u_a,v_real,v_ref,u_delta,delta_d,px,py,theta1,cte,cte_real,epsi,vx,vy,kappa,beta,steer
0.2000,0.0001,0.0201,0.0084,0.0043,59.7585,-61.5205,0.0000,0.1172,0.1172,-0.0220,0.0000,0.0000,0.0026,0.0010,0.0000
0.2000,0.0001,0.0401,0.0165,0.0043,59.7585,-61.5228,0.0000,0.1196,0.1196,-0.0215,0.0000,0.0000,0.0026,0.0010,0.0000
0.1999,0.0001,0.0601,0.0149,0.0043,59.7592,-61.5241,0.0000,0.1209,0.1209,-0.0222,0.0000,0.0000,0.0026,0.0010,0.0000
0.1999,0.0001,0.0801,0.0074,0.0043,59.7584,-61.5205,0.0000,0.1173,0.1173,-0.0218,0.0000,0.0000,0.0026,0.0010,0.0000
0.1998,0.0001,0.1001,-0.0009,0.0043,59.7594,-61.5202,0.0000,0.1170,0.1170,-0.0212,0.0000,0.0000,0.0026,0.0010,0.0000
0.1998,0.0001,0.1201,-0.0093,0.0043,59.7584,-61.5206,0.0000,0.1174,0.1174,-0.0212,0.0000,0.0000,0.0026,0.0010,0.0000
0.2000,0.0001,0.1401,-0.0177,0.0043,59.7528,-61.5200,0.0000,0.1164,0.1164,-0.0208,0.0000,0.0000,0.0026,0.0010,0.0000
0.2000,0.0001,0.1601,-0.0261,0.0043,59.7578,-61.5218,0.0000,0.1185,0.1185,-0.0216,0.0000,0.0000,0.0026,0.0010,0.0000
0.1998,0.0554,0.1801,-0.0321,0.0072,59.7511,-61.5198,0.0000,0.1157,0.1157,-0.0123,0.0000,0.0000,0.0043,0.0017,0.0000
0.2000,0.0519,0.2001,-0.0405,0.0072,59.7507,-61.5183,0.0000,0.1142,0.1142,-0.0126,0.0000,0.0000,0.0043,0.0017,0.0000
0.2000,0.0690,0.2201,-0.0489,0.0072,59.7503,-61.5180,0.0000,0.1138,0.1138,-0.0131,0.0000,0.0000,0.0043,0.0017,0.0000
0.2000,0.0001,0.2401,-0.0573,0.0043,59.7523,-61.5191,0.0000,0.1154,0.1154,-0.0221,0.0000,0.0000,0.0026,0.0010,0.0000
0.2000,0.0001,0.2601,-0.0632,0.0043,59.7540,-61.5163,0.0000,0.1128,0.1128,-0.0227,0.0000,0.0000,0.0026,0.0010,0.0000
0.2000,0.0001,0.2801,-0.0688,0.0072,59.7456,-61.5206,0.0000,0.1166,0.1166,-0.0138,0.0000,0.0000,0.0043,0.0017,0.0000
0.2000,0.0001,0.3001,-0.0752,0.0072,59.7422,-61.5180,0.0000,0.1138,0.1138,-0.0144,0.0000,0.0000,0.0043,0.0017,0.0000
0.1999,0.0936,0.3201,-0.0835,0.0072,59.7362,-61.5218,0.0000,0.1165,0.1165,-0.0149,0.0000,0.0000,0.0043,0.0017,0.0000
0.1999,0.0001,0.3401,-0.0914,0.0072,59.7298,-61.5228,0.0000,0.1178,0.1178,-0.0156,0.0000,0.0000,0.0043,0.0017,0.0000
0.2000,0.0700,0.3601,-0.0998,0.0072,59.7262,-61.5258,0.0000,0.1201,0.1201,-0.0162,0.0000,0.0000,0.0043,0.0017,0.0000
0.2000,0.0638,0.3801,-0.1074,0.0072,59.7063,-61.5223,0.0000,0.1154,0.1154,-0.0175,0.0000,0.0000,0.0043,0.0017,0.0000
0.2000,0.0001,0.4001,-0.1104,0.0072,59.6813,-61.5222,0.0000,0.1145,0.1145,-0.0194,0.0000,0.0000,0.0043,0.0017,0.0000
0.2000,0.2023,0.4201,-0.1098,0.0072,59.6539,-61.5223,0.0000,0.1109,0.1109,-0.0216,0.0000,0.0000,0.0043,0.0017,0.0000
0.1999,0.2479,0.4401,-0.1039,0.0072,59.6222,-61.5250,0.0000,0.1108,0.1108,-0.0252,0.0000,0.0000,0.0043,0.0017,0.0000
0.1999,0.2725,0.4601,-0.0955,0.0072,59.5834,-61.5256,0.0000,0.1085,0.1085,-0.0281,0.0000,0.0000,0.0043,0.0017,0.0000
0.1999,0.3144,0.4801,-0.0872,0.0072,59.5361,-61.5267,0.0000,0.1057,0.1057,-0.0316,0.0000,0.0000,0.0043,0.0017,0.0000
0.1998,0.3855,0.5001,-0.0795,0.0072,59.4906,-61.5262,0.0000,0.1011,0.1011,-0.0339,0.0000,0.0000,0.0043,0.0017,0.0000
0.2000,0.4696,0.5201,-0.0725,0.0072,59.4544,-61.5262,0.0000,0.0970,0.0970,-0.0364,0.0000,0.0000,0.0043,0.0017,0.0000
0.2000,0.4514,0.5401,-0.0652,0.0072,59.4059,-61.5272,0.0000,0.0948,0.0948,-0.0403,0.0000,0.0000,0.0043,0.0017,0.0000
0.1999,0.3594,0.5601,-0.0580,0.0072,59.3570,-61.5256,0.0000,0.0915,0.0915,-0.0438,0.0000,0.0000,0.0043,0.0017,0.0000
0.2000,0.4812,0.5801,-0.0496,0.0177,59.3161,-61.5223,0.0000,0.0827,0.0827,-0.0532,0.0000,0.0000,0.0107,0.0043,0.0000
0.2000,0.4868,0.6001,-0.0412,0.0177,59.2700,-61.5232,0.0000,0.0796,0.0796,-0.0566,0.0000,0.0000,0.0107,0.0043,0.0000
0.1999,0.4077,0.6201,-0.0328,0.0177,59.1979,-61.5233,0.0000,0.0764,0.0764,-0.0610,0.0000,0.0000,0.0107,0.0043,0.0000
0.1999,0.4569,0.6401,-0.0244,0.0177,59.1556,-61.5192,0.0000,0.0676,0.0676,-0.0632,0.0000,0.0000,0.0107,0.0043,0.0000
0.1366,0.7155,0.6601,-0.0160,0.0177,59.1058,-61.5154,0.0000,0.0513,0.0513,-0.0663,0.0000,0.0000,0.0107,0.0043,0.0000
0.1999,0.4224,0.6801,-0.0076,0.0177,59.0483,-61.5132,0.0000,0.0546,0.0546,-0.0686,0.0000,0.0000,0.0107,0.0043,0.0000
0.1999,0.4967,0.7001,0.0008,0.0177,58.9878,-61.5104,0.0000,0.0448,0.0448,-0.0707,0.0000,0.0000,0.0107,0.0043,0.0000
0.2000,0.5716,0.7201,0.0092,0.0177,58.9095,-61.5114,0.0000,0.0378,0.0378,-0.0719,0.0000,0.0000,0.0107,0.0043,0.0000
0.2000,0.6002,0.7401,0.0176,0.0177,58.8414,-61.5103,0.0000,0.0308,0.0308,-0.0735,0.0000,0.0000,0.0107,0.0043,0.0000
0.1824,0.7762,0.7601,0.0208,0.0125,58.7769,-61.5069,0.0000,0.0152,0.0152,-0.0898,0.0000,0.0000,0.0075,0.0030,0.0000
0.2000,0.6756,0.7801,0.0292,0.0125,58.7037,-61.5118,0.0000,0.0190,0.0190,-0.0892,0.0000,0.0000,0.0075,0.0030,0.0000
0.1999,0.6406,0.8001,0.0376,0.0125,58.6223,-61.5139,0.0000,0.0163,0.0163,-0.0886,0.0000,0.0000,0.0075,0.0030,0.0000
0.1999,0.7272,0.8201,0.0456,0.0125,58.5406,-61.5142,0.0000,0.0064,0.0064,-0.0880,0.0000,0.0000,0.0075,0.0030,0.0000
0.2000,0.8074,0.8401,0.0539,0.0125,58.4543,-61.5205,0.0000,0.0029,0.0029,-0.0862,0.0000,0.0000,0.0075,0.0030,0.0000
0.2000,0.8101,0.8601,0.0623,0.0125,58.3693,-61.5220,0.0000,-0.0017,-0.0017,-0.0843,0.0000,0.0000,0.0075,0.0030,0.0000
0.2000,0.8591,0.8801,0.0707,0.0125,58.2823,-61.5260,0.0000,-0.0055,-0.0055,-0.0814,0.0000,0.0000,0.0075,0.0030,0.0000
0.1999,0.8429,0.9001,0.0691,0.0023,58.2058,-61.5254,0.0000,-0.0097,-0.0097,-0.0596,0.0000,0.0000,0.0014,0.0005,0.0000
0.2000,0.8644,0.9201,0.0775,0.0023,58.1264,-61.5294,0.0000,-0.0097,-0.0097,-0.0562,0.0000,0.0000,0.0014,0.0005,0.0000
0.1999,0.7586,0.9401,0.0859,0.0023,58.0483,-61.5303,0.0000,-0.0092,-0.0092,-0.0525,0.0000,0.0000,0.0014,0.0005,0.0000
0.1999,0.7884,0.9601,0.0943,0.0023,57.9696,-61.5405,0.0000,-0.0033,-0.0033,-0.0491,0.0000,0.0000,0.0014,0.0005,0.0000
0.1999,0.7756,0.9801,0.1026,0.0023,57.8873,-61.5426,0.0000,-0.0044,-0.0044,-0.0451,0.0000,0.0000,0.0014,0.0005,0.0000
0.1999,0.7883,1.0001,0.1066,0.0023,57.8014,-61.5485,0.0000,-0.0024,-0.0024,-0.0410,0.0000,0.0000,0.0014,0.0005,0.0000
0.1999,0.8169,1.0201,0.1048,0.0023,57.7116,-61.5534,0.0000,-0.0015,-0.0015,-0.0357,0.0000,0.0000,0.0014,0.0005,0.0000
0.1999,0.8544,1.0401,0.0964,0.0023,57.6240,-61.5616,0.0000,0.0033,0.0033,-0.0294,0.0000,0.0000,0.0014,0.0005,0.0000
0.1999,0.8928,1.0601,0.0921,0.0064,57.5197,-61.5743,0.0000,0.0123,0.0123,-0.0213,0.0000,0.0000,0.0039,0.0015,0.0000
0.1999,0.8750,1.0801,0.0838,0.0064,57.4276,-61.5835,0.0000,0.0188,0.0188,-0.0150,0.0000,0.0000,0.0039,0.0015,0.0000
0.2000,1.0456,1.1001,0.0754,0.0064,57.3324,-61.5877,0.0000,0.0192,0.0192,-0.0089,0.0000,0.0000,0.0039,0.0015,0.0000
0.1999,0.9197,1.1201,0.0670,0.0064,57.2365,-61.5968,0.0000,0.0260,0.0260,-0.0025,0.0000,0.0000,0.0039,0.0015,0.0000
0.1999,0.9453,1.1401,0.0586,0.0064,57.1245,-61.6163,0.0000,0.0411,0.0411,0.0024,0.0000,0.0000,0.0039,0.0015,0.0000
0.1999,0.9565,1.1601,0.0502,0.0064,57.0283,-61.6269,0.0000,0.0485,0.0485,0.0080,0.0000,0.0000,0.0039,0.0015,0.0000
0.2000,1.1302,1.1801,0.0418,0.0041,56.9302,-61.6421,0.0000,0.0608,0.0608,0.0048,0.0000,0.0000,0.0025,0.0010,0.0000
0.1999,0.9609,1.2001,0.0336,0.0041,56.8295,-61.6521,0.0000,0.0655,0.0655,0.0091,0.0000,0.0000,0.0025,0.0010,0.0000
0.1999,0.9870,1.2201,0.0253,0.0041,56.7282,-61.6589,0.0000,0.0674,0.0674,0.0129,0.0000,0.0000,0.0025,0.0010,0.0000
0.1999,1.0041,1.2401,0.0169,0.0041,56.6093,-61.6665,0.0000,0.0677,0.0677,0.0143,0.0000,0.0000,0.0025,0.0010,0.0000
0.1999,1.0065,1.2601,0.0086,0.0041,56.4798,-61.6811,0.0000,0.0740,0.0740,0.0156,0.0000,0.0000,0.0025,0.0010,0.0000
0.1998,1.1798,1.2801,0.0006,0.0041,56.3757,-61.6978,0.0000,0.0874,0.0874,0.0198,0.0000,0.0000,0.0025,0.0010,0.0000
0.2000,1.2926,1.3001,-0.0018,0.0100,56.2484,-61.7134,0.0000,0.0930,0.0930,0.0044,0.0000,0.0000,0.0061,0.0024,0.0000
0.2000,1.0479,1.3201,-0.0102,0.0100,56.1362,-61.7264,0.0000,0.0978,0.0978,0.0075,0.0000,0.0000,0.0061,0.0024,0.0000
0.2000,1.2709,1.3401,-0.0186,0.0100,56.0289,-61.7363,0.0000,0.0994,0.0994,0.0072,0.0000,0.0000,0.0061,0.0024,0.0000
0.2000,1.1208,1.3601,-0.0270,0.0100,55.8968,-61.7409,0.0000,0.0908,0.0908,0.0039,0.0000,0.0000,0.0061,0.0024,0.0000
0.2000,1.0680,1.3801,-0.0354,0.0100,55.7734,-61.7572,0.0000,0.0963,0.0963,0.0030,0.0000,0.0000,0.0061,0.0024,0.0000
0.2000,1.3110,1.4001,-0.0438,0.0100,55.6658,-61.7731,0.0000,0.1035,0.1035,0.0027,0.0000,0.0000,0.0061,0.0024,0.0000
0.2000,1.2343,1.4201,-0.0438,0.0016,55.5221,-61.7891,0.0000,0.1008,0.1008,-0.0287,0.0000,0.0000,0.0010,0.0004,0.0000
0.2000,1.0776,1.4401,-0.0354,0.0016,55.3939,-61.7984,0.0000,0.0967,0.0967,-0.0325,0.0000,0.0000,0.0010,0.0004,0.0000
0.2000,1.4332,1.4601,-0.0270,0.0021,55.2651,-61.8067,0.0000,0.0818,0.0818,-0.0380,0.0000,0.0000,0.0013,0.0005,0.0000
0.1999,1.2749,1.4801,-0.0186,0.0021,55.1303,-61.8110,0.0000,0.0700,0.0700,-0.0456,0.0000,0.0000,0.0013,0.0005,0.0000
0.2000,1.2803,1.5001,-0.0102,0.0021,55.0124,-61.8192,0.0000,0.0646,0.0646,-0.0473,0.0000,0.0000,0.0013,0.0005,0.0000
0.1999,1.3386,1.5201,-0.0018,0.0204,54.8739,-61.8210,0.0000,0.0482,0.0482,-0.0218,0.0000,0.0000,0.0123,0.0049,0.0000
0.2000,1.1716,1.5401,0.0066,0.0204,54.7445,-61.8224,0.0000,0.0411,0.0411,-0.0231,0.0000,0.0000,0.0123,0.0049,0.0000
0.2000,1.3739,1.5601,0.0150,0.0204,54.6001,-61.8294,0.0000,0.0328,0.0328,-0.0265,0.0000,0.0000,0.0123,0.0049,0.0000
0.2000,1.2834,1.5801,0.0185,0.0155,54.4620,-61.8391,0.0000,0.0336,0.0336,-0.0263,0.0000,0.0000,0.0094,0.0037,0.0000
0.1999,1.4332,1.6001,0.0269,0.0155,54.3222,-61.8499,0.0000,0.0330,0.0330,-0.0250,0.0000,0.0000,0.0094,0.0037,0.0000
0.2000,1.3725,1.6201,0.0326,0.0155,54.1720,-61.8566,0.0000,0.0291,0.0291,-0.0254,0.0000,0.0000,0.0094,0.0037,0.0000
0.2000,1.3907,1.6401,0.0370,0.0117,54.0195,-61.8656,0.0000,0.0269,0.0269,-0.0305,0.0000,0.0000,0.0071,0.0028,0.0000
0.1999,1.4905,1.6601,0.0375,0.0117,53.8728,-61.8695,0.0000,0.0206,0.0206,-0.0262,0.0000,0.0000,0.0071,0.0028,0.0000
0.1999,1.5145,1.6801,0.0458,0.0217,53.7128,-61.8834,0.0000,0.0224,0.0224,-0.0247,0.0000,0.0000,0.0130,0.0052,0.0000
0.1999,1.4548,1.7001,0.0400,0.0217,53.5522,-61.8967,0.0000,0.0266,0.0266,-0.0203,0.0000,0.0000,0.0130,0.0052,0.0000
0.2000,1.5930,1.7201,0.0377,0.0109,53.3884,-61.9150,0.0000,0.0307,0.0307,-0.0366,0.0000,0.0000,0.0066,0.0026,0.0000
0.2000,1.5980,1.7401,0.0379,0.0109,53.2091,-61.9269,0.0000,0.0295,0.0295,-0.0303,0.0000,0.0000,0.0066,0.0026,0.0000
0.2000,1.6347,1.7601,0.0295,-0.0039,53.0638,-61.9403,0.0000,0.0317,0.0317,-0.0253,0.0000,0.0000,-0.0024,-0.0009,0.0000
0.1985,1.7820,1.7801,0.0211,-0.0039,52.8968,-61.9606,0.0000,0.0360,0.0360,-0.0222,0.0000,0.0000,-0.0024,-0.0009,0.0000
0.1999,1.4474,1.8001,0.0127,-0.0039,52.7275,-61.9753,0.0000,0.0404,0.0404,-0.0180,0.0000,0.0000,-0.0024,-0.0009,0.0000
0.2000,1.6686,1.8201,0.0082,-0.0085,52.5734,-61.9947,0.0000,0.0431,0.0431,-0.0275,0.0000,0.0000,-0.0051,-0.0021,0.0000
0.2000,1.6852,1.8401,0.0048,-0.0085,52.4058,-62.0208,0.0000,0.0516,0.0516,-0.0251,0.0000,0.0000,-0.0051,-0.0021,0.0000
0.2000,1.5408,1.8601,0.0055,-0.0085,52.2388,-62.0272,0.0000,0.0409,0.0409,-0.0249,0.0000,0.0000,-0.0051,-0.0021,0.0000
0.2000,1.6821,1.8801,0.0036,-0.0085,52.0904,-62.0421,0.0000,0.0398,0.0398,-0.0214,0.0000,0.0000,-0.0051,-0.0021,0.0000
0.2000,1.6575,1.9001,0.0120,-0.0046,51.9117,-62.0525,0.0000,0.0277,0.0277,-0.0255,0.0000,0.0000,-0.0028,-0.0011,0.0000
0.2000,1.4788,1.9201,0.0108,-0.0046,51.7548,-62.0692,0.0000,0.0307,0.0307,-0.0224,0.0000,0.0000,-0.0028,-0.0011,0.0000
0.2000,1.7747,1.9401,0.0129,-0.0046,51.5746,-62.0918,0.0000,0.0268,0.0268,-0.0247,0.0000,0.0000,-0.0028,-0.0011,0.0000
0.2000,1.8002,1.9601,0.0113,-0.0046,51.3853,-62.1149,0.0000,0.0298,0.0298,-0.0221,0.0000,0.0000,-0.0028,-0.0011,0.0000
0.2000,1.8002,1.9801,0.0064,-0.0089,51.1902,-62.1434,0.0000,0.0359,0.0359,-0.0241,0.0000,0.0000,-0.0054,-0.0021,0.0000
0.2000,1.8002,2.0000,0.0069,-0.0089,50.9931,-62.1599,0.0000,0.0293,0.0293,-0.0234,0.0000,0.0000,-0.0054,-0.0021,0.0000
0.0855,1.9548,2.0000,0.0077,-0.0089,50.7903,-62.1846,0.0000,0.0289,0.0289,-0.0224,0.0000,0.0000,-0.0054,-0.0021,0.0000
0.0628,1.9617,2.0000,0.0062,-0.0020,50.5986,-62.2046,0.0000,0.0286,0.0286,-0.0062,0.0000,0.0000,-0.0012,-0.0005,0.0000
-0.0073,2.0250,2.0000,-0.0021,-0.0020,50.4114,-62.2286,0.0000,0.0353,0.0353,-0.0036,0.0000,0.0000,-0.0012,-0.0005,0.0000
0.1676,1.9112,2.0000,-0.0105,-0.0020,50.1970,-62.2475,0.0000,0.0303,0.0303,-0.0054,0.0000,0.0000,-0.0012,-0.0005,0.0000
0.2001,1.8713,2.0000,-0.0188,-0.0020,50.0131,-62.2716,0.0000,0.0397,0.0397,-0.0006,0.0000,0.0000,-0.0012,-0.0005,0.0000
0.2000,1.8399,2.0000,-0.0272,-0.0200,49.8189,-62.2935,0.0000,0.0367,0.0367,-0.0225,0.0000,0.0000,-0.0120,-0.0048,0.0000
0.2000,1.8399,2.0000,-0.0188,-0.0200,49.6224,-62.3124,0.0000,0.0277,0.0277,-0.0265,0.0000,0.0000,-0.0120,-0.0048,0.0000
0.2000,1.8399,2.0000,-0.0104,-0.0200,49.4213,-62.3339,0.0000,0.0208,0.0208,-0.0305,0.0000,0.0000,-0.0120,-0.0048,0.0000
0.1209,1.9378,2.0000,-0.0021,-0.0200,49.2161,-62.3534,0.0000,0.0086,0.0086,-0.0356,0.0000,0.0000,-0.0120,-0.0048,0.0000
-0.0264,2.0434,2.0000,0.0063,-0.0078,49.0044,-62.3704,0.0000,-0.0021,-0.0021,-0.0138,0.0000,0.0000,-0.0047,-0.0019,0.0000
-0.0746,2.0434,2.0000,0.0147,-0.0058,48.7941,-62.3840,0.0000,-0.0107,-0.0107,-0.0160,0.0000,0.0000,-0.0035,-0.0014,0.0000
-0.2000,2.1066,2.0000,0.0230,-0.0058,48.5861,-62.3995,0.0000,-0.0157,-0.0157,-0.0163,0.0000,0.0000,-0.0035,-0.0014,0.0000
-0.1468,2.0895,2.0000,0.0269,-0.0102,48.3797,-62.4191,0.0000,-0.0172,-0.0172,-0.0312,0.0000,0.0000,-0.0062,-0.0025,0.0000
-0.1475,2.0674,2.0000,0.0353,-0.0102,48.1656,-62.4429,0.0000,-0.0140,-0.0140,-0.0289,0.0000,0.0000,-0.0062,-0.0025,0.0000
-0.1505,2.0552,2.0000,0.0436,-0.0102,47.9296,-62.4615,0.0000,-0.0184,-0.0184,-0.0265,0.0000,0.0000,-0.0062,-0.0025,0.0000
-0.1933,2.1357,2.0000,0.0421,-0.0102,47.7187,-62.4808,0.0000,-0.0172,-0.0172,-0.0207,0.0000,0.0000,-0.0062,-0.0025,0.0000
-0.2000,2.3478,2.0000,0.0458,0.0019,47.5065,-62.5025,0.0000,-0.0116,-0.0116,-0.0027,0.0000,0.0000,0.0011,0.0005,0.0000
-0.1499,2.1003,2.0000,0.0374,0.0019,47.2826,-62.5288,0.0000,0.0004,0.0004,0.0038,0.0000,0.0000,0.0011,0.0005,0.0000
-0.1509,2.1150,2.0000,0.0290,0.0019,47.0684,-62.5527,0.0000,0.0115,0.0115,0.0110,0.0000,0.0000,0.0011,0.0005,0.0000
-0.2000,2.2356,2.0000,0.0206,-0.0002,46.8400,-62.5909,0.0000,0.0329,0.0329,0.0089,0.0000,0.0000,-0.0001,-0.0000,0.0000
-0.1881,2.1368,2.0000,0.0122,-0.0002,46.6212,-62.6131,0.0000,0.0394,0.0394,0.0155,0.0000,0.0000,-0.0001,-0.0000,0.0000
-0.2000,2.2987,2.0000,0.0038,-0.0178,46.4126,-62.6449,0.0000,0.0580,0.0580,0.0215,0.0000,0.0000,-0.0107,-0.0043,0.0000
-0.2000,2.1800,2.0000,-0.0045,-0.0178,46.1949,-62.6759,0.0000,0.0669,0.0669,0.0228,0.0000,0.0000,-0.0107,-0.0043,0.0000
-0.1435,2.0925,2.0000,-0.0049,-0.0098,45.9895,-62.7080,0.0000,0.0817,0.0817,0.0433,0.0000,0.0000,-0.0059,-0.0024,0.0000
-0.2004,2.1804,2.0000,-0.0133,-0.0098,45.7741,-62.7372,0.0000,0.0904,0.0904,0.0398,0.0000,0.0000,-0.0059,-0.0024,0.0000
-0.1193,2.0614,2.0000,-0.0119,0.0000,45.5538,-62.7668,0.0000,0.0962,0.0962,0.0373,0.0000,0.0000,0.0000,0.0000,0.0000
-0.1858,2.1557,2.0000,-0.0203,0.0000,45.3411,-62.7871,0.0000,0.0995,0.0995,0.0368,0.0000,0.0000,0.0000,0.0000,0.0000
-0.2000,2.2034,2.0000,-0.0260,0.0027,45.1259,-62.8170,0.0000,0.1082,0.1082,0.0408,0.0000,0.0000,0.0016,0.0006,0.0000
-0.1716,2.1189,2.0000,-0.0344,0.0027,44.8968,-62.8401,0.0000,0.1076,0.1076,0.0369,0.0000,0.0000,0.0016,0.0006,0.0000
-0.2000,2.1532,2.0000,-0.0428,0.0027,44.6979,-62.8765,0.0000,0.1301,0.1301,0.0378,0.0000,0.0000,0.0016,0.0006,0.0000
-0.2000,2.2830,2.0000,-0.0408,0.0130,44.4899,-62.8965,0.0000,0.1243,0.1243,0.0216,0.0000,0.0000,0.0079,0.0031,0.0000
-0.0594,2.0050,2.0000,-0.0492,0.0130,44.2803,-62.9148,0.0000,0.1150,0.1150,0.0146,0.0000,0.0000,0.0079,0.0031,0.0000
-0.1027,2.0730,2.0000,-0.0576,0.0130,44.0630,-62.9287,0.0000,0.1018,0.1018,0.0055,0.0000,0.0000,0.0079,0.0031,0.0000
-0.1034,2.0864,2.0000,-0.0492,0.0130,43.8324,-62.9463,0.0000,0.0916,0.0916,-0.0028,0.0000,0.0000,0.0079,0.0031,0.0000
-0.1754,2.1610,2.0000,-0.0576,-0.0117,43.6276,-62.9651,0.0000,0.0842,0.0842,-0.0269,0.0000,0.0000,-0.0070,-0.0028,0.0000
-0.2000,2.2940,2.0000,-0.0492,-0.0117,43.4049,-62.9641,0.0000,0.0412,0.0412,-0.0426,0.0000,0.0000,-0.0070,-0.0028,0.0000
-0.0914,2.0388,2.0000,-0.0408,-0.0117,43.1940,-62.9805,0.0000,0.0361,0.0361,-0.0483,0.0000,0.0000,-0.0070,-0.0028,0.0000
-0.2001,2.2146,2.0000,-0.0324,-0.0117,42.9652,-62.9836,0.0000,-0.0080,-0.0080,-0.0665,0.0000,0.0000,-0.0070,-0.0028,0.0000
-0.1464,2.0964,2.0000,-0.0240,0.0063,42.7643,-62.9867,0.0000,-0.0249,-0.0249,-0.0395,0.0000,0.0000,0.0038,0.0015,0.0000
-0.2000,2.2727,2.0000,-0.0157,0.0063,42.5529,-62.9764,0.0000,-0.0637,-0.0637,-0.0491,0.0000,0.0000,0.0038,0.0015,0.0000
-0.0450,1.9929,2.0000,-0.0074,0.0063,42.3434,-62.9701,0.0000,-0.0808,-0.0808,-0.0530,0.0000,0.0000,0.0038,0.0015,0.0000
-0.1063,2.1014,2.0000,0.0010,0.0063,42.1335,-62.9779,0.0000,-0.0969,-0.0969,-0.0598,0.0000,0.0000,0.0038,0.0015,0.0000
-0.0988,2.0795,2.0000,-0.0004,-0.0035,41.9137,-62.9731,0.0000,-0.1221,-0.1221,-0.0823,0.0000,0.0000,-0.0021,-0.0008,0.0000
-0.1016,2.0820,2.0000,0.0080,-0.0035,41.7049,-62.9801,0.0000,-0.1334,-0.1334,-0.0827,0.0000,0.0000,-0.0021,-0.0008,0.0000
-0.1963,2.1802,2.0000,0.0164,0.0491,41.4925,-62.9703,0.0000,-0.1667,-0.1667,-0.0840,0.0000,0.0000,0.0296,0.0118,0.0000
-0.1246,2.0715,2.0000,0.0248,0.0491,41.2781,-62.9667,0.0000,-0.1854,-0.1854,-0.0853,0.0000,0.0000,0.0296,0.0118,0.0000
-0.1249,2.1077,2.0000,0.0211,0.0368,41.0668,-62.9539,0.0000,-0.2204,-0.2204,-0.1072,0.0000,0.0000,0.0222,0.0089,0.0000
-0.1440,2.1260,2.0000,0.0294,0.0368,40.8490,-62.9570,0.0000,-0.2392,-0.2392,-0.1046,0.0000,0.0000,0.0222,0.0089,0.0000
-0.1298,2.0983,2.0000,0.0378,0.0368,40.6482,-62.9614,0.0000,-0.2521,-0.2521,-0.1017,0.0000,0.0000,0.0222,0.0089,0.0000
-0.1846,2.1598,2.0000,0.0294,-0.0321,40.4461,-62.9785,0.0000,-0.2541,-0.2541,-0.0681,0.0000,0.0000,-0.0194,-0.0077,0.0000
-0.0397,1.9919,2.0000,0.0377,-0.0321,40.2485,-62.9935,0.0000,-0.2446,-0.2446,-0.0638,0.0000,0.0000,-0.0194,-0.0077,0.0000
-0.0245,2.0121,2.0000,0.0461,-0.0321,40.0464,-62.9962,0.0000,-0.2537,-0.2537,-0.0592,0.0000,0.0000,-0.0194,-0.0077,0.0000
0.0246,1.9665,2.0000,0.0545,-0.0321,39.8447,-63.0096,0.0000,-0.2495,-0.2495,-0.0536,0.0000,0.0000,-0.0194,-0.0077,0.0000
0.0037,2.0038,2.0000,0.0626,-0.0324,39.6490,-63.0246,0.0000,-0.2456,-0.2456,-0.0489,0.0000,0.0000,-0.0195,-0.0078,0.0000
-0.0023,2.0051,2.0000,0.0710,-0.0324,39.4526,-63.0308,0.0000,-0.2487,-0.2487,-0.0427,0.0000,0.0000,-0.0195,-0.0078,0.0000
0.0462,1.9473,2.0000,0.0794,0.0235,39.2583,-63.0431,0.0000,-0.2429,-0.2429,-0.0349,0.0000,0.0000,0.0142,0.0057,0.0000
0.0630,1.9487,2.0000,0.0878,0.0235,39.0634,-63.0578,0.0000,-0.2362,-0.2362,-0.0272,0.0000,0.0000,0.0142,0.0057,0.0000
0.0789,1.9313,2.0000,0.0962,0.0235,38.8731,-63.0824,0.0000,-0.2174,-0.2174,-0.0178,0.0000,0.0000,0.0142,0.0057,0.0000
0.0826,1.9393,2.0000,0.0878,-0.0291,38.6812,-63.1006,0.0000,-0.2159,-0.2159,-0.0685,0.0000,0.0000,-0.0175,-0.0070,0.0000
0.1036,1.9065,2.0000,0.0844,-0.0318,38.4901,-63.1163,0.0000,-0.2156,-0.2156,-0.0579,0.0000,0.0000,-0.0192,-0.0077,0.0000
0.1061,1.9121,2.0000,0.0779,-0.0330,38.3023,-63.1350,0.0000,-0.2116,-0.2116,-0.0457,0.0000,0.0000,-0.0199,-0.0079,0.0000
0.1130,1.9029,2.0000,0.0863,0.0534,38.1226,-63.1748,0.0000,-0.1797,-0.1797,0.0522,0.0000,0.0000,0.0322,0.0129,0.0000
0.1477,1.8729,2.0000,0.0816,0.0571,37.9326,-63.2137,0.0000,-0.1417,-0.1417,0.0630,0.0000,0.0000,0.0344,0.0138,0.0000
0.1931,1.8319,2.0000,0.0774,0.0612,37.7370,-63.2505,0.0000,-0.1080,-0.1080,0.0723,0.0000,0.0000,0.0369,0.0148,0.0000
0.1995,1.9291,2.0000,0.0690,0.0053,37.5583,-63.2757,0.0000,-0.0826,-0.0826,0.0173,0.0000,0.0000,0.0032,0.0013,0.0000
0.0781,1.9766,2.0000,0.0606,0.0053,37.3649,-63.3081,0.0000,-0.0633,-0.0633,0.0268,0.0000,0.0000,0.0032,0.0013,0.0000
0.2000,1.7903,2.0000,0.0522,0.0053,37.1395,-63.3396,0.0000,-0.0558,-0.0558,0.0327,0.0000,0.0000,0.0032,0.0013,0.0000
0.1095,1.9455,2.0000,0.0438,-0.0351,36.9630,-63.3851,0.0000,-0.0186,-0.0186,0.0432,0.0000,0.0000,-0.0212,-0.0085,0.0000
-0.0905,2.2569,2.0000,0.0381,-0.0324,36.7913,-63.4244,0.0000,0.0193,0.0193,0.0615,0.0000,0.0000,-0.0195,-0.0078,0.0000
0.1095,1.8130,2.0000,0.0297,-0.0324,36.5770,-63.4595,0.0000,0.0197,0.0197,0.0643,0.0000,0.0000,-0.0195,-0.0078,0.0000
0.2000,1.7491,2.0000,0.0213,-0.0324,36.3961,-63.5100,0.0000,0.0564,0.0564,0.0736,0.0000,0.0000,-0.0195,-0.0078,0.0000
0.0001,2.1533,2.0000,0.0129,-0.0324,36.1973,-63.5476,0.0000,0.0884,0.0884,0.0750,0.0000,0.0000,-0.0195,-0.0078,0.0000
0.1252,1.8662,2.0000,0.0056,-0.0313,36.0034,-63.5869,0.0000,0.0988,0.0988,0.0825,0.0000,0.0000,-0.0188,-0.0075,0.0000
0.0262,2.0062,2.0000,-0.0028,-0.0313,35.8014,-63.6267,0.0000,0.1259,0.1259,0.0853,0.0000,0.0000,-0.0188,-0.0075,0.0000
0.0369,1.9614,2.0000,-0.0112,-0.0313,35.6126,-63.6639,0.0000,0.1447,0.1447,0.0888,0.0000,0.0000,-0.0188,-0.0075,0.0000
-0.0257,2.0415,2.0000,-0.0194,-0.0313,35.4104,-63.7036,0.0000,0.1676,0.1676,0.0899,0.0000,0.0000,-0.0188,-0.0075,0.0000
0.0772,1.9083,2.0000,-0.0110,-0.0043,35.2208,-63.7427,0.0000,0.1813,0.1813,0.0859,0.0000,0.0000,-0.0026,-0.0010,0.0000
-0.0224,2.0431,2.0000,-0.0194,-0.0043,35.0119,-63.7900,0.0000,0.2077,0.2077,0.0825,0.0000,0.0000,-0.0026,-0.0010,0.0000
0.0688,1.9192,2.0000,-0.0278,-0.0043,34.8085,-63.8302,0.0000,0.2167,0.2167,0.0787,0.0000,0.0000,-0.0026,-0.0010,0.0000
-0.1137,2.1233,2.0000,-0.0362,-0.0080,34.6037,-63.8576,0.0000,0.2257,0.2257,0.0624,0.0000,0.0000,-0.0048,-0.0019,0.0000
-0.0879,2.0551,2.0000,-0.0446,-0.0080,34.4138,-63.8938,0.0000,0.2325,0.2325,0.0588,0.0000,0.0000,-0.0048,-0.0019,0.0000
-0.0743,2.0487,2.0000,-0.0530,-0.0080,34.2010,-63.9257,0.0000,0.2303,0.2303,0.0515,0.0000,0.0000,-0.0048,-0.0019,0.0000
0.0771,1.9169,2.0000,-0.0613,-0.0080,34.0118,-63.9768,0.0000,0.2500,0.2500,0.0471,0.0000,0.0000,-0.0048,-0.0019,0.0000
-0.1231,2.1351,2.0000,-0.0697,-0.0212,33.7983,-64.0159,0.0000,0.2550,0.2550,0.0228,0.0000,0.0000,-0.0128,-0.0051,0.0000
0.0327,1.9412,2.0000,-0.0781,-0.0212,33.5953,-64.0487,0.0000,0.2481,0.2481,0.0131,0.0000,0.0000,-0.0128,-0.0051,0.0000
-0.1408,2.1501,2.0000,-0.0865,-0.0364,33.3826,-64.0714,0.0000,0.2305,0.2305,0.0017,0.0000,0.0000,-0.0220,-0.0088,0.0000
-0.0812,2.0402,2.0000,-0.0949,-0.0364,33.1772,-64.0959,0.0000,0.2150,0.2150,-0.0097,0.0000,0.0000,-0.0220,-0.0088,0.0000
-0.1406,2.1236,2.0000,-0.0865,0.0040,32.9709,-64.1116,0.0000,0.1961,0.1961,0.0271,0.0000,0.0000,0.0024,0.0010,0.0000
-0.0889,2.0520,2.0000,-0.0816,0.0131,32.7773,-64.1268,0.0000,0.1808,0.1808,0.0148,0.0000,0.0000,0.0079,0.0032,0.0000
-0.0760,2.0554,2.0000,-0.0732,0.0131,32.5831,-64.1363,0.0000,0.1590,0.1590,0.0008,0.0000,0.0000,0.0079,0.0032,0.0000
0.0469,1.9282,2.0000,-0.0648,0.0131,32.3852,-64.1377,0.0000,0.1301,0.1301,-0.0128,0.0000,0.0000,0.0079,0.0032,0.0000
0.0703,1.9321,2.0000,-0.0732,-0.0203,32.1734,-64.1342,0.0000,0.0900,0.0900,-0.0718,0.0000,0.0000,-0.0122,-0.0049,0.0000
0.0526,1.9683,2.0000,-0.0648,-0.0203,31.9769,-64.1414,0.0000,0.0575,0.0575,-0.0846,0.0000,0.0000,-0.0122,-0.0049,0.0000
-0.0863,2.1074,2.0000,-0.0564,-0.0180,31.7671,-64.1431,0.0000,0.0152,0.0152,-0.0946,0.0000,0.0000,-0.0108,-0.0043,0.0000
0.0174,1.9512,2.0000,-0.0480,-0.0180,31.5420,-64.1400,0.0000,-0.0235,-0.0235,-0.1085,0.0000,0.0000,-0.0108,-0.0043,0.0000
-0.0700,2.0815,2.0000,-0.0396,-0.0077,31.3495,-64.1552,0.0000,-0.0459,-0.0459,-0.1007,0.0000,0.0000,-0.0046,-0.0018,0.0000
-0.2000,2.2364,2.0000,-0.0312,-0.0077,31.1474,-64.1514,0.0000,-0.0954,-0.0954,-0.1139,0.0000,0.0000,-0.0046,-0.0018,0.0000
-0.0000,1.9123,2.0000,-0.0228,-0.0077,30.9532,-64.1408,0.0000,-0.1190,-0.1190,-0.1235,0.0000,0.0000,-0.0046,-0.0018,0.0000
-0.0065,2.0073,2.0000,-0.0179,-0.0111,30.7419,-64.1397,0.0000,-0.1585,-0.1585,-0.1050,0.0000,0.0000,-0.0067,-0.0027,0.0000
0.0598,1.9312,2.0000,-0.0095,-0.0111,30.5359,-64.1283,0.0000,-0.1893,-0.1893,-0.1107,0.0000,0.0000,-0.0067,-0.0027,0.0000
-0.0752,2.0955,2.0000,-0.0011,-0.0111,30.3244,-64.1235,0.0000,-0.2273,-0.2273,-0.1162,0.0000,0.0000,-0.0067,-0.0027,0.0000
-0.0648,2.0465,2.0000,0.0073,-0.0111,30.1139,-64.1170,0.0000,-0.2540,-0.2540,-0.1208,0.0000,0.0000,-0.0067,-0.0027,0.0000
-0.1032,2.0973,2.0000,0.0157,-0.0069,29.9054,-64.1132,0.0000,-0.2847,-0.2847,-0.1413,0.0000,0.0000,-0.0041,-0.0017,0.0000
-0.1051,2.0878,2.0000,0.0241,-0.0069,29.6932,-64.1151,0.0000,-0.3049,-0.3049,-0.1418,0.0000,0.0000,-0.0041,-0.0017,0.0000
-0.0931,2.0675,2.0000,0.0325,-0.0069,29.4866,-64.1101,0.0000,-0.3313,-0.3313,-0.1431,0.0000,0.0000,-0.0041,-0.0017,0.0000
-0.1160,2.1033,2.0000,0.0408,-0.0069,29.2757,-64.0985,0.0000,-0.3641,-0.3641,-0.1400,0.0000,0.0000,-0.0041,-0.0017,0.0000
-0.0805,2.0487,2.0000,0.0492,-0.0018,29.0608,-64.0913,0.0000,-0.3834,-0.3834,-0.1204,0.0000,0.0000,-0.0011,-0.0004,0.0000
-0.1096,2.0946,2.0000,0.0576,-0.0018,28.8589,-64.0965,0.0000,-0.3948,-0.3948,-0.1165,0.0000,0.0000,-0.0011,-0.0004,0.0000
-0.1533,2.1317,2.0000,0.0660,-0.0018,28.6559,-64.1119,0.0000,-0.3921,-0.3921,-0.1093,0.0000,0.0000,-0.0011,-0.0004,0.0000
-0.0460,2.0030,2.0000,0.0744,-0.0018,28.4524,-64.1228,0.0000,-0.3863,-0.3863,-0.1033,0.0000,0.0000,-0.0011,-0.0004,0.0000
-0.0394,2.0223,2.0000,0.0660,-0.0853,28.2361,-64.1389,0.0000,-0.3815,-0.3815,-0.1007,0.0000,0.0000,-0.0515,-0.0206,0.0000
-0.0325,2.0232,2.0000,0.0576,-0.0853,28.0248,-64.1440,0.0000,-0.3868,-0.3868,-0.0906,0.0000,0.0000,-0.0515,-0.0206,0.0000
-0.1746,2.1548,2.0000,0.0507,-0.0865,27.7972,-64.1693,0.0000,-0.3760,-0.3760,-0.0816,0.0000,0.0000,-0.0522,-0.0209,0.0000
-0.1399,2.0973,2.0000,0.0460,-0.0865,27.5761,-64.1830,0.0000,-0.3730,-0.3730,-0.0726,0.0000,0.0000,-0.0522,-0.0209,0.0000
-0.2000,2.2775,2.0000,0.0408,-0.0865,27.3647,-64.2043,0.0000,-0.3696,-0.3696,-0.0638,0.0000,0.0000,-0.0522,-0.0209,0.0000
-0.2000,2.1981,2.0000,0.0373,-0.0865,27.1601,-64.2206,0.0000,-0.3622,-0.3622,-0.0553,0.0000,0.0000,-0.0522,-0.0209,0.0000
-0.1583,2.1099,2.0000,0.0457,-0.0523,26.9511,-64.2380,0.0000,-0.3519,-0.3519,-0.0143,0.0000,0.0000,-0.0316,-0.0126,0.0000
-0.0802,2.0376,2.0000,0.0492,-0.0523,26.7398,-64.2605,0.0000,-0.3366,-0.3366,-0.0078,0.0000,0.0000,-0.0316,-0.0126,0.0000
-0.0879,2.0804,2.0000,0.0442,-0.0523,26.5315,-64.2864,0.0000,-0.3180,-0.3180,-0.0011,0.0000,0.0000,-0.0316,-0.0126,0.0000
-0.1186,2.1085,2.0000,0.0365,-0.0656,26.3086,-64.3189,0.0000,-0.2940,-0.2940,-0.0151,0.0000,0.0000,-0.0396,-0.0158,0.0000
-0.1073,2.0833,2.0000,0.0317,-0.0656,26.0993,-64.3345,0.0000,-0.2889,-0.2889,-0.0076,0.0000,0.0000,-0.0396,-0.0158,0.0000
-0.2001,2.2356,2.0000,0.0233,-0.1099,25.8850,-64.3635,0.0000,-0.2721,-0.2721,-0.0010,0.0000,0.0000,-0.0665,-0.0266,0.0000
-0.1330,2.0811,2.0000,0.0149,-0.1099,25.6700,-64.3858,0.0000,-0.2622,-0.2622,0.0052,0.0000,0.0000,-0.0665,-0.0266,0.0000
-0.1552,2.1452,2.0000,0.0233,-0.0290,25.4651,-64.4203,0.0000,-0.2258,-0.2258,0.1036,0.0000,0.0000,-0.0175,-0.0070,0.0000
-0.1678,2.1449,2.0000,0.0149,-0.0551,25.2667,-64.4450,0.0000,-0.1955,-0.1955,0.1079,0.0000,0.0000,-0.0332,-0.0133,0.0000
-0.1086,2.0615,2.0000,0.0065,-0.0551,25.0534,-64.4633,0.0000,-0.1814,-0.1814,0.1070,0.0000,0.0000,-0.0332,-0.0133,0.0000
-0.0160,1.9827,2.0000,-0.0019,-0.0551,24.8537,-64.4818,0.0000,-0.1606,-0.1606,0.1125,0.0000,0.0000,-0.0332,-0.0133,0.0000
-0.1288,2.1224,2.0000,-0.0102,-0.0551,24.6631,-64.5014,0.0000,-0.1343,-0.1343,0.0965,0.0000,0.0000,-0.0332,-0.0133,0.0000
0.0711,1.8996,2.0000,-0.0186,-0.0551,24.4586,-64.5140,0.0000,-0.1376,-0.1376,0.0937,0.0000,0.0000,-0.0332,-0.0133,0.0000
0.1059,1.8996,2.0000,-0.0270,-0.0551,24.2578,-64.5420,0.0000,-0.1115,-0.1115,0.0944,0.0000,0.0000,-0.0332,-0.0133,0.0000
0.0020,2.0326,2.0000,-0.0354,-0.0833,24.0350,-64.5550,0.0000,-0.0964,-0.0964,0.1380,0.0000,0.0000,-0.0503,-0.0201,0.0000
-0.0046,2.0101,2.0000,-0.0438,-0.0833,23.8328,-64.5754,0.0000,-0.0735,-0.0735,0.1343,0.0000,0.0000,-0.0503,-0.0201,0.0000
-0.1942,2.2142,2.0000,-0.0522,-0.0833,23.6312,-64.5908,0.0000,-0.0438,-0.0438,0.1280,0.0000,0.0000,-0.0503,-0.0201,0.0000
-0.0706,2.0152,2.0000,-0.0460,-0.0687,23.4321,-64.6113,0.0000,-0.0315,-0.0315,0.1603,0.0000,0.0000,-0.0415,-0.0166,0.0000
-0.0277,2.0046,2.0000,-0.0544,-0.0687,23.2395,-64.6221,0.0000,-0.0161,-0.0161,0.1514,0.0000,0.0000,-0.0415,-0.0166,0.0000
0.0020,1.9848,2.0000,-0.0628,-0.0687,23.0386,-64.6233,0.0000,-0.0140,-0.0140,0.1386,0.0000,0.0000,-0.0415,-0.0166,0.0000
0.0785,1.9143,2.0000,-0.0712,-0.0687,22.8297,-64.6341,0.0000,0.0014,0.0014,0.1323,0.0000,0.0000,-0.0415,-0.0166,0.0000
0.0255,1.9960,2.0000,-0.0796,-0.1093,22.6275,-64.6341,0.0000,0.0052,0.0052,0.0972,0.0000,0.0000,-0.0661,-0.0264,0.0000
-0.0635,2.0749,2.0000,-0.0880,-0.1093,22.4191,-64.6377,0.0000,0.0141,0.0141,0.0881,0.0000,0.0000,-0.0661,-0.0264,0.0000
-0.0281,2.0094,2.0000,-0.0964,-0.1274,22.2234,-64.6485,0.0000,0.0203,0.0203,0.0761,0.0000,0.0000,-0.0772,-0.0309,0.0000
-0.0644,2.0677,2.0000,-0.0880,-0.0550,22.0329,-64.6504,0.0000,0.0315,0.0315,0.1400,0.0000,0.0000,-0.0332,-0.0133,0.0000
0.0414,1.9421,2.0000,-0.0796,-0.0367,21.8312,-64.6500,0.0000,0.0339,0.0339,0.1251,0.0000,0.0000,-0.0221,-0.0088,0.0000
0.1320,1.8906,2.0000,-0.0880,-0.0367,21.6327,-64.6495,0.0000,0.0403,0.0403,0.1086,0.0000,0.0000,-0.0221,-0.0088,0.0000
0.0334,2.0013,2.0000,-0.0921,-0.0323,21.4226,-64.6337,0.0000,0.0418,0.0418,0.1076,0.0000,0.0000,-0.0195,-0.0078,0.0000
0.0411,1.9692,2.0000,-0.1005,-0.0323,21.2031,-64.6388,0.0000,0.0653,0.0653,0.0958,0.0000,0.0000,-0.0195,-0.0078,0.0000
-0.0785,2.0936,2.0000,-0.1035,-0.0270,21.0048,-64.6292,0.0000,0.0741,0.0741,0.0802,0.0000,0.0000,-0.0162,-0.0065,0.0000
-0.1760,2.1744,2.0000,-0.0951,-0.0018,20.7991,-64.6236,0.0000,0.0897,0.0897,0.1053,0.0000,0.0000,-0.0011,-0.0004,0.0000
-0.0128,1.9685,2.0000,-0.1035,-0.0018,20.6015,-64.6223,0.0000,0.0976,0.0976,0.0886,0.0000,0.0000,-0.0011,-0.0004,0.0000
-0.0326,2.0379,2.0000,-0.1119,-0.0018,20.4062,-64.5959,0.0000,0.0942,0.0942,0.0724,0.0000,0.0000,-0.0011,-0.0004,0.0000
0.0296,1.9540,2.0000,-0.1104,-0.0018,20.1998,-64.5666,0.0000,0.0869,0.0869,0.0586,0.0000,0.0000,-0.0011,-0.0004,0.0000
0.0410,1.9588,2.0000,-0.1188,-0.0254,19.9775,-64.5396,0.0000,0.0922,0.0922,0.0726,0.0000,0.0000,-0.0153,-0.0061,0.0000
-0.0523,2.0694,2.0000,-0.1272,-0.0254,19.7811,-64.5090,0.0000,0.0902,0.0902,0.0554,0.0000,0.0000,-0.0153,-0.0061,0.0000
-0.2001,2.2199,2.0000,-0.1356,-0.0437,19.5814,-64.4787,0.0000,0.0878,0.0878,0.0116,0.0000,0.0000,-0.0263,-0.0105,0.0000
-0.0252,1.9733,2.0000,-0.1272,-0.0437,19.3692,-64.4532,0.0000,0.0843,0.0843,-0.0047,0.0000,0.0000,-0.0263,-0.0105,0.0000
-0.0102,2.0020,2.0000,-0.1356,-0.1720,19.1666,-64.4105,0.0000,0.0620,0.0620,-0.0223,0.0000,0.0000,-0.1046,-0.0418,0.0000
-0.1265,2.1155,2.0000,-0.1370,-0.1650,18.9629,-64.3540,0.0000,0.0236,0.0236,-0.0224,0.0000,0.0000,-0.1003,-0.0401,0.0000
-0.1134,2.0553,2.0000,-0.1286,-0.1650,18.7765,-64.2963,0.0000,-0.0087,-0.0087,-0.0361,0.0000,0.0000,-0.1003,-0.0401,0.0000
-0.1685,2.1032,2.0000,-0.1202,-0.1650,18.5702,-64.2562,0.0000,-0.0271,-0.0271,-0.0551,0.0000,0.0000,-0.1003,-0.0401,0.0000
0.0195,1.9404,2.0000,-0.1118,-0.1650,18.3618,-64.1983,0.0000,-0.0540,-0.0540,-0.0723,0.0000,0.0000,-0.1003,-0.0401,0.0000
-0.0660,2.0794,2.0000,-0.1086,-0.1703,18.1663,-64.1291,0.0000,-0.1074,-0.1074,-0.1030,0.0000,0.0000,-0.1036,-0.0414,0.0000
-0.2000,2.1470,2.0000,-0.1090,-0.1790,17.9816,-64.0672,0.0000,-0.1510,-0.1510,-0.1162,0.0000,0.0000,-0.1090,-0.0436,0.0000
-0.1177,2.0629,2.0000,-0.1039,-0.1822,17.7898,-64.0272,0.0000,-0.1665,-0.1665,-0.1330,0.0000,0.0000,-0.1110,-0.0444,0.0000
0.0410,1.9335,2.0000,-0.0955,-0.1414,17.5896,-63.9794,0.0000,-0.1762,-0.1762,-0.1037,0.0000,0.0000,-0.0858,-0.0343,0.0000
0.0746,1.9352,2.0000,-0.0871,-0.1414,17.3976,-63.9158,0.0000,-0.2076,-0.2076,-0.1177,0.0000,0.0000,-0.0858,-0.0343,0.0000
-0.0152,2.0358,2.0000,-0.0955,-0.2929,17.2107,-63.8316,0.0000,-0.2648,-0.2648,-0.1298,0.0000,0.0000,-0.1817,-0.0726,0.0000
-0.0090,2.0041,2.0000,-0.0871,-0.1700,17.0202,-63.7789,0.0000,-0.2698,-0.2698,-0.0125,0.0000,0.0000,-0.1034,-0.0413,0.0000
-0.0356,2.0377,2.0000,-0.0787,-0.1700,16.8288,-63.7100,0.0000,-0.2757,-0.2757,-0.0216,0.0000,0.0000,-0.1034,-0.0413,0.0000
0.0327,1.9538,2.0000,-0.0871,-0.1922,16.6461,-63.6589,0.0000,-0.2714,-0.2714,-0.0356,0.0000,0.0000,-0.1172,-0.0468,0.0000
0.0005,2.0147,2.0000,-0.0787,-0.1835,16.4694,-63.5751,0.0000,-0.2965,-0.2965,-0.0235,0.0000,0.0000,-0.1118,-0.0447,0.0000
0.1327,1.8747,2.0000,-0.0713,-0.1835,16.2803,-63.4780,0.0000,-0.3250,-0.3250,-0.0353,0.0000,0.0000,-0.1118,-0.0447,0.0000
0.0932,1.9420,2.0000,-0.0645,-0.1835,16.0915,-63.3998,0.0000,-0.3403,-0.3403,-0.0483,0.0000,0.0000,-0.1118,-0.0447,0.0000
-0.0896,2.1115,2.0000,-0.0629,-0.1840,15.9015,-63.3112,0.0000,-0.3640,-0.3640,-0.0497,0.0000,0.0000,-0.1121,-0.0448,0.0000
-0.0514,2.0247,2.0000,-0.0576,-0.1840,15.7194,-63.2482,0.0000,-0.3624,-0.3624,-0.0617,0.0000,0.0000,-0.1121,-0.0448,0.0000
-0.0801,2.0785,2.0000,-0.0660,-0.2662,15.5399,-63.1414,0.0000,-0.4011,-0.4011,-0.0687,0.0000,0.0000,-0.1643,-0.0656,0.0000
0.0791,1.9047,2.0000,-0.0576,-0.1129,15.3509,-63.0644,0.0000,-0.3907,-0.3907,0.0758,0.0000,0.0000,-0.0683,-0.0273,0.0000
-0.0498,2.0737,2.0000,-0.0660,-0.1717,15.1670,-62.9686,0.0000,-0.3790,-0.3790,0.0671,0.0000,0.0000,-0.1045,-0.0418,0.0000
-0.0363,2.0200,2.0000,-0.0744,-0.1717,14.9765,-62.8763,0.0000,-0.3717,-0.3717,0.0556,0.0000,0.0000,-0.1045,-0.0418,0.0000
-0.0570,2.0563,2.0000,-0.0660,-0.1494,14.8004,-62.7772,0.0000,-0.3681,-0.3681,0.0732,0.0000,0.0000,-0.0907,-0.0362,0.0000
-0.0997,2.0973,2.0000,-0.0744,-0.1695,14.6226,-62.6770,0.0000,-0.3659,-0.3659,0.0614,0.0000,0.0000,-0.1031,-0.0412,0.0000
-0.0353,2.0047,2.0000,-0.0790,-0.1657,14.4593,-62.5784,0.0000,-0.3730,-0.3730,0.0561,0.0000,0.0000,-0.1007,-0.0403,0.0000
-0.0321,2.0251,2.0000,-0.0874,-0.1657,14.2858,-62.4849,0.0000,-0.3665,-0.3665,0.0447,0.0000,0.0000,-0.1007,-0.0403,0.0000
0.1067,1.8926,2.0000,-0.0811,-0.1657,14.1132,-62.3722,0.0000,-0.3782,-0.3782,0.0347,0.0000,0.0000,-0.1007,-0.0403,0.0000
0.0756,1.9526,2.0000,-0.0727,-0.0323,13.9546,-62.2702,0.0000,-0.3813,-0.3813,0.1305,0.0000,0.0000,-0.0195,-0.0078,0.0000
-0.0299,2.0466,2.0000,-0.0643,-0.0323,13.7792,-62.1672,0.0000,-0.3542,-0.3542,0.1192,0.0000,0.0000,-0.0195,-0.0078,0.0000
0.1457,1.8717,2.0000,-0.0559,-0.0323,13.6046,-62.0590,0.0000,-0.3465,-0.3465,0.1088,0.0000,0.0000,-0.0195,-0.0078,0.0000
0.0220,2.0153,2.0000,-0.0643,-0.1123,13.4483,-61.9427,0.0000,-0.3212,-0.3212,0.1715,0.0000,0.0000,-0.0679,-0.0272,0.0000
-0.0208,2.0360,2.0000,-0.0727,-0.1123,13.2830,-61.7946,0.0000,-0.3214,-0.3214,0.1627,0.0000,0.0000,-0.0679,-0.0272,0.0000
0.0531,1.9336,2.0000,-0.0643,-0.0659,13.1247,-61.6614,0.0000,-0.3256,-0.3256,0.1534,0.0000,0.0000,-0.0397,-0.0159,0.0000
-0.1469,2.2069,2.0000,-0.0727,-0.0805,12.9490,-61.5381,0.0000,-0.2752,-0.2752,0.1692,0.0000,0.0000,-0.0486,-0.0194,0.0000
-0.0935,2.0556,2.0000,-0.0811,-0.0805,12.7661,-61.4210,0.0000,-0.2525,-0.2525,0.1583,0.0000,0.0000,-0.0486,-0.0194,0.0000
-0.1425,2.1290,2.0000,-0.0895,-0.0805,12.5913,-61.3074,0.0000,-0.2097,-0.2097,0.1522,0.0000,0.0000,-0.0486,-0.0194,0.0000
-0.1879,2.1501,2.0000,-0.0979,-0.1226,12.4079,-61.1836,0.0000,-0.1887,-0.1887,0.0818,0.0000,0.0000,-0.0742,-0.0297,0.0000
-0.1146,2.0660,2.0000,-0.1062,-0.1226,12.2405,-61.0459,0.0000,-0.1950,-0.1950,0.0708,0.0000,0.0000,-0.0742,-0.0297,0.0000
-0.1863,2.1922,2.0000,-0.1146,-0.1264,12.0645,-60.9325,0.0000,-0.1547,-0.1547,0.2348,0.0000,0.0000,-0.0765,-0.0306,0.0000
-0.1783,2.1514,2.0000,-0.1230,-0.1264,11.8944,-60.8128,0.0000,-0.1136,-0.1136,0.2215,0.0000,0.0000,-0.0765,-0.0306,0.0000
-0.1193,2.0713,2.0000,-0.1314,-0.1264,11.7424,-60.6883,0.0000,-0.0917,-0.0917,0.2098,0.0000,0.0000,-0.0765,-0.0306,0.0000
-0.0890,2.0583,2.0000,-0.1398,-0.2000,11.5690,-60.5541,0.0000,-0.0627,-0.0627,0.1334,0.0000,0.0000,-0.1221,-0.0488,0.0000
0.0192,1.9493,2.0000,-0.1482,-0.2000,11.4078,-60.4087,0.0000,-0.0598,-0.0598,0.1194,0.0000,0.0000,-0.1221,-0.0488,0.0000
-0.1520,2.1719,2.0000,-0.1566,-0.2525,11.2543,-60.2703,0.0000,-0.0406,-0.0406,0.1479,0.0000,0.0000,-0.1554,-0.0621,0.0000
-0.1682,2.1542,2.0000,-0.1650,-0.2525,11.0980,-60.1260,0.0000,-0.0313,-0.0313,0.1291,0.0000,0.0000,-0.1554,-0.0621,0.0000
-0.0966,2.0509,2.0000,-0.1734,-0.2525,10.9543,-59.9758,0.0000,-0.0411,-0.0411,0.1093,0.0000,0.0000,-0.1554,-0.0621,0.0000
-0.1142,2.1103,2.0000,-0.1818,-0.3383,10.8125,-59.8106,0.0000,-0.0545,-0.0545,0.0809,0.0000,0.0000,-0.2119,-0.0846,0.0000
-0.0920,2.0669,2.0000,-0.1902,-0.3383,10.6741,-59.6477,0.0000,-0.0758,-0.0758,0.0586,0.0000,0.0000,-0.2119,-0.0846,0.0000
-0.1904,2.1681,2.0000,-0.1818,-0.2047,10.5354,-59.4866,0.0000,-0.0811,-0.0811,0.2078,0.0000,0.0000,-0.1250,-0.0500,0.0000
-0.1684,2.1285,2.0000,-0.1902,-0.2077,10.4128,-59.3108,0.0000,-0.0919,-0.0919,0.1819,0.0000,0.0000,-0.1269,-0.0507,0.0000
-0.1509,2.1133,2.0000,-0.1986,-0.2077,10.2773,-59.1465,0.0000,-0.0828,-0.0828,0.1562,0.0000,0.0000,-0.1269,-0.0507,0.0000
-0.1662,2.1422,2.0000,-0.1902,-0.1799,10.1657,-58.9801,0.0000,-0.0867,-0.0867,0.1639,0.0000,0.0000,-0.1095,-0.0438,0.0000
-0.1504,2.1141,2.0000,-0.1986,-0.2007,10.0581,-58.7983,0.0000,-0.1034,-0.1034,0.1388,0.0000,0.0000,-0.1225,-0.0490,0.0000
-0.0393,2.0006,2.0000,-0.1902,-0.1121,9.9571,-58.6231,0.0000,-0.1225,-0.1225,0.2283,0.0000,0.0000,-0.0678,-0.0271,0.0000
-0.1697,2.1090,2.0000,-0.1986,-0.1273,9.8589,-58.4480,0.0000,-0.1088,-0.1088,0.2005,0.0000,0.0000,-0.0771,-0.0308,0.0000
-0.0693,2.0207,2.0000,-0.2070,-0.1273,9.7654,-58.2309,0.0000,-0.1326,-0.1326,0.1746,0.0000,0.0000,-0.0771,-0.0308,0.0000
-0.0256,2.0036,2.0000,-0.1986,-0.0400,9.6726,-58.0426,0.0000,-0.1211,-0.1211,0.2599,0.0000,0.0000,-0.0241,-0.0096,0.0000
-0.2000,2.3656,2.0000,-0.2070,-0.0459,9.5952,-57.8406,0.0000,-0.0793,-0.0793,0.2335,0.0000,0.0000,-0.0277,-0.0111,0.0000
-0.1448,2.0942,2.0000,-0.2062,-0.0459,9.5383,-57.6237,0.0000,-0.1392,-0.1392,0.2040,0.0000,0.0000,-0.0277,-0.0111,0.0000
-0.1862,2.1650,2.0000,-0.1978,-0.0428,9.4534,-57.4345,0.0000,-0.1267,-0.1267,0.1789,0.0000,0.0000,-0.0258,-0.0103,0.0000
-0.2000,2.2585,2.0000,-0.2062,-0.0680,9.3929,-57.2231,0.0000,-0.1408,-0.1408,0.1520,0.0000,0.0000,-0.0410,-0.0164,0.0000
-0.1178,2.0638,2.0000,-0.1978,-0.0680,9.3257,-57.0410,0.0000,-0.1659,-0.1659,0.1212,0.0000,0.0000,-0.0410,-0.0164,0.0000
-0.2001,2.2015,2.0000,-0.1894,-0.0465,9.2675,-56.8428,0.0000,-0.1711,-0.1711,0.1283,0.0000,0.0000,-0.0280,-0.0112,0.0000
-0.0000,1.9345,2.0000,-0.1810,-0.0465,9.2190,-56.6542,0.0000,-0.2078,-0.2078,0.0995,0.0000,0.0000,-0.0280,-0.0112,0.0000
-0.0468,2.0609,2.0000,-0.1894,-0.0671,9.1688,-56.4509,0.0000,-0.2231,-0.2231,0.0722,0.0000,0.0000,-0.0405,-0.0162,0.0000
0.0317,1.9452,2.0000,-0.1810,-0.0518,9.1214,-56.2580,0.0000,-0.2467,-0.2467,0.0693,0.0000,0.0000,-0.0312,-0.0125,0.0000
-0.0682,2.0881,2.0000,-0.1726,-0.0518,9.0889,-56.0716,0.0000,-0.2691,-0.2691,0.0456,0.0000,0.0000,-0.0312,-0.0125,0.0000
-0.0043,1.9777,2.0000,-0.1642,-0.0479,9.0633,-55.8465,0.0000,-0.3123,-0.3123,0.0213,0.0000,0.0000,-0.0289,-0.0116,0.0000
0.1010,1.8883,2.0000,-0.1558,-0.0479,9.0280,-55.6641,0.0000,-0.3379,-0.3379,-0.0056,0.0000,0.0000,-0.0289,-0.0116,0.0000
-0.0990,2.2610,2.0000,-0.1474,-0.0434,8.9982,-55.4409,0.0000,-0.3687,-0.3687,-0.0111,0.0000,0.0000,-0.0261,-0.0105,0.0000
0.1010,1.8485,2.0000,-0.1390,-0.0434,8.9666,-55.2493,0.0000,-0.3894,-0.3894,-0.0342,0.0000,0.0000,-0.0261,-0.0105,0.0000
-0.0991,2.2388,2.0000,-0.1306,-0.0435,8.9434,-55.0605,0.0000,-0.4282,-0.4282,-0.0547,0.0000,0.0000,-0.0262,-0.0105,0.0000
0.0563,1.9262,2.0000,-0.1222,-0.0435,8.9287,-54.8609,0.0000,-0.4571,-0.4571,-0.0732,0.0000,0.0000,-0.0262,-0.0105,0.0000
0.1075,1.8893,2.0000,-0.1138,-0.0392,8.9098,-54.6772,0.0000,-0.4852,-0.4852,-0.0908,0.0000,0.0000,-0.0236,-0.0094,0.0000
0.0447,1.9891,2.0000,-0.1054,-0.0155,8.9048,-54.4792,0.0000,-0.5322,-0.5322,-0.0690,0.0000,0.0000,-0.0093,-0.0037,0.0000
0.1798,1.8320,2.0000,-0.0970,-0.0155,8.8933,-54.2774,0.0000,-0.5584,-0.5584,-0.0862,0.0000,0.0000,-0.0093,-0.0037,0.0000
0.0804,1.9688,2.0000,-0.0919,-0.0188,8.8873,-54.0563,0.0000,-0.5989,-0.5989,-0.0970,0.0000,0.0000,-0.0113,-0.0045,0.0000
0.0221,2.0061,2.0000,-0.0835,0.0019,8.8850,-53.8627,0.0000,-0.6402,-0.6402,-0.0843,0.0000,0.0000,0.0011,0.0005,0.0000
-0.1783,2.1940,2.0000,-0.0805,-0.0035,8.8811,-53.6472,0.0000,-0.6780,-0.6780,-0.0943,0.0000,0.0000,-0.0021,-0.0009,0.0000
0.0216,1.9227,2.0000,-0.0721,-0.0035,8.8723,-53.4746,0.0000,-0.6912,-0.6912,-0.1114,0.0000,0.0000,-0.0021,-0.0009,0.0000
-0.1422,2.1375,2.0000,-0.0715,-0.0113,8.8748,-53.2440,0.0000,-0.7389,-0.7389,-0.1280,0.0000,0.0000,-0.0068,-0.0027,0.0000
0.0578,1.7112,2.0000,-0.0631,-0.0113,8.8766,-53.0439,0.0000,-0.7496,-0.7496,-0.1433,0.0000,0.0000,-0.0068,-0.0027,0.0000
-0.1422,2.2878,2.0000,-0.0547,-0.0058,8.8860,-52.8311,0.0000,-0.8335,-0.8335,-0.1466,0.0000,0.0000,-0.0035,-0.0014,0.0000
-0.0105,1.9838,2.0000,-0.0463,-0.0058,8.8911,-52.6291,0.0000,-0.8519,-0.8519,-0.1600,0.0000,0.0000,-0.0035,-0.0014,0.0000
-0.1188,2.1130,2.0000,-0.0379,-0.0058,8.9030,-52.4097,0.0000,-0.9052,-0.9052,-0.1664,0.0000,0.0000,-0.0035,-0.0014,0.0000
-0.1845,2.1790,2.0000,-0.0295,-0.0058,8.9165,-52.2191,0.0000,-0.9585,-0.9585,-0.1786,0.0000,0.0000,-0.0035,-0.0014,0.0000
-0.1913,2.1790,2.0000,-0.0211,-0.0018,8.9305,-52.0019,0.0000,-1.0000,-1.0015,-0.1834,0.0000,0.0000,-0.0011,-0.0004,0.0000
-0.1942,2.1790,2.0000,-0.0127,-0.0018,8.9509,-51.7965,0.0000,-1.0000,-1.0507,-0.1890,0.0000,0.0000,-0.0011,-0.0004,0.0000
-0.1832,2.1579,2.0000,-0.0043,-0.0018,8.9691,-51.5795,0.0000,-1.0000,-1.0963,-0.1941,0.0000,0.0000,-0.0011,-0.0004,0.0000
-0.1789,2.1595,2.0000,0.0002,-0.0061,8.9836,-51.3659,0.0000,-1.0000,-1.1401,-0.2115,0.0000,0.0000,-0.0037,-0.0015,0.0000
-0.1775,2.1595,2.0000,0.0086,-0.0061,8.9997,-51.1534,0.0000,-1.0000,-1.1852,-0.2140,0.0000,0.0000,-0.0037,-0.0015,0.0000
-0.1544,2.1218,2.0000,0.0170,-0.0061,9.0145,-50.9391,0.0000,-1.0000,-1.2252,-0.2166,0.0000,0.0000,-0.0037,-0.0015,0.0000
-0.1390,2.1127,2.0000,0.0254,-0.0045,9.0298,-50.7313,0.0000,-1.0000,-1.2644,-0.2110,0.0000,0.0000,-0.0027,-0.0011,0.0000
-0.1428,2.1293,2.0000,0.0338,-0.0045,9.0420,-50.5225,0.0000,-1.0000,-1.3031,-0.2109,0.0000,0.0000,-0.0027,-0.0011,0.0000
-0.1053,2.0662,2.0000,0.0422,-0.0045,9.0575,-50.3217,0.0000,-1.0000,-1.3329,-0.2078,0.0000,0.0000,-0.0027,-0.0011,0.0000
-0.0937,2.0735,2.0000,0.0338,-0.1787,9.0738,-50.1084,0.0000,-1.0000,-1.3734,-0.1960,0.0000,0.0000,-0.1088,-0.0435,0.0000
-0.0233,1.9966,2.0000,0.0422,-0.1787,9.0784,-49.9024,0.0000,-1.0000,-1.3888,-0.1915,0.0000,0.0000,-0.1088,-0.0435,0.0000
-0.1220,2.1203,2.0000,0.0506,-0.1787,9.0940,-49.7036,0.0000,-1.0000,-1.4320,-0.1859,0.0000,0.0000,-0.1088,-0.0435,0.0000
-0.0783,2.0457,2.0000,0.0590,-0.1787,9.1005,-49.5135,0.0000,-1.0000,-1.4480,-0.1815,0.0000,0.0000,-0.1088,-0.0435,0.0000
-0.0026,1.9764,2.0000,0.0670,-0.1787,9.1094,-49.2953,0.0000,-1.0000,-1.4704,-0.1771,0.0000,0.0000,-0.1088,-0.0435,0.0000
0.1026,1.8869,2.0000,0.0647,-0.1787,9.1069,-49.0889,0.0000,-1.0000,-1.4771,-0.1711,0.0000,0.0000,-0.1088,-0.0435,0.0000
-0.0974,2.1661,2.0000,0.0628,-0.1734,9.1071,-48.8893,0.0000,-1.0000,-1.5169,-0.1485,0.0000,0.0000,-0.1055,-0.0422,0.0000
-0.0754,2.0485,2.0000,0.0582,-0.1734,9.1125,-48.6824,0.0000,-1.0000,-1.5246,-0.1404,0.0000,0.0000,-0.1055,-0.0422,0.0000
-0.0076,1.9809,2.0000,0.0567,-0.1734,9.1065,-48.4773,0.0000,-1.0000,-1.5266,-0.1339,0.0000,0.0000,-0.1055,-0.0422,0.0000
-0.0439,2.0531,2.0000,0.0541,-0.1734,9.0995,-48.2727,0.0000,-1.0000,-1.5370,-0.1276,0.0000,0.0000,-0.1055,-0.0422,0.0000
-0.0431,2.0361,2.0000,0.0625,0.0362,9.0982,-48.0702,0.0000,-1.0000,-1.5444,-0.1076,0.0000,0.0000,0.0218,0.0087,0.0000
-0.0406,2.0332,2.0000,0.0708,0.0362,9.0888,-47.8707,0.0000,-1.0000,-1.5441,-0.1009,0.0000,0.0000,0.0218,0.0087,0.0000
-0.0234,2.0093,2.0000,0.0791,0.0362,9.0811,-47.6629,0.0000,-1.0000,-1.5453,-0.0943,0.0000,0.0000,0.0218,0.0087,0.0000
0.0027,1.9823,2.0000,0.0835,0.0322,9.0755,-47.4582,0.0000,-1.0000,-1.5488,-0.1012,0.0000,0.0000,0.0194,0.0078,0.0000
-0.0515,2.0634,2.0000,0.0919,0.0322,9.0692,-47.2631,0.0000,-1.0000,-1.5567,-0.0933,0.0000,0.0000,0.0194,0.0078,0.0000
-0.0436,2.0318,2.0000,0.1002,0.0322,9.0607,-47.0690,0.0000,-1.0000,-1.5559,-0.0844,0.0000,0.0000,0.0194,0.0078,0.0000
0.0438,1.9379,2.0000,0.1086,0.0322,9.0502,-46.8697,0.0000,-1.0000,-1.5519,-0.0758,0.0000,0.0000,0.0194,0.0078,0.0000
0.0766,1.9276,2.0000,0.1130,0.0282,9.0396,-46.6659,0.0000,-1.0000,-1.5515,-0.0782,0.0000,0.0000,0.0170,0.0068,0.0000
0.0388,1.9816,2.0000,0.1046,-0.0999,9.0164,-46.4608,0.0000,-1.0000,-1.5425,-0.0684,0.0000,0.0000,-0.0604,-0.0242,0.0000
-0.0084,2.0245,2.0000,0.0998,-0.0999,8.9937,-46.2542,0.0000,-1.0000,-1.5325,-0.0578,0.0000,0.0000,-0.0604,-0.0242,0.0000
-0.0373,2.0500,2.0000,0.1082,0.0784,8.9642,-46.0487,0.0000,-1.0000,-1.4814,0.1602,0.0000,0.0000,0.0473,0.0189,0.0000
-0.0731,2.0655,2.0000,0.1155,0.0773,8.9372,-45.8372,0.0000,-1.0000,-1.4200,0.1720,0.0000,0.0000,0.0466,0.0187,0.0000
-0.0834,2.0643,2.0000,0.1239,0.0773,8.9002,-45.6409,0.0000,-1.0000,-1.3528,0.1825,0.0000,0.0000,0.0466,0.0187,0.0000
-0.2000,2.1178,2.0000,0.1323,0.0773,8.8749,-45.4483,0.0000,-1.0000,-1.3107,0.1925,0.0000,0.0000,0.0466,0.0187,0.0000
-0.2004,1.9875,2.0000,0.1396,0.0773,8.8333,-45.2490,0.0000,-1.0000,-1.2791,0.2045,0.0000,0.0000,0.0466,0.0187,0.0000
-0.0004,1.9287,2.0000,0.1312,-0.1289,8.7955,-45.0507,0.0000,-1.0000,-1.2721,-0.1477,0.0000,0.0000,-0.0781,-0.0312,0.0000
-0.0187,2.0244,2.0000,0.1236,-0.1281,8.7592,-44.8501,0.0000,-1.0000,-1.2825,-0.1338,0.0000,0.0000,-0.0776,-0.0310,0.0000
-0.0135,2.0086,2.0000,0.1163,-0.1269,8.7083,-44.6621,0.0000,-1.0000,-1.2653,-0.1178,0.0000,0.0000,-0.0769,-0.0307,0.0000
-0.0225,2.0255,2.0000,0.1247,0.0003,8.6580,-44.4715,0.0000,-1.0000,-1.2358,0.0448,0.0000,0.0000,0.0002,0.0001,0.0000
0.2000,1.9428,2.0200,0.1247,0.0001,8.6066,-44.2897,0.0000,-1.0000,-1.1943,0.0585,0.0000,0.0000,0.0001,0.0000,0.0000
0.2000,1.9636,2.0400,0.1163,0.0001,8.5521,-44.0977,0.0000,-1.0000,-1.1497,0.0708,0.0000,0.0000,0.0000,0.0000,0.0000
0.2000,1.8814,2.0600,0.1079,0.0001,8.4960,-43.9182,0.0000,-1.0000,-1.1060,0.0832,0.0000,0.0000,0.0000,0.0000,0.0000
0.2000,1.9854,2.0800,0.1002,0.0007,8.4400,-43.7294,0.0000,-1.0000,-1.0555,0.0971,0.0000,0.0000,0.0004,0.0002,0.0000
0.2000,1.8717,2.0988,0.0918,0.0007,8.3815,-43.5507,0.0000,-1.0000,-1.0117,0.1095,0.0000,0.0000,0.0004,0.0002,0.0000
0.2000,1.9585,2.1158,0.0834,0.0007,8.3216,-43.3756,0.0000,-0.9560,-0.9560,0.1212,0.0000,0.0000,0.0004,0.0002,0.0000
0.2000,1.8717,2.1311,0.0750,0.0007,8.2580,-43.1803,0.0000,-0.9105,-0.9105,0.1318,0.0000,0.0000,0.0004,0.0002,0.0000
0.2000,1.8409,2.1448,0.0679,0.0019,8.1864,-42.9967,0.0000,-0.8521,-0.8521,0.1464,0.0000,0.0000,0.0012,0.0005,0.0000
0.2000,2.0404,2.1572,0.0595,0.0019,8.1226,-42.8140,0.0000,-0.7864,-0.7864,0.1541,0.0000,0.0000,0.0012,0.0005,0.0000
0.2000,1.9607,2.1683,0.0512,0.0019,8.0521,-42.6385,0.0000,-0.7338,-0.7338,0.1622,0.0000,0.0000,0.0012,0.0005,0.0000
0.2000,1.9223,2.1783,0.0429,0.0019,7.9831,-42.4493,0.0000,-0.6825,-0.6825,0.1692,0.0000,0.0000,0.0012,0.0005,0.0000
0.2000,1.8800,2.1873,0.0345,0.0012,7.9168,-42.2592,0.0000,-0.6345,-0.6345,0.1748,0.0000,0.0000,0.0007,0.0003,0.0000
0.2000,2.0003,2.1954,0.0262,0.0012,7.8466,-42.0682,0.0000,-0.5695,-0.5695,0.1811,0.0000,0.0000,0.0007,0.0003,0.0000
0.2000,1.9980,2.2027,0.0178,0.0012,7.7714,-41.8926,0.0000,-0.5095,-0.5095,0.1862,0.0000,0.0000,0.0007,0.0003,0.0000
0.2000,2.0190,2.2093,0.0094,0.0001,7.6952,-41.7185,0.0000,-0.4474,-0.4474,0.1875,0.0000,0.0000,0.0001,0.0000,0.0000
0.2000,1.8975,2.2152,0.0011,0.0001,7.6226,-41.5377,0.0000,-0.4042,-0.4042,0.1908,0.0000,0.0000,0.0001,0.0000,0.0000
0.2000,1.8864,2.2205,-0.0073,0.0001,7.5479,-41.3440,0.0000,-0.3507,-0.3507,0.1936,0.0000,0.0000,0.0001,0.0000,0.0000
0.2000,1.9316,2.2253,-0.0157,0.0001,7.4767,-41.1456,0.0000,-0.2968,-0.2968,0.1952,0.0000,0.0000,0.0001,0.0000,0.0000
0.2000,2.0606,2.2296,-0.0241,-0.0014,7.4078,-40.9578,0.0000,-0.2364,-0.2364,0.1926,0.0000,0.0000,-0.0008,-0.0003,0.0000
0.2000,2.0900,2.2335,-0.0325,-0.0014,7.3390,-40.7646,0.0000,-0.1894,-0.1894,0.1914,0.0000,0.0000,-0.0008,-0.0003,0.0000
0.2000,1.9835,2.2370,-0.0409,-0.0014,7.2639,-40.5672,0.0000,-0.1512,-0.1512,0.1885,0.0000,0.0000,-0.0008,-0.0003,0.0000
0.2001,2.0326,2.2401,-0.0493,-0.0014,7.1871,-40.3769,0.0000,-0.0970,-0.0970,0.1844,0.0000,0.0000,-0.0008,-0.0003,0.0000
0.2000,2.0937,2.2430,-0.0574,-0.0010,7.1138,-40.1787,0.0000,-0.0464,-0.0464,0.1818,0.0000,0.0000,-0.0006,-0.0002,0.0000
0.2000,2.0334,2.2455,-0.0658,-0.0010,7.0429,-39.9798,0.0000,-0.0115,-0.0115,0.1749,0.0000,0.0000,-0.0006,-0.0002,0.0000
0.2000,2.0932,2.2478,-0.0742,-0.0010,6.9800,-39.7831,0.0000,0.0262,0.0262,0.1681,0.0000,0.0000,-0.0006,-0.0002,0.0000
0.2000,2.0922,2.2499,-0.0822,-0.0007,6.9179,-39.5802,0.0000,0.0556,0.0556,0.1604,0.0000,0.0000,-0.0004,-0.0002,0.0000
0.2000,2.0473,2.2517,-0.0906,-0.0007,6.8549,-39.3826,0.0000,0.0819,0.0819,0.1508,0.0000,0.0000,-0.0004,-0.0002,0.0000
0.2000,2.1032,2.2534,-0.0990,-0.0007,6.7977,-39.1782,0.0000,0.1052,0.1052,0.1373,0.0000,0.0000,-0.0004,-0.0002,0.0000
0.2000,2.0550,2.2549,-0.1074,-0.0007,6.7411,-38.9751,0.0000,0.1249,0.1249,0.1279,0.0000,0.0000,-0.0004,-0.0002,0.0000
0.1966,2.1050,2.2562,-0.1158,-0.0011,6.6882,-38.7750,0.0000,0.1457,0.1457,0.1169,0.0000,0.0000,-0.0007,-0.0003,0.0000
0.2001,2.0894,2.2575,-0.1242,-0.0011,6.6477,-38.5643,0.0000,0.1449,0.1449,0.1018,0.0000,0.0000,-0.0007,-0.0003,0.0000
0.2000,2.0512,2.2586,-0.1193,-0.0011,6.6071,-38.3606,0.0000,0.1460,0.1460,0.0885,0.0000,0.0000,-0.0007,-0.0003,0.0000
0.1760,2.1315,2.2595,-0.1141,-0.0013,6.5707,-38.1477,0.0000,0.1432,0.1432,0.0714,0.0000,0.0000,-0.0008,-0.0003,0.0000
0.2000,2.0610,2.2604,-0.1067,-0.0013,6.5326,-37.9314,0.0000,0.1359,0.1359,0.0544,0.0000,0.0000,-0.0008,-0.0003,0.0000
0.1672,2.1454,2.2612,-0.0986,-0.0013,6.4978,-37.7077,0.0000,0.1296,0.1296,0.0383,0.0000,0.0000,-0.0008,-0.0003,0.0000
0.1316,2.1801,2.2619,-0.0906,-0.0017,6.4664,-37.4849,0.0000,0.1196,0.1196,0.0233,0.0000,0.0000,-0.0010,-0.0004,0.0000
0.0621,2.2459,2.2626,-0.0822,-0.0017,6.4355,-37.2727,0.0000,0.1109,0.1109,0.0096,0.0000,0.0000,-0.0010,-0.0004,0.0000
0.0508,2.2320,2.2632,-0.0738,-0.0017,6.4189,-37.0540,0.0000,0.0850,0.0850,-0.0054,0.0000,0.0000,-0.0010,-0.0004,0.0000
0.1620,2.1266,2.2637,-0.0654,-0.0017,6.3986,-36.8392,0.0000,0.0684,0.0684,-0.0168,0.0000,0.0000,-0.0010,-0.0004,0.0000
0.1298,2.1793,2.2642,-0.0570,0.0005,6.3776,-36.5997,0.0000,0.0461,0.0461,-0.0297,0.0000,0.0000,0.0003,0.0001,0.0000
0.1438,2.1407,2.2646,-0.0486,0.0005,6.3587,-36.3785,0.0000,0.0281,0.0281,-0.0406,0.0000,0.0000,0.0003,0.0001,0.0000
-0.0566,2.3844,2.2650,-0.0422,-0.0016,6.3553,-36.1582,0.0000,-0.0116,-0.0116,-0.0502,0.0000,0.0000,-0.0010,-0.0004,0.0000
0.0529,2.2018,2.2653,-0.0338,-0.0016,6.3436,-35.9383,0.0000,-0.0301,-0.0301,-0.0588,0.0000,0.0000,-0.0010,-0.0004,0.0000
0.0823,2.1871,2.2656,-0.0254,-0.0016,6.3344,-35.7137,0.0000,-0.0559,-0.0559,-0.0676,0.0000,0.0000,-0.0010,-0.0004,0.0000
0.0920,2.1840,2.2659,-0.0170,-0.0016,6.3204,-35.4756,0.0000,-0.0776,-0.0776,-0.0753,0.0000,0.0000,-0.0010,-0.0004,0.0000
0.0651,2.2296,2.2662,-0.0086,-0.0015,6.3070,-35.2503,0.0000,-0.0977,-0.0977,-0.0795,0.0000,0.0000,-0.0009,-0.0004,0.0000
-0.0850,2.3643,2.2664,-0.0002,-0.0015,6.3009,-35.0291,0.0000,-0.1302,-0.1302,-0.0863,0.0000,0.0000,-0.0009,-0.0004,0.0000
0.0058,2.2379,2.2666,0.0082,-0.0015,6.2902,-34.8000,0.0000,-0.1425,-0.1425,-0.0884,0.0000,0.0000,-0.0009,-0.0004,0.0000
0.0709,2.1943,2.2668,0.0166,-0.0012,6.2877,-34.5713,0.0000,-0.1685,-0.1685,-0.0919,0.0000,0.0000,-0.0007,-0.0003,0.0000
0.0186,2.2732,2.2669,0.0249,-0.0012,6.2686,-34.3411,0.0000,-0.1784,-0.1784,-0.0912,0.0000,0.0000,-0.0007,-0.0003,0.0000
0.0075,2.2670,2.2671,0.0333,-0.0012,6.2573,-34.1246,0.0000,-0.1904,-0.1904,-0.0903,0.0000,0.0000,-0.0007,-0.0003,0.0000
-0.0158,2.2908,2.2672,0.0417,-0.0012,6.2429,-33.9040,0.0000,-0.2009,-0.2009,-0.0892,0.0000,0.0000,-0.0007,-0.0003,0.0000
-0.0488,2.1493,2.2529,0.0498,-0.0015,6.2320,-33.6715,0.0000,-0.2070,-0.2070,-0.0867,0.0000,0.0000,-0.0009,-0.0004,0.0000
-0.0516,2.1919,2.2400,0.0582,-0.0015,6.2187,-33.4587,0.0000,-0.2151,-0.2151,-0.0824,0.0000,0.0000,-0.0009,-0.0004,0.0000
0.0085,2.1152,2.2284,0.0666,-0.0015,6.1951,-33.2416,0.0000,-0.2085,-0.2085,-0.0779,0.0000,0.0000,-0.0009,-0.0004,0.0000
0.0304,2.1152,2.2180,0.0750,-0.0010,6.1775,-33.0208,0.0000,-0.2093,-0.2093,-0.0696,0.0000,0.0000,-0.0006,-0.0002,0.0000
0.0311,2.1152,2.2086,0.0834,-0.0010,6.1563,-32.8032,0.0000,-0.2052,-0.2052,-0.0626,0.0000,0.0000,-0.0006,-0.0002,0.0000
-0.0461,2.1971,2.2001,0.0918,-0.0010,6.1376,-32.5828,0.0000,-0.2058,-0.2058,-0.0552,0.0000,0.0000,-0.0006,-0.0002,0.0000
-0.0441,2.1697,2.1925,0.1002,-0.0010,6.1205,-32.3669,0.0000,-0.2028,-0.2028,-0.0465,0.0000,0.0000,-0.0006,-0.0002,0.0000
-0.0589,2.1947,2.1857,0.0918,-0.0100,6.0933,-32.1421,0.0000,-0.1913,-0.1913,-0.0369,0.0000,0.0000,-0.0060,-0.0024,0.0000
-0.0384,2.1480,2.1795,0.0874,-0.0100,6.0658,-31.9259,0.0000,-0.1766,-0.1766,-0.0270,0.0000,0.0000,-0.0060,-0.0024,0.0000
-0.1131,2.2474,2.1740,0.0790,-0.0100,6.0366,-31.7201,0.0000,-0.1600,-0.1600,-0.0164,0.0000,0.0000,-0.0060,-0.0024,0.0000
-0.0690,2.1640,2.1690,0.0710,-0.0098,5.9894,-31.4989,0.0000,-0.1242,-0.1242,-0.0036,0.0000,0.0000,-0.0059,-0.0024,0.0000
0.0511,2.0646,2.1645,0.0626,-0.0098,5.9547,-31.2735,0.0000,-0.1053,-0.1053,0.0053,0.0000,0.0000,-0.0059,-0.0024,0.0000
-0.1206,2.2491,2.1604,0.0542,-0.0098,5.9112,-31.0556,0.0000,-0.0748,-0.0748,0.0149,0.0000,0.0000,-0.0059,-0.0024,0.0000
-0.1485,2.2631,2.1568,0.0460,-0.0095,5.8646,-30.8428,0.0000,-0.0424,-0.0424,0.0164,0.0000,0.0000,-0.0057,-0.0023,0.0000
-0.1177,2.2075,2.1535,0.0376,-0.0095,5.8249,-30.6323,0.0000,-0.0197,-0.0197,0.0241,0.0000,0.0000,-0.0057,-0.0023,0.0000
-0.0691,2.1632,2.1506,0.0292,-0.0095,5.7787,-30.4063,0.0000,0.0072,0.0072,0.0318,0.0000,0.0000,-0.0057,-0.0023,0.0000
-0.0217,2.1264,2.1479,0.0208,-0.0095,5.7306,-30.1919,0.0000,0.0363,0.0363,0.0384,0.0000,0.0000,-0.0057,-0.0023,0.0000
-0.1530,2.2889,2.1455,0.0159,-0.0060,5.6851,-29.9808,0.0000,0.0667,0.0667,0.0521,0.0000,0.0000,-0.0036,-0.0015,0.0000
-0.0947,2.1809,2.1434,0.0075,-0.0060,5.6324,-29.7693,0.0000,0.0978,0.0978,0.0563,0.0000,0.0000,-0.0036,-0.0015,0.0000
-0.0422,2.1425,2.1414,-0.0009,-0.0060,5.5818,-29.5555,0.0000,0.1271,0.1271,0.0595,0.0000,0.0000,-0.0036,-0.0015,0.0000
-0.0581,2.1793,2.1397,-0.0093,-0.0060,5.5390,-29.3453,0.0000,0.1500,0.1500,0.0615,0.0000,0.0000,-0.0036,-0.0015,0.0000
-0.0643,2.1793,2.1381,-0.0176,-0.0060,5.4907,-29.1363,0.0000,0.1769,0.1769,0.0638,0.0000,0.0000,-0.0036,-0.0015,0.0000
-0.0674,2.1793,2.1367,-0.0260,-0.0060,5.4423,-28.9343,0.0000,0.2032,0.2032,0.0637,0.0000,0.0000,-0.0036,-0.0015,0.0000
-0.0231,2.1266,2.1355,-0.0343,-0.0060,5.3993,-28.7249,0.0000,0.2200,0.2200,0.0622,0.0000,0.0000,-0.0036,-0.0015,0.0000
-0.0822,2.0593,2.1219,-0.0427,-0.0067,5.3519,-28.5092,0.0000,0.2385,0.2385,0.0585,0.0000,0.0000,-0.0040,-0.0016,0.0000
-0.1123,2.1190,2.1097,-0.0511,-0.0067,5.3095,-28.3011,0.0000,0.2549,0.2549,0.0539,0.0000,0.0000,-0.0040,-0.0016,0.0000
-0.2000,2.1894,2.0987,-0.0595,-0.0067,5.2632,-28.0987,0.0000,0.2744,0.2744,0.0480,0.0000,0.0000,-0.0040,-0.0016,0.0000
-0.0902,2.0566,2.0889,-0.0679,-0.0067,5.2351,-27.8965,0.0000,0.2686,0.2686,0.0397,0.0000,0.0000,-0.0040,-0.0016,0.0000
-0.0644,2.0566,2.0800,-0.0763,-0.0070,5.2062,-27.6902,0.0000,0.2660,0.2660,0.0316,0.0000,0.0000,-0.0042,-0.0017,0.0000
-0.0335,2.0254,2.0720,-0.0847,-0.0070,5.1834,-27.4802,0.0000,0.2560,0.2560,0.0223,0.0000,0.0000,-0.0042,-0.0017,0.0000
-0.0578,2.0656,2.0648,-0.0931,-0.0073,5.1602,-27.2790,0.0000,0.2470,0.2470,0.0119,0.0000,0.0000,-0.0044,-0.0018,0.0000
-0.0902,2.0959,2.0583,-0.1014,-0.0073,5.1202,-27.0739,0.0000,0.2573,0.2573,0.0047,0.0000,0.0000,-0.0044,-0.0018,0.0000
-0.0297,2.0097,2.0525,-0.0930,0.0018,5.1043,-26.8601,0.0000,0.2363,0.2363,0.0069,0.0000,0.0000,0.0011,0.0004,0.0000
-0.0579,2.0693,2.0472,-0.0846,0.0018,5.0861,-26.6420,0.0000,0.2215,0.2215,-0.0059,0.0000,0.0000,0.0011,0.0004,0.0000
-0.1270,2.1289,2.0425,-0.0765,0.0015,5.0624,-26.4296,0.0000,0.2127,0.2127,-0.0180,0.0000,0.0000,0.0009,0.0003,0.0000
-0.1801,2.1712,2.0383,-0.0704,-0.0009,5.0503,-26.2184,0.0000,0.1895,0.1895,-0.0390,0.0000,0.0000,-0.0005,-0.0002,0.0000
-0.1538,2.1172,2.0344,-0.0621,-0.0009,5.0417,-26.0056,0.0000,0.1656,0.1656,-0.0510,0.0000,0.0000,-0.0005,-0.0002,0.0000
-0.1310,2.0996,2.0310,-0.0538,-0.0009,5.0356,-25.7944,0.0000,0.1396,0.1396,-0.0622,0.0000,0.0000,-0.0005,-0.0002,0.0000
-0.1324,2.1128,2.0279,-0.0454,-0.0009,5.0294,-25.5761,0.0000,0.1138,0.1138,-0.0719,0.0000,0.0000,-0.0005,-0.0002,0.0000
-0.1209,2.0969,2.0251,-0.0382,-0.0021,5.0283,-25.3739,0.0000,0.0861,0.0861,-0.0849,0.0000,0.0000,-0.0013,-0.0005,0.0000
-0.1782,2.1650,2.0226,-0.0298,-0.0021,5.0315,-25.1717,0.0000,0.0497,0.0497,-0.0937,0.0000,0.0000,-0.0013,-0.0005,0.0000
-0.0519,2.0057,2.0203,-0.0214,-0.0021,5.0288,-24.9657,0.0000,0.0318,0.0318,-0.1008,0.0000,0.0000,-0.0013,-0.0005,0.0000
-0.0208,2.0071,2.0183,-0.0130,-0.0021,5.0129,-24.7517,0.0000,0.0215,0.0215,-0.1049,0.0000,0.0000,-0.0013,-0.0005,0.0000
-0.0407,2.0429,2.0165,-0.0048,-0.0024,5.0264,-24.5487,0.0000,-0.0229,-0.0229,-0.1123,0.0000,0.0000,-0.0015,-0.0006,0.0000
-0.1272,2.1259,2.0148,0.0036,-0.0024,5.0228,-24.3349,0.0000,-0.0470,-0.0470,-0.1136,0.0000,0.0000,-0.0015,-0.0006,0.0000
-0.0509,2.0195,2.0133,0.0119,-0.0024,5.0199,-24.1183,0.0000,-0.0642,-0.0642,-0.1176,0.0000,0.0000,-0.0015,-0.0006,0.0000
-0.1244,2.1201,2.0120,0.0203,-0.0024,5.0222,-23.9072,0.0000,-0.0933,-0.0933,-0.1172,0.0000,0.0000,-0.0015,-0.0006,0.0000
-0.1728,2.1468,2.0108,0.0287,-0.0019,5.0193,-23.6924,0.0000,-0.1137,-0.1137,-0.1158,0.0000,0.0000,-0.0011,-0.0005,0.0000
-0.1341,2.0928,2.0097,0.0371,-0.0019,5.0130,-23.4712,0.0000,-0.1254,-0.1254,-0.1148,0.0000,0.0000,-0.0011,-0.0005,0.0000
-0.1597,2.1303,2.0088,0.0455,-0.0019,5.0146,-23.2482,0.0000,-0.1495,-0.1495,-0.1131,0.0000,0.0000,-0.0011,-0.0005,0.0000
-0.2000,2.1943,2.0079,0.0539,-0.0017,5.0136,-23.0312,0.0000,-0.1699,-0.1699,-0.1081,0.0000,0.0000,-0.0010,-0.0004,0.0000
-0.2000,2.2103,2.0071,0.0623,-0.0017,5.0077,-22.8086,0.0000,-0.1817,-0.1817,-0.1036,0.0000,0.0000,-0.0010,-0.0004,0.0000
-0.2000,2.1519,2.0064,0.0707,-0.0017,4.9999,-22.5844,0.0000,-0.1873,-0.1873,-0.0984,0.0000,0.0000,-0.0010,-0.0004,0.0000
-0.2000,2.2087,2.0057,0.0791,-0.0011,4.9940,-22.3638,0.0000,-0.1998,-0.1998,-0.0916,0.0000,0.0000,-0.0007,-0.0003,0.0000
-0.2000,2.2254,2.0052,0.0875,-0.0011,4.9838,-22.1407,0.0000,-0.2044,-0.2044,-0.0848,0.0000,0.0000,-0.0007,-0.0003,0.0000
-0.2000,2.1884,2.0047,0.0959,-0.0011,4.9789,-21.9347,0.0000,-0.2095,-0.2095,-0.0771,0.0000,0.0000,-0.0007,-0.0003,0.0000
-0.2000,2.2152,2.0042,0.1043,-0.0011,4.9739,-21.7216,0.0000,-0.2162,-0.2162,-0.0681,0.0000,0.0000,-0.0007,-0.0003,0.0000
-0.0983,2.0445,2.0038,0.1123,-0.0015,4.9695,-21.5094,0.0000,-0.2168,-0.2168,-0.0584,0.0000,0.0000,-0.0009,-0.0004,0.0000
-0.1238,2.1130,2.0034,0.1098,-0.0015,4.9504,-21.3012,0.0000,-0.2096,-0.2096,-0.0487,0.0000,0.0000,-0.0009,-0.0004,0.0000
-0.1263,2.1049,2.0031,0.1041,-0.0015,4.9235,-21.1000,0.0000,-0.1894,-0.1894,-0.0367,0.0000,0.0000,-0.0009,-0.0004,0.0000
-0.1055,2.0753,2.0027,0.0986,-0.0015,4.9016,-20.8897,0.0000,-0.1759,-0.1759,-0.0257,0.0000,0.0000,-0.0009,-0.0004,0.0000
-0.0494,2.0176,2.0025,0.0902,-0.0036,4.8501,-20.6726,0.0000,-0.1306,-0.1306,-0.0105,0.0000,0.0000,-0.0022,-0.0009,0.0000
-0.0992,2.0993,2.0022,0.0818,-0.0036,4.8154,-20.4642,0.0000,-0.1046,-0.1046,0.0007,0.0000,0.0000,-0.0022,-0.0009,0.0000
-0.2000,2.2244,2.0020,0.0734,-0.0036,4.7798,-20.2436,0.0000,-0.0779,-0.0779,0.0118,0.0000,0.0000,-0.0022,-0.0009,0.0000
-0.1491,2.0992,2.0018,0.0650,-0.0036,4.7354,-20.0334,0.0000,-0.0432,-0.0432,0.0225,0.0000,0.0000,-0.0022,-0.0009,0.0000
-0.2005,2.2193,2.0016,0.0569,-0.0035,4.7018,-19.8202,0.0000,-0.0193,-0.0193,0.0312,0.0000,0.0000,-0.0021,-0.0009,0.0000
-0.1785,2.1351,2.0015,0.0485,-0.0035,4.6550,-19.6015,0.0000,0.0158,0.0158,0.0411,0.0000,0.0000,-0.0021,-0.0009,0.0000
-0.1760,2.1418,2.0013,0.0401,-0.0035,4.6123,-19.3858,0.0000,0.0456,0.0456,0.0482,0.0000,0.0000,-0.0021,-0.0009,0.0000
-0.2000,2.2212,2.0012,0.0430,0.0076,4.5660,-19.1761,0.0000,0.0808,0.0808,0.0551,0.0000,0.0000,0.0046,0.0018,0.0000
-0.2000,2.1829,2.0011,0.0346,0.0076,4.5218,-18.9629,0.0000,0.1101,0.1101,0.0609,0.0000,0.0000,0.0046,0.0018,0.0000
-0.1749,2.1309,2.0010,0.0262,0.0076,4.4713,-18.7496,0.0000,0.1449,0.1449,0.0669,0.0000,0.0000,0.0046,0.0018,0.0000
-0.1928,2.1605,2.0009,0.0178,0.0076,4.4195,-18.5376,0.0000,0.1831,0.1831,0.0721,0.0000,0.0000,0.0046,0.0018,0.0000
-0.2000,2.1755,2.0008,0.0100,0.0082,4.3634,-18.3203,0.0000,0.2250,0.2250,0.0798,0.0000,0.0000,0.0050,0.0020,0.0000
-0.1941,2.1659,2.0007,0.0018,0.0082,4.3039,-18.1020,0.0000,0.2678,0.2678,0.0836,0.0000,0.0000,0.0050,0.0020,0.0000
-0.2000,2.2270,2.0006,-0.0066,0.0082,4.2479,-17.8873,0.0000,0.3089,0.3089,0.0859,0.0000,0.0000,0.0050,0.0020,0.0000
-0.2000,2.2449,2.0006,-0.0147,0.0082,4.1932,-17.6724,0.0000,0.3457,0.3457,0.0871,0.0000,0.0000,0.0050,0.0020,0.0000
-0.2000,2.2011,2.0005,-0.0231,0.0034,4.1448,-17.4664,0.0000,0.3728,0.3728,0.0866,0.0000,0.0000,0.0021,0.0008,0.0000
-0.2000,2.1986,2.0005,-0.0315,0.0034,4.0995,-17.2587,0.0000,0.3979,0.3979,0.0859,0.0000,0.0000,0.0021,0.0008,0.0000
-0.1481,2.0976,2.0004,-0.0399,0.0034,4.0474,-17.0557,0.0000,0.4236,0.4236,0.0830,0.0000,0.0000,0.0021,0.0008,0.0000
-0.1501,2.1079,2.0004,-0.0483,0.0034,3.9971,-16.8472,0.0000,0.4507,0.4507,0.0792,0.0000,0.0000,0.0021,0.0008,0.0000
-0.1156,2.0766,2.0003,-0.0564,0.0037,3.9537,-16.6337,0.0000,0.4675,0.4675,0.0748,0.0000,0.0000,0.0022,0.0009,0.0000
-0.1997,2.1259,2.0003,-0.0648,0.0037,3.9170,-16.4057,0.0000,0.4756,0.4756,0.0659,0.0000,0.0000,0.0022,0.0009,0.0000
-0.2000,2.1588,2.0003,-0.0732,0.0037,3.8822,-16.1975,0.0000,0.4830,0.4830,0.0573,0.0000,0.0000,0.0022,0.0009,0.0000
-0.2000,2.2900,2.0002,-0.0769,0.0084,3.8478,-15.9788,0.0000,0.4908,0.4908,0.0474,0.0000,0.0000,0.0051,0.0020,0.0000
-0.1546,2.0927,2.0002,-0.0853,0.0084,3.8051,-15.7633,0.0000,0.5000,0.5000,0.0390,0.0000,0.0000,0.0051,0.0020,0.0000
-0.2000,2.1948,2.0002,-0.0937,0.0084,3.7882,-15.5409,0.0000,0.4825,0.4825,0.0246,0.0000,0.0000,0.0051,0.0020,0.0000
-0.2000,2.1757,2.0002,-0.1021,0.0084,3.7670,-15.3094,0.0000,0.4708,0.4708,0.0142,0.0000,0.0000,0.0051,0.0020,0.0000
-0.2000,2.2162,2.0002,-0.0978,0.0089,3.7436,-15.0986,0.0000,0.4606,0.4606,0.0031,0.0000,0.0000,0.0053,0.0021,0.0000
-0.2000,2.3063,2.0001,-0.0924,0.0089,3.7228,-14.8817,0.0000,0.4486,0.4486,-0.0084,0.0000,0.0000,0.0053,0.0021,0.0000
-0.1529,2.1035,2.0001,-0.0848,0.0089,3.7195,-14.6690,0.0000,0.4198,0.4198,-0.0215,0.0000,0.0000,0.0053,0.0021,0.0000
-0.1802,2.1607,2.0001,-0.0783,0.0089,3.7018,-14.4682,0.0000,0.4054,0.4054,-0.0338,0.0000,0.0000,0.0053,0.0021,0.0000
-0.1545,2.1132,2.0001,-0.0702,0.0089,3.6951,-14.2636,0.0000,0.3816,0.3816,-0.0458,0.0000,0.0000,0.0053,0.0021,0.0000
-0.0427,1.9980,2.0001,-0.0648,0.0113,3.6905,-14.0381,0.0000,0.3581,0.3581,-0.0490,0.0000,0.0000,0.0068,0.0027,0.0000
-0.0399,2.0320,2.0001,-0.0564,0.0113,3.6809,-13.8261,0.0000,0.3398,0.3398,-0.0586,0.0000,0.0000,0.0068,0.0027,0.0000
-0.1999,2.2380,2.0001,-0.0648,-0.0836,3.6855,-13.6313,0.0000,0.3025,0.3025,-0.0682,0.0000,0.0000,-0.0505,-0.0202,0.0000
-0.1654,2.1032,2.0001,-0.0732,-0.0836,3.6836,-13.4190,0.0000,0.2818,0.2818,-0.0776,0.0000,0.0000,-0.0505,-0.0202,0.0000
0.0267,1.9339,2.0001,-0.0769,-0.0945,3.6926,-13.2056,0.0000,0.2519,0.2519,-0.1098,0.0000,0.0000,-0.0571,-0.0228,0.0000
-0.0924,2.1057,2.0001,-0.0685,-0.0945,3.6942,-12.9862,0.0000,0.2059,0.2059,-0.1211,0.0000,0.0000,-0.0571,-0.0228,0.0000
-0.1367,2.1203,2.0001,-0.0602,-0.0945,3.7011,-12.7634,0.0000,0.1616,0.1616,-0.1337,0.0000,0.0000,-0.0571,-0.0228,0.0000
-0.1973,2.1755,2.0000,-0.0518,-0.0945,3.7097,-12.5554,0.0000,0.1178,0.1178,-0.1426,0.0000,0.0000,-0.0571,-0.0228,0.0000
-0.2000,2.2111,2.0000,-0.0434,0.1169,3.7096,-12.3256,0.0000,0.0773,0.0773,-0.1469,0.0000,0.0000,0.0707,0.0283,0.0000
-0.1226,2.0646,2.0000,-0.0350,0.1169,3.7070,-12.1072,0.0000,0.0602,0.0602,-0.1564,0.0000,0.0000,0.0707,0.0283,0.0000
-0.2001,2.2761,2.0000,-0.0266,0.1169,3.7232,-11.8990,0.0000,-0.0018,-0.0018,-0.1649,0.0000,0.0000,0.0707,0.0283,0.0000
-0.1883,2.1636,2.0000,-0.0182,0.1169,3.7341,-11.6925,0.0000,-0.0328,-0.0328,-0.1740,0.0000,0.0000,0.0707,0.0283,0.0000
-0.1250,2.0704,2.0000,-0.0147,0.1120,3.7327,-11.4855,0.0000,-0.0479,-0.0479,-0.1873,0.0000,0.0000,0.0678,0.0271,0.0000
-0.0871,2.0497,2.0000,-0.0063,0.1120,3.7555,-11.2984,0.0000,-0.0929,-0.0929,-0.1922,0.0000,0.0000,0.0678,0.0271,0.0000
-0.0703,2.0511,2.0000,-0.0147,0.0027,3.8028,-11.0888,0.0000,-0.1657,-0.1657,-0.1959,0.0000,0.0000,0.0016,0.0006,0.0000
0.1185,1.8690,2.0000,-0.0063,0.0027,3.8038,-10.8800,0.0000,-0.1707,-0.1707,-0.1957,0.0000,0.0000,0.0016,0.0006,0.0000
-0.0817,2.1329,2.0000,0.0021,0.0974,3.8240,-10.6648,0.0000,-0.2381,-0.2381,-0.0644,0.0000,0.0000,0.0588,0.0235,0.0000
-0.0806,2.0702,2.0000,0.0105,0.0974,3.8458,-10.4505,0.0000,-0.2534,-0.2534,-0.0660,0.0000,0.0000,0.0588,0.0235,0.0000
-0.1439,2.1437,2.0000,0.0021,0.0768,3.8620,-10.2389,0.0000,-0.2695,-0.2695,-0.0692,0.0000,0.0000,0.0464,0.0185,0.0000
-0.1514,2.1351,2.0000,0.0105,0.0768,3.8687,-10.0230,0.0000,-0.2702,-0.2702,-0.0694,0.0000,0.0000,0.0464,0.0185,0.0000
-0.1476,2.1041,2.0000,0.0189,0.0768,3.8822,-9.7956,0.0000,-0.2781,-0.2781,-0.0689,0.0000,0.0000,0.0464,0.0185,0.0000
-0.1492,2.1412,2.0000,0.0105,-0.1209,3.8900,-9.5855,0.0000,-0.3442,-0.3442,-0.3633,0.0000,0.0000,-0.0732,-0.0293,0.0000
-0.2000,2.2588,2.0000,0.0189,-0.1209,3.8915,-9.3724,0.0000,-0.4215,-0.4215,-0.3623,0.0000,0.0000,-0.0732,-0.0293,0.0000
-0.1351,2.0841,2.0000,0.0251,-0.1230,3.8923,-9.1452,0.0000,-0.4502,-0.4502,-0.3615,0.0000,0.0000,-0.0745,-0.0298,0.0000
-0.1475,2.1126,2.0000,0.0335,-0.0138,3.9035,-8.9333,0.0000,-0.5102,-0.5102,-0.2228,0.0000,0.0000,-0.0083,-0.0033,0.0000
-0.2001,2.2533,2.0000,0.0419,-0.0138,3.9077,-8.7214,0.0000,-0.5544,-0.5544,-0.2206,0.0000,0.0000,-0.0083,-0.0033,0.0000
-0.1536,2.1043,2.0000,0.0503,-0.0138,3.9364,-8.5010,0.0000,-0.5909,-0.5909,-0.2170,0.0000,0.0000,-0.0083,-0.0033,0.0000
-0.1349,2.1014,2.0000,0.0587,0.0576,3.9543,-8.2812,0.0000,-0.6324,-0.6324,-0.2133,0.0000,0.0000,0.0347,0.0139,0.0000
-0.1985,2.2032,2.0000,0.0671,0.0782,3.9699,-8.0648,0.0000,-0.6726,-0.6726,-0.1699,0.0000,0.0000,0.0472,0.0189,0.0000
-0.1853,2.1517,2.0000,0.0755,0.0782,3.9808,-7.8395,0.0000,-0.6919,-0.6919,-0.1630,0.0000,0.0000,0.0472,0.0189,0.0000
-0.1766,2.1517,2.0000,0.0839,0.0782,3.9815,-7.6141,0.0000,-0.7058,-0.7058,-0.1565,0.0000,0.0000,0.0472,0.0189,0.0000
-0.1783,2.1517,2.0000,0.0923,0.0782,3.9893,-7.3816,0.0000,-0.7261,-0.7261,-0.1486,0.0000,0.0000,0.0472,0.0189,0.0000
-0.2000,2.3072,2.0000,0.0917,0.0692,4.0006,-7.1560,0.0000,-0.7646,-0.7646,-0.1590,0.0000,0.0000,0.0418,0.0167,0.0000
-0.2000,2.3072,2.0000,0.0833,-0.1050,4.0007,-6.9281,0.0000,-0.7786,-0.7786,-0.1495,0.0000,0.0000,-0.0635,-0.0254,0.0000
-0.2000,2.3072,2.0000,0.0833,-0.1050,4.0012,-6.6973,0.0000,-0.7911,-0.7911,-0.1381,0.0000,0.0000,-0.0635,-0.0254,0.0000
-0.2000,2.2619,2.0000,0.0803,-0.1028,3.9939,-6.4818,0.0000,-0.7925,-0.7925,-0.1240,0.0000,0.0000,-0.0622,-0.0249,0.0000
-0.2000,2.2910,2.0000,0.0753,-0.1028,3.9814,-6.2598,0.0000,-0.7934,-0.7934,-0.1138,0.0000,0.0000,-0.0622,-0.0249,0.0000
-0.1832,2.1415,2.0000,0.0703,-0.1028,3.9706,-6.0443,0.0000,-0.7857,-0.7857,-0.1035,0.0000,0.0000,-0.0622,-0.0249,0.0000
-0.2000,2.2083,2.0000,0.0787,0.0057,3.9597,-5.8166,0.0000,-0.7920,-0.7920,-0.0942,0.0000,0.0000,0.0035,0.0014,0.0000
-0.2000,2.1431,2.0000,0.0870,0.0057,3.9412,-5.5983,0.0000,-0.7839,-0.7839,-0.0848,0.0000,0.0000,0.0035,0.0014,0.0000
-0.2000,2.2620,2.0000,0.0786,-0.0656,3.9245,-5.3789,0.0000,-0.8105,-0.8105,-0.1703,0.0000,0.0000,-0.0396,-0.0158,0.0000
-0.2000,2.1856,2.0000,0.0870,-0.0656,3.8986,-5.1624,0.0000,-0.8108,-0.8108,-0.1605,0.0000,0.0000,-0.0396,-0.0158,0.0000
-0.2000,2.1856,2.0000,0.0947,-0.0664,3.8714,-4.9432,0.0000,-0.8173,-0.8173,-0.1511,0.0000,0.0000,-0.0401,-0.0160,0.0000
-0.2000,2.1856,2.0000,0.1031,-0.0664,3.8505,-4.7195,0.0000,-0.8314,-0.8314,-0.1422,0.0000,0.0000,-0.0401,-0.0160,0.0000
-0.2000,2.1921,2.0000,0.1115,0.1022,3.8251,-4.5019,0.0000,-0.8076,-0.8076,0.0843,0.0000,0.0000,0.0618,0.0247,0.0000
-0.2000,2.2317,2.0000,0.1199,0.1022,3.7830,-4.2893,0.0000,-0.7476,-0.7476,0.0955,0.0000,0.0000,0.0618,0.0247,0.0000
-0.2000,2.1749,2.0000,0.1189,0.0928,3.7547,-4.0688,0.0000,-0.7064,-0.7064,0.1064,0.0000,0.0000,0.0561,0.0224,0.0000
-0.2000,2.1564,2.0000,0.1273,0.0928,3.7146,-3.8673,0.0000,-0.6506,-0.6506,0.1209,0.0000,0.0000,0.0561,0.0224,0.0000
-0.2000,2.2062,2.0000,0.1189,-0.0158,3.6558,-3.6546,0.0000,-0.6052,-0.6052,-0.0125,0.0000,0.0000,-0.0095,-0.0038,0.0000
-0.0996,2.0455,2.0000,0.1111,-0.0151,3.6096,-3.4488,0.0000,-0.5711,-0.5711,0.0006,0.0000,0.0000,-0.0091,-0.0036,0.0000
-0.1885,2.1985,2.0000,0.1027,-0.0154,3.5685,-3.2495,0.0000,-0.5406,-0.5406,0.0145,0.0000,0.0000,-0.0093,-0.0037,0.0000
-0.0759,2.0232,2.0000,0.0943,-0.0154,3.5182,-3.0512,0.0000,-0.5035,-0.5035,0.0281,0.0000,0.0000,-0.0093,-0.0037,0.0000
-0.0452,2.0232,2.0000,0.0867,-0.0146,3.4679,-2.8533,0.0000,-0.4664,-0.4664,0.0419,0.0000,0.0000,-0.0088,-0.0035,0.0000
-0.0451,2.0364,2.0000,0.0783,-0.0146,3.4212,-2.6497,0.0000,-0.4357,-0.4357,0.0515,0.0000,0.0000,-0.0088,-0.0035,0.0000
-0.0398,2.0298,2.0000,0.0699,-0.0213,3.3594,-2.4641,0.0000,-0.3861,-0.3861,0.0632,0.0000,0.0000,-0.0128,-0.0051,0.0000
-0.0728,2.0740,2.0000,0.0615,-0.0213,3.3003,-2.2739,0.0000,-0.3401,-0.3401,0.0729,0.0000,0.0000,-0.0128,-0.0051,0.0000
0.0253,1.9490,2.0000,0.0531,-0.0213,3.2459,-2.0803,0.0000,-0.3076,-0.3076,0.0806,0.0000,0.0000,-0.0128,-0.0051,0.0000
0.0253,1.9794,2.0000,0.0502,-0.0157,3.1836,-1.8913,0.0000,-0.2589,-0.2589,0.1011,0.0000,0.0000,-0.0095,-0.0038,0.0000
0.0114,1.9969,2.0000,0.0418,-0.0157,3.1325,-1.6990,0.0000,-0.2231,-0.2231,0.1073,0.0000,0.0000,-0.0095,-0.0038,0.0000
0.0184,1.9779,2.0000,0.0334,-0.0198,3.0797,-1.5000,0.0000,-0.1880,-0.1880,0.1137,0.0000,0.0000,-0.0120,-0.0048,0.0000
0.0237,1.9745,2.0000,0.0250,-0.0198,3.0125,-1.3101,0.0000,-0.1366,-0.1366,0.1203,0.0000,0.0000,-0.0120,-0.0048,0.0000
-0.0248,2.0425,2.0000,0.0261,-0.0104,2.9428,-1.1230,0.0000,-0.0782,-0.0782,0.1474,0.0000,0.0000,-0.0063,-0.0025,0.0000
-0.0127,2.0005,2.0000,0.0177,-0.0104,2.8807,-0.9387,0.0000,-0.0332,-0.0332,0.1508,0.0000,0.0000,-0.0063,-0.0025,0.0000
0.0030,1.9838,2.0000,0.0093,-0.0104,2.8138,-0.7568,0.0000,0.0180,0.0180,0.1537,0.0000,0.0000,-0.0063,-0.0025,0.0000
0.0632,1.9289,2.0000,0.0177,0.0064,2.7512,-0.5705,0.0000,0.0619,0.0619,0.1571,0.0000,0.0000,0.0039,0.0015,0.0000
0.0815,1.9230,2.0000,0.0094,0.0064,2.6899,-0.3813,0.0000,0.1068,0.1068,0.1590,0.0000,0.0000,0.0039,0.0015,0.0000
0.0691,1.9496,2.0000,0.0010,0.0064,2.6294,-0.1943,0.0000,0.1532,0.1532,0.1605,0.0000,0.0000,0.0039,0.0015,0.0000
0.0488,1.9728,2.0000,-0.0074,0.0057,2.5727,-0.0024,0.0000,0.1944,0.1944,0.1593,0.0000,0.0000,0.0034,0.0014,0.0000
0.0595,1.9494,2.0000,-0.0157,0.0057,2.5158,0.1698,0.0000,0.2344,0.2344,0.1611,0.0000,0.0000,0.0034,0.0014,0.0000
0.0337,1.9838,2.0000,-0.0241,0.0057,2.4525,0.3428,0.0000,0.2840,0.2840,0.1613,0.0000,0.0000,0.0034,0.0014,0.0000
0.2001,1.7980,2.0000,-0.0325,0.0057,2.3986,0.5137,0.0000,0.3052,0.3052,0.1600,0.0000,0.0000,0.0034,0.0014,0.0000
0.2000,1.8269,2.0000,-0.0409,0.0057,2.3395,0.6952,0.0000,0.3459,0.3459,0.1565,0.0000,0.0000,0.0034,0.0014,0.0000
0.2000,1.7770,2.0000,-0.0493,-0.0079,2.2813,0.8686,0.0000,0.3817,0.3817,0.1556,0.0000,0.0000,-0.0047,-0.0019,0.0000
0.1579,1.8906,2.0000,-0.0577,-0.0079,2.2276,1.0321,0.0000,0.4245,0.4245,0.1514,0.0000,0.0000,-0.0047,-0.0019,0.0000
0.2000,1.8125,2.0000,-0.0659,-0.0079,2.1775,1.2025,0.0000,0.4471,0.4471,0.1454,0.0000,0.0000,-0.0047,-0.0019,0.0000
0.2000,1.7049,2.0000,-0.0743,-0.0079,2.1283,1.3847,0.0000,0.4655,0.4655,0.1388,0.0000,0.0000,-0.0047,-0.0019,0.0000
0.2000,1.7603,2.0000,-0.0827,-0.0079,2.0746,1.5735,0.0000,0.4986,0.4986,0.1316,0.0000,0.0000,-0.0047,-0.0019,0.0000
0.1829,1.8704,2.0000,-0.0878,-0.0046,2.0311,1.7577,0.0000,0.5262,0.5262,0.1372,0.0000,0.0000,-0.0028,-0.0011,0.0000
0.1034,1.9444,2.0000,-0.0962,-0.0046,1.9874,1.9359,0.0000,0.5514,0.5514,0.1278,0.0000,0.0000,-0.0028,-0.0011,0.0000
0.1906,1.8767,2.0000,-0.1046,-0.0046,1.9484,2.1159,0.0000,0.5626,0.5626,0.1181,0.0000,0.0000,-0.0028,-0.0011,0.0000
0.2000,1.8186,2.0000,-0.1129,-0.0046,1.9071,2.2984,0.0000,0.5767,0.5767,0.1082,0.0000,0.0000,-0.0028,-0.0011,0.0000
0.2000,1.8256,2.0000,-0.1087,0.0079,1.8702,2.5166,0.0000,0.5789,0.5789,0.0980,0.0000,0.0000,0.0048,0.0019,0.0000
0.1923,1.8547,2.0000,-0.1171,0.0079,1.8551,2.7405,0.0000,0.5665,0.5665,0.0839,0.0000,0.0000,0.0048,0.0019,0.0000
-0.0078,2.1970,2.0000,-0.1255,0.0079,1.8231,2.9436,0.0000,0.5853,0.5853,0.0720,0.0000,0.0000,0.0048,0.0019,0.0000
-0.2000,2.2326,2.0000,-0.1325,0.0079,1.8056,3.1398,0.0000,0.5761,0.5761,0.0595,0.0000,0.0000,0.0048,0.0019,0.0000
-0.0932,2.0383,2.0000,-0.1409,-0.0134,1.7708,3.3436,0.0000,0.5750,0.5750,0.0067,0.0000,0.0000,-0.0081,-0.0032,0.0000
0.0119,1.9577,2.0000,-0.1325,-0.0134,1.7445,3.5710,0.0000,0.5585,0.5585,-0.0112,0.0000,0.0000,-0.0081,-0.0032,0.0000
-0.0334,2.0463,2.0000,-0.1241,-0.0134,1.7327,3.7764,0.0000,0.5340,0.5340,-0.0243,0.0000,0.0000,-0.0081,-0.0032,0.0000
-0.2000,2.2719,2.0000,-0.1157,-0.0134,1.7236,3.9691,0.0000,0.4976,0.4976,-0.0434,0.0000,0.0000,-0.0081,-0.0032,0.0000
-0.0966,2.0421,2.0000,-0.1073,-0.0134,1.7301,4.1725,0.0000,0.4573,0.4573,-0.0596,0.0000,0.0000,-0.0081,-0.0032,0.0000
0.0606,1.9177,2.0000,-0.0989,0.0017,1.7337,4.3706,0.0000,0.4226,0.4226,-0.0443,0.0000,0.0000,0.0010,0.0004,0.0000
-0.0036,2.0265,2.0000,-0.0905,0.0017,1.7325,4.5767,0.0000,0.3914,0.3914,-0.0579,0.0000,0.0000,0.0010,0.0004,0.0000
0.0537,1.9701,2.0029,-0.0821,0.0017,1.7286,4.7848,0.0000,0.3673,0.3673,-0.0714,0.0000,0.0000,0.0010,0.0004,0.0000
0.0868,2.0460,2.0133,-0.0737,0.0017,1.7315,4.9995,0.0000,0.3314,0.3314,-0.0844,0.0000,0.0000,0.0010,0.0004,0.0000
0.1274,2.0653,2.0295,-0.0653,0.0026,1.7459,5.2152,0.0000,0.2856,0.2856,-0.0907,0.0000,0.0000,0.0016,0.0006,0.0000
0.0639,2.1306,2.0441,-0.0569,0.0026,1.7329,5.4099,0.0000,0.2772,0.2772,-0.0949,0.0000,0.0000,0.0016,0.0006,0.0000
0.0394,2.1472,2.0572,-0.0485,0.0036,1.7562,5.6394,0.0000,0.2164,0.2164,-0.1140,0.0000,0.0000,0.0021,0.0009,0.0000
0.1808,1.9329,2.0690,-0.0401,0.0036,1.7751,5.8525,0.0000,0.1862,0.1862,-0.1227,0.0000,0.0000,0.0021,0.0009,0.0000
-0.0309,2.2959,2.0796,-0.0415,-0.0062,1.7719,6.0556,0.0000,0.1468,0.1468,-0.1446,0.0000,0.0000,-0.0038,-0.0015,0.0000
0.0200,2.1231,2.0892,-0.0331,-0.0062,1.7948,6.2749,0.0000,0.1033,0.1033,-0.1574,0.0000,0.0000,-0.0038,-0.0015,0.0000
0.1418,2.0126,2.0978,-0.0247,-0.0062,1.7976,6.4813,0.0000,0.0890,0.0890,-0.1591,0.0000,0.0000,-0.0038,-0.0015,0.0000
0.0165,2.1895,2.1055,-0.0163,-0.0062,1.8204,6.6936,0.0000,0.0216,0.0216,-0.1699,0.0000,0.0000,-0.0038,-0.0015,0.0000
0.1102,2.0458,2.1125,-0.0079,-0.0062,1.8253,6.9060,0.0000,0.0077,0.0077,-0.1719,0.0000,0.0000,-0.0038,-0.0015,0.0000
0.0809,2.1201,2.1188,0.0005,0.0025,1.8510,7.1309,0.0000,-0.0530,-0.0530,-0.1717,0.0000,0.0000,0.0015,0.0006,0.0000
0.0764,2.1055,2.1244,0.0089,0.0025,1.8928,7.3508,0.0000,-0.1169,-0.1169,-0.1775,0.0000,0.0000,0.0015,0.0006,0.0000
-0.0636,2.2456,2.1295,0.0173,0.0025,1.9114,7.5606,0.0000,-0.1633,-0.1633,-0.1763,0.0000,0.0000,0.0015,0.0006,0.0000
-0.0599,2.2220,2.1341,0.0257,0.0025,1.9393,7.7874,0.0000,-0.2094,-0.2094,-0.1783,0.0000,0.0000,0.0015,0.0006,0.0000
0.0570,2.0882,2.1382,0.0284,-0.0032,1.9697,7.9818,0.0000,-0.2446,-0.2446,-0.1823,0.0000,0.0000,-0.0019,-0.0008,0.0000
-0.0895,2.2665,2.1419,0.0368,-0.0032,1.9875,8.1987,0.0000,-0.2935,-0.2935,-0.1796,0.0000,0.0000,-0.0019,-0.0008,0.0000
0.1068,1.9512,2.1452,0.0452,-0.0032,2.0055,8.4196,0.0000,-0.2980,-0.2980,-0.1760,0.0000,0.0000,-0.0019,-0.0008,0.0000
0.0435,2.1573,2.1482,0.0534,-0.0032,2.0164,8.6455,0.0000,-0.3426,-0.3426,-0.1732,0.0000,0.0000,-0.0019,-0.0008,0.0000
-0.0133,2.1977,2.1509,0.0618,0.0008,2.0273,8.8733,0.0000,-0.3706,-0.3706,-0.1598,0.0000,0.0000,0.0005,0.0002,0.0000
-0.0672,2.2431,2.1534,0.0702,0.0008,2.0333,9.1031,0.0000,-0.3912,-0.3912,-0.1545,0.0000,0.0000,0.0005,0.0002,0.0000
-0.1160,2.2617,2.1556,0.0786,0.0008,2.0563,9.3196,0.0000,-0.4257,-0.4257,-0.1494,0.0000,0.0000,0.0005,0.0002,0.0000
-0.1926,2.2805,2.1575,0.0870,0.0008,2.0569,9.5486,0.0000,-0.4357,-0.4357,-0.1416,0.0000,0.0000,0.0005,0.0002,0.0000
-0.0376,2.1580,2.1593,0.0945,0.0001,2.0569,9.7785,0.0000,-0.4352,-0.4352,-0.1374,0.0000,0.0000,0.0001,0.0000,0.0000
-0.1122,2.2734,2.1609,0.1029,0.0001,2.0397,10.0170,0.0000,-0.4334,-0.4334,-0.1275,0.0000,0.0000,0.0001,0.0000,0.0000
-0.1377,2.2825,2.1623,0.1113,0.0001,2.0325,10.2432,0.0000,-0.4315,-0.4315,-0.1163,0.0000,0.0000,0.0001,0.0000,0.0000
-0.2001,2.3768,2.1636,0.1197,0.0001,2.0391,10.4788,0.0000,-0.4487,-0.4487,-0.1052,0.0000,0.0000,0.0001,0.0000,0.0000
-0.1282,2.2494,2.1648,0.1281,0.0004,2.0168,10.7159,0.0000,-0.4223,-0.4223,-0.0868,0.0000,0.0000,0.0002,0.0001,0.0000
-0.1795,2.3368,2.1658,0.1309,0.0004,2.0036,10.9565,0.0000,-0.4154,-0.4154,-0.0739,0.0000,0.0000,0.0002,0.0001,0.0000
-0.2000,2.3705,2.1668,0.1261,0.0014,1.9948,11.1926,0.0000,-0.4089,-0.4089,-0.0604,0.0000,0.0000,0.0008,0.0003,0.0000
-0.2000,2.3933,2.1676,0.1177,-0.0029,1.9666,11.4164,0.0000,-0.3789,-0.3789,-0.0538,0.0000,0.0000,-0.0017,-0.0007,0.0000
-0.2000,2.3451,2.1684,0.1094,-0.0029,1.9297,11.6657,0.0000,-0.3405,-0.3405,-0.0360,0.0000,0.0000,-0.0017,-0.0007,0.0000
-0.1270,2.2464,2.1691,0.1010,-0.0029,1.9035,11.8909,0.0000,-0.3153,-0.3153,-0.0221,0.0000,0.0000,-0.0017,-0.0007,0.0000
-0.2000,2.5095,2.1694,0.0926,-0.0109,1.8797,12.1134,0.0000,-0.2967,-0.2967,-0.0093,0.0000,0.0000,-0.0066,-0.0026,0.0000
-0.1317,2.2534,2.1700,0.0842,-0.0109,1.8354,12.3218,0.0000,-0.2510,-0.2510,0.0061,0.0000,0.0000,-0.0066,-0.0026,0.0000
-0.0839,2.2220,2.1705,0.0803,-0.0065,1.8051,12.5554,0.0000,-0.2269,-0.2269,0.0260,0.0000,0.0000,-0.0039,-0.0016,0.0000
0.0224,2.1236,2.1710,0.0719,-0.0065,1.7672,12.7709,0.0000,-0.1926,-0.1926,0.0384,0.0000,0.0000,-0.0039,-0.0016,0.0000
-0.1412,2.3378,2.1714,0.0739,0.0040,1.7226,13.0097,0.0000,-0.1485,-0.1485,0.0494,0.0000,0.0000,0.0024,0.0010,0.0000
-0.0439,2.1747,2.1718,0.0655,0.0040,1.6564,13.2535,0.0000,-0.0933,-0.0933,0.0593,0.0000,0.0000,0.0024,0.0010,0.0000
-0.2000,2.4124,2.1721,0.0571,0.0026,1.5943,13.4805,0.0000,-0.0300,-0.0300,0.0644,0.0000,0.0000,0.0015,0.0006,0.0000
-0.2000,2.5115,2.1721,0.0487,0.0026,1.5500,13.7164,0.0000,0.0102,0.0102,0.0733,0.0000,0.0000,0.0015,0.0006,0.0000
-0.1970,2.3402,2.1725,0.0403,0.0026,1.5060,13.9173,0.0000,0.0428,0.0428,0.0823,0.0000,0.0000,0.0015,0.0006,0.0000
-0.2000,2.3822,2.1727,0.0333,0.0039,1.4708,14.1330,0.0000,0.0713,0.0713,0.0882,0.0000,0.0000,0.0023,0.0009,0.0000
-0.0003,2.0416,2.1730,0.0250,0.0039,1.4253,14.3540,0.0000,0.0910,0.0910,0.0948,0.0000,0.0000,0.0023,0.0009,0.0000
0.0058,2.1672,2.1732,0.0166,0.0039,1.3826,14.5632,0.0000,0.1290,0.1290,0.1003,0.0000,0.0000,0.0023,0.0009,0.0000
-0.0637,2.2388,2.1734,0.0082,0.0039,1.3224,14.7558,0.0000,0.1842,0.1842,0.1062,0.0000,0.0000,0.0023,0.0009,0.0000
0.0367,2.1166,2.1736,-0.0002,0.0039,1.2732,14.9638,0.0000,0.2144,0.2144,0.1099,0.0000,0.0000,0.0023,0.0009,0.0000
0.1618,2.0054,2.1738,-0.0065,0.0060,1.2123,15.1822,0.0000,0.2547,0.2547,0.1172,0.0000,0.0000,0.0036,0.0014,0.0000
0.0952,2.1192,2.1736,-0.0149,0.0060,1.1587,15.4055,0.0000,0.3013,0.3013,0.1199,0.0000,0.0000,0.0036,0.0014,0.0000
-0.1562,2.2489,2.1631,-0.0233,0.0060,1.1007,15.6522,0.0000,0.3491,0.3491,0.1203,0.0000,0.0000,0.0036,0.0014,0.0000
-0.2000,2.2776,2.1468,-0.0317,0.0058,1.0464,15.8794,0.0000,0.3878,0.3878,0.1163,0.0000,0.0000,0.0035,0.0014,0.0000
-0.1999,2.5131,2.1321,-0.0401,0.0058,0.9866,16.0904,0.0000,0.4430,0.4430,0.1148,0.0000,0.0000,0.0035,0.0014,0.0000
-0.2000,2.3150,2.1189,-0.0479,0.0065,0.9229,16.3177,0.0000,0.4738,0.4738,0.1115,0.0000,0.0000,0.0039,0.0016,0.0000
-0.2001,2.1743,2.1070,-0.0563,0.0065,0.8693,16.5337,0.0000,0.4970,0.4970,0.1062,0.0000,0.0000,0.0039,0.0016,0.0000
-0.2000,2.3392,2.0963,-0.0562,0.0151,0.8171,16.7463,0.0000,0.5354,0.5354,0.1173,0.0000,0.0000,0.0091,0.0036,0.0000
-0.2000,2.2044,2.0867,-0.0646,0.0151,0.8509,16.9662,0.0000,0.4592,0.4592,0.0980,0.0000,0.0000,0.0091,0.0036,0.0000
-0.2000,2.1690,2.0780,-0.0730,0.0151,0.8060,17.1908,0.0000,0.4853,0.4853,0.0948,0.0000,0.0000,0.0091,0.0036,0.0000
-0.2000,2.2383,2.0702,-0.0806,0.0159,0.7424,17.4082,0.0000,0.5319,0.5319,0.0884,0.0000,0.0000,0.0096,0.0038,0.0000
-0.2000,2.2697,2.0632,-0.0890,0.0058,0.6882,17.6199,0.0000,0.5643,0.5643,0.0577,0.0000,0.0000,0.0035,0.0014,0.0000
-0.2000,2.2415,2.0569,-0.0974,0.0058,0.6292,17.8343,0.0000,0.5963,0.5963,0.0503,0.0000,0.0000,0.0035,0.0014,0.0000
-0.2000,2.1996,2.0512,-0.1058,0.0058,0.6988,18.0403,0.0000,0.4762,0.4762,0.0205,0.0000,0.0000,0.0035,0.0014,0.0000
-0.2000,2.1996,2.0461,-0.1120,0.0040,0.6439,18.2546,0.0000,0.5104,0.5104,0.0179,0.0000,0.0000,0.0024,0.0010,0.0000
-0.2000,2.1996,2.0415,-0.1117,0.0040,0.5679,18.4675,0.0000,0.5610,0.5610,0.0110,0.0000,0.0000,0.0024,0.0010,0.0000
-0.1319,2.2337,2.0490,-0.1033,0.0054,0.6159,18.7626,0.0000,0.4521,0.4521,-0.0264,0.0000,0.0000,0.0032,0.0013,0.0000
-0.2000,2.2337,2.0493,-0.0949,0.0054,0.5653,18.9853,0.0000,0.4780,0.4780,-0.0308,0.0000,0.0000,0.0032,0.0013,0.0000
0.0134,2.2337,2.0693,-0.0865,0.0054,0.6748,19.2447,0.0000,0.3108,0.3108,-0.0624,0.0000,0.0000,0.0032,0.0013,0.0000
0.0133,2.2610,2.0893,-0.0781,0.0061,0.6773,19.4786,0.0000,0.2737,0.2737,-0.0780,0.0000,0.0000,0.0037,0.0015,0.0000
-0.1867,2.8622,2.1093,-0.0697,0.0061,0.6679,19.7561,0.0000,0.2105,0.2105,-0.0945,0.0000,0.0000,0.0037,0.0015,0.0000
-0.0611,2.3212,2.1293,-0.0613,0.0061,0.6146,19.9988,0.0000,0.2632,0.2632,-0.0974,0.0000,0.0000,0.0037,0.0015,0.0000
-0.1095,2.4605,2.1493,-0.0533,0.0055,0.6477,20.2429,0.0000,0.1735,0.1735,-0.1232,0.0000,0.0000,0.0033,0.0013,0.0000
-0.1053,2.4605,2.1693,-0.0449,0.0055,0.6667,20.5222,0.0000,0.1115,0.1115,-0.1366,0.0000,0.0000,0.0033,0.0013,0.0000
-0.0884,2.4605,2.1893,-0.0365,0.0055,0.6903,20.7766,0.0000,0.0537,0.0537,-0.1447,0.0000,0.0000,0.0033,0.0013,0.0000
-0.0619,2.4575,2.2093,-0.0281,0.0055,0.6798,21.0057,0.0000,0.0398,0.0398,-0.1468,0.0000,0.0000,0.0033,0.0013,0.0000
-0.2000,2.7786,2.2293,-0.0204,0.0048,0.6542,21.2485,0.0000,0.0094,0.0094,-0.1556,0.0000,0.0000,0.0029,0.0011,0.0000
-0.0308,2.4157,2.2493,-0.0120,0.0048,0.7221,21.4845,0.0000,-0.0745,-0.0745,-0.1733,0.0000,0.0000,0.0029,0.0011,0.0000
0.0278,2.4157,2.2693,-0.0036,0.0048,0.7445,21.6928,0.0000,-0.1233,-0.1233,-0.1783,0.0000,0.0000,0.0029,0.0011,0.0000
0.0269,2.4548,2.2893,0.0047,0.0048,0.7645,21.8525,0.0000,-0.1714,-0.1714,-0.1857,0.0000,0.0000,0.0029,0.0011,0.0000
0.2000,2.0780,2.3093,0.0131,0.0048,0.7750,21.9917,0.0000,-0.1657,-0.1657,-0.1905,0.0000,0.0000,0.0029,0.0011,0.0000
0.2000,1.5977,2.3280,0.0214,0.0048,0.7887,22.2116,0.0000,-0.1539,-0.1539,-0.1883,0.0000,0.0000,0.0029,0.0011,0.0000
0.2000,1.3834,2.3448,0.0298,0.0048,0.7962,22.4438,0.0000,-0.1630,-0.1630,-0.1865,0.0000,0.0000,0.0029,0.0011,0.0000
0.2009,2.1851,2.3535,0.0376,0.0042,0.7962,22.6823,0.0000,-0.2598,-0.2598,-0.1866,0.0000,0.0000,0.0025,0.0010,0.0000
0.1637,2.3039,2.3614,0.0451,0.0032,0.8244,22.9370,0.0000,-0.3238,-0.3238,-0.1891,0.0000,0.0000,0.0019,0.0008,0.0000
0.1015,2.3651,2.3684,0.0534,0.0032,0.8423,23.1760,0.0000,-0.3678,-0.3678,-0.1853,0.0000,0.0000,0.0019,0.0008,0.0000
-0.0929,2.5410,2.3742,0.0618,0.0032,0.8708,23.4066,0.0000,-0.4295,-0.4295,-0.1797,0.0000,0.0000,0.0019,0.0008,0.0000
0.0213,2.3759,2.3800,0.0702,0.0032,0.8904,23.6459,0.0000,-0.4531,-0.4531,-0.1745,0.0000,0.0000,0.0019,0.0008,0.0000
0.1244,2.3027,2.3852,0.0782,0.0028,0.8994,23.8893,0.0000,-0.4741,-0.4741,-0.1698,0.0000,0.0000,0.0017,0.0007,0.0000
0.0805,2.3799,2.3899,0.0865,0.0028,0.8717,24.2164,0.0000,-0.4824,-0.4824,-0.1653,0.0000,0.0000,0.0017,0.0007,0.0000
0.0298,2.4159,2.3941,0.0949,0.0028,0.8851,24.4856,0.0000,-0.5163,-0.5163,-0.1562,0.0000,0.0000,0.0017,0.0007,0.0000
-0.2000,3.2583,2.3936,0.1033,0.0046,0.8759,24.8046,0.0000,-0.5853,-0.5853,-0.1383,0.0000,0.0000,0.0027,0.0011,0.0000
-0.2000,2.6721,2.3952,0.1117,0.0046,0.8836,25.0488,0.0000,-0.5619,-0.5619,-0.1272,0.0000,0.0000,0.0027,0.0011,0.0000
-0.1999,3.1685,2.3947,0.1169,0.0014,0.8888,25.2884,0.0000,-0.6096,-0.6096,-0.1294,0.0000,0.0000,0.0009,0.0003,0.0000
-0.0425,2.4231,2.3984,0.1253,0.0014,0.8875,25.4680,0.0000,-0.5647,-0.5647,-0.1168,0.0000,0.0000,0.0009,0.0003,0.0000
0.0305,2.3761,2.4017,0.1337,0.0014,0.8944,25.6233,0.0000,-0.5691,-0.5691,-0.1025,0.0000,0.0000,0.0009,0.0003,0.0000
0.2000,1.7837,2.4047,0.1368,0.0014,0.8799,25.8627,0.0000,-0.5407,-0.5407,-0.0912,0.0000,0.0000,0.0009,0.0003,0.0000
0.2000,1.5395,2.4139,0.1301,0.0014,0.8514,26.1210,0.0000,-0.5183,-0.5183,-0.0763,0.0000,0.0000,0.0009,0.0003,0.0000
0.0856,2.3804,2.4157,0.1233,-0.0007,0.8051,26.3517,0.0000,-0.5111,-0.5111,-0.0669,0.0000,0.0000,-0.0004,-0.0002,0.0000
-0.1265,2.5833,2.4162,0.1164,-0.0007,0.7489,26.6001,0.0000,-0.4719,-0.4719,-0.0520,0.0000,0.0000,-0.0004,-0.0002,0.0000
0.0713,2.3475,2.4178,0.1080,-0.0007,0.6963,26.8129,0.0000,-0.4199,-0.4199,-0.0363,0.0000,0.0000,-0.0004,-0.0002,0.0000
-0.1099,2.5373,2.4187,0.1012,-0.0011,0.6449,27.0440,0.0000,-0.3825,-0.3825,-0.0237,0.0000,0.0000,-0.0007,-0.0003,0.0000
0.0938,2.1883,2.4201,0.0935,-0.0011,0.6205,27.2151,0.0000,-0.3558,-0.3558,-0.0068,0.0000,0.0000,-0.0007,-0.0003,0.0000
0.0865,2.3567,2.4212,0.0871,-0.0011,0.5823,27.3840,0.0000,-0.3237,-0.3237,0.0055,0.0000,0.0000,-0.0007,-0.0003,0.0000
0.2000,1.7185,2.4223,0.0955,-0.0011,0.8625,27.4950,0.0000,-0.6193,-0.6193,0.0027,0.0000,0.0000,-0.0007,-0.0003,0.0000
0.2000,1.7242,2.4233,0.0871,-0.0011,0.5091,27.7475,0.0000,-0.2733,-0.2733,0.0313,0.0000,0.0000,-0.0007,-0.0003,0.0000
-0.0429,3.0023,2.4199,0.0787,-0.0014,0.4206,27.9995,0.0000,-0.1801,-0.1801,0.0413,0.0000,0.0000,-0.0008,-0.0003,0.0000
-0.2000,4.4100,2.4169,0.0703,-0.0017,0.3226,28.1838,0.0000,-0.0548,-0.0548,0.0506,0.0000,0.0000,-0.0010,-0.0004,0.0000
-0.1998,2.6580,2.4163,0.0619,-0.0014,0.2430,28.3717,0.0000,-0.0290,-0.0290,0.0606,0.0000,0.0000,-0.0008,-0.0003,0.0000
0.0216,2.0843,2.4179,0.0536,-0.0014,0.1760,28.4467,0.0000,0.0210,0.0210,0.0697,0.0000,0.0000,-0.0008,-0.0003,0.0000
0.2000,2.0348,2.4193,0.0452,-0.0014,0.1258,28.6182,0.0000,0.0587,0.0587,0.0793,0.0000,0.0000,-0.0008,-0.0003,0.0000
0.2000,1.0215,2.4274,0.0368,-0.0014,0.0743,28.8121,0.0000,0.0505,0.0505,0.0861,0.0000,0.0000,-0.0008,-0.0003,0.0000
0.2000,1.7775,2.4278,0.0284,-0.0017,0.0031,29.0876,0.0000,0.1288,0.1288,0.0945,0.0000,0.0000,-0.0010,-0.0004,0.0000
0.2000,1.9907,2.4282,0.0200,-0.0017,0.0007,29.2695,0.0000,0.1249,0.1249,0.0996,0.0000,0.0000,-0.0010,-0.0004,0.0000
-0.0423,2.8233,2.4244,0.0117,-0.0016,-0.0493,29.4745,0.0000,0.1992,0.1992,0.1054,0.0000,0.0000,-0.0010,-0.0004,0.0000
0.2000,1.7988,2.4251,0.0033,-0.0016,-0.1226,29.6699,0.0000,0.1980,0.1980,0.1084,0.0000,0.0000,-0.0010,-0.0004,0.0000
0.2000,2.0923,2.4258,-0.0050,-0.0016,-0.1835,29.8806,0.0000,0.2532,0.2532,0.1115,0.0000,0.0000,-0.0010,-0.0004,0.0000
0.2000,2.0715,2.4264,-0.0134,-0.0016,-0.2308,30.0903,0.0000,0.2768,0.2768,0.1137,0.0000,0.0000,-0.0010,-0.0004,0.0000
0.2000,2.1754,2.4267,-0.0218,-0.0025,-0.2735,30.3211,0.0000,0.3009,0.3009,0.1164,0.0000,0.0000,-0.0015,-0.0006,0.0000
0.2000,2.1306,2.4204,-0.0302,-0.0025,-0.3442,30.6503,0.0000,0.3283,0.3283,0.1145,0.0000,0.0000,-0.0015,-0.0006,0.0000
-0.0238,2.3266,2.4029,-0.0385,-0.0025,-0.4094,30.8725,0.0000,0.3766,0.3766,0.1129,0.0000,0.0000,-0.0015,-0.0006,0.0000
-0.2000,3.3379,2.3662,-0.0468,-0.0024,-0.4591,31.0964,0.0000,0.4481,0.4481,0.1078,0.0000,0.0000,-0.0014,-0.0006,0.0000
-0.1279,2.2956,2.3444,-0.0552,-0.0024,-0.5120,31.3024,0.0000,0.4167,0.4167,0.1043,0.0000,0.0000,-0.0014,-0.0006,0.0000
-0.2000,2.2739,2.3100,-0.0635,-0.0024,-0.5992,31.4156,0.0000,0.4775,0.4775,0.0941,0.0000,0.0000,-0.0014,-0.0006,0.0000
-0.2000,2.1086,2.2790,-0.0719,-0.0024,-0.6497,31.5817,0.0000,0.4938,0.4938,0.0876,0.0000,0.0000,-0.0014,-0.0006,0.0000
0.0575,1.3955,2.2537,-0.0803,-0.0024,-0.6827,31.7935,0.0000,0.4667,0.4667,0.0815,0.0000,0.0000,-0.0014,-0.0006,0.0000
0.2000,1.7189,2.2283,-0.0887,-0.0024,-0.7372,32.0493,0.0000,0.4930,0.4930,0.0684,0.0000,0.0000,-0.0014,-0.0006,0.0000
0.0254,2.1270,2.2055,-0.0971,-0.0026,-0.7680,32.2893,0.0000,0.5008,0.5008,0.0603,0.0000,0.0000,-0.0016,-0.0006,0.0000
-0.1518,2.5926,2.1850,-0.1055,-0.0026,-0.7914,32.5334,0.0000,0.4966,0.4966,0.0499,0.0000,0.0000,-0.0016,-0.0006,0.0000
-0.2000,2.4009,2.1690,-0.1139,-0.0027,-0.8033,32.7646,0.0000,0.4671,0.4671,0.0430,0.0000,0.0000,-0.0016,-0.0007,0.0000
-0.2000,2.4360,2.1521,-0.1163,-0.0027,-0.8637,32.9823,0.0000,0.4804,0.4804,0.0244,0.0000,0.0000,-0.0016,-0.0007,0.0000
-0.2000,2.3000,2.1369,-0.1111,-0.0027,-0.8919,33.0897,0.0000,0.4801,0.4801,0.0119,0.0000,0.0000,-0.0016,-0.0007,0.0000
-0.1855,2.2300,2.1282,-0.1046,-0.0027,-0.9123,33.3374,0.0000,0.4570,0.4570,-0.0014,0.0000,0.0000,-0.0016,-0.0007,0.0000
-0.0011,1.0950,2.1180,-0.0983,-0.0027,-0.9542,33.5440,0.0000,0.4669,0.4669,-0.0176,0.0000,0.0000,-0.0016,-0.0007,0.0000
-0.0211,2.4677,2.1257,-0.0899,-0.0025,-0.9356,33.7640,0.0000,0.3972,0.3972,-0.0283,0.0000,0.0000,-0.0015,-0.0006,0.0000
0.2000,2.0835,2.1448,-0.0815,-0.0025,-0.9177,33.9964,0.0000,0.3475,0.3475,-0.0390,0.0000,0.0000,-0.0015,-0.0006,0.0000
0.1720,2.1996,2.1648,-0.0731,-0.0025,-0.8930,34.2293,0.0000,0.2832,0.2832,-0.0492,0.0000,0.0000,-0.0015,-0.0006,0.0000
0.0814,2.3204,2.1848,-0.0647,-0.0025,-0.9675,34.3646,0.0000,0.3164,0.3164,-0.0687,0.0000,0.0000,-0.0015,-0.0006,0.0000
0.0728,2.3305,2.2048,-0.0578,-0.0038,-0.9595,34.6317,0.0000,0.2685,0.2685,-0.0757,0.0000,0.0000,-0.0023,-0.0009,0.0000
0.1999,1.4926,2.2248,-0.0496,-0.0038,-0.9518,34.9155,0.0000,0.2519,0.2519,-0.0877,0.0000,0.0000,-0.0023,-0.0009,0.0000
-0.0130,2.6516,2.2435,-0.0413,-0.0038,-0.9244,35.1521,0.0000,0.1409,0.1409,-0.0927,0.0000,0.0000,-0.0023,-0.0009,0.0000
-0.1999,2.8187,2.2582,-0.0329,-0.0035,-0.9050,35.4068,0.0000,0.0735,0.0735,-0.1002,0.0000,0.0000,-0.0021,-0.0009,0.0000
-0.0091,2.3652,2.2755,-0.0245,-0.0035,-0.8875,35.6535,0.0000,0.0431,0.0431,-0.1074,0.0000,0.0000,-0.0021,-0.0009,0.0000
-0.1522,2.5365,2.2907,-0.0161,-0.0035,-0.9724,35.7408,0.0000,0.0870,0.0870,-0.1247,0.0000,0.0000,-0.0021,-0.0009,0.0000
-0.0836,2.4559,2.3048,-0.0077,-0.0035,-0.9548,35.9623,0.0000,0.0501,0.0501,-0.1247,0.0000,0.0000,-0.0021,-0.0009,0.0000
0.1023,1.1486,2.3175,0.0007,-0.0035,-0.9719,36.0498,0.0000,0.1332,0.1332,-0.1344,0.0000,0.0000,-0.0021,-0.0009,0.0000
0.1915,2.2032,2.3290,0.0091,-0.0035,-0.9438,36.2517,0.0000,0.0135,0.0135,-0.1334,0.0000,0.0000,-0.0021,-0.0009,0.0000
0.2000,0.8745,2.3392,0.0175,-0.0035,-0.9502,36.3641,0.0000,0.0945,0.0945,-0.1366,0.0000,0.0000,-0.0021,-0.0009,0.0000
0.2000,2.0207,2.3485,0.0243,-0.0050,-0.9359,36.5668,0.0000,-0.0175,-0.0175,-0.1335,0.0000,0.0000,-0.0030,-0.0012,0.0000
0.2000,1.1153,2.3568,0.0327,-0.0035,-0.9162,36.7813,0.0000,0.0007,0.0007,-0.1324,0.0000,0.0000,-0.0021,-0.0009,0.0000
0.2000,2.0141,2.3643,0.0396,-0.0050,-0.9065,36.9886,0.0000,-0.0895,-0.0895,-0.1305,0.0000,0.0000,-0.0030,-0.0012,0.0000
0.2000,2.1347,2.3711,0.0480,-0.0050,-0.9450,37.2168,0.0000,-0.0831,-0.0831,-0.1297,0.0000,0.0000,-0.0030,-0.0012,0.0000
0.2000,2.0575,2.3772,0.0564,-0.0041,-0.9705,37.4517,0.0000,-0.0763,-0.0763,-0.1240,0.0000,0.0000,-0.0025,-0.0010,0.0000
0.1779,2.2953,2.3826,0.0648,-0.0041,-0.9812,37.6677,0.0000,-0.0968,-0.0968,-0.1184,0.0000,0.0000,-0.0025,-0.0010,0.0000
0.1255,2.3436,2.3876,0.0723,-0.0050,-1.0296,37.9291,0.0000,-0.0755,-0.0755,-0.1152,0.0000,0.0000,-0.0030,-0.0012,0.0000
0.2000,2.1462,2.3920,0.0807,-0.0050,-1.0765,38.1932,0.0000,-0.0405,-0.0405,-0.1105,0.0000,0.0000,-0.0030,-0.0012,0.0000
-0.0226,2.6381,2.3942,0.0891,-0.0046,-1.0843,38.4157,0.0000,-0.0740,-0.0740,-0.1023,0.0000,0.0000,-0.0028,-0.0011,0.0000
-0.2000,2.6639,2.3958,0.0975,-0.0046,-1.1130,38.6153,0.0000,-0.0583,-0.0583,-0.0953,0.0000,0.0000,-0.0028,-0.0011,0.0000
0.0201,2.2081,2.3994,0.1058,-0.0046,-1.1175,38.7450,0.0000,-0.0346,-0.0346,-0.0852,0.0000,0.0000,-0.0028,-0.0011,0.0000
0.2000,2.0052,2.4026,0.1012,-0.0046,-1.1288,38.9393,0.0000,-0.0267,-0.0267,-0.0768,0.0000,0.0000,-0.0028,-0.0011,0.0000
0.2000,1.2879,2.4056,0.0928,-0.0046,-1.1595,39.1333,0.0000,0.0166,0.0166,-0.0682,0.0000,0.0000,-0.0028,-0.0011,0.0000
0.2000,1.9317,2.4082,0.0844,-0.0046,-1.1981,39.3260,0.0000,0.0221,0.0221,-0.0586,0.0000,0.0000,-0.0028,-0.0011,0.0000
0.2000,1.9534,2.4105,0.0760,-0.0101,-1.2326,39.5124,0.0000,0.0468,0.0468,-0.0462,0.0000,0.0000,-0.0061,-0.0024,0.0000
0.2000,1.9558,2.4127,0.0676,-0.0101,-1.2936,39.6931,0.0000,0.0984,0.0984,-0.0365,0.0000,0.0000,-0.0061,-0.0024,0.0000
0.2000,1.8876,2.4146,0.0593,-0.0101,-1.3049,39.9179,0.0000,0.0983,0.0983,-0.0252,0.0000,0.0000,-0.0061,-0.0024,0.0000
0.2000,1.9036,2.4163,0.0509,-0.0101,-1.2854,40.1601,0.0000,0.0636,0.0636,-0.0151,0.0000,0.0000,-0.0061,-0.0024,0.0000
0.1999,2.2312,2.4179,0.0468,-0.0056,-1.3344,40.4178,0.0000,0.0914,0.0914,-0.0044,0.0000,0.0000,-0.0034,-0.0013,0.0000
0.0828,2.4007,2.4193,0.0384,-0.0056,-1.3723,40.6296,0.0000,0.1175,0.1175,0.0038,0.0000,0.0000,-0.0034,-0.0013,0.0000
-0.1320,2.6041,2.4192,0.0301,-0.0056,-1.3988,40.8300,0.0000,0.1327,0.1327,0.0100,0.0000,0.0000,-0.0034,-0.0013,0.0000
0.0815,2.1366,2.4205,0.0217,-0.0056,-1.4499,41.0549,0.0000,0.1645,0.1645,0.0152,0.0000,0.0000,-0.0034,-0.0013,0.0000
0.2000,2.0052,2.4216,0.0133,-0.0056,-1.4963,41.2574,0.0000,0.1944,0.1944,0.0199,0.0000,0.0000,-0.0034,-0.0013,0.0000
0.1826,2.2901,2.4226,0.0058,-0.0048,-1.4954,41.4435,0.0000,0.1851,0.1851,0.0292,0.0000,0.0000,-0.0029,-0.0011,0.0000
0.2000,2.0620,2.4235,-0.0026,-0.0048,-1.5299,41.6570,0.0000,0.1986,0.1986,0.0319,0.0000,0.0000,-0.0029,-0.0011,0.0000
0.1999,1.8419,2.4244,-0.0110,-0.0048,-1.5731,41.8939,0.0000,0.2166,0.2166,0.0330,0.0000,0.0000,-0.0029,-0.0011,0.0000
0.2000,2.1442,2.4251,-0.0194,-0.0048,-1.6134,42.0820,0.0000,0.2447,0.2447,0.0338,0.0000,0.0000,-0.0029,-0.0011,0.0000
0.0977,2.3883,2.4258,-0.0277,-0.0046,-1.6280,42.2875,0.0000,0.2446,0.2446,0.0362,0.0000,0.0000,-0.0028,-0.0011,0.0000
0.2000,1.9070,2.4264,-0.0361,-0.0046,-1.6588,42.4889,0.0000,0.2476,0.2476,0.0360,0.0000,0.0000,-0.0028,-0.0011,0.0000
0.2000,2.0431,2.4269,-0.0445,-0.0046,-1.6758,42.7036,0.0000,0.2445,0.2445,0.0334,0.0000,0.0000,-0.0028,-0.0011,0.0000
0.2000,2.0187,2.4274,-0.0528,-0.0046,-1.6915,42.9298,0.0000,0.2348,0.2348,0.0296,0.0000,0.0000,-0.0028,-0.0011,0.0000
0.2000,2.1370,2.4279,-0.0612,-0.0046,-1.7527,43.1531,0.0000,0.2659,0.2659,0.0194,0.0000,0.0000,-0.0028,-0.0011,0.0000
0.2000,2.2486,2.4283,-0.0629,0.0021,-1.7602,43.3637,0.0000,0.2531,0.2531,0.0310,0.0000,0.0000,0.0013,0.0005,0.0000
0.1830,2.2884,2.4286,-0.0713,0.0021,-1.7660,43.5910,0.0000,0.2331,0.2331,0.0235,0.0000,0.0000,0.0013,0.0005,0.0000
0.2000,2.0900,2.4290,-0.0796,0.0021,-1.8331,43.7824,0.0000,0.2634,0.2634,0.0050,0.0000,0.0000,0.0013,0.0005,0.0000
0.2001,2.2580,2.4337,-0.0750,0.0021,-1.8340,43.9641,0.0000,0.2395,0.2395,-0.0047,0.0000,0.0000,0.0013,0.0005,0.0000
0.2000,1.9913,2.4380,-0.0666,0.0021,-1.8002,44.1963,0.0000,0.1829,0.1829,-0.0101,0.0000,0.0000,0.0013,0.0005,0.0000
0.2000,1.8053,2.4419,-0.0583,0.0021,-1.7986,44.4028,0.0000,0.1561,0.1561,-0.0212,0.0000,0.0000,0.0013,0.0005,0.0000
0.1766,2.3325,2.4454,-0.0571,-0.0050,-1.8362,44.6250,0.0000,0.1489,0.1489,-0.0446,0.0000,0.0000,-0.0030,-0.0012,0.0000
0.1999,2.2260,2.4485,-0.0488,-0.0050,-1.8793,44.8989,0.0000,0.1566,0.1566,-0.0575,0.0000,0.0000,-0.0030,-0.0012,0.0000
0.2000,2.2260,2.4513,-0.0404,-0.0050,-1.8420,45.1295,0.0000,0.0960,0.0960,-0.0609,0.0000,0.0000,-0.0030,-0.0012,0.0000
0.2000,2.2260,2.4538,-0.0320,-0.0041,-1.8050,45.3676,0.0000,0.0339,0.0339,-0.0634,0.0000,0.0000,-0.0025,-0.0010,0.0000
0.1350,2.3928,2.4561,-0.0236,-0.0041,-1.8635,45.5248,0.0000,0.0512,0.0512,-0.0825,0.0000,0.0000,-0.0025,-0.0010,0.0000
0.1125,2.3928,2.4582,-0.0152,-0.0041,-1.8469,45.6627,0.0000,0.0167,0.0167,-0.0879,0.0000,0.0000,-0.0025,-0.0010,0.0000
0.1036,2.3928,2.4600,-0.0068,-0.0041,-1.8286,45.8910,0.0000,-0.0211,-0.0211,-0.0883,0.0000,0.0000,-0.0025,-0.0010,0.0000
0.2000,1.6334,2.4617,0.0016,-0.0041,-1.8238,46.0996,0.0000,-0.0111,-0.0111,-0.0901,0.0000,0.0000,-0.0025,-0.0010,0.0000
0.2000,2.0685,2.4632,0.0099,-0.0041,-1.8439,46.2959,0.0000,-0.0350,-0.0350,-0.0980,0.0000,0.0000,-0.0025,-0.0010,0.0000
0.2000,2.0685,2.4645,0.0181,-0.0043,-1.8769,46.5640,0.0000,-0.0285,-0.0285,-0.1004,0.0000,0.0000,-0.0026,-0.0010,0.0000
0.1999,1.9522,2.4657,0.0265,-0.0043,-1.8600,46.7894,0.0000,-0.0554,-0.0554,-0.0977,0.0000,0.0000,-0.0026,-0.0010,0.0000
-0.0157,2.6752,2.4654,0.0349,-0.0043,-1.8595,47.0194,0.0000,-0.1074,-0.1074,-0.0959,0.0000,0.0000,-0.0026,-0.0010,0.0000
0.1990,2.2404,2.4665,0.0433,-0.0043,-1.8903,47.2516,0.0000,-0.0750,-0.0750,-0.0961,0.0000,0.0000,-0.0026,-0.0010,0.0000
0.2000,2.2795,2.4675,0.0501,-0.0058,-1.9072,47.4653,0.0000,-0.0762,-0.0762,-0.0971,0.0000,0.0000,-0.0035,-0.0014,0.0000
0.1955,2.3231,2.4684,0.0585,-0.0058,-1.9123,47.6829,0.0000,-0.0868,-0.0868,-0.0931,0.0000,0.0000,-0.0035,-0.0014,0.0000
0.2000,2.1259,2.4693,0.0669,-0.0058,-1.9246,47.8975,0.0000,-0.0774,-0.0774,-0.0875,0.0000,0.0000,-0.0035,-0.0014,0.0000
0.0905,2.1587,2.4498,0.0752,-0.0058,-1.9263,48.0621,0.0000,-0.0848,-0.0848,-0.0818,0.0000,0.0000,-0.0035,-0.0014,0.0000
0.1535,2.1330,2.4322,0.0836,-0.0058,-1.9452,48.2839,0.0000,-0.0761,-0.0761,-0.0750,0.0000,0.0000,-0.0035,-0.0014,0.0000
0.2000,1.6320,2.4367,0.0920,-0.0058,-1.9489,48.4972,0.0000,-0.0642,-0.0642,-0.0660,0.0000,0.0000,-0.0035,-0.0014,0.0000
0.0817,2.2105,2.4204,0.0885,-0.0019,-1.9656,48.7475,0.0000,-0.0737,-0.0737,-0.0455,0.0000,0.0000,-0.0012,-0.0005,0.0000
0.1975,2.1151,2.4058,0.0801,-0.0019,-1.9936,48.9761,0.0000,-0.0505,-0.0505,-0.0363,0.0000,0.0000,-0.0012,-0.0005,0.0000
-0.1621,2.4905,2.3753,0.0717,-0.0019,-2.0219,49.2225,0.0000,-0.0346,-0.0346,-0.0264,0.0000,0.0000,-0.0012,-0.0005,0.0000
-0.2000,2.2873,2.3477,0.0633,-0.0019,-2.0527,49.4444,0.0000,-0.0063,-0.0063,-0.0168,0.0000,0.0000,-0.0012,-0.0005,0.0000
-0.2000,2.4635,2.3230,0.0553,-0.0016,-2.0855,49.6732,0.0000,0.0200,0.0200,-0.0074,0.0000,0.0000,-0.0009,-0.0004,0.0000
-0.1609,2.2252,2.3007,0.0469,-0.0016,-2.1125,49.9006,0.0000,0.0426,0.0426,0.0027,0.0000,0.0000,-0.0009,-0.0004,0.0000
-0.2000,2.2955,2.2807,0.0385,-0.0016,-2.1418,50.1265,0.0000,0.0656,0.0656,0.0115,0.0000,0.0000,-0.0009,-0.0004,0.0000
-0.1878,2.2734,2.2626,0.0301,-0.0016,-2.1700,50.3472,0.0000,0.0868,0.0868,0.0197,0.0000,0.0000,-0.0009,-0.0004,0.0000
-0.1766,2.2616,2.2464,0.0217,-0.0016,-2.1998,50.5721,0.0000,0.1064,0.1064,0.0252,0.0000,0.0000,-0.0009,-0.0004,0.0000
-0.1325,2.2074,2.2317,0.0134,-0.0015,-2.2334,50.8099,0.0000,0.1281,0.1281,0.0329,0.0000,0.0000,-0.0009,-0.0004,0.0000
-0.1529,2.2503,2.2186,0.0051,-0.0015,-2.2730,51.0568,0.0000,0.1571,0.1571,0.0384,0.0000,0.0000,-0.0009,-0.0004,0.0000
-0.2000,2.3823,2.2067,-0.0033,-0.0015,-2.3171,51.2855,0.0000,0.1917,0.1917,0.0419,0.0000,0.0000,-0.0009,-0.0004,0.0000
-0.2000,2.4805,2.1961,-0.0117,-0.0015,-2.3569,51.5130,0.0000,0.2207,0.2207,0.0445,0.0000,0.0000,-0.0009,-0.0004,0.0000
-0.2000,2.3106,2.1865,-0.0201,-0.0028,-2.3965,51.7480,0.0000,0.2410,0.2410,0.0472,0.0000,0.0000,-0.0017,-0.0007,0.0000
-0.2000,2.2902,2.1779,-0.0285,-0.0028,-2.4324,52.0046,0.0000,0.2563,0.2563,0.0450,0.0000,0.0000,-0.0017,-0.0007,0.0000
-0.2000,2.3636,2.1701,-0.0369,-0.0028,-2.4581,52.2717,0.0000,0.2622,0.2622,0.0423,0.0000,0.0000,-0.0017,-0.0007,0.0000
-0.1999,2.5677,2.1610,-0.0453,-0.0028,-2.5078,52.5789,0.0000,0.2865,0.2865,0.0357,0.0000,0.0000,-0.0017,-0.0007,0.0000
-0.1999,2.6612,2.1500,-0.0525,-0.0017,-2.5268,52.8556,0.0000,0.2846,0.2846,0.0338,0.0000,0.0000,-0.0010,-0.0004,0.0000
-0.1999,3.0835,2.1354,-0.0609,-0.0017,-2.5665,53.1319,0.0000,0.3009,0.3009,0.0262,0.0000,0.0000,-0.0010,-0.0004,0.0000
-0.1999,2.7505,2.1241,-0.0693,-0.0017,-2.5929,53.3981,0.0000,0.2986,0.2986,0.0216,0.0000,0.0000,-0.0010,-0.0004,0.0000
-0.1999,2.7661,2.1133,-0.0777,-0.0047,-2.6135,53.6491,0.0000,0.2934,0.2934,0.0140,0.0000,0.0000,-0.0029,-0.0011,0.0000
-0.1999,2.6520,2.1074,-0.0861,-0.0047,-2.6314,53.9123,0.0000,0.2805,0.2805,0.0051,0.0000,0.0000,-0.0029,-0.0011,0.0000
-0.2000,2.4972,2.1066,-0.0925,-0.0047,-2.6441,54.1798,0.0000,0.2618,0.2618,-0.0051,0.0000,0.0000,-0.0029,-0.0011,0.0000
-0.2000,2.6163,2.1025,-0.0841,-0.0047,-2.6714,54.4650,0.0000,0.2456,0.2456,-0.0232,0.0000,0.0000,-0.0029,-0.0011,0.0000
-0.2000,2.6559,2.0974,-0.0757,-0.0047,-2.6757,54.7416,0.0000,0.2202,0.2202,-0.0309,0.0000,0.0000,-0.0029,-0.0011,0.0000
-0.2000,2.8389,2.0883,-0.0673,0.0001,-2.6557,55.0189,0.0000,0.1661,0.1661,-0.0380,0.0000,0.0000,0.0000,0.0000,0.0000
-0.2000,2.7438,2.0819,-0.0592,0.0001,-2.6363,55.2865,0.0000,0.1188,0.1188,-0.0468,0.0000,0.0000,0.0000,0.0000,0.0000
-0.2000,2.7610,2.0755,-0.0508,0.0001,-2.6742,55.5928,0.0000,0.0989,0.0989,-0.0735,0.0000,0.0000,0.0000,0.0000,0.0000
-0.2000,2.6639,2.0730,-0.0424,0.0001,-2.6583,55.6364,0.0000,0.0652,0.0652,-0.0875,0.0000,0.0000,0.0000,0.0000,0.0000
-0.2000,3.0480,2.0662,-0.0340,0.0001,-2.6220,55.5178,0.0000,0.0035,0.0035,-0.0984,0.0000,0.0000,0.0000,0.0000,0.0000
0.2000,0.4874,2.0862,-0.0304,-0.0047,-2.5954,55.5781,0.0000,0.0973,0.0973,-0.1087,0.0000,0.0000,-0.0029,-0.0011,0.0000
0.2000,1.2480,2.0876,-0.0220,0.0001,-2.5673,55.7734,0.0000,0.0143,0.0143,-0.1083,0.0000,0.0000,0.0000,0.0000,0.0000
0.2000,0.6688,2.1076,-0.0136,0.0001,-2.5381,55.9617,0.0000,0.0020,0.0020,-0.1138,0.0000,0.0000,0.0000,0.0000,0.0000
0.1306,1.9571,2.1069,-0.0052,0.0001,-2.5231,56.1523,0.0000,-0.1037,-0.1037,-0.1188,0.0000,0.0000,0.0000,0.0000,0.0000
0.2000,1.8923,2.1062,0.0032,0.0025,-2.5134,56.3385,0.0000,-0.1272,-0.1272,-0.1198,0.0000,0.0000,0.0015,0.0006,0.0000
0.2000,1.8967,2.1056,0.0116,0.0025,-2.5047,56.5281,0.0000,-0.1518,-0.1518,-0.1240,0.0000,0.0000,0.0015,0.0006,0.0000
0.1999,1.8488,2.1051,0.0198,0.0025,-2.4948,56.7260,0.0000,-0.1741,-0.1741,-0.1276,0.0000,0.0000,0.0015,0.0006,0.0000
0.2000,1.8810,2.1046,0.0282,0.0025,-2.5142,57.1284,0.0000,-0.1901,-0.1901,-0.1370,0.0000,0.0000,0.0015,0.0006,0.0000
0.1794,1.9647,2.1041,0.0366,0.0031,-2.4998,57.3548,0.0000,-0.2197,-0.2197,-0.1342,0.0000,0.0000,0.0019,0.0008,0.0000
-0.1202,3.9892,2.0937,0.0450,0.0046,-2.4903,57.5767,0.0000,-0.3732,-0.3732,-0.1255,0.0000,0.0000,0.0028,0.0011,0.0000
-0.2000,2.2493,2.0874,0.0518,0.0031,-2.4846,57.8086,0.0000,-0.2757,-0.2757,-0.1281,0.0000,0.0000,0.0019,0.0008,0.0000
-0.2000,2.2024,2.0817,0.0602,0.0031,-2.4835,58.0369,0.0000,-0.2834,-0.2834,-0.1236,0.0000,0.0000,0.0019,0.0008,0.0000
-0.2000,2.3004,2.0735,0.0686,0.0046,-2.4867,58.2588,0.0000,-0.2955,-0.2955,-0.1132,0.0000,0.0000,0.0028,0.0011,0.0000
-0.2000,2.2645,2.0662,0.0770,0.0046,-2.4836,58.4674,0.0000,-0.3027,-0.3027,-0.1082,0.0000,0.0000,0.0028,0.0011,0.0000
-0.2000,2.2021,2.0596,0.0854,0.0046,-2.4822,58.6985,0.0000,-0.3060,-0.3060,-0.1011,0.0000,0.0000,0.0028,0.0011,0.0000
-0.1125,2.0693,2.0536,0.0938,0.0046,-2.4855,58.9087,0.0000,-0.2999,-0.2999,-0.0933,0.0000,0.0000,0.0028,0.0011,0.0000
-0.2000,2.2928,2.0482,0.1021,0.0046,-2.4872,59.1337,0.0000,-0.3124,-0.3124,-0.0856,0.0000,0.0000,0.0028,0.0011,0.0000
-0.1299,2.0866,2.0434,0.1105,0.0097,-2.4976,59.4553,0.0000,-0.3036,-0.3036,-0.0871,0.0000,0.0000,0.0058,0.0023,0.0000
-0.2000,2.2328,2.0391,0.1189,0.0097,-2.5123,59.7675,0.0000,-0.3029,-0.3029,-0.0754,0.0000,0.0000,0.0058,0.0023,0.0000
-0.1999,3.1925,2.0352,0.1155,-0.0021,-2.5248,60.0199,0.0000,-0.3272,-0.3272,-0.0660,0.0000,0.0000,-0.0012,-0.0005,0.0000
-0.2000,3.1031,2.0317,0.1158,-0.0021,-2.5557,60.4012,0.0000,-0.2970,-0.2970,-0.0518,0.0000,0.0000,-0.0012,-0.0005,0.0000
-0.2000,2.5077,2.0285,0.1082,-0.0021,-2.5851,60.6690,0.0000,-0.2558,-0.2558,-0.0402,0.0000,0.0000,-0.0012,-0.0005,0.0000
-0.2000,3.8001,2.0256,0.1061,0.0016,-2.6219,60.9637,0.0000,-0.2404,-0.2404,-0.0298,0.0000,0.0000,0.0010,0.0004,0.0000
-0.2000,2.6761,2.0231,0.0977,0.0016,-2.6491,61.2845,0.0000,-0.2028,-0.2028,-0.0176,0.0000,0.0000,0.0010,0.0004,0.0000
-0.2000,2.9519,2.0208,0.0893,-0.0004,-2.7801,62.6113,0.0000,-0.1426,-0.1426,0.0010,0.0000,0.0000,-0.0003,-0.0001,0.0000
-0.2000,3.1945,2.0187,0.0924,0.0111,-2.9428,64.5515,0.0000,-0.1055,-0.1055,0.0191,0.0000,0.0000,0.0067,0.0027,0.0000
-0.2000,5.0000,2.0168,0.0840,0.0080,-3.1330,67.1278,0.0000,-0.0932,-0.0932,0.0038,0.0000,0.0000,0.0048,0.0019,0.0000
-0.2000,5.0000,2.0151,0.0756,-0.0085,-3.1810,67.5703,0.0000,-0.0574,-0.0574,0.0128,0.0000,0.0000,-0.0051,-0.0020,0.0000
-0.2000,5.0000,2.0136,0.0672,-0.0085,-3.2220,67.7968,0.0000,-0.0111,-0.0111,0.0229,0.0000,0.0000,-0.0051,-0.0020,0.0000
-0.2000,4.4142,2.0123,0.0588,-0.0085,-3.2601,67.9901,0.0000,0.0252,0.0252,0.0329,0.0000,0.0000,-0.0051,-0.0020,0.0000
-0.2000,2.2858,2.0110,0.0668,0.0080,-3.2984,68.1891,0.0000,0.0204,0.0204,0.0435,0.0000,0.0000,0.0048,0.0019,0.0000
-0.0152,1.9583,2.0099,0.0584,0.0080,-3.3386,68.4256,0.0000,0.0405,0.0405,0.0513,0.0000,0.0000,0.0048,0.0019,0.0000
-0.0143,2.0125,2.0089,0.0500,0.0080,-3.3754,68.5990,0.0000,0.0710,0.0710,0.0586,0.0000,0.0000,0.0048,0.0019,0.0000
-0.2000,2.3790,2.0080,0.0416,-0.0085,-3.4234,68.7789,0.0000,0.1227,0.1227,0.0645,0.0000,0.0000,-0.0051,-0.0020,0.0000
0.0008,1.7606,2.0072,0.0332,-0.0085,-3.4659,68.9912,0.0000,0.1333,0.1333,0.0723,0.0000,0.0000,-0.0051,-0.0020,0.0000
0.1409,1.8511,2.0065,0.0248,-0.0085,-3.5068,69.1895,0.0000,0.1660,0.1660,0.0789,0.0000,0.0000,-0.0051,-0.0020,0.0000
-0.0587,2.1481,2.0059,0.0164,-0.0085,-3.5569,69.3847,0.0000,0.2154,0.2154,0.0836,0.0000,0.0000,-0.0051,-0.0020,0.0000
-0.0259,2.0092,2.0053,0.0081,-0.0085,-3.6033,69.5826,0.0000,0.2435,0.2435,0.0886,0.0000,0.0000,-0.0051,-0.0020,0.0000
-0.0110,2.0000,2.0048,-0.0003,-0.0091,-3.6475,69.7809,0.0000,0.2732,0.2732,0.0895,0.0000,0.0000,-0.0055,-0.0022,0.0000
-0.0164,2.0162,2.0043,-0.0087,-0.0091,-3.6942,69.9728,0.0000,0.3056,0.3056,0.0920,0.0000,0.0000,-0.0055,-0.0022,0.0000
-0.0175,2.0150,2.0038,-0.0171,-0.0091,-3.7427,70.1684,0.0000,0.3374,0.3374,0.0934,0.0000,0.0000,-0.0055,-0.0022,0.0000
0.0344,1.9590,2.0035,-0.0255,-0.0091,-3.7819,70.3658,0.0000,0.3554,0.3554,0.0928,0.0000,0.0000,-0.0055,-0.0022,0.0000
0.0135,1.9988,2.0031,-0.0339,-0.0091,-3.8189,70.5348,0.0000,0.3767,0.3767,0.0908,0.0000,0.0000,-0.0055,-0.0022,0.0000
0.0087,1.9953,2.0028,-0.0388,-0.0056,-3.8618,70.7265,0.0000,0.3991,0.3991,0.0895,0.0000,0.0000,-0.0034,-0.0013,0.0000
0.2000,1.7145,2.0025,-0.0471,-0.0056,-3.9006,70.9144,0.0000,0.4053,0.4053,0.0857,0.0000,0.0000,-0.0034,-0.0013,0.0000
0.1054,1.9473,2.0023,-0.0555,-0.0056,-3.9368,71.0956,0.0000,0.4295,0.4295,0.0800,0.0000,0.0000,-0.0034,-0.0013,0.0000
0.1384,1.9014,2.0020,-0.0638,-0.0056,-3.9731,71.2769,0.0000,0.4417,0.4417,0.0736,0.0000,0.0000,-0.0034,-0.0013,0.0000
0.2000,1.8315,2.0018,-0.0722,-0.0056,-4.0160,71.4671,0.0000,0.4590,0.4590,0.0671,0.0000,0.0000,-0.0034,-0.0013,0.0000
0.2000,1.8320,2.0017,-0.0649,0.0101,-4.0491,71.6598,0.0000,0.4687,0.4687,0.0693,0.0000,0.0000,0.0061,0.0024,0.0000
0.1247,1.9308,2.0015,-0.0733,0.0101,-4.0813,71.8330,0.0000,0.4811,0.4811,0.0595,0.0000,0.0000,0.0061,0.0024,0.0000
0.0933,1.9388,2.0013,-0.0816,0.0101,-4.1066,72.0164,0.0000,0.4819,0.4819,0.0490,0.0000,0.0000,0.0061,0.0024,0.0000
0.1999,1.7450,2.0012,-0.0900,0.0101,-4.1423,72.2043,0.0000,0.4914,0.4914,0.0416,0.0000,0.0000,0.0061,0.0024,0.0000
0.2002,1.8368,2.0011,-0.0984,0.0101,-4.1608,72.3916,0.0000,0.4887,0.4887,0.0325,0.0000,0.0000,0.0061,0.0024,0.0000
0.1559,1.8943,2.0010,-0.1064,-0.0027,-4.1717,72.5799,0.0000,0.4696,0.4696,-0.0053,0.0000,0.0000,-0.0016,-0.0007,0.0000
0.1561,1.8672,2.0009,-0.1012,-0.0027,-4.2006,72.7707,0.0000,0.4695,0.4695,-0.0150,0.0000,0.0000,-0.0016,-0.0007,0.0000
0.1558,1.8731,2.0008,-0.0961,-0.0030,-4.2189,72.9751,0.0000,0.4543,0.4543,-0.0276,0.0000,0.0000,-0.0018,-0.0007,0.0000
0.1259,1.9115,2.0007,-0.0877,-0.0030,-4.2265,73.1749,0.0000,0.4269,0.4269,-0.0416,0.0000,0.0000,-0.0018,-0.0007,0.0000
-0.0046,2.0346,2.0006,-0.0800,0.0130,-4.2360,73.3901,0.0000,0.4037,0.4037,-0.0191,0.0000,0.0000,0.0079,0.0031,0.0000
0.0086,1.9867,2.0006,-0.0752,0.0130,-4.2515,73.5692,0.0000,0.3967,0.3967,-0.0296,0.0000,0.0000,0.0079,0.0031,0.0000
-0.1269,2.1367,2.0005,-0.0668,0.0185,-4.2518,73.7881,0.0000,0.3658,0.3658,-0.0425,0.0000,0.0000,0.0112,0.0045,0.0000
0.0731,1.7813,2.0005,-0.0584,0.0185,-4.2503,73.9836,0.0000,0.3497,0.3497,-0.0521,0.0000,0.0000,0.0112,0.0045,0.0000
-0.1266,2.1736,2.0004,-0.0530,0.0155,-4.2521,74.1792,0.0000,0.3160,0.3160,-0.0693,0.0000,0.0000,0.0093,0.0037,0.0000
0.0220,1.9394,2.0004,-0.0446,0.0155,-4.2557,74.3789,0.0000,0.3033,0.3033,-0.0787,0.0000,0.0000,0.0093,0.0037,0.0000
0.0235,1.9801,2.0003,-0.0363,0.0155,-4.2496,74.5887,0.0000,0.2702,0.2702,-0.0882,0.0000,0.0000,0.0093,0.0037,0.0000
0.0235,1.9801,2.0003,-0.0281,0.0155,-4.2505,74.7845,0.0000,0.2488,0.2488,-0.0956,0.0000,0.0000,0.0093,0.0037,0.0000
0.0556,1.9405,2.0003,-0.0197,0.0155,-4.2468,74.9988,0.0000,0.2238,0.2238,-0.1027,0.0000,0.0000,0.0093,0.0037,0.0000
0.0663,1.9405,2.0002,-0.0281,-0.0198,-4.2382,75.1984,0.0000,0.1933,0.1933,-0.1326,0.0000,0.0000,-0.0119,-0.0048,0.0000
0.0722,1.9405,2.0002,-0.0197,-0.0198,-4.2249,75.4029,0.0000,0.1545,0.1545,-0.1378,0.0000,0.0000,-0.0119,-0.0048,0.0000
-0.1237,2.1255,2.0002,-0.0114,-0.0198,-4.2331,75.5966,0.0000,0.1285,0.1285,-0.1397,0.0000,0.0000,-0.0119,-0.0048,0.0000
0.0526,1.9212,2.0002,-0.0030,-0.0198,-4.2186,75.8269,0.0000,0.0981,0.0981,-0.1472,0.0000,0.0000,-0.0119,-0.0048,0.0000
0.0876,1.9212,2.0002,0.0054,-0.0198,-4.2116,76.0330,0.0000,0.0671,0.0671,-0.1507,0.0000,0.0000,-0.0119,-0.0048,0.0000
0.0956,1.9212,2.0001,0.0138,0.0004,-4.1997,76.2293,0.0000,0.0333,0.0333,-0.1511,0.0000,0.0000,0.0002,0.0001,0.0000
-0.0155,2.0445,2.0001,0.0222,0.0004,-4.1841,76.4410,0.0000,-0.0127,-0.0127,-0.1516,0.0000,0.0000,0.0002,0.0001,0.0000
0.0415,1.9496,2.0001,0.0306,0.0004,-4.1727,76.6335,0.0000,-0.0344,-0.0344,-0.1502,0.0000,0.0000,0.0002,0.0001,0.0000
0.0955,1.9118,2.0001,0.0389,0.0004,-4.1646,76.8418,0.0000,-0.0584,-0.0584,-0.1484,0.0000,0.0000,0.0002,0.0001,0.0000
0.1123,1.9118,2.0001,0.0473,0.0007,-4.1642,77.0523,0.0000,-0.0767,-0.0767,-0.1446,0.0000,0.0000,0.0004,0.0002,0.0000
-0.0389,2.0669,2.0001,0.0557,0.0007,-4.1585,77.2608,0.0000,-0.1103,-0.1103,-0.1412,0.0000,0.0000,0.0004,0.0002,0.0000
-0.0927,2.0874,2.0001,0.0473,-0.0200,-4.1555,77.4726,0.0000,-0.1299,-0.1299,-0.1360,0.0000,0.0000,-0.0121,-0.0048,0.0000
-0.0980,2.0686,2.0001,0.0557,-0.0200,-4.1565,77.7144,0.0000,-0.1452,-0.1452,-0.1302,0.0000,0.0000,-0.0121,-0.0048,0.0000
-0.1789,2.1006,2.0001,0.0586,-0.0255,-4.1490,77.9255,0.0000,-0.1697,-0.1697,-0.1348,0.0000,0.0000,-0.0154,-0.0061,0.0000
-0.2000,2.3980,2.0001,0.0670,-0.0223,-4.1618,78.1331,0.0000,-0.1916,-0.1916,-0.1282,0.0000,0.0000,-0.0134,-0.0054,0.0000
-0.1585,2.0943,2.0001,0.0754,-0.0223,-4.1701,78.3449,0.0000,-0.1813,-0.1813,-0.1230,0.0000,0.0000,-0.0134,-0.0054,0.0000
-0.1054,2.0649,2.0000,0.0838,-0.0208,-4.1713,78.5462,0.0000,-0.1907,-0.1907,-0.1140,0.0000,0.0000,-0.0125,-0.0050,0.0000
-0.1268,2.1037,2.0000,0.0922,-0.0208,-4.1875,78.7624,0.0000,-0.1913,-0.1913,-0.1056,0.0000,0.0000,-0.0125,-0.0050,0.0000
-0.0334,1.9967,2.0000,0.1006,0.0058,-4.2022,78.9689,0.0000,-0.1798,-0.1798,-0.0531,0.0000,0.0000,0.0035,0.0014,0.0000
-0.1668,2.1526,2.0000,0.1090,0.0058,-4.2068,79.1957,0.0000,-0.1846,-0.1846,-0.0449,0.0000,0.0000,0.0035,0.0014,0.0000
-0.1004,2.0553,2.0000,0.1087,0.0058,-4.2159,79.4294,0.0000,-0.1762,-0.1762,-0.0336,0.0000,0.0000,0.0035,0.0014,0.0000
-0.2000,2.2501,2.0000,0.1072,-0.0041,-4.2449,79.6416,0.0000,-0.1525,-0.1525,-0.0634,0.0000,0.0000,-0.0025,-0.0010,0.0000
-0.2000,2.3194,2.0000,0.1058,-0.0041,-4.2654,79.8522,0.0000,-0.1454,-0.1454,-0.0540,0.0000,0.0000,-0.0025,-0.0010,0.0000
-0.1745,2.1304,2.0000,0.1012,-0.0041,-4.2878,80.0764,0.0000,-0.1313,-0.1313,-0.0445,0.0000,0.0000,-0.0025,-0.0010,0.0000
-0.1423,2.1008,2.0000,0.0928,-0.0041,-4.3353,80.2999,0.0000,-0.0928,-0.0928,-0.0314,0.0000,0.0000,-0.0025,-0.0010,0.0000
-0.2000,2.2368,2.0000,0.1007,0.0121,-4.3725,80.4955,0.0000,-0.0658,-0.0658,0.0214,0.0000,0.0000,0.0073,0.0029,0.0000
-0.2000,2.2755,2.0000,0.0923,0.0121,-4.3923,80.7172,0.0000,-0.0466,-0.0466,0.0326,0.0000,0.0000,0.0073,0.0029,0.0000
-0.0304,1.9801,2.0000,0.0839,0.0121,-4.4421,80.9264,0.0000,-0.0023,-0.0023,0.0452,0.0000,0.0000,0.0073,0.0029,0.0000
-0.1815,2.2065,2.0000,0.0755,0.0121,-4.4789,81.1450,0.0000,0.0364,0.0364,0.0547,0.0000,0.0000,0.0073,0.0029,0.0000
-0.1715,2.1413,2.0000,0.0671,0.0000,-4.5297,81.3579,0.0000,0.0830,0.0830,0.0559,0.0000,0.0000,0.0000,0.0000,0.0000
-0.2000,2.2016,2.0000,0.0587,0.0000,-4.5553,81.5684,0.0000,0.1067,0.1067,0.0665,0.0000,0.0000,0.0000,0.0000,0.0000
-0.2003,2.1769,2.0000,0.0503,0.0000,-4.5886,81.7500,0.0000,0.1354,0.1354,0.0752,0.0000,0.0000,0.0000,0.0000,0.0000
-0.1528,2.1029,2.0000,0.0419,0.0000,-4.6353,81.9759,0.0000,0.1712,0.1712,0.0831,0.0000,0.0000,0.0000,0.0000,0.0000
0.0470,1.8323,2.0000,0.0335,-0.0015,-4.6979,82.1772,0.0000,0.2144,0.2144,0.0846,0.0000,0.0000,-0.0009,-0.0004,0.0000
-0.1530,2.2893,2.0000,0.0251,-0.0015,-4.7526,82.3897,0.0000,0.2788,0.2788,0.0908,0.0000,0.0000,-0.0009,-0.0004,0.0000
-0.1307,2.0955,2.0000,0.0167,-0.0015,-4.8015,82.5949,0.0000,0.3085,0.3085,0.0963,0.0000,0.0000,-0.0009,-0.0004,0.0000
-0.1901,2.1779,2.0000,0.0091,-0.0006,-4.8598,82.8060,0.0000,0.3589,0.3589,0.0933,0.0000,0.0000,-0.0004,-0.0002,0.0000
-0.1413,2.0937,2.0000,0.0007,-0.0006,-4.9105,83.0095,0.0000,0.3918,0.3918,0.0969,0.0000,0.0000,-0.0004,-0.0002,0.0000
-0.1928,2.1733,2.0000,-0.0075,-0.0006,-4.9655,83.2292,0.0000,0.4345,0.4345,0.0994,0.0000,0.0000,-0.0004,-0.0002,0.0000
-0.1285,2.0790,2.0000,-0.0159,-0.0006,-5.0189,83.4396,0.0000,0.4650,0.4650,0.0992,0.0000,0.0000,-0.0004,-0.0002,0.0000
-0.2000,2.2474,2.0000,-0.0243,-0.0136,-5.0691,83.6429,0.0000,0.5059,0.5059,0.0794,0.0000,0.0000,-0.0082,-0.0033,0.0000
-0.1945,2.1517,2.0000,-0.0327,-0.0136,-5.1217,83.8500,0.0000,0.5306,0.5306,0.0776,0.0000,0.0000,-0.0082,-0.0033,0.0000
-0.1265,2.0766,2.0000,-0.0411,-0.0136,-5.1755,84.0612,0.0000,0.5559,0.5559,0.0747,0.0000,0.0000,-0.0082,-0.0033,0.0000
-0.1414,2.1179,2.0000,-0.0495,-0.0136,-5.2255,84.2686,0.0000,0.5812,0.5812,0.0707,0.0000,0.0000,-0.0082,-0.0033,0.0000
-0.1911,2.1593,2.0000,-0.0578,-0.0136,-5.2669,84.4731,0.0000,0.5955,0.5955,0.0644,0.0000,0.0000,-0.0082,-0.0033,0.0000
-0.1629,2.1145,2.0000,-0.0660,-0.0132,-5.3096,84.6879,0.0000,0.6073,0.6073,0.0667,0.0000,0.0000,-0.0080,-0.0032,0.0000
-0.1110,2.0677,2.0000,-0.0743,-0.0132,-5.3522,84.8992,0.0000,0.6200,0.6200,0.0590,0.0000,0.0000,-0.0080,-0.0032,0.0000
-0.2000,2.1704,2.0000,-0.0827,-0.0132,-5.3992,85.1014,0.0000,0.6403,0.6403,0.0496,0.0000,0.0000,-0.0080,-0.0032,0.0000
-0.1897,2.1360,2.0000,-0.0911,-0.0132,-5.4265,85.3144,0.0000,0.6354,0.6354,0.0394,0.0000,0.0000,-0.0080,-0.0032,0.0000
-0.1100,2.0553,2.0000,-0.0841,0.0022,-5.4490,85.5442,0.0000,0.6235,0.6235,0.0476,0.0000,0.0000,0.0013,0.0005,0.0000
-0.1557,2.1295,2.0000,-0.0925,0.0022,-5.4702,85.7759,0.0000,0.6157,0.6157,0.0353,0.0000,0.0000,0.0013,0.0005,0.0000
-0.1999,2.2919,2.0000,-0.1009,0.0022,-5.4934,85.9877,0.0000,0.6107,0.6107,0.0223,0.0000,0.0000,0.0013,0.0005,0.0000
-0.2000,2.3098,2.0000,-0.1093,0.0022,-5.5179,86.1920,0.0000,0.6060,0.6060,0.0103,0.0000,0.0000,0.0013,0.0005,0.0000
-0.1613,2.1130,2.0000,-0.1094,-0.0006,-5.5317,86.4189,0.0000,0.5872,0.5872,-0.0101,0.0000,0.0000,-0.0003,-0.0001,0.0000
-0.0833,2.0392,2.0000,-0.1014,-0.0006,-5.5324,86.6380,0.0000,0.5553,0.5553,-0.0245,0.0000,0.0000,-0.0003,-0.0001,0.0000
-0.2000,2.2552,2.0000,-0.0931,0.0002,-5.5459,86.8609,0.0000,0.5324,0.5324,-0.0380,0.0000,0.0000,0.0001,0.0000,0.0000
-0.2000,2.1785,2.0000,-0.0847,0.0002,-5.5447,87.0905,0.0000,0.4970,0.4970,-0.0532,0.0000,0.0000,0.0001,0.0000,0.0000
-0.2000,2.2138,2.0000,-0.0763,0.0036,-5.5405,87.3116,0.0000,0.4587,0.4587,-0.0595,0.0000,0.0000,0.0021,0.0009,0.0000
-0.2000,2.2807,2.0000,-0.0679,0.0036,-5.5354,87.5251,0.0000,0.4208,0.4208,-0.0723,0.0000,0.0000,0.0021,0.0009,0.0000
-0.2000,2.1963,2.0000,-0.0660,-0.0029,-5.5246,87.7515,0.0000,0.3823,0.3823,-0.0848,0.0000,0.0000,-0.0017,-0.0007,0.0000
-0.1673,2.1206,2.0000,-0.0576,-0.0029,-5.5166,87.9733,0.0000,0.3485,0.3485,-0.0965,0.0000,0.0000,-0.0017,-0.0007,0.0000
-0.2000,2.2505,2.0000,-0.0492,0.0012,-5.5051,88.1822,0.0000,0.3038,0.3038,-0.0976,0.0000,0.0000,0.0007,0.0003,0.0000
-0.2000,2.2027,2.0000,-0.0408,0.0012,-5.4903,88.4069,0.0000,0.2662,0.2662,-0.1069,0.0000,0.0000,0.0007,0.0003,0.0000
-0.1291,2.0758,2.0000,-0.0324,0.0012,-5.4717,88.6289,0.0000,0.2295,0.2295,-0.1167,0.0000,0.0000,0.0007,0.0003,0.0000
-0.2000,2.2337,2.0000,-0.0240,0.0057,-5.4596,88.8447,0.0000,0.1848,0.1848,-0.1249,0.0000,0.0000,0.0034,0.0014,0.0000
-0.2000,2.2119,2.0000,-0.0157,0.0057,-5.4418,89.0562,0.0000,0.1449,0.1449,-0.1334,0.0000,0.0000,0.0034,0.0014,0.0000
-0.1849,2.1439,2.0000,-0.0138,-0.0008,-5.4231,89.2633,0.0000,0.1086,0.1086,-0.1540,0.0000,0.0000,-0.0005,-0.0002,0.0000
-0.1498,2.1055,2.0000,-0.0055,-0.0008,-5.4067,89.4871,0.0000,0.0722,0.0722,-0.1588,0.0000,0.0000,-0.0005,-0.0002,0.0000
-0.1011,2.0623,2.0000,-0.0139,-0.0206,-5.3956,89.7017,0.0000,0.0443,0.0443,-0.1615,0.0000,0.0000,-0.0124,-0.0050,0.0000
-0.2000,2.2248,2.0000,-0.0055,-0.0206,-5.3735,89.9333,0.0000,-0.0137,-0.0137,-0.1653,0.0000,0.0000,-0.0124,-0.0050,0.0000
-0.1745,2.1291,2.0000,0.0027,-0.0210,-5.3612,90.1527,0.0000,-0.0384,-0.0384,-0.1689,0.0000,0.0000,-0.0126,-0.0050,0.0000
-0.2000,2.3075,2.0000,0.0111,-0.0210,-5.3528,90.3887,0.0000,-0.0845,-0.0845,-0.1718,0.0000,0.0000,-0.0126,-0.0050,0.0000
-0.2000,2.1781,2.0000,0.0195,-0.0210,-5.3439,90.5915,0.0000,-0.1023,-0.1023,-0.1750,0.0000,0.0000,-0.0126,-0.0050,0.0000
-0.2000,2.3407,2.0000,0.0278,-0.0210,-5.3287,90.8112,0.0000,-0.1477,-0.1477,-0.1732,0.0000,0.0000,-0.0126,-0.0050,0.0000
-0.0644,2.0117,2.0000,0.0362,-0.0210,-5.3140,91.0293,0.0000,-0.1501,-0.1501,-0.1714,0.0000,0.0000,-0.0126,-0.0050,0.0000
-0.2000,2.1836,2.0000,0.0446,-0.0067,-5.3021,91.2632,0.0000,-0.1947,-0.1947,-0.1724,0.0000,0.0000,-0.0040,-0.0016,0.0000
-0.2000,2.1671,2.0000,0.0530,-0.0067,-5.2948,91.4778,0.0000,-0.2150,-0.2150,-0.1688,0.0000,0.0000,-0.0040,-0.0016,0.0000
-0.2000,2.3227,2.0000,0.0613,-0.0067,-5.2966,91.6983,0.0000,-0.2403,-0.2403,-0.1647,0.0000,0.0000,-0.0040,-0.0016,0.0000
-0.1836,2.1303,2.0000,0.0697,0.0064,-5.2896,91.9249,0.0000,-0.2436,-0.2436,-0.1445,0.0000,0.0000,0.0038,0.0015,0.0000
-0.1999,2.1873,2.0000,0.0781,0.0064,-5.2741,92.1480,0.0000,-0.2722,-0.2722,-0.1381,0.0000,0.0000,0.0038,0.0015,0.0000
-0.2000,2.2497,2.0000,0.0865,0.0064,-5.2738,92.3685,0.0000,-0.2868,-0.2868,-0.1330,0.0000,0.0000,0.0038,0.0015,0.0000
-0.2000,2.2174,2.0000,0.0949,0.0064,-5.2662,92.5755,0.0000,-0.2969,-0.2969,-0.1239,0.0000,0.0000,0.0038,0.0015,0.0000
-0.2000,2.1880,2.0000,0.0896,-0.0072,-5.2768,92.7957,0.0000,-0.2910,-0.2910,-0.1249,0.0000,0.0000,-0.0043,-0.0017,0.0000
-0.1166,2.0549,2.0000,0.0980,-0.0072,-5.2819,93.0220,0.0000,-0.2864,-0.2864,-0.1155,0.0000,0.0000,-0.0043,-0.0017,0.0000
-0.2000,2.1901,2.0000,0.1064,-0.0072,-5.2880,93.2458,0.0000,-0.2948,-0.2948,-0.1050,0.0000,0.0000,-0.0043,-0.0017,0.0000
-0.2000,2.2472,2.0000,0.1148,-0.0072,-5.2938,93.4714,0.0000,-0.2993,-0.2993,-0.0953,0.0000,0.0000,-0.0043,-0.0017,0.0000
-0.2000,2.2232,2.0000,0.1232,0.0139,-5.3046,93.6795,0.0000,-0.2902,-0.2902,-0.0405,0.0000,0.0000,0.0084,0.0033,0.0000
-0.2000,2.2408,2.0000,0.1193,0.0139,-5.3277,93.9022,0.0000,-0.2616,-0.2616,-0.0281,0.0000,0.0000,0.0084,0.0033,0.0000
-0.1219,2.0692,2.0000,0.1109,0.0139,-5.3589,94.1224,0.0000,-0.2214,-0.2214,-0.0139,0.0000,0.0000,0.0084,0.0033,0.0000
-0.1999,2.2268,2.0000,0.1025,0.0139,-5.3824,94.3353,0.0000,-0.1919,-0.1919,-0.0005,0.0000,0.0000,0.0084,0.0033,0.0000
-0.2000,2.2147,2.0000,0.0941,0.0139,-5.4027,94.5522,0.0000,-0.1647,-0.1647,0.0130,0.0000,0.0000,0.0084,0.0033,0.0000
-0.1745,2.1303,2.0000,0.0857,-0.0116,-5.4476,94.7589,0.0000,-0.1183,-0.1183,-0.0073,0.0000,0.0000,-0.0070,-0.0028,0.0000
-0.1937,2.1635,2.0000,0.0773,-0.0116,-5.4688,94.9794,0.0000,-0.1012,-0.1012,0.0035,0.0000,0.0000,-0.0070,-0.0028,0.0000
-0.1555,2.1090,2.0000,0.0689,-0.0116,-5.5030,95.1942,0.0000,-0.0704,-0.0704,0.0148,0.0000,0.0000,-0.0070,-0.0028,0.0000
-0.1999,2.1986,2.0000,0.0605,-0.0116,-5.5307,95.4181,0.0000,-0.0471,-0.0471,0.0246,0.0000,0.0000,-0.0070,-0.0028,0.0000
-0.1944,2.1615,2.0000,0.0645,0.0006,-5.5719,95.6234,0.0000,-0.0119,-0.0119,0.0202,0.0000,0.0000,0.0004,0.0001,0.0000
-0.2000,2.2382,2.0000,0.0561,0.0006,-5.6107,95.8454,0.0000,0.0176,0.0176,0.0282,0.0000,0.0000,0.0004,0.0001,0.0000
-0.1336,2.0817,2.0000,0.0477,0.0006,-5.6465,96.0654,0.0000,0.0403,0.0403,0.0357,0.0000,0.0000,0.0004,0.0001,0.0000
-0.2000,2.2375,2.0000,0.0393,0.0006,-5.6929,96.2568,0.0000,0.0821,0.0821,0.0438,0.0000,0.0000,0.0004,0.0001,0.0000
-0.2000,2.2110,2.0000,0.0413,0.0109,-5.7270,96.4572,0.0000,0.1089,0.1089,0.0707,0.0000,0.0000,0.0066,0.0026,0.0000
-0.0097,1.9575,2.0000,0.0330,0.0109,-5.7602,96.6667,0.0000,0.1256,0.1256,0.0772,0.0000,0.0000,0.0066,0.0026,0.0000
-0.0180,2.0168,2.0000,0.0247,0.0109,-5.8085,96.8694,0.0000,0.1682,0.1682,0.0825,0.0000,0.0000,0.0066,0.0026,0.0000
-0.1001,2.1048,2.0000,0.0163,0.0094,-5.8560,97.0733,0.0000,0.2118,0.2118,0.0882,0.0000,0.0000,0.0056,0.0023,0.0000
-0.0891,2.0676,2.0000,0.0084,0.0094,-5.9026,97.2742,0.0000,0.2480,0.2480,0.0926,0.0000,0.0000,0.0056,0.0023,0.0000
-0.0931,2.0787,2.0000,-0.0000,0.0080,-5.9427,97.4831,0.0000,0.2778,0.2778,0.0929,0.0000,0.0000,0.0048,0.0019,0.0000
-0.0690,2.0458,2.0000,-0.0084,0.0080,-5.9816,97.6762,0.0000,0.3046,0.3046,0.0957,0.0000,0.0000,0.0048,0.0019,0.0000
-0.1203,2.1099,2.0000,-0.0168,0.0022,-6.0214,97.8717,0.0000,0.3353,0.3353,0.0969,0.0000,0.0000,0.0013,0.0005,0.0000
0.0128,1.9530,2.0000,-0.0252,0.0022,-6.0686,98.0650,0.0000,0.3612,0.3612,0.0965,0.0000,0.0000,0.0013,0.0005,0.0000
0.0231,1.9779,2.0000,-0.0336,0.0022,-6.1044,98.2409,0.0000,0.3846,0.3846,0.0950,0.0000,0.0000,0.0013,0.0005,0.0000
0.0306,1.9727,2.0000,-0.0315,0.0126,-6.1480,98.4320,0.0000,0.4152,0.4152,0.1140,0.0000,0.0000,0.0076,0.0030,0.0000
0.2000,1.7801,2.0000,-0.0398,0.0126,-6.1829,98.6249,0.0000,0.4261,0.4261,0.1092,0.0000,0.0000,0.0076,0.0030,0.0000
0.1105,1.9417,2.0000,-0.0394,0.0214,-6.2136,98.8183,0.0000,0.4502,0.4502,0.1025,0.0000,0.0000,0.0129,0.0052,0.0000
0.0915,1.9431,2.0000,-0.0478,0.0214,-6.2394,99.0023,0.0000,0.4642,0.4642,0.0989,0.0000,0.0000,0.0129,0.0052,0.0000
0.0880,1.9419,2.0000,-0.0562,0.0027,-6.2787,99.1958,0.0000,0.4862,0.4862,0.0494,0.0000,0.0000,0.0016,0.0006,0.0000
0.1839,1.8414,2.0000,-0.0646,0.0027,-6.3000,99.3959,0.0000,0.4817,0.4817,0.0431,0.0000,0.0000,0.0016,0.0006,0.0000
0.0917,1.9565,2.0000,-0.0730,0.0027,-6.3337,99.5753,0.0000,0.4959,0.4959,0.0367,0.0000,0.0000,0.0016,0.0006,0.0000
0.0304,1.9960,2.0000,-0.0748,0.0093,-6.3441,99.7777,0.0000,0.4796,0.4796,0.0271,0.0000,0.0000,0.0056,0.0022,0.0000
0.1995,1.8079,2.0000,-0.0832,0.0093,-6.3773,99.9595,0.0000,0.4878,0.4878,0.0198,0.0000,0.0000,0.0056,0.0022,0.0000
0.0398,2.0120,2.0000,-0.0916,0.0080,-6.4136,100.1421,0.0000,0.4993,0.4993,0.0050,0.0000,0.0000,0.0048,0.0019,0.0000
0.1672,1.8314,2.0000,-0.0963,0.0080,-6.4209,100.3454,0.0000,0.4774,0.4774,-0.0061,0.0000,0.0000,0.0048,0.0019,0.0000
0.0217,2.0207,2.0000,-0.0904,0.0080,-6.4399,100.5401,0.0000,0.4665,0.4665,-0.0173,0.0000,0.0000,0.0048,0.0019,0.0000
-0.0080,2.0207,2.0000,-0.0855,0.0080,-6.4738,100.7210,0.0000,0.4727,0.4727,-0.0282,0.0000,0.0000,0.0048,0.0019,0.0000
0.1593,1.8184,2.0000,-0.0798,0.0080,-6.4926,100.9026,0.0000,0.4662,0.4662,-0.0407,0.0000,0.0000,0.0048,0.0019,0.0000
0.1960,1.8184,2.0000,-0.0753,0.0073,-6.4818,101.1102,0.0000,0.4263,0.4263,-0.0467,0.0000,0.0000,0.0044,0.0018,0.0000
0.2000,1.8090,2.0000,-0.0693,0.0073,-6.4895,101.3192,0.0000,0.4064,0.4064,-0.0575,0.0000,0.0000,0.0044,0.0018,0.0000
0.0000,2.0679,2.0000,-0.0609,0.0073,-6.4857,101.5211,0.0000,0.3667,0.3667,-0.0682,0.0000,0.0000,0.0044,0.0018,0.0000
-0.0625,2.0732,2.0000,-0.0525,0.0073,-6.4839,101.7352,0.0000,0.3362,0.3362,-0.0779,0.0000,0.0000,0.0044,0.0018,0.0000
-0.0267,2.0058,2.0000,-0.0571,-0.0058,-6.4775,101.9245,0.0000,0.3087,0.3087,-0.0739,0.0000,0.0000,-0.0035,-0.0014,0.0000
-0.1242,2.1238,2.0000,-0.0488,-0.0058,-6.4745,102.1226,0.0000,0.2778,0.2778,-0.0824,0.0000,0.0000,-0.0035,-0.0014,0.0000
0.0760,1.8799,2.0000,-0.0404,-0.0058,-6.4637,102.3050,0.0000,0.2568,0.2568,-0.0896,0.0000,0.0000,-0.0035,-0.0014,0.0000
0.0557,1.9653,2.0000,-0.0320,-0.0058,-6.4726,102.4913,0.0000,0.2399,0.2399,-0.0980,0.0000,0.0000,-0.0035,-0.0014,0.0000
0.1851,1.8128,2.0000,-0.0236,-0.0058,-6.4610,102.6912,0.0000,0.2149,0.2149,-0.1049,0.0000,0.0000,-0.0035,-0.0014,0.0000
0.1842,1.8476,2.0000,-0.0195,-0.0101,-6.4511,102.8808,0.0000,0.1827,0.1827,-0.1303,0.0000,0.0000,-0.0061,-0.0024,0.0000
0.0634,1.9862,2.0000,-0.0111,-0.0101,-6.4401,103.0784,0.0000,0.1397,0.1397,-0.1350,0.0000,0.0000,-0.0061,-0.0024,0.0000
0.1278,1.8830,2.0000,-0.0027,-0.0101,-6.4222,103.2797,0.0000,0.1067,0.1067,-0.1387,0.0000,0.0000,-0.0061,-0.0024,0.0000
0.0718,1.9624,2.0000,0.0057,-0.0101,-6.4266,103.4709,0.0000,0.0868,0.0868,-0.1398,0.0000,0.0000,-0.0061,-0.0024,0.0000
0.0173,2.0047,2.0000,0.0141,-0.0075,-6.4223,103.6539,0.0000,0.0588,0.0588,-0.1580,0.0000,0.0000,-0.0045,-0.0018,0.0000
0.1058,1.8962,2.0000,0.0225,-0.0075,-6.4201,103.8380,0.0000,0.0436,0.0436,-0.1600,0.0000,0.0000,-0.0045,-0.0018,0.0000
0.1998,1.8137,2.0000,0.0309,-0.0075,-6.4060,104.0416,0.0000,0.0150,0.0150,-0.1592,0.0000,0.0000,-0.0045,-0.0018,0.0000
0.2000,1.8255,2.0000,0.0392,-0.0075,-6.4093,104.2372,0.0000,-0.0020,-0.0020,-0.1574,0.0000,0.0000,-0.0045,-0.0018,0.0000
0.0283,2.0231,2.0000,0.0476,-0.0075,-6.3997,104.4400,0.0000,-0.0459,-0.0459,-0.1544,0.0000,0.0000,-0.0045,-0.0018,0.0000
0.0640,1.9405,2.0000,0.0482,-0.0152,-6.3920,104.6398,0.0000,-0.0653,-0.0653,-0.1461,0.0000,0.0000,-0.0092,-0.0037,0.0000
0.0084,2.0129,2.0000,0.0566,-0.0152,-6.3919,104.8395,0.0000,-0.0876,-0.0876,-0.1427,0.0000,0.0000,-0.0092,-0.0037,0.0000
0.0213,1.9821,2.0000,0.0650,-0.0152,-6.4001,105.0487,0.0000,-0.0944,-0.0944,-0.1384,0.0000,0.0000,-0.0092,-0.0037,0.0000
0.0270,1.9807,2.0000,0.0734,-0.0152,-6.3973,105.2447,0.0000,-0.1134,-0.1134,-0.1347,0.0000,0.0000,-0.0092,-0.0037,0.0000
-0.0644,2.0780,2.0000,0.0818,-0.0152,-6.4151,105.4568,0.0000,-0.1182,-0.1182,-0.1291,0.0000,0.0000,-0.0092,-0.0037,0.0000
0.0364,1.9437,2.0000,0.0902,0.0032,-6.4231,105.6428,0.0000,-0.1102,-0.1102,-0.0821,0.0000,0.0000,0.0019,0.0008,0.0000
-0.1217,2.1129,2.0000,0.0986,0.0032,-6.4239,105.8428,0.0000,-0.1207,-0.1207,-0.0746,0.0000,0.0000,0.0019,0.0008,0.0000
0.0779,1.8478,2.0000,0.1070,0.0032,-6.4370,106.0393,0.0000,-0.1028,-0.1028,-0.0669,0.0000,0.0000,0.0019,0.0008,0.0000
0.0398,1.9841,2.0000,0.1132,0.0032,-6.4417,106.2457,0.0000,-0.1068,-0.1068,-0.0584,0.0000,0.0000,0.0019,0.0008,0.0000
0.0469,1.9553,2.0000,0.1105,0.0026,-6.4544,106.4473,0.0000,-0.0961,-0.0961,-0.0575,0.0000,0.0000,0.0016,0.0006,0.0000
-0.0383,2.0485,2.0000,0.1054,0.0026,-6.4724,106.6265,0.0000,-0.0820,-0.0820,-0.0463,0.0000,0.0000,0.0016,0.0006,0.0000
-0.0214,2.0060,2.0000,0.0970,0.0023,-6.4782,106.8434,0.0000,-0.0792,-0.0792,-0.0349,0.0000,0.0000,0.0014,0.0005,0.0000
0.1787,1.7909,2.0000,0.0886,0.0023,-6.4912,107.0470,0.0000,-0.0662,-0.0662,-0.0229,0.0000,0.0000,0.0014,0.0005,0.0000
-0.0210,2.1519,2.0000,0.0802,-0.0069,-6.5301,107.2475,0.0000,-0.0335,-0.0335,-0.0306,0.0000,0.0000,-0.0042,-0.0017,0.0000
-0.0255,2.0246,2.0000,0.0718,-0.0069,-6.5644,107.4435,0.0000,-0.0056,-0.0056,-0.0210,0.0000,0.0000,-0.0042,-0.0017,0.0000
-0.0340,2.0343,2.0000,0.0634,-0.0069,-6.5997,107.6438,0.0000,0.0212,0.0212,-0.0113,0.0000,0.0000,-0.0042,-0.0017,0.0000
0.0055,1.9786,2.0000,0.0550,-0.0069,-6.6288,107.8456,0.0000,0.0403,0.0403,-0.0030,0.0000,0.0000,-0.0042,-0.0017,0.0000
-0.0132,2.0222,2.0000,0.0467,-0.0069,-6.6564,108.0472,0.0000,0.0578,0.0578,0.0053,0.0000,0.0000,-0.0042,-0.0017,0.0000
-0.0220,2.0243,2.0000,0.0383,-0.0566,-6.6868,108.2349,0.0000,0.0804,0.0804,0.0347,0.0000,0.0000,-0.0341,-0.0137,0.0000
-0.0224,2.0195,2.0000,0.0299,-0.0566,-6.7221,108.4371,0.0000,0.1090,0.1090,0.0420,0.0000,0.0000,-0.0341,-0.0137,0.0000
0.0935,1.8875,2.0000,0.0215,-0.0566,-6.7560,108.6339,0.0000,0.1321,0.1321,0.0480,0.0000,0.0000,-0.0341,-0.0137,0.0000
-0.0057,2.0374,2.0000,0.0131,-0.0566,-6.7967,108.8306,0.0000,0.1680,0.1680,0.0531,0.0000,0.0000,-0.0341,-0.0137,0.0000
0.0103,1.9815,2.0000,0.0047,-0.0566,-6.8387,109.0180,0.0000,0.1997,0.1997,0.0573,0.0000,0.0000,-0.0341,-0.0137,0.0000
0.0086,1.9940,2.0000,-0.0037,-0.0560,-6.8898,109.2115,0.0000,0.2407,0.2407,0.0615,0.0000,0.0000,-0.0338,-0.0135,0.0000
0.0843,1.9061,2.0000,-0.0121,-0.0560,-6.9271,109.4127,0.0000,0.2633,0.2633,0.0632,0.0000,0.0000,-0.0338,-0.0135,0.0000
0.0401,1.9860,2.0000,-0.0139,-0.0495,-6.9661,109.6115,0.0000,0.2919,0.2919,0.0639,0.0000,0.0000,-0.0298,-0.0119,0.0000
-0.0107,2.0285,2.0000,-0.0223,-0.0495,-7.0116,109.8237,0.0000,0.3246,0.3246,0.0642,0.0000,0.0000,-0.0298,-0.0119,0.0000
-0.0117,2.0095,2.0000,-0.0307,-0.0535,-7.0524,110.0220,0.0000,0.3476,0.3476,0.0477,0.0000,0.0000,-0.0322,-0.0129,0.0000
-0.1701,2.1514,2.0000,-0.0391,-0.0535,-7.0853,110.2181,0.0000,0.3656,0.3656,0.0456,0.0000,0.0000,-0.0322,-0.0129,0.0000
-0.0517,2.0063,2.0000,-0.0474,-0.0535,-7.1170,110.4360,0.0000,0.3722,0.3722,0.0416,0.0000,0.0000,-0.0322,-0.0129,0.0000
0.0125,1.9705,2.0000,-0.0558,-0.0535,-7.1453,110.6259,0.0000,0.3779,0.3779,0.0352,0.0000,0.0000,-0.0322,-0.0129,0.0000
-0.1841,2.1841,2.0000,-0.0642,-0.0653,-7.1712,110.8274,0.0000,0.3848,0.3848,0.0306,0.0000,0.0000,-0.0394,-0.0157,0.0000
0.0158,1.9022,2.0000,-0.0726,-0.0653,-7.1898,111.0329,0.0000,0.3753,0.3753,0.0229,0.0000,0.0000,-0.0394,-0.0157,0.0000
-0.0063,2.0142,2.0000,-0.0799,-0.0641,-7.2069,111.2389,0.0000,0.3684,0.3684,0.0141,0.0000,0.0000,-0.0387,-0.0155,0.0000
-0.0450,2.0466,2.0000,-0.0883,-0.0641,-7.2300,111.4296,0.0000,0.3667,0.3667,0.0046,0.0000,0.0000,-0.0387,-0.0155,0.0000
-0.0627,2.0508,2.0000,-0.0799,-0.0045,-7.2536,111.6375,0.0000,0.3748,0.3748,0.0562,0.0000,0.0000,-0.0027,-0.0011,0.0000
0.0809,1.9030,2.0000,-0.0715,0.0181,-7.2474,111.8465,0.0000,0.3501,0.3501,0.0451,0.0000,0.0000,0.0109,0.0044,0.0000
-0.0512,2.0738,2.0000,-0.0799,0.0115,-7.2579,112.0541,0.0000,0.3486,0.3486,0.0222,0.0000,0.0000,0.0069,0.0028,0.0000
-0.0833,2.0789,2.0000,-0.0883,0.0115,-7.2706,112.2448,0.0000,0.3451,0.3451,0.0120,0.0000,0.0000,0.0069,0.0028,0.0000
-0.0790,2.0621,2.0000,-0.0870,0.0115,-7.2777,112.4455,0.0000,0.3361,0.3361,0.0022,0.0000,0.0000,0.0069,0.0028,0.0000
0.0915,1.8940,2.0000,-0.0954,-0.0734,-7.2708,112.6543,0.0000,0.3121,0.3121,-0.0091,0.0000,0.0000,-0.0443,-0.0177,0.0000
0.0345,1.9921,2.0000,-0.1038,-0.0734,-7.2739,112.8575,0.0000,0.2974,0.2974,-0.0205,0.0000,0.0000,-0.0443,-0.0177,0.0000
-0.0586,2.0752,2.0000,-0.1000,-0.0613,-7.2704,113.0556,0.0000,0.2801,0.2801,-0.0064,0.0000,0.0000,-0.0370,-0.0148,0.0000
-0.0329,2.0154,2.0000,-0.1084,-0.0613,-7.2451,113.2571,0.0000,0.2418,0.2418,-0.0184,0.0000,0.0000,-0.0370,-0.0148,0.0000
0.0299,1.9662,2.0000,-0.1104,-0.0550,-7.2302,113.4517,0.0000,0.2138,0.2138,-0.0312,0.0000,0.0000,-0.0332,-0.0133,0.0000
-0.0085,2.0216,2.0000,-0.1020,-0.0550,-7.2257,113.6550,0.0000,0.1949,0.1949,-0.0437,0.0000,0.0000,-0.0332,-0.0133,0.0000
0.0526,1.9397,2.0000,-0.0948,-0.0562,-7.1908,113.8474,0.0000,0.1473,0.1473,-0.0600,0.0000,0.0000,-0.0339,-0.0136,0.0000
0.0011,2.0156,2.0000,-0.0864,-0.0562,-7.1815,114.0631,0.0000,0.1201,0.1201,-0.0741,0.0000,0.0000,-0.0339,-0.0136,0.0000
0.0433,1.9491,2.0000,-0.0780,-0.0562,-7.1667,114.2581,0.0000,0.0940,0.0940,-0.0867,0.0000,0.0000,-0.0339,-0.0136,0.0000
-0.1235,2.1405,2.0000,-0.0696,-0.0562,-7.1335,114.4428,0.0000,0.0383,0.0383,-0.0989,0.0000,0.0000,-0.0339,-0.0136,0.0000
0.0239,1.9406,2.0000,-0.0613,-0.0562,-7.1096,114.6491,0.0000,0.0112,0.0112,-0.1108,0.0000,0.0000,-0.0339,-0.0136,0.0000
0.1292,1.8668,2.0000,-0.0697,-0.1278,-7.0840,114.8464,0.0000,-0.0265,-0.0265,-0.1600,0.0000,0.0000,-0.0774,-0.0310,0.0000
-0.0279,2.0611,2.0000,-0.0613,-0.1278,-7.0572,115.0420,0.0000,-0.0880,-0.0880,-0.1700,0.0000,0.0000,-0.0774,-0.0310,0.0000
0.0143,1.9732,2.0000,-0.0529,-0.1278,-7.0310,115.2454,0.0000,-0.1255,-0.1255,-0.1794,0.0000,0.0000,-0.0774,-0.0310,0.0000
0.0403,1.9588,2.0000,-0.0445,-0.1278,-7.0047,115.4442,0.0000,-0.1692,-0.1692,-0.1894,0.0000,0.0000,-0.0774,-0.0310,0.0000
-0.0191,2.0346,2.0000,-0.0361,-0.0681,-6.9729,115.6423,0.0000,-0.2010,-0.2010,-0.0886,0.0000,0.0000,-0.0411,-0.0164,0.0000
0.0049,1.9878,2.0000,-0.0277,-0.0681,-6.9382,115.8389,0.0000,-0.2276,-0.2276,-0.0951,0.0000,0.0000,-0.0411,-0.0164,0.0000
0.0106,1.9904,2.0000,-0.0254,-0.0743,-6.9057,116.0495,0.0000,-0.2554,-0.2554,-0.1104,0.0000,0.0000,-0.0449,-0.0179,0.0000
0.0226,1.9796,2.0000,-0.0338,-0.1103,-6.8776,116.2392,0.0000,-0.2776,-0.2776,-0.1158,0.0000,0.0000,-0.0667,-0.0267,0.0000
-0.1033,2.1127,2.0000,-0.0254,-0.1103,-6.8442,116.4411,0.0000,-0.3128,-0.3128,-0.1209,0.0000,0.0000,-0.0667,-0.0267,0.0000
0.0766,1.9006,2.0000,-0.0170,-0.1103,-6.8084,116.6329,0.0000,-0.3298,-0.3298,-0.1259,0.0000,0.0000,-0.0667,-0.0267,0.0000
-0.0059,2.0292,2.0000,-0.0086,-0.0631,-6.7736,116.8322,0.0000,-0.3535,-0.3535,-0.0747,0.0000,0.0000,-0.0381,-0.0152,0.0000
0.0788,1.9343,2.0000,-0.0002,-0.0631,-6.7442,117.0222,0.0000,-0.3617,-0.3617,-0.0788,0.0000,0.0000,-0.0381,-0.0152,0.0000
0.0182,2.0059,2.0000,0.0053,-0.0660,-6.7055,117.2302,0.0000,-0.3831,-0.3831,-0.0825,0.0000,0.0000,-0.0398,-0.0159,0.0000
0.0869,1.9060,2.0000,0.0137,-0.0410,-6.6759,117.4205,0.0000,-0.3870,-0.3870,-0.0502,0.0000,0.0000,-0.0247,-0.0099,0.0000
-0.0817,2.0976,2.0000,0.0220,-0.0410,-6.6492,117.6286,0.0000,-0.3895,-0.3895,-0.0517,0.0000,0.0000,-0.0247,-0.0099,0.0000
0.0773,1.9089,2.0000,0.0303,-0.0410,-6.6182,117.8303,0.0000,-0.3844,-0.3844,-0.0502,0.0000,0.0000,-0.0247,-0.0099,0.0000
-0.0669,2.0798,2.0000,0.0219,-0.0611,-6.5808,118.0210,0.0000,-0.3967,-0.3967,-0.0490,0.0000,0.0000,-0.0369,-0.0147,0.0000
-0.0433,2.0235,2.0000,0.0303,-0.0249,-6.5404,118.2307,0.0000,-0.4004,-0.4004,0.0012,0.0000,0.0000,-0.0150,-0.0060,0.0000
0.0564,1.9263,2.0000,0.0387,-0.0249,-6.5072,118.4350,0.0000,-0.3891,-0.3891,0.0058,0.0000,0.0000,-0.0150,-0.0060,0.0000
-0.1177,2.1166,2.0000,0.0471,-0.0249,-6.4828,118.6377,0.0000,-0.3704,-0.3704,0.0085,0.0000,0.0000,-0.0150,-0.0060,0.0000
-0.0835,2.0538,2.0000,0.0387,-0.0687,-6.4521,118.8318,0.0000,-0.3592,-0.3592,0.0124,0.0000,0.0000,-0.0415,-0.0166,0.0000
-0.0489,2.0246,2.0000,0.0324,-0.0666,-6.4178,119.0463,0.0000,-0.3459,-0.3459,0.0250,0.0000,0.0000,-0.0402,-0.0161,0.0000
0.0298,1.9494,2.0000,0.0240,-0.0666,-6.3878,119.2457,0.0000,-0.3310,-0.3310,0.0303,0.0000,0.0000,-0.0402,-0.0161,0.0000
-0.1528,2.1538,2.0000,0.0156,-0.0666,-6.3636,119.4611,0.0000,-0.3030,-0.3030,0.0352,0.0000,0.0000,-0.0402,-0.0161,0.0000
-0.0452,2.0004,2.0000,0.0072,-0.0666,-6.3386,119.6544,0.0000,-0.2867,-0.2867,0.0398,0.0000,0.0000,-0.0402,-0.0161,0.0000
-0.1641,2.1507,2.0000,0.0016,-0.0638,-6.3074,119.8614,0.0000,-0.2693,-0.2693,0.0531,0.0000,0.0000,-0.0385,-0.0154,0.0000
0.0274,1.9328,2.0000,-0.0068,-0.0638,-6.2731,120.0589,0.0000,-0.2638,-0.2638,0.0560,0.0000,0.0000,-0.0385,-0.0154,0.0000
-0.0603,2.0755,2.0000,-0.0151,-0.0638,-6.2469,120.2697,0.0000,-0.2413,-0.2413,0.0555,0.0000,0.0000,-0.0385,-0.0154,0.0000
-0.0084,1.9876,2.0000,-0.0235,-0.0638,-6.2137,120.4805,0.0000,-0.2312,-0.2312,0.0558,0.0000,0.0000,-0.0385,-0.0154,0.0000
-0.1378,2.1052,2.0000,-0.0151,-0.0440,-6.1835,120.6826,0.0000,-0.2171,-0.2171,0.0526,0.0000,0.0000,-0.0265,-0.0106,0.0000
-0.1912,2.1165,2.0000,-0.0067,-0.0440,-6.1469,120.8842,0.0000,-0.2131,-0.2131,0.0496,0.0000,0.0000,-0.0265,-0.0106,0.0000
-0.1093,2.0249,2.0000,0.0016,-0.0440,-6.1092,121.0988,0.0000,-0.2122,-0.2122,0.0443,0.0000,0.0000,-0.0265,-0.0106,0.0000
-0.0653,2.0323,2.0000,0.0027,-0.0440,-6.0835,121.3065,0.0000,-0.1958,-0.1958,0.0419,0.0000,0.0000,-0.0265,-0.0106,0.0000
-0.1631,2.1606,2.0000,0.0111,-0.0239,-6.0656,121.5118,0.0000,-0.1629,-0.1629,0.0746,0.0000,0.0000,-0.0144,-0.0058,0.0000
-0.1152,2.0736,2.0000,0.0027,-0.0677,-6.0320,121.7137,0.0000,-0.1493,-0.1493,0.0746,0.0000,0.0000,-0.0409,-0.0163,0.0000
-0.0771,2.0428,2.0000,-0.0057,-0.0677,-6.0016,121.9136,0.0000,-0.1310,-0.1310,0.0745,0.0000,0.0000,-0.0409,-0.0163,0.0000
-0.0515,2.0290,2.0000,-0.0141,-0.0677,-5.9652,122.1065,0.0000,-0.1185,-0.1185,0.0757,0.0000,0.0000,-0.0409,-0.0163,0.0000
-0.0249,2.0048,2.0000,-0.0057,-0.0188,-5.9289,122.3103,0.0000,-0.0988,-0.0988,0.1319,0.0000,0.0000,-0.0113,-0.0045,0.0000
0.0409,1.9461,2.0000,-0.0140,-0.0188,-5.9217,122.5219,0.0000,-0.0473,-0.0473,0.1308,0.0000,0.0000,-0.0113,-0.0045,0.0000
-0.0366,2.0520,2.0000,-0.0056,0.0017,-5.8869,122.7187,0.0000,-0.0191,-0.0191,0.1266,0.0000,0.0000,0.0010,0.0004,0.0000
-0.1006,2.0989,2.0000,-0.0140,0.0017,-5.8381,122.9227,0.0000,-0.0025,-0.0025,0.1259,0.0000,0.0000,0.0010,0.0004,0.0000
-0.0075,1.9814,2.0000,-0.0224,-0.0184,-5.8063,123.1207,0.0000,0.0140,0.0140,0.0996,0.0000,0.0000,-0.0111,-0.0044,0.0000
-0.0768,2.0796,2.0000,-0.0308,-0.1687,-5.7901,123.3168,0.0000,0.0564,0.0564,0.0985,0.0000,0.0000,-0.1026,-0.0410,0.0000
-0.0196,1.9876,2.0000,-0.0392,-0.1687,-5.7576,123.5118,0.0000,0.0712,0.0712,0.0953,0.0000,0.0000,-0.1026,-0.0410,0.0000
0.0305,1.9501,2.0000,-0.0476,-0.1687,-5.7270,123.7164,0.0000,0.0916,0.0916,0.0904,0.0000,0.0000,-0.1026,-0.0410,0.0000
-0.0246,2.0502,2.0000,-0.0392,-0.1257,-5.6926,123.9251,0.0000,0.1281,0.1281,0.1398,0.0000,0.0000,-0.0761,-0.0304,0.0000
-0.0453,2.0502,2.0000,-0.0476,-0.1468,-5.6559,124.1232,0.0000,0.1505,0.1505,0.1318,0.0000,0.0000,-0.0891,-0.0356,0.0000
-0.0915,2.0968,2.0000,-0.0560,-0.1518,-5.6141,124.3269,0.0000,0.1727,0.1727,0.1167,0.0000,0.0000,-0.0922,-0.0368,0.0000
-0.0286,1.9975,2.0000,-0.0644,-0.1518,-5.5616,124.5317,0.0000,0.1769,0.1769,0.1106,0.0000,0.0000,-0.0922,-0.0368,0.0000
-0.0510,2.0612,2.0000,-0.0728,-0.1518,-5.5206,124.7195,0.0000,0.1943,0.1943,0.1031,0.0000,0.0000,-0.0922,-0.0368,0.0000
-0.0919,2.0970,2.0000,-0.0812,-0.2428,-5.4753,124.9196,0.0000,0.2076,0.2076,0.0637,0.0000,0.0000,-0.1492,-0.0596,0.0000
0.0753,1.9063,2.0000,-0.0896,-0.2428,-5.4413,125.1135,0.0000,0.2177,0.2177,0.0553,0.0000,0.0000,-0.1492,-0.0596,0.0000
-0.0001,2.0343,2.0000,-0.0980,-0.2428,-5.4052,125.3007,0.0000,0.2310,0.2310,0.0451,0.0000,0.0000,-0.1492,-0.0596,0.0000
0.0205,1.9497,2.0000,-0.1064,-0.2428,-5.3438,125.4966,0.0000,0.2205,0.2205,0.0345,0.0000,0.0000,-0.1492,-0.0596,0.0000
0.1245,1.8875,2.0000,-0.0980,-0.0955,-5.2832,125.6898,0.0000,0.2369,0.2369,0.1969,0.0000,0.0000,-0.0577,-0.0231,0.0000
-0.0076,2.0386,2.0000,-0.0896,0.0602,-5.2268,125.8851,0.0000,0.2776,0.2776,0.1845,0.0000,0.0000,0.0363,0.0145,0.0000
-0.0113,2.0109,2.0000,-0.0980,0.0602,-5.1720,126.0404,0.0000,0.2869,0.2869,0.1745,0.0000,0.0000,0.0363,0.0145,0.0000
-0.0177,2.0160,2.0000,-0.1064,-0.0452,-5.1109,126.2789,0.0000,0.3287,0.3287,0.1837,0.0000,0.0000,-0.0273,-0.0109,0.0000
0.1823,1.6361,2.0000,-0.1146,-0.0452,-5.0314,126.4668,0.0000,0.3055,0.3055,0.1736,0.0000,0.0000,-0.0273,-0.0109,0.0000
-0.0177,2.4372,2.0000,-0.1230,-0.0452,-4.9606,126.6522,0.0000,0.3855,0.3855,0.1608,0.0000,0.0000,-0.0273,-0.0109,0.0000
-0.0347,2.0274,2.0000,-0.1314,-0.0452,-4.8982,126.8344,0.0000,0.3719,0.3719,0.1480,0.0000,0.0000,-0.0273,-0.0109,0.0000
0.0178,1.9712,2.0000,-0.1230,0.0048,-4.8325,127.0112,0.0000,0.3890,0.3890,0.2263,0.0000,0.0000,0.0029,0.0012,0.0000
0.1285,1.9097,2.0000,-0.1314,0.0048,-4.7743,127.1933,0.0000,0.4210,0.4210,0.2114,0.0000,0.0000,0.0029,0.0012,0.0000
0.1646,1.8711,2.0000,-0.1398,0.0048,-4.6870,127.3892,0.0000,0.4385,0.4385,0.1953,0.0000,0.0000,0.0029,0.0012,0.0000
0.1491,1.8921,2.0000,-0.1482,0.0048,-4.5894,127.5723,0.0000,0.4478,0.4478,0.1810,0.0000,0.0000,0.0029,0.0012,0.0000
-0.0510,2.1301,2.0000,-0.1566,-0.2068,-4.5055,127.7208,0.0000,0.4188,0.4188,-0.0298,0.0000,0.0000,-0.1264,-0.0505,0.0000
-0.0691,2.0648,2.0000,-0.1650,-0.2068,-4.3851,127.9449,0.0000,0.3721,0.3721,-0.0509,0.0000,0.0000,-0.1264,-0.0505,0.0000
0.1309,1.6989,2.0000,-0.1734,-0.2068,-4.2854,128.1284,0.0000,0.3446,0.3446,-0.0681,0.0000,0.0000,-0.1264,-0.0505,0.0000
-0.0691,2.5303,2.0000,-0.1650,-0.0932,-4.1994,128.3023,0.0000,0.3707,0.3707,0.0807,0.0000,0.0000,-0.0563,-0.0225,0.0000
-0.0896,2.0757,2.0000,-0.1734,-0.0932,-4.0892,128.4713,0.0000,0.3264,0.3264,0.0593,0.0000,0.0000,-0.0563,-0.0225,0.0000
0.0611,1.9256,2.0000,-0.1817,-0.0932,-3.9796,128.6308,0.0000,0.2928,0.2928,0.0377,0.0000,0.0000,-0.0563,-0.0225,0.0000
0.0072,2.0121,2.0000,-0.1768,-0.0799,-3.8666,128.8304,0.0000,0.2842,0.2842,0.0435,0.0000,0.0000,-0.0482,-0.0193,0.0000
0.0724,1.9315,2.0000,-0.1828,-0.0799,-3.7567,128.9920,0.0000,0.2598,0.2598,0.0220,0.0000,0.0000,-0.0482,-0.0193,0.0000
-0.1277,2.2747,2.0000,-0.1912,-0.0976,-3.6174,129.1573,0.0000,0.2096,0.2096,-0.0040,0.0000,0.0000,-0.0590,-0.0236,0.0000
0.0229,1.9454,2.0000,-0.1828,-0.0393,-3.4717,129.3477,0.0000,0.1740,0.1740,0.0411,0.0000,0.0000,-0.0237,-0.0095,0.0000
-0.1424,2.1622,2.0000,-0.1744,-0.0393,-3.3498,129.5156,0.0000,0.1581,0.1581,0.0167,0.0000,0.0000,-0.0237,-0.0095,0.0000
-0.2000,2.3857,2.0000,-0.1828,-0.0783,-3.2195,129.7086,0.0000,0.1414,0.1414,-0.0110,0.0000,0.0000,-0.0473,-0.0189,0.0000
-0.1158,2.0604,2.0000,-0.1744,-0.0783,-3.0640,129.8544,0.0000,0.0840,0.0840,-0.0352,0.0000,0.0000,-0.0473,-0.0189,0.0000
-0.2000,2.3045,2.0000,-0.1660,-0.0676,-2.8928,130.0060,0.0000,0.0152,0.0152,-0.0400,0.0000,0.0000,-0.0408,-0.0163,0.0000
-0.1742,2.1335,2.0000,-0.1576,-0.0676,-2.7417,130.1652,0.0000,-0.0257,-0.0257,-0.0643,0.0000,0.0000,-0.0408,-0.0163,0.0000
-0.2000,2.2861,2.0000,-0.1492,-0.0676,-2.5855,130.2759,0.0000,-0.1099,-0.1099,-0.0875,0.0000,0.0000,-0.0408,-0.0163,0.0000
-0.1999,2.1826,2.0000,-0.1576,-0.0939,-2.4309,130.4102,0.0000,-0.1649,-0.1649,-0.0875,0.0000,0.0000,-0.0567,-0.0227,0.0000
0.0000,1.9253,2.0000,-0.1492,-0.0939,-2.2532,130.5434,0.0000,-0.2252,-0.2252,-0.1089,0.0000,0.0000,-0.0567,-0.0227,0.0000
-0.0268,2.0415,2.0000,-0.1408,-0.0939,-2.0896,130.6616,0.0000,-0.3000,-0.3000,-0.1273,0.0000,0.0000,-0.0567,-0.0227,0.0000
-0.1986,2.2178,2.0000,-0.1324,-0.0939,-1.9263,130.7972,0.0000,-0.3697,-0.3697,-0.1456,0.0000,0.0000,-0.0567,-0.0227,0.0000
-0.0598,2.0150,2.0000,-0.1240,-0.0939,-1.7696,130.9116,0.0000,-0.4217,-0.4217,-0.1654,0.0000,0.0000,-0.0567,-0.0227,0.0000
-0.1110,2.1112,2.0000,-0.1156,-0.0762,-1.6038,131.0294,0.0000,-0.4936,-0.4936,-0.1524,0.0000,0.0000,-0.0460,-0.0184,0.0000
0.0453,1.9347,2.0000,-0.1240,-0.0955,-1.4482,131.1379,0.0000,-0.5403,-0.5403,-0.1689,0.0000,0.0000,-0.0577,-0.0231,0.0000
-0.0006,2.0249,2.0000,-0.1156,-0.0955,-1.2728,131.2484,0.0000,-0.6209,-0.6209,-0.1840,0.0000,0.0000,-0.0577,-0.0231,0.0000
0.1150,1.8884,2.0000,-0.1072,-0.0955,-1.0984,131.3639,0.0000,-0.6757,-0.6757,-0.1985,0.0000,0.0000,-0.0577,-0.0231,0.0000
-0.0400,2.0636,2.0000,-0.0988,-0.0566,-0.9040,131.4728,0.0000,-0.7729,-0.7729,-0.1647,0.0000,0.0000,-0.0341,-0.0137,0.0000
-0.0713,2.0812,2.0000,-0.1072,-0.1124,-0.7268,131.5686,0.0000,-0.8485,-0.8485,-0.1788,0.0000,0.0000,-0.0680,-0.0272,0.0000
-0.2000,2.2206,2.0000,-0.0988,-0.1124,-0.5535,131.6754,0.0000,-0.9272,-0.9272,-0.1946,0.0000,0.0000,-0.0680,-0.0272,0.0000
-0.0502,2.0067,2.0000,-0.0904,-0.1124,-0.3873,131.7806,0.0000,-0.9668,-0.9668,-0.2099,0.0000,0.0000,-0.0680,-0.0272,0.0000
-0.0375,2.0239,2.0000,-0.0820,-0.0756,-0.2075,131.8702,0.0000,-1.0000,-1.0401,-0.1779,0.0000,0.0000,-0.0456,-0.0182,0.0000
0.0240,1.9536,2.0000,-0.0904,-0.1251,-0.0245,131.9636,0.0000,-1.0000,-1.1049,-0.1931,0.0000,0.0000,-0.0758,-0.0303,0.0000
0.0094,2.0017,2.0000,-0.0820,-0.1251,0.1660,132.0701,0.0000,-1.0000,-1.1723,-0.2040,0.0000,0.0000,-0.0758,-0.0303,0.0000
-0.0306,2.0449,2.0000,-0.0736,-0.1059,0.3438,132.1622,0.0000,-1.0000,-1.2385,-0.1900,0.0000,0.0000,-0.0640,-0.0256,0.0000
-0.1532,2.1665,2.0000,-0.0820,-0.1297,0.4977,132.2373,0.0000,-1.0000,-1.3071,-0.2004,0.0000,0.0000,-0.0786,-0.0314,0.0000
-0.0238,1.9885,2.0000,-0.0736,-0.1297,0.6538,132.2881,0.0000,-1.0000,-1.3626,-0.2081,0.0000,0.0000,-0.0786,-0.0314,0.0000
0.1762,1.7030,2.0000,-0.0652,-0.1297,0.7742,132.3479,0.0000,-1.0000,-1.3742,-0.2151,0.0000,0.0000,-0.0786,-0.0314,0.0000
0.2000,1.6359,2.0000,-0.0568,-0.1297,0.8953,132.3825,0.0000,-1.0000,-1.4266,-0.2214,0.0000,0.0000,-0.0786,-0.0314,0.0000
0.2000,1.3348,2.0000,-0.0484,-0.1297,0.9824,132.4183,0.0000,-1.0000,-1.4278,-0.2263,0.0000,0.0000,-0.0786,-0.0314,0.0000
0.2000,1.2562,2.0000,-0.0401,-0.1297,1.0510,132.4456,0.0000,-1.0000,-1.4467,-0.2302,0.0000,0.0000,-0.0786,-0.0314,0.0000
0.1999,0.9370,2.0000,-0.0317,-0.1297,1.1171,132.4795,0.0000,-1.0000,-1.4304,-0.2338,0.0000,0.0000,-0.0786,-0.0314,0.0000
0.2000,0.7343,2.0000,-0.0233,-0.1297,1.1630,132.5054,0.0000,-1.0000,-1.4185,-0.2351,0.0000,0.0000,-0.0786,-0.0314,0.0000
0.2000,0.7373,2.0000,-0.0149,-0.1297,1.1983,132.5239,0.0000,-1.0000,-1.4291,-0.2368,0.0000,0.0000,-0.0786,-0.0314,0.0000
0.2000,0.5224,2.0000,-0.0065,-0.1059,1.2372,132.5349,0.0000,-1.0000,-1.4215,-0.2369,0.0000,0.0000,-0.0640,-0.0256,0.0000
0.2000,0.3949,2.0000,0.0019,-0.1059,1.2224,132.5412,0.0000,-1.0000,-1.3921,-0.2373,0.0000,0.0000,-0.0640,-0.0256,0.0000
0.2000,0.4016,2.0000,0.0102,-0.1059,1.2186,132.5393,0.0000,-1.0000,-1.3918,-0.2372,0.0000,0.0000,-0.0640,-0.0256,0.0000
0.2000,0.1582,2.0000,0.0186,-0.1059,1.2003,132.5380,0.0000,-1.0000,-1.3520,-0.2370,0.0000,0.0000,-0.0640,-0.0256,0.0000
0.2000,0.0001,2.0000,0.0102,-0.1251,1.2019,132.5351,0.0000,-1.0000,-1.3356,-0.2605,0.0000,0.0000,-0.0758,-0.0303,0.0000
0.2000,0.1821,2.0000,0.0186,-0.1059,1.2069,132.5420,0.0000,-1.0000,-1.3562,-0.2367,0.0000,0.0000,-0.0640,-0.0256,0.0000
0.2000,0.0001,2.0000,0.0102,-0.1251,1.2084,132.5352,0.0000,-1.0000,-1.3400,-0.2598,0.0000,0.0000,-0.0758,-0.0303,0.0000
0.2000,0.0853,2.0000,0.0186,-0.1059,1.2087,132.5357,0.0000,-1.0000,-1.3507,-0.2369,0.0000,0.0000,-0.0640,-0.0256,0.0000
0.2000,0.0665,2.0000,0.0102,-0.1251,1.2019,132.5363,0.0000,-1.0000,-1.3433,-0.2599,0.0000,0.0000,-0.0758,-0.0303,0.0000
0.2000,0.0001,2.0000,0.0186,-0.1251,1.1992,132.5371,0.0000,-1.0000,-1.3323,-0.2603,0.0000,0.0000,-0.0758,-0.0303,0.0000
0.2000,0.0699,2.0000,0.0269,-0.1251,1.2023,132.5346,0.0000,-1.0000,-1.3452,-0.2602,0.0000,0.0000,-0.0758,-0.0303,0.0000
0.2000,0.0001,2.0000,0.0353,-0.1251,1.1951,132.5406,0.0000,-1.0000,-1.3270,-0.2600,0.0000,0.0000,-0.0758,-0.0303,0.0000
0.2000,0.0001,2.0000,0.0437,-0.1251,1.1981,132.5362,0.0000,-1.0000,-1.3322,-0.2602,0.0000,0.0000,-0.0758,-0.0303,0.0000
0.2000,0.0932,2.0000,0.0521,-0.1059,1.1972,132.5366,0.0000,-1.0000,-1.3433,-0.2355,0.0000,0.0000,-0.0640,-0.0256,0.0000
0.2000,0.0533,2.0000,0.0437,-0.1251,1.2001,132.5348,0.0000,-1.0000,-1.3414,-0.2597,0.0000,0.0000,-0.0758,-0.0303,0.0000
0.2000,0.0001,2.0000,0.0521,-0.1251,1.1932,132.5357,0.0000,-1.0000,-1.3293,-0.2593,0.0000,0.0000,-0.0758,-0.0303,0.0000
0.2000,0.0001,2.0000,0.0605,-0.1251,1.1900,132.5351,0.0000,-1.0000,-1.3276,-0.2593,0.0000,0.0000,-0.0758,-0.0303,0.0000
0.2000,0.0702,2.0000,0.0689,-0.1251,1.1964,132.5344,0.0000,-1.0000,-1.3414,-0.2599,0.0000,0.0000,-0.0758,-0.0303,0.0000
0.2000,0.0001,2.0000,0.0773,-0.1251,1.1924,132.5317,0.0000,-1.0000,-1.3317,-0.2592,0.0000,0.0000,-0.0758,-0.0303,0.0000
0.2000,0.0651,2.0000,0.0857,-0.1251,1.1930,132.5346,0.0000,-1.0000,-1.3383,-0.2593,0.0000,0.0000,-0.0758,-0.0303,0.0000
0.2000,0.0001,2.0000,0.0941,-0.1251,1.1884,132.5345,0.0000,-1.0000,-1.3269,-0.2592,0.0000,0.0000,-0.0758,-0.0303,0.0000
0.2000,0.0001,2.0000,0.1025,-0.1251,1.1912,132.5345,0.0000,-1.0000,-1.3288,-0.2591,0.0000,0.0000,-0.0758,-0.0303,0.0000
0.2000,0.0001,2.0000,0.1109,-0.1251,1.1895,132.5363,0.0000,-1.0000,-1.3263,-0.2588,0.0000,0.0000,-0.0758,-0.0303,0.0000
0.2000,0.0001,2.0000,0.1193,-0.1251,1.1889,132.5338,0.0000,-1.0000,-1.3277,-0.2585,0.0000,0.0000,-0.0758,-0.0303,0.0000
0.2000,0.0001,2.0000,0.1277,-0.1251,1.1917,132.5351,0.0000,-1.0000,-1.3287,-0.2585,0.0000,0.0000,-0.0758,-0.0303,0.0000
0.2000,0.0001,2.0000,0.1360,-0.1251,1.1967,132.5372,0.0000,-1.0000,-1.3306,-0.2584,0.0000,0.0000,-0.0758,-0.0303,0.0000
0.2000,0.0001,2.0000,0.1444,-0.1251,1.1966,132.5344,0.0000,-1.0000,-1.3325,-0.2577,0.0000,0.0000,-0.0758,-0.0303,0.0000
0.2000,0.0540,2.0000,0.1512,-0.1251,1.1967,132.5396,0.0000,-1.0000,-1.3357,-0.2579,0.0000,0.0000,-0.0758,-0.0303,0.0000
0.2000,0.0001,2.0000,0.1508,-0.1251,1.1940,132.5365,0.0000,-1.0000,-1.3292,-0.2574,0.0000,0.0000,-0.0758,-0.0303,0.0000
0.2000,0.0507,2.0000,0.1512,-0.1251,1.1928,132.5346,0.0000,-1.0000,-1.3362,-0.2573,0.0000,0.0000,-0.0758,-0.0303,0.0000
0.2000,0.0001,2.0000,0.1505,-0.1251,1.1911,132.5377,0.0000,-1.0000,-1.3264,-0.2572,0.0000,0.0000,-0.0758,-0.0303,0.0000
0.2000,0.0001,2.0000,0.1505,-0.1251,1.1878,132.5352,0.0000,-1.0000,-1.3259,-0.2572,0.0000,0.0000,-0.0758,-0.0303,0.0000
0.2000,0.0001,2.0000,0.1504,-0.1251,1.1870,132.5346,0.0000,-1.0000,-1.3259,-0.2571,0.0000,0.0000,-0.0758,-0.0303,0.0000
0.2000,0.0001,2.0000,0.1505,-0.1251,1.1898,132.5348,0.0000,-1.0000,-1.3276,-0.2571,0.0000,0.0000,-0.0758,-0.0303,0.0000
0.2000,0.0001,2.0000,0.1504,-0.1251,1.1854,132.5347,0.0000,-1.0000,-1.3247,-0.2571,0.0000,0.0000,-0.0758,-0.0303,0.0000
0.2000,0.0001,2.0000,0.1505,-0.1251,1.1876,132.5351,0.0000,-1.0000,-1.3259,-0.2572,0.0000,0.0000,-0.0758,-0.0303,0.0000
0.2000,0.0001,2.0000,0.1504,-0.1251,1.1863,132.5367,0.0000,-1.0000,-1.3239,-0.2573,0.0000,0.0000,-0.0758,-0.0303,0.0000
0.2000,0.0001,2.0000,0.1505,-0.1251,1.1889,132.5339,0.0000,-1.0000,-1.3277,-0.2571,0.0000,0.0000,-0.0758,-0.0303,0.0000
0.2000,0.0001,2.0000,0.1506,-0.1251,1.1889,132.5337,0.0000,-1.0000,-1.3278,-0.2571,0.0000,0.0000,-0.0758,-0.0303,0.0000
0.2000,0.0001,2.0000,0.1506,-0.1251,1.1913,132.5336,0.0000,-1.0000,-1.3295,-0.2571,0.0000,0.0000,-0.0758,-0.0303,0.0000
0.2000,0.0001,2.0000,0.1505,-0.1251,1.1886,132.5342,0.0000,-1.0000,-1.3272,-0.2571,0.0000,0.0000,-0.0758,-0.0303,0.0000
0.2000,0.0001,2.0000,0.1506,-0.1251,1.1906,132.5352,0.0000,-1.0000,-1.3279,-0.2571,0.0000,0.0000,-0.0758,-0.0303,0.0000
0.2000,0.0001,2.0000,0.1507,-0.1251,1.1933,132.5348,0.0000,-1.0000,-1.3300,-0.2571,0.0000,0.0000,-0.0758,-0.0303,0.0000
0.2000,0.0001,2.0000,0.1508,-0.1251,1.1958,132.5341,0.0000,-1.0000,-1.3322,-0.2571,0.0000,0.0000,-0.0758,-0.0303,0.0000
0.2000,0.0001,2.0000,0.1508,-0.1251,1.1957,132.5347,0.0000,-1.0000,-1.3317,-0.2570,0.0000,0.0000,-0.0758,-0.0303,0.0000
