u_a,v_real,v_ref,u_delta,delta_d,px,py,theta1,cte,cte_real,epsi,vx,vy,kappa,beta,steer
0.2000,0.0001,0.0201,0.0084,0.0038,131.7980,156.1771,0.0000,0.1709,0.1709,-0.0610,0.0000,0.0000,0.0023,0.0009,0.0000
0.2000,0.0001,0.0401,0.0165,0.0038,131.8015,156.1805,0.0000,0.1734,0.1734,-0.0612,0.0000,0.0000,0.0023,0.0009,0.0000
0.2000,0.0001,0.0601,0.0243,0.0038,131.8016,156.1790,0.0000,0.1719,0.1719,-0.0612,0.0000,0.0000,0.0023,0.0009,0.0000
0.2000,0.0001,0.0801,0.0324,0.0038,131.8007,156.1786,0.0000,0.1718,0.1718,-0.0612,0.0000,0.0000,0.0023,0.0009,0.0000
0.2000,0.0001,0.1001,0.0408,0.0038,131.7988,156.1799,0.0000,0.1734,0.1734,-0.0611,0.0000,0.0000,0.0023,0.0009,0.0000
0.1998,0.0001,0.1201,0.0399,0.0038,131.8003,156.1806,0.0000,0.1738,0.1738,-0.0609,0.0000,0.0000,0.0023,0.0009,0.0000
0.2000,0.0001,0.1401,0.0315,0.0038,131.7987,156.1787,0.0000,0.1723,0.1723,-0.0606,0.0000,0.0000,0.0023,0.0009,0.0000
0.2000,0.0001,0.1601,0.0236,0.0038,131.7955,156.1782,0.0000,0.1725,0.1725,-0.0606,0.0000,0.0000,0.0023,0.0009,0.0000
0.2000,0.0001,0.1801,0.0152,0.0038,131.7969,156.1819,0.0000,0.1759,0.1759,-0.0607,0.0000,0.0000,0.0023,0.0009,0.0000
0.2000,0.0001,0.2001,0.0068,0.0038,131.7956,156.1796,0.0000,0.1738,0.1738,-0.0607,0.0000,0.0000,0.0023,0.0009,0.0000
0.2000,0.0001,0.2201,-0.0016,0.0038,131.8010,156.1772,0.0000,0.1703,0.1703,-0.0612,0.0000,0.0000,0.0023,0.0009,0.0000
0.2000,0.0001,0.2401,-0.0100,0.0038,131.7994,156.1789,0.0000,0.1723,0.1723,-0.0608,0.0000,0.0000,0.0023,0.0009,0.0000
0.2000,0.0591,0.2601,-0.0184,0.0038,131.7987,156.1801,0.0000,0.1719,0.1719,-0.0611,0.0000,0.0000,0.0023,0.0009,0.0000
0.2000,0.0001,0.2801,-0.0255,0.0038,131.7977,156.1797,0.0000,0.1735,0.1735,-0.0610,0.0000,0.0000,0.0023,0.0009,0.0000
0.2000,0.0001,0.3001,-0.0317,0.0038,131.7972,156.1795,0.0000,0.1735,0.1735,-0.0616,0.0000,0.0000,0.0023,0.0009,0.0000
0.1999,0.0001,0.3201,-0.0400,0.0038,131.7988,156.1790,0.0000,0.1725,0.1725,-0.0616,0.0000,0.0000,0.0023,0.0009,0.0000
0.1999,0.0001,0.3401,-0.0468,0.0038,131.8098,156.1790,0.0000,0.1700,0.1700,-0.0621,0.0000,0.0000,0.0023,0.0009,0.0000
0.2000,0.0001,0.3601,-0.0552,0.0038,131.8057,156.1783,0.0000,0.1703,0.1703,-0.0619,0.0000,0.0000,0.0023,0.0009,0.0000
0.2000,0.1089,0.3801,-0.0636,0.0038,131.8187,156.1825,0.0000,0.1680,0.1680,-0.0627,0.0000,0.0000,0.0023,0.0009,0.0000
0.2000,0.0001,0.4001,-0.0709,0.0038,131.8265,156.1852,0.0000,0.1722,0.1722,-0.0631,0.0000,0.0000,0.0023,0.0009,0.0000
0.2000,0.1357,0.4201,-0.0746,0.0038,131.8377,156.1882,0.0000,0.1682,0.1682,-0.0640,0.0000,0.0000,0.0023,0.0009,0.0000
0.2000,0.0805,0.4401,-0.0751,0.0038,131.8634,156.1932,0.0000,0.1689,0.1689,-0.0651,0.0000,0.0000,0.0023,0.0009,0.0000
0.2000,0.1156,0.4601,-0.0716,0.0038,131.8854,156.1956,0.0000,0.1650,0.1650,-0.0663,0.0000,0.0000,0.0023,0.0009,0.0000
0.2000,0.2203,0.4801,-0.0645,0.0038,131.9257,156.2048,0.0000,0.1609,0.1609,-0.0685,0.0000,0.0000,0.0023,0.0009,0.0000
0.2000,0.2203,0.5001,-0.0576,0.0038,131.9665,156.2068,0.0000,0.1534,0.1534,-0.0699,0.0000,0.0000,0.0023,0.0009,0.0000
0.2000,0.2203,0.5201,-0.0538,0.0038,131.9882,156.2106,0.0000,0.1519,0.1519,-0.0718,0.0000,0.0000,0.0023,0.0009,0.0000
0.2000,0.4092,0.5401,-0.0473,0.0038,132.0339,156.2233,0.0000,0.1466,0.1466,-0.0736,0.0000,0.0000,0.0023,0.0009,0.0000
0.2000,0.2180,0.5601,-0.0409,0.0038,132.0878,156.2265,0.0000,0.1441,0.1441,-0.0757,0.0000,0.0000,0.0023,0.0009,0.0000
0.1998,0.4698,0.5801,-0.0493,-0.0224,132.1173,156.2267,0.0000,0.1281,0.1281,-0.0695,0.0000,0.0000,-0.0135,-0.0054,0.0000
0.1999,0.5363,0.6001,-0.0519,-0.0224,132.1626,156.2353,0.0000,0.1236,0.1236,-0.0712,0.0000,0.0000,-0.0135,-0.0054,0.0000
0.1999,0.2937,0.6201,-0.0441,-0.0224,132.2198,156.2472,0.0000,0.1309,0.1309,-0.0731,0.0000,0.0000,-0.0135,-0.0054,0.0000
0.1999,0.4566,0.6401,-0.0357,-0.0224,132.2538,156.2460,0.0000,0.1156,0.1156,-0.0754,0.0000,0.0000,-0.0135,-0.0054,0.0000
0.2000,0.5788,0.6601,-0.0273,-0.0224,132.3075,156.2533,0.0000,0.1056,0.1056,-0.0776,0.0000,0.0000,-0.0135,-0.0054,0.0000
0.1999,0.3401,0.6801,-0.0189,-0.0224,132.3813,156.2656,0.0000,0.1100,0.1100,-0.0800,0.0000,0.0000,-0.0135,-0.0054,0.0000
0.1999,0.5374,0.7001,-0.0105,-0.0224,132.4343,156.2714,0.0000,0.0956,0.0956,-0.0813,0.0000,0.0000,-0.0135,-0.0054,0.0000
0.1760,0.7414,0.7201,-0.0021,-0.0224,132.4999,156.2868,0.0000,0.0873,0.0873,-0.0826,0.0000,0.0000,-0.0135,-0.0054,0.0000
0.2000,0.5286,0.7401,0.0063,-0.0224,132.5617,156.2972,0.0000,0.0922,0.0922,-0.0835,0.0000,0.0000,-0.0135,-0.0054,0.0000
0.2000,0.6677,0.7601,0.0136,-0.0235,132.6226,156.3039,0.0000,0.0791,0.0791,-0.0876,0.0000,0.0000,-0.0141,-0.0057,0.0000
0.1999,0.6215,0.7801,0.0220,-0.0235,132.6931,156.3125,0.0000,0.0737,0.0737,-0.0873,0.0000,0.0000,-0.0141,-0.0057,0.0000
0.1999,0.6078,0.8001,0.0304,-0.0235,132.7550,156.3265,0.0000,0.0741,0.0741,-0.0865,0.0000,0.0000,-0.0141,-0.0057,0.0000
0.2000,0.7038,0.8201,0.0387,-0.0235,132.8212,156.3372,0.0000,0.0657,0.0657,-0.0860,0.0000,0.0000,-0.0141,-0.0057,0.0000
0.1999,0.6290,0.8401,0.0471,-0.0235,132.8934,156.3433,0.0000,0.0590,0.0590,-0.0846,0.0000,0.0000,-0.0141,-0.0057,0.0000
0.1999,0.6651,0.8601,0.0555,-0.0235,132.9738,156.3490,0.0000,0.0455,0.0455,-0.0829,0.0000,0.0000,-0.0141,-0.0057,0.0000
0.1999,0.7186,0.8801,0.0639,-0.0235,133.0463,156.3636,0.0000,0.0418,0.0418,-0.0808,0.0000,0.0000,-0.0141,-0.0057,0.0000
0.1998,0.7987,0.9001,0.0723,-0.0235,133.1228,156.3815,0.0000,0.0399,0.0399,-0.0777,0.0000,0.0000,-0.0141,-0.0057,0.0000
0.2000,0.7800,0.9201,0.0807,0.0006,133.1970,156.3965,0.0000,0.0397,0.0397,-0.0714,0.0000,0.0000,0.0004,0.0001,0.0000
0.1999,0.7800,0.9401,0.0891,0.0006,133.2808,156.4090,0.0000,0.0347,0.0347,-0.0678,0.0000,0.0000,0.0004,0.0001,0.0000
0.1999,0.7518,0.9601,0.0960,0.0006,133.3631,156.4289,0.0000,0.0383,0.0383,-0.0637,0.0000,0.0000,0.0004,0.0001,0.0000
0.2000,0.8400,0.9801,0.1025,0.0006,133.4420,156.4475,0.0000,0.0377,0.0377,-0.0600,0.0000,0.0000,0.0004,0.0001,0.0000
0.1999,0.8411,1.0000,0.1018,0.0006,133.5229,156.4651,0.0000,0.0390,0.0390,-0.0550,0.0000,0.0000,0.0004,0.0001,0.0000
0.2005,0.8054,1.0000,0.0998,0.0006,133.6181,156.4862,0.0000,0.0414,0.0414,-0.0500,0.0000,0.0000,0.0004,0.0001,0.0000
0.2000,0.8225,1.0000,0.0914,0.0006,133.6975,156.5117,0.0000,0.0507,0.0507,-0.0442,0.0000,0.0000,0.0004,0.0001,0.0000
0.0850,0.9677,1.0000,0.0845,0.0020,133.7889,156.5290,0.0000,0.0470,0.0470,-0.0349,0.0000,0.0000,0.0012,0.0005,0.0000
0.2000,0.8311,1.0000,0.0761,0.0020,133.8793,156.5569,0.0000,0.0595,0.0595,-0.0287,0.0000,0.0000,0.0012,0.0005,0.0000
0.1286,0.9233,1.0000,0.0677,0.0020,133.9734,156.5800,0.0000,0.0624,0.0624,-0.0240,0.0000,0.0000,0.0012,0.0005,0.0000
0.0928,0.9417,1.0000,0.0593,0.0020,134.0683,156.6020,0.0000,0.0655,0.0655,-0.0186,0.0000,0.0000,0.0012,0.0005,0.0000
0.0657,0.9614,1.0000,0.0509,0.0020,134.1681,156.6259,0.0000,0.0689,0.0689,-0.0146,0.0000,0.0000,0.0012,0.0005,0.0000
0.0512,0.9677,1.0000,0.0425,-0.0027,134.2668,156.6487,0.0000,0.0714,0.0714,-0.0166,0.0000,0.0000,-0.0016,-0.0006,0.0000
0.0011,1.0177,1.0000,0.0341,-0.0027,134.3654,156.6762,0.0000,0.0779,0.0779,-0.0122,0.0000,0.0000,-0.0016,-0.0006,0.0000
-0.0036,1.0048,1.0000,0.0257,-0.0027,134.4652,156.6998,0.0000,0.0803,0.0803,-0.0092,0.0000,0.0000,-0.0016,-0.0006,0.0000
-0.0153,1.0167,1.0000,0.0173,-0.0027,134.5655,156.7257,0.0000,0.0849,0.0849,-0.0057,0.0000,0.0000,-0.0016,-0.0006,0.0000
-0.0199,1.0165,1.0000,0.0091,-0.0027,134.6760,156.7486,0.0000,0.0835,0.0835,-0.0039,0.0000,0.0000,-0.0016,-0.0006,0.0000
-0.0450,1.0282,1.0000,0.0007,-0.0027,134.7689,156.7793,0.0000,0.0940,0.0940,-0.0012,0.0000,0.0000,-0.0016,-0.0006,0.0000
-0.1809,1.1185,1.0000,-0.0067,-0.0016,134.8634,156.8021,0.0000,0.0965,0.0965,0.0128,0.0000,0.0000,-0.0010,-0.0004,0.0000
-0.0191,0.9711,1.0000,-0.0151,-0.0016,134.9657,156.8145,0.0000,0.0862,0.0862,0.0131,0.0000,0.0000,-0.0010,-0.0004,0.0000
0.0249,0.9647,1.0000,-0.0235,-0.0016,135.0619,156.8388,0.0000,0.0901,0.0901,0.0139,0.0000,0.0000,-0.0010,-0.0004,0.0000
-0.0092,1.0207,1.0000,-0.0319,-0.0016,135.1672,156.8594,0.0000,0.0874,0.0874,0.0121,0.0000,0.0000,-0.0010,-0.0004,0.0000
0.0075,0.9846,1.0000,-0.0403,-0.0016,135.2592,156.8823,0.0000,0.0898,0.0898,0.0115,0.0000,0.0000,-0.0010,-0.0004,0.0000
-0.0653,1.0641,1.0000,-0.0487,-0.0123,135.3600,156.8975,0.0000,0.0816,0.0816,-0.0135,0.0000,0.0000,-0.0074,-0.0030,0.0000
0.0660,0.9400,1.0000,-0.0568,-0.0123,135.4576,156.9173,0.0000,0.0779,0.0779,-0.0160,0.0000,0.0000,-0.0074,-0.0030,0.0000
0.0073,1.0117,1.0000,-0.0652,-0.0123,135.5562,156.9313,0.0000,0.0659,0.0659,-0.0203,0.0000,0.0000,-0.0074,-0.0030,0.0000
0.0145,0.9872,1.0000,-0.0568,0.0072,135.6539,156.9496,0.0000,0.0591,0.0591,-0.0246,0.0000,0.0000,0.0044,0.0017,0.0000
0.0141,0.9896,1.0000,-0.0485,0.0072,135.7522,156.9699,0.0000,0.0539,0.0539,-0.0288,0.0000,0.0000,0.0044,0.0017,0.0000
0.0172,0.9858,1.0000,-0.0402,0.0072,135.8544,156.9891,0.0000,0.0462,0.0462,-0.0341,0.0000,0.0000,0.0044,0.0017,0.0000
0.0150,0.9953,1.0000,-0.0318,0.0361,135.9600,157.0080,0.0000,0.0411,0.0411,-0.0030,0.0000,0.0000,0.0217,0.0087,0.0000
-0.0253,1.0324,1.0000,-0.0234,0.0361,136.0552,157.0261,0.0000,0.0380,0.0380,-0.0067,0.0000,0.0000,0.0217,0.0087,0.0000
-0.1050,1.0642,1.0000,-0.0296,0.0215,136.1469,157.0444,0.0000,0.0361,0.0361,-0.0098,0.0000,0.0000,0.0129,0.0052,0.0000
0.0140,0.9605,1.0000,-0.0213,0.0215,136.2441,157.0641,0.0000,0.0357,0.0357,-0.0120,0.0000,0.0000,0.0129,0.0052,0.0000
0.1067,0.9278,1.0000,-0.0170,0.0215,136.3414,157.0816,0.0000,0.0329,0.0329,-0.0141,0.0000,0.0000,0.0129,0.0052,0.0000
0.0453,0.9833,1.0000,-0.0254,-0.0012,136.4401,157.0993,0.0000,0.0272,0.0272,-0.0451,0.0000,0.0000,-0.0007,-0.0003,0.0000
0.0350,0.9793,1.0000,-0.0170,-0.0012,136.4355,157.1431,0.0000,0.0694,0.0694,-0.0484,0.0000,0.0000,-0.0007,-0.0003,0.0000
0.0179,0.9944,1.0000,-0.0089,-0.0016,136.6532,157.1199,0.0000,-0.0020,-0.0020,-0.0473,0.0000,0.0000,-0.0009,-0.0004,0.0000
0.2000,0.4210,1.0000,-0.0005,-0.0012,136.7334,157.1432,0.0000,0.0153,0.0153,-0.0514,0.0000,0.0000,-0.0007,-0.0003,0.0000
0.0000,2.1689,1.0000,0.0079,0.0126,136.8174,157.1698,0.0000,-0.0205,-0.0205,-0.0392,0.0000,0.0000,0.0076,0.0030,0.0000
0.1894,0.8259,1.0000,0.0021,-0.0016,136.8947,157.1796,0.0000,0.0027,0.0027,-0.0546,0.0000,0.0000,-0.0009,-0.0004,0.0000
0.1780,0.8735,1.0000,0.0105,0.0084,136.9998,157.2063,0.0000,0.0051,0.0051,-0.0465,0.0000,0.0000,0.0051,0.0020,0.0000
0.2000,0.7726,1.0000,0.0189,0.0084,137.1114,157.2293,0.0000,0.0051,0.0051,-0.0470,0.0000,0.0000,0.0051,0.0020,0.0000
-0.0000,1.0767,1.0000,0.0273,0.0084,137.2006,157.2408,0.0000,-0.0098,-0.0098,-0.0459,0.0000,0.0000,0.0051,0.0020,0.0000
-0.1490,1.1288,1.0000,0.0357,0.0084,137.3085,157.2632,0.0000,-0.0126,-0.0126,-0.0455,0.0000,0.0000,0.0051,0.0020,0.0000
0.0511,0.8922,1.0000,0.0441,0.0084,137.3996,157.2689,0.0000,-0.0208,-0.0208,-0.0436,0.0000,0.0000,0.0051,0.0020,0.0000
-0.0927,1.0922,1.0000,0.0525,0.0126,137.4950,157.2884,0.0000,-0.0249,-0.0249,-0.0344,0.0000,0.0000,0.0076,0.0030,0.0000
0.0791,0.9042,1.0000,0.0607,0.0126,137.5961,157.2965,0.0000,-0.0342,-0.0342,-0.0321,0.0000,0.0000,0.0076,0.0030,0.0000
0.0585,0.9654,1.0000,0.0691,0.0160,137.6885,157.3302,0.0000,-0.0204,-0.0204,-0.0290,0.0000,0.0000,0.0096,0.0039,0.0000
0.0161,1.0041,1.0000,0.0775,0.0160,137.7859,157.3523,0.0000,-0.0183,-0.0183,-0.0254,0.0000,0.0000,0.0096,0.0039,0.0000
0.0249,0.9779,1.0000,0.0859,0.0160,137.8915,157.3728,0.0000,-0.0188,-0.0188,-0.0222,0.0000,0.0000,0.0096,0.0039,0.0000
0.0186,0.9907,1.0000,0.0796,0.0013,137.9777,157.4008,0.0000,-0.0091,-0.0091,-0.0442,0.0000,0.0000,0.0008,0.0003,0.0000
-0.0548,1.0666,1.0000,0.0880,0.0013,138.0762,157.4258,0.0000,-0.0078,-0.0078,-0.0401,0.0000,0.0000,0.0008,0.0003,0.0000
0.0922,0.9014,1.0000,0.0964,0.0013,138.1655,157.4523,0.0000,0.0022,0.0022,-0.0352,0.0000,0.0000,0.0008,0.0003,0.0000
0.0178,1.0092,1.0000,0.0942,-0.0033,138.2577,157.4759,0.0000,0.0033,0.0033,-0.0311,0.0000,0.0000,-0.0020,-0.0008,0.0000
0.1506,0.9264,1.0000,0.0858,-0.0033,138.3525,157.4987,0.0000,0.0069,0.0069,-0.0251,0.0000,0.0000,-0.0020,-0.0008,0.0000
0.0953,0.9437,1.0000,0.0774,-0.0033,138.4457,157.5290,0.0000,0.0166,0.0166,-0.0193,0.0000,0.0000,-0.0020,-0.0008,0.0000
0.0598,0.9679,1.0000,0.0826,0.0102,138.5464,157.5483,0.0000,0.0143,0.0143,0.0065,0.0000,0.0000,0.0062,0.0025,0.0000
0.0434,0.9751,1.0000,0.0742,0.0102,138.6387,157.5814,0.0000,0.0291,0.0291,0.0116,0.0000,0.0000,0.0062,0.0025,0.0000
0.0003,1.0156,1.0000,0.0658,0.0102,138.7278,157.6108,0.0000,0.0408,0.0408,0.0161,0.0000,0.0000,0.0062,0.0025,0.0000
0.0236,0.9758,1.0000,0.0586,0.0113,138.8151,157.6272,0.0000,0.0400,0.0400,0.0210,0.0000,0.0000,0.0068,0.0027,0.0000
0.1267,0.9325,1.0000,0.0502,0.0113,138.9027,157.6534,0.0000,0.0477,0.0477,0.0246,0.0000,0.0000,0.0068,0.0027,0.0000
0.2004,0.8790,1.0000,0.0418,0.0113,138.9932,157.6779,0.0000,0.0530,0.0530,0.0287,0.0000,0.0000,0.0068,0.0027,0.0000
0.1440,0.9079,1.0000,0.0334,0.0113,139.0775,157.7018,0.0000,0.0601,0.0601,0.0323,0.0000,0.0000,0.0068,0.0027,0.0000
0.1072,0.9304,1.0000,0.0254,0.0117,139.1676,157.7160,0.0000,0.0558,0.0558,0.0356,0.0000,0.0000,0.0070,0.0028,0.0000
0.2011,0.8691,1.0000,0.0170,0.0117,139.2642,157.7417,0.0000,0.0597,0.0597,0.0375,0.0000,0.0000,0.0070,0.0028,0.0000
0.1485,0.9037,1.0000,0.0086,0.0117,139.3531,157.7698,0.0000,0.0696,0.0696,0.0402,0.0000,0.0000,0.0070,0.0028,0.0000
0.0490,0.9913,1.0000,0.0002,0.0117,139.4326,157.7994,0.0000,0.0840,0.0840,0.0419,0.0000,0.0000,0.0070,0.0028,0.0000
0.1373,0.9248,1.0000,-0.0082,0.0117,139.5158,157.8103,0.0000,0.0754,0.0754,0.0426,0.0000,0.0000,0.0070,0.0028,0.0000
0.2000,0.8423,1.0000,-0.0166,0.0117,139.6078,157.8337,0.0000,0.0769,0.0769,0.0433,0.0000,0.0000,0.0070,0.0028,0.0000
0.2000,0.8308,1.0000,-0.0250,0.0117,139.6941,157.8613,0.0000,0.0849,0.0849,0.0434,0.0000,0.0000,0.0070,0.0028,0.0000
0.1154,0.9413,1.0000,-0.0333,0.0118,139.7880,157.8836,0.0000,0.0870,0.0870,0.0219,0.0000,0.0000,0.0071,0.0028,0.0000
0.2006,0.8987,1.0000,-0.0417,0.0118,139.8780,157.9047,0.0000,0.0848,0.0848,0.0202,0.0000,0.0000,0.0071,0.0028,0.0000
0.0974,0.9570,1.0000,-0.0501,0.0118,139.9677,157.9286,0.0000,0.0865,0.0865,0.0184,0.0000,0.0000,0.0071,0.0028,0.0000
0.1360,0.9166,1.0000,-0.0585,0.0118,140.0531,157.9506,0.0000,0.0859,0.0859,0.0157,0.0000,0.0000,0.0071,0.0028,0.0000
0.1142,0.9204,1.0000,-0.0669,0.0118,140.1383,157.9748,0.0000,0.0877,0.0877,0.0123,0.0000,0.0000,0.0071,0.0028,0.0000
0.1918,0.8746,1.0000,-0.0753,0.0118,140.2228,157.9984,0.0000,0.0884,0.0884,0.0079,0.0000,0.0000,0.0071,0.0028,0.0000
0.1970,0.8776,1.0000,-0.0837,0.0118,140.3128,158.0221,0.0000,0.0881,0.0881,0.0036,0.0000,0.0000,0.0071,0.0028,0.0000
0.2008,0.8694,1.0000,-0.0845,0.0099,140.3919,158.0435,0.0000,0.0879,0.0879,-0.0035,0.0000,0.0000,0.0060,0.0024,0.0000
0.1393,0.9226,1.0000,-0.0797,0.0099,140.4863,158.0661,0.0000,0.0849,0.0849,-0.0083,0.0000,0.0000,0.0060,0.0024,0.0000
0.2000,0.8127,1.0000,-0.0713,0.0099,140.5846,158.0822,0.0000,0.0750,0.0750,-0.0143,0.0000,0.0000,0.0060,0.0024,0.0000
0.0989,0.9618,1.0000,-0.0629,0.0099,140.6825,158.1123,0.0000,0.0775,0.0775,-0.0188,0.0000,0.0000,0.0060,0.0024,0.0000
0.0374,0.9899,1.0000,-0.0546,0.0099,140.7684,158.1184,0.0000,0.0597,0.0597,-0.0246,0.0000,0.0000,0.0060,0.0024,0.0000
-0.0003,1.0141,1.0000,-0.0516,0.0046,140.8665,158.1312,0.0000,0.0454,0.0454,-0.0397,0.0000,0.0000,0.0027,0.0011,0.0000
0.1413,0.8590,1.0000,-0.0432,0.0046,140.9617,158.1531,0.0000,0.0442,0.0442,-0.0437,0.0000,0.0000,0.0027,0.0011,0.0000
0.0537,0.9834,1.0000,-0.0348,0.0046,141.0648,158.1731,0.0000,0.0331,0.0331,-0.0480,0.0000,0.0000,0.0027,0.0011,0.0000
0.0492,0.9683,1.0000,-0.0265,0.0046,141.1530,158.1803,0.0000,0.0167,0.0167,-0.0516,0.0000,0.0000,0.0027,0.0011,0.0000
-0.0217,1.0412,1.0000,-0.0182,0.0046,141.2480,158.1971,0.0000,0.0057,0.0057,-0.0548,0.0000,0.0000,0.0027,0.0011,0.0000
0.1117,0.8798,1.0000,-0.0098,0.0046,141.3414,158.2131,0.0000,0.0014,0.0014,-0.0570,0.0000,0.0000,0.0027,0.0011,0.0000
0.0733,0.9572,1.0000,-0.0014,0.0046,141.4438,158.2286,0.0000,-0.0124,-0.0124,-0.0593,0.0000,0.0000,0.0027,0.0011,0.0000
0.0907,0.9395,1.0000,0.0022,-0.0002,141.5344,158.2464,0.0000,-0.0188,-0.0188,-0.0753,0.0000,0.0000,-0.0001,-0.0001,0.0000
-0.0038,1.0279,1.0000,0.0105,-0.0002,141.6373,158.2666,0.0000,-0.0302,-0.0302,-0.0761,0.0000,0.0000,-0.0001,-0.0001,0.0000
0.1230,0.9157,1.0000,0.0189,-0.0002,141.7223,158.2813,0.0000,-0.0339,-0.0339,-0.0757,0.0000,0.0000,-0.0001,-0.0001,0.0000
-0.0093,1.0393,1.0000,0.0273,-0.0002,141.8211,158.3031,0.0000,-0.0439,-0.0439,-0.0763,0.0000,0.0000,-0.0001,-0.0001,0.0000
0.1612,0.8546,1.0000,0.0357,-0.0002,141.9134,158.3253,0.0000,-0.0392,-0.0392,-0.0749,0.0000,0.0000,-0.0001,-0.0001,0.0000
0.0386,1.0035,1.0000,0.0441,-0.0002,142.0049,158.3426,0.0000,-0.0516,-0.0516,-0.0738,0.0000,0.0000,-0.0001,-0.0001,0.0000
0.1106,0.9415,1.0000,0.0525,-0.0002,142.0921,158.3692,0.0000,-0.0459,-0.0459,-0.0722,0.0000,0.0000,-0.0001,-0.0001,0.0000
0.1066,0.9235,1.0000,0.0609,0.0356,142.1862,158.3878,0.0000,-0.0502,-0.0502,-0.0551,0.0000,0.0000,0.0215,0.0086,0.0000
0.2004,0.9045,1.0000,0.0693,0.0356,142.2875,158.4144,0.0000,-0.0472,-0.0472,-0.0507,0.0000,0.0000,0.0215,0.0086,0.0000
0.0107,1.0400,1.0000,0.0776,0.0356,142.3850,158.4349,0.0000,-0.0537,-0.0537,-0.0482,0.0000,0.0000,0.0215,0.0086,0.0000
-0.0317,1.0400,1.0000,0.0860,0.0356,142.4786,158.4626,0.0000,-0.0481,-0.0481,-0.0442,0.0000,0.0000,0.0215,0.0086,0.0000
-0.0705,1.0400,1.0000,0.0944,0.0356,142.5701,158.4820,0.0000,-0.0502,-0.0502,-0.0406,0.0000,0.0000,0.0215,0.0086,0.0000
0.0090,0.9698,1.0000,0.1028,0.0356,142.6599,158.5092,0.0000,-0.0425,-0.0425,-0.0359,0.0000,0.0000,0.0215,0.0086,0.0000
0.1438,0.9273,1.0000,0.1112,0.0356,142.7540,158.5362,0.0000,-0.0369,-0.0369,-0.0314,0.0000,0.0000,0.0215,0.0086,0.0000
0.1049,0.9326,1.0000,0.1196,0.0367,142.8394,158.5605,0.0000,-0.0321,-0.0321,-0.0223,0.0000,0.0000,0.0221,0.0089,0.0000
0.0774,0.9721,1.0000,0.1276,0.0367,142.9352,158.5939,0.0000,-0.0212,-0.0212,-0.0173,0.0000,0.0000,0.0221,0.0089,0.0000
0.1957,0.8819,1.0000,0.1192,0.0367,143.0297,158.6184,0.0000,-0.0168,-0.0168,-0.0103,0.0000,0.0000,0.0221,0.0089,0.0000
0.0417,1.0094,1.0000,0.1109,0.0367,143.1265,158.6446,0.0000,-0.0125,-0.0125,-0.0040,0.0000,0.0000,0.0221,0.0089,0.0000
0.0415,0.9690,1.0000,0.1027,0.0367,143.2162,158.6701,0.0000,-0.0059,-0.0059,0.0039,0.0000,0.0000,0.0221,0.0089,0.0000
0.0183,0.9958,1.0000,0.0945,0.0367,143.3116,158.6969,0.0000,-0.0003,-0.0003,0.0099,0.0000,0.0000,0.0221,0.0089,0.0000
0.1511,0.9256,1.0000,0.0861,0.0367,143.3994,158.7140,0.0000,-0.0029,-0.0029,0.0156,0.0000,0.0000,0.0221,0.0089,0.0000
0.0609,0.9837,1.0000,0.0777,0.0367,143.4959,158.7442,0.0000,0.0063,0.0063,0.0220,0.0000,0.0000,0.0221,0.0089,0.0000
0.1932,0.8856,1.0000,0.0693,-0.0195,143.5929,158.7718,0.0000,0.0107,0.0107,0.0246,0.0000,0.0000,-0.0117,-0.0047,0.0000
0.0474,1.0037,1.0000,0.0609,-0.0195,143.6865,158.7951,0.0000,0.0138,0.0138,0.0291,0.0000,0.0000,-0.0117,-0.0047,0.0000
0.0139,1.0013,1.0000,0.0525,-0.0195,143.7677,158.8295,0.0000,0.0294,0.0294,0.0341,0.0000,0.0000,-0.0117,-0.0047,0.0000
0.0459,0.9550,1.0000,0.0441,-0.0195,143.8531,158.8549,0.0000,0.0334,0.0334,0.0372,0.0000,0.0000,-0.0117,-0.0047,0.0000
0.1793,0.8779,1.0000,0.0357,-0.0195,143.9432,158.8843,0.0000,0.0399,0.0399,0.0411,0.0000,0.0000,-0.0117,-0.0047,0.0000
0.1107,0.9405,1.0000,0.0274,-0.0195,144.0282,158.9050,0.0000,0.0416,0.0416,0.0443,0.0000,0.0000,-0.0117,-0.0047,0.0000
0.0899,0.9405,1.0000,0.0190,-0.0195,144.1108,158.9342,0.0000,0.0507,0.0507,0.0471,0.0000,0.0000,-0.0117,-0.0047,0.0000
0.1999,0.8659,1.0000,0.0106,-0.0195,144.2085,158.9597,0.0000,0.0502,0.0502,0.0489,0.0000,0.0000,-0.0117,-0.0047,0.0000
0.1989,0.8696,1.0000,0.0190,0.0017,144.2938,158.9961,0.0000,0.0651,0.0651,0.0354,0.0000,0.0000,0.0010,0.0004,0.0000
0.0516,1.0003,1.0000,0.0106,0.0017,144.3713,159.0303,0.0000,0.0806,0.0806,0.0366,0.0000,0.0000,0.0010,0.0004,0.0000
0.1703,0.9207,1.0000,0.0022,0.0017,144.4628,159.0495,0.0000,0.0737,0.0737,0.0370,0.0000,0.0000,0.0010,0.0004,0.0000
0.2000,0.8406,1.0000,-0.0062,0.0017,144.5445,159.0798,0.0000,0.0810,0.0810,0.0395,0.0000,0.0000,0.0010,0.0004,0.0000
0.1353,0.9268,1.0000,-0.0146,0.0017,144.6351,159.1051,0.0000,0.0829,0.0829,0.0387,0.0000,0.0000,0.0010,0.0004,0.0000
0.2003,0.8642,1.0000,-0.0230,0.0017,144.7168,159.1346,0.0000,0.0884,0.0884,0.0384,0.0000,0.0000,0.0010,0.0004,0.0000
0.1230,0.9337,1.0000,-0.0304,0.0027,144.8118,159.1723,0.0000,0.1012,0.1012,0.0406,0.0000,0.0000,0.0016,0.0007,0.0000
0.1988,0.8606,1.0000,-0.0388,0.0027,144.9010,159.2000,0.0000,0.1026,0.1026,0.0393,0.0000,0.0000,0.0016,0.0007,0.0000
0.0380,1.0135,1.0000,-0.0472,0.0027,144.9865,159.2244,0.0000,0.1060,0.1060,0.0378,0.0000,0.0000,0.0016,0.0007,0.0000
0.1584,0.9264,1.0000,-0.0556,0.0027,145.0860,159.2552,0.0000,0.1069,0.1069,0.0351,0.0000,0.0000,0.0016,0.0007,0.0000
0.1819,0.8809,1.0000,-0.0640,0.0027,145.1784,159.2851,0.0000,0.1095,0.1095,0.0319,0.0000,0.0000,0.0016,0.0007,0.0000
0.0125,1.0330,1.0000,-0.0658,0.0093,145.2686,159.3077,0.0000,0.1088,0.1088,0.0323,0.0000,0.0000,0.0056,0.0022,0.0000
0.0581,0.9623,1.0000,-0.0742,0.0093,145.3655,159.3340,0.0000,0.1062,0.1062,0.0283,0.0000,0.0000,0.0056,0.0022,0.0000
0.1737,0.9229,1.0000,-0.0826,0.0093,145.4479,159.3575,0.0000,0.1046,0.1046,0.0227,0.0000,0.0000,0.0056,0.0022,0.0000
0.0498,0.9966,1.0000,-0.0910,0.0093,145.5277,159.3771,0.0000,0.1024,0.1024,0.0198,0.0000,0.0000,0.0056,0.0022,0.0000
0.2000,0.8499,1.0000,-0.0994,0.0093,145.6349,159.4015,0.0000,0.0942,0.0942,0.0134,0.0000,0.0000,0.0056,0.0022,0.0000
0.2000,0.8155,1.0000,-0.0937,0.0093,145.7192,159.4185,0.0000,0.0864,0.0864,0.0076,0.0000,0.0000,0.0056,0.0022,0.0000
-0.0001,1.0921,1.0000,-0.1021,-0.0469,145.8085,159.4371,0.0000,0.0730,0.0730,-0.0362,0.0000,0.0000,-0.0283,-0.0113,0.0000
0.1404,0.8549,1.0000,-0.0937,-0.0469,145.9003,159.4553,0.0000,0.0646,0.0646,-0.0432,0.0000,0.0000,-0.0283,-0.0113,0.0000
0.1324,0.9064,1.0000,-0.0853,-0.0469,145.9921,159.4748,0.0000,0.0525,0.0525,-0.0490,0.0000,0.0000,-0.0283,-0.0113,0.0000
0.1037,0.9302,1.0000,-0.0769,-0.0469,146.0844,159.4977,0.0000,0.0437,0.0437,-0.0553,0.0000,0.0000,-0.0283,-0.0113,0.0000
0.0957,0.9331,1.0000,-0.0685,-0.0469,146.1754,159.5061,0.0000,0.0220,0.0220,-0.0614,0.0000,0.0000,-0.0283,-0.0113,0.0000
0.1507,0.9428,1.0000,-0.0601,0.0288,146.2727,159.5267,0.0000,0.0147,0.0147,0.0037,0.0000,0.0000,0.0173,0.0069,0.0000
0.1288,0.9108,1.0000,-0.0517,0.0288,146.3634,159.5507,0.0000,0.0151,0.0151,-0.0014,0.0000,0.0000,0.0173,0.0069,0.0000
0.0465,0.9873,1.0000,-0.0433,0.0288,146.4471,159.5651,0.0000,0.0078,0.0078,-0.0061,0.0000,0.0000,0.0173,0.0069,0.0000
0.1247,0.9300,1.0000,-0.0349,0.0288,146.5315,159.5801,0.0000,0.0016,0.0016,-0.0100,0.0000,0.0000,0.0173,0.0069,0.0000
0.2000,0.8434,1.0000,-0.0265,0.0288,146.6204,159.5972,0.0000,-0.0030,-0.0030,-0.0140,0.0000,0.0000,0.0173,0.0069,0.0000
0.2000,0.8508,1.0000,-0.0181,0.0288,146.7101,159.6187,0.0000,-0.0039,-0.0039,-0.0172,0.0000,0.0000,0.0173,0.0069,0.0000
0.1636,0.8985,1.0000,-0.0265,0.0012,146.7985,159.6383,0.0000,-0.0075,-0.0075,-0.0571,0.0000,0.0000,0.0007,0.0003,0.0000
0.1279,0.9142,1.0000,-0.0181,0.0012,146.8851,159.6582,0.0000,-0.0124,-0.0124,-0.0592,0.0000,0.0000,0.0007,0.0003,0.0000
0.1548,0.8980,1.0000,-0.0097,0.0012,146.9835,159.6764,0.0000,-0.0206,-0.0206,-0.0600,0.0000,0.0000,0.0007,0.0003,0.0000
0.1881,0.8809,1.0000,-0.0046,-0.0020,147.0768,159.6970,0.0000,-0.0261,-0.0261,-0.0631,0.0000,0.0000,-0.0012,-0.0005,0.0000
0.0603,0.9920,1.0000,0.0038,-0.0020,147.1704,159.7245,0.0000,-0.0280,-0.0280,-0.0638,0.0000,0.0000,-0.0012,-0.0005,0.0000
0.0821,0.9469,1.0000,0.0122,-0.0020,147.2661,159.7418,0.0000,-0.0356,-0.0356,-0.0650,0.0000,0.0000,-0.0012,-0.0005,0.0000
0.0580,0.9667,1.0000,0.0174,-0.0052,147.3627,159.7670,0.0000,-0.0378,-0.0378,-0.0709,0.0000,0.0000,-0.0032,-0.0013,0.0000
0.0516,0.9649,1.0000,0.0255,-0.0052,147.4594,159.7859,0.0000,-0.0451,-0.0451,-0.0701,0.0000,0.0000,-0.0032,-0.0013,0.0000
0.0277,0.9892,1.0000,0.0309,-0.0083,147.5524,159.8106,0.0000,-0.0467,-0.0467,-0.0691,0.0000,0.0000,-0.0050,-0.0020,0.0000
0.0302,0.9775,1.0000,0.0393,-0.0083,147.6501,159.8338,0.0000,-0.0496,-0.0496,-0.0679,0.0000,0.0000,-0.0050,-0.0020,0.0000
0.0841,0.9539,1.0000,0.0477,-0.0083,147.7378,159.8661,0.0000,-0.0402,-0.0402,-0.0657,0.0000,0.0000,-0.0050,-0.0020,0.0000
0.0302,0.9956,1.0000,0.0561,0.0177,147.8365,159.8803,0.0000,-0.0523,-0.0523,-0.0311,0.0000,0.0000,0.0107,0.0043,0.0000
0.1491,0.9284,1.0000,0.0645,0.0177,147.9215,159.8988,0.0000,-0.0520,-0.0520,-0.0281,0.0000,0.0000,0.0107,0.0043,0.0000
0.0536,0.9877,1.0000,0.0729,0.0177,148.0080,159.9228,0.0000,-0.0489,-0.0489,-0.0258,0.0000,0.0000,0.0107,0.0043,0.0000
0.2001,0.8632,1.0000,0.0813,0.0177,148.1048,159.9410,0.0000,-0.0507,-0.0507,-0.0219,0.0000,0.0000,0.0107,0.0043,0.0000
0.1621,0.8903,1.0000,0.0897,0.0231,148.1958,159.9636,0.0000,-0.0490,-0.0490,-0.0182,0.0000,0.0000,0.0139,0.0056,0.0000
0.0667,0.9765,1.0000,0.0981,0.0231,148.2882,159.9883,0.0000,-0.0458,-0.0458,-0.0143,0.0000,0.0000,0.0139,0.0056,0.0000
0.1637,0.9299,1.0000,0.0897,-0.0033,148.3824,160.0108,0.0000,-0.0442,-0.0442,-0.0374,0.0000,0.0000,-0.0020,-0.0008,0.0000
0.1001,0.9490,1.0000,0.0981,-0.0033,148.4723,160.0384,0.0000,-0.0395,-0.0395,-0.0329,0.0000,0.0000,-0.0020,-0.0008,0.0000
0.0674,0.9612,1.0000,0.1065,-0.0033,148.5688,160.0646,0.0000,-0.0372,-0.0372,-0.0274,0.0000,0.0000,-0.0020,-0.0008,0.0000
0.2000,0.9341,1.0200,0.1043,-0.0005,148.6595,160.0906,0.0000,-0.0332,-0.0332,-0.0223,0.0000,0.0000,-0.0003,-0.0001,0.0000
0.2000,0.9918,1.0400,0.0959,-0.0005,148.7529,160.1210,0.0000,-0.0263,-0.0263,-0.0164,0.0000,0.0000,-0.0003,-0.0001,0.0000
0.2000,0.9373,1.0600,0.0875,-0.0005,148.8493,160.1471,0.0000,-0.0232,-0.0232,-0.0104,0.0000,0.0000,-0.0003,-0.0001,0.0000
0.2000,0.9764,1.0800,0.0791,-0.0004,148.9345,160.1786,0.0000,-0.0129,-0.0129,-0.0068,0.0000,0.0000,-0.0002,-0.0001,0.0000
0.2000,0.9904,1.1000,0.0000,-0.0004,149.0224,160.2037,0.0000,-0.0095,-0.0095,-0.0017,0.0000,0.0000,-0.0002,-0.0001,0.0000
0.2000,0.9039,1.1200,0.0000,-0.0004,149.1138,160.2321,0.0000,-0.0041,-0.0041,0.0031,0.0000,0.0000,-0.0002,-0.0001,0.0000
0.2000,0.9074,1.1400,0.0000,-0.0004,149.2087,160.2616,0.0000,0.0009,0.0009,0.0070,0.0000,0.0000,-0.0002,-0.0001,0.0000
0.2000,0.9495,1.1600,-0.0084,-0.0004,149.2909,160.2980,0.0000,0.0162,0.0162,0.0110,0.0000,0.0000,-0.0002,-0.0001,0.0000
0.2000,0.9854,1.1800,-0.0168,-0.0004,149.3794,160.3252,0.0000,0.0209,0.0209,0.0143,0.0000,0.0000,-0.0002,-0.0001,0.0000
0.2000,0.8941,1.2000,-0.0195,0.0053,149.4758,160.3511,0.0000,0.0208,0.0208,0.0251,0.0000,0.0000,0.0032,0.0013,0.0000
0.0004,0.9188,1.1800,-0.0279,0.0053,149.5742,160.3872,0.0000,0.0314,0.0314,0.0265,0.0000,0.0000,0.0032,0.0013,0.0000
0.1222,0.9896,1.1620,-0.0363,0.0053,149.6730,160.4127,0.0000,0.0319,0.0319,0.0270,0.0000,0.0000,0.0032,0.0013,0.0000
0.0263,1.0399,1.1458,-0.0447,0.0053,149.7690,160.4436,0.0000,0.0375,0.0375,0.0267,0.0000,0.0000,0.0032,0.0013,0.0000
0.0227,1.0104,1.1312,-0.0531,0.0053,149.8662,160.4824,0.0000,0.0485,0.0485,0.0243,0.0000,0.0000,0.0032,0.0013,0.0000
0.0347,1.0000,1.1181,-0.0615,0.0040,149.9673,160.5073,0.0000,0.0451,0.0451,0.0182,0.0000,0.0000,0.0024,0.0010,0.0000
-0.0003,1.0367,1.1063,-0.0698,0.0040,150.0786,160.5447,0.0000,0.0505,0.0505,0.0141,0.0000,0.0000,0.0024,0.0010,0.0000
-0.0045,1.0333,1.0957,-0.0781,0.0040,150.1893,160.5740,0.0000,0.0480,0.0480,0.0104,0.0000,0.0000,0.0024,0.0010,0.0000
-0.1605,1.1638,1.0861,-0.0792,0.0040,150.2793,160.6031,0.0000,0.0499,0.0499,0.0047,0.0000,0.0000,0.0024,0.0010,0.0000
-0.1582,1.1352,1.0775,-0.0708,0.0040,150.3827,160.6292,0.0000,0.0453,0.0453,-0.0001,0.0000,0.0000,0.0024,0.0010,0.0000
0.0493,0.9366,1.0697,-0.0624,0.0040,150.4796,160.6538,0.0000,0.0408,0.0408,-0.0064,0.0000,0.0000,0.0024,0.0010,0.0000
-0.0308,1.0581,1.0628,-0.0542,0.0042,150.5926,160.6810,0.0000,0.0357,0.0357,-0.0037,0.0000,0.0000,0.0025,0.0010,0.0000
0.0371,0.9927,1.0565,-0.0458,0.0042,150.7068,160.7026,0.0000,0.0255,0.0255,-0.0084,0.0000,0.0000,0.0025,0.0010,0.0000
-0.1372,1.1529,1.0508,-0.0374,0.0042,150.8231,160.7268,0.0000,0.0154,0.0154,-0.0144,0.0000,0.0000,0.0025,0.0010,0.0000
-0.2000,1.1530,1.0458,-0.0290,0.0042,150.9372,160.7483,0.0000,0.0046,0.0046,-0.0192,0.0000,0.0000,0.0025,0.0010,0.0000
-0.2000,1.1804,1.0412,-0.0218,0.0030,151.0415,160.7657,0.0000,-0.0075,-0.0075,-0.0258,0.0000,0.0000,0.0018,0.0007,0.0000
-0.2000,1.1525,1.0371,-0.0134,0.0030,151.1442,160.7854,0.0000,-0.0166,-0.0166,-0.0297,0.0000,0.0000,0.0018,0.0007,0.0000
-0.0991,1.0495,1.0334,-0.0050,0.0030,151.2548,160.8083,0.0000,-0.0223,-0.0223,-0.0318,0.0000,0.0000,0.0018,0.0007,0.0000
-0.0612,1.0373,1.0300,0.0034,0.0030,151.3628,160.8308,0.0000,-0.0290,-0.0290,-0.0337,0.0000,0.0000,0.0018,0.0007,0.0000
-0.2004,1.1210,1.0270,0.0118,0.0030,151.4728,160.8507,0.0000,-0.0399,-0.0399,-0.0350,0.0000,0.0000,0.0018,0.0007,0.0000
-0.1398,1.0934,1.0243,0.0202,0.0030,151.5725,160.8757,0.0000,-0.0409,-0.0409,-0.0352,0.0000,0.0000,0.0018,0.0007,0.0000
-0.1491,1.1089,1.0219,0.0232,-0.0024,151.6698,160.8969,0.0000,-0.0469,-0.0469,-0.0500,0.0000,0.0000,-0.0014,-0.0006,0.0000
-0.0565,1.0190,1.0197,0.0316,-0.0024,151.7615,160.9203,0.0000,-0.0462,-0.0462,-0.0485,0.0000,0.0000,-0.0014,-0.0006,0.0000
-0.0035,0.9872,1.0177,0.0400,-0.0024,151.8578,160.9396,0.0000,-0.0524,-0.0524,-0.0475,0.0000,0.0000,-0.0014,-0.0006,0.0000
0.1045,0.9381,1.0160,0.0484,-0.0024,151.9557,160.9608,0.0000,-0.0563,-0.0563,-0.0456,0.0000,0.0000,-0.0014,-0.0006,0.0000
0.0571,0.9735,1.0144,0.0568,-0.0024,152.0546,160.9921,0.0000,-0.0525,-0.0525,-0.0431,0.0000,0.0000,-0.0014,-0.0006,0.0000
0.0281,0.9934,1.0129,0.0652,-0.0024,152.1391,161.0078,0.0000,-0.0594,-0.0594,-0.0408,0.0000,0.0000,-0.0014,-0.0006,0.0000
-0.0147,1.0294,1.0116,0.0736,0.0034,152.2387,161.0319,0.0000,-0.0613,-0.0613,-0.0216,0.0000,0.0000,0.0021,0.0008,0.0000
0.1572,0.8514,1.0105,0.0820,0.0034,152.3299,161.0600,0.0000,-0.0535,-0.0535,-0.0172,0.0000,0.0000,0.0021,0.0008,0.0000
0.0284,1.0164,1.0094,0.0904,0.0034,152.4208,161.0818,0.0000,-0.0554,-0.0554,-0.0142,0.0000,0.0000,0.0021,0.0008,0.0000
0.0945,0.9478,1.0085,0.0988,0.0034,152.5076,161.1070,0.0000,-0.0503,-0.0503,-0.0091,0.0000,0.0000,0.0021,0.0008,0.0000
0.1882,0.8981,1.0076,0.0930,0.0034,152.6038,161.1287,0.0000,-0.0515,-0.0515,-0.0046,0.0000,0.0000,0.0021,0.0008,0.0000
0.1618,0.8981,1.0069,0.0846,0.0034,152.6929,161.1609,0.0000,-0.0405,-0.0405,0.0010,0.0000,0.0000,0.0021,0.0008,0.0000
0.1449,0.8981,1.0062,0.0762,0.0034,152.7839,161.1977,0.0000,-0.0257,-0.0257,0.0063,0.0000,0.0000,0.0021,0.0008,0.0000
0.0676,0.9768,1.0056,0.0678,0.0032,152.8753,161.2309,0.0000,-0.0150,-0.0150,0.0034,0.0000,0.0000,0.0020,0.0008,0.0000
0.0455,0.9768,1.0050,0.0594,0.0032,152.9517,161.2544,0.0000,-0.0103,-0.0103,0.0077,0.0000,0.0000,0.0020,0.0008,0.0000
0.0372,0.9768,1.0045,0.0510,0.0032,153.0327,161.2869,0.0000,0.0019,0.0019,0.0119,0.0000,0.0000,0.0020,0.0008,0.0000
0.2000,0.7940,1.0041,0.0427,0.0032,153.1296,161.3129,0.0000,0.0020,0.0020,0.0156,0.0000,0.0000,0.0020,0.0008,0.0000
0.2003,0.8679,1.0036,0.0343,0.0032,153.2210,161.3433,0.0000,0.0093,0.0093,0.0187,0.0000,0.0000,0.0020,0.0008,0.0000
0.0593,0.9946,1.0033,0.0261,0.0032,153.3084,161.3822,0.0000,0.0266,0.0266,0.0218,0.0000,0.0000,0.0020,0.0008,0.0000
0.0606,0.9556,1.0030,0.0177,-0.0033,153.3938,161.4081,0.0000,0.0299,0.0299,0.0217,0.0000,0.0000,-0.0020,-0.0008,0.0000
0.0721,0.9499,1.0027,0.0093,-0.0033,153.4850,161.4407,0.0000,0.0380,0.0380,0.0238,0.0000,0.0000,-0.0020,-0.0008,0.0000
0.0595,0.9610,1.0024,0.0009,-0.0033,153.5779,161.4672,0.0000,0.0401,0.0401,0.0257,0.0000,0.0000,-0.0020,-0.0008,0.0000
0.0558,0.9610,1.0022,-0.0075,-0.0033,153.6618,161.4957,0.0000,0.0461,0.0461,0.0273,0.0000,0.0000,-0.0020,-0.0008,0.0000
0.0547,0.9610,1.0019,-0.0159,-0.0033,153.7489,161.5255,0.0000,0.0518,0.0518,0.0275,0.0000,0.0000,-0.0020,-0.0008,0.0000
0.0603,0.9572,1.0017,-0.0243,-0.0033,153.8418,161.5554,0.0000,0.0563,0.0563,0.0280,0.0000,0.0000,-0.0020,-0.0008,0.0000
0.1783,0.9130,1.0016,-0.0327,-0.0034,153.9249,161.5814,0.0000,0.0586,0.0586,0.0208,0.0000,0.0000,-0.0020,-0.0008,0.0000
0.0836,0.9676,1.0014,-0.0410,-0.0034,154.0121,161.6103,0.0000,0.0627,0.0627,0.0195,0.0000,0.0000,-0.0020,-0.0008,0.0000
0.1999,0.8629,1.0013,-0.0494,-0.0034,154.0991,161.6405,0.0000,0.0664,0.0664,0.0180,0.0000,0.0000,-0.0020,-0.0008,0.0000
0.1413,0.9108,1.0011,-0.0577,-0.0034,154.1888,161.6686,0.0000,0.0682,0.0682,0.0152,0.0000,0.0000,-0.0020,-0.0008,0.0000
0.1258,0.9127,1.0010,-0.0661,-0.0034,154.2758,161.6901,0.0000,0.0642,0.0642,0.0126,0.0000,0.0000,-0.0020,-0.0008,0.0000
0.1016,0.9314,1.0009,-0.0745,-0.0034,154.3653,161.7209,0.0000,0.0682,0.0682,0.0095,0.0000,0.0000,-0.0020,-0.0008,0.0000
0.1985,0.8898,1.0008,-0.0829,-0.0034,154.4532,161.7463,0.0000,0.0662,0.0662,0.0042,0.0000,0.0000,-0.0020,-0.0008,0.0000
0.1638,0.9375,1.0008,-0.0901,-0.0036,154.5339,161.7657,0.0000,0.0605,0.0605,-0.0016,0.0000,0.0000,-0.0021,-0.0009,0.0000
0.2000,0.8238,1.0007,-0.0817,-0.0036,154.6170,161.7827,0.0000,0.0526,0.0526,-0.0058,0.0000,0.0000,-0.0021,-0.0009,0.0000
0.2000,0.8238,1.0006,-0.0734,-0.0036,154.7112,161.7990,0.0000,0.0403,0.0403,-0.0115,0.0000,0.0000,-0.0021,-0.0009,0.0000
0.2000,0.8431,1.0005,-0.0650,-0.0036,154.8000,161.8176,0.0000,0.0319,0.0319,-0.0163,0.0000,0.0000,-0.0021,-0.0009,0.0000
0.1080,0.9502,1.0005,-0.0566,-0.0036,154.8975,161.8497,0.0000,0.0334,0.0334,-0.0205,0.0000,0.0000,-0.0021,-0.0009,0.0000
0.1577,0.9020,1.0004,-0.0482,-0.0036,154.9865,161.8749,0.0000,0.0312,0.0312,-0.0265,0.0000,0.0000,-0.0021,-0.0009,0.0000
0.0248,1.0165,1.0004,-0.0563,-0.0200,155.0774,161.8866,0.0000,0.0151,0.0151,-0.0224,0.0000,0.0000,-0.0121,-0.0048,0.0000
0.1704,0.9164,1.0004,-0.0479,-0.0200,155.1716,161.9060,0.0000,0.0082,0.0082,-0.0266,0.0000,0.0000,-0.0121,-0.0048,0.0000
0.1324,0.9112,1.0003,-0.0395,-0.0200,155.2530,161.9242,0.0000,0.0027,0.0027,-0.0299,0.0000,0.0000,-0.0121,-0.0048,0.0000
0.0804,0.9543,1.0003,-0.0311,-0.0200,155.3463,161.9507,0.0000,0.0010,0.0010,-0.0340,0.0000,0.0000,-0.0121,-0.0048,0.0000
0.2000,0.8277,1.0003,-0.0227,-0.0200,155.4325,161.9710,0.0000,-0.0016,-0.0016,-0.0376,0.0000,0.0000,-0.0121,-0.0048,0.0000
0.0956,0.9613,1.0002,-0.0143,-0.0200,155.5245,161.9923,0.0000,-0.0092,-0.0092,-0.0406,0.0000,0.0000,-0.0121,-0.0048,0.0000
0.1910,0.8776,1.0002,-0.0059,-0.0200,155.6130,162.0119,0.0000,-0.0127,-0.0127,-0.0421,0.0000,0.0000,-0.0121,-0.0048,0.0000
0.1202,0.9359,1.0002,0.0025,-0.0199,155.7104,162.0280,0.0000,-0.0249,-0.0249,-0.0436,0.0000,0.0000,-0.0120,-0.0048,0.0000
0.1629,0.8999,1.0002,0.0109,-0.0199,155.8024,162.0467,0.0000,-0.0312,-0.0312,-0.0453,0.0000,0.0000,-0.0120,-0.0048,0.0000
0.0710,0.9786,1.0002,0.0193,-0.0199,155.8852,162.0744,0.0000,-0.0280,-0.0280,-0.0453,0.0000,0.0000,-0.0120,-0.0048,0.0000
0.1223,0.9311,1.0001,0.0277,-0.0199,155.9744,162.0982,0.0000,-0.0275,-0.0275,-0.0452,0.0000,0.0000,-0.0120,-0.0048,0.0000
0.2001,0.8654,1.0001,0.0361,-0.0199,156.0637,162.1180,0.0000,-0.0302,-0.0302,-0.0444,0.0000,0.0000,-0.0120,-0.0048,0.0000
0.1358,0.9161,1.0001,0.0445,-0.0199,156.1528,162.1414,0.0000,-0.0314,-0.0314,-0.0425,0.0000,0.0000,-0.0120,-0.0048,0.0000
0.1323,0.9060,1.0001,0.0361,-0.0449,156.2437,162.1612,0.0000,-0.0352,-0.0352,-0.0406,0.0000,0.0000,-0.0270,-0.0108,0.0000
0.1202,0.9139,1.0001,0.0445,-0.0449,156.3339,162.1801,0.0000,-0.0398,-0.0398,-0.0381,0.0000,0.0000,-0.0270,-0.0108,0.0000
0.1094,0.9227,1.0001,0.0529,-0.0449,156.4298,162.1986,0.0000,-0.0463,-0.0463,-0.0356,0.0000,0.0000,-0.0270,-0.0108,0.0000
0.1452,0.9128,1.0001,0.0613,-0.0449,156.5256,162.2345,0.0000,-0.0360,-0.0360,-0.0339,0.0000,0.0000,-0.0270,-0.0108,0.0000
0.0714,0.9682,1.0001,0.0643,-0.0449,156.6120,162.2634,0.0000,-0.0298,-0.0298,-0.0297,0.0000,0.0000,-0.0270,-0.0108,0.0000
0.0064,1.0161,1.0001,0.0618,-0.0449,156.7008,162.2913,0.0000,-0.0255,-0.0255,-0.0267,0.0000,0.0000,-0.0270,-0.0108,0.0000
0.1836,0.9046,1.0001,0.0534,-0.0449,156.7895,162.3200,0.0000,-0.0179,-0.0179,-0.0224,0.0000,0.0000,-0.0270,-0.0108,0.0000
0.1368,0.9239,1.0000,0.0486,-0.0449,156.8749,162.3376,0.0000,-0.0219,-0.0219,-0.0186,0.0000,0.0000,-0.0270,-0.0108,0.0000
0.1102,0.9265,1.0000,0.0402,-0.0449,156.9672,162.3718,0.0000,-0.0121,-0.0121,-0.0160,0.0000,0.0000,-0.0270,-0.0108,0.0000
0.1998,0.8637,1.0000,0.0318,-0.0449,157.0516,162.3978,0.0000,-0.0071,-0.0071,-0.0121,0.0000,0.0000,-0.0270,-0.0108,0.0000
0.0764,0.9766,1.0000,0.0000,-0.0449,157.1415,162.4291,0.0000,0.0000,0.0000,-0.0094,0.0000,0.0000,-0.0270,-0.0108,0.0000
0.2001,0.8772,1.0000,0.0000,-0.0449,157.2302,162.4557,0.0000,0.0040,0.0040,-0.0064,0.0000,0.0000,-0.0270,-0.0108,0.0000
0.1103,0.9447,1.0000,0.0000,-0.0449,157.3152,162.4843,0.0000,0.0098,0.0098,-0.0046,0.0000,0.0000,-0.0270,-0.0108,0.0000
0.1387,0.9193,1.0000,0.0084,-0.0055,157.4079,162.5118,0.0000,0.0119,0.0119,-0.0113,0.0000,0.0000,-0.0033,-0.0013,0.0000
0.1358,0.8891,1.0000,0.0086,-0.0055,157.4933,162.5313,0.0000,0.0079,0.0079,-0.0109,0.0000,0.0000,-0.0033,-0.0013,0.0000
0.1445,0.9594,1.0000,0.0170,-0.0055,157.5907,162.5575,0.0000,0.0063,0.0063,-0.0106,0.0000,0.0000,-0.0033,-0.0013,0.0000
0.2000,0.8679,1.0000,0.0000,-0.0055,157.6887,162.5803,0.0000,0.0024,0.0024,-0.0100,0.0000,0.0000,-0.0033,-0.0013,0.0000
0.0922,1.0002,1.0000,0.0000,-0.0055,157.7787,162.6043,0.0000,0.0005,0.0005,-0.0099,0.0000,0.0000,-0.0033,-0.0013,0.0000
0.0504,0.9970,1.0000,0.0000,-0.0055,157.8684,162.6249,0.0000,-0.0030,-0.0030,-0.0078,0.0000,0.0000,-0.0033,-0.0013,0.0000
0.1669,0.9235,1.0000,0.0000,0.0001,157.9573,162.6531,0.0000,0.0007,0.0007,0.0082,0.0000,0.0000,0.0000,0.0000,0.0000
0.1588,0.9120,1.0000,0.0000,0.0001,158.0399,162.6823,0.0000,0.0079,0.0079,0.0083,0.0000,0.0000,0.0000,0.0000,0.0000
0.1247,0.9246,1.0000,-0.0084,0.0001,158.1180,162.7101,0.0000,0.0143,0.0143,0.0075,0.0000,0.0000,0.0000,0.0000,0.0000
0.1999,0.8689,1.0000,-0.0168,0.0001,158.2104,162.7368,0.0000,0.0165,0.0165,0.0079,0.0000,0.0000,0.0000,0.0000,0.0000
0.2000,0.8215,1.0000,-0.0229,0.0001,158.3019,162.7546,0.0000,0.0103,0.0103,0.0084,0.0000,0.0000,0.0000,0.0000,0.0000
0.1391,0.9540,1.0000,-0.0311,0.0001,158.3930,162.7843,0.0000,0.0158,0.0158,0.0076,0.0000,0.0000,0.0000,0.0000,0.0000
0.1999,0.9239,1.0000,-0.0394,0.0001,158.4789,162.8078,0.0000,0.0156,0.0156,0.0059,0.0000,0.0000,0.0000,0.0000,0.0000
0.1321,0.9492,1.0000,-0.0310,0.0186,158.5738,162.8363,0.0000,0.0176,0.0176,-0.0012,0.0000,0.0000,0.0112,0.0045,0.0000
0.1902,0.8830,1.0000,-0.0226,0.0186,158.6665,162.8558,0.0000,0.0109,0.0109,-0.0040,0.0000,0.0000,0.0112,0.0045,0.0000
0.0669,0.9830,1.0000,-0.0142,0.0186,158.7543,162.8787,0.0000,0.0085,0.0085,-0.0067,0.0000,0.0000,0.0112,0.0045,0.0000
0.1032,0.9400,1.0000,-0.0058,0.0186,158.8491,162.9051,0.0000,0.0083,0.0083,-0.0090,0.0000,0.0000,0.0112,0.0045,0.0000
0.1776,0.8994,1.0000,0.0026,0.0186,158.9418,162.9284,0.0000,0.0063,0.0063,-0.0101,0.0000,0.0000,0.0112,0.0045,0.0000
0.0973,0.9747,1.0000,0.0110,0.0379,159.0417,162.9528,0.0000,0.0030,0.0030,0.0132,0.0000,0.0000,0.0229,0.0091,0.0000
0.0860,0.9488,1.0000,0.0026,0.0379,159.1246,162.9732,0.0000,0.0033,0.0033,0.0138,0.0000,0.0000,0.0229,0.0091,0.0000
0.0035,1.0191,1.0000,-0.0058,0.0379,159.2166,162.9935,0.0000,0.0018,0.0018,0.0138,0.0000,0.0000,0.0229,0.0091,0.0000
0.2004,0.8458,1.0000,-0.0033,0.0379,159.3072,163.0115,0.0000,-0.0038,-0.0038,0.0129,0.0000,0.0000,0.0229,0.0091,0.0000
0.1401,0.9348,1.0000,-0.0117,-0.0122,159.3994,163.0339,0.0000,-0.0034,-0.0034,0.0126,0.0000,0.0000,-0.0073,-0.0029,0.0000
0.1360,0.9161,1.0000,-0.0200,-0.0122,159.4825,163.0546,0.0000,-0.0029,-0.0029,0.0129,0.0000,0.0000,-0.0073,-0.0029,0.0000
0.0951,0.9405,1.0000,-0.0116,0.0128,159.5640,163.0716,0.0000,-0.0053,-0.0053,0.0447,0.0000,0.0000,0.0077,0.0031,0.0000
0.2000,0.8492,1.0000,-0.0200,0.0128,159.6542,163.0977,0.0000,-0.0004,-0.0004,0.0444,0.0000,0.0000,0.0077,0.0031,0.0000
0.2000,0.8260,1.0000,-0.0284,0.0128,159.7467,163.1161,0.0000,-0.0025,-0.0025,0.0425,0.0000,0.0000,0.0077,0.0031,0.0000
0.1215,0.9304,1.0000,-0.0368,0.0128,159.8411,163.1395,0.0000,0.0025,0.0025,0.0410,0.0000,0.0000,0.0077,0.0031,0.0000
0.0969,0.9353,1.0000,-0.0452,0.0128,159.9391,163.1506,0.0000,-0.0073,-0.0073,0.0394,0.0000,0.0000,0.0077,0.0031,0.0000
0.0637,0.9643,1.0000,-0.0536,0.0128,160.0374,163.1727,0.0000,-0.0069,-0.0069,0.0358,0.0000,0.0000,0.0077,0.0031,0.0000
0.0406,0.9797,1.0000,-0.0620,-0.0650,160.1302,163.2009,0.0000,-0.0028,-0.0028,-0.0242,0.0000,0.0000,-0.0392,-0.0157,0.0000
0.0160,0.9991,1.0000,-0.0537,-0.0650,160.2228,163.2253,0.0000,-0.0054,-0.0054,-0.0279,0.0000,0.0000,-0.0392,-0.0157,0.0000
0.0825,0.9609,1.0000,-0.0453,-0.0650,160.3282,163.2437,0.0000,-0.0170,-0.0170,-0.0328,0.0000,0.0000,-0.0392,-0.0157,0.0000
0.0729,0.9490,1.0000,-0.0369,-0.0650,160.4295,163.2630,0.0000,-0.0266,-0.0266,-0.0371,0.0000,0.0000,-0.0392,-0.0157,0.0000
-0.0543,1.0628,1.0000,-0.0286,-0.0650,160.5242,163.3011,0.0000,-0.0194,-0.0194,-0.0422,0.0000,0.0000,-0.0392,-0.0157,0.0000
-0.0401,1.0235,1.0000,-0.0202,-0.0650,160.6179,163.3197,0.0000,-0.0264,-0.0264,-0.0450,0.0000,0.0000,-0.0392,-0.0157,0.0000
-0.0221,1.0079,1.0000,-0.0286,-0.0857,160.7152,163.3318,0.0000,-0.0437,-0.0437,-0.0744,0.0000,0.0000,-0.0518,-0.0207,0.0000
0.0402,0.9482,1.0000,-0.0202,-0.0857,160.8170,163.3580,0.0000,-0.0462,-0.0462,-0.0761,0.0000,0.0000,-0.0518,-0.0207,0.0000
0.0401,0.9736,1.0000,-0.0118,-0.0163,160.8986,163.3720,0.0000,-0.0574,-0.0574,-0.0766,0.0000,0.0000,-0.0098,-0.0039,0.0000
-0.0250,1.0421,1.0000,-0.0035,-0.0163,161.0078,163.3837,0.0000,-0.0813,-0.0813,-0.0790,0.0000,0.0000,-0.0098,-0.0039,0.0000
0.1750,0.8202,1.0000,0.0049,-0.0163,161.1060,163.4038,0.0000,-0.0812,-0.0812,-0.0787,0.0000,0.0000,-0.0098,-0.0039,0.0000
-0.0249,1.0907,1.0000,0.0131,-0.0163,161.1936,163.4248,0.0000,-0.0973,-0.0973,-0.0796,0.0000,0.0000,-0.0098,-0.0039,0.0000
-0.0050,0.9935,1.0000,0.0215,0.0338,161.2877,163.4386,0.0000,-0.1065,-0.1065,-0.0292,0.0000,0.0000,0.0204,0.0082,0.0000
0.1315,0.8934,1.0000,0.0298,0.0338,161.3900,163.4591,0.0000,-0.1090,-0.1090,-0.0286,0.0000,0.0000,0.0204,0.0082,0.0000
0.0919,0.9427,1.0000,0.0382,0.0338,161.4923,163.4761,0.0000,-0.1169,-0.1169,-0.0273,0.0000,0.0000,0.0204,0.0082,0.0000
-0.0134,1.0342,1.0000,0.0379,0.0250,161.5921,163.4989,0.0000,-0.1183,-0.1183,-0.0249,0.0000,0.0000,0.0151,0.0060,0.0000
-0.0383,1.0283,1.0000,0.0463,0.0330,161.6766,163.5242,0.0000,-0.1126,-0.1126,-0.0229,0.0000,0.0000,0.0199,0.0080,0.0000
-0.0279,1.0151,1.0000,0.0546,0.0330,161.7608,163.5423,0.0000,-0.1141,-0.1141,-0.0216,0.0000,0.0000,0.0199,0.0080,0.0000
0.1309,0.8749,1.0000,0.0629,0.0330,161.8515,163.5608,0.0000,-0.1149,-0.1149,-0.0188,0.0000,0.0000,0.0199,0.0080,0.0000
0.1997,0.8539,1.0000,0.0713,0.0330,161.9410,163.5813,0.0000,-0.1147,-0.1147,-0.0159,0.0000,0.0000,0.0199,0.0080,0.0000
0.1644,0.9175,1.0000,0.0797,0.0688,162.0228,163.6110,0.0000,-0.1002,-0.1002,0.0231,0.0000,0.0000,0.0415,0.0166,0.0000
0.1555,0.9101,1.0000,0.0880,0.0688,162.1100,163.6269,0.0000,-0.1002,-0.1002,0.0280,0.0000,0.0000,0.0415,0.0166,0.0000
0.2000,0.8657,1.0000,0.0796,0.0500,162.2028,163.6359,0.0000,-0.1095,-0.1095,0.0307,0.0000,0.0000,0.0301,0.0121,0.0000
0.1996,0.8781,1.0000,0.0879,0.0500,162.2899,163.6544,0.0000,-0.1068,-0.1068,0.0352,0.0000,0.0000,0.0301,0.0121,0.0000
0.1438,0.9223,1.0000,0.0963,0.0500,162.3778,163.6762,0.0000,-0.1003,-0.1003,0.0400,0.0000,0.0000,0.0301,0.0121,0.0000
0.1930,0.8822,1.0000,0.0879,0.0500,162.4737,163.7088,0.0000,-0.0867,-0.0867,0.0440,0.0000,0.0000,0.0301,0.0121,0.0000
0.1619,0.8979,1.0000,0.0795,-0.0246,162.5733,163.7343,0.0000,-0.0830,-0.0830,-0.0204,0.0000,0.0000,-0.0148,-0.0059,0.0000
0.0354,1.0067,1.0000,0.0818,-0.0246,162.6730,163.7674,0.0000,-0.0761,-0.0761,-0.0143,0.0000,0.0000,-0.0148,-0.0059,0.0000
-0.0063,1.0198,1.0000,0.0822,-0.0180,162.7653,163.8018,0.0000,-0.0651,-0.0651,-0.0087,0.0000,0.0000,-0.0108,-0.0043,0.0000
0.0157,0.9805,1.0000,0.0779,-0.0180,162.8551,163.8245,0.0000,-0.0650,-0.0650,-0.0040,0.0000,0.0000,-0.0108,-0.0043,0.0000
0.0221,0.9805,1.0000,0.0695,-0.0200,162.9488,163.8590,0.0000,-0.0549,-0.0549,0.0001,0.0000,0.0000,-0.0121,-0.0048,0.0000
0.0145,0.9923,1.0000,0.0611,-0.0200,163.0422,163.8969,0.0000,-0.0415,-0.0415,0.0044,0.0000,0.0000,-0.0121,-0.0048,0.0000
0.0117,0.9923,1.0000,0.0576,-0.0145,163.1331,163.9262,0.0000,-0.0341,-0.0341,0.0325,0.0000,0.0000,-0.0087,-0.0035,0.0000
0.0110,0.9923,1.0000,0.0492,-0.0145,163.2180,163.9671,0.0000,-0.0138,-0.0138,0.0357,0.0000,0.0000,-0.0087,-0.0035,0.0000
0.0509,0.9484,1.0000,0.0408,-0.0145,163.3057,163.9895,0.0000,-0.0127,-0.0127,0.0398,0.0000,0.0000,-0.0087,-0.0035,0.0000
0.1016,0.9370,1.0000,0.0324,-0.0145,163.3917,164.0126,0.0000,-0.0103,-0.0103,0.0431,0.0000,0.0000,-0.0087,-0.0035,0.0000
0.1898,0.8972,1.0000,0.0240,-0.0145,163.4840,164.0542,0.0000,0.0076,0.0076,0.0461,0.0000,0.0000,-0.0087,-0.0035,0.0000
0.1802,0.8828,1.0000,0.0156,-0.0145,163.5680,164.0834,0.0000,0.0155,0.0155,0.0478,0.0000,0.0000,-0.0087,-0.0035,0.0000
0.0416,1.0052,1.0000,0.0072,-0.0258,163.6580,164.1233,0.0000,0.0359,0.0359,0.0301,0.0000,0.0000,-0.0155,-0.0062,0.0000
0.1821,0.8821,1.0000,-0.0012,-0.0258,163.7509,164.1591,0.0000,0.0448,0.0448,0.0324,0.0000,0.0000,-0.0155,-0.0062,0.0000
0.0641,0.9879,1.0000,-0.0095,-0.0258,163.8341,164.1794,0.0000,0.0439,0.0439,0.0326,0.0000,0.0000,-0.0155,-0.0062,0.0000
0.0330,0.9879,1.0000,-0.0179,-0.0258,163.9192,164.1994,0.0000,0.0410,0.0410,0.0336,0.0000,0.0000,-0.0155,-0.0062,0.0000
0.0232,0.9879,1.0000,-0.0200,-0.0197,164.0041,164.2254,0.0000,0.0437,0.0437,0.0342,0.0000,0.0000,-0.0119,-0.0047,0.0000
0.1639,0.8496,1.0000,-0.0284,-0.0197,164.1004,164.2548,0.0000,0.0436,0.0436,0.0330,0.0000,0.0000,-0.0119,-0.0047,0.0000
0.1865,0.8803,1.0000,-0.0368,-0.0197,164.1874,164.2945,0.0000,0.0583,0.0583,0.0312,0.0000,0.0000,-0.0119,-0.0047,0.0000
0.0503,0.9984,1.0000,-0.0353,-0.0097,164.2681,164.3174,0.0000,0.0608,0.0608,0.0588,0.0000,0.0000,-0.0059,-0.0023,0.0000
0.2001,0.8317,1.0000,-0.0437,-0.0097,164.3662,164.3572,0.0000,0.0705,0.0705,0.0574,0.0000,0.0000,-0.0059,-0.0023,0.0000
0.2000,0.8317,1.0000,-0.0521,-0.0097,164.4494,164.3857,0.0000,0.0767,0.0767,0.0535,0.0000,0.0000,-0.0059,-0.0023,0.0000
0.2000,0.8317,1.0000,-0.0605,-0.0097,164.5354,164.4001,0.0000,0.0693,0.0693,0.0517,0.0000,0.0000,-0.0059,-0.0023,0.0000
0.2000,0.8714,1.0000,-0.0689,-0.0097,164.6313,164.4315,0.0000,0.0768,0.0768,0.0491,0.0000,0.0000,-0.0059,-0.0023,0.0000
0.2000,0.8656,1.0000,-0.0773,-0.0097,164.7191,164.4510,0.0000,0.0726,0.0726,0.0448,0.0000,0.0000,-0.0059,-0.0023,0.0000
0.0517,1.0004,1.0000,-0.0857,-0.0097,164.8053,164.4751,0.0000,0.0764,0.0764,0.0406,0.0000,0.0000,-0.0059,-0.0023,0.0000
0.2002,0.8932,1.0000,-0.0941,-0.0097,164.8971,164.4917,0.0000,0.0659,0.0659,0.0352,0.0000,0.0000,-0.0059,-0.0023,0.0000
0.1733,0.8879,1.0000,-0.0857,0.0218,164.9903,164.5113,0.0000,0.0612,0.0612,0.0428,0.0000,0.0000,0.0132,0.0053,0.0000
0.1293,0.9284,1.0000,-0.0941,0.0218,165.0787,164.5309,0.0000,0.0583,0.0583,0.0366,0.0000,0.0000,0.0132,0.0053,0.0000
0.1592,0.8991,1.0000,-0.0949,0.0218,165.1645,164.5509,0.0000,0.0552,0.0552,0.0310,0.0000,0.0000,0.0132,0.0053,0.0000
0.1556,0.8991,1.0000,-0.0891,0.0218,165.2603,164.5684,0.0000,0.0484,0.0484,0.0259,0.0000,0.0000,0.0132,0.0053,0.0000
0.1998,0.8755,1.0000,-0.0826,0.0218,165.3459,164.5847,0.0000,0.0419,0.0419,0.0199,0.0000,0.0000,0.0132,0.0053,0.0000
0.0921,0.9675,1.0000,-0.0746,0.0218,165.4352,164.6024,0.0000,0.0369,0.0369,0.0141,0.0000,0.0000,0.0132,0.0053,0.0000
0.2000,0.8666,1.0000,-0.0662,0.0218,165.5271,164.6169,0.0000,0.0270,0.0270,0.0084,0.0000,0.0000,0.0132,0.0053,0.0000
0.1474,0.9045,1.0000,-0.0644,0.0152,165.6164,164.6395,0.0000,0.0246,0.0246,-0.0170,0.0000,0.0000,0.0092,0.0037,0.0000
0.1138,0.9246,1.0000,-0.0560,0.0152,165.7027,164.6578,0.0000,0.0186,0.0186,-0.0221,0.0000,0.0000,0.0092,0.0037,0.0000
0.1250,0.9130,1.0000,-0.0477,0.0152,165.7810,164.6768,0.0000,0.0160,0.0160,-0.0264,0.0000,0.0000,0.0092,0.0037,0.0000
0.2005,0.8764,1.0000,-0.0393,0.0152,165.8768,164.6975,0.0000,0.0107,0.0107,-0.0313,0.0000,0.0000,0.0092,0.0037,0.0000
0.2000,0.7989,1.0000,-0.0309,0.0152,165.9582,164.7133,0.0000,0.0059,0.0059,-0.0346,0.0000,0.0000,0.0092,0.0037,0.0000
0.0818,0.9715,1.0000,-0.0225,0.0152,166.0584,164.7238,0.0000,-0.0134,-0.0134,-0.0383,0.0000,0.0000,0.0092,0.0037,0.0000
0.1999,0.8230,1.0000,-0.0141,0.0152,166.1518,164.7397,0.0000,-0.0195,-0.0195,-0.0416,0.0000,0.0000,0.0092,0.0037,0.0000
0.0518,1.0006,1.0000,-0.0181,0.0026,166.2393,164.7611,0.0000,-0.0243,-0.0243,-0.0376,0.0000,0.0000,0.0016,0.0006,0.0000
0.1043,0.9400,1.0000,-0.0097,0.0026,166.3350,164.7767,0.0000,-0.0319,-0.0319,-0.0399,0.0000,0.0000,0.0016,0.0006,0.0000
0.2000,0.8932,1.0000,-0.0013,0.0026,166.4286,164.8017,0.0000,-0.0296,-0.0296,-0.0406,0.0000,0.0000,0.0016,0.0006,0.0000
0.0940,0.9619,1.0000,0.0071,0.0026,166.5300,164.8141,0.0000,-0.0441,-0.0441,-0.0422,0.0000,0.0000,0.0016,0.0006,0.0000
0.0672,0.9601,1.0000,0.0155,0.0026,166.6279,164.8390,0.0000,-0.0431,-0.0431,-0.0416,0.0000,0.0000,0.0016,0.0006,0.0000
0.0092,1.0136,1.0000,0.0239,0.0059,166.7308,164.8502,0.0000,-0.0580,-0.0580,-0.0318,0.0000,0.0000,0.0036,0.0014,0.0000
0.0029,1.0019,1.0000,0.0323,0.0059,166.8343,164.8714,0.0000,-0.0606,-0.0606,-0.0310,0.0000,0.0000,0.0036,0.0014,0.0000
-0.0184,1.0260,1.0000,0.0407,0.0059,166.9288,164.8913,0.0000,-0.0631,-0.0631,-0.0303,0.0000,0.0000,0.0036,0.0014,0.0000
-0.0970,1.0471,1.0000,0.0491,0.0059,167.0215,164.9182,0.0000,-0.0577,-0.0577,-0.0287,0.0000,0.0000,0.0036,0.0014,0.0000
0.0178,0.9576,1.0000,0.0575,0.0059,167.1098,164.9408,0.0000,-0.0537,-0.0537,-0.0264,0.0000,0.0000,0.0036,0.0014,0.0000
0.0875,0.9579,1.0000,0.0659,0.0059,167.1962,164.9699,0.0000,-0.0440,-0.0440,-0.0237,0.0000,0.0000,0.0036,0.0014,0.0000
0.1999,0.9040,1.0000,0.0743,0.0059,167.2931,164.9838,0.0000,-0.0507,-0.0507,-0.0205,0.0000,0.0000,0.0036,0.0014,0.0000
0.1585,0.9052,1.0000,0.0827,0.0080,167.3901,165.0043,0.0000,-0.0513,-0.0513,-0.0071,0.0000,0.0000,0.0048,0.0019,0.0000
0.1064,0.9700,1.0000,0.0895,0.0080,167.4854,165.0346,0.0000,-0.0413,-0.0413,-0.0033,0.0000,0.0000,0.0048,0.0019,0.0000
0.0456,0.9830,1.0000,0.0811,0.0080,167.5768,165.0598,0.0000,-0.0347,-0.0347,0.0011,0.0000,0.0000,0.0048,0.0019,0.0000
0.0223,0.9929,1.0000,0.0727,0.0080,167.6661,165.0839,0.0000,-0.0290,-0.0290,0.0050,0.0000,0.0000,0.0048,0.0019,0.0000
0.0882,0.9419,1.0000,0.0643,0.0080,167.7625,165.1100,0.0000,-0.0223,-0.0223,0.0109,0.0000,0.0000,0.0048,0.0019,0.0000
0.1341,0.9172,1.0000,0.0559,0.0080,167.8627,165.1364,0.0000,-0.0168,-0.0168,0.0150,0.0000,0.0000,0.0048,0.0019,0.0000
0.0453,0.9917,1.0000,0.0475,0.0040,167.9535,165.1651,0.0000,-0.0060,-0.0060,0.0024,0.0000,0.0000,0.0024,0.0010,0.0000
-0.0102,1.0280,1.0000,0.0391,0.0040,168.0408,165.1775,0.0000,-0.0132,-0.0132,0.0054,0.0000,0.0000,0.0024,0.0010,0.0000
0.0450,0.9464,1.0000,0.0308,0.0040,168.1365,165.2012,0.0000,-0.0121,-0.0121,0.0079,0.0000,0.0000,0.0024,0.0010,0.0000
0.1974,0.8727,1.0000,0.0224,0.0040,168.2282,165.2348,0.0000,-0.0003,-0.0003,0.0110,0.0000,0.0000,0.0024,0.0010,0.0000
0.0737,0.9782,1.0000,0.0140,0.0040,168.3149,165.2615,0.0000,0.0063,0.0063,0.0127,0.0000,0.0000,0.0024,0.0010,0.0000
0.0533,0.9694,1.0000,0.0056,0.0040,168.3985,165.2949,0.0000,0.0201,0.0201,0.0154,0.0000,0.0000,0.0024,0.0010,0.0000
0.2002,0.8998,1.0000,-0.0028,0.0040,168.4912,165.3143,0.0000,0.0170,0.0170,0.0171,0.0000,0.0000,0.0024,0.0010,0.0000
0.1580,0.8942,1.0000,0.0007,0.0159,168.5826,165.3327,0.0000,0.0137,0.0137,0.0403,0.0000,0.0000,0.0096,0.0038,0.0000
0.1025,0.9383,1.0000,-0.0077,0.0159,168.6747,165.3534,0.0000,0.0147,0.0147,0.0403,0.0000,0.0000,0.0096,0.0038,0.0000
0.1042,0.9241,1.0000,-0.0161,0.0159,168.7659,165.3743,0.0000,0.0149,0.0149,0.0399,0.0000,0.0000,0.0096,0.0038,0.0000
0.0931,0.9359,1.0000,-0.0245,0.0159,168.8596,165.3916,0.0000,0.0118,0.0118,0.0403,0.0000,0.0000,0.0096,0.0038,0.0000
0.1015,0.9282,1.0000,-0.0329,0.0105,168.9528,165.4311,0.0000,0.0296,0.0296,0.0393,0.0000,0.0000,0.0063,0.0025,0.0000
0.0839,0.9447,1.0000,-0.0413,0.0105,169.0492,165.4526,0.0000,0.0296,0.0296,0.0385,0.0000,0.0000,0.0063,0.0025,0.0000
0.0225,1.0024,1.0000,-0.0497,0.0105,169.1424,165.4702,0.0000,0.0269,0.0269,0.0370,0.0000,0.0000,0.0063,0.0025,0.0000
0.0258,0.9795,1.0000,-0.0581,-0.0193,169.2362,165.4855,0.0000,0.0167,0.0167,-0.0057,0.0000,0.0000,-0.0116,-0.0047,0.0000
0.0977,0.9408,1.0000,-0.0497,-0.0193,169.3304,165.5074,0.0000,0.0122,0.0122,-0.0089,0.0000,0.0000,-0.0116,-0.0047,0.0000
0.0841,0.9436,1.0000,-0.0413,-0.0193,169.4251,165.5302,0.0000,0.0081,0.0081,-0.0128,0.0000,0.0000,-0.0116,-0.0047,0.0000
0.0654,0.9596,1.0000,-0.0329,-0.0193,169.5151,165.5536,0.0000,0.0058,0.0058,-0.0165,0.0000,0.0000,-0.0116,-0.0047,0.0000
0.0542,0.9659,1.0000,-0.0245,-0.0193,169.6080,165.5886,0.0000,0.0137,0.0137,-0.0206,0.0000,0.0000,-0.0116,-0.0047,0.0000
0.1519,0.9215,1.0000,-0.0161,-0.0193,169.7045,165.6010,0.0000,0.0003,0.0003,-0.0230,0.0000,0.0000,-0.0116,-0.0047,0.0000
0.1087,0.9818,1.0000,-0.0077,0.0111,169.7975,165.6268,0.0000,0.0001,0.0001,-0.0030,0.0000,0.0000,0.0067,0.0027,0.0000
0.0729,0.9667,1.0000,-0.0004,0.0111,169.8906,165.6586,0.0000,0.0087,0.0087,-0.0041,0.0000,0.0000,0.0067,0.0027,0.0000
0.0632,0.9566,1.0000,0.0079,0.0111,169.9821,165.6710,0.0000,-0.0017,-0.0017,-0.0061,0.0000,0.0000,0.0067,0.0027,0.0000
0.0447,0.9742,1.0000,0.0163,0.0111,170.0803,165.6918,0.0000,-0.0048,-0.0048,-0.0067,0.0000,0.0000,0.0067,0.0027,0.0000
0.1778,0.9169,1.0000,0.0247,0.0111,170.1777,165.7184,0.0000,-0.0014,-0.0014,-0.0061,0.0000,0.0000,0.0067,0.0027,0.0000
0.0966,0.9945,1.0000,0.0331,0.0111,170.2659,165.7396,0.0000,-0.0016,-0.0016,-0.0056,0.0000,0.0000,0.0067,0.0027,0.0000
0.0256,1.0008,1.0000,0.0247,0.0111,170.3657,165.7741,0.0000,0.0096,0.0096,-0.0035,0.0000,0.0000,0.0067,0.0027,0.0000
0.1944,0.9002,1.0000,0.0000,-0.0062,170.4602,165.7864,0.0000,0.0005,0.0005,0.0013,0.0000,0.0000,-0.0037,-0.0015,0.0000
-0.0055,1.0478,1.0000,0.0000,-0.0062,170.5588,165.8125,0.0000,0.0046,0.0046,0.0042,0.0000,0.0000,-0.0037,-0.0015,0.0000
0.0712,0.9438,1.0000,-0.0084,-0.0062,170.6492,165.8418,0.0000,0.0127,0.0127,0.0058,0.0000,0.0000,-0.0037,-0.0015,0.0000
0.0097,1.0118,1.0000,-0.0168,-0.0062,170.7385,165.8682,0.0000,0.0181,0.0181,0.0064,0.0000,0.0000,-0.0037,-0.0015,0.0000
0.0782,0.9428,1.0000,-0.0252,-0.0062,170.8308,165.8998,0.0000,0.0272,0.0272,0.0063,0.0000,0.0000,-0.0037,-0.0015,0.0000
0.1806,0.9231,1.0000,-0.0335,-0.0062,170.9328,165.9075,0.0000,0.0105,0.0105,0.0054,0.0000,0.0000,-0.0037,-0.0015,0.0000
0.1441,0.9677,1.0000,-0.0419,-0.0083,171.0255,165.9432,0.0000,0.0228,0.0228,-0.0030,0.0000,0.0000,-0.0050,-0.0020,0.0000
0.0409,1.0146,1.0000,-0.0502,-0.0083,171.1135,165.9741,0.0000,0.0311,0.0311,-0.0042,0.0000,0.0000,-0.0050,-0.0020,0.0000
0.0298,0.9837,1.0000,-0.0419,-0.0083,171.2119,165.9916,0.0000,0.0232,0.0232,-0.0074,0.0000,0.0000,-0.0050,-0.0020,0.0000
0.1347,0.9242,1.0000,-0.0424,-0.0083,171.3123,166.0201,0.0000,0.0252,0.0252,-0.0118,0.0000,0.0000,-0.0050,-0.0020,0.0000
0.0449,0.9916,1.0000,-0.0340,-0.0083,171.4062,166.0395,0.0000,0.0194,0.0194,-0.0154,0.0000,0.0000,-0.0050,-0.0020,0.0000
-0.0158,1.0338,1.0000,-0.0256,-0.0083,171.5036,166.0664,0.0000,0.0201,0.0201,-0.0191,0.0000,0.0000,-0.0050,-0.0020,0.0000
0.0386,0.9517,1.0000,-0.0172,-0.0083,171.5966,166.0839,0.0000,0.0140,0.0140,-0.0229,0.0000,0.0000,-0.0050,-0.0020,0.0000
0.0143,1.0004,1.0000,-0.0106,-0.0101,171.7026,166.1020,0.0000,0.0039,0.0039,-0.0343,0.0000,0.0000,-0.0061,-0.0024,0.0000
0.1177,0.9400,1.0000,-0.0022,-0.0101,171.8041,166.1248,0.0000,0.0009,0.0009,-0.0365,0.0000,0.0000,-0.0061,-0.0024,0.0000
-0.0382,1.0659,1.0000,0.0062,-0.0101,171.8976,166.1412,0.0000,-0.0092,-0.0092,-0.0377,0.0000,0.0000,-0.0061,-0.0024,0.0000
-0.0420,1.0316,1.0000,0.0146,-0.0101,171.9907,166.1608,0.0000,-0.0133,-0.0133,-0.0389,0.0000,0.0000,-0.0061,-0.0024,0.0000
0.0432,0.9413,1.0000,0.0230,-0.0101,172.0767,166.1741,0.0000,-0.0202,-0.0202,-0.0395,0.0000,0.0000,-0.0061,-0.0024,0.0000
0.1266,0.9427,1.0000,0.0314,-0.0101,172.1697,166.2020,0.0000,-0.0157,-0.0157,-0.0384,0.0000,0.0000,-0.0061,-0.0024,0.0000
0.2002,0.8638,1.0000,0.0396,-0.0101,172.2578,166.2282,0.0000,-0.0100,-0.0100,-0.0370,0.0000,0.0000,-0.0061,-0.0024,0.0000
0.0980,0.9629,1.0000,0.0480,-0.0024,172.3458,166.2439,0.0000,-0.0163,-0.0163,-0.0193,0.0000,0.0000,-0.0014,-0.0006,0.0000
0.1574,0.9112,1.0000,0.0564,-0.0024,172.4317,166.2618,0.0000,-0.0173,-0.0173,-0.0173,0.0000,0.0000,-0.0014,-0.0006,0.0000
0.1683,0.8865,1.0000,0.0626,-0.0024,172.5196,166.2833,0.0000,-0.0158,-0.0158,-0.0156,0.0000,0.0000,-0.0014,-0.0006,0.0000
0.1996,0.8693,1.0000,0.0707,-0.0024,172.6074,166.3061,0.0000,-0.0125,-0.0125,-0.0126,0.0000,0.0000,-0.0014,-0.0006,0.0000
0.1587,0.8980,1.0000,0.0624,-0.0024,172.7013,166.3287,0.0000,-0.0110,-0.0110,-0.0095,0.0000,0.0000,-0.0014,-0.0006,0.0000
0.1418,0.8997,1.0000,0.0000,-0.0024,172.7990,166.3531,0.0000,-0.0084,-0.0084,-0.0063,0.0000,0.0000,-0.0014,-0.0006,0.0000
0.1511,0.9574,1.0000,-0.0053,0.0008,172.8861,166.3832,0.0000,0.0026,0.0026,0.0058,0.0000,0.0000,0.0005,0.0002,0.0000
0.0756,0.9987,1.0000,-0.0137,0.0008,172.9737,166.4059,0.0000,0.0073,0.0073,0.0098,0.0000,0.0000,0.0005,0.0002,0.0000
0.1440,0.9160,1.0000,-0.0220,0.0008,173.0632,166.4286,0.0000,0.0107,0.0107,0.0135,0.0000,0.0000,0.0005,0.0002,0.0000
0.1646,0.8980,1.0000,-0.0304,0.0008,173.1616,166.4585,0.0000,0.0188,0.0188,0.0159,0.0000,0.0000,0.0005,0.0002,0.0000
0.1262,0.9161,1.0000,-0.0388,-0.0223,173.2483,166.4864,0.0000,0.0273,0.0273,0.0172,0.0000,0.0000,-0.0134,-0.0054,0.0000
0.0118,1.0200,1.0000,-0.0472,-0.0223,173.3385,166.5161,0.0000,0.0368,0.0368,0.0167,0.0000,0.0000,-0.0134,-0.0054,0.0000
0.1749,0.9028,1.0000,-0.0556,-0.0223,173.4378,166.5457,0.0000,0.0424,0.0424,0.0165,0.0000,0.0000,-0.0134,-0.0054,0.0000
0.1913,0.9419,1.0000,-0.0640,-0.0380,173.5233,166.5685,0.0000,0.0441,0.0441,-0.0099,0.0000,0.0000,-0.0229,-0.0092,0.0000
0.0336,1.0271,1.0000,-0.0724,-0.0380,173.6192,166.5877,0.0000,0.0375,0.0375,-0.0121,0.0000,0.0000,-0.0229,-0.0092,0.0000
0.1946,0.8776,1.0000,-0.0796,-0.0380,173.7039,166.6111,0.0000,0.0387,0.0387,-0.0153,0.0000,0.0000,-0.0229,-0.0092,0.0000
0.0857,0.9701,1.0000,-0.0712,-0.0214,173.8052,166.6308,0.0000,0.0298,0.0298,-0.0200,0.0000,0.0000,-0.0129,-0.0051,0.0000
0.2001,0.8706,1.0000,-0.0628,-0.0214,173.8830,166.6471,0.0000,0.0255,0.0255,-0.0244,0.0000,0.0000,-0.0129,-0.0051,0.0000
0.2000,0.7890,1.0000,-0.0544,-0.0214,173.9728,166.6662,0.0000,0.0204,0.0204,-0.0302,0.0000,0.0000,-0.0129,-0.0051,0.0000
0.2000,0.7890,1.0000,-0.0460,-0.0214,174.0543,166.6764,0.0000,0.0086,0.0086,-0.0344,0.0000,0.0000,-0.0129,-0.0051,0.0000
0.2000,0.7890,1.0000,-0.0376,-0.0214,174.1494,166.7022,0.0000,0.0085,0.0085,-0.0385,0.0000,0.0000,-0.0129,-0.0051,0.0000
0.2000,0.8167,1.0000,-0.0292,-0.0029,174.2352,166.7030,0.0000,-0.0131,-0.0131,-0.0157,0.0000,0.0000,-0.0018,-0.0007,0.0000
0.0768,0.9761,1.0000,-0.0210,-0.0029,174.3193,166.7190,0.0000,-0.0185,-0.0185,-0.0183,0.0000,0.0000,-0.0018,-0.0007,0.0000
0.2001,0.8553,1.0000,-0.0126,-0.0029,174.4044,166.7401,0.0000,-0.0169,-0.0169,-0.0216,0.0000,0.0000,-0.0018,-0.0007,0.0000
0.2000,0.8489,1.0000,-0.0044,-0.0031,174.4909,166.7527,0.0000,-0.0241,-0.0241,-0.0230,0.0000,0.0000,-0.0019,-0.0008,0.0000
0.1848,0.8686,1.0000,0.0040,-0.0031,174.5823,166.7715,0.0000,-0.0271,-0.0271,-0.0252,0.0000,0.0000,-0.0019,-0.0008,0.0000
0.1223,0.9260,1.0000,0.0124,-0.0031,174.6682,166.7851,0.0000,-0.0340,-0.0340,-0.0263,0.0000,0.0000,-0.0019,-0.0008,0.0000
0.1065,0.9260,1.0000,0.0208,0.0046,174.7521,166.8037,0.0000,-0.0346,-0.0346,-0.0299,0.0000,0.0000,0.0028,0.0011,0.0000
0.2001,0.8625,1.0000,0.0292,0.0046,174.8391,166.8268,0.0000,-0.0304,-0.0304,-0.0296,0.0000,0.0000,0.0028,0.0011,0.0000
0.1914,0.8625,1.0000,0.0376,0.0046,174.9256,166.8460,0.0000,-0.0303,-0.0303,-0.0282,0.0000,0.0000,0.0028,0.0011,0.0000
0.2000,0.8512,1.0000,0.0460,0.0046,175.0073,166.8638,0.0000,-0.0306,-0.0306,-0.0271,0.0000,0.0000,0.0028,0.0011,0.0000
0.1736,0.8792,1.0000,0.0544,0.0046,175.0941,166.8781,0.0000,-0.0353,-0.0353,-0.0249,0.0000,0.0000,0.0028,0.0011,0.0000
0.2002,0.8289,1.0000,0.0627,0.0046,175.1869,166.8976,0.0000,-0.0355,-0.0355,-0.0228,0.0000,0.0000,0.0028,0.0011,0.0000
0.1812,0.8721,1.0000,0.0711,0.0046,175.2820,166.9180,0.0000,-0.0361,-0.0361,-0.0200,0.0000,0.0000,0.0028,0.0011,0.0000
0.1237,0.9396,1.0000,0.0773,0.0023,175.3699,166.9440,0.0000,-0.0296,-0.0296,-0.0221,0.0000,0.0000,0.0014,0.0005,0.0000
0.0764,0.9643,1.0000,0.0856,0.0023,175.4667,166.9731,0.0000,-0.0219,-0.0219,-0.0185,0.0000,0.0000,0.0014,0.0005,0.0000
0.1603,0.9111,1.0000,0.0772,0.0023,175.5594,167.0064,0.0000,-0.0077,-0.0077,-0.0132,0.0000,0.0000,0.0014,0.0005,0.0000
0.0380,1.0036,1.0000,0.0000,-0.0163,175.6617,167.0295,0.0000,-0.0068,-0.0068,-0.0083,0.0000,0.0000,-0.0098,-0.0039,0.0000
0.0552,0.9806,1.0000,0.0000,-0.0163,175.7539,167.0543,0.0000,-0.0008,-0.0008,-0.0025,0.0000,0.0000,-0.0098,-0.0039,0.0000
0.0911,0.9483,1.0000,0.0000,-0.0163,175.8507,167.0723,0.0000,-0.0034,-0.0034,0.0016,0.0000,0.0000,-0.0098,-0.0039,0.0000
0.0780,0.9483,1.0000,0.0084,0.0068,175.9404,167.0919,0.0000,-0.0027,-0.0027,0.0387,0.0000,0.0000,0.0041,0.0016,0.0000
0.0481,0.9760,1.0000,0.0000,0.0068,176.0331,167.1196,0.0000,0.0091,0.0091,0.0432,0.0000,0.0000,0.0041,0.0016,0.0000
0.1779,0.9102,1.0000,-0.0084,0.0068,176.1199,167.1462,0.0000,0.0173,0.0173,0.0441,0.0000,0.0000,0.0041,0.0016,0.0000
0.0859,0.9607,1.0000,-0.0168,0.0068,176.2073,167.1706,0.0000,0.0264,0.0264,0.0463,0.0000,0.0000,0.0041,0.0016,0.0000
0.1999,0.9003,1.0000,-0.0252,0.0052,176.2932,167.1866,0.0000,0.0243,0.0243,0.0470,0.0000,0.0000,0.0032,0.0013,0.0000
0.1675,0.8998,1.0000,-0.0336,0.0052,176.3796,167.2000,0.0000,0.0207,0.0207,0.0470,0.0000,0.0000,0.0032,0.0013,0.0000
0.2003,0.8659,1.0000,-0.0420,0.0052,176.4707,167.2154,0.0000,0.0165,0.0165,0.0454,0.0000,0.0000,0.0032,0.0013,0.0000
0.2002,0.8664,1.0000,-0.0504,0.0052,176.5664,167.2365,0.0000,0.0174,0.0174,0.0427,0.0000,0.0000,0.0032,0.0013,0.0000
0.1774,0.9170,1.0000,-0.0588,-0.0114,176.6544,167.2569,0.0000,0.0174,0.0174,0.0151,0.0000,0.0000,-0.0069,-0.0027,0.0000
0.1333,0.9717,1.0000,-0.0671,-0.0114,176.7476,167.2785,0.0000,0.0165,0.0165,0.0111,0.0000,0.0000,-0.0069,-0.0027,0.0000
0.2001,0.8963,1.0000,-0.0755,-0.0114,176.8432,167.2997,0.0000,0.0144,0.0144,0.0078,0.0000,0.0000,-0.0069,-0.0027,0.0000
0.1040,0.9488,1.0000,0.0000,-0.0319,176.9376,167.3111,0.0000,0.0031,0.0031,0.0039,0.0000,0.0000,-0.0192,-0.0077,0.0000
0.0642,0.9712,1.0000,0.0000,-0.0319,177.0281,167.3252,0.0000,-0.0054,-0.0054,-0.0014,0.0000,0.0000,-0.0192,-0.0077,0.0000
0.1382,0.9447,1.0000,0.0000,-0.0319,177.1202,167.3546,0.0000,0.0004,0.0004,-0.0071,0.0000,0.0000,-0.0192,-0.0077,0.0000
0.1432,0.9101,1.0000,0.0084,-0.0317,177.2145,167.3594,0.0000,-0.0172,-0.0172,-0.0105,0.0000,0.0000,-0.0191,-0.0076,0.0000
0.1053,0.9567,1.0000,0.0168,-0.0317,177.3112,167.3878,0.0000,-0.0129,-0.0129,-0.0146,0.0000,0.0000,-0.0191,-0.0076,0.0000
0.1086,0.9391,1.0000,0.0252,-0.0317,177.4075,167.4139,0.0000,-0.0097,-0.0097,-0.0176,0.0000,0.0000,-0.0191,-0.0076,0.0000
0.0464,0.9982,1.0000,0.0336,-0.0317,177.4942,167.4388,0.0000,-0.0051,-0.0051,-0.0180,0.0000,0.0000,-0.0191,-0.0076,0.0000
0.0352,0.9878,1.0000,0.0420,-0.0317,177.5925,167.4619,0.0000,-0.0042,-0.0042,-0.0186,0.0000,0.0000,-0.0191,-0.0076,0.0000
0.1630,0.8950,1.0000,0.0381,-0.0317,177.6821,167.4878,0.0000,0.0029,0.0029,-0.0174,0.0000,0.0000,-0.0191,-0.0076,0.0000
0.0427,1.0005,1.0000,0.0384,-0.0399,177.7709,167.4974,0.0000,-0.0091,-0.0091,-0.0388,0.0000,0.0000,-0.0240,-0.0096,0.0000
0.1494,0.9252,1.0000,0.0468,-0.0399,177.8618,167.5278,0.0000,0.0012,0.0012,-0.0362,0.0000,0.0000,-0.0240,-0.0096,0.0000
0.1742,0.8849,1.0000,0.0551,-0.0399,177.9397,167.5476,0.0000,0.0033,0.0033,-0.0344,0.0000,0.0000,-0.0240,-0.0096,0.0000
0.0983,0.9519,1.0000,0.0467,-0.0466,178.0441,167.5837,0.0000,0.0135,0.0135,-0.0313,0.0000,0.0000,-0.0281,-0.0112,0.0000
0.2000,0.7981,1.0000,0.0384,-0.0466,178.1294,167.6049,0.0000,0.0166,0.0166,-0.0300,0.0000,0.0000,-0.0281,-0.0112,0.0000
0.0003,1.0968,1.0000,0.0300,-0.0466,178.2172,167.6243,0.0000,0.0128,0.0128,-0.0246,0.0000,0.0000,-0.0281,-0.0112,0.0000
0.1512,0.8712,1.0000,0.0241,-0.0466,178.3147,167.6429,0.0000,0.0108,0.0108,-0.0230,0.0000,0.0000,-0.0281,-0.0112,0.0000
0.1527,0.8922,1.0000,0.0318,-0.0305,178.3985,167.6669,0.0000,0.0164,0.0164,0.0083,0.0000,0.0000,-0.0184,-0.0074,0.0000
0.0559,0.9843,1.0000,0.0234,-0.0305,178.4878,167.6854,0.0000,0.0159,0.0159,0.0087,0.0000,0.0000,-0.0184,-0.0074,0.0000
0.1999,0.8652,1.0000,0.0150,-0.0305,178.5719,167.7072,0.0000,0.0197,0.0197,0.0108,0.0000,0.0000,-0.0184,-0.0074,0.0000
0.1474,0.9046,1.0000,0.0066,-0.0316,178.6802,167.7265,0.0000,0.0167,0.0167,0.0131,0.0000,0.0000,-0.0190,-0.0076,0.0000
0.2002,0.8617,1.0000,-0.0018,-0.0316,178.7489,167.7543,0.0000,0.0291,0.0291,0.0137,0.0000,0.0000,-0.0190,-0.0076,0.0000
0.0003,1.0898,1.0000,-0.0102,-0.0316,178.8407,167.7744,0.0000,0.0318,0.0318,0.0157,0.0000,0.0000,-0.0190,-0.0076,0.0000
0.2000,0.7346,1.0000,-0.0186,-0.0316,178.9323,167.7908,0.0000,0.0256,0.0256,0.0159,0.0000,0.0000,-0.0190,-0.0076,0.0000
0.1295,0.9324,1.0000,-0.0266,-0.0312,179.0148,167.8161,0.0000,0.0343,0.0343,0.0180,0.0000,0.0000,-0.0188,-0.0075,0.0000
0.1119,0.9217,1.0000,-0.0350,-0.0312,179.1020,167.8287,0.0000,0.0276,0.0276,0.0171,0.0000,0.0000,-0.0188,-0.0075,0.0000
0.2000,0.8559,1.0000,-0.0434,-0.0312,179.1938,167.8497,0.0000,0.0275,0.0275,0.0153,0.0000,0.0000,-0.0188,-0.0075,0.0000
0.1792,0.8739,1.0000,-0.0518,-0.0334,179.2839,167.8772,0.0000,0.0342,0.0342,0.0123,0.0000,0.0000,-0.0201,-0.0080,0.0000
0.1138,0.9331,1.0000,-0.0602,-0.0334,179.3718,167.8930,0.0000,0.0300,0.0300,0.0092,0.0000,0.0000,-0.0201,-0.0080,0.0000
0.1167,0.9335,1.0000,-0.0685,-0.0334,179.4607,167.9097,0.0000,0.0261,0.0261,0.0060,0.0000,0.0000,-0.0201,-0.0080,0.0000
0.2007,0.8865,1.0000,-0.0769,-0.0334,179.5606,167.9264,0.0000,0.0194,0.0194,0.0022,0.0000,0.0000,-0.0201,-0.0080,0.0000
0.1554,0.8969,1.0000,-0.0685,-0.0129,179.6557,167.9429,0.0000,0.0158,0.0158,0.0291,0.0000,0.0000,-0.0077,-0.0031,0.0000
0.0367,1.0056,1.0000,-0.0767,-0.0129,179.7493,167.9587,0.0000,0.0136,0.0136,0.0243,0.0000,0.0000,-0.0077,-0.0031,0.0000
0.0852,0.9580,1.0000,-0.0851,-0.0129,179.8359,167.9778,0.0000,0.0134,0.0134,0.0184,0.0000,0.0000,-0.0077,-0.0031,0.0000
0.1050,0.9424,1.0000,-0.0894,-0.0129,179.9295,167.9966,0.0000,0.0125,0.0125,0.0133,0.0000,0.0000,-0.0077,-0.0031,0.0000
0.1943,0.8788,1.0000,-0.0810,-0.0129,180.0250,168.0166,0.0000,0.0119,0.0119,0.0075,0.0000,0.0000,-0.0077,-0.0031,0.0000
0.1043,0.9475,1.0000,-0.0726,-0.0129,180.1131,168.0427,0.0000,0.0197,0.0197,0.0027,0.0000,0.0000,-0.0077,-0.0031,0.0000
0.0624,0.9668,1.0000,0.0000,-0.0548,180.2186,168.0550,0.0000,0.0097,0.0097,-0.0054,0.0000,0.0000,-0.0331,-0.0132,0.0000
0.1750,0.9096,1.0000,0.0083,-0.0548,180.3164,168.0486,0.0000,-0.0167,-0.0167,-0.0109,0.0000,0.0000,-0.0331,-0.0132,0.0000
-0.0205,1.0553,1.0000,0.0167,-0.0548,180.4233,168.0648,0.0000,-0.0242,-0.0242,-0.0167,0.0000,0.0000,-0.0331,-0.0132,0.0000
0.0102,0.9780,1.0000,0.0251,-0.0548,180.5177,168.0808,0.0000,-0.0271,-0.0271,-0.0210,0.0000,0.0000,-0.0331,-0.0132,0.0000
-0.0640,1.0731,1.0000,0.0335,-0.0548,180.6229,168.0946,0.0000,-0.0358,-0.0358,-0.0248,0.0000,0.0000,-0.0331,-0.0132,0.0000
0.0323,0.9491,1.0000,0.0419,-0.0548,180.7111,168.1012,0.0000,-0.0452,-0.0452,-0.0275,0.0000,0.0000,-0.0331,-0.0132,0.0000
-0.0379,1.0534,1.0000,0.0488,-0.0481,180.8082,168.1105,0.0000,-0.0541,-0.0541,-0.0081,0.0000,0.0000,-0.0290,-0.0116,0.0000
0.1220,0.8773,1.0000,0.0484,-0.0481,180.8978,168.1222,0.0000,-0.0560,-0.0560,-0.0073,0.0000,0.0000,-0.0290,-0.0116,0.0000
0.0701,0.9678,1.0000,0.0486,-0.0481,180.9970,168.1319,0.0000,-0.0621,-0.0621,-0.0059,0.0000,0.0000,-0.0290,-0.0116,0.0000
0.1732,0.8955,1.0000,0.0469,-0.0481,181.0866,168.1462,0.0000,-0.0616,-0.0616,-0.0039,0.0000,0.0000,-0.0290,-0.0116,0.0000
0.0579,0.9880,1.0000,0.0406,-0.0481,181.1745,168.1656,0.0000,-0.0558,-0.0558,-0.0018,0.0000,0.0000,-0.0290,-0.0116,0.0000
0.1998,0.8993,1.0000,0.0342,-0.0481,181.2716,168.1825,0.0000,-0.0537,-0.0537,0.0008,0.0000,0.0000,-0.0290,-0.0116,0.0000
0.1784,0.8930,1.0000,0.0258,-0.0481,181.3667,168.2069,0.0000,-0.0438,-0.0438,0.0035,0.0000,0.0000,-0.0290,-0.0116,0.0000
0.0691,0.9780,1.0000,0.0197,-0.0457,181.4518,168.2156,0.0000,-0.0469,-0.0469,0.0142,0.0000,0.0000,-0.0275,-0.0110,0.0000
0.0468,0.9748,1.0000,0.0114,-0.0457,181.5462,168.2394,0.0000,-0.0369,-0.0369,0.0166,0.0000,0.0000,-0.0275,-0.0110,0.0000
0.2001,0.8465,1.0000,0.0030,-0.0457,181.6235,168.2491,0.0000,-0.0394,-0.0394,0.0189,0.0000,0.0000,-0.0275,-0.0110,0.0000
0.0857,0.9670,1.0000,-0.0053,-0.0457,181.7149,168.2717,0.0000,-0.0295,-0.0295,0.0200,0.0000,0.0000,-0.0275,-0.0110,0.0000
0.2000,0.7712,1.0000,-0.0137,-0.0457,181.8126,168.2945,0.0000,-0.0240,-0.0240,0.0202,0.0000,0.0000,-0.0275,-0.0110,0.0000
0.1325,0.9340,1.0000,-0.0220,-0.0457,181.9241,168.3140,0.0000,-0.0204,-0.0204,0.0200,0.0000,0.0000,-0.0275,-0.0110,0.0000
0.0420,0.9949,1.0000,-0.0304,-0.0456,182.0221,168.3367,0.0000,-0.0128,-0.0128,0.0229,0.0000,0.0000,-0.0275,-0.0110,0.0000
-0.1217,1.1219,1.0000,-0.0386,-0.0456,182.1210,168.3544,0.0000,-0.0094,-0.0094,0.0220,0.0000,0.0000,-0.0275,-0.0110,0.0000
-0.0307,0.9968,1.0000,-0.0470,-0.0456,182.2129,168.3688,0.0000,-0.0111,-0.0111,0.0207,0.0000,0.0000,-0.0275,-0.0110,0.0000
-0.0096,0.9969,1.0000,-0.0554,-0.0456,182.3009,168.3879,0.0000,-0.0066,-0.0066,0.0186,0.0000,0.0000,-0.0275,-0.0110,0.0000
0.0811,0.9217,1.0000,-0.0638,-0.0456,182.4024,168.4069,0.0000,-0.0055,-0.0055,0.0151,0.0000,0.0000,-0.0275,-0.0110,0.0000
0.2000,0.8930,1.0000,-0.0722,-0.0456,182.4965,168.4253,0.0000,-0.0034,-0.0034,0.0114,0.0000,0.0000,-0.0275,-0.0110,0.0000
0.0424,1.0230,1.0000,0.0000,-0.0456,182.5903,168.4354,0.0000,-0.0093,-0.0093,0.0068,0.0000,0.0000,-0.0275,-0.0110,0.0000
0.0826,0.9505,1.0000,-0.0084,-0.0491,182.6923,168.4508,0.0000,-0.0119,-0.0119,0.0060,0.0000,0.0000,-0.0296,-0.0118,0.0000
0.1155,0.9368,1.0000,-0.0055,-0.0491,182.7848,168.4613,0.0000,-0.0174,-0.0174,0.0014,0.0000,0.0000,-0.0296,-0.0118,0.0000
0.0047,1.0230,1.0000,-0.0017,-0.0491,182.8835,168.4766,0.0000,-0.0189,-0.0189,-0.0027,0.0000,0.0000,-0.0296,-0.0118,0.0000
0.1397,0.9249,1.0000,0.0067,-0.0491,182.9734,168.4796,0.0000,-0.0309,-0.0309,-0.0066,0.0000,0.0000,-0.0296,-0.0118,0.0000
0.0519,0.9894,1.0000,0.0151,-0.0491,183.0639,168.4916,0.0000,-0.0339,-0.0339,-0.0091,0.0000,0.0000,-0.0296,-0.0118,0.0000
0.1969,0.8946,1.0000,0.0235,-0.0491,183.1505,168.5072,0.0000,-0.0316,-0.0316,-0.0109,0.0000,0.0000,-0.0296,-0.0118,0.0000
0.1996,0.9053,1.0000,0.0319,-0.0491,183.2433,168.5203,0.0000,-0.0326,-0.0326,-0.0112,0.0000,0.0000,-0.0296,-0.0118,0.0000
0.2004,0.8722,1.0000,0.0385,-0.0491,183.3390,168.5315,0.0000,-0.0350,-0.0350,-0.0102,0.0000,0.0000,-0.0296,-0.0118,0.0000
0.1311,0.9291,1.0000,0.0323,-0.0470,183.4342,168.5438,0.0000,-0.0360,-0.0360,-0.0028,0.0000,0.0000,-0.0283,-0.0113,0.0000
0.0790,0.9553,1.0000,0.0239,-0.0470,183.5190,168.5560,0.0000,-0.0346,-0.0346,0.0002,0.0000,0.0000,-0.0283,-0.0113,0.0000
0.0696,0.9515,1.0000,0.0155,-0.0700,183.6222,168.5891,0.0000,-0.0149,-0.0149,0.0034,0.0000,0.0000,-0.0423,-0.0169,0.0000
0.1994,0.8490,1.0000,0.0071,-0.0700,183.7047,168.5997,0.0000,-0.0153,-0.0153,0.0059,0.0000,0.0000,-0.0423,-0.0169,0.0000
-0.0005,1.0778,1.0000,-0.0013,-0.0700,183.7970,168.6169,0.0000,-0.0103,-0.0103,0.0066,0.0000,0.0000,-0.0423,-0.0169,0.0000
0.1916,0.8244,1.0000,0.0000,-0.0700,183.8938,168.6325,0.0000,-0.0088,-0.0088,0.0078,0.0000,0.0000,-0.0423,-0.0169,0.0000
0.1191,0.9307,1.0000,0.0084,-0.0333,183.9819,168.6550,0.0000,0.0015,0.0015,0.0517,0.0000,0.0000,-0.0201,-0.0080,0.0000
0.0594,0.9719,1.0000,0.0000,-0.0333,184.0733,168.6680,0.0000,0.0066,0.0066,0.0519,0.0000,0.0000,-0.0201,-0.0080,0.0000
0.1721,0.9024,1.0000,-0.0084,-0.0333,184.1662,168.6838,0.0000,0.0114,0.0114,0.0521,0.0000,0.0000,-0.0201,-0.0080,0.0000
0.1288,0.9151,1.0000,-0.0163,-0.0328,184.2543,168.6999,0.0000,0.0193,0.0193,0.0524,0.0000,0.0000,-0.0198,-0.0079,0.0000
0.0995,0.9338,1.0000,-0.0246,-0.0328,184.3588,168.7111,0.0000,0.0202,0.0202,0.0514,0.0000,0.0000,-0.0198,-0.0079,0.0000
0.1960,0.8880,1.0000,-0.0330,-0.0328,184.4623,168.7297,0.0000,0.0268,0.0268,0.0505,0.0000,0.0000,-0.0198,-0.0079,0.0000
0.0065,1.0426,1.0000,-0.0414,-0.0328,184.5502,168.7521,0.0000,0.0437,0.0437,0.0491,0.0000,0.0000,-0.0198,-0.0079,0.0000
-0.0355,1.0427,1.0000,-0.0487,-0.0318,184.6626,168.7620,0.0000,0.0415,0.0415,0.0498,0.0000,0.0000,-0.0191,-0.0077,0.0000
-0.1662,1.1194,1.0000,-0.0570,-0.0318,184.7555,168.7757,0.0000,0.0468,0.0468,0.0473,0.0000,0.0000,-0.0191,-0.0077,0.0000
-0.1955,1.1194,1.0000,-0.0654,-0.0318,184.8503,168.7954,0.0000,0.0557,0.0557,0.0443,0.0000,0.0000,-0.0191,-0.0077,0.0000
-0.0099,0.9589,1.0000,-0.0738,-0.0318,184.9544,168.7971,0.0000,0.0418,0.0418,0.0399,0.0000,0.0000,-0.0191,-0.0077,0.0000
0.0331,0.9589,1.0000,-0.0822,-0.0318,185.0346,168.8091,0.0000,0.0443,0.0443,0.0362,0.0000,0.0000,-0.0191,-0.0077,0.0000
0.2000,0.8041,1.0000,-0.0906,-0.0318,185.1191,168.8207,0.0000,0.0425,0.0425,0.0302,0.0000,0.0000,-0.0191,-0.0077,0.0000
0.2000,0.8041,1.0000,-0.0989,-0.0318,185.2139,168.8339,0.0000,0.0445,0.0445,0.0251,0.0000,0.0000,-0.0191,-0.0077,0.0000
0.2000,0.8041,1.0000,-0.1073,-0.0318,185.3013,168.8425,0.0000,0.0424,0.0424,0.0189,0.0000,0.0000,-0.0191,-0.0077,0.0000
0.2000,0.8454,1.0000,-0.1157,-0.0699,185.3894,168.8552,0.0000,0.0452,0.0452,0.0265,0.0000,0.0000,-0.0422,-0.0169,0.0000
0.1818,0.8715,1.0000,-0.1241,-0.0699,185.4756,168.8614,0.0000,0.0417,0.0417,0.0198,0.0000,0.0000,-0.0422,-0.0169,0.0000
0.1808,0.8821,1.0000,-0.1325,-0.0699,185.5771,168.8689,0.0000,0.0380,0.0380,0.0132,0.0000,0.0000,-0.0422,-0.0169,0.0000
0.1730,0.8581,1.0000,-0.1241,-0.0699,185.6648,168.8665,0.0000,0.0250,0.0250,0.0058,0.0000,0.0000,-0.0422,-0.0169,0.0000
0.0337,1.0109,1.0000,-0.1158,-0.0699,185.7662,168.8724,0.0000,0.0184,0.0184,-0.0031,0.0000,0.0000,-0.0422,-0.0169,0.0000
0.0059,1.0082,1.0000,-0.1074,-0.0699,185.8676,168.8796,0.0000,0.0126,0.0126,-0.0122,0.0000,0.0000,-0.0422,-0.0169,0.0000
-0.0041,1.0082,1.0000,-0.0990,-0.0469,185.9666,168.8902,0.0000,0.0125,0.0125,0.0171,0.0000,0.0000,-0.0283,-0.0113,0.0000
-0.0085,1.0082,1.0000,0.0000,-0.0469,186.0622,168.8928,0.0000,0.0062,0.0062,0.0081,0.0000,0.0000,-0.0283,-0.0113,0.0000
0.0093,0.9862,1.0000,0.0000,-0.0469,186.1580,168.8928,0.0000,-0.0016,-0.0016,0.0015,0.0000,0.0000,-0.0283,-0.0113,0.0000
0.0879,0.9511,1.0000,0.0083,-0.0469,186.2507,168.8899,0.0000,-0.0122,-0.0122,-0.0056,0.0000,0.0000,-0.0283,-0.0113,0.0000
0.1477,0.9223,1.0000,0.0156,-0.0481,186.3436,168.8928,0.0000,-0.0164,-0.0164,-0.0120,0.0000,0.0000,-0.0290,-0.0116,0.0000
0.1392,0.9223,1.0000,0.0240,-0.0481,186.4385,168.8870,0.0000,-0.0290,-0.0290,-0.0172,0.0000,0.0000,-0.0290,-0.0116,0.0000
0.1318,0.9223,1.0000,0.0324,-0.0481,186.5343,168.8987,0.0000,-0.0239,-0.0239,-0.0218,0.0000,0.0000,-0.0290,-0.0116,0.0000
0.1114,0.9226,1.0000,0.0407,-0.0481,186.6250,168.9039,0.0000,-0.0241,-0.0241,-0.0246,0.0000,0.0000,-0.0290,-0.0116,0.0000
0.1623,0.8997,1.0000,0.0491,-0.0424,186.7227,168.9032,0.0000,-0.0292,-0.0292,-0.0150,0.0000,0.0000,-0.0255,-0.0102,0.0000
0.1779,0.8997,1.0000,0.0526,-0.0424,186.8120,168.9051,0.0000,-0.0309,-0.0309,-0.0161,0.0000,0.0000,-0.0255,-0.0102,0.0000
0.1033,0.9696,1.0000,0.0535,-0.0424,186.9039,168.9086,0.0000,-0.0309,-0.0309,-0.0159,0.0000,0.0000,-0.0255,-0.0102,0.0000
0.1913,0.8852,1.0000,0.0474,-0.0424,187.0009,168.9160,0.0000,-0.0257,-0.0257,-0.0149,0.0000,0.0000,-0.0255,-0.0102,0.0000
0.1442,0.9123,1.0000,0.0390,-0.0424,187.0965,168.9279,0.0000,-0.0163,-0.0163,-0.0130,0.0000,0.0000,-0.0255,-0.0102,0.0000
0.0742,0.9648,1.0000,0.0306,-0.0424,187.1877,168.9363,0.0000,-0.0100,-0.0100,-0.0102,0.0000,0.0000,-0.0255,-0.0102,0.0000
0.0648,0.9552,1.0000,0.0000,-0.0429,187.2939,168.9501,0.0000,0.0023,0.0023,-0.0074,0.0000,0.0000,-0.0259,-0.0103,0.0000
0.1819,0.9094,1.0000,0.0000,-0.0429,187.3808,168.9564,0.0000,0.0065,0.0065,-0.0058,0.0000,0.0000,-0.0259,-0.0103,0.0000
-0.0178,1.0646,1.0000,-0.0084,-0.0675,187.4750,168.9630,0.0000,0.0116,0.0116,-0.0016,0.0000,0.0000,-0.0407,-0.0163,0.0000
0.1302,0.8635,1.0000,-0.0168,-0.0675,187.5706,168.9719,0.0000,0.0174,0.0174,-0.0012,0.0000,0.0000,-0.0407,-0.0163,0.0000
0.0973,0.9377,1.0000,-0.0252,-0.0675,187.6681,168.9710,0.0000,0.0132,0.0132,-0.0007,0.0000,0.0000,-0.0407,-0.0163,0.0000
0.0759,0.9520,1.0000,-0.0336,-0.0675,187.7549,168.9723,0.0000,0.0117,0.0117,-0.0003,0.0000,0.0000,-0.0407,-0.0163,0.0000
0.0562,0.9670,1.0000,-0.0419,-0.0675,187.8478,168.9818,0.0000,0.0164,0.0164,-0.0034,0.0000,0.0000,-0.0407,-0.0163,0.0000
0.2000,0.8603,1.0000,-0.0503,-0.0675,187.9371,168.9856,0.0000,0.0166,0.0166,-0.0049,0.0000,0.0000,-0.0407,-0.0163,0.0000
0.1268,0.9250,1.0000,-0.0419,-0.0288,188.0258,168.9842,0.0000,0.0127,0.0127,0.0398,0.0000,0.0000,-0.0174,-0.0069,0.0000
0.1999,0.8855,1.0000,-0.0503,-0.0288,188.1123,168.9890,0.0000,0.0158,0.0158,0.0354,0.0000,0.0000,-0.0174,-0.0069,0.0000
0.1729,0.8799,1.0000,-0.0587,-0.0288,188.2026,168.9879,0.0000,0.0141,0.0141,0.0320,0.0000,0.0000,-0.0174,-0.0069,0.0000
0.1998,0.8586,1.0000,-0.0671,-0.0295,188.2894,168.9843,0.0000,0.0102,0.0102,0.0296,0.0000,0.0000,-0.0178,-0.0071,0.0000
0.1909,0.8960,1.0000,-0.0755,-0.0295,188.3871,168.9861,0.0000,0.0114,0.0114,0.0245,0.0000,0.0000,-0.0178,-0.0071,0.0000
0.1971,0.8621,1.0000,-0.0839,-0.0295,188.4821,168.9870,0.0000,0.0110,0.0110,0.0198,0.0000,0.0000,-0.0178,-0.0071,0.0000
0.1371,0.9699,1.0000,-0.0921,-0.0295,188.5754,168.9891,0.0000,0.0130,0.0130,0.0153,0.0000,0.0000,-0.0178,-0.0071,0.0000
0.1507,0.9418,1.0000,-0.0978,-0.0283,188.6689,168.9831,0.0000,0.0052,0.0052,0.0131,0.0000,0.0000,-0.0171,-0.0068,0.0000
0.1146,0.9246,1.0000,0.0000,-0.0283,188.7612,168.9841,0.0000,0.0046,0.0046,0.0071,0.0000,0.0000,-0.0171,-0.0068,0.0000
0.1125,0.9319,1.0000,0.0000,-0.0283,188.8531,168.9847,0.0000,0.0039,0.0039,0.0012,0.0000,0.0000,-0.0171,-0.0068,0.0000
0.1369,0.9153,1.0000,0.0000,-0.0283,188.9474,168.9816,0.0000,-0.0009,-0.0009,-0.0059,0.0000,0.0000,-0.0171,-0.0068,0.0000
0.1641,0.9104,1.0000,0.0084,-0.0283,189.0455,168.9760,0.0000,-0.0074,-0.0074,-0.0111,0.0000,0.0000,-0.0171,-0.0068,0.0000
0.1484,0.9371,1.0000,0.0168,-0.0283,189.1416,168.9802,0.0000,-0.0046,-0.0046,-0.0170,0.0000,0.0000,-0.0171,-0.0068,0.0000
0.0682,0.9751,1.0000,0.0252,-0.0283,189.2382,168.9803,0.0000,-0.0056,-0.0056,-0.0216,0.0000,0.0000,-0.0171,-0.0068,0.0000
0.0661,0.9519,1.0000,0.0326,-0.0283,189.3308,168.9819,0.0000,-0.0038,-0.0038,-0.0248,0.0000,0.0000,-0.0171,-0.0068,0.0000
0.0612,0.9567,1.0000,0.0242,-0.0692,189.4255,168.9867,0.0000,0.0011,0.0011,-0.0307,0.0000,0.0000,-0.0417,-0.0167,0.0000
0.1451,0.9186,1.0000,0.0284,-0.0692,189.5187,168.9889,0.0000,0.0046,0.0046,-0.0316,0.0000,0.0000,-0.0417,-0.0167,0.0000
0.1342,0.9378,1.0000,0.0309,-0.0692,189.6097,168.9834,0.0000,-0.0001,-0.0001,-0.0315,0.0000,0.0000,-0.0417,-0.0167,0.0000
0.1199,0.9245,1.0000,0.0260,-0.0692,189.7065,168.9896,0.0000,0.0072,0.0072,-0.0319,0.0000,0.0000,-0.0417,-0.0167,0.0000
0.1183,0.9040,1.0000,0.0196,-0.0692,189.7976,168.9884,0.0000,0.0077,0.0077,-0.0312,0.0000,0.0000,-0.0417,-0.0167,0.0000
0.0739,0.9619,1.0000,0.0112,-0.0692,189.8999,168.9926,0.0000,0.0137,0.0137,-0.0282,0.0000,0.0000,-0.0417,-0.0167,0.0000
0.1772,0.9032,1.0000,0.0028,-0.0692,189.9981,168.9983,0.0000,0.0221,0.0221,-0.0267,0.0000,0.0000,-0.0417,-0.0167,0.0000
0.0289,1.0166,1.0000,0.0112,-0.0446,190.0947,169.0058,0.0000,0.0349,0.0349,0.0185,0.0000,0.0000,-0.0269,-0.0108,0.0000
0.0327,0.9753,1.0000,0.0028,-0.0446,190.1705,169.0068,0.0000,0.0390,0.0390,0.0175,0.0000,0.0000,-0.0269,-0.0108,0.0000
0.0449,0.9639,1.0000,-0.0056,-0.0446,190.2708,168.9947,0.0000,0.0323,0.0323,0.0178,0.0000,0.0000,-0.0269,-0.0108,0.0000
0.2000,0.7510,1.0000,-0.0140,-0.0446,190.3627,168.9936,0.0000,0.0344,0.0344,0.0187,0.0000,0.0000,-0.0269,-0.0108,0.0000
0.0509,1.0019,1.0000,-0.0193,-0.0418,190.4512,168.9940,0.0000,0.0416,0.0416,0.0184,0.0000,0.0000,-0.0252,-0.0101,0.0000
0.1764,0.9109,1.0000,-0.0277,-0.0418,190.5412,168.9953,0.0000,0.0463,0.0463,0.0174,0.0000,0.0000,-0.0252,-0.0101,0.0000
0.1719,0.8774,1.0000,-0.0361,-0.0418,190.6344,168.9987,0.0000,0.0534,0.0534,0.0154,0.0000,0.0000,-0.0252,-0.0101,0.0000
0.1514,0.8927,1.0000,-0.0445,-0.0418,190.7243,168.9996,0.0000,0.0585,0.0585,0.0138,0.0000,0.0000,-0.0252,-0.0101,0.0000
0.1162,0.9231,1.0000,-0.0448,-0.0338,190.8030,168.9957,0.0000,0.0585,0.0585,0.0234,0.0000,0.0000,-0.0204,-0.0081,0.0000
0.1876,0.8910,1.0000,-0.0532,-0.0338,190.9013,168.9985,0.0000,0.0658,0.0658,0.0202,0.0000,0.0000,-0.0204,-0.0081,0.0000
0.2000,0.7819,1.0000,-0.0616,-0.0338,190.9984,169.0028,0.0000,0.0737,0.0737,0.0164,0.0000,0.0000,-0.0204,-0.0081,0.0000
0.0794,0.9740,1.0000,-0.0699,-0.0338,191.0919,168.9943,0.0000,0.0710,0.0710,0.0128,0.0000,0.0000,-0.0204,-0.0081,0.0000
0.0622,0.9617,1.0000,-0.0783,-0.0338,191.1907,168.9977,0.0000,0.0786,0.0786,0.0084,0.0000,0.0000,-0.0204,-0.0081,0.0000
0.1622,0.9316,1.0000,-0.0867,-0.0338,191.2895,168.9917,0.0000,0.0762,0.0762,0.0028,0.0000,0.0000,-0.0204,-0.0081,0.0000
0.0697,0.9787,1.0000,-0.0950,-0.0338,191.3876,168.9746,0.0000,0.0633,0.0633,-0.0016,0.0000,0.0000,-0.0204,-0.0081,0.0000
0.0400,0.9822,1.0000,-0.1027,-0.0331,191.4826,168.9724,0.0000,0.0653,0.0653,-0.0039,0.0000,0.0000,-0.0199,-0.0080,0.0000
0.0233,0.9896,1.0000,-0.1015,-0.0331,191.5713,168.9616,0.0000,0.0581,0.0581,-0.0083,0.0000,0.0000,-0.0199,-0.0080,0.0000
0.0828,0.9410,1.0000,-0.0931,-0.0331,191.6594,168.9572,0.0000,0.0565,0.0565,-0.0153,0.0000,0.0000,-0.0199,-0.0080,0.0000
0.1889,0.8872,1.0000,-0.0872,-0.0331,191.7702,168.9735,0.0000,0.0761,0.0761,-0.0252,0.0000,0.0000,-0.0199,-0.0080,0.0000
0.1911,0.8747,1.0000,-0.0807,-0.0331,191.8629,168.9722,0.0000,0.0790,0.0790,-0.0298,0.0000,0.0000,-0.0199,-0.0080,0.0000
-0.0089,1.0999,1.0000,-0.0891,-0.0935,191.9684,168.9611,0.0000,0.0678,0.0678,-0.0368,0.0000,0.0000,-0.0565,-0.0226,0.0000
0.0869,0.9176,1.0000,-0.0808,-0.0935,192.0584,168.9356,0.0000,0.0498,0.0498,-0.0409,0.0000,0.0000,-0.0565,-0.0226,0.0000
-0.0314,1.0529,1.0000,-0.0724,-0.0540,192.1572,168.9214,0.0000,0.0406,0.0406,-0.0011,0.0000,0.0000,-0.0326,-0.0130,0.0000
0.1188,0.9308,1.0000,-0.0808,-0.0540,192.2462,168.9066,0.0000,0.0336,0.0336,-0.0059,0.0000,0.0000,-0.0326,-0.0130,0.0000
0.0421,0.9910,1.0000,-0.0776,-0.0540,192.3454,168.8992,0.0000,0.0344,0.0344,-0.0116,0.0000,0.0000,-0.0326,-0.0130,0.0000
0.1744,0.8962,1.0000,-0.0860,-0.0540,192.4483,168.8916,0.0000,0.0362,0.0362,-0.0175,0.0000,0.0000,-0.0326,-0.0130,0.0000
0.0611,0.9847,1.0000,-0.0776,-0.0540,192.5498,168.8804,0.0000,0.0329,0.0329,-0.0229,0.0000,0.0000,-0.0326,-0.0130,0.0000
-0.0008,1.0225,1.0000,-0.0742,-0.0590,192.6486,168.8698,0.0000,0.0302,0.0302,-0.0283,0.0000,0.0000,-0.0356,-0.0142,0.0000
-0.0105,1.0122,1.0000,-0.0658,-0.0590,192.7491,168.8598,0.0000,0.0284,0.0284,-0.0347,0.0000,0.0000,-0.0356,-0.0142,0.0000
0.0090,0.9843,1.0000,-0.0650,-0.0666,192.8429,168.8502,0.0000,0.0266,0.0266,-0.0490,0.0000,0.0000,-0.0402,-0.0161,0.0000
0.0033,1.0003,1.0000,-0.0566,-0.0666,192.9432,168.8331,0.0000,0.0173,0.0173,-0.0536,0.0000,0.0000,-0.0402,-0.0161,0.0000
0.0882,0.9344,1.0000,-0.0482,-0.0666,193.0328,168.8219,0.0000,0.0155,0.0155,-0.0571,0.0000,0.0000,-0.0402,-0.0161,0.0000
0.0159,1.0087,1.0000,-0.0398,-0.0666,193.1274,168.7947,0.0000,-0.0074,-0.0074,-0.0641,0.0000,0.0000,-0.0402,-0.0161,0.0000
0.1982,0.8955,1.0000,-0.0314,-0.0666,193.2213,168.7795,0.0000,-0.0108,-0.0108,-0.0677,0.0000,0.0000,-0.0402,-0.0161,0.0000
0.0755,0.9803,1.0000,-0.0232,-0.0666,193.3145,168.7711,0.0000,-0.0150,-0.0150,-0.0728,0.0000,0.0000,-0.0402,-0.0161,0.0000
0.0791,0.9431,1.0000,-0.0148,-0.0666,193.4077,168.7598,0.0000,-0.0171,-0.0171,-0.0768,0.0000,0.0000,-0.0402,-0.0161,0.0000
0.1256,0.9258,1.0000,-0.0064,-0.0666,193.5181,168.7451,0.0000,-0.0210,-0.0210,-0.0794,0.0000,0.0000,-0.0402,-0.0161,0.0000
0.1035,0.9294,1.0000,0.0020,-0.0645,193.6205,168.7240,0.0000,-0.0335,-0.0335,-0.0937,0.0000,0.0000,-0.0389,-0.0156,0.0000
-0.0902,1.1039,1.0000,0.0104,-0.0645,193.7162,168.7007,0.0000,-0.0563,-0.0563,-0.0939,0.0000,0.0000,-0.0389,-0.0156,0.0000
-0.0632,1.0366,1.0000,0.0188,-0.0645,193.8125,168.6900,0.0000,-0.0556,-0.0556,-0.0950,0.0000,0.0000,-0.0389,-0.0156,0.0000
0.0015,0.9763,1.0000,0.0272,-0.0645,193.9133,168.6751,0.0000,-0.0582,-0.0582,-0.0947,0.0000,0.0000,-0.0389,-0.0156,0.0000
0.0588,0.9605,1.0000,0.0188,-0.0823,194.0129,168.6635,0.0000,-0.0594,-0.0594,-0.0937,0.0000,0.0000,-0.0497,-0.0199,0.0000
0.0102,1.0105,1.0000,0.0272,-0.0823,194.1011,168.6511,0.0000,-0.0647,-0.0647,-0.0911,0.0000,0.0000,-0.0497,-0.0199,0.0000
0.0086,0.9945,1.0000,0.0356,-0.0218,194.2111,168.6353,0.0000,-0.0679,-0.0679,-0.0237,0.0000,0.0000,-0.0131,-0.0052,0.0000
0.2000,0.8839,1.0000,0.0440,-0.0218,194.3066,168.6234,0.0000,-0.0628,-0.0628,-0.0226,0.0000,0.0000,-0.0131,-0.0052,0.0000
0.0003,1.1015,1.0000,0.0381,-0.0361,194.3965,168.6175,0.0000,-0.0562,-0.0562,-0.0211,0.0000,0.0000,-0.0218,-0.0087,0.0000
0.0563,0.9544,1.0000,0.0465,-0.0361,194.4734,168.6036,0.0000,-0.0547,-0.0547,-0.0180,0.0000,0.0000,-0.0218,-0.0087,0.0000
0.2003,0.8948,1.0000,0.0549,-0.0361,194.5597,168.5986,0.0000,-0.0444,-0.0444,-0.0152,0.0000,0.0000,-0.0218,-0.0087,0.0000
0.2000,0.7745,1.0000,0.0554,-0.0361,194.6483,168.5880,0.0000,-0.0389,-0.0389,-0.0126,0.0000,0.0000,-0.0218,-0.0087,0.0000
0.2008,0.8587,1.0000,0.0544,-0.0361,194.7415,168.5733,0.0000,-0.0384,-0.0384,-0.0103,0.0000,0.0000,-0.0218,-0.0087,0.0000
0.1802,0.8849,1.0000,0.0461,-0.0361,194.8262,168.5606,0.0000,-0.0360,-0.0360,-0.0065,0.0000,0.0000,-0.0218,-0.0087,0.0000
0.1113,0.9358,1.0000,0.0537,-0.0201,194.9217,168.5538,0.0000,-0.0264,-0.0264,0.0105,0.0000,0.0000,-0.0121,-0.0048,0.0000
0.1995,0.8498,1.0000,0.0453,-0.0201,195.0178,168.5561,0.0000,-0.0065,-0.0065,0.0143,0.0000,0.0000,-0.0121,-0.0048,0.0000
0.1056,0.9503,1.0000,0.0369,-0.0201,195.1156,168.5323,0.0000,-0.0107,-0.0107,0.0178,0.0000,0.0000,-0.0121,-0.0048,0.0000
0.0730,0.9565,1.0000,0.0285,-0.0201,195.2082,168.5364,0.0000,0.0109,0.0109,0.0212,0.0000,0.0000,-0.0121,-0.0048,0.0000
0.0264,0.9972,1.0000,0.0201,-0.0201,195.3079,168.5304,0.0000,0.0233,0.0233,0.0228,0.0000,0.0000,-0.0121,-0.0048,0.0000
0.1581,0.9223,1.0000,0.0117,-0.0201,195.3931,168.5179,0.0000,0.0263,0.0263,0.0261,0.0000,0.0000,-0.0121,-0.0048,0.0000
0.0513,0.9907,1.0000,0.0033,-0.0201,195.4880,168.5124,0.0000,0.0386,0.0386,0.0274,0.0000,0.0000,-0.0121,-0.0048,0.0000
0.2001,0.8544,1.0000,-0.0051,-0.0201,195.5632,168.5057,0.0000,0.0441,0.0441,0.0297,0.0000,0.0000,-0.0121,-0.0048,0.0000
0.1117,0.9422,1.0000,-0.0081,-0.0152,195.6383,168.5076,0.0000,0.0616,0.0616,0.0472,0.0000,0.0000,-0.0092,-0.0037,0.0000
0.2000,0.7501,1.0000,-0.0164,-0.0152,195.7266,168.4987,0.0000,0.0643,0.0643,0.0458,0.0000,0.0000,-0.0092,-0.0037,0.0000
0.2000,0.7450,1.0000,-0.0248,-0.0152,195.8106,168.4949,0.0000,0.0763,0.0763,0.0460,0.0000,0.0000,-0.0092,-0.0037,0.0000
0.1724,0.8803,1.0000,-0.0332,-0.0152,195.9045,168.4779,0.0000,0.0800,0.0800,0.0452,0.0000,0.0000,-0.0092,-0.0037,0.0000
0.1978,0.8331,1.0000,-0.0415,-0.0152,196.0036,168.4823,0.0000,0.1015,0.1015,0.0444,0.0000,0.0000,-0.0092,-0.0037,0.0000
0.1075,0.9461,1.0000,-0.0499,-0.0152,196.0905,168.4708,0.0000,0.1079,0.1079,0.0419,0.0000,0.0000,-0.0092,-0.0037,0.0000
0.0489,0.9831,1.0000,-0.0583,-0.0152,196.1750,168.4552,0.0000,0.1079,0.1079,0.0394,0.0000,0.0000,-0.0092,-0.0037,0.0000
0.1987,0.8691,1.0000,-0.0667,-0.0152,196.2628,168.4373,0.0000,0.1032,0.1032,0.0360,0.0000,0.0000,-0.0092,-0.0037,0.0000
0.1998,0.8518,1.0000,-0.0751,-0.0212,196.3568,168.4266,0.0000,0.1073,0.1073,0.0138,0.0000,0.0000,-0.0128,-0.0051,0.0000
0.1720,0.8896,1.0000,-0.0835,-0.0212,196.4510,168.4147,0.0000,0.1102,0.1102,0.0101,0.0000,0.0000,-0.0128,-0.0051,0.0000
0.1214,0.9369,1.0000,-0.0919,-0.0212,196.5456,168.3933,0.0000,0.1034,0.1034,0.0054,0.0000,0.0000,-0.0128,-0.0051,0.0000
0.0903,0.9419,1.0000,-0.1003,-0.0633,196.6458,168.3817,0.0000,0.1059,0.1059,-0.0013,0.0000,0.0000,-0.0382,-0.0153,0.0000
0.0637,0.9629,1.0000,-0.1087,-0.0633,196.7336,168.3642,0.0000,0.1014,0.1014,-0.0062,0.0000,0.0000,-0.0382,-0.0153,0.0000
0.0224,0.9990,1.0000,-0.1171,-0.0633,196.8233,168.3537,0.0000,0.1025,0.1025,-0.0135,0.0000,0.0000,-0.0382,-0.0153,0.0000
0.1653,0.8883,1.0000,-0.1255,-0.0633,196.9110,168.3347,0.0000,0.0974,0.0974,-0.0184,0.0000,0.0000,-0.0382,-0.0153,0.0000
0.1497,0.8933,1.0000,-0.1171,-0.0454,197.0039,168.3103,0.0000,0.0868,0.0868,0.0018,0.0000,0.0000,-0.0274,-0.0110,0.0000
0.1769,0.8909,1.0000,-0.1255,-0.0454,197.0945,168.2922,0.0000,0.0841,0.0841,-0.0050,0.0000,0.0000,-0.0274,-0.0110,0.0000
0.1025,0.9558,1.0000,-0.1223,-0.0454,197.1902,168.2702,0.0000,0.0774,0.0774,-0.0134,0.0000,0.0000,-0.0274,-0.0110,0.0000
0.1390,0.9162,1.0000,-0.1139,-0.0454,197.2743,168.2517,0.0000,0.0735,0.0735,-0.0193,0.0000,0.0000,-0.0274,-0.0110,0.0000
0.0643,0.9754,1.0000,-0.1055,-0.0454,197.3667,168.2316,0.0000,0.0677,0.0677,-0.0276,0.0000,0.0000,-0.0274,-0.0110,0.0000
0.2000,0.8540,1.0000,-0.0971,-0.0454,197.4582,168.2132,0.0000,0.0661,0.0661,-0.0354,0.0000,0.0000,-0.0274,-0.0110,0.0000
0.1269,0.9250,1.0000,-0.0887,-0.0454,197.5462,168.1967,0.0000,0.0630,0.0630,-0.0423,0.0000,0.0000,-0.0274,-0.0110,0.0000
0.1082,0.9250,1.0000,-0.0803,-0.0321,197.6440,168.1758,0.0000,0.0607,0.0607,-0.0243,0.0000,0.0000,-0.0193,-0.0077,0.0000
0.1998,0.8859,1.0000,-0.0719,-0.0321,197.7342,168.1548,0.0000,0.0577,0.0577,-0.0309,0.0000,0.0000,-0.0193,-0.0077,0.0000
0.0613,0.9911,1.0000,-0.0636,-0.0321,197.8277,168.1179,0.0000,0.0385,0.0385,-0.0357,0.0000,0.0000,-0.0193,-0.0077,0.0000
0.1806,0.9187,1.0000,-0.0552,-0.0321,197.9244,168.0961,0.0000,0.0371,0.0371,-0.0418,0.0000,0.0000,-0.0193,-0.0077,0.0000
0.0487,0.9989,1.0000,-0.0486,-0.0338,198.0179,168.0785,0.0000,0.0368,0.0368,-0.0461,0.0000,0.0000,-0.0204,-0.0082,0.0000
0.0336,0.9820,1.0000,-0.0402,-0.0338,198.1147,168.0579,0.0000,0.0362,0.0362,-0.0510,0.0000,0.0000,-0.0204,-0.0082,0.0000
0.0985,0.9419,1.0000,-0.0318,-0.0338,198.1931,168.0346,0.0000,0.0310,0.0310,-0.0529,0.0000,0.0000,-0.0204,-0.0082,0.0000
0.0482,0.9799,1.0000,-0.0344,-0.0449,198.2854,168.0115,0.0000,0.0248,0.0248,-0.0725,0.0000,0.0000,-0.0270,-0.0108,0.0000
0.2000,0.8112,1.0000,-0.0260,-0.0449,198.3709,167.9915,0.0000,0.0279,0.0279,-0.0753,0.0000,0.0000,-0.0270,-0.0108,0.0000
0.1142,0.9431,1.0000,-0.0177,-0.0449,198.4538,167.9637,0.0000,0.0119,0.0119,-0.0771,0.0000,0.0000,-0.0270,-0.0108,0.0000
0.1938,0.8702,1.0000,-0.0261,-0.0666,198.5438,167.9382,0.0000,0.0071,0.0071,-0.0802,0.0000,0.0000,-0.0402,-0.0161,0.0000
0.1858,0.8668,1.0000,-0.0177,-0.0666,198.6325,167.9160,0.0000,0.0036,0.0036,-0.0806,0.0000,0.0000,-0.0402,-0.0161,0.0000
0.1288,0.9278,1.0000,-0.0093,-0.0666,198.7184,167.9010,0.0000,0.0031,0.0031,-0.0828,0.0000,0.0000,-0.0402,-0.0161,0.0000
0.1307,0.9065,1.0000,-0.0009,-0.0666,198.8141,167.8875,0.0000,0.0094,0.0094,-0.0855,0.0000,0.0000,-0.0402,-0.0161,0.0000
0.2004,0.8629,1.0000,0.0074,-0.0666,198.9108,167.8651,0.0000,0.0091,0.0091,-0.0861,0.0000,0.0000,-0.0402,-0.0161,0.0000
0.1151,0.9562,1.0000,0.0158,-0.0196,199.0012,167.8462,0.0000,0.0100,0.0100,-0.0396,0.0000,0.0000,-0.0118,-0.0047,0.0000
0.0505,0.9838,1.0000,0.0242,-0.0196,199.0915,167.8228,0.0000,0.0097,0.0097,-0.0392,0.0000,0.0000,-0.0118,-0.0047,0.0000
0.1745,0.9161,1.0000,0.0279,-0.0243,199.1796,167.8043,0.0000,0.0156,0.0156,-0.0387,0.0000,0.0000,-0.0146,-0.0059,0.0000
0.1645,0.9249,1.0000,0.0363,-0.0243,199.2832,167.7903,0.0000,0.0284,0.0284,-0.0377,0.0000,0.0000,-0.0146,-0.0059,0.0000
0.1834,0.8926,1.0000,0.0288,-0.0243,199.3758,167.7711,0.0000,0.0343,0.0343,-0.0363,0.0000,0.0000,-0.0146,-0.0059,0.0000
0.0074,1.0372,1.0000,0.0204,-0.0243,199.4711,167.7563,0.0000,0.0421,0.0421,-0.0350,0.0000,0.0000,-0.0146,-0.0059,0.0000
0.0813,0.9380,1.0000,0.0120,-0.0243,199.5789,167.7320,0.0000,0.0483,0.0483,-0.0330,0.0000,0.0000,-0.0146,-0.0059,0.0000
0.0657,0.9568,1.0000,0.0036,-0.0412,199.6702,167.7069,0.0000,0.0479,0.0479,-0.0284,0.0000,0.0000,-0.0248,-0.0099,0.0000
-0.1047,1.0969,1.0000,-0.0048,-0.0412,199.7587,167.6815,0.0000,0.0444,0.0444,-0.0273,0.0000,0.0000,-0.0248,-0.0099,0.0000
0.0401,0.9390,1.0000,-0.0131,-0.0412,199.8374,167.6615,0.0000,0.0484,0.0484,-0.0249,0.0000,0.0000,-0.0248,-0.0099,0.0000
0.1823,0.9124,1.0000,-0.0215,-0.0412,199.9330,167.6430,0.0000,0.0547,0.0547,-0.0261,0.0000,0.0000,-0.0248,-0.0099,0.0000
0.2000,0.8054,1.0000,-0.0299,-0.0412,200.0289,167.6244,0.0000,0.0622,0.0622,-0.0268,0.0000,0.0000,-0.0248,-0.0099,0.0000
0.1638,0.9654,1.0000,-0.0383,-0.0412,200.1209,167.6008,0.0000,0.0600,0.0600,-0.0280,0.0000,0.0000,-0.0248,-0.0099,0.0000
0.1407,0.9683,1.0000,-0.0467,-0.0412,200.2141,167.5750,0.0000,0.0579,0.0579,-0.0299,0.0000,0.0000,-0.0248,-0.0099,0.0000
0.1816,0.9407,1.0000,-0.0536,-0.0395,200.3078,167.5466,0.0000,0.0543,0.0543,-0.0263,0.0000,0.0000,-0.0238,-0.0095,0.0000
0.0949,0.9590,1.0000,-0.0511,-0.0395,200.4062,167.5280,0.0000,0.0596,0.0596,-0.0305,0.0000,0.0000,-0.0238,-0.0095,0.0000
0.0628,0.9711,1.0000,-0.0487,-0.0395,200.4890,167.5048,0.0000,0.0573,0.0573,-0.0329,0.0000,0.0000,-0.0238,-0.0095,0.0000
0.0298,0.9909,1.0000,-0.0438,-0.0430,200.5776,167.4820,0.0000,0.0552,0.0552,-0.0383,0.0000,0.0000,-0.0259,-0.0104,0.0000
0.1964,0.8519,1.0000,-0.0354,-0.0430,200.6631,167.4508,0.0000,0.0492,0.0492,-0.0402,0.0000,0.0000,-0.0259,-0.0104,0.0000
0.1567,0.9065,1.0000,-0.0271,-0.0430,200.7518,167.4290,0.0000,0.0475,0.0475,-0.0456,0.0000,0.0000,-0.0259,-0.0104,0.0000
0.1383,0.9027,1.0000,-0.0188,-0.0430,200.8481,167.4038,0.0000,0.0472,0.0472,-0.0481,0.0000,0.0000,-0.0259,-0.0104,0.0000
0.1341,0.9045,1.0000,-0.0104,-0.0430,200.9356,167.3760,0.0000,0.0419,0.0419,-0.0503,0.0000,0.0000,-0.0259,-0.0104,0.0000
0.0514,0.9855,1.0000,-0.0020,-0.0219,201.0337,167.3520,0.0000,0.0463,0.0463,-0.0155,0.0000,0.0000,-0.0132,-0.0053,0.0000
0.1636,0.9110,1.0000,-0.0104,-0.0219,201.1294,167.3318,0.0000,0.0553,0.0553,-0.0164,0.0000,0.0000,-0.0132,-0.0053,0.0000
0.0443,1.0001,1.0000,-0.0188,-0.0219,201.2148,167.3014,0.0000,0.0509,0.0509,-0.0159,0.0000,0.0000,-0.0132,-0.0053,0.0000
0.0436,0.9691,1.0000,-0.0272,-0.0219,201.3176,167.2799,0.0000,0.0605,0.0605,-0.0169,0.0000,0.0000,-0.0132,-0.0053,0.0000
0.1995,0.8986,1.0000,-0.0356,-0.0219,201.4184,167.2489,0.0000,0.0605,0.0605,-0.0184,0.0000,0.0000,-0.0132,-0.0053,0.0000
0.0068,1.0409,1.0000,-0.0438,-0.0219,201.5197,167.2243,0.0000,0.0643,0.0643,-0.0206,0.0000,0.0000,-0.0132,-0.0053,0.0000
-0.0490,1.0456,1.0000,-0.0522,-0.0409,201.6122,167.2028,0.0000,0.0692,0.0692,-0.0365,0.0000,0.0000,-0.0246,-0.0099,0.0000
-0.0465,1.0325,1.0000,-0.0453,-0.0409,201.7063,167.1784,0.0000,0.0706,0.0706,-0.0401,0.0000,0.0000,-0.0246,-0.0099,0.0000
0.0504,0.9405,1.0000,-0.0426,-0.0409,201.7989,167.1514,0.0000,0.0711,0.0711,-0.0432,0.0000,0.0000,-0.0246,-0.0099,0.0000
0.0509,0.9630,1.0000,-0.0342,-0.0409,201.8974,167.1254,0.0000,0.0713,0.0713,-0.0477,0.0000,0.0000,-0.0246,-0.0099,0.0000
0.0657,0.9554,1.0000,-0.0258,-0.0409,201.9737,167.0822,0.0000,0.0503,0.0503,-0.0502,0.0000,0.0000,-0.0246,-0.0099,0.0000
0.0138,1.0086,1.0000,-0.0174,-0.0409,202.0678,167.0656,0.0000,0.0575,0.0575,-0.0540,0.0000,0.0000,-0.0246,-0.0099,0.0000
0.1719,0.8718,1.0000,-0.0090,-0.0409,202.1552,167.0369,0.0000,0.0575,0.0575,-0.0560,0.0000,0.0000,-0.0246,-0.0099,0.0000
0.1009,0.9441,1.0000,-0.0006,-0.0409,202.2409,167.0070,0.0000,0.0499,0.0499,-0.0579,0.0000,0.0000,-0.0246,-0.0099,0.0000
0.1449,0.9125,1.0000,0.0008,-0.0362,202.3357,166.9827,0.0000,0.0544,0.0544,-0.0453,0.0000,0.0000,-0.0218,-0.0087,0.0000
0.1576,0.9001,1.0000,0.0053,-0.0362,202.4268,166.9522,0.0000,0.0522,0.0522,-0.0455,0.0000,0.0000,-0.0218,-0.0087,0.0000
0.0917,0.9696,1.0000,0.0113,-0.0362,202.5189,166.9206,0.0000,0.0475,0.0475,-0.0454,0.0000,0.0000,-0.0218,-0.0087,0.0000
0.0861,0.9522,1.0000,0.0029,-0.0480,202.6122,166.8971,0.0000,0.0527,0.0527,-0.0460,0.0000,0.0000,-0.0290,-0.0116,0.0000
0.0894,0.9655,1.0000,-0.0055,-0.0480,202.7122,166.8690,0.0000,0.0551,0.0551,-0.0455,0.0000,0.0000,-0.0290,-0.0116,0.0000
0.0819,0.9530,1.0000,-0.0092,-0.0480,202.8027,166.8370,0.0000,0.0523,0.0523,-0.0436,0.0000,0.0000,-0.0290,-0.0116,0.0000
-0.0170,1.0303,1.0000,-0.0128,-0.0480,202.8935,166.8094,0.0000,0.0511,0.0511,-0.0432,0.0000,0.0000,-0.0290,-0.0116,0.0000
0.0382,0.9519,1.0000,-0.0044,-0.0302,202.9979,166.7839,0.0000,0.0599,0.0599,-0.0142,0.0000,0.0000,-0.0182,-0.0073,0.0000
0.1294,0.9410,1.0000,-0.0128,-0.0302,203.0923,166.7544,0.0000,0.0625,0.0625,-0.0145,0.0000,0.0000,-0.0182,-0.0073,0.0000
-0.0378,1.0652,1.0000,-0.0212,-0.0302,203.1822,166.7274,0.0000,0.0644,0.0644,-0.0157,0.0000,0.0000,-0.0182,-0.0073,0.0000
0.0058,0.9796,1.0000,-0.0296,-0.0302,203.2610,166.6980,0.0000,0.0630,0.0630,-0.0151,0.0000,0.0000,-0.0182,-0.0073,0.0000
0.1004,0.9304,1.0000,-0.0380,-0.0447,203.3520,166.6798,0.0000,0.0745,0.0745,-0.0173,0.0000,0.0000,-0.0269,-0.0108,0.0000
0.2000,0.8336,1.0000,-0.0464,-0.0447,203.4401,166.6529,0.0000,0.0782,0.0782,-0.0178,0.0000,0.0000,-0.0269,-0.0108,0.0000
0.1358,0.9190,1.0000,-0.0548,-0.0447,203.5339,166.6298,0.0000,0.0844,0.0844,-0.0210,0.0000,0.0000,-0.0269,-0.0108,0.0000
0.1393,0.9132,1.0000,-0.0632,-0.0447,203.6253,166.5929,0.0000,0.0777,0.0777,-0.0239,0.0000,0.0000,-0.0269,-0.0108,0.0000
0.0974,0.9561,1.0000,-0.0682,-0.0412,203.7188,166.5663,0.0000,0.0816,0.0816,-0.0171,0.0000,0.0000,-0.0248,-0.0099,0.0000
0.0606,0.9775,1.0000,-0.0766,-0.0412,203.8068,166.5452,0.0000,0.0885,0.0885,-0.0217,0.0000,0.0000,-0.0248,-0.0099,0.0000
0.0767,0.9630,1.0000,-0.0847,-0.0412,203.8987,166.5172,0.0000,0.0906,0.0906,-0.0263,0.0000,0.0000,-0.0248,-0.0099,0.0000
0.2000,0.8944,1.0000,-0.0914,-0.0412,203.9880,166.4823,0.0000,0.0860,0.0860,-0.0313,0.0000,0.0000,-0.0248,-0.0099,0.0000
0.1017,0.9517,1.0000,-0.0830,-0.0412,204.0714,166.4508,0.0000,0.0812,0.0812,-0.0355,0.0000,0.0000,-0.0248,-0.0099,0.0000
0.0785,0.9503,1.0000,-0.0746,-0.0412,204.1637,166.4153,0.0000,0.0760,0.0760,-0.0405,0.0000,0.0000,-0.0248,-0.0099,0.0000
0.2001,0.8845,1.0000,-0.0662,-0.0412,204.2557,166.3865,0.0000,0.0783,0.0783,-0.0461,0.0000,0.0000,-0.0248,-0.0099,0.0000
0.0725,0.9803,1.0000,-0.0645,-0.0478,204.3378,166.3498,0.0000,0.0666,0.0666,-0.0486,0.0000,0.0000,-0.0288,-0.0115,0.0000
0.0654,0.9540,1.0000,-0.0561,-0.0478,204.4252,166.3106,0.0000,0.0568,0.0568,-0.0542,0.0000,0.0000,-0.0288,-0.0115,0.0000
0.1904,0.8921,1.0000,-0.0477,-0.0478,204.5210,166.2759,0.0000,0.0559,0.0559,-0.0585,0.0000,0.0000,-0.0288,-0.0115,0.0000
0.0984,0.9514,1.0000,-0.0393,-0.0478,204.6148,166.2429,0.0000,0.0522,0.0522,-0.0632,0.0000,0.0000,-0.0288,-0.0115,0.0000
0.0166,1.0093,1.0000,-0.0309,-0.0478,204.7081,166.2046,0.0000,0.0436,0.0436,-0.0670,0.0000,0.0000,-0.0288,-0.0115,0.0000
0.0198,0.9843,1.0000,-0.0226,-0.0478,204.7963,166.1708,0.0000,0.0406,0.0406,-0.0699,0.0000,0.0000,-0.0288,-0.0115,0.0000
0.0088,1.0003,1.0000,-0.0142,-0.0478,204.8805,166.1385,0.0000,0.0361,0.0361,-0.0731,0.0000,0.0000,-0.0288,-0.0115,0.0000
0.0859,0.9356,1.0000,-0.0058,-0.0468,204.9684,166.1017,0.0000,0.0326,0.0326,-0.0513,0.0000,0.0000,-0.0282,-0.0113,0.0000
0.1884,0.8935,1.0000,0.0026,-0.0468,205.0564,166.0680,0.0000,0.0329,0.0329,-0.0528,0.0000,0.0000,-0.0282,-0.0113,0.0000
0.1046,0.9446,1.0000,0.0110,-0.0468,205.1398,166.0363,0.0000,0.0312,0.0312,-0.0539,0.0000,0.0000,-0.0282,-0.0113,0.0000
0.0949,0.9341,1.0000,0.0193,-0.0468,205.2269,166.0057,0.0000,0.0336,0.0336,-0.0545,0.0000,0.0000,-0.0282,-0.0113,0.0000
0.1960,0.8840,1.0000,0.0277,-0.0468,205.3120,165.9667,0.0000,0.0296,0.0296,-0.0528,0.0000,0.0000,-0.0282,-0.0113,0.0000
0.1432,0.9152,1.0000,0.0360,-0.0468,205.4021,165.9397,0.0000,0.0356,0.0356,-0.0529,0.0000,0.0000,-0.0282,-0.0113,0.0000
0.1174,0.9281,1.0000,0.0405,-0.0468,205.4868,165.9075,0.0000,0.0364,0.0364,-0.0508,0.0000,0.0000,-0.0282,-0.0113,0.0000
0.1293,0.9320,1.0000,0.0418,-0.0468,205.5749,165.8766,0.0000,0.0397,0.0397,-0.0489,0.0000,0.0000,-0.0282,-0.0113,0.0000
0.1545,0.8993,1.0000,0.0398,-0.0405,205.6681,165.8470,0.0000,0.0474,0.0474,-0.0288,0.0000,0.0000,-0.0244,-0.0098,0.0000
0.1130,0.9269,1.0000,0.0314,-0.0405,205.7554,165.8166,0.0000,0.0529,0.0529,-0.0256,0.0000,0.0000,-0.0244,-0.0098,0.0000
0.0611,0.9693,1.0000,0.0230,-0.0405,205.8378,165.7861,0.0000,0.0561,0.0561,-0.0233,0.0000,0.0000,-0.0244,-0.0098,0.0000
0.1740,0.9177,1.0000,0.0146,-0.0405,205.9297,165.7610,0.0000,0.0692,0.0692,-0.0206,0.0000,0.0000,-0.0244,-0.0098,0.0000
0.2002,0.8714,1.0000,0.0062,-0.0468,206.0062,165.7270,0.0000,0.0679,0.0679,-0.0180,0.0000,0.0000,-0.0282,-0.0113,0.0000
0.1058,0.9469,1.0000,-0.0022,-0.0468,206.0928,165.6916,0.0000,0.0669,0.0669,-0.0177,0.0000,0.0000,-0.0282,-0.0113,0.0000
0.2000,0.8296,1.0000,-0.0106,-0.0468,206.1846,165.6571,0.0000,0.0711,0.0711,-0.0161,0.0000,0.0000,-0.0282,-0.0113,0.0000
0.1245,0.9273,1.0000,-0.0094,-0.0372,206.2760,165.6316,0.0000,0.0815,0.0815,0.0081,0.0000,0.0000,-0.0224,-0.0090,0.0000
0.0594,0.9733,1.0000,-0.0178,-0.0372,206.3643,165.5942,0.0000,0.0820,0.0820,0.0073,0.0000,0.0000,-0.0224,-0.0090,0.0000
0.1155,0.9401,1.0000,-0.0262,-0.0372,206.4515,165.5718,0.0000,0.0956,0.0956,0.0065,0.0000,0.0000,-0.0224,-0.0090,0.0000
0.1824,0.8922,1.0000,-0.0346,-0.0372,206.5414,165.5338,0.0000,0.0968,0.0968,0.0077,0.0000,0.0000,-0.0224,-0.0090,0.0000
0.1540,0.8922,1.0000,-0.0430,-0.0372,206.6268,165.5001,0.0000,0.0983,0.0983,0.0044,0.0000,0.0000,-0.0224,-0.0090,0.0000
0.1690,0.8922,1.0000,-0.0514,-0.0372,206.7131,165.4697,0.0000,0.1042,0.1042,0.0034,0.0000,0.0000,-0.0224,-0.0090,0.0000
0.1333,0.9099,1.0000,-0.0598,-0.0372,206.8008,165.4323,0.0000,0.1039,0.1039,0.0015,0.0000,0.0000,-0.0224,-0.0090,0.0000
0.1313,0.9065,1.0000,-0.0682,-0.0372,206.8911,165.3958,0.0000,0.1041,0.1041,-0.0028,0.0000,0.0000,-0.0224,-0.0090,0.0000
0.0889,0.9456,1.0000,-0.0766,-0.0503,206.9693,165.3691,0.0000,0.1101,0.1101,0.0060,0.0000,0.0000,-0.0303,-0.0121,0.0000
0.0618,0.9645,1.0000,-0.0850,-0.0503,207.0555,165.3388,0.0000,0.1160,0.1160,0.0027,0.0000,0.0000,-0.0303,-0.0121,0.0000
0.2000,0.8184,1.0000,-0.0934,-0.0503,207.1397,165.3065,0.0000,0.1193,0.1193,-0.0008,0.0000,0.0000,-0.0303,-0.0121,0.0000
0.1464,0.9056,1.0000,-0.1018,-0.0503,207.2254,165.2695,0.0000,0.1181,0.1181,-0.0060,0.0000,0.0000,-0.0303,-0.0121,0.0000
0.1755,0.8926,1.0000,-0.1102,-0.0503,207.3130,165.2306,0.0000,0.1157,0.1157,-0.0118,0.0000,0.0000,-0.0303,-0.0121,0.0000
0.1277,0.9256,1.0000,-0.1184,-0.0503,207.3930,165.1934,0.0000,0.1118,0.1118,-0.0172,0.0000,0.0000,-0.0303,-0.0121,0.0000
0.1009,0.9502,1.0000,-0.1265,-0.0503,207.4770,165.1546,0.0000,0.1077,0.1077,-0.0229,0.0000,0.0000,-0.0303,-0.0121,0.0000
0.2005,0.8751,1.0000,-0.1212,-0.0366,207.5599,165.1106,0.0000,0.0996,0.0996,-0.0081,0.0000,0.0000,-0.0221,-0.0088,0.0000
0.1402,0.9180,1.0000,-0.1194,-0.0366,207.6456,165.0648,0.0000,0.0913,0.0913,-0.0155,0.0000,0.0000,-0.0221,-0.0088,0.0000
0.1052,0.9316,1.0000,-0.1110,-0.0366,207.7233,165.0241,0.0000,0.0846,0.0846,-0.0221,0.0000,0.0000,-0.0221,-0.0088,0.0000
0.0629,0.9665,1.0000,-0.1026,-0.0366,207.8096,164.9863,0.0000,0.0841,0.0841,-0.0278,0.0000,0.0000,-0.0221,-0.0088,0.0000
0.2006,0.8706,1.0000,-0.0942,-0.0339,207.8884,164.9436,0.0000,0.0777,0.0777,-0.0345,0.0000,0.0000,-0.0205,-0.0082,0.0000
0.1752,0.8897,1.0000,-0.0858,-0.0339,207.9681,164.9058,0.0000,0.0746,0.0746,-0.0404,0.0000,0.0000,-0.0205,-0.0082,0.0000
0.1551,0.8897,1.0000,-0.0774,-0.0339,208.0602,164.8635,0.0000,0.0733,0.0733,-0.0460,0.0000,0.0000,-0.0205,-0.0082,0.0000
0.1993,0.8746,1.0000,-0.0690,-0.0339,208.1390,164.8196,0.0000,0.0653,0.0653,-0.0514,0.0000,0.0000,-0.0205,-0.0082,0.0000
0.0530,1.0028,1.0000,-0.0606,-0.0284,208.2122,164.7811,0.0000,0.0580,0.0580,-0.0406,0.0000,0.0000,-0.0171,-0.0069,0.0000
0.2004,0.8948,1.0000,-0.0522,-0.0284,208.3002,164.7372,0.0000,0.0576,0.0576,-0.0450,0.0000,0.0000,-0.0171,-0.0069,0.0000
0.2000,0.8209,1.0000,-0.0438,-0.0284,208.3731,164.7003,0.0000,0.0564,0.0564,-0.0498,0.0000,0.0000,-0.0171,-0.0069,0.0000
0.0812,0.9740,1.0000,-0.0354,-0.0284,208.4489,164.6562,0.0000,0.0443,0.0443,-0.0542,0.0000,0.0000,-0.0171,-0.0069,0.0000
0.2000,0.8102,1.0000,-0.0270,-0.0284,208.5356,164.6169,0.0000,0.0505,0.0505,-0.0575,0.0000,0.0000,-0.0171,-0.0069,0.0000
0.1842,0.8692,1.0000,-0.0186,-0.0284,208.6176,164.5761,0.0000,0.0470,0.0470,-0.0605,0.0000,0.0000,-0.0171,-0.0069,0.0000
0.1054,0.9427,1.0000,-0.0102,-0.0284,208.7017,164.5382,0.0000,0.0469,0.0469,-0.0624,0.0000,0.0000,-0.0171,-0.0069,0.0000
0.1529,0.9073,1.0000,-0.0132,-0.0393,208.7810,164.5021,0.0000,0.0501,0.0501,-0.0442,0.0000,0.0000,-0.0237,-0.0095,0.0000
0.1417,0.9143,1.0000,-0.0077,-0.0393,208.8681,164.4664,0.0000,0.0578,0.0578,-0.0452,0.0000,0.0000,-0.0237,-0.0095,0.0000
0.2001,0.8627,1.0000,-0.0124,-0.0393,208.9616,164.4200,0.0000,0.0604,0.0604,-0.0458,0.0000,0.0000,-0.0237,-0.0095,0.0000
0.1248,0.9320,1.0000,-0.0040,-0.0393,209.0558,164.3672,0.0000,0.0549,0.0549,-0.0467,0.0000,0.0000,-0.0237,-0.0095,0.0000
-0.0048,1.0349,1.0000,0.0011,-0.0393,209.1399,164.3291,0.0000,0.0570,0.0570,-0.0473,0.0000,0.0000,-0.0237,-0.0095,0.0000
-0.1028,1.0709,1.0000,-0.0010,-0.0393,209.2335,164.2796,0.0000,0.0549,0.0549,-0.0476,0.0000,0.0000,-0.0237,-0.0095,0.0000
0.0972,0.9146,1.0000,-0.0094,-0.0393,209.3218,164.2366,0.0000,0.0611,0.0611,-0.0475,0.0000,0.0000,-0.0237,-0.0095,0.0000
-0.0310,1.0497,1.0000,-0.0130,-0.0344,209.4064,164.2067,0.0000,0.0709,0.0709,-0.0355,0.0000,0.0000,-0.0208,-0.0083,0.0000
0.0140,0.9733,1.0000,-0.0214,-0.0344,209.4919,164.1677,0.0000,0.0779,0.0779,-0.0361,0.0000,0.0000,-0.0208,-0.0083,0.0000
0.2000,0.8892,1.0000,-0.0298,-0.0344,209.5772,164.1177,0.0000,0.0760,0.0760,-0.0349,0.0000,0.0000,-0.0208,-0.0083,0.0000
0.2000,0.9314,1.0000,-0.0382,-0.0344,209.6642,164.0777,0.0000,0.0798,0.0798,-0.0377,0.0000,0.0000,-0.0208,-0.0083,0.0000
0.1305,0.9802,1.0000,-0.0466,-0.0353,209.7404,164.0299,0.0000,0.0723,0.0723,-0.0384,0.0000,0.0000,-0.0213,-0.0085,0.0000
0.0868,0.9475,1.0000,-0.0382,-0.0353,209.8198,163.9863,0.0000,0.0705,0.0705,-0.0413,0.0000,0.0000,-0.0213,-0.0085,0.0000
0.1881,0.8923,1.0000,-0.0466,-0.0353,209.9055,163.9531,0.0000,0.0814,0.0814,-0.0443,0.0000,0.0000,-0.0213,-0.0085,0.0000
0.1497,0.8977,1.0000,-0.0382,-0.0161,209.9913,163.9040,0.0000,0.0774,0.0774,-0.0144,0.0000,0.0000,-0.0097,-0.0039,0.0000
0.1517,0.9089,1.0000,-0.0466,-0.0161,210.0742,163.8562,0.0000,0.0762,0.0762,-0.0172,0.0000,0.0000,-0.0097,-0.0039,0.0000
0.1072,0.9805,1.0000,-0.0550,-0.0161,210.1431,163.8072,0.0000,0.0669,0.0669,-0.0186,0.0000,0.0000,-0.0097,-0.0039,0.0000
0.1336,0.9484,1.0000,-0.0634,-0.0161,210.2284,163.7738,0.0000,0.0789,0.0789,-0.0229,0.0000,0.0000,-0.0097,-0.0039,0.0000
0.2004,0.8387,1.0000,-0.0703,-0.0161,210.3092,163.7251,0.0000,0.0772,0.0772,-0.0259,0.0000,0.0000,-0.0097,-0.0039,0.0000
0.1524,0.9044,1.0000,-0.0651,-0.0161,210.3923,163.6831,0.0000,0.0802,0.0802,-0.0291,0.0000,0.0000,-0.0097,-0.0039,0.0000
0.1161,0.9352,1.0000,-0.0567,-0.0161,210.4720,163.6365,0.0000,0.0775,0.0775,-0.0329,0.0000,0.0000,-0.0097,-0.0039,0.0000
0.1094,0.9218,1.0000,-0.0484,-0.0161,210.5548,163.5947,0.0000,0.0811,0.0811,-0.0370,0.0000,0.0000,-0.0097,-0.0039,0.0000
0.1212,0.9157,1.0000,-0.0407,-0.0168,210.6403,163.5388,0.0000,0.0738,0.0738,-0.0425,0.0000,0.0000,-0.0101,-0.0041,0.0000
0.1148,0.9173,1.0000,-0.0323,-0.0168,210.7256,163.4980,0.0000,0.0795,0.0795,-0.0459,0.0000,0.0000,-0.0101,-0.0041,0.0000
0.0155,1.0136,1.0000,-0.0239,-0.0168,210.7963,163.4575,0.0000,0.0755,0.0755,-0.0499,0.0000,0.0000,-0.0101,-0.0041,0.0000
0.1287,0.9349,1.0000,-0.0155,-0.0168,210.8787,163.4043,0.0000,0.0711,0.0711,-0.0527,0.0000,0.0000,-0.0101,-0.0041,0.0000
0.2000,0.8076,1.0000,-0.0071,-0.0168,210.9650,163.3566,0.0000,0.0755,0.0755,-0.0543,0.0000,0.0000,-0.0101,-0.0041,0.0000
0.0823,0.9724,1.0000,0.0013,-0.0168,211.0483,163.3120,0.0000,0.0735,0.0735,-0.0552,0.0000,0.0000,-0.0101,-0.0041,0.0000
0.0485,0.9766,1.0000,0.0097,-0.0168,211.1329,163.2653,0.0000,0.0745,0.0745,-0.0564,0.0000,0.0000,-0.0101,-0.0041,0.0000
0.1374,0.9366,1.0000,0.0013,-0.0957,211.2229,163.2107,0.0000,0.0726,0.0726,-0.0641,0.0000,0.0000,-0.0578,-0.0231,0.0000
0.0808,0.9584,1.0000,-0.0071,-0.0957,211.3122,163.1646,0.0000,0.0760,0.0760,-0.0635,0.0000,0.0000,-0.0578,-0.0231,0.0000
-0.0367,1.0429,1.0000,-0.0155,-0.0957,211.3932,163.1154,0.0000,0.0715,0.0715,-0.0615,0.0000,0.0000,-0.0578,-0.0231,0.0000
-0.0112,0.9968,1.0000,-0.0239,-0.0957,211.4737,163.0752,0.0000,0.0779,0.0779,-0.0607,0.0000,0.0000,-0.0578,-0.0231,0.0000
0.0596,0.9405,1.0000,-0.0322,-0.0957,211.5579,163.0395,0.0000,0.0895,0.0895,-0.0617,0.0000,0.0000,-0.0578,-0.0231,0.0000
0.1828,0.8916,1.0000,-0.0406,-0.0957,211.6324,163.0006,0.0000,0.0931,0.0931,-0.0632,0.0000,0.0000,-0.0578,-0.0231,0.0000
0.2001,0.9060,1.0000,-0.0490,-0.0957,211.7153,162.9505,0.0000,0.0890,0.0890,-0.0652,0.0000,0.0000,-0.0578,-0.0231,0.0000
0.2000,0.8330,1.0000,-0.0445,-0.0957,211.7927,162.9021,0.0000,0.0863,0.0863,-0.0677,0.0000,0.0000,-0.0578,-0.0231,0.0000
0.0939,0.9594,1.0000,-0.0361,-0.0786,211.8685,162.8609,0.0000,0.0856,0.0856,-0.0437,0.0000,0.0000,-0.0475,-0.0190,0.0000
0.1748,0.9054,1.0000,-0.0445,-0.0786,211.9478,162.8116,0.0000,0.0835,0.0835,-0.0482,0.0000,0.0000,-0.0475,-0.0190,0.0000
0.2002,0.8540,1.0000,-0.0527,-0.0786,212.0223,162.7539,0.0000,0.0727,0.0727,-0.0508,0.0000,0.0000,-0.0475,-0.0190,0.0000
0.2001,0.9250,1.0000,-0.0443,0.0191,212.1052,162.7105,0.0000,0.0748,0.0748,-0.0546,0.0000,0.0000,0.0115,0.0046,0.0000
0.1239,0.9350,1.0000,-0.0359,0.0191,212.1905,162.6621,0.0000,0.0756,0.0756,-0.0579,0.0000,0.0000,0.0115,0.0046,0.0000
0.1068,0.9259,1.0000,-0.0275,0.0191,212.2729,162.6095,0.0000,0.0717,0.0717,-0.0616,0.0000,0.0000,0.0115,0.0046,0.0000
0.0588,0.9710,1.0000,-0.0191,0.0199,212.3551,162.5412,0.0000,0.0532,0.0532,-0.0620,0.0000,0.0000,0.0120,0.0048,0.0000
0.0492,0.9685,1.0000,-0.0107,0.0199,212.4367,162.4942,0.0000,0.0531,0.0531,-0.0667,0.0000,0.0000,0.0120,0.0048,0.0000
-0.0510,1.0607,1.0000,-0.0023,0.0199,212.5149,162.4435,0.0000,0.0462,0.0462,-0.0686,0.0000,0.0000,0.0120,0.0048,0.0000
0.0518,0.9322,1.0000,0.0061,0.0199,212.6003,162.3957,0.0000,0.0540,0.0540,-0.0687,0.0000,0.0000,0.0120,0.0048,0.0000
0.1370,0.9231,1.0000,0.0145,0.0199,212.6821,162.3412,0.0000,0.0501,0.0501,-0.0688,0.0000,0.0000,0.0120,0.0048,0.0000
0.0650,0.9710,1.0000,0.0229,0.0199,212.7560,162.2937,0.0000,0.0470,0.0470,-0.0671,0.0000,0.0000,0.0120,0.0048,0.0000
0.0456,0.9738,1.0000,0.0313,0.0199,212.8319,162.2537,0.0000,0.0510,0.0510,-0.0691,0.0000,0.0000,0.0120,0.0048,0.0000
0.1796,0.8711,1.0000,0.0397,0.0199,212.9054,162.1983,0.0000,0.0455,0.0455,-0.0686,0.0000,0.0000,0.0120,0.0048,0.0000
0.2000,0.8504,1.0000,0.0481,0.0214,212.9950,162.1555,0.0000,0.0568,0.0568,-0.0634,0.0000,0.0000,0.0129,0.0052,0.0000
0.1401,0.9117,1.0000,0.0565,0.0214,213.0710,162.1109,0.0000,0.0572,0.0572,-0.0621,0.0000,0.0000,0.0129,0.0052,0.0000
0.0516,0.9852,1.0000,0.0481,-0.0587,213.1473,162.0623,0.0000,0.0542,0.0542,-0.0601,0.0000,0.0000,-0.0354,-0.0142,0.0000
0.2006,0.8747,1.0000,0.0397,-0.0587,213.2288,162.0088,0.0000,0.0557,0.0557,-0.0573,0.0000,0.0000,-0.0354,-0.0142,0.0000
0.1697,0.8973,1.0000,0.0313,-0.0587,213.3029,161.9620,0.0000,0.0556,0.0556,-0.0534,0.0000,0.0000,-0.0354,-0.0142,0.0000
0.0856,0.9670,1.0000,0.0229,-0.0587,213.3786,161.9071,0.0000,0.0481,0.0481,-0.0501,0.0000,0.0000,-0.0354,-0.0142,0.0000
0.1998,0.8702,1.0000,0.0145,-0.0587,213.4616,161.8554,0.0000,0.0512,0.0512,-0.0467,0.0000,0.0000,-0.0354,-0.0142,0.0000
0.1319,0.9265,1.0000,0.0229,0.0177,213.5525,161.8114,0.0000,0.0702,0.0702,0.0345,0.0000,0.0000,0.0107,0.0043,0.0000
0.0648,0.9698,1.0000,0.0313,0.0785,213.6350,161.7675,0.0000,0.0849,0.0849,0.0363,0.0000,0.0000,0.0474,0.0190,0.0000
0.0188,1.0030,1.0000,0.0229,0.0785,213.7179,161.7207,0.0000,0.0971,0.0971,0.0378,0.0000,0.0000,0.0474,0.0190,0.0000
0.1110,0.9275,1.0000,0.0145,0.0785,213.7933,161.6582,0.0000,0.0911,0.0911,0.0410,0.0000,0.0000,0.0474,0.0190,0.0000
0.0865,0.9440,1.0000,0.0061,0.0785,213.8775,161.6070,0.0000,0.1008,0.1008,0.0436,0.0000,0.0000,0.0474,0.0190,0.0000
0.0563,0.9696,1.0000,-0.0023,0.0785,213.9760,161.5629,0.0000,0.1242,0.1242,0.0449,0.0000,0.0000,0.0474,0.0190,0.0000
0.0392,0.9777,1.0000,-0.0107,-0.0192,214.0716,161.5202,0.0000,0.1362,0.1362,-0.0578,0.0000,0.0000,-0.0116,-0.0046,0.0000
-0.1003,1.0710,1.0000,-0.0191,-0.0450,214.1538,161.4789,0.0000,0.1387,0.1387,-0.0583,0.0000,0.0000,-0.0271,-0.0109,0.0000
-0.0671,1.0384,1.0000,-0.0275,-0.0450,214.2401,161.4334,0.0000,0.1432,0.1432,-0.0592,0.0000,0.0000,-0.0271,-0.0109,0.0000
0.0917,0.9112,1.0000,-0.0359,-0.0450,214.3259,161.3866,0.0000,0.1498,0.1498,-0.0586,0.0000,0.0000,-0.0271,-0.0109,0.0000
0.1082,0.9670,1.0000,-0.0438,-0.0450,214.4117,161.3274,0.0000,0.1394,0.1394,-0.0599,0.0000,0.0000,-0.0271,-0.0109,0.0000
0.1097,0.9694,1.0000,-0.0522,-0.0450,214.4940,161.2794,0.0000,0.1382,0.1382,-0.0618,0.0000,0.0000,-0.0271,-0.0109,0.0000
-0.0051,1.0335,1.0000,-0.0438,0.0332,214.5806,161.2202,0.0000,0.1321,0.1321,0.0213,0.0000,0.0000,0.0200,0.0080,0.0000
0.0646,0.9442,1.0000,-0.0522,0.0332,214.6681,161.1766,0.0000,0.1436,0.1436,0.0173,0.0000,0.0000,0.0200,0.0080,0.0000
-0.0202,1.0399,1.0000,-0.0572,0.0367,214.7481,161.1279,0.0000,0.1483,0.1483,0.0136,0.0000,0.0000,0.0221,0.0088,0.0000
0.0229,0.9665,1.0000,-0.0656,0.0367,214.8359,161.0740,0.0000,0.1528,0.1528,0.0111,0.0000,0.0000,0.0221,0.0088,0.0000
0.1503,0.9280,1.0000,-0.0740,0.0367,214.9172,161.0132,0.0000,0.1475,0.1475,0.0072,0.0000,0.0000,0.0221,0.0088,0.0000
0.0174,1.0206,1.0000,-0.0757,0.0367,214.9962,160.9567,0.0000,0.1447,0.1447,0.0031,0.0000,0.0000,0.0221,0.0088,0.0000
-0.0011,1.0077,1.0000,-0.0726,0.0367,215.0788,160.9075,0.0000,0.1497,0.1497,-0.0010,0.0000,0.0000,0.0221,0.0088,0.0000
0.0345,0.9634,1.0000,-0.0810,-0.0477,215.1462,160.8549,0.0000,0.1402,0.1402,-0.0668,0.0000,0.0000,-0.0288,-0.0115,0.0000
0.0797,0.9522,1.0000,-0.0726,-0.0477,215.2244,160.8073,0.0000,0.1383,0.1383,-0.0718,0.0000,0.0000,-0.0288,-0.0115,0.0000
0.2001,0.8487,1.0000,-0.0642,-0.0477,215.2991,160.7500,0.0000,0.1297,0.1297,-0.0777,0.0000,0.0000,-0.0288,-0.0115,0.0000
0.1553,0.9065,1.0000,-0.0558,-0.0477,215.3637,160.6881,0.0000,0.1060,0.1060,-0.0828,0.0000,0.0000,-0.0288,-0.0115,0.0000
0.1055,0.9346,1.0000,-0.0474,-0.0477,215.4456,160.6338,0.0000,0.0986,0.0986,-0.0886,0.0000,0.0000,-0.0288,-0.0115,0.0000
0.2000,0.8912,1.0000,-0.0390,-0.0430,215.5232,160.5789,0.0000,0.0917,0.0917,-0.0940,0.0000,0.0000,-0.0259,-0.0104,0.0000
0.0806,0.9722,1.0000,-0.0306,-0.0210,215.6035,160.5125,0.0000,0.0716,0.0716,-0.0622,0.0000,0.0000,-0.0127,-0.0051,0.0000
0.0779,0.9427,1.0000,-0.0223,-0.0210,215.6885,160.4551,0.0000,0.0698,0.0698,-0.0660,0.0000,0.0000,-0.0127,-0.0051,0.0000
-0.0166,1.0337,1.0000,-0.0141,-0.0210,215.7743,160.3970,0.0000,0.0643,0.0643,-0.0688,0.0000,0.0000,-0.0127,-0.0051,0.0000
-0.0200,1.0161,1.0000,-0.0110,-0.0264,215.8581,160.3392,0.0000,0.0616,0.0616,-0.0715,0.0000,0.0000,-0.0159,-0.0064,0.0000
-0.0365,1.0267,1.0000,-0.0026,-0.0264,215.9405,160.2762,0.0000,0.0541,0.0541,-0.0717,0.0000,0.0000,-0.0159,-0.0064,0.0000
-0.0221,1.0092,1.0000,0.0057,-0.0264,216.0212,160.2214,0.0000,0.0528,0.0528,-0.0731,0.0000,0.0000,-0.0159,-0.0064,0.0000
-0.0512,1.0279,1.0000,0.0141,-0.0264,216.0797,160.1755,0.0000,0.0461,0.0461,-0.0731,0.0000,0.0000,-0.0159,-0.0064,0.0000
0.0134,0.9669,1.0000,0.0225,-0.0219,216.1733,160.1201,0.0000,0.0537,0.0537,-0.0687,0.0000,0.0000,-0.0132,-0.0053,0.0000
0.2000,0.7374,1.0000,0.0309,-0.0219,216.2496,160.0646,0.0000,0.0584,0.0584,-0.0672,0.0000,0.0000,-0.0132,-0.0053,0.0000
-0.0001,1.0775,1.0000,0.0393,-0.0219,216.3167,160.0209,0.0000,0.0487,0.0487,-0.0657,0.0000,0.0000,-0.0132,-0.0053,0.0000
0.0841,0.9361,1.0000,0.0477,-0.0219,216.3976,159.9627,0.0000,0.0507,0.0507,-0.0641,0.0000,0.0000,-0.0132,-0.0053,0.0000
0.2000,0.7938,1.0000,0.0561,-0.0219,216.4780,159.9117,0.0000,0.0580,0.0580,-0.0633,0.0000,0.0000,-0.0132,-0.0053,0.0000
0.0759,0.9894,1.0000,0.0611,-0.0219,216.5517,159.8681,0.0000,0.0576,0.0576,-0.0611,0.0000,0.0000,-0.0132,-0.0053,0.0000
0.1001,0.9434,1.0000,0.0527,-0.0219,216.6256,159.8267,0.0000,0.0673,0.0673,-0.0577,0.0000,0.0000,-0.0132,-0.0053,0.0000
0.2000,0.8505,1.0000,0.0443,-0.0219,216.7060,159.7721,0.0000,0.0707,0.0707,-0.0544,0.0000,0.0000,-0.0132,-0.0053,0.0000
0.2004,0.8418,1.0000,0.0359,-0.0271,216.7860,159.7227,0.0000,0.0755,0.0755,-0.0599,0.0000,0.0000,-0.0163,-0.0065,0.0000
0.1159,0.9649,1.0000,0.0275,-0.0271,216.8685,159.6750,0.0000,0.0790,0.0790,-0.0561,0.0000,0.0000,-0.0163,-0.0065,0.0000
0.1665,0.9337,1.0000,0.0191,-0.0271,216.9430,159.6174,0.0000,0.0736,0.0736,-0.0539,0.0000,0.0000,-0.0163,-0.0065,0.0000
0.1782,0.9471,1.0000,0.0125,-0.0254,217.0170,159.5693,0.0000,0.0747,0.0747,-0.0515,0.0000,0.0000,-0.0153,-0.0061,0.0000
0.2000,0.9339,1.0000,0.0043,-0.0254,217.0904,159.5247,0.0000,0.0789,0.0789,-0.0497,0.0000,0.0000,-0.0153,-0.0061,0.0000
0.1997,0.8759,1.0000,-0.0041,-0.0254,217.1757,159.4781,0.0000,0.0881,0.0881,-0.0499,0.0000,0.0000,-0.0153,-0.0061,0.0000
0.0954,0.9625,1.0000,0.0043,-0.0073,217.2468,159.4264,0.0000,0.0830,0.0830,-0.0103,0.0000,0.0000,-0.0044,-0.0018,0.0000
0.0652,0.9625,1.0000,-0.0041,-0.0073,217.3306,159.3777,0.0000,0.0914,0.0914,-0.0113,0.0000,0.0000,-0.0044,-0.0018,0.0000
0.2000,0.8726,1.0000,-0.0125,-0.0073,217.4017,159.3273,0.0000,0.0924,0.0924,-0.0107,0.0000,0.0000,-0.0044,-0.0018,0.0000
0.1018,0.9594,1.0000,-0.0209,-0.0073,217.4849,159.2837,0.0000,0.1044,0.1044,-0.0113,0.0000,0.0000,-0.0044,-0.0018,0.0000
0.1996,0.8650,1.0000,-0.0293,-0.0073,217.5651,159.2312,0.0000,0.1083,0.1083,-0.0121,0.0000,0.0000,-0.0044,-0.0018,0.0000
0.1998,0.9301,1.0200,-0.0368,-0.0064,217.6380,159.1761,0.0000,0.1046,0.1046,-0.0136,0.0000,0.0000,-0.0038,-0.0015,0.0000
0.2000,0.9504,1.0400,-0.0451,-0.0064,217.7200,159.1186,0.0000,0.1041,0.1041,-0.0157,0.0000,0.0000,-0.0038,-0.0015,0.0000
0.1999,0.9061,1.0600,-0.0535,-0.0064,217.7900,159.0658,0.0000,0.1011,0.1011,-0.0178,0.0000,0.0000,-0.0038,-0.0015,0.0000
0.2000,0.9930,1.0800,-0.0545,-0.0091,217.8634,159.0123,0.0000,0.0971,0.0971,-0.0336,0.0000,0.0000,-0.0055,-0.0022,0.0000
0.1999,0.8694,1.1000,-0.0461,-0.0091,217.9372,158.9628,0.0000,0.0992,0.0992,-0.0364,0.0000,0.0000,-0.0055,-0.0022,0.0000
0.2000,0.9001,1.1200,-0.0378,-0.0091,218.0116,158.9054,0.0000,0.0921,0.0921,-0.0403,0.0000,0.0000,-0.0055,-0.0022,0.0000
0.2000,0.8809,1.1400,-0.0294,-0.0091,218.0835,158.8467,0.0000,0.0840,0.0840,-0.0427,0.0000,0.0000,-0.0055,-0.0022,0.0000
0.2000,0.9320,1.1600,-0.0210,-0.0091,218.1632,158.7974,0.0000,0.0862,0.0862,-0.0460,0.0000,0.0000,-0.0055,-0.0022,0.0000
0.2000,0.9212,1.1800,-0.0126,-0.0091,218.2400,158.7427,0.0000,0.0839,0.0839,-0.0488,0.0000,0.0000,-0.0055,-0.0022,0.0000
0.2000,0.9275,1.2000,-0.0042,-0.0091,218.3222,158.6947,0.0000,0.0901,0.0901,-0.0508,0.0000,0.0000,-0.0055,-0.0022,0.0000
0.2000,0.9341,1.2200,0.0042,-0.0091,218.3989,158.6497,0.0000,0.0957,0.0957,-0.0527,0.0000,0.0000,-0.0055,-0.0022,0.0000
0.1999,0.9421,1.2368,0.0090,-0.0026,218.4748,158.5825,0.0000,0.0846,0.0846,-0.0400,0.0000,0.0000,-0.0016,-0.0006,0.0000
0.2000,0.8805,1.2568,0.0075,-0.0026,218.5625,158.5309,0.0000,0.0942,0.0942,-0.0411,0.0000,0.0000,-0.0016,-0.0006,0.0000
0.2000,1.0061,1.2698,0.0070,-0.0026,218.6467,158.4634,0.0000,0.0862,0.0862,-0.0395,0.0000,0.0000,-0.0016,-0.0006,0.0000
0.1998,1.0075,1.2816,0.0061,-0.0026,218.7365,158.4007,0.0000,0.0876,0.0876,-0.0386,0.0000,0.0000,-0.0016,-0.0006,0.0000
0.2000,1.0695,1.2922,-0.0000,-0.0026,218.8211,158.3394,0.0000,0.0852,0.0852,-0.0391,0.0000,0.0000,-0.0016,-0.0006,0.0000
0.2000,1.0861,1.3017,-0.0072,-0.0013,218.9144,158.2785,0.0000,0.0901,0.0901,-0.0201,0.0000,0.0000,-0.0008,-0.0003,0.0000
0.2000,1.0359,1.3103,-0.0155,-0.0013,219.0095,158.2138,0.0000,0.0956,0.0956,-0.0190,0.0000,0.0000,-0.0008,-0.0003,0.0000
0.2000,1.1047,1.3180,-0.0239,-0.0013,219.0938,158.1491,0.0000,0.0929,0.0929,-0.0193,0.0000,0.0000,-0.0008,-0.0003,0.0000
0.2000,1.1411,1.3250,-0.0323,-0.0013,219.1898,158.0817,0.0000,0.0951,0.0951,-0.0198,0.0000,0.0000,-0.0008,-0.0003,0.0000
0.2000,1.0538,1.3312,-0.0407,-0.0013,219.2819,158.0280,0.0000,0.1060,0.1060,-0.0223,0.0000,0.0000,-0.0008,-0.0003,0.0000
0.2000,1.1625,1.3368,-0.0490,-0.0013,219.3747,157.9565,0.0000,0.1013,0.1013,-0.0244,0.0000,0.0000,-0.0008,-0.0003,0.0000
0.2000,1.0557,1.3419,-0.0443,-0.0013,219.4630,157.8892,0.0000,0.0995,0.0995,-0.0271,0.0000,0.0000,-0.0008,-0.0003,0.0000
-0.2000,1.1617,1.3077,-0.0359,0.0007,219.5663,157.8229,0.0000,0.1018,0.1018,-0.0403,0.0000,0.0000,0.0004,0.0002,0.0000
-0.2000,1.1000,1.2769,-0.0275,0.0007,219.6645,157.7513,0.0000,0.1008,0.1008,-0.0438,0.0000,0.0000,0.0004,0.0002,0.0000
-0.2000,1.2148,1.2493,-0.0191,0.0007,219.7631,157.6732,0.0000,0.0899,0.0899,-0.0488,0.0000,0.0000,0.0004,0.0002,0.0000
-0.2000,1.2046,1.2243,-0.0108,0.0007,219.8634,157.5978,0.0000,0.0858,0.0858,-0.0524,0.0000,0.0000,0.0004,0.0002,0.0000
-0.2000,1.2470,1.2019,-0.0024,0.0037,219.9606,157.5197,0.0000,0.0780,0.0780,-0.0480,0.0000,0.0000,0.0022,0.0009,0.0000
-0.2000,1.2435,1.1817,0.0060,0.0037,220.0560,157.4433,0.0000,0.0718,0.0718,-0.0500,0.0000,0.0000,0.0022,0.0009,0.0000
-0.2000,1.2362,1.1635,0.0144,0.0037,220.1598,157.3717,0.0000,0.0746,0.0746,-0.0518,0.0000,0.0000,0.0022,0.0009,0.0000
-0.2000,1.2120,1.1472,0.0226,0.0037,220.2551,157.2978,0.0000,0.0725,0.0725,-0.0511,0.0000,0.0000,0.0022,0.0009,0.0000
-0.2000,1.2494,1.1325,0.0303,0.0037,220.3535,157.2261,0.0000,0.0724,0.0724,-0.0504,0.0000,0.0000,0.0022,0.0009,0.0000
-0.2000,1.1951,1.1192,0.0291,0.0037,220.4494,157.1578,0.0000,0.0760,0.0760,-0.0494,0.0000,0.0000,0.0022,0.0009,0.0000
-0.2000,1.2079,1.1073,0.0256,-0.0010,220.5490,157.0903,0.0000,0.0810,0.0810,-0.0533,0.0000,0.0000,-0.0006,-0.0002,0.0000
-0.2000,1.1678,1.0966,0.0175,-0.0010,220.6518,157.0193,0.0000,0.0866,0.0866,-0.0506,0.0000,0.0000,-0.0006,-0.0002,0.0000
-0.2000,1.1928,1.0869,0.0181,-0.0010,220.7430,156.9517,0.0000,0.0859,0.0859,-0.0487,0.0000,0.0000,-0.0006,-0.0002,0.0000
-0.2000,1.2398,1.0782,0.0097,-0.0010,220.8353,156.8916,0.0000,0.0920,0.0920,-0.0461,0.0000,0.0000,-0.0006,-0.0002,0.0000
-0.2000,1.1258,1.0704,0.0013,-0.0010,220.9329,156.8270,0.0000,0.1001,0.1001,-0.0452,0.0000,0.0000,-0.0006,-0.0002,0.0000
-0.1873,1.0936,1.0634,-0.0071,-0.0010,221.0236,156.7675,0.0000,0.1067,0.1067,-0.0437,0.0000,0.0000,-0.0006,-0.0002,0.0000
-0.1998,1.1607,1.0570,-0.0153,-0.0010,221.1085,156.7096,0.0000,0.1090,0.1090,-0.0426,0.0000,0.0000,-0.0006,-0.0002,0.0000
-0.1179,1.0763,1.0513,-0.0175,0.0052,221.2030,156.6395,0.0000,0.1108,0.1108,-0.0245,0.0000,0.0000,0.0031,0.0012,0.0000
-0.0459,1.0190,1.0462,-0.0259,0.0052,221.2835,156.5843,0.0000,0.1155,0.1155,-0.0252,0.0000,0.0000,0.0031,0.0012,0.0000
-0.1655,1.1661,1.0416,-0.0343,0.0052,221.3714,156.5299,0.0000,0.1223,0.1223,-0.0265,0.0000,0.0000,0.0031,0.0012,0.0000
0.0012,0.9683,1.0374,-0.0427,0.0052,221.4584,156.4803,0.0000,0.1372,0.1372,-0.0275,0.0000,0.0000,0.0031,0.0012,0.0000
-0.0125,1.0235,1.0337,-0.0510,0.0052,221.5400,156.4155,0.0000,0.1326,0.1326,-0.0298,0.0000,0.0000,0.0031,0.0012,0.0000
0.0081,0.9923,1.0303,-0.0594,0.0052,221.6205,156.3646,0.0000,0.1400,0.1400,-0.0316,0.0000,0.0000,0.0031,0.0012,0.0000
-0.0212,1.0332,1.0273,-0.0678,0.0052,221.6944,156.3054,0.0000,0.1349,0.1349,-0.0346,0.0000,0.0000,0.0031,0.0012,0.0000
0.0884,0.9429,1.0245,-0.0631,0.0052,221.7737,156.2452,0.0000,0.1338,0.1338,-0.0396,0.0000,0.0000,0.0031,0.0012,0.0000
0.0894,0.9392,1.0221,-0.0584,0.0014,221.8443,156.1846,0.0000,0.1265,0.1265,-0.0455,0.0000,0.0000,0.0009,0.0003,0.0000
0.0413,0.9872,1.0199,-0.0500,0.0014,221.9290,156.1315,0.0000,0.1308,0.1308,-0.0511,0.0000,0.0000,0.0009,0.0003,0.0000
0.1524,0.9221,1.0179,-0.0417,0.0014,221.9969,156.0702,0.0000,0.1223,0.1223,-0.0550,0.0000,0.0000,0.0009,0.0003,0.0000
0.0564,0.9878,1.0161,-0.0334,0.0014,222.0753,156.0094,0.0000,0.1164,0.1164,-0.0599,0.0000,0.0000,0.0009,0.0003,0.0000
0.2000,0.9086,1.0145,-0.0250,0.0014,222.1400,155.9530,0.0000,0.1112,0.1112,-0.0624,0.0000,0.0000,0.0009,0.0003,0.0000
0.0730,0.9828,1.0130,-0.0167,0.0014,222.2074,155.8903,0.0000,0.0978,0.0978,-0.0653,0.0000,0.0000,0.0009,0.0003,0.0000
0.2000,0.8508,1.0117,-0.0083,0.0014,222.2731,155.8362,0.0000,0.0972,0.0972,-0.0674,0.0000,0.0000,0.0009,0.0003,0.0000
0.1406,0.9131,1.0106,0.0001,0.0014,222.3475,155.7824,0.0000,0.0957,0.0957,-0.0695,0.0000,0.0000,0.0009,0.0003,0.0000
0.2000,0.8445,1.0095,0.0085,0.0028,222.4172,155.7216,0.0000,0.0905,0.0905,-0.0772,0.0000,0.0000,0.0017,0.0007,0.0000
0.1442,0.9092,1.0086,0.0169,0.0028,222.4870,155.6674,0.0000,0.0855,0.0855,-0.0778,0.0000,0.0000,0.0017,0.0007,0.0000
0.1233,0.9160,1.0077,0.0253,0.0028,222.5589,155.6099,0.0000,0.0817,0.0817,-0.0776,0.0000,0.0000,0.0017,0.0007,0.0000
0.1951,0.8768,1.0069,0.0337,0.0028,222.6257,155.5528,0.0000,0.0771,0.0771,-0.0775,0.0000,0.0000,0.0017,0.0007,0.0000
0.1393,0.9125,1.0062,0.0421,0.0028,222.7035,155.4936,0.0000,0.0748,0.0748,-0.0764,0.0000,0.0000,0.0017,0.0007,0.0000
0.1937,0.8719,1.0056,0.0505,0.0028,222.7725,155.4430,0.0000,0.0772,0.0772,-0.0749,0.0000,0.0000,0.0017,0.0007,0.0000
0.0836,0.9685,1.0051,0.0589,0.0028,222.8390,155.3872,0.0000,0.0691,0.0691,-0.0729,0.0000,0.0000,0.0017,0.0007,0.0000
0.2000,0.8497,1.0045,0.0673,0.0028,222.9087,155.3346,0.0000,0.0735,0.0735,-0.0707,0.0000,0.0000,0.0017,0.0007,0.0000
0.2000,0.8603,1.0041,0.0732,0.0006,222.9855,155.2857,0.0000,0.0800,0.0800,-0.0768,0.0000,0.0000,0.0004,0.0001,0.0000
0.1999,0.8666,1.0037,0.0802,0.0006,223.0595,155.2326,0.0000,0.0814,0.0814,-0.0738,0.0000,0.0000,0.0004,0.0001,0.0000
0.1808,0.9045,1.0033,0.0755,0.0006,223.1355,155.1747,0.0000,0.0793,0.0793,-0.0702,0.0000,0.0000,0.0004,0.0001,0.0000
0.1769,0.9040,1.0030,0.0676,0.0006,223.2037,155.1186,0.0000,0.0760,0.0760,-0.0657,0.0000,0.0000,0.0004,0.0001,0.0000
0.1756,0.9482,1.0027,0.0592,0.0006,223.2722,155.0713,0.0000,0.0785,0.0785,-0.0612,0.0000,0.0000,0.0004,0.0001,0.0000
0.1987,0.8764,1.0024,0.0509,0.0006,223.3479,155.0251,0.0000,0.0895,0.0895,-0.0570,0.0000,0.0000,0.0004,0.0001,0.0000
0.2001,0.8276,1.0022,0.0425,0.0006,223.4299,154.9724,0.0000,0.0978,0.0978,-0.0535,0.0000,0.0000,0.0004,0.0001,0.0000
0.1714,0.8816,1.0020,0.0382,0.0047,223.5096,154.9226,0.0000,0.1041,0.1041,-0.0366,0.0000,0.0000,0.0029,0.0011,0.0000
0.0762,0.9692,1.0018,0.0298,0.0047,223.5928,154.8715,0.0000,0.1126,0.1126,-0.0337,0.0000,0.0000,0.0029,0.0011,0.0000
0.1106,0.9333,1.0016,0.0214,0.0047,223.6642,154.8227,0.0000,0.1178,0.1178,-0.0316,0.0000,0.0000,0.0029,0.0011,0.0000
0.0603,0.9700,1.0014,0.0130,0.0047,223.7345,154.7697,0.0000,0.1182,0.1182,-0.0285,0.0000,0.0000,0.0029,0.0011,0.0000
0.2001,0.8580,1.0013,0.0047,0.0047,223.8205,154.7229,0.0000,0.1344,0.1344,-0.0270,0.0000,0.0000,0.0029,0.0011,0.0000
0.1799,0.8734,1.0012,-0.0037,0.0047,223.8969,154.6733,0.0000,0.1407,0.1407,-0.0258,0.0000,0.0000,0.0029,0.0011,0.0000
0.0758,0.9722,1.0010,-0.0121,0.0047,223.9715,154.6164,0.0000,0.1389,0.1389,-0.0248,0.0000,0.0000,0.0029,0.0011,0.0000
0.1760,0.9031,1.0009,-0.0205,0.0047,224.0516,154.5633,0.0000,0.1451,0.1451,-0.0247,0.0000,0.0000,0.0029,0.0011,0.0000
0.1319,0.9304,1.0008,-0.0289,-0.0101,224.1355,154.5077,0.0000,0.1492,0.1492,-0.0413,0.0000,0.0000,-0.0061,-0.0024,0.0000
0.0814,0.9533,1.0008,-0.0373,-0.0101,224.2202,154.4482,0.0000,0.1494,0.1494,-0.0426,0.0000,0.0000,-0.0061,-0.0024,0.0000
0.0285,0.9969,1.0007,-0.0457,-0.0101,224.3040,154.3906,0.0000,0.1500,0.1500,-0.0442,0.0000,0.0000,-0.0061,-0.0024,0.0000
-0.0141,1.0265,1.0006,-0.0540,-0.0101,224.3825,154.3340,0.0000,0.1484,0.1484,-0.0461,0.0000,0.0000,-0.0061,-0.0024,0.0000
-0.0119,1.0079,1.0006,-0.0624,-0.0101,224.4667,154.2755,0.0000,0.1487,0.1487,-0.0498,0.0000,0.0000,-0.0061,-0.0024,0.0000
0.0353,0.9583,1.0005,-0.0673,-0.0101,224.5496,154.2169,0.0000,0.1492,0.1492,-0.0534,0.0000,0.0000,-0.0061,-0.0024,0.0000
-0.0028,1.0161,1.0004,-0.0589,-0.0101,224.6244,154.1544,0.0000,0.1392,0.1392,-0.0563,0.0000,0.0000,-0.0061,-0.0024,0.0000
-0.0054,1.0052,1.0004,-0.0519,-0.0114,224.7048,154.0991,0.0000,0.1386,0.1386,-0.0662,0.0000,0.0000,-0.0069,-0.0027,0.0000
0.0296,0.9663,1.0004,-0.0435,-0.0114,224.7836,154.0421,0.0000,0.1374,0.1374,-0.0702,0.0000,0.0000,-0.0069,-0.0027,0.0000
0.0394,0.9668,1.0003,-0.0351,-0.0114,224.8467,153.9990,0.0000,0.1379,0.1379,-0.0725,0.0000,0.0000,-0.0069,-0.0027,0.0000
0.0531,0.9623,1.0003,-0.0267,-0.0114,224.9268,153.9388,0.0000,0.1334,0.1334,-0.0772,0.0000,0.0000,-0.0069,-0.0027,0.0000
0.2000,0.7573,1.0003,-0.0183,-0.0114,224.9967,153.8661,0.0000,0.1222,0.1222,-0.0788,0.0000,0.0000,-0.0069,-0.0027,0.0000
0.0606,0.9921,1.0002,-0.0100,-0.0114,225.0773,153.8103,0.0000,0.1126,0.1126,-0.0823,0.0000,0.0000,-0.0069,-0.0027,0.0000
0.0195,1.0011,1.0002,-0.0016,-0.0114,225.1455,153.7556,0.0000,0.1069,0.1069,-0.0832,0.0000,0.0000,-0.0069,-0.0027,0.0000
0.0459,0.9700,1.0002,0.0068,-0.0114,225.2287,153.6995,0.0000,0.1096,0.1096,-0.0858,0.0000,0.0000,-0.0069,-0.0027,0.0000
0.2001,0.8665,1.0002,0.0081,-0.0148,225.3039,153.6418,0.0000,0.1111,0.1111,-0.0752,0.0000,0.0000,-0.0089,-0.0036,0.0000
0.0587,0.9937,1.0002,0.0164,-0.0148,225.3866,153.5837,0.0000,0.1085,0.1085,-0.0745,0.0000,0.0000,-0.0089,-0.0036,0.0000
0.1072,0.9400,1.0001,0.0108,-0.0148,225.4630,153.5212,0.0000,0.1055,0.1055,-0.0736,0.0000,0.0000,-0.0089,-0.0036,0.0000
0.0259,1.0025,1.0001,0.0191,-0.0148,225.5364,153.4636,0.0000,0.1004,0.1004,-0.0729,0.0000,0.0000,-0.0089,-0.0036,0.0000
0.0286,0.9786,1.0001,0.0256,-0.0148,225.6179,153.4030,0.0000,0.1008,0.1008,-0.0720,0.0000,0.0000,-0.0089,-0.0036,0.0000
0.1331,0.9249,1.0001,0.0172,-0.0148,225.6913,153.3542,0.0000,0.1069,0.1069,-0.0713,0.0000,0.0000,-0.0089,-0.0036,0.0000
0.0512,1.0069,1.0001,0.0088,-0.0148,225.7697,153.3003,0.0000,0.1075,0.1075,-0.0698,0.0000,0.0000,-0.0089,-0.0036,0.0000
0.1973,0.8742,1.0001,0.0004,-0.0148,225.8411,153.2492,0.0000,0.1138,0.1138,-0.0679,0.0000,0.0000,-0.0089,-0.0036,0.0000
0.1111,0.9435,1.0001,0.0064,-0.0157,225.9158,153.1942,0.0000,0.1109,0.1109,-0.0709,0.0000,0.0000,-0.0095,-0.0038,0.0000
0.2002,0.8723,1.0001,-0.0020,-0.0157,225.9875,153.1377,0.0000,0.1104,0.1104,-0.0695,0.0000,0.0000,-0.0095,-0.0038,0.0000
0.1401,0.9188,1.0001,0.0047,-0.0157,226.0609,153.0829,0.0000,0.1075,0.1075,-0.0696,0.0000,0.0000,-0.0095,-0.0038,0.0000
0.1474,0.9059,1.0001,0.0074,-0.0157,226.1352,153.0211,0.0000,0.1021,0.1021,-0.0685,0.0000,0.0000,-0.0095,-0.0038,0.0000
0.2000,0.9084,1.0000,-0.0010,-0.0157,226.2109,152.9760,0.0000,0.1097,0.1097,-0.0690,0.0000,0.0000,-0.0095,-0.0038,0.0000
0.0964,0.9578,1.0000,0.0065,-0.0157,226.2830,152.9180,0.0000,0.1038,0.1038,-0.0682,0.0000,0.0000,-0.0095,-0.0038,0.0000
0.1998,0.8732,1.0000,-0.0019,-0.0157,226.3703,152.8570,0.0000,0.1086,0.1086,-0.0682,0.0000,0.0000,-0.0095,-0.0038,0.0000
-0.0002,1.0564,1.0000,0.0065,0.0060,226.4309,152.8078,0.0000,0.0989,0.0989,-0.0574,0.0000,0.0000,0.0036,0.0014,0.0000
-0.0807,1.0564,1.0000,-0.0017,0.0060,226.5134,152.7456,0.0000,0.0982,0.0982,-0.0571,0.0000,0.0000,0.0036,0.0014,0.0000
0.1193,0.7736,1.0000,-0.0101,0.0060,226.5975,152.6889,0.0000,0.1107,0.1107,-0.0573,0.0000,0.0000,0.0036,0.0014,0.0000
0.0043,1.0250,1.0000,-0.0040,0.0060,226.6565,152.6434,0.0000,0.1027,0.1027,-0.0562,0.0000,0.0000,0.0036,0.0014,0.0000
-0.0028,1.0048,1.0000,-0.0088,0.0060,226.7370,152.5873,0.0000,0.1058,0.1058,-0.0571,0.0000,0.0000,0.0036,0.0014,0.0000
0.1971,0.7388,1.0000,-0.0016,0.0060,226.8191,152.5273,0.0000,0.1138,0.1138,-0.0576,0.0000,0.0000,0.0036,0.0014,0.0000
0.0873,0.9724,1.0000,-0.0017,0.0060,226.8772,152.4780,0.0000,0.1023,0.1023,-0.0572,0.0000,0.0000,0.0036,0.0014,0.0000
0.0168,1.0082,1.0000,-0.0088,0.0060,226.9580,152.4280,0.0000,0.1087,0.1087,-0.0583,0.0000,0.0000,0.0036,0.0014,0.0000
0.2000,0.7549,1.0000,-0.0032,0.0060,227.0288,152.3754,0.0000,0.1161,0.1161,-0.0579,0.0000,0.0000,0.0036,0.0014,0.0000
0.1118,0.9415,1.0000,0.0019,0.0026,227.1004,152.3161,0.0000,0.1048,0.1048,-0.0707,0.0000,0.0000,0.0016,0.0006,0.0000
0.1951,0.8752,1.0000,0.0103,0.0026,227.1784,152.2613,0.0000,0.1081,0.1081,-0.0713,0.0000,0.0000,0.0016,0.0006,0.0000
0.1357,0.9215,1.0000,0.0185,0.0026,227.2408,152.2057,0.0000,0.0981,0.0981,-0.0708,0.0000,0.0000,0.0016,0.0006,0.0000
0.0904,0.9451,1.0000,0.0269,0.0026,227.3254,152.1484,0.0000,0.1006,0.1006,-0.0705,0.0000,0.0000,0.0016,0.0006,0.0000
0.1999,0.8278,1.0000,0.0185,0.0026,227.4038,152.0952,0.0000,0.1074,0.1074,-0.0707,0.0000,0.0000,0.0016,0.0006,0.0000
0.0404,1.0134,1.0000,0.0263,0.0026,227.4736,152.0410,0.0000,0.0985,0.0985,-0.0691,0.0000,0.0000,0.0016,0.0006,0.0000
0.1195,0.9387,1.0000,0.0179,0.0026,227.5496,151.9923,0.0000,0.1069,0.1069,-0.0673,0.0000,0.0000,0.0016,0.0006,0.0000
0.1996,0.8770,1.0000,0.0095,0.0026,227.6348,151.9267,0.0000,0.1063,0.1063,-0.0659,0.0000,0.0000,0.0016,0.0006,0.0000
0.1627,0.8960,1.0000,0.0114,-0.0022,227.7078,151.8714,0.0000,0.1045,0.1045,-0.0651,0.0000,0.0000,-0.0013,-0.0005,0.0000
-0.0373,1.0663,1.0000,0.0030,-0.0022,227.8010,151.8151,0.0000,0.1077,0.1077,-0.0651,0.0000,0.0000,-0.0013,-0.0005,0.0000
0.1594,0.9086,1.0000,-0.0050,-0.0022,227.8801,151.7650,0.0000,0.1192,0.1192,-0.0636,0.0000,0.0000,-0.0013,-0.0005,0.0000
-0.0407,1.0793,1.0000,-0.0059,-0.0069,227.9561,151.6993,0.0000,0.1053,0.1053,-0.0627,0.0000,0.0000,-0.0041,-0.0017,0.0000
0.0890,0.9289,1.0000,-0.0143,-0.0069,228.0345,151.6532,0.0000,0.1186,0.1186,-0.0623,0.0000,0.0000,-0.0041,-0.0017,0.0000
0.0340,0.9955,1.0000,-0.0225,-0.0069,228.1206,151.5977,0.0000,0.1211,0.1211,-0.0637,0.0000,0.0000,-0.0041,-0.0017,0.0000
0.1911,0.9033,1.0000,-0.0141,-0.0069,228.1805,151.5327,0.0000,0.1073,0.1073,-0.0615,0.0000,0.0000,-0.0041,-0.0017,0.0000
0.0347,1.0145,1.0000,-0.0065,-0.0069,228.2673,151.4797,0.0000,0.1101,0.1101,-0.0645,0.0000,0.0000,-0.0041,-0.0017,0.0000
0.1723,0.8748,1.0000,-0.0071,-0.0069,228.3384,151.4240,0.0000,0.1104,0.1104,-0.0657,0.0000,0.0000,-0.0041,-0.0017,0.0000
0.0687,1.0061,1.0000,-0.0054,0.0033,228.4144,151.3599,0.0000,0.1011,0.1011,-0.0472,0.0000,0.0000,0.0020,0.0008,0.0000
0.2007,0.8947,1.0000,-0.0138,0.0033,228.4941,151.3102,0.0000,0.1115,0.1115,-0.0477,0.0000,0.0000,0.0020,0.0008,0.0000
0.1188,0.9860,1.0000,-0.0219,0.0033,228.5729,151.2569,0.0000,0.1136,0.1136,-0.0484,0.0000,0.0000,0.0020,0.0008,0.0000
0.1627,0.9304,1.0000,-0.0189,0.0150,228.6476,151.1955,0.0000,0.1106,0.1106,-0.0486,0.0000,0.0000,0.0091,0.0036,0.0000
0.1024,0.9437,1.0000,-0.0176,0.0150,228.7219,151.1404,0.0000,0.1103,0.1103,-0.0496,0.0000,0.0000,0.0091,0.0036,0.0000
0.0708,0.9582,1.0000,-0.0125,0.0150,228.7971,151.0879,0.0000,0.1123,0.1123,-0.0510,0.0000,0.0000,0.0091,0.0036,0.0000
0.1794,0.9173,1.0000,-0.0152,0.0150,228.8775,151.0304,0.0000,0.1145,0.1145,-0.0536,0.0000,0.0000,0.0091,0.0036,0.0000
0.1570,0.9085,1.0000,-0.0100,0.0150,228.9450,150.9728,0.0000,0.1090,0.1090,-0.0538,0.0000,0.0000,0.0091,0.0036,0.0000
0.1034,0.9791,1.0000,-0.0121,0.0215,229.0124,150.9278,0.0000,0.1122,0.1122,-0.0429,0.0000,0.0000,0.0130,0.0052,0.0000
0.1999,0.8798,1.0000,-0.0204,0.0215,229.0800,150.8649,0.0000,0.1052,0.1052,-0.0439,0.0000,0.0000,0.0130,0.0052,0.0000
0.2000,0.8028,1.0000,-0.0136,0.0215,229.1572,150.8078,0.0000,0.1086,0.1086,-0.0443,0.0000,0.0000,0.0130,0.0052,0.0000
0.1744,0.9158,1.0000,-0.0220,0.0215,229.2268,150.7606,0.0000,0.1108,0.1108,-0.0448,0.0000,0.0000,0.0130,0.0052,0.0000
0.0995,0.9517,1.0000,-0.0252,0.0135,229.3017,150.7002,0.0000,0.1072,0.1072,-0.0462,0.0000,0.0000,0.0081,0.0032,0.0000
0.1998,0.8330,1.0000,-0.0176,0.0135,229.3632,150.6409,0.0000,0.1001,0.1001,-0.0469,0.0000,0.0000,0.0081,0.0032,0.0000
0.1014,0.9546,1.0000,-0.0170,0.0135,229.4539,150.5863,0.0000,0.1081,0.1081,-0.0491,0.0000,0.0000,0.0081,0.0032,0.0000
0.2000,0.8472,1.0000,-0.0148,0.0135,229.5133,150.5342,0.0000,0.1052,0.1052,-0.0504,0.0000,0.0000,0.0081,0.0032,0.0000
0.0050,1.0481,1.0000,-0.0232,-0.0054,229.6071,150.4697,0.0000,0.1002,0.1002,-0.0885,0.0000,0.0000,-0.0033,-0.0013,0.0000
0.2000,0.7830,1.0000,-0.0148,-0.0054,229.6872,150.4054,0.0000,0.1063,0.1063,-0.0882,0.0000,0.0000,-0.0033,-0.0013,0.0000
-0.0001,1.1271,1.0000,-0.0064,-0.0054,229.7656,150.3430,0.0000,0.0855,0.0855,-0.0891,0.0000,0.0000,-0.0033,-0.0013,0.0000
-0.0171,1.0182,1.0000,0.0008,-0.0066,229.8357,150.2838,0.0000,0.0821,0.0821,-0.0909,0.0000,0.0000,-0.0040,-0.0016,0.0000
0.0001,0.9931,1.0000,0.0092,-0.0066,229.9098,150.2244,0.0000,0.0777,0.0777,-0.0917,0.0000,0.0000,-0.0040,-0.0016,0.0000
0.1113,0.9098,1.0000,0.0176,-0.0066,229.9974,150.1613,0.0000,0.0801,0.0801,-0.0938,0.0000,0.0000,-0.0040,-0.0016,0.0000
0.0892,0.9413,1.0000,0.0260,-0.0066,230.0549,150.1099,0.0000,0.0712,0.0712,-0.0918,0.0000,0.0000,-0.0040,-0.0016,0.0000
-0.0467,1.0694,1.0000,0.0344,0.0000,230.1327,150.0563,0.0000,0.0674,0.0674,-0.0780,0.0000,0.0000,0.0000,0.0000,0.0000
0.1533,0.7642,1.0000,0.0362,-0.0066,230.2044,149.9970,0.0000,0.0749,0.0749,-0.0907,0.0000,0.0000,-0.0040,-0.0016,0.0000
0.1031,0.9365,1.0000,0.0446,0.0000,230.2699,149.9400,0.0000,0.0621,0.0621,-0.0744,0.0000,0.0000,0.0000,0.0000,0.0000
0.1091,0.9228,1.0000,0.0530,0.0000,230.3408,149.8849,0.0000,0.0611,0.0611,-0.0725,0.0000,0.0000,0.0000,0.0000,0.0000
0.2001,0.8612,1.0000,0.0614,0.0000,230.4234,149.8248,0.0000,0.0642,0.0642,-0.0717,0.0000,0.0000,0.0000,0.0000,0.0000
0.1774,0.8903,1.0000,0.0696,0.0000,230.4997,149.7695,0.0000,0.0656,0.0656,-0.0680,0.0000,0.0000,0.0000,0.0000,0.0000
0.0326,1.0130,1.0000,0.0779,0.0000,230.5710,149.7098,0.0000,0.0571,0.0571,-0.0649,0.0000,0.0000,0.0000,0.0000,0.0000
0.1380,0.9359,1.0000,0.0695,0.0000,230.6526,149.6552,0.0000,0.0656,0.0656,-0.0618,0.0000,0.0000,0.0000,0.0000,0.0000
0.1216,0.9223,1.0000,0.0611,0.0000,230.7290,149.5973,0.0000,0.0668,0.0668,-0.0575,0.0000,0.0000,0.0000,0.0000,0.0000
0.0625,0.9757,1.0000,0.0580,0.0053,230.8169,149.5371,0.0000,0.0718,0.0718,-0.0382,0.0000,0.0000,0.0032,0.0013,0.0000
0.0676,0.9515,1.0000,0.0497,0.0053,230.8930,149.4899,0.0000,0.0825,0.0825,-0.0343,0.0000,0.0000,0.0032,0.0013,0.0000
-0.0401,1.0579,1.0000,0.0413,0.0053,230.9685,149.4385,0.0000,0.0873,0.0873,-0.0308,0.0000,0.0000,0.0032,0.0013,0.0000
0.1031,0.8906,1.0000,0.0329,0.0053,231.0555,149.3875,0.0000,0.1033,0.1033,-0.0279,0.0000,0.0000,0.0032,0.0013,0.0000
0.1485,0.9071,1.0000,0.0245,0.0053,231.1321,149.3351,0.0000,0.1087,0.1087,-0.0257,0.0000,0.0000,0.0032,0.0013,0.0000
0.0373,1.0021,1.0000,0.0161,0.0053,231.2043,149.2884,0.0000,0.1152,0.1152,-0.0233,0.0000,0.0000,0.0032,0.0013,0.0000
0.1480,0.9212,1.0000,0.0077,0.0053,231.2805,149.2413,0.0000,0.1258,0.1258,-0.0210,0.0000,0.0000,0.0032,0.0013,0.0000
0.1999,0.8533,1.0000,-0.0007,0.0053,231.3752,149.1876,0.0000,0.1409,0.1409,-0.0216,0.0000,0.0000,0.0032,0.0013,0.0000
0.1848,0.8894,1.0000,-0.0091,0.0053,231.4401,149.1383,0.0000,0.1419,0.1419,-0.0187,0.0000,0.0000,0.0032,0.0013,0.0000
-0.0155,1.0796,1.0000,-0.0133,0.0097,231.5195,149.0864,0.0000,0.1433,0.1433,-0.0407,0.0000,0.0000,0.0058,0.0023,0.0000
0.1845,0.8080,1.0000,-0.0217,0.0097,231.6051,149.0265,0.0000,0.1501,0.1501,-0.0419,0.0000,0.0000,0.0058,0.0023,0.0000
0.1132,0.9405,1.0000,-0.0301,0.0097,231.6674,148.9716,0.0000,0.1402,0.1402,-0.0405,0.0000,0.0000,0.0058,0.0023,0.0000
-0.0105,1.0356,1.0000,-0.0385,0.0097,231.7441,148.9212,0.0000,0.1419,0.1419,-0.0417,0.0000,0.0000,0.0058,0.0023,0.0000
0.1888,0.8231,1.0000,-0.0469,0.0097,231.8389,148.8644,0.0000,0.1547,0.1547,-0.0451,0.0000,0.0000,0.0058,0.0023,0.0000
0.1922,0.9097,1.0000,-0.0552,0.0097,231.9105,148.7974,0.0000,0.1401,0.1401,-0.0461,0.0000,0.0000,0.0058,0.0023,0.0000
-0.0076,1.0929,1.0000,-0.0468,0.0097,231.9996,148.7363,0.0000,0.1365,0.1365,-0.0503,0.0000,0.0000,0.0058,0.0023,0.0000
0.0222,0.9732,1.0000,-0.0404,0.0097,232.0697,148.6813,0.0000,0.1353,0.1353,-0.0520,0.0000,0.0000,0.0058,0.0023,0.0000
-0.0728,1.0696,1.0000,-0.0488,0.0096,232.1521,148.6166,0.0000,0.1282,0.1282,-0.0417,0.0000,0.0000,0.0058,0.0023,0.0000
0.1273,0.8829,1.0000,-0.0536,0.0096,232.2382,148.5558,0.0000,0.1338,0.1338,-0.0447,0.0000,0.0000,0.0058,0.0023,0.0000
-0.0065,1.0385,1.0000,-0.0452,0.0096,232.3196,148.4881,0.0000,0.1228,0.1228,-0.0489,0.0000,0.0000,0.0058,0.0023,0.0000
-0.0437,1.0449,1.0000,-0.0368,0.0096,232.3848,148.4256,0.0000,0.1106,0.1106,-0.0513,0.0000,0.0000,0.0058,0.0023,0.0000
-0.0701,1.0493,1.0000,-0.0284,0.0096,232.4710,148.3637,0.0000,0.1102,0.1102,-0.0559,0.0000,0.0000,0.0058,0.0023,0.0000
0.0862,0.8964,1.0000,-0.0200,0.0096,232.5279,148.3008,0.0000,0.0977,0.0977,-0.0573,0.0000,0.0000,0.0058,0.0023,0.0000
-0.0292,1.0505,1.0000,-0.0116,0.0096,232.6187,148.2378,0.0000,0.0951,0.0951,-0.0615,0.0000,0.0000,0.0058,0.0023,0.0000
0.1635,0.8422,1.0000,-0.0033,0.0096,232.7087,148.1736,0.0000,0.1029,0.1029,-0.0646,0.0000,0.0000,0.0058,0.0023,0.0000
-0.0365,1.0936,1.0000,0.0051,0.0187,232.7820,148.1098,0.0000,0.0881,0.0881,-0.0612,0.0000,0.0000,0.0112,0.0045,0.0000
-0.1950,1.0947,1.0000,0.0135,0.0187,232.8656,148.0494,0.0000,0.0889,0.0889,-0.0636,0.0000,0.0000,0.0112,0.0045,0.0000
-0.0121,0.9635,1.0000,0.0219,0.0187,232.9217,147.9990,0.0000,0.0875,0.0875,-0.0619,0.0000,0.0000,0.0112,0.0045,0.0000
-0.0225,1.0215,1.0000,0.0303,0.0187,233.0038,147.9359,0.0000,0.0842,0.0842,-0.0632,0.0000,0.0000,0.0112,0.0045,0.0000
0.1775,0.7476,1.0000,0.0348,0.0187,233.0688,147.8822,0.0000,0.0904,0.0904,-0.0604,0.0000,0.0000,0.0112,0.0045,0.0000
0.0189,1.0263,1.0000,0.0428,0.0187,233.1592,147.8225,0.0000,0.0886,0.0886,-0.0609,0.0000,0.0000,0.0112,0.0045,0.0000
0.2002,0.8365,1.0000,0.0344,0.0187,233.2250,147.7625,0.0000,0.0877,0.0877,-0.0571,0.0000,0.0000,0.0112,0.0045,0.0000
0.0003,1.0733,1.0000,0.0261,0.0187,233.2991,147.7061,0.0000,0.0818,0.0818,-0.0550,0.0000,0.0000,0.0112,0.0045,0.0000
0.1630,0.8820,1.0000,0.0177,0.0187,233.3771,147.6487,0.0000,0.0893,0.0893,-0.0527,0.0000,0.0000,0.0112,0.0045,0.0000
0.1178,0.9240,1.0000,0.0239,0.0164,233.4742,147.5858,0.0000,0.0958,0.0958,-0.0612,0.0000,0.0000,0.0099,0.0040,0.0000
0.0802,0.9617,1.0000,0.0193,0.0164,233.5454,147.5311,0.0000,0.0951,0.0951,-0.0570,0.0000,0.0000,0.0099,0.0040,0.0000
-0.1193,1.1465,1.0000,0.0260,0.0164,233.6366,147.4619,0.0000,0.0885,0.0885,-0.0574,0.0000,0.0000,0.0099,0.0040,0.0000
0.0807,0.8910,1.0000,0.0176,0.0164,233.6896,147.4100,0.0000,0.0874,0.0874,-0.0535,0.0000,0.0000,0.0099,0.0040,0.0000
-0.1194,1.1356,1.0000,0.0194,0.0164,233.7845,147.3500,0.0000,0.0891,0.0891,-0.0540,0.0000,0.0000,0.0099,0.0040,0.0000
0.0806,0.7342,1.0000,0.0110,0.0164,233.8491,147.2930,0.0000,0.0940,0.0940,-0.0504,0.0000,0.0000,0.0099,0.0040,0.0000
-0.1138,1.1129,1.0000,0.0110,0.0158,233.9483,147.2278,0.0000,0.0907,0.0907,-0.0532,0.0000,0.0000,0.0095,0.0038,0.0000
0.0864,0.8540,1.0000,0.0035,0.0164,234.0172,147.1710,0.0000,0.0946,0.0946,-0.0473,0.0000,0.0000,0.0099,0.0040,0.0000
-0.1139,1.1759,1.0000,0.0101,0.0158,234.1097,147.1035,0.0000,0.0868,0.0868,-0.0502,0.0000,0.0000,0.0095,0.0038,0.0000
-0.1999,1.1347,1.0000,0.0017,0.0158,234.1680,147.0550,0.0000,0.0857,0.0857,-0.0464,0.0000,0.0000,0.0095,0.0038,0.0000
-0.2005,1.1347,1.0000,0.0018,0.0115,234.2629,146.9910,0.0000,0.0893,0.0893,-0.0489,0.0000,0.0000,0.0069,0.0028,0.0000
-0.1998,1.1347,1.0000,-0.0066,0.0115,234.3306,146.9364,0.0000,0.0872,0.0872,-0.0462,0.0000,0.0000,0.0069,0.0028,0.0000
-0.1970,1.1334,1.0000,-0.0061,0.0115,234.4258,146.8803,0.0000,0.0975,0.0975,-0.0482,0.0000,0.0000,0.0069,0.0028,0.0000
0.0032,0.8625,1.0000,-0.0145,0.0115,234.4920,146.8328,0.0000,0.1062,0.1062,-0.0461,0.0000,0.0000,0.0069,0.0028,0.0000
-0.1457,1.0936,1.0000,-0.0229,0.0115,234.5645,146.7848,0.0000,0.1049,0.1049,-0.0470,0.0000,0.0000,0.0069,0.0028,0.0000
0.0543,0.8088,1.0000,-0.0250,0.0115,234.6467,146.7201,0.0000,0.1081,0.1081,-0.0477,0.0000,0.0000,0.0069,0.0028,0.0000
0.1951,0.8616,1.0000,-0.0327,-0.0045,234.7166,146.6604,0.0000,0.0998,0.0998,-0.0786,0.0000,0.0000,-0.0027,-0.0011,0.0000
0.0124,1.0369,1.0000,-0.0243,-0.0045,234.7933,146.6069,0.0000,0.0911,0.0911,-0.0816,0.0000,0.0000,-0.0027,-0.0011,0.0000
0.1429,0.9110,1.0000,-0.0159,-0.0045,234.8468,146.5627,0.0000,0.0904,0.0904,-0.0813,0.0000,0.0000,-0.0027,-0.0011,0.0000
0.1112,0.9263,1.0000,-0.0076,-0.0045,234.9238,146.5114,0.0000,0.0899,0.0899,-0.0848,0.0000,0.0000,-0.0027,-0.0011,0.0000
0.2000,0.6879,1.0000,0.0008,-0.0045,235.0045,146.4550,0.0000,0.0988,0.0988,-0.0870,0.0000,0.0000,-0.0027,-0.0011,0.0000
0.2000,0.9161,1.0200,0.0091,-0.0046,235.0681,146.4067,0.0000,0.0855,0.0855,-0.0866,0.0000,0.0000,-0.0028,-0.0011,0.0000
0.1999,0.9752,1.0400,0.0175,-0.0046,235.1472,146.3499,0.0000,0.0805,0.0805,-0.0883,0.0000,0.0000,-0.0028,-0.0011,0.0000
0.1998,0.9645,1.0600,0.0257,-0.0046,235.2129,146.2982,0.0000,0.0768,0.0768,-0.0863,0.0000,0.0000,-0.0028,-0.0011,0.0000
0.2000,0.9645,1.0800,0.0341,-0.0046,235.3013,146.2349,0.0000,0.0747,0.0747,-0.0872,0.0000,0.0000,-0.0028,-0.0011,0.0000
0.2000,0.8302,1.1000,0.0425,0.0047,235.3673,146.1855,0.0000,0.0788,0.0788,-0.0691,0.0000,0.0000,0.0028,0.0011,0.0000
0.2000,1.0768,1.1200,0.0509,0.0047,235.4572,146.1258,0.0000,0.0739,0.0739,-0.0694,0.0000,0.0000,0.0028,0.0011,0.0000
0.2000,0.8181,1.1400,0.0539,0.0047,235.5229,146.0777,0.0000,0.0834,0.0834,-0.0658,0.0000,0.0000,0.0028,0.0011,0.0000
0.2000,1.0700,1.1600,0.0582,0.0023,235.6120,146.0188,0.0000,0.0793,0.0793,-0.0653,0.0000,0.0000,0.0014,0.0006,0.0000
0.1999,0.8085,1.1800,0.0565,0.0047,235.6901,145.9554,0.0000,0.0832,0.0832,-0.0622,0.0000,0.0000,0.0028,0.0011,0.0000
0.2000,1.0589,1.2000,0.0510,0.0023,235.7514,145.9073,0.0000,0.0747,0.0747,-0.0570,0.0000,0.0000,0.0014,0.0006,0.0000
0.1999,0.9974,1.2200,0.0446,0.0023,235.8475,145.8447,0.0000,0.0822,0.0822,-0.0556,0.0000,0.0000,0.0014,0.0006,0.0000
0.2000,0.7737,1.2400,0.0365,0.0023,235.9142,145.7996,0.0000,0.0925,0.0925,-0.0506,0.0000,0.0000,0.0014,0.0006,0.0000
0.2000,1.1380,1.2600,0.0368,-0.0046,236.0149,145.7428,0.0000,0.0943,0.0943,-0.0651,0.0000,0.0000,-0.0027,-0.0011,0.0000
0.2000,0.8006,1.2800,0.0315,-0.0046,236.0941,145.6915,0.0000,0.1100,0.1100,-0.0605,0.0000,0.0000,-0.0027,-0.0011,0.0000
0.2000,1.1463,1.3000,0.0287,-0.0046,236.1809,145.6307,0.0000,0.1002,0.1002,-0.0584,0.0000,0.0000,-0.0027,-0.0011,0.0000
0.2000,0.9388,1.3200,0.0248,-0.0046,236.2723,145.5614,0.0000,0.1031,0.1031,-0.0547,0.0000,0.0000,-0.0027,-0.0011,0.0000
0.2000,1.0505,1.3400,0.0229,-0.0038,236.3716,145.4937,0.0000,0.1016,0.1016,-0.0536,0.0000,0.0000,-0.0023,-0.0009,0.0000
0.2002,1.1378,1.3520,0.0166,-0.0038,236.4556,145.4424,0.0000,0.1073,0.1073,-0.0494,0.0000,0.0000,-0.0023,-0.0009,0.0000
0.2000,1.1920,1.3628,0.0082,-0.0045,236.5599,145.3745,0.0000,0.1091,0.1091,-0.0500,0.0000,0.0000,-0.0027,-0.0011,0.0000
0.1999,0.9777,1.3828,-0.0002,-0.0045,236.6504,145.3185,0.0000,0.1220,0.1220,-0.0460,0.0000,0.0000,-0.0027,-0.0011,0.0000
0.2000,1.2344,1.3905,-0.0086,-0.0045,236.7463,145.2637,0.0000,0.1261,0.1261,-0.0453,0.0000,0.0000,-0.0027,-0.0011,0.0000
0.2000,1.0568,1.3975,-0.0170,-0.0045,236.8481,145.1932,0.0000,0.1301,0.1301,-0.0454,0.0000,0.0000,-0.0027,-0.0011,0.0000
0.2000,1.0959,1.4037,-0.0254,-0.0045,236.9504,145.1196,0.0000,0.1273,0.1273,-0.0448,0.0000,0.0000,-0.0027,-0.0011,0.0000
0.2000,1.2276,1.4094,-0.0296,-0.0045,237.0300,145.0620,0.0000,0.1227,0.1227,-0.0444,0.0000,0.0000,-0.0027,-0.0011,0.0000
0.2000,1.2492,1.4144,-0.0267,-0.0045,237.1468,144.9849,0.0000,0.1232,0.1232,-0.0479,0.0000,0.0000,-0.0027,-0.0011,0.0000
0.2000,0.9742,1.4344,-0.0195,-0.0045,237.2579,144.9173,0.0000,0.1362,0.1362,-0.0505,0.0000,0.0000,-0.0027,-0.0011,0.0000
0.1184,1.3869,1.4370,-0.0225,0.0010,237.3671,144.8417,0.0000,0.1277,0.1277,-0.0390,0.0000,0.0000,0.0006,0.0002,0.0000
0.1942,1.2871,1.4393,-0.0212,0.0010,237.4577,144.7580,0.0000,0.1133,0.1133,-0.0402,0.0000,0.0000,0.0006,0.0002,0.0000
0.1995,1.3163,1.4414,-0.0293,0.0009,237.5698,144.6835,0.0000,0.1153,0.1153,-0.0432,0.0000,0.0000,0.0005,0.0002,0.0000
0.2000,1.2232,1.4433,-0.0243,0.0009,237.6831,144.6076,0.0000,0.1200,0.1200,-0.0456,0.0000,0.0000,0.0005,0.0002,0.0000
0.1938,1.3333,1.4449,-0.0238,0.0009,237.7983,144.5322,0.0000,0.1210,0.1210,-0.0486,0.0000,0.0000,0.0005,0.0002,0.0000
0.1750,1.3522,1.4465,-0.0238,-0.0003,237.9158,144.4585,0.0000,0.1265,0.1265,-0.0518,0.0000,0.0000,-0.0002,-0.0001,0.0000
0.1389,1.3637,1.4478,-0.0154,-0.0003,238.0328,144.3633,0.0000,0.1150,0.1150,-0.0545,0.0000,0.0000,-0.0002,-0.0001,0.0000
0.1213,1.3730,1.4490,-0.0070,-0.0003,238.1442,144.2801,0.0000,0.1099,0.1099,-0.0573,0.0000,0.0000,-0.0002,-0.0001,0.0000
-0.0059,1.4955,1.4501,0.0014,-0.0003,238.2617,144.1916,0.0000,0.1008,0.1008,-0.0600,0.0000,0.0000,-0.0002,-0.0001,0.0000
0.0718,1.3773,1.4511,0.0098,-0.0003,238.3840,144.1002,0.0000,0.0999,0.0999,-0.0616,0.0000,0.0000,-0.0002,-0.0001,0.0000
0.0237,1.4585,1.4520,0.0170,-0.0015,238.5096,144.0018,0.0000,0.0897,0.0897,-0.0671,0.0000,0.0000,-0.0009,-0.0003,0.0000
-0.0433,1.5138,1.4528,0.0254,-0.0015,238.6135,143.9224,0.0000,0.0849,0.0849,-0.0646,0.0000,0.0000,-0.0009,-0.0003,0.0000
-0.1833,1.5812,1.4536,0.0327,-0.0015,238.7172,143.8472,0.0000,0.0816,0.0816,-0.0642,0.0000,0.0000,-0.0009,-0.0003,0.0000
0.0160,1.2976,1.4542,0.0373,-0.0015,238.8461,143.7546,0.0000,0.0895,0.0895,-0.0642,0.0000,0.0000,-0.0009,-0.0003,0.0000
0.1995,1.2694,1.4548,0.0289,-0.0015,238.9533,143.6789,0.0000,0.0936,0.0936,-0.0594,0.0000,0.0000,-0.0009,-0.0003,0.0000
-0.0006,1.5733,1.4553,0.0273,-0.0015,239.0617,143.5955,0.0000,0.0812,0.0812,-0.0566,0.0000,0.0000,-0.0009,-0.0003,0.0000
0.1987,1.3033,1.4558,0.0190,-0.0015,239.1808,143.5153,0.0000,0.0946,0.0946,-0.0529,0.0000,0.0000,-0.0009,-0.0003,0.0000
0.2000,1.3563,1.4562,0.0174,0.0050,239.3138,143.4309,0.0000,0.1033,0.1033,-0.0422,0.0000,0.0000,0.0030,0.0012,0.0000
0.1597,1.4251,1.4566,0.0090,0.0050,239.4195,143.3506,0.0000,0.1014,0.1014,-0.0382,0.0000,0.0000,0.0030,0.0012,0.0000
-0.0412,1.5628,1.4570,0.0008,0.0050,239.5379,143.2688,0.0000,0.1034,0.1034,-0.0362,0.0000,0.0000,0.0030,0.0012,0.0000
0.1585,1.3165,1.4573,-0.0071,0.0050,239.6587,143.1968,0.0000,0.1215,0.1215,-0.0341,0.0000,0.0000,0.0030,0.0012,0.0000
0.1309,1.4272,1.4575,-0.0151,0.0050,239.7780,143.1206,0.0000,0.1283,0.1283,-0.0332,0.0000,0.0000,0.0030,0.0012,0.0000
0.1672,1.3953,1.4578,-0.0235,0.0032,239.9095,143.0291,0.0000,0.1299,0.1299,-0.0390,0.0000,0.0000,0.0019,0.0008,0.0000
0.1689,1.4039,1.4580,-0.0316,0.0032,240.0235,142.9564,0.0000,0.1376,0.1376,-0.0380,0.0000,0.0000,0.0019,0.0008,0.0000
-0.0315,1.5876,1.4582,-0.0400,0.0032,240.1524,142.8723,0.0000,0.1383,0.1383,-0.0412,0.0000,0.0000,0.0019,0.0008,0.0000
0.1421,1.3409,1.4584,-0.0434,0.0032,240.2567,142.7990,0.0000,0.1440,0.1440,-0.0419,0.0000,0.0000,0.0019,0.0008,0.0000
-0.0326,1.5251,1.4586,-0.0351,0.0032,240.3733,142.7135,0.0000,0.1347,0.1347,-0.0468,0.0000,0.0000,0.0019,0.0008,0.0000
0.1671,1.2633,1.4587,-0.0296,0.0032,240.4751,142.6413,0.0000,0.1396,0.1396,-0.0495,0.0000,0.0000,0.0019,0.0008,0.0000
0.0706,1.4332,1.4589,-0.0212,0.0039,240.5975,142.5556,0.0000,0.1326,0.1326,-0.0584,0.0000,0.0000,0.0023,0.0009,0.0000
0.2000,1.2361,1.4590,-0.0128,0.0039,240.6953,142.4784,0.0000,0.1309,0.1309,-0.0605,0.0000,0.0000,0.0023,0.0009,0.0000
0.0306,1.4806,1.4591,-0.0044,0.0039,240.8084,142.3861,0.0000,0.1108,0.1108,-0.0645,0.0000,0.0000,0.0023,0.0009,0.0000
0.2000,1.2353,1.4592,0.0040,0.0039,240.9248,142.2955,0.0000,0.1097,0.1097,-0.0685,0.0000,0.0000,0.0023,0.0009,0.0000
0.0658,1.4472,1.4593,0.0124,0.0039,241.0357,142.2165,0.0000,0.1024,0.1024,-0.0685,0.0000,0.0000,0.0023,0.0009,0.0000
0.0202,1.4619,1.4594,0.0208,0.0039,241.1376,142.1332,0.0000,0.0929,0.0929,-0.0687,0.0000,0.0000,0.0023,0.0009,0.0000
0.1652,1.3502,1.4594,0.0285,0.0032,241.2360,142.0453,0.0000,0.0823,0.0823,-0.0651,0.0000,0.0000,0.0020,0.0008,0.0000
0.2000,1.3049,1.4595,0.0369,0.0032,241.3474,141.9641,0.0000,0.0838,0.0838,-0.0633,0.0000,0.0000,0.0020,0.0008,0.0000
0.1999,1.3078,1.4595,0.0439,0.0032,241.4571,141.8855,0.0000,0.0846,0.0846,-0.0618,0.0000,0.0000,0.0020,0.0008,0.0000
0.1467,1.3674,1.4596,0.0431,0.0032,241.5757,141.8035,0.0000,0.0869,0.0869,-0.0592,0.0000,0.0000,0.0020,0.0008,0.0000
0.1995,1.3388,1.4596,0.0347,0.0032,241.6902,141.7200,0.0000,0.0886,0.0886,-0.0560,0.0000,0.0000,0.0020,0.0008,0.0000
0.0843,1.4304,1.4597,0.0313,0.0032,241.8052,141.6318,0.0000,0.0840,0.0840,-0.0521,0.0000,0.0000,0.0020,0.0008,0.0000
0.0765,1.4055,1.4597,0.0332,0.0040,241.9410,141.5409,0.0000,0.0912,0.0912,-0.0545,0.0000,0.0000,0.0024,0.0010,0.0000
0.0498,1.4373,1.4598,0.0248,0.0040,242.0502,141.4702,0.0000,0.0979,0.0979,-0.0514,0.0000,0.0000,0.0024,0.0010,0.0000
-0.1501,1.6216,1.4598,0.0164,0.0040,242.1670,141.4009,0.0000,0.1065,0.1065,-0.0484,0.0000,0.0000,0.0024,0.0010,0.0000
0.0503,1.2908,1.4598,0.0081,0.0040,242.2582,141.3394,0.0000,0.1195,0.1195,-0.0446,0.0000,0.0000,0.0024,0.0010,0.0000
0.1697,1.3490,1.4598,-0.0003,0.0040,242.3918,141.2423,0.0000,0.1173,0.1173,-0.0428,0.0000,0.0000,0.0024,0.0010,0.0000
0.2000,1.0914,1.4599,-0.0087,0.0040,242.5076,141.1700,0.0000,0.1319,0.1319,-0.0408,0.0000,0.0000,0.0024,0.0010,0.0000
0.0000,1.6376,1.4599,-0.0170,0.0041,242.6234,141.0944,0.0000,0.1260,0.1260,-0.0404,0.0000,0.0000,0.0025,0.0010,0.0000
0.1998,1.3548,1.4599,-0.0253,0.0041,242.7448,141.0120,0.0000,0.1346,0.1346,-0.0405,0.0000,0.0000,0.0025,0.0010,0.0000
0.2007,1.3714,1.4599,-0.0337,0.0041,242.8526,140.9410,0.0000,0.1383,0.1383,-0.0411,0.0000,0.0000,0.0025,0.0010,0.0000
0.0647,1.4542,1.4599,-0.0357,0.0041,242.9706,140.8563,0.0000,0.1344,0.1344,-0.0430,0.0000,0.0000,0.0025,0.0010,0.0000
0.2000,1.2799,1.4599,-0.0283,0.0041,243.0885,140.7686,0.0000,0.1320,0.1320,-0.0472,0.0000,0.0000,0.0025,0.0010,0.0000
0.0736,1.4391,1.4600,-0.0200,0.0041,243.1916,140.6936,0.0000,0.1246,0.1246,-0.0501,0.0000,0.0000,0.0025,0.0010,0.0000
0.0275,1.4563,1.4600,-0.0220,-0.0044,243.3170,140.6069,0.0000,0.1234,0.1234,-0.0502,0.0000,0.0000,-0.0026,-0.0011,0.0000
0.2001,1.2640,1.4600,-0.0235,-0.0044,243.4173,140.5332,0.0000,0.1255,0.1255,-0.0519,0.0000,0.0000,-0.0026,-0.0011,0.0000
-0.2000,1.5102,1.4200,-0.0151,-0.0044,243.5260,140.4390,0.0000,0.1039,0.1039,-0.0544,0.0000,0.0000,-0.0026,-0.0011,0.0000
0.2000,1.2336,1.4240,-0.0067,-0.0044,243.6428,140.3610,0.0000,0.1145,0.1145,-0.0566,0.0000,0.0000,-0.0026,-0.0011,0.0000
0.0794,1.4259,1.4276,0.0014,-0.0044,243.7535,140.2849,0.0000,0.1095,0.1095,-0.0596,0.0000,0.0000,-0.0026,-0.0011,0.0000
0.0821,1.3924,1.4308,0.0093,-0.0044,243.8667,140.1996,0.0000,0.1061,0.1061,-0.0606,0.0000,0.0000,-0.0026,-0.0011,0.0000
0.1773,1.3304,1.4338,0.0177,0.0004,243.9663,140.1263,0.0000,0.1054,0.1054,-0.0745,0.0000,0.0000,0.0002,0.0001,0.0000
-0.2000,1.4050,1.3938,0.0261,0.0004,244.0759,140.0469,0.0000,0.1005,0.1005,-0.0737,0.0000,0.0000,0.0002,0.0001,0.0000
0.2000,1.2265,1.4004,0.0345,0.0004,244.1828,139.9696,0.0000,0.1050,0.1050,-0.0730,0.0000,0.0000,0.0002,0.0001,0.0000
0.1715,1.3416,1.4064,0.0396,0.0004,244.2941,139.8955,0.0000,0.1044,0.1044,-0.0715,0.0000,0.0000,0.0002,0.0001,0.0000
0.1997,1.3084,1.4117,0.0312,0.0004,244.4049,139.8171,0.0000,0.1063,0.1063,-0.0686,0.0000,0.0000,0.0002,0.0001,0.0000
0.1964,1.3258,1.4166,0.0269,0.0004,244.5040,139.7490,0.0000,0.1086,0.1086,-0.0653,0.0000,0.0000,0.0002,0.0001,0.0000
-0.2000,1.3463,1.3766,0.0284,0.0012,244.6208,139.6662,0.0000,0.1088,0.1088,-0.0589,0.0000,0.0000,0.0007,0.0003,0.0000
0.1998,1.1936,1.3849,0.0233,0.0012,244.7326,139.5957,0.0000,0.1212,0.1212,-0.0562,0.0000,0.0000,0.0007,0.0003,0.0000
-0.1999,1.4200,1.3464,0.0178,0.0012,244.8377,139.5243,0.0000,0.1185,0.1185,-0.0536,0.0000,0.0000,0.0007,0.0003,0.0000
-0.1999,1.3131,1.3118,0.0094,0.0012,244.9618,139.4460,0.0000,0.1306,0.1306,-0.0502,0.0000,0.0000,0.0007,0.0003,0.0000
0.2000,1.2601,1.3266,0.0010,0.0012,245.0733,139.3695,0.0000,0.1338,0.1338,-0.0491,0.0000,0.0000,0.0007,0.0003,0.0000
-0.1999,1.4563,1.2940,-0.0034,0.0012,245.1782,139.2955,0.0000,0.1304,0.1304,-0.0465,0.0000,0.0000,0.0007,0.0003,0.0000
-0.1999,1.3409,1.2646,-0.0038,-0.0006,245.3005,139.2151,0.0000,0.1369,0.1369,-0.0523,0.0000,0.0000,-0.0003,-0.0001,0.0000
-0.2000,1.2741,1.2381,-0.0105,-0.0006,245.4309,139.1353,0.0000,0.1472,0.1472,-0.0522,0.0000,0.0000,-0.0003,-0.0001,0.0000
-0.1999,1.4504,1.2143,-0.0067,-0.0006,245.5151,139.0677,0.0000,0.1349,0.1349,-0.0520,0.0000,0.0000,-0.0003,-0.0001,0.0000
-0.1999,1.5152,1.1929,-0.0070,-0.0006,245.6234,138.9981,0.0000,0.1381,0.1381,-0.0513,0.0000,0.0000,-0.0003,-0.0001,0.0000
0.2000,1.0708,1.2129,-0.0154,-0.0006,245.7455,138.9095,0.0000,0.1450,0.1450,-0.0531,0.0000,0.0000,-0.0003,-0.0001,0.0000
-0.1999,1.4949,1.1916,-0.0085,-0.0006,245.8471,138.8404,0.0000,0.1343,0.1343,-0.0536,0.0000,0.0000,-0.0003,-0.0001,0.0000
-0.1999,1.4949,1.1724,-0.0115,0.0018,245.9529,138.7789,0.0000,0.1441,0.1441,-0.0487,0.0000,0.0000,0.0011,0.0004,0.0000
-0.2000,1.2126,1.1552,-0.0199,0.0018,246.0517,138.7060,0.0000,0.1473,0.1473,-0.0497,0.0000,0.0000,0.0011,0.0004,0.0000
-0.2000,1.2126,1.1397,-0.0283,0.0018,246.1460,138.6328,0.0000,0.1407,0.1407,-0.0507,0.0000,0.0000,0.0011,0.0004,0.0000
-0.2000,1.2126,1.1257,-0.0367,0.0018,246.2367,138.5666,0.0000,0.1381,0.1381,-0.0511,0.0000,0.0000,0.0011,0.0004,0.0000
-0.2000,1.2170,1.1131,-0.0391,0.0018,246.3316,138.5012,0.0000,0.1374,0.1374,-0.0533,0.0000,0.0000,0.0011,0.0004,0.0000
-0.1495,1.1128,1.1018,-0.0388,0.0018,246.4336,138.4357,0.0000,0.1432,0.1432,-0.0565,0.0000,0.0000,0.0011,0.0004,0.0000
-0.1616,1.1426,1.0916,-0.0304,0.0018,246.5193,138.3700,0.0000,0.1359,0.1359,-0.0595,0.0000,0.0000,0.0011,0.0004,0.0000
-0.2000,1.2000,1.0825,-0.0221,0.0018,246.6074,138.2978,0.0000,0.1234,0.1234,-0.0630,0.0000,0.0000,0.0011,0.0004,0.0000
-0.1085,1.0715,1.0742,-0.0147,0.0008,246.6966,138.2317,0.0000,0.1231,0.1231,-0.0715,0.0000,0.0000,0.0005,0.0002,0.0000
-0.1674,1.1287,1.0668,-0.0063,0.0008,246.7870,138.1610,0.0000,0.1124,0.1124,-0.0746,0.0000,0.0000,0.0005,0.0002,0.0000
-0.1999,1.1376,1.0601,0.0021,0.0008,246.8783,138.0987,0.0000,0.1117,0.1117,-0.0763,0.0000,0.0000,0.0005,0.0002,0.0000
-0.1779,1.1376,1.0541,0.0105,0.0008,246.9603,138.0429,0.0000,0.1118,0.1118,-0.0773,0.0000,0.0000,0.0005,0.0002,0.0000
-0.1817,1.1376,1.0487,0.0140,-0.0040,247.0470,137.9878,0.0000,0.1154,0.1154,-0.0775,0.0000,0.0000,-0.0024,-0.0010,0.0000
-0.0140,0.9827,1.0438,0.0164,-0.0040,247.1358,137.9285,0.0000,0.1232,0.1232,-0.0773,0.0000,0.0000,-0.0024,-0.0010,0.0000
-0.0116,1.0181,1.0394,0.0235,-0.0040,247.2147,137.8671,0.0000,0.1163,0.1163,-0.0766,0.0000,0.0000,-0.0024,-0.0010,0.0000
0.0458,0.9912,1.0355,0.0151,-0.0040,247.2951,137.8117,0.0000,0.1181,0.1181,-0.0753,0.0000,0.0000,-0.0024,-0.0010,0.0000
0.0848,0.9912,1.0319,0.0164,0.0057,247.3747,137.7528,0.0000,0.1151,0.1151,-0.0559,0.0000,0.0000,0.0034,0.0014,0.0000
0.1412,0.9689,1.0288,0.0080,0.0057,247.4542,137.6996,0.0000,0.1194,0.1194,-0.0548,0.0000,0.0000,0.0034,0.0014,0.0000
0.1361,0.9818,1.0259,-0.0004,0.0057,247.5270,137.6505,0.0000,0.1222,0.1222,-0.0535,0.0000,0.0000,0.0034,0.0014,0.0000
0.1943,0.9492,1.0233,-0.0087,0.0057,247.6000,137.5971,0.0000,0.1228,0.1228,-0.0525,0.0000,0.0000,0.0034,0.0014,0.0000
0.1993,0.8707,1.0210,-0.0168,0.0057,247.6689,137.5485,0.0000,0.1259,0.1259,-0.0517,0.0000,0.0000,0.0034,0.0014,0.0000
0.2000,0.8970,1.0189,-0.0209,0.0099,247.7385,137.4961,0.0000,0.1235,0.1235,-0.0512,0.0000,0.0000,0.0060,0.0024,0.0000
0.2000,0.8365,1.0170,-0.0293,0.0099,247.8089,137.4444,0.0000,0.1238,0.1238,-0.0517,0.0000,0.0000,0.0060,0.0024,0.0000
0.1993,0.8639,1.0153,-0.0277,0.0099,247.8771,137.3968,0.0000,0.1237,0.1237,-0.0531,0.0000,0.0000,0.0060,0.0024,0.0000
0.1994,0.8660,1.0138,-0.0263,0.0099,247.9400,137.3551,0.0000,0.1257,0.1257,-0.0546,0.0000,0.0000,0.0060,0.0024,0.0000
0.2000,0.8234,1.0124,-0.0179,0.0099,248.0177,137.2877,0.0000,0.1165,0.1165,-0.0567,0.0000,0.0000,0.0060,0.0024,0.0000
0.2000,0.7476,1.0111,-0.0150,0.0099,248.0969,137.2384,0.0000,0.1245,0.1245,-0.0578,0.0000,0.0000,0.0060,0.0024,0.0000
0.0349,1.0204,1.0100,-0.0175,-0.0009,248.1617,137.1868,0.0000,0.1084,0.1084,-0.0764,0.0000,0.0000,-0.0005,-0.0002,0.0000
0.1671,0.9242,1.0090,-0.0091,-0.0009,248.2379,137.1181,0.0000,0.0982,0.0982,-0.0784,0.0000,0.0000,-0.0005,-0.0002,0.0000
0.1999,0.8212,1.0081,-0.0007,-0.0009,248.3051,137.0779,0.0000,0.1074,0.1074,-0.0782,0.0000,0.0000,-0.0005,-0.0002,0.0000
0.0363,1.0178,1.0073,0.0077,0.0044,248.3804,137.0146,0.0000,0.0894,0.0894,-0.0805,0.0000,0.0000,0.0027,0.0011,0.0000
0.2000,0.7760,1.0066,0.0160,0.0044,248.4457,136.9694,0.0000,0.0992,0.0992,-0.0803,0.0000,0.0000,0.0027,0.0011,0.0000
0.0780,0.9759,1.0059,0.0244,0.0044,248.5178,136.9190,0.0000,0.0905,0.0905,-0.0809,0.0000,0.0000,0.0027,0.0011,0.0000
0.2000,0.7876,1.0053,0.0328,0.0044,248.5895,136.8674,0.0000,0.0967,0.0967,-0.0803,0.0000,0.0000,0.0027,0.0011,0.0000
0.1824,0.8715,1.0048,0.0412,0.0044,248.6673,136.8127,0.0000,0.0931,0.0931,-0.0793,0.0000,0.0000,0.0027,0.0011,0.0000
0.1746,0.8763,1.0043,0.0496,0.0047,248.7426,136.7597,0.0000,0.0930,0.0930,-0.0767,0.0000,0.0000,0.0028,0.0011,0.0000
0.1050,0.9431,1.0039,0.0580,0.0047,248.8225,136.7076,0.0000,0.0941,0.0941,-0.0747,0.0000,0.0000,0.0028,0.0011,0.0000
0.1329,0.9134,1.0035,0.0601,0.0047,248.8937,136.6523,0.0000,0.0915,0.0915,-0.0721,0.0000,0.0000,0.0028,0.0011,0.0000
0.1046,0.9467,1.0031,0.0594,0.0047,248.9654,136.5992,0.0000,0.0887,0.0887,-0.0698,0.0000,0.0000,0.0028,0.0011,0.0000
0.1998,0.8940,1.0028,0.0511,0.0047,249.0501,136.5508,0.0000,0.1004,0.1004,-0.0666,0.0000,0.0000,0.0028,0.0011,0.0000
0.1996,0.8855,1.0025,0.0427,0.0047,249.1270,136.5016,0.0000,0.1055,0.1055,-0.0633,0.0000,0.0000,0.0028,0.0011,0.0000
0.1577,0.9697,1.0023,0.0347,0.0047,249.2089,136.4552,0.0000,0.1130,0.1130,-0.0601,0.0000,0.0000,0.0028,0.0011,0.0000
0.1347,0.9067,1.0021,0.0263,0.0047,249.2863,136.4024,0.0000,0.1173,0.1173,-0.0564,0.0000,0.0000,0.0028,0.0011,0.0000
0.1929,0.9355,1.0019,0.0179,0.0044,249.3662,136.3437,0.0000,0.1145,0.1145,-0.0583,0.0000,0.0000,0.0027,0.0011,0.0000
0.1999,0.9307,1.0017,0.0095,0.0044,249.4529,136.2860,0.0000,0.1174,0.1174,-0.0560,0.0000,0.0000,0.0027,0.0011,0.0000
0.1317,0.9829,1.0015,0.0012,0.0044,249.5268,136.2325,0.0000,0.1143,0.1143,-0.0548,0.0000,0.0000,0.0027,0.0011,0.0000
-0.0010,1.0332,1.0014,-0.0072,0.0044,249.6099,136.1748,0.0000,0.1128,0.1128,-0.0542,0.0000,0.0000,0.0027,0.0011,0.0000
0.1825,0.9046,1.0012,-0.0154,0.0044,249.6838,136.1399,0.0000,0.1298,0.1298,-0.0534,0.0000,0.0000,0.0027,0.0011,0.0000
0.0772,1.0037,1.0011,-0.0238,0.0044,249.7575,136.0933,0.0000,0.1308,0.1308,-0.0529,0.0000,0.0000,0.0027,0.0011,0.0000
0.2000,0.8108,1.0010,-0.0322,0.0044,249.8367,136.0378,0.0000,0.1346,0.1346,-0.0541,0.0000,0.0000,0.0027,0.0011,0.0000
0.2006,0.8653,1.0009,-0.0349,0.0044,249.9135,135.9821,0.0000,0.1302,0.1302,-0.0551,0.0000,0.0000,0.0027,0.0011,0.0000
0.0978,0.9578,1.0008,-0.0278,0.0044,249.9850,135.9290,0.0000,0.1238,0.1238,-0.0567,0.0000,0.0000,0.0027,0.0011,0.0000
0.0874,0.9403,1.0007,-0.0195,0.0043,250.0706,135.8687,0.0000,0.1213,0.1213,-0.0637,0.0000,0.0000,0.0026,0.0010,0.0000
0.1993,0.8826,1.0006,-0.0111,0.0043,250.1467,135.8187,0.0000,0.1237,0.1237,-0.0662,0.0000,0.0000,0.0026,0.0010,0.0000
0.0158,1.0376,1.0006,-0.0027,0.0043,250.2099,135.7659,0.0000,0.1097,0.1097,-0.0678,0.0000,0.0000,0.0026,0.0010,0.0000
0.1715,0.9025,1.0005,0.0057,0.0043,250.3095,135.6969,0.0000,0.1128,0.1128,-0.0694,0.0000,0.0000,0.0026,0.0010,0.0000
0.2000,0.8160,1.0005,0.0108,0.0043,250.3895,135.6515,0.0000,0.1237,0.1237,-0.0687,0.0000,0.0000,0.0026,0.0010,0.0000
-0.0002,1.2013,1.0004,0.0191,0.0043,250.4660,135.5902,0.0000,0.1025,0.1025,-0.0695,0.0000,0.0000,0.0026,0.0010,0.0000
0.1286,0.9119,1.0004,0.0229,0.0043,250.5372,135.5287,0.0000,0.1020,0.1020,-0.0692,0.0000,0.0000,0.0026,0.0010,0.0000
0.0648,0.9721,1.0003,0.0280,0.0043,250.6202,135.4763,0.0000,0.1037,0.1037,-0.0685,0.0000,0.0000,0.0026,0.0010,0.0000
0.1195,0.9334,1.0003,0.0246,0.0092,250.6952,135.4241,0.0000,0.1056,0.1056,-0.0521,0.0000,0.0000,0.0056,0.0022,0.0000
0.1095,0.9736,1.0003,0.0168,0.0092,250.7736,135.3637,0.0000,0.1010,0.1010,-0.0508,0.0000,0.0000,0.0056,0.0022,0.0000
0.1999,0.9058,1.0003,0.0084,0.0092,250.8587,135.3057,0.0000,0.1051,0.1051,-0.0491,0.0000,0.0000,0.0056,0.0022,0.0000
0.1340,0.9806,1.0002,-0.0000,0.0092,250.9265,135.2657,0.0000,0.1106,0.1106,-0.0471,0.0000,0.0000,0.0056,0.0022,0.0000
0.0197,1.0225,1.0002,-0.0084,0.0092,251.0004,135.2079,0.0000,0.1055,0.1055,-0.0462,0.0000,0.0000,0.0056,0.0022,0.0000
0.2000,0.7812,1.0002,-0.0168,0.0092,251.0860,135.1557,0.0000,0.1179,0.1179,-0.0457,0.0000,0.0000,0.0056,0.0022,0.0000
0.2000,0.9299,1.0002,-0.0252,0.0092,251.1701,135.1071,0.0000,0.1232,0.1232,-0.0461,0.0000,0.0000,0.0056,0.0022,0.0000
0.0907,0.9949,1.0001,-0.0333,0.0092,251.2490,135.0613,0.0000,0.1297,0.1297,-0.0462,0.0000,0.0000,0.0056,0.0022,0.0000
0.0641,0.9626,1.0001,-0.0417,-0.0136,251.3284,135.0092,0.0000,0.1327,0.1327,-0.0621,0.0000,0.0000,-0.0082,-0.0033,0.0000
0.1982,0.9039,1.0001,-0.0423,-0.0136,251.4076,134.9573,0.0000,0.1358,0.1358,-0.0636,0.0000,0.0000,-0.0082,-0.0033,0.0000
0.1134,0.9413,1.0001,-0.0353,-0.0136,251.4884,134.9008,0.0000,0.1326,0.1326,-0.0657,0.0000,0.0000,-0.0082,-0.0033,0.0000
0.1019,0.9383,1.0001,-0.0297,-0.0136,251.5673,134.8483,0.0000,0.1326,0.1326,-0.0685,0.0000,0.0000,-0.0082,-0.0033,0.0000
0.0519,0.9770,1.0001,-0.0213,-0.0136,251.6401,134.7956,0.0000,0.1277,0.1277,-0.0711,0.0000,0.0000,-0.0082,-0.0033,0.0000
0.1370,0.9385,1.0001,-0.0129,-0.0136,251.7032,134.7358,0.0000,0.1143,0.1143,-0.0736,0.0000,0.0000,-0.0082,-0.0033,0.0000
0.1769,0.8901,1.0001,-0.0045,-0.0136,251.7781,134.6815,0.0000,0.1124,0.1124,-0.0762,0.0000,0.0000,-0.0082,-0.0033,0.0000
0.2001,0.8633,1.0001,0.0039,-0.0136,251.8550,134.6302,0.0000,0.1139,0.1139,-0.0777,0.0000,0.0000,-0.0082,-0.0033,0.0000
0.1347,0.9172,1.0001,0.0123,-0.0136,251.9281,134.5716,0.0000,0.1043,0.1043,-0.0785,0.0000,0.0000,-0.0082,-0.0033,0.0000
0.1574,0.9152,1.0001,0.0120,-0.0117,251.9976,134.5207,0.0000,0.1019,0.1019,-0.0707,0.0000,0.0000,-0.0070,-0.0028,0.0000
0.1116,0.9290,1.0000,0.0204,-0.0117,252.0683,134.4624,0.0000,0.0941,0.0941,-0.0705,0.0000,0.0000,-0.0070,-0.0028,0.0000
0.1991,0.8537,1.0000,0.0151,-0.0117,252.1483,134.4087,0.0000,0.0987,0.0987,-0.0695,0.0000,0.0000,-0.0070,-0.0028,0.0000
0.1659,0.9091,1.0000,0.0168,-0.0117,252.2253,134.3572,0.0000,0.0987,0.0987,-0.0690,0.0000,0.0000,-0.0070,-0.0028,0.0000
0.1665,0.9555,1.0000,0.0084,-0.0117,252.3049,134.3025,0.0000,0.0984,0.0984,-0.0676,0.0000,0.0000,-0.0070,-0.0028,0.0000
0.1411,0.9188,1.0000,0.0096,-0.0117,252.3833,134.2489,0.0000,0.1007,0.1007,-0.0669,0.0000,0.0000,-0.0070,-0.0028,0.0000
0.1498,0.9577,1.0000,0.0012,-0.0117,252.4525,134.2020,0.0000,0.1013,0.1013,-0.0652,0.0000,0.0000,-0.0070,-0.0028,0.0000
0.1124,0.9418,1.0000,0.0081,-0.0117,252.5411,134.1311,0.0000,0.0942,0.0942,-0.0652,0.0000,0.0000,-0.0070,-0.0028,0.0000
0.2000,0.8297,1.0000,-0.0003,-0.0117,252.6189,134.0884,0.0000,0.1079,0.1079,-0.0635,0.0000,0.0000,-0.0070,-0.0028,0.0000
0.0001,1.1248,1.0000,0.0081,-0.0027,252.6940,134.0236,0.0000,0.0846,0.0846,-0.0807,0.0000,0.0000,-0.0016,-0.0006,0.0000
0.1542,0.8814,1.0000,0.0165,-0.0027,252.7677,133.9825,0.0000,0.1021,0.1021,-0.0791,0.0000,0.0000,-0.0016,-0.0006,0.0000
0.0571,0.9834,1.0000,0.0249,-0.0027,252.8495,133.9199,0.0000,0.0911,0.0911,-0.0803,0.0000,0.0000,-0.0016,-0.0006,0.0000
0.1998,0.8386,1.0000,0.0333,-0.0027,252.9347,133.8632,0.0000,0.0977,0.0977,-0.0794,0.0000,0.0000,-0.0016,-0.0006,0.0000
0.0330,1.0204,1.0000,0.0417,-0.0027,253.0085,133.8268,0.0000,0.1022,0.1022,-0.0778,0.0000,0.0000,-0.0016,-0.0006,0.0000
-0.0018,1.0151,1.0000,0.0499,-0.0027,253.0851,133.7704,0.0000,0.0991,0.0991,-0.0764,0.0000,0.0000,-0.0016,-0.0006,0.0000
0.1979,0.8173,1.0000,0.0415,-0.0027,253.1647,133.7159,0.0000,0.1066,0.1066,-0.0742,0.0000,0.0000,-0.0016,-0.0006,0.0000
0.1501,0.9441,1.0000,0.0331,-0.0027,253.2455,133.6626,0.0000,0.1037,0.1037,-0.0720,0.0000,0.0000,-0.0016,-0.0006,0.0000
0.1003,0.9569,1.0000,0.0257,-0.0012,253.3241,133.6121,0.0000,0.1064,0.1064,-0.0715,0.0000,0.0000,-0.0007,-0.0003,0.0000
0.1254,0.9604,1.0000,0.0173,-0.0012,253.4081,133.5663,0.0000,0.1159,0.1159,-0.0691,0.0000,0.0000,-0.0007,-0.0003,0.0000
0.1964,0.9281,1.0000,0.0089,-0.0012,253.4843,133.5174,0.0000,0.1198,0.1198,-0.0670,0.0000,0.0000,-0.0007,-0.0003,0.0000
0.1862,0.9502,1.0000,0.0009,-0.0012,253.5496,133.4732,0.0000,0.1194,0.1194,-0.0651,0.0000,0.0000,-0.0007,-0.0003,0.0000
0.1741,0.8990,1.0000,-0.0072,-0.0012,253.6413,133.4100,0.0000,0.1198,0.1198,-0.0643,0.0000,0.0000,-0.0007,-0.0003,0.0000
0.2000,0.7816,1.0000,-0.0083,-0.0012,253.7206,133.3656,0.0000,0.1316,0.1316,-0.0622,0.0000,0.0000,-0.0007,-0.0003,0.0000
0.0002,1.1044,1.0000,-0.0167,-0.0012,253.7833,133.3206,0.0000,0.1191,0.1191,-0.0622,0.0000,0.0000,-0.0007,-0.0003,0.0000
0.1374,0.9029,1.0000,-0.0208,-0.0012,253.8525,133.2722,0.0000,0.1232,0.1232,-0.0627,0.0000,0.0000,-0.0007,-0.0003,0.0000
0.2000,0.7650,1.0000,-0.0226,-0.0012,253.9377,133.2147,0.0000,0.1270,0.1270,-0.0631,0.0000,0.0000,-0.0007,-0.0003,0.0000
0.2000,0.8373,1.0000,-0.0150,-0.0020,254.0169,133.1635,0.0000,0.1254,0.1254,-0.0679,0.0000,0.0000,-0.0012,-0.0005,0.0000
0.0341,1.0187,1.0000,-0.0067,-0.0020,254.0947,133.1121,0.0000,0.1185,0.1185,-0.0695,0.0000,0.0000,-0.0012,-0.0005,0.0000
0.1182,0.9347,1.0000,-0.0054,-0.0020,254.1745,133.0631,0.0000,0.1243,0.1243,-0.0707,0.0000,0.0000,-0.0012,-0.0005,0.0000
0.1082,0.9234,1.0000,0.0030,-0.0020,254.2535,133.0047,0.0000,0.1191,0.1191,-0.0719,0.0000,0.0000,-0.0012,-0.0005,0.0000
0.1016,0.9281,1.0000,0.0114,-0.0020,254.3236,132.9544,0.0000,0.1159,0.1159,-0.0717,0.0000,0.0000,-0.0012,-0.0005,0.0000
0.0548,0.9739,1.0000,0.0198,-0.0020,254.4081,132.8983,0.0000,0.1138,0.1138,-0.0727,0.0000,0.0000,-0.0012,-0.0005,0.0000
0.1999,0.8545,1.0000,0.0114,-0.0020,254.4833,132.8487,0.0000,0.1185,0.1185,-0.0722,0.0000,0.0000,-0.0012,-0.0005,0.0000
0.0465,1.0056,1.0000,0.0167,-0.0020,254.5702,132.7995,0.0000,0.1204,0.1204,-0.0717,0.0000,0.0000,-0.0012,-0.0005,0.0000
0.0254,0.9904,1.0000,0.0083,-0.0132,254.6504,132.7513,0.0000,0.1259,0.1259,-0.0705,0.0000,0.0000,-0.0080,-0.0032,0.0000
0.0196,0.9904,1.0000,-0.0000,-0.0132,254.7351,132.6989,0.0000,0.1295,0.1295,-0.0696,0.0000,0.0000,-0.0080,-0.0032,0.0000
0.1176,0.9285,1.0000,-0.0084,-0.0132,254.8194,132.6393,0.0000,0.1293,0.1293,-0.0680,0.0000,0.0000,-0.0080,-0.0032,0.0000
0.1776,0.9285,1.0000,-0.0168,-0.0132,254.8988,132.5931,0.0000,0.1354,0.1354,-0.0665,0.0000,0.0000,-0.0080,-0.0032,0.0000
0.0640,0.9875,1.0000,-0.0252,-0.0132,254.9796,132.5357,0.0000,0.1303,0.1303,-0.0664,0.0000,0.0000,-0.0080,-0.0032,0.0000
0.1701,0.9113,1.0000,-0.0321,-0.0132,255.0658,132.4798,0.0000,0.1334,0.1334,-0.0674,0.0000,0.0000,-0.0080,-0.0032,0.0000
0.0622,0.9828,1.0000,-0.0237,-0.0132,255.1484,132.4151,0.0000,0.1217,0.1217,-0.0695,0.0000,0.0000,-0.0080,-0.0032,0.0000
0.0040,1.0179,1.0000,-0.0153,-0.0132,255.2328,132.3651,0.0000,0.1245,0.1245,-0.0713,0.0000,0.0000,-0.0080,-0.0032,0.0000
0.0313,0.9722,1.0000,-0.0069,-0.0132,255.3097,132.3075,0.0000,0.1193,0.1193,-0.0742,0.0000,0.0000,-0.0080,-0.0032,0.0000
0.0379,0.9722,1.0000,0.0015,0.0279,255.3832,132.2577,0.0000,0.1212,0.1212,-0.0385,0.0000,0.0000,0.0168,0.0067,0.0000
0.0387,0.9722,1.0000,-0.0068,0.0279,255.4673,132.2028,0.0000,0.1250,0.1250,-0.0395,0.0000,0.0000,0.0168,0.0067,0.0000
0.0185,0.9957,1.0000,-0.0152,0.0279,255.5475,132.1435,0.0000,0.1226,0.1226,-0.0403,0.0000,0.0000,0.0168,0.0067,0.0000
0.0107,0.9957,1.0000,-0.0236,0.0279,255.6252,132.0976,0.0000,0.1310,0.1310,-0.0394,0.0000,0.0000,0.0168,0.0067,0.0000
0.0076,0.9957,1.0000,-0.0320,0.0279,255.7127,132.0348,0.0000,0.1305,0.1305,-0.0403,0.0000,0.0000,0.0168,0.0067,0.0000
-0.0596,1.0674,1.0000,-0.0357,0.0279,255.7887,131.9791,0.0000,0.1277,0.1277,-0.0410,0.0000,0.0000,0.0168,0.0067,0.0000
-0.1100,1.0674,1.0000,-0.0320,0.0279,255.8751,131.9167,0.0000,0.1262,0.1262,-0.0428,0.0000,0.0000,0.0168,0.0067,0.0000
-0.0976,1.0674,1.0000,-0.0404,-0.0099,255.9520,131.8592,0.0000,0.1224,0.1224,-0.0727,0.0000,0.0000,-0.0060,-0.0024,0.0000
-0.0844,1.0568,1.0000,-0.0320,-0.0099,256.0299,131.8006,0.0000,0.1164,0.1164,-0.0756,0.0000,0.0000,-0.0060,-0.0024,0.0000
0.0110,0.9667,1.0000,-0.0236,-0.0099,256.1142,131.7246,0.0000,0.1028,0.1028,-0.0781,0.0000,0.0000,-0.0060,-0.0024,0.0000
0.0350,0.9667,1.0000,-0.0152,-0.0099,256.1877,131.6830,0.0000,0.1082,0.1082,-0.0809,0.0000,0.0000,-0.0060,-0.0024,0.0000
0.1633,0.8350,1.0000,-0.0068,-0.0099,256.2718,131.6211,0.0000,0.1078,0.1078,-0.0842,0.0000,0.0000,-0.0060,-0.0024,0.0000
0.1945,0.8350,1.0000,0.0016,-0.0099,256.3507,131.5704,0.0000,0.1096,0.1096,-0.0852,0.0000,0.0000,-0.0060,-0.0024,0.0000
0.0135,1.0354,1.0000,0.0100,-0.0099,256.4282,131.5178,0.0000,0.1002,0.1002,-0.0864,0.0000,0.0000,-0.0060,-0.0024,0.0000
0.1022,0.9290,1.0000,0.0184,-0.0099,256.5145,131.4536,0.0000,0.0996,0.0996,-0.0872,0.0000,0.0000,-0.0060,-0.0024,0.0000
0.1005,0.9278,1.0000,0.0268,-0.0099,256.5957,131.3976,0.0000,0.0991,0.0991,-0.0864,0.0000,0.0000,-0.0060,-0.0024,0.0000
-0.0465,1.0666,1.0000,0.0199,-0.0250,256.6798,131.3421,0.0000,0.0943,0.0943,-0.0897,0.0000,0.0000,-0.0151,-0.0060,0.0000
0.0046,0.9777,1.0000,0.0283,-0.0250,256.7666,131.2831,0.0000,0.0982,0.0982,-0.0881,0.0000,0.0000,-0.0151,-0.0060,0.0000
0.0024,0.9998,1.0000,0.0366,-0.0250,256.8547,131.2255,0.0000,0.0996,0.0996,-0.0858,0.0000,0.0000,-0.0151,-0.0060,0.0000
-0.0397,1.0409,1.0000,0.0450,-0.0250,256.9394,131.1680,0.0000,0.0980,0.0980,-0.0841,0.0000,0.0000,-0.0151,-0.0060,0.0000
-0.0777,1.0451,1.0000,0.0370,-0.0250,257.0242,131.1126,0.0000,0.1004,0.1004,-0.0815,0.0000,0.0000,-0.0151,-0.0060,0.0000
-0.0456,1.0153,1.0000,0.0286,-0.0250,257.1134,131.0571,0.0000,0.1067,0.1067,-0.0783,0.0000,0.0000,-0.0151,-0.0060,0.0000
-0.0208,1.0048,1.0000,0.0272,-0.0250,257.1900,131.0035,0.0000,0.1066,0.1066,-0.0756,0.0000,0.0000,-0.0151,-0.0060,0.0000
-0.0706,1.0441,1.0000,0.0356,-0.0010,257.2686,130.9453,0.0000,0.1020,0.1020,-0.0517,0.0000,0.0000,-0.0006,-0.0002,0.0000
0.0606,0.9280,1.0000,0.0273,-0.0010,257.3545,130.8959,0.0000,0.1148,0.1148,-0.0498,0.0000,0.0000,-0.0006,-0.0002,0.0000
0.0476,0.9700,1.0000,0.0190,-0.0010,257.4433,130.8393,0.0000,0.1192,0.1192,-0.0481,0.0000,0.0000,-0.0006,-0.0002,0.0000
0.0317,0.9838,1.0000,0.0106,-0.0010,257.5235,130.7821,0.0000,0.1193,0.1193,-0.0455,0.0000,0.0000,-0.0006,-0.0002,0.0000
-0.0307,1.0453,1.0000,0.0022,-0.0010,257.6041,130.7277,0.0000,0.1204,0.1204,-0.0439,0.0000,0.0000,-0.0006,-0.0002,0.0000
0.0109,0.9763,1.0000,-0.0062,-0.0010,257.6940,130.6785,0.0000,0.1345,0.1345,-0.0417,0.0000,0.0000,-0.0006,-0.0002,0.0000
0.0556,0.9650,1.0000,-0.0146,-0.0010,257.7721,130.6196,0.0000,0.1324,0.1324,-0.0393,0.0000,0.0000,-0.0006,-0.0002,0.0000
0.0022,1.0179,1.0000,-0.0230,-0.0010,257.8466,130.5709,0.0000,0.1340,0.1340,-0.0399,0.0000,0.0000,-0.0006,-0.0002,0.0000
0.0354,0.9701,1.0000,-0.0314,-0.0010,257.9328,130.5092,0.0000,0.1330,0.1330,-0.0415,0.0000,0.0000,-0.0006,-0.0002,0.0000
0.1888,0.8820,1.0000,-0.0398,-0.0391,258.0041,130.4579,0.0000,0.1320,0.1320,-0.0851,0.0000,0.0000,-0.0236,-0.0094,0.0000
-0.0058,1.0507,1.0000,-0.0314,-0.0391,258.0865,130.3982,0.0000,0.1175,0.1175,-0.0877,0.0000,0.0000,-0.0236,-0.0094,0.0000
0.1599,0.8701,1.0000,-0.0230,-0.0391,258.1667,130.3441,0.0000,0.1217,0.1217,-0.0906,0.0000,0.0000,-0.0236,-0.0094,0.0000
0.0326,1.0092,1.0000,-0.0146,-0.0391,258.2495,130.2938,0.0000,0.1164,0.1164,-0.0932,0.0000,0.0000,-0.0236,-0.0094,0.0000
0.0756,0.9584,1.0000,-0.0062,-0.0391,258.3312,130.2451,0.0000,0.1207,0.1207,-0.0952,0.0000,0.0000,-0.0236,-0.0094,0.0000
0.0619,0.9591,1.0000,0.0021,-0.0391,258.4039,130.1838,0.0000,0.1074,0.1074,-0.0968,0.0000,0.0000,-0.0236,-0.0094,0.0000
0.1038,0.9413,1.0000,0.0105,-0.0391,258.4806,130.1404,0.0000,0.1126,0.1126,-0.0977,0.0000,0.0000,-0.0236,-0.0094,0.0000
0.0858,0.9433,1.0000,0.0189,-0.0391,258.5569,130.0931,0.0000,0.1136,0.1136,-0.0980,0.0000,0.0000,-0.0236,-0.0094,0.0000
0.2000,0.8733,1.0000,0.0273,-0.0391,258.6329,130.0416,0.0000,0.1147,0.1147,-0.0978,0.0000,0.0000,-0.0236,-0.0094,0.0000
0.1699,0.8903,1.0000,0.0357,-0.0029,258.7102,129.9848,0.0000,0.1123,0.1123,-0.0530,0.0000,0.0000,-0.0017,-0.0007,0.0000
0.1393,0.9099,1.0000,0.0273,-0.0029,258.7761,129.9310,0.0000,0.1064,0.1064,-0.0514,0.0000,0.0000,-0.0017,-0.0007,0.0000
0.1036,0.9512,1.0000,0.0190,-0.0029,258.8494,129.8774,0.0000,0.1044,0.1044,-0.0498,0.0000,0.0000,-0.0017,-0.0007,0.0000
0.2001,0.8430,1.0000,0.0106,-0.0029,258.9347,129.8168,0.0000,0.1073,0.1073,-0.0482,0.0000,0.0000,-0.0017,-0.0007,0.0000
0.1541,0.9007,1.0000,0.0022,-0.0029,259.0257,129.7666,0.0000,0.1179,0.1179,-0.0465,0.0000,0.0000,-0.0017,-0.0007,0.0000
-0.0009,1.0378,1.0000,-0.0062,-0.0029,259.1085,129.7186,0.0000,0.1233,0.1233,-0.0461,0.0000,0.0000,-0.0017,-0.0007,0.0000
-0.0385,1.0315,1.0000,-0.0126,-0.0008,259.2189,129.6641,0.0000,0.1436,0.1436,-0.0203,0.0000,0.0000,-0.0005,-0.0002,0.0000
0.0338,0.9490,1.0000,-0.0209,-0.0008,259.3044,129.6081,0.0000,0.1504,0.1504,-0.0197,0.0000,0.0000,-0.0005,-0.0002,0.0000
-0.1662,1.2223,1.0000,-0.0293,-0.0008,259.3656,129.5466,0.0000,0.1351,0.1351,-0.0190,0.0000,0.0000,-0.0005,-0.0002,0.0000
-0.0580,1.0142,1.0000,-0.0376,-0.0008,259.4452,129.4866,0.0000,0.1355,0.1355,-0.0202,0.0000,0.0000,-0.0005,-0.0002,0.0000
0.1404,0.8600,1.0000,-0.0460,-0.0008,259.5196,129.4362,0.0000,0.1398,0.1398,-0.0224,0.0000,0.0000,-0.0005,-0.0002,0.0000
0.0497,0.9875,1.0000,-0.0543,-0.0008,259.5978,129.3820,0.0000,0.1399,0.1399,-0.0253,0.0000,0.0000,-0.0005,-0.0002,0.0000
0.2001,0.8904,1.0000,-0.0627,-0.0008,259.6833,129.3294,0.0000,0.1484,0.1484,-0.0280,0.0000,0.0000,-0.0005,-0.0002,0.0000
0.1177,0.9432,1.0000,-0.0711,-0.0008,259.7603,129.2814,0.0000,0.1531,0.1531,-0.0316,0.0000,0.0000,-0.0005,-0.0002,0.0000
0.0379,0.9933,1.0000,-0.0795,-0.0008,259.8377,129.2261,0.0000,0.1519,0.1519,-0.0356,0.0000,0.0000,-0.0005,-0.0002,0.0000
0.2002,0.8979,1.0000,-0.0784,-0.0081,259.9107,129.1725,0.0000,0.1517,0.1517,-0.0632,0.0000,0.0000,-0.0049,-0.0019,0.0000
0.1150,0.9422,1.0000,-0.0700,-0.0081,259.9882,129.1033,0.0000,0.1361,0.1361,-0.0680,0.0000,0.0000,-0.0049,-0.0019,0.0000
0.1640,0.8978,1.0000,-0.0616,-0.0081,260.0649,129.0515,0.0000,0.1374,0.1374,-0.0722,0.0000,0.0000,-0.0049,-0.0019,0.0000
0.0094,1.0313,1.0000,-0.0532,-0.0081,260.1402,128.9864,0.0000,0.1199,0.1199,-0.0776,0.0000,0.0000,-0.0049,-0.0019,0.0000
0.1279,0.9164,1.0000,-0.0448,-0.0081,260.2085,128.9270,0.0000,0.1133,0.1133,-0.0811,0.0000,0.0000,-0.0049,-0.0019,0.0000
0.0463,0.9873,1.0000,-0.0364,-0.0081,260.2832,128.8673,0.0000,0.1027,0.1027,-0.0851,0.0000,0.0000,-0.0049,-0.0019,0.0000
0.1705,0.8982,1.0000,-0.0280,-0.0081,260.3584,128.7987,0.0000,0.0915,0.0915,-0.0896,0.0000,0.0000,-0.0049,-0.0019,0.0000
0.1109,0.9471,1.0000,-0.0196,-0.0081,260.4346,128.7411,0.0000,0.0850,0.0850,-0.0917,0.0000,0.0000,-0.0049,-0.0019,0.0000
0.0178,1.0107,1.0000,-0.0112,-0.0056,260.5067,128.6867,0.0000,0.0793,0.0793,-0.0661,0.0000,0.0000,-0.0034,-0.0013,0.0000
0.0859,0.9464,1.0000,-0.0028,-0.0056,260.5798,128.6227,0.0000,0.0735,0.0735,-0.0670,0.0000,0.0000,-0.0034,-0.0013,0.0000
0.1998,0.8953,1.0000,0.0056,-0.0056,260.6486,128.5492,0.0000,0.0568,0.0568,-0.0683,0.0000,0.0000,-0.0034,-0.0013,0.0000
0.0899,0.9625,1.0000,0.0140,-0.0056,260.7187,128.4747,0.0000,0.0366,0.0366,-0.0688,0.0000,0.0000,-0.0034,-0.0013,0.0000
0.0259,0.9998,1.0000,0.0224,-0.0056,260.7954,128.4158,0.0000,0.0339,0.0339,-0.0691,0.0000,0.0000,-0.0034,-0.0013,0.0000
-0.0015,1.0140,1.0000,0.0307,-0.0056,260.8783,128.3563,0.0000,0.0353,0.0353,-0.0691,0.0000,0.0000,-0.0034,-0.0013,0.0000
0.0427,0.9586,1.0000,0.0391,-0.0056,260.9554,128.2991,0.0000,0.0383,0.0383,-0.0676,0.0000,0.0000,-0.0034,-0.0013,0.0000
0.0042,1.0114,1.0000,0.0475,-0.0056,261.0324,128.2430,0.0000,0.0384,0.0384,-0.0659,0.0000,0.0000,-0.0034,-0.0013,0.0000
0.0588,0.9525,1.0000,0.0391,-0.0230,261.1109,128.1850,0.0000,0.0407,0.0407,-0.0871,0.0000,0.0000,-0.0139,-0.0055,0.0000
0.0923,0.9448,1.0000,0.0475,-0.0230,261.1927,128.1251,0.0000,0.0408,0.0408,-0.0846,0.0000,0.0000,-0.0139,-0.0055,0.0000
0.0582,0.9690,1.0000,0.0559,-0.0230,261.2763,128.0700,0.0000,0.0448,0.0448,-0.0815,0.0000,0.0000,-0.0139,-0.0055,0.0000
0.0142,1.0061,1.0000,0.0643,-0.0230,261.3638,128.0100,0.0000,0.0463,0.0463,-0.0791,0.0000,0.0000,-0.0139,-0.0055,0.0000
0.0107,0.9946,1.0000,0.0727,-0.0230,261.4369,127.9536,0.0000,0.0447,0.0447,-0.0759,0.0000,0.0000,-0.0139,-0.0055,0.0000
-0.0441,1.0528,1.0000,0.0811,-0.0230,261.5229,127.8964,0.0000,0.0475,0.0475,-0.0725,0.0000,0.0000,-0.0139,-0.0055,0.0000
0.0779,0.9165,1.0000,0.0894,-0.0230,261.5970,127.8391,0.0000,0.0501,0.0501,-0.0694,0.0000,0.0000,-0.0139,-0.0055,0.0000
-0.0034,1.0255,1.0000,0.0978,0.0027,261.6876,127.7862,0.0000,0.0580,0.0580,-0.0456,0.0000,0.0000,0.0016,0.0007,0.0000
0.0888,0.9289,1.0000,0.0894,0.0027,261.7716,127.7371,0.0000,0.0728,0.0728,-0.0413,0.0000,0.0000,0.0016,0.0007,0.0000
-0.0261,1.0441,1.0000,0.0811,0.0027,261.8499,127.6796,0.0000,0.0733,0.0733,-0.0368,0.0000,0.0000,0.0016,0.0007,0.0000
0.0209,0.9679,1.0000,0.0727,0.0027,261.9358,127.6243,0.0000,0.0838,0.0838,-0.0318,0.0000,0.0000,0.0016,0.0007,0.0000
0.0407,0.9641,1.0000,0.0643,0.0027,262.0118,127.5736,0.0000,0.0908,0.0908,-0.0268,0.0000,0.0000,0.0016,0.0007,0.0000
-0.0004,1.0156,1.0000,0.0559,0.0027,262.0939,127.5205,0.0000,0.0987,0.0987,-0.0222,0.0000,0.0000,0.0016,0.0007,0.0000
0.1110,0.9076,1.0000,0.0475,0.0027,262.1779,127.4641,0.0000,0.1066,0.1066,-0.0180,0.0000,0.0000,0.0016,0.0007,0.0000
0.0583,0.9717,1.0000,0.0391,0.0027,262.2631,127.4097,0.0000,0.1148,0.1148,-0.0142,0.0000,0.0000,0.0016,0.0007,0.0000
0.0160,1.0042,1.0000,0.0307,-0.0165,262.3542,127.3586,0.0000,0.1294,0.1294,-0.0211,0.0000,0.0000,-0.0100,-0.0040,0.0000
0.0017,1.0046,1.0000,0.0223,-0.0165,262.4405,127.2990,0.0000,0.1330,0.1330,-0.0186,0.0000,0.0000,-0.0100,-0.0040,0.0000
-0.0399,1.0378,1.0000,0.0139,-0.0165,262.5232,127.2445,0.0000,0.1383,0.1383,-0.0165,0.0000,0.0000,-0.0100,-0.0040,0.0000
-0.0747,1.0413,1.0000,0.0055,-0.0165,262.6084,127.1851,0.0000,0.1413,0.1413,-0.0142,0.0000,0.0000,-0.0100,-0.0040,0.0000
-0.0052,0.9824,1.0000,-0.0029,-0.0165,262.6864,127.1304,0.0000,0.1439,0.1439,-0.0130,0.0000,0.0000,-0.0100,-0.0040,0.0000
-0.0375,1.0305,1.0000,-0.0113,-0.0165,262.7702,127.0778,0.0000,0.1506,0.1506,-0.0122,0.0000,0.0000,-0.0100,-0.0040,0.0000
0.0520,0.9440,1.0000,-0.0197,-0.0165,262.8427,127.0249,0.0000,0.1508,0.1508,-0.0123,0.0000,0.0000,-0.0100,-0.0040,0.0000
0.0349,0.9816,1.0000,-0.0281,-0.0165,262.9231,126.9736,0.0000,0.1563,0.1563,-0.0123,0.0000,0.0000,-0.0100,-0.0040,0.0000
0.1613,0.8895,1.0000,-0.0364,-0.0165,263.0003,126.9218,0.0000,0.1600,0.1600,-0.0130,0.0000,0.0000,-0.0100,-0.0040,0.0000
0.1007,0.9459,1.0000,-0.0284,-0.0001,263.0753,126.8678,0.0000,0.1609,0.1609,0.0106,0.0000,0.0000,-0.0001,-0.0000,0.0000
0.1136,0.9213,1.0000,-0.0368,-0.0001,263.1561,126.8110,0.0000,0.1639,0.1639,0.0089,0.0000,0.0000,-0.0001,-0.0000,0.0000
0.1181,0.9161,1.0000,-0.0452,-0.0001,263.2318,126.7519,0.0000,0.1616,0.1616,0.0062,0.0000,0.0000,-0.0001,-0.0000,0.0000
0.0542,0.9793,1.0000,-0.0536,-0.0001,263.3258,126.6955,0.0000,0.1737,0.1737,0.0051,0.0000,0.0000,-0.0001,-0.0000,0.0000
0.0703,0.9520,1.0000,-0.0616,0.0003,263.4040,126.6414,0.0000,0.1764,0.1764,0.0015,0.0000,0.0000,0.0002,0.0001,0.0000
-0.0853,1.0867,1.0000,-0.0700,0.0003,263.4757,126.5838,0.0000,0.1725,0.1725,-0.0018,0.0000,0.0000,0.0002,0.0001,0.0000
0.0408,0.9421,1.0000,-0.0783,0.0003,263.5565,126.5187,0.0000,0.1680,0.1680,-0.0063,0.0000,0.0000,0.0002,0.0001,0.0000
0.1853,0.9115,1.0000,-0.0867,0.0003,263.6290,126.4664,0.0000,0.1689,0.1689,-0.0098,0.0000,0.0000,0.0002,0.0001,0.0000
0.0176,1.0300,1.0000,-0.0926,0.0028,263.7056,126.4009,0.0000,0.1610,0.1610,-0.0052,0.0000,0.0000,0.0017,0.0007,0.0000
0.1998,0.8860,1.0000,-0.1003,0.0028,263.7786,126.3383,0.0000,0.1548,0.1548,-0.0100,0.0000,0.0000,0.0017,0.0007,0.0000
0.0523,1.0000,1.0000,-0.0942,0.0028,263.8568,126.2726,0.0000,0.1478,0.1478,-0.0153,0.0000,0.0000,0.0017,0.0007,0.0000
0.0597,0.9544,1.0000,-0.0883,0.0028,263.9329,126.2062,0.0000,0.1401,0.1401,-0.0209,0.0000,0.0000,0.0017,0.0007,0.0000
0.0067,1.0144,1.0000,-0.0805,0.0028,264.0042,126.1419,0.0000,0.1296,0.1296,-0.0267,0.0000,0.0000,0.0017,0.0007,0.0000
0.0004,1.0023,1.0000,-0.0745,0.0028,264.0831,126.0763,0.0000,0.1241,0.1241,-0.0314,0.0000,0.0000,0.0017,0.0007,0.0000
0.0430,0.9533,1.0000,-0.0662,0.0028,264.1515,126.0172,0.0000,0.1176,0.1176,-0.0372,0.0000,0.0000,0.0017,0.0007,0.0000
-0.0021,1.0183,1.0000,-0.0578,0.0028,264.2220,125.9607,0.0000,0.1134,0.1134,-0.0410,0.0000,0.0000,0.0017,0.0007,0.0000
0.1225,0.8972,1.0000,-0.0494,0.0028,264.2975,125.8967,0.0000,0.1092,0.1092,-0.0467,0.0000,0.0000,0.0017,0.0007,0.0000
0.1716,0.8949,1.0000,-0.0441,-0.0003,264.3670,125.8340,0.0000,0.0989,0.0989,-0.0804,0.0000,0.0000,-0.0002,-0.0001,0.0000
0.0642,0.9821,1.0000,-0.0358,-0.0003,264.4402,125.7718,0.0000,0.0867,0.0867,-0.0842,0.0000,0.0000,-0.0002,-0.0001,0.0000
0.1194,0.9284,1.0000,-0.0274,-0.0003,264.5161,125.7086,0.0000,0.0812,0.0812,-0.0878,0.0000,0.0000,-0.0002,-0.0001,0.0000
0.0785,0.9531,1.0000,-0.0190,-0.0003,264.5879,125.6597,0.0000,0.0818,0.0818,-0.0908,0.0000,0.0000,-0.0002,-0.0001,0.0000
0.0453,0.9790,1.0000,-0.0106,-0.0003,264.6628,125.6005,0.0000,0.0760,0.0760,-0.0933,0.0000,0.0000,-0.0002,-0.0001,0.0000
0.1999,0.8587,1.0000,-0.0022,-0.0003,264.7371,125.5437,0.0000,0.0791,0.0791,-0.0950,0.0000,0.0000,-0.0002,-0.0001,0.0000
0.1068,0.9455,1.0000,0.0062,-0.0003,264.8074,125.4763,0.0000,0.0614,0.0614,-0.0967,0.0000,0.0000,-0.0002,-0.0001,0.0000
0.1018,0.9276,1.0000,0.0146,-0.0003,264.8769,125.4190,0.0000,0.0569,0.0569,-0.0975,0.0000,0.0000,-0.0002,-0.0001,0.0000
0.0633,0.9656,1.0000,0.0230,0.0149,264.9508,125.3564,0.0000,0.0495,0.0495,-0.0707,0.0000,0.0000,0.0090,0.0036,0.0000
0.2001,0.8930,1.0000,0.0314,0.0149,265.0336,125.2975,0.0000,0.0564,0.0564,-0.0704,0.0000,0.0000,0.0090,0.0036,0.0000
0.0929,0.9597,1.0000,0.0398,0.0149,265.1115,125.2375,0.0000,0.0548,0.0548,-0.0695,0.0000,0.0000,0.0090,0.0036,0.0000
0.0173,1.0077,1.0000,0.0481,0.0149,265.1811,125.1822,0.0000,0.0529,0.0529,-0.0681,0.0000,0.0000,0.0090,0.0036,0.0000
0.2000,0.9749,1.0139,0.0544,0.0128,265.2567,125.1248,0.0000,0.0559,0.0559,-0.0663,0.0000,0.0000,0.0077,0.0031,0.0000
0.2000,0.9413,1.0263,0.0628,0.0128,265.3299,125.0720,0.0000,0.0616,0.0616,-0.0632,0.0000,0.0000,0.0077,0.0031,0.0000
0.2000,0.9413,1.0376,0.0712,0.0128,265.4047,125.0066,0.0000,0.0566,0.0566,-0.0614,0.0000,0.0000,0.0077,0.0031,0.0000
0.2000,0.9848,1.0477,0.0745,0.0128,265.4826,124.9532,0.0000,0.0624,0.0624,-0.0582,0.0000,0.0000,0.0077,0.0031,0.0000
0.1905,0.9848,1.0568,0.0798,0.0097,265.5595,124.8906,0.0000,0.0616,0.0616,-0.0660,0.0000,0.0000,0.0058,0.0023,0.0000
0.2000,0.9386,1.0650,0.0749,0.0097,265.6375,124.8396,0.0000,0.0718,0.0718,-0.0614,0.0000,0.0000,0.0058,0.0023,0.0000
0.2002,0.9838,1.0723,0.0665,0.0097,265.7215,124.7895,0.0000,0.0832,0.0832,-0.0573,0.0000,0.0000,0.0058,0.0023,0.0000
0.2000,0.9271,1.0790,0.0582,0.0097,265.7999,124.7282,0.0000,0.0855,0.0855,-0.0526,0.0000,0.0000,0.0058,0.0023,0.0000
0.2000,0.9737,1.0849,0.0498,0.0097,265.8739,124.6655,0.0000,0.0806,0.0806,-0.0494,0.0000,0.0000,0.0058,0.0023,0.0000
0.1998,0.9880,1.0903,0.0414,0.0097,265.9499,124.6099,0.0000,0.0836,0.0836,-0.0460,0.0000,0.0000,0.0058,0.0023,0.0000
0.2000,0.9613,1.0952,0.0330,0.0097,266.0201,124.5625,0.0000,0.0905,0.0905,-0.0426,0.0000,0.0000,0.0058,0.0023,0.0000
0.2000,0.9353,1.0995,0.0247,0.0097,266.0996,124.5096,0.0000,0.0983,0.0983,-0.0396,0.0000,0.0000,0.0058,0.0023,0.0000
0.2000,0.8411,1.1034,0.0163,0.0097,266.1685,124.4502,0.0000,0.0953,0.0953,-0.0375,0.0000,0.0000,0.0058,0.0023,0.0000
0.2000,0.9486,1.1069,0.0079,0.0061,266.2367,124.3995,0.0000,0.0952,0.0952,-0.0366,0.0000,0.0000,0.0037,0.0015,0.0000
0.2000,0.9018,1.1101,-0.0005,0.0061,266.3125,124.3412,0.0000,0.0959,0.0959,-0.0353,0.0000,0.0000,0.0037,0.0015,0.0000
0.2000,0.8431,1.1130,-0.0089,0.0061,266.3923,124.2812,0.0000,0.0977,0.0977,-0.0341,0.0000,0.0000,0.0037,0.0015,0.0000
0.2000,0.9478,1.1155,-0.0111,0.0061,266.4747,124.2178,0.0000,0.0952,0.0952,-0.0336,0.0000,0.0000,0.0037,0.0015,0.0000
0.1995,0.9909,1.1179,-0.0194,0.0061,266.5599,124.1585,0.0000,0.0988,0.0988,-0.0332,0.0000,0.0000,0.0037,0.0015,0.0000
0.2006,1.0306,1.1199,-0.0276,0.0061,266.6374,124.1086,0.0000,0.1049,0.1049,-0.0334,0.0000,0.0000,0.0037,0.0015,0.0000
0.2003,1.0289,1.1218,-0.0360,0.0061,266.7169,124.0405,0.0000,0.0981,0.0981,-0.0342,0.0000,0.0000,0.0037,0.0015,0.0000
0.2000,0.9141,1.1235,-0.0315,0.0061,266.8060,123.9740,0.0000,0.1000,0.1000,-0.0356,0.0000,0.0000,0.0037,0.0015,0.0000
0.1993,1.0374,1.1250,-0.0347,0.0114,266.8844,123.9218,0.0000,0.1030,0.1030,-0.0306,0.0000,0.0000,0.0069,0.0028,0.0000
-0.0615,1.1023,1.1125,-0.0297,0.0114,266.9590,123.8525,0.0000,0.0910,0.0910,-0.0333,0.0000,0.0000,0.0069,0.0028,0.0000
0.2000,0.9331,1.1151,-0.0291,0.0114,267.0400,123.7914,0.0000,0.0935,0.0935,-0.0358,0.0000,0.0000,0.0069,0.0028,0.0000
0.1824,1.0104,1.1175,-0.0252,0.0114,267.1261,123.7338,0.0000,0.0971,0.0971,-0.0390,0.0000,0.0000,0.0069,0.0028,0.0000
0.0240,1.0058,1.1057,-0.0209,0.0073,267.2038,123.6667,0.0000,0.0903,0.0903,-0.0410,0.0000,0.0000,0.0044,0.0018,0.0000
0.0060,1.0254,1.0952,-0.0178,0.0073,267.2858,123.6131,0.0000,0.0959,0.0959,-0.0434,0.0000,0.0000,0.0044,0.0018,0.0000
0.0037,1.0173,1.0856,-0.0094,0.0073,267.3614,123.5488,0.0000,0.0898,0.0898,-0.0459,0.0000,0.0000,0.0044,0.0018,0.0000
0.2000,0.9699,1.0909,-0.0081,0.0073,267.4454,123.4847,0.0000,0.0905,0.0905,-0.0470,0.0000,0.0000,0.0044,0.0018,0.0000
0.0469,0.9839,1.0819,-0.0102,-0.0032,267.5211,123.4274,0.0000,0.0883,0.0883,-0.0707,0.0000,0.0000,-0.0019,-0.0008,0.0000
-0.0198,1.0480,1.0737,-0.0018,-0.0032,267.6060,123.3641,0.0000,0.0848,0.0848,-0.0714,0.0000,0.0000,-0.0019,-0.0008,0.0000
0.1869,0.9404,1.0663,0.0066,-0.0032,267.6852,123.2975,0.0000,0.0815,0.0815,-0.0719,0.0000,0.0000,-0.0019,-0.0008,0.0000
0.0180,1.0501,1.0597,0.0150,-0.0032,267.7738,123.2368,0.0000,0.0801,0.0801,-0.0734,0.0000,0.0000,-0.0019,-0.0008,0.0000
-0.0058,1.0254,1.0537,0.0234,-0.0032,267.8595,123.1688,0.0000,0.0769,0.0769,-0.0734,0.0000,0.0000,-0.0019,-0.0008,0.0000
-0.0502,1.0643,1.0483,0.0317,-0.0032,267.9419,123.1048,0.0000,0.0729,0.0729,-0.0726,0.0000,0.0000,-0.0019,-0.0008,0.0000
-0.0992,1.0843,1.0435,0.0401,-0.0032,268.0241,123.0374,0.0000,0.0667,0.0667,-0.0719,0.0000,0.0000,-0.0019,-0.0008,0.0000
-0.0568,1.0346,1.0391,0.0361,-0.0156,268.1080,122.9729,0.0000,0.0667,0.0667,-0.0749,0.0000,0.0000,-0.0094,-0.0038,0.0000
-0.0822,1.0545,1.0352,0.0445,-0.0156,268.1900,122.9099,0.0000,0.0640,0.0640,-0.0731,0.0000,0.0000,-0.0094,-0.0038,0.0000
-0.0671,1.0496,1.0317,0.0529,-0.0156,268.2723,122.8534,0.0000,0.0684,0.0684,-0.0698,0.0000,0.0000,-0.0094,-0.0038,0.0000
-0.0412,1.0249,1.0285,0.0613,-0.0156,268.3537,122.7916,0.0000,0.0677,0.0677,-0.0684,0.0000,0.0000,-0.0094,-0.0038,0.0000
-0.0050,0.9920,1.0257,0.0617,-0.0156,268.4307,122.7318,0.0000,0.0674,0.0674,-0.0647,0.0000,0.0000,-0.0094,-0.0038,0.0000
-0.0084,1.0137,1.0231,0.0567,-0.0156,268.5131,122.6723,0.0000,0.0683,0.0683,-0.0619,0.0000,0.0000,-0.0094,-0.0038,0.0000
0.0594,0.9670,1.0208,0.0483,-0.0156,268.5953,122.6187,0.0000,0.0763,0.0763,-0.0585,0.0000,0.0000,-0.0094,-0.0038,0.0000
0.0159,1.0092,1.0187,0.0400,-0.0156,268.6771,122.5630,0.0000,0.0799,0.0799,-0.0545,0.0000,0.0000,-0.0094,-0.0038,0.0000
0.0586,0.9748,1.0169,0.0336,-0.0135,268.7684,122.5131,0.0000,0.0961,0.0961,-0.0434,0.0000,0.0000,-0.0081,-0.0032,0.0000
0.0392,0.9826,1.0152,0.0253,-0.0135,268.8475,122.4622,0.0000,0.1034,0.1034,-0.0404,0.0000,0.0000,-0.0081,-0.0032,0.0000
-0.0162,1.0351,1.0137,0.0169,-0.0135,268.9215,122.4094,0.0000,0.1052,0.1052,-0.0376,0.0000,0.0000,-0.0081,-0.0032,0.0000
0.0875,0.9334,1.0123,0.0085,-0.0135,269.0062,122.3589,0.0000,0.1177,0.1177,-0.0353,0.0000,0.0000,-0.0081,-0.0032,0.0000
0.1997,0.9027,1.0111,0.0001,-0.0135,269.0805,122.3130,0.0000,0.1261,0.1261,-0.0337,0.0000,0.0000,-0.0081,-0.0032,0.0000
0.0755,0.9793,1.0100,-0.0082,-0.0135,269.1557,122.2641,0.0000,0.1304,0.1304,-0.0328,0.0000,0.0000,-0.0081,-0.0032,0.0000
0.2000,0.8663,1.0090,-0.0166,-0.0135,269.2376,122.2137,0.0000,0.1406,0.1406,-0.0322,0.0000,0.0000,-0.0081,-0.0032,0.0000
0.1638,0.8899,1.0081,-0.0250,-0.0135,269.3113,122.1662,0.0000,0.1457,0.1457,-0.0324,0.0000,0.0000,-0.0081,-0.0032,0.0000
0.0906,0.9538,1.0073,-0.0246,-0.0047,269.3931,122.1119,0.0000,0.1490,0.1490,-0.0343,0.0000,0.0000,-0.0028,-0.0011,0.0000
0.2001,0.8692,1.0065,-0.0330,-0.0047,269.4685,122.0570,0.0000,0.1504,0.1504,-0.0353,0.0000,0.0000,-0.0028,-0.0011,0.0000
0.1000,0.9727,1.0059,-0.0414,-0.0047,269.5452,122.0004,0.0000,0.1471,0.1471,-0.0381,0.0000,0.0000,-0.0028,-0.0011,0.0000
0.1076,0.9245,1.0053,-0.0498,-0.0047,269.6261,121.9562,0.0000,0.1601,0.1601,-0.0385,0.0000,0.0000,-0.0028,-0.0011,0.0000
0.0852,0.9451,1.0048,-0.0582,-0.0047,269.6957,121.8985,0.0000,0.1528,0.1528,-0.0420,0.0000,0.0000,-0.0028,-0.0011,0.0000
0.1621,0.9138,1.0043,-0.0666,-0.0047,269.7735,121.8395,0.0000,0.1505,0.1505,-0.0453,0.0000,0.0000,-0.0028,-0.0011,0.0000
0.1466,0.8963,1.0039,-0.0750,-0.0047,269.8558,121.7890,0.0000,0.1580,0.1580,-0.0473,0.0000,0.0000,-0.0028,-0.0011,0.0000
0.0753,0.9681,1.0035,-0.0692,-0.0047,269.9320,121.7359,0.0000,0.1564,0.1564,-0.0521,0.0000,0.0000,-0.0028,-0.0011,0.0000
0.0653,0.9557,1.0031,-0.0719,-0.0016,270.0007,121.6761,0.0000,0.1473,0.1473,-0.0448,0.0000,0.0000,-0.0009,-0.0004,0.0000
0.1420,0.9191,1.0028,-0.0652,-0.0016,270.0746,121.6214,0.0000,0.1471,0.1471,-0.0488,0.0000,0.0000,-0.0009,-0.0004,0.0000
0.1354,0.9041,1.0025,-0.0568,-0.0016,270.1451,121.5641,0.0000,0.1422,0.1422,-0.0531,0.0000,0.0000,-0.0009,-0.0004,0.0000
0.1276,0.9105,1.0023,-0.0484,-0.0016,270.2111,121.5051,0.0000,0.1326,0.1326,-0.0576,0.0000,0.0000,-0.0009,-0.0004,0.0000
0.1527,0.9011,1.0020,-0.0400,-0.0016,270.2794,121.4443,0.0000,0.1234,0.1234,-0.0619,0.0000,0.0000,-0.0009,-0.0004,0.0000
0.1926,0.8783,1.0018,-0.0316,-0.0016,270.3511,121.3881,0.0000,0.1209,0.1209,-0.0653,0.0000,0.0000,-0.0009,-0.0004,0.0000
0.1432,0.9074,1.0017,-0.0232,-0.0016,270.4230,121.3354,0.0000,0.1200,0.1200,-0.0676,0.0000,0.0000,-0.0009,-0.0004,0.0000
0.1375,0.9021,1.0015,-0.0148,-0.0016,270.4887,121.2773,0.0000,0.1118,0.1118,-0.0711,0.0000,0.0000,-0.0009,-0.0004,0.0000
0.1998,0.8837,1.0013,-0.0064,-0.0016,270.5557,121.2213,0.0000,0.1073,0.1073,-0.0728,0.0000,0.0000,-0.0009,-0.0004,0.0000
0.1841,0.8695,1.0012,0.0019,-0.0016,270.6194,121.1688,0.0000,0.1037,0.1037,-0.0739,0.0000,0.0000,-0.0009,-0.0004,0.0000
0.2002,0.8654,1.0011,0.0026,-0.0093,270.6873,121.1096,0.0000,0.0959,0.0959,-0.0868,0.0000,0.0000,-0.0056,-0.0022,0.0000
0.2000,0.8181,1.0010,0.0110,-0.0093,270.7573,121.0505,0.0000,0.0915,0.0915,-0.0874,0.0000,0.0000,-0.0056,-0.0022,0.0000
0.1590,0.8933,1.0009,0.0194,-0.0093,270.8337,120.9914,0.0000,0.0861,0.0861,-0.0869,0.0000,0.0000,-0.0056,-0.0022,0.0000
0.1328,0.9086,1.0008,0.0278,-0.0093,270.9100,120.9371,0.0000,0.0868,0.0868,-0.0870,0.0000,0.0000,-0.0056,-0.0022,0.0000
0.0772,0.9577,1.0007,0.0362,-0.0093,270.9789,120.8803,0.0000,0.0802,0.0802,-0.0861,0.0000,0.0000,-0.0056,-0.0022,0.0000
0.1284,0.9278,1.0006,0.0445,-0.0093,271.0560,120.8211,0.0000,0.0801,0.0801,-0.0847,0.0000,0.0000,-0.0056,-0.0022,0.0000
0.2004,0.8852,1.0006,0.0529,-0.0093,271.1341,120.7613,0.0000,0.0806,0.0806,-0.0831,0.0000,0.0000,-0.0056,-0.0022,0.0000
0.0941,0.9649,1.0005,0.0550,-0.0039,271.2114,120.7059,0.0000,0.0798,0.0798,-0.0651,0.0000,0.0000,-0.0024,-0.0009,0.0000
0.0694,0.9754,1.0005,0.0467,-0.0039,271.2876,120.6532,0.0000,0.0845,0.0845,-0.0632,0.0000,0.0000,-0.0024,-0.0009,0.0000
0.0927,0.9443,1.0004,0.0383,-0.0039,271.3643,120.5970,0.0000,0.0887,0.0887,-0.0600,0.0000,0.0000,-0.0024,-0.0009,0.0000
0.1886,0.9196,1.0004,0.0301,-0.0039,271.4391,120.5438,0.0000,0.0933,0.0933,-0.0577,0.0000,0.0000,-0.0024,-0.0009,0.0000
0.2000,0.9441,1.0003,0.0217,-0.0039,271.5188,120.4956,0.0000,0.1037,0.1037,-0.0549,0.0000,0.0000,-0.0024,-0.0009,0.0000
0.2000,0.9106,1.0003,0.0133,-0.0039,271.5948,120.4383,0.0000,0.1059,0.1059,-0.0528,0.0000,0.0000,-0.0024,-0.0009,0.0000
0.2000,0.9261,1.0003,0.0049,-0.0039,271.6699,120.3828,0.0000,0.1073,0.1073,-0.0513,0.0000,0.0000,-0.0024,-0.0009,0.0000
0.2000,0.9442,1.0002,-0.0035,-0.0039,271.7480,120.3286,0.0000,0.1117,0.1117,-0.0497,0.0000,0.0000,-0.0024,-0.0009,0.0000
0.2001,0.9267,1.0002,-0.0118,-0.0039,271.8249,120.2712,0.0000,0.1133,0.1133,-0.0489,0.0000,0.0000,-0.0024,-0.0009,0.0000
0.1999,0.9428,1.0002,-0.0202,-0.0051,271.9035,120.2165,0.0000,0.1168,0.1168,-0.0525,0.0000,0.0000,-0.0031,-0.0012,0.0000
0.1229,0.9517,1.0002,-0.0285,-0.0051,271.9787,120.1562,0.0000,0.1138,0.1138,-0.0520,0.0000,0.0000,-0.0031,-0.0012,0.0000
0.0836,0.9497,1.0002,-0.0243,-0.0051,272.0566,120.0953,0.0000,0.1115,0.1115,-0.0532,0.0000,0.0000,-0.0031,-0.0012,0.0000
0.0833,0.9556,1.0001,-0.0325,-0.0051,272.1345,120.0409,0.0000,0.1139,0.1139,-0.0549,0.0000,0.0000,-0.0031,-0.0012,0.0000
0.0455,0.9800,1.0001,-0.0241,-0.0051,272.2029,119.9819,0.0000,0.1058,0.1058,-0.0579,0.0000,0.0000,-0.0031,-0.0012,0.0000
0.1110,0.9414,1.0001,-0.0170,-0.0051,272.2717,119.9288,0.0000,0.1056,0.1056,-0.0584,0.0000,0.0000,-0.0031,-0.0012,0.0000
0.1811,0.8961,1.0001,-0.0086,-0.0051,272.3482,119.8639,0.0000,0.0995,0.0995,-0.0621,0.0000,0.0000,-0.0031,-0.0012,0.0000
0.1999,0.8612,1.0001,-0.0003,-0.0051,272.4195,119.8097,0.0000,0.0997,0.0997,-0.0633,0.0000,0.0000,-0.0031,-0.0012,0.0000
0.1070,0.9948,1.0001,0.0081,0.0474,272.4952,119.7475,0.0000,0.0917,0.0917,-0.0447,0.0000,0.0000,0.0285,0.0114,0.0000
0.1874,0.8875,1.0001,0.0095,0.0474,272.5708,119.6989,0.0000,0.1026,0.1026,-0.0448,0.0000,0.0000,0.0285,0.0114,0.0000
0.0805,0.9707,1.0001,0.0142,0.0474,272.6398,119.6424,0.0000,0.0989,0.0989,-0.0448,0.0000,0.0000,0.0285,0.0114,0.0000
0.2000,0.8920,1.0001,0.0111,0.0474,272.7155,119.5802,0.0000,0.0989,0.0989,-0.0440,0.0000,0.0000,0.0285,0.0114,0.0000
0.1762,0.8838,1.0001,0.0136,0.0474,272.7858,119.5240,0.0000,0.0985,0.0985,-0.0435,0.0000,0.0000,0.0285,0.0114,0.0000
0.0776,0.9710,1.0001,0.0145,0.0474,272.8606,119.4644,0.0000,0.0966,0.0966,-0.0424,0.0000,0.0000,0.0285,0.0114,0.0000
0.2000,0.8925,1.0000,0.0095,0.0474,272.9394,119.4000,0.0000,0.0964,0.0964,-0.0422,0.0000,0.0000,0.0285,0.0114,0.0000
0.1118,0.9479,1.0000,0.0048,0.0474,273.0170,119.3424,0.0000,0.0987,0.0987,-0.0403,0.0000,0.0000,0.0285,0.0114,0.0000
0.0191,1.0098,1.0000,0.0041,0.0383,273.0921,119.2836,0.0000,0.0974,0.0974,-0.0568,0.0000,0.0000,0.0231,0.0092,0.0000
0.0518,0.9585,1.0000,0.0125,0.0383,273.1657,119.2264,0.0000,0.0976,0.0976,-0.0570,0.0000,0.0000,0.0231,0.0092,0.0000
0.0975,0.9457,1.0000,0.0209,0.0383,273.2404,119.1678,0.0000,0.0971,0.0971,-0.0558,0.0000,0.0000,0.0231,0.0092,0.0000
0.1306,0.9245,1.0000,0.0215,0.0383,273.3218,119.1120,0.0000,0.1027,0.1027,-0.0550,0.0000,0.0000,0.0231,0.0092,0.0000
0.1142,0.9409,1.0000,0.0142,0.0383,273.3991,119.0614,0.0000,0.1090,0.1090,-0.0542,0.0000,0.0000,0.0231,0.0092,0.0000
0.0542,0.9794,1.0000,0.0058,-0.0034,273.4704,119.0048,0.0000,0.1067,0.1067,-0.0528,0.0000,0.0000,-0.0020,-0.0008,0.0000
0.1808,0.9160,1.0000,-0.0026,-0.0034,273.5531,118.9440,0.0000,0.1105,0.1105,-0.0514,0.0000,0.0000,-0.0020,-0.0008,0.0000
0.0525,1.0177,1.0000,-0.0110,-0.0034,273.6341,118.8910,0.0000,0.1150,0.1150,-0.0506,0.0000,0.0000,-0.0020,-0.0008,0.0000
0.0016,1.0177,1.0000,-0.0148,0.0012,273.7102,118.8376,0.0000,0.1191,0.1191,-0.0352,0.0000,0.0000,0.0007,0.0003,0.0000
-0.0154,1.0177,1.0000,-0.0232,0.0012,273.7806,118.7782,0.0000,0.1150,0.1150,-0.0364,0.0000,0.0000,0.0007,0.0003,0.0000
0.1191,0.9216,1.0000,-0.0316,0.0012,273.8506,118.7218,0.0000,0.1156,0.1156,-0.0362,0.0000,0.0000,0.0007,0.0003,0.0000
0.1221,0.9132,1.0000,-0.0400,0.0012,273.9330,118.6706,0.0000,0.1261,0.1261,-0.0363,0.0000,0.0000,0.0007,0.0003,0.0000
0.1951,0.8912,1.0000,-0.0482,0.0012,273.9971,118.6060,0.0000,0.1141,0.1141,-0.0386,0.0000,0.0000,0.0007,0.0003,0.0000
0.0971,0.9619,1.0000,-0.0485,0.0012,274.0760,118.5398,0.0000,0.1082,0.1082,-0.0404,0.0000,0.0000,0.0007,0.0003,0.0000
0.1708,0.9038,1.0000,-0.0466,0.0012,274.1480,118.4871,0.0000,0.1110,0.1110,-0.0432,0.0000,0.0000,0.0007,0.0003,0.0000
0.0229,1.0206,1.0000,-0.0383,0.0012,274.2187,118.4283,0.0000,0.1038,0.1038,-0.0467,0.0000,0.0000,0.0007,0.0003,0.0000
0.1454,0.9122,1.0000,-0.0299,0.0012,274.2916,118.3676,0.0000,0.1020,0.1020,-0.0500,0.0000,0.0000,0.0007,0.0003,0.0000
0.1266,0.9122,1.0000,-0.0227,-0.0001,274.3675,118.3048,0.0000,0.0976,0.0976,-0.0576,0.0000,0.0000,-0.0001,-0.0000,0.0000
0.0932,0.9396,1.0000,-0.0144,-0.0001,274.4451,118.2492,0.0000,0.0989,0.0989,-0.0609,0.0000,0.0000,-0.0001,-0.0000,0.0000
0.0506,0.9768,1.0000,-0.0060,0.0212,274.5218,118.1903,0.0000,0.0970,0.0970,-0.0632,0.0000,0.0000,0.0128,0.0051,0.0000
0.0959,0.9445,1.0000,0.0024,0.0212,274.5930,118.1221,0.0000,0.0869,0.0869,-0.0648,0.0000,0.0000,0.0128,0.0051,0.0000
0.0694,0.9583,1.0000,0.0107,0.0212,274.6760,118.0670,0.0000,0.0934,0.0934,-0.0657,0.0000,0.0000,0.0128,0.0051,0.0000
0.0438,0.9781,1.0000,0.0191,0.0212,274.7509,118.0030,0.0000,0.0874,0.0874,-0.0668,0.0000,0.0000,0.0128,0.0051,0.0000
0.0276,0.9872,1.0000,0.0275,0.0212,274.8258,117.9439,0.0000,0.0865,0.0865,-0.0661,0.0000,0.0000,0.0128,0.0051,0.0000
0.0325,0.9764,1.0000,0.0359,0.0212,274.9050,117.8835,0.0000,0.0882,0.0882,-0.0651,0.0000,0.0000,0.0128,0.0051,0.0000
0.0864,0.9457,1.0000,0.0275,-0.0385,274.9845,117.8255,0.0000,0.0896,0.0896,-0.1145,0.0000,0.0000,-0.0232,-0.0093,0.0000
0.0378,0.9884,1.0000,0.0359,-0.0385,275.0655,117.7645,0.0000,0.0841,0.0841,-0.1131,0.0000,0.0000,-0.0232,-0.0093,0.0000
0.0345,0.9772,1.0000,0.0443,-0.0385,275.1399,117.7035,0.0000,0.0780,0.0780,-0.1112,0.0000,0.0000,-0.0232,-0.0093,0.0000
0.0088,1.0052,1.0000,0.0527,-0.0385,275.2153,117.6552,0.0000,0.0806,0.0806,-0.1097,0.0000,0.0000,-0.0232,-0.0093,0.0000
0.0924,0.9539,1.0000,0.0611,-0.0385,275.2934,117.5973,0.0000,0.0817,0.0817,-0.1070,0.0000,0.0000,-0.0232,-0.0093,0.0000
0.1942,0.8893,1.0000,0.0695,-0.0161,275.3687,117.5456,0.0000,0.0867,0.0867,-0.1047,0.0000,0.0000,-0.0097,-0.0039,0.0000
0.0903,0.9652,1.0000,0.0779,-0.0161,275.4348,117.4948,0.0000,0.0795,0.0795,-0.1031,0.0000,0.0000,-0.0097,-0.0039,0.0000
0.1999,0.9072,1.0000,0.0863,-0.0161,275.5094,117.4418,0.0000,0.0834,0.0834,-0.0991,0.0000,0.0000,-0.0097,-0.0039,0.0000
0.2000,0.8263,1.0000,0.0947,-0.0161,275.5797,117.3822,0.0000,0.0799,0.0799,-0.0960,0.0000,0.0000,-0.0097,-0.0039,0.0000
0.1421,0.9098,1.0000,0.1031,0.0257,275.6579,117.3248,0.0000,0.0815,0.0815,-0.0413,0.0000,0.0000,0.0155,0.0062,0.0000
0.1248,0.9136,1.0000,0.0947,0.0257,275.7329,117.2688,0.0000,0.0846,0.0846,-0.0378,0.0000,0.0000,0.0155,0.0062,0.0000
0.0696,0.9632,1.0000,0.0863,0.0121,275.8124,117.2146,0.0000,0.0919,0.0919,-0.0324,0.0000,0.0000,0.0073,0.0029,0.0000
0.1204,0.9293,1.0000,0.0779,0.0121,275.8934,117.1619,0.0000,0.1027,0.1027,-0.0274,0.0000,0.0000,0.0073,0.0029,0.0000
0.0752,0.9571,1.0000,0.0696,0.0121,275.9614,117.1150,0.0000,0.1090,0.1090,-0.0228,0.0000,0.0000,0.0073,0.0029,0.0000
0.0604,0.9606,1.0000,0.0612,0.0121,276.0370,117.0570,0.0000,0.1118,0.1118,-0.0179,0.0000,0.0000,0.0073,0.0029,0.0000
0.1999,0.8217,1.0000,0.0528,0.0121,276.1141,117.0037,0.0000,0.1198,0.1198,-0.0135,0.0000,0.0000,0.0073,0.0029,0.0000
0.1102,0.9447,1.0000,0.0444,-0.0099,276.1986,116.9530,0.0000,0.1306,0.1306,-0.0430,0.0000,0.0000,-0.0059,-0.0024,0.0000
0.0993,0.9308,1.0000,0.0360,-0.0099,276.2814,116.9071,0.0000,0.1430,0.1430,-0.0411,0.0000,0.0000,-0.0059,-0.0024,0.0000
0.0478,0.9805,1.0000,0.0276,-0.0099,276.3562,116.8532,0.0000,0.1431,0.1431,-0.0389,0.0000,0.0000,-0.0059,-0.0024,0.0000
0.1132,0.9394,1.0000,0.0192,-0.0099,276.4468,116.7998,0.0000,0.1559,0.1559,-0.0342,0.0000,0.0000,-0.0059,-0.0024,0.0000
0.1196,0.9145,1.0000,0.0149,-0.0057,276.5200,116.7494,0.0000,0.1587,0.1587,-0.0333,0.0000,0.0000,-0.0034,-0.0014,0.0000
-0.0182,1.0459,1.0000,0.0065,-0.0057,276.5977,116.6950,0.0000,0.1589,0.1589,-0.0314,0.0000,0.0000,-0.0034,-0.0014,0.0000
0.1225,0.8811,1.0000,-0.0019,-0.0057,276.6701,116.6487,0.0000,0.1666,0.1666,-0.0306,0.0000,0.0000,-0.0034,-0.0014,0.0000
0.0907,0.9415,1.0000,-0.0103,-0.0057,276.7465,116.6028,0.0000,0.1734,0.1734,-0.0302,0.0000,0.0000,-0.0034,-0.0014,0.0000
0.1999,0.8519,1.0000,-0.0045,0.0084,276.8306,116.5506,0.0000,0.1825,0.1825,0.0027,0.0000,0.0000,0.0051,0.0020,0.0000
0.1835,0.8844,1.0000,-0.0129,0.0084,276.9014,116.4999,0.0000,0.1856,0.1856,0.0025,0.0000,0.0000,0.0051,0.0020,0.0000
0.0671,0.9820,1.0000,-0.0213,0.0084,276.9695,116.4498,0.0000,0.1873,0.1873,0.0018,0.0000,0.0000,0.0051,0.0020,0.0000
0.1999,0.8625,1.0000,-0.0297,0.0084,277.0485,116.4138,0.0000,0.2073,0.2073,0.0026,0.0000,0.0000,0.0051,0.0020,0.0000
0.1999,0.8382,1.0000,-0.0381,0.0084,277.1158,116.3575,0.0000,0.2029,0.2029,0.0004,0.0000,0.0000,0.0051,0.0020,0.0000
0.1998,0.8615,1.0000,-0.0446,0.0103,277.1887,116.3039,0.0000,0.2045,0.2045,-0.0008,0.0000,0.0000,0.0062,0.0025,0.0000
0.1996,0.8707,1.0000,-0.0530,0.0103,277.2696,116.2554,0.0000,0.2145,0.2145,-0.0031,0.0000,0.0000,0.0062,0.0025,0.0000
0.1710,0.8972,1.0000,-0.0614,0.0103,277.3431,116.2021,0.0000,0.2165,0.2165,-0.0046,0.0000,0.0000,0.0062,0.0025,0.0000
0.1245,0.9337,1.0000,-0.0698,-0.0101,277.4216,116.1519,0.0000,0.2208,0.2208,-0.0475,0.0000,0.0000,-0.0061,-0.0024,0.0000
0.1604,0.9003,1.0000,-0.0782,-0.0101,277.4956,116.0983,0.0000,0.2199,0.2199,-0.0496,0.0000,0.0000,-0.0061,-0.0024,0.0000
0.1196,0.9217,1.0000,-0.0866,-0.0101,277.5684,116.0423,0.0000,0.2139,0.2139,-0.0541,0.0000,0.0000,-0.0061,-0.0024,0.0000
0.1534,0.9055,1.0000,-0.0851,-0.0101,277.6407,115.9889,0.0000,0.2112,0.2112,-0.0572,0.0000,0.0000,-0.0061,-0.0024,0.0000
0.1296,0.9105,1.0000,-0.0767,-0.0072,277.7096,115.9315,0.0000,0.2020,0.2020,-0.0622,0.0000,0.0000,-0.0043,-0.0017,0.0000
0.1711,0.8908,1.0000,-0.0712,-0.0072,277.7834,115.8766,0.0000,0.1986,0.1986,-0.0670,0.0000,0.0000,-0.0043,-0.0017,0.0000
0.1538,0.8902,1.0000,-0.0628,-0.0072,277.8537,115.8268,0.0000,0.1957,0.1957,-0.0739,0.0000,0.0000,-0.0043,-0.0017,0.0000
0.1289,0.9113,1.0000,-0.0544,-0.0072,277.9222,115.7619,0.0000,0.1810,0.1810,-0.0755,0.0000,0.0000,-0.0043,-0.0017,0.0000
0.2000,0.8521,1.0000,-0.0479,0.0078,277.9980,115.7009,0.0000,0.1755,0.1755,-0.0581,0.0000,0.0000,0.0047,0.0019,0.0000
0.1314,0.9356,1.0000,-0.0459,0.0078,278.0682,115.6427,0.0000,0.1661,0.1661,-0.0634,0.0000,0.0000,0.0047,0.0019,0.0000
0.0694,0.9650,1.0000,-0.0375,0.0078,278.1452,115.5868,0.0000,0.1645,0.1645,-0.0673,0.0000,0.0000,0.0047,0.0019,0.0000
0.1998,0.9039,1.0000,-0.0291,0.0078,278.2118,115.5207,0.0000,0.1525,0.1525,-0.0695,0.0000,0.0000,0.0047,0.0019,0.0000
0.1098,0.9424,1.0000,-0.0207,0.0078,278.2787,115.4538,0.0000,0.1356,0.1356,-0.0738,0.0000,0.0000,0.0047,0.0019,0.0000
0.0993,0.9308,1.0000,-0.0123,0.0078,278.3539,115.3971,0.0000,0.1343,0.1343,-0.0766,0.0000,0.0000,0.0047,0.0019,0.0000
0.0882,0.9398,1.0000,-0.0039,0.0078,278.4221,115.3401,0.0000,0.1283,0.1283,-0.0783,0.0000,0.0000,0.0047,0.0019,0.0000
0.0923,0.9328,1.0000,0.0044,0.0078,278.4898,115.2811,0.0000,0.1212,0.1212,-0.0796,0.0000,0.0000,0.0047,0.0019,0.0000
0.1999,0.8811,1.0000,-0.0019,-0.0069,278.5628,115.2234,0.0000,0.1203,0.1203,-0.0788,0.0000,0.0000,-0.0042,-0.0017,0.0000
0.1773,0.8901,1.0000,0.0065,-0.0069,278.6325,115.1663,0.0000,0.1160,0.1160,-0.0789,0.0000,0.0000,-0.0042,-0.0017,0.0000
0.1227,0.9226,1.0000,0.0149,-0.0069,278.6934,115.1091,0.0000,0.1054,0.1054,-0.0792,0.0000,0.0000,-0.0042,-0.0017,0.0000
0.1791,0.8935,1.0000,0.0233,-0.0069,278.7703,115.0478,0.0000,0.1038,0.1038,-0.0790,0.0000,0.0000,-0.0042,-0.0017,0.0000
0.2000,0.8284,1.0000,0.0317,-0.0069,278.8378,114.9960,0.0000,0.1055,0.1055,-0.0789,0.0000,0.0000,-0.0042,-0.0017,0.0000
0.0789,0.9743,1.0000,0.0400,-0.0069,278.9099,114.9368,0.0000,0.0959,0.0959,-0.0782,0.0000,0.0000,-0.0042,-0.0017,0.0000
0.1998,0.8441,1.0000,0.0317,-0.0069,278.9826,114.8806,0.0000,0.1008,0.1008,-0.0755,0.0000,0.0000,-0.0042,-0.0017,0.0000
0.1266,0.9252,1.0000,0.0360,-0.0111,279.0611,114.8285,0.0000,0.1043,0.1043,-0.0874,0.0000,0.0000,-0.0067,-0.0027,0.0000
0.1247,0.9119,1.0000,0.0444,-0.0111,279.1355,114.7697,0.0000,0.1018,0.1018,-0.0859,0.0000,0.0000,-0.0067,-0.0027,0.0000
0.1093,0.9357,1.0000,0.0528,-0.0111,279.2068,114.7132,0.0000,0.0985,0.0985,-0.0828,0.0000,0.0000,-0.0067,-0.0027,0.0000
0.0897,0.9404,1.0000,0.0612,-0.0111,279.2822,114.6515,0.0000,0.0929,0.0929,-0.0825,0.0000,0.0000,-0.0067,-0.0027,0.0000
0.1701,0.9028,1.0000,0.0528,-0.0111,279.3657,114.5954,0.0000,0.0997,0.0997,-0.0792,0.0000,0.0000,-0.0067,-0.0027,0.0000
0.1005,0.9662,1.0000,0.0445,-0.0111,279.4393,114.5437,0.0000,0.1003,0.1003,-0.0759,0.0000,0.0000,-0.0067,-0.0027,0.0000
0.0295,0.9988,1.0000,0.0363,-0.0111,279.5135,114.4921,0.0000,0.1025,0.1025,-0.0729,0.0000,0.0000,-0.0067,-0.0027,0.0000
0.1635,0.8942,1.0000,0.0279,-0.0111,279.5890,114.4389,0.0000,0.1085,0.1085,-0.0711,0.0000,0.0000,-0.0067,-0.0027,0.0000
0.1448,0.8976,1.0000,0.0363,0.0079,279.6676,114.3871,0.0000,0.1140,0.1140,-0.0541,0.0000,0.0000,0.0048,0.0019,0.0000
0.1223,0.9161,1.0000,0.0279,0.0079,279.7404,114.3298,0.0000,0.1123,0.1123,-0.0521,0.0000,0.0000,0.0048,0.0019,0.0000
0.1055,0.9346,1.0000,0.0195,0.0079,279.8120,114.2799,0.0000,0.1163,0.1163,-0.0489,0.0000,0.0000,0.0048,0.0019,0.0000
0.1170,0.9189,1.0000,0.0111,0.0079,279.8842,114.2320,0.0000,0.1222,0.1222,-0.0479,0.0000,0.0000,0.0048,0.0019,0.0000
0.2000,0.8665,1.0000,0.0027,0.0079,279.9508,114.1765,0.0000,0.1195,0.1195,-0.0467,0.0000,0.0000,0.0048,0.0019,0.0000
0.1998,0.8598,1.0000,-0.0057,0.0079,280.0239,114.1191,0.0000,0.1183,0.1183,-0.0451,0.0000,0.0000,0.0048,0.0019,0.0000
0.2005,0.8586,1.0000,-0.0137,0.0079,280.0948,114.0667,0.0000,0.1194,0.1194,-0.0438,0.0000,0.0000,0.0048,0.0019,0.0000
0.1996,0.9224,1.0000,-0.0221,0.0079,280.1655,114.0143,0.0000,0.1185,0.1185,-0.0439,0.0000,0.0000,0.0048,0.0019,0.0000
0.1993,0.8743,1.0000,-0.0302,0.0079,280.2349,113.9570,0.0000,0.1152,0.1152,-0.0442,0.0000,0.0000,0.0048,0.0019,0.0000
0.1848,0.8727,1.0000,-0.0283,0.0060,280.3075,113.9024,0.0000,0.1144,0.1144,-0.0511,0.0000,0.0000,0.0036,0.0015,0.0000
0.1550,0.8917,1.0000,-0.0199,0.0060,280.3802,113.8404,0.0000,0.1057,0.1057,-0.0546,0.0000,0.0000,0.0036,0.0015,0.0000
0.1393,0.9015,1.0000,-0.0115,0.0060,280.4501,113.7860,0.0000,0.1026,0.1026,-0.0563,0.0000,0.0000,0.0036,0.0015,0.0000
0.0931,0.9471,1.0000,-0.0036,0.0060,280.5225,113.7398,0.0000,0.1059,0.1059,-0.0588,0.0000,0.0000,0.0036,0.0015,0.0000
0.1958,0.8783,1.0000,-0.0062,0.0060,280.5944,113.6848,0.0000,0.1065,0.1065,-0.0587,0.0000,0.0000,0.0036,0.0015,0.0000
0.2000,0.8498,1.0000,0.0022,0.0060,280.6672,113.6323,0.0000,0.1075,0.1075,-0.0608,0.0000,0.0000,0.0036,0.0015,0.0000
0.1633,0.8972,1.0000,0.0071,0.0060,280.7395,113.5802,0.0000,0.1069,0.1069,-0.0614,0.0000,0.0000,0.0036,0.0015,0.0000
0.1617,0.8891,1.0000,0.0086,0.0060,280.8121,113.5285,0.0000,0.1091,0.1091,-0.0605,0.0000,0.0000,0.0036,0.0015,0.0000
0.1829,0.8836,1.0000,0.0147,0.0065,280.8793,113.4753,0.0000,0.1066,0.1066,-0.0665,0.0000,0.0000,0.0039,0.0016,0.0000
0.1801,0.8834,1.0000,0.0223,0.0065,280.9470,113.4249,0.0000,0.1048,0.1048,-0.0687,0.0000,0.0000,0.0039,0.0016,0.0000
0.1999,0.8508,1.0000,0.0225,0.0065,281.0243,113.3692,0.0000,0.1065,0.1065,-0.0684,0.0000,0.0000,0.0039,0.0016,0.0000
0.2001,0.8363,1.0000,0.0141,0.0065,281.1046,113.3128,0.0000,0.1096,0.1096,-0.0659,0.0000,0.0000,0.0039,0.0016,0.0000
0.1158,0.9444,1.0000,0.0160,0.0065,281.1760,113.2645,0.0000,0.1090,0.1090,-0.0659,0.0000,0.0000,0.0039,0.0016,0.0000
0.1056,0.9743,1.0000,0.0077,0.0065,281.2482,113.2121,0.0000,0.1099,0.1099,-0.0625,0.0000,0.0000,0.0039,0.0016,0.0000
0.2000,0.8542,1.0000,0.0029,0.0065,281.3206,113.1539,0.0000,0.1087,0.1087,-0.0635,0.0000,0.0000,0.0039,0.0016,0.0000
0.1815,0.8854,1.0000,0.0021,0.0065,281.3969,113.1045,0.0000,0.1132,0.1132,-0.0624,0.0000,0.0000,0.0039,0.0016,0.0000
0.1316,0.9217,1.0000,0.0077,0.0035,281.4768,113.0469,0.0000,0.1120,0.1120,-0.0713,0.0000,0.0000,0.0021,0.0009,0.0000
0.1555,0.9012,1.0000,0.0161,0.0035,281.5524,112.9894,0.0000,0.1095,0.1095,-0.0719,0.0000,0.0000,0.0021,0.0009,0.0000
0.0668,0.9766,1.0000,0.0211,0.0035,281.6275,112.9414,0.0000,0.1120,0.1120,-0.0705,0.0000,0.0000,0.0021,0.0009,0.0000
0.1071,0.9418,1.0000,0.0127,0.0035,281.7117,112.8831,0.0000,0.1146,0.1146,-0.0705,0.0000,0.0000,0.0021,0.0009,0.0000
0.1954,0.8845,1.0000,0.0075,0.0035,281.7868,112.8259,0.0000,0.1142,0.1142,-0.0691,0.0000,0.0000,0.0021,0.0009,0.0000
0.0375,1.0154,1.0000,0.0049,0.0035,281.8664,112.7745,0.0000,0.1147,0.1147,-0.0678,0.0000,0.0000,0.0021,0.0009,0.0000
0.1195,0.9369,1.0000,-0.0018,0.0035,281.9343,112.7236,0.0000,0.1161,0.1161,-0.0662,0.0000,0.0000,0.0021,0.0009,0.0000
0.0920,0.9398,1.0000,0.0066,0.0213,282.0042,112.6632,0.0000,0.1066,0.1066,-0.0714,0.0000,0.0000,0.0128,0.0051,0.0000
0.2000,0.8413,1.0000,0.0150,0.0213,282.0768,112.6074,0.0000,0.1066,0.1066,-0.0711,0.0000,0.0000,0.0128,0.0051,0.0000
0.1355,0.9164,1.0000,0.0234,0.0213,282.1461,112.5514,0.0000,0.0985,0.0985,-0.0703,0.0000,0.0000,0.0128,0.0051,0.0000
0.1303,0.9078,1.0000,0.0318,0.0213,282.2207,112.5071,0.0000,0.1065,0.1065,-0.0686,0.0000,0.0000,0.0128,0.0051,0.0000
0.1904,0.8836,1.0000,0.0288,0.0213,282.2945,112.4571,0.0000,0.1091,0.1091,-0.0682,0.0000,0.0000,0.0128,0.0051,0.0000
0.1999,0.8614,1.0000,0.0337,0.0213,282.3679,112.4005,0.0000,0.1068,0.1068,-0.0664,0.0000,0.0000,0.0128,0.0051,0.0000
0.1995,0.8832,1.0000,0.0253,0.0213,282.4412,112.3524,0.0000,0.1100,0.1100,-0.0646,0.0000,0.0000,0.0128,0.0051,0.0000
0.1413,0.9196,1.0000,0.0275,0.0213,282.5119,112.2997,0.0000,0.1072,0.1072,-0.0630,0.0000,0.0000,0.0128,0.0051,0.0000
0.1987,0.8702,1.0000,0.0316,0.0337,282.5876,112.2375,0.0000,0.1028,0.1028,-0.0354,0.0000,0.0000,0.0203,0.0081,0.0000
0.1786,0.8743,1.0000,0.0232,0.0337,282.6727,112.1965,0.0000,0.1219,0.1219,-0.0328,0.0000,0.0000,0.0203,0.0081,0.0000
0.0813,0.9720,1.0000,0.0148,0.0337,282.7492,112.1424,0.0000,0.1230,0.1230,-0.0323,0.0000,0.0000,0.0203,0.0081,0.0000
0.0847,0.9389,1.0000,0.0065,0.0337,282.8267,112.0975,0.0000,0.1350,0.1350,-0.0300,0.0000,0.0000,0.0203,0.0081,0.0000
0.1918,0.8893,1.0000,-0.0019,0.0337,282.9081,112.0517,0.0000,0.1485,0.1485,-0.0283,0.0000,0.0000,0.0203,0.0081,0.0000
0.1589,0.8893,1.0000,-0.0103,0.0337,282.9872,112.0007,0.0000,0.1555,0.1555,-0.0272,0.0000,0.0000,0.0203,0.0081,0.0000
0.1235,0.9274,1.0000,-0.0187,0.0337,283.0703,111.9452,0.0000,0.1605,0.1605,-0.0266,0.0000,0.0000,0.0203,0.0081,0.0000
0.0988,0.9338,1.0000,-0.0271,0.0337,283.1437,111.8848,0.0000,0.1554,0.1554,-0.0279,0.0000,0.0000,0.0203,0.0081,0.0000
0.0366,0.9906,1.0000,-0.0355,0.0033,283.2204,111.8216,0.0000,0.1469,0.1469,-0.0537,0.0000,0.0000,0.0020,0.0008,0.0000
0.0971,0.9434,1.0000,-0.0439,0.0033,283.2991,111.7667,0.0000,0.1482,0.1482,-0.0550,0.0000,0.0000,0.0020,0.0008,0.0000
0.0500,0.9848,1.0000,-0.0505,0.0033,283.3798,111.7114,0.0000,0.1478,0.1478,-0.0562,0.0000,0.0000,0.0020,0.0008,0.0000
0.0722,0.9506,1.0000,-0.0422,0.0033,283.4546,111.6535,0.0000,0.1440,0.1440,-0.0579,0.0000,0.0000,0.0020,0.0008,0.0000
0.0522,0.9701,1.0000,-0.0338,0.0033,283.5294,111.5954,0.0000,0.1379,0.1379,-0.0606,0.0000,0.0000,0.0020,0.0008,0.0000
0.1409,0.9371,1.0000,-0.0254,0.0033,283.6058,111.5309,0.0000,0.1284,0.1284,-0.0646,0.0000,0.0000,0.0020,0.0008,0.0000
0.0974,0.9394,1.0000,-0.0170,0.0033,283.6987,111.4569,0.0000,0.1214,0.1214,-0.0651,0.0000,0.0000,0.0020,0.0008,0.0000
0.0359,0.9912,1.0000,-0.0114,0.0005,283.7823,111.4079,0.0000,0.1266,0.1266,-0.0712,0.0000,0.0000,0.0003,0.0001,0.0000
-0.1648,1.1776,1.0000,-0.0030,0.0005,283.8644,111.3420,0.0000,0.1118,0.1118,-0.0736,0.0000,0.0000,0.0003,0.0001,0.0000
-0.0031,0.9594,1.0000,0.0053,0.0005,283.9435,111.2721,0.0000,0.1080,0.1080,-0.0735,0.0000,0.0000,0.0003,0.0001,0.0000
-0.0598,1.0438,1.0000,0.0137,0.0019,284.0209,111.2112,0.0000,0.0990,0.0990,-0.0742,0.0000,0.0000,0.0012,0.0005,0.0000
-0.0649,1.0464,1.0000,0.0221,0.0019,284.1040,111.1545,0.0000,0.1003,0.1003,-0.0741,0.0000,0.0000,0.0012,0.0005,0.0000
0.0037,0.9766,1.0000,0.0305,0.0019,284.1842,111.0969,0.0000,0.1021,0.1021,-0.0734,0.0000,0.0000,0.0012,0.0005,0.0000
0.0041,0.9969,1.0000,0.0221,-0.0166,284.2683,111.0417,0.0000,0.1041,0.1041,-0.1048,0.0000,0.0000,-0.0100,-0.0040,0.0000
0.0238,0.9790,1.0000,0.0305,-0.0166,284.3509,110.9872,0.0000,0.1053,0.1053,-0.1036,0.0000,0.0000,-0.0100,-0.0040,0.0000
0.0123,0.9978,1.0000,0.0389,-0.0166,284.4313,110.9217,0.0000,0.0950,0.0950,-0.1006,0.0000,0.0000,-0.0100,-0.0040,0.0000
0.0320,0.9824,1.0000,0.0473,-0.0166,284.5096,110.8697,0.0000,0.0964,0.0964,-0.0980,0.0000,0.0000,-0.0100,-0.0040,0.0000
-0.0144,1.0275,1.0000,0.0557,-0.0098,284.5901,110.7971,0.0000,0.0787,0.0787,-0.0958,0.0000,0.0000,-0.0059,-0.0024,0.0000
0.0561,0.9338,1.0000,0.0641,-0.0098,284.6760,110.7458,0.0000,0.0881,0.0881,-0.0940,0.0000,0.0000,-0.0059,-0.0024,0.0000
-0.0653,1.0739,1.0000,0.0725,-0.0098,284.7653,110.6936,0.0000,0.0889,0.0889,-0.0900,0.0000,0.0000,-0.0059,-0.0024,0.0000
-0.0139,0.9926,1.0000,0.0685,-0.0069,284.8530,110.6477,0.0000,0.1035,0.1035,-0.0829,0.0000,0.0000,-0.0041,-0.0017,0.0000
-0.0451,1.0293,1.0000,0.0601,-0.0069,284.9377,110.5966,0.0000,0.1084,0.1084,-0.0782,0.0000,0.0000,-0.0041,-0.0017,0.0000
0.0034,0.9827,1.0000,0.0518,-0.0069,285.0299,110.5489,0.0000,0.1226,0.1226,-0.0756,0.0000,0.0000,-0.0041,-0.0017,0.0000
0.0146,0.9849,1.0000,0.0434,-0.0234,285.1137,110.4981,0.0000,0.1288,0.1288,-0.0705,0.0000,0.0000,-0.0141,-0.0056,0.0000
-0.0223,1.0312,1.0000,0.0350,-0.0234,285.1993,110.4447,0.0000,0.1312,0.1312,-0.0682,0.0000,0.0000,-0.0141,-0.0056,0.0000
0.0146,0.9744,1.0000,0.0267,-0.0234,285.2811,110.3821,0.0000,0.1281,0.1281,-0.0637,0.0000,0.0000,-0.0141,-0.0056,0.0000
0.0055,1.0016,1.0000,0.0183,-0.0234,285.3720,110.3316,0.0000,0.1367,0.1367,-0.0609,0.0000,0.0000,-0.0141,-0.0056,0.0000
-0.0175,1.0218,1.0000,0.0253,-0.0080,285.4548,110.2843,0.0000,0.1448,0.1448,-0.0355,0.0000,0.0000,-0.0048,-0.0019,0.0000
-0.0445,1.0322,1.0000,0.0169,-0.0080,285.5437,110.2341,0.0000,0.1552,0.1552,-0.0338,0.0000,0.0000,-0.0048,-0.0019,0.0000
0.0430,0.9462,1.0000,0.0085,-0.0080,285.6267,110.1782,0.0000,0.1593,0.1593,-0.0316,0.0000,0.0000,-0.0048,-0.0019,0.0000
0.0024,1.0134,1.0000,0.0001,-0.0284,285.7113,110.1300,0.0000,0.1684,0.1684,-0.0291,0.0000,0.0000,-0.0171,-0.0068,0.0000
0.0071,0.9926,1.0000,-0.0082,-0.0284,285.7907,110.0801,0.0000,0.1735,0.1735,-0.0284,0.0000,0.0000,-0.0171,-0.0068,0.0000
0.0425,0.9670,1.0000,-0.0166,-0.0284,285.8830,110.0285,0.0000,0.1845,0.1845,-0.0281,0.0000,0.0000,-0.0171,-0.0068,0.0000
0.1509,0.9302,1.0000,-0.0250,-0.0284,285.9683,109.9714,0.0000,0.1874,0.1874,-0.0270,0.0000,0.0000,-0.0171,-0.0068,0.0000
-0.0120,1.0480,1.0000,-0.0332,-0.0281,286.0514,109.9285,0.0000,0.1972,0.1972,-0.0284,0.0000,0.0000,-0.0170,-0.0068,0.0000
-0.0310,1.0181,1.0000,-0.0416,-0.0281,286.1345,109.8812,0.0000,0.2057,0.2057,-0.0299,0.0000,0.0000,-0.0170,-0.0068,0.0000
0.0615,0.9257,1.0000,-0.0500,-0.0281,286.2131,109.8269,0.0000,0.2071,0.2071,-0.0308,0.0000,0.0000,-0.0170,-0.0068,0.0000
0.0776,0.9469,1.0000,-0.0584,-0.0281,286.2966,109.7819,0.0000,0.2159,0.2159,-0.0345,0.0000,0.0000,-0.0170,-0.0068,0.0000
0.0725,0.9477,1.0000,-0.0668,-0.0281,286.3798,109.7279,0.0000,0.2177,0.2177,-0.0377,0.0000,0.0000,-0.0170,-0.0068,0.0000
0.1040,0.9377,1.0000,-0.0752,-0.0281,286.4580,109.6700,0.0000,0.2138,0.2138,-0.0408,0.0000,0.0000,-0.0170,-0.0068,0.0000
0.0501,0.9820,1.0000,-0.0668,-0.0060,286.5339,109.6166,0.0000,0.2106,0.2106,-0.0491,0.0000,0.0000,-0.0036,-0.0014,0.0000
0.0485,0.9647,1.0000,-0.0752,-0.0060,286.6079,109.5602,0.0000,0.2045,0.2045,-0.0537,0.0000,0.0000,-0.0036,-0.0014,0.0000
0.1715,0.9197,1.0000,-0.0782,-0.0060,286.6882,109.5038,0.0000,0.2028,0.2028,-0.0583,0.0000,0.0000,-0.0036,-0.0014,0.0000
0.1210,0.9228,1.0000,-0.0739,-0.0060,286.7592,109.4528,0.0000,0.1992,0.1992,-0.0624,0.0000,0.0000,-0.0036,-0.0014,0.0000
0.0602,0.9716,1.0000,-0.0684,-0.0060,286.8246,109.4024,0.0000,0.1912,0.1912,-0.0670,0.0000,0.0000,-0.0036,-0.0014,0.0000
0.1926,0.8663,1.0000,-0.0613,-0.0060,286.9027,109.3467,0.0000,0.1914,0.1914,-0.0715,0.0000,0.0000,-0.0036,-0.0014,0.0000
0.2000,0.8184,1.0000,-0.0529,-0.0060,286.9783,109.2864,0.0000,0.1848,0.1848,-0.0759,0.0000,0.0000,-0.0036,-0.0014,0.0000
0.1032,0.9504,1.0000,-0.0452,-0.0066,287.0438,109.2302,0.0000,0.1688,0.1688,-0.0819,0.0000,0.0000,-0.0040,-0.0016,0.0000
0.0704,0.9587,1.0000,-0.0368,-0.0066,287.1211,109.1756,0.0000,0.1653,0.1653,-0.0861,0.0000,0.0000,-0.0040,-0.0016,0.0000
0.2009,0.8562,1.0000,-0.0284,-0.0066,287.1926,109.1226,0.0000,0.1652,0.1652,-0.0896,0.0000,0.0000,-0.0040,-0.0016,0.0000
0.1154,0.9368,1.0000,-0.0200,-0.0066,287.2609,109.0751,0.0000,0.1597,0.1597,-0.0927,0.0000,0.0000,-0.0040,-0.0016,0.0000
0.1926,0.8817,1.0000,-0.0116,-0.0066,287.3285,109.0200,0.0000,0.1543,0.1543,-0.0949,0.0000,0.0000,-0.0040,-0.0016,0.0000
0.2000,0.8237,1.0000,-0.0032,-0.0066,287.3961,108.9660,0.0000,0.1501,0.1501,-0.0968,0.0000,0.0000,-0.0040,-0.0016,0.0000
0.1891,0.8646,1.0000,0.0052,-0.0066,287.4641,108.9081,0.0000,0.1385,0.1385,-0.0979,0.0000,0.0000,-0.0040,-0.0016,0.0000
0.1999,0.8580,1.0000,0.0136,-0.0066,287.5331,108.8537,0.0000,0.1332,0.1332,-0.0979,0.0000,0.0000,-0.0040,-0.0016,0.0000
0.1680,0.8845,1.0000,0.0137,-0.0149,287.6053,108.7984,0.0000,0.1254,0.1254,-0.1152,0.0000,0.0000,-0.0090,-0.0036,0.0000
0.1932,0.8720,1.0000,0.0221,-0.0149,287.6725,108.7432,0.0000,0.1179,0.1179,-0.1141,0.0000,0.0000,-0.0090,-0.0036,0.0000
0.1598,0.9015,1.0000,0.0305,-0.0149,287.7486,108.6948,0.0000,0.1182,0.1182,-0.1138,0.0000,0.0000,-0.0090,-0.0036,0.0000
0.1999,0.8622,1.0000,0.0344,-0.0193,287.8165,108.6451,0.0000,0.1172,0.1172,-0.1124,0.0000,0.0000,-0.0116,-0.0046,0.0000
0.1587,0.8935,1.0000,0.0428,-0.0193,287.8939,108.5836,0.0000,0.1077,0.1077,-0.1109,0.0000,0.0000,-0.0116,-0.0046,0.0000
0.1934,0.8350,1.0000,0.0512,-0.0193,287.9685,108.5339,0.0000,0.1115,0.1115,-0.1092,0.0000,0.0000,-0.0116,-0.0046,0.0000
0.0796,0.9804,1.0000,0.0596,-0.0092,288.0425,108.4793,0.0000,0.1024,0.1024,-0.0839,0.0000,0.0000,-0.0055,-0.0022,0.0000
0.1735,0.8897,1.0000,0.0512,-0.0092,288.1144,108.4267,0.0000,0.1054,0.1054,-0.0812,0.0000,0.0000,-0.0055,-0.0022,0.0000
0.1646,0.9124,1.0000,0.0428,-0.0092,288.1988,108.3738,0.0000,0.1105,0.1105,-0.0788,0.0000,0.0000,-0.0055,-0.0022,0.0000
0.1879,0.8847,1.0000,0.0463,0.0028,288.2707,108.3188,0.0000,0.1091,0.1091,-0.0754,0.0000,0.0000,0.0017,0.0007,0.0000
0.0818,0.9889,1.0000,0.0379,0.0028,288.3448,108.2685,0.0000,0.1078,0.1078,-0.0728,0.0000,0.0000,0.0017,0.0007,0.0000
0.1756,0.8981,1.0000,0.0295,0.0028,288.4161,108.2145,0.0000,0.1088,0.1088,-0.0701,0.0000,0.0000,0.0017,0.0007,0.0000
0.1556,0.8893,1.0000,0.0379,0.0232,288.4935,108.1632,0.0000,0.1134,0.1134,-0.0401,0.0000,0.0000,0.0140,0.0056,0.0000
0.1625,0.8872,1.0000,0.0295,0.0232,288.5635,108.1112,0.0000,0.1143,0.1143,-0.0377,0.0000,0.0000,0.0140,0.0056,0.0000
0.1195,0.9223,1.0000,0.0211,0.0232,288.6367,108.0581,0.0000,0.1154,0.1154,-0.0357,0.0000,0.0000,0.0140,0.0056,0.0000
0.1991,0.8644,1.0000,0.0139,0.0244,288.7204,108.0062,0.0000,0.1254,0.1254,-0.0335,0.0000,0.0000,0.0147,0.0059,0.0000
0.1551,0.8969,1.0000,0.0055,0.0244,288.7926,107.9585,0.0000,0.1301,0.1301,-0.0323,0.0000,0.0000,0.0147,0.0059,0.0000
0.0631,0.9776,1.0000,-0.0029,0.0244,288.8683,107.9084,0.0000,0.1341,0.1341,-0.0310,0.0000,0.0000,0.0147,0.0059,0.0000
0.2004,0.8591,1.0000,-0.0113,-0.0037,288.9468,107.8575,0.0000,0.1416,0.1416,-0.0607,0.0000,0.0000,-0.0022,-0.0009,0.0000
0.2003,0.8997,1.0000,-0.0193,-0.0037,289.0279,107.8028,0.0000,0.1419,0.1419,-0.0601,0.0000,0.0000,-0.0022,-0.0009,0.0000
0.1995,0.9285,1.0000,-0.0273,-0.0037,289.1092,107.7485,0.0000,0.1423,0.1423,-0.0610,0.0000,0.0000,-0.0022,-0.0009,0.0000
0.1591,0.9699,1.0094,-0.0242,-0.0011,289.1833,107.6866,0.0000,0.1324,0.1324,-0.0610,0.0000,0.0000,-0.0007,-0.0003,0.0000
0.1533,0.9687,1.0178,-0.0300,-0.0011,289.2670,107.6372,0.0000,0.1382,0.1382,-0.0637,0.0000,0.0000,-0.0007,-0.0003,0.0000
0.1932,0.9576,1.0254,-0.0300,0.0005,289.3447,107.5791,0.0000,0.1346,0.1346,-0.0614,0.0000,0.0000,0.0003,0.0001,0.0000
0.1700,0.9621,1.0322,-0.0227,0.0005,289.4254,107.5209,0.0000,0.1321,0.1321,-0.0632,0.0000,0.0000,0.0003,0.0001,0.0000
0.1701,0.9613,1.0384,-0.0143,0.0005,289.4965,107.4675,0.0000,0.1277,0.1277,-0.0659,0.0000,0.0000,0.0003,0.0001,0.0000
0.1433,0.9859,1.0439,-0.0059,0.0005,289.5769,107.4085,0.0000,0.1238,0.1238,-0.0674,0.0000,0.0000,0.0003,0.0001,0.0000
0.2000,0.8820,1.0489,-0.0056,0.0005,289.6514,107.3571,0.0000,0.1270,0.1270,-0.0693,0.0000,0.0000,0.0003,0.0001,0.0000
0.1560,0.9879,1.0534,0.0027,0.0005,289.7273,107.2961,0.0000,0.1167,0.1167,-0.0693,0.0000,0.0000,0.0003,0.0001,0.0000
0.2000,0.8967,1.0574,-0.0057,-0.0043,289.8020,107.2384,0.0000,0.1156,0.1156,-0.0589,0.0000,0.0000,-0.0026,-0.0010,0.0000
0.1839,0.9657,1.0610,-0.0048,-0.0043,289.8787,107.1773,0.0000,0.1081,0.1081,-0.0596,0.0000,0.0000,-0.0026,-0.0010,0.0000
0.2000,0.9356,1.0643,-0.0131,-0.0043,289.9569,107.1235,0.0000,0.1108,0.1108,-0.0591,0.0000,0.0000,-0.0026,-0.0010,0.0000
0.1811,0.9722,1.0672,-0.0082,-0.0043,290.0377,107.0638,0.0000,0.1077,0.1077,-0.0600,0.0000,0.0000,-0.0026,-0.0010,0.0000
0.1997,0.9410,1.0699,-0.0130,-0.0043,290.1178,107.0071,0.0000,0.1091,0.1091,-0.0599,0.0000,0.0000,-0.0026,-0.0010,0.0000
0.1998,0.9961,1.0723,-0.0070,0.0099,290.1948,106.9415,0.0000,0.0998,0.0998,-0.0450,0.0000,0.0000,0.0060,0.0024,0.0000
0.1939,0.9728,1.0744,-0.0154,0.0099,290.2786,106.8841,0.0000,0.1036,0.1036,-0.0455,0.0000,0.0000,0.0060,0.0024,0.0000
0.1462,1.0029,1.0763,-0.0156,0.0099,290.3511,106.8290,0.0000,0.1012,0.1012,-0.0463,0.0000,0.0000,0.0060,0.0024,0.0000
0.1301,1.0069,1.0781,-0.0198,0.0099,290.4403,106.7709,0.0000,0.1070,0.1070,-0.0468,0.0000,0.0000,0.0060,0.0024,0.0000
0.2000,0.9024,1.0796,-0.0207,0.0099,290.5210,106.7135,0.0000,0.1102,0.1102,-0.0492,0.0000,0.0000,0.0060,0.0024,0.0000
-0.0136,1.0554,1.0717,-0.0255,-0.0032,290.5992,106.6568,0.0000,0.1045,0.1045,-0.0748,0.0000,0.0000,-0.0019,-0.0008,0.0000
0.2000,0.9809,1.0739,-0.0171,-0.0032,290.6815,106.6044,0.0000,0.1103,0.1103,-0.0769,0.0000,0.0000,-0.0019,-0.0008,0.0000
0.2003,0.9575,1.0758,-0.0087,-0.0032,290.7576,106.5424,0.0000,0.1038,0.1038,-0.0775,0.0000,0.0000,-0.0019,-0.0008,0.0000
0.0720,0.9662,1.0683,-0.0003,-0.0022,290.8352,106.4755,0.0000,0.0925,0.0925,-0.0788,0.0000,0.0000,-0.0013,-0.0005,0.0000
0.0589,0.9733,1.0614,0.0081,-0.0022,290.9222,106.4189,0.0000,0.0950,0.0950,-0.0801,0.0000,0.0000,-0.0013,-0.0005,0.0000
0.0109,1.0163,1.0553,0.0165,-0.0022,291.0064,106.3664,0.0000,0.0976,0.0976,-0.0816,0.0000,0.0000,-0.0013,-0.0005,0.0000
-0.0105,1.0276,1.0498,0.0249,-0.0022,291.0879,106.3019,0.0000,0.0918,0.0918,-0.0802,0.0000,0.0000,-0.0013,-0.0005,0.0000
0.0639,0.9828,1.0448,0.0333,0.0013,291.1758,106.2494,0.0000,0.1006,0.1006,-0.0838,0.0000,0.0000,0.0008,0.0003,0.0000
-0.0055,1.0310,1.0403,0.0416,0.0013,291.2586,106.1883,0.0000,0.0970,0.0970,-0.0811,0.0000,0.0000,0.0008,0.0003,0.0000
-0.0060,1.0143,1.0363,0.0500,0.0013,291.3451,106.1182,0.0000,0.0904,0.0904,-0.0792,0.0000,0.0000,0.0008,0.0003,0.0000
-0.0128,1.0213,1.0326,0.0584,0.0013,291.4296,106.0620,0.0000,0.0933,0.0933,-0.0769,0.0000,0.0000,0.0008,0.0003,0.0000
-0.1023,1.1039,1.0294,0.0629,0.0013,291.5172,106.0035,0.0000,0.0933,0.0933,-0.0745,0.0000,0.0000,0.0008,0.0003,0.0000
-0.0305,1.0067,1.0264,0.0545,0.0013,291.6086,105.9446,0.0000,0.1019,0.1019,-0.0719,0.0000,0.0000,0.0008,0.0003,0.0000
-0.0449,1.0461,1.0238,0.0481,0.0033,291.6931,105.8918,0.0000,0.1076,0.1076,-0.0537,0.0000,0.0000,0.0020,0.0008,0.0000
-0.1239,1.0791,1.0214,0.0397,0.0033,291.7721,105.8430,0.0000,0.1153,0.1153,-0.0496,0.0000,0.0000,0.0020,0.0008,0.0000
-0.0161,0.9906,1.0193,0.0313,0.0033,291.8611,105.7827,0.0000,0.1216,0.1216,-0.0467,0.0000,0.0000,0.0020,0.0008,0.0000
0.1130,0.9235,1.0174,0.0229,0.0033,291.9464,105.7228,0.0000,0.1258,0.1258,-0.0431,0.0000,0.0000,0.0020,0.0008,0.0000
-0.0028,1.0344,1.0156,0.0145,0.0033,292.0310,105.6658,0.0000,0.1275,0.1275,-0.0409,0.0000,0.0000,0.0020,0.0008,0.0000
-0.0258,1.0344,1.0141,0.0061,0.0033,292.1150,105.6088,0.0000,0.1309,0.1309,-0.0390,0.0000,0.0000,0.0020,0.0008,0.0000
-0.0184,1.0118,1.0126,-0.0023,0.0033,292.2026,105.5533,0.0000,0.1380,0.1380,-0.0376,0.0000,0.0000,0.0020,0.0008,0.0000
-0.0118,1.0074,1.0114,-0.0107,-0.0055,292.2913,105.4934,0.0000,0.1409,0.1409,-0.0434,0.0000,0.0000,-0.0033,-0.0013,0.0000
-0.0275,1.0286,1.0102,-0.0191,-0.0055,292.3738,105.4432,0.0000,0.1475,0.1475,-0.0425,0.0000,0.0000,-0.0033,-0.0013,0.0000
-0.0968,1.0613,1.0092,-0.0275,-0.0055,292.4608,105.3936,0.0000,0.1556,0.1556,-0.0440,0.0000,0.0000,-0.0033,-0.0013,0.0000
0.0226,0.9587,1.0083,-0.0283,0.0021,292.5378,105.3268,0.0000,0.1478,0.1478,-0.0437,0.0000,0.0000,0.0013,0.0005,0.0000
0.0181,0.9915,1.0075,-0.0367,0.0021,292.6172,105.2684,0.0000,0.1444,0.1444,-0.0452,0.0000,0.0000,0.0013,0.0005,0.0000
0.0002,1.0099,1.0067,-0.0451,0.0021,292.6974,105.2186,0.0000,0.1475,0.1475,-0.0491,0.0000,0.0000,0.0013,0.0005,0.0000
0.0257,0.9770,1.0060,-0.0404,0.0153,292.7727,105.1564,0.0000,0.1411,0.1411,-0.0275,0.0000,0.0000,0.0092,0.0037,0.0000
0.1443,0.9338,1.0054,-0.0488,0.0153,292.8536,105.0977,0.0000,0.1411,0.1411,-0.0306,0.0000,0.0000,0.0092,0.0037,0.0000
0.0713,0.9689,1.0049,-0.0572,0.0153,292.9305,105.0444,0.0000,0.1414,0.1414,-0.0349,0.0000,0.0000,0.0092,0.0037,0.0000
0.0329,0.9908,1.0044,-0.0594,0.0153,293.0065,104.9834,0.0000,0.1358,0.1358,-0.0376,0.0000,0.0000,0.0092,0.0037,0.0000
0.1583,0.9267,1.0040,-0.0510,0.0153,293.0795,104.9196,0.0000,0.1280,0.1280,-0.0398,0.0000,0.0000,0.0092,0.0037,0.0000
0.0832,0.9661,1.0036,-0.0426,0.0153,293.1581,104.8637,0.0000,0.1264,0.1264,-0.0452,0.0000,0.0000,0.0092,0.0037,0.0000
0.0637,0.9616,1.0032,-0.0342,0.0153,293.2290,104.8086,0.0000,0.1224,0.1224,-0.0493,0.0000,0.0000,0.0092,0.0037,0.0000
0.0642,0.9544,1.0029,-0.0329,0.0082,293.3064,104.7488,0.0000,0.1170,0.1170,-0.0743,0.0000,0.0000,0.0050,0.0020,0.0000
0.1886,0.8902,1.0026,-0.0245,0.0082,293.3855,104.6851,0.0000,0.1122,0.1122,-0.0763,0.0000,0.0000,0.0050,0.0020,0.0000
0.0928,0.9699,1.0023,-0.0161,0.0082,293.4645,104.6291,0.0000,0.1075,0.1075,-0.0794,0.0000,0.0000,0.0050,0.0020,0.0000
0.0190,1.0067,1.0021,-0.0077,0.0082,293.5375,104.5698,0.0000,0.0984,0.0984,-0.0820,0.0000,0.0000,0.0050,0.0020,0.0000
0.0494,0.9592,1.0019,0.0007,0.0082,293.6106,104.5174,0.0000,0.0988,0.0988,-0.0838,0.0000,0.0000,0.0050,0.0020,0.0000
0.1428,0.9325,1.0017,0.0075,0.0067,293.6837,104.4630,0.0000,0.0971,0.0971,-0.0815,0.0000,0.0000,0.0040,0.0016,0.0000
0.1769,0.8908,1.0015,0.0159,0.0067,293.7605,104.4089,0.0000,0.0988,0.0988,-0.0826,0.0000,0.0000,0.0040,0.0016,0.0000
0.1422,0.9030,1.0014,0.0243,0.0067,293.8303,104.3479,0.0000,0.0897,0.0897,-0.0811,0.0000,0.0000,0.0040,0.0016,0.0000
0.1062,0.9312,1.0012,0.0327,0.0067,293.9030,104.2979,0.0000,0.0897,0.0897,-0.0817,0.0000,0.0000,0.0040,0.0016,0.0000
0.1182,0.9182,1.0011,0.0411,0.0067,293.9768,104.2381,0.0000,0.0854,0.0854,-0.0792,0.0000,0.0000,0.0040,0.0016,0.0000
0.1998,0.8751,1.0010,0.0495,0.0067,294.0444,104.1768,0.0000,0.0772,0.0772,-0.0772,0.0000,0.0000,0.0040,0.0016,0.0000
0.1106,0.9417,1.0009,0.0579,0.0067,294.1131,104.1308,0.0000,0.0772,0.0772,-0.0767,0.0000,0.0000,0.0040,0.0016,0.0000
0.1662,0.9042,1.0008,0.0663,0.0067,294.1870,104.0759,0.0000,0.0784,0.0784,-0.0733,0.0000,0.0000,0.0040,0.0016,0.0000
0.2000,0.8204,1.0007,0.0713,0.0034,294.2573,104.0277,0.0000,0.0832,0.0832,-0.0750,0.0000,0.0000,0.0020,0.0008,0.0000
0.1608,0.9133,1.0007,0.0797,0.0034,294.3285,103.9696,0.0000,0.0754,0.0754,-0.0706,0.0000,0.0000,0.0020,0.0008,0.0000
0.1995,0.8460,1.0006,0.0713,0.0034,294.4027,103.9206,0.0000,0.0821,0.0821,-0.0672,0.0000,0.0000,0.0020,0.0008,0.0000
0.2003,0.9113,1.0005,0.0629,0.0034,294.4802,103.8651,0.0000,0.0813,0.0813,-0.0630,0.0000,0.0000,0.0020,0.0008,0.0000
0.1912,0.8836,1.0005,0.0545,0.0034,294.5536,103.8162,0.0000,0.0865,0.0865,-0.0588,0.0000,0.0000,0.0020,0.0008,0.0000
0.1405,0.9459,1.0004,0.0461,-0.0014,294.6296,103.7699,0.0000,0.0912,0.0912,-0.0688,0.0000,0.0000,-0.0008,-0.0003,0.0000
0.1999,0.8767,1.0004,0.0377,-0.0014,294.7139,103.7134,0.0000,0.0968,0.0968,-0.0645,0.0000,0.0000,-0.0008,-0.0003,0.0000
0.2000,0.8835,1.0004,0.0295,-0.0014,294.7907,103.6707,0.0000,0.1062,0.1062,-0.0616,0.0000,0.0000,-0.0008,-0.0003,0.0000
0.0730,1.0084,1.0003,0.0212,-0.0014,294.8613,103.6240,0.0000,0.1052,0.1052,-0.0592,0.0000,0.0000,-0.0008,-0.0003,0.0000
0.2000,0.8737,1.0003,0.0129,-0.0014,294.9359,103.5728,0.0000,0.1104,0.1104,-0.0569,0.0000,0.0000,-0.0008,-0.0003,0.0000
0.2001,0.8399,1.0003,0.0045,-0.0014,295.0066,103.5309,0.0000,0.1172,0.1172,-0.0563,0.0000,0.0000,-0.0008,-0.0003,0.0000
0.2009,0.8977,1.0002,-0.0039,-0.0354,295.0841,103.4823,0.0000,0.1203,0.1203,-0.0485,0.0000,0.0000,-0.0213,-0.0085,0.0000
0.2000,0.8150,1.0002,-0.0123,-0.0354,295.1563,103.4283,0.0000,0.1204,0.1204,-0.0459,0.0000,0.0000,-0.0213,-0.0085,0.0000
0.1718,0.9079,1.0002,-0.0207,-0.0354,295.2312,103.3832,0.0000,0.1237,0.1237,-0.0469,0.0000,0.0000,-0.0213,-0.0085,0.0000
0.1502,0.8939,1.0002,-0.0291,-0.0354,295.3087,103.3368,0.0000,0.1301,0.1301,-0.0475,0.0000,0.0000,-0.0213,-0.0085,0.0000
0.1995,0.8659,1.0002,-0.0375,-0.0354,295.3844,103.2843,0.0000,0.1306,0.1306,-0.0487,0.0000,0.0000,-0.0213,-0.0085,0.0000
0.1984,0.8958,1.0001,-0.0459,-0.0354,295.4607,103.2338,0.0000,0.1314,0.1314,-0.0501,0.0000,0.0000,-0.0213,-0.0085,0.0000
0.1385,0.9131,1.0001,-0.0480,-0.0291,295.5343,103.1804,0.0000,0.1295,0.1295,-0.0359,0.0000,0.0000,-0.0176,-0.0070,0.0000
0.1539,0.9069,1.0001,-0.0563,-0.0291,295.6082,103.1267,0.0000,0.1283,0.1283,-0.0381,0.0000,0.0000,-0.0176,-0.0070,0.0000
0.2001,0.9009,1.0001,-0.0647,-0.0291,295.6806,103.0722,0.0000,0.1254,0.1254,-0.0410,0.0000,0.0000,-0.0176,-0.0070,0.0000
0.2006,0.9058,1.0001,-0.0728,-0.0291,295.7544,103.0186,0.0000,0.1234,0.1234,-0.0445,0.0000,0.0000,-0.0176,-0.0070,0.0000
0.1683,0.8975,1.0001,-0.0734,-0.0291,295.8272,102.9628,0.0000,0.1194,0.1194,-0.0483,0.0000,0.0000,-0.0176,-0.0070,0.0000
0.1392,0.9040,1.0001,-0.0650,-0.0291,295.8996,102.9048,0.0000,0.1127,0.1127,-0.0525,0.0000,0.0000,-0.0176,-0.0070,0.0000
0.1287,0.9097,1.0001,-0.0566,0.0304,295.9740,102.8497,0.0000,0.1084,0.1084,-0.0781,0.0000,0.0000,0.0183,0.0073,0.0000
0.1138,0.9194,1.0001,-0.0482,0.0304,296.0426,102.7942,0.0000,0.0999,0.0999,-0.0814,0.0000,0.0000,0.0183,0.0073,0.0000
0.1191,0.9171,1.0001,-0.0398,0.0304,296.1091,102.7340,0.0000,0.0861,0.0861,-0.0862,0.0000,0.0000,0.0183,0.0073,0.0000
0.1953,0.8748,1.0000,-0.0314,0.0304,296.1873,102.6675,0.0000,0.0760,0.0760,-0.0901,0.0000,0.0000,0.0183,0.0073,0.0000
0.1582,0.8907,1.0000,-0.0230,0.0304,296.2642,102.6111,0.0000,0.0712,0.0712,-0.0934,0.0000,0.0000,0.0183,0.0073,0.0000
0.0219,1.0184,1.0000,-0.0146,0.0304,296.3324,102.5552,0.0000,0.0566,0.0566,-0.0962,0.0000,0.0000,0.0183,0.0073,0.0000
0.0591,0.9441,1.0000,-0.0101,0.0264,296.4073,102.4954,0.0000,0.0518,0.0518,-0.1102,0.0000,0.0000,0.0159,0.0064,0.0000
0.1782,0.8749,1.0000,-0.0017,0.0264,296.4829,102.4346,0.0000,0.0468,0.0468,-0.1119,0.0000,0.0000,0.0159,0.0064,0.0000
0.0968,0.9498,1.0000,0.0067,0.0264,296.5580,102.3785,0.0000,0.0376,0.0376,-0.1130,0.0000,0.0000,0.0159,0.0064,0.0000
0.0666,0.9614,1.0000,0.0151,0.0264,296.6284,102.3200,0.0000,0.0277,0.0277,-0.1134,0.0000,0.0000,0.0159,0.0064,0.0000
0.1081,0.9289,1.0000,0.0235,0.0264,296.6997,102.2556,0.0000,0.0166,0.0166,-0.1120,0.0000,0.0000,0.0159,0.0064,0.0000
0.1688,0.9081,1.0000,0.0319,0.0264,296.7703,102.1996,0.0000,0.0107,0.0107,-0.1126,0.0000,0.0000,0.0159,0.0064,0.0000
0.0972,0.9520,1.0000,0.0235,-0.0160,296.8469,102.1489,0.0000,0.0094,0.0094,-0.1138,0.0000,0.0000,-0.0096,-0.0038,0.0000
0.1829,0.8931,1.0000,0.0319,-0.0160,296.9224,102.0901,0.0000,0.0071,0.0071,-0.1114,0.0000,0.0000,-0.0096,-0.0038,0.0000
0.1416,0.9117,1.0000,0.0403,-0.0160,297.0004,102.0387,0.0000,0.0072,0.0072,-0.1107,0.0000,0.0000,-0.0096,-0.0038,0.0000
0.0971,0.9486,1.0000,0.0487,-0.0160,297.0800,101.9886,0.0000,0.0085,0.0085,-0.1094,0.0000,0.0000,-0.0096,-0.0038,0.0000
0.1000,0.9271,1.0000,0.0571,-0.0160,297.1513,101.9279,0.0000,0.0008,0.0008,-0.1056,0.0000,0.0000,-0.0096,-0.0038,0.0000
0.0950,0.9329,1.0000,0.0655,-0.0160,297.2249,101.8753,0.0000,-0.0017,-0.0017,-0.1047,0.0000,0.0000,-0.0096,-0.0038,0.0000
0.0974,0.9293,1.0000,0.0739,-0.0132,297.2978,101.8100,0.0000,-0.0129,-0.0129,-0.0928,0.0000,0.0000,-0.0080,-0.0032,0.0000
0.1864,0.8974,1.0000,0.0823,-0.0132,297.3733,101.7577,0.0000,-0.0105,-0.0105,-0.0893,0.0000,0.0000,-0.0080,-0.0032,0.0000
0.0801,0.9689,1.0000,0.0907,-0.0132,297.4543,101.7082,0.0000,-0.0082,-0.0082,-0.0877,0.0000,0.0000,-0.0080,-0.0032,0.0000
0.1961,0.9125,1.0000,0.0991,-0.0132,297.5337,101.6605,0.0000,0.0015,0.0015,-0.0838,0.0000,0.0000,-0.0080,-0.0032,0.0000
0.1178,0.9419,1.0000,0.1075,-0.0132,297.6099,101.6129,0.0000,0.0059,0.0059,-0.0794,0.0000,0.0000,-0.0080,-0.0032,0.0000
0.1097,0.9218,1.0000,0.1159,-0.0132,297.6901,101.5657,0.0000,0.0152,0.0152,-0.0744,0.0000,0.0000,-0.0080,-0.0032,0.0000
0.1997,0.8931,1.0000,0.1243,0.0041,297.7621,101.5066,0.0000,0.0114,0.0114,-0.0620,0.0000,0.0000,0.0024,0.0010,0.0000
0.1283,0.9275,1.0000,0.1274,0.0041,297.8391,101.4590,0.0000,0.0166,0.0166,-0.0581,0.0000,0.0000,0.0024,0.0010,0.0000
0.1104,0.9231,1.0000,0.1215,0.0041,297.9143,101.4055,0.0000,0.0190,0.0190,-0.0504,0.0000,0.0000,0.0024,0.0010,0.0000
0.1634,0.8996,1.0000,0.1131,0.0041,297.9960,101.3639,0.0000,0.0338,0.0338,-0.0457,0.0000,0.0000,0.0024,0.0010,0.0000
0.1243,0.9176,1.0000,0.1047,0.0041,298.0748,101.3105,0.0000,0.0377,0.0377,-0.0381,0.0000,0.0000,0.0024,0.0010,0.0000
0.1374,0.9131,1.0000,0.0963,0.0041,298.1505,101.2765,0.0000,0.0558,0.0558,-0.0315,0.0000,0.0000,0.0024,0.0010,0.0000
0.0902,0.9457,1.0000,0.1047,0.0638,298.2304,101.2198,0.0000,0.0588,0.0588,0.0171,0.0000,0.0000,0.0385,0.0154,0.0000
0.2000,0.8304,1.0000,0.0963,0.0638,298.2869,101.1905,0.0000,0.0688,0.0688,0.0176,0.0000,0.0000,0.0385,0.0154,0.0000
0.0819,0.9721,1.0000,0.0879,0.0638,298.3468,101.1389,0.0000,0.0681,0.0681,0.0239,0.0000,0.0000,0.0385,0.0154,0.0000
0.2000,0.6316,1.0000,0.0795,0.0638,298.4189,101.0939,0.0000,0.0732,0.0732,0.0286,0.0000,0.0000,0.0385,0.0154,0.0000
0.2000,0.7821,1.0000,0.0711,0.0638,298.4970,101.0307,0.0000,0.0730,0.0730,0.0307,0.0000,0.0000,0.0385,0.0154,0.0000
0.2000,0.8441,1.0000,0.0628,0.0638,298.5928,100.9945,0.0000,0.1045,0.1045,0.0344,0.0000,0.0000,0.0385,0.0154,0.0000
0.0667,0.9951,1.0000,0.0544,-0.0317,298.6900,100.9542,0.0000,0.1279,0.1279,-0.0409,0.0000,0.0000,-0.0191,-0.0076,0.0000
0.0009,1.0205,1.0000,0.0461,-0.0317,298.7794,100.8948,0.0000,0.1274,0.1274,-0.0361,0.0000,0.0000,-0.0191,-0.0076,0.0000
-0.0484,1.0528,1.0000,0.0377,-0.0317,298.8724,100.8514,0.0000,0.1408,0.1408,-0.0345,0.0000,0.0000,-0.0191,-0.0076,0.0000
-0.1161,1.0651,1.0000,0.0293,-0.0317,298.9581,100.7950,0.0000,0.1421,0.1421,-0.0281,0.0000,0.0000,-0.0191,-0.0076,0.0000
-0.0494,1.0189,1.0000,0.0377,0.0170,299.0416,100.7424,0.0000,0.1440,0.1440,0.0248,0.0000,0.0000,0.0102,0.0041,0.0000
-0.0326,1.0175,1.0000,0.0293,0.0170,299.1278,100.7018,0.0000,0.1621,0.1621,0.0277,0.0000,0.0000,0.0102,0.0041,0.0000
0.0090,0.9784,1.0000,0.0209,0.0170,299.2137,100.6546,0.0000,0.1738,0.1738,0.0297,0.0000,0.0000,0.0102,0.0041,0.0000
0.0731,0.9471,1.0000,0.0125,0.0109,299.2978,100.6087,0.0000,0.1856,0.1856,0.0322,0.0000,0.0000,0.0066,0.0026,0.0000
0.0499,0.9728,1.0000,0.0041,0.0109,299.3950,100.5554,0.0000,0.2004,0.2004,0.0353,0.0000,0.0000,0.0066,0.0026,0.0000
0.0745,0.9509,1.0000,-0.0043,0.0109,299.4746,100.5080,0.0000,0.2073,0.2073,0.0353,0.0000,0.0000,0.0066,0.0026,0.0000
-0.0974,1.1006,1.0000,-0.0127,-0.0020,299.5541,100.4634,0.0000,0.2176,0.2176,0.0162,0.0000,0.0000,-0.0012,-0.0005,0.0000
0.0643,0.9182,1.0000,-0.0210,-0.0020,299.6401,100.4215,0.0000,0.2289,0.2289,0.0142,0.0000,0.0000,-0.0012,-0.0005,0.0000
0.1706,0.9045,1.0000,-0.0294,-0.0020,299.7298,100.3970,0.0000,0.2594,0.2594,0.0152,0.0000,0.0000,-0.0012,-0.0005,0.0000
0.1063,0.9466,1.0000,-0.0341,0.0018,299.8122,100.3577,0.0000,0.2738,0.2738,0.0157,0.0000,0.0000,0.0011,0.0004,0.0000
0.1055,0.9236,1.0000,-0.0424,0.0018,299.8791,100.2985,0.0000,0.2622,0.2622,0.0155,0.0000,0.0000,0.0011,0.0004,0.0000
0.1642,0.9057,1.0000,-0.0508,0.0018,299.9367,100.2402,0.0000,0.2457,0.2457,0.0144,0.0000,0.0000,0.0011,0.0004,0.0000
0.1756,0.8855,1.0000,-0.0592,0.0018,300.0001,100.1761,0.0000,0.2287,0.2287,0.0156,0.0000,0.0000,0.0011,0.0004,0.0000
0.2000,0.8137,1.0000,-0.0676,-0.0223,300.0694,100.1236,0.0000,0.2203,0.2203,-0.0214,0.0000,0.0000,-0.0135,-0.0054,0.0000
0.1686,0.8929,1.0000,-0.0760,-0.0223,300.1464,100.0814,0.0000,0.2221,0.2221,-0.0283,0.0000,0.0000,-0.0135,-0.0054,0.0000
0.2003,0.8653,1.0000,-0.0844,-0.0223,300.2512,100.0400,0.0000,0.2426,0.2426,-0.0312,0.0000,0.0000,-0.0135,-0.0054,0.0000
0.1993,0.8670,1.0000,-0.0928,-0.0223,300.3464,99.9896,0.0000,0.2482,0.2482,-0.0382,0.0000,0.0000,-0.0135,-0.0054,0.0000
-0.0010,1.1149,1.0000,-0.0844,0.0248,300.4318,99.9331,0.0000,0.2417,0.2417,-0.0052,0.0000,0.0000,0.0149,0.0060,0.0000
-0.0908,1.0642,1.0000,-0.0928,0.0248,300.5058,99.8735,0.0000,0.2323,0.2323,-0.0100,0.0000,0.0000,0.0149,0.0060,0.0000
-0.0419,1.0149,1.0000,-0.0889,0.0248,300.5861,99.8197,0.0000,0.2308,0.2308,-0.0163,0.0000,0.0000,0.0149,0.0060,0.0000
0.0412,0.9433,1.0000,-0.0850,0.0248,300.6681,99.7577,0.0000,0.2253,0.2253,-0.0198,0.0000,0.0000,0.0149,0.0060,0.0000
0.0524,0.9583,1.0000,-0.0795,0.0248,300.7509,99.7062,0.0000,0.2265,0.2265,-0.0267,0.0000,0.0000,0.0149,0.0060,0.0000
-0.0005,1.0198,1.0000,-0.0745,0.0248,300.8353,99.6524,0.0000,0.2265,0.2265,-0.0323,0.0000,0.0000,0.0149,0.0060,0.0000
0.0317,0.9653,1.0000,-0.0695,0.0248,300.9163,99.5938,0.0000,0.2228,0.2228,-0.0373,0.0000,0.0000,0.0149,0.0060,0.0000
0.0187,0.9911,1.0000,-0.0779,-0.0056,300.9966,99.5354,0.0000,0.2152,0.2152,-0.0618,0.0000,0.0000,-0.0034,-0.0013,0.0000
0.0200,0.9844,1.0000,-0.0729,-0.0056,301.0821,99.4825,0.0000,0.2163,0.2163,-0.0665,0.0000,0.0000,-0.0034,-0.0013,0.0000
0.0204,0.9844,1.0000,-0.0680,-0.0056,301.1635,99.4209,0.0000,0.2079,0.2079,-0.0705,0.0000,0.0000,-0.0034,-0.0013,0.0000
0.0116,0.9950,1.0000,-0.0597,-0.0056,301.2382,99.3619,0.0000,0.1971,0.1971,-0.0756,0.0000,0.0000,-0.0034,-0.0013,0.0000
-0.0077,1.0127,1.0000,-0.0513,-0.0056,301.3158,99.3041,0.0000,0.1888,0.1888,-0.0801,0.0000,0.0000,-0.0034,-0.0013,0.0000
0.0495,0.9438,1.0000,-0.0429,-0.0056,301.3949,99.2413,0.0000,0.1808,0.1808,-0.0846,0.0000,0.0000,-0.0034,-0.0013,0.0000
0.0684,0.9590,1.0000,-0.0452,0.0005,301.4743,99.1841,0.0000,0.1747,0.1747,-0.0704,0.0000,0.0000,0.0003,0.0001,0.0000
0.0211,1.0016,1.0000,-0.0368,0.0005,301.5517,99.1290,0.0000,0.1700,0.1700,-0.0736,0.0000,0.0000,0.0003,0.0001,0.0000
0.0339,0.9695,1.0000,-0.0325,0.0005,301.6296,99.0800,0.0000,0.1735,0.1735,-0.0770,0.0000,0.0000,0.0003,0.0001,0.0000
0.0991,0.9411,1.0000,-0.0241,0.0005,301.7071,99.0219,0.0000,0.1693,0.1693,-0.0800,0.0000,0.0000,0.0003,0.0001,0.0000
0.1542,0.9106,1.0000,-0.0157,0.0005,301.7787,98.9583,0.0000,0.1579,0.1579,-0.0820,0.0000,0.0000,0.0003,0.0001,0.0000
0.0805,0.9601,1.0000,-0.0073,0.0005,301.8556,98.9000,0.0000,0.1505,0.1505,-0.0843,0.0000,0.0000,0.0003,0.0001,0.0000
0.0718,0.9496,1.0000,0.0011,0.0005,301.9335,98.8452,0.0000,0.1492,0.1492,-0.0862,0.0000,0.0000,0.0003,0.0001,0.0000
0.0626,0.9569,1.0000,0.0095,0.0219,302.0130,98.7881,0.0000,0.1458,0.1458,-0.0934,0.0000,0.0000,0.0132,0.0053,0.0000
0.0888,0.9436,1.0000,0.0179,0.0219,302.0915,98.7340,0.0000,0.1457,0.1457,-0.0939,0.0000,0.0000,0.0132,0.0053,0.0000
0.0568,0.9696,1.0000,0.0263,0.0219,302.1701,98.6721,0.0000,0.1383,0.1383,-0.0921,0.0000,0.0000,0.0132,0.0053,0.0000
0.0968,0.9451,1.0000,0.0347,0.0219,302.2425,98.6186,0.0000,0.1358,0.1358,-0.0923,0.0000,0.0000,0.0132,0.0053,0.0000
0.0341,0.9928,1.0000,0.0431,0.0219,302.3169,98.5623,0.0000,0.1302,0.1302,-0.0896,0.0000,0.0000,0.0132,0.0053,0.0000
0.1595,0.8926,1.0000,0.0514,0.0219,302.3882,98.5145,0.0000,0.1355,0.1355,-0.0891,0.0000,0.0000,0.0132,0.0053,0.0000
0.1153,0.9257,1.0000,0.0560,0.0181,302.4652,98.4562,0.0000,0.1302,0.1302,-0.0980,0.0000,0.0000,0.0109,0.0044,0.0000
0.2000,0.8500,1.0000,0.0636,0.0181,302.5405,98.4130,0.0000,0.1400,0.1400,-0.0970,0.0000,0.0000,0.0109,0.0044,0.0000
0.0949,0.9593,1.0000,0.0713,0.0181,302.6166,98.3563,0.0000,0.1314,0.1314,-0.0930,0.0000,0.0000,0.0109,0.0044,0.0000
0.1999,0.8614,1.0000,0.0629,0.0181,302.6927,98.3062,0.0000,0.1374,0.1374,-0.0903,0.0000,0.0000,0.0109,0.0044,0.0000
0.1154,0.9412,1.0000,0.0631,0.0181,302.7656,98.2512,0.0000,0.1301,0.1301,-0.0863,0.0000,0.0000,0.0109,0.0044,0.0000
0.1472,0.9052,1.0000,0.0549,0.0181,302.8424,98.2016,0.0000,0.1342,0.1342,-0.0831,0.0000,0.0000,0.0109,0.0044,0.0000
0.1999,0.9059,1.0000,0.0469,0.0181,302.9168,98.1537,0.0000,0.1368,0.1368,-0.0799,0.0000,0.0000,0.0109,0.0044,0.0000
0.2001,0.9079,1.0000,0.0390,0.0181,302.9975,98.1082,0.0000,0.1449,0.1449,-0.0765,0.0000,0.0000,0.0109,0.0044,0.0000
0.2001,0.8789,1.0000,0.0373,0.0248,303.0768,98.0570,0.0000,0.1486,0.1486,-0.0711,0.0000,0.0000,0.0150,0.0060,0.0000
0.2001,0.9211,1.0000,0.0289,0.0248,303.1633,98.0063,0.0000,0.1540,0.1540,-0.0688,0.0000,0.0000,0.0150,0.0060,0.0000
0.1999,0.9373,1.0000,0.0205,0.0248,303.2425,97.9531,0.0000,0.1542,0.1542,-0.0667,0.0000,0.0000,0.0150,0.0060,0.0000
0.0976,0.9955,1.0000,0.0121,0.0199,303.3047,97.9079,0.0000,0.1503,0.1503,-0.0643,0.0000,0.0000,0.0120,0.0048,0.0000
0.0970,0.9469,1.0000,0.0037,0.0199,303.3889,97.8545,0.0000,0.1554,0.1554,-0.0618,0.0000,0.0000,0.0120,0.0048,0.0000
0.2000,0.7622,1.0000,-0.0047,0.0199,303.4677,97.8133,0.0000,0.1703,0.1703,-0.0619,0.0000,0.0000,0.0120,0.0048,0.0000
0.0779,0.9902,1.0000,-0.0131,0.0199,303.5427,97.7663,0.0000,0.1661,0.1661,-0.0613,0.0000,0.0000,0.0120,0.0048,0.0000
0.2000,0.8810,1.0000,-0.0215,0.0199,303.6246,97.7156,0.0000,0.1728,0.1728,-0.0610,0.0000,0.0000,0.0120,0.0048,0.0000
0.1919,0.8784,1.0000,-0.0219,0.0112,303.7040,97.6670,0.0000,0.1741,0.1741,-0.0903,0.0000,0.0000,0.0067,0.0027,0.0000
0.0959,0.9544,1.0000,-0.0135,0.0112,303.7825,97.6194,0.0000,0.1712,0.1712,-0.0918,0.0000,0.0000,0.0067,0.0027,0.0000
0.1107,0.9232,1.0000,-0.0051,0.0112,303.8526,97.5665,0.0000,0.1644,0.1644,-0.0930,0.0000,0.0000,0.0067,0.0027,0.0000
0.1471,0.9089,1.0000,0.0033,0.0112,303.9256,97.5139,0.0000,0.1588,0.1588,-0.0940,0.0000,0.0000,0.0067,0.0027,0.0000
0.1995,0.8710,1.0000,0.0117,0.0112,303.9951,97.4630,0.0000,0.1538,0.1538,-0.0951,0.0000,0.0000,0.0067,0.0027,0.0000
0.2005,0.8920,1.0000,0.0201,0.0516,304.0684,97.4139,0.0000,0.1505,0.1505,-0.0661,0.0000,0.0000,0.0311,0.0124,0.0000
0.2005,0.8534,1.0000,0.0166,0.0516,304.1423,97.3625,0.0000,0.1500,0.1500,-0.0659,0.0000,0.0000,0.0311,0.0124,0.0000
0.2007,0.8752,1.0000,0.0142,0.0516,304.2257,97.3035,0.0000,0.1472,0.1472,-0.0644,0.0000,0.0000,0.0311,0.0124,0.0000
0.2008,0.8921,1.0000,0.0107,0.0516,304.2970,97.2601,0.0000,0.1502,0.1502,-0.0645,0.0000,0.0000,0.0311,0.0124,0.0000
0.0405,1.0134,1.0000,0.0144,0.0516,304.3754,97.2033,0.0000,0.1437,0.1437,-0.0623,0.0000,0.0000,0.0311,0.0124,0.0000
0.1996,0.8280,1.0000,0.0089,0.0516,304.4489,97.1543,0.0000,0.1495,0.1495,-0.0622,0.0000,0.0000,0.0311,0.0124,0.0000
0.0931,0.9594,1.0000,0.0006,0.0349,304.5255,97.1016,0.0000,0.1423,0.1423,-0.0922,0.0000,0.0000,0.0210,0.0084,0.0000
0.1959,0.8761,1.0000,0.0090,0.0349,304.5956,97.0564,0.0000,0.1455,0.1455,-0.0910,0.0000,0.0000,0.0210,0.0084,0.0000
0.1289,0.9220,1.0000,0.0174,0.0349,304.6832,97.0013,0.0000,0.1430,0.1430,-0.0911,0.0000,0.0000,0.0210,0.0084,0.0000
0.2001,0.8275,1.0000,0.0258,0.0362,304.7575,96.9495,0.0000,0.1427,0.1427,-0.0909,0.0000,0.0000,0.0218,0.0087,0.0000
0.0255,1.0257,1.0000,0.0342,0.0362,304.8314,96.9023,0.0000,0.1331,0.1331,-0.0903,0.0000,0.0000,0.0218,0.0087,0.0000
0.1898,0.8985,1.0000,0.0426,0.0362,304.9037,96.8559,0.0000,0.1381,0.1381,-0.0893,0.0000,0.0000,0.0218,0.0087,0.0000
0.1825,0.8693,1.0000,0.0469,0.0321,304.9807,96.8065,0.0000,0.1388,0.1388,-0.1013,0.0000,0.0000,0.0193,0.0077,0.0000
0.1998,0.8524,1.0000,0.0553,0.0321,305.0531,96.7565,0.0000,0.1352,0.1352,-0.0992,0.0000,0.0000,0.0193,0.0077,0.0000
0.1491,0.9077,1.0000,0.0636,0.0321,305.1266,96.7066,0.0000,0.1290,0.1290,-0.0967,0.0000,0.0000,0.0193,0.0077,0.0000
0.2002,0.8723,1.0000,0.0720,0.0321,305.1991,96.6617,0.0000,0.1308,0.1308,-0.0944,0.0000,0.0000,0.0193,0.0077,0.0000
0.1998,0.8818,1.0000,0.0659,0.0321,305.2827,96.6121,0.0000,0.1332,0.1332,-0.0896,0.0000,0.0000,0.0193,0.0077,0.0000
0.2000,0.8463,1.0000,0.0575,0.0321,305.3604,96.5676,0.0000,0.1377,0.1377,-0.0881,0.0000,0.0000,0.0193,0.0077,0.0000
0.1618,0.9664,1.0000,0.0547,0.0370,305.4339,96.5223,0.0000,0.1335,0.1335,-0.0714,0.0000,0.0000,0.0223,0.0089,0.0000
0.1996,0.8884,1.0000,0.0463,0.0370,305.5111,96.4791,0.0000,0.1422,0.1422,-0.0677,0.0000,0.0000,0.0223,0.0089,0.0000
0.2006,0.8572,1.0000,0.0385,0.0370,305.5913,96.4285,0.0000,0.1442,0.1442,-0.0642,0.0000,0.0000,0.0223,0.0089,0.0000
0.2000,0.8798,1.0000,0.0308,0.0370,305.6752,96.3753,0.0000,0.1449,0.1449,-0.0593,0.0000,0.0000,0.0223,0.0089,0.0000
0.2005,0.9413,1.0000,0.0224,0.0370,305.7450,96.3315,0.0000,0.1434,0.1434,-0.0582,0.0000,0.0000,0.0223,0.0089,0.0000
0.0754,0.9860,1.0000,0.0140,0.0370,305.8339,96.2878,0.0000,0.1532,0.1532,-0.0559,0.0000,0.0000,0.0223,0.0089,0.0000
0.2001,0.8181,1.0000,0.0056,0.0370,305.9087,96.2414,0.0000,0.1588,0.1588,-0.0541,0.0000,0.0000,0.0223,0.0089,0.0000
0.0688,0.9839,1.0000,0.0140,0.0429,305.9809,96.1952,0.0000,0.1515,0.1515,-0.0765,0.0000,0.0000,0.0259,0.0103,0.0000
0.1999,0.8728,1.0000,0.0163,0.0429,306.0677,96.1509,0.0000,0.1622,0.1622,-0.0756,0.0000,0.0000,0.0259,0.0103,0.0000
0.1998,0.8502,1.0000,0.0211,0.0429,306.1366,96.0994,0.0000,0.1541,0.1541,-0.0751,0.0000,0.0000,0.0259,0.0103,0.0000
0.0987,0.9668,1.0000,0.0245,0.0429,306.2155,96.0483,0.0000,0.1467,0.1467,-0.0736,0.0000,0.0000,0.0259,0.0103,0.0000
0.2000,0.8526,1.0000,0.0263,0.0429,306.3023,95.9845,0.0000,0.1410,0.1410,-0.0714,0.0000,0.0000,0.0259,0.0103,0.0000
0.1236,0.9326,1.0000,0.0311,0.0429,306.3741,95.9413,0.0000,0.1375,0.1375,-0.0717,0.0000,0.0000,0.0259,0.0103,0.0000
-0.0381,1.0679,1.0000,0.0265,0.0300,306.4544,95.8978,0.0000,0.1345,0.1345,-0.0961,0.0000,0.0000,0.0181,0.0072,0.0000
0.1616,0.8303,1.0000,0.0347,0.0300,306.5338,95.8512,0.0000,0.1443,0.1443,-0.0948,0.0000,0.0000,0.0181,0.0072,0.0000
0.1353,0.9065,1.0000,0.0431,0.0300,306.6209,95.8020,0.0000,0.1416,0.1416,-0.0916,0.0000,0.0000,0.0181,0.0072,0.0000
0.1252,0.9126,1.0000,0.0515,0.0300,306.7096,95.7469,0.0000,0.1373,0.1373,-0.0893,0.0000,0.0000,0.0181,0.0072,0.0000
0.0397,0.9939,1.0000,0.0550,0.0279,306.7957,95.7004,0.0000,0.1363,0.1363,-0.0867,0.0000,0.0000,0.0168,0.0067,0.0000
-0.0242,1.0354,1.0000,0.0517,0.0279,306.8705,95.6570,0.0000,0.1336,0.1336,-0.0854,0.0000,0.0000,0.0168,0.0067,0.0000
0.0314,0.9720,1.0000,0.0433,0.0279,306.9576,95.6096,0.0000,0.1393,0.1393,-0.0812,0.0000,0.0000,0.0168,0.0067,0.0000
0.1910,0.8580,1.0000,0.0480,0.0242,307.0424,95.5635,0.0000,0.1454,0.1454,-0.0966,0.0000,0.0000,0.0146,0.0058,0.0000
0.0747,0.9853,1.0000,0.0540,0.0242,307.1322,95.5197,0.0000,0.1444,0.1444,-0.0936,0.0000,0.0000,0.0146,0.0058,0.0000
0.0632,0.9573,1.0000,0.0603,0.0242,307.2064,95.4839,0.0000,0.1497,0.1497,-0.0923,0.0000,0.0000,0.0146,0.0058,0.0000
0.0297,0.9935,1.0000,0.0519,0.0242,307.2895,95.4334,0.0000,0.1446,0.1446,-0.0882,0.0000,0.0000,0.0146,0.0058,0.0000
0.2000,0.8165,1.0000,0.0435,0.0242,307.3773,95.3853,0.0000,0.1528,0.1528,-0.0847,0.0000,0.0000,0.0146,0.0058,0.0000
0.1612,0.9655,1.0000,0.0354,0.0242,307.4611,95.3406,0.0000,0.1482,0.1482,-0.0814,0.0000,0.0000,0.0146,0.0058,0.0000
0.0519,0.9937,1.0000,0.0270,0.0229,307.5400,95.2981,0.0000,0.1482,0.1482,-0.0823,0.0000,0.0000,0.0138,0.0055,0.0000
0.0925,0.9438,1.0000,0.0186,0.0229,307.6194,95.2604,0.0000,0.1547,0.1547,-0.0809,0.0000,0.0000,0.0138,0.0055,0.0000
0.1826,0.8893,1.0000,0.0102,0.0229,307.7118,95.2164,0.0000,0.1631,0.1631,-0.0765,0.0000,0.0000,0.0138,0.0055,0.0000
0.1993,0.8727,1.0000,0.0018,0.0229,307.7906,95.1759,0.0000,0.1648,0.1648,-0.0765,0.0000,0.0000,0.0138,0.0055,0.0000
0.0503,1.0168,1.0000,-0.0066,0.0229,307.8748,95.1364,0.0000,0.1648,0.1648,-0.0744,0.0000,0.0000,0.0138,0.0055,0.0000
0.1858,0.8785,1.0000,-0.0120,0.0229,307.9543,95.0838,0.0000,0.1617,0.1617,-0.0719,0.0000,0.0000,0.0138,0.0055,0.0000
0.1375,0.9232,1.0000,-0.0074,0.0229,308.0373,95.0397,0.0000,0.1595,0.1595,-0.0727,0.0000,0.0000,0.0138,0.0055,0.0000
0.1041,0.9455,1.0000,-0.0046,0.0229,308.1195,94.9928,0.0000,0.1556,0.1556,-0.0729,0.0000,0.0000,0.0138,0.0055,0.0000
0.0978,0.9310,1.0000,0.0038,0.0320,308.2098,94.9451,0.0000,0.1558,0.1558,-0.0774,0.0000,0.0000,0.0193,0.0077,0.0000
0.0892,0.9384,1.0000,0.0122,0.0320,308.2927,94.9031,0.0000,0.1562,0.1562,-0.0784,0.0000,0.0000,0.0193,0.0077,0.0000
0.0121,1.0121,1.0000,0.0206,0.0320,308.3732,94.8532,0.0000,0.1469,0.1469,-0.0775,0.0000,0.0000,0.0193,0.0077,0.0000
0.1197,0.9220,1.0000,0.0196,0.0320,308.4562,94.8054,0.0000,0.1469,0.1469,-0.0766,0.0000,0.0000,0.0193,0.0077,0.0000
0.1083,0.9378,1.0000,0.0184,0.0320,308.5373,94.7671,0.0000,0.1499,0.1499,-0.0766,0.0000,0.0000,0.0193,0.0077,0.0000
0.0921,0.9507,1.0000,0.0130,0.0320,308.6227,94.7212,0.0000,0.1495,0.1495,-0.0742,0.0000,0.0000,0.0193,0.0077,0.0000
0.1881,0.8893,1.0000,0.0088,0.0320,308.7029,94.6816,0.0000,0.1539,0.1539,-0.0741,0.0000,0.0000,0.0193,0.0077,0.0000
0.0899,0.9617,1.0000,0.0133,0.0283,308.7941,94.6345,0.0000,0.1504,0.1504,-0.0974,0.0000,0.0000,0.0170,0.0068,0.0000
0.2000,0.8864,1.0000,0.0217,0.0283,308.8786,94.5889,0.0000,0.1505,0.1505,-0.0969,0.0000,0.0000,0.0170,0.0068,0.0000
0.0329,1.0187,1.0000,0.0301,0.0283,308.9652,94.5437,0.0000,0.1422,0.1422,-0.0956,0.0000,0.0000,0.0170,0.0068,0.0000
0.0796,0.9528,1.0000,0.0385,0.0283,309.0580,94.5071,0.0000,0.1541,0.1541,-0.0942,0.0000,0.0000,0.0170,0.0068,0.0000
0.0558,0.9684,1.0000,0.0469,0.0283,309.1436,94.4602,0.0000,0.1496,0.1496,-0.0928,0.0000,0.0000,0.0170,0.0068,0.0000
0.0297,0.9904,1.0000,0.0412,0.0283,309.2355,94.4199,0.0000,0.1538,0.1538,-0.0907,0.0000,0.0000,0.0170,0.0068,0.0000
0.0472,0.9684,1.0000,0.0396,0.0183,309.3263,94.3811,0.0000,0.1608,0.1608,-0.1015,0.0000,0.0000,0.0110,0.0044,0.0000
0.0196,0.9966,1.0000,0.0443,0.0183,309.4149,94.3411,0.0000,0.1625,0.1625,-0.0989,0.0000,0.0000,0.0110,0.0044,0.0000
0.0354,0.9801,1.0000,0.0359,0.0183,309.4966,94.3007,0.0000,0.1630,0.1630,-0.0965,0.0000,0.0000,0.0110,0.0044,0.0000
0.0580,0.9657,1.0000,0.0275,0.0183,309.5840,94.2585,0.0000,0.1643,0.1643,-0.0938,0.0000,0.0000,0.0110,0.0044,0.0000
0.1747,0.9037,1.0000,0.0192,0.0183,309.6680,94.2197,0.0000,0.1693,0.1693,-0.0913,0.0000,0.0000,0.0110,0.0044,0.0000
0.1223,0.9635,1.0000,0.0120,0.0183,309.7534,94.1813,0.0000,0.1696,0.1696,-0.0890,0.0000,0.0000,0.0110,0.0044,0.0000
0.1368,0.9192,1.0000,0.0054,0.0183,309.8423,94.1382,0.0000,0.1718,0.1718,-0.0867,0.0000,0.0000,0.0110,0.0044,0.0000
0.1261,0.9292,1.0000,0.0059,0.0183,309.9205,94.0970,0.0000,0.1682,0.1682,-0.0857,0.0000,0.0000,0.0110,0.0044,0.0000
0.0842,0.9808,1.0000,0.0002,0.0205,310.0000,94.0625,0.0000,0.1688,0.1688,-0.0790,0.0000,0.0000,0.0123,0.0049,0.0000
0.2000,0.8765,1.0000,-0.0082,0.0205,310.0867,94.0221,0.0000,0.1754,0.1754,-0.0767,0.0000,0.0000,0.0123,0.0049,0.0000
0.1381,0.9488,1.0000,-0.0145,0.0205,310.1683,93.9804,0.0000,0.1709,0.1709,-0.0762,0.0000,0.0000,0.0123,0.0049,0.0000
0.1125,0.9488,1.0000,-0.0180,0.0205,310.2601,93.9409,0.0000,0.1754,0.1754,-0.0759,0.0000,0.0000,0.0123,0.0049,0.0000
0.1519,0.9088,1.0000,-0.0112,0.0205,310.3397,93.8985,0.0000,0.1726,0.1726,-0.0774,0.0000,0.0000,0.0123,0.0049,0.0000
0.0542,0.9903,1.0000,-0.0067,0.0205,310.4242,93.8581,0.0000,0.1693,0.1693,-0.0786,0.0000,0.0000,0.0123,0.0049,0.0000
0.2002,0.8943,1.0000,-0.0080,0.0205,310.5107,93.8176,0.0000,0.1738,0.1738,-0.0796,0.0000,0.0000,0.0123,0.0049,0.0000
0.1294,0.9280,1.0000,-0.0047,0.0205,310.5983,93.7702,0.0000,0.1683,0.1683,-0.0788,0.0000,0.0000,0.0123,0.0049,0.0000
0.0873,0.9467,1.0000,0.0037,0.0300,310.6860,93.7354,0.0000,0.1734,0.1734,-0.0884,0.0000,0.0000,0.0181,0.0072,0.0000
0.0395,0.9869,1.0000,0.0121,0.0300,310.7612,93.6870,0.0000,0.1597,0.1597,-0.0890,0.0000,0.0000,0.0181,0.0072,0.0000
0.1066,0.9355,1.0000,0.0205,0.0300,310.8454,93.6402,0.0000,0.1557,0.1557,-0.0890,0.0000,0.0000,0.0181,0.0072,0.0000
0.1879,0.8861,1.0000,0.0289,0.0300,310.9259,93.6018,0.0000,0.1574,0.1574,-0.0894,0.0000,0.0000,0.0181,0.0072,0.0000
0.0962,0.9560,1.0000,0.0367,0.0300,311.0055,93.5635,0.0000,0.1543,0.1543,-0.0880,0.0000,0.0000,0.0181,0.0072,0.0000
0.1857,0.8837,1.0000,0.0291,0.0300,311.0917,93.5220,0.0000,0.1574,0.1574,-0.0866,0.0000,0.0000,0.0181,0.0072,0.0000
0.1935,0.8765,1.0000,0.0250,0.0300,311.1767,93.4813,0.0000,0.1581,0.1581,-0.0848,0.0000,0.0000,0.0181,0.0072,0.0000
0.1053,0.9490,1.0000,0.0262,0.0300,311.2603,93.4400,0.0000,0.1545,0.1545,-0.0824,0.0000,0.0000,0.0181,0.0072,0.0000
0.0941,0.9351,1.0000,0.0346,0.0303,311.3457,93.4002,0.0000,0.1554,0.1554,-0.0987,0.0000,0.0000,0.0183,0.0073,0.0000
0.1219,0.9253,1.0000,0.0430,0.0303,311.4342,93.3493,0.0000,0.1465,0.1465,-0.0970,0.0000,0.0000,0.0183,0.0073,0.0000
0.0970,0.9353,1.0000,0.0514,0.0303,311.5179,93.3122,0.0000,0.1477,0.1477,-0.0944,0.0000,0.0000,0.0183,0.0073,0.0000
0.0126,1.0129,1.0000,0.0598,0.0303,311.6088,93.2684,0.0000,0.1427,0.1427,-0.0918,0.0000,0.0000,0.0183,0.0073,0.0000
0.1571,0.9085,1.0000,0.0514,0.0303,311.6974,93.2322,0.0000,0.1520,0.1520,-0.0891,0.0000,0.0000,0.0183,0.0073,0.0000
0.0408,1.0016,1.0000,0.0452,0.0303,311.7730,93.1979,0.0000,0.1483,0.1483,-0.0876,0.0000,0.0000,0.0183,0.0073,0.0000
0.1070,0.9503,1.0000,0.0368,0.0303,311.8625,93.1547,0.0000,0.1499,0.1499,-0.0830,0.0000,0.0000,0.0183,0.0073,0.0000
0.2000,0.8239,1.0000,0.0284,0.0303,311.9447,93.1195,0.0000,0.1575,0.1575,-0.0814,0.0000,0.0000,0.0183,0.0073,0.0000
0.0654,0.9874,1.0000,0.0368,0.0335,312.0369,93.0782,0.0000,0.1499,0.1499,-0.0994,0.0000,0.0000,0.0202,0.0081,0.0000
0.1907,0.8865,1.0000,0.0452,0.0335,312.1175,93.0432,0.0000,0.1548,0.1548,-0.0980,0.0000,0.0000,0.0202,0.0081,0.0000
0.0467,1.0040,1.0000,0.0536,0.0335,312.2097,93.0006,0.0000,0.1473,0.1473,-0.0950,0.0000,0.0000,0.0202,0.0081,0.0000
0.2008,0.8714,1.0000,0.0505,0.0335,312.2880,92.9692,0.0000,0.1557,0.1557,-0.0935,0.0000,0.0000,0.0202,0.0081,0.0000
0.0482,1.0083,1.0000,0.0472,0.0335,312.3802,92.9293,0.0000,0.1505,0.1505,-0.0897,0.0000,0.0000,0.0202,0.0081,0.0000
0.2001,0.8371,1.0000,0.0390,0.0335,312.4697,92.8928,0.0000,0.1607,0.1607,-0.0867,0.0000,0.0000,0.0202,0.0081,0.0000
0.0586,0.9977,1.0000,0.0307,0.0335,312.5495,92.8608,0.0000,0.1563,0.1563,-0.0849,0.0000,0.0000,0.0202,0.0081,0.0000
0.0934,0.9597,1.0000,0.0298,0.0407,312.6391,92.8233,0.0000,0.1607,0.1607,-0.0707,0.0000,0.0000,0.0245,0.0098,0.0000
0.1999,0.8533,1.0000,0.0214,0.0407,312.7231,92.7882,0.0000,0.1666,0.1666,-0.0689,0.0000,0.0000,0.0245,0.0098,0.0000
0.1491,0.9658,1.0000,0.0132,0.0407,312.8102,92.7522,0.0000,0.1655,0.1655,-0.0668,0.0000,0.0000,0.0245,0.0098,0.0000
0.2006,0.9029,1.0000,0.0054,0.0407,312.9037,92.7142,0.0000,0.1716,0.1716,-0.0631,0.0000,0.0000,0.0245,0.0098,0.0000
0.1318,0.9356,1.0000,0.0013,0.0452,313.0002,92.6776,0.0000,0.1762,0.1762,-0.0616,0.0000,0.0000,0.0272,0.0109,0.0000
0.0371,1.0018,1.0000,-0.0068,0.0452,313.0858,92.6474,0.0000,0.1803,0.1803,-0.0624,0.0000,0.0000,0.0272,0.0109,0.0000
-0.0094,1.0240,1.0000,-0.0152,0.0452,313.1747,92.6089,0.0000,0.1804,0.1804,-0.0609,0.0000,0.0000,0.0272,0.0109,0.0000
0.1101,0.9000,1.0000,-0.0206,0.0452,313.2560,92.5765,0.0000,0.1865,0.1865,-0.0619,0.0000,0.0000,0.0272,0.0109,0.0000
0.0689,0.9612,1.0000,-0.0256,0.0317,313.3403,92.5451,0.0000,0.1878,0.1878,-0.0837,0.0000,0.0000,0.0191,0.0076,0.0000
0.2007,0.8664,1.0000,-0.0172,0.0317,313.4330,92.5104,0.0000,0.1943,0.1943,-0.0849,0.0000,0.0000,0.0191,0.0076,0.0000
0.1603,0.8921,1.0000,-0.0088,0.0317,313.5180,92.4698,0.0000,0.1876,0.1876,-0.0853,0.0000,0.0000,0.0191,0.0076,0.0000
0.0624,0.9806,1.0000,-0.0008,0.0313,313.6015,92.4302,0.0000,0.1770,0.1770,-0.0889,0.0000,0.0000,0.0189,0.0075,0.0000
0.1286,0.9345,1.0000,0.0076,0.0313,313.6850,92.3890,0.0000,0.1720,0.1720,-0.0901,0.0000,0.0000,0.0189,0.0075,0.0000
0.1184,0.9151,1.0000,0.0160,0.0313,313.7707,92.3507,0.0000,0.1699,0.1699,-0.0903,0.0000,0.0000,0.0189,0.0075,0.0000
0.1087,0.9230,1.0000,0.0243,0.0313,313.8577,92.3102,0.0000,0.1650,0.1650,-0.0902,0.0000,0.0000,0.0189,0.0075,0.0000
0.0988,0.9311,1.0000,0.0216,0.0202,313.9425,92.2650,0.0000,0.1559,0.1559,-0.1072,0.0000,0.0000,0.0122,0.0049,0.0000
0.0774,0.9507,1.0000,0.0300,0.0202,314.0328,92.2284,0.0000,0.1532,0.1532,-0.1075,0.0000,0.0000,0.0122,0.0049,0.0000
0.0678,0.9530,1.0000,0.0384,0.0202,314.1268,92.1864,0.0000,0.1494,0.1494,-0.1042,0.0000,0.0000,0.0122,0.0049,0.0000
0.0537,0.9657,1.0000,0.0467,0.0202,314.2161,92.1559,0.0000,0.1526,0.1526,-0.1039,0.0000,0.0000,0.0122,0.0049,0.0000
-0.0023,1.0222,1.0000,0.0551,0.0436,314.3072,92.1222,0.0000,0.1519,0.1519,-0.1024,0.0000,0.0000,0.0263,0.0105,0.0000
0.0800,0.9356,1.0000,0.0635,0.0436,314.3972,92.0886,0.0000,0.1587,0.1587,-0.0997,0.0000,0.0000,0.0263,0.0105,0.0000
0.0603,0.9638,1.0000,0.0688,0.0436,314.4861,92.0565,0.0000,0.1611,0.1611,-0.0965,0.0000,0.0000,0.0263,0.0105,0.0000
0.0620,0.9539,1.0000,0.0716,0.0436,314.5682,92.0185,0.0000,0.1572,0.1572,-0.0934,0.0000,0.0000,0.0263,0.0105,0.0000
0.1024,0.9397,1.0000,0.0646,0.0282,314.6547,91.9865,0.0000,0.1597,0.1597,-0.1155,0.0000,0.0000,0.0170,0.0068,0.0000
0.1869,0.8969,1.0000,0.0730,0.0282,314.7449,91.9506,0.0000,0.1603,0.1603,-0.1119,0.0000,0.0000,0.0170,0.0068,0.0000
0.1405,0.9175,1.0000,0.0763,0.0282,314.8461,91.9141,0.0000,0.1612,0.1612,-0.1066,0.0000,0.0000,0.0170,0.0068,0.0000
0.1378,0.9640,1.0000,0.0791,0.0395,314.9369,91.8914,0.0000,0.1690,0.1690,-0.1042,0.0000,0.0000,0.0238,0.0095,0.0000
-0.0622,1.0697,1.0000,0.0708,0.0395,315.0287,91.8527,0.0000,0.1610,0.1610,-0.0984,0.0000,0.0000,0.0238,0.0095,0.0000
0.1060,0.9299,1.0000,0.0624,0.0395,315.1221,91.8209,0.0000,0.1716,0.1716,-0.0935,0.0000,0.0000,0.0238,0.0095,0.0000
0.0706,0.9899,1.0000,0.0540,0.0395,315.2227,91.7891,0.0000,0.1750,0.1750,-0.0885,0.0000,0.0000,0.0238,0.0095,0.0000
0.0651,0.9815,1.0000,0.0456,0.0379,315.3156,91.7527,0.0000,0.1738,0.1738,-0.0894,0.0000,0.0000,0.0229,0.0091,0.0000
-0.0639,1.0490,1.0000,0.0372,0.0379,315.4125,91.7204,0.0000,0.1741,0.1741,-0.0861,0.0000,0.0000,0.0229,0.0091,0.0000
-0.0112,0.9910,1.0000,0.0289,0.0379,315.5088,91.6935,0.0000,0.1851,0.1851,-0.0824,0.0000,0.0000,0.0229,0.0091,0.0000
-0.0162,1.0141,1.0000,0.0205,0.0379,315.6024,91.6625,0.0000,0.1872,0.1872,-0.0800,0.0000,0.0000,0.0229,0.0091,0.0000
-0.0017,0.9944,1.0000,0.0121,0.0379,315.6880,91.6366,0.0000,0.1926,0.1926,-0.0785,0.0000,0.0000,0.0229,0.0091,0.0000
0.0193,0.9781,1.0000,0.0038,0.0379,315.7853,91.5993,0.0000,0.1918,0.1918,-0.0753,0.0000,0.0000,0.0229,0.0091,0.0000
0.1637,0.8885,1.0000,-0.0046,0.0379,315.8785,91.5671,0.0000,0.1963,0.1963,-0.0739,0.0000,0.0000,0.0229,0.0091,0.0000
0.0074,1.0332,1.0000,-0.0031,0.0311,315.9720,91.5352,0.0000,0.1914,0.1914,-0.0886,0.0000,0.0000,0.0187,0.0075,0.0000
0.0212,0.9785,1.0000,0.0031,0.0311,316.0684,91.5036,0.0000,0.1945,0.1945,-0.0885,0.0000,0.0000,0.0187,0.0075,0.0000
0.0250,0.9799,1.0000,0.0055,0.0311,316.1659,91.4706,0.0000,0.1937,0.1937,-0.0892,0.0000,0.0000,0.0187,0.0075,0.0000
0.0036,1.0061,1.0000,0.0056,0.0311,316.2547,91.4437,0.0000,0.1948,0.1948,-0.0898,0.0000,0.0000,0.0187,0.0075,0.0000
-0.0173,1.0200,1.0000,-0.0003,0.0311,316.3595,91.4117,0.0000,0.1979,0.1979,-0.0879,0.0000,0.0000,0.0187,0.0075,0.0000
0.0799,0.9190,1.0000,0.0000,0.0311,316.4428,91.3805,0.0000,0.1987,0.1987,-0.0888,0.0000,0.0000,0.0187,0.0075,0.0000
-0.0752,1.0883,1.0000,0.0083,0.0311,316.5342,91.3381,0.0000,0.1811,0.1811,-0.0867,0.0000,0.0000,0.0187,0.0075,0.0000
0.1249,0.8814,1.0000,0.0039,0.0311,316.6270,91.3030,0.0000,0.1861,0.1861,-0.0868,0.0000,0.0000,0.0187,0.0075,0.0000
0.0513,0.9981,1.0000,-0.0001,0.0320,316.7167,91.2808,0.0000,0.1886,0.1886,-0.0840,0.0000,0.0000,0.0193,0.0077,0.0000
0.0325,0.9840,1.0000,0.0013,0.0320,316.8047,91.2485,0.0000,0.1869,0.1869,-0.0836,0.0000,0.0000,0.0193,0.0077,0.0000
0.1488,0.9155,1.0000,-0.0020,0.0320,316.8953,91.2188,0.0000,0.1907,0.1907,-0.0833,0.0000,0.0000,0.0193,0.0077,0.0000
0.1293,0.9296,1.0000,-0.0045,0.0320,316.9818,91.1887,0.0000,0.1896,0.1896,-0.0826,0.0000,0.0000,0.0193,0.0077,0.0000
0.0881,0.9460,1.0000,0.0039,0.0320,317.0673,91.1419,0.0000,0.1724,0.1724,-0.0814,0.0000,0.0000,0.0193,0.0077,0.0000
0.2000,0.9076,1.0000,0.0098,0.0320,317.1595,91.1069,0.0000,0.1702,0.1702,-0.0817,0.0000,0.0000,0.0193,0.0077,0.0000
0.1079,0.9664,1.0000,0.0060,0.0320,317.2550,91.0805,0.0000,0.1734,0.1734,-0.0815,0.0000,0.0000,0.0193,0.0077,0.0000
0.0636,0.9770,1.0000,0.0144,0.0439,317.3378,91.0559,0.0000,0.1756,0.1756,-0.0816,0.0000,0.0000,0.0264,0.0106,0.0000
0.0380,0.9824,1.0000,0.0127,0.0439,317.4303,91.0259,0.0000,0.1776,0.1776,-0.0797,0.0000,0.0000,0.0264,0.0106,0.0000
0.1761,0.8561,1.0000,0.0064,0.0439,317.5180,91.0008,0.0000,0.1866,0.1866,-0.0804,0.0000,0.0000,0.0264,0.0106,0.0000
0.0941,0.9651,1.0000,0.0024,0.0439,317.6139,90.9678,0.0000,0.1832,0.1832,-0.0773,0.0000,0.0000,0.0264,0.0106,0.0000
0.1782,0.9040,1.0000,0.0069,0.0439,317.6950,90.9361,0.0000,0.1813,0.1813,-0.0780,0.0000,0.0000,0.0264,0.0106,0.0000
0.0481,1.0062,1.0000,0.0081,0.0439,317.7883,90.8946,0.0000,0.1691,0.1691,-0.0756,0.0000,0.0000,0.0264,0.0106,0.0000
0.1993,0.8633,1.0000,0.0065,0.0439,317.8826,90.8638,0.0000,0.1756,0.1756,-0.0754,0.0000,0.0000,0.0264,0.0106,0.0000
0.0395,1.0121,1.0000,-0.0019,0.0230,317.9828,90.8345,0.0000,0.1745,0.1745,-0.1158,0.0000,0.0000,0.0139,0.0055,0.0000
0.0285,0.9836,1.0000,0.0065,0.0230,318.0708,90.8024,0.0000,0.1691,0.1691,-0.1176,0.0000,0.0000,0.0139,0.0055,0.0000
-0.0236,1.0358,1.0000,0.0148,0.0230,318.1577,90.7712,0.0000,0.1609,0.1609,-0.1169,0.0000,0.0000,0.0139,0.0055,0.0000
0.0574,0.9286,1.0000,0.0232,0.0230,318.2447,90.7436,0.0000,0.1651,0.1651,-0.1170,0.0000,0.0000,0.0139,0.0055,0.0000
0.1695,0.9156,1.0000,0.0316,0.0230,318.3297,90.7085,0.0000,0.1564,0.1564,-0.1159,0.0000,0.0000,0.0139,0.0055,0.0000
0.1387,0.9047,1.0000,0.0400,0.0292,318.4200,90.6759,0.0000,0.1519,0.1519,-0.1144,0.0000,0.0000,0.0176,0.0070,0.0000
0.1261,0.9120,1.0000,0.0484,0.0292,318.5098,90.6432,0.0000,0.1460,0.1460,-0.1127,0.0000,0.0000,0.0176,0.0070,0.0000
0.0807,0.9524,1.0000,0.0568,0.0292,318.5974,90.6120,0.0000,0.1393,0.1393,-0.1107,0.0000,0.0000,0.0176,0.0070,0.0000
0.0735,0.9477,1.0000,0.0539,0.0179,318.6978,90.5857,0.0000,0.1443,0.1443,-0.1263,0.0000,0.0000,0.0108,0.0043,0.0000
0.1385,0.9225,1.0000,0.0623,0.0179,318.7852,90.5614,0.0000,0.1458,0.1458,-0.1250,0.0000,0.0000,0.0108,0.0043,0.0000
0.0011,1.0325,1.0000,0.0706,0.0179,318.8825,90.5289,0.0000,0.1361,0.1361,-0.1193,0.0000,0.0000,0.0108,0.0043,0.0000
0.1252,0.8997,1.0000,0.0790,0.0179,318.9690,90.5026,0.0000,0.1420,0.1420,-0.1175,0.0000,0.0000,0.0108,0.0043,0.0000
0.0133,1.0196,1.0000,0.0874,0.0212,319.0719,90.4701,0.0000,0.1334,0.1334,-0.1118,0.0000,0.0000,0.0128,0.0051,0.0000
0.1441,0.8970,1.0000,0.0958,0.0212,319.1690,90.4438,0.0000,0.1421,0.1421,-0.1077,0.0000,0.0000,0.0128,0.0051,0.0000
-0.0544,1.0718,1.0000,0.0956,0.0212,319.2638,90.4173,0.0000,0.1345,0.1345,-0.1029,0.0000,0.0000,0.0128,0.0051,0.0000
-0.0186,1.0000,1.0000,0.0872,0.0212,319.3591,90.3934,0.0000,0.1424,0.1424,-0.0982,0.0000,0.0000,0.0128,0.0051,0.0000
0.0102,0.9785,1.0000,0.0868,0.0292,319.4520,90.3704,0.0000,0.1481,0.1481,-0.0893,0.0000,0.0000,0.0176,0.0070,0.0000
0.0350,0.9777,1.0000,0.0784,0.0292,319.5418,90.3487,0.0000,0.1536,0.1536,-0.0842,0.0000,0.0000,0.0176,0.0070,0.0000
0.1058,0.9514,1.0000,0.0700,0.0292,319.6326,90.3240,0.0000,0.1572,0.1572,-0.0795,0.0000,0.0000,0.0176,0.0070,0.0000
0.1132,0.9193,1.0000,0.0616,0.0292,319.7214,90.3001,0.0000,0.1617,0.1617,-0.0740,0.0000,0.0000,0.0176,0.0070,0.0000
0.0958,0.9350,1.0000,0.0532,0.0292,319.8098,90.2774,0.0000,0.1644,0.1644,-0.0702,0.0000,0.0000,0.0176,0.0070,0.0000
0.1417,0.9147,1.0000,0.0448,0.0292,319.9025,90.2535,0.0000,0.1686,0.1686,-0.0660,0.0000,0.0000,0.0176,0.0070,0.0000
0.1320,0.9069,1.0000,0.0364,0.0292,320.0058,90.2277,0.0000,0.1735,0.1735,-0.0615,0.0000,0.0000,0.0176,0.0070,0.0000
0.0841,0.9505,1.0000,0.0280,0.0292,320.0959,90.2084,0.0000,0.1784,0.1784,-0.0595,0.0000,0.0000,0.0176,0.0070,0.0000
-0.0739,1.0583,1.0000,0.0196,0.0226,320.1917,90.1852,0.0000,0.1771,0.1771,-0.0765,0.0000,0.0000,0.0136,0.0054,0.0000
0.0953,0.9145,1.0000,0.0119,0.0226,320.2910,90.1603,0.0000,0.1842,0.1842,-0.0736,0.0000,0.0000,0.0136,0.0054,0.0000
0.0578,0.9789,1.0000,0.0038,0.0226,320.3733,90.1399,0.0000,0.1825,0.1825,-0.0730,0.0000,0.0000,0.0136,0.0054,0.0000
0.0025,1.0160,1.0000,-0.0044,0.0227,320.4710,90.1145,0.0000,0.1821,0.1821,-0.0703,0.0000,0.0000,0.0137,0.0055,0.0000
-0.0010,1.0024,1.0000,-0.0128,0.0227,320.5665,90.0924,0.0000,0.1850,0.1850,-0.0694,0.0000,0.0000,0.0137,0.0055,0.0000
-0.0024,1.0024,1.0000,-0.0212,0.0227,320.6544,90.0723,0.0000,0.1870,0.1870,-0.0698,0.0000,0.0000,0.0137,0.0055,0.0000
0.0256,0.9717,1.0000,-0.0296,0.0227,320.7400,90.0517,0.0000,0.1882,0.1882,-0.0718,0.0000,0.0000,0.0137,0.0055,0.0000
0.1703,0.8943,1.0000,-0.0237,0.0201,320.8385,90.0277,0.0000,0.1921,0.1921,-0.0791,0.0000,0.0000,0.0121,0.0049,0.0000
0.2007,0.8714,1.0000,-0.0178,0.0201,320.9389,90.0007,0.0000,0.1898,0.1898,-0.0810,0.0000,0.0000,0.0121,0.0049,0.0000
0.0510,1.0057,1.0000,-0.0094,0.0201,321.0280,89.9814,0.0000,0.1851,0.1851,-0.0846,0.0000,0.0000,0.0121,0.0049,0.0000
-0.0106,1.0301,1.0000,-0.0010,0.0201,321.1182,89.9452,0.0000,0.1706,0.1706,-0.0843,0.0000,0.0000,0.0121,0.0049,0.0000
0.1138,0.9015,1.0000,0.0074,0.0201,321.2084,89.9202,0.0000,0.1721,0.1721,-0.0872,0.0000,0.0000,0.0121,0.0049,0.0000
0.0700,0.9642,1.0000,0.0078,0.0201,321.3089,89.8954,0.0000,0.1697,0.1697,-0.0862,0.0000,0.0000,0.0121,0.0049,0.0000
0.1353,0.9267,1.0000,0.0129,0.0201,321.3962,89.8658,0.0000,0.1634,0.1634,-0.0862,0.0000,0.0000,0.0121,0.0049,0.0000
0.0066,1.0268,1.0000,0.0213,0.0321,321.4910,89.8372,0.0000,0.1540,0.1540,-0.1037,0.0000,0.0000,0.0193,0.0077,0.0000
0.1168,0.9138,1.0000,0.0297,0.0321,321.5922,89.8115,0.0000,0.1576,0.1576,-0.1027,0.0000,0.0000,0.0193,0.0077,0.0000
0.0487,0.9820,1.0000,0.0381,0.0321,321.6851,89.7795,0.0000,0.1440,0.1440,-0.1015,0.0000,0.0000,0.0193,0.0077,0.0000
-0.0164,1.0356,1.0000,0.0465,0.0321,321.7792,89.7536,0.0000,0.1375,0.1375,-0.1000,0.0000,0.0000,0.0193,0.0077,0.0000
0.0145,0.9744,1.0000,0.0549,0.0321,321.8710,89.7310,0.0000,0.1400,0.1400,-0.0977,0.0000,0.0000,0.0193,0.0077,0.0000
0.0504,0.9677,1.0000,0.0633,0.0321,321.9601,89.7082,0.0000,0.1386,0.1386,-0.0958,0.0000,0.0000,0.0193,0.0077,0.0000
0.1106,0.9384,1.0000,0.0717,0.0321,322.0518,89.6793,0.0000,0.1333,0.1333,-0.0931,0.0000,0.0000,0.0193,0.0077,0.0000
0.1365,0.9128,1.0000,0.0673,0.0321,322.1442,89.6551,0.0000,0.1330,0.1330,-0.0895,0.0000,0.0000,0.0193,0.0077,0.0000
0.0829,0.9527,1.0000,0.0757,0.0328,322.2357,89.6271,0.0000,0.1256,0.1256,-0.0960,0.0000,0.0000,0.0198,0.0079,0.0000
0.0736,0.9483,1.0000,0.0841,0.0328,322.3292,89.6062,0.0000,0.1270,0.1270,-0.0918,0.0000,0.0000,0.0198,0.0079,0.0000
0.0700,0.9492,1.0000,0.0861,0.0328,322.4217,89.5865,0.0000,0.1291,0.1291,-0.0880,0.0000,0.0000,0.0198,0.0079,0.0000
0.0666,0.9519,1.0000,0.0822,0.0328,322.5133,89.5630,0.0000,0.1272,0.1272,-0.0841,0.0000,0.0000,0.0198,0.0079,0.0000
0.0927,0.9396,1.0000,0.0738,0.0328,322.6053,89.5461,0.0000,0.1328,0.1328,-0.0794,0.0000,0.0000,0.0198,0.0079,0.0000
0.1647,0.9382,1.0000,0.0654,0.0328,322.7043,89.5247,0.0000,0.1349,0.1349,-0.0749,0.0000,0.0000,0.0198,0.0079,0.0000
0.2000,0.9310,1.0000,0.0574,0.0328,322.7937,89.5124,0.0000,0.1441,0.1441,-0.0704,0.0000,0.0000,0.0198,0.0079,0.0000
0.0779,1.0061,1.0000,0.0490,0.0328,322.8911,89.4922,0.0000,0.1450,0.1450,-0.0652,0.0000,0.0000,0.0198,0.0079,0.0000
0.2004,0.8982,1.0000,0.0406,0.0272,322.9839,89.4700,0.0000,0.1478,0.1478,-0.0788,0.0000,0.0000,0.0164,0.0065,0.0000
0.1180,0.9882,1.0000,0.0322,0.0272,323.0773,89.4551,0.0000,0.1494,0.1494,-0.0755,0.0000,0.0000,0.0164,0.0065,0.0000
0.1527,0.9475,1.0000,0.0242,0.0272,323.1764,89.4386,0.0000,0.1557,0.1557,-0.0720,0.0000,0.0000,0.0164,0.0065,0.0000
0.1832,0.9397,1.0000,0.0162,0.0272,323.2679,89.4275,0.0000,0.1630,0.1630,-0.0717,0.0000,0.0000,0.0164,0.0065,0.0000
0.0891,0.9975,1.0000,0.0246,0.0474,323.3580,89.4090,0.0000,0.1616,0.1616,-0.0690,0.0000,0.0000,0.0286,0.0114,0.0000
0.1392,0.9145,1.0000,0.0162,0.0474,323.4514,89.3885,0.0000,0.1639,0.1639,-0.0660,0.0000,0.0000,0.0286,0.0114,0.0000
0.1756,0.9128,1.0000,0.0081,0.0474,323.5413,89.3706,0.0000,0.1638,0.1638,-0.0661,0.0000,0.0000,0.0286,0.0114,0.0000
0.1528,0.9487,1.0000,-0.0003,0.0474,323.6453,89.3493,0.0000,0.1640,0.1640,-0.0617,0.0000,0.0000,0.0286,0.0114,0.0000
0.1321,0.9080,1.0000,0.0032,0.0424,323.7388,89.3307,0.0000,0.1649,0.1649,-0.0771,0.0000,0.0000,0.0256,0.0102,0.0000
-0.0235,1.0547,1.0000,0.0114,0.0424,323.8248,89.3164,0.0000,0.1601,0.1601,-0.0781,0.0000,0.0000,0.0256,0.0102,0.0000
0.0506,0.9447,1.0000,0.0123,0.0424,323.9256,89.3009,0.0000,0.1680,0.1680,-0.0763,0.0000,0.0000,0.0256,0.0102,0.0000
0.2000,0.8642,1.0000,0.0156,0.0424,324.0114,89.2815,0.0000,0.1669,0.1669,-0.0774,0.0000,0.0000,0.0256,0.0102,0.0000
0.0432,1.0117,1.0000,0.0178,0.0424,324.1058,89.2580,0.0000,0.1564,0.1564,-0.0746,0.0000,0.0000,0.0256,0.0102,0.0000
0.2002,0.8723,1.0000,0.0132,0.0424,324.2049,89.2403,0.0000,0.1621,0.1621,-0.0742,0.0000,0.0000,0.0256,0.0102,0.0000
0.0958,0.9650,1.0000,0.0163,0.0424,324.2929,89.2253,0.0000,0.1596,0.1596,-0.0746,0.0000,0.0000,0.0256,0.0102,0.0000
0.0305,0.9980,1.0000,0.0140,0.0424,324.3880,89.2037,0.0000,0.1554,0.1554,-0.0719,0.0000,0.0000,0.0256,0.0102,0.0000
0.1837,0.8841,1.0000,0.0120,0.0447,324.4887,89.1834,0.0000,0.1580,0.1580,-0.0711,0.0000,0.0000,0.0270,0.0108,0.0000
0.0925,0.9678,1.0000,0.0126,0.0447,324.5764,89.1719,0.0000,0.1593,0.1593,-0.0716,0.0000,0.0000,0.0270,0.0108,0.0000
0.0036,1.0184,1.0000,0.0082,0.0447,324.6751,89.1511,0.0000,0.1561,0.1561,-0.0688,0.0000,0.0000,0.0270,0.0108,0.0000
0.1615,0.8767,1.0000,0.0042,0.0447,324.7684,89.1375,0.0000,0.1640,0.1640,-0.0696,0.0000,0.0000,0.0270,0.0108,0.0000
0.0427,1.0008,1.0000,0.0083,0.0447,324.8531,89.1206,0.0000,0.1586,0.1586,-0.0688,0.0000,0.0000,0.0270,0.0108,0.0000
0.1096,0.9350,1.0000,0.0092,0.0447,324.9382,89.0992,0.0000,0.1554,0.1554,-0.0681,0.0000,0.0000,0.0270,0.0108,0.0000
0.2000,0.8561,1.0000,0.0085,0.0447,325.0281,89.0799,0.0000,0.1554,0.1554,-0.0676,0.0000,0.0000,0.0270,0.0108,0.0000
0.1996,0.8700,1.0000,0.0090,0.0447,325.1172,89.0627,0.0000,0.1540,0.1540,-0.0673,0.0000,0.0000,0.0270,0.0108,0.0000
0.1446,0.9116,1.0000,0.0139,0.0411,325.2098,89.0433,0.0000,0.1509,0.1509,-0.0986,0.0000,0.0000,0.0247,0.0099,0.0000
0.1398,0.9000,1.0000,0.0223,0.0411,325.2970,89.0320,0.0000,0.1526,0.1526,-0.0996,0.0000,0.0000,0.0247,0.0099,0.0000
0.0980,0.9386,1.0000,0.0306,0.0411,325.3788,89.0161,0.0000,0.1473,0.1473,-0.0987,0.0000,0.0000,0.0247,0.0099,0.0000
0.2000,0.8705,1.0000,0.0390,0.0411,325.4699,88.9948,0.0000,0.1444,0.1444,-0.0952,0.0000,0.0000,0.0247,0.0099,0.0000
0.1999,0.8270,1.0000,0.0474,0.0411,325.5504,88.9775,0.0000,0.1413,0.1413,-0.0949,0.0000,0.0000,0.0247,0.0099,0.0000
0.1240,0.9279,1.0000,0.0558,0.0411,325.6413,88.9587,0.0000,0.1330,0.1330,-0.0910,0.0000,0.0000,0.0247,0.0099,0.0000
0.2000,0.8157,1.0000,0.0642,0.0411,325.7293,88.9442,0.0000,0.1368,0.1368,-0.0904,0.0000,0.0000,0.0247,0.0099,0.0000
0.1492,0.9216,1.0000,0.0708,0.0411,325.8137,88.9313,0.0000,0.1328,0.1328,-0.0877,0.0000,0.0000,0.0247,0.0099,0.0000
0.2002,0.8844,1.0000,0.0656,0.0411,325.8968,88.9128,0.0000,0.1297,0.1297,-0.0845,0.0000,0.0000,0.0247,0.0099,0.0000
0.2000,0.8472,1.0000,0.0667,0.0401,325.9983,88.8982,0.0000,0.1344,0.1344,-0.0854,0.0000,0.0000,0.0242,0.0097,0.0000
0.2000,0.8443,1.0000,0.0745,0.0401,326.0812,88.8839,0.0000,0.1321,0.1321,-0.0848,0.0000,0.0000,0.0242,0.0097,0.0000
0.0477,1.0204,1.0000,0.0661,0.0401,326.1728,88.8678,0.0000,0.1244,0.1244,-0.0789,0.0000,0.0000,0.0242,0.0097,0.0000
0.1991,0.8340,1.0000,0.0577,0.0401,326.2637,88.8568,0.0000,0.1341,0.1341,-0.0774,0.0000,0.0000,0.0242,0.0097,0.0000
0.2000,0.9246,1.0000,0.0493,0.0349,326.3701,88.8475,0.0000,0.1395,0.1395,-0.0701,0.0000,0.0000,0.0210,0.0084,0.0000
0.2003,0.9081,1.0000,0.0409,0.0349,326.4516,88.8413,0.0000,0.1455,0.1455,-0.0693,0.0000,0.0000,0.0210,0.0084,0.0000
0.0003,1.0644,1.0000,0.0328,0.0349,326.5402,88.8288,0.0000,0.1429,0.1429,-0.0639,0.0000,0.0000,0.0210,0.0084,0.0000
0.2000,0.8099,1.0000,0.0244,0.0349,326.6193,88.8214,0.0000,0.1552,0.1552,-0.0627,0.0000,0.0000,0.0210,0.0084,0.0000
0.2007,0.8897,1.0000,0.0160,0.0349,326.7278,88.8015,0.0000,0.1505,0.1505,-0.0573,0.0000,0.0000,0.0210,0.0084,0.0000
0.2000,0.7880,1.0000,0.0076,0.0146,326.8091,88.7942,0.0000,0.1572,0.1572,-0.0959,0.0000,0.0000,0.0088,0.0035,0.0000
0.0000,1.0950,1.0000,0.0160,0.0146,326.9075,88.7820,0.0000,0.1420,0.1420,-0.0926,0.0000,0.0000,0.0088,0.0035,0.0000
0.2000,0.8094,1.0000,0.0244,0.0146,326.9957,88.7728,0.0000,0.1546,0.1546,-0.0933,0.0000,0.0000,0.0088,0.0035,0.0000
0.0696,0.9835,1.0000,0.0327,0.0146,327.0970,88.7546,0.0000,0.1401,0.1401,-0.0901,0.0000,0.0000,0.0088,0.0035,0.0000
0.2000,0.8795,1.0000,0.0411,0.0268,327.1805,88.7467,0.0000,0.1448,0.1448,-0.0911,0.0000,0.0000,0.0161,0.0065,0.0000
0.0320,1.0199,1.0000,0.0495,0.0268,327.2635,88.7408,0.0000,0.1421,0.1421,-0.0887,0.0000,0.0000,0.0161,0.0065,0.0000
0.2006,0.8317,1.0000,0.0411,0.0268,327.3501,88.7255,0.0000,0.1451,0.1451,-0.0855,0.0000,0.0000,0.0161,0.0065,0.0000
0.2000,0.8261,1.0000,0.0492,0.0268,327.4430,88.7170,0.0000,0.1474,0.1474,-0.0827,0.0000,0.0000,0.0161,0.0065,0.0000
0.1997,0.8730,1.0000,0.0409,0.0268,327.5412,88.7052,0.0000,0.1451,0.1451,-0.0792,0.0000,0.0000,0.0161,0.0065,0.0000
0.1390,0.9258,1.0000,0.0325,0.0244,327.6265,88.6985,0.0000,0.1446,0.1446,-0.0833,0.0000,0.0000,0.0147,0.0059,0.0000
0.1020,0.9818,1.0000,0.0244,0.0244,327.7319,88.6899,0.0000,0.1466,0.1466,-0.0773,0.0000,0.0000,0.0147,0.0059,0.0000
0.2001,0.8481,1.0000,0.0160,0.0244,327.8116,88.6798,0.0000,0.1494,0.1494,-0.0773,0.0000,0.0000,0.0147,0.0059,0.0000
0.0001,1.0517,1.0000,0.0189,0.0231,327.9045,88.6636,0.0000,0.1362,0.1362,-0.0736,0.0000,0.0000,0.0139,0.0056,0.0000
0.2000,0.7971,1.0000,0.0105,0.0231,328.0067,88.6489,0.0000,0.1416,0.1416,-0.0713,0.0000,0.0000,0.0139,0.0056,0.0000
0.1184,0.9353,1.0000,0.0126,0.0231,328.1108,88.6402,0.0000,0.1386,0.1386,-0.0699,0.0000,0.0000,0.0139,0.0056,0.0000
0.0041,1.0240,1.0000,0.0044,0.0231,328.2031,88.6336,0.0000,0.1381,0.1381,-0.0692,0.0000,0.0000,0.0139,0.0056,0.0000
-0.0317,1.0357,1.0000,-0.0040,0.0060,328.3086,88.6210,0.0000,0.1347,0.1347,-0.0949,0.0000,0.0000,0.0036,0.0014,0.0000
0.0819,0.9176,1.0000,0.0043,0.0060,328.4024,88.6156,0.0000,0.1413,0.1413,-0.0947,0.0000,0.0000,0.0036,0.0014,0.0000
-0.0391,1.0543,1.0000,0.0126,0.0060,328.4955,88.6036,0.0000,0.1291,0.1291,-0.0949,0.0000,0.0000,0.0036,0.0014,0.0000
0.0538,0.9316,1.0000,0.0210,0.0060,328.5971,88.5940,0.0000,0.1328,0.1328,-0.0935,0.0000,0.0000,0.0036,0.0014,0.0000
0.1541,0.9305,1.0000,0.0294,0.0060,328.6931,88.5833,0.0000,0.1291,0.1291,-0.0928,0.0000,0.0000,0.0036,0.0014,0.0000
0.0269,1.0127,1.0000,0.0378,0.0081,328.7845,88.5786,0.0000,0.1265,0.1265,-0.0934,0.0000,0.0000,0.0049,0.0020,0.0000
0.1425,0.9573,1.0056,0.0462,0.0081,328.8880,88.5674,0.0000,0.1266,0.1266,-0.0897,0.0000,0.0000,0.0049,0.0020,0.0000
0.1960,0.9072,1.0106,0.0473,0.0081,328.9884,88.5578,0.0000,0.1268,0.1268,-0.0882,0.0000,0.0000,0.0049,0.0020,0.0000
0.0021,1.0333,1.0095,0.0534,0.0057,329.0836,88.5537,0.0000,0.1243,0.1243,-0.0959,0.0000,0.0000,0.0034,0.0014,0.0000
0.0026,1.0007,1.0086,0.0610,0.0057,329.1787,88.5455,0.0000,0.1254,0.1254,-0.0915,0.0000,0.0000,0.0034,0.0014,0.0000
0.0891,0.9454,1.0077,0.0526,0.0057,329.2775,88.5377,0.0000,0.1272,0.1272,-0.0889,0.0000,0.0000,0.0034,0.0014,0.0000
0.0879,0.9483,1.0069,0.0492,0.0057,329.3610,88.5322,0.0000,0.1274,0.1274,-0.0867,0.0000,0.0000,0.0034,0.0014,0.0000
0.0544,0.9836,1.0063,0.0408,0.0057,329.4558,88.5249,0.0000,0.1272,0.1272,-0.0804,0.0000,0.0000,0.0034,0.0014,0.0000
0.2000,0.8305,1.0112,0.0324,0.0057,329.5696,88.5153,0.0000,0.1317,0.1317,-0.0772,0.0000,0.0000,0.0034,0.0014,0.0000
0.1886,0.9446,1.0101,0.0240,0.0057,329.6560,88.5102,0.0000,0.1284,0.1284,-0.0749,0.0000,0.0000,0.0034,0.0014,0.0000
-0.0103,1.1337,1.0091,0.0156,0.0057,329.7501,88.5073,0.0000,0.1255,0.1255,-0.0720,0.0000,0.0000,0.0034,0.0014,0.0000
0.2001,0.8587,1.0137,0.0073,0.0057,329.8571,88.4986,0.0000,0.1344,0.1344,-0.0687,0.0000,0.0000,0.0034,0.0014,0.0000
0.1037,0.9347,1.0124,0.0063,0.0132,329.9457,88.4986,0.0000,0.1386,0.1386,-0.0513,0.0000,0.0000,0.0079,0.0032,0.0000
-0.0631,1.0658,1.0111,-0.0014,0.0132,330.0432,88.4844,0.0000,0.1293,0.1293,-0.0494,0.0000,0.0000,0.0079,0.0032,0.0000
0.1388,0.8789,1.0100,-0.0098,0.0132,330.1443,88.4859,0.0000,0.1428,0.1428,-0.0498,0.0000,0.0000,0.0079,0.0032,0.0000
0.1074,0.9771,1.0090,-0.0177,0.0132,330.2388,88.4645,0.0000,0.1269,0.1269,-0.0481,0.0000,0.0000,0.0079,0.0032,0.0000
0.0359,1.0013,1.0081,-0.0256,0.0138,330.3344,88.4667,0.0000,0.1348,0.1348,-0.0498,0.0000,0.0000,0.0083,0.0033,0.0000
0.0717,0.9603,1.0073,-0.0337,0.0138,330.4225,88.4623,0.0000,0.1375,0.1375,-0.0509,0.0000,0.0000,0.0083,0.0033,0.0000
0.0751,0.9474,1.0066,-0.0305,0.0138,330.5255,88.4428,0.0000,0.1261,0.1261,-0.0509,0.0000,0.0000,0.0083,0.0033,0.0000
0.2001,0.8739,1.0059,-0.0320,0.0138,330.6132,88.4459,0.0000,0.1360,0.1360,-0.0544,0.0000,0.0000,0.0083,0.0033,0.0000
0.0164,1.0386,1.0053,-0.0333,0.0039,330.7097,88.4391,0.0000,0.1283,0.1283,-0.0806,0.0000,0.0000,0.0024,0.0010,0.0000
0.1713,0.8681,1.0048,-0.0250,0.0039,330.8083,88.4240,0.0000,0.1245,0.1245,-0.0819,0.0000,0.0000,0.0024,0.0010,0.0000
0.0908,0.9576,1.0043,-0.0166,0.0039,330.9030,88.4194,0.0000,0.1193,0.1193,-0.0856,0.0000,0.0000,0.0024,0.0010,0.0000
0.0377,0.9893,1.0039,-0.0082,0.0039,331.0039,88.4124,0.0000,0.1146,0.1146,-0.0887,0.0000,0.0000,0.0024,0.0010,0.0000
0.1055,0.9387,1.0035,-0.0028,0.0009,331.1005,88.3982,0.0000,0.1073,0.1073,-0.0896,0.0000,0.0000,0.0006,0.0002,0.0000
0.0268,1.0017,1.0031,0.0056,0.0009,331.1912,88.3894,0.0000,0.0988,0.0988,-0.0924,0.0000,0.0000,0.0006,0.0002,0.0000
0.2000,0.9028,1.0028,0.0140,0.0009,331.2772,88.3833,0.0000,0.1013,0.1013,-0.0932,0.0000,0.0000,0.0006,0.0002,0.0000
0.1496,0.9028,1.0025,0.0224,0.0009,331.3697,88.3630,0.0000,0.0863,0.0863,-0.0922,0.0000,0.0000,0.0006,0.0002,0.0000
0.2003,0.8548,1.0023,0.0308,0.0009,331.4685,88.3580,0.0000,0.0882,0.0882,-0.0929,0.0000,0.0000,0.0006,0.0002,0.0000
0.1140,0.9386,1.0021,0.0392,0.0055,331.5536,88.3449,0.0000,0.0773,0.0773,-0.0859,0.0000,0.0000,0.0033,0.0013,0.0000
0.0501,0.9802,1.0019,0.0476,0.0055,331.6422,88.3354,0.0000,0.0709,0.0709,-0.0859,0.0000,0.0000,0.0033,0.0013,0.0000
0.2000,0.8532,1.0017,0.0559,0.0055,331.7353,88.3253,0.0000,0.0730,0.0730,-0.0821,0.0000,0.0000,0.0033,0.0013,0.0000
0.1695,0.8834,1.0015,0.0643,0.0055,331.8230,88.3170,0.0000,0.0692,0.0692,-0.0800,0.0000,0.0000,0.0033,0.0013,0.0000
0.1140,0.9297,1.0014,0.0726,0.0055,331.9168,88.3053,0.0000,0.0624,0.0624,-0.0769,0.0000,0.0000,0.0033,0.0013,0.0000
0.1884,0.8737,1.0012,0.0810,0.0055,332.0029,88.3065,0.0000,0.0715,0.0715,-0.0745,0.0000,0.0000,0.0033,0.0013,0.0000
0.1172,0.9375,1.0011,0.0894,0.0055,332.0964,88.2960,0.0000,0.0665,0.0665,-0.0685,0.0000,0.0000,0.0033,0.0013,0.0000
0.2008,0.8550,1.0010,0.0810,0.0055,332.1943,88.2900,0.0000,0.0707,0.0707,-0.0640,0.0000,0.0000,0.0033,0.0013,0.0000
0.1395,0.9337,1.0009,0.0752,0.0082,332.2792,88.2912,0.0000,0.0758,0.0758,-0.0499,0.0000,0.0000,0.0049,0.0020,0.0000
0.0649,0.9740,1.0008,0.0668,0.0082,332.3702,88.2877,0.0000,0.0805,0.0805,-0.0433,0.0000,0.0000,0.0049,0.0020,0.0000
0.2000,0.8449,1.0007,0.0584,0.0082,332.4624,88.2898,0.0000,0.0926,0.0926,-0.0405,0.0000,0.0000,0.0049,0.0020,0.0000
0.1465,0.9055,1.0006,0.0500,0.0082,332.5567,88.2846,0.0000,0.0951,0.0951,-0.0345,0.0000,0.0000,0.0049,0.0020,0.0000
0.1222,0.9165,1.0006,0.0416,0.0082,332.6470,88.2881,0.0000,0.1056,0.1056,-0.0317,0.0000,0.0000,0.0049,0.0020,0.0000
0.0948,0.9375,1.0005,0.0332,0.0082,332.7306,88.2890,0.0000,0.1135,0.1135,-0.0276,0.0000,0.0000,0.0049,0.0020,0.0000
0.2000,0.8978,1.0005,0.0248,0.0082,332.8259,88.2805,0.0000,0.1139,0.1139,-0.0230,0.0000,0.0000,0.0049,0.0020,0.0000
0.1999,0.8316,1.0004,0.0165,0.0082,332.9092,88.2804,0.0000,0.1206,0.1206,-0.0217,0.0000,0.0000,0.0049,0.0020,0.0000
0.1107,0.9490,1.0004,0.0081,0.0082,332.9961,88.2818,0.0000,0.1277,0.1277,-0.0189,0.0000,0.0000,0.0049,0.0020,0.0000
0.2000,0.8263,1.0003,-0.0003,0.0082,333.0864,88.2742,0.0000,0.1283,0.1283,-0.0164,0.0000,0.0000,0.0049,0.0020,0.0000
0.2000,0.8630,1.0003,-0.0087,0.0075,333.1729,88.2756,0.0000,0.1346,0.1346,-0.0246,0.0000,0.0000,0.0045,0.0018,0.0000
0.1640,0.8983,1.0003,-0.0170,0.0075,333.2658,88.2706,0.0000,0.1355,0.1355,-0.0223,0.0000,0.0000,0.0045,0.0018,0.0000
0.2001,0.8581,1.0003,-0.0254,0.0075,333.3570,88.2720,0.0000,0.1421,0.1421,-0.0236,0.0000,0.0000,0.0045,0.0018,0.0000
0.1295,0.9224,1.0002,-0.0338,0.0075,333.4525,88.2646,0.0000,0.1396,0.1396,-0.0233,0.0000,0.0000,0.0045,0.0018,0.0000
0.1588,0.9041,1.0002,-0.0422,0.0075,333.5554,88.2618,0.0000,0.1422,0.1422,-0.0249,0.0000,0.0000,0.0045,0.0018,0.0000
0.0916,0.9497,1.0002,-0.0506,0.0075,333.6573,88.2656,0.0000,0.1497,0.1497,-0.0283,0.0000,0.0000,0.0045,0.0018,0.0000
0.0043,1.0199,1.0002,-0.0590,0.0075,333.7548,88.2531,0.0000,0.1407,0.1407,-0.0305,0.0000,0.0000,0.0045,0.0018,0.0000
-0.0059,1.0086,1.0001,-0.0674,0.0059,333.8485,88.2530,0.0000,0.1437,0.1437,-0.0379,0.0000,0.0000,0.0036,0.0014,0.0000
0.0210,0.9751,1.0001,-0.0636,0.0059,333.9358,88.2400,0.0000,0.1348,0.1348,-0.0406,0.0000,0.0000,0.0036,0.0014,0.0000
0.1478,0.9277,1.0001,-0.0552,0.0059,334.0292,88.2396,0.0000,0.1376,0.1376,-0.0468,0.0000,0.0000,0.0036,0.0014,0.0000
0.1963,0.8752,1.0001,-0.0468,0.0059,334.1196,88.2269,0.0000,0.1295,0.1295,-0.0506,0.0000,0.0000,0.0036,0.0014,0.0000
0.1313,0.9244,1.0001,-0.0385,0.0059,334.2152,88.2226,0.0000,0.1268,0.1268,-0.0556,0.0000,0.0000,0.0036,0.0014,0.0000
0.1317,0.9059,1.0001,-0.0301,0.0059,334.2999,88.2016,0.0000,0.1095,0.1095,-0.0590,0.0000,0.0000,0.0036,0.0014,0.0000
0.0869,0.9476,1.0001,-0.0217,0.0059,334.3964,88.2004,0.0000,0.1101,0.1101,-0.0638,0.0000,0.0000,0.0036,0.0014,0.0000
0.2000,0.8674,1.0001,-0.0133,0.0059,334.4858,88.1828,0.0000,0.0994,0.0994,-0.0653,0.0000,0.0000,0.0036,0.0014,0.0000
0.0986,0.9540,1.0001,-0.0049,0.0059,334.5749,88.1770,0.0000,0.0938,0.0938,-0.0693,0.0000,0.0000,0.0036,0.0014,0.0000
0.1728,0.9040,1.0001,0.0035,0.0059,334.6736,88.1659,0.0000,0.0899,0.0899,-0.0691,0.0000,0.0000,0.0036,0.0014,0.0000
0.1634,0.8847,1.0001,0.0097,0.0037,334.7636,88.1636,0.0000,0.0919,0.0919,-0.0801,0.0000,0.0000,0.0022,0.0009,0.0000
0.0583,0.9849,1.0000,0.0181,0.0037,334.8699,88.1501,0.0000,0.0804,0.0804,-0.0779,0.0000,0.0000,0.0022,0.0009,0.0000
0.1921,0.8913,1.0000,0.0265,0.0037,334.9622,88.1484,0.0000,0.0858,0.0858,-0.0796,0.0000,0.0000,0.0022,0.0009,0.0000
-0.0078,1.0625,1.0000,0.0349,0.0037,335.0536,88.1407,0.0000,0.0765,0.0765,-0.0779,0.0000,0.0000,0.0022,0.0009,0.0000
0.0765,0.9138,1.0000,0.0433,0.0037,335.1451,88.1294,0.0000,0.0761,0.0761,-0.0758,0.0000,0.0000,0.0022,0.0009,0.0000
0.1899,0.9102,1.0000,0.0516,0.0037,335.2371,88.1329,0.0000,0.0840,0.0840,-0.0757,0.0000,0.0000,0.0022,0.0009,0.0000
0.1602,0.9143,1.0000,0.0587,0.0037,335.3330,88.1288,0.0000,0.0861,0.0861,-0.0715,0.0000,0.0000,0.0022,0.0009,0.0000
0.1533,0.9126,1.0000,0.0505,0.0037,335.4346,88.1278,0.0000,0.0915,0.0915,-0.0680,0.0000,0.0000,0.0022,0.0009,0.0000
0.1207,0.9539,1.0000,0.0563,0.0178,335.5239,88.1230,0.0000,0.0911,0.0911,-0.0670,0.0000,0.0000,0.0107,0.0043,0.0000
0.0278,1.0085,1.0000,0.0481,0.0178,335.6177,88.1191,0.0000,0.0911,0.0911,-0.0637,0.0000,0.0000,0.0107,0.0043,0.0000
0.1950,0.8879,1.0000,0.0397,0.0178,335.7065,88.1139,0.0000,0.0952,0.0952,-0.0600,0.0000,0.0000,0.0107,0.0043,0.0000
0.1999,0.9318,1.0000,0.0316,0.0178,335.8106,88.1176,0.0000,0.1037,0.1037,-0.0566,0.0000,0.0000,0.0107,0.0043,0.0000
0.2000,0.8838,1.0000,0.0232,0.0178,335.9025,88.1038,0.0000,0.0970,0.0970,-0.0529,0.0000,0.0000,0.0107,0.0043,0.0000
0.0187,1.0346,1.0000,0.0148,0.0178,335.9958,88.1062,0.0000,0.1005,0.1005,-0.0508,0.0000,0.0000,0.0107,0.0043,0.0000
0.1199,0.9211,1.0000,0.0065,0.0178,336.0953,88.1016,0.0000,0.1044,0.1044,-0.0482,0.0000,0.0000,0.0107,0.0043,0.0000
0.1768,0.9262,1.0000,-0.0019,0.0178,336.1944,88.0958,0.0000,0.1041,0.1041,-0.0455,0.0000,0.0000,0.0107,0.0043,0.0000
0.0811,0.9884,1.0000,-0.0100,0.0178,336.2855,88.0939,0.0000,0.1048,0.1048,-0.0454,0.0000,0.0000,0.0107,0.0043,0.0000
0.0406,0.9846,1.0000,-0.0039,0.0155,336.3855,88.0852,0.0000,0.1004,0.1004,-0.0533,0.0000,0.0000,0.0093,0.0037,0.0000
0.1689,0.9033,1.0000,-0.0006,0.0155,336.4805,88.0799,0.0000,0.1002,0.1002,-0.0542,0.0000,0.0000,0.0093,0.0037,0.0000
0.0491,0.9951,1.0000,0.0078,0.0155,336.5713,88.0684,0.0000,0.0891,0.0891,-0.0549,0.0000,0.0000,0.0093,0.0037,0.0000
0.0960,0.9435,1.0000,-0.0006,0.0155,336.6606,88.0846,0.0000,0.1096,0.1096,-0.0553,0.0000,0.0000,0.0093,0.0037,0.0000
0.1589,0.9077,1.0000,0.0021,0.0155,336.7621,88.0686,0.0000,0.0984,0.0984,-0.0546,0.0000,0.0000,0.0093,0.0037,0.0000
0.1496,0.8987,1.0000,0.0085,0.0155,336.8500,88.0637,0.0000,0.0972,0.0972,-0.0537,0.0000,0.0000,0.0093,0.0037,0.0000
0.0205,1.0182,1.0000,0.0074,0.0155,336.9368,88.0670,0.0000,0.0991,0.0991,-0.0560,0.0000,0.0000,0.0093,0.0037,0.0000
0.1990,0.8731,1.0000,-0.0010,0.0155,337.0305,88.0602,0.0000,0.1005,0.1005,-0.0539,0.0000,0.0000,0.0093,0.0037,0.0000
0.2001,0.8598,1.0000,0.0034,0.0155,337.1260,88.0545,0.0000,0.0987,0.0987,-0.0536,0.0000,0.0000,0.0093,0.0037,0.0000
0.1998,0.9319,1.0000,-0.0050,0.0145,337.2157,88.0655,0.0000,0.1114,0.1114,-0.0424,0.0000,0.0000,0.0087,0.0035,0.0000
0.1145,0.9483,1.0000,-0.0134,0.0145,337.3028,88.0434,0.0000,0.0938,0.0938,-0.0409,0.0000,0.0000,0.0087,0.0035,0.0000
0.2006,0.8956,1.0000,-0.0216,0.0145,337.3955,88.0459,0.0000,0.1015,0.1015,-0.0411,0.0000,0.0000,0.0087,0.0035,0.0000
0.1692,0.8902,1.0000,-0.0228,0.0145,337.4967,88.0398,0.0000,0.1001,0.1001,-0.0414,0.0000,0.0000,0.0087,0.0035,0.0000
0.1244,0.9189,1.0000,-0.0145,0.0145,337.5837,88.0295,0.0000,0.0926,0.0926,-0.0426,0.0000,0.0000,0.0087,0.0035,0.0000
0.0281,1.0045,1.0000,-0.0126,0.0145,337.6861,88.0308,0.0000,0.0955,0.0955,-0.0452,0.0000,0.0000,0.0087,0.0035,0.0000
0.1796,0.8694,1.0000,-0.0108,0.0145,337.7762,88.0205,0.0000,0.0920,0.0920,-0.0463,0.0000,0.0000,0.0087,0.0035,0.0000
0.0327,1.0136,1.0000,-0.0026,0.0145,337.8578,88.0143,0.0000,0.0856,0.0856,-0.0476,0.0000,0.0000,0.0087,0.0035,0.0000
0.1574,0.8993,1.0000,-0.0059,0.0145,337.9608,88.0159,0.0000,0.0939,0.0939,-0.0494,0.0000,0.0000,0.0087,0.0035,0.0000
0.1999,0.8113,1.0000,-0.0023,0.0098,338.0481,88.0054,0.0000,0.0889,0.0889,-0.0626,0.0000,0.0000,0.0059,0.0024,0.0000
0.0320,1.0206,1.0000,0.0061,0.0098,338.1354,87.9986,0.0000,0.0788,0.0788,-0.0622,0.0000,0.0000,0.0059,0.0024,0.0000
0.1631,0.8723,1.0000,0.0145,0.0098,338.2330,88.0002,0.0000,0.0874,0.0874,-0.0641,0.0000,0.0000,0.0059,0.0024,0.0000
0.1999,0.8674,1.0000,0.0229,0.0098,338.3230,87.9901,0.0000,0.0812,0.0812,-0.0624,0.0000,0.0000,0.0059,0.0024,0.0000
0.0859,0.9670,1.0000,0.0311,0.0098,338.4161,87.9932,0.0000,0.0838,0.0838,-0.0634,0.0000,0.0000,0.0059,0.0024,0.0000
0.1839,0.8981,1.0000,0.0343,0.0098,338.5057,87.9826,0.0000,0.0796,0.0796,-0.0607,0.0000,0.0000,0.0059,0.0024,0.0000
0.2000,0.9225,1.0000,0.0259,0.0098,338.5938,87.9899,0.0000,0.0893,0.0893,-0.0603,0.0000,0.0000,0.0059,0.0024,0.0000
0.1999,0.8942,1.0000,0.0175,0.0098,338.6910,87.9801,0.0000,0.0853,0.0853,-0.0566,0.0000,0.0000,0.0059,0.0024,0.0000
0.1998,0.8766,1.0000,0.0125,0.0134,338.7822,87.9818,0.0000,0.0916,0.0916,-0.0539,0.0000,0.0000,0.0081,0.0032,0.0000
0.0860,0.9686,1.0000,0.0171,0.0134,338.8801,87.9781,0.0000,0.0895,0.0895,-0.0524,0.0000,0.0000,0.0081,0.0032,0.0000
0.1720,0.9057,1.0000,0.0087,0.0134,338.9780,87.9715,0.0000,0.0890,0.0890,-0.0498,0.0000,0.0000,0.0081,0.0032,0.0000
0.1349,0.9716,1.0000,0.0005,0.0134,339.0705,87.9799,0.0000,0.0984,0.0984,-0.0507,0.0000,0.0000,0.0081,0.0032,0.0000
0.0704,0.9729,1.0000,0.0031,0.0134,339.1631,87.9598,0.0000,0.0830,0.0830,-0.0473,0.0000,0.0000,0.0081,0.0032,0.0000
0.1502,0.9207,1.0000,-0.0053,0.0134,339.2505,87.9719,0.0000,0.0987,0.0987,-0.0486,0.0000,0.0000,0.0081,0.0032,0.0000
0.1119,0.9370,1.0000,-0.0047,0.0134,339.3425,87.9626,0.0000,0.0926,0.0926,-0.0476,0.0000,0.0000,0.0081,0.0032,0.0000
0.1897,0.8735,1.0000,-0.0062,0.0134,339.4304,87.9511,0.0000,0.0861,0.0861,-0.0463,0.0000,0.0000,0.0081,0.0032,0.0000
0.1630,0.9167,1.0000,-0.0091,0.0134,339.5269,87.9568,0.0000,0.0931,0.0931,-0.0482,0.0000,0.0000,0.0081,0.0032,0.0000
0.1859,0.8783,1.0000,-0.0020,0.0120,339.6148,87.9436,0.0000,0.0843,0.0843,-0.0526,0.0000,0.0000,0.0072,0.0029,0.0000
0.0955,0.9571,1.0000,0.0063,0.0120,339.7031,87.9374,0.0000,0.0782,0.0782,-0.0532,0.0000,0.0000,0.0072,0.0029,0.0000
0.1948,0.8816,1.0000,0.0126,0.0120,339.7989,87.9394,0.0000,0.0845,0.0845,-0.0543,0.0000,0.0000,0.0072,0.0029,0.0000
0.1747,0.8774,1.0000,0.0210,0.0120,339.8785,87.9336,0.0000,0.0813,0.0813,-0.0538,0.0000,0.0000,0.0072,0.0029,0.0000
0.1456,0.9495,1.0000,0.0126,0.0120,339.9699,87.9398,0.0000,0.0876,0.0876,-0.0548,0.0000,0.0000,0.0072,0.0029,0.0000
0.2000,0.7913,1.0000,0.0196,0.0120,340.0687,87.9288,0.0000,0.0848,0.0848,-0.0520,0.0000,0.0000,0.0072,0.0029,0.0000
0.1242,0.9849,1.0000,0.0112,0.0120,340.1645,87.9266,0.0000,0.0813,0.0813,-0.0498,0.0000,0.0000,0.0072,0.0029,0.0000
0.0507,0.9849,1.0000,0.0129,0.0120,340.2579,87.9247,0.0000,0.0828,0.0828,-0.0485,0.0000,0.0000,0.0072,0.0029,0.0000
0.0348,0.9849,1.0000,0.0063,0.0120,340.3369,87.9227,0.0000,0.0835,0.0835,-0.0473,0.0000,0.0000,0.0072,0.0029,0.0000
0.1404,0.9259,1.0000,-0.0021,-0.0049,340.4345,87.9165,0.0000,0.0820,0.0820,-0.0434,0.0000,0.0000,-0.0029,-0.0012,0.0000
0.2000,0.7843,1.0000,-0.0105,-0.0049,340.5267,87.9264,0.0000,0.0978,0.0978,-0.0436,0.0000,0.0000,-0.0029,-0.0012,0.0000
0.1512,0.9690,1.0000,-0.0188,-0.0049,340.6204,87.9157,0.0000,0.0869,0.0869,-0.0415,0.0000,0.0000,-0.0029,-0.0012,0.0000
0.1176,0.9344,1.0000,-0.0250,-0.0049,340.7152,87.9138,0.0000,0.0883,0.0883,-0.0424,0.0000,0.0000,-0.0029,-0.0012,0.0000
0.1259,0.9344,1.0000,-0.0334,-0.0049,340.8047,87.9117,0.0000,0.0891,0.0891,-0.0422,0.0000,0.0000,-0.0029,-0.0012,0.0000
0.1068,0.9344,1.0000,-0.0254,-0.0049,340.8980,87.9045,0.0000,0.0837,0.0837,-0.0446,0.0000,0.0000,-0.0029,-0.0012,0.0000
0.1952,0.8882,1.0000,-0.0248,-0.0049,340.9879,87.9057,0.0000,0.0876,0.0876,-0.0470,0.0000,0.0000,-0.0029,-0.0012,0.0000
0.1229,0.9278,1.0000,-0.0164,-0.0049,341.0770,87.8997,0.0000,0.0822,0.0822,-0.0497,0.0000,0.0000,-0.0029,-0.0012,0.0000
0.2004,0.8846,1.0000,-0.0080,-0.0049,341.1676,87.8898,0.0000,0.0753,0.0753,-0.0519,0.0000,0.0000,-0.0029,-0.0012,0.0000
0.1867,0.8846,1.0000,-0.0011,-0.0063,341.2601,87.8873,0.0000,0.0734,0.0734,-0.0835,0.0000,0.0000,-0.0038,-0.0015,0.0000
0.1784,0.8846,1.0000,0.0073,-0.0063,341.3591,87.8855,0.0000,0.0715,0.0715,-0.0843,0.0000,0.0000,-0.0038,-0.0015,0.0000
0.1284,0.9170,1.0000,0.0156,-0.0063,341.4571,87.8746,0.0000,0.0593,0.0593,-0.0848,0.0000,0.0000,-0.0038,-0.0015,0.0000
0.0528,0.9811,1.0000,0.0240,-0.0063,341.5495,87.8668,0.0000,0.0490,0.0490,-0.0848,0.0000,0.0000,-0.0038,-0.0015,0.0000
0.0391,0.9771,1.0000,0.0324,-0.0063,341.6494,87.8641,0.0000,0.0470,0.0470,-0.0841,0.0000,0.0000,-0.0038,-0.0015,0.0000
0.1556,0.9194,1.0000,0.0408,-0.0063,341.7448,87.8671,0.0000,0.0525,0.0525,-0.0846,0.0000,0.0000,-0.0038,-0.0015,0.0000
0.0501,0.9914,1.0000,0.0492,-0.0063,341.8530,87.8538,0.0000,0.0382,0.0382,-0.0809,0.0000,0.0000,-0.0038,-0.0015,0.0000
0.0928,0.9453,1.0000,0.0576,-0.0063,341.9395,87.8558,0.0000,0.0425,0.0425,-0.0803,0.0000,0.0000,-0.0038,-0.0015,0.0000
0.2000,0.8589,1.0000,0.0660,-0.0063,342.0379,87.8463,0.0000,0.0387,0.0387,-0.0758,0.0000,0.0000,-0.0038,-0.0015,0.0000
0.1999,0.8589,1.0000,0.0744,-0.0047,342.1348,87.8461,0.0000,0.0410,0.0410,-0.0598,0.0000,0.0000,-0.0028,-0.0011,0.0000
0.0772,0.9793,1.0000,0.0828,-0.0047,342.2192,87.8486,0.0000,0.0423,0.0423,-0.0576,0.0000,0.0000,-0.0028,-0.0011,0.0000
0.0599,0.9619,1.0000,0.0859,-0.0047,342.3166,87.8367,0.0000,0.0353,0.0353,-0.0517,0.0000,0.0000,-0.0028,-0.0011,0.0000
0.2001,0.8382,1.0000,0.0796,-0.0047,342.4050,87.8412,0.0000,0.0455,0.0455,-0.0490,0.0000,0.0000,-0.0028,-0.0011,0.0000
0.0809,0.9720,1.0000,0.0712,-0.0047,342.5013,87.8434,0.0000,0.0488,0.0488,-0.0432,0.0000,0.0000,-0.0028,-0.0011,0.0000
0.2002,0.8793,1.0000,0.0629,-0.0047,342.6009,87.8376,0.0000,0.0494,0.0494,-0.0370,0.0000,0.0000,-0.0028,-0.0011,0.0000
0.0958,0.9574,1.0000,0.0545,-0.0047,342.6873,87.8484,0.0000,0.0615,0.0615,-0.0339,0.0000,0.0000,-0.0028,-0.0011,0.0000
0.0378,0.9894,1.0000,0.0461,-0.0047,342.7863,87.8393,0.0000,0.0568,0.0568,-0.0270,0.0000,0.0000,-0.0028,-0.0011,0.0000
0.1766,0.8660,1.0000,0.0393,-0.0031,342.8802,87.8497,0.0000,0.0717,0.0717,-0.0186,0.0000,0.0000,-0.0019,-0.0007,0.0000
0.0612,0.9852,1.0000,0.0309,-0.0031,342.9764,87.8561,0.0000,0.0817,0.0817,-0.0133,0.0000,0.0000,-0.0019,-0.0007,0.0000
0.1074,0.9392,1.0000,0.0225,-0.0031,343.0652,87.8668,0.0000,0.0957,0.0957,-0.0110,0.0000,0.0000,-0.0019,-0.0007,0.0000
0.0713,0.9585,1.0000,0.0141,-0.0031,343.1599,87.8687,0.0000,0.1012,0.1012,-0.0075,0.0000,0.0000,-0.0019,-0.0007,0.0000
0.1870,0.8881,1.0000,0.0057,-0.0031,343.2545,87.8754,0.0000,0.1110,0.1110,-0.0056,0.0000,0.0000,-0.0019,-0.0007,0.0000
0.1082,0.9406,1.0000,-0.0026,-0.0031,343.3359,87.8802,0.0000,0.1183,0.1183,-0.0035,0.0000,0.0000,-0.0019,-0.0007,0.0000
0.0884,0.9415,1.0000,-0.0110,-0.0031,343.4278,87.8838,0.0000,0.1247,0.1247,-0.0019,0.0000,0.0000,-0.0019,-0.0007,0.0000
0.2000,0.8087,1.0000,-0.0194,-0.0031,343.5208,87.8961,0.0000,0.1390,0.1390,-0.0021,0.0000,0.0000,-0.0019,-0.0007,0.0000
0.1493,0.9124,1.0000,-0.0278,-0.0031,343.6224,87.8996,0.0000,0.1447,0.1447,-0.0018,0.0000,0.0000,-0.0019,-0.0007,0.0000
0.1083,0.9304,1.0000,-0.0362,-0.0066,343.7185,87.8983,0.0000,0.1437,0.1437,-0.0147,0.0000,0.0000,-0.0040,-0.0016,0.0000
0.0213,1.0076,1.0000,-0.0446,-0.0066,343.8121,87.8954,0.0000,0.1405,0.1405,-0.0162,0.0000,0.0000,-0.0040,-0.0016,0.0000
0.0971,0.9533,1.0000,-0.0530,-0.0066,343.9092,87.9018,0.0000,0.1470,0.1470,-0.0188,0.0000,0.0000,-0.0040,-0.0016,0.0000
0.0994,0.9277,1.0000,-0.0614,-0.0066,344.0000,87.8974,0.0000,0.1424,0.1424,-0.0218,0.0000,0.0000,-0.0040,-0.0016,0.0000
0.0647,0.9637,1.0000,-0.0698,-0.0167,344.0924,87.8941,0.0000,0.1379,0.1379,-0.0253,0.0000,0.0000,-0.0100,-0.0040,0.0000
0.2000,0.9019,1.0000,-0.0782,-0.0167,344.1848,87.8933,0.0000,0.1366,0.1366,-0.0301,0.0000,0.0000,-0.0100,-0.0040,0.0000
0.1482,0.9166,1.0000,-0.0866,-0.0167,344.2749,87.8915,0.0000,0.1334,0.1334,-0.0346,0.0000,0.0000,-0.0100,-0.0040,0.0000
0.1231,0.9158,1.0000,-0.0895,-0.0167,344.3706,87.8979,0.0000,0.1383,0.1383,-0.0400,0.0000,0.0000,-0.0100,-0.0040,0.0000
0.1750,0.8931,1.0000,-0.0811,-0.0167,344.4624,87.8913,0.0000,0.1303,0.1303,-0.0462,0.0000,0.0000,-0.0100,-0.0040,0.0000
0.1004,0.9486,1.0000,-0.0727,0.0011,344.5462,87.8822,0.0000,0.1215,0.1215,-0.0177,0.0000,0.0000,0.0006,0.0003,0.0000
0.1373,0.9131,1.0000,-0.0811,0.0011,344.6459,87.8863,0.0000,0.1275,0.1275,-0.0240,0.0000,0.0000,0.0006,0.0003,0.0000
0.2000,0.8378,1.0000,-0.0747,0.0011,344.7298,87.8706,0.0000,0.1144,0.1144,-0.0289,0.0000,0.0000,0.0006,0.0003,0.0000
0.0662,0.9864,1.0000,-0.0663,0.0042,344.8206,87.8582,0.0000,0.1015,0.1015,-0.0336,0.0000,0.0000,0.0025,0.0010,0.0000
0.2000,0.8497,1.0000,-0.0579,0.0042,344.9201,87.8596,0.0000,0.1067,0.1067,-0.0404,0.0000,0.0000,0.0025,0.0010,0.0000
0.1473,0.9097,1.0000,-0.0496,0.0042,344.9977,87.8516,0.0000,0.0988,0.0988,-0.0451,0.0000,0.0000,0.0025,0.0010,0.0000
0.0541,0.9846,1.0000,-0.0412,0.0042,345.0872,87.8301,0.0000,0.0776,0.0776,-0.0491,0.0000,0.0000,0.0025,0.0010,0.0000
0.2000,0.7744,1.0000,-0.0328,0.0042,345.1810,87.8370,0.0000,0.0917,0.0917,-0.0546,0.0000,0.0000,0.0025,0.0010,0.0000
0.1366,0.9153,1.0000,-0.0377,-0.0091,345.2659,87.8211,0.0000,0.0739,0.0739,-0.0834,0.0000,0.0000,-0.0055,-0.0022,0.0000
0.1086,0.9280,1.0000,-0.0293,-0.0091,345.3586,87.8149,0.0000,0.0675,0.0675,-0.0863,0.0000,0.0000,-0.0055,-0.0022,0.0000
0.2001,0.8582,1.0000,-0.0209,-0.0091,345.4584,87.8008,0.0000,0.0572,0.0572,-0.0888,0.0000,0.0000,-0.0055,-0.0022,0.0000
0.1314,0.9205,1.0000,-0.0125,-0.0091,345.5461,87.8100,0.0000,0.0633,0.0633,-0.0931,0.0000,0.0000,-0.0055,-0.0022,0.0000
0.0350,0.9994,1.0000,-0.0041,-0.0001,345.6406,87.7982,0.0000,0.0492,0.0492,-0.0937,0.0000,0.0000,-0.0001,-0.0000,0.0000
0.1829,0.8699,1.0000,0.0043,-0.0001,345.7333,87.7858,0.0000,0.0438,0.0438,-0.0956,0.0000,0.0000,-0.0001,-0.0000,0.0000
0.1094,0.9438,1.0000,0.0127,-0.0001,345.8253,87.7889,0.0000,0.0444,0.0444,-0.0970,0.0000,0.0000,-0.0001,-0.0000,0.0000
0.1012,0.9287,1.0000,0.0211,-0.0001,345.9089,87.7839,0.0000,0.0416,0.0416,-0.0973,0.0000,0.0000,-0.0001,-0.0000,0.0000
0.1422,0.9107,1.0000,0.0295,-0.0001,345.9939,87.7713,0.0000,0.0319,0.0319,-0.0963,0.0000,0.0000,-0.0001,-0.0000,0.0000
0.1999,0.8306,1.0000,0.0379,-0.0001,346.0875,87.7682,0.0000,0.0347,0.0347,-0.0953,0.0000,0.0000,-0.0001,-0.0000,0.0000
0.2000,0.8517,1.0000,0.0463,0.0023,346.1758,87.7590,0.0000,0.0278,0.0278,-0.0853,0.0000,0.0000,0.0014,0.0005,0.0000
0.1398,0.9286,1.0000,0.0547,0.0023,346.2697,87.7582,0.0000,0.0267,0.0267,-0.0840,0.0000,0.0000,0.0014,0.0005,0.0000
0.1970,0.8804,1.0000,0.0631,0.0023,346.3604,87.7507,0.0000,0.0252,0.0252,-0.0806,0.0000,0.0000,0.0014,0.0005,0.0000
0.1190,0.9322,1.0000,0.0715,0.0023,346.4508,87.7530,0.0000,0.0289,0.0289,-0.0780,0.0000,0.0000,0.0014,0.0005,0.0000
0.1496,0.9022,1.0000,0.0799,0.0023,346.5424,87.7471,0.0000,0.0284,0.0284,-0.0738,0.0000,0.0000,0.0014,0.0005,0.0000
0.1421,0.8984,1.0000,0.0882,0.0023,346.6353,87.7435,0.0000,0.0294,0.0294,-0.0695,0.0000,0.0000,0.0014,0.0005,0.0000
0.1274,0.9112,1.0000,0.0966,0.0023,346.7318,87.7412,0.0000,0.0314,0.0314,-0.0644,0.0000,0.0000,0.0014,0.0005,0.0000
0.1101,0.9232,1.0000,0.1050,0.0023,346.8241,87.7428,0.0000,0.0372,0.0372,-0.0600,0.0000,0.0000,0.0014,0.0005,0.0000
0.0837,0.9591,1.0000,0.0966,-0.0158,346.9169,87.7399,0.0000,0.0388,0.0388,-0.0540,0.0000,0.0000,-0.0095,-0.0038,0.0000
0.1797,0.9182,1.0000,0.0882,-0.0158,347.0119,87.7430,0.0000,0.0480,0.0480,-0.0482,0.0000,0.0000,-0.0095,-0.0038,0.0000
0.1244,0.9228,1.0000,0.0798,-0.0158,347.1027,87.7481,0.0000,0.0577,0.0577,-0.0430,0.0000,0.0000,-0.0095,-0.0038,0.0000
0.0869,0.9455,1.0000,0.0714,-0.0158,347.1896,87.7525,0.0000,0.0665,0.0665,-0.0375,0.0000,0.0000,-0.0095,-0.0038,0.0000
0.1996,0.9054,1.0000,0.0630,-0.0158,347.2803,87.7513,0.0000,0.0707,0.0707,-0.0324,0.0000,0.0000,-0.0095,-0.0038,0.0000
0.1871,0.8665,1.0000,0.0546,-0.0158,347.3721,87.7542,0.0000,0.0785,0.0785,-0.0277,0.0000,0.0000,-0.0095,-0.0038,0.0000
0.1467,0.9005,1.0000,0.0462,-0.0158,347.4684,87.7539,0.0000,0.0824,0.0824,-0.0228,0.0000,0.0000,-0.0095,-0.0038,0.0000
0.1255,0.9134,1.0000,0.0379,-0.0158,347.5611,87.7567,0.0000,0.0892,0.0892,-0.0189,0.0000,0.0000,-0.0095,-0.0038,0.0000
0.0769,0.9560,1.0000,0.0373,-0.0080,347.6548,87.7567,0.0000,0.0935,0.0935,0.0039,0.0000,0.0000,-0.0048,-0.0019,0.0000
0.1800,0.9210,1.0000,0.0289,-0.0080,347.7519,87.7586,0.0000,0.1010,0.1010,0.0069,0.0000,0.0000,-0.0048,-0.0019,0.0000
0.1244,0.9300,1.0000,0.0205,-0.0080,347.8441,87.7652,0.0000,0.1132,0.1132,0.0100,0.0000,0.0000,-0.0048,-0.0019,0.0000
0.0690,0.9636,1.0000,0.0121,-0.0080,347.9308,87.7609,0.0000,0.1145,0.1145,0.0133,0.0000,0.0000,-0.0048,-0.0019,0.0000
0.1838,0.9182,1.0000,0.0037,-0.0080,348.0283,87.7640,0.0000,0.1228,0.1228,0.0158,0.0000,0.0000,-0.0048,-0.0019,0.0000
0.2000,0.8606,1.0000,-0.0026,-0.0060,348.1250,87.7670,0.0000,0.1304,0.1304,0.0175,0.0000,0.0000,-0.0036,-0.0014,0.0000
0.0858,0.9676,1.0000,-0.0110,-0.0060,348.2222,87.7676,0.0000,0.1368,0.1368,0.0186,0.0000,0.0000,-0.0036,-0.0014,0.0000
0.0653,0.9602,1.0000,-0.0194,-0.0060,348.3193,87.7664,0.0000,0.1403,0.1403,0.0195,0.0000,0.0000,-0.0036,-0.0014,0.0000
0.0541,0.9643,1.0000,-0.0278,-0.0087,348.4253,87.7646,0.0000,0.1428,0.1428,0.0129,0.0000,0.0000,-0.0053,-0.0021,0.0000
0.0522,0.9628,1.0000,-0.0362,-0.0087,348.5212,87.7691,0.0000,0.1505,0.1505,0.0118,0.0000,0.0000,-0.0053,-0.0021,0.0000
-0.0387,1.0504,1.0000,-0.0446,-0.0087,348.6097,87.7668,0.0000,0.1514,0.1514,0.0105,0.0000,0.0000,-0.0053,-0.0021,0.0000
0.0312,0.9517,1.0000,-0.0530,-0.0087,348.7049,87.7629,0.0000,0.1494,0.1494,0.0079,0.0000,0.0000,-0.0053,-0.0021,0.0000
0.1699,0.8773,1.0000,-0.0614,-0.0087,348.7954,87.7591,0.0000,0.1478,0.1478,0.0055,0.0000,0.0000,-0.0053,-0.0021,0.0000
0.0992,0.9454,1.0000,-0.0698,-0.0087,348.8931,87.7576,0.0000,0.1483,0.1483,0.0013,0.0000,0.0000,-0.0053,-0.0021,0.0000
0.1998,0.8976,1.0000,-0.0782,-0.0087,348.9880,87.7590,0.0000,0.1513,0.1513,-0.0032,0.0000,0.0000,-0.0053,-0.0021,0.0000
0.0833,0.9694,1.0000,-0.0866,-0.0087,349.0793,87.7589,0.0000,0.1523,0.1523,-0.0082,0.0000,0.0000,-0.0053,-0.0021,0.0000
0.0846,0.9395,1.0000,-0.0950,-0.0087,349.1733,87.7513,0.0000,0.1458,0.1458,-0.0136,0.0000,0.0000,-0.0053,-0.0021,0.0000
0.1981,0.9047,1.0000,-0.1034,-0.0426,349.2685,87.7453,0.0000,0.1402,0.1402,-0.0364,0.0000,0.0000,-0.0257,-0.0103,0.0000
0.1559,0.9361,1.0000,-0.1079,-0.0426,349.3638,87.7385,0.0000,0.1321,0.1321,-0.0424,0.0000,0.0000,-0.0257,-0.0103,0.0000
0.0936,0.9468,1.0000,-0.0995,-0.0426,349.4602,87.7323,0.0000,0.1248,0.1248,-0.0487,0.0000,0.0000,-0.0257,-0.0103,0.0000
0.0791,0.9478,1.0000,-0.0911,-0.0426,349.5539,87.7222,0.0000,0.1131,0.1131,-0.0562,0.0000,0.0000,-0.0257,-0.0103,0.0000
0.0641,0.9578,1.0000,-0.0828,-0.0426,349.6569,87.7192,0.0000,0.1091,0.1091,-0.0624,0.0000,0.0000,-0.0257,-0.0103,0.0000
0.1359,0.9366,1.0000,-0.0744,-0.0426,349.7474,87.7188,0.0000,0.1084,0.1084,-0.0687,0.0000,0.0000,-0.0257,-0.0103,0.0000
0.0159,1.0202,1.0000,-0.0660,-0.0426,349.8378,87.7127,0.0000,0.0980,0.0980,-0.0753,0.0000,0.0000,-0.0257,-0.0103,0.0000
0.1639,0.8954,1.0000,-0.0576,-0.0426,349.9348,87.7077,0.0000,0.0977,0.0977,-0.0803,0.0000,0.0000,-0.0257,-0.0103,0.0000
0.1446,0.8979,1.0000,-0.0492,-0.0248,350.0230,87.7019,0.0000,0.0918,0.0918,-0.0531,0.0000,0.0000,-0.0149,-0.0060,0.0000
0.0759,0.9619,1.0000,-0.0409,-0.0248,350.1223,87.6956,0.0000,0.0868,0.0868,-0.0582,0.0000,0.0000,-0.0149,-0.0060,0.0000
0.1999,0.8756,1.0000,-0.0325,-0.0248,350.2141,87.6809,0.0000,0.0778,0.0778,-0.0625,0.0000,0.0000,-0.0149,-0.0060,0.0000
0.0705,0.9860,1.0000,-0.0241,-0.0248,350.3087,87.6664,0.0000,0.0627,0.0627,-0.0673,0.0000,0.0000,-0.0149,-0.0060,0.0000
0.1361,0.9230,1.0000,-0.0157,0.0174,350.4085,87.6604,0.0000,0.0626,0.0626,-0.0709,0.0000,0.0000,0.0105,0.0042,0.0000
0.0865,0.9491,1.0000,-0.0073,0.0174,350.5043,87.6536,0.0000,0.0588,0.0588,-0.0737,0.0000,0.0000,0.0105,0.0042,0.0000
0.0353,0.9909,1.0000,0.0011,0.0174,350.6100,87.6601,0.0000,0.0680,0.0680,-0.0769,0.0000,0.0000,0.0105,0.0042,0.0000
0.0753,0.9511,1.0000,0.0095,0.0174,350.7073,87.6436,0.0000,0.0587,0.0587,-0.0761,0.0000,0.0000,0.0105,0.0042,0.0000
-0.0355,1.0468,1.0000,0.0179,0.0196,350.8029,87.6399,0.0000,0.0571,0.0571,-0.0698,0.0000,0.0000,0.0118,0.0047,0.0000
0.0073,0.9789,1.0000,0.0263,0.0196,350.8993,87.6299,0.0000,0.0559,0.0559,-0.0689,0.0000,0.0000,0.0118,0.0047,0.0000
0.0695,0.9481,1.0000,0.0347,0.0196,350.9956,87.6227,0.0000,0.0560,0.0560,-0.0684,0.0000,0.0000,0.0118,0.0047,0.0000
0.0579,0.9614,1.0000,0.0430,0.0196,351.0989,87.6153,0.0000,0.0554,0.0554,-0.0666,0.0000,0.0000,0.0118,0.0047,0.0000
0.0585,0.9570,1.0000,0.0514,0.0196,351.1939,87.6083,0.0000,0.0549,0.0549,-0.0654,0.0000,0.0000,0.0118,0.0047,0.0000
-0.0061,1.0274,1.0000,0.0598,0.0196,351.2854,87.6013,0.0000,0.0526,0.0526,-0.0631,0.0000,0.0000,0.0118,0.0047,0.0000
0.0538,0.9443,1.0000,0.0682,0.0196,351.3747,87.5977,0.0000,0.0585,0.0585,-0.0599,0.0000,0.0000,0.0118,0.0047,0.0000
0.1892,0.9107,1.0000,0.0672,0.0196,351.4658,87.5916,0.0000,0.0608,0.0608,-0.0563,0.0000,0.0000,0.0118,0.0047,0.0000
0.1954,0.8876,1.0000,0.0676,0.0176,351.5675,87.5972,0.0000,0.0741,0.0741,-0.0608,0.0000,0.0000,0.0106,0.0042,0.0000
0.1997,0.9059,1.0000,0.0592,0.0176,351.6624,87.5904,0.0000,0.0741,0.0741,-0.0562,0.0000,0.0000,0.0106,0.0042,0.0000
0.0516,1.0129,1.0000,0.0508,0.0176,351.7604,87.5804,0.0000,0.0679,0.0679,-0.0531,0.0000,0.0000,0.0106,0.0042,0.0000
0.1163,0.9444,1.0000,0.0424,0.0176,351.8595,87.5779,0.0000,0.0748,0.0748,-0.0484,0.0000,0.0000,0.0106,0.0042,0.0000
0.1022,0.9763,1.0000,0.0340,0.0176,351.9592,87.5736,0.0000,0.0774,0.0774,-0.0438,0.0000,0.0000,0.0106,0.0042,0.0000
0.0777,0.9854,1.0000,0.0256,0.0176,352.0622,87.5764,0.0000,0.0878,0.0878,-0.0393,0.0000,0.0000,0.0106,0.0042,0.0000
0.0341,0.9905,1.0000,0.0172,0.0176,352.1480,87.5735,0.0000,0.0915,0.0915,-0.0352,0.0000,0.0000,0.0106,0.0042,0.0000
-0.0109,1.0245,1.0000,0.0088,-0.0044,352.2402,87.5726,0.0000,0.0958,0.0958,-0.0346,0.0000,0.0000,-0.0027,-0.0011,0.0000
0.1531,0.8533,1.0000,0.0004,-0.0044,352.3437,87.5678,0.0000,0.1004,0.1004,-0.0325,0.0000,0.0000,-0.0027,-0.0011,0.0000
0.1256,0.9143,1.0000,-0.0080,-0.0044,352.4359,87.5720,0.0000,0.1090,0.1090,-0.0315,0.0000,0.0000,-0.0027,-0.0011,0.0000
0.0026,1.0281,1.0000,-0.0164,-0.0044,352.5320,87.5721,0.0000,0.1125,0.1125,-0.0311,0.0000,0.0000,-0.0027,-0.0011,0.0000
0.1126,0.9155,1.0000,-0.0248,-0.0044,352.6255,87.5730,0.0000,0.1204,0.1204,-0.0307,0.0000,0.0000,-0.0027,-0.0011,0.0000
0.0773,0.9534,1.0000,-0.0332,-0.0044,352.7146,87.5652,0.0000,0.1164,0.1164,-0.0315,0.0000,0.0000,-0.0027,-0.0011,0.0000
0.2001,0.8863,1.0000,-0.0416,-0.0044,352.8109,87.5568,0.0000,0.1134,0.1134,-0.0333,0.0000,0.0000,-0.0027,-0.0011,0.0000
0.1813,0.8863,1.0000,-0.0500,-0.0044,352.9017,87.5592,0.0000,0.1194,0.1194,-0.0359,0.0000,0.0000,-0.0027,-0.0011,0.0000
0.0961,0.9587,1.0000,-0.0416,0.0251,353.0015,87.5576,0.0000,0.1206,0.1206,-0.0001,0.0000,0.0000,0.0152,0.0061,0.0000
0.1737,0.8996,1.0000,-0.0500,0.0251,353.1031,87.5563,0.0000,0.1270,0.1270,-0.0039,0.0000,0.0000,0.0152,0.0061,0.0000
0.0590,0.9878,1.0000,-0.0584,0.0251,353.1972,87.5498,0.0000,0.1270,0.1270,-0.0080,0.0000,0.0000,0.0152,0.0061,0.0000
0.0145,1.0059,1.0000,-0.0642,0.0277,353.2859,87.5356,0.0000,0.1197,0.1197,-0.0105,0.0000,0.0000,0.0167,0.0067,0.0000
0.0860,0.9350,1.0000,-0.0629,0.0277,353.3895,87.5219,0.0000,0.1142,0.1142,-0.0146,0.0000,0.0000,0.0167,0.0067,0.0000
0.1846,0.8910,1.0000,-0.0552,0.0277,353.4836,87.5004,0.0000,0.0998,0.0998,-0.0188,0.0000,0.0000,0.0167,0.0067,0.0000
0.0069,1.0374,1.0000,-0.0558,0.0241,353.5804,87.5016,0.0000,0.1057,0.1057,-0.0244,0.0000,0.0000,0.0145,0.0058,0.0000
0.0399,0.9591,1.0000,-0.0475,0.0241,353.6715,87.4884,0.0000,0.0995,0.0995,-0.0293,0.0000,0.0000,0.0145,0.0058,0.0000
0.0527,0.9568,1.0000,-0.0559,-0.0180,353.7772,87.4875,0.0000,0.1043,0.1043,-0.0857,0.0000,0.0000,-0.0109,-0.0043,0.0000
0.1348,0.9135,1.0000,-0.0475,-0.0180,353.8669,87.4699,0.0000,0.0901,0.0901,-0.0905,0.0000,0.0000,-0.0109,-0.0043,0.0000
-0.0112,1.0459,1.0000,-0.0391,-0.0003,353.9622,87.4580,0.0000,0.0746,0.0746,-0.0937,0.0000,0.0000,-0.0002,-0.0001,0.0000
0.0818,0.9081,1.0000,-0.0307,-0.0003,354.0576,87.4458,0.0000,0.0709,0.0709,-0.0978,0.0000,0.0000,-0.0002,-0.0001,0.0000
0.0712,0.9521,1.0000,-0.0223,-0.0003,354.1554,87.4284,0.0000,0.0538,0.0538,-0.1010,0.0000,0.0000,-0.0002,-0.0001,0.0000
0.0667,0.9530,1.0000,-0.0139,-0.0003,354.2539,87.4096,0.0000,0.0376,0.0376,-0.1041,0.0000,0.0000,-0.0002,-0.0001,0.0000
0.0356,0.9857,1.0000,-0.0056,-0.0003,354.3535,87.4040,0.0000,0.0327,0.0327,-0.1077,0.0000,0.0000,-0.0002,-0.0001,0.0000
0.0170,0.9951,1.0000,0.0028,-0.0003,354.4472,87.3920,0.0000,0.0232,0.0232,-0.1097,0.0000,0.0000,-0.0002,-0.0001,0.0000
0.0169,0.9875,1.0000,0.0112,0.0190,354.5428,87.3745,0.0000,0.0122,0.0122,-0.0760,0.0000,0.0000,0.0114,0.0046,0.0000
0.1104,0.9362,1.0000,0.0196,0.0190,354.6360,87.3583,0.0000,0.0050,0.0050,-0.0764,0.0000,0.0000,0.0114,0.0046,0.0000
0.0663,0.9638,1.0000,0.0280,0.0190,354.7345,87.3449,0.0000,-0.0015,-0.0015,-0.0752,0.0000,0.0000,0.0114,0.0046,0.0000
0.0971,0.9383,1.0000,0.0364,0.0190,354.8372,87.3360,0.0000,-0.0015,-0.0015,-0.0748,0.0000,0.0000,0.0114,0.0046,0.0000
0.0425,0.9852,1.0000,0.0448,0.0223,354.9404,87.3241,0.0000,-0.0065,-0.0065,-0.0731,0.0000,0.0000,0.0134,0.0054,0.0000
-0.0061,1.0225,1.0000,0.0531,0.0223,355.0392,87.3061,0.0000,-0.0169,-0.0169,-0.0704,0.0000,0.0000,0.0134,0.0054,0.0000
-0.0388,1.0303,1.0000,0.0615,0.0223,355.1392,87.2994,0.0000,-0.0155,-0.0155,-0.0689,0.0000,0.0000,0.0134,0.0054,0.0000
-0.0104,0.9952,1.0000,0.0652,0.0176,355.2345,87.2898,0.0000,-0.0155,-0.0155,-0.0805,0.0000,0.0000,0.0106,0.0042,0.0000
-0.0006,0.9941,1.0000,0.0736,0.0176,355.3258,87.2802,0.0000,-0.0176,-0.0176,-0.0769,0.0000,0.0000,0.0106,0.0042,0.0000
0.0648,0.9499,1.0000,0.0820,0.0176,355.4254,87.2732,0.0000,-0.0151,-0.0151,-0.0732,0.0000,0.0000,0.0106,0.0042,0.0000
0.1779,0.9112,1.0000,0.0904,0.0176,355.5174,87.2672,0.0000,-0.0121,-0.0121,-0.0690,0.0000,0.0000,0.0106,0.0042,0.0000
0.0560,0.9913,1.0000,0.0988,0.0176,355.6205,87.2579,0.0000,-0.0154,-0.0154,-0.0639,0.0000,0.0000,0.0106,0.0042,0.0000
0.1774,0.9160,1.0000,0.1072,0.0176,355.7138,87.2522,0.0000,-0.0107,-0.0107,-0.0590,0.0000,0.0000,0.0106,0.0042,0.0000
0.0172,1.0273,1.0000,0.1155,0.0176,355.8075,87.2537,0.0000,-0.0042,-0.0042,-0.0540,0.0000,0.0000,0.0106,0.0042,0.0000
0.1444,0.9288,1.0000,0.1239,0.0176,355.9140,87.2488,0.0000,0.0030,0.0030,-0.0477,0.0000,0.0000,0.0106,0.0042,0.0000
0.1228,0.9327,1.0000,0.1239,0.0176,356.0085,87.2512,0.0000,0.0143,0.0143,-0.0405,0.0000,0.0000,0.0106,0.0042,0.0000
-0.0464,1.0591,1.0000,0.1155,0.0016,356.1090,87.2550,0.0000,0.0247,0.0247,-0.0414,0.0000,0.0000,0.0010,0.0004,0.0000
0.0412,0.9425,1.0000,0.1071,0.0016,356.2149,87.2580,0.0000,0.0396,0.0396,-0.0330,0.0000,0.0000,0.0010,0.0004,0.0000
0.0102,1.0040,1.0000,0.0987,0.0016,356.3095,87.2647,0.0000,0.0539,0.0539,-0.0254,0.0000,0.0000,0.0010,0.0004,0.0000
-0.0474,1.0556,1.0000,0.0903,0.0016,356.4184,87.2634,0.0000,0.0615,0.0615,-0.0180,0.0000,0.0000,0.0010,0.0004,0.0000
0.0366,0.9466,1.0000,0.0819,0.0016,356.5167,87.2637,0.0000,0.0709,0.0709,-0.0116,0.0000,0.0000,0.0010,0.0004,0.0000
-0.0691,1.0825,1.0000,0.0735,0.0016,356.6085,87.2647,0.0000,0.0792,0.0792,-0.0054,0.0000,0.0000,0.0010,0.0004,0.0000
0.0014,0.9770,1.0000,0.0651,0.0016,356.7043,87.2632,0.0000,0.0860,0.0860,0.0008,0.0000,0.0000,0.0010,0.0004,0.0000
0.1298,0.9134,1.0000,0.0567,0.0016,356.7978,87.2672,0.0000,0.0974,0.0974,0.0066,0.0000,0.0000,0.0010,0.0004,0.0000
0.0830,0.9511,1.0000,0.0518,0.0052,356.8932,87.2618,0.0000,0.1007,0.1007,0.0229,0.0000,0.0000,0.0031,0.0012,0.0000
0.1186,0.9313,1.0000,0.0434,0.0052,356.9960,87.2660,0.0000,0.1131,0.1131,0.0273,0.0000,0.0000,0.0031,0.0012,0.0000
0.0845,0.9472,1.0000,0.0350,0.0052,357.0942,87.2684,0.0000,0.1235,0.1235,0.0308,0.0000,0.0000,0.0031,0.0012,0.0000
0.0003,1.0225,1.0000,0.0284,0.0069,357.1948,87.2724,0.0000,0.1372,0.1372,0.0351,0.0000,0.0000,0.0042,0.0017,0.0000
0.0244,0.9748,1.0000,0.0200,0.0069,357.2913,87.2782,0.0000,0.1497,0.1497,0.0381,0.0000,0.0000,0.0042,0.0017,0.0000
0.0090,0.9994,1.0000,0.0117,0.0069,357.3836,87.2792,0.0000,0.1586,0.1586,0.0413,0.0000,0.0000,0.0042,0.0017,0.0000
0.0419,0.9600,1.0000,0.0034,0.0069,357.4795,87.2829,0.0000,0.1687,0.1687,0.0440,0.0000,0.0000,0.0042,0.0017,0.0000
0.1486,0.9156,1.0000,-0.0050,-0.0129,357.5839,87.2893,0.0000,0.1810,0.1810,0.0129,0.0000,0.0000,-0.0078,-0.0031,0.0000
0.0865,0.9522,1.0000,-0.0134,-0.0129,357.6808,87.2892,0.0000,0.1842,0.1842,0.0134,0.0000,0.0000,-0.0078,-0.0031,0.0000
-0.0153,1.0384,1.0000,-0.0218,-0.0129,357.7799,87.2906,0.0000,0.1894,0.1894,0.0137,0.0000,0.0000,-0.0078,-0.0031,0.0000
0.0304,0.9600,1.0000,-0.0302,-0.0129,357.8794,87.2942,0.0000,0.1949,0.1949,0.0124,0.0000,0.0000,-0.0078,-0.0031,0.0000
0.0276,0.9834,1.0000,-0.0386,-0.0157,357.9774,87.2960,0.0000,0.1990,0.1990,0.0108,0.0000,0.0000,-0.0095,-0.0038,0.0000
0.0233,0.9862,1.0000,-0.0470,-0.0157,358.0793,87.2917,0.0000,0.1967,0.1967,0.0088,0.0000,0.0000,-0.0095,-0.0038,0.0000
0.0499,0.9713,1.0000,-0.0554,-0.0157,358.1683,87.2907,0.0000,0.1972,0.1972,0.0065,0.0000,0.0000,-0.0095,-0.0038,0.0000
0.0058,1.0122,1.0000,-0.0638,-0.0157,358.2650,87.2892,0.0000,0.1970,0.1970,0.0030,0.0000,0.0000,-0.0095,-0.0038,0.0000
0.2004,0.8816,1.0000,-0.0644,-0.0079,358.3598,87.2864,0.0000,0.1949,0.1949,0.0060,0.0000,0.0000,-0.0048,-0.0019,0.0000
0.0939,0.9596,1.0000,-0.0728,-0.0079,358.4600,87.2889,0.0000,0.1991,0.1991,0.0013,0.0000,0.0000,-0.0048,-0.0019,0.0000
0.0866,0.9402,1.0000,-0.0812,-0.0079,358.5480,87.2861,0.0000,0.1973,0.1973,-0.0037,0.0000,0.0000,-0.0048,-0.0019,0.0000
0.0341,0.9921,1.0000,-0.0896,-0.0079,358.6375,87.2914,0.0000,0.2033,0.2033,-0.0087,0.0000,0.0000,-0.0048,-0.0019,0.0000
0.1637,0.8735,1.0000,-0.0980,-0.0079,358.7322,87.2794,0.0000,0.1929,0.1929,-0.0145,0.0000,0.0000,-0.0048,-0.0019,0.0000
0.1760,0.8863,1.0000,-0.1064,-0.0079,358.8335,87.2686,0.0000,0.1834,0.1834,-0.0200,0.0000,0.0000,-0.0048,-0.0019,0.0000
0.1024,0.9492,1.0000,-0.1022,-0.0079,358.9263,87.2632,0.0000,0.1779,0.1779,-0.0262,0.0000,0.0000,-0.0048,-0.0019,0.0000
0.0145,1.0116,1.0000,-0.0945,-0.0079,359.0189,87.2549,0.0000,0.1689,0.1689,-0.0330,0.0000,0.0000,-0.0048,-0.0019,0.0000
0.1440,0.9222,1.0000,-0.0895,-0.0112,359.1051,87.2517,0.0000,0.1673,0.1673,-0.0499,0.0000,0.0000,-0.0068,-0.0027,0.0000
0.1142,0.9236,1.0000,-0.0811,-0.0112,359.1996,87.2467,0.0000,0.1616,0.1616,-0.0570,0.0000,0.0000,-0.0068,-0.0027,0.0000
0.2001,0.8544,1.0000,-0.0727,-0.0112,359.2840,87.2315,0.0000,0.1477,0.1477,-0.0638,0.0000,0.0000,-0.0068,-0.0027,0.0000
0.1152,0.9369,1.0000,-0.0643,-0.0112,359.3769,87.2355,0.0000,0.1490,0.1490,-0.0694,0.0000,0.0000,-0.0068,-0.0027,0.0000
0.2000,0.8547,1.0000,-0.0559,-0.0112,359.4677,87.2146,0.0000,0.1312,0.1312,-0.0748,0.0000,0.0000,-0.0068,-0.0027,0.0000
0.1329,0.9189,1.0000,-0.0626,-0.0264,359.5559,87.2080,0.0000,0.1223,0.1223,-0.0798,0.0000,0.0000,-0.0159,-0.0064,0.0000
0.1068,0.9273,1.0000,-0.0542,-0.0264,359.6480,87.1997,0.0000,0.1140,0.1140,-0.0845,0.0000,0.0000,-0.0159,-0.0064,0.0000
0.2007,0.8762,1.0000,-0.0458,-0.0264,359.7420,87.1880,0.0000,0.1051,0.1051,-0.0888,0.0000,0.0000,-0.0159,-0.0064,0.0000
0.1352,0.9168,1.0000,-0.0374,-0.0264,359.8299,87.1797,0.0000,0.0953,0.0953,-0.0935,0.0000,0.0000,-0.0159,-0.0064,0.0000
0.0963,0.9392,1.0000,-0.0290,-0.0129,359.9215,87.1758,0.0000,0.0923,0.0923,-0.0726,0.0000,0.0000,-0.0078,-0.0031,0.0000
0.2000,0.8755,1.0000,-0.0206,-0.0129,360.0096,87.1664,0.0000,0.0887,0.0887,-0.0753,0.0000,0.0000,-0.0078,-0.0031,0.0000
0.1450,0.9069,1.0000,-0.0122,-0.0129,360.1019,87.1608,0.0000,0.0852,0.0852,-0.0786,0.0000,0.0000,-0.0078,-0.0031,0.0000
0.1960,0.8781,1.0000,-0.0038,-0.0129,360.1868,87.1493,0.0000,0.0788,0.0788,-0.0798,0.0000,0.0000,-0.0078,-0.0031,0.0000
0.1350,0.9159,1.0000,0.0046,0.0071,360.2768,87.1491,0.0000,0.0808,0.0808,-0.0819,0.0000,0.0000,0.0043,0.0017,0.0000
0.1999,0.8494,1.0000,0.0130,0.0071,360.3659,87.1397,0.0000,0.0786,0.0786,-0.0822,0.0000,0.0000,0.0043,0.0017,0.0000
0.1835,0.8911,1.0000,0.0214,0.0071,360.4530,87.1323,0.0000,0.0742,0.0742,-0.0821,0.0000,0.0000,0.0043,0.0017,0.0000
0.1579,0.8886,1.0000,0.0298,0.0071,360.5385,87.1256,0.0000,0.0720,0.0720,-0.0821,0.0000,0.0000,0.0043,0.0017,0.0000
0.1999,0.8665,1.0000,0.0382,0.0071,360.6329,87.1289,0.0000,0.0816,0.0816,-0.0810,0.0000,0.0000,0.0043,0.0017,0.0000
0.2000,0.8498,1.0000,0.0448,0.0054,360.7216,87.1221,0.0000,0.0808,0.0808,-0.0845,0.0000,0.0000,0.0032,0.0013,0.0000
0.1166,0.9375,1.0000,0.0531,0.0054,360.8115,87.1206,0.0000,0.0808,0.0808,-0.0824,0.0000,0.0000,0.0032,0.0013,0.0000
0.1998,0.8832,1.0000,0.0615,0.0054,360.8994,87.1146,0.0000,0.0823,0.0823,-0.0795,0.0000,0.0000,0.0032,0.0013,0.0000
0.1772,0.8926,1.0000,0.0698,0.0054,360.9961,87.1093,0.0000,0.0826,0.0826,-0.0763,0.0000,0.0000,0.0032,0.0013,0.0000
0.1924,0.8750,1.0000,0.0744,0.0054,361.0969,87.1071,0.0000,0.0870,0.0870,-0.0734,0.0000,0.0000,0.0032,0.0013,0.0000
0.0983,0.9607,1.0000,0.0703,0.0054,361.1894,87.1009,0.0000,0.0839,0.0839,-0.0694,0.0000,0.0000,0.0032,0.0013,0.0000
0.0403,1.0012,1.0000,0.0619,0.0054,361.2873,87.1015,0.0000,0.0899,0.0899,-0.0649,0.0000,0.0000,0.0032,0.0013,0.0000
0.1562,0.9201,1.0000,0.0535,0.0054,361.3867,87.0930,0.0000,0.0910,0.0910,-0.0599,0.0000,0.0000,0.0032,0.0013,0.0000
0.0692,0.9740,1.0000,0.0451,0.0043,361.4718,87.0905,0.0000,0.0935,0.0935,-0.0482,0.0000,0.0000,0.0026,0.0010,0.0000
0.0325,0.9900,1.0000,0.0367,0.0043,361.5744,87.0868,0.0000,0.0972,0.0972,-0.0436,0.0000,0.0000,0.0026,0.0010,0.0000
0.1737,0.8460,1.0000,0.0283,0.0043,361.6677,87.0815,0.0000,0.1019,0.1019,-0.0394,0.0000,0.0000,0.0026,0.0010,0.0000
0.0255,1.0188,1.0000,0.0200,0.0043,361.7582,87.0827,0.0000,0.1059,0.1059,-0.0368,0.0000,0.0000,0.0026,0.0010,0.0000
0.1202,0.9285,1.0000,0.0116,0.0043,361.8492,87.0802,0.0000,0.1114,0.1114,-0.0337,0.0000,0.0000,0.0026,0.0010,0.0000
0.1610,0.9029,1.0000,0.0032,0.0043,361.9406,87.0774,0.0000,0.1148,0.1148,-0.0320,0.0000,0.0000,0.0026,0.0010,0.0000
0.1389,0.9029,1.0000,-0.0052,0.0043,362.0309,87.0767,0.0000,0.1199,0.1199,-0.0300,0.0000,0.0000,0.0026,0.0010,0.0000
0.1313,0.9073,1.0000,-0.0136,0.0043,362.1264,87.0653,0.0000,0.1142,0.1142,-0.0288,0.0000,0.0000,0.0026,0.0010,0.0000
0.1302,0.9073,1.0000,-0.0220,0.0035,362.2137,87.0674,0.0000,0.1214,0.1214,-0.0183,0.0000,0.0000,0.0021,0.0009,0.0000
0.2003,0.8661,1.0000,-0.0304,0.0035,362.3087,87.0603,0.0000,0.1208,0.1208,-0.0186,0.0000,0.0000,0.0021,0.0009,0.0000
0.1875,0.8661,1.0000,-0.0388,0.0035,362.4066,87.0568,0.0000,0.1227,0.1227,-0.0205,0.0000,0.0000,0.0021,0.0009,0.0000
0.2006,0.8661,1.0000,-0.0472,0.0035,362.4958,87.0552,0.0000,0.1259,0.1259,-0.0228,0.0000,0.0000,0.0021,0.0009,0.0000
0.1851,0.8842,1.0000,-0.0556,0.0035,362.5932,87.0458,0.0000,0.1213,0.1213,-0.0257,0.0000,0.0000,0.0021,0.0009,0.0000
0.1723,0.8842,1.0000,-0.0640,0.0035,362.6873,87.0375,0.0000,0.1179,0.1179,-0.0285,0.0000,0.0000,0.0021,0.0009,0.0000
0.1640,0.8842,1.0000,-0.0653,0.0035,362.7824,87.0267,0.0000,0.1118,0.1118,-0.0318,0.0000,0.0000,0.0021,0.0009,0.0000
0.1013,0.9484,1.0000,-0.0569,0.0035,362.8742,87.0215,0.0000,0.1093,0.1093,-0.0367,0.0000,0.0000,0.0021,0.0009,0.0000
0.0802,0.9484,1.0000,-0.0536,-0.0016,362.9659,87.0173,0.0000,0.1074,0.1074,-0.0589,0.0000,0.0000,-0.0010,-0.0004,0.0000
0.0752,0.9484,1.0000,-0.0452,-0.0016,363.0558,87.0019,0.0000,0.0942,0.0942,-0.0634,0.0000,0.0000,-0.0010,-0.0004,0.0000
0.1890,0.9114,1.0000,-0.0368,-0.0016,363.1552,86.9908,0.0000,0.0870,0.0870,-0.0681,0.0000,0.0000,-0.0010,-0.0004,0.0000
0.1418,0.9059,1.0000,-0.0284,-0.0016,363.2548,86.9957,0.0000,0.0943,0.0943,-0.0737,0.0000,0.0000,-0.0010,-0.0004,0.0000
0.0568,0.9841,1.0000,-0.0201,-0.0016,363.3339,86.9801,0.0000,0.0787,0.0787,-0.0757,0.0000,0.0000,-0.0010,-0.0004,0.0000
0.0343,0.9841,1.0000,-0.0117,-0.0016,363.4322,86.9592,0.0000,0.0608,0.0608,-0.0792,0.0000,0.0000,-0.0010,-0.0004,0.0000
0.0259,0.9841,1.0000,-0.0033,-0.0016,363.5295,86.9505,0.0000,0.0557,0.0557,-0.0815,0.0000,0.0000,-0.0010,-0.0004,0.0000
0.0104,0.9985,1.0000,0.0051,-0.0016,363.6155,86.9472,0.0000,0.0553,0.0553,-0.0827,0.0000,0.0000,-0.0010,-0.0004,0.0000
0.0454,0.9677,1.0000,0.0135,0.0135,363.7108,86.9303,0.0000,0.0448,0.0448,-0.0563,0.0000,0.0000,0.0082,0.0033,0.0000
0.0561,0.9608,1.0000,0.0219,0.0135,363.8078,86.9211,0.0000,0.0429,0.0429,-0.0568,0.0000,0.0000,0.0082,0.0033,0.0000
0.0547,0.9608,1.0000,0.0302,0.0135,363.9015,86.9109,0.0000,0.0401,0.0401,-0.0564,0.0000,0.0000,0.0082,0.0033,0.0000
0.0501,0.9655,1.0000,0.0386,0.0135,363.9986,86.8949,0.0000,0.0320,0.0320,-0.0550,0.0000,0.0000,0.0082,0.0033,0.0000
0.1148,0.9350,1.0000,0.0302,-0.0337,364.0908,86.8842,0.0000,0.0302,0.0302,-0.0528,0.0000,0.0000,-0.0203,-0.0081,0.0000
0.0589,0.9746,1.0000,0.0384,-0.0337,364.1828,86.8756,0.0000,0.0287,0.0287,-0.0505,0.0000,0.0000,-0.0203,-0.0081,0.0000
0.1770,0.9211,1.0000,0.0468,-0.0337,364.2773,86.8750,0.0000,0.0377,0.0377,-0.0481,0.0000,0.0000,-0.0203,-0.0081,0.0000
0.1371,0.9161,1.0000,0.0384,-0.0337,364.3713,86.8844,0.0000,0.0547,0.0547,-0.0475,0.0000,0.0000,-0.0203,-0.0081,0.0000
0.0977,0.9382,1.0000,0.0300,-0.0537,364.4587,86.8752,0.0000,0.0530,0.0530,-0.0802,0.0000,0.0000,-0.0324,-0.0130,0.0000
0.0897,0.9378,1.0000,0.0384,-0.0537,364.5493,86.8667,0.0000,0.0494,0.0494,-0.0774,0.0000,0.0000,-0.0324,-0.0130,0.0000
0.1999,0.8721,1.0000,0.0468,-0.0537,364.6366,86.8656,0.0000,0.0549,0.0549,-0.0759,0.0000,0.0000,-0.0324,-0.0130,0.0000
0.1592,0.9025,1.0000,0.0552,-0.0537,364.7259,86.8632,0.0000,0.0561,0.0561,-0.0731,0.0000,0.0000,-0.0324,-0.0130,0.0000
0.1999,0.8665,1.0000,0.0584,-0.0537,364.8128,86.8635,0.0000,0.0630,0.0630,-0.0689,0.0000,0.0000,-0.0324,-0.0130,0.0000
0.1989,0.8868,1.0000,0.0549,-0.0537,364.9048,86.8584,0.0000,0.0618,0.0618,-0.0664,0.0000,0.0000,-0.0324,-0.0130,0.0000
0.1994,0.8644,1.0000,0.0465,-0.0537,364.9995,86.8610,0.0000,0.0698,0.0698,-0.0644,0.0000,0.0000,-0.0324,-0.0130,0.0000
0.1474,0.9142,1.0000,0.0381,-0.0537,365.0859,86.8556,0.0000,0.0686,0.0686,-0.0590,0.0000,0.0000,-0.0324,-0.0130,0.0000
0.1040,0.9401,1.0000,0.0297,-0.0537,365.1869,86.8584,0.0000,0.0754,0.0754,-0.0572,0.0000,0.0000,-0.0324,-0.0130,0.0000
0.2001,0.8600,1.0000,0.0381,-0.0086,365.2728,86.8558,0.0000,0.0808,0.0808,-0.0424,0.0000,0.0000,-0.0052,-0.0021,0.0000
0.0508,1.0024,1.0000,0.0298,-0.0086,365.3670,86.8552,0.0000,0.0828,0.0828,-0.0405,0.0000,0.0000,-0.0052,-0.0021,0.0000
0.1999,0.8541,1.0000,0.0214,-0.0086,365.4679,86.8568,0.0000,0.0935,0.0935,-0.0377,0.0000,0.0000,-0.0052,-0.0021,0.0000
0.1168,0.9352,1.0000,0.0130,-0.0086,365.5543,86.8535,0.0000,0.0948,0.0948,-0.0336,0.0000,0.0000,-0.0052,-0.0021,0.0000
0.0285,1.0019,1.0000,0.0046,-0.0086,365.6392,86.8524,0.0000,0.0977,0.0977,-0.0315,0.0000,0.0000,-0.0052,-0.0021,0.0000
0.1766,0.8584,1.0000,-0.0038,-0.0086,365.7413,86.8531,0.0000,0.1067,0.1067,-0.0294,0.0000,0.0000,-0.0052,-0.0021,0.0000
0.2000,0.8423,1.0000,-0.0122,-0.0086,365.8359,86.8565,0.0000,0.1147,0.1147,-0.0299,0.0000,0.0000,-0.0052,-0.0021,0.0000
0.0424,1.0130,1.0000,-0.0206,-0.0086,365.9266,86.8549,0.0000,0.1150,0.1150,-0.0299,0.0000,0.0000,-0.0052,-0.0021,0.0000
0.1340,0.9382,1.0000,-0.0253,-0.0050,366.0186,86.8501,0.0000,0.1164,0.1164,-0.0165,0.0000,0.0000,-0.0030,-0.0012,0.0000
0.1689,0.8996,1.0000,-0.0337,-0.0050,366.1159,86.8430,0.0000,0.1151,0.1151,-0.0178,0.0000,0.0000,-0.0030,-0.0012,0.0000
0.1297,0.9135,1.0000,-0.0421,-0.0050,366.2023,86.8418,0.0000,0.1183,0.1183,-0.0196,0.0000,0.0000,-0.0030,-0.0012,0.0000
0.0681,0.9659,1.0000,-0.0505,-0.0050,366.3024,86.8453,0.0000,0.1267,0.1267,-0.0213,0.0000,0.0000,-0.0030,-0.0012,0.0000
0.2003,0.8573,1.0000,-0.0589,-0.0050,366.3883,86.8430,0.0000,0.1297,0.1297,-0.0242,0.0000,0.0000,-0.0030,-0.0012,0.0000
0.0604,0.9921,1.0000,-0.0672,-0.0050,366.4887,86.8478,0.0000,0.1370,0.1370,-0.0285,0.0000,0.0000,-0.0030,-0.0012,0.0000
0.1999,0.8513,1.0000,-0.0756,-0.0050,366.5852,86.8446,0.0000,0.1399,0.1399,-0.0331,0.0000,0.0000,-0.0030,-0.0012,0.0000
0.0697,0.9937,1.0000,-0.0761,-0.0050,366.6751,86.8282,0.0000,0.1248,0.1248,-0.0370,0.0000,0.0000,-0.0030,-0.0012,0.0000
0.0622,0.9564,1.0000,-0.0680,-0.0052,366.7705,86.8163,0.0000,0.1173,0.1173,-0.0426,0.0000,0.0000,-0.0031,-0.0013,0.0000
0.1601,0.9065,1.0000,-0.0596,-0.0052,366.8689,86.8108,0.0000,0.1165,0.1165,-0.0479,0.0000,0.0000,-0.0031,-0.0013,0.0000
0.0877,0.9544,1.0000,-0.0512,-0.0052,366.9569,86.8065,0.0000,0.1137,0.1137,-0.0536,0.0000,0.0000,-0.0031,-0.0013,0.0000
0.0494,0.9770,1.0000,-0.0496,-0.0120,367.0471,86.7946,0.0000,0.1044,0.1044,-0.0583,0.0000,0.0000,-0.0072,-0.0029,0.0000
0.1939,0.8721,1.0000,-0.0412,-0.0120,367.1374,86.7880,0.0000,0.1047,0.1047,-0.0621,0.0000,0.0000,-0.0072,-0.0029,0.0000
0.1482,0.9025,1.0000,-0.0328,-0.0120,367.2269,86.7784,0.0000,0.0975,0.0975,-0.0670,0.0000,0.0000,-0.0072,-0.0029,0.0000
0.1479,0.8962,1.0000,-0.0244,-0.0120,367.3189,86.7756,0.0000,0.0989,0.0989,-0.0709,0.0000,0.0000,-0.0072,-0.0029,0.0000
0.1516,0.8930,1.0000,-0.0160,-0.0120,367.4019,86.7609,0.0000,0.0881,0.0881,-0.0737,0.0000,0.0000,-0.0072,-0.0029,0.0000
0.1297,0.9100,1.0000,-0.0076,-0.0120,367.4924,86.7476,0.0000,0.0786,0.0786,-0.0764,0.0000,0.0000,-0.0072,-0.0029,0.0000
0.2000,0.8366,1.0000,0.0008,-0.0120,367.5815,86.7402,0.0000,0.0789,0.0789,-0.0776,0.0000,0.0000,-0.0072,-0.0029,0.0000
0.1470,0.9074,1.0000,0.0092,0.0457,367.6828,86.7239,0.0000,0.0730,0.0730,-0.0201,0.0000,0.0000,0.0276,0.0110,0.0000
0.2003,0.8865,1.0000,0.0008,0.0457,367.7707,86.7100,0.0000,0.0697,0.0697,-0.0208,0.0000,0.0000,0.0276,0.0110,0.0000
0.0400,1.0169,1.0000,-0.0076,0.0457,367.8672,86.6979,0.0000,0.0680,0.0680,-0.0206,0.0000,0.0000,0.0276,0.0110,0.0000
0.1837,0.8824,1.0000,-0.0150,0.0457,367.9598,86.6877,0.0000,0.0707,0.0707,-0.0199,0.0000,0.0000,0.0276,0.0110,0.0000
0.0877,0.9638,1.0000,-0.0176,0.0430,368.0627,86.6774,0.0000,0.0720,0.0720,-0.0201,0.0000,0.0000,0.0259,0.0104,0.0000
0.1304,0.9238,1.0000,-0.0196,0.0430,368.1579,86.6680,0.0000,0.0745,0.0745,-0.0202,0.0000,0.0000,0.0259,0.0104,0.0000
0.0051,1.0260,1.0000,-0.0214,0.0430,368.2596,86.6609,0.0000,0.0782,0.0782,-0.0211,0.0000,0.0000,0.0259,0.0104,0.0000
0.0498,0.9477,1.0000,-0.0298,0.0037,368.3486,86.6514,0.0000,0.0781,0.0781,-0.0751,0.0000,0.0000,0.0022,0.0009,0.0000
0.0076,1.0103,1.0000,-0.0214,0.0037,368.4322,86.6351,0.0000,0.0637,0.0637,-0.0777,0.0000,0.0000,0.0022,0.0009,0.0000
0.1518,0.8878,1.0000,-0.0130,0.0037,368.5377,86.6251,0.0000,0.0646,0.0646,-0.0798,0.0000,0.0000,0.0022,0.0009,0.0000
0.2000,0.8451,1.0000,-0.0046,0.0037,368.6430,86.6259,0.0000,0.0731,0.0731,-0.0826,0.0000,0.0000,0.0022,0.0009,0.0000
-0.0002,1.0505,1.0000,0.0038,0.0037,368.7339,86.6192,0.0000,0.0634,0.0634,-0.0837,0.0000,0.0000,0.0022,0.0009,0.0000
-0.0446,1.0410,1.0000,-0.0003,-0.0088,368.8128,86.6003,0.0000,0.0497,0.0497,-0.0847,0.0000,0.0000,-0.0053,-0.0021,0.0000
0.1022,0.9036,1.0000,0.0081,-0.0088,368.9108,86.5861,0.0000,0.0479,0.0479,-0.0847,0.0000,0.0000,-0.0053,-0.0021,0.0000
0.2000,0.8045,1.0000,0.0165,-0.0088,369.0042,86.5749,0.0000,0.0472,0.0472,-0.0846,0.0000,0.0000,-0.0053,-0.0021,0.0000
0.0703,0.9825,1.0000,0.0249,-0.0020,369.1074,86.5713,0.0000,0.0429,0.0429,-0.0741,0.0000,0.0000,-0.0012,-0.0005,0.0000
0.1167,0.9325,1.0000,0.0333,-0.0020,369.1964,86.5662,0.0000,0.0470,0.0470,-0.0733,0.0000,0.0000,-0.0012,-0.0005,0.0000
0.0070,1.0234,1.0000,0.0416,-0.0020,369.2997,86.5628,0.0000,0.0492,0.0492,-0.0717,0.0000,0.0000,-0.0012,-0.0005,0.0000
0.2004,0.8845,1.0000,0.0500,-0.0020,369.3942,86.5548,0.0000,0.0545,0.0545,-0.0697,0.0000,0.0000,-0.0012,-0.0005,0.0000
0.0261,1.0254,1.0000,0.0584,-0.0020,369.4847,86.5452,0.0000,0.0488,0.0488,-0.0663,0.0000,0.0000,-0.0012,-0.0005,0.0000
0.1211,0.9411,1.0000,0.0668,-0.0020,369.5783,86.5363,0.0000,0.0514,0.0514,-0.0636,0.0000,0.0000,-0.0012,-0.0005,0.0000
0.1624,0.9023,1.0000,0.0752,-0.0020,369.6728,86.5281,0.0000,0.0532,0.0532,-0.0605,0.0000,0.0000,-0.0012,-0.0005,0.0000
0.1322,0.9331,1.0000,0.0756,-0.0020,369.7697,86.5188,0.0000,0.0525,0.0525,-0.0562,0.0000,0.0000,-0.0012,-0.0005,0.0000
0.1008,0.9414,1.0000,0.0672,-0.0020,369.8601,86.5189,0.0000,0.0614,0.0614,-0.0523,0.0000,0.0000,-0.0012,-0.0005,0.0000
0.0685,0.9660,1.0000,0.0756,0.0310,369.9608,86.5183,0.0000,0.0683,0.0683,-0.0678,0.0000,0.0000,0.0187,0.0075,0.0000
0.1856,0.8998,1.0000,0.0766,0.0310,370.0572,86.5120,0.0000,0.0720,0.0720,-0.0631,0.0000,0.0000,0.0187,0.0075,0.0000
0.0602,1.0009,1.0000,0.0769,0.0310,370.1477,86.5059,0.0000,0.0702,0.0702,-0.0588,0.0000,0.0000,0.0187,0.0075,0.0000
0.0968,0.9590,1.0000,0.0685,0.0310,370.2445,86.5033,0.0000,0.0774,0.0774,-0.0527,0.0000,0.0000,0.0187,0.0075,0.0000
0.1835,0.9013,1.0000,0.0601,0.0310,370.3460,86.5013,0.0000,0.0851,0.0851,-0.0480,0.0000,0.0000,0.0187,0.0075,0.0000
0.0969,0.9624,1.0000,0.0517,0.0310,370.4529,86.5032,0.0000,0.0935,0.0935,-0.0444,0.0000,0.0000,0.0187,0.0075,0.0000
0.0159,1.0090,1.0000,0.0433,0.0310,370.5526,86.4972,0.0000,0.0951,0.0951,-0.0389,0.0000,0.0000,0.0187,0.0075,0.0000
-0.0518,1.0619,1.0000,0.0377,0.0337,370.6596,86.5092,0.0000,0.1140,0.1140,-0.0281,0.0000,0.0000,0.0203,0.0081,0.0000
-0.0104,0.9920,1.0000,0.0293,0.0337,370.7547,86.5004,0.0000,0.1162,0.1162,-0.0210,0.0000,0.0000,0.0203,0.0081,0.0000
-0.1079,1.0698,1.0000,0.0209,0.0337,370.8593,86.5010,0.0000,0.1246,0.1246,-0.0181,0.0000,0.0000,0.0203,0.0081,0.0000
0.0283,0.9475,1.0000,0.0126,0.0337,370.9666,86.4970,0.0000,0.1304,0.1304,-0.0148,0.0000,0.0000,0.0203,0.0081,0.0000
-0.0260,1.0386,1.0000,0.0042,0.0337,371.0580,86.4934,0.0000,0.1337,0.1337,-0.0122,0.0000,0.0000,0.0203,0.0081,0.0000
-0.1358,1.0650,1.0000,-0.0042,0.0337,371.1640,86.4904,0.0000,0.1385,0.1385,-0.0106,0.0000,0.0000,0.0203,0.0081,0.0000
0.0644,0.9076,1.0000,-0.0126,0.0337,371.2526,86.4864,0.0000,0.1423,0.1423,-0.0086,0.0000,0.0000,0.0203,0.0081,0.0000
-0.0339,1.0522,1.0000,-0.0210,0.0337,371.3507,86.4902,0.0000,0.1518,0.1518,-0.0090,0.0000,0.0000,0.0203,0.0081,0.0000
0.1254,0.8791,1.0000,-0.0293,0.0337,371.4335,86.4874,0.0000,0.1552,0.1552,-0.0093,0.0000,0.0000,0.0203,0.0081,0.0000
0.0631,0.9736,1.0000,-0.0377,0.0189,371.5283,86.4840,0.0000,0.1564,0.1564,-0.0189,0.0000,0.0000,0.0114,0.0046,0.0000
0.1998,0.8208,1.0000,-0.0461,0.0189,371.6194,86.4768,0.0000,0.1553,0.1553,-0.0206,0.0000,0.0000,0.0114,0.0046,0.0000
0.1214,0.9402,1.0000,-0.0545,0.0189,371.7125,86.4697,0.0000,0.1511,0.1511,-0.0235,0.0000,0.0000,0.0114,0.0046,0.0000
0.1477,0.9060,1.0000,-0.0629,0.0189,371.8093,86.4562,0.0000,0.1420,0.1420,-0.0272,0.0000,0.0000,0.0114,0.0046,0.0000
0.1120,0.9264,1.0000,-0.0633,0.0189,371.9120,86.4495,0.0000,0.1394,0.1394,-0.0307,0.0000,0.0000,0.0114,0.0046,0.0000
0.0608,0.9695,1.0000,-0.0580,0.0189,372.0067,86.4403,0.0000,0.1329,0.1329,-0.0353,0.0000,0.0000,0.0114,0.0046,0.0000
0.0015,1.0200,1.0000,-0.0496,0.0189,372.0914,86.4387,0.0000,0.1326,0.1326,-0.0406,0.0000,0.0000,0.0114,0.0046,0.0000
0.0736,0.9442,1.0000,-0.0412,0.0189,372.1884,86.4315,0.0000,0.1308,0.1308,-0.0446,0.0000,0.0000,0.0114,0.0046,0.0000
0.2001,0.8380,1.0000,-0.0371,0.0314,372.2837,86.4169,0.0000,0.1231,0.1231,-0.0292,0.0000,0.0000,0.0190,0.0076,0.0000
0.1135,0.9640,1.0000,-0.0455,0.0314,372.3741,86.4167,0.0000,0.1259,0.1259,-0.0338,0.0000,0.0000,0.0190,0.0076,0.0000
0.0732,0.9575,1.0000,-0.0415,0.0301,372.4651,86.4142,0.0000,0.1291,0.1291,-0.0372,0.0000,0.0000,0.0182,0.0073,0.0000
0.1765,0.8938,1.0000,-0.0366,0.0301,372.5544,86.4107,0.0000,0.1321,0.1321,-0.0409,0.0000,0.0000,0.0182,0.0073,0.0000
0.1520,0.9016,1.0000,-0.0376,0.0301,372.6473,86.4170,0.0000,0.1437,0.1437,-0.0450,0.0000,0.0000,0.0182,0.0073,0.0000
0.1788,0.8848,1.0000,-0.0292,0.0303,372.7414,86.3979,0.0000,0.1312,0.1312,-0.0476,0.0000,0.0000,0.0183,0.0073,0.0000
0.1269,0.9186,1.0000,-0.0208,0.0303,372.8304,86.3885,0.0000,0.1264,0.1264,-0.0513,0.0000,0.0000,0.0183,0.0073,0.0000
0.0795,0.9539,1.0000,-0.0125,0.0303,372.9213,86.3723,0.0000,0.1153,0.1153,-0.0537,0.0000,0.0000,0.0183,0.0073,0.0000
0.1998,0.8868,1.0000,-0.0209,-0.0130,373.0129,86.3709,0.0000,0.1191,0.1191,-0.1073,0.0000,0.0000,-0.0078,-0.0031,0.0000
0.1415,0.9164,1.0000,-0.0127,-0.0130,373.1123,86.3697,0.0000,0.1180,0.1180,-0.1096,0.0000,0.0000,-0.0078,-0.0031,0.0000
0.1321,0.9068,1.0000,-0.0043,-0.0121,373.2152,86.3673,0.0000,0.1187,0.1187,-0.1102,0.0000,0.0000,-0.0073,-0.0029,0.0000
0.0506,0.9841,1.0000,0.0041,-0.0121,373.3086,86.3512,0.0000,0.0998,0.0998,-0.1123,0.0000,0.0000,-0.0073,-0.0029,0.0000
-0.0011,1.0199,1.0000,0.0124,-0.0121,373.4071,86.3351,0.0000,0.0843,0.0843,-0.1123,0.0000,0.0000,-0.0073,-0.0029,0.0000
0.0805,0.9402,1.0000,0.0208,-0.0121,373.4966,86.3274,0.0000,0.0838,0.0838,-0.1118,0.0000,0.0000,-0.0073,-0.0029,0.0000
0.0356,0.9895,1.0000,0.0292,-0.0121,373.5850,86.3161,0.0000,0.0726,0.0726,-0.1110,0.0000,0.0000,-0.0073,-0.0029,0.0000
0.2002,0.8914,1.0000,0.0376,-0.0121,373.6814,86.3065,0.0000,0.0716,0.0716,-0.1097,0.0000,0.0000,-0.0073,-0.0029,0.0000
0.1866,0.8829,1.0000,0.0460,0.0178,373.7725,86.2911,0.0000,0.0614,0.0614,-0.0892,0.0000,0.0000,0.0107,0.0043,0.0000
0.0920,0.9609,1.0000,0.0544,0.0178,373.8684,86.2841,0.0000,0.0562,0.0562,-0.0873,0.0000,0.0000,0.0107,0.0043,0.0000
0.1421,0.9160,1.0000,0.0628,0.0178,373.9609,86.2788,0.0000,0.0584,0.0584,-0.0846,0.0000,0.0000,0.0107,0.0043,0.0000
0.0830,0.9540,1.0000,0.0712,0.0178,374.0540,86.2655,0.0000,0.0490,0.0490,-0.0821,0.0000,0.0000,0.0107,0.0043,0.0000
0.1398,0.9188,1.0000,0.0795,0.0178,374.1401,86.2527,0.0000,0.0435,0.0435,-0.0778,0.0000,0.0000,0.0107,0.0043,0.0000
0.1038,0.9329,1.0000,0.0879,0.0178,374.2250,86.2420,0.0000,0.0381,0.0381,-0.0737,0.0000,0.0000,0.0107,0.0043,0.0000
0.2000,0.8627,1.0000,0.0963,0.0178,374.3117,86.2378,0.0000,0.0424,0.0424,-0.0692,0.0000,0.0000,0.0107,0.0043,0.0000
0.2001,0.8488,1.0000,0.1047,0.0178,374.4059,86.2333,0.0000,0.0445,0.0445,-0.0649,0.0000,0.0000,0.0107,0.0043,0.0000
0.1338,0.9367,1.0000,0.1131,0.0240,374.5002,86.2253,0.0000,0.0402,0.0402,-0.0601,0.0000,0.0000,0.0145,0.0058,0.0000
0.1142,0.9367,1.0000,0.1166,0.0240,374.5954,86.2202,0.0000,0.0425,0.0425,-0.0537,0.0000,0.0000,0.0145,0.0058,0.0000
0.1221,0.9391,1.0000,0.1082,0.0240,374.6886,86.2163,0.0000,0.0457,0.0457,-0.0474,0.0000,0.0000,0.0145,0.0058,0.0000
0.0841,0.9480,1.0000,0.0998,0.0240,374.7846,86.2177,0.0000,0.0547,0.0547,-0.0403,0.0000,0.0000,0.0145,0.0058,0.0000
0.1499,0.9264,1.0000,0.0914,0.0240,374.8738,86.2143,0.0000,0.0589,0.0589,-0.0334,0.0000,0.0000,0.0145,0.0058,0.0000
0.0824,0.9567,1.0000,0.0830,0.0240,374.9611,86.2207,0.0000,0.0721,0.0721,-0.0265,0.0000,0.0000,0.0145,0.0058,0.0000
0.1909,0.8871,1.0000,0.0746,0.0240,375.0574,86.2208,0.0000,0.0801,0.0801,-0.0207,0.0000,0.0000,0.0145,0.0058,0.0000
0.1782,0.8735,1.0000,0.0662,0.0240,375.1514,86.2270,0.0000,0.0932,0.0932,-0.0153,0.0000,0.0000,0.0145,0.0058,0.0000
0.0898,0.9569,1.0000,0.0578,0.0200,375.2483,86.2395,0.0000,0.1118,0.1118,-0.0067,0.0000,0.0000,0.0121,0.0048,0.0000
0.0878,0.9379,1.0000,0.0494,0.0200,375.3297,86.2438,0.0000,0.1232,0.1232,-0.0006,0.0000,0.0000,0.0121,0.0048,0.0000
0.0538,0.9724,1.0000,0.0410,0.0200,375.4138,86.2445,0.0000,0.1303,0.1303,0.0039,0.0000,0.0000,0.0121,0.0048,0.0000
0.2000,0.8120,1.0000,0.0326,0.0200,375.5133,86.2444,0.0000,0.1361,0.1361,0.0070,0.0000,0.0000,0.0121,0.0048,0.0000
0.1999,0.8356,1.0000,0.0242,0.0200,375.5979,86.2490,0.0000,0.1467,0.1467,0.0109,0.0000,0.0000,0.0121,0.0048,0.0000
0.0659,0.9867,1.0000,0.0158,0.0200,375.6957,86.2550,0.0000,0.1595,0.1595,0.0130,0.0000,0.0000,0.0121,0.0048,0.0000
0.2000,0.8424,1.0000,0.0074,0.0200,375.7824,86.2620,0.0000,0.1708,0.1708,0.0151,0.0000,0.0000,0.0121,0.0048,0.0000
0.0817,0.9724,1.0000,-0.0010,0.0198,375.8778,86.2643,0.0000,0.1797,0.1797,0.0159,0.0000,0.0000,0.0120,0.0048,0.0000
0.2000,0.8634,1.0000,-0.0094,0.0198,375.9676,86.2691,0.0000,0.1888,0.1888,0.0177,0.0000,0.0000,0.0120,0.0048,0.0000
0.1156,0.9465,1.0000,-0.0178,0.0198,376.0582,86.2743,0.0000,0.1998,0.1998,0.0188,0.0000,0.0000,0.0120,0.0048,0.0000
0.1775,0.8926,1.0000,-0.0262,0.0198,376.1493,86.2737,0.0000,0.2032,0.2032,0.0190,0.0000,0.0000,0.0120,0.0048,0.0000
0.1535,0.9006,1.0000,-0.0346,0.0198,376.2439,86.2785,0.0000,0.2124,0.2124,0.0181,0.0000,0.0000,0.0120,0.0048,0.0000
0.1508,0.9026,1.0000,-0.0430,0.0198,376.3393,86.2801,0.0000,0.2178,0.2178,0.0160,0.0000,0.0000,0.0120,0.0048,0.0000
0.1001,0.9389,1.0000,-0.0514,0.0198,376.4339,86.2888,0.0000,0.2303,0.2303,0.0134,0.0000,0.0000,0.0120,0.0048,0.0000
0.0825,0.9458,1.0000,-0.0598,0.0198,376.5266,86.2892,0.0000,0.2338,0.2338,0.0100,0.0000,0.0000,0.0120,0.0048,0.0000
0.0840,0.9399,1.0000,-0.0682,0.0078,376.6240,86.2905,0.0000,0.2381,0.2381,0.0058,0.0000,0.0000,0.0047,0.0019,0.0000
0.1376,0.9190,1.0000,-0.0766,0.0078,376.7214,86.2747,0.0000,0.2251,0.2251,0.0014,0.0000,0.0000,0.0047,0.0019,0.0000
0.0766,0.9645,1.0000,-0.0849,0.0078,376.8189,86.2715,0.0000,0.2246,0.2246,-0.0029,0.0000,0.0000,0.0047,0.0019,0.0000
0.0429,0.9811,1.0000,-0.0933,0.0078,376.9187,86.2666,0.0000,0.2220,0.2220,-0.0081,0.0000,0.0000,0.0047,0.0019,0.0000
0.0438,0.9669,1.0000,-0.1017,0.0078,377.0199,86.2569,0.0000,0.2144,0.2144,-0.0143,0.0000,0.0000,0.0047,0.0019,0.0000
0.0230,0.9913,1.0000,-0.0959,0.0078,377.1149,86.2420,0.0000,0.2006,0.2006,-0.0212,0.0000,0.0000,0.0047,0.0019,0.0000
-0.0002,1.0088,1.0000,-0.0889,0.0078,377.2144,86.2351,0.0000,0.1950,0.1950,-0.0278,0.0000,0.0000,0.0047,0.0019,0.0000
0.0395,0.9568,1.0000,-0.0813,0.0078,377.3069,86.2227,0.0000,0.1850,0.1850,-0.0339,0.0000,0.0000,0.0047,0.0019,0.0000
0.0226,0.9901,1.0000,-0.0745,0.0069,377.4031,86.2176,0.0000,0.1809,0.1809,-0.0424,0.0000,0.0000,0.0042,0.0017,0.0000
0.1011,0.9271,1.0000,-0.0674,0.0069,377.4958,86.2062,0.0000,0.1724,0.1724,-0.0483,0.0000,0.0000,0.0042,0.0017,0.0000
0.0745,0.9542,1.0000,-0.0602,0.0069,377.5891,86.1933,0.0000,0.1613,0.1613,-0.0524,0.0000,0.0000,0.0042,0.0017,0.0000
0.1290,0.9274,1.0000,-0.0518,0.0069,377.6863,86.1841,0.0000,0.1547,0.1547,-0.0579,0.0000,0.0000,0.0042,0.0017,0.0000
0.0981,0.9353,1.0000,-0.0434,0.0196,377.7754,86.1740,0.0000,0.1464,0.1464,-0.0628,0.0000,0.0000,0.0118,0.0047,0.0000
0.0600,0.9682,1.0000,-0.0350,0.0196,377.8726,86.1670,0.0000,0.1406,0.1406,-0.0673,0.0000,0.0000,0.0118,0.0047,0.0000
0.1998,0.8890,1.0000,-0.0266,0.0196,377.9636,86.1575,0.0000,0.1365,0.1365,-0.0707,0.0000,0.0000,0.0118,0.0047,0.0000
0.0906,0.9656,1.0000,-0.0350,0.0017,378.0556,86.1495,0.0000,0.1279,0.1279,-0.1050,0.0000,0.0000,0.0010,0.0004,0.0000
0.2003,0.9075,1.0000,-0.0266,0.0017,378.1509,86.1466,0.0000,0.1279,0.1279,-0.1085,0.0000,0.0000,0.0010,0.0004,0.0000
0.1435,0.9151,1.0000,-0.0182,0.0017,378.2402,86.1322,0.0000,0.1140,0.1140,-0.1098,0.0000,0.0000,0.0010,0.0004,0.0000
0.0941,0.9433,1.0000,-0.0098,0.0017,378.3350,86.1165,0.0000,0.0968,0.0968,-0.1125,0.0000,0.0000,0.0010,0.0004,0.0000
0.1995,0.8973,1.0000,-0.0014,0.0042,378.4354,86.1228,0.0000,0.1051,0.1051,-0.1175,0.0000,0.0000,0.0025,0.0010,0.0000
0.1007,0.9532,1.0000,0.0068,0.0042,378.5224,86.1044,0.0000,0.0854,0.0854,-0.1161,0.0000,0.0000,0.0025,0.0010,0.0000
0.0336,0.9934,1.0000,0.0152,0.0042,378.6183,86.0969,0.0000,0.0767,0.0767,-0.1167,0.0000,0.0000,0.0025,0.0010,0.0000
0.1827,0.8811,1.0000,0.0236,0.0042,378.7124,86.0941,0.0000,0.0820,0.0820,-0.1166,0.0000,0.0000,0.0025,0.0010,0.0000
0.1030,0.9526,1.0000,0.0259,-0.0020,378.8018,86.0905,0.0000,0.0750,0.0750,-0.1341,0.0000,0.0000,-0.0012,-0.0005,0.0000
0.0952,0.9335,1.0000,0.0343,-0.0020,378.8907,86.0881,0.0000,0.0743,0.0743,-0.1326,0.0000,0.0000,-0.0012,-0.0005,0.0000
0.1826,0.8874,1.0000,0.0427,-0.0020,378.9947,86.0866,0.0000,0.0750,0.0750,-0.1339,0.0000,0.0000,-0.0012,-0.0005,0.0000
0.1976,0.8825,1.0000,0.0511,-0.0020,379.0862,86.0843,0.0000,0.0742,0.0742,-0.1307,0.0000,0.0000,-0.0012,-0.0005,0.0000
0.0200,1.0309,1.0000,0.0595,-0.0020,379.1805,86.0789,0.0000,0.0597,0.0597,-0.1290,0.0000,0.0000,-0.0012,-0.0005,0.0000
0.1752,0.9095,1.0000,0.0679,-0.0020,379.2787,86.0739,0.0000,0.0635,0.0635,-0.1262,0.0000,0.0000,-0.0012,-0.0005,0.0000
0.1139,0.9366,1.0000,0.0763,-0.0020,379.3715,86.0731,0.0000,0.0620,0.0620,-0.1236,0.0000,0.0000,-0.0012,-0.0005,0.0000
0.0580,0.9764,1.0000,0.0847,0.0241,379.4625,86.0617,0.0000,0.0496,0.0496,-0.1045,0.0000,0.0000,0.0145,0.0058,0.0000
0.1431,0.9215,1.0000,0.0931,0.0241,379.5531,86.0592,0.0000,0.0530,0.0530,-0.1005,0.0000,0.0000,0.0145,0.0058,0.0000
0.1301,0.9088,1.0000,0.1015,0.0241,379.6437,86.0632,0.0000,0.0609,0.0609,-0.0959,0.0000,0.0000,0.0145,0.0058,0.0000
0.1648,0.9004,1.0000,0.1099,0.0241,379.7390,86.0618,0.0000,0.0633,0.0633,-0.0909,0.0000,0.0000,0.0145,0.0058,0.0000
0.1394,0.9031,1.0000,0.1182,0.0241,379.8345,86.0617,0.0000,0.0667,0.0667,-0.0857,0.0000,0.0000,0.0145,0.0058,0.0000
0.0920,0.9477,1.0000,0.1266,0.0241,379.9334,86.0609,0.0000,0.0683,0.0683,-0.0790,0.0000,0.0000,0.0145,0.0058,0.0000
0.0766,0.9500,1.0000,0.1271,0.0241,380.0273,86.0598,0.0000,0.0717,0.0717,-0.0721,0.0000,0.0000,0.0145,0.0058,0.0000
0.0404,0.9836,1.0000,0.1187,0.0241,380.1143,86.0719,0.0000,0.0877,0.0877,-0.0638,0.0000,0.0000,0.0145,0.0058,0.0000
0.0991,0.9346,1.0000,0.1103,0.0205,380.2088,86.0732,0.0000,0.0961,0.0961,-0.0356,0.0000,0.0000,0.0123,0.0049,0.0000
0.1873,0.8801,1.0000,0.1019,0.0205,380.3131,86.0735,0.0000,0.1039,0.1039,-0.0284,0.0000,0.0000,0.0123,0.0049,0.0000
0.1070,0.9419,1.0000,0.0935,0.0205,380.4016,86.0733,0.0000,0.1095,0.1095,-0.0205,0.0000,0.0000,0.0123,0.0049,0.0000
-0.0090,1.0366,1.0000,0.0851,0.0205,380.4951,86.0798,0.0000,0.1218,0.1218,-0.0133,0.0000,0.0000,0.0123,0.0049,0.0000
0.1665,0.8801,1.0000,0.0767,0.0205,380.5881,86.0838,0.0000,0.1319,0.1319,-0.0086,0.0000,0.0000,0.0123,0.0049,0.0000
0.1084,0.9345,1.0000,0.0683,0.0205,380.6733,86.0823,0.0000,0.1365,0.1365,-0.0012,0.0000,0.0000,0.0123,0.0049,0.0000
0.1041,0.9256,1.0000,0.0600,0.0205,380.7693,86.0807,0.0000,0.1403,0.1403,0.0037,0.0000,0.0000,0.0123,0.0049,0.0000
0.2000,0.8459,1.0000,0.0516,0.0205,380.8588,86.0902,0.0000,0.1545,0.1545,0.0082,0.0000,0.0000,0.0123,0.0049,0.0000
0.1029,0.9528,1.0000,0.0434,0.0207,380.9507,86.0928,0.0000,0.1617,0.1617,-0.0075,0.0000,0.0000,0.0125,0.0050,0.0000
0.1828,0.8956,1.0000,0.0350,0.0207,381.0476,86.0937,0.0000,0.1656,0.1656,-0.0038,0.0000,0.0000,0.0125,0.0050,0.0000
0.1455,0.9126,1.0000,0.0266,0.0207,381.1385,86.1007,0.0000,0.1753,0.1753,-0.0001,0.0000,0.0000,0.0125,0.0050,0.0000
0.0823,0.9612,1.0000,0.0183,0.0207,381.2298,86.1010,0.0000,0.1782,0.1782,0.0032,0.0000,0.0000,0.0125,0.0050,0.0000
0.2000,0.9065,1.0000,0.0099,0.0207,381.3287,86.1033,0.0000,0.1831,0.1831,0.0065,0.0000,0.0000,0.0125,0.0050,0.0000
0.1467,0.9052,1.0000,0.0015,0.0207,381.4190,86.1100,0.0000,0.1921,0.1921,0.0095,0.0000,0.0000,0.0125,0.0050,0.0000
0.0600,0.9813,1.0000,-0.0069,0.0207,381.5115,86.1151,0.0000,0.1997,0.1997,0.0117,0.0000,0.0000,0.0125,0.0050,0.0000
0.1832,0.8995,1.0000,-0.0153,0.0183,381.6066,86.1161,0.0000,0.2017,0.2017,0.0084,0.0000,0.0000,0.0110,0.0044,0.0000
0.1364,0.9191,1.0000,-0.0237,0.0183,381.6988,86.1207,0.0000,0.2071,0.2071,0.0087,0.0000,0.0000,0.0110,0.0044,0.0000
0.1016,0.9423,1.0000,-0.0321,0.0183,381.7899,86.1215,0.0000,0.2081,0.2081,0.0076,0.0000,0.0000,0.0110,0.0044,0.0000
0.1460,0.9155,1.0000,-0.0405,0.0183,381.8784,86.1250,0.0000,0.2115,0.2115,0.0061,0.0000,0.0000,0.0110,0.0044,0.0000
0.1508,0.9031,1.0000,-0.0489,-0.0223,381.9740,86.1333,0.0000,0.2197,0.2197,0.0044,0.0000,0.0000,-0.0134,-0.0054,0.0000
0.1999,0.8778,1.0000,-0.0573,-0.0223,382.0626,86.1314,0.0000,0.2171,0.2171,0.0014,0.0000,0.0000,-0.0134,-0.0054,0.0000
0.1026,0.9511,1.0000,-0.0657,-0.0223,382.1561,86.1152,0.0000,0.1999,0.1999,-0.0021,0.0000,0.0000,-0.0134,-0.0054,0.0000
0.2000,0.8789,1.0000,-0.0741,-0.0223,382.2442,86.1145,0.0000,0.1983,0.1983,-0.0058,0.0000,0.0000,-0.0134,-0.0054,0.0000
0.1090,0.9438,1.0000,-0.0825,-0.0431,382.3308,86.1087,0.0000,0.1886,0.1886,-0.0455,0.0000,0.0000,-0.0260,-0.0104,0.0000
0.2002,0.8729,1.0000,-0.0909,-0.0431,382.4264,86.1147,0.0000,0.1915,0.1915,-0.0503,0.0000,0.0000,-0.0260,-0.0104,0.0000
0.2001,0.8625,1.0000,-0.0992,-0.0431,382.5177,86.1117,0.0000,0.1840,0.1840,-0.0555,0.0000,0.0000,-0.0260,-0.0104,0.0000
0.1119,0.9480,1.0000,-0.1076,-0.0431,382.6140,86.1160,0.0000,0.1806,0.1806,-0.0612,0.0000,0.0000,-0.0260,-0.0104,0.0000
0.1438,0.9057,1.0000,-0.0992,-0.0431,382.6962,86.1111,0.0000,0.1718,0.1718,-0.0676,0.0000,0.0000,-0.0260,-0.0104,0.0000
0.0833,0.9541,1.0000,-0.0908,-0.0431,382.7892,86.1078,0.0000,0.1612,0.1612,-0.0741,0.0000,0.0000,-0.0260,-0.0104,0.0000
0.2000,0.8184,1.0000,-0.0824,-0.0431,382.8782,86.1048,0.0000,0.1582,0.1582,-0.0806,0.0000,0.0000,-0.0260,-0.0104,0.0000
0.1288,0.9230,1.0000,-0.0740,-0.0431,382.9640,86.0914,0.0000,0.1354,0.1354,-0.0867,0.0000,0.0000,-0.0260,-0.0104,0.0000
0.1896,0.8829,1.0000,-0.0656,-0.0318,383.0544,86.0962,0.0000,0.1382,0.1382,-0.0670,0.0000,0.0000,-0.0192,-0.0077,0.0000
0.2000,0.8645,1.0000,-0.0572,-0.0318,383.1505,86.0979,0.0000,0.1377,0.1377,-0.0732,0.0000,0.0000,-0.0192,-0.0077,0.0000
0.1695,0.8942,1.0000,-0.0489,-0.0318,383.2406,86.0915,0.0000,0.1279,0.1279,-0.0781,0.0000,0.0000,-0.0192,-0.0077,0.0000
0.0934,0.9510,1.0000,-0.0405,-0.0318,383.3398,86.0881,0.0000,0.1193,0.1193,-0.0842,0.0000,0.0000,-0.0192,-0.0077,0.0000
0.1999,0.8957,1.0000,-0.0321,-0.0318,383.4329,86.0740,0.0000,0.1056,0.1056,-0.0880,0.0000,0.0000,-0.0192,-0.0077,0.0000
0.0704,0.9824,1.0000,-0.0237,-0.0318,383.5216,86.0597,0.0000,0.0855,0.0855,-0.0918,0.0000,0.0000,-0.0192,-0.0077,0.0000
0.1019,0.9352,1.0000,-0.0153,-0.0318,383.6153,86.0590,0.0000,0.0853,0.0853,-0.0953,0.0000,0.0000,-0.0192,-0.0077,0.0000
0.1824,0.8923,1.0000,-0.0237,-0.0638,383.7130,86.0489,0.0000,0.0756,0.0756,-0.1169,0.0000,0.0000,-0.0385,-0.0154,0.0000
0.1194,0.9283,1.0000,-0.0153,-0.0638,383.8057,86.0404,0.0000,0.0619,0.0619,-0.1194,0.0000,0.0000,-0.0385,-0.0154,0.0000
0.0598,0.9742,1.0000,-0.0069,-0.0638,383.9046,86.0367,0.0000,0.0529,0.0529,-0.1206,0.0000,0.0000,-0.0385,-0.0154,0.0000
0.1539,0.9224,1.0000,0.0015,-0.0638,384.0023,86.0361,0.0000,0.0518,0.0518,-0.1241,0.0000,0.0000,-0.0385,-0.0154,0.0000
0.0612,0.9812,1.0000,0.0099,-0.0638,384.0977,86.0246,0.0000,0.0349,0.0349,-0.1238,0.0000,0.0000,-0.0385,-0.0154,0.0000
0.0506,0.9669,1.0000,0.0032,-0.0792,384.1839,86.0190,0.0000,0.0284,0.0284,-0.1239,0.0000,0.0000,-0.0478,-0.0191,0.0000
0.0782,0.9525,1.0000,0.0116,-0.0792,384.2720,86.0142,0.0000,0.0228,0.0228,-0.1236,0.0000,0.0000,-0.0478,-0.0191,0.0000
0.2000,0.8565,1.0000,0.0199,-0.0792,384.3756,86.0133,0.0000,0.0252,0.0252,-0.1246,0.0000,0.0000,-0.0478,-0.0191,0.0000
0.1787,0.8743,1.0000,0.0283,-0.0387,384.4528,86.0115,0.0000,0.0242,0.0242,-0.0780,0.0000,0.0000,-0.0233,-0.0093,0.0000
0.0179,1.0270,1.0000,0.0199,-0.0556,384.5553,86.0028,0.0000,0.0121,0.0121,-0.0780,0.0000,0.0000,-0.0335,-0.0134,0.0000
0.2000,0.7659,1.0000,0.0283,-0.0387,384.6470,85.9959,0.0000,0.0182,0.0182,-0.0764,0.0000,0.0000,-0.0233,-0.0093,0.0000
0.0331,1.0197,1.0000,0.0199,-0.0556,384.7206,85.9922,0.0000,0.0090,0.0090,-0.0717,0.0000,0.0000,-0.0335,-0.0134,0.0000
0.1668,0.9120,1.0000,0.0283,-0.0556,384.8185,85.9841,0.0000,0.0068,0.0068,-0.0725,0.0000,0.0000,-0.0335,-0.0134,0.0000
0.2000,0.7321,1.0000,0.0367,-0.0556,384.9070,85.9678,0.0000,0.0006,0.0006,-0.0688,0.0000,0.0000,-0.0335,-0.0134,0.0000
0.0819,0.9749,1.0000,0.0451,-0.0556,385.0046,85.9733,0.0000,0.0002,0.0002,-0.0688,0.0000,0.0000,-0.0335,-0.0134,0.0000
0.2001,0.8899,1.0000,0.0436,-0.0655,385.0944,85.9669,0.0000,0.0007,0.0007,-0.0585,0.0000,0.0000,-0.0395,-0.0158,0.0000
0.0845,0.9695,1.0000,0.0520,-0.0655,385.1969,85.9573,0.0000,-0.0066,-0.0066,-0.0556,0.0000,0.0000,-0.0395,-0.0158,0.0000
0.0018,1.0201,1.0000,0.0550,-0.0655,385.2872,85.9665,0.0000,0.0061,0.0061,-0.0513,0.0000,0.0000,-0.0395,-0.0158,0.0000
-0.0179,1.0201,1.0000,0.0532,-0.0655,385.3848,85.9641,0.0000,0.0076,0.0076,-0.0495,0.0000,0.0000,-0.0395,-0.0158,0.0000
0.0857,0.9047,1.0000,0.0488,-0.0655,385.4769,85.9623,0.0000,0.0134,0.0134,-0.0455,0.0000,0.0000,-0.0395,-0.0158,0.0000
0.0577,0.9679,1.0000,0.0463,-0.0655,385.5635,85.9552,0.0000,0.0093,0.0093,-0.0418,0.0000,0.0000,-0.0395,-0.0158,0.0000
0.1484,0.9143,1.0000,0.0395,-0.0655,385.6612,85.9557,0.0000,0.0148,0.0148,-0.0400,0.0000,0.0000,-0.0395,-0.0158,0.0000
0.2002,0.8618,1.0000,0.0311,-0.0655,385.7458,85.9529,0.0000,0.0174,0.0174,-0.0358,0.0000,0.0000,-0.0395,-0.0158,0.0000
0.0866,0.9695,1.0000,0.0229,-0.0652,385.8351,85.9592,0.0000,0.0288,0.0288,0.0004,0.0000,0.0000,-0.0394,-0.0157,0.0000
0.2000,0.8399,1.0000,0.0145,-0.0652,385.9308,85.9626,0.0000,0.0396,0.0396,0.0034,0.0000,0.0000,-0.0394,-0.0157,0.0000
0.1741,0.8899,1.0000,0.0061,-0.0652,386.0179,85.9642,0.0000,0.0481,0.0481,0.0064,0.0000,0.0000,-0.0394,-0.0157,0.0000
0.0941,0.9515,1.0000,-0.0023,-0.0652,386.1096,85.9691,0.0000,0.0597,0.0597,0.0077,0.0000,0.0000,-0.0394,-0.0157,0.0000
0.1999,0.8644,1.0000,-0.0107,-0.0652,386.1970,85.9710,0.0000,0.0672,0.0672,0.0084,0.0000,0.0000,-0.0394,-0.0157,0.0000
0.1404,0.9115,1.0000,-0.0191,-0.0652,386.2920,85.9724,0.0000,0.0752,0.0752,0.0092,0.0000,0.0000,-0.0394,-0.0157,0.0000
0.2001,0.8671,1.0000,-0.0275,-0.0652,386.3848,85.9794,0.0000,0.0876,0.0876,0.0086,0.0000,0.0000,-0.0394,-0.0157,0.0000
0.1123,0.9417,1.0000,-0.0359,-0.0652,386.4742,85.9885,0.0000,0.1023,0.1023,0.0077,0.0000,0.0000,-0.0394,-0.0157,0.0000
0.1083,0.9221,1.0000,-0.0443,-0.0723,386.5695,85.9903,0.0000,0.1111,0.1111,0.0329,0.0000,0.0000,-0.0436,-0.0175,0.0000
0.1842,0.8909,1.0000,-0.0527,-0.0723,386.6638,85.9954,0.0000,0.1233,0.1233,0.0309,0.0000,0.0000,-0.0436,-0.0175,0.0000
0.1041,0.9440,1.0000,-0.0611,-0.0723,386.7556,85.9911,0.0000,0.1266,0.1266,0.0275,0.0000,0.0000,-0.0436,-0.0175,0.0000
0.0937,0.9352,1.0000,-0.0695,-0.0723,386.8447,85.9846,0.0000,0.1264,0.1264,0.0239,0.0000,0.0000,-0.0436,-0.0175,0.0000
0.1549,0.9111,1.0000,-0.0779,-0.0723,386.9378,85.9769,0.0000,0.1250,0.1250,0.0198,0.0000,0.0000,-0.0436,-0.0175,0.0000
0.1757,0.8858,1.0000,-0.0863,-0.0723,387.0268,85.9719,0.0000,0.1256,0.1256,0.0148,0.0000,0.0000,-0.0436,-0.0175,0.0000
0.1280,0.9263,1.0000,-0.0947,-0.0723,387.1158,85.9666,0.0000,0.1262,0.1262,0.0096,0.0000,0.0000,-0.0436,-0.0175,0.0000
0.1999,0.8845,1.0000,-0.1030,-0.0723,387.2013,85.9619,0.0000,0.1266,0.1266,0.0037,0.0000,0.0000,-0.0436,-0.0175,0.0000
0.1803,0.8838,1.0000,-0.0946,-0.0281,387.3044,85.9423,0.0000,0.1153,0.1153,0.0270,0.0000,0.0000,-0.0169,-0.0068,0.0000
0.2001,0.8485,1.0000,-0.1030,-0.0281,387.3927,85.9366,0.0000,0.1170,0.1170,0.0203,0.0000,0.0000,-0.0169,-0.0068,0.0000
0.0096,1.0435,1.0000,-0.1113,-0.0281,387.4766,85.9200,0.0000,0.1093,0.1093,0.0142,0.0000,0.0000,-0.0169,-0.0068,0.0000
0.1653,0.8771,1.0000,-0.1197,-0.0281,387.5705,85.9197,0.0000,0.1162,0.1162,0.0078,0.0000,0.0000,-0.0169,-0.0068,0.0000
0.2000,0.8505,1.0000,-0.1281,-0.0281,387.6599,85.9122,0.0000,0.1163,0.1163,0.0007,0.0000,0.0000,-0.0169,-0.0068,0.0000
0.1320,0.9283,1.0000,-0.1230,-0.0281,387.7552,85.8879,0.0000,0.1006,0.1006,-0.0060,0.0000,0.0000,-0.0169,-0.0068,0.0000
0.1827,0.8889,1.0000,-0.1163,-0.0281,387.8500,85.8814,0.0000,0.1019,0.1019,-0.0143,0.0000,0.0000,-0.0169,-0.0068,0.0000
0.0678,0.9802,1.0000,-0.1105,-0.0140,387.9378,85.8659,0.0000,0.0938,0.0938,0.0028,0.0000,0.0000,-0.0084,-0.0034,0.0000
0.0996,0.9402,1.0000,-0.1068,-0.0140,388.0320,85.8499,0.0000,0.0875,0.0875,-0.0053,0.0000,0.0000,-0.0084,-0.0034,0.0000
0.1896,0.8857,1.0000,-0.0991,-0.0140,388.1166,85.8374,0.0000,0.0847,0.0847,-0.0115,0.0000,0.0000,-0.0084,-0.0034,0.0000
0.1070,0.9494,1.0000,-0.0907,-0.0140,388.2149,85.8244,0.0000,0.0817,0.0817,-0.0197,0.0000,0.0000,-0.0084,-0.0034,0.0000
0.1999,0.8479,1.0000,-0.0823,-0.0140,388.2882,85.8052,0.0000,0.0725,0.0725,-0.0237,0.0000,0.0000,-0.0084,-0.0034,0.0000
0.0696,0.9829,1.0000,-0.0907,-0.0918,388.3747,85.7903,0.0000,0.0653,0.0653,-0.0304,0.0000,0.0000,-0.0555,-0.0222,0.0000
0.2000,0.7530,1.0000,-0.0856,-0.0918,388.4598,85.7735,0.0000,0.0621,0.0621,-0.0366,0.0000,0.0000,-0.0555,-0.0222,0.0000
0.2004,0.8709,1.0000,-0.0779,-0.0918,388.5508,85.7534,0.0000,0.0513,0.0513,-0.0408,0.0000,0.0000,-0.0555,-0.0222,0.0000
0.1962,0.8617,1.0000,-0.0695,-0.0918,388.6467,85.7345,0.0000,0.0431,0.0431,-0.0487,0.0000,0.0000,-0.0555,-0.0222,0.0000
0.1998,0.9252,1.0000,-0.0611,-0.0731,388.7254,85.7194,0.0000,0.0388,0.0388,-0.0206,0.0000,0.0000,-0.0441,-0.0176,0.0000
0.1550,0.9700,1.0000,-0.0695,-0.0731,388.8093,85.7042,0.0000,0.0359,0.0359,-0.0250,0.0000,0.0000,-0.0441,-0.0176,0.0000
0.2000,0.7942,1.0000,-0.0611,-0.0731,388.9045,85.6885,0.0000,0.0368,0.0368,-0.0313,0.0000,0.0000,-0.0441,-0.0176,0.0000
0.2001,0.8450,1.0000,-0.0527,-0.0731,388.9878,85.6679,0.0000,0.0292,0.0292,-0.0343,0.0000,0.0000,-0.0441,-0.0176,0.0000
0.0970,0.9561,1.0000,-0.0444,-0.0731,389.0762,85.6431,0.0000,0.0163,0.0163,-0.0387,0.0000,0.0000,-0.0441,-0.0176,0.0000
0.1999,0.8514,1.0000,-0.0360,-0.0731,389.1800,85.6234,0.0000,0.0145,0.0145,-0.0450,0.0000,0.0000,-0.0441,-0.0176,0.0000
0.1406,0.9113,1.0000,-0.0276,-0.0731,389.2614,85.6071,0.0000,0.0105,0.0105,-0.0469,0.0000,0.0000,-0.0441,-0.0176,0.0000
-0.0190,1.0471,1.0000,-0.0192,-0.0471,389.3499,85.5900,0.0000,0.0069,0.0069,-0.0120,0.0000,0.0000,-0.0284,-0.0114,0.0000
0.1808,0.8228,1.0000,-0.0108,-0.0471,389.4401,85.5712,0.0000,0.0072,0.0072,-0.0168,0.0000,0.0000,-0.0284,-0.0114,0.0000
0.2005,0.8938,1.0000,-0.0025,-0.0471,389.5232,85.5510,0.0000,0.0044,0.0044,-0.0169,0.0000,0.0000,-0.0284,-0.0114,0.0000
0.2000,0.9129,1.0000,0.0059,-0.0471,389.6072,85.5306,0.0000,0.0007,0.0007,-0.0204,0.0000,0.0000,-0.0284,-0.0114,0.0000
0.2000,0.8475,1.0000,-0.0025,-0.0471,389.6910,85.5247,0.0000,0.0147,0.0147,-0.0174,0.0000,0.0000,-0.0284,-0.0114,0.0000
0.1999,0.8571,1.0000,-0.0108,-0.0471,389.7788,85.5120,0.0000,0.0203,0.0203,-0.0188,0.0000,0.0000,-0.0284,-0.0114,0.0000
0.1999,0.8356,1.0000,-0.0192,-0.0471,389.8735,85.4914,0.0000,0.0208,0.0208,-0.0184,0.0000,0.0000,-0.0284,-0.0114,0.0000
0.1995,0.8797,1.0000,-0.0276,-0.0471,389.9650,85.4737,0.0000,0.0223,0.0223,-0.0189,0.0000,0.0000,-0.0284,-0.0114,0.0000
0.0994,0.9606,1.0000,-0.0360,-0.0930,390.0546,85.4566,0.0000,0.0211,0.0211,-0.0588,0.0000,0.0000,-0.0562,-0.0225,0.0000
0.1072,0.9238,1.0000,-0.0276,-0.0930,390.1481,85.4358,0.0000,0.0176,0.0176,-0.0598,0.0000,0.0000,-0.0562,-0.0225,0.0000
0.1663,0.9037,1.0000,-0.0192,-0.0930,390.2471,85.4079,0.0000,0.0060,0.0060,-0.0642,0.0000,0.0000,-0.0562,-0.0225,0.0000
0.0935,0.9502,1.0000,-0.0108,-0.0930,390.3352,85.3923,0.0000,0.0049,0.0049,-0.0636,0.0000,0.0000,-0.0562,-0.0225,0.0000
0.0044,1.0203,1.0000,-0.0072,-0.0978,390.4266,85.3782,0.0000,0.0032,0.0032,-0.0667,0.0000,0.0000,-0.0591,-0.0236,0.0000
0.1920,0.8870,1.0000,0.0012,-0.0978,390.5250,85.3608,0.0000,0.0059,0.0059,-0.0709,0.0000,0.0000,-0.0591,-0.0236,0.0000
0.1488,0.9164,1.0000,0.0096,-0.0978,390.6158,85.3454,0.0000,0.0071,0.0071,-0.0675,0.0000,0.0000,-0.0591,-0.0236,0.0000
0.0501,0.9891,1.0000,0.0180,-0.0200,390.7098,85.3278,0.0000,0.0077,0.0077,0.0163,0.0000,0.0000,-0.0121,-0.0048,0.0000
0.1805,0.9141,1.0000,0.0096,-0.0200,390.7903,85.3110,0.0000,0.0126,0.0126,0.0183,0.0000,0.0000,-0.0121,-0.0048,0.0000
0.0993,0.9479,1.0000,0.0012,-0.0200,390.8790,85.2984,0.0000,0.0241,0.0241,0.0191,0.0000,0.0000,-0.0121,-0.0048,0.0000
0.2000,0.8157,1.0000,-0.0072,-0.0200,390.9676,85.2857,0.0000,0.0339,0.0339,0.0201,0.0000,0.0000,-0.0121,-0.0048,0.0000
0.1640,0.8884,1.0000,-0.0156,-0.0200,391.0618,85.2534,0.0000,0.0276,0.0276,0.0196,0.0000,0.0000,-0.0121,-0.0048,0.0000
0.1790,0.8881,1.0000,-0.0240,-0.0200,391.1475,85.2482,0.0000,0.0456,0.0456,0.0215,0.0000,0.0000,-0.0121,-0.0048,0.0000
0.0593,0.9877,1.0000,-0.0324,-0.0683,391.2395,85.2204,0.0000,0.0415,0.0415,0.0172,0.0000,0.0000,-0.0412,-0.0165,0.0000
0.2001,0.8531,1.0000,-0.0408,-0.0683,391.3250,85.2081,0.0000,0.0516,0.0516,0.0196,0.0000,0.0000,-0.0412,-0.0165,0.0000
0.0990,0.9536,1.0000,-0.0492,-0.0717,391.4169,85.1837,0.0000,0.0501,0.0501,0.0096,0.0000,0.0000,-0.0433,-0.0173,0.0000
0.2000,0.8579,1.0000,-0.0576,-0.0717,391.4963,85.1727,0.0000,0.0597,0.0597,0.0109,0.0000,0.0000,-0.0433,-0.0173,0.0000
0.1091,0.9431,1.0000,-0.0660,-0.0717,391.5826,85.1523,0.0000,0.0604,0.0604,0.0066,0.0000,0.0000,-0.0433,-0.0173,0.0000
0.2000,0.7958,1.0000,-0.0743,-0.0717,391.6795,85.1349,0.0000,0.0663,0.0663,0.0031,0.0000,0.0000,-0.0433,-0.0173,0.0000
0.1737,0.8791,1.0000,-0.0827,-0.0717,391.7746,85.1116,0.0000,0.0660,0.0660,-0.0015,0.0000,0.0000,-0.0433,-0.0173,0.0000
0.0712,0.9749,1.0000,-0.0910,-0.0717,391.8645,85.0956,0.0000,0.0711,0.0711,-0.0061,0.0000,0.0000,-0.0433,-0.0173,0.0000
0.0504,0.9707,1.0000,-0.0994,-0.0717,391.9479,85.0818,0.0000,0.0766,0.0766,-0.0110,0.0000,0.0000,-0.0433,-0.0173,0.0000
0.1968,0.9038,1.0000,-0.0946,-0.0585,392.0367,85.0601,0.0000,0.0766,0.0766,0.0134,0.0000,0.0000,-0.0353,-0.0141,0.0000
0.1999,0.8360,1.0000,-0.1028,-0.0585,392.1239,85.0395,0.0000,0.0787,0.0787,0.0077,0.0000,0.0000,-0.0353,-0.0141,0.0000
0.1695,0.9057,1.0000,-0.1112,-0.0585,392.2117,85.0085,0.0000,0.0707,0.0707,0.0003,0.0000,0.0000,-0.0353,-0.0141,0.0000
0.1568,0.8872,1.0000,-0.1196,-0.0585,392.2878,84.9893,0.0000,0.0727,0.0727,-0.0021,0.0000,0.0000,-0.0353,-0.0141,0.0000
0.1386,0.9262,1.0000,-0.1280,-0.0587,392.4005,84.9678,0.0000,0.0798,0.0798,-0.0112,0.0000,0.0000,-0.0354,-0.0141,0.0000
0.2000,0.7776,1.0000,-0.1214,-0.0587,392.4901,84.9320,0.0000,0.0692,0.0692,-0.0178,0.0000,0.0000,-0.0354,-0.0141,0.0000
0.0002,1.1333,1.0000,-0.1130,-0.0587,392.5572,84.9127,0.0000,0.0633,0.0633,-0.0233,0.0000,0.0000,-0.0354,-0.0141,0.0000
0.0415,0.9601,1.0000,-0.1046,-0.0538,392.6606,84.8846,0.0000,0.0636,0.0636,-0.0251,0.0000,0.0000,-0.0325,-0.0130,0.0000
0.2000,0.6921,1.0000,-0.1011,-0.0587,392.7397,84.8542,0.0000,0.0600,0.0600,-0.0348,0.0000,0.0000,-0.0354,-0.0141,0.0000
-0.0000,1.0608,1.0000,-0.1026,-0.0686,392.8196,84.8359,0.0000,0.0561,0.0561,-0.0358,0.0000,0.0000,-0.0414,-0.0166,0.0000
0.1561,0.8406,1.0000,-0.0943,-0.0686,392.9287,84.8006,0.0000,0.0555,0.0555,-0.0414,0.0000,0.0000,-0.0414,-0.0166,0.0000
0.2000,0.8100,1.0000,-0.0859,-0.0686,392.9949,84.7788,0.0000,0.0522,0.0522,-0.0470,0.0000,0.0000,-0.0414,-0.0166,0.0000
-0.0003,1.1367,1.0000,-0.0778,-0.0686,393.0960,84.7402,0.0000,0.0328,0.0328,-0.0543,0.0000,0.0000,-0.0414,-0.0166,0.0000
0.1997,0.6911,1.0000,-0.0694,-0.0686,393.1895,84.7117,0.0000,0.0424,0.0424,-0.0609,0.0000,0.0000,-0.0414,-0.0166,0.0000
-0.0002,1.0734,1.0000,-0.0610,-0.0203,393.2709,84.6994,0.0000,0.0420,0.0420,-0.0105,0.0000,0.0000,-0.0123,-0.0049,0.0000
0.0413,0.9683,1.0000,-0.0660,-0.0203,393.3718,84.6729,0.0000,0.0483,0.0483,-0.0180,0.0000,0.0000,-0.0123,-0.0049,0.0000
0.1997,0.8138,1.0000,-0.0577,-0.0203,393.4583,84.6302,0.0000,0.0372,0.0372,-0.0223,0.0000,0.0000,-0.0123,-0.0049,0.0000
0.0200,1.0307,1.0000,-0.0661,-0.0900,393.5352,84.6117,0.0000,0.0432,0.0432,-0.0229,0.0000,0.0000,-0.0544,-0.0217,0.0000
0.0885,0.9586,1.0000,-0.0745,-0.0900,393.6199,84.5794,0.0000,0.0393,0.0393,-0.0296,0.0000,0.0000,-0.0544,-0.0217,0.0000
0.2000,0.7837,1.0000,-0.0800,-0.0900,393.7126,84.5524,0.0000,0.0477,0.0477,-0.0302,0.0000,0.0000,-0.0544,-0.0217,0.0000
0.1641,0.8994,1.0000,-0.0716,-0.0900,393.8029,84.5179,0.0000,0.0409,0.0409,-0.0375,0.0000,0.0000,-0.0544,-0.0217,0.0000
0.0857,0.9573,1.0000,-0.0632,-0.0900,393.8883,84.4790,0.0000,0.0297,0.0297,-0.0431,0.0000,0.0000,-0.0544,-0.0217,0.0000
0.0842,0.9580,1.0000,-0.0582,-0.0847,393.9780,84.4526,0.0000,0.0344,0.0344,-0.0302,0.0000,0.0000,-0.0512,-0.0205,0.0000
0.1159,0.9315,1.0000,-0.0498,-0.0847,394.0582,84.4182,0.0000,0.0291,0.0291,-0.0345,0.0000,0.0000,-0.0512,-0.0205,0.0000
0.1206,0.9260,1.0000,-0.0414,-0.0847,394.1605,84.3857,0.0000,0.0337,0.0337,-0.0376,0.0000,0.0000,-0.0512,-0.0205,0.0000
0.1998,0.8656,1.0000,-0.0330,-0.0847,394.2478,84.3469,0.0000,0.0270,0.0270,-0.0435,0.0000,0.0000,-0.0512,-0.0205,0.0000
-0.0002,1.0623,1.0000,-0.0247,-0.0847,394.3281,84.3209,0.0000,0.0267,0.0267,-0.0439,0.0000,0.0000,-0.0512,-0.0205,0.0000
0.0682,0.9485,1.0000,-0.0163,-0.0847,394.4222,84.2838,0.0000,0.0252,0.0252,-0.0494,0.0000,0.0000,-0.0512,-0.0205,0.0000
0.2000,0.8370,1.0000,-0.0079,-0.0847,394.5108,84.2467,0.0000,0.0243,0.0243,-0.0505,0.0000,0.0000,-0.0512,-0.0205,0.0000
0.1035,0.9514,1.0000,0.0003,-0.0847,394.5835,84.2186,0.0000,0.0212,0.0212,-0.0500,0.0000,0.0000,-0.0512,-0.0205,0.0000
0.0777,0.9514,1.0000,0.0087,-0.0736,394.6794,84.1853,0.0000,0.0220,0.0220,-0.0541,0.0000,0.0000,-0.0444,-0.0178,0.0000
0.0692,0.9514,1.0000,0.0171,-0.0736,394.7567,84.1537,0.0000,0.0213,0.0213,-0.0511,0.0000,0.0000,-0.0444,-0.0178,0.0000
0.0177,1.0054,1.0000,0.0255,-0.0736,394.8416,84.1220,0.0000,0.0205,0.0205,-0.0513,0.0000,0.0000,-0.0444,-0.0178,0.0000
0.1995,0.8283,1.0000,0.0339,-0.0736,394.9275,84.0931,0.0000,0.0290,0.0290,-0.0499,0.0000,0.0000,-0.0444,-0.0178,0.0000
0.1907,0.8983,1.0000,0.0423,-0.0736,395.0282,84.0540,0.0000,0.0255,0.0255,-0.0522,0.0000,0.0000,-0.0444,-0.0178,0.0000
0.1483,0.8997,1.0000,0.0339,-0.0736,395.1118,84.0294,0.0000,0.0343,0.0343,-0.0474,0.0000,0.0000,-0.0444,-0.0178,0.0000
-0.0337,1.0698,1.0000,0.0255,-0.0823,395.2023,83.9876,0.0000,0.0230,0.0230,-0.0282,0.0000,0.0000,-0.0497,-0.0199,0.0000
0.1410,0.8674,1.0000,0.0171,-0.0823,395.2801,83.9605,0.0000,0.0331,0.0331,-0.0209,0.0000,0.0000,-0.0497,-0.0199,0.0000
0.0497,0.9884,1.0000,0.0087,-0.0823,395.3755,83.9328,0.0000,0.0419,0.0419,-0.0208,0.0000,0.0000,-0.0497,-0.0199,0.0000
0.0309,0.9847,1.0000,0.0004,-0.0823,395.4639,83.9136,0.0000,0.0591,0.0591,-0.0171,0.0000,0.0000,-0.0497,-0.0199,0.0000
0.0247,0.9847,1.0000,-0.0080,-0.0823,395.5611,83.8756,0.0000,0.0590,0.0590,-0.0199,0.0000,0.0000,-0.0497,-0.0199,0.0000
-0.0231,1.0339,1.0000,-0.0164,-0.0823,395.6379,83.8598,0.0000,0.0753,0.0753,-0.0148,0.0000,0.0000,-0.0497,-0.0199,0.0000
-0.0394,1.0339,1.0000,-0.0248,-0.0823,395.7228,83.8343,0.0000,0.0832,0.0832,-0.0155,0.0000,0.0000,-0.0497,-0.0199,0.0000
0.1606,0.7833,1.0000,-0.0332,-0.0823,395.8024,83.7935,0.0000,0.0767,0.0767,-0.0166,0.0000,0.0000,-0.0497,-0.0199,0.0000
0.1900,0.8779,1.0000,-0.0416,-0.0823,395.8914,83.7676,0.0000,0.0848,0.0848,-0.0177,0.0000,0.0000,-0.0497,-0.0199,0.0000
0.1601,0.8876,1.0000,-0.0440,-0.0763,395.9918,83.7307,0.0000,0.0909,0.0909,0.0561,0.0000,0.0000,-0.0461,-0.0184,0.0000
0.1334,0.9178,1.0000,-0.0524,-0.0763,396.0693,83.7007,0.0000,0.0998,0.0998,0.0566,0.0000,0.0000,-0.0461,-0.0184,0.0000
-0.0289,1.0604,1.0000,-0.0608,-0.0763,396.1654,83.6589,0.0000,0.1066,0.1066,0.0514,0.0000,0.0000,-0.0461,-0.0184,0.0000
0.1711,0.8235,1.0000,-0.0692,-0.0763,396.2595,83.6346,0.0000,0.1206,0.1206,0.0508,0.0000,0.0000,-0.0461,-0.0184,0.0000
0.0028,1.0392,1.0000,-0.0776,-0.0763,396.3507,83.5984,0.0000,0.1308,0.1308,0.0437,0.0000,0.0000,-0.0461,-0.0184,0.0000
0.0353,0.9634,1.0000,-0.0860,-0.0763,396.4383,83.5626,0.0000,0.1347,0.1347,0.0407,0.0000,0.0000,-0.0461,-0.0184,0.0000
0.0390,0.9717,1.0000,-0.0944,-0.0763,396.5388,83.5266,0.0000,0.1443,0.1443,0.0340,0.0000,0.0000,-0.0461,-0.0184,0.0000
0.1237,0.9379,1.0000,-0.1028,-0.0910,396.6288,83.4819,0.0000,0.1405,0.1405,0.0130,0.0000,0.0000,-0.0550,-0.0220,0.0000
-0.0275,1.0561,1.0000,-0.1111,-0.0910,396.7195,83.4402,0.0000,0.1403,0.1403,0.0081,0.0000,0.0000,-0.0550,-0.0220,0.0000
-0.0090,0.9972,1.0000,-0.1195,-0.0910,396.8032,83.4114,0.0000,0.1481,0.1481,0.0038,0.0000,0.0000,-0.0550,-0.0220,0.0000
0.0038,0.9902,1.0000,-0.1279,-0.0910,396.8921,83.3674,0.0000,0.1432,0.1432,-0.0036,0.0000,0.0000,-0.0550,-0.0220,0.0000
0.1646,0.8748,1.0000,-0.1363,-0.0910,396.9817,83.3228,0.0000,0.1391,0.1391,-0.0102,0.0000,0.0000,-0.0550,-0.0220,0.0000
0.0603,0.9851,1.0000,-0.1447,-0.0910,397.0691,83.2865,0.0000,0.1399,0.1399,-0.0173,0.0000,0.0000,-0.0550,-0.0220,0.0000
0.0271,0.9929,1.0000,-0.1531,-0.0910,397.1523,83.2456,0.0000,0.1352,0.1352,-0.0248,0.0000,0.0000,-0.0550,-0.0220,0.0000
0.1352,0.9362,1.0000,-0.1447,-0.0676,397.2402,83.2020,0.0000,0.1324,0.1324,0.0016,0.0000,0.0000,-0.0408,-0.0163,0.0000
0.1147,0.9198,1.0000,-0.1531,-0.0676,397.3222,83.1585,0.0000,0.1280,0.1280,-0.0066,0.0000,0.0000,-0.0408,-0.0163,0.0000
0.0626,0.9732,1.0000,-0.1615,-0.1078,397.4062,83.1111,0.0000,0.1208,0.1208,-0.0147,0.0000,0.0000,-0.0652,-0.0261,0.0000
0.1761,0.9213,1.0000,-0.1699,-0.1078,397.4881,83.0646,0.0000,0.1141,0.1141,-0.0228,0.0000,0.0000,-0.0652,-0.0261,0.0000
0.1013,0.9575,1.0000,-0.1631,-0.1078,397.5405,83.0180,0.0000,0.0926,0.0926,-0.0312,0.0000,0.0000,-0.0652,-0.0261,0.0000
0.0924,0.9359,1.0000,-0.1547,-0.1078,397.6316,82.9630,0.0000,0.0818,0.0818,-0.0409,0.0000,0.0000,-0.0652,-0.0261,0.0000
0.2000,0.7051,1.0000,-0.1464,-0.1078,397.7144,82.9231,0.0000,0.0858,0.0858,-0.0513,0.0000,0.0000,-0.0652,-0.0261,0.0000
-0.0000,1.0577,1.0000,-0.1380,-0.0443,397.7893,82.8729,0.0000,0.0654,0.0654,0.0100,0.0000,0.0000,-0.0267,-0.0107,0.0000
0.1207,0.9086,1.0000,-0.1296,-0.0443,397.8591,82.8121,0.0000,0.0457,0.0457,0.0016,0.0000,0.0000,-0.0267,-0.0107,0.0000
0.1622,0.8980,1.0000,-0.1212,-0.0443,397.9359,82.7502,0.0000,0.0296,0.0296,-0.0066,0.0000,0.0000,-0.0267,-0.0107,0.0000
0.1163,0.9253,1.0000,-0.1185,-0.0500,398.0100,82.6925,0.0000,0.0157,0.0157,-0.0141,0.0000,0.0000,-0.0301,-0.0121,0.0000
0.0470,0.9836,1.0000,-0.1102,-0.0500,398.0859,82.6340,0.0000,0.0020,0.0020,-0.0209,0.0000,0.0000,-0.0301,-0.0121,0.0000
0.0958,0.9359,1.0000,-0.1018,-0.0500,398.1690,82.5868,0.0000,0.0026,0.0026,-0.0281,0.0000,0.0000,-0.0301,-0.0121,0.0000
0.0738,0.9538,1.0000,-0.0974,-0.0540,398.2430,82.5380,0.0000,-0.0037,-0.0037,-0.0350,0.0000,0.0000,-0.0326,-0.0130,0.0000
0.0756,0.9461,1.0000,-0.0890,-0.0540,398.3312,82.4891,0.0000,-0.0018,-0.0018,-0.0410,0.0000,0.0000,-0.0326,-0.0130,0.0000
0.2007,0.8789,1.0000,-0.0806,-0.0502,398.4065,82.4385,0.0000,-0.0062,-0.0062,-0.0420,0.0000,0.0000,-0.0303,-0.0121,0.0000
0.0550,0.9977,1.0000,-0.0725,-0.0502,398.4615,82.3755,0.0000,-0.0359,-0.0359,-0.0473,0.0000,0.0000,-0.0303,-0.0121,0.0000
0.1773,0.9000,1.0000,-0.0641,-0.0502,398.5417,82.3231,0.0000,-0.0375,-0.0375,-0.0514,0.0000,0.0000,-0.0303,-0.0121,0.0000
0.2000,0.8364,1.0000,-0.0557,-0.0502,398.6156,82.2726,0.0000,-0.0417,-0.0417,-0.0561,0.0000,0.0000,-0.0303,-0.0121,0.0000
0.1085,0.9490,1.0000,-0.0473,-0.0502,398.6803,82.2320,0.0000,-0.0465,-0.0465,-0.0591,0.0000,0.0000,-0.0303,-0.0121,0.0000
0.2003,0.8881,1.0000,-0.0557,-0.1176,398.7619,82.1792,0.0000,-0.0486,-0.0486,-0.0640,0.0000,0.0000,-0.0712,-0.0285,0.0000
0.2000,0.7563,1.0000,-0.0473,-0.1176,398.8421,82.1258,0.0000,-0.0488,-0.0488,-0.0676,0.0000,0.0000,-0.0712,-0.0285,0.0000
0.0966,0.9622,1.0000,-0.0389,-0.0774,398.9129,82.0567,0.0000,-0.0783,-0.0783,-0.0267,0.0000,0.0000,-0.0467,-0.0187,0.0000
0.0724,0.9554,1.0000,-0.0305,-0.0774,398.9886,82.0217,0.0000,-0.0648,-0.0648,-0.0280,0.0000,0.0000,-0.0467,-0.0187,0.0000
0.0395,0.9835,1.0000,-0.0221,-0.0774,399.0661,81.9760,0.0000,-0.0615,-0.0615,-0.0328,0.0000,0.0000,-0.0467,-0.0187,0.0000
0.2001,0.8259,1.0000,-0.0137,-0.0774,399.1322,81.9322,0.0000,-0.0580,-0.0580,-0.0338,0.0000,0.0000,-0.0467,-0.0187,0.0000
0.1628,0.8896,1.0000,-0.0053,-0.0774,399.2017,81.8736,0.0000,-0.0695,-0.0695,-0.0367,0.0000,0.0000,-0.0467,-0.0187,0.0000
0.2000,0.7860,1.0000,0.0031,-0.0774,399.2744,81.8332,0.0000,-0.0601,-0.0601,-0.0375,0.0000,0.0000,-0.0467,-0.0187,0.0000
0.1595,0.9026,1.0000,0.0025,-0.0865,399.3421,81.7728,0.0000,-0.0757,-0.0757,-0.0415,0.0000,0.0000,-0.0523,-0.0209,0.0000
0.2000,0.8239,1.0000,0.0109,-0.0865,399.4170,81.7304,0.0000,-0.0658,-0.0658,-0.0396,0.0000,0.0000,-0.0523,-0.0209,0.0000
0.1671,0.9019,1.0000,0.0193,-0.0865,399.4901,81.6856,0.0000,-0.0629,-0.0629,-0.0393,0.0000,0.0000,-0.0523,-0.0209,0.0000
0.1997,0.8536,1.0000,0.0277,-0.0809,399.5678,81.6405,0.0000,-0.0545,-0.0545,-0.0224,0.0000,0.0000,-0.0488,-0.0195,0.0000
0.2001,0.8507,1.0000,0.0316,-0.0809,399.6459,81.5743,0.0000,-0.0639,-0.0639,-0.0240,0.0000,0.0000,-0.0488,-0.0195,0.0000
0.1695,0.8907,1.0000,0.0254,-0.0809,399.7366,81.5243,0.0000,-0.0508,-0.0508,-0.0201,0.0000,0.0000,-0.0488,-0.0195,0.0000
0.0284,1.0157,1.0000,0.0220,-0.0809,399.8168,81.4802,0.0000,-0.0409,-0.0409,-0.0187,0.0000,0.0000,-0.0488,-0.0195,0.0000
-0.0173,1.0290,1.0000,0.0228,-0.0809,399.9133,81.4150,0.0000,-0.0390,-0.0390,-0.0201,0.0000,0.0000,-0.0488,-0.0195,0.0000
0.0817,0.9091,1.0000,0.0144,-0.0809,399.9877,81.3804,0.0000,-0.0206,-0.0206,-0.0152,0.0000,0.0000,-0.0488,-0.0195,0.0000
-0.1186,1.1544,1.0000,0.0100,-0.0769,400.0550,81.3290,0.0000,-0.0235,-0.0235,-0.0016,0.0000,0.0000,-0.0464,-0.0186,0.0000
0.0804,0.8186,1.0000,0.0016,-0.0769,400.1485,81.2642,0.0000,-0.0213,-0.0213,-0.0034,0.0000,0.0000,-0.0464,-0.0186,0.0000
0.2000,0.8390,1.0000,-0.0068,-0.0769,400.2219,81.2201,0.0000,-0.0123,-0.0123,0.0001,0.0000,0.0000,-0.0464,-0.0186,0.0000
0.0002,1.1281,1.0000,-0.0152,-0.1393,400.2819,81.1758,0.0000,-0.0119,-0.0119,0.0016,0.0000,0.0000,-0.0845,-0.0338,0.0000
0.1471,0.8503,1.0000,0.0000,-0.1393,400.3797,81.1314,0.0000,0.0092,0.0092,0.0005,0.0000,0.0000,-0.0845,-0.0338,0.0000
0.2000,0.7395,1.0000,0.0000,-0.1393,400.4596,81.0726,0.0000,0.0076,0.0076,-0.0026,0.0000,0.0000,-0.0845,-0.0338,0.0000
0.0001,1.0643,1.0000,-0.0084,-0.1393,400.5281,81.0362,0.0000,0.0195,0.0195,0.0000,0.0000,0.0000,-0.0845,-0.0338,0.0000
0.0160,0.9831,1.0000,-0.0168,-0.1393,400.5985,80.9819,0.0000,0.0158,0.0158,-0.0026,0.0000,0.0000,-0.0845,-0.0338,0.0000
0.2000,0.7713,1.0000,-0.0252,-0.1393,400.6827,80.9337,0.0000,0.0274,0.0274,-0.0007,0.0000,0.0000,-0.0845,-0.0338,0.0000
0.1706,0.8821,1.0000,-0.0168,-0.0722,400.7588,80.8768,0.0000,0.0313,0.0313,0.0716,0.0000,0.0000,-0.0436,-0.0174,0.0000
0.0824,0.9623,1.0000,-0.0252,-0.0722,400.8367,80.8294,0.0000,0.0493,0.0493,0.0731,0.0000,0.0000,-0.0436,-0.0174,0.0000
0.0788,0.9431,1.0000,-0.0336,-0.1376,400.9198,80.7687,0.0000,0.0542,0.0542,0.0687,0.0000,0.0000,-0.0834,-0.0333,0.0000
0.1165,0.9039,1.0000,-0.0420,-0.1376,401.0024,80.7167,0.0000,0.0675,0.0675,0.0702,0.0000,0.0000,-0.0834,-0.0333,0.0000
0.0097,1.0206,1.0000,-0.0503,-0.1376,401.0698,80.6939,0.0000,0.0967,0.0967,0.0678,0.0000,0.0000,-0.0834,-0.0333,0.0000
0.0333,0.9681,1.0000,-0.0587,-0.1376,401.1465,80.6272,0.0000,0.0922,0.0922,0.0644,0.0000,0.0000,-0.0834,-0.0333,0.0000
0.2000,0.7021,1.0000,-0.0671,-0.1376,401.2231,80.5679,0.0000,0.0868,0.0868,0.0600,0.0000,0.0000,-0.0834,-0.0333,0.0000
0.0431,1.0095,1.0000,-0.0665,-0.1286,401.2913,80.5411,0.0000,0.1199,0.1199,0.0689,0.0000,0.0000,-0.0779,-0.0311,0.0000
0.0497,0.9608,1.0000,-0.0749,-0.1286,401.3681,80.4768,0.0000,0.1173,0.1173,0.0631,0.0000,0.0000,-0.0779,-0.0311,0.0000
0.2000,0.7249,1.0000,-0.0833,-0.1286,401.4371,80.4138,0.0000,0.1058,0.1058,0.0581,0.0000,0.0000,-0.0779,-0.0311,0.0000
0.0575,0.9947,1.0000,-0.0917,-0.1438,401.5020,80.3510,0.0000,0.1068,0.1068,0.0541,0.0000,0.0000,-0.0872,-0.0349,0.0000
0.0841,0.9289,1.0000,-0.1001,-0.1438,401.5848,80.3020,0.0000,0.1201,0.1201,0.0493,0.0000,0.0000,-0.0872,-0.0349,0.0000
0.1997,0.8984,1.0000,-0.1085,-0.1438,401.6504,80.2698,0.0000,0.1369,0.1369,0.0467,0.0000,0.0000,-0.0872,-0.0349,0.0000
0.1018,0.9506,1.0000,-0.1169,-0.1438,401.7118,80.2169,0.0000,0.1352,0.1352,0.0396,0.0000,0.0000,-0.0872,-0.0349,0.0000
0.2000,0.7215,1.0000,-0.1252,-0.1438,401.7776,80.1662,0.0000,0.1335,0.1335,0.0339,0.0000,0.0000,-0.0872,-0.0349,0.0000
0.2000,0.8059,1.0000,-0.1168,-0.0657,401.8503,80.1137,0.0000,0.1412,0.1412,0.0967,0.0000,0.0000,-0.0396,-0.0158,0.0000
0.2000,0.8236,1.0000,-0.1252,-0.0657,401.9235,80.0685,0.0000,0.1591,0.1591,0.0903,0.0000,0.0000,-0.0396,-0.0158,0.0000
0.1803,0.8874,1.0000,-0.1336,-0.0657,401.9883,80.0177,0.0000,0.1690,0.1690,0.0839,0.0000,0.0000,-0.0396,-0.0158,0.0000
0.2000,0.8496,1.0000,-0.1419,-0.0657,402.0540,79.9558,0.0000,0.1675,0.1675,0.0780,0.0000,0.0000,-0.0396,-0.0158,0.0000
0.2001,0.8159,1.0000,-0.1503,-0.0657,402.1321,79.9050,0.0000,0.1827,0.1827,0.0714,0.0000,0.0000,-0.0396,-0.0158,0.0000
0.1748,0.8965,1.0000,-0.1587,-0.0657,402.2046,79.8426,0.0000,0.1892,0.1892,0.0639,0.0000,0.0000,-0.0396,-0.0158,0.0000
0.1244,0.9201,1.0000,-0.1671,-0.0657,402.2663,79.7825,0.0000,0.1877,0.1877,0.0566,0.0000,0.0000,-0.0396,-0.0158,0.0000
0.0845,0.9489,1.0000,-0.1755,-0.0657,402.3328,79.7217,0.0000,0.1886,0.1886,0.0486,0.0000,0.0000,-0.0396,-0.0158,0.0000
0.2000,0.8558,1.0000,-0.1839,-0.0857,402.3989,79.6655,0.0000,0.1917,0.1917,0.1113,0.0000,0.0000,-0.0517,-0.0207,0.0000
0.1633,0.8950,1.0000,-0.1923,-0.0857,402.4556,79.5983,0.0000,0.1886,0.1886,0.1021,0.0000,0.0000,-0.0517,-0.0207,0.0000
0.1998,0.8597,1.0000,-0.2007,-0.0857,402.5026,79.5434,0.0000,0.1821,0.1821,0.0924,0.0000,0.0000,-0.0517,-0.0207,0.0000
0.1931,0.8789,1.0000,-0.2091,-0.0857,402.5663,79.4954,0.0000,0.1951,0.1951,0.0821,0.0000,0.0000,-0.0517,-0.0207,0.0000
0.2000,0.7225,1.0000,-0.2174,-0.0857,402.6390,79.4391,0.0000,0.2024,0.2024,0.0699,0.0000,0.0000,-0.0517,-0.0207,0.0000
0.2000,0.7858,1.0000,-0.2258,-0.0857,402.6922,79.3636,0.0000,0.1909,0.1909,0.0587,0.0000,0.0000,-0.0517,-0.0207,0.0000
0.1573,0.9068,1.0000,-0.2342,-0.0857,402.7337,79.2916,0.0000,0.1729,0.1729,0.0462,0.0000,0.0000,-0.0517,-0.0207,0.0000
0.1210,0.9261,1.0000,-0.2426,-0.0985,402.8037,79.2247,0.0000,0.1764,0.1764,0.0547,0.0000,0.0000,-0.0595,-0.0238,0.0000
0.2000,0.8414,1.0000,-0.2483,-0.0985,402.8756,79.1416,0.0000,0.1707,0.1707,0.0414,0.0000,0.0000,-0.0595,-0.0238,0.0000
0.0974,0.9583,1.0000,-0.2399,-0.0985,402.9379,79.0716,0.0000,0.1697,0.1697,0.0275,0.0000,0.0000,-0.0595,-0.0238,0.0000
-0.0787,1.0943,1.0000,-0.2316,-0.0985,402.9961,79.0055,0.0000,0.1665,0.1665,0.0136,0.0000,0.0000,-0.0595,-0.0238,0.0000
0.0497,0.9312,1.0000,-0.2232,-0.0985,403.0570,78.9379,0.0000,0.1622,0.1622,-0.0010,0.0000,0.0000,-0.0595,-0.0238,0.0000
0.1740,0.8751,1.0000,-0.2148,-0.0985,403.0984,78.8432,0.0000,0.1274,0.1274,-0.0151,0.0000,0.0000,-0.0595,-0.0238,0.0000
0.1418,0.9025,1.0000,-0.2064,-0.0985,403.1441,78.7587,0.0000,0.1023,0.1023,-0.0286,0.0000,0.0000,-0.0595,-0.0238,0.0000
-0.0119,1.0456,1.0000,-0.2148,-0.1435,403.2034,78.6851,0.0000,0.0905,0.0905,-0.0638,0.0000,0.0000,-0.0870,-0.0348,0.0000
0.0273,0.9667,1.0000,-0.2064,-0.1435,403.2484,78.6058,0.0000,0.0688,0.0688,-0.0765,0.0000,0.0000,-0.0870,-0.0348,0.0000
0.0665,0.9380,1.0000,-0.1980,-0.1435,403.3075,78.5152,0.0000,0.0496,0.0496,-0.0884,0.0000,0.0000,-0.0870,-0.0348,0.0000
0.1005,0.9144,1.0000,-0.1896,-0.1435,403.3585,78.4463,0.0000,0.0383,0.0383,-0.1006,0.0000,0.0000,-0.0870,-0.0348,0.0000
-0.0579,1.0770,1.0000,-0.1812,-0.1435,403.4071,78.3714,0.0000,0.0117,0.0117,-0.1120,0.0000,0.0000,-0.0870,-0.0348,0.0000
0.1422,0.8510,1.0000,-0.1728,-0.1435,403.4447,78.2917,0.0000,-0.0045,-0.0045,-0.1234,0.0000,0.0000,-0.0870,-0.0348,0.0000
0.1937,0.8848,1.0000,-0.1644,-0.1435,403.4913,78.2186,0.0000,-0.0240,-0.0240,-0.1344,0.0000,0.0000,-0.0870,-0.0348,0.0000
0.1638,0.8848,1.0000,-0.1560,-0.1435,403.5391,78.1501,0.0000,-0.0372,-0.0372,-0.1442,0.0000,0.0000,-0.0870,-0.0348,0.0000
0.1622,0.8848,1.0000,-0.1476,-0.0731,403.5848,78.0733,0.0000,-0.0526,-0.0526,-0.0642,0.0000,0.0000,-0.0441,-0.0177,0.0000
0.2000,0.8276,1.0000,-0.1392,-0.0731,403.6294,77.9907,0.0000,-0.0667,-0.0667,-0.0730,0.0000,0.0000,-0.0441,-0.0177,0.0000
0.1630,0.8894,1.0000,-0.1308,-0.0731,403.6650,77.9133,0.0000,-0.0890,-0.0890,-0.0813,0.0000,0.0000,-0.0441,-0.0177,0.0000
0.1074,0.9346,1.0000,-0.1224,-0.0731,403.7006,77.8197,0.0000,-0.1205,-0.1205,-0.0894,0.0000,0.0000,-0.0441,-0.0177,0.0000
0.1873,0.8497,1.0000,-0.1140,-0.0731,403.7480,77.7264,0.0000,-0.1363,-0.1363,-0.0975,0.0000,0.0000,-0.0441,-0.0177,0.0000
0.0491,1.0007,1.0000,-0.1057,-0.0731,403.7932,77.6459,0.0000,-0.1577,-0.1577,-0.1047,0.0000,0.0000,-0.0441,-0.0177,0.0000
-0.0268,1.0414,1.0000,-0.1141,-0.1667,403.8429,77.5669,0.0000,-0.1678,-0.1678,-0.0717,0.0000,0.0000,-0.1014,-0.0405,0.0000
0.0725,0.9157,1.0000,-0.1057,-0.1667,403.8862,77.4864,0.0000,-0.1746,-0.1746,-0.0781,0.0000,0.0000,-0.1014,-0.0405,0.0000
0.1315,0.9245,1.0000,-0.0973,-0.1667,403.9244,77.4133,0.0000,-0.1860,-0.1860,-0.0837,0.0000,0.0000,-0.1014,-0.0405,0.0000
0.2004,0.8187,1.0000,-0.0889,-0.1667,403.9734,77.3359,0.0000,-0.1858,-0.1858,-0.0895,0.0000,0.0000,-0.1014,-0.0405,0.0000
0.2000,0.8187,1.0000,-0.0806,-0.1667,404.0215,77.2595,0.0000,-0.1902,-0.1902,-0.0948,0.0000,0.0000,-0.1014,-0.0405,0.0000
0.1448,0.9072,1.0000,-0.0722,-0.1667,404.0643,77.1785,0.0000,-0.2057,-0.2057,-0.1000,0.0000,0.0000,-0.1014,-0.0405,0.0000
0.1544,0.8935,1.0000,-0.0638,-0.1667,404.0990,77.1004,0.0000,-0.2215,-0.2215,-0.1051,0.0000,0.0000,-0.1014,-0.0405,0.0000
0.1471,0.9085,1.0000,-0.0554,-0.1667,404.1511,77.0127,0.0000,-0.2295,-0.2295,-0.1099,0.0000,0.0000,-0.1014,-0.0405,0.0000
0.2000,0.8501,1.0000,-0.0470,-0.1376,404.1962,76.9215,0.0000,-0.2403,-0.2403,-0.0717,0.0000,0.0000,-0.0834,-0.0333,0.0000
0.0428,1.0100,1.0000,-0.0387,-0.1376,404.2387,76.8364,0.0000,-0.2563,-0.2563,-0.0770,0.0000,0.0000,-0.0834,-0.0333,0.0000
0.0069,1.0085,1.0000,-0.0303,-0.0781,404.2788,76.7499,0.0000,-0.2685,-0.2685,-0.0809,0.0000,0.0000,-0.0472,-0.0189,0.0000
0.0540,0.9438,1.0000,-0.0219,-0.0781,404.3170,76.6659,0.0000,-0.2781,-0.2781,-0.0840,0.0000,0.0000,-0.0472,-0.0189,0.0000
0.0900,0.9455,1.0000,-0.0135,-0.0781,404.3611,76.6002,0.0000,-0.2742,-0.2742,-0.0838,0.0000,0.0000,-0.0472,-0.0189,0.0000
0.1771,0.9163,1.0000,-0.0051,-0.0781,404.4029,76.5163,0.0000,-0.2823,-0.2823,-0.0877,0.0000,0.0000,-0.0472,-0.0189,0.0000
0.2000,0.7841,1.0000,0.0033,-0.0781,404.4361,76.4225,0.0000,-0.2975,-0.2975,-0.0900,0.0000,0.0000,-0.0472,-0.0189,0.0000
0.1252,0.9295,1.0000,0.0117,-0.0781,404.4372,76.3821,0.0000,-0.3228,-0.3228,-0.0875,0.0000,0.0000,-0.0472,-0.0189,0.0000
0.0451,0.9881,1.0000,0.0201,-0.0781,404.5264,76.4486,0.0000,-0.2203,-0.2203,-0.0991,0.0000,0.0000,-0.0472,-0.0189,0.0000
0.2000,0.3961,1.0000,0.0285,-0.0781,404.5513,76.2228,0.0000,-0.2842,-0.2842,-0.0880,0.0000,0.0000,-0.0472,-0.0189,0.0000
0.0033,1.0468,1.0000,0.0201,-0.1136,404.5912,76.1333,0.0000,-0.3185,-0.3185,-0.0687,0.0000,0.0000,-0.0687,-0.0275,0.0000
-0.1967,2.2345,1.0000,0.0285,-0.0620,404.6303,76.0207,0.0000,-0.3384,-0.3384,0.0636,0.0000,0.0000,-0.0374,-0.0150,0.0000
-0.0239,0.9710,1.0000,0.0201,-0.1136,404.6872,75.9356,0.0000,-0.3309,-0.3309,-0.0660,0.0000,0.0000,-0.0687,-0.0275,0.0000
-0.2000,1.1828,1.0000,0.0285,0.0094,404.7457,75.8684,0.0000,-0.3200,-0.3200,0.0693,0.0000,0.0000,0.0057,0.0023,0.0000
-0.0728,1.0186,1.0000,0.0201,-0.1136,404.7856,75.8036,0.0000,-0.3124,-0.3124,-0.0634,0.0000,0.0000,-0.0687,-0.0275,0.0000
0.1113,0.8846,1.0000,0.0285,0.0094,404.8495,75.7173,0.0000,-0.2921,-0.2921,0.0691,0.0000,0.0000,0.0057,0.0023,0.0000
0.2000,0.7546,1.0000,0.0368,0.0094,404.9027,75.6562,0.0000,-0.2690,-0.2690,0.0737,0.0000,0.0000,0.0057,0.0023,0.0000
-0.0003,1.0626,1.0000,0.0284,-0.0620,404.9409,75.5963,0.0000,-0.2450,-0.2450,0.0741,0.0000,0.0000,-0.0374,-0.0150,0.0000
0.1998,0.8092,1.0000,0.0200,-0.0620,404.9858,75.5219,0.0000,-0.2400,-0.2400,0.0772,0.0000,0.0000,-0.0374,-0.0150,0.0000
0.2000,0.7048,1.0000,0.0116,-0.0620,405.0234,75.4662,0.0000,-0.2296,-0.2296,0.0799,0.0000,0.0000,-0.0374,-0.0150,0.0000
0.1907,0.8631,1.0000,0.0032,-0.0620,405.0778,75.3677,0.0000,-0.2112,-0.2112,0.0782,0.0000,0.0000,-0.0374,-0.0150,0.0000
0.2000,0.6680,1.0000,-0.0052,-0.0620,405.1086,75.3097,0.0000,-0.2114,-0.2114,0.0818,0.0000,0.0000,-0.0374,-0.0150,0.0000
-0.0000,1.1152,1.0000,-0.0136,-0.1216,405.1606,75.2257,0.0000,-0.1823,-0.1823,0.0159,0.0000,0.0000,-0.0736,-0.0294,0.0000
0.2000,0.6517,1.0000,-0.0052,-0.0620,405.1940,75.1413,0.0000,-0.1982,-0.1982,0.0794,0.0000,0.0000,-0.0374,-0.0150,0.0000
0.0749,0.9782,1.0000,-0.0136,-0.1216,405.2354,75.0595,0.0000,-0.1894,-0.1894,0.0157,0.0000,0.0000,-0.0736,-0.0294,0.0000
0.1999,0.9005,1.0000,-0.0220,-0.1548,405.2789,74.9728,0.0000,-0.1895,-0.1895,0.0148,0.0000,0.0000,-0.0940,-0.0376,0.0000
0.1432,0.9087,1.0000,-0.0304,-0.1548,405.3185,74.9105,0.0000,-0.1798,-0.1798,0.0179,0.0000,0.0000,-0.0940,-0.0376,0.0000
0.0753,0.9622,1.0000,-0.0387,-0.1548,405.3700,74.8276,0.0000,-0.1713,-0.1713,0.0143,0.0000,0.0000,-0.0940,-0.0376,0.0000
0.2000,0.7332,1.0000,-0.0471,-0.1548,405.4152,74.7361,0.0000,-0.1732,-0.1732,0.0126,0.0000,0.0000,-0.0940,-0.0376,0.0000
0.0880,0.9662,1.0000,-0.0528,-0.1548,405.4783,74.6533,0.0000,-0.1527,-0.1527,0.0101,0.0000,0.0000,-0.0940,-0.0376,0.0000
0.0128,1.0114,1.0000,-0.0444,-0.1049,405.5151,74.5775,0.0000,-0.1479,-0.1479,0.0628,0.0000,0.0000,-0.0634,-0.0254,0.0000
-0.0238,1.0306,1.0000,-0.0528,-0.1049,405.5576,74.4927,0.0000,-0.1434,-0.1434,0.0587,0.0000,0.0000,-0.0634,-0.0254,0.0000
0.1760,0.8354,1.0000,-0.0595,-0.1049,405.6062,74.4131,0.0000,-0.1368,-0.1368,0.0556,0.0000,0.0000,-0.0634,-0.0254,0.0000
0.1249,0.9399,1.0000,-0.0679,-0.1527,405.6489,74.3428,0.0000,-0.1227,-0.1227,0.0542,0.0000,0.0000,-0.0927,-0.0371,0.0000
0.1087,0.9242,1.0000,-0.0763,-0.1527,405.6884,74.2500,0.0000,-0.1252,-0.1252,0.0494,0.0000,0.0000,-0.0927,-0.0371,0.0000
0.1999,0.8143,1.0000,-0.0847,-0.1527,405.7388,74.1673,0.0000,-0.1153,-0.1153,0.0456,0.0000,0.0000,-0.0927,-0.0371,0.0000
0.0512,1.0012,1.0000,-0.0931,-0.1527,405.7848,74.1100,0.0000,-0.0921,-0.0921,0.0437,0.0000,0.0000,-0.0927,-0.0371,0.0000
0.0538,0.9590,1.0000,-0.0847,-0.0822,405.8193,74.0169,0.0000,-0.0977,-0.0977,0.1173,0.0000,0.0000,-0.0496,-0.0199,0.0000
0.2000,0.7265,1.0000,-0.0930,-0.0822,405.8607,73.9250,0.0000,-0.1027,-0.1027,0.1126,0.0000,0.0000,-0.0496,-0.0199,0.0000
0.0644,0.9880,1.0000,-0.1014,-0.0822,405.9032,73.8531,0.0000,-0.0730,-0.0730,0.1072,0.0000,0.0000,-0.0496,-0.0199,0.0000
0.0226,0.9989,1.0000,-0.1098,-0.1113,405.9341,73.7714,0.0000,-0.0713,-0.0713,0.1023,0.0000,0.0000,-0.0673,-0.0269,0.0000
0.1862,0.8262,1.0000,-0.1182,-0.1113,405.9715,73.6830,0.0000,-0.0742,-0.0742,0.0984,0.0000,0.0000,-0.0673,-0.0269,0.0000
0.2004,0.8679,1.0000,-0.1266,-0.1113,406.0111,73.6050,0.0000,-0.0618,-0.0618,0.0921,0.0000,0.0000,-0.0673,-0.0269,0.0000
0.1022,0.9521,1.0000,-0.1350,-0.1113,406.0547,73.5096,0.0000,-0.0496,-0.0496,0.0859,0.0000,0.0000,-0.0673,-0.0269,0.0000
0.2000,0.8664,1.0000,-0.1434,-0.1113,406.0906,73.4273,0.0000,-0.0482,-0.0482,0.0788,0.0000,0.0000,-0.0673,-0.0269,0.0000
0.0117,1.0393,1.0000,-0.1350,-0.0778,406.1252,73.3389,0.0000,-0.0360,-0.0360,0.1103,0.0000,0.0000,-0.0469,-0.0188,0.0000
0.1607,0.8913,1.0000,-0.1434,-0.0778,406.1545,73.2551,0.0000,-0.0425,-0.0425,0.1032,0.0000,0.0000,-0.0469,-0.0188,0.0000
0.1067,0.9423,1.0000,-0.1518,-0.1241,406.1823,73.1578,0.0000,-0.0442,-0.0442,0.0950,0.0000,0.0000,-0.0751,-0.0300,0.0000
0.1938,0.8831,1.0000,-0.1602,-0.1241,406.2241,73.0836,0.0000,-0.0302,-0.0302,0.0888,0.0000,0.0000,-0.0751,-0.0300,0.0000
0.0433,1.0074,1.0000,-0.1686,-0.1241,406.2516,73.0103,0.0000,-0.0225,-0.0225,0.0813,0.0000,0.0000,-0.0751,-0.0300,0.0000
0.2002,0.8411,1.0000,-0.1770,-0.1241,406.2583,72.9093,0.0000,-0.0546,-0.0546,0.0725,0.0000,0.0000,-0.0751,-0.0300,0.0000
0.2000,0.7772,1.0000,-0.1854,-0.1241,406.2893,72.8081,0.0000,-0.0592,-0.0592,0.0629,0.0000,0.0000,-0.0751,-0.0300,0.0000
0.0359,1.0169,1.0000,-0.1770,-0.0760,406.3144,72.7249,0.0000,-0.0531,-0.0531,0.1074,0.0000,0.0000,-0.0459,-0.0183,0.0000
-0.0366,1.0532,1.0000,-0.1854,-0.0760,406.3297,72.6475,0.0000,-0.0594,-0.0594,0.0964,0.0000,0.0000,-0.0459,-0.0183,0.0000
0.1436,0.8649,1.0000,-0.1937,-0.0760,406.3562,72.5490,0.0000,-0.0696,-0.0696,0.0854,0.0000,0.0000,-0.0459,-0.0183,0.0000
0.2000,0.7912,1.0000,-0.1934,-0.0760,406.3817,72.4490,0.0000,-0.0742,-0.0742,0.0763,0.0000,0.0000,-0.0459,-0.0183,0.0000
0.0356,1.0166,1.0000,-0.2018,-0.1389,406.4038,72.3752,0.0000,-0.0668,-0.0668,0.0645,0.0000,0.0000,-0.0842,-0.0337,0.0000
-0.0178,1.0261,1.0000,-0.1935,-0.1389,406.4299,72.2968,0.0000,-0.0649,-0.0649,0.0524,0.0000,0.0000,-0.0842,-0.0337,0.0000
0.1821,0.7665,1.0000,-0.1851,-0.1389,406.4517,72.1967,0.0000,-0.0774,-0.0774,0.0411,0.0000,0.0000,-0.0842,-0.0337,0.0000
0.2000,0.8193,1.0000,-0.1767,-0.1389,406.4790,72.1081,0.0000,-0.0749,-0.0749,0.0285,0.0000,0.0000,-0.0842,-0.0337,0.0000
0.0453,1.0210,1.0000,-0.1683,-0.1099,406.5051,71.9991,0.0000,-0.0737,-0.0737,0.0504,0.0000,0.0000,-0.0665,-0.0266,0.0000
0.1530,0.9192,1.0000,-0.1599,-0.1099,406.5285,71.9028,0.0000,-0.0771,-0.0771,0.0392,0.0000,0.0000,-0.0665,-0.0266,0.0000
-0.0467,1.1132,1.0000,-0.1683,-0.1334,406.5558,71.8162,0.0000,-0.0693,-0.0693,0.0285,0.0000,0.0000,-0.0808,-0.0323,0.0000
-0.0016,0.9844,1.0000,-0.1600,-0.1334,406.5750,71.7316,0.0000,-0.0734,-0.0734,0.0186,0.0000,0.0000,-0.0808,-0.0323,0.0000
0.1213,0.8979,1.0000,-0.1516,-0.1334,406.5946,71.6432,0.0000,-0.0759,-0.0759,0.0102,0.0000,0.0000,-0.0808,-0.0323,0.0000
0.1986,0.8607,1.0000,-0.1432,-0.1334,406.6131,71.5513,0.0000,-0.0802,-0.0802,-0.0002,0.0000,0.0000,-0.0808,-0.0323,0.0000
0.1641,0.8985,1.0000,-0.1348,-0.1334,406.6377,71.4578,0.0000,-0.0784,-0.0784,-0.0098,0.0000,0.0000,-0.0808,-0.0323,0.0000
0.1534,0.9307,1.0000,-0.1264,-0.0872,406.6489,71.3622,0.0000,-0.0899,-0.0899,0.0349,0.0000,0.0000,-0.0526,-0.0211,0.0000
0.0838,0.9563,1.0000,-0.1180,-0.0872,406.6646,71.2606,0.0000,-0.0920,-0.0920,0.0273,0.0000,0.0000,-0.0526,-0.0211,0.0000
0.0667,0.9582,1.0000,-0.1096,-0.0872,406.6778,71.1697,0.0000,-0.0955,-0.0955,0.0194,0.0000,0.0000,-0.0526,-0.0211,0.0000
0.0004,1.0210,1.0000,-0.1180,-0.1340,406.6928,71.0776,0.0000,-0.0964,-0.0964,0.0125,0.0000,0.0000,-0.0812,-0.0325,0.0000
0.1087,0.9121,1.0000,-0.1096,-0.1340,406.7008,70.9827,0.0000,-0.1058,-0.1058,0.0056,0.0000,0.0000,-0.0812,-0.0325,0.0000
0.1040,0.9257,1.0000,-0.1012,-0.1340,406.7251,70.8744,0.0000,-0.1000,-0.1000,-0.0010,0.0000,0.0000,-0.0812,-0.0325,0.0000
0.0823,0.9469,1.0000,-0.0928,-0.1340,406.7388,70.7828,0.0000,-0.1025,-0.1025,-0.0076,0.0000,0.0000,-0.0812,-0.0325,0.0000
-0.0819,1.0981,1.0000,-0.0844,-0.0711,406.7465,70.6759,0.0000,-0.1084,-0.1084,0.0559,0.0000,0.0000,-0.0429,-0.0172,0.0000
0.1181,0.9186,1.0000,-0.0760,-0.0711,406.7554,70.5823,0.0000,-0.1141,-0.1141,0.0495,0.0000,0.0000,-0.0429,-0.0172,0.0000
-0.0614,1.0653,1.0000,-0.0676,-0.0579,406.7619,70.4800,0.0000,-0.1130,-0.1130,0.0463,0.0000,0.0000,-0.0349,-0.0140,0.0000
0.0562,0.9333,1.0000,-0.0592,-0.0579,406.7682,70.3944,0.0000,-0.1191,-0.1191,0.0393,0.0000,0.0000,-0.0349,-0.0140,0.0000
0.0029,1.0174,1.0000,-0.0508,-0.0579,406.7800,70.2994,0.0000,-0.1151,-0.1151,0.0341,0.0000,0.0000,-0.0349,-0.0140,0.0000
0.1425,0.8534,1.0000,-0.0424,-0.0579,406.7813,70.2022,0.0000,-0.1256,-0.1256,0.0291,0.0000,0.0000,-0.0349,-0.0140,0.0000
0.0881,0.9489,1.0000,-0.0340,-0.0579,406.7945,70.1123,0.0000,-0.1192,-0.1192,0.0255,0.0000,0.0000,-0.0349,-0.0140,0.0000
0.0930,0.9663,1.0000,-0.0256,-0.0342,406.8050,70.0225,0.0000,-0.1165,-0.1165,0.0484,0.0000,0.0000,-0.0206,-0.0082,0.0000
0.1998,0.9002,1.0000,-0.0175,-0.0342,406.8163,69.9286,0.0000,-0.1123,-0.1123,0.0455,0.0000,0.0000,-0.0206,-0.0082,0.0000
0.2001,0.8964,1.0000,-0.0095,-0.0342,406.8206,69.8456,0.0000,-0.1130,-0.1130,0.0428,0.0000,0.0000,-0.0206,-0.0082,0.0000
0.1992,0.9365,1.0000,-0.0179,-0.1234,406.8344,69.7491,0.0000,-0.1035,-0.1035,0.0410,0.0000,0.0000,-0.0747,-0.0299,0.0000
0.2000,0.8252,1.0000,-0.0263,-0.1234,406.8430,69.6561,0.0000,-0.1020,-0.1020,0.0394,0.0000,0.0000,-0.0747,-0.0299,0.0000
0.0895,0.9656,1.0000,-0.0346,-0.1234,406.8477,69.5551,0.0000,-0.0996,-0.0996,0.0383,0.0000,0.0000,-0.0747,-0.0299,0.0000
0.1284,0.9261,1.0000,-0.0430,-0.1234,406.8667,69.4789,0.0000,-0.0843,-0.0843,0.0395,0.0000,0.0000,-0.0747,-0.0299,0.0000
0.0311,1.0025,1.0000,-0.0514,-0.1234,406.8844,69.3788,0.0000,-0.0711,-0.0711,0.0362,0.0000,0.0000,-0.0747,-0.0299,0.0000
0.2000,0.7793,1.0000,-0.0598,-0.1234,406.8954,69.2748,0.0000,-0.0695,-0.0695,0.0346,0.0000,0.0000,-0.0747,-0.0299,0.0000
0.0456,1.0072,1.0000,-0.0514,-0.0764,406.9037,69.1874,0.0000,-0.0549,-0.0549,0.0852,0.0000,0.0000,-0.0461,-0.0184,0.0000
-0.0178,1.0361,1.0000,-0.0430,-0.0587,406.9060,69.1034,0.0000,-0.0517,-0.0517,0.0828,0.0000,0.0000,-0.0354,-0.0142,0.0000
0.1221,0.8706,1.0000,-0.0514,-0.0587,406.9077,69.0146,0.0000,-0.0580,-0.0580,0.0783,0.0000,0.0000,-0.0354,-0.0142,0.0000
0.2000,0.8335,1.0000,-0.0598,-0.0587,406.9069,68.9186,0.0000,-0.0602,-0.0602,0.0761,0.0000,0.0000,-0.0354,-0.0142,0.0000
0.1712,0.8815,1.0000,-0.0682,-0.0587,406.9113,68.8505,0.0000,-0.0541,-0.0541,0.0742,0.0000,0.0000,-0.0354,-0.0142,0.0000
0.0920,0.9529,1.0000,-0.0766,-0.0587,406.9090,68.7563,0.0000,-0.0548,-0.0548,0.0702,0.0000,0.0000,-0.0354,-0.0142,0.0000
0.2000,0.6765,1.0000,-0.0850,-0.0587,406.9111,68.6643,0.0000,-0.0625,-0.0625,0.0670,0.0000,0.0000,-0.0354,-0.0142,0.0000
0.1180,0.9362,1.0000,-0.0934,-0.0719,406.9157,68.5856,0.0000,-0.0506,-0.0506,0.0483,0.0000,0.0000,-0.0434,-0.0173,0.0000
0.1214,0.9137,1.0000,-0.1018,-0.0719,406.9251,68.5021,0.0000,-0.0438,-0.0438,0.0444,0.0000,0.0000,-0.0434,-0.0173,0.0000
0.2000,0.7814,1.0000,-0.1054,-0.0719,406.9279,68.4167,0.0000,-0.0462,-0.0462,0.0399,0.0000,0.0000,-0.0434,-0.0173,0.0000
0.2003,0.8318,1.0000,-0.0970,-0.0719,406.9262,68.3356,0.0000,-0.0493,-0.0493,0.0350,0.0000,0.0000,-0.0434,-0.0173,0.0000
0.2000,0.8480,1.0000,-0.1054,-0.1296,406.9239,68.2503,0.0000,-0.0540,-0.0540,0.0296,0.0000,0.0000,-0.0785,-0.0314,0.0000
0.2000,0.8060,1.0000,-0.1085,-0.1296,406.9105,68.1727,0.0000,-0.0705,-0.0705,0.0243,0.0000,0.0000,-0.0785,-0.0314,0.0000
0.2004,0.8483,1.0000,-0.1001,-0.1296,406.9237,68.0756,0.0000,-0.0595,-0.0595,0.0189,0.0000,0.0000,-0.0785,-0.0314,0.0000
0.2000,0.7867,1.0000,-0.1017,-0.1296,406.9344,67.9997,0.0000,-0.0522,-0.0522,0.0125,0.0000,0.0000,-0.0785,-0.0314,0.0000
0.0854,0.9692,1.0000,-0.0933,-0.0405,406.9170,67.8960,0.0000,-0.0650,-0.0650,0.1023,0.0000,0.0000,-0.0244,-0.0098,0.0000
0.2000,0.7566,1.0000,-0.1017,-0.0405,406.9327,67.8147,0.0000,-0.0549,-0.0549,0.0967,0.0000,0.0000,-0.0244,-0.0098,0.0000
0.0062,1.0478,1.0000,-0.1101,-0.0508,406.9416,67.7295,0.0000,-0.0270,-0.0270,0.0917,0.0000,0.0000,-0.0306,-0.0122,0.0000
0.2001,0.8153,1.0000,-0.1185,-0.0508,406.9321,67.6321,0.0000,-0.0403,-0.0403,0.0865,0.0000,0.0000,-0.0306,-0.0122,0.0000
0.2000,0.8483,1.0000,-0.1269,-0.0508,406.9277,67.5384,0.0000,-0.0374,-0.0374,0.0805,0.0000,0.0000,-0.0306,-0.0122,0.0000
0.0800,0.9727,1.0000,-0.1353,-0.0508,406.9175,67.4341,0.0000,-0.0359,-0.0359,0.0748,0.0000,0.0000,-0.0306,-0.0122,0.0000
-0.0206,1.0418,1.0000,-0.1437,-0.0508,406.9152,67.3326,0.0000,-0.0298,-0.0298,0.0683,0.0000,0.0000,-0.0306,-0.0122,0.0000
-0.0597,1.0418,1.0000,-0.1521,-0.0891,406.9095,67.2472,0.0000,-0.0329,-0.0329,0.0415,0.0000,0.0000,-0.0538,-0.0215,0.0000
-0.0267,1.0068,1.0000,-0.1437,-0.0891,406.9024,67.1589,0.0000,-0.0383,-0.0383,0.0341,0.0000,0.0000,-0.0538,-0.0215,0.0000
0.1544,0.8501,1.0000,-0.1353,-0.0891,406.8916,67.0739,0.0000,-0.0489,-0.0489,0.0266,0.0000,0.0000,-0.0538,-0.0215,0.0000
0.1920,0.8816,1.0000,-0.1269,-0.0891,406.8860,66.9787,0.0000,-0.0510,-0.0510,0.0183,0.0000,0.0000,-0.0538,-0.0215,0.0000
0.2000,0.8535,1.0000,-0.1185,-0.0891,406.8843,66.8832,0.0000,-0.0496,-0.0496,0.0103,0.0000,0.0000,-0.0538,-0.0215,0.0000
0.1055,0.9468,1.0000,-0.1101,-0.0891,406.8733,66.7941,0.0000,-0.0571,-0.0571,0.0034,0.0000,0.0000,-0.0538,-0.0215,0.0000
0.0832,0.9462,1.0000,-0.1017,-0.0891,406.8676,66.7062,0.0000,-0.0600,-0.0600,-0.0037,0.0000,0.0000,-0.0538,-0.0215,0.0000
0.1998,0.8928,1.0000,-0.0933,-0.0891,406.8511,66.5989,0.0000,-0.0719,-0.0719,-0.0106,0.0000,0.0000,-0.0538,-0.0215,0.0000
0.2010,0.8739,1.0000,-0.0911,-0.0858,406.8380,66.5151,0.0000,-0.0808,-0.0808,0.0495,0.0000,0.0000,-0.0518,-0.0207,0.0000
0.0012,1.0789,1.0000,-0.0828,-0.0858,406.8285,66.4293,0.0000,-0.0764,-0.0764,0.0440,0.0000,0.0000,-0.0518,-0.0207,0.0000
0.2006,0.8441,1.0000,-0.0747,-0.0858,406.8095,66.3323,0.0000,-0.0894,-0.0894,0.0387,0.0000,0.0000,-0.0518,-0.0207,0.0000
0.2004,0.8563,1.0000,-0.0670,-0.0858,406.7918,66.2255,0.0000,-0.0943,-0.0943,0.0334,0.0000,0.0000,-0.0518,-0.0207,0.0000
0.0867,0.9828,1.0000,-0.0586,-0.0858,406.7777,66.1168,0.0000,-0.0938,-0.0938,0.0285,0.0000,0.0000,-0.0518,-0.0207,0.0000
-0.0626,1.0752,1.0000,-0.0505,-0.0858,406.7638,66.0174,0.0000,-0.0954,-0.0954,0.0235,0.0000,0.0000,-0.0518,-0.0207,0.0000
-0.1684,1.0869,1.0000,-0.0421,-0.0820,406.7445,65.9135,0.0000,-0.1019,-0.1019,0.0343,0.0000,0.0000,-0.0495,-0.0198,0.0000
-0.0623,0.9973,1.0000,-0.0342,-0.0820,406.7363,65.8098,0.0000,-0.0981,-0.0981,0.0298,0.0000,0.0000,-0.0495,-0.0198,0.0000
-0.0673,1.0482,1.0000,-0.0258,-0.0820,406.7239,65.7227,0.0000,-0.0983,-0.0983,0.0261,0.0000,0.0000,-0.0495,-0.0198,0.0000
-0.0505,1.0310,1.0000,-0.0174,-0.0820,406.7005,65.6231,0.0000,-0.1081,-0.1081,0.0233,0.0000,0.0000,-0.0495,-0.0198,0.0000
0.1297,0.8727,1.0000,-0.0090,-0.0820,406.6772,65.5236,0.0000,-0.1190,-0.1190,0.0207,0.0000,0.0000,-0.0495,-0.0198,0.0000
0.0169,1.0161,1.0000,-0.0006,-0.0819,406.6649,65.4269,0.0000,-0.1160,-0.1160,0.0187,0.0000,0.0000,-0.0495,-0.0198,0.0000
-0.0075,1.0143,1.0000,0.0056,-0.0819,406.6571,65.3307,0.0000,-0.1100,-0.1100,0.0171,0.0000,0.0000,-0.0495,-0.0198,0.0000
0.0283,0.9666,1.0000,0.0075,-0.0819,406.6441,65.2438,0.0000,-0.1111,-0.1111,0.0150,0.0000,0.0000,-0.0495,-0.0198,0.0000
0.0491,0.9566,1.0000,0.0159,-0.0613,406.6421,65.1535,0.0000,-0.0987,-0.0987,0.0452,0.0000,0.0000,-0.0370,-0.0148,0.0000
0.1883,0.8709,1.0000,0.0075,-0.0613,406.6284,65.0602,0.0000,-0.0967,-0.0967,0.0461,0.0000,0.0000,-0.0370,-0.0148,0.0000
0.1517,0.8957,1.0000,-0.0009,-0.0613,406.6050,64.9684,0.0000,-0.1025,-0.1025,0.0460,0.0000,0.0000,-0.0370,-0.0148,0.0000
0.1041,0.9352,1.0000,-0.0093,-0.0613,406.5913,64.8757,0.0000,-0.0977,-0.0977,0.0471,0.0000,0.0000,-0.0370,-0.0148,0.0000
0.0906,0.9384,1.0000,-0.0177,-0.0613,406.5828,64.7734,0.0000,-0.0870,-0.0870,0.0479,0.0000,0.0000,-0.0370,-0.0148,0.0000
0.0995,0.9296,1.0000,-0.0261,-0.1476,406.5754,64.6851,0.0000,-0.0785,-0.0785,0.0477,0.0000,0.0000,-0.0896,-0.0358,0.0000
0.0085,1.0180,1.0000,-0.0345,-0.1476,406.5706,64.5773,0.0000,-0.0614,-0.0614,0.0480,0.0000,0.0000,-0.0896,-0.0358,0.0000
0.1616,0.8779,1.0000,-0.0429,-0.1476,406.5715,64.4850,0.0000,-0.0477,-0.0477,0.0464,0.0000,0.0000,-0.0896,-0.0358,0.0000
-0.0337,1.0705,1.0000,-0.0345,-0.0934,406.5587,64.3931,0.0000,-0.0308,-0.0308,0.1077,0.0000,0.0000,-0.0565,-0.0226,0.0000
0.0777,0.9140,1.0000,-0.0429,-0.0934,406.5480,64.3043,0.0000,-0.0292,-0.0292,0.1053,0.0000,0.0000,-0.0565,-0.0226,0.0000
0.0992,0.9194,1.0000,-0.0513,-0.0934,406.5337,64.2128,0.0000,-0.0210,-0.0210,0.1044,0.0000,0.0000,-0.0565,-0.0226,0.0000
0.2000,0.8873,1.0000,-0.0597,-0.0934,406.5303,64.1257,0.0000,-0.0063,-0.0063,0.1012,0.0000,0.0000,-0.0565,-0.0226,0.0000
0.1422,0.9175,1.0000,-0.0681,-0.0934,406.5154,64.0626,0.0000,-0.0056,-0.0056,0.0974,0.0000,0.0000,-0.0565,-0.0226,0.0000
0.2001,0.8628,1.0000,-0.0597,-0.0720,406.4965,63.9659,0.0000,-0.0046,-0.0046,0.0941,0.0000,0.0000,-0.0435,-0.0174,0.0000
0.2000,0.6447,1.0000,-0.0681,-0.0934,406.4840,63.8724,0.0000,-0.0057,-0.0057,0.0894,0.0000,0.0000,-0.0565,-0.0226,0.0000
0.0792,0.9776,1.0000,-0.0597,-0.0656,406.4675,63.7875,0.0000,0.0118,0.0118,0.1043,0.0000,0.0000,-0.0396,-0.0158,0.0000
0.0968,0.9358,1.0000,-0.0681,-0.0656,406.4365,63.6998,0.0000,0.0012,0.0012,0.1012,0.0000,0.0000,-0.0396,-0.0158,0.0000
0.1997,0.8582,1.0000,-0.0765,-0.0656,406.4197,63.6181,0.0000,0.0003,0.0003,0.0965,0.0000,0.0000,-0.0396,-0.0158,0.0000
0.1266,0.9252,1.0000,-0.0849,-0.0656,406.3911,63.5162,0.0000,0.0008,0.0008,0.0926,0.0000,0.0000,-0.0396,-0.0158,0.0000
0.1999,0.8283,1.0000,-0.0933,-0.0656,406.3744,63.4107,0.0000,0.0061,0.0061,0.0886,0.0000,0.0000,-0.0396,-0.0158,0.0000
-0.0002,1.0511,1.0000,-0.1017,-0.0656,406.3568,63.3114,0.0000,0.0225,0.0225,0.0838,0.0000,0.0000,-0.0396,-0.0158,0.0000
-0.0672,1.0583,1.0000,-0.1101,-0.0656,406.3412,63.2182,0.0000,0.0290,0.0290,0.0781,0.0000,0.0000,-0.0396,-0.0158,0.0000
-0.0225,1.0001,1.0000,-0.1185,-0.0752,406.3166,63.1180,0.0000,0.0268,0.0268,0.0730,0.0000,0.0000,-0.0454,-0.0182,0.0000
0.0503,0.9367,1.0000,-0.1269,-0.0752,406.2945,63.0306,0.0000,0.0229,0.0229,0.0666,0.0000,0.0000,-0.0454,-0.0182,0.0000
-0.0059,1.0249,1.0000,-0.1353,-0.0752,406.2782,62.9530,0.0000,0.0276,0.0276,0.0612,0.0000,0.0000,-0.0454,-0.0182,0.0000
0.1668,0.8960,1.0000,-0.1437,-0.0752,406.2568,62.8545,0.0000,0.0263,0.0263,0.0557,0.0000,0.0000,-0.0454,-0.0182,0.0000
0.2000,0.7867,1.0000,-0.1521,-0.0752,406.2410,62.7726,0.0000,0.0266,0.0266,0.0487,0.0000,0.0000,-0.0454,-0.0182,0.0000
0.0522,0.9999,1.0000,-0.1605,-0.0752,406.2153,62.6910,0.0000,0.0243,0.0243,0.0407,0.0000,0.0000,-0.0454,-0.0182,0.0000
0.1999,0.8271,1.0000,-0.1689,-0.0752,406.1898,62.6001,0.0000,0.0167,0.0167,0.0328,0.0000,0.0000,-0.0454,-0.0182,0.0000
0.1997,0.8526,1.0000,-0.1735,-0.0752,406.1689,62.5253,0.0000,0.0131,0.0131,0.0249,0.0000,0.0000,-0.0454,-0.0182,0.0000
0.1178,0.9383,1.0000,-0.1651,-0.0752,406.1360,62.4514,0.0000,-0.0024,-0.0024,0.0161,0.0000,0.0000,-0.0454,-0.0182,0.0000
0.2000,0.7730,1.0000,-0.1567,-0.0752,406.0892,62.3640,0.0000,-0.0303,-0.0303,0.0052,0.0000,0.0000,-0.0454,-0.0182,0.0000
0.2000,0.8106,1.0000,-0.1651,-0.0965,406.0448,62.2667,0.0000,-0.0415,-0.0415,0.0927,0.0000,0.0000,-0.0583,-0.0233,0.0000
0.0563,0.9967,1.0000,-0.1734,-0.0965,406.0279,62.1976,0.0000,-0.0277,-0.0277,0.0859,0.0000,0.0000,-0.0583,-0.0233,0.0000
-0.0542,1.0700,1.0000,-0.1818,-0.0965,406.0005,62.1272,0.0000,-0.0305,-0.0305,0.0760,0.0000,0.0000,-0.0583,-0.0233,0.0000
0.1458,0.7047,1.0000,-0.1902,-0.0965,405.9750,62.0277,0.0000,-0.0358,-0.0358,0.0680,0.0000,0.0000,-0.0583,-0.0233,0.0000
0.2000,0.7545,1.0000,-0.1985,-0.0965,405.9386,61.9262,0.0000,-0.0363,-0.0363,0.0570,0.0000,0.0000,-0.0583,-0.0233,0.0000
0.0335,1.0182,1.0000,-0.1903,-0.0965,405.8997,61.8289,0.0000,-0.0377,-0.0377,0.0434,0.0000,0.0000,-0.0583,-0.0233,0.0000
-0.0589,1.0723,1.0000,-0.1819,0.0016,405.8664,61.7402,0.0000,-0.0441,-0.0441,0.0043,0.0000,0.0000,0.0009,0.0004,0.0000
-0.0605,1.0456,1.0000,-0.1735,0.0016,405.8313,61.6504,0.0000,-0.0548,-0.0548,-0.0085,0.0000,0.0000,0.0009,0.0004,0.0000
0.0432,0.9420,1.0000,-0.1651,0.0016,405.7895,61.5905,0.0000,-0.0799,-0.0799,-0.0202,0.0000,0.0000,0.0009,0.0004,0.0000
0.0503,0.9604,1.0000,-0.1567,0.0016,405.7579,61.4971,0.0000,-0.0849,-0.0849,-0.0312,0.0000,0.0000,0.0009,0.0004,0.0000
0.2000,0.7406,1.0000,-0.1483,0.0016,405.7225,61.4219,0.0000,-0.0935,-0.0935,-0.0391,0.0000,0.0000,0.0009,0.0004,0.0000
0.0747,0.9779,1.0000,-0.1399,0.0016,405.7027,61.3385,0.0000,-0.0939,-0.0939,-0.0477,0.0000,0.0000,0.0009,0.0004,0.0000
0.1906,0.8282,1.0000,-0.1315,0.0016,405.6643,61.2580,0.0000,-0.1052,-0.1052,-0.0590,0.0000,0.0000,0.0009,0.0004,0.0000
0.2000,0.8448,1.0000,-0.1231,0.0016,405.6200,61.1567,0.0000,-0.1185,-0.1185,-0.0683,0.0000,0.0000,0.0009,0.0004,0.0000
0.1628,0.8896,1.0000,-0.1147,0.0111,405.5742,61.0612,0.0000,-0.1339,-0.1339,-0.0601,0.0000,0.0000,0.0067,0.0027,0.0000
-0.0373,1.0973,1.0000,-0.1231,-0.1229,405.5337,60.9851,0.0000,-0.1560,-0.1560,-0.0665,0.0000,0.0000,-0.0744,-0.0297,0.0000
-0.0597,1.0516,1.0000,-0.1148,-0.1229,405.4949,60.8878,0.0000,-0.1610,-0.1610,-0.0720,0.0000,0.0000,-0.0744,-0.0297,0.0000
0.1401,0.8581,1.0000,-0.1065,-0.1229,405.4449,60.8033,0.0000,-0.1749,-0.1749,-0.0775,0.0000,0.0000,-0.0744,-0.0297,0.0000
-0.0040,1.0378,1.0000,-0.0981,-0.1229,405.3998,60.7189,0.0000,-0.1993,-0.1993,-0.0843,0.0000,0.0000,-0.0744,-0.0297,0.0000
0.0216,0.9771,1.0000,-0.0897,-0.1229,405.3640,60.6196,0.0000,-0.1995,-0.1995,-0.0898,0.0000,0.0000,-0.0744,-0.0297,0.0000
0.0512,0.9520,1.0000,-0.0813,-0.1229,405.3269,60.5342,0.0000,-0.2073,-0.2073,-0.0958,0.0000,0.0000,-0.0744,-0.0297,0.0000
-0.0263,1.0441,1.0000,-0.0729,-0.0147,405.2730,60.4575,0.0000,-0.2272,-0.2272,0.0142,0.0000,0.0000,-0.0089,-0.0036,0.0000
0.0653,0.9231,1.0000,-0.0646,-0.0147,405.2289,60.3910,0.0000,-0.2388,-0.2388,0.0119,0.0000,0.0000,-0.0089,-0.0036,0.0000
0.0761,0.9374,1.0000,-0.0562,-0.0109,405.1801,60.3052,0.0000,-0.2459,-0.2459,0.0078,0.0000,0.0000,-0.0066,-0.0026,0.0000
0.2000,0.7933,1.0000,-0.0478,-0.0109,405.1459,60.2293,0.0000,-0.2449,-0.2449,0.0033,0.0000,0.0000,-0.0066,-0.0026,0.0000
0.0732,0.9795,1.0000,-0.0394,-0.0109,405.1087,60.1525,0.0000,-0.2456,-0.2456,-0.0008,0.0000,0.0000,-0.0066,-0.0026,0.0000
0.2000,0.8249,1.0000,-0.0310,-0.0109,405.0659,60.0722,0.0000,-0.2494,-0.2494,-0.0048,0.0000,0.0000,-0.0066,-0.0026,0.0000
0.2000,0.8463,1.0000,-0.0226,-0.0109,405.0281,59.9997,0.0000,-0.2523,-0.2523,-0.0081,0.0000,0.0000,-0.0066,-0.0026,0.0000
0.1447,0.9024,1.0000,-0.0142,-0.0109,404.9843,59.9121,0.0000,-0.2555,-0.2555,-0.0112,0.0000,0.0000,-0.0066,-0.0026,0.0000
0.2000,0.8113,1.0000,-0.0226,-0.1301,404.9418,59.8274,0.0000,-0.2624,-0.2624,-0.1409,0.0000,0.0000,-0.0788,-0.0315,0.0000
0.0838,0.9707,1.0000,-0.0142,-0.1301,404.8945,59.7420,0.0000,-0.2908,-0.2908,-0.1426,0.0000,0.0000,-0.0788,-0.0315,0.0000
0.0846,0.9396,1.0000,-0.0226,-0.1697,404.8504,59.6337,0.0000,-0.2958,-0.2958,-0.1454,0.0000,0.0000,-0.1032,-0.0413,0.0000
0.0575,0.9679,1.0000,-0.0142,-0.1697,404.8059,59.5573,0.0000,-0.3147,-0.3147,-0.1457,0.0000,0.0000,-0.1032,-0.0413,0.0000
-0.1427,1.1580,1.0000,-0.0058,-0.1697,404.7653,59.4674,0.0000,-0.3376,-0.3376,-0.1464,0.0000,0.0000,-0.1032,-0.0413,0.0000
0.0572,0.8770,1.0000,0.0025,-0.1697,404.7156,59.3814,0.0000,-0.3366,-0.3366,-0.1483,0.0000,0.0000,-0.1032,-0.0413,0.0000
0.0402,0.9772,1.0000,0.0109,-0.0367,404.6694,59.2982,0.0000,-0.3511,-0.3511,-0.0012,0.0000,0.0000,-0.0221,-0.0088,0.0000
0.0275,0.9860,1.0000,0.0193,-0.0367,404.6200,59.2204,0.0000,-0.3592,-0.3592,-0.0022,0.0000,0.0000,-0.0221,-0.0088,0.0000
0.1200,0.9427,1.0000,0.0109,-0.0604,404.5650,59.1334,0.0000,-0.3675,-0.3675,-0.0025,0.0000,0.0000,-0.0364,-0.0146,0.0000
0.1166,0.9153,1.0000,0.0193,-0.0604,404.5180,59.0430,0.0000,-0.3669,-0.3669,-0.0024,0.0000,0.0000,-0.0364,-0.0146,0.0000
0.0093,1.0197,1.0000,0.0277,-0.0604,404.4731,58.9425,0.0000,-0.3597,-0.3597,-0.0020,0.0000,0.0000,-0.0364,-0.0146,0.0000
-0.0034,1.0104,1.0000,0.0359,-0.0604,404.4399,58.8550,0.0000,-0.3483,-0.3483,-0.0017,0.0000,0.0000,-0.0364,-0.0146,0.0000
-0.1177,1.0915,1.0000,0.0405,-0.0642,404.3962,58.7696,0.0000,-0.3469,-0.3469,-0.0050,0.0000,0.0000,-0.0387,-0.0155,0.0000
0.0460,0.9284,1.0000,0.0489,-0.0642,404.3518,58.6788,0.0000,-0.3431,-0.3431,-0.0032,0.0000,0.0000,-0.0387,-0.0155,0.0000
0.1173,0.9504,1.0000,0.0573,-0.0642,404.3026,58.5868,0.0000,-0.3437,-0.3437,-0.0018,0.0000,0.0000,-0.0387,-0.0155,0.0000
0.0312,1.0019,1.0000,0.0657,-0.0642,404.2550,58.4960,0.0000,-0.3426,-0.3426,0.0010,0.0000,0.0000,-0.0387,-0.0155,0.0000
-0.0219,1.0354,1.0000,0.0740,-0.0642,404.2266,58.4136,0.0000,-0.3284,-0.3284,0.0037,0.0000,0.0000,-0.0387,-0.0155,0.0000
-0.0222,1.0158,1.0000,0.0824,0.0127,404.1805,58.3212,0.0000,-0.3249,-0.3249,0.0069,0.0000,0.0000,0.0076,0.0031,0.0000
0.1363,0.8658,1.0000,0.0908,0.0127,404.1392,58.2394,0.0000,-0.3230,-0.3230,0.0100,0.0000,0.0000,0.0076,0.0031,0.0000
0.0093,1.0249,1.0000,0.0992,0.0532,404.1062,58.1566,0.0000,-0.3116,-0.3116,0.0576,0.0000,0.0000,0.0321,0.0128,0.0000
0.1765,0.9088,1.0000,0.1076,0.0532,404.0603,58.0704,0.0000,-0.3091,-0.3091,0.0628,0.0000,0.0000,0.0321,0.0128,0.0000
0.0802,0.9679,1.0000,0.1160,0.0532,404.0171,57.9897,0.0000,-0.3029,-0.3029,0.0655,0.0000,0.0000,0.0321,0.0128,0.0000
0.0565,0.9679,1.0000,0.1244,0.0532,403.9758,57.8927,0.0000,-0.2865,-0.2865,0.0726,0.0000,0.0000,0.0321,0.0128,0.0000
0.0477,0.9679,1.0000,0.1231,0.0532,403.9354,57.8019,0.0000,-0.2733,-0.2733,0.0779,0.0000,0.0000,0.0321,0.0128,0.0000
0.0287,0.9865,1.0000,0.1147,-0.1109,403.8851,57.7117,0.0000,-0.2681,-0.2681,0.0835,0.0000,0.0000,-0.0671,-0.0268,0.0000
0.0207,0.9865,1.0000,0.1064,-0.1109,403.8496,57.6403,0.0000,-0.2598,-0.2598,0.0901,0.0000,0.0000,-0.0671,-0.0268,0.0000
0.0185,0.9865,1.0000,0.0980,-0.1109,403.8154,57.5550,0.0000,-0.2435,-0.2435,0.0962,0.0000,0.0000,-0.0671,-0.0268,0.0000
0.2000,0.7911,1.0000,0.0896,-0.1109,403.7794,57.4667,0.0000,-0.2374,-0.2374,0.1022,0.0000,0.0000,-0.0671,-0.0268,0.0000
0.1061,0.9462,1.0000,0.0980,-0.0874,403.7379,57.3902,0.0000,-0.2212,-0.2212,0.1370,0.0000,0.0000,-0.0528,-0.0211,0.0000
0.0803,0.9462,1.0000,0.0896,-0.0874,403.7087,57.3002,0.0000,-0.1962,-0.1962,0.1422,0.0000,0.0000,-0.0528,-0.0211,0.0000
0.1574,0.8621,1.0000,0.0812,-0.0874,403.6798,57.2178,0.0000,-0.1813,-0.1813,0.1468,0.0000,0.0000,-0.0528,-0.0211,0.0000
0.1003,0.9407,1.0000,0.0729,-0.0874,403.6562,57.1328,0.0000,-0.1490,-0.1490,0.1505,0.0000,0.0000,-0.0528,-0.0211,0.0000
0.1569,0.8680,1.0000,0.0645,-0.0874,403.6184,57.0443,0.0000,-0.1377,-0.1377,0.1557,0.0000,0.0000,-0.0528,-0.0211,0.0000
0.1596,0.8771,1.0000,0.0561,-0.0874,403.5992,56.9486,0.0000,-0.1008,-0.1008,0.1605,0.0000,0.0000,-0.0528,-0.0211,0.0000
0.0878,0.9540,1.0000,0.0645,-0.0579,403.5668,56.8757,0.0000,-0.0823,-0.0823,0.1637,0.0000,0.0000,-0.0349,-0.0140,0.0000
0.0500,0.9728,1.0000,0.0561,-0.0579,403.5437,56.7911,0.0000,-0.0543,-0.0543,0.1668,0.0000,0.0000,-0.0349,-0.0140,0.0000
0.2000,0.7907,1.0000,0.0477,-0.0579,403.5131,56.7025,0.0000,-0.0476,-0.0476,0.1698,0.0000,0.0000,-0.0349,-0.0140,0.0000
0.1808,0.8720,1.0000,0.0393,-0.0579,403.4906,56.6256,0.0000,-0.0181,-0.0181,0.1725,0.0000,0.0000,-0.0349,-0.0140,0.0000
0.1175,0.9299,1.0000,0.0309,-0.0579,403.4611,56.5366,0.0000,0.0101,0.0101,0.1758,0.0000,0.0000,-0.0349,-0.0140,0.0000
0.2000,0.7958,1.0000,0.0226,-0.0579,403.4374,56.4499,0.0000,0.0250,0.0250,0.1783,0.0000,0.0000,-0.0349,-0.0140,0.0000
0.1212,0.9308,1.0000,0.0142,-0.1517,403.4062,56.3537,0.0000,0.0564,0.0564,0.0816,0.0000,0.0000,-0.0921,-0.0368,0.0000
0.1352,0.8928,1.0000,0.0058,-0.1517,403.3846,56.2710,0.0000,0.0728,0.0728,0.0835,0.0000,0.0000,-0.0921,-0.0368,0.0000
0.0319,1.0036,1.0000,-0.0026,-0.1517,403.3580,56.1781,0.0000,0.0953,0.0953,0.0853,0.0000,0.0000,-0.0921,-0.0368,0.0000
0.1585,0.8486,1.0000,-0.0110,-0.1517,403.3314,56.0941,0.0000,0.1024,0.1024,0.0865,0.0000,0.0000,-0.0921,-0.0368,0.0000
0.0837,0.9580,1.0000,-0.0194,-0.1517,403.2984,56.0035,0.0000,0.1180,0.1180,0.0877,0.0000,0.0000,-0.0921,-0.0368,0.0000
0.1473,0.8747,1.0000,-0.0278,-0.1517,403.2624,55.9035,0.0000,0.1264,0.1264,0.0885,0.0000,0.0000,-0.0921,-0.0368,0.0000
0.0821,0.9562,1.0000,-0.0268,-0.1423,403.2330,55.8200,0.0000,0.1400,0.1400,0.0877,0.0000,0.0000,-0.0863,-0.0345,0.0000
-0.0334,1.0530,1.0000,-0.0352,-0.1423,403.2020,55.7245,0.0000,0.1580,0.1580,0.0867,0.0000,0.0000,-0.0863,-0.0345,0.0000
0.1043,0.8781,1.0000,-0.0436,-0.1423,403.1648,55.6292,0.0000,0.1592,0.1592,0.0853,0.0000,0.0000,-0.0863,-0.0345,0.0000
0.0333,0.9946,1.0000,-0.0352,0.0213,403.1261,55.5358,0.0000,0.2003,0.2003,0.2803,0.0000,0.0000,0.0128,0.0051,0.0000
-0.0051,1.0146,1.0000,-0.0305,0.0344,403.0783,55.4430,0.0000,0.2191,0.2191,0.2757,0.0000,0.0000,0.0207,0.0083,0.0000
-0.0041,1.0028,1.0000,-0.0389,0.0344,403.0548,55.3615,0.0000,0.2474,0.2474,0.2738,0.0000,0.0000,0.0207,0.0083,0.0000
-0.0374,1.0372,1.0000,-0.0473,0.0344,402.9904,55.2629,0.0000,0.2586,0.2586,0.2696,0.0000,0.0000,0.0207,0.0083,0.0000
0.1505,0.8405,1.0000,-0.0557,0.0344,402.9528,55.1909,0.0000,0.2453,0.2453,0.2674,0.0000,0.0000,0.0207,0.0083,0.0000
-0.0493,1.1718,1.0000,-0.0641,0.0344,402.9242,55.1090,0.0000,0.3152,0.3152,0.2659,0.0000,0.0000,0.0207,0.0083,0.0000
0.1507,0.8059,1.0000,-0.0725,0.0344,402.8917,55.0273,0.0000,0.2895,0.2895,0.2625,0.0000,0.0000,0.0207,0.0083,0.0000
0.1999,0.8600,1.0000,-0.0809,0.0047,402.8531,54.9344,0.0000,0.3208,0.3208,0.2168,0.0000,0.0000,0.0028,0.0011,0.0000
0.1815,0.8717,1.0000,-0.0893,0.0047,402.8194,54.8570,0.0000,0.3370,0.3370,0.2129,0.0000,0.0000,0.0028,0.0011,0.0000
0.0505,0.9971,1.0000,-0.0977,0.0047,402.7913,54.7740,0.0000,0.3727,0.3727,0.2089,0.0000,0.0000,0.0028,0.0011,0.0000
0.1761,0.8374,1.0000,-0.1061,0.0047,402.7605,54.6926,0.0000,0.3757,0.3757,0.2046,0.0000,0.0000,0.0028,0.0011,0.0000
0.2000,0.8676,1.0000,-0.1145,-0.0535,402.6840,54.5888,0.0000,0.3709,0.3709,0.1940,0.0000,0.0000,-0.0323,-0.0129,0.0000
0.1914,0.8624,1.0000,-0.1229,-0.0535,402.6496,54.5044,0.0000,0.3895,0.3895,0.1917,0.0000,0.0000,-0.0323,-0.0129,0.0000
-0.0085,1.2914,1.0000,-0.1145,-0.0356,402.6216,54.4199,0.0000,0.4552,0.4552,0.2169,0.0000,0.0000,-0.0214,-0.0086,0.0000
0.0980,0.9029,1.0000,-0.1229,-0.0356,402.5558,54.3231,0.0000,0.4135,0.4135,0.2058,0.0000,0.0000,-0.0214,-0.0086,0.0000
0.2000,0.8810,1.0000,-0.1313,-0.0356,402.5251,54.2450,0.0000,0.4318,0.4318,0.2025,0.0000,0.0000,-0.0214,-0.0086,0.0000
-0.0001,1.1706,1.0000,-0.1397,-0.0356,402.4599,54.1402,0.0000,0.4655,0.4655,0.1929,0.0000,0.0000,-0.0214,-0.0086,0.0000
0.1766,0.8315,1.0000,-0.1481,-0.0356,402.4234,54.0710,0.0000,0.4434,0.4434,0.1889,0.0000,0.0000,-0.0214,-0.0086,0.0000
-0.0232,1.2294,1.0000,-0.1565,-0.0356,402.3846,53.9890,0.0000,0.4951,0.4951,0.1833,0.0000,0.0000,-0.0214,-0.0086,0.0000
0.1768,0.7770,1.0000,-0.1649,-0.0356,402.3530,53.9084,0.0000,0.4743,0.4743,0.1770,0.0000,0.0000,-0.0214,-0.0086,0.0000
0.1459,0.8991,1.0000,-0.1731,-0.0356,402.2828,53.8162,0.0000,0.4772,0.4772,0.1623,0.0000,0.0000,-0.0214,-0.0086,0.0000
0.1997,0.8560,1.0000,-0.1815,-0.0356,402.2266,53.7365,0.0000,0.4726,0.4726,0.1539,0.0000,0.0000,-0.0214,-0.0086,0.0000
-0.0004,1.1644,1.0000,-0.1899,-0.0399,402.1588,53.6636,0.0000,0.4756,0.4756,0.1263,0.0000,0.0000,-0.0241,-0.0096,0.0000
0.0247,0.9734,1.0000,-0.1983,-0.0399,402.1372,53.5812,0.0000,0.4921,0.4921,0.1223,0.0000,0.0000,-0.0241,-0.0096,0.0000
0.0085,1.0021,1.0000,-0.2067,-0.0399,402.0513,53.4952,0.0000,0.4654,0.4654,0.1045,0.0000,0.0000,-0.0241,-0.0096,0.0000
0.1582,0.8399,1.0000,-0.2151,-0.0399,401.9954,53.4205,0.0000,0.4509,0.4509,0.0944,0.0000,0.0000,-0.0241,-0.0096,0.0000
-0.0419,1.2324,1.0000,-0.2228,-0.0392,401.9932,53.3366,0.0000,0.5136,0.5136,0.0897,0.0000,0.0000,-0.0236,-0.0095,0.0000
0.0534,0.9315,1.0000,-0.2312,-0.0392,401.9740,53.2455,0.0000,0.5348,0.5348,0.0837,0.0000,0.0000,-0.0236,-0.0095,0.0000
0.2000,0.8216,1.0000,-0.2396,-0.0392,401.9646,53.1725,0.0000,0.5628,0.5628,0.0779,0.0000,0.0000,-0.0236,-0.0095,0.0000
0.1385,0.9134,1.0000,-0.2443,-0.0523,401.7672,53.1376,0.0000,0.4084,0.4084,0.0188,0.0000,0.0000,-0.0316,-0.0126,0.0000
0.2000,0.7189,1.0000,-0.2359,-0.0523,401.6939,53.0835,0.0000,0.3730,0.3730,0.0079,0.0000,0.0000,-0.0316,-0.0126,0.0000
0.0000,2.1326,1.0000,-0.2275,-0.0091,401.6287,53.0058,0.0000,0.3569,0.3569,0.0606,0.0000,0.0000,-0.0055,-0.0022,0.0000
0.0776,0.9230,1.0000,-0.2359,-0.0673,401.5739,52.9486,0.0000,0.3376,0.3376,-0.0219,0.0000,0.0000,-0.0406,-0.0162,0.0000
0.0069,1.0162,1.0000,-0.2275,-0.0673,401.5758,52.8662,0.0000,0.3833,0.3833,-0.0248,0.0000,0.0000,-0.0406,-0.0162,0.0000
0.2000,0.7986,1.0000,-0.2191,-0.0673,401.4481,52.7993,0.0000,0.3073,0.3073,-0.0533,0.0000,0.0000,-0.0406,-0.0162,0.0000
0.2000,0.8082,1.0000,-0.2107,-0.0673,401.3799,52.7252,0.0000,0.2880,0.2880,-0.0655,0.0000,0.0000,-0.0406,-0.0162,0.0000
-0.0000,1.4963,1.0000,-0.2023,-0.0091,401.3161,52.6680,0.0000,0.2489,0.2489,-0.0112,0.0000,0.0000,-0.0055,-0.0022,0.0000
-0.0051,1.0053,1.0000,-0.1939,-0.0091,401.3145,52.5888,0.0000,0.2989,0.2989,-0.0126,0.0000,0.0000,-0.0055,-0.0022,0.0000
0.1449,0.8635,1.0000,-0.1855,-0.0091,401.1727,52.5310,0.0000,0.2130,0.2130,-0.0395,0.0000,0.0000,-0.0055,-0.0022,0.0000
0.2000,0.7813,1.0000,-0.1771,-0.0091,401.1010,52.4630,0.0000,0.1967,0.1967,-0.0498,0.0000,0.0000,-0.0055,-0.0022,0.0000
-0.0000,1.5848,1.0000,-0.1855,-0.0538,401.0256,52.4086,0.0000,0.1419,0.1419,-0.0619,0.0000,0.0000,-0.0324,-0.0130,0.0000
0.0136,0.9858,1.0000,-0.1771,-0.0538,400.9723,52.3428,0.0000,0.1541,0.1541,-0.0728,0.0000,0.0000,-0.0324,-0.0130,0.0000
0.0681,0.9359,1.0000,-0.1687,-0.0538,400.9026,52.2906,0.0000,0.1285,0.1285,-0.0841,0.0000,0.0000,-0.0324,-0.0130,0.0000
0.1775,0.8385,1.0000,-0.1603,-0.0538,400.8518,52.2334,0.0000,0.1236,0.1236,-0.0957,0.0000,0.0000,-0.0324,-0.0130,0.0000
0.1743,0.8754,1.0000,-0.1519,-0.0538,400.7847,52.1682,0.0000,0.1053,0.1053,-0.1057,0.0000,0.0000,-0.0324,-0.0130,0.0000
0.2000,0.7585,1.0000,-0.1435,-0.0538,400.7261,52.1083,0.0000,0.0989,0.0989,-0.1159,0.0000,0.0000,-0.0324,-0.0130,0.0000
0.1209,0.9310,1.0000,-0.1403,-0.0590,400.6355,52.0324,0.0000,0.0584,0.0584,-0.1433,0.0000,0.0000,-0.0356,-0.0142,0.0000
0.1945,0.8310,1.0000,-0.1319,-0.0590,400.5739,51.9699,0.0000,0.0512,0.0512,-0.1515,0.0000,0.0000,-0.0356,-0.0142,0.0000
-0.0055,1.1775,1.0000,-0.1235,-0.0590,400.4826,51.9040,0.0000,-0.0129,-0.0129,-0.1610,0.0000,0.0000,-0.0356,-0.0142,0.0000
0.1299,0.8707,1.0000,-0.1151,-0.0590,400.4166,51.8504,0.0000,-0.0117,-0.0117,-0.1694,0.0000,0.0000,-0.0356,-0.0142,0.0000
-0.0701,1.1233,1.0000,-0.1067,-0.0590,400.3302,51.7675,0.0000,-0.0554,-0.0554,-0.1770,0.0000,0.0000,-0.0356,-0.0142,0.0000
0.1299,0.8466,1.0000,-0.0983,-0.0590,400.3049,51.7016,0.0000,-0.0091,-0.0091,-0.1724,0.0000,0.0000,-0.0356,-0.0142,0.0000
-0.0701,1.1868,1.0000,-0.0899,-0.0588,400.1923,51.6379,0.0000,-0.1005,-0.1005,-0.1941,0.0000,0.0000,-0.0355,-0.0142,0.0000
0.1299,0.7103,1.0000,-0.0815,-0.0590,400.1028,51.5818,0.0000,-0.0935,-0.0935,-0.1968,0.0000,0.0000,-0.0356,-0.0142,0.0000
-0.0701,1.3079,1.0000,-0.0731,-0.0588,400.0885,51.5089,0.0000,-0.1164,-0.1164,-0.1939,0.0000,0.0000,-0.0355,-0.0142,0.0000
-0.0670,1.0511,1.0000,-0.0647,-0.0588,399.9917,51.4623,0.0000,-0.1498,-0.1498,-0.2123,0.0000,0.0000,-0.0355,-0.0142,0.0000
0.1330,0.7519,1.0000,-0.0563,-0.0588,399.9566,51.3996,0.0000,-0.1058,-0.1058,-0.2057,0.0000,0.0000,-0.0355,-0.0142,0.0000
-0.0668,1.0926,1.0000,-0.0493,-0.0602,399.9379,51.3436,0.0000,-0.1192,-0.1192,-0.2015,0.0000,0.0000,-0.0363,-0.0145,0.0000
0.1332,0.7241,1.0000,-0.0409,-0.0602,399.7690,51.2702,0.0000,-0.1817,-0.1817,-0.2287,0.0000,0.0000,-0.0363,-0.0145,0.0000
0.2000,0.5967,1.0000,-0.0325,-0.0602,399.7362,51.2079,0.0000,-0.1531,-0.1531,-0.2203,0.0000,0.0000,-0.0363,-0.0145,0.0000
-0.0000,1.8692,1.0000,-0.0293,-0.0653,399.6172,51.1557,0.0000,-0.3574,-0.3574,-0.2120,0.0000,0.0000,-0.0394,-0.0157,0.0000
0.2000,0.7148,1.0000,-0.0209,-0.0602,399.5967,51.0996,0.0000,-0.2135,-0.2135,-0.2268,0.0000,0.0000,-0.0363,-0.0145,0.0000
0.0000,1.3085,1.0000,-0.0175,-0.0653,399.4527,51.0359,0.0000,-0.3560,-0.3560,-0.2177,0.0000,0.0000,-0.0394,-0.0157,0.0000
0.2000,0.6107,1.0000,-0.0091,-0.0453,399.4279,50.9706,0.0000,-0.2571,-0.2571,-0.2103,0.0000,0.0000,-0.0273,-0.0109,0.0000
0.0000,1.5782,1.0000,-0.0007,-0.0033,399.3007,50.9229,0.0000,-0.4365,-0.4365,-0.1709,0.0000,0.0000,-0.0020,-0.0008,0.0000
0.2000,0.7121,1.0000,-0.0091,-0.0653,399.2666,50.8700,0.0000,-0.3323,-0.3323,-0.2138,0.0000,0.0000,-0.0394,-0.0157,0.0000
0.0000,1.3661,1.0000,-0.0007,-0.0033,399.1584,50.8017,0.0000,-0.4438,-0.4438,-0.1695,0.0000,0.0000,-0.0020,-0.0008,0.0000
0.2000,0.6380,1.0000,-0.0091,-0.0653,399.0704,50.7507,0.0000,-0.4060,-0.4060,-0.2222,0.0000,0.0000,-0.0394,-0.0157,0.0000
0.0000,1.2733,1.0000,-0.0007,-0.0033,399.0028,50.7044,0.0000,-0.4887,-0.4887,-0.1707,0.0000,0.0000,-0.0020,-0.0008,0.0000
-0.0082,1.0091,1.0000,0.0077,-0.0033,398.9845,50.6489,0.0000,-0.4390,-0.4390,-0.1623,0.0000,0.0000,-0.0020,-0.0008,0.0000
0.1918,0.8126,1.0000,0.0161,-0.0033,398.9647,50.5908,0.0000,-0.3976,-0.3976,-0.1574,0.0000,0.0000,-0.0020,-0.0008,0.0000
0.2000,0.6033,1.0000,0.0245,-0.0033,398.7945,50.5140,0.0000,-0.4625,-0.4625,-0.1732,0.0000,0.0000,-0.0020,-0.0008,0.0000
0.2000,0.6206,1.0000,0.0329,-0.0033,398.7131,50.4742,0.0000,-0.4971,-0.4971,-0.1687,0.0000,0.0000,-0.0020,-0.0008,0.0000
0.0000,1.8737,1.0000,0.0245,-0.0456,398.7031,50.4138,0.0000,-0.5635,-0.5635,-0.1640,0.0000,0.0000,-0.0275,-0.0110,0.0000
0.1094,0.8936,1.0000,0.0329,-0.0033,398.5789,50.3566,0.0000,-0.5428,-0.5428,-0.1689,0.0000,0.0000,-0.0020,-0.0008,0.0000
0.2000,0.6314,1.0000,0.0413,-0.0033,398.5374,50.2881,0.0000,-0.5034,-0.5034,-0.1594,0.0000,0.0000,-0.0020,-0.0008,0.0000
0.0000,1.3658,1.0000,0.0329,-0.0456,398.4276,50.2266,0.0000,-0.6080,-0.6080,-0.1682,0.0000,0.0000,-0.0275,-0.0110,0.0000
0.2000,0.8111,1.0000,0.0413,-0.0456,398.3873,50.1712,0.0000,-0.5516,-0.5516,-0.1591,0.0000,0.0000,-0.0275,-0.0110,0.0000
0.0000,1.2535,1.0000,0.0497,-0.0456,398.2655,50.1124,0.0000,-0.6410,-0.6410,-0.1618,0.0000,0.0000,-0.0275,-0.0110,0.0000
0.2000,0.6921,1.0000,0.0581,-0.0456,398.2380,50.0519,0.0000,-0.5736,-0.5736,-0.1537,0.0000,0.0000,-0.0275,-0.0110,0.0000
0.0000,1.3439,1.0000,0.0665,-0.0456,398.2102,49.9886,0.0000,-0.5992,-0.5992,-0.1487,0.0000,0.0000,-0.0275,-0.0110,0.0000
0.2000,0.6774,1.0000,0.0748,-0.0456,398.0678,49.9444,0.0000,-0.6297,-0.6297,-0.1551,0.0000,0.0000,-0.0275,-0.0110,0.0000
0.2000,0.6970,1.0000,0.0832,-0.0456,397.9891,49.8892,0.0000,-0.6521,-0.6521,-0.1501,0.0000,0.0000,-0.0275,-0.0110,0.0000
0.0000,1.4912,1.0000,0.0916,-0.0442,397.9624,49.8217,0.0000,-0.6805,-0.6805,-0.1381,0.0000,0.0000,-0.0266,-0.0107,0.0000
0.0491,0.9502,1.0000,0.1000,-0.0442,397.8587,49.7634,0.0000,-0.6828,-0.6828,-0.1399,0.0000,0.0000,-0.0266,-0.0107,0.0000
0.2000,0.7386,1.0000,0.1084,-0.0442,397.7881,49.6939,0.0000,-0.6727,-0.6727,-0.1343,0.0000,0.0000,-0.0266,-0.0107,0.0000
0.0000,1.1808,1.0000,0.1168,-0.0442,397.7568,49.6382,0.0000,-0.6839,-0.6839,-0.1261,0.0000,0.0000,-0.0266,-0.0107,0.0000
0.0144,0.9842,1.0000,0.1252,-0.0442,397.6457,49.5775,0.0000,-0.7146,-0.7146,-0.1265,0.0000,0.0000,-0.0266,-0.0107,0.0000
0.1999,0.6490,1.0000,0.1331,-0.0442,397.5822,49.4990,0.0000,-0.6863,-0.6863,-0.1187,0.0000,0.0000,-0.0266,-0.0107,0.0000
-0.0001,1.2556,1.0000,0.1415,-0.0442,397.5348,49.4308,0.0000,-0.7069,-0.7069,-0.1100,0.0000,0.0000,-0.0266,-0.0107,0.0000
-0.0077,1.0083,1.0000,0.1499,-0.0442,397.4605,49.3808,0.0000,-0.7142,-0.7142,-0.1070,0.0000,0.0000,-0.0266,-0.0107,0.0000
0.1691,0.8343,1.0000,0.1583,-0.0442,397.4138,49.3172,0.0000,-0.6930,-0.6930,-0.0957,0.0000,0.0000,-0.0266,-0.0107,0.0000
0.1624,0.8852,1.0000,0.1667,-0.0012,397.3672,49.2552,0.0000,-0.6852,-0.6852,-0.0506,0.0000,0.0000,-0.0008,-0.0003,0.0000
0.2000,0.7952,1.0000,0.1751,-0.0012,397.2484,49.1907,0.0000,-0.7224,-0.7224,-0.0459,0.0000,0.0000,-0.0008,-0.0003,0.0000
0.2000,0.7770,1.0000,0.1835,-0.0012,397.2049,49.1317,0.0000,-0.7084,-0.7084,-0.0349,0.0000,0.0000,-0.0008,-0.0003,0.0000
0.0000,1.3355,1.0000,0.1919,-0.0012,397.1623,49.0728,0.0000,-0.7007,-0.7007,-0.0235,0.0000,0.0000,-0.0008,-0.0003,0.0000
0.2000,0.7375,1.0000,0.2003,-0.0012,397.0936,48.9928,0.0000,-0.6849,-0.6849,-0.0149,0.0000,0.0000,-0.0008,-0.0003,0.0000
0.2000,0.7318,1.0000,0.2086,-0.0012,397.0473,48.9115,0.0000,-0.6578,-0.6578,-0.0028,0.0000,0.0000,-0.0008,-0.0003,0.0000
0.0014,1.0497,1.0000,0.2089,-0.0012,396.9957,48.8489,0.0000,-0.6463,-0.6463,0.0084,0.0000,0.0000,-0.0008,-0.0003,0.0000
0.1999,0.8108,1.0000,0.2005,-0.0012,396.9424,48.7865,0.0000,-0.6388,-0.6388,0.0183,0.0000,0.0000,-0.0008,-0.0003,0.0000
0.2000,0.8108,1.0000,0.1922,-0.0012,396.8794,48.7109,0.0000,-0.6270,-0.6270,0.0310,0.0000,0.0000,-0.0008,-0.0003,0.0000
0.2000,0.8165,1.0000,0.1838,-0.0012,396.8316,48.6373,0.0000,-0.6062,-0.6062,0.0424,0.0000,0.0000,-0.0008,-0.0003,0.0000
0.0719,0.9812,1.0000,0.1754,-0.0185,396.7793,48.5442,0.0000,-0.5757,-0.5757,0.0260,0.0000,0.0000,-0.0112,-0.0045,0.0000
0.1753,0.8802,1.0000,0.1670,-0.0185,396.7199,48.4586,0.0000,-0.5587,-0.5587,0.0373,0.0000,0.0000,-0.0112,-0.0045,0.0000
-0.0246,1.0716,1.0000,0.1586,-0.0721,396.6749,48.3483,0.0000,-0.5093,-0.5093,0.0473,0.0000,0.0000,-0.0435,-0.0174,0.0000
-0.0456,1.0390,1.0000,0.1502,-0.0721,396.6275,48.2767,0.0000,-0.4918,-0.4918,0.0575,0.0000,0.0000,-0.0435,-0.0174,0.0000
-0.2000,1.1975,1.0000,0.1418,-0.0721,396.5806,48.2012,0.0000,-0.4656,-0.4656,0.0674,0.0000,0.0000,-0.0435,-0.0174,0.0000
0.0000,0.8580,1.0000,0.1335,-0.0721,396.5328,48.1179,0.0000,-0.4529,-0.4529,0.0761,0.0000,0.0000,-0.0435,-0.0174,0.0000
0.1156,0.8878,1.0000,0.1251,-0.0721,396.4764,48.0356,0.0000,-0.4344,-0.4344,0.0853,0.0000,0.0000,-0.0435,-0.0174,0.0000
0.0711,0.9587,1.0000,0.1335,-0.0308,396.4250,47.9536,0.0000,-0.4047,-0.4047,0.1439,0.0000,0.0000,-0.0185,-0.0074,0.0000
0.0257,0.9931,1.0000,0.1251,-0.0308,396.3754,47.8745,0.0000,-0.3779,-0.3779,0.1510,0.0000,0.0000,-0.0185,-0.0074,0.0000
0.0426,0.9634,1.0000,0.1335,0.0299,396.3277,47.7946,0.0000,-0.3543,-0.3543,0.1575,0.0000,0.0000,0.0180,0.0072,0.0000
0.0820,0.9293,1.0000,0.1251,0.0299,396.2910,47.7093,0.0000,-0.3195,-0.3195,0.1643,0.0000,0.0000,0.0180,0.0072,0.0000
0.0924,0.9265,1.0000,0.1167,0.0299,396.2350,47.6197,0.0000,-0.2934,-0.2934,0.1700,0.0000,0.0000,0.0180,0.0072,0.0000
0.0930,0.9287,1.0000,0.1083,0.0299,396.2023,47.5433,0.0000,-0.2593,-0.2593,0.1765,0.0000,0.0000,0.0180,0.0072,0.0000
-0.0261,1.0496,1.0000,0.0999,0.0299,396.1633,47.4656,0.0000,-0.2183,-0.2183,0.1824,0.0000,0.0000,0.0180,0.0072,0.0000
0.1714,0.8307,1.0000,0.0915,0.0299,396.1064,47.3919,0.0000,-0.2240,-0.2240,0.1881,0.0000,0.0000,0.0180,0.0072,0.0000
0.2002,0.8664,1.0000,0.0831,0.0070,396.0535,47.3110,0.0000,-0.1989,-0.1989,0.1651,0.0000,0.0000,0.0042,0.0017,0.0000
0.1300,0.9219,1.0000,0.0747,0.0070,395.9957,47.2367,0.0000,-0.1830,-0.1830,0.1702,0.0000,0.0000,0.0042,0.0017,0.0000
0.0748,0.9593,1.0000,0.0663,0.0070,395.9634,47.1551,0.0000,-0.1453,-0.1453,0.1745,0.0000,0.0000,0.0042,0.0017,0.0000
0.0848,0.9320,1.0000,0.0579,-0.0594,395.9206,47.0703,0.0000,-0.1182,-0.1182,0.1795,0.0000,0.0000,-0.0358,-0.0143,0.0000
0.1472,0.8743,1.0000,0.0495,-0.0594,395.8724,46.9846,0.0000,-0.0980,-0.0980,0.1832,0.0000,0.0000,-0.0358,-0.0143,0.0000
0.0931,0.9453,1.0000,0.0412,-0.0594,395.8424,46.9082,0.0000,-0.0589,-0.0589,0.1875,0.0000,0.0000,-0.0358,-0.0143,0.0000
0.0491,0.9754,1.0000,0.0328,-0.0594,395.7809,46.8364,0.0000,-0.0502,-0.0502,0.1901,0.0000,0.0000,-0.0358,-0.0143,0.0000
0.2000,0.8183,1.0000,0.0244,-0.0594,395.7409,46.7581,0.0000,-0.0387,-0.0387,0.1943,0.0000,0.0000,-0.0358,-0.0143,0.0000
0.1164,0.9356,1.0000,0.0160,-0.0594,395.6802,46.6819,0.0000,-0.0186,-0.0186,0.1956,0.0000,0.0000,-0.0358,-0.0143,0.0000
0.1501,0.8735,1.0000,0.0244,-0.0058,395.6461,46.6034,0.0000,0.0086,0.0086,0.2653,0.0000,0.0000,-0.0035,-0.0014,0.0000
0.0743,0.9651,1.0000,0.0160,-0.0058,395.5863,46.5156,0.0000,0.0438,0.0438,0.2642,0.0000,0.0000,-0.0035,-0.0014,0.0000
0.1665,0.8513,1.0000,0.0076,-0.0058,395.5509,46.4456,0.0000,0.0575,0.0575,0.2674,0.0000,0.0000,-0.0035,-0.0014,0.0000
-0.0144,1.0539,1.0000,0.0160,0.0218,395.4952,46.3638,0.0000,0.1064,0.1064,0.2674,0.0000,0.0000,0.0132,0.0053,0.0000
0.1856,0.7795,1.0000,0.0076,0.0218,395.4569,46.2767,0.0000,0.1090,0.1090,0.2701,0.0000,0.0000,0.0132,0.0053,0.0000
0.0686,0.9801,1.0000,-0.0008,0.0218,395.3909,46.2173,0.0000,0.1339,0.1339,0.2690,0.0000,0.0000,0.0132,0.0053,0.0000
0.0690,0.9460,1.0000,-0.0092,0.0218,395.3253,46.1420,0.0000,0.1409,0.1409,0.2710,0.0000,0.0000,0.0132,0.0053,0.0000
0.1367,0.8814,1.0000,-0.0176,0.0218,395.2892,46.0502,0.0000,0.1757,0.1757,0.2724,0.0000,0.0000,0.0132,0.0053,0.0000
0.0467,0.9891,1.0000,-0.0260,-0.0667,395.2231,45.9647,0.0000,0.2011,0.2011,0.1970,0.0000,0.0000,-0.0402,-0.0161,0.0000
0.0328,0.9791,1.0000,-0.0344,-0.0667,395.1817,45.8802,0.0000,0.2280,0.2280,0.1982,0.0000,0.0000,-0.0402,-0.0161,0.0000
-0.0635,1.0727,1.0000,-0.0427,-0.0667,395.1262,45.7988,0.0000,0.2501,0.2501,0.1946,0.0000,0.0000,-0.0402,-0.0161,0.0000
0.0501,0.9329,1.0000,-0.0511,-0.0667,395.0855,45.7240,0.0000,0.2583,0.2583,0.1954,0.0000,0.0000,-0.0402,-0.0161,0.0000
0.0346,0.9781,1.0000,-0.0595,-0.0667,395.0194,45.6447,0.0000,0.2658,0.2658,0.1900,0.0000,0.0000,-0.0402,-0.0161,0.0000
0.1638,0.8445,1.0000,-0.0679,-0.0667,394.9925,45.5619,0.0000,0.2900,0.2900,0.1903,0.0000,0.0000,-0.0402,-0.0161,0.0000
0.0131,1.0277,1.0000,-0.0763,-0.0667,394.9201,45.4731,0.0000,0.3113,0.3113,0.1833,0.0000,0.0000,-0.0402,-0.0161,0.0000
0.1419,0.8630,1.0000,-0.0847,-0.0667,394.9030,45.3934,0.0000,0.3380,0.3380,0.1830,0.0000,0.0000,-0.0402,-0.0161,0.0000
-0.0581,1.1407,1.0000,-0.0763,0.0731,394.8288,45.3026,0.0000,0.3787,0.3787,0.2532,0.0000,0.0000,0.0441,0.0176,0.0000
0.1419,0.8078,1.0000,-0.0847,0.0731,394.7740,45.2343,0.0000,0.3490,0.3490,0.2496,0.0000,0.0000,0.0441,0.0176,0.0000
-0.0583,1.1688,1.0000,-0.0931,0.0731,394.7205,45.1668,0.0000,0.4041,0.4041,0.2441,0.0000,0.0000,0.0441,0.0176,0.0000
0.1391,0.8694,1.0000,-0.1015,0.0731,394.6712,45.0918,0.0000,0.3884,0.3884,0.2406,0.0000,0.0000,0.0441,0.0176,0.0000
0.2001,0.8576,1.0000,-0.1099,0.0731,394.6124,45.0157,0.0000,0.4012,0.4012,0.2352,0.0000,0.0000,0.0441,0.0176,0.0000
0.1629,0.8895,1.0000,-0.1183,0.0731,394.5608,44.9394,0.0000,0.4236,0.4236,0.2288,0.0000,0.0000,0.0441,0.0176,0.0000
0.0870,0.9558,1.0000,-0.1267,0.0731,394.5167,44.8671,0.0000,0.4519,0.4519,0.2229,0.0000,0.0000,0.0441,0.0176,0.0000
0.1510,0.9135,1.0000,-0.1351,0.0731,394.4437,44.7990,0.0000,0.4451,0.4451,0.2160,0.0000,0.0000,0.0441,0.0176,0.0000
0.2000,0.8384,1.0000,-0.1435,0.0731,394.3707,44.7209,0.0000,0.4424,0.4424,0.2090,0.0000,0.0000,0.0441,0.0176,0.0000
0.0547,0.9975,1.0000,-0.1519,-0.0202,394.3197,44.6505,0.0000,0.4668,0.4668,0.1607,0.0000,0.0000,-0.0122,-0.0049,0.0000
-0.0480,1.0645,1.0000,-0.1602,-0.0202,394.2441,44.5768,0.0000,0.4667,0.4667,0.1526,0.0000,0.0000,-0.0122,-0.0049,0.0000
0.1359,0.8630,1.0000,-0.1686,-0.0202,394.1778,44.5095,0.0000,0.4489,0.4489,0.1445,0.0000,0.0000,-0.0122,-0.0049,0.0000
-0.0202,1.0535,1.0000,-0.1770,-0.0202,394.1191,44.4328,0.0000,0.4706,0.4706,0.1349,0.0000,0.0000,-0.0122,-0.0049,0.0000
0.0455,0.9432,1.0000,-0.1854,-0.0202,394.0528,44.3628,0.0000,0.4617,0.4617,0.1258,0.0000,0.0000,-0.0122,-0.0049,0.0000
0.0600,0.9592,1.0000,-0.1938,-0.0202,393.9765,44.2834,0.0000,0.4599,0.4599,0.1150,0.0000,0.0000,-0.0122,-0.0049,0.0000
0.0504,0.9616,1.0000,-0.2022,-0.0202,393.9241,44.2263,0.0000,0.4584,0.4584,0.1040,0.0000,0.0000,-0.0122,-0.0049,0.0000
-0.1027,1.0983,1.0000,-0.1938,0.0078,393.8424,44.1558,0.0000,0.4589,0.4589,0.1347,0.0000,0.0000,0.0047,0.0019,0.0000
0.0973,0.7739,1.0000,-0.2022,0.0078,393.7675,44.0887,0.0000,0.4309,0.4309,0.1214,0.0000,0.0000,0.0047,0.0019,0.0000
-0.0657,1.0807,1.0000,-0.1938,0.0278,393.6881,44.0220,0.0000,0.4379,0.4379,0.1082,0.0000,0.0000,0.0168,0.0067,0.0000
-0.0302,1.0086,1.0000,-0.2022,0.0278,393.6368,43.9625,0.0000,0.4375,0.4375,0.0966,0.0000,0.0000,0.0168,0.0067,0.0000
-0.0451,1.0398,1.0000,-0.2106,0.0278,393.5628,43.9050,0.0000,0.4237,0.4237,0.0816,0.0000,0.0000,0.0168,0.0067,0.0000
0.1549,0.7810,1.0000,-0.2022,0.0278,393.4862,43.8281,0.0000,0.4136,0.4136,0.0699,0.0000,0.0000,0.0168,0.0067,0.0000
0.0960,0.9441,1.0000,-0.1938,0.0278,393.4283,43.7689,0.0000,0.4177,0.4177,0.0567,0.0000,0.0000,0.0168,0.0067,0.0000
-0.0536,1.0790,1.0000,-0.2022,-0.0660,393.3566,43.7046,0.0000,0.4037,0.4037,-0.0428,0.0000,0.0000,-0.0398,-0.0159,0.0000
0.1464,0.8243,1.0000,-0.1938,-0.0660,393.2790,43.6309,0.0000,0.3970,0.3970,-0.0550,0.0000,0.0000,-0.0398,-0.0159,0.0000
0.0768,0.9615,1.0000,-0.1854,-0.0660,393.2145,43.5765,0.0000,0.3766,0.3766,-0.0675,0.0000,0.0000,-0.0398,-0.0159,0.0000
-0.0459,1.0643,1.0000,-0.1770,-0.0660,393.1505,43.5019,0.0000,0.3691,0.3691,-0.0816,0.0000,0.0000,-0.0398,-0.0159,0.0000
0.1506,0.8423,1.0000,-0.1686,-0.0660,393.0668,43.4453,0.0000,0.3496,0.3496,-0.0942,0.0000,0.0000,-0.0398,-0.0159,0.0000
0.0698,0.9697,1.0000,-0.1602,-0.0560,392.9781,43.3895,0.0000,0.3103,0.3103,-0.1063,0.0000,0.0000,-0.0338,-0.0135,0.0000
0.0078,1.0124,1.0000,-0.1518,-0.0560,392.9051,43.3212,0.0000,0.2953,0.2953,-0.1168,0.0000,0.0000,-0.0338,-0.0135,0.0000
-0.0437,1.0503,1.0000,-0.1434,0.0097,392.8243,43.2690,0.0000,0.2685,0.2685,-0.0486,0.0000,0.0000,0.0059,0.0023,0.0000
-0.0022,0.9908,1.0000,-0.1350,0.0097,392.7408,43.2129,0.0000,0.2494,0.2494,-0.0585,0.0000,0.0000,0.0059,0.0023,0.0000
0.0378,0.9604,1.0000,-0.1266,0.0097,392.6682,43.1566,0.0000,0.2378,0.2378,-0.0675,0.0000,0.0000,0.0059,0.0023,0.0000
0.0057,1.0047,1.0000,-0.1197,0.0080,392.5840,43.0961,0.0000,0.2191,0.2191,-0.0758,0.0000,0.0000,0.0048,0.0019,0.0000
0.0901,0.9129,1.0000,-0.1113,0.0080,392.4973,43.0347,0.0000,0.2048,0.2048,-0.0843,0.0000,0.0000,0.0048,0.0019,0.0000
-0.0069,1.0309,1.0000,-0.1029,0.0080,392.4231,42.9747,0.0000,0.1894,0.1894,-0.0920,0.0000,0.0000,0.0048,0.0019,0.0000
-0.0583,1.0557,1.0000,-0.0945,0.0080,392.3337,42.9081,0.0000,0.1727,0.1727,-0.0985,0.0000,0.0000,0.0048,0.0019,0.0000
0.0367,0.9460,1.0000,-0.0861,0.0080,392.3269,42.8503,0.0000,0.2175,0.2175,-0.0950,0.0000,0.0000,0.0048,0.0019,0.0000
-0.1016,1.1072,1.0000,-0.0945,-0.0308,392.1841,42.7855,0.0000,0.1469,0.1469,-0.1450,0.0000,0.0000,-0.0185,-0.0074,0.0000
0.0985,0.5893,1.0000,-0.0861,0.0080,392.0895,42.7309,0.0000,0.1540,0.1540,-0.1167,0.0000,0.0000,0.0048,0.0019,0.0000
-0.1015,1.5761,1.0000,-0.0945,-0.0308,392.0048,42.6837,0.0000,0.0516,0.0516,-0.1546,0.0000,0.0000,-0.0185,-0.0074,0.0000
-0.1088,1.0855,1.0000,-0.0861,-0.0308,391.9245,42.6205,0.0000,0.0747,0.0747,-0.1603,0.0000,0.0000,-0.0185,-0.0074,0.0000
0.0071,0.9647,1.0000,-0.0777,-0.0308,391.8454,42.5660,0.0000,0.0647,0.0647,-0.1659,0.0000,0.0000,-0.0185,-0.0074,0.0000
-0.0098,1.0122,1.0000,-0.0693,-0.0308,391.8186,42.4948,0.0000,0.0949,0.0949,-0.1612,0.0000,0.0000,-0.0185,-0.0074,0.0000
0.0439,0.9532,1.0000,-0.0609,-0.0308,391.6827,42.4585,0.0000,0.0215,0.0215,-0.1787,0.0000,0.0000,-0.0185,-0.0074,0.0000
0.2000,0.7678,1.0000,-0.0525,-0.0308,391.5968,42.4077,0.0000,0.0127,0.0127,-0.1810,0.0000,0.0000,-0.0185,-0.0074,0.0000
0.0000,1.4267,1.0000,-0.0441,0.0042,391.4948,42.3617,0.0000,-0.0792,-0.0792,-0.1495,0.0000,0.0000,0.0025,0.0010,0.0000
0.0090,0.9904,1.0000,-0.0357,0.0042,391.4039,42.3190,0.0000,-0.0786,-0.0786,-0.1533,0.0000,0.0000,0.0025,0.0010,0.0000
-0.1146,1.1141,1.0000,-0.0273,0.0042,391.3335,42.2654,0.0000,-0.0983,-0.0983,-0.1571,0.0000,0.0000,0.0025,0.0010,0.0000
-0.0292,0.9987,1.0000,-0.0189,0.0042,391.2617,42.2212,0.0000,-0.1070,-0.1070,-0.1603,0.0000,0.0000,0.0025,0.0010,0.0000
0.1211,0.8761,1.0000,-0.0105,0.0042,391.1826,42.1711,0.0000,-0.1148,-0.1148,-0.1621,0.0000,0.0000,0.0025,0.0010,0.0000
0.1916,0.8363,1.0000,-0.0021,0.0042,391.1063,42.1195,0.0000,-0.1262,-0.1262,-0.1645,0.0000,0.0000,0.0025,0.0010,0.0000
0.1206,0.9293,1.0000,0.0063,0.0042,391.0218,42.0716,0.0000,-0.1561,-0.1561,-0.1651,0.0000,0.0000,0.0025,0.0010,0.0000
0.1213,0.9132,1.0000,0.0147,0.0042,390.9406,42.0250,0.0000,-0.1758,-0.1758,-0.1658,0.0000,0.0000,0.0025,0.0010,0.0000
0.0690,0.9629,1.0000,0.0063,-0.0128,390.8614,41.9744,0.0000,-0.1969,-0.1969,-0.1833,0.0000,0.0000,-0.0077,-0.0031,0.0000
0.0872,0.9279,1.0000,0.0147,-0.0128,390.7790,41.9288,0.0000,-0.2175,-0.2175,-0.1832,0.0000,0.0000,-0.0077,-0.0031,0.0000
0.0884,0.9321,1.0000,0.0231,-0.0128,390.7109,41.8881,0.0000,-0.2348,-0.2348,-0.1817,0.0000,0.0000,-0.0077,-0.0031,0.0000
0.0880,0.9331,1.0000,0.0315,-0.0128,390.6342,41.8361,0.0000,-0.2502,-0.2502,-0.1817,0.0000,0.0000,-0.0077,-0.0031,0.0000
0.2000,0.7866,1.0000,0.0399,-0.0128,390.5624,41.7866,0.0000,-0.2501,-0.2501,-0.1801,0.0000,0.0000,-0.0077,-0.0031,0.0000
0.1893,0.8644,1.0000,0.0483,-0.0128,390.4831,41.7437,0.0000,-0.2804,-0.2804,-0.1794,0.0000,0.0000,-0.0077,-0.0031,0.0000
0.2004,0.8644,1.0000,0.0567,-0.0128,390.4087,41.6815,0.0000,-0.2857,-0.2857,-0.1768,0.0000,0.0000,-0.0077,-0.0031,0.0000
0.1893,0.8644,1.0000,0.0651,-0.0128,390.3282,41.6328,0.0000,-0.3050,-0.3050,-0.1746,0.0000,0.0000,-0.0077,-0.0031,0.0000
0.0888,0.9628,1.0000,0.0735,0.0020,390.2521,41.5799,0.0000,-0.3263,-0.3263,-0.1683,0.0000,0.0000,0.0012,0.0005,0.0000
0.0899,0.9324,1.0000,0.0819,0.0020,390.1722,41.5224,0.0000,-0.3358,-0.3358,-0.1657,0.0000,0.0000,0.0012,0.0005,0.0000
0.0993,0.9190,1.0000,0.0903,0.0020,390.0938,41.4664,0.0000,-0.3465,-0.3465,-0.1625,0.0000,0.0000,0.0012,0.0005,0.0000
0.0516,0.9768,1.0000,0.0986,0.0020,390.0304,41.4095,0.0000,-0.3513,-0.3513,-0.1579,0.0000,0.0000,0.0012,0.0005,0.0000
0.0550,0.9561,1.0000,0.1070,0.0020,389.9535,41.3559,0.0000,-0.3621,-0.3621,-0.1546,0.0000,0.0000,0.0012,0.0005,0.0000
0.1998,0.8473,1.0000,0.1154,0.0020,389.8780,41.2995,0.0000,-0.3626,-0.3626,-0.1494,0.0000,0.0000,0.0012,0.0005,0.0000
0.1262,0.9302,1.0000,0.1238,0.0020,389.8115,41.2424,0.0000,-0.3709,-0.3709,-0.1447,0.0000,0.0000,0.0012,0.0005,0.0000
0.1977,0.8713,1.0000,0.1322,0.0020,389.7378,41.1793,0.0000,-0.3691,-0.3691,-0.1393,0.0000,0.0000,0.0012,0.0005,0.0000
0.1951,0.8713,1.0000,0.1406,0.0327,389.6658,41.1188,0.0000,-0.3720,-0.3720,-0.1005,0.0000,0.0000,0.0197,0.0079,0.0000
0.0899,0.9645,1.0000,0.1490,0.0327,389.5916,41.0638,0.0000,-0.3818,-0.3818,-0.0943,0.0000,0.0000,0.0197,0.0079,0.0000
0.0906,0.9350,1.0000,0.1574,0.0327,389.5319,40.9998,0.0000,-0.3686,-0.3686,-0.0866,0.0000,0.0000,0.0197,0.0079,0.0000
0.1365,0.9164,1.0000,0.1658,0.0327,389.4467,40.9461,0.0000,-0.3807,-0.3807,-0.0788,0.0000,0.0000,0.0197,0.0079,0.0000
0.2002,0.8757,1.0000,0.1742,0.0327,389.3764,40.8879,0.0000,-0.3785,-0.3785,-0.0704,0.0000,0.0000,0.0197,0.0079,0.0000
0.0563,0.9967,1.0000,0.1826,0.0327,389.3294,40.8217,0.0000,-0.3582,-0.3582,-0.0578,0.0000,0.0000,0.0197,0.0079,0.0000
0.1972,0.9071,1.0000,0.1910,0.0327,389.2537,40.7579,0.0000,-0.3542,-0.3542,-0.0491,0.0000,0.0000,0.0197,0.0079,0.0000
0.2000,0.8249,1.0000,0.1994,0.0327,389.1993,40.6796,0.0000,-0.3243,-0.3243,-0.0359,0.0000,0.0000,0.0197,0.0079,0.0000
0.0697,0.9835,1.0000,0.1910,0.0080,389.1192,40.6051,0.0000,-0.3224,-0.3224,-0.0534,0.0000,0.0000,0.0048,0.0019,0.0000
0.0554,0.9659,1.0000,0.1853,0.0080,389.0714,40.5356,0.0000,-0.2977,-0.2977,-0.0406,0.0000,0.0000,0.0048,0.0019,0.0000
-0.0758,1.0872,1.0000,0.1769,0.0080,389.0146,40.4770,0.0000,-0.2892,-0.2892,-0.0278,0.0000,0.0000,0.0048,0.0019,0.0000
0.1241,0.8552,1.0000,0.1686,0.0080,388.9643,40.4159,0.0000,-0.2711,-0.2711,-0.0169,0.0000,0.0000,0.0048,0.0019,0.0000
0.2000,0.8165,1.0000,0.1602,0.0080,388.9128,40.3507,0.0000,-0.2536,-0.2536,-0.0056,0.0000,0.0000,0.0048,0.0019,0.0000
0.2000,0.7946,1.0000,0.1518,0.0080,388.8317,40.2854,0.0000,-0.2586,-0.2586,0.0014,0.0000,0.0000,0.0048,0.0019,0.0000
0.2000,0.8347,1.0000,0.1434,0.0080,388.7715,40.2144,0.0000,-0.2432,-0.2432,0.0126,0.0000,0.0000,0.0048,0.0019,0.0000
0.0210,1.0304,1.0000,0.1351,0.0080,388.7214,40.1396,0.0000,-0.2159,-0.2159,0.0233,0.0000,0.0000,0.0048,0.0019,0.0000
0.0712,0.9303,1.0000,0.1336,0.0151,388.6472,40.0733,0.0000,-0.2164,-0.2164,0.0416,0.0000,0.0000,0.0091,0.0036,0.0000
0.1491,0.9052,1.0000,0.1252,0.0151,388.5869,40.0054,0.0000,-0.2029,-0.2029,0.0516,0.0000,0.0000,0.0091,0.0036,0.0000
0.0529,0.9863,1.0000,0.1168,0.0151,388.5292,39.9327,0.0000,-0.1834,-0.1834,0.0568,0.0000,0.0000,0.0091,0.0036,0.0000
0.1796,0.9042,1.0000,0.1084,0.0151,388.4651,39.8671,0.0000,-0.1771,-0.1771,0.0643,0.0000,0.0000,0.0091,0.0036,0.0000
0.1241,0.9230,1.0000,0.1000,0.0151,388.4117,39.7944,0.0000,-0.1549,-0.1549,0.0727,0.0000,0.0000,0.0091,0.0036,0.0000
0.1257,0.9105,1.0000,0.0916,0.0151,388.3497,39.7176,0.0000,-0.1384,-0.1384,0.0772,0.0000,0.0000,0.0091,0.0036,0.0000
0.1660,0.9005,1.0000,0.0832,0.0151,388.2832,39.6387,0.0000,-0.1225,-0.1225,0.0833,0.0000,0.0000,0.0091,0.0036,0.0000
0.0640,0.9798,1.0000,0.0748,0.0151,388.2142,39.5672,0.0000,-0.1107,-0.1107,0.0879,0.0000,0.0000,0.0091,0.0036,0.0000
-0.0045,1.0253,1.0000,0.0664,-0.0161,388.1636,39.4968,0.0000,-0.0883,-0.0883,0.0714,0.0000,0.0000,-0.0097,-0.0039,0.0000
0.0124,0.9853,1.0000,0.0580,-0.0161,388.0831,39.4295,0.0000,-0.0958,-0.0958,0.0731,0.0000,0.0000,-0.0097,-0.0039,0.0000
0.1748,0.8644,1.0000,0.0496,-0.0161,388.0399,39.3561,0.0000,-0.0744,-0.0744,0.0795,0.0000,0.0000,-0.0097,-0.0039,0.0000
0.0040,1.0385,1.0000,0.0412,-0.0161,387.9624,39.2710,0.0000,-0.0593,-0.0593,0.0800,0.0000,0.0000,-0.0097,-0.0039,0.0000
0.1461,0.8512,1.0000,0.0328,-0.0161,387.9121,39.1970,0.0000,-0.0453,-0.0453,0.0864,0.0000,0.0000,-0.0097,-0.0039,0.0000
-0.0538,1.1413,1.0000,0.0244,-0.0161,387.8412,39.1201,0.0000,-0.0260,-0.0260,0.0869,0.0000,0.0000,-0.0097,-0.0039,0.0000
0.0972,0.8913,1.0000,0.0160,-0.0161,387.7883,39.0496,0.0000,-0.0203,-0.0203,0.0919,0.0000,0.0000,-0.0097,-0.0039,0.0000
-0.0124,1.0371,1.0000,0.0076,-0.0161,387.7127,38.9778,0.0000,-0.0143,-0.0143,0.0913,0.0000,0.0000,-0.0097,-0.0039,0.0000
0.1471,0.8762,1.0000,-0.0007,-0.0161,387.6461,38.9008,0.0000,-0.0114,-0.0114,0.0927,0.0000,0.0000,-0.0097,-0.0039,0.0000
0.0023,1.0334,1.0000,-0.0091,-0.0247,387.5785,38.8273,0.0000,-0.0010,-0.0010,0.0718,0.0000,0.0000,-0.0149,-0.0060,0.0000
-0.0079,1.0102,1.0000,-0.0175,-0.0247,387.5149,38.7583,0.0000,0.0020,0.0020,0.0719,0.0000,0.0000,-0.0149,-0.0060,0.0000
0.0064,0.9892,1.0000,-0.0259,-0.0247,387.4623,38.6869,0.0000,0.0153,0.0153,0.0733,0.0000,0.0000,-0.0149,-0.0060,0.0000
0.1041,0.9303,1.0000,-0.0343,-0.0247,387.3917,38.6127,0.0000,0.0147,0.0147,0.0712,0.0000,0.0000,-0.0149,-0.0060,0.0000
0.1908,0.8803,1.0000,-0.0427,-0.0247,387.3183,38.5424,0.0000,0.0098,0.0098,0.0692,0.0000,0.0000,-0.0149,-0.0060,0.0000
0.0338,1.0154,1.0000,-0.0511,-0.0247,387.2562,38.4768,0.0000,0.0164,0.0164,0.0681,0.0000,0.0000,-0.0149,-0.0060,0.0000
0.0054,1.0088,1.0000,-0.0595,-0.0247,387.1916,38.4136,0.0000,0.0138,0.0138,0.0652,0.0000,0.0000,-0.0149,-0.0060,0.0000
0.1823,0.8956,1.0000,-0.0578,-0.0146,387.1217,38.3464,0.0000,0.0069,0.0069,0.0802,0.0000,0.0000,-0.0088,-0.0035,0.0000
0.1490,0.8971,1.0000,-0.0662,-0.0146,387.0598,38.2843,0.0000,0.0070,0.0070,0.0763,0.0000,0.0000,-0.0088,-0.0035,0.0000
0.0798,0.9631,1.0000,-0.0746,-0.0146,386.9981,38.2183,0.0000,0.0123,0.0123,0.0724,0.0000,0.0000,-0.0088,-0.0035,0.0000
0.2000,0.8707,1.0000,-0.0830,-0.0146,386.9229,38.1507,0.0000,0.0040,0.0040,0.0689,0.0000,0.0000,-0.0088,-0.0035,0.0000
0.1556,0.8965,1.0000,-0.0914,-0.0563,386.8516,38.0749,0.0000,0.0079,0.0079,0.0643,0.0000,0.0000,-0.0339,-0.0136,0.0000
0.0362,1.0045,1.0000,-0.0998,-0.0563,386.7908,38.0185,0.0000,0.0078,0.0078,0.0605,0.0000,0.0000,-0.0339,-0.0136,0.0000
-0.0168,1.0318,1.0000,-0.1082,-0.0563,386.7234,37.9395,0.0000,0.0157,0.0157,0.0543,0.0000,0.0000,-0.0339,-0.0136,0.0000
0.1830,0.8244,1.0000,-0.1165,-0.0563,386.6576,37.8789,0.0000,0.0057,0.0057,0.0489,0.0000,0.0000,-0.0339,-0.0136,0.0000
0.0171,1.0289,1.0000,-0.1249,-0.0564,386.5869,37.8200,0.0000,0.0011,0.0011,0.0429,0.0000,0.0000,-0.0340,-0.0136,0.0000
0.1827,0.8893,1.0000,-0.1333,-0.0564,386.5071,37.7525,0.0000,-0.0115,-0.0115,0.0365,0.0000,0.0000,-0.0340,-0.0136,0.0000
0.1608,0.9157,1.0000,-0.1277,-0.0564,386.4385,37.6938,0.0000,-0.0195,-0.0195,0.0297,0.0000,0.0000,-0.0340,-0.0136,0.0000
-0.0021,1.0401,1.0000,-0.1193,-0.0564,386.3670,37.6325,0.0000,-0.0266,-0.0266,0.0230,0.0000,0.0000,-0.0340,-0.0136,0.0000
0.1247,0.8988,1.0000,-0.1109,-0.0564,386.3099,37.5742,0.0000,-0.0290,-0.0290,0.0160,0.0000,0.0000,-0.0340,-0.0136,0.0000
0.0957,0.9370,1.0000,-0.1025,-0.0564,386.2508,37.5132,0.0000,-0.0287,-0.0287,0.0099,0.0000,0.0000,-0.0340,-0.0136,0.0000
0.2000,0.8095,1.0000,-0.0941,-0.0564,386.1860,37.4568,0.0000,-0.0365,-0.0365,0.0030,0.0000,0.0000,-0.0340,-0.0136,0.0000
0.2000,0.8419,1.0000,-0.0857,-0.0564,386.1243,37.4064,0.0000,-0.0454,-0.0454,-0.0027,0.0000,0.0000,-0.0340,-0.0136,0.0000
0.2001,0.8545,1.0000,-0.0773,-0.0564,386.0547,37.3464,0.0000,-0.0528,-0.0528,-0.0081,0.0000,0.0000,-0.0340,-0.0136,0.0000
0.2000,0.7931,1.0000,-0.0689,-0.0015,385.9787,37.2856,0.0000,-0.0629,-0.0629,0.0182,0.0000,0.0000,-0.0009,-0.0004,0.0000
0.1397,0.9121,1.0000,-0.0605,-0.0015,385.9090,37.2318,0.0000,-0.0709,-0.0709,0.0134,0.0000,0.0000,-0.0009,-0.0004,0.0000
0.0683,0.9683,1.0000,-0.0521,-0.0015,385.8424,37.1819,0.0000,-0.0803,-0.0803,0.0090,0.0000,0.0000,-0.0009,-0.0004,0.0000
0.1943,0.8750,1.0000,-0.0438,-0.0015,385.7750,37.1112,0.0000,-0.0754,-0.0754,0.0046,0.0000,0.0000,-0.0009,-0.0004,0.0000
0.2000,0.8275,1.0000,-0.0354,-0.0015,385.7060,37.0542,0.0000,-0.0812,-0.0812,0.0006,0.0000,0.0000,-0.0009,-0.0004,0.0000
0.0880,0.9669,1.0000,-0.0270,-0.0015,385.6405,36.9846,0.0000,-0.0750,-0.0750,-0.0027,0.0000,0.0000,-0.0009,-0.0004,0.0000
0.1830,0.8890,1.0000,-0.0186,-0.0015,385.5709,36.9208,0.0000,-0.0755,-0.0755,-0.0054,0.0000,0.0000,-0.0009,-0.0004,0.0000
0.1012,0.9466,1.0000,-0.0136,-0.0049,385.4858,36.8607,0.0000,-0.0896,-0.0896,-0.0132,0.0000,0.0000,-0.0030,-0.0012,0.0000
0.0924,0.9359,1.0000,-0.0052,-0.0049,385.4134,36.7977,0.0000,-0.0928,-0.0928,-0.0151,0.0000,0.0000,-0.0030,-0.0012,0.0000
-0.0143,1.0345,1.0000,0.0032,0.0088,385.3466,36.7365,0.0000,-0.0937,-0.0937,-0.0157,0.0000,0.0000,0.0053,0.0021,0.0000
0.0389,0.9517,1.0000,0.0116,0.0088,385.3056,36.6767,0.0000,-0.0747,-0.0747,-0.0118,0.0000,0.0000,0.0053,0.0021,0.0000
0.1703,0.8983,1.0000,0.0200,0.0088,385.2224,36.6127,0.0000,-0.0862,-0.0862,-0.0182,0.0000,0.0000,0.0053,0.0021,0.0000
0.2000,0.7234,1.0000,0.0284,0.0088,385.1601,36.5628,0.0000,-0.0886,-0.0886,-0.0148,0.0000,0.0000,0.0053,0.0021,0.0000
0.0098,1.0439,1.0000,0.0368,0.0088,385.0911,36.4960,0.0000,-0.0887,-0.0887,-0.0158,0.0000,0.0000,0.0053,0.0021,0.0000
0.2000,0.7901,1.0000,0.0452,0.0088,385.0227,36.4363,0.0000,-0.0881,-0.0881,-0.0142,0.0000,0.0000,0.0053,0.0021,0.0000
0.1036,0.9522,1.0000,0.0536,0.0088,384.9700,36.3819,0.0000,-0.0819,-0.0819,-0.0082,0.0000,0.0000,0.0053,0.0021,0.0000
0.1651,0.9004,1.0000,0.0620,0.0535,384.8845,36.3139,0.0000,-0.0875,-0.0875,0.0423,0.0000,0.0000,0.0323,0.0129,0.0000
0.2000,0.7533,1.0000,0.0563,0.0535,384.8173,36.2489,0.0000,-0.0819,-0.0819,0.0455,0.0000,0.0000,0.0323,0.0129,0.0000
0.0005,1.0837,1.0000,0.0528,0.0583,384.7549,36.1804,0.0000,-0.0592,-0.0592,0.0486,0.0000,0.0000,0.0352,0.0141,0.0000
0.0932,0.9272,1.0000,0.0444,0.0583,384.6749,36.1097,0.0000,-0.0576,-0.0576,0.0520,0.0000,0.0000,0.0352,0.0141,0.0000
0.1195,0.9212,1.0000,0.0360,0.0583,384.5981,36.0439,0.0000,-0.0545,-0.0545,0.0543,0.0000,0.0000,0.0352,0.0141,0.0000
-0.0284,1.0585,1.0000,0.0322,0.0629,384.5320,35.9802,0.0000,-0.0413,-0.0413,0.0583,0.0000,0.0000,0.0379,0.0152,0.0000
-0.0134,1.0019,1.0000,0.0238,0.0629,384.4461,35.9098,0.0000,-0.0417,-0.0417,0.0609,0.0000,0.0000,0.0379,0.0152,0.0000
0.0813,0.9107,1.0000,0.0154,0.0629,384.4005,35.8391,0.0000,-0.0162,-0.0162,0.0666,0.0000,0.0000,0.0379,0.0152,0.0000
-0.0971,1.1004,1.0000,0.0070,0.0262,384.3241,35.7797,0.0000,-0.0186,-0.0186,0.0173,0.0000,0.0000,0.0158,0.0063,0.0000
0.1031,0.8408,1.0000,0.0154,0.0262,384.2457,35.7169,0.0000,-0.0258,-0.0258,0.0196,0.0000,0.0000,0.0158,0.0063,0.0000
0.0686,0.9604,1.0000,0.0070,0.0262,384.2060,35.6662,0.0000,-0.0112,-0.0112,0.0244,0.0000,0.0000,0.0158,0.0063,0.0000
0.0299,0.9957,1.0000,-0.0014,0.0136,384.1308,35.6060,0.0000,-0.0179,-0.0179,0.0217,0.0000,0.0000,0.0082,0.0033,0.0000
0.2001,0.6423,1.0000,0.0028,0.0262,384.0870,35.5557,0.0000,-0.0132,-0.0132,0.0233,0.0000,0.0000,0.0158,0.0063,0.0000
0.1284,0.9560,1.0000,-0.0056,0.0136,384.0159,35.4910,0.0000,-0.0091,-0.0091,0.0236,0.0000,0.0000,0.0082,0.0033,0.0000
0.2000,0.6623,1.0000,-0.0140,0.0136,383.9554,35.4272,0.0000,-0.0059,-0.0059,0.0229,0.0000,0.0000,0.0082,0.0033,0.0000
0.1503,0.9532,1.0000,-0.0222,0.0136,383.8712,35.3591,0.0000,-0.0086,-0.0086,0.0228,0.0000,0.0000,0.0082,0.0033,0.0000
0.2001,0.8715,1.0000,-0.0306,0.0136,383.8169,35.3014,0.0000,-0.0033,-0.0033,0.0221,0.0000,0.0000,0.0082,0.0033,0.0000
0.0003,1.0739,1.0000,0.0000,-0.0008,383.7583,35.2513,0.0000,-0.0055,-0.0055,-0.0011,0.0000,0.0000,-0.0005,-0.0002,0.0000
0.2001,0.7849,1.0000,0.0084,-0.0008,383.6581,35.1752,0.0000,-0.0198,-0.0198,-0.0037,0.0000,0.0000,-0.0005,-0.0002,0.0000
0.2000,0.7643,1.0000,0.0168,-0.0008,383.5939,35.1142,0.0000,-0.0203,-0.0203,-0.0056,0.0000,0.0000,-0.0005,-0.0002,0.0000
0.0003,1.2493,1.0000,0.0135,0.0011,383.5598,35.0609,0.0000,-0.0042,-0.0042,-0.0022,0.0000,0.0000,0.0007,0.0003,0.0000
0.1522,0.8781,1.0000,0.0219,0.0011,383.4473,34.9819,0.0000,-0.0262,-0.0262,-0.0081,0.0000,0.0000,0.0007,0.0003,0.0000
0.2000,0.6317,1.0000,0.0284,-0.0008,383.3692,34.9051,0.0000,-0.0223,-0.0223,-0.0057,0.0000,0.0000,-0.0005,-0.0002,0.0000
-0.0000,1.3668,1.0000,0.0266,0.0038,383.3454,34.8489,0.0000,0.0028,0.0028,-0.0107,0.0000,0.0000,0.0023,0.0009,0.0000
-0.1658,1.0870,1.0000,0.0321,0.0011,383.2462,34.7815,0.0000,-0.0177,-0.0177,-0.0048,0.0000,0.0000,0.0007,0.0003,0.0000
0.0343,0.6128,1.0000,0.0237,0.0011,383.1897,34.7264,0.0000,-0.0135,-0.0135,0.0013,0.0000,0.0000,0.0007,0.0003,0.0000
-0.1653,1.1922,1.0000,0.0321,0.0038,383.1103,34.6544,0.0000,-0.0192,-0.0192,-0.0110,0.0000,0.0000,0.0023,0.0009,0.0000
0.0347,0.7834,1.0000,0.0405,0.0038,383.0438,34.5885,0.0000,-0.0143,-0.0143,-0.0076,0.0000,0.0000,0.0023,0.0009,0.0000
-0.0497,1.0635,1.0000,0.0321,0.0038,383.0076,34.5282,0.0000,0.0055,0.0055,-0.0027,0.0000,0.0000,0.0023,0.0009,0.0000
0.0698,0.9285,1.0000,0.0249,0.0038,382.9289,34.4566,0.0000,0.0015,0.0015,-0.0054,0.0000,0.0000,0.0023,0.0009,0.0000
0.2000,0.7038,1.0000,0.0192,0.0038,382.8530,34.3988,0.0000,-0.0077,-0.0077,-0.0020,0.0000,0.0000,0.0023,0.0009,0.0000
-0.0000,1.0556,1.0000,0.0275,0.0038,382.7813,34.3311,0.0000,-0.0081,-0.0081,-0.0001,0.0000,0.0000,0.0023,0.0009,0.0000
0.1062,0.9438,1.0000,0.0191,0.0038,382.7222,34.2684,0.0000,-0.0031,-0.0031,0.0013,0.0000,0.0000,0.0023,0.0009,0.0000
0.0753,0.9772,1.0000,0.0226,-0.0010,382.6589,34.1928,0.0000,0.0075,0.0075,-0.0149,0.0000,0.0000,-0.0006,-0.0003,0.0000
0.2000,0.8550,1.0000,0.0310,-0.0010,382.5886,34.1262,0.0000,0.0068,0.0068,-0.0130,0.0000,0.0000,-0.0006,-0.0003,0.0000
0.1340,0.9780,1.0000,0.0394,-0.0010,382.5166,34.0574,0.0000,0.0045,0.0045,-0.0116,0.0000,0.0000,-0.0006,-0.0003,0.0000
0.0812,0.9600,1.0000,0.0000,-0.0010,382.4623,33.9991,0.0000,0.0085,0.0085,-0.0098,0.0000,0.0000,-0.0006,-0.0003,0.0000
0.0627,0.9879,1.0000,-0.0084,-0.0010,382.4048,33.9244,0.0000,0.0221,0.0221,-0.0071,0.0000,0.0000,-0.0006,-0.0003,0.0000
0.2000,0.7894,1.0000,-0.0042,-0.0010,382.3226,33.8615,0.0000,0.0101,0.0101,-0.0050,0.0000,0.0000,-0.0006,-0.0003,0.0000
0.2000,0.9371,1.0000,-0.0126,-0.0010,382.2548,33.7859,0.0000,0.0161,0.0161,-0.0036,0.0000,0.0000,-0.0006,-0.0003,0.0000
0.0764,1.0068,1.0000,-0.0208,-0.0010,382.1932,33.7170,0.0000,0.0213,0.0213,-0.0036,0.0000,0.0000,-0.0006,-0.0003,0.0000
0.0177,1.0068,1.0000,-0.0255,-0.0141,382.1318,33.6422,0.0000,0.0302,0.0302,-0.0171,0.0000,0.0000,-0.0085,-0.0034,0.0000
0.0026,1.0068,1.0000,-0.0194,-0.0141,382.0690,33.5707,0.0000,0.0345,0.0345,-0.0185,0.0000,0.0000,-0.0085,-0.0034,0.0000
0.0762,0.9425,1.0000,-0.0110,-0.0141,381.9881,33.5123,0.0000,0.0170,0.0170,-0.0206,0.0000,0.0000,-0.0085,-0.0034,0.0000
0.0799,0.9425,1.0000,-0.0026,-0.0141,381.9193,33.4561,0.0000,0.0067,0.0067,-0.0215,0.0000,0.0000,-0.0085,-0.0034,0.0000
0.0563,0.9909,1.0000,0.0058,-0.0141,381.8686,33.3787,0.0000,0.0227,0.0227,-0.0240,0.0000,0.0000,-0.0085,-0.0034,0.0000
0.1998,0.8807,1.0000,0.0142,-0.0141,381.7921,33.3212,0.0000,0.0093,0.0093,-0.0244,0.0000,0.0000,-0.0085,-0.0034,0.0000
0.1786,0.9148,1.0000,0.0225,-0.0141,381.7034,33.2478,0.0000,-0.0033,-0.0033,-0.0243,0.0000,0.0000,-0.0085,-0.0034,0.0000
0.1346,0.9494,1.0000,0.0309,-0.0141,381.6442,33.1820,0.0000,0.0003,0.0003,-0.0236,0.0000,0.0000,-0.0085,-0.0034,0.0000
-0.0658,1.1414,1.0000,0.0393,0.0090,381.5846,33.1162,0.0000,0.0050,0.0050,0.0011,0.0000,0.0000,0.0054,0.0022,0.0000
0.1115,0.8779,1.0000,0.0309,0.0090,381.5144,33.0462,0.0000,0.0061,0.0061,0.0018,0.0000,0.0000,0.0054,0.0022,0.0000
0.1895,0.8806,1.0000,0.0225,0.0090,381.4569,32.9784,0.0000,0.0155,0.0155,0.0043,0.0000,0.0000,0.0054,0.0022,0.0000
0.0674,0.9828,1.0000,0.0142,0.0090,381.3921,32.9135,0.0000,0.0178,0.0178,0.0064,0.0000,0.0000,0.0054,0.0022,0.0000
0.2000,0.8823,1.0000,0.0059,0.0090,381.3377,32.8436,0.0000,0.0305,0.0305,0.0085,0.0000,0.0000,0.0054,0.0022,0.0000
0.1425,0.9094,1.0000,-0.0025,0.0090,381.2689,32.7705,0.0000,0.0353,0.0353,0.0097,0.0000,0.0000,0.0054,0.0022,0.0000
0.2004,0.8799,1.0000,-0.0109,0.0090,381.2012,32.6957,0.0000,0.0417,0.0417,0.0106,0.0000,0.0000,0.0054,0.0022,0.0000
0.0572,0.9952,1.0000,-0.0191,0.0090,381.1414,32.6336,0.0000,0.0453,0.0453,0.0114,0.0000,0.0000,0.0054,0.0022,0.0000
0.0191,1.0004,1.0000,-0.0275,-0.0125,381.0701,32.5686,0.0000,0.0422,0.0422,0.0135,0.0000,0.0000,-0.0075,-0.0030,0.0000
0.1932,0.8547,1.0000,-0.0359,-0.0125,381.0028,32.5037,0.0000,0.0404,0.0404,0.0126,0.0000,0.0000,-0.0075,-0.0030,0.0000
0.0954,0.9569,1.0000,-0.0443,-0.0125,380.9359,32.4386,0.0000,0.0403,0.0403,0.0112,0.0000,0.0000,-0.0075,-0.0030,0.0000
0.1034,0.9268,1.0000,-0.0527,-0.0125,380.8596,32.3707,0.0000,0.0342,0.0342,0.0084,0.0000,0.0000,-0.0075,-0.0030,0.0000
0.1573,0.9254,1.0000,-0.0611,-0.0125,380.7769,32.3036,0.0000,0.0233,0.0233,0.0056,0.0000,0.0000,-0.0075,-0.0030,0.0000
0.0272,1.0135,1.0000,-0.0543,-0.0125,380.6951,32.2356,0.0000,0.0135,0.0135,0.0022,0.0000,0.0000,-0.0075,-0.0030,0.0000
-0.0543,1.0575,1.0000,0.0000,-0.0125,380.6146,32.1655,0.0000,0.0055,0.0055,-0.0017,0.0000,0.0000,-0.0075,-0.0030,0.0000
-0.1003,1.0566,1.0000,0.0065,-0.0144,380.5474,32.1038,0.0000,0.0006,0.0006,-0.0123,0.0000,0.0000,-0.0087,-0.0035,0.0000
-0.0870,1.0588,1.0000,0.0149,-0.0144,380.4763,32.0435,0.0000,-0.0083,-0.0083,-0.0158,0.0000,0.0000,-0.0087,-0.0035,0.0000
0.0800,0.9056,1.0000,0.0233,-0.0144,380.4016,31.9730,0.0000,-0.0106,-0.0106,-0.0186,0.0000,0.0000,-0.0087,-0.0035,0.0000
0.1313,0.9251,1.0000,0.0317,-0.0144,380.3527,31.9109,0.0000,-0.0015,-0.0015,-0.0197,0.0000,0.0000,-0.0087,-0.0035,0.0000
0.0150,1.0183,1.0000,0.0401,-0.0144,380.2866,31.8571,0.0000,-0.0111,-0.0111,-0.0207,0.0000,0.0000,-0.0087,-0.0035,0.0000
0.2000,0.7828,1.0000,0.0485,-0.0144,380.2094,31.7854,0.0000,-0.0116,-0.0116,-0.0201,0.0000,0.0000,-0.0087,-0.0035,0.0000
0.2000,0.8460,1.0000,0.0569,-0.0144,380.1486,31.7315,0.0000,-0.0161,-0.0161,-0.0190,0.0000,0.0000,-0.0087,-0.0035,0.0000
0.0010,1.0441,1.0000,0.0651,-0.0144,380.0802,31.6591,0.0000,-0.0133,-0.0133,-0.0167,0.0000,0.0000,-0.0087,-0.0035,0.0000
0.2003,0.8052,1.0000,0.0571,-0.0144,380.0147,31.5866,0.0000,-0.0048,-0.0048,-0.0143,0.0000,0.0000,-0.0087,-0.0035,0.0000
0.0722,0.9879,1.0000,0.0595,-0.0201,379.9420,31.5185,0.0000,-0.0086,-0.0086,-0.0283,0.0000,0.0000,-0.0121,-0.0048,0.0000
0.0733,0.9706,1.0000,0.0679,-0.0201,379.8663,31.4470,0.0000,-0.0107,-0.0107,-0.0249,0.0000,0.0000,-0.0121,-0.0048,0.0000
0.0399,0.9870,1.0000,0.0670,-0.0201,379.8049,31.3848,0.0000,-0.0091,-0.0091,-0.0204,0.0000,0.0000,-0.0121,-0.0048,0.0000
-0.0230,1.0321,1.0000,0.0586,-0.0571,379.7306,31.3197,0.0000,-0.0155,-0.0155,-0.0172,0.0000,0.0000,-0.0344,-0.0138,0.0000
0.1308,0.8672,1.0000,0.0502,-0.0571,379.6424,31.2385,0.0000,-0.0189,-0.0189,-0.0140,0.0000,0.0000,-0.0344,-0.0138,0.0000
0.0557,0.9788,1.0000,0.0418,-0.0571,379.5778,31.1614,0.0000,-0.0102,-0.0102,-0.0104,0.0000,0.0000,-0.0344,-0.0138,0.0000
-0.1443,1.1881,1.0000,0.0000,-0.0487,379.5262,31.0992,0.0000,-0.0022,-0.0022,0.0094,0.0000,0.0000,-0.0294,-0.0117,0.0000
-0.0368,0.9987,1.0000,-0.0084,-0.0487,379.4515,31.0250,0.0000,-0.0020,-0.0020,0.0112,0.0000,0.0000,-0.0294,-0.0117,0.0000
0.1632,0.8033,1.0000,-0.0167,-0.0487,379.3821,30.9594,0.0000,-0.0042,-0.0042,0.0139,0.0000,0.0000,-0.0294,-0.0117,0.0000
-0.0033,1.0449,1.0000,-0.0250,-0.0487,379.3195,30.8975,0.0000,-0.0020,-0.0020,0.0151,0.0000,0.0000,-0.0294,-0.0117,0.0000
0.0560,0.9458,1.0000,-0.0334,-0.0487,379.2577,30.8274,0.0000,0.0037,0.0037,0.0154,0.0000,0.0000,-0.0294,-0.0117,0.0000
0.1999,0.8727,1.0000,-0.0418,-0.0487,379.2000,30.7563,0.0000,0.0129,0.0129,0.0152,0.0000,0.0000,-0.0294,-0.0117,0.0000
0.1295,0.9263,1.0000,-0.0502,-0.0487,379.1383,30.6939,0.0000,0.0138,0.0138,0.0142,0.0000,0.0000,-0.0294,-0.0117,0.0000
0.1507,0.9078,1.0000,-0.0586,-0.0487,379.0715,30.6347,0.0000,0.0074,0.0074,0.0114,0.0000,0.0000,-0.0294,-0.0117,0.0000
0.2001,0.8703,1.0000,0.0000,-0.0487,379.0115,30.5736,0.0000,0.0070,0.0070,0.0082,0.0000,0.0000,-0.0294,-0.0117,0.0000
0.1669,0.8856,1.0000,0.0000,-0.0487,378.9475,30.5190,0.0000,-0.0008,-0.0008,0.0047,0.0000,0.0000,-0.0294,-0.0117,0.0000
0.2000,0.8495,1.0000,0.0000,-0.0487,378.8905,30.4539,0.0000,0.0035,0.0035,0.0005,0.0000,0.0000,-0.0294,-0.0117,0.0000
0.2002,0.8355,1.0000,0.0084,-0.0386,378.8069,30.3905,0.0000,-0.0127,-0.0127,-0.0207,0.0000,0.0000,-0.0232,-0.0093,0.0000
0.2004,0.8569,1.0000,0.0167,-0.0386,378.7440,30.3284,0.0000,-0.0159,-0.0159,-0.0235,0.0000,0.0000,-0.0232,-0.0093,0.0000
0.0078,1.0417,1.0000,0.0248,-0.0386,378.6748,30.2559,0.0000,-0.0175,-0.0175,-0.0242,0.0000,0.0000,-0.0232,-0.0093,0.0000
0.1482,0.8763,1.0000,0.0332,-0.0386,378.6071,30.1903,0.0000,-0.0182,-0.0182,-0.0238,0.0000,0.0000,-0.0232,-0.0093,0.0000
0.0467,0.9931,1.0000,0.0416,-0.0386,378.5450,30.1226,0.0000,-0.0163,-0.0163,-0.0226,0.0000,0.0000,-0.0232,-0.0093,0.0000
0.1220,0.9351,1.0000,0.0500,-0.0386,378.4790,30.0572,0.0000,-0.0168,-0.0168,-0.0213,0.0000,0.0000,-0.0232,-0.0093,0.0000
0.1320,0.9110,1.0000,0.0501,-0.0386,378.4149,29.9899,0.0000,-0.0147,-0.0147,-0.0192,0.0000,0.0000,-0.0232,-0.0093,0.0000
0.1131,0.9210,1.0000,0.0585,-0.0005,378.3419,29.9252,0.0000,-0.0198,-0.0198,0.0179,0.0000,0.0000,-0.0003,-0.0001,0.0000
0.1089,0.9217,1.0000,0.0501,-0.0005,378.2803,29.8580,0.0000,-0.0131,-0.0131,0.0198,0.0000,0.0000,-0.0003,-0.0001,0.0000
0.0628,0.9670,1.0000,0.0418,-0.0005,378.2061,29.7813,0.0000,-0.0075,-0.0075,0.0224,0.0000,0.0000,-0.0003,-0.0001,0.0000
0.1999,0.9039,1.0000,0.0334,-0.0005,378.1473,29.7116,0.0000,0.0032,0.0032,0.0265,0.0000,0.0000,-0.0003,-0.0001,0.0000
-0.0001,1.0586,1.0000,0.0250,-0.0005,378.0806,29.6429,0.0000,0.0095,0.0095,0.0281,0.0000,0.0000,-0.0003,-0.0001,0.0000
0.1206,0.9055,1.0000,0.0166,-0.0005,378.0236,29.5852,0.0000,0.0106,0.0106,0.0305,0.0000,0.0000,-0.0003,-0.0001,0.0000
0.0829,0.9490,1.0000,0.0169,0.0082,377.9606,29.5187,0.0000,0.0164,0.0164,0.0323,0.0000,0.0000,0.0049,0.0020,0.0000
0.2000,0.8046,1.0000,0.0085,0.0082,377.8985,29.4551,0.0000,0.0175,0.0175,0.0336,0.0000,0.0000,0.0049,0.0020,0.0000
0.1431,0.9088,1.0000,0.0001,0.0082,377.8407,29.3916,0.0000,0.0255,0.0255,0.0346,0.0000,0.0000,0.0049,0.0020,0.0000
0.1933,0.8812,1.0000,0.0085,0.0452,377.7682,29.3181,0.0000,0.0323,0.0323,0.0811,0.0000,0.0000,0.0273,0.0109,0.0000
0.1998,0.8519,1.0000,0.0001,0.0452,377.7085,29.2512,0.0000,0.0421,0.0421,0.0810,0.0000,0.0000,0.0273,0.0109,0.0000
0.0293,1.0226,1.0000,-0.0083,0.0348,377.6495,29.1863,0.0000,0.0588,0.0588,0.0810,0.0000,0.0000,0.0210,0.0084,0.0000
0.1762,0.8887,1.0000,-0.0167,0.0348,377.5838,29.1278,0.0000,0.0547,0.0547,0.0824,0.0000,0.0000,0.0210,0.0084,0.0000
0.2000,0.8700,1.0000,-0.0251,0.0348,377.5100,29.0729,0.0000,0.0461,0.0461,0.0814,0.0000,0.0000,0.0210,0.0084,0.0000
0.1917,0.8719,1.0000,-0.0335,0.0348,377.4621,29.0141,0.0000,0.0587,0.0587,0.0812,0.0000,0.0000,0.0210,0.0084,0.0000
0.1500,0.9123,1.0000,-0.0419,0.0348,377.4054,28.9506,0.0000,0.0698,0.0698,0.0794,0.0000,0.0000,0.0210,0.0084,0.0000
0.2000,0.7523,1.0000,-0.0503,0.0348,377.3423,28.8840,0.0000,0.0712,0.0712,0.0775,0.0000,0.0000,0.0210,0.0084,0.0000
0.1905,0.8435,1.0000,-0.0587,0.0243,377.2851,28.8135,0.0000,0.0886,0.0886,0.0430,0.0000,0.0000,0.0147,0.0059,0.0000
0.1401,0.9097,1.0000,-0.0671,0.0243,377.2217,28.7477,0.0000,0.0932,0.0932,0.0396,0.0000,0.0000,0.0147,0.0059,0.0000
0.1699,0.8985,1.0000,-0.0755,0.0243,377.1465,28.6892,0.0000,0.0829,0.0829,0.0364,0.0000,0.0000,0.0147,0.0059,0.0000
0.1476,0.9067,1.0000,-0.0839,0.0243,377.0766,28.6306,0.0000,0.0762,0.0762,0.0323,0.0000,0.0000,0.0147,0.0059,0.0000
0.0922,0.9461,1.0000,-0.0923,0.0243,377.0066,28.5658,0.0000,0.0743,0.0743,0.0280,0.0000,0.0000,0.0147,0.0059,0.0000
0.1592,0.9071,1.0000,-0.0876,0.0243,376.9265,28.4994,0.0000,0.0652,0.0652,0.0229,0.0000,0.0000,0.0147,0.0059,0.0000
0.0948,0.9465,1.0000,-0.0822,0.0243,376.8542,28.4331,0.0000,0.0620,0.0620,0.0173,0.0000,0.0000,0.0147,0.0059,0.0000
-0.0101,1.0340,1.0000,-0.0898,0.0084,376.7839,28.3600,0.0000,0.0641,0.0641,-0.0175,0.0000,0.0000,0.0050,0.0020,0.0000
0.0210,0.9735,1.0000,-0.0814,0.0084,376.7065,28.3007,0.0000,0.0501,0.0501,-0.0219,0.0000,0.0000,0.0050,0.0020,0.0000
0.0027,1.0046,1.0000,-0.0730,0.0084,376.6261,28.2394,0.0000,0.0338,0.0338,-0.0274,0.0000,0.0000,0.0050,0.0020,0.0000
0.0284,0.9699,1.0000,-0.0646,0.0084,376.5707,28.1785,0.0000,0.0359,0.0359,-0.0328,0.0000,0.0000,0.0050,0.0020,0.0000
0.0049,1.0051,1.0000,-0.0730,-0.0340,376.4915,28.1144,0.0000,0.0228,0.0228,-0.0372,0.0000,0.0000,-0.0205,-0.0082,0.0000
0.2001,0.8148,1.0000,-0.0646,-0.0340,376.4038,28.0531,0.0000,0.0058,0.0058,-0.0425,0.0000,0.0000,-0.0205,-0.0082,0.0000
0.0406,1.0116,1.0000,-0.0563,-0.0340,376.3229,27.9926,0.0000,-0.0142,-0.0142,-0.0462,0.0000,0.0000,-0.0205,-0.0082,0.0000
-0.0497,1.0647,1.0000,-0.0480,-0.0340,376.2655,27.9223,0.0000,-0.0083,-0.0083,-0.0505,0.0000,0.0000,-0.0205,-0.0082,0.0000
-0.0206,1.0038,1.0000,-0.0483,-0.0427,376.1825,27.8635,0.0000,-0.0263,-0.0263,-0.0719,0.0000,0.0000,-0.0257,-0.0103,0.0000
0.0936,0.8965,1.0000,-0.0399,-0.0427,376.1067,27.8040,0.0000,-0.0369,-0.0369,-0.0757,0.0000,0.0000,-0.0257,-0.0103,0.0000
0.0127,1.0118,1.0000,-0.0316,-0.0427,376.0418,27.7399,0.0000,-0.0449,-0.0449,-0.0797,0.0000,0.0000,-0.0257,-0.0103,0.0000
0.0449,0.9564,1.0000,-0.0232,-0.0427,375.9658,27.6755,0.0000,-0.0536,-0.0536,-0.0826,0.0000,0.0000,-0.0257,-0.0103,0.0000
0.2004,0.9034,1.0000,-0.0148,-0.0427,375.8842,27.6065,0.0000,-0.0630,-0.0630,-0.0854,0.0000,0.0000,-0.0257,-0.0103,0.0000
0.0648,0.9883,1.0000,-0.0064,-0.0427,375.8090,27.5484,0.0000,-0.0812,-0.0812,-0.0879,0.0000,0.0000,-0.0257,-0.0103,0.0000
-0.0487,1.0599,1.0000,0.0020,-0.0427,375.7344,27.4826,0.0000,-0.0925,-0.0925,-0.0894,0.0000,0.0000,-0.0257,-0.0103,0.0000
0.0406,0.9427,1.0000,0.0104,-0.0427,375.6662,27.4200,0.0000,-0.0931,-0.0931,-0.0906,0.0000,0.0000,-0.0257,-0.0103,0.0000
0.0276,0.9861,1.0000,0.0188,0.0026,375.5883,27.3604,0.0000,-0.1091,-0.1091,-0.0713,0.0000,0.0000,0.0016,0.0006,0.0000
0.0350,0.9726,1.0000,0.0272,0.0026,375.5171,27.3029,0.0000,-0.1173,-0.1173,-0.0704,0.0000,0.0000,0.0016,0.0006,0.0000
0.0378,0.9726,1.0000,0.0356,0.0026,375.4507,27.2447,0.0000,-0.1224,-0.1224,-0.0702,0.0000,0.0000,0.0016,0.0006,0.0000
0.0374,0.9726,1.0000,0.0440,0.0026,375.3791,27.1753,0.0000,-0.1227,-0.1227,-0.0690,0.0000,0.0000,0.0016,0.0006,0.0000
0.1816,0.8748,1.0000,0.0524,0.0026,375.2979,27.1092,0.0000,-0.1290,-0.1290,-0.0683,0.0000,0.0000,0.0016,0.0006,0.0000
0.0599,0.9892,1.0000,0.0608,0.0026,375.2257,27.0479,0.0000,-0.1388,-0.1388,-0.0658,0.0000,0.0000,0.0016,0.0006,0.0000
-0.0188,1.0383,1.0000,0.0692,0.0026,375.1574,26.9797,0.0000,-0.1384,-0.1384,-0.0632,0.0000,0.0000,0.0016,0.0006,0.0000
0.0320,0.9577,1.0000,0.0776,0.0026,375.0770,26.9141,0.0000,-0.1443,-0.1443,-0.0602,0.0000,0.0000,0.0016,0.0006,0.0000
0.0887,0.9577,1.0000,0.0860,0.0026,375.0085,26.8493,0.0000,-0.1444,-0.1444,-0.0563,0.0000,0.0000,0.0016,0.0006,0.0000
0.0683,0.9577,1.0000,0.0843,-0.0075,374.9395,26.7768,0.0000,-0.1411,-0.1411,-0.0687,0.0000,0.0000,-0.0045,-0.0018,0.0000
0.1095,0.9362,1.0000,0.0927,-0.0075,374.8629,26.7089,0.0000,-0.1456,-0.1456,-0.0647,0.0000,0.0000,-0.0045,-0.0018,0.0000
0.0354,0.9935,1.0000,0.1011,-0.0042,374.7911,26.6374,0.0000,-0.1467,-0.1467,-0.0606,0.0000,0.0000,-0.0025,-0.0010,0.0000
-0.0011,1.0148,1.0000,0.1095,-0.0042,374.7150,26.5659,0.0000,-0.1493,-0.1493,-0.0560,0.0000,0.0000,-0.0025,-0.0010,0.0000
-0.0054,1.0060,1.0000,0.1179,-0.0042,374.6611,26.5034,0.0000,-0.1414,-0.1414,-0.0513,0.0000,0.0000,-0.0025,-0.0010,0.0000
-0.0387,1.0358,1.0000,0.1229,-0.0076,374.5908,26.4331,0.0000,-0.1401,-0.1401,-0.0456,0.0000,0.0000,-0.0046,-0.0018,0.0000
0.1614,0.8221,1.0000,0.1313,-0.0076,374.5268,26.3638,0.0000,-0.1303,-0.1303,-0.0403,0.0000,0.0000,-0.0046,-0.0018,0.0000
0.0580,0.9864,1.0000,0.1266,-0.0076,374.4641,26.2944,0.0000,-0.1265,-0.1265,-0.0335,0.0000,0.0000,-0.0046,-0.0018,0.0000
0.0759,0.9378,1.0000,0.1350,0.0348,374.3977,26.2307,0.0000,-0.1218,-0.1218,0.0276,0.0000,0.0000,0.0210,0.0084,0.0000
0.1175,0.9302,1.0000,0.1266,0.0348,374.3351,26.1625,0.0000,-0.1104,-0.1104,0.0350,0.0000,0.0000,0.0210,0.0084,0.0000
0.1224,0.9126,1.0000,0.1182,0.0348,374.2781,26.0927,0.0000,-0.0943,-0.0943,0.0424,0.0000,0.0000,0.0210,0.0084,0.0000
0.1122,0.9202,1.0000,0.1098,0.0151,374.2250,26.0134,0.0000,-0.0677,-0.0677,0.0504,0.0000,0.0000,0.0091,0.0036,0.0000
0.0760,0.9545,1.0000,0.1014,0.0151,374.1508,25.9451,0.0000,-0.0634,-0.0634,0.0569,0.0000,0.0000,0.0091,0.0036,0.0000
0.0656,0.9545,1.0000,0.0930,0.0151,374.0897,25.8714,0.0000,-0.0470,-0.0470,0.0634,0.0000,0.0000,0.0091,0.0036,0.0000
0.0206,0.9989,1.0000,0.0846,0.0151,374.0250,25.7908,0.0000,-0.0267,-0.0267,0.0696,0.0000,0.0000,0.0091,0.0036,0.0000
0.0508,0.9526,1.0000,0.0762,0.0151,373.9553,25.7093,0.0000,-0.0129,-0.0129,0.0745,0.0000,0.0000,0.0091,0.0036,0.0000
-0.0073,1.0266,1.0000,0.0678,-0.0229,373.8953,25.6400,0.0000,0.0003,0.0003,0.0338,0.0000,0.0000,-0.0138,-0.0055,0.0000
-0.0669,1.0659,1.0000,0.0594,-0.0229,373.8238,25.5599,0.0000,0.0094,0.0094,0.0386,0.0000,0.0000,-0.0138,-0.0055,0.0000
0.0743,0.9101,1.0000,0.0510,-0.0229,373.7717,25.4970,0.0000,0.0156,0.0156,0.0421,0.0000,0.0000,-0.0138,-0.0055,0.0000
-0.0479,1.0655,1.0000,0.0426,-0.0257,373.7117,25.4257,0.0000,0.0291,0.0291,0.0464,0.0000,0.0000,-0.0155,-0.0062,0.0000
0.1521,0.8105,1.0000,0.0342,-0.0257,373.6483,25.3582,0.0000,0.0273,0.0273,0.0497,0.0000,0.0000,-0.0155,-0.0062,0.0000
0.1143,0.9251,1.0000,0.0258,-0.0257,373.5855,25.2798,0.0000,0.0425,0.0425,0.0525,0.0000,0.0000,-0.0155,-0.0062,0.0000
0.1170,0.9173,1.0000,0.0217,-0.0213,373.5262,25.2142,0.0000,0.0477,0.0477,0.0549,0.0000,0.0000,-0.0129,-0.0051,0.0000
0.0343,0.9972,1.0000,0.0133,-0.0213,373.4640,25.1426,0.0000,0.0575,0.0575,0.0570,0.0000,0.0000,-0.0129,-0.0051,0.0000
0.1780,0.8772,1.0000,0.0049,-0.0213,373.4032,25.0679,0.0000,0.0646,0.0646,0.0588,0.0000,0.0000,-0.0129,-0.0051,0.0000
0.1072,0.9394,1.0000,-0.0035,-0.0230,373.3380,24.9992,0.0000,0.0690,0.0690,0.0494,0.0000,0.0000,-0.0139,-0.0055,0.0000
0.0741,0.9557,1.0000,-0.0119,-0.0230,373.2821,24.9248,0.0000,0.0821,0.0821,0.0507,0.0000,0.0000,-0.0139,-0.0055,0.0000
0.0923,0.9385,1.0000,-0.0203,-0.0230,373.2201,24.8524,0.0000,0.0879,0.0879,0.0507,0.0000,0.0000,-0.0139,-0.0055,0.0000
0.1131,0.9236,1.0000,-0.0287,-0.0230,373.1537,24.7806,0.0000,0.0901,0.0901,0.0507,0.0000,0.0000,-0.0139,-0.0055,0.0000
0.0861,0.9447,1.0000,-0.0370,-0.0230,373.0859,24.7112,0.0000,0.0901,0.0901,0.0497,0.0000,0.0000,-0.0139,-0.0055,0.0000
0.0565,0.9694,1.0000,-0.0454,-0.0230,373.0206,24.6373,0.0000,0.0951,0.0951,0.0484,0.0000,0.0000,-0.0139,-0.0055,0.0000
0.0534,0.9623,1.0000,-0.0538,-0.0230,372.9567,24.5748,0.0000,0.0918,0.0918,0.0463,0.0000,0.0000,-0.0139,-0.0055,0.0000
0.0385,0.9780,1.0000,-0.0622,-0.0230,372.8933,24.5070,0.0000,0.0928,0.0928,0.0434,0.0000,0.0000,-0.0139,-0.0055,0.0000
0.1679,0.8870,1.0000,-0.0705,-0.0230,372.8267,24.4431,0.0000,0.0867,0.0867,0.0407,0.0000,0.0000,-0.0139,-0.0055,0.0000
0.1336,0.9205,1.0000,-0.0734,-0.0175,372.7626,24.3787,0.0000,0.0858,0.0858,0.0477,0.0000,0.0000,-0.0106,-0.0042,0.0000
0.1175,0.9168,1.0000,-0.0818,-0.0175,372.7061,24.3125,0.0000,0.0908,0.0908,0.0439,0.0000,0.0000,-0.0106,-0.0042,0.0000
0.1727,0.9012,1.0000,-0.0902,-0.0175,372.6355,24.2410,0.0000,0.0889,0.0889,0.0392,0.0000,0.0000,-0.0106,-0.0042,0.0000
0.1995,0.8624,1.0000,-0.0986,-0.0175,372.5758,24.1905,0.0000,0.0794,0.0794,0.0343,0.0000,0.0000,-0.0106,-0.0042,0.0000
0.0549,0.9973,1.0000,-0.1069,-0.0175,372.4980,24.1161,0.0000,0.0767,0.0767,0.0292,0.0000,0.0000,-0.0106,-0.0042,0.0000
0.2000,0.7792,1.0000,-0.1153,-0.0175,372.4387,24.0492,0.0000,0.0767,0.0767,0.0240,0.0000,0.0000,-0.0106,-0.0042,0.0000
0.0003,1.0688,1.0000,-0.1236,-0.0175,372.3640,23.9888,0.0000,0.0672,0.0672,0.0186,0.0000,0.0000,-0.0106,-0.0042,0.0000
0.1407,0.8860,1.0000,-0.1187,-0.0175,372.2888,23.9194,0.0000,0.0583,0.0583,0.0120,0.0000,0.0000,-0.0106,-0.0042,0.0000
0.0868,0.9563,1.0000,-0.1271,-0.0199,372.2142,23.8570,0.0000,0.0510,0.0510,0.0424,0.0000,0.0000,-0.0120,-0.0048,0.0000
0.0063,1.0172,1.0000,-0.1355,-0.0199,372.1483,23.7991,0.0000,0.0464,0.0464,0.0356,0.0000,0.0000,-0.0120,-0.0048,0.0000
0.0321,0.9674,1.0000,-0.1309,-0.0199,372.0724,23.7369,0.0000,0.0362,0.0362,0.0292,0.0000,0.0000,-0.0120,-0.0048,0.0000
0.1756,0.8730,1.0000,-0.1237,-0.0199,371.9993,23.6645,0.0000,0.0346,0.0346,0.0211,0.0000,0.0000,-0.0120,-0.0048,0.0000
0.0707,0.9757,1.0000,-0.1153,-0.0199,371.9276,23.6096,0.0000,0.0236,0.0236,0.0139,0.0000,0.0000,-0.0120,-0.0048,0.0000
0.0005,1.0215,1.0000,-0.1069,-0.0199,371.8585,23.5500,0.0000,0.0169,0.0169,0.0071,0.0000,0.0000,-0.0120,-0.0048,0.0000
0.1333,0.8995,1.0000,0.0000,-0.0199,371.7881,23.4909,0.0000,0.0088,0.0088,0.0003,0.0000,0.0000,-0.0120,-0.0048,0.0000
0.2004,0.9069,1.0000,0.0000,-0.0199,371.7168,23.4328,0.0000,0.0000,0.0000,-0.0058,0.0000,0.0000,-0.0120,-0.0048,0.0000
0.1996,0.9139,1.0000,0.0000,-0.0158,371.6468,23.3733,0.0000,-0.0064,-0.0064,-0.0024,0.0000,0.0000,-0.0095,-0.0038,0.0000
0.1874,0.9146,1.0000,0.0083,-0.0158,371.5771,23.3164,0.0000,-0.0137,-0.0137,-0.0075,0.0000,0.0000,-0.0095,-0.0038,0.0000
0.1679,0.9117,1.0000,0.0167,-0.0158,371.5139,23.2602,0.0000,-0.0174,-0.0174,-0.0131,0.0000,0.0000,-0.0095,-0.0038,0.0000
0.1680,0.8936,1.0000,0.0251,-0.0158,371.4409,23.1999,0.0000,-0.0236,-0.0236,-0.0168,0.0000,0.0000,-0.0095,-0.0038,0.0000
0.1999,0.8392,1.0000,0.0335,-0.0158,371.3749,23.1427,0.0000,-0.0269,-0.0269,-0.0203,0.0000,0.0000,-0.0095,-0.0038,0.0000
0.1168,0.9398,1.0000,0.0419,-0.0158,371.3101,23.0865,0.0000,-0.0310,-0.0310,-0.0223,0.0000,0.0000,-0.0095,-0.0038,0.0000
0.1999,0.8660,1.0000,0.0503,-0.0158,371.2284,23.0280,0.0000,-0.0428,-0.0428,-0.0240,0.0000,0.0000,-0.0095,-0.0038,0.0000
0.2002,0.8509,1.0000,0.0586,-0.0158,371.1538,22.9665,0.0000,-0.0476,-0.0476,-0.0241,0.0000,0.0000,-0.0095,-0.0038,0.0000
0.0600,0.9964,1.0000,0.0670,-0.0130,371.0894,22.9030,0.0000,-0.0451,-0.0451,-0.0132,0.0000,0.0000,-0.0078,-0.0031,0.0000
0.0574,0.9590,1.0000,0.0754,-0.0130,371.0204,22.8377,0.0000,-0.0414,-0.0414,-0.0116,0.0000,0.0000,-0.0078,-0.0031,0.0000
0.1772,0.8961,1.0000,0.0731,-0.0130,370.9533,22.7701,0.0000,-0.0343,-0.0343,-0.0093,0.0000,0.0000,-0.0078,-0.0031,0.0000
0.1224,0.9427,1.0000,0.0675,-0.0130,370.8840,22.7089,0.0000,-0.0339,-0.0339,-0.0066,0.0000,0.0000,-0.0078,-0.0031,0.0000
0.0961,0.9455,1.0000,0.0638,-0.0130,370.8043,22.6437,0.0000,-0.0368,-0.0368,-0.0032,0.0000,0.0000,-0.0078,-0.0031,0.0000
0.1428,0.9165,1.0000,0.0554,-0.0130,370.7354,22.5769,0.0000,-0.0308,-0.0308,0.0012,0.0000,0.0000,-0.0078,-0.0031,0.0000
0.0159,1.0202,1.0000,0.0470,-0.0130,370.6740,22.5187,0.0000,-0.0268,-0.0268,0.0042,0.0000,0.0000,-0.0078,-0.0031,0.0000
0.0738,0.9524,1.0000,0.0386,-0.0130,370.6177,22.4605,0.0000,-0.0194,-0.0194,0.0078,0.0000,0.0000,-0.0078,-0.0031,0.0000
0.2000,0.8393,1.0000,0.0302,-0.0130,370.5422,22.3873,0.0000,-0.0145,-0.0145,0.0105,0.0000,0.0000,-0.0078,-0.0031,0.0000
0.2000,0.8043,1.0000,0.0267,-0.0081,370.4758,22.3251,0.0000,-0.0119,-0.0119,-0.0028,0.0000,0.0000,-0.0049,-0.0019,0.0000
0.0037,1.0431,1.0000,0.0000,-0.0081,370.4173,22.2612,0.0000,-0.0039,-0.0039,-0.0007,0.0000,0.0000,-0.0049,-0.0019,0.0000
0.1903,0.9022,1.0000,0.0000,-0.0081,370.3487,22.1954,0.0000,-0.0012,-0.0012,0.0011,0.0000,0.0000,-0.0049,-0.0019,0.0000
0.2002,0.8602,1.0000,0.0000,-0.0081,370.2855,22.1336,0.0000,0.0021,0.0021,0.0029,0.0000,0.0000,-0.0049,-0.0019,0.0000
0.2000,0.9422,1.0000,0.0000,-0.0081,370.2155,22.0759,0.0000,-0.0023,-0.0023,0.0042,0.0000,0.0000,-0.0049,-0.0019,0.0000
0.2000,0.8770,1.0000,0.0000,-0.0081,370.1551,22.0145,0.0000,0.0015,0.0015,0.0039,0.0000,0.0000,-0.0049,-0.0019,0.0000
0.1999,0.8987,1.0000,0.0000,-0.0081,370.0867,21.9496,0.0000,0.0030,0.0030,0.0041,0.0000,0.0000,-0.0049,-0.0019,0.0000
0.1997,0.8538,1.0000,0.0000,-0.0081,370.0291,21.8881,0.0000,0.0092,0.0092,0.0046,0.0000,0.0000,-0.0049,-0.0019,0.0000
0.2000,0.9349,1.0000,0.0000,-0.0097,369.9632,21.8300,0.0000,0.0072,0.0072,-0.0011,0.0000,0.0000,-0.0058,-0.0023,0.0000
0.2002,0.8355,1.0000,0.0000,-0.0097,369.8976,21.7657,0.0000,0.0094,0.0094,-0.0012,0.0000,0.0000,-0.0058,-0.0023,0.0000
0.2004,0.8709,1.0000,-0.0084,-0.0097,369.8353,21.7029,0.0000,0.0129,0.0129,-0.0009,0.0000,0.0000,-0.0058,-0.0023,0.0000
0.2001,0.9105,1.0000,-0.0168,-0.0097,369.7667,21.6426,0.0000,0.0103,0.0103,-0.0003,0.0000,0.0000,-0.0058,-0.0023,0.0000
0.1997,0.8773,1.0000,0.0000,-0.0097,369.7085,21.5896,0.0000,0.0095,0.0095,-0.0001,0.0000,0.0000,-0.0058,-0.0023,0.0000
0.2000,0.9054,1.0000,-0.0084,-0.0097,369.6438,21.5278,0.0000,0.0100,0.0100,-0.0011,0.0000,0.0000,-0.0058,-0.0023,0.0000
0.2000,0.7802,1.0000,-0.0160,-0.0097,369.5821,21.4617,0.0000,0.0157,0.0157,-0.0025,0.0000,0.0000,-0.0058,-0.0023,0.0000
0.2000,0.8871,1.0000,-0.0244,-0.0097,369.5163,21.4038,0.0000,0.0131,0.0131,-0.0025,0.0000,0.0000,-0.0058,-0.0023,0.0000
0.2004,0.8964,1.0000,-0.0327,-0.0097,369.4468,21.3399,0.0000,0.0120,0.0120,-0.0030,0.0000,0.0000,-0.0058,-0.0023,0.0000
0.1849,0.8685,1.0000,-0.0411,-0.0339,369.3851,21.2843,0.0000,0.0097,0.0097,-0.0111,0.0000,0.0000,-0.0204,-0.0082,0.0000
0.1187,0.9354,1.0000,-0.0328,-0.0339,369.3267,21.2268,0.0000,0.0103,0.0103,-0.0123,0.0000,0.0000,-0.0204,-0.0082,0.0000
0.2000,0.8239,1.0000,-0.0244,-0.0339,369.2565,21.1665,0.0000,0.0057,0.0057,-0.0144,0.0000,0.0000,-0.0204,-0.0082,0.0000
0.2000,0.8128,1.0000,-0.0160,-0.0339,369.2023,21.1094,0.0000,0.0085,0.0085,-0.0180,0.0000,0.0000,-0.0204,-0.0082,0.0000
0.1655,0.9179,1.0000,-0.0077,-0.0339,369.1275,21.0516,0.0000,-0.0027,-0.0027,-0.0198,0.0000,0.0000,-0.0204,-0.0082,0.0000
0.2000,0.7791,1.0000,0.0007,-0.0339,369.0542,20.9854,0.0000,-0.0044,-0.0044,-0.0215,0.0000,0.0000,-0.0204,-0.0082,0.0000
0.1398,0.9381,1.0000,0.0090,-0.0339,368.9922,20.9314,0.0000,-0.0097,-0.0097,-0.0222,0.0000,0.0000,-0.0204,-0.0082,0.0000
0.0754,0.9795,1.0000,0.0174,-0.0339,368.9209,20.8733,0.0000,-0.0174,-0.0174,-0.0230,0.0000,0.0000,-0.0204,-0.0082,0.0000
0.2000,0.8155,1.0000,0.0258,-0.0339,368.8500,20.8072,0.0000,-0.0161,-0.0161,-0.0224,0.0000,0.0000,-0.0204,-0.0082,0.0000
0.1399,0.9119,1.0000,0.0342,0.0160,368.7857,20.7442,0.0000,-0.0102,-0.0102,0.0187,0.0000,0.0000,0.0097,0.0039,0.0000
0.0757,0.9609,1.0000,0.0258,0.0160,368.7155,20.6785,0.0000,-0.0062,-0.0062,0.0195,0.0000,0.0000,0.0097,0.0039,0.0000
0.1814,0.8930,1.0000,0.0174,0.0160,368.6462,20.6128,0.0000,-0.0022,-0.0022,0.0211,0.0000,0.0000,0.0097,0.0039,0.0000
0.0997,0.9529,1.0000,0.0090,0.0160,368.5782,20.5511,0.0000,0.0011,0.0011,0.0230,0.0000,0.0000,0.0097,0.0039,0.0000
0.0811,0.9472,1.0000,0.0006,0.0160,368.5118,20.4942,0.0000,0.0010,0.0010,0.0246,0.0000,0.0000,0.0097,0.0039,0.0000
0.1764,0.9098,1.0000,-0.0077,0.0160,368.4363,20.4216,0.0000,0.0061,0.0061,0.0258,0.0000,0.0000,0.0097,0.0039,0.0000
0.1999,0.8671,1.0000,-0.0161,0.0160,368.3823,20.3550,0.0000,0.0205,0.0205,0.0266,0.0000,0.0000,0.0097,0.0039,0.0000
0.0147,1.0386,1.0000,-0.0245,0.0150,368.3020,20.2851,0.0000,0.0224,0.0224,0.0246,0.0000,0.0000,0.0090,0.0036,0.0000
0.1595,0.8505,1.0000,-0.0329,0.0150,368.2369,20.2195,0.0000,0.0261,0.0261,0.0238,0.0000,0.0000,0.0090,0.0036,0.0000
-0.0232,1.0552,1.0000,-0.0412,0.0150,368.1718,20.1611,0.0000,0.0287,0.0287,0.0221,0.0000,0.0000,0.0090,0.0036,0.0000
0.0851,0.9161,1.0000,-0.0494,0.0150,368.0867,20.0999,0.0000,0.0159,0.0159,0.0198,0.0000,0.0000,0.0090,0.0036,0.0000
0.1999,0.8672,1.0000,-0.0578,0.0150,368.0299,20.0329,0.0000,0.0276,0.0276,0.0179,0.0000,0.0000,0.0090,0.0036,0.0000
0.0054,1.0413,1.0000,-0.0662,0.0009,367.9549,19.9733,0.0000,0.0225,0.0225,0.0141,0.0000,0.0000,0.0006,0.0002,0.0000
0.2000,0.8689,1.0000,-0.0745,0.0009,367.8932,19.9107,0.0000,0.0265,0.0265,0.0113,0.0000,0.0000,0.0006,0.0002,0.0000
0.1078,0.9516,1.0000,-0.0671,0.0009,367.8026,19.8393,0.0000,0.0188,0.0188,0.0069,0.0000,0.0000,0.0006,0.0002,0.0000
0.1960,0.8703,1.0000,-0.0587,0.0009,367.7270,19.7788,0.0000,0.0121,0.0121,0.0021,0.0000,0.0000,0.0006,0.0002,0.0000
-0.0032,1.1452,1.0000,-0.0598,-0.0083,367.6383,19.7128,0.0000,-0.0035,-0.0035,-0.0201,0.0000,0.0000,-0.0050,-0.0020,0.0000
0.0342,0.9619,1.0000,-0.0514,-0.0083,367.5804,19.6482,0.0000,0.0052,0.0052,-0.0243,0.0000,0.0000,-0.0050,-0.0020,0.0000
-0.0856,1.0974,1.0000,-0.0430,0.0025,367.4995,19.5802,0.0000,-0.0027,-0.0027,-0.0284,0.0000,0.0000,0.0015,0.0006,0.0000
0.1139,0.8581,1.0000,-0.0347,0.0025,367.4152,19.5184,0.0000,-0.0119,-0.0119,-0.0321,0.0000,0.0000,0.0015,0.0006,0.0000
-0.0179,1.0480,1.0000,-0.0263,0.0025,367.3566,19.4665,0.0000,-0.0176,-0.0176,-0.0353,0.0000,0.0000,0.0015,0.0006,0.0000
-0.0418,1.0382,1.0000,-0.0179,0.0025,367.2859,19.4116,0.0000,-0.0259,-0.0259,-0.0385,0.0000,0.0000,0.0015,0.0006,0.0000
0.1582,0.7759,1.0000,-0.0095,0.0025,367.2131,19.3568,0.0000,-0.0301,-0.0301,-0.0406,0.0000,0.0000,0.0015,0.0006,0.0000
0.1576,0.8884,1.0000,-0.0011,0.0025,367.1360,19.2943,0.0000,-0.0388,-0.0388,-0.0427,0.0000,0.0000,0.0015,0.0006,0.0000
0.1369,0.9042,1.0000,0.0073,0.0246,367.0656,19.2337,0.0000,-0.0383,-0.0383,-0.0027,0.0000,0.0000,0.0148,0.0059,0.0000
0.0524,0.9836,1.0000,0.0157,0.0246,366.9954,19.1801,0.0000,-0.0427,-0.0427,-0.0037,0.0000,0.0000,0.0148,0.0059,0.0000
0.1620,0.9210,1.0000,0.0241,0.0246,366.9227,19.1217,0.0000,-0.0445,-0.0445,-0.0037,0.0000,0.0000,0.0148,0.0059,0.0000
0.2001,0.8761,1.0000,0.0325,0.0246,366.8511,19.0663,0.0000,-0.0475,-0.0475,-0.0027,0.0000,0.0000,0.0148,0.0059,0.0000
0.1490,0.9241,1.0000,0.0409,0.0246,366.7784,19.0097,0.0000,-0.0501,-0.0501,-0.0013,0.0000,0.0000,0.0148,0.0059,0.0000
0.1431,0.8974,1.0000,0.0493,0.0246,366.7020,18.9511,0.0000,-0.0535,-0.0535,-0.0001,0.0000,0.0000,0.0148,0.0059,0.0000
0.1406,0.9131,1.0000,0.0576,0.0246,366.6272,18.8849,0.0000,-0.0497,-0.0497,0.0021,0.0000,0.0000,0.0148,0.0059,0.0000
0.0895,0.9547,1.0000,0.0492,-0.0657,366.5564,18.8245,0.0000,-0.0484,-0.0484,-0.0402,0.0000,0.0000,-0.0396,-0.0158,0.0000
0.0362,0.9905,1.0000,0.0544,-0.0657,366.4883,18.7597,0.0000,-0.0459,-0.0459,-0.0373,0.0000,0.0000,-0.0396,-0.0158,0.0000
0.1355,0.9331,1.0000,0.0507,-0.0657,366.4233,18.6959,0.0000,-0.0403,-0.0403,-0.0345,0.0000,0.0000,-0.0396,-0.0158,0.0000
0.1028,0.9331,1.0000,0.0472,-0.0657,366.3602,18.6355,0.0000,-0.0367,-0.0367,-0.0313,0.0000,0.0000,-0.0396,-0.0158,0.0000
0.1601,0.9037,1.0000,0.0451,-0.0657,366.2783,18.5684,0.0000,-0.0405,-0.0405,-0.0278,0.0000,0.0000,-0.0396,-0.0158,0.0000
0.2001,0.8668,1.0000,0.0424,-0.0657,366.2094,18.5053,0.0000,-0.0388,-0.0388,-0.0251,0.0000,0.0000,-0.0396,-0.0158,0.0000
0.0013,1.0496,1.0000,0.0410,-0.0657,366.1299,18.4428,0.0000,-0.0471,-0.0471,-0.0223,0.0000,0.0000,-0.0396,-0.0158,0.0000
0.0983,0.9269,1.0000,0.0388,-0.0657,366.0616,18.3786,0.0000,-0.0433,-0.0433,-0.0198,0.0000,0.0000,-0.0396,-0.0158,0.0000
0.0239,1.0021,1.0000,0.0472,0.0224,365.9928,18.3130,0.0000,-0.0407,-0.0407,0.0053,0.0000,0.0000,0.0135,0.0054,0.0000
0.1442,0.9302,1.0000,0.0556,0.0224,365.9250,18.2544,0.0000,-0.0404,-0.0404,0.0075,0.0000,0.0000,0.0135,0.0054,0.0000
0.1070,0.9428,1.0000,0.0536,0.0224,365.8594,18.1886,0.0000,-0.0328,-0.0328,0.0101,0.0000,0.0000,0.0135,0.0054,0.0000
0.1848,0.8881,1.0000,0.0534,0.0224,365.8004,18.1329,0.0000,-0.0287,-0.0287,0.0129,0.0000,0.0000,0.0135,0.0054,0.0000
0.1303,0.9224,1.0000,0.0451,0.0224,365.7340,18.0712,0.0000,-0.0241,-0.0241,0.0163,0.0000,0.0000,0.0135,0.0054,0.0000
0.1999,0.8046,1.0000,0.0367,0.0224,365.6650,18.0075,0.0000,-0.0215,-0.0215,0.0189,0.0000,0.0000,0.0135,0.0054,0.0000
0.1529,0.8992,1.0000,0.0283,0.0224,365.6084,17.9454,0.0000,-0.0098,-0.0098,0.0219,0.0000,0.0000,0.0135,0.0054,0.0000
0.1086,0.9309,1.0000,0.0199,0.0224,365.5334,17.8722,0.0000,-0.0027,-0.0027,0.0238,0.0000,0.0000,0.0135,0.0054,0.0000
0.2001,0.8346,1.0000,0.0115,0.0224,365.4686,17.8069,0.0000,0.0038,0.0038,0.0266,0.0000,0.0000,0.0135,0.0054,0.0000
0.0093,1.0394,1.0000,0.0031,0.0115,365.4027,17.7373,0.0000,0.0149,0.0149,0.0110,0.0000,0.0000,0.0069,0.0028,0.0000
0.1230,0.9129,1.0000,-0.0053,0.0115,365.3354,17.6745,0.0000,0.0162,0.0162,0.0122,0.0000,0.0000,0.0069,0.0028,0.0000
0.0908,0.9506,1.0000,-0.0137,0.0115,365.2574,17.6094,0.0000,0.0127,0.0127,0.0131,0.0000,0.0000,0.0069,0.0028,0.0000
0.1538,0.9131,1.0000,-0.0221,-0.0291,365.1892,17.5490,0.0000,0.0115,0.0115,0.0131,0.0000,0.0000,-0.0175,-0.0070,0.0000
0.0327,1.0072,1.0000,-0.0304,-0.0291,365.1261,17.4945,0.0000,0.0096,0.0096,0.0120,0.0000,0.0000,-0.0175,-0.0070,0.0000
0.1586,0.9029,1.0000,-0.0388,-0.0291,365.0503,17.4203,0.0000,0.0125,0.0125,0.0107,0.0000,0.0000,-0.0175,-0.0070,0.0000
0.2000,0.8265,1.0000,-0.0472,-0.0291,364.9797,17.3551,0.0000,0.0126,0.0126,0.0095,0.0000,0.0000,-0.0175,-0.0070,0.0000
0.0001,1.0514,1.0000,0.0000,-0.0291,364.9013,17.3018,0.0000,-0.0009,-0.0009,0.0066,0.0000,0.0000,-0.0175,-0.0070,0.0000
0.0431,0.9529,1.0000,0.0084,0.0334,364.8418,17.2458,0.0000,-0.0005,-0.0005,0.0838,0.0000,0.0000,0.0201,0.0081,0.0000
0.1033,0.9422,1.0000,0.0000,0.0334,364.7641,17.1856,0.0000,-0.0019,-0.0019,0.0809,0.0000,0.0000,0.0201,0.0081,0.0000
0.2000,0.8100,1.0000,-0.0084,0.0334,364.6927,17.1249,0.0000,-0.0036,-0.0036,0.0784,0.0000,0.0000,0.0201,0.0081,0.0000
0.0779,0.9756,1.0000,-0.0135,0.0367,364.6379,17.0701,0.0000,0.0120,0.0120,0.0768,0.0000,0.0000,0.0221,0.0088,0.0000
0.1327,0.9293,1.0000,-0.0219,0.0367,364.5650,17.0055,0.0000,0.0170,0.0170,0.0767,0.0000,0.0000,0.0221,0.0088,0.0000
0.2000,0.7684,1.0000,-0.0302,0.0367,364.4866,16.9454,0.0000,0.0104,0.0104,0.0760,0.0000,0.0000,0.0221,0.0088,0.0000
0.0888,0.9654,1.0000,-0.0386,0.0367,364.4202,16.8774,0.0000,0.0306,0.0306,0.0745,0.0000,0.0000,0.0221,0.0088,0.0000
0.0472,0.9794,1.0000,-0.0470,0.0367,364.3388,16.8126,0.0000,0.0322,0.0322,0.0731,0.0000,0.0000,0.0221,0.0088,0.0000
0.1092,0.9423,1.0000,-0.0554,0.0367,364.2649,16.7612,0.0000,0.0253,0.0253,0.0706,0.0000,0.0000,0.0221,0.0088,0.0000
-0.0032,1.0315,1.0000,-0.0638,-0.0374,364.1883,16.6926,0.0000,0.0262,0.0262,-0.0257,0.0000,0.0000,-0.0225,-0.0090,0.0000
0.1254,0.8943,1.0000,-0.0554,-0.0374,364.1153,16.6314,0.0000,0.0216,0.0216,-0.0291,0.0000,0.0000,-0.0225,-0.0090,0.0000
0.0135,1.0194,1.0000,-0.0638,-0.0830,364.0363,16.5674,0.0000,0.0108,0.0108,-0.0332,0.0000,0.0000,-0.0501,-0.0200,0.0000
0.1085,0.9450,1.0000,-0.0554,-0.0830,363.9664,16.5088,0.0000,0.0053,0.0053,-0.0375,0.0000,0.0000,-0.0501,-0.0200,0.0000
0.0199,1.0091,1.0000,-0.0470,-0.0830,363.8870,16.4566,0.0000,-0.0131,-0.0131,-0.0404,0.0000,0.0000,-0.0501,-0.0200,0.0000
0.1430,0.9051,1.0000,-0.0387,-0.0830,363.8141,16.3989,0.0000,-0.0203,-0.0203,-0.0444,0.0000,0.0000,-0.0501,-0.0200,0.0000
0.1019,0.9435,1.0000,-0.0304,-0.0830,363.7271,16.3395,0.0000,-0.0384,-0.0384,-0.0476,0.0000,0.0000,-0.0501,-0.0200,0.0000
0.1086,0.9231,1.0000,-0.0220,-0.0830,363.6488,16.2825,0.0000,-0.0505,-0.0505,-0.0501,0.0000,0.0000,-0.0501,-0.0200,0.0000
-0.0250,1.0458,1.0000,-0.0136,-0.0425,363.5747,16.2249,0.0000,-0.0581,-0.0581,-0.0036,0.0000,0.0000,-0.0256,-0.0102,0.0000
0.0279,0.9607,1.0000,-0.0052,-0.0425,363.4958,16.1529,0.0000,-0.0545,-0.0545,-0.0055,0.0000,0.0000,-0.0256,-0.0102,0.0000
0.1317,0.9318,1.0000,0.0032,0.0053,363.4138,16.0963,0.0000,-0.0646,-0.0646,-0.0072,0.0000,0.0000,0.0032,0.0013,0.0000
-0.0278,1.0577,1.0000,0.0116,0.0053,363.3348,16.0292,0.0000,-0.0647,-0.0647,-0.0076,0.0000,0.0000,0.0032,0.0013,0.0000
-0.0023,0.9896,1.0000,0.0200,0.0053,363.2596,15.9709,0.0000,-0.0680,-0.0680,-0.0073,0.0000,0.0000,0.0032,0.0013,0.0000
-0.0370,1.0270,1.0000,0.0284,0.0053,363.1717,15.9084,0.0000,-0.0768,-0.0768,-0.0071,0.0000,0.0000,0.0032,0.0013,0.0000
0.0396,0.9432,1.0000,0.0368,0.0053,363.1041,15.8482,0.0000,-0.0735,-0.0735,-0.0063,0.0000,0.0000,0.0032,0.0013,0.0000
-0.0549,1.0696,1.0000,0.0420,0.0020,363.0591,15.7867,0.0000,-0.0548,-0.0548,-0.0082,0.0000,0.0000,0.0012,0.0005,0.0000
0.0905,0.8978,1.0000,0.0504,0.0020,362.9846,15.7285,0.0000,-0.0574,-0.0574,-0.0072,0.0000,0.0000,0.0012,0.0005,0.0000
0.2000,0.7577,1.0000,0.0588,0.0020,362.9200,15.6695,0.0000,-0.0528,-0.0528,-0.0051,0.0000,0.0000,0.0012,0.0005,0.0000
0.1286,0.9371,1.0000,0.0670,0.0020,362.8480,15.6115,0.0000,-0.0542,-0.0542,-0.0022,0.0000,0.0000,0.0012,0.0005,0.0000
0.2002,0.8681,1.0000,0.0753,0.0021,362.7940,15.5597,0.0000,-0.0484,-0.0484,0.0004,0.0000,0.0000,0.0013,0.0005,0.0000
0.1493,0.9161,1.0000,0.0738,0.0021,362.7101,15.4899,0.0000,-0.0477,-0.0477,0.0039,0.0000,0.0000,0.0013,0.0005,0.0000
0.2000,0.7430,1.0000,0.0654,0.0021,362.6514,15.4344,0.0000,-0.0423,-0.0423,0.0074,0.0000,0.0000,0.0013,0.0005,0.0000
-0.0003,1.0814,1.0000,0.0578,0.0029,362.5800,15.3706,0.0000,-0.0367,-0.0367,0.0108,0.0000,0.0000,0.0017,0.0007,0.0000
0.1997,0.8024,1.0000,0.0494,0.0029,362.5246,15.3130,0.0000,-0.0285,-0.0285,0.0148,0.0000,0.0000,0.0017,0.0007,0.0000
0.1094,0.9496,1.0000,0.0578,0.0457,362.4573,15.2486,0.0000,-0.0187,-0.0187,0.0712,0.0000,0.0000,0.0275,0.0110,0.0000
0.2000,0.7940,1.0000,0.0495,0.0457,362.3757,15.1772,0.0000,-0.0157,-0.0157,0.0740,0.0000,0.0000,0.0275,0.0110,0.0000
0.1424,0.9243,1.0000,0.0411,0.0457,362.3009,15.1035,0.0000,0.0042,0.0042,0.0776,0.0000,0.0000,0.0275,0.0110,0.0000
-0.0435,1.0753,1.0000,0.0332,0.0457,362.2372,15.0468,0.0000,0.0185,0.0185,0.0810,0.0000,0.0000,0.0275,0.0110,0.0000
-0.0608,1.0421,1.0000,0.0248,0.0344,362.1636,14.9872,0.0000,0.0216,0.0216,0.0840,0.0000,0.0000,0.0207,0.0083,0.0000
0.1393,0.8455,1.0000,0.0278,0.0457,362.1012,14.9206,0.0000,0.0297,0.0297,0.0864,0.0000,0.0000,0.0275,0.0110,0.0000
0.0976,0.9388,1.0000,0.0194,0.0344,362.0333,14.8523,0.0000,0.0480,0.0480,0.0884,0.0000,0.0000,0.0207,0.0083,0.0000
0.1642,0.9052,1.0000,0.0110,0.0344,361.9635,14.7787,0.0000,0.0634,0.0634,0.0896,0.0000,0.0000,0.0207,0.0083,0.0000
0.0895,0.9562,1.0000,0.0026,-0.0133,361.9033,14.7222,0.0000,0.0696,0.0696,0.0338,0.0000,0.0000,-0.0080,-0.0032,0.0000
0.0187,1.0062,1.0000,-0.0058,-0.0133,361.8332,14.6531,0.0000,0.0780,0.0780,0.0351,0.0000,0.0000,-0.0080,-0.0032,0.0000
0.2001,0.8183,1.0000,-0.0142,-0.0133,361.7733,14.5955,0.0000,0.0799,0.0799,0.0360,0.0000,0.0000,-0.0080,-0.0032,0.0000
0.0770,0.9760,1.0000,-0.0080,0.0013,361.7027,14.5380,0.0000,0.0810,0.0810,0.0368,0.0000,0.0000,0.0008,0.0003,0.0000
0.2000,0.8240,1.0000,-0.0164,0.0013,361.6602,14.4840,0.0000,0.0916,0.0916,0.0368,0.0000,0.0000,0.0008,0.0003,0.0000
0.1600,0.9023,1.0000,-0.0248,0.0013,361.5868,14.4187,0.0000,0.0943,0.0943,0.0352,0.0000,0.0000,0.0008,0.0003,0.0000
0.2000,0.6816,1.0000,-0.0332,0.0013,361.5403,14.3687,0.0000,0.0981,0.0981,0.0353,0.0000,0.0000,0.0008,0.0003,0.0000
0.0832,0.9739,1.0000,-0.0416,0.0013,361.4611,14.3026,0.0000,0.1012,0.1012,0.0334,0.0000,0.0000,0.0008,0.0003,0.0000
0.2001,0.6769,1.0000,-0.0500,0.0013,361.3959,14.2398,0.0000,0.1011,0.1011,0.0319,0.0000,0.0000,0.0008,0.0003,0.0000
0.0286,1.0228,1.0000,-0.0584,-0.0031,361.3261,14.1816,0.0000,0.1044,0.1044,0.0298,0.0000,0.0000,-0.0019,-0.0007,0.0000
0.1582,0.8980,1.0000,-0.0668,-0.0031,361.2559,14.1278,0.0000,0.0962,0.0962,0.0260,0.0000,0.0000,-0.0019,-0.0007,0.0000
0.1400,0.9013,1.0000,-0.0752,-0.0031,361.1853,14.0686,0.0000,0.0937,0.0937,0.0225,0.0000,0.0000,-0.0019,-0.0007,0.0000
0.1999,0.8788,1.0000,-0.0836,-0.0031,361.1183,14.0117,0.0000,0.0914,0.0914,0.0184,0.0000,0.0000,-0.0019,-0.0007,0.0000
0.1479,0.9137,1.0000,-0.0920,-0.0031,361.0515,13.9513,0.0000,0.0917,0.0917,0.0129,0.0000,0.0000,-0.0019,-0.0007,0.0000
0.1997,0.8725,1.0000,-0.1004,-0.0031,360.9698,13.8774,0.0000,0.0924,0.0924,0.0084,0.0000,0.0000,-0.0019,-0.0007,0.0000
0.1718,0.8923,1.0000,-0.1009,-0.0031,360.8856,13.8177,0.0000,0.0805,0.0805,0.0024,0.0000,0.0000,-0.0019,-0.0007,0.0000
-0.0280,1.0925,1.0000,-0.0972,-0.0061,360.8149,13.7500,0.0000,0.0832,0.0832,-0.0061,0.0000,0.0000,-0.0037,-0.0015,0.0000
-0.0353,1.0267,1.0000,-0.0888,-0.0061,360.7333,13.6923,0.0000,0.0708,0.0708,-0.0121,0.0000,0.0000,-0.0037,-0.0015,0.0000
0.0161,0.9694,1.0000,-0.0804,-0.0061,360.6725,13.6321,0.0000,0.0743,0.0743,-0.0180,0.0000,0.0000,-0.0037,-0.0015,0.0000
0.0117,0.9930,1.0000,-0.0721,-0.0061,360.5868,13.5631,0.0000,0.0671,0.0671,-0.0247,0.0000,0.0000,-0.0037,-0.0015,0.0000
0.1518,0.8469,1.0000,-0.0637,-0.0061,360.5192,13.5093,0.0000,0.0634,0.0634,-0.0301,0.0000,0.0000,-0.0037,-0.0015,0.0000
-0.0479,1.0916,1.0000,-0.0553,-0.0061,360.4475,13.4453,0.0000,0.0585,0.0585,-0.0354,0.0000,0.0000,-0.0037,-0.0015,0.0000
0.1525,0.8570,1.0000,-0.0469,-0.0061,360.3691,13.3875,0.0000,0.0533,0.0533,-0.0402,0.0000,0.0000,-0.0037,-0.0015,0.0000
0.0882,0.9515,1.0000,-0.0385,-0.0061,360.3011,13.3310,0.0000,0.0480,0.0480,-0.0441,0.0000,0.0000,-0.0037,-0.0015,0.0000
0.0587,0.9676,1.0000,-0.0301,-0.0061,360.2150,13.2753,0.0000,0.0318,0.0318,-0.0482,0.0000,0.0000,-0.0037,-0.0015,0.0000
0.1871,0.8763,1.0000,-0.0217,-0.0061,360.1423,13.2208,0.0000,0.0265,0.0265,-0.0513,0.0000,0.0000,-0.0037,-0.0015,0.0000
0.0302,1.0182,1.0000,-0.0133,-0.0039,360.0715,13.1667,0.0000,0.0174,0.0174,-0.0450,0.0000,0.0000,-0.0023,-0.0009,0.0000
0.1779,0.9010,1.0000,-0.0049,-0.0039,359.9883,13.1092,0.0000,0.0093,0.0093,-0.0473,0.0000,0.0000,-0.0023,-0.0009,0.0000
0.1610,0.8844,1.0000,0.0034,-0.0039,359.9098,13.0506,0.0000,0.0031,0.0031,-0.0489,0.0000,0.0000,-0.0023,-0.0009,0.0000
0.0399,1.0026,1.0000,0.0118,-0.0039,359.8275,12.9952,0.0000,-0.0108,-0.0108,-0.0492,0.0000,0.0000,-0.0023,-0.0009,0.0000
0.0403,0.9712,1.0000,0.0202,-0.0039,359.7407,12.9328,0.0000,-0.0183,-0.0183,-0.0491,0.0000,0.0000,-0.0023,-0.0009,0.0000
0.0291,0.9843,1.0000,0.0286,-0.0039,359.6594,12.8714,0.0000,-0.0238,-0.0238,-0.0485,0.0000,0.0000,-0.0023,-0.0009,0.0000
-0.0572,1.0595,1.0000,0.0369,-0.0039,359.5829,12.8022,0.0000,-0.0215,-0.0215,-0.0474,0.0000,0.0000,-0.0023,-0.0009,0.0000
-0.0288,1.0099,1.0000,0.0453,0.0244,359.4825,12.7454,0.0000,-0.0399,-0.0399,-0.0258,0.0000,0.0000,0.0147,0.0059,0.0000
-0.0300,1.0238,1.0000,0.0536,0.0244,359.4100,12.6827,0.0000,-0.0356,-0.0356,-0.0232,0.0000,0.0000,0.0147,0.0059,0.0000
0.0348,0.9509,1.0000,0.0620,0.0244,359.3290,12.6241,0.0000,-0.0390,-0.0390,-0.0207,0.0000,0.0000,0.0147,0.0059,0.0000
0.1086,0.9509,1.0000,0.0704,0.0244,359.2560,12.5618,0.0000,-0.0347,-0.0347,-0.0172,0.0000,0.0000,0.0147,0.0059,0.0000
0.0792,0.9509,1.0000,0.0788,0.0244,359.1837,12.5050,0.0000,-0.0345,-0.0345,-0.0141,0.0000,0.0000,0.0147,0.0059,0.0000
0.0687,0.9526,1.0000,0.0859,0.0244,359.1138,12.4491,0.0000,-0.0334,-0.0334,-0.0105,0.0000,0.0000,0.0147,0.0059,0.0000
0.1678,0.9119,1.0000,0.0943,0.0244,359.0447,12.3866,0.0000,-0.0264,-0.0264,-0.0068,0.0000,0.0000,0.0147,0.0059,0.0000
0.1764,0.8880,1.0000,0.0945,0.0244,358.9583,12.3236,0.0000,-0.0300,-0.0300,-0.0031,0.0000,0.0000,0.0147,0.0059,0.0000
0.1433,0.9246,1.0000,0.0861,-0.0054,358.9052,12.2707,0.0000,-0.0202,-0.0202,-0.0252,0.0000,0.0000,-0.0033,-0.0013,0.0000
-0.0435,1.0595,1.0000,0.0889,-0.0054,358.8369,12.2111,0.0000,-0.0183,-0.0183,-0.0203,0.0000,0.0000,-0.0033,-0.0013,0.0000
0.1022,0.8990,1.0000,0.0805,-0.0054,358.7618,12.1457,0.0000,-0.0134,-0.0134,-0.0149,0.0000,0.0000,-0.0033,-0.0013,0.0000
0.1995,0.8990,1.0000,0.0721,-0.0054,358.6833,12.0730,0.0000,-0.0073,-0.0073,-0.0108,0.0000,0.0000,-0.0033,-0.0013,0.0000
0.1653,0.8990,1.0000,0.0000,-0.0054,358.6337,12.0285,0.0000,-0.0025,-0.0025,-0.0039,0.0000,0.0000,-0.0033,-0.0013,0.0000
-0.0347,1.0622,1.0000,-0.0083,-0.0054,358.5671,11.9533,0.0000,0.0125,0.0125,-0.0011,0.0000,0.0000,-0.0033,-0.0013,0.0000
0.1653,0.6630,1.0000,-0.0167,-0.0054,358.5124,11.9047,0.0000,0.0151,0.0151,0.0017,0.0000,0.0000,-0.0033,-0.0013,0.0000
0.0516,0.9980,1.0000,-0.0251,-0.0054,358.4372,11.8360,0.0000,0.0208,0.0208,0.0059,0.0000,0.0000,-0.0033,-0.0013,0.0000
0.2000,0.7254,1.0000,-0.0335,-0.0054,358.3747,11.7779,0.0000,0.0243,0.0243,0.0079,0.0000,0.0000,-0.0033,-0.0013,0.0000
0.0413,1.0108,1.0000,-0.0376,-0.0010,358.3025,11.7155,0.0000,0.0282,0.0282,0.0225,0.0000,0.0000,-0.0006,-0.0003,0.0000
0.1193,0.9455,1.0000,-0.0460,-0.0010,358.2292,11.6489,0.0000,0.0323,0.0323,0.0235,0.0000,0.0000,-0.0006,-0.0003,0.0000
0.0862,0.9455,1.0000,-0.0543,-0.0010,358.1560,11.5881,0.0000,0.0323,0.0323,0.0237,0.0000,0.0000,-0.0006,-0.0003,0.0000
0.0788,0.9435,1.0000,-0.0627,-0.0010,358.0937,11.5242,0.0000,0.0414,0.0414,0.0235,0.0000,0.0000,-0.0006,-0.0003,0.0000
0.0766,0.9435,1.0000,-0.0711,-0.0010,358.0278,11.4574,0.0000,0.0493,0.0493,0.0208,0.0000,0.0000,-0.0006,-0.0003,0.0000
0.1959,0.8843,1.0000,-0.0795,-0.0010,357.9572,11.3959,0.0000,0.0495,0.0495,0.0178,0.0000,0.0000,-0.0006,-0.0003,0.0000
0.1268,0.9295,1.0000,-0.0878,-0.0010,357.8824,11.3381,0.0000,0.0449,0.0449,0.0145,0.0000,0.0000,-0.0006,-0.0003,0.0000
0.1043,0.9288,1.0000,-0.0962,-0.0415,357.8007,11.2816,0.0000,0.0345,0.0345,0.0191,0.0000,0.0000,-0.0250,-0.0100,0.0000
0.0908,0.9383,1.0000,-0.1046,-0.0415,357.7206,11.2219,0.0000,0.0279,0.0279,0.0145,0.0000,0.0000,-0.0250,-0.0100,0.0000
0.0481,0.9864,1.0000,-0.1130,-0.0415,357.6797,11.1805,0.0000,0.0317,0.0317,0.0092,0.0000,0.0000,-0.0250,-0.0100,0.0000
0.0244,0.9919,1.0000,-0.1051,-0.0415,357.5999,11.1200,0.0000,0.0252,0.0252,0.0035,0.0000,0.0000,-0.0250,-0.0100,0.0000
0.2000,0.5753,1.0000,-0.0967,-0.0415,357.5218,11.0567,0.0000,0.0221,0.0221,-0.0031,0.0000,0.0000,-0.0250,-0.0100,0.0000
0.0576,0.9947,1.0000,-0.0883,-0.0415,357.4522,10.9931,0.0000,0.0236,0.0236,-0.0092,0.0000,0.0000,-0.0250,-0.0100,0.0000
0.0226,0.9969,1.0000,-0.0800,-0.0415,357.3768,10.9360,0.0000,0.0171,0.0171,-0.0150,0.0000,0.0000,-0.0250,-0.0100,0.0000
0.1360,0.9338,1.0000,-0.0716,-0.0415,357.2945,10.8888,0.0000,-0.0010,-0.0010,-0.0212,0.0000,0.0000,-0.0250,-0.0100,0.0000
0.0968,0.9389,1.0000,-0.0632,-0.0408,357.2176,10.8299,0.0000,-0.0059,-0.0059,-0.0230,0.0000,0.0000,-0.0246,-0.0098,0.0000
0.0818,0.9458,1.0000,-0.0548,-0.0408,357.1394,10.7857,0.0000,-0.0236,-0.0236,-0.0283,0.0000,0.0000,-0.0246,-0.0098,0.0000
0.0639,0.9605,1.0000,-0.0464,-0.0408,357.0576,10.7368,0.0000,-0.0395,-0.0395,-0.0322,0.0000,0.0000,-0.0246,-0.0098,0.0000
0.1852,0.8943,1.0000,-0.0380,-0.0408,356.9853,10.6951,0.0000,-0.0535,-0.0535,-0.0360,0.0000,0.0000,-0.0246,-0.0098,0.0000
0.1061,0.9474,1.0000,-0.0296,-0.0408,356.8965,10.6361,0.0000,-0.0667,-0.0667,-0.0398,0.0000,0.0000,-0.0246,-0.0098,0.0000
0.2000,0.8300,1.0000,-0.0212,-0.0408,356.8089,10.5783,0.0000,-0.0765,-0.0765,-0.0436,0.0000,0.0000,-0.0246,-0.0098,0.0000
0.0001,1.0585,1.0000,-0.0128,-0.0408,356.7308,10.5169,0.0000,-0.0846,-0.0846,-0.0463,0.0000,0.0000,-0.0246,-0.0098,0.0000
-0.0536,1.0417,1.0000,-0.0044,-0.0408,356.6675,10.4622,0.0000,-0.0828,-0.0828,-0.0481,0.0000,0.0000,-0.0246,-0.0098,0.0000
-0.0038,0.9844,1.0000,0.0040,-0.0274,356.6011,10.4066,0.0000,-0.0820,-0.0820,-0.0778,0.0000,0.0000,-0.0165,-0.0066,0.0000
0.1960,0.8297,1.0000,0.0124,-0.0274,356.5204,10.3479,0.0000,-0.0841,-0.0841,-0.0771,0.0000,0.0000,-0.0165,-0.0066,0.0000
0.2000,0.8576,1.0000,0.0208,-0.0274,356.4452,10.2892,0.0000,-0.0897,-0.0897,-0.0766,0.0000,0.0000,-0.0165,-0.0066,0.0000
0.0635,0.9890,1.0000,0.0292,-0.0274,356.3724,10.2298,0.0000,-0.0977,-0.0977,-0.0773,0.0000,0.0000,-0.0165,-0.0066,0.0000
0.0789,0.9462,1.0000,0.0376,-0.0274,356.2973,10.1622,0.0000,-0.0931,-0.0931,-0.0753,0.0000,0.0000,-0.0165,-0.0066,0.0000
0.1130,0.9316,1.0000,0.0460,-0.0274,356.2159,10.1033,0.0000,-0.1007,-0.1007,-0.0741,0.0000,0.0000,-0.0165,-0.0066,0.0000
0.0271,1.0028,1.0000,0.0544,-0.0274,356.1400,10.0441,0.0000,-0.1076,-0.1076,-0.0730,0.0000,0.0000,-0.0165,-0.0066,0.0000
0.0146,0.9964,1.0000,0.0628,0.0007,356.0546,9.9784,0.0000,-0.1107,-0.1107,-0.0493,0.0000,0.0000,0.0004,0.0002,0.0000
0.0962,0.9538,1.0000,0.0712,0.0007,355.9829,9.9286,0.0000,-0.1169,-0.1169,-0.0491,0.0000,0.0000,0.0004,0.0002,0.0000
-0.0526,1.0688,1.0000,0.0796,0.0007,355.9132,9.8552,0.0000,-0.1051,-0.1051,-0.0444,0.0000,0.0000,0.0004,0.0002,0.0000
0.1482,0.8653,1.0000,0.0880,0.0007,355.8275,9.7899,0.0000,-0.1024,-0.1024,-0.0388,0.0000,0.0000,0.0004,0.0002,0.0000
0.0355,1.0070,1.0000,0.0964,0.0154,355.7435,9.7165,0.0000,-0.1004,-0.1004,-0.0352,0.0000,0.0000,0.0093,0.0037,0.0000
-0.0555,1.0694,1.0000,0.1048,0.0154,355.6676,9.6537,0.0000,-0.0987,-0.0987,-0.0300,0.0000,0.0000,0.0093,0.0037,0.0000
-0.2000,1.1065,1.0000,0.1132,0.0580,355.5901,9.5983,0.0000,-0.1029,-0.1029,0.0233,0.0000,0.0000,0.0350,0.0140,0.0000
-0.0395,0.9787,1.0000,0.1216,0.0580,355.5134,9.5379,0.0000,-0.0990,-0.0990,0.0297,0.0000,0.0000,0.0350,0.0140,0.0000
0.0415,0.9434,1.0000,0.1132,0.0580,355.4411,9.4706,0.0000,-0.0859,-0.0859,0.0363,0.0000,0.0000,0.0350,0.0140,0.0000
0.0440,0.9678,1.0000,0.1048,0.0580,355.3680,9.4020,0.0000,-0.0713,-0.0713,0.0428,0.0000,0.0000,0.0350,0.0140,0.0000
0.0310,0.9822,1.0000,0.0966,0.0580,355.2808,9.3321,0.0000,-0.0651,-0.0651,0.0475,0.0000,0.0000,0.0350,0.0140,0.0000
0.0139,0.9965,1.0000,0.0882,0.0165,355.1957,9.2527,0.0000,-0.0483,-0.0483,0.0555,0.0000,0.0000,0.0099,0.0040,0.0000
-0.1013,1.1087,1.0000,0.0798,0.0165,355.1202,9.1784,0.0000,-0.0282,-0.0282,0.0606,0.0000,0.0000,0.0099,0.0040,0.0000
-0.2000,1.1559,1.0000,0.0714,-0.0139,355.0569,9.1236,0.0000,-0.0214,-0.0214,0.0248,0.0000,0.0000,-0.0084,-0.0033,0.0000
-0.1105,1.0533,1.0000,0.0630,-0.0139,354.9797,9.0639,0.0000,-0.0225,-0.0225,0.0302,0.0000,0.0000,-0.0084,-0.0033,0.0000
0.0896,0.8301,1.0000,0.0547,-0.0139,354.9079,8.9978,0.0000,-0.0179,-0.0179,0.0355,0.0000,0.0000,-0.0084,-0.0033,0.0000
0.0593,0.9672,1.0000,0.0463,-0.0139,354.8358,8.9389,0.0000,-0.0131,-0.0131,0.0404,0.0000,0.0000,-0.0084,-0.0033,0.0000
0.0494,0.9679,1.0000,0.0379,-0.0139,354.7706,8.8865,0.0000,-0.0116,-0.0116,0.0447,0.0000,0.0000,-0.0084,-0.0033,0.0000
0.1161,0.9226,1.0000,0.0295,-0.0139,354.7023,8.8285,0.0000,-0.0092,-0.0092,0.0484,0.0000,0.0000,-0.0084,-0.0033,0.0000
0.2001,0.8287,1.0000,0.0211,-0.0139,354.6301,8.7587,0.0000,-0.0027,-0.0027,0.0491,0.0000,0.0000,-0.0084,-0.0033,0.0000
0.1646,0.8878,1.0000,0.0127,-0.0139,354.5724,8.6755,0.0000,0.0276,0.0276,0.0512,0.0000,0.0000,-0.0084,-0.0033,0.0000
0.0476,0.9955,1.0000,0.0084,-0.0099,354.5100,8.5997,0.0000,0.0482,0.0482,0.0321,0.0000,0.0000,-0.0059,-0.0024,0.0000
0.0107,1.0061,1.0000,-0.0000,-0.0099,354.4481,8.5326,0.0000,0.0593,0.0593,0.0320,0.0000,0.0000,-0.0059,-0.0024,0.0000
0.0251,0.9752,1.0000,-0.0084,-0.0099,354.3841,8.4704,0.0000,0.0651,0.0651,0.0332,0.0000,0.0000,-0.0059,-0.0024,0.0000
0.1489,0.9054,1.0000,-0.0168,-0.0099,354.3052,8.4194,0.0000,0.0525,0.0525,0.0351,0.0000,0.0000,-0.0059,-0.0024,0.0000
0.1780,0.8849,1.0000,-0.0252,-0.0099,354.2284,8.3436,0.0000,0.0592,0.0592,0.0332,0.0000,0.0000,-0.0059,-0.0024,0.0000
0.1171,0.9296,1.0000,-0.0336,-0.0099,354.1774,8.2837,0.0000,0.0727,0.0727,0.0337,0.0000,0.0000,-0.0059,-0.0024,0.0000
-0.0444,1.0696,1.0000,-0.0420,-0.0182,354.1101,8.2184,0.0000,0.0802,0.0802,0.0109,0.0000,0.0000,-0.0110,-0.0044,0.0000
0.1556,0.7802,1.0000,-0.0421,-0.0099,354.0453,8.1475,0.0000,0.0867,0.0867,0.0301,0.0000,0.0000,-0.0059,-0.0024,0.0000
0.1110,0.9292,1.0000,-0.0505,-0.0182,353.9946,8.0910,0.0000,0.0959,0.0959,0.0066,0.0000,0.0000,-0.0110,-0.0044,0.0000
0.0793,0.9512,1.0000,-0.0589,-0.0182,353.9259,8.0401,0.0000,0.0867,0.0867,0.0032,0.0000,0.0000,-0.0110,-0.0044,0.0000
0.2000,0.7517,1.0000,-0.0673,-0.0182,353.8437,7.9922,0.0000,0.0668,0.0668,0.0012,0.0000,0.0000,-0.0110,-0.0044,0.0000
0.2003,0.8497,1.0000,-0.0755,-0.0182,353.7884,7.9444,0.0000,0.0643,0.0643,-0.0021,0.0000,0.0000,-0.0110,-0.0044,0.0000
0.1684,0.9448,1.0000,-0.0838,-0.0182,353.7166,7.8941,0.0000,0.0528,0.0528,-0.0047,0.0000,0.0000,-0.0110,-0.0044,0.0000
0.2000,0.7258,1.0000,-0.0922,-0.0182,353.6707,7.8347,0.0000,0.0656,0.0656,-0.0090,0.0000,0.0000,-0.0110,-0.0044,0.0000
0.1827,0.8706,1.0000,-0.0838,-0.0024,353.6137,7.7852,0.0000,0.0620,0.0620,-0.0139,0.0000,0.0000,-0.0015,-0.0006,0.0000
0.2000,0.7404,1.0000,-0.0754,-0.0024,353.5350,7.7286,0.0000,0.0512,0.0512,-0.0182,0.0000,0.0000,-0.0015,-0.0006,0.0000
0.2000,0.7489,1.0000,-0.0670,-0.0024,353.4552,7.6742,0.0000,0.0376,0.0376,-0.0212,0.0000,0.0000,-0.0015,-0.0006,0.0000
0.1024,0.9634,1.0000,-0.0586,0.0391,353.3827,7.6254,0.0000,0.0296,0.0296,0.0190,0.0000,0.0000,0.0236,0.0094,0.0000
0.0696,0.9594,1.0000,-0.0591,0.0303,353.3055,7.5704,0.0000,0.0217,0.0217,0.0150,0.0000,0.0000,0.0183,0.0073,0.0000
0.1891,0.8701,1.0000,-0.0507,0.0303,353.2379,7.5136,0.0000,0.0208,0.0208,0.0109,0.0000,0.0000,0.0183,0.0073,0.0000
0.1100,0.9411,1.0000,-0.0423,0.0303,353.1662,7.4550,0.0000,0.0199,0.0199,0.0073,0.0000,0.0000,0.0183,0.0073,0.0000
0.2002,0.8754,1.0000,-0.0339,0.0303,353.0957,7.3991,0.0000,0.0170,0.0170,0.0035,0.0000,0.0000,0.0183,0.0073,0.0000
0.1336,0.9183,1.0000,-0.0255,0.0303,353.0240,7.3436,0.0000,0.0134,0.0134,-0.0000,0.0000,0.0000,0.0183,0.0073,0.0000
0.1609,0.8934,1.0000,-0.0339,0.0028,352.9506,7.2883,0.0000,0.0088,0.0088,-0.0281,0.0000,0.0000,0.0017,0.0007,0.0000
0.1435,0.8984,1.0000,-0.0255,0.0028,352.8788,7.2276,0.0000,0.0070,0.0070,-0.0310,0.0000,0.0000,0.0017,0.0007,0.0000
0.1265,0.9121,1.0000,-0.0171,0.0028,352.8027,7.1664,0.0000,0.0030,0.0030,-0.0331,0.0000,0.0000,0.0017,0.0007,0.0000
0.1015,0.9316,1.0000,-0.0087,0.0028,352.7431,7.1095,0.0000,0.0059,0.0059,-0.0359,0.0000,0.0000,0.0017,0.0007,0.0000
0.0598,0.9690,1.0000,-0.0003,0.0028,352.6618,7.0509,0.0000,-0.0034,-0.0034,-0.0368,0.0000,0.0000,0.0017,0.0007,0.0000
0.2000,0.8150,1.0000,0.0081,0.0028,352.5793,6.9960,0.0000,-0.0127,-0.0127,-0.0376,0.0000,0.0000,0.0017,0.0007,0.0000
0.0589,0.9938,1.0000,0.0163,0.0028,352.5067,6.9454,0.0000,-0.0252,-0.0252,-0.0385,0.0000,0.0000,0.0017,0.0007,0.0000
0.0355,0.9831,1.0000,0.0246,0.0028,352.4263,6.8877,0.0000,-0.0332,-0.0332,-0.0380,0.0000,0.0000,0.0017,0.0007,0.0000
0.1797,0.8776,1.0000,0.0185,-0.0117,352.3522,6.8293,0.0000,-0.0350,-0.0350,-0.0487,0.0000,0.0000,-0.0071,-0.0028,0.0000
0.0684,0.9807,1.0000,0.0268,-0.0117,352.2802,6.7655,0.0000,-0.0364,-0.0364,-0.0478,0.0000,0.0000,-0.0071,-0.0028,0.0000
0.1182,0.9355,1.0000,0.0352,-0.0117,352.2095,6.7036,0.0000,-0.0347,-0.0347,-0.0467,0.0000,0.0000,-0.0071,-0.0028,0.0000
0.0773,0.9541,1.0000,0.0436,-0.0117,352.1351,6.6412,0.0000,-0.0364,-0.0364,-0.0454,0.0000,0.0000,-0.0071,-0.0028,0.0000
0.1127,0.9325,1.0000,0.0520,-0.0117,352.0456,6.5803,0.0000,-0.0477,-0.0477,-0.0428,0.0000,0.0000,-0.0071,-0.0028,0.0000
0.0685,0.9620,1.0000,0.0604,-0.0117,351.9791,6.5258,0.0000,-0.0507,-0.0507,-0.0420,0.0000,0.0000,-0.0071,-0.0028,0.0000
-0.0622,1.0724,1.0000,0.0688,-0.0117,351.9105,6.4691,0.0000,-0.0536,-0.0536,-0.0386,0.0000,0.0000,-0.0071,-0.0028,0.0000
0.1377,0.8531,1.0000,0.0770,-0.0117,351.8462,6.4083,0.0000,-0.0447,-0.0447,-0.0357,0.0000,0.0000,-0.0071,-0.0028,0.0000
0.1966,0.8828,1.0000,0.0821,-0.0151,351.7815,6.3495,0.0000,-0.0435,-0.0435,-0.0602,0.0000,0.0000,-0.0091,-0.0036,0.0000
0.1874,0.8773,1.0000,0.0905,-0.0151,351.7195,6.2908,0.0000,-0.0408,-0.0408,-0.0568,0.0000,0.0000,-0.0091,-0.0036,0.0000
0.1985,0.8683,1.0000,0.0989,-0.0151,351.6401,6.2275,0.0000,-0.0457,-0.0457,-0.0518,0.0000,0.0000,-0.0091,-0.0036,0.0000
0.2004,0.8475,1.0000,0.1073,-0.0151,351.5686,6.1695,0.0000,-0.0491,-0.0491,-0.0470,0.0000,0.0000,-0.0091,-0.0036,0.0000
0.0454,1.0070,1.0000,0.1098,-0.0151,351.5005,6.1042,0.0000,-0.0487,-0.0487,-0.0423,0.0000,0.0000,-0.0091,-0.0036,0.0000
0.1785,0.9130,1.0000,0.1058,-0.0151,351.4377,6.0457,0.0000,-0.0446,-0.0446,-0.0385,0.0000,0.0000,-0.0091,-0.0036,0.0000
0.1169,0.9368,1.0000,0.0998,-0.0151,351.3627,5.9785,0.0000,-0.0434,-0.0434,-0.0318,0.0000,0.0000,-0.0091,-0.0036,0.0000
0.1997,0.8522,1.0000,0.0931,-0.0151,351.3035,5.9084,0.0000,-0.0288,-0.0288,-0.0275,0.0000,0.0000,-0.0091,-0.0036,0.0000
0.0524,0.9996,1.0000,0.0973,-0.0025,351.2244,5.8388,0.0000,-0.0278,-0.0278,-0.0049,0.0000,0.0000,-0.0015,-0.0006,0.0000
0.1701,0.9132,1.0000,0.0889,-0.0025,351.1638,5.7767,0.0000,-0.0197,-0.0197,-0.0007,0.0000,0.0000,-0.0015,-0.0006,0.0000
-0.0036,1.0448,1.0000,0.0805,-0.0025,351.0830,5.7089,0.0000,-0.0198,-0.0198,0.0058,0.0000,0.0000,-0.0015,-0.0006,0.0000
0.1408,0.8629,1.0000,0.0721,-0.0025,351.0134,5.6447,0.0000,-0.0167,-0.0167,0.0106,0.0000,0.0000,-0.0015,-0.0006,0.0000
-0.0119,1.0446,1.0000,0.0637,-0.0025,350.9419,5.5706,0.0000,-0.0057,-0.0057,0.0154,0.0000,0.0000,-0.0015,-0.0006,0.0000
0.0527,0.9388,1.0000,0.0553,-0.0025,350.8805,5.5007,0.0000,0.0064,0.0064,0.0190,0.0000,0.0000,-0.0015,-0.0006,0.0000
-0.0028,1.0224,1.0000,0.0469,-0.0025,350.8008,5.4323,0.0000,0.0071,0.0071,0.0232,0.0000,0.0000,-0.0015,-0.0006,0.0000
0.0968,0.9247,1.0000,0.0553,0.0186,350.7519,5.3694,0.0000,0.0215,0.0215,0.0444,0.0000,0.0000,0.0112,0.0045,0.0000
-0.0190,1.0406,1.0000,0.0470,0.0186,350.6806,5.3028,0.0000,0.0303,0.0303,0.0487,0.0000,0.0000,0.0112,0.0045,0.0000
0.1810,0.7917,1.0000,0.0386,0.0186,350.6244,5.2386,0.0000,0.0370,0.0370,0.0506,0.0000,0.0000,0.0112,0.0045,0.0000
0.0806,0.9671,1.0000,0.0302,0.0186,350.5570,5.1785,0.0000,0.0455,0.0455,0.0556,0.0000,0.0000,0.0112,0.0045,0.0000
0.2000,0.8470,1.0000,0.0218,0.0186,350.4931,5.1068,0.0000,0.0553,0.0553,0.0567,0.0000,0.0000,0.0112,0.0045,0.0000
0.1570,0.8951,1.0000,0.0134,0.0186,350.4236,5.0419,0.0000,0.0621,0.0621,0.0603,0.0000,0.0000,0.0112,0.0045,0.0000
0.0887,0.9527,1.0000,0.0050,0.0186,350.3616,4.9728,0.0000,0.0761,0.0761,0.0609,0.0000,0.0000,0.0112,0.0045,0.0000
0.0808,0.9421,1.0000,-0.0033,0.0186,350.3007,4.9011,0.0000,0.0909,0.0909,0.0619,0.0000,0.0000,0.0112,0.0045,0.0000
0.1720,0.9203,1.0000,-0.0117,0.0186,350.2390,4.8383,0.0000,0.0978,0.0978,0.0624,0.0000,0.0000,0.0112,0.0045,0.0000
0.1117,0.9335,1.0000,-0.0201,0.0067,350.1678,4.7738,0.0000,0.1019,0.1019,0.0781,0.0000,0.0000,0.0040,0.0016,0.0000
0.2000,0.8736,1.0000,-0.0285,0.0067,350.1011,4.7098,0.0000,0.1058,0.1058,0.0776,0.0000,0.0000,0.0040,0.0016,0.0000
0.1053,0.9519,1.0000,-0.0369,0.0067,350.0336,4.6463,0.0000,0.1141,0.1141,0.0770,0.0000,0.0000,0.0040,0.0016,0.0000
0.1173,0.9187,1.0000,-0.0453,0.0067,349.9518,4.5798,0.0000,0.1106,0.1106,0.0751,0.0000,0.0000,0.0040,0.0016,0.0000
0.1127,0.9187,1.0000,-0.0536,0.0067,349.8817,4.5174,0.0000,0.1125,0.1125,0.0728,0.0000,0.0000,0.0040,0.0016,0.0000
-0.0201,1.0461,1.0000,-0.0620,0.0067,349.8110,4.4540,0.0000,0.1190,0.1190,0.0697,0.0000,0.0000,0.0040,0.0016,0.0000
0.0568,0.9305,1.0000,-0.0704,0.0067,349.7425,4.3957,0.0000,0.1141,0.1141,0.0660,0.0000,0.0000,0.0040,0.0016,0.0000
0.1009,0.9421,1.0000,-0.0788,0.0067,349.6716,4.3347,0.0000,0.1144,0.1144,0.0628,0.0000,0.0000,0.0040,0.0016,0.0000
0.1819,0.8933,1.0000,-0.0872,0.0060,349.6103,4.2753,0.0000,0.1163,0.1163,0.0353,0.0000,0.0000,0.0036,0.0014,0.0000
0.1324,0.9288,1.0000,-0.0956,0.0060,349.5310,4.2151,0.0000,0.1081,0.1081,0.0311,0.0000,0.0000,0.0036,0.0014,0.0000
0.2000,0.8457,1.0000,-0.1040,0.0060,349.4600,4.1470,0.0000,0.1090,0.1090,0.0254,0.0000,0.0000,0.0036,0.0014,0.0000
0.0640,0.9895,1.0000,-0.1124,0.0060,349.3878,4.0900,0.0000,0.1037,0.1037,0.0205,0.0000,0.0000,0.0036,0.0014,0.0000
0.0437,0.9756,1.0000,-0.1065,0.0060,349.3118,4.0286,0.0000,0.0969,0.0969,0.0144,0.0000,0.0000,0.0036,0.0014,0.0000
0.1767,0.9146,1.0000,-0.0992,0.0060,349.2359,3.9646,0.0000,0.0918,0.0918,0.0082,0.0000,0.0000,0.0036,0.0014,0.0000
0.0779,0.9697,1.0000,-0.0919,0.0060,349.1618,3.9085,0.0000,0.0826,0.0826,0.0022,0.0000,0.0000,0.0036,0.0014,0.0000
0.0378,0.9867,1.0000,-0.0859,0.0060,349.0960,3.8521,0.0000,0.0787,0.0787,-0.0041,0.0000,0.0000,0.0036,0.0014,0.0000
0.1101,0.9243,1.0000,-0.0862,-0.0026,349.0118,3.7947,0.0000,0.0641,0.0641,-0.0158,0.0000,0.0000,-0.0016,-0.0006,0.0000
0.2000,0.8590,1.0000,-0.0778,-0.0026,348.9381,3.7384,0.0000,0.0553,0.0553,-0.0217,0.0000,0.0000,-0.0016,-0.0006,0.0000
0.0379,1.0138,1.0000,-0.0694,-0.0026,348.8727,3.6889,0.0000,0.0447,0.0447,-0.0270,0.0000,0.0000,-0.0016,-0.0006,0.0000
0.1182,0.9214,1.0000,-0.0610,-0.0026,348.8022,3.6314,0.0000,0.0396,0.0396,-0.0326,0.0000,0.0000,-0.0016,-0.0006,0.0000
0.2000,0.8146,1.0000,-0.0526,-0.0026,348.7281,3.5743,0.0000,0.0330,0.0330,-0.0374,0.0000,0.0000,-0.0016,-0.0006,0.0000
0.1494,0.9026,1.0000,-0.0442,-0.0014,348.6631,3.5210,0.0000,0.0266,0.0266,-0.0406,0.0000,0.0000,-0.0008,-0.0003,0.0000
0.1096,0.9292,1.0000,-0.0358,-0.0014,348.5870,3.4700,0.0000,0.0121,0.0121,-0.0443,0.0000,0.0000,-0.0008,-0.0003,0.0000
0.2000,0.8332,1.0000,-0.0274,-0.0014,348.5158,3.4143,0.0000,0.0073,0.0073,-0.0475,0.0000,0.0000,-0.0008,-0.0003,0.0000
0.1412,0.9106,1.0000,-0.0190,-0.0014,348.4336,3.3638,0.0000,-0.0123,-0.0123,-0.0497,0.0000,0.0000,-0.0008,-0.0003,0.0000
0.1508,0.8963,1.0000,-0.0222,-0.0130,348.3688,3.3074,0.0000,-0.0155,-0.0155,-0.0732,0.0000,0.0000,-0.0078,-0.0031,0.0000
0.0818,0.9575,1.0000,-0.0138,-0.0130,348.2916,3.2459,0.0000,-0.0258,-0.0258,-0.0749,0.0000,0.0000,-0.0078,-0.0031,0.0000
0.2000,0.8513,1.0000,-0.0054,-0.0130,348.2196,3.1883,0.0000,-0.0289,-0.0289,-0.0764,0.0000,0.0000,-0.0078,-0.0031,0.0000
0.0741,0.9785,1.0000,0.0000,-0.0154,348.1355,3.1313,0.0000,-0.0497,-0.0497,-0.0782,0.0000,0.0000,-0.0093,-0.0037,0.0000
0.1902,0.9146,1.0000,0.0084,-0.0154,348.0573,3.0678,0.0000,-0.0539,-0.0539,-0.0789,0.0000,0.0000,-0.0093,-0.0037,0.0000
0.0434,1.0073,1.0000,0.0168,-0.0154,347.9643,3.0181,0.0000,-0.0836,-0.0836,-0.0779,0.0000,0.0000,-0.0093,-0.0037,0.0000
0.0163,0.9992,1.0000,0.0252,-0.0154,347.8921,2.9526,0.0000,-0.0845,-0.0845,-0.0788,0.0000,0.0000,-0.0093,-0.0037,0.0000
-0.0344,1.0442,1.0000,0.0336,0.0089,347.8184,2.8911,0.0000,-0.0884,-0.0884,-0.0398,0.0000,0.0000,0.0053,0.0021,0.0000
0.0192,0.9663,1.0000,0.0419,0.0089,347.7456,2.8309,0.0000,-0.0881,-0.0881,-0.0389,0.0000,0.0000,0.0053,0.0021,0.0000
0.1014,0.9518,1.0000,0.0503,0.0089,347.6761,2.7685,0.0000,-0.0846,-0.0846,-0.0371,0.0000,0.0000,0.0053,0.0021,0.0000
0.0920,0.9364,1.0000,0.0587,0.0089,347.6007,2.7100,0.0000,-0.0877,-0.0877,-0.0347,0.0000,0.0000,0.0053,0.0021,0.0000
0.1181,0.9269,1.0000,0.0671,0.0089,347.5149,2.6520,0.0000,-0.0978,-0.0978,-0.0317,0.0000,0.0000,0.0053,0.0021,0.0000
0.0854,0.9462,1.0000,0.0755,0.0128,347.4449,2.5921,0.0000,-0.0967,-0.0967,-0.0289,0.0000,0.0000,0.0077,0.0031,0.0000
-0.0048,1.0250,1.0000,0.0839,0.0128,347.3758,2.5284,0.0000,-0.0928,-0.0928,-0.0259,0.0000,0.0000,0.0077,0.0031,0.0000
0.1046,0.9144,1.0000,0.0923,0.0128,347.2935,2.4646,0.0000,-0.0947,-0.0947,-0.0221,0.0000,0.0000,0.0077,0.0031,0.0000
0.0962,0.9328,1.0000,0.1007,0.0128,347.2309,2.3985,0.0000,-0.0835,-0.0835,-0.0184,0.0000,0.0000,0.0077,0.0031,0.0000
-0.0110,1.0324,1.0000,0.0987,0.0024,347.1575,2.3342,0.0000,-0.0830,-0.0830,-0.0348,0.0000,0.0000,0.0014,0.0006,0.0000
0.0987,0.9051,1.0000,0.1071,0.0024,347.0950,2.2670,0.0000,-0.0707,-0.0707,-0.0311,0.0000,0.0000,0.0014,0.0006,0.0000
0.0600,0.9683,1.0000,0.1155,0.0024,347.0130,2.2019,0.0000,-0.0749,-0.0749,-0.0250,0.0000,0.0000,0.0014,0.0006,0.0000
0.1841,0.9124,1.0000,0.1142,0.0024,346.9298,2.1378,0.0000,-0.0792,-0.0792,-0.0192,0.0000,0.0000,0.0014,0.0006,0.0000
0.0078,1.0378,1.0000,0.1058,0.0002,346.8707,2.0704,0.0000,-0.0668,-0.0668,-0.0140,0.0000,0.0000,0.0001,0.0000,0.0000
-0.0344,1.0404,1.0000,0.0975,0.0002,346.8125,2.0051,0.0000,-0.0539,-0.0539,-0.0081,0.0000,0.0000,0.0001,0.0000,0.0000
0.0970,0.8925,1.0000,0.0891,0.0002,346.7460,1.9465,0.0000,-0.0512,-0.0512,-0.0023,0.0000,0.0000,0.0001,0.0000,0.0000
0.2000,0.8705,1.0000,0.0807,0.0002,346.6840,1.8819,0.0000,-0.0421,-0.0421,0.0030,0.0000,0.0000,0.0001,0.0000,0.0000
0.1730,0.8798,1.0000,0.0793,0.0072,346.6195,1.8169,0.0000,-0.0343,-0.0343,0.0227,0.0000,0.0000,0.0043,0.0017,0.0000
0.1551,0.8893,1.0000,0.0709,0.0072,346.5462,1.7547,0.0000,-0.0326,-0.0326,0.0285,0.0000,0.0000,0.0043,0.0017,0.0000
0.1313,0.9092,1.0000,0.0625,0.0072,346.4868,1.6964,0.0000,-0.0250,-0.0250,0.0332,0.0000,0.0000,0.0043,0.0017,0.0000
0.0810,0.9533,1.0000,0.0542,0.0072,346.4195,1.6323,0.0000,-0.0181,-0.0181,0.0370,0.0000,0.0000,0.0043,0.0017,0.0000
0.2000,0.8257,1.0000,0.0458,0.0072,346.3432,1.5567,0.0000,-0.0118,-0.0118,0.0407,0.0000,0.0000,0.0043,0.0017,0.0000
0.1348,0.9222,1.0000,0.0374,0.0072,346.2891,1.4956,0.0000,0.0026,0.0026,0.0445,0.0000,0.0000,0.0043,0.0017,0.0000
-0.0379,1.0658,1.0000,0.0290,0.0072,346.2217,1.4247,0.0000,0.0163,0.0163,0.0465,0.0000,0.0000,0.0043,0.0017,0.0000
0.1621,0.8103,1.0000,0.0206,0.0072,346.1455,1.3608,0.0000,0.0107,0.0107,0.0512,0.0000,0.0000,0.0043,0.0017,0.0000
0.0794,0.9700,1.0000,0.0122,0.0062,346.0805,1.2887,0.0000,0.0270,0.0270,0.0479,0.0000,0.0000,0.0037,0.0015,0.0000
0.0391,0.9857,1.0000,0.0038,0.0062,346.0064,1.2233,0.0000,0.0292,0.0292,0.0507,0.0000,0.0000,0.0037,0.0015,0.0000
0.0637,0.9625,1.0000,-0.0046,0.0062,345.9488,1.1563,0.0000,0.0415,0.0415,0.0515,0.0000,0.0000,0.0037,0.0015,0.0000
0.0406,0.9791,1.0000,-0.0130,0.0062,345.8757,1.0928,0.0000,0.0421,0.0421,0.0526,0.0000,0.0000,0.0037,0.0015,0.0000
0.1880,0.8771,1.0000,-0.0214,0.0062,345.8215,1.0266,0.0000,0.0534,0.0534,0.0521,0.0000,0.0000,0.0037,0.0015,0.0000
0.0898,0.9596,1.0000,-0.0298,0.0062,345.7623,0.9591,0.0000,0.0670,0.0670,0.0514,0.0000,0.0000,0.0037,0.0015,0.0000
0.2000,0.8472,1.0000,-0.0382,0.0062,345.6910,0.9014,0.0000,0.0605,0.0605,0.0511,0.0000,0.0000,0.0037,0.0015,0.0000
0.1788,0.8901,1.0000,-0.0465,0.0062,345.6281,0.8335,0.0000,0.0705,0.0705,0.0493,0.0000,0.0000,0.0037,0.0015,0.0000
0.1359,0.9095,1.0000,-0.0549,0.0062,345.5597,0.7703,0.0000,0.0726,0.0726,0.0474,0.0000,0.0000,0.0037,0.0015,0.0000
0.1176,0.9171,1.0000,-0.0633,0.0031,345.4934,0.7068,0.0000,0.0759,0.0759,0.0483,0.0000,0.0000,0.0019,0.0007,0.0000
0.1081,0.9234,1.0000,-0.0717,0.0031,345.4240,0.6426,0.0000,0.0775,0.0775,0.0448,0.0000,0.0000,0.0019,0.0007,0.0000
0.1540,0.9104,1.0000,-0.0801,0.0031,345.3507,0.5829,0.0000,0.0725,0.0725,0.0413,0.0000,0.0000,0.0019,0.0007,0.0000
0.1016,0.9382,1.0000,-0.0885,0.0031,345.2777,0.5286,0.0000,0.0645,0.0645,0.0374,0.0000,0.0000,0.0019,0.0007,0.0000
0.0901,0.9384,1.0000,-0.0969,0.0031,345.1919,0.4658,0.0000,0.0536,0.0536,0.0329,0.0000,0.0000,0.0019,0.0007,0.0000
0.2000,0.9044,1.0000,-0.1053,0.0031,345.1216,0.4084,0.0000,0.0482,0.0482,0.0284,0.0000,0.0000,0.0019,0.0007,0.0000
0.0001,1.0565,1.0000,-0.1047,0.0031,345.0485,0.3423,0.0000,0.0494,0.0494,0.0229,0.0000,0.0000,0.0019,0.0007,0.0000
0.1237,0.9016,1.0000,-0.0985,0.0031,344.9646,0.2800,0.0000,0.0373,0.0373,0.0178,0.0000,0.0000,0.0019,0.0007,0.0000
0.0570,0.9780,1.0000,-0.0985,0.0055,344.8983,0.2185,0.0000,0.0386,0.0386,0.0202,0.0000,0.0000,0.0033,0.0013,0.0000
-0.0197,1.0387,1.0000,-0.0901,0.0055,344.8284,0.1722,0.0000,0.0264,0.0264,0.0151,0.0000,0.0000,0.0033,0.0013,0.0000
0.0938,0.8965,1.0000,-0.0817,0.0055,344.7562,0.1078,0.0000,0.0247,0.0247,0.0089,0.0000,0.0000,0.0033,0.0013,0.0000
0.2000,0.8346,1.0000,-0.0733,0.0055,344.6773,0.0504,0.0000,0.0146,0.0146,0.0036,0.0000,0.0000,0.0033,0.0013,0.0000
0.0930,0.9598,1.0000,-0.0649,0.0055,344.6059,-0.0094,0.0000,0.0117,0.0117,-0.0014,0.0000,0.0000,0.0033,0.0013,0.0000
0.0575,0.9698,1.0000,-0.0565,0.0055,344.5223,-0.0634,0.0000,-0.0037,-0.0037,-0.0059,0.0000,0.0000,0.0033,0.0013,0.0000
0.1626,0.9236,1.0000,-0.0481,0.0055,344.4449,-0.1239,0.0000,-0.0102,-0.0102,-0.0111,0.0000,0.0000,0.0033,0.0013,0.0000
0.0534,0.9903,1.0000,-0.0565,-0.0140,344.3719,-0.1860,0.0000,-0.0128,-0.0128,-0.0306,0.0000,0.0000,-0.0084,-0.0034,0.0000
0.0402,0.9754,1.0000,-0.0481,-0.0140,344.3031,-0.2407,0.0000,-0.0188,-0.0188,-0.0347,0.0000,0.0000,-0.0084,-0.0034,0.0000
0.0696,0.9498,1.0000,-0.0397,-0.0140,344.2186,-0.2994,0.0000,-0.0317,-0.0317,-0.0379,0.0000,0.0000,-0.0084,-0.0034,0.0000
0.1923,0.8721,1.0000,-0.0313,-0.0140,344.1390,-0.3546,0.0000,-0.0429,-0.0429,-0.0416,0.0000,0.0000,-0.0084,-0.0034,0.0000
0.0290,1.0211,1.0000,-0.0229,-0.0140,344.0710,-0.4112,0.0000,-0.0506,-0.0506,-0.0457,0.0000,0.0000,-0.0084,-0.0034,0.0000
0.0433,0.9621,1.0000,-0.0145,-0.0140,343.9852,-0.4747,0.0000,-0.0583,-0.0583,-0.0459,0.0000,0.0000,-0.0084,-0.0034,0.0000
0.1951,0.8771,1.0000,-0.0061,-0.0140,343.9156,-0.5306,0.0000,-0.0624,-0.0624,-0.0505,0.0000,0.0000,-0.0084,-0.0034,0.0000
-0.0048,1.0580,1.0000,0.0023,-0.0140,343.8406,-0.5853,0.0000,-0.0760,-0.0760,-0.0514,0.0000,0.0000,-0.0084,-0.0034,0.0000
0.1379,0.8849,1.0000,0.0107,-0.0140,343.7690,-0.6458,0.0000,-0.0740,-0.0740,-0.0528,0.0000,0.0000,-0.0084,-0.0034,0.0000
0.1161,0.9212,1.0000,0.0151,-0.0180,343.6934,-0.6950,0.0000,-0.0886,-0.0886,-0.0679,0.0000,0.0000,-0.0108,-0.0043,0.0000
0.1020,0.9293,1.0000,0.0235,-0.0180,343.6215,-0.7571,0.0000,-0.0909,-0.0909,-0.0673,0.0000,0.0000,-0.0108,-0.0043,0.0000
0.1822,0.8942,1.0000,0.0319,-0.0180,343.5551,-0.8072,0.0000,-0.0968,-0.0968,-0.0667,0.0000,0.0000,-0.0108,-0.0043,0.0000
0.1097,0.9422,1.0000,0.0403,-0.0180,343.4802,-0.8624,0.0000,-0.1072,-0.1072,-0.0653,0.0000,0.0000,-0.0108,-0.0043,0.0000
0.2000,0.8244,1.0000,0.0487,-0.0180,343.4148,-0.9258,0.0000,-0.1000,-0.1000,-0.0645,0.0000,0.0000,-0.0108,-0.0043,0.0000
0.1440,0.9219,1.0000,0.0571,-0.0180,343.3398,-0.9752,0.0000,-0.1157,-0.1157,-0.0618,0.0000,0.0000,-0.0108,-0.0043,0.0000
0.1359,0.9036,1.0000,0.0655,-0.0180,343.2647,-1.0414,0.0000,-0.1157,-0.1157,-0.0600,0.0000,0.0000,-0.0108,-0.0043,0.0000
0.1714,0.8893,1.0000,0.0739,-0.0180,343.1982,-1.1013,0.0000,-0.1142,-0.1142,-0.0571,0.0000,0.0000,-0.0108,-0.0043,0.0000
0.0526,0.9929,1.0000,0.0823,-0.0102,343.1237,-1.1636,0.0000,-0.1197,-0.1197,-0.0589,0.0000,0.0000,-0.0062,-0.0025,0.0000
0.1991,0.8881,1.0000,0.0907,-0.0102,343.0539,-1.2232,0.0000,-0.1183,-0.1183,-0.0555,0.0000,0.0000,-0.0062,-0.0025,0.0000
0.1016,0.9637,1.0000,0.0991,-0.0102,342.9693,-1.2884,0.0000,-0.1269,-0.1269,-0.0503,0.0000,0.0000,-0.0062,-0.0025,0.0000
0.1599,0.9099,1.0000,0.1075,-0.0102,342.9005,-1.3521,0.0000,-0.1232,-0.1232,-0.0464,0.0000,0.0000,-0.0062,-0.0025,0.0000
-0.0205,1.0590,1.0000,0.1159,-0.0102,342.8270,-1.4190,0.0000,-0.1246,-0.1246,-0.0421,0.0000,0.0000,-0.0062,-0.0025,0.0000
0.0563,0.9309,1.0000,0.1243,-0.0102,342.7634,-1.4817,0.0000,-0.1167,-0.1167,-0.0382,0.0000,0.0000,-0.0062,-0.0025,0.0000
0.0327,0.9855,1.0000,0.1171,-0.0102,342.7175,-1.5467,0.0000,-0.0981,-0.0981,-0.0326,0.0000,0.0000,-0.0062,-0.0025,0.0000
0.2002,0.8877,1.0000,0.1101,-0.0102,342.6526,-1.6139,0.0000,-0.0882,-0.0882,-0.0268,0.0000,0.0000,-0.0062,-0.0025,0.0000
0.2000,0.7961,1.0000,0.1042,-0.0102,342.5808,-1.6750,0.0000,-0.0878,-0.0878,-0.0203,0.0000,0.0000,-0.0062,-0.0025,0.0000
0.1223,0.9296,1.0000,0.0980,-0.0080,342.5135,-1.7385,0.0000,-0.0843,-0.0843,-0.0062,0.0000,0.0000,-0.0048,-0.0019,0.0000
0.0981,0.9343,1.0000,0.0896,-0.0080,342.4361,-1.8028,0.0000,-0.0852,-0.0852,0.0006,0.0000,0.0000,-0.0048,-0.0019,0.0000
0.1368,0.9191,1.0000,0.0824,-0.0080,342.3630,-1.8716,0.0000,-0.0804,-0.0804,0.0063,0.0000,0.0000,-0.0048,-0.0019,0.0000
0.0389,0.9971,1.0000,0.0740,-0.0080,342.3067,-1.9435,0.0000,-0.0624,-0.0624,0.0103,0.0000,0.0000,-0.0048,-0.0019,0.0000
0.0175,0.9954,1.0000,0.0656,-0.0080,342.2373,-2.0155,0.0000,-0.0525,-0.0525,0.0161,0.0000,0.0000,-0.0048,-0.0019,0.0000
0.1657,0.9095,1.0000,0.0572,-0.0080,342.1699,-2.0860,0.0000,-0.0442,-0.0442,0.0199,0.0000,0.0000,-0.0048,-0.0019,0.0000
0.0511,0.9927,1.0000,0.0489,-0.0080,342.0864,-2.1448,0.0000,-0.0521,-0.0521,0.0266,0.0000,0.0000,-0.0048,-0.0019,0.0000
0.0454,0.9687,1.0000,0.0405,-0.0102,342.0280,-2.2197,0.0000,-0.0353,-0.0353,0.0202,0.0000,0.0000,-0.0061,-0.0024,0.0000
0.0078,1.0085,1.0000,0.0321,-0.0102,341.9605,-2.2920,0.0000,-0.0250,-0.0250,0.0246,0.0000,0.0000,-0.0061,-0.0024,0.0000
0.1048,0.9429,1.0000,0.0237,-0.0102,341.8908,-2.3558,0.0000,-0.0243,-0.0243,0.0275,0.0000,0.0000,-0.0061,-0.0024,0.0000
0.0929,0.9363,1.0000,0.0153,-0.0102,341.8228,-2.4318,0.0000,-0.0135,-0.0135,0.0292,0.0000,0.0000,-0.0061,-0.0024,0.0000
0.0901,0.9363,1.0000,0.0069,-0.0102,341.7623,-2.4927,0.0000,-0.0084,-0.0084,0.0314,0.0000,0.0000,-0.0061,-0.0024,0.0000
0.1999,0.8519,1.0000,-0.0015,-0.0102,341.6986,-2.5588,0.0000,-0.0033,-0.0033,0.0326,0.0000,0.0000,-0.0061,-0.0024,0.0000
0.2000,0.8519,1.0000,-0.0099,-0.0102,341.6269,-2.6189,0.0000,-0.0065,-0.0065,0.0349,0.0000,0.0000,-0.0061,-0.0024,0.0000
0.1417,0.9102,1.0000,-0.0183,-0.0102,341.5551,-2.6821,0.0000,-0.0069,-0.0069,0.0355,0.0000,0.0000,-0.0061,-0.0024,0.0000
0.1104,0.9268,1.0000,-0.0267,-0.0102,341.4914,-2.7524,0.0000,0.0017,0.0017,0.0345,0.0000,0.0000,-0.0061,-0.0024,0.0000
0.0823,0.9481,1.0000,-0.0351,-0.0503,341.4180,-2.8138,0.0000,-0.0021,-0.0021,0.0338,0.0000,0.0000,-0.0303,-0.0121,0.0000
0.0834,0.9405,1.0000,-0.0435,-0.0503,341.3543,-2.8830,0.0000,0.0047,0.0047,0.0316,0.0000,0.0000,-0.0303,-0.0121,0.0000
0.0739,0.9482,1.0000,-0.0518,-0.0503,341.2822,-2.9500,0.0000,0.0047,0.0047,0.0298,0.0000,0.0000,-0.0303,-0.0121,0.0000
0.1170,0.9318,1.0000,-0.0602,-0.0503,341.2123,-3.0115,0.0000,0.0012,0.0012,0.0269,0.0000,0.0000,-0.0303,-0.0121,0.0000
0.0548,0.9759,1.0000,-0.0686,-0.0503,341.1461,-3.0754,0.0000,0.0025,0.0025,0.0234,0.0000,0.0000,-0.0303,-0.0121,0.0000
0.1433,0.9240,1.0000,-0.0770,-0.0503,341.0780,-3.1385,0.0000,0.0007,0.0007,0.0199,0.0000,0.0000,-0.0303,-0.0121,0.0000
0.1540,0.9124,1.0000,-0.0854,-0.0503,341.0086,-3.2015,0.0000,-0.0018,-0.0018,0.0156,0.0000,0.0000,-0.0303,-0.0121,0.0000
0.1320,0.9209,1.0000,-0.0770,-0.0503,340.9297,-3.2604,0.0000,-0.0134,-0.0134,0.0118,0.0000,0.0000,-0.0303,-0.0121,0.0000
0.1375,0.9302,1.0000,-0.0813,-0.0463,340.8651,-3.3295,0.0000,-0.0077,-0.0077,0.0183,0.0000,0.0000,-0.0279,-0.0112,0.0000
0.0665,0.9784,1.0000,-0.0729,-0.0463,340.7847,-3.3923,0.0000,-0.0163,-0.0163,0.0137,0.0000,0.0000,-0.0279,-0.0112,0.0000
0.1007,0.9364,1.0000,-0.0646,-0.0463,340.7064,-3.4561,0.0000,-0.0234,-0.0234,0.0091,0.0000,0.0000,-0.0279,-0.0112,0.0000
0.0131,1.0136,1.0000,-0.0562,-0.0463,340.6406,-3.5166,0.0000,-0.0244,-0.0244,0.0041,0.0000,0.0000,-0.0279,-0.0112,0.0000
0.0045,1.0025,1.0000,-0.0478,-0.0463,340.5828,-3.5710,0.0000,-0.0250,-0.0250,-0.0011,0.0000,0.0000,-0.0279,-0.0112,0.0000
0.2006,0.8870,1.0000,-0.0395,-0.0463,340.5150,-3.6336,0.0000,-0.0253,-0.0253,-0.0052,0.0000,0.0000,-0.0279,-0.0112,0.0000
0.2000,0.7864,1.0000,-0.0311,-0.0463,340.4459,-3.6942,0.0000,-0.0274,-0.0274,-0.0089,0.0000,0.0000,-0.0279,-0.0112,0.0000
0.1494,0.9143,1.0000,-0.0227,-0.0463,340.3769,-3.7537,0.0000,-0.0311,-0.0311,-0.0123,0.0000,0.0000,-0.0279,-0.0112,0.0000
0.1576,0.9120,1.0000,-0.0143,-0.0283,340.3009,-3.8181,0.0000,-0.0331,-0.0331,0.0127,0.0000,0.0000,-0.0170,-0.0068,0.0000
0.2004,0.9036,1.0000,-0.0059,-0.0283,340.2251,-3.8785,0.0000,-0.0369,-0.0369,0.0107,0.0000,0.0000,-0.0170,-0.0068,0.0000
0.1162,0.9877,1.0000,0.0025,-0.0283,340.1583,-3.9452,0.0000,-0.0297,-0.0297,0.0084,0.0000,0.0000,-0.0170,-0.0068,0.0000
0.1188,0.9615,1.0000,0.0109,-0.0275,340.0795,-4.0015,0.0000,-0.0379,-0.0379,0.0081,0.0000,0.0000,-0.0166,-0.0066,0.0000
0.1105,0.9352,1.0000,0.0133,-0.0275,340.0031,-4.0667,0.0000,-0.0374,-0.0374,0.0084,0.0000,0.0000,-0.0166,-0.0066,0.0000
0.0789,0.9602,1.0000,0.0164,-0.0275,339.9290,-4.1243,0.0000,-0.0407,-0.0407,0.0092,0.0000,0.0000,-0.0166,-0.0066,0.0000
0.0410,0.9958,1.0000,0.0248,-0.0275,339.8524,-4.1806,0.0000,-0.0466,-0.0466,0.0100,0.0000,0.0000,-0.0166,-0.0066,0.0000
0.1252,0.9299,1.0000,0.0271,-0.0275,339.7852,-4.2439,0.0000,-0.0418,-0.0418,0.0105,0.0000,0.0000,-0.0166,-0.0066,0.0000
0.1457,0.9428,1.0000,0.0264,-0.0366,339.7218,-4.3051,0.0000,-0.0364,-0.0364,-0.0022,0.0000,0.0000,-0.0220,-0.0088,0.0000
0.1336,0.9150,1.0000,0.0249,-0.0366,339.6545,-4.3685,0.0000,-0.0319,-0.0319,-0.0005,0.0000,0.0000,-0.0220,-0.0088,0.0000
0.1999,0.8741,1.0000,0.0320,-0.0366,339.5775,-4.4306,0.0000,-0.0351,-0.0351,0.0006,0.0000,0.0000,-0.0220,-0.0088,0.0000
0.1408,0.9171,1.0000,0.0346,-0.0267,339.5084,-4.4898,0.0000,-0.0347,-0.0347,0.0031,0.0000,0.0000,-0.0161,-0.0064,0.0000
0.0616,0.9800,1.0000,0.0300,-0.0267,339.4296,-4.5592,0.0000,-0.0332,-0.0332,0.0046,0.0000,0.0000,-0.0161,-0.0064,0.0000
0.1882,0.9025,1.0000,0.0263,-0.0267,339.3601,-4.6215,0.0000,-0.0309,-0.0309,0.0067,0.0000,0.0000,-0.0161,-0.0064,0.0000
0.0067,1.0401,1.0000,0.0179,-0.0267,339.2920,-4.6915,0.0000,-0.0213,-0.0213,0.0087,0.0000,0.0000,-0.0161,-0.0064,0.0000
0.0990,0.9264,1.0000,0.0263,0.0249,339.2121,-4.7619,0.0000,-0.0187,-0.0187,0.0588,0.0000,0.0000,0.0150,0.0060,0.0000
0.0601,0.9683,1.0000,0.0179,0.0249,339.1456,-4.8284,0.0000,-0.0057,-0.0057,0.0604,0.0000,0.0000,0.0150,0.0060,0.0000
-0.0382,1.0559,1.0000,0.0095,0.0249,339.0833,-4.8853,0.0000,0.0035,0.0035,0.0615,0.0000,0.0000,0.0150,0.0060,0.0000
0.0518,0.9337,1.0000,0.0011,0.0249,339.0037,-4.9543,0.0000,0.0058,0.0058,0.0638,0.0000,0.0000,0.0150,0.0060,0.0000
0.2000,0.8362,1.0000,-0.0073,0.0249,338.9418,-5.0066,0.0000,0.0057,0.0057,0.0643,0.0000,0.0000,0.0150,0.0060,0.0000
0.0057,1.0443,1.0000,-0.0149,0.0256,338.8696,-5.0718,0.0000,0.0190,0.0190,0.0645,0.0000,0.0000,0.0154,0.0062,0.0000
0.2000,0.8031,1.0000,-0.0233,0.0256,338.8038,-5.1335,0.0000,0.0189,0.0189,0.0645,0.0000,0.0000,0.0154,0.0062,0.0000
0.0920,0.9650,1.0000,-0.0317,0.0256,338.7310,-5.1965,0.0000,0.0282,0.0282,0.0640,0.0000,0.0000,0.0154,0.0062,0.0000
0.1791,0.8939,1.0000,-0.0401,0.0256,338.6643,-5.2551,0.0000,0.0300,0.0300,0.0625,0.0000,0.0000,0.0154,0.0062,0.0000
0.0925,0.9544,1.0000,-0.0485,0.0235,338.5874,-5.3164,0.0000,0.0308,0.0308,0.0526,0.0000,0.0000,0.0142,0.0057,0.0000
0.1998,0.8804,1.0000,-0.0569,0.0235,338.5157,-5.3711,0.0000,0.0255,0.0255,0.0502,0.0000,0.0000,0.0142,0.0057,0.0000
0.0784,0.9761,1.0000,-0.0653,0.0235,338.4423,-5.4302,0.0000,0.0266,0.0266,0.0472,0.0000,0.0000,0.0142,0.0057,0.0000
0.2000,0.8945,1.0000,-0.0737,0.0235,338.3646,-5.4921,0.0000,0.0227,0.0227,0.0436,0.0000,0.0000,0.0142,0.0057,0.0000
0.1226,0.9347,1.0000,-0.0821,0.0235,338.2996,-5.5462,0.0000,0.0233,0.0233,0.0396,0.0000,0.0000,0.0142,0.0057,0.0000
0.0476,0.9869,1.0000,-0.0901,0.0235,338.2206,-5.6122,0.0000,0.0240,0.0240,0.0351,0.0000,0.0000,0.0142,0.0057,0.0000
0.2002,0.8386,1.0000,-0.0851,0.0235,338.1584,-5.6675,0.0000,0.0233,0.0233,0.0295,0.0000,0.0000,0.0142,0.0057,0.0000
0.0308,1.0213,1.0000,-0.0767,0.0276,338.0861,-5.7270,0.0000,0.0246,0.0246,0.0223,0.0000,0.0000,0.0167,0.0067,0.0000
0.1914,0.8246,1.0000,-0.0683,0.0276,338.0071,-5.7769,0.0000,0.0096,0.0096,0.0173,0.0000,0.0000,0.0167,0.0067,0.0000
0.1260,0.9299,1.0000,-0.0599,0.0276,337.9246,-5.8513,0.0000,0.0142,0.0142,0.0121,0.0000,0.0000,0.0167,0.0067,0.0000
0.1035,0.9295,1.0000,-0.0515,0.0276,337.8635,-5.8956,0.0000,0.0081,0.0081,0.0073,0.0000,0.0000,0.0167,0.0067,0.0000
-0.0780,1.1004,1.0000,-0.0431,0.0338,337.7812,-5.9613,0.0000,0.0057,0.0057,0.0027,0.0000,0.0000,0.0204,0.0082,0.0000
0.1227,0.7504,1.0000,-0.0408,0.0276,337.7136,-6.0168,0.0000,0.0044,0.0044,-0.0016,0.0000,0.0000,0.0167,0.0067,0.0000
-0.0175,1.0444,1.0000,-0.0324,0.0338,337.6354,-6.0675,0.0000,-0.0067,-0.0067,-0.0038,0.0000,0.0000,0.0204,0.0082,0.0000
0.1460,0.8674,1.0000,-0.0240,0.0338,337.5607,-6.1151,0.0000,-0.0175,-0.0175,-0.0067,0.0000,0.0000,0.0204,0.0082,0.0000
0.1135,0.9247,1.0000,-0.0156,0.0338,337.4898,-6.1725,0.0000,-0.0189,-0.0189,-0.0098,0.0000,0.0000,0.0204,0.0082,0.0000
0.1964,0.8805,1.0000,-0.0171,0.0239,337.4070,-6.2269,0.0000,-0.0290,-0.0290,-0.0295,0.0000,0.0000,0.0144,0.0058,0.0000
0.1465,0.9047,1.0000,-0.0087,0.0239,337.3283,-6.2834,0.0000,-0.0373,-0.0373,-0.0309,0.0000,0.0000,0.0144,0.0058,0.0000
0.0609,0.9826,1.0000,-0.0003,0.0239,337.2580,-6.3386,0.0000,-0.0418,-0.0418,-0.0319,0.0000,0.0000,0.0144,0.0058,0.0000
0.0590,0.9599,1.0000,0.0081,0.0239,337.1823,-6.3929,0.0000,-0.0489,-0.0489,-0.0329,0.0000,0.0000,0.0144,0.0058,0.0000
0.1829,0.8865,1.0000,-0.0003,-0.0000,337.1058,-6.4494,0.0000,-0.0536,-0.0536,-0.0334,0.0000,0.0000,-0.0000,-0.0000,0.0000
0.1243,0.9236,1.0000,0.0081,-0.0000,337.0385,-6.5044,0.0000,-0.0554,-0.0554,-0.0336,0.0000,0.0000,-0.0000,-0.0000,0.0000
0.0888,0.9436,1.0000,0.0165,-0.0000,336.9591,-6.5583,0.0000,-0.0649,-0.0649,-0.0325,0.0000,0.0000,-0.0000,-0.0000,0.0000
0.2000,0.8614,1.0000,0.0249,-0.0000,336.8813,-6.6096,0.0000,-0.0742,-0.0742,-0.0326,0.0000,0.0000,-0.0000,-0.0000,0.0000
0.1083,0.9509,1.0000,0.0216,-0.0116,336.8073,-6.6668,0.0000,-0.0795,-0.0795,-0.0523,0.0000,0.0000,-0.0070,-0.0028,0.0000
0.1054,0.9242,1.0000,0.0300,-0.0116,336.7435,-6.7241,0.0000,-0.0773,-0.0773,-0.0517,0.0000,0.0000,-0.0070,-0.0028,0.0000
0.1022,0.9268,1.0000,0.0384,-0.0116,336.6719,-6.7842,0.0000,-0.0787,-0.0787,-0.0504,0.0000,0.0000,-0.0070,-0.0028,0.0000
0.2000,0.8508,1.0000,0.0468,-0.0116,336.6007,-6.8391,0.0000,-0.0817,-0.0817,-0.0493,0.0000,0.0000,-0.0070,-0.0028,0.0000
0.1285,0.9268,1.0000,0.0552,0.0044,336.5343,-6.8955,0.0000,-0.0841,-0.0841,-0.0478,0.0000,0.0000,0.0027,0.0011,0.0000
0.1862,0.8914,1.0000,0.0636,0.0044,336.4599,-6.9518,0.0000,-0.0886,-0.0886,-0.0450,0.0000,0.0000,0.0027,0.0011,0.0000
0.1971,0.8645,1.0000,0.0720,0.0044,336.3854,-7.0058,0.0000,-0.0948,-0.0948,-0.0415,0.0000,0.0000,0.0027,0.0011,0.0000
0.1345,0.9244,1.0000,0.0804,0.0044,336.3146,-7.0677,0.0000,-0.0949,-0.0949,-0.0392,0.0000,0.0000,0.0027,0.0011,0.0000
0.1264,0.9113,1.0000,0.0881,0.0037,336.2362,-7.1286,0.0000,-0.0986,-0.0986,-0.0374,0.0000,0.0000,0.0022,0.0009,0.0000
0.0999,0.9331,1.0000,0.0964,0.0037,336.1597,-7.1941,0.0000,-0.0984,-0.0984,-0.0337,0.0000,0.0000,0.0022,0.0009,0.0000
0.0439,0.9841,1.0000,0.1048,0.0037,336.0873,-7.2558,0.0000,-0.0983,-0.0983,-0.0288,0.0000,0.0000,0.0022,0.0009,0.0000
0.0173,0.9985,1.0000,0.1132,0.0037,336.0178,-7.3225,0.0000,-0.0922,-0.0922,-0.0249,0.0000,0.0000,0.0022,0.0009,0.0000
0.0822,0.9441,1.0000,0.1184,0.0037,335.9463,-7.3815,0.0000,-0.0917,-0.0917,-0.0194,0.0000,0.0000,0.0022,0.0009,0.0000
0.0663,0.9564,1.0000,0.1132,0.0037,335.8716,-7.4386,0.0000,-0.0951,-0.0951,-0.0131,0.0000,0.0000,0.0022,0.0009,0.0000
0.1773,0.9197,1.0000,0.1085,0.0037,335.8064,-7.4998,0.0000,-0.0896,-0.0896,-0.0083,0.0000,0.0000,0.0022,0.0009,0.0000
0.1227,0.9309,1.0000,0.1017,0.0037,335.7397,-7.5622,0.0000,-0.0837,-0.0837,-0.0018,0.0000,0.0000,0.0022,0.0009,0.0000
0.1798,0.8883,1.0000,0.0933,-0.0073,335.6603,-7.6336,0.0000,-0.0797,-0.0797,0.0025,0.0000,0.0000,-0.0044,-0.0018,0.0000
0.1383,0.9073,1.0000,0.0849,-0.0073,335.6062,-7.6991,0.0000,-0.0640,-0.0640,0.0074,0.0000,0.0000,-0.0044,-0.0018,0.0000
-0.0276,1.0592,1.0000,0.0765,-0.0073,335.5424,-7.7632,0.0000,-0.0548,-0.0548,0.0125,0.0000,0.0000,-0.0044,-0.0018,0.0000
0.1496,0.8463,1.0000,0.0681,-0.0073,335.4615,-7.8287,0.0000,-0.0573,-0.0573,0.0198,0.0000,0.0000,-0.0044,-0.0018,0.0000
0.1420,0.8985,1.0000,0.0598,-0.0073,335.4130,-7.9019,0.0000,-0.0333,-0.0333,0.0213,0.0000,0.0000,-0.0044,-0.0018,0.0000
0.0070,1.0297,1.0000,0.0514,-0.0073,335.3366,-7.9605,0.0000,-0.0349,-0.0349,0.0282,0.0000,0.0000,-0.0044,-0.0018,0.0000
0.1547,0.8726,1.0000,0.0430,-0.0073,335.2923,-8.0299,0.0000,-0.0141,-0.0141,0.0285,0.0000,0.0000,-0.0044,-0.0018,0.0000
0.0881,0.9522,1.0000,0.0346,-0.0073,335.2322,-8.0947,0.0000,-0.0024,-0.0024,0.0319,0.0000,0.0000,-0.0044,-0.0018,0.0000
0.2001,0.8167,1.0000,0.0262,-0.0121,335.1689,-8.1598,0.0000,0.0037,0.0037,0.0182,0.0000,0.0000,-0.0073,-0.0029,0.0000
0.1753,0.8776,1.0000,0.0178,-0.0121,335.1061,-8.2243,0.0000,0.0107,0.0107,0.0206,0.0000,0.0000,-0.0073,-0.0029,0.0000
0.1436,0.9010,1.0000,0.0094,-0.0121,335.0429,-8.2849,0.0000,0.0141,0.0141,0.0225,0.0000,0.0000,-0.0073,-0.0029,0.0000
0.1808,0.8929,1.0000,0.0010,-0.0121,334.9734,-8.3596,0.0000,0.0231,0.0231,0.0241,0.0000,0.0000,-0.0073,-0.0029,0.0000
0.2005,0.8691,1.0000,-0.0074,-0.0121,334.9112,-8.4274,0.0000,0.0318,0.0318,0.0256,0.0000,0.0000,-0.0073,-0.0029,0.0000
0.0421,1.0112,1.0000,-0.0157,-0.0121,334.8518,-8.4915,0.0000,0.0413,0.0413,0.0261,0.0000,0.0000,-0.0073,-0.0029,0.0000
0.1746,0.9130,1.0000,-0.0241,-0.0121,334.7654,-8.5478,0.0000,0.0249,0.0249,0.0294,0.0000,0.0000,-0.0073,-0.0029,0.0000
0.2005,0.8665,1.0000,-0.0324,-0.0121,334.7194,-8.6201,0.0000,0.0444,0.0444,0.0241,0.0000,0.0000,-0.0073,-0.0029,0.0000
0.0348,1.0193,1.0000,-0.0408,-0.0348,334.6601,-8.6831,0.0000,0.0507,0.0507,0.0060,0.0000,0.0000,-0.0210,-0.0084,0.0000
0.1760,0.8437,1.0000,-0.0492,-0.0348,334.5930,-8.7446,0.0000,0.0481,0.0481,0.0041,0.0000,0.0000,-0.0210,-0.0084,0.0000
0.2001,0.8583,1.0000,-0.0576,-0.0348,334.5296,-8.8063,0.0000,0.0484,0.0484,0.0016,0.0000,0.0000,-0.0210,-0.0084,0.0000
0.1700,0.9028,1.0000,-0.0659,-0.0348,334.4629,-8.8655,0.0000,0.0443,0.0443,-0.0013,0.0000,0.0000,-0.0210,-0.0084,0.0000
0.2007,0.8766,1.0000,-0.0740,-0.0348,334.3954,-8.9299,0.0000,0.0434,0.0434,-0.0047,0.0000,0.0000,-0.0210,-0.0084,0.0000
0.1993,0.8849,1.0000,-0.0824,-0.0348,334.3255,-8.9947,0.0000,0.0405,0.0405,-0.0092,0.0000,0.0000,-0.0210,-0.0084,0.0000
0.1300,0.9249,1.0000,-0.0741,-0.0348,334.2494,-9.0629,0.0000,0.0359,0.0359,-0.0131,0.0000,0.0000,-0.0210,-0.0084,0.0000
0.0892,0.9451,1.0000,-0.0657,0.0007,334.1747,-9.1259,0.0000,0.0302,0.0302,0.0220,0.0000,0.0000,0.0004,0.0002,0.0000
0.0099,1.0134,1.0000,-0.0741,0.0007,334.1036,-9.1821,0.0000,0.0241,0.0241,0.0170,0.0000,0.0000,0.0004,0.0002,0.0000
0.0423,0.9701,1.0000,-0.0777,0.0007,334.0285,-9.2383,0.0000,0.0149,0.0149,0.0130,0.0000,0.0000,0.0004,0.0002,0.0000
0.1978,0.9005,1.0000,-0.0693,0.0007,333.9474,-9.2943,0.0000,0.0015,0.0015,0.0088,0.0000,0.0000,0.0004,0.0002,0.0000
0.1234,0.9317,1.0000,-0.0609,0.0007,333.8898,-9.3518,0.0000,0.0052,0.0052,0.0045,0.0000,0.0000,0.0004,0.0002,0.0000
0.0529,0.9796,1.0000,-0.0525,0.0007,333.8112,-9.4026,0.0000,-0.0098,-0.0098,0.0009,0.0000,0.0000,0.0004,0.0002,0.0000
0.2000,0.8066,1.0000,-0.0441,0.0007,333.7390,-9.4627,0.0000,-0.0143,-0.0143,-0.0047,0.0000,0.0000,0.0004,0.0002,0.0000
0.1212,0.9328,1.0000,-0.0360,0.0007,333.6728,-9.5206,0.0000,-0.0159,-0.0159,-0.0081,0.0000,0.0000,0.0004,0.0002,0.0000
0.0994,0.9328,1.0000,-0.0444,-0.0378,333.5913,-9.5744,0.0000,-0.0323,-0.0323,-0.0374,0.0000,0.0000,-0.0228,-0.0091,0.0000
0.1999,0.8726,1.0000,-0.0360,-0.0378,333.5300,-9.6303,0.0000,-0.0333,-0.0333,-0.0415,0.0000,0.0000,-0.0228,-0.0091,0.0000
0.0848,0.9692,1.0000,-0.0276,-0.0378,333.4552,-9.6835,0.0000,-0.0474,-0.0474,-0.0428,0.0000,0.0000,-0.0228,-0.0091,0.0000
0.2000,0.8219,1.0000,-0.0192,-0.0378,333.3825,-9.7413,0.0000,-0.0522,-0.0522,-0.0460,0.0000,0.0000,-0.0228,-0.0091,0.0000
0.1483,0.9113,1.0000,-0.0108,-0.0378,333.3208,-9.8017,0.0000,-0.0531,-0.0531,-0.0494,0.0000,0.0000,-0.0228,-0.0091,0.0000
0.1182,0.9206,1.0000,-0.0024,-0.0378,333.2484,-9.8572,0.0000,-0.0622,-0.0622,-0.0510,0.0000,0.0000,-0.0228,-0.0091,0.0000
0.2000,0.8554,1.0000,0.0060,-0.0378,333.1984,-9.9164,0.0000,-0.0517,-0.0517,-0.0531,0.0000,0.0000,-0.0228,-0.0091,0.0000
0.1568,0.9043,1.0000,0.0144,-0.0378,333.1269,-9.9700,0.0000,-0.0612,-0.0612,-0.0515,0.0000,0.0000,-0.0228,-0.0091,0.0000
0.2000,0.7666,1.0000,0.0228,-0.0274,333.0597,-10.0317,0.0000,-0.0580,-0.0580,-0.0356,0.0000,0.0000,-0.0165,-0.0066,0.0000
0.1809,0.8851,1.0000,0.0312,-0.0274,332.9882,-10.0812,0.0000,-0.0699,-0.0699,-0.0341,0.0000,0.0000,-0.0165,-0.0066,0.0000
0.1411,0.9047,1.0000,0.0396,-0.0274,332.9120,-10.1376,0.0000,-0.0784,-0.0784,-0.0335,0.0000,0.0000,-0.0165,-0.0066,0.0000
0.2000,0.8611,1.0000,0.0479,-0.0274,332.8409,-10.1927,0.0000,-0.0831,-0.0831,-0.0321,0.0000,0.0000,-0.0165,-0.0066,0.0000
0.1201,0.9402,1.0000,0.0563,0.0537,332.7637,-10.2562,0.0000,-0.0877,-0.0877,-0.0312,0.0000,0.0000,0.0324,0.0130,0.0000
0.1812,0.8912,1.0000,0.0647,0.0537,332.7024,-10.3205,0.0000,-0.0791,-0.0791,-0.0301,0.0000,0.0000,0.0324,0.0130,0.0000
0.0564,0.9911,1.0000,0.0731,0.0537,332.6263,-10.3830,0.0000,-0.0822,-0.0822,-0.0259,0.0000,0.0000,0.0324,0.0130,0.0000
0.2000,0.8817,1.0000,0.0815,0.0701,332.5557,-10.4432,0.0000,-0.0805,-0.0805,0.0055,0.0000,0.0000,0.0423,0.0169,0.0000
0.0766,0.9760,1.0000,0.0898,0.0701,332.4860,-10.5055,0.0000,-0.0755,-0.0755,0.0091,0.0000,0.0000,0.0423,0.0169,0.0000
0.1329,0.9203,1.0000,0.0981,0.0701,332.4211,-10.5678,0.0000,-0.0678,-0.0678,0.0133,0.0000,0.0000,0.0423,0.0169,0.0000
0.1797,0.9269,1.0000,0.1065,0.0701,332.3518,-10.6345,0.0000,-0.0591,-0.0591,0.0177,0.0000,0.0000,0.0423,0.0169,0.0000
0.1664,0.8944,1.0000,0.0987,0.0701,332.2838,-10.7037,0.0000,-0.0478,-0.0478,0.0228,0.0000,0.0000,0.0423,0.0169,0.0000
0.0889,0.9547,1.0000,0.0903,0.0701,332.2140,-10.7724,0.0000,-0.0366,-0.0366,0.0285,0.0000,0.0000,0.0423,0.0169,0.0000
0.0629,0.9634,1.0000,0.0819,0.0701,332.1437,-10.8359,0.0000,-0.0303,-0.0303,0.0342,0.0000,0.0000,0.0423,0.0169,0.0000
0.0453,0.9734,1.0000,0.0735,0.0040,332.0760,-10.9068,0.0000,-0.0170,-0.0170,0.0194,0.0000,0.0000,0.0024,0.0010,0.0000
0.0951,0.9397,1.0000,0.0651,0.0040,331.9944,-10.9622,0.0000,-0.0261,-0.0261,0.0262,0.0000,0.0000,0.0024,0.0010,0.0000
0.0537,0.9740,1.0000,0.0567,0.0040,331.9393,-11.0344,0.0000,-0.0073,-0.0073,0.0265,0.0000,0.0000,0.0024,0.0010,0.0000
0.0428,0.9737,1.0000,0.0483,0.0040,331.8647,-11.1010,0.0000,-0.0026,-0.0026,0.0339,0.0000,0.0000,0.0024,0.0010,0.0000
0.1995,0.9007,1.0000,0.0399,0.0040,331.8050,-11.1757,0.0000,0.0135,0.0135,0.0348,0.0000,0.0000,0.0024,0.0010,0.0000
0.0609,0.9914,1.0000,0.0316,0.0040,331.7335,-11.2422,0.0000,0.0208,0.0208,0.0402,0.0000,0.0000,0.0024,0.0010,0.0000
0.0851,0.9491,1.0000,0.0232,0.0040,331.6555,-11.3034,0.0000,0.0166,0.0166,0.0441,0.0000,0.0000,0.0024,0.0010,0.0000
0.0577,0.9679,1.0000,0.0149,0.0040,331.5988,-11.3632,0.0000,0.0245,0.0245,0.0438,0.0000,0.0000,0.0024,0.0010,0.0000
0.0368,0.9810,1.0000,0.0233,0.0264,331.5197,-11.4185,0.0000,0.0187,0.0187,0.0833,0.0000,0.0000,0.0159,0.0064,0.0000
0.2000,0.8171,1.0000,0.0149,0.0264,331.4513,-11.4819,0.0000,0.0177,0.0177,0.0829,0.0000,0.0000,0.0159,0.0064,0.0000
0.0993,0.9532,1.0000,0.0065,0.0264,331.3832,-11.5559,0.0000,0.0392,0.0392,0.0863,0.0000,0.0000,0.0159,0.0064,0.0000
0.1063,0.9248,1.0000,0.0031,0.0315,331.3067,-11.6328,0.0000,0.0501,0.0501,0.0881,0.0000,0.0000,0.0190,0.0076,0.0000
0.0333,0.9977,1.0000,-0.0052,0.0315,331.2470,-11.6988,0.0000,0.0662,0.0662,0.0869,0.0000,0.0000,0.0190,0.0076,0.0000
-0.0703,1.0759,1.0000,-0.0109,0.0343,331.1731,-11.7625,0.0000,0.0734,0.0734,0.0891,0.0000,0.0000,0.0206,0.0083,0.0000
0.1128,0.8820,1.0000,-0.0193,0.0343,331.0854,-11.8380,0.0000,0.0683,0.0683,0.0902,0.0000,0.0000,0.0206,0.0083,0.0000
0.0643,0.9664,1.0000,-0.0277,0.0343,331.0442,-11.8965,0.0000,0.0898,0.0898,0.0869,0.0000,0.0000,0.0206,0.0083,0.0000
-0.1356,1.1469,1.0000,-0.0361,-0.0468,330.9749,-11.9604,0.0000,0.0886,0.0886,-0.0035,0.0000,0.0000,-0.0282,-0.0113,0.0000
0.0644,0.7068,1.0000,-0.0445,-0.0468,330.9120,-12.0262,0.0000,0.0915,0.0915,-0.0058,0.0000,0.0000,-0.0282,-0.0113,0.0000
0.1160,0.9340,1.0000,-0.0529,-0.0591,330.8586,-12.0749,0.0000,0.0869,0.0869,-0.0084,0.0000,0.0000,-0.0356,-0.0143,0.0000
0.1669,0.9026,1.0000,-0.0613,-0.0591,330.8019,-12.1262,0.0000,0.0822,0.0822,-0.0123,0.0000,0.0000,-0.0356,-0.0143,0.0000
0.2000,0.7165,1.0000,-0.0697,-0.0591,330.7398,-12.1890,0.0000,0.0833,0.0833,-0.0160,0.0000,0.0000,-0.0356,-0.0143,0.0000
0.2000,0.7592,1.0000,-0.0781,-0.0591,330.6640,-12.2494,0.0000,0.0731,0.0731,-0.0155,0.0000,0.0000,-0.0356,-0.0143,0.0000
0.2002,0.8753,1.0000,-0.0864,-0.0591,330.6115,-12.3071,0.0000,0.0741,0.0741,-0.0214,0.0000,0.0000,-0.0356,-0.0143,0.0000
0.1675,0.9605,1.0000,-0.0947,-0.0591,330.5530,-12.3617,0.0000,0.0692,0.0692,-0.0254,0.0000,0.0000,-0.0356,-0.0143,0.0000
0.2000,0.7721,1.0000,-0.0871,-0.0591,330.4712,-12.4178,0.0000,0.0536,0.0536,-0.0273,0.0000,0.0000,-0.0356,-0.0143,0.0000
0.2000,0.7939,1.0000,-0.0787,0.0099,330.4171,-12.4842,0.0000,0.0629,0.0629,0.0223,0.0000,0.0000,0.0060,0.0024,0.0000
0.0679,0.9850,1.0000,-0.0871,0.0099,330.3368,-12.5410,0.0000,0.0548,0.0548,0.0214,0.0000,0.0000,0.0060,0.0024,0.0000
0.2000,0.8429,1.0000,-0.0940,0.0099,330.2641,-12.6024,0.0000,0.0502,0.0502,0.0173,0.0000,0.0000,0.0060,0.0024,0.0000
0.0813,0.9757,1.0000,-0.0870,0.0099,330.2102,-12.6677,0.0000,0.0599,0.0599,0.0065,0.0000,0.0000,0.0060,0.0024,0.0000
0.0768,0.9442,1.0000,-0.0786,0.0172,330.1316,-12.7190,0.0000,0.0470,0.0470,0.0065,0.0000,0.0000,0.0104,0.0042,0.0000
0.2000,0.8329,1.0000,-0.0702,0.0172,330.0729,-12.7642,0.0000,0.0381,0.0381,-0.0032,0.0000,0.0000,0.0104,0.0042,0.0000
0.1289,0.9298,1.0000,-0.0618,0.0172,329.9970,-12.8218,0.0000,0.0301,0.0301,-0.0063,0.0000,0.0000,0.0104,0.0042,0.0000
0.2000,0.7392,1.0000,-0.0534,0.0172,329.9269,-12.8757,0.0000,0.0234,0.0234,-0.0118,0.0000,0.0000,0.0104,0.0042,0.0000
0.1110,0.9458,1.0000,-0.0500,0.0122,329.8662,-12.9304,0.0000,0.0191,0.0191,-0.0311,0.0000,0.0000,0.0074,0.0029,0.0000
0.1907,0.8783,1.0000,-0.0416,0.0122,329.7980,-12.9812,0.0000,0.0112,0.0112,-0.0339,0.0000,0.0000,0.0074,0.0029,0.0000
0.2000,0.8094,1.0000,-0.0332,0.0122,329.7268,-13.0340,0.0000,0.0030,0.0030,-0.0367,0.0000,0.0000,0.0074,0.0029,0.0000
0.2000,0.8443,1.0000,-0.0248,0.0122,329.6614,-13.0935,0.0000,0.0015,0.0015,-0.0401,0.0000,0.0000,0.0074,0.0029,0.0000
0.1999,0.8799,1.0000,-0.0164,0.0122,329.6004,-13.1486,0.0000,-0.0002,-0.0002,-0.0429,0.0000,0.0000,0.0074,0.0029,0.0000
0.1764,0.8765,1.0000,-0.0080,0.0122,329.5275,-13.2003,0.0000,-0.0102,-0.0102,-0.0428,0.0000,0.0000,0.0074,0.0029,0.0000
0.2000,0.8140,1.0000,0.0004,0.0122,329.4586,-13.2519,0.0000,-0.0178,-0.0178,-0.0458,0.0000,0.0000,0.0074,0.0029,0.0000
0.1666,0.8859,1.0000,0.0060,0.0094,329.3678,-13.3122,0.0000,-0.0345,-0.0345,-0.0512,0.0000,0.0000,0.0057,0.0023,0.0000
0.2000,0.8544,1.0000,0.0144,0.0094,329.2909,-13.3724,0.0000,-0.0415,-0.0415,-0.0523,0.0000,0.0000,0.0057,0.0023,0.0000
0.0000,1.0798,1.0000,0.0228,0.0094,329.2299,-13.4354,0.0000,-0.0434,-0.0434,-0.0550,0.0000,0.0000,0.0057,0.0023,0.0000
0.0362,0.9676,1.0000,0.0144,-0.0691,329.1521,-13.5021,0.0000,-0.0416,-0.0416,-0.0514,0.0000,0.0000,-0.0417,-0.0167,0.0000
0.1909,0.8681,1.0000,0.0228,-0.0691,329.0762,-13.5631,0.0000,-0.0446,-0.0446,-0.0502,0.0000,0.0000,-0.0417,-0.0167,0.0000
0.0320,1.0170,1.0000,0.0312,-0.0691,329.0057,-13.6238,0.0000,-0.0502,-0.0502,-0.0488,0.0000,0.0000,-0.0417,-0.0167,0.0000
0.0493,0.9652,1.0000,0.0396,-0.0691,328.9279,-13.6801,0.0000,-0.0593,-0.0593,-0.0476,0.0000,0.0000,-0.0417,-0.0167,0.0000
0.1699,0.9223,1.0000,0.0480,-0.0569,328.8658,-13.7424,0.0000,-0.0538,-0.0538,-0.0273,0.0000,0.0000,-0.0343,-0.0137,0.0000
0.1037,0.9517,1.0000,0.0543,-0.0569,328.7809,-13.8018,0.0000,-0.0631,-0.0631,-0.0226,0.0000,0.0000,-0.0343,-0.0137,0.0000
0.2001,0.8714,1.0000,0.0539,-0.0569,328.7212,-13.8668,0.0000,-0.0533,-0.0533,-0.0246,0.0000,0.0000,-0.0343,-0.0137,0.0000
0.0266,1.0253,1.0000,0.0503,-0.0569,328.6661,-13.9244,0.0000,-0.0468,-0.0468,-0.0222,0.0000,0.0000,-0.0343,-0.0137,0.0000
0.1733,0.8739,1.0000,0.0459,-0.0569,328.5856,-13.9809,0.0000,-0.0526,-0.0526,-0.0154,0.0000,0.0000,-0.0343,-0.0137,0.0000
0.2000,0.7921,1.0000,0.0432,-0.0569,328.5070,-14.0472,0.0000,-0.0525,-0.0525,-0.0125,0.0000,0.0000,-0.0343,-0.0137,0.0000
0.0853,0.9727,1.0000,0.0420,-0.0569,328.4551,-14.1023,0.0000,-0.0464,-0.0464,-0.0127,0.0000,0.0000,-0.0343,-0.0137,0.0000
0.0018,1.0196,1.0000,0.0336,-0.0569,328.3780,-14.1701,0.0000,-0.0437,-0.0437,-0.0075,0.0000,0.0000,-0.0343,-0.0137,0.0000
0.2000,0.7503,1.0000,0.0264,-0.0569,328.3130,-14.2385,0.0000,-0.0342,-0.0342,-0.0084,0.0000,0.0000,-0.0343,-0.0137,0.0000
0.0330,1.0186,1.0000,0.0348,0.0631,328.2391,-14.3008,0.0000,-0.0389,-0.0389,-0.0283,0.0000,0.0000,0.0381,0.0152,0.0000
0.1156,0.9348,1.0000,0.0432,0.0631,328.1656,-14.3628,0.0000,-0.0407,-0.0407,-0.0260,0.0000,0.0000,0.0381,0.0152,0.0000
0.0728,0.9589,1.0000,0.0516,0.0631,328.0873,-14.4266,0.0000,-0.0463,-0.0463,-0.0244,0.0000,0.0000,0.0381,0.0152,0.0000
0.0664,0.9530,1.0000,0.0600,0.0631,328.0085,-14.4944,0.0000,-0.0481,-0.0481,-0.0214,0.0000,0.0000,0.0381,0.0152,0.0000
0.0211,1.0011,1.0000,0.0684,0.0631,327.9278,-14.5614,0.0000,-0.0526,-0.0526,-0.0187,0.0000,0.0000,0.0381,0.0152,0.0000
-0.0200,1.0308,1.0000,0.0768,0.0631,327.8520,-14.6309,0.0000,-0.0514,-0.0514,-0.0155,0.0000,0.0000,0.0381,0.0152,0.0000
-0.0794,1.0391,1.0000,0.0780,0.0558,327.7810,-14.7085,0.0000,-0.0413,-0.0413,-0.0231,0.0000,0.0000,0.0337,0.0135,0.0000
-0.0445,1.0199,1.0000,0.0864,0.0558,327.7164,-14.7835,0.0000,-0.0291,-0.0291,-0.0199,0.0000,0.0000,0.0337,0.0135,0.0000
-0.0792,1.0450,1.0000,0.0780,-0.0394,327.6375,-14.8598,0.0000,-0.0259,-0.0259,-0.0163,0.0000,0.0000,-0.0237,-0.0095,0.0000
-0.0065,0.9833,1.0000,0.0696,-0.0394,327.5625,-14.9276,0.0000,-0.0248,-0.0248,-0.0110,0.0000,0.0000,-0.0237,-0.0095,0.0000
-0.1662,1.0892,1.0000,0.0612,-0.0394,327.4869,-14.9941,0.0000,-0.0255,-0.0255,-0.0052,0.0000,0.0000,-0.0237,-0.0095,0.0000
-0.0464,1.0021,1.0000,0.0528,-0.0394,327.4085,-15.0711,0.0000,-0.0206,-0.0206,-0.0005,0.0000,0.0000,-0.0237,-0.0095,0.0000
-0.0140,0.9981,1.0000,0.0444,-0.0394,327.3342,-15.1511,0.0000,-0.0118,-0.0118,0.0022,0.0000,0.0000,-0.0237,-0.0095,0.0000
-0.0934,1.0894,1.0000,0.0528,0.0392,327.2671,-15.2291,0.0000,0.0049,0.0049,0.1031,0.0000,0.0000,0.0236,0.0095,0.0000
-0.1770,1.0840,1.0000,0.0444,0.0392,327.1916,-15.3065,0.0000,0.0222,0.0222,0.1076,0.0000,0.0000,0.0236,0.0095,0.0000
-0.0696,1.0227,1.0000,0.0360,0.0392,327.1120,-15.3904,0.0000,0.0375,0.0375,0.1092,0.0000,0.0000,0.0236,0.0095,0.0000
-0.1119,1.0721,1.0000,0.0276,0.0257,327.0404,-15.4693,0.0000,0.0608,0.0608,0.1127,0.0000,0.0000,0.0155,0.0062,0.0000
-0.2001,1.1469,1.0000,0.0192,0.0257,326.9309,-15.5444,0.0000,0.0598,0.0598,0.1166,0.0000,0.0000,0.0155,0.0062,0.0000
-0.1157,1.0586,1.0000,0.0108,0.0257,326.8510,-15.6189,0.0000,0.0653,0.0653,0.1174,0.0000,0.0000,0.0155,0.0062,0.0000
-0.2000,1.3124,1.0000,0.0024,-0.1157,326.7824,-15.7027,0.0000,0.0909,0.0909,-0.0378,0.0000,0.0000,-0.0700,-0.0280,0.0000
-0.1350,1.0832,1.0000,-0.0060,-0.1157,326.7071,-15.7890,0.0000,0.1013,0.1013,-0.0348,0.0000,0.0000,-0.0700,-0.0280,0.0000
-0.1089,1.0746,1.0000,-0.0144,-0.1157,326.6301,-15.8717,0.0000,0.1028,0.1028,-0.0339,0.0000,0.0000,-0.0700,-0.0280,0.0000
-0.2000,1.1366,1.0000,-0.0228,-0.1157,326.5544,-15.9488,0.0000,0.0999,0.0999,-0.0334,0.0000,0.0000,-0.0700,-0.0280,0.0000
-0.1735,1.1207,1.0000,-0.0312,-0.1157,326.4793,-16.0240,0.0000,0.0969,0.0969,-0.0338,0.0000,0.0000,-0.0700,-0.0280,0.0000
-0.1248,1.0707,1.0000,-0.0228,-0.0954,326.4046,-16.1039,0.0000,0.0975,0.0975,-0.0355,0.0000,0.0000,-0.0576,-0.0230,0.0000
-0.0878,1.0541,1.0000,-0.0312,-0.0954,326.3305,-16.1837,0.0000,0.0974,0.0974,-0.0380,0.0000,0.0000,-0.0576,-0.0230,0.0000
-0.1047,1.0835,1.0000,-0.0228,-0.0004,326.2478,-16.2636,0.0000,0.0945,0.0945,0.0726,0.0000,0.0000,-0.0002,-0.0001,0.0000
-0.1117,1.0795,1.0000,-0.0312,-0.0004,326.1758,-16.3280,0.0000,0.0945,0.0945,0.0678,0.0000,0.0000,-0.0002,-0.0001,0.0000
-0.2000,1.1401,1.0000,-0.0354,0.0038,326.0920,-16.3961,0.0000,0.0944,0.0944,0.0675,0.0000,0.0000,0.0023,0.0009,0.0000
-0.0115,0.9596,1.0000,-0.0438,0.0038,326.0154,-16.4603,0.0000,0.0859,0.0859,0.0635,0.0000,0.0000,0.0023,0.0009,0.0000
-0.0975,1.0710,1.0000,-0.0522,0.0038,325.9417,-16.5328,0.0000,0.0969,0.0969,0.0626,0.0000,0.0000,0.0023,0.0009,0.0000
-0.0171,0.9920,1.0000,-0.0606,0.0038,325.8716,-16.5933,0.0000,0.0927,0.0927,0.0570,0.0000,0.0000,0.0023,0.0009,0.0000
-0.0456,1.0247,1.0000,-0.0689,0.0040,325.8058,-16.6675,0.0000,0.1073,0.1073,0.0559,0.0000,0.0000,0.0024,0.0010,0.0000
0.0787,0.9201,1.0000,-0.0773,0.0040,325.7251,-16.7286,0.0000,0.0960,0.0960,0.0494,0.0000,0.0000,0.0024,0.0010,0.0000
0.0417,0.9828,1.0000,-0.0753,0.0143,325.6407,-16.7849,0.0000,0.0848,0.0848,0.0667,0.0000,0.0000,0.0086,0.0035,0.0000
0.0071,1.0079,1.0000,-0.0837,0.0143,325.5621,-16.8447,0.0000,0.0804,0.0804,0.0620,0.0000,0.0000,0.0086,0.0035,0.0000
0.0198,0.9812,1.0000,-0.0921,0.0143,325.4852,-16.9030,0.0000,0.0731,0.0731,0.0550,0.0000,0.0000,0.0086,0.0035,0.0000
0.0234,0.9812,1.0000,-0.1005,0.0143,325.4074,-16.9692,0.0000,0.0738,0.0738,0.0513,0.0000,0.0000,0.0086,0.0035,0.0000
0.0496,0.9601,1.0000,-0.1072,0.0160,325.3256,-17.0328,0.0000,0.0685,0.0685,0.0455,0.0000,0.0000,0.0096,0.0039,0.0000
0.0044,1.0136,1.0000,-0.1106,0.0160,325.2568,-17.0989,0.0000,0.0738,0.0738,0.0376,0.0000,0.0000,0.0096,0.0039,0.0000
-0.0257,1.0297,1.0000,-0.1050,0.0160,325.1806,-17.1606,0.0000,0.0712,0.0712,0.0318,0.0000,0.0000,0.0096,0.0039,0.0000
0.0417,0.9451,1.0000,-0.0966,0.0160,325.0930,-17.2210,0.0000,0.0586,0.0586,0.0252,0.0000,0.0000,0.0096,0.0039,0.0000
0.0391,0.9732,1.0000,-0.0945,0.0211,325.0204,-17.2618,0.0000,0.0432,0.0432,0.0326,0.0000,0.0000,0.0127,0.0051,0.0000
-0.0441,1.0590,1.0000,-0.0898,0.0211,324.9498,-17.3099,0.0000,0.0367,0.0367,0.0288,0.0000,0.0000,0.0127,0.0051,0.0000
0.1557,0.8311,1.0000,-0.0833,0.0211,324.8756,-17.3612,0.0000,0.0257,0.0257,0.0240,0.0000,0.0000,0.0127,0.0051,0.0000
0.1999,0.8495,1.0000,-0.0749,0.0211,324.8071,-17.4064,0.0000,0.0166,0.0166,0.0184,0.0000,0.0000,0.0127,0.0051,0.0000
0.1660,0.8969,1.0000,-0.0687,0.0189,324.7422,-17.4517,0.0000,0.0106,0.0106,0.0141,0.0000,0.0000,0.0114,0.0046,0.0000
0.2000,0.8167,1.0000,-0.0603,0.0189,324.6764,-17.4949,0.0000,0.0013,0.0013,0.0094,0.0000,0.0000,0.0114,0.0046,0.0000
0.2000,0.7862,1.0000,-0.0519,0.0189,324.6080,-17.5343,0.0000,-0.0127,-0.0127,0.0030,0.0000,0.0000,0.0114,0.0046,0.0000
0.2000,0.7831,1.0000,-0.0435,0.0189,324.5352,-17.5853,0.0000,-0.0187,-0.0187,0.0006,0.0000,0.0000,0.0114,0.0046,0.0000
0.2000,0.7883,1.0000,-0.0351,0.0189,324.4654,-17.6405,0.0000,-0.0198,-0.0198,-0.0025,0.0000,0.0000,0.0114,0.0046,0.0000
0.1811,0.8822,1.0000,-0.0435,-0.0016,324.3934,-17.6901,0.0000,-0.0291,-0.0291,-0.0424,0.0000,0.0000,-0.0010,-0.0004,0.0000
0.1638,0.8823,1.0000,-0.0351,-0.0016,324.3326,-17.7378,0.0000,-0.0339,-0.0339,-0.0465,0.0000,0.0000,-0.0010,-0.0004,0.0000
0.2001,0.8680,1.0000,-0.0267,-0.0016,324.2609,-17.7872,0.0000,-0.0429,-0.0429,-0.0479,0.0000,0.0000,-0.0010,-0.0004,0.0000
0.2000,0.7663,1.0000,-0.0183,-0.0016,324.1887,-17.8452,0.0000,-0.0443,-0.0443,-0.0516,0.0000,0.0000,-0.0010,-0.0004,0.0000
0.2005,0.8637,1.0000,-0.0099,0.0050,324.1216,-17.8946,0.0000,-0.0534,-0.0534,-0.0533,0.0000,0.0000,0.0030,0.0012,0.0000
0.1442,0.9173,1.0000,-0.0015,0.0050,324.0651,-17.9369,0.0000,-0.0599,-0.0599,-0.0551,0.0000,0.0000,0.0030,0.0012,0.0000
0.2000,0.8267,1.0000,0.0069,0.0050,323.9944,-17.9915,0.0000,-0.0621,-0.0621,-0.0561,0.0000,0.0000,0.0030,0.0012,0.0000
0.2000,0.6998,1.0200,0.0153,0.0050,323.9329,-18.0354,0.0000,-0.0652,-0.0652,-0.0573,0.0000,0.0000,0.0030,0.0012,0.0000
0.1613,0.8855,1.0180,0.0237,0.0050,323.8669,-18.0845,0.0000,-0.0757,-0.0757,-0.0570,0.0000,0.0000,0.0030,0.0012,0.0000
0.2001,0.7488,1.0380,0.0318,0.0050,323.8006,-18.1344,0.0000,-0.0764,-0.0764,-0.0564,0.0000,0.0000,0.0030,0.0012,0.0000
0.1621,0.8161,1.0342,0.0360,0.0008,323.7310,-18.1815,0.0000,-0.0882,-0.0882,-0.0681,0.0000,0.0000,0.0005,0.0002,0.0000
0.2000,0.8219,1.0308,0.0444,0.0008,323.6619,-18.2334,0.0000,-0.0940,-0.0940,-0.0667,0.0000,0.0000,0.0005,0.0002,0.0000
0.2000,0.8336,1.0277,0.0527,0.0008,323.5926,-18.2874,0.0000,-0.0986,-0.0986,-0.0653,0.0000,0.0000,0.0005,0.0002,0.0000
0.1998,0.8568,1.0249,0.0611,0.0008,323.5252,-18.3447,0.0000,-0.0998,-0.0998,-0.0636,0.0000,0.0000,0.0005,0.0002,0.0000
0.1967,0.8707,1.0224,0.0695,0.0008,323.4646,-18.4032,0.0000,-0.0949,-0.0949,-0.0613,0.0000,0.0000,0.0005,0.0002,0.0000
0.1992,0.8779,1.0202,0.0779,0.0008,323.3860,-18.4649,0.0000,-0.0986,-0.0986,-0.0576,0.0000,0.0000,0.0005,0.0002,0.0000
0.1999,0.8360,1.0182,0.0863,0.0008,323.3087,-18.5345,0.0000,-0.0935,-0.0935,-0.0523,0.0000,0.0000,0.0005,0.0002,0.0000
0.0661,0.9913,1.0164,0.0913,-0.0026,323.2391,-18.5848,0.0000,-0.1043,-0.1043,-0.0505,0.0000,0.0000,-0.0015,-0.0006,0.0000
-0.0130,1.0331,1.0147,0.0996,-0.0026,323.1604,-18.6473,0.0000,-0.1065,-0.1065,-0.0437,0.0000,0.0000,-0.0015,-0.0006,0.0000
0.1448,0.8514,1.0132,0.1080,-0.0026,323.0900,-18.7097,0.0000,-0.1006,-0.1006,-0.0411,0.0000,0.0000,-0.0015,-0.0006,0.0000
0.0445,0.9970,1.0119,0.1164,-0.0026,323.0152,-18.7747,0.0000,-0.1004,-0.1004,-0.0345,0.0000,0.0000,-0.0015,-0.0006,0.0000
0.1633,0.9333,1.0107,0.1203,-0.0026,322.9448,-18.8397,0.0000,-0.0942,-0.0942,-0.0290,0.0000,0.0000,-0.0015,-0.0006,0.0000
0.0619,0.9843,1.0097,0.1146,-0.0026,322.8747,-18.9019,0.0000,-0.0910,-0.0910,-0.0230,0.0000,0.0000,-0.0015,-0.0006,0.0000
0.0730,0.9517,1.0087,0.1089,-0.0026,322.8033,-18.9666,0.0000,-0.0862,-0.0862,-0.0174,0.0000,0.0000,-0.0015,-0.0006,0.0000
0.1171,0.9308,1.0078,0.1017,-0.0026,322.7364,-19.0335,0.0000,-0.0768,-0.0768,-0.0113,0.0000,0.0000,-0.0015,-0.0006,0.0000
0.0762,0.9565,1.0070,0.0965,0.0006,322.6738,-19.0940,0.0000,-0.0702,-0.0702,0.0044,0.0000,0.0000,0.0003,0.0001,0.0000
0.0876,0.9408,1.0063,0.0881,0.0006,322.6019,-19.1621,0.0000,-0.0615,-0.0615,0.0116,0.0000,0.0000,0.0003,0.0001,0.0000
0.2000,0.8648,1.0057,0.0797,0.0006,322.5398,-19.2199,0.0000,-0.0568,-0.0568,0.0149,0.0000,0.0000,0.0003,0.0001,0.0000
0.0699,0.9837,1.0051,0.0713,0.0006,322.4650,-19.2840,0.0000,-0.0519,-0.0519,0.0224,0.0000,0.0000,0.0003,0.0001,0.0000
0.2000,0.8420,1.0046,0.0629,0.0006,322.4009,-19.3422,0.0000,-0.0488,-0.0488,0.0268,0.0000,0.0000,0.0003,0.0001,0.0000
0.0788,0.9765,1.0042,0.0545,0.0006,322.3305,-19.4108,0.0000,-0.0383,-0.0383,0.0312,0.0000,0.0000,0.0003,0.0001,0.0000
0.2002,0.8593,1.0037,0.0461,0.0006,322.2556,-19.4821,0.0000,-0.0326,-0.0326,0.0353,0.0000,0.0000,0.0003,0.0001,0.0000
0.0804,0.9756,1.0034,0.0378,0.0006,322.1845,-19.5521,0.0000,-0.0217,-0.0217,0.0386,0.0000,0.0000,0.0003,0.0001,0.0000
-0.0029,1.0254,1.0030,0.0294,-0.0079,322.1108,-19.6206,0.0000,-0.0147,-0.0147,0.0359,0.0000,0.0000,-0.0047,-0.0019,0.0000
0.0078,0.9903,1.0027,0.0210,-0.0079,322.0395,-19.6854,0.0000,-0.0117,-0.0117,0.0384,0.0000,0.0000,-0.0047,-0.0019,0.0000
0.0054,0.9976,1.0025,0.0126,-0.0079,321.9809,-19.7440,0.0000,-0.0053,-0.0053,0.0385,0.0000,0.0000,-0.0047,-0.0019,0.0000
0.0669,0.9548,1.0022,0.0042,-0.0079,321.9283,-19.8091,0.0000,0.0096,0.0096,0.0401,0.0000,0.0000,-0.0047,-0.0019,0.0000
0.2001,0.8219,1.0020,-0.0041,-0.0079,321.8640,-19.8704,0.0000,0.0118,0.0118,0.0411,0.0000,0.0000,-0.0047,-0.0019,0.0000
0.1999,0.8311,1.0018,-0.0125,-0.0079,321.8002,-19.9385,0.0000,0.0230,0.0230,0.0440,0.0000,0.0000,-0.0047,-0.0019,0.0000
0.1720,0.8809,1.0016,-0.0209,-0.0079,321.7408,-19.9972,0.0000,0.0288,0.0288,0.0420,0.0000,0.0000,-0.0047,-0.0019,0.0000
0.1276,0.9258,1.0014,-0.0293,-0.0079,321.6751,-20.0632,0.0000,0.0377,0.0377,0.0439,0.0000,0.0000,-0.0047,-0.0019,0.0000
0.1998,0.8280,1.0013,-0.0377,-0.0079,321.6079,-20.1183,0.0000,0.0320,0.0320,0.0404,0.0000,0.0000,-0.0047,-0.0019,0.0000
0.1522,0.9236,1.0012,-0.0460,-0.0079,321.5384,-20.1853,0.0000,0.0396,0.0396,0.0412,0.0000,0.0000,-0.0047,-0.0019,0.0000
0.2003,0.8628,1.0011,-0.0521,-0.0056,321.4617,-20.2472,0.0000,0.0349,0.0349,0.0484,0.0000,0.0000,-0.0034,-0.0013,0.0000
0.1009,0.9571,1.0010,-0.0605,-0.0056,321.3897,-20.3113,0.0000,0.0384,0.0384,0.0459,0.0000,0.0000,-0.0034,-0.0013,0.0000
0.0511,0.9776,1.0009,-0.0689,-0.0056,321.3104,-20.3787,0.0000,0.0359,0.0359,0.0396,0.0000,0.0000,-0.0034,-0.0013,0.0000
0.0627,0.9562,1.0008,-0.0773,-0.0056,321.2419,-20.4409,0.0000,0.0383,0.0383,0.0389,0.0000,0.0000,-0.0034,-0.0013,0.0000
-0.0138,1.0339,1.0007,-0.0857,-0.0056,321.1803,-20.4982,0.0000,0.0392,0.0392,0.0301,0.0000,0.0000,-0.0034,-0.0013,0.0000
0.0711,0.9174,1.0006,-0.0941,-0.0056,321.1079,-20.5592,0.0000,0.0358,0.0358,0.0269,0.0000,0.0000,-0.0034,-0.0013,0.0000
0.2001,0.8340,1.0006,-0.1025,-0.0056,321.0356,-20.6278,0.0000,0.0397,0.0397,0.0257,0.0000,0.0000,-0.0034,-0.0013,0.0000
0.1394,0.9398,1.0005,-0.0974,-0.0056,320.9615,-20.6750,0.0000,0.0248,0.0248,0.0162,0.0000,0.0000,-0.0034,-0.0013,0.0000
0.0648,0.9873,1.0005,-0.1006,-0.0072,320.8866,-20.7312,0.0000,0.0181,0.0181,0.0199,0.0000,0.0000,-0.0043,-0.0017,0.0000
0.1852,0.8799,1.0004,-0.0922,-0.0072,320.8098,-20.7887,0.0000,0.0092,0.0092,0.0138,0.0000,0.0000,-0.0043,-0.0017,0.0000
0.1263,0.9297,1.0004,0.0000,-0.0072,320.7477,-20.8420,0.0000,0.0077,0.0077,0.0072,0.0000,0.0000,-0.0043,-0.0017,0.0000
0.1507,0.9539,1.0003,0.0000,-0.0072,320.6698,-20.9027,0.0000,0.0025,0.0025,0.0030,0.0000,0.0000,-0.0043,-0.0017,0.0000
0.2000,0.8118,1.0003,0.0000,-0.0072,320.5957,-20.9570,0.0000,-0.0058,-0.0058,-0.0025,0.0000,0.0000,-0.0043,-0.0017,0.0000
0.1367,0.9796,1.0003,0.0084,-0.0072,320.5240,-21.0071,0.0000,-0.0157,-0.0157,-0.0071,0.0000,0.0000,-0.0043,-0.0017,0.0000
0.1240,0.9138,1.0002,0.0168,-0.0072,320.4538,-21.0589,0.0000,-0.0225,-0.0225,-0.0110,0.0000,0.0000,-0.0043,-0.0017,0.0000
0.1997,0.8692,1.0002,0.0252,-0.0072,320.3884,-21.1063,0.0000,-0.0291,-0.0291,-0.0142,0.0000,0.0000,-0.0043,-0.0017,0.0000
0.1878,0.8658,1.0002,0.0336,-0.0072,320.3078,-21.1586,0.0000,-0.0418,-0.0418,-0.0171,0.0000,0.0000,-0.0043,-0.0017,0.0000
0.1999,0.8015,1.0002,0.0420,-0.0072,320.2360,-21.2114,0.0000,-0.0471,-0.0471,-0.0182,0.0000,0.0000,-0.0043,-0.0017,0.0000
0.1033,0.9542,1.0002,0.0437,-0.0139,320.1638,-21.2648,0.0000,-0.0551,-0.0551,-0.0327,0.0000,0.0000,-0.0084,-0.0033,0.0000
0.1983,0.8844,1.0001,0.0521,-0.0139,320.0880,-21.3239,0.0000,-0.0581,-0.0581,-0.0319,0.0000,0.0000,-0.0084,-0.0033,0.0000
0.1775,0.8904,1.0001,0.0605,-0.0139,320.0187,-21.3839,0.0000,-0.0570,-0.0570,-0.0301,0.0000,0.0000,-0.0084,-0.0033,0.0000
0.0936,0.9529,1.0001,0.0689,-0.0139,319.9502,-21.4354,0.0000,-0.0627,-0.0627,-0.0286,0.0000,0.0000,-0.0084,-0.0033,0.0000
0.1678,0.9087,1.0001,0.0773,-0.0139,319.8818,-21.4928,0.0000,-0.0619,-0.0619,-0.0259,0.0000,0.0000,-0.0084,-0.0033,0.0000
0.2000,0.8495,1.0001,0.0857,0.0212,319.8196,-21.5475,0.0000,-0.0589,-0.0589,-0.0231,0.0000,0.0000,0.0128,0.0051,0.0000
0.1961,0.8856,1.0001,0.0941,0.0212,319.7504,-21.6035,0.0000,-0.0604,-0.0604,-0.0199,0.0000,0.0000,0.0128,0.0051,0.0000
0.2000,0.8215,1.0001,0.1025,0.0212,319.6777,-21.6622,0.0000,-0.0611,-0.0611,-0.0164,0.0000,0.0000,0.0128,0.0051,0.0000
0.1699,0.8827,1.0001,0.1109,0.0212,319.6154,-21.7189,0.0000,-0.0570,-0.0570,-0.0116,0.0000,0.0000,0.0128,0.0051,0.0000
0.1256,0.9263,1.0001,0.1058,0.0245,319.5548,-21.7903,0.0000,-0.0395,-0.0395,0.0017,0.0000,0.0000,0.0147,0.0059,0.0000
0.2000,0.8366,1.0001,0.0974,0.0245,319.4890,-21.8418,0.0000,-0.0418,-0.0418,0.0041,0.0000,0.0000,0.0147,0.0059,0.0000
0.1178,0.9342,1.0000,0.0890,0.0245,319.4202,-21.9047,0.0000,-0.0354,-0.0354,0.0097,0.0000,0.0000,0.0147,0.0059,0.0000
0.2000,0.8282,1.0000,0.0806,0.0245,319.3582,-21.9654,0.0000,-0.0276,-0.0276,0.0144,0.0000,0.0000,0.0147,0.0059,0.0000
0.1263,0.9256,1.0000,0.0722,0.0245,319.2920,-22.0316,0.0000,-0.0168,-0.0168,0.0195,0.0000,0.0000,0.0147,0.0059,0.0000
0.1998,0.8625,1.0000,0.0638,0.0245,319.2183,-22.1063,0.0000,-0.0048,-0.0048,0.0268,0.0000,0.0000,0.0147,0.0059,0.0000
0.1293,0.9293,1.0000,0.0554,0.0245,319.1501,-22.1712,0.0000,0.0026,0.0026,0.0290,0.0000,0.0000,0.0147,0.0059,0.0000
-0.0148,1.0434,1.0000,0.0470,0.0245,319.0763,-22.2363,0.0000,0.0081,0.0081,0.0324,0.0000,0.0000,0.0147,0.0059,0.0000
0.0553,0.9346,1.0000,0.0386,0.0245,319.0147,-22.3031,0.0000,0.0192,0.0192,0.0362,0.0000,0.0000,0.0147,0.0059,0.0000
0.0410,0.9754,1.0000,0.0302,0.0136,318.9471,-22.3767,0.0000,0.0356,0.0356,0.0558,0.0000,0.0000,0.0082,0.0033,0.0000
0.1979,0.9022,1.0000,0.0218,0.0136,318.8833,-22.4311,0.0000,0.0351,0.0351,0.0561,0.0000,0.0000,0.0082,0.0033,0.0000
0.0599,0.9939,1.0000,0.0134,0.0136,318.8199,-22.4938,0.0000,0.0468,0.0468,0.0580,0.0000,0.0000,0.0082,0.0033,0.0000
0.1999,0.8315,1.0000,0.0051,0.0136,318.7552,-22.5552,0.0000,0.0491,0.0491,0.0596,0.0000,0.0000,0.0082,0.0033,0.0000
0.1683,0.8843,1.0000,-0.0033,0.0136,318.6810,-22.6302,0.0000,0.0630,0.0630,0.0631,0.0000,0.0000,0.0082,0.0033,0.0000
0.1771,0.8847,1.0000,-0.0117,0.0136,318.6116,-22.6830,0.0000,0.0582,0.0582,0.0598,0.0000,0.0000,0.0082,0.0033,0.0000
-0.0045,1.0462,1.0000,-0.0201,0.0136,318.5451,-22.7514,0.0000,0.0747,0.0747,0.0619,0.0000,0.0000,0.0082,0.0033,0.0000
0.1441,0.8663,1.0000,-0.0284,0.0136,318.4751,-22.8123,0.0000,0.0710,0.0710,0.0602,0.0000,0.0000,0.0082,0.0033,0.0000
0.0903,0.9472,1.0000,-0.0368,0.0136,318.4082,-22.8760,0.0000,0.0799,0.0799,0.0597,0.0000,0.0000,0.0082,0.0033,0.0000
0.1358,0.9193,1.0000,-0.0452,0.0136,318.3388,-22.9378,0.0000,0.0821,0.0821,0.0581,0.0000,0.0000,0.0082,0.0033,0.0000
0.1188,0.9159,1.0000,-0.0473,0.0199,318.2640,-23.0055,0.0000,0.0861,0.0861,0.0629,0.0000,0.0000,0.0120,0.0048,0.0000
0.1103,0.9214,1.0000,-0.0557,0.0199,318.1922,-23.0696,0.0000,0.0896,0.0896,0.0602,0.0000,0.0000,0.0120,0.0048,0.0000
0.0293,1.0008,1.0000,-0.0641,0.0199,318.1196,-23.1335,0.0000,0.0941,0.0941,0.0568,0.0000,0.0000,0.0120,0.0048,0.0000
0.0903,0.9538,1.0000,-0.0725,0.0199,318.0443,-23.1939,0.0000,0.0904,0.0904,0.0528,0.0000,0.0000,0.0120,0.0048,0.0000
0.0669,0.9596,1.0000,-0.0809,0.0199,317.9715,-23.2510,0.0000,0.0872,0.0872,0.0488,0.0000,0.0000,0.0120,0.0048,0.0000
0.0600,0.9583,1.0000,-0.0893,0.0199,317.8980,-23.3121,0.0000,0.0858,0.0858,0.0437,0.0000,0.0000,0.0120,0.0048,0.0000
0.1788,0.9194,1.0000,-0.0809,0.0369,317.8221,-23.3701,0.0000,0.0801,0.0801,0.0390,0.0000,0.0000,0.0222,0.0089,0.0000
0.1032,0.9482,1.0000,-0.0856,0.0369,317.7422,-23.4278,0.0000,0.0725,0.0725,0.0335,0.0000,0.0000,0.0222,0.0089,0.0000
0.0793,0.9493,1.0000,-0.0940,0.0018,317.6661,-23.4885,0.0000,0.0687,0.0687,-0.0193,0.0000,0.0000,0.0011,0.0004,0.0000
0.0446,0.9800,1.0000,-0.0856,0.0018,317.5881,-23.5470,0.0000,0.0578,0.0578,-0.0240,0.0000,0.0000,0.0011,0.0004,0.0000
0.0443,0.9661,1.0000,-0.0772,0.0018,317.5039,-23.6043,0.0000,0.0417,0.0417,-0.0299,0.0000,0.0000,0.0011,0.0004,0.0000
0.0029,1.0128,1.0000,-0.0751,-0.0046,317.4306,-23.6618,0.0000,0.0323,0.0323,-0.0354,0.0000,0.0000,-0.0027,-0.0011,0.0000
-0.0108,1.0128,1.0000,-0.0667,-0.0046,317.3496,-23.7155,0.0000,0.0163,0.0163,-0.0396,0.0000,0.0000,-0.0027,-0.0011,0.0000
0.0653,0.9252,1.0000,-0.0583,-0.0046,317.2708,-23.7773,0.0000,0.0091,0.0091,-0.0449,0.0000,0.0000,-0.0027,-0.0011,0.0000
0.0535,0.9657,1.0000,-0.0499,-0.0046,317.1966,-23.8353,0.0000,-0.0002,-0.0002,-0.0497,0.0000,0.0000,-0.0027,-0.0011,0.0000
0.0237,0.9939,1.0000,-0.0415,-0.0046,317.1183,-23.8965,0.0000,-0.0096,-0.0096,-0.0541,0.0000,0.0000,-0.0027,-0.0011,0.0000
0.0931,0.9339,1.0000,-0.0331,-0.0046,317.0459,-23.9555,0.0000,-0.0142,-0.0142,-0.0584,0.0000,0.0000,-0.0027,-0.0011,0.0000
0.0407,0.9865,1.0000,-0.0247,0.0324,316.9686,-24.0123,0.0000,-0.0256,-0.0256,-0.0312,0.0000,0.0000,0.0195,0.0078,0.0000
0.1115,0.9261,1.0000,-0.0163,0.0324,316.8906,-24.0734,0.0000,-0.0292,-0.0292,-0.0341,0.0000,0.0000,0.0195,0.0078,0.0000
0.0790,0.9516,1.0000,-0.0080,0.0324,316.8127,-24.1217,0.0000,-0.0437,-0.0437,-0.0360,0.0000,0.0000,0.0195,0.0078,0.0000
0.0425,0.9820,1.0000,0.0004,0.0324,316.7344,-24.1732,0.0000,-0.0559,-0.0559,-0.0374,0.0000,0.0000,0.0195,0.0078,0.0000
0.1500,0.9104,1.0000,0.0088,0.0324,316.6539,-24.2274,0.0000,-0.0648,-0.0648,-0.0375,0.0000,0.0000,0.0195,0.0078,0.0000
0.1094,0.9295,1.0000,0.0172,0.0324,316.5771,-24.2802,0.0000,-0.0742,-0.0742,-0.0379,0.0000,0.0000,0.0195,0.0078,0.0000
0.0678,0.9622,1.0000,0.0255,0.0324,316.5042,-24.3358,0.0000,-0.0788,-0.0788,-0.0375,0.0000,0.0000,0.0195,0.0078,0.0000
0.1710,0.9239,1.0000,0.0339,0.0324,316.4334,-24.3945,0.0000,-0.0782,-0.0782,-0.0364,0.0000,0.0000,0.0195,0.0078,0.0000
0.1349,0.9088,1.0000,0.0423,0.0324,316.3591,-24.4497,0.0000,-0.0830,-0.0830,-0.0357,0.0000,0.0000,0.0195,0.0078,0.0000
0.1257,0.9120,1.0000,0.0339,0.0122,316.2826,-24.5222,0.0000,-0.0752,-0.0752,-0.0372,0.0000,0.0000,0.0074,0.0029,0.0000
0.1153,0.9177,1.0000,0.0423,0.0122,316.2069,-24.5807,0.0000,-0.0786,-0.0786,-0.0351,0.0000,0.0000,0.0074,0.0029,0.0000
-0.0202,1.0472,1.0000,0.0507,0.0122,316.1327,-24.6423,0.0000,-0.0805,-0.0805,-0.0323,0.0000,0.0000,0.0074,0.0029,0.0000
0.0407,0.9485,1.0000,0.0590,0.0122,316.0507,-24.7041,0.0000,-0.0842,-0.0842,-0.0313,0.0000,0.0000,0.0074,0.0029,0.0000
0.0797,0.9562,1.0000,0.0674,0.0122,315.9777,-24.7712,0.0000,-0.0782,-0.0782,-0.0269,0.0000,0.0000,0.0074,0.0029,0.0000
0.0048,1.0183,1.0000,0.0758,0.0122,315.9015,-24.8310,0.0000,-0.0817,-0.0817,-0.0249,0.0000,0.0000,0.0074,0.0029,0.0000
0.0160,0.9842,1.0000,0.0842,0.0122,315.8300,-24.8959,0.0000,-0.0759,-0.0759,-0.0208,0.0000,0.0000,0.0074,0.0029,0.0000
0.0568,0.9603,1.0000,0.0926,0.0122,315.7593,-24.9521,0.0000,-0.0768,-0.0768,-0.0172,0.0000,0.0000,0.0074,0.0029,0.0000
0.0567,0.9587,1.0000,0.1010,0.0122,315.6913,-25.0180,0.0000,-0.0687,-0.0687,-0.0136,0.0000,0.0000,0.0074,0.0029,0.0000
0.2000,0.8954,1.0000,0.0926,-0.0122,315.6251,-25.0768,0.0000,-0.0651,-0.0651,-0.0432,0.0000,0.0000,-0.0073,-0.0029,0.0000
0.1186,0.9404,1.0000,0.1010,-0.0122,315.5548,-25.1385,0.0000,-0.0660,-0.0660,-0.0397,0.0000,0.0000,-0.0073,-0.0029,0.0000
0.1864,0.8788,1.0000,0.1072,-0.0122,315.4887,-25.2066,0.0000,-0.0562,-0.0562,-0.0337,0.0000,0.0000,-0.0073,-0.0029,0.0000
0.1247,0.9276,1.0000,0.1046,-0.0122,315.4159,-25.2687,0.0000,-0.0584,-0.0584,-0.0302,0.0000,0.0000,-0.0073,-0.0029,0.0000
0.0877,0.9448,1.0000,0.0973,-0.0122,315.3469,-25.3423,0.0000,-0.0477,-0.0477,-0.0242,0.0000,0.0000,-0.0073,-0.0029,0.0000
0.1251,0.9253,1.0000,0.0908,-0.0122,315.2811,-25.4069,0.0000,-0.0412,-0.0412,-0.0184,0.0000,0.0000,-0.0073,-0.0029,0.0000
0.0280,1.0044,1.0000,0.0837,-0.0122,315.2096,-25.4741,0.0000,-0.0377,-0.0377,-0.0134,0.0000,0.0000,-0.0073,-0.0029,0.0000
0.1592,0.9156,1.0000,0.0753,-0.0122,315.1393,-25.5392,0.0000,-0.0337,-0.0337,-0.0080,0.0000,0.0000,-0.0073,-0.0029,0.0000
0.0686,0.9745,1.0000,0.0669,-0.0122,315.0695,-25.6065,0.0000,-0.0287,-0.0287,-0.0033,0.0000,0.0000,-0.0073,-0.0029,0.0000
0.0694,0.9502,1.0000,0.0668,-0.0039,315.0057,-25.6661,0.0000,-0.0251,-0.0251,0.0127,0.0000,0.0000,-0.0024,-0.0009,0.0000
0.0582,0.9631,1.0000,0.0584,-0.0039,314.9438,-25.7312,0.0000,-0.0151,-0.0151,0.0174,0.0000,0.0000,-0.0024,-0.0009,0.0000
0.1960,0.8659,1.0000,0.0500,-0.0039,314.8836,-25.7943,0.0000,-0.0071,-0.0071,0.0206,0.0000,0.0000,-0.0024,-0.0009,0.0000
0.1594,0.8921,1.0000,0.0416,-0.0039,314.8081,-25.8537,0.0000,-0.0111,-0.0111,0.0236,0.0000,0.0000,-0.0024,-0.0009,0.0000
0.2002,0.8664,1.0000,0.0332,-0.0039,314.7455,-25.9190,0.0000,-0.0025,-0.0025,0.0271,0.0000,0.0000,-0.0024,-0.0009,0.0000
0.1089,0.9508,1.0000,0.0248,-0.0039,314.6854,-25.9828,0.0000,0.0083,0.0083,0.0306,0.0000,0.0000,-0.0024,-0.0009,0.0000
0.1738,0.8978,1.0000,0.0164,-0.0039,314.6185,-26.0500,0.0000,0.0145,0.0145,0.0330,0.0000,0.0000,-0.0024,-0.0009,0.0000
0.1998,0.8709,1.0000,0.0081,-0.0039,314.5463,-26.1065,0.0000,0.0092,0.0092,0.0344,0.0000,0.0000,-0.0024,-0.0009,0.0000
0.1122,0.9398,1.0000,-0.0003,-0.0039,314.4919,-26.1647,0.0000,0.0185,0.0185,0.0358,0.0000,0.0000,-0.0024,-0.0009,0.0000
0.1439,0.9088,1.0000,-0.0087,-0.0079,314.4275,-26.2309,0.0000,0.0244,0.0244,-0.0026,0.0000,0.0000,-0.0047,-0.0019,0.0000
0.2000,0.7901,1.0000,-0.0171,-0.0079,314.3528,-26.2992,0.0000,0.0228,0.0228,-0.0012,0.0000,0.0000,-0.0047,-0.0019,0.0000
0.1967,0.9156,1.0000,-0.0255,-0.0079,314.2882,-26.3600,0.0000,0.0217,0.0217,-0.0017,0.0000,0.0000,-0.0047,-0.0019,0.0000
0.0870,1.0035,1.0000,-0.0337,-0.0079,314.2234,-26.4241,0.0000,0.0230,0.0230,-0.0018,0.0000,0.0000,-0.0047,-0.0019,0.0000
0.2001,0.8796,1.0000,-0.0421,-0.0079,314.1560,-26.4857,0.0000,0.0204,0.0204,-0.0033,0.0000,0.0000,-0.0047,-0.0019,0.0000
0.1665,0.9035,1.0000,-0.0375,-0.0079,314.0875,-26.5545,0.0000,0.0219,0.0219,-0.0051,0.0000,0.0000,-0.0047,-0.0019,0.0000
0.1635,0.9057,1.0000,-0.0317,-0.0079,314.0224,-26.6143,0.0000,0.0189,0.0189,-0.0076,0.0000,0.0000,-0.0047,-0.0019,0.0000
0.1135,0.9625,1.0000,-0.0252,-0.0079,313.9600,-26.6729,0.0000,0.0164,0.0164,-0.0106,0.0000,0.0000,-0.0047,-0.0019,0.0000
0.1913,0.8764,1.0000,-0.0168,-0.0079,313.8910,-26.7345,0.0000,0.0127,0.0127,-0.0126,0.0000,0.0000,-0.0047,-0.0019,0.0000
0.2000,0.8478,1.0000,-0.0084,-0.0079,313.8188,-26.7945,0.0000,0.0052,0.0052,-0.0153,0.0000,0.0000,-0.0047,-0.0019,0.0000
0.1377,0.9181,1.0000,0.0000,0.0113,313.7511,-26.8555,0.0000,0.0046,0.0046,0.0193,0.0000,0.0000,0.0068,0.0027,0.0000
0.1045,0.9317,1.0000,-0.0084,0.0113,313.6811,-26.9173,0.0000,0.0038,0.0038,0.0179,0.0000,0.0000,0.0068,0.0027,0.0000
0.1771,0.9036,1.0000,-0.0168,0.0113,313.6084,-26.9794,0.0000,0.0014,0.0014,0.0177,0.0000,0.0000,0.0068,0.0027,0.0000
0.1517,0.9260,1.0000,-0.0252,0.0113,313.5475,-27.0396,0.0000,0.0059,0.0059,0.0172,0.0000,0.0000,0.0068,0.0027,0.0000
0.0981,0.9475,1.0000,-0.0336,0.0113,313.4901,-27.1090,0.0000,0.0193,0.0193,0.0163,0.0000,0.0000,0.0068,0.0027,0.0000
0.1999,0.8486,1.0000,-0.0420,0.0113,313.4241,-27.1682,0.0000,0.0179,0.0179,0.0143,0.0000,0.0000,0.0068,0.0027,0.0000
0.2006,0.8933,1.0000,-0.0504,0.0113,313.3643,-27.2260,0.0000,0.0206,0.0206,0.0122,0.0000,0.0000,0.0068,0.0027,0.0000
0.1993,0.8788,1.0000,-0.0588,0.0113,313.2921,-27.2937,0.0000,0.0222,0.0222,0.0101,0.0000,0.0000,0.0068,0.0027,0.0000
0.2000,0.8239,1.0000,-0.0504,0.0113,313.2219,-27.3527,0.0000,0.0180,0.0180,0.0071,0.0000,0.0000,0.0068,0.0027,0.0000
0.0897,0.9820,1.0000,-0.0588,-0.0031,313.1454,-27.4158,0.0000,0.0151,0.0151,0.0188,0.0000,0.0000,-0.0019,-0.0008,0.0000
0.1814,0.9089,1.0000,-0.0672,-0.0031,313.0706,-27.4765,0.0000,0.0093,0.0093,0.0143,0.0000,0.0000,-0.0019,-0.0008,0.0000
0.0682,0.9845,1.0000,-0.0608,-0.0031,312.9980,-27.5356,0.0000,0.0054,0.0054,0.0108,0.0000,0.0000,-0.0019,-0.0008,0.0000
0.0620,0.9564,1.0000,0.0000,-0.0031,312.9208,-27.6072,0.0000,0.0070,0.0070,0.0071,0.0000,0.0000,-0.0019,-0.0008,0.0000
0.1673,0.9287,1.0000,0.0000,-0.0031,312.8475,-27.6607,0.0000,-0.0026,-0.0026,0.0027,0.0000,0.0000,-0.0019,-0.0008,0.0000
-0.0038,1.0437,1.0000,0.0083,-0.0031,312.7756,-27.7151,0.0000,-0.0104,-0.0104,-0.0015,0.0000,0.0000,-0.0019,-0.0008,0.0000
0.1389,0.9018,1.0000,0.0167,-0.0031,312.6939,-27.7769,0.0000,-0.0182,-0.0182,-0.0042,0.0000,0.0000,-0.0019,-0.0008,0.0000
0.1643,0.8949,1.0000,0.0251,-0.0031,312.6146,-27.8325,0.0000,-0.0291,-0.0291,-0.0067,0.0000,0.0000,-0.0019,-0.0008,0.0000
0.0276,1.0166,1.0000,0.0335,0.0012,312.5404,-27.8869,0.0000,-0.0379,-0.0379,-0.0118,0.0000,0.0000,0.0007,0.0003,0.0000
0.0852,0.9614,1.0000,0.0419,0.0012,312.4657,-27.9470,0.0000,-0.0414,-0.0414,-0.0118,0.0000,0.0000,0.0007,0.0003,0.0000
0.1559,0.9132,1.0000,0.0503,0.0012,312.3917,-28.0054,0.0000,-0.0455,-0.0455,-0.0115,0.0000,0.0000,0.0007,0.0003,0.0000
0.0934,0.9502,1.0000,0.0587,0.0012,312.3168,-28.0680,0.0000,-0.0468,-0.0468,-0.0097,0.0000,0.0000,0.0007,0.0003,0.0000
0.0918,0.9347,1.0000,0.0671,0.0012,312.2442,-28.1294,0.0000,-0.0469,-0.0469,-0.0071,0.0000,0.0000,0.0007,0.0003,0.0000
0.0625,0.9683,1.0000,0.0755,0.0012,312.1696,-28.1918,0.0000,-0.0474,-0.0474,-0.0038,0.0000,0.0000,0.0007,0.0003,0.0000
0.1021,0.9425,1.0000,0.0731,0.0012,312.0976,-28.2628,0.0000,-0.0392,-0.0392,0.0004,0.0000,0.0000,0.0007,0.0003,0.0000
0.0646,0.9643,1.0000,0.0647,0.0012,312.0204,-28.3282,0.0000,-0.0391,-0.0391,0.0034,0.0000,0.0000,0.0007,0.0003,0.0000
0.0184,1.0035,1.0000,0.0716,-0.0003,311.9523,-28.3975,0.0000,-0.0294,-0.0294,-0.0225,0.0000,0.0000,-0.0002,-0.0001,0.0000
0.0044,1.0028,1.0000,0.0800,-0.0003,311.8836,-28.4551,0.0000,-0.0323,-0.0323,-0.0193,0.0000,0.0000,-0.0002,-0.0001,0.0000
0.0482,0.9654,1.0000,0.0870,-0.0003,311.8221,-28.5217,0.0000,-0.0228,-0.0228,-0.0149,0.0000,0.0000,-0.0002,-0.0001,0.0000
0.2001,0.8890,1.0000,0.0786,-0.0003,311.7557,-28.5863,0.0000,-0.0184,-0.0184,-0.0114,0.0000,0.0000,-0.0002,-0.0001,0.0000
0.1592,0.9007,1.0000,0.0703,-0.0003,311.6953,-28.6426,0.0000,-0.0167,-0.0167,-0.0080,0.0000,0.0000,-0.0002,-0.0001,0.0000
0.1217,0.9193,1.0000,0.0000,-0.0003,311.6352,-28.7126,0.0000,-0.0039,-0.0039,-0.0029,0.0000,0.0000,-0.0002,-0.0001,0.0000
0.2000,0.8193,1.0000,0.0000,-0.0003,311.5674,-28.7818,0.0000,0.0024,0.0024,0.0006,0.0000,0.0000,-0.0002,-0.0001,0.0000
0.1723,0.9176,1.0000,-0.0084,-0.0003,311.5094,-28.8494,0.0000,0.0146,0.0146,0.0050,0.0000,0.0000,-0.0002,-0.0001,0.0000
0.0888,0.9619,1.0000,-0.0167,-0.0003,311.4425,-28.9208,0.0000,0.0228,0.0228,0.0077,0.0000,0.0000,-0.0002,-0.0001,0.0000
0.1844,0.8858,1.0000,-0.0251,-0.0003,311.3722,-28.9872,0.0000,0.0247,0.0247,0.0103,0.0000,0.0000,-0.0002,-0.0001,0.0000
0.0977,0.9706,1.0000,-0.0335,-0.0039,311.3117,-29.0472,0.0000,0.0284,0.0284,0.0088,0.0000,0.0000,-0.0024,-0.0009,0.0000
0.0694,0.9587,1.0000,-0.0419,-0.0039,311.2385,-29.1273,0.0000,0.0380,0.0380,0.0110,0.0000,0.0000,-0.0024,-0.0009,0.0000
-0.0752,1.0763,1.0000,-0.0503,-0.0039,311.1746,-29.1920,0.0000,0.0420,0.0420,0.0102,0.0000,0.0000,-0.0024,-0.0009,0.0000
-0.1271,1.0763,1.0000,-0.0550,-0.0002,311.1095,-29.2561,0.0000,0.0441,0.0441,0.0092,0.0000,0.0000,-0.0001,-0.0001,0.0000
-0.1095,1.0763,1.0000,-0.0634,-0.0002,311.0381,-29.3305,0.0000,0.0487,0.0487,0.0072,0.0000,0.0000,-0.0001,-0.0001,0.0000
0.0875,0.9057,1.0000,-0.0718,-0.0002,310.9741,-29.3911,0.0000,0.0475,0.0475,0.0042,0.0000,0.0000,-0.0001,-0.0001,0.0000
-0.0034,1.0219,1.0000,-0.0782,-0.0002,310.9105,-29.4477,0.0000,0.0439,0.0439,0.0006,0.0000,0.0000,-0.0001,-0.0001,0.0000
0.1472,0.8736,1.0000,-0.0698,-0.0002,310.8351,-29.5069,0.0000,0.0340,0.0340,-0.0036,0.0000,0.0000,-0.0001,-0.0001,0.0000
0.1999,0.8446,1.0000,-0.0614,-0.0002,310.7683,-29.5629,0.0000,0.0276,0.0276,-0.0079,0.0000,0.0000,-0.0001,-0.0001,0.0000
0.1876,0.8660,1.0000,-0.0530,0.0215,310.7045,-29.6212,0.0000,0.0258,0.0258,0.0313,0.0000,0.0000,0.0130,0.0052,0.0000
0.1947,0.8660,1.0000,-0.0614,0.0215,310.6399,-29.6757,0.0000,0.0234,0.0234,0.0270,0.0000,0.0000,0.0130,0.0052,0.0000
0.1992,0.8660,1.0000,-0.0697,0.0215,310.5619,-29.7356,0.0000,0.0168,0.0168,0.0233,0.0000,0.0000,0.0130,0.0052,0.0000
0.2004,0.8392,1.0000,-0.0677,0.0215,310.4951,-29.7926,0.0000,0.0149,0.0149,0.0193,0.0000,0.0000,0.0130,0.0052,0.0000
0.0780,0.9764,1.0000,-0.0724,0.0104,310.4322,-29.8504,0.0000,0.0174,0.0174,0.0152,0.0000,0.0000,0.0063,0.0025,0.0000
0.2005,0.8717,1.0000,-0.0640,0.0104,310.3592,-29.9035,0.0000,0.0078,0.0078,0.0110,0.0000,0.0000,0.0063,0.0025,0.0000
0.2000,0.8470,1.0000,-0.0556,0.0104,310.2840,-29.9641,0.0000,0.0032,0.0032,0.0068,0.0000,0.0000,0.0063,0.0025,0.0000
0.1638,0.8971,1.0000,-0.0473,0.0104,310.2036,-30.0251,0.0000,-0.0043,-0.0043,0.0026,0.0000,0.0000,0.0063,0.0025,0.0000
0.0851,0.9579,1.0000,-0.0389,0.0104,310.1309,-30.0785,0.0000,-0.0125,-0.0125,-0.0012,0.0000,0.0000,0.0063,0.0025,0.0000
0.0231,1.0020,1.0000,-0.0367,0.0042,310.0543,-30.1372,0.0000,-0.0203,-0.0203,-0.0170,0.0000,0.0000,0.0025,0.0010,0.0000
0.1605,0.8956,1.0000,-0.0283,0.0042,309.9805,-30.1902,0.0000,-0.0296,-0.0296,-0.0202,0.0000,0.0000,0.0025,0.0010,0.0000
0.1389,0.9028,1.0000,-0.0200,0.0042,309.9066,-30.2390,0.0000,-0.0425,-0.0425,-0.0225,0.0000,0.0000,0.0025,0.0010,0.0000
0.1360,0.9028,1.0000,-0.0116,0.0042,309.8294,-30.2998,0.0000,-0.0487,-0.0487,-0.0249,0.0000,0.0000,0.0025,0.0010,0.0000
0.1356,0.9028,1.0000,-0.0032,0.0042,309.7611,-30.3583,0.0000,-0.0504,-0.0504,-0.0267,0.0000,0.0000,0.0025,0.0010,0.0000
0.1919,0.8783,1.0000,0.0036,0.0027,309.6840,-30.4155,0.0000,-0.0585,-0.0585,-0.0282,0.0000,0.0000,0.0016,0.0007,0.0000
0.1564,0.8918,1.0000,0.0120,0.0027,309.6145,-30.4793,0.0000,-0.0566,-0.0566,-0.0286,0.0000,0.0000,0.0016,0.0007,0.0000
0.0956,0.9522,1.0000,0.0204,0.0027,309.5367,-30.5462,0.0000,-0.0581,-0.0581,-0.0283,0.0000,0.0000,0.0016,0.0007,0.0000
0.0923,0.9346,1.0000,0.0288,0.0027,309.4595,-30.6098,0.0000,-0.0605,-0.0605,-0.0276,0.0000,0.0000,0.0016,0.0007,0.0000
0.0072,1.0171,1.0000,0.0233,-0.0112,309.3885,-30.6619,0.0000,-0.0717,-0.0717,-0.0560,0.0000,0.0000,-0.0068,-0.0027,0.0000
0.0103,0.9918,1.0000,0.0317,-0.0112,309.3161,-30.7280,0.0000,-0.0708,-0.0708,-0.0542,0.0000,0.0000,-0.0068,-0.0027,0.0000
0.1627,0.8737,1.0000,0.0401,-0.0112,309.2467,-30.7900,0.0000,-0.0683,-0.0683,-0.0518,0.0000,0.0000,-0.0068,-0.0027,0.0000
0.0721,0.9719,1.0000,0.0485,-0.0112,309.1706,-30.8525,0.0000,-0.0760,-0.0760,-0.0504,0.0000,0.0000,-0.0068,-0.0027,0.0000
0.1411,0.9235,1.0000,0.0569,0.0021,309.0989,-30.9245,0.0000,-0.0697,-0.0697,-0.0482,0.0000,0.0000,0.0013,0.0005,0.0000
0.0623,0.9762,1.0000,0.0653,0.0021,309.0288,-30.9887,0.0000,-0.0700,-0.0700,-0.0454,0.0000,0.0000,0.0013,0.0005,0.0000
0.0137,1.0077,1.0000,0.0737,0.0021,308.9552,-31.0531,0.0000,-0.0723,-0.0723,-0.0428,0.0000,0.0000,0.0013,0.0005,0.0000
0.1111,0.9435,1.0000,0.0821,0.0021,308.8873,-31.1216,0.0000,-0.0651,-0.0651,-0.0391,0.0000,0.0000,0.0013,0.0005,0.0000
0.0607,0.9696,1.0000,0.0905,0.0021,308.8156,-31.1802,0.0000,-0.0694,-0.0694,-0.0351,0.0000,0.0000,0.0013,0.0005,0.0000
0.0585,0.9580,1.0000,0.0989,0.0044,308.7461,-31.2505,0.0000,-0.0624,-0.0624,-0.0241,0.0000,0.0000,0.0026,0.0011,0.0000
0.1745,0.9182,1.0000,0.1073,0.0044,308.6798,-31.3209,0.0000,-0.0521,-0.0521,-0.0185,0.0000,0.0000,0.0026,0.0011,0.0000
0.0642,0.9817,1.0000,0.1069,0.0044,308.6078,-31.3823,0.0000,-0.0543,-0.0543,-0.0154,0.0000,0.0000,0.0026,0.0011,0.0000
0.0556,0.9617,1.0000,0.1012,0.0044,308.5439,-31.4481,0.0000,-0.0464,-0.0464,-0.0107,0.0000,0.0000,0.0026,0.0011,0.0000
0.0980,0.9379,1.0000,0.0928,0.0044,308.4746,-31.5191,0.0000,-0.0373,-0.0373,-0.0038,0.0000,0.0000,0.0026,0.0011,0.0000
0.1443,0.9108,1.0000,0.0844,0.0044,308.4048,-31.5898,0.0000,-0.0295,-0.0295,0.0017,0.0000,0.0000,0.0026,0.0011,0.0000
0.0574,0.9868,1.0000,0.0761,0.0044,308.3341,-31.6483,0.0000,-0.0320,-0.0320,0.0055,0.0000,0.0000,0.0026,0.0011,0.0000
0.0314,0.9874,1.0000,0.0677,0.0044,308.2657,-31.7217,0.0000,-0.0207,-0.0207,0.0120,0.0000,0.0000,0.0026,0.0011,0.0000
0.1864,0.9079,1.0000,0.0593,-0.0107,308.2025,-31.7915,0.0000,-0.0109,-0.0109,0.0035,0.0000,0.0000,-0.0065,-0.0026,0.0000
0.0510,0.9982,1.0000,0.0000,-0.0107,308.1309,-31.8584,0.0000,-0.0086,-0.0086,0.0076,0.0000,0.0000,-0.0065,-0.0026,0.0000
0.1237,0.9352,1.0000,-0.0084,-0.0107,308.0611,-31.9339,0.0000,0.0010,0.0010,0.0128,0.0000,0.0000,-0.0065,-0.0026,0.0000
0.0609,0.9716,1.0000,-0.0168,-0.0107,307.9923,-32.0037,0.0000,0.0063,0.0063,0.0151,0.0000,0.0000,-0.0065,-0.0026,0.0000
0.0006,1.0210,1.0000,-0.0252,-0.0107,307.9256,-32.0737,0.0000,0.0139,0.0139,0.0183,0.0000,0.0000,-0.0065,-0.0026,0.0000
0.0293,0.9718,1.0000,-0.0336,-0.0107,307.8540,-32.1370,0.0000,0.0119,0.0119,0.0204,0.0000,0.0000,-0.0065,-0.0026,0.0000
0.0871,0.9592,1.0000,-0.0420,-0.0107,307.7917,-32.1991,0.0000,0.0152,0.0152,0.0216,0.0000,0.0000,-0.0065,-0.0026,0.0000
0.0758,0.9473,1.0000,-0.0503,-0.0107,307.7189,-32.2716,0.0000,0.0185,0.0185,0.0220,0.0000,0.0000,-0.0065,-0.0026,0.0000
0.2000,0.8724,1.0000,-0.0587,-0.0107,307.6508,-32.3321,0.0000,0.0151,0.0151,0.0214,0.0000,0.0000,-0.0065,-0.0026,0.0000
0.0329,1.0188,1.0000,-0.0629,-0.0064,307.5808,-32.3997,0.0000,0.0196,0.0196,0.0402,0.0000,0.0000,-0.0039,-0.0015,0.0000
0.1916,0.9030,1.0000,-0.0713,-0.0064,307.5193,-32.4660,0.0000,0.0243,0.0243,0.0373,0.0000,0.0000,-0.0039,-0.0015,0.0000
0.0893,0.9650,1.0000,-0.0797,-0.0064,307.4433,-32.5334,0.0000,0.0236,0.0236,0.0345,0.0000,0.0000,-0.0039,-0.0015,0.0000
0.2000,0.8958,1.0000,-0.0881,-0.0064,307.3729,-32.5945,0.0000,0.0192,0.0192,0.0304,0.0000,0.0000,-0.0039,-0.0015,0.0000
0.0462,1.0079,1.0000,-0.0964,-0.0064,307.2999,-32.6599,0.0000,0.0185,0.0185,0.0257,0.0000,0.0000,-0.0039,-0.0015,0.0000
0.1264,0.9251,1.0000,-0.0897,-0.0064,307.2226,-32.7103,0.0000,0.0015,0.0015,0.0213,0.0000,0.0000,-0.0039,-0.0015,0.0000
0.0633,0.9729,1.0000,-0.0813,-0.0064,307.1564,-32.7671,0.0000,-0.0030,-0.0030,0.0149,0.0000,0.0000,-0.0039,-0.0015,0.0000
0.1524,0.9189,1.0000,0.0000,-0.0064,307.0910,-32.8286,0.0000,-0.0038,-0.0038,0.0094,0.0000,0.0000,-0.0039,-0.0015,0.0000
0.2000,0.8665,1.0000,0.0084,0.0082,307.0189,-32.8813,0.0000,-0.0153,-0.0153,0.0065,0.0000,0.0000,0.0050,0.0020,0.0000
0.2001,0.8901,1.0000,0.0168,0.0082,306.9425,-32.9587,0.0000,-0.0102,-0.0102,0.0021,0.0000,0.0000,0.0050,0.0020,0.0000
0.2000,0.8890,1.0000,0.0251,0.0082,306.8755,-33.0139,0.0000,-0.0152,-0.0152,-0.0016,0.0000,0.0000,0.0050,0.0020,0.0000
0.0001,1.0769,1.0000,0.0332,0.0082,306.8069,-33.0638,0.0000,-0.0256,-0.0256,-0.0053,0.0000,0.0000,0.0050,0.0020,0.0000
0.1560,0.8620,1.0000,0.0416,0.0082,306.7308,-33.1264,0.0000,-0.0301,-0.0301,-0.0079,0.0000,0.0000,0.0050,0.0020,0.0000
0.1998,0.8423,1.0000,0.0500,0.0082,306.6639,-33.1866,0.0000,-0.0303,-0.0303,-0.0100,0.0000,0.0000,0.0050,0.0020,0.0000
0.0866,0.9772,1.0000,0.0583,0.0082,306.5918,-33.2488,0.0000,-0.0330,-0.0330,-0.0110,0.0000,0.0000,0.0050,0.0020,0.0000
0.2002,0.8932,1.0000,0.0667,0.0082,306.5260,-33.3124,0.0000,-0.0284,-0.0284,-0.0101,0.0000,0.0000,0.0050,0.0020,0.0000
0.1087,0.9435,1.0000,0.0583,-0.0280,306.4511,-33.3783,0.0000,-0.0291,-0.0291,-0.0346,0.0000,0.0000,-0.0169,-0.0068,0.0000
0.1563,0.9075,1.0000,0.0667,-0.0280,306.3763,-33.4429,0.0000,-0.0315,-0.0315,-0.0324,0.0000,0.0000,-0.0169,-0.0068,0.0000
0.0536,0.9885,1.0000,0.0751,-0.0280,306.3011,-33.5148,0.0000,-0.0297,-0.0297,-0.0282,0.0000,0.0000,-0.0169,-0.0068,0.0000
0.0365,0.9798,1.0000,0.0815,-0.0280,306.2328,-33.5656,0.0000,-0.0383,-0.0383,-0.0266,0.0000,0.0000,-0.0169,-0.0068,0.0000
-0.0180,1.0333,1.0000,0.0770,-0.0280,306.1691,-33.6346,0.0000,-0.0306,-0.0306,-0.0234,0.0000,0.0000,-0.0169,-0.0068,0.0000
0.1813,0.8430,1.0000,0.0695,-0.0280,306.1053,-33.6981,0.0000,-0.0242,-0.0242,-0.0199,0.0000,0.0000,-0.0169,-0.0068,0.0000
0.1188,0.9328,1.0000,0.0611,-0.0280,306.0398,-33.7717,0.0000,-0.0140,-0.0140,-0.0154,0.0000,0.0000,-0.0169,-0.0068,0.0000
0.1999,0.8934,1.0000,0.0527,-0.0280,305.9641,-33.8429,0.0000,-0.0112,-0.0112,-0.0105,0.0000,0.0000,-0.0169,-0.0068,0.0000
0.0758,0.9790,1.0000,0.0536,-0.0187,305.9002,-33.9005,0.0000,-0.0114,-0.0114,0.0140,0.0000,0.0000,-0.0113,-0.0045,0.0000
-0.0106,1.0319,1.0000,0.0453,-0.0187,305.8346,-33.9615,0.0000,-0.0077,-0.0077,0.0174,0.0000,0.0000,-0.0113,-0.0045,0.0000
0.1422,0.8528,1.0000,0.0369,-0.0187,305.7723,-34.0255,0.0000,-0.0014,-0.0014,0.0215,0.0000,0.0000,-0.0113,-0.0045,0.0000
0.1797,0.8877,1.0000,0.0285,-0.0187,305.7045,-34.0745,0.0000,-0.0093,-0.0093,0.0230,0.0000,0.0000,-0.0113,-0.0045,0.0000
0.1589,0.8869,1.0000,0.0202,-0.0187,305.6421,-34.1300,0.0000,-0.0086,-0.0086,0.0252,0.0000,0.0000,-0.0113,-0.0045,0.0000
0.2000,0.8282,1.0000,0.0118,-0.0187,305.5805,-34.2047,0.0000,0.0068,0.0068,0.0292,0.0000,0.0000,-0.0113,-0.0045,0.0000
0.2000,0.8282,1.0000,0.0037,-0.0187,305.5136,-34.2636,0.0000,0.0061,0.0061,0.0296,0.0000,0.0000,-0.0113,-0.0045,0.0000
0.0924,0.9624,1.0000,-0.0047,-0.0187,305.4488,-34.3255,0.0000,0.0118,0.0118,0.0317,0.0000,0.0000,-0.0113,-0.0045,0.0000
0.1864,0.8835,1.0000,-0.0131,-0.0187,305.3831,-34.3815,0.0000,0.0089,0.0089,0.0327,0.0000,0.0000,-0.0113,-0.0045,0.0000
0.1587,0.8883,1.0000,-0.0047,0.0041,305.3180,-34.4593,0.0000,0.0241,0.0241,0.0466,0.0000,0.0000,0.0025,0.0010,0.0000
0.1997,0.8559,1.0000,-0.0131,0.0041,305.2515,-34.5189,0.0000,0.0239,0.0239,0.0455,0.0000,0.0000,0.0025,0.0010,0.0000
0.0466,1.0066,1.0000,-0.0214,0.0041,305.1882,-34.5822,0.0000,0.0327,0.0327,0.0443,0.0000,0.0000,0.0025,0.0010,0.0000
0.1837,0.8855,1.0000,-0.0298,0.0041,305.1292,-34.6475,0.0000,0.0404,0.0404,0.0445,0.0000,0.0000,0.0025,0.0010,0.0000
0.1592,0.8873,1.0000,-0.0382,0.0041,305.0575,-34.7011,0.0000,0.0327,0.0327,0.0427,0.0000,0.0000,0.0025,0.0010,0.0000
0.2001,0.8732,1.0000,-0.0466,0.0041,304.9916,-34.7686,0.0000,0.0392,0.0392,0.0414,0.0000,0.0000,0.0025,0.0010,0.0000
0.1771,0.8877,1.0000,-0.0550,0.0041,304.9385,-34.8344,0.0000,0.0532,0.0532,0.0393,0.0000,0.0000,0.0025,0.0010,0.0000
0.1271,0.9359,1.0000,-0.0634,0.0041,304.8721,-34.9005,0.0000,0.0587,0.0587,0.0363,0.0000,0.0000,0.0025,0.0010,0.0000
0.2000,0.8364,1.0000,-0.0718,0.0041,304.8134,-34.9638,0.0000,0.0642,0.0642,0.0324,0.0000,0.0000,0.0025,0.0010,0.0000
0.1406,0.9290,1.0000,-0.0802,-0.0263,304.7417,-35.0211,0.0000,0.0571,0.0571,0.0034,0.0000,0.0000,-0.0159,-0.0063,0.0000
0.1998,0.8541,1.0000,-0.0886,-0.0263,304.6767,-35.0867,0.0000,0.0596,0.0596,-0.0004,0.0000,0.0000,-0.0159,-0.0063,0.0000
0.2000,0.9123,1.0000,-0.0970,-0.0263,304.6049,-35.1487,0.0000,0.0547,0.0547,-0.0048,0.0000,0.0000,-0.0159,-0.0063,0.0000
0.1494,0.9145,1.0000,-0.0936,-0.0263,304.5402,-35.2136,0.0000,0.0563,0.0563,-0.0102,0.0000,0.0000,-0.0159,-0.0063,0.0000
0.0973,0.9415,1.0000,-0.0852,-0.0263,304.4665,-35.2678,0.0000,0.0435,0.0435,-0.0158,0.0000,0.0000,-0.0159,-0.0063,0.0000
0.1753,0.9075,1.0000,-0.0768,-0.0263,304.3945,-35.3298,0.0000,0.0384,0.0384,-0.0210,0.0000,0.0000,-0.0159,-0.0063,0.0000
0.1344,0.9102,1.0000,-0.0684,-0.0263,304.3205,-35.3819,0.0000,0.0241,0.0241,-0.0268,0.0000,0.0000,-0.0159,-0.0063,0.0000
0.0923,0.9429,1.0000,-0.0600,-0.0263,304.2404,-35.4372,0.0000,0.0078,0.0078,-0.0319,0.0000,0.0000,-0.0159,-0.0063,0.0000
0.2000,0.9010,1.0000,0.0000,-0.0039,304.1706,-35.4937,0.0000,0.0028,0.0028,0.0061,0.0000,0.0000,-0.0024,-0.0009,0.0000
0.1593,0.9678,1.0000,0.0000,-0.0039,304.0979,-35.5517,0.0000,-0.0016,-0.0016,0.0018,0.0000,0.0000,-0.0024,-0.0009,0.0000
0.2000,0.8916,1.0000,0.0084,-0.0039,304.0219,-35.5975,0.0000,-0.0178,-0.0178,-0.0031,0.0000,0.0000,-0.0024,-0.0009,0.0000
0.1634,0.9229,1.0000,0.0168,-0.0039,303.9533,-35.6528,0.0000,-0.0209,-0.0209,-0.0055,0.0000,0.0000,-0.0024,-0.0009,0.0000
0.1998,0.8839,1.0000,0.0252,0.0002,303.8743,-35.7060,0.0000,-0.0320,-0.0320,-0.0076,0.0000,0.0000,0.0001,0.0000,0.0000
0.1797,0.8734,1.0000,0.0336,0.0002,303.8043,-35.7544,0.0000,-0.0404,-0.0404,-0.0084,0.0000,0.0000,0.0001,0.0000,0.0000
0.1061,0.9453,1.0000,0.0419,0.0002,303.7336,-35.8070,0.0000,-0.0465,-0.0465,-0.0092,0.0000,0.0000,0.0001,0.0000,0.0000
0.2000,0.8443,1.0000,0.0503,0.0002,303.6533,-35.8654,0.0000,-0.0529,-0.0529,-0.0085,0.0000,0.0000,0.0001,0.0000,0.0000
0.1795,0.8736,1.0000,0.0587,0.0002,303.5849,-35.9176,0.0000,-0.0565,-0.0565,-0.0070,0.0000,0.0000,0.0001,0.0000,0.0000
0.0763,0.9847,1.0000,0.0643,-0.0027,303.5148,-35.9705,0.0000,-0.0602,-0.0602,-0.0013,0.0000,0.0000,-0.0016,-0.0006,0.0000
0.2003,0.8524,1.0000,0.0726,-0.0027,303.4478,-36.0303,0.0000,-0.0553,-0.0553,0.0032,0.0000,0.0000,-0.0016,-0.0006,0.0000
0.1995,0.8706,1.0000,0.0718,-0.0027,303.3781,-36.0874,0.0000,-0.0552,-0.0552,0.0057,0.0000,0.0000,-0.0016,-0.0006,0.0000
0.2002,0.8908,1.0000,0.0679,-0.0027,303.3049,-36.1441,0.0000,-0.0572,-0.0572,0.0087,0.0000,0.0000,-0.0016,-0.0006,0.0000
0.1697,0.8937,1.0000,0.0597,-0.0027,303.2339,-36.2025,0.0000,-0.0563,-0.0563,0.0127,0.0000,0.0000,-0.0016,-0.0006,0.0000
0.1262,0.9172,1.0000,0.0513,-0.0027,303.1666,-36.2710,0.0000,-0.0450,-0.0450,0.0164,0.0000,0.0000,-0.0016,-0.0006,0.0000
0.1251,0.9114,1.0000,0.0429,-0.0027,303.0996,-36.3319,0.0000,-0.0404,-0.0404,0.0186,0.0000,0.0000,-0.0016,-0.0006,0.0000
0.0798,0.9533,1.0000,0.0345,-0.0027,303.0370,-36.3964,0.0000,-0.0295,-0.0295,0.0211,0.0000,0.0000,-0.0016,-0.0006,0.0000
0.2004,0.8979,1.0000,0.0429,-0.0018,302.9685,-36.4522,0.0000,-0.0318,-0.0318,-0.0057,0.0000,0.0000,-0.0011,-0.0004,0.0000
0.2000,0.8925,1.0000,0.0513,-0.0018,302.9028,-36.5101,0.0000,-0.0309,-0.0309,-0.0031,0.0000,0.0000,-0.0011,-0.0004,0.0000
0.1879,0.8763,1.0000,0.0436,-0.0018,302.8395,-36.5798,0.0000,-0.0192,-0.0192,0.0006,0.0000,0.0000,-0.0011,-0.0004,0.0000
0.1893,0.8674,1.0000,0.0382,-0.0018,302.7754,-36.6239,0.0000,-0.0279,-0.0279,0.0026,0.0000,0.0000,-0.0011,-0.0004,0.0000
0.1171,0.9360,1.0000,0.0298,-0.0018,302.7095,-36.6939,0.0000,-0.0179,-0.0179,0.0056,0.0000,0.0000,-0.0011,-0.0004,0.0000
0.2000,0.7700,1.0000,0.0229,-0.0018,302.6352,-36.7582,0.0000,-0.0191,-0.0191,0.0067,0.0000,0.0000,-0.0011,-0.0004,0.0000
0.0983,0.9547,1.0000,0.0000,-0.0018,302.5784,-36.8247,0.0000,-0.0051,-0.0051,0.0097,0.0000,0.0000,-0.0011,-0.0004,0.0000
0.0747,0.9741,1.0000,-0.0083,-0.0018,302.5036,-36.8905,0.0000,-0.0050,-0.0050,0.0107,0.0000,0.0000,-0.0011,-0.0004,0.0000
0.2000,0.8687,1.0000,-0.0167,-0.0073,302.4324,-36.9599,0.0000,0.0003,0.0003,0.0442,0.0000,0.0000,-0.0044,-0.0017,0.0000
0.0649,0.9878,1.0000,-0.0251,-0.0073,302.3643,-37.0154,0.0000,0.0023,0.0023,0.0448,0.0000,0.0000,-0.0044,-0.0017,0.0000
0.0349,0.9861,1.0000,-0.0335,-0.0073,302.2861,-37.0841,0.0000,0.0051,0.0051,0.0449,0.0000,0.0000,-0.0044,-0.0017,0.0000
0.1837,0.8710,1.0000,-0.0419,-0.0073,302.2124,-37.1491,0.0000,0.0045,0.0045,0.0429,0.0000,0.0000,-0.0044,-0.0017,0.0000
0.0151,1.0312,1.0000,-0.0503,-0.0073,302.1447,-37.2106,0.0000,0.0108,0.0108,0.0407,0.0000,0.0000,-0.0044,-0.0017,0.0000
0.0454,0.9747,1.0000,-0.0587,-0.0073,302.0663,-37.2687,0.0000,0.0027,0.0027,0.0379,0.0000,0.0000,-0.0044,-0.0017,0.0000
0.1962,0.9072,1.0000,-0.0671,-0.0073,301.9925,-37.3298,0.0000,-0.0003,-0.0003,0.0346,0.0000,0.0000,-0.0044,-0.0017,0.0000
0.0888,0.9686,1.0000,-0.0754,-0.0073,301.9207,-37.3891,0.0000,-0.0011,-0.0011,0.0315,0.0000,0.0000,-0.0044,-0.0017,0.0000
0.0907,0.9509,1.0000,-0.0784,-0.0018,301.8488,-37.4476,0.0000,-0.0043,-0.0043,0.0291,0.0000,0.0000,-0.0011,-0.0004,0.0000
0.1202,0.9239,1.0000,-0.0719,-0.0018,301.7683,-37.5044,0.0000,-0.0144,-0.0144,0.0247,0.0000,0.0000,-0.0011,-0.0004,0.0000
0.1116,0.9204,1.0000,-0.0635,-0.0018,301.6932,-37.5666,0.0000,-0.0168,-0.0168,0.0197,0.0000,0.0000,-0.0011,-0.0004,0.0000
0.0511,0.9783,1.0000,-0.0551,-0.0018,301.6234,-37.6195,0.0000,-0.0224,-0.0224,0.0150,0.0000,0.0000,-0.0011,-0.0004,0.0000
0.0470,0.9677,1.0000,-0.0468,-0.0018,301.5466,-37.6794,0.0000,-0.0275,-0.0275,0.0105,0.0000,0.0000,-0.0011,-0.0004,0.0000
0.0467,0.9666,1.0000,-0.0384,-0.0018,301.4741,-37.7423,0.0000,-0.0273,-0.0273,0.0066,0.0000,0.0000,-0.0011,-0.0004,0.0000
0.0466,0.9666,1.0000,-0.0300,-0.0018,301.3961,-37.8012,0.0000,-0.0335,-0.0335,0.0028,0.0000,0.0000,-0.0011,-0.0004,0.0000
0.0856,0.9521,1.0000,-0.0216,-0.0018,301.3245,-37.8588,0.0000,-0.0365,-0.0365,-0.0005,0.0000,0.0000,-0.0011,-0.0004,0.0000
0.0561,0.9696,1.0000,-0.0150,-0.0036,301.2501,-37.9115,0.0000,-0.0454,-0.0454,-0.0177,0.0000,0.0000,-0.0022,-0.0009,0.0000
0.1807,0.9111,1.0000,-0.0066,-0.0036,301.1653,-37.9757,0.0000,-0.0522,-0.0522,-0.0202,0.0000,0.0000,-0.0022,-0.0009,0.0000
0.1405,0.9053,1.0000,0.0018,-0.0036,301.0902,-38.0386,0.0000,-0.0535,-0.0535,-0.0209,0.0000,0.0000,-0.0022,-0.0009,0.0000
-0.0207,1.0551,1.0000,0.0102,-0.0036,301.0129,-38.1069,0.0000,-0.0543,-0.0543,-0.0226,0.0000,0.0000,-0.0022,-0.0009,0.0000
0.0187,0.9707,1.0000,0.0186,-0.0036,300.9459,-38.1616,0.0000,-0.0553,-0.0553,-0.0227,0.0000,0.0000,-0.0022,-0.0009,0.0000
-0.0114,1.0228,1.0000,0.0270,-0.0036,300.8570,-38.2235,0.0000,-0.0661,-0.0661,-0.0214,0.0000,0.0000,-0.0022,-0.0009,0.0000
0.1536,0.8574,1.0000,0.0354,-0.0036,300.7740,-38.2780,0.0000,-0.0763,-0.0763,-0.0204,0.0000,0.0000,-0.0022,-0.0009,0.0000
-0.0340,1.0732,1.0000,0.0438,-0.0022,300.6914,-38.3410,0.0000,-0.0831,-0.0831,-0.0034,0.0000,0.0000,-0.0013,-0.0005,0.0000
0.0021,0.9844,1.0000,0.0522,-0.0022,300.6165,-38.3989,0.0000,-0.0853,-0.0853,-0.0018,0.0000,0.0000,-0.0013,-0.0005,0.0000
-0.0283,1.0289,1.0000,0.0606,-0.0022,300.5436,-38.4690,0.0000,-0.0772,-0.0772,-0.0004,0.0000,0.0000,-0.0013,-0.0005,0.0000
0.0572,0.9386,1.0000,0.0690,-0.0022,300.4722,-38.5378,0.0000,-0.0683,-0.0683,0.0025,0.0000,0.0000,-0.0013,-0.0005,0.0000
0.0163,1.0035,1.0000,0.0774,-0.0010,300.3927,-38.6071,0.0000,-0.0639,-0.0639,0.0059,0.0000,0.0000,-0.0006,-0.0002,0.0000
0.0196,0.9839,1.0000,0.0690,-0.0010,300.3195,-38.6738,0.0000,-0.0574,-0.0574,0.0099,0.0000,0.0000,-0.0006,-0.0002,0.0000
-0.0445,1.0464,1.0000,0.0635,-0.0010,300.2400,-38.7328,0.0000,-0.0607,-0.0607,0.0131,0.0000,0.0000,-0.0006,-0.0002,0.0000
0.0004,0.9829,1.0000,0.0551,-0.0010,300.1729,-38.7989,0.0000,-0.0511,-0.0511,0.0169,0.0000,0.0000,-0.0006,-0.0002,0.0000
0.0163,0.9805,1.0000,0.0469,-0.0176,300.1002,-38.8680,0.0000,-0.0432,-0.0432,-0.0106,0.0000,0.0000,-0.0106,-0.0042,0.0000
0.1024,0.9350,1.0000,0.0553,-0.0176,300.0256,-38.9307,0.0000,-0.0430,-0.0430,-0.0056,0.0000,0.0000,-0.0106,-0.0042,0.0000
0.0371,0.9961,1.0000,0.0601,-0.0176,299.9481,-39.0027,0.0000,-0.0391,-0.0391,-0.0030,0.0000,0.0000,-0.0106,-0.0042,0.0000
0.0427,0.9657,1.0000,0.0518,-0.0176,299.8824,-39.0614,0.0000,-0.0369,-0.0369,0.0002,0.0000,0.0000,-0.0106,-0.0042,0.0000
-0.0307,1.0490,1.0000,0.0440,-0.0169,299.8023,-39.1355,0.0000,-0.0331,-0.0331,0.0026,0.0000,0.0000,-0.0102,-0.0041,0.0000
0.1483,0.8739,1.0000,0.0356,-0.0169,299.7266,-39.2061,0.0000,-0.0283,-0.0283,0.0076,0.0000,0.0000,-0.0102,-0.0041,0.0000
-0.0488,1.0822,1.0000,0.0272,-0.0169,299.6558,-39.2658,0.0000,-0.0282,-0.0282,0.0101,0.0000,0.0000,-0.0102,-0.0041,0.0000
-0.0417,1.0271,1.0000,0.0188,-0.0169,299.5761,-39.3336,0.0000,-0.0291,-0.0291,0.0126,0.0000,0.0000,-0.0102,-0.0041,0.0000
0.0685,0.9177,1.0000,0.0272,0.0041,299.5057,-39.3994,0.0000,-0.0252,-0.0252,0.0565,0.0000,0.0000,0.0025,0.0010,0.0000
-0.0170,1.0373,1.0000,0.0188,0.0041,299.4364,-39.4691,0.0000,-0.0105,-0.0105,0.0580,0.0000,0.0000,0.0025,0.0010,0.0000
0.0348,0.9553,1.0000,0.0104,0.0041,299.3641,-39.5335,0.0000,-0.0083,-0.0083,0.0582,0.0000,0.0000,0.0025,0.0010,0.0000
0.0344,0.9747,1.0000,0.0020,0.0041,299.2815,-39.6005,0.0000,-0.0056,-0.0056,0.0624,0.0000,0.0000,0.0025,0.0010,0.0000
0.0617,0.9606,1.0000,-0.0013,0.0092,299.2123,-39.6580,0.0000,-0.0046,-0.0046,0.0634,0.0000,0.0000,0.0055,0.0022,0.0000
-0.0415,1.0535,1.0000,-0.0097,0.0092,299.1454,-39.7166,0.0000,0.0012,0.0012,0.0621,0.0000,0.0000,0.0055,0.0022,0.0000
0.1110,0.8912,1.0000,-0.0181,0.0092,299.0747,-39.7792,0.0000,0.0010,0.0010,0.0639,0.0000,0.0000,0.0055,0.0022,0.0000
0.1897,0.8818,1.0000,-0.0265,0.0092,299.0043,-39.8409,0.0000,0.0042,0.0042,0.0637,0.0000,0.0000,0.0055,0.0022,0.0000
0.1212,0.9366,1.0000,-0.0349,0.0042,298.9380,-39.9020,0.0000,0.0107,0.0107,0.0474,0.0000,0.0000,0.0026,0.0010,0.0000
0.1044,0.9278,1.0000,-0.0433,0.0042,298.8769,-39.9637,0.0000,0.0177,0.0177,0.0454,0.0000,0.0000,0.0026,0.0010,0.0000
0.1839,0.8938,1.0000,-0.0517,0.0042,298.8050,-40.0229,0.0000,0.0155,0.0155,0.0436,0.0000,0.0000,0.0026,0.0010,0.0000
0.1999,0.8605,1.0000,-0.0601,0.0042,298.7351,-40.0791,0.0000,0.0122,0.0122,0.0415,0.0000,0.0000,0.0026,0.0010,0.0000
0.1305,0.9242,1.0000,-0.0685,0.0042,298.6722,-40.1293,0.0000,0.0100,0.0100,0.0381,0.0000,0.0000,0.0026,0.0010,0.0000
0.1772,0.8900,1.0000,-0.0769,0.0042,298.6035,-40.1897,0.0000,0.0101,0.0101,0.0345,0.0000,0.0000,0.0026,0.0010,0.0000
0.2000,0.7991,1.0000,-0.0853,0.0042,298.5360,-40.2513,0.0000,0.0107,0.0107,0.0301,0.0000,0.0000,0.0026,0.0010,0.0000
0.1831,0.9068,1.0000,-0.0937,0.0042,298.4606,-40.3159,0.0000,0.0116,0.0116,0.0260,0.0000,0.0000,0.0026,0.0010,0.0000
0.1545,0.9064,1.0000,-0.0854,0.0042,298.3939,-40.3722,0.0000,0.0097,0.0097,0.0207,0.0000,0.0000,0.0026,0.0010,0.0000
0.0555,0.9852,1.0000,-0.0770,0.0162,298.3249,-40.4340,0.0000,0.0104,0.0104,0.0074,0.0000,0.0000,0.0097,0.0039,0.0000
0.1968,0.8656,1.0000,-0.0686,0.0162,298.2501,-40.4896,0.0000,0.0014,0.0014,0.0020,0.0000,0.0000,0.0097,0.0039,0.0000
0.1326,0.9185,1.0000,-0.0602,0.0162,298.1717,-40.5493,0.0000,-0.0063,-0.0063,-0.0035,0.0000,0.0000,0.0097,0.0039,0.0000
0.1080,0.9260,1.0000,-0.0518,0.0162,298.1029,-40.5971,0.0000,-0.0162,-0.0162,-0.0072,0.0000,0.0000,0.0097,0.0039,0.0000
0.0500,0.9791,1.0000,-0.0434,0.0162,298.0330,-40.6496,0.0000,-0.0236,-0.0236,-0.0112,0.0000,0.0000,0.0097,0.0039,0.0000
0.2000,0.8321,1.0000,-0.0350,0.0162,297.9599,-40.7073,0.0000,-0.0281,-0.0281,-0.0154,0.0000,0.0000,0.0097,0.0039,0.0000
0.2007,0.8681,1.0000,-0.0266,0.0162,297.8901,-40.7657,0.0000,-0.0306,-0.0306,-0.0191,0.0000,0.0000,0.0097,0.0039,0.0000
0.1280,0.9240,1.0000,-0.0182,0.0162,297.8179,-40.8155,0.0000,-0.0415,-0.0415,-0.0223,0.0000,0.0000,0.0097,0.0039,0.0000
0.1425,0.9023,1.0000,-0.0098,0.0197,297.7453,-40.8631,0.0000,-0.0529,-0.0529,-0.0116,0.0000,0.0000,0.0119,0.0047,0.0000
0.2001,0.8706,1.0000,-0.0014,0.0197,297.6703,-40.9206,0.0000,-0.0571,-0.0571,-0.0135,0.0000,0.0000,0.0119,0.0047,0.0000
0.1919,0.8620,1.0000,0.0070,0.0197,297.5990,-40.9766,0.0000,-0.0599,-0.0599,-0.0147,0.0000,0.0000,0.0119,0.0047,0.0000
0.1127,0.9373,1.0000,0.0154,0.0197,297.5256,-41.0327,0.0000,-0.0645,-0.0645,-0.0156,0.0000,0.0000,0.0119,0.0047,0.0000
0.1731,0.8987,1.0000,0.0238,0.0197,297.4470,-41.0945,0.0000,-0.0668,-0.0668,-0.0159,0.0000,0.0000,0.0119,0.0047,0.0000
0.1274,0.9168,1.0000,0.0322,0.0197,297.3736,-41.1527,0.0000,-0.0686,-0.0686,-0.0152,0.0000,0.0000,0.0119,0.0047,0.0000
0.0469,0.9913,1.0000,0.0406,0.0197,297.2999,-41.2163,0.0000,-0.0666,-0.0666,-0.0138,0.0000,0.0000,0.0119,0.0047,0.0000
0.1518,0.9285,1.0000,0.0490,0.0197,297.2307,-41.2778,0.0000,-0.0623,-0.0623,-0.0125,0.0000,0.0000,0.0119,0.0047,0.0000
0.0751,0.9657,1.0000,0.0469,0.0091,297.1568,-41.3372,0.0000,-0.0631,-0.0631,-0.0149,0.0000,0.0000,0.0055,0.0022,0.0000
0.1829,0.9179,1.0000,0.0553,0.0091,297.0833,-41.3972,0.0000,-0.0627,-0.0627,-0.0124,0.0000,0.0000,0.0055,0.0022,0.0000
0.1206,0.9398,1.0000,0.0637,0.0091,297.0112,-41.4578,0.0000,-0.0614,-0.0614,-0.0099,0.0000,0.0000,0.0055,0.0022,0.0000
0.0913,0.9408,1.0000,0.0721,0.0091,296.9415,-41.5142,0.0000,-0.0617,-0.0617,-0.0075,0.0000,0.0000,0.0055,0.0022,0.0000
0.0919,0.9340,1.0000,0.0804,0.0091,296.8703,-41.5758,0.0000,-0.0589,-0.0589,-0.0047,0.0000,0.0000,0.0055,0.0022,0.0000
0.1955,0.8894,1.0000,0.0887,0.0091,296.7976,-41.6397,0.0000,-0.0549,-0.0549,-0.0015,0.0000,0.0000,0.0055,0.0022,0.0000
0.1450,0.9335,1.0000,0.0869,0.0091,296.7324,-41.6945,0.0000,-0.0527,-0.0527,0.0028,0.0000,0.0000,0.0055,0.0022,0.0000
0.0802,0.9602,1.0000,0.0793,0.0091,296.6620,-41.7501,0.0000,-0.0531,-0.0531,0.0070,0.0000,0.0000,0.0055,0.0022,0.0000
0.1999,0.8445,1.0000,0.0709,0.0091,296.5908,-41.8173,0.0000,-0.0456,-0.0456,0.0116,0.0000,0.0000,0.0055,0.0022,0.0000
0.1749,0.8894,1.0000,0.0625,0.0088,296.5305,-41.8725,0.0000,-0.0399,-0.0399,0.0147,0.0000,0.0000,0.0053,0.0021,0.0000
0.0750,0.9718,1.0000,0.0541,0.0088,296.4583,-41.9409,0.0000,-0.0314,-0.0314,0.0184,0.0000,0.0000,0.0053,0.0021,0.0000
0.1999,0.8114,1.0000,0.0457,0.0088,296.3867,-41.9978,0.0000,-0.0337,-0.0337,0.0225,0.0000,0.0000,0.0053,0.0021,0.0000
0.0656,0.9875,1.0000,0.0374,0.0088,296.3214,-42.0553,0.0000,-0.0279,-0.0279,0.0257,0.0000,0.0000,0.0053,0.0021,0.0000
0.1999,0.9058,1.0000,0.0290,0.0088,296.2505,-42.1215,0.0000,-0.0223,-0.0223,0.0288,0.0000,0.0000,0.0053,0.0021,0.0000
0.1959,0.8619,1.0000,0.0206,0.0088,296.1894,-42.1886,0.0000,-0.0101,-0.0101,0.0304,0.0000,0.0000,0.0053,0.0021,0.0000
0.0902,0.9628,1.0000,0.0122,0.0088,296.1126,-42.2550,0.0000,-0.0056,-0.0056,0.0334,0.0000,0.0000,0.0053,0.0021,0.0000
0.1998,0.9009,1.0000,0.0038,0.0088,296.0581,-42.3231,0.0000,0.0111,0.0111,0.0343,0.0000,0.0000,0.0053,0.0021,0.0000
0.0469,1.0058,1.0000,-0.0046,-0.0013,295.9926,-42.3882,0.0000,0.0212,0.0212,0.0334,0.0000,0.0000,-0.0008,-0.0003,0.0000
0.1788,0.8663,1.0000,-0.0130,-0.0013,295.9222,-42.4538,0.0000,0.0240,0.0240,0.0342,0.0000,0.0000,-0.0008,-0.0003,0.0000
0.1299,0.9156,1.0000,-0.0214,-0.0013,295.8600,-42.5175,0.0000,0.0338,0.0338,0.0345,0.0000,0.0000,-0.0008,-0.0003,0.0000
0.0800,0.9541,1.0000,-0.0298,-0.0013,295.7958,-42.5786,0.0000,0.0397,0.0397,0.0340,0.0000,0.0000,-0.0008,-0.0003,0.0000
0.2007,0.8827,1.0000,-0.0381,-0.0013,295.7257,-42.6386,0.0000,0.0388,0.0388,0.0330,0.0000,0.0000,-0.0008,-0.0003,0.0000
0.1747,0.8783,1.0000,-0.0465,-0.0013,295.6636,-42.6968,0.0000,0.0426,0.0426,0.0314,0.0000,0.0000,-0.0008,-0.0003,0.0000
0.1292,0.9153,1.0000,-0.0549,-0.0013,295.5907,-42.7513,0.0000,0.0368,0.0368,0.0290,0.0000,0.0000,-0.0008,-0.0003,0.0000
0.2000,0.8438,1.0000,-0.0633,-0.0013,295.5234,-42.8148,0.0000,0.0400,0.0400,0.0266,0.0000,0.0000,-0.0008,-0.0003,0.0000
0.1521,0.9029,1.0000,-0.0715,-0.0013,295.4539,-42.8713,0.0000,0.0375,0.0375,0.0226,0.0000,0.0000,-0.0008,-0.0003,0.0000
0.1222,0.9174,1.0000,-0.0782,0.0003,295.3874,-42.9262,0.0000,0.0358,0.0358,0.0251,0.0000,0.0000,0.0002,0.0001,0.0000
0.2000,0.8887,1.0000,-0.0866,0.0003,295.3117,-42.9881,0.0000,0.0327,0.0327,0.0208,0.0000,0.0000,0.0002,0.0001,0.0000
0.2000,0.8564,1.0000,-0.0932,0.0003,295.2371,-43.0449,0.0000,0.0266,0.0266,0.0168,0.0000,0.0000,0.0002,0.0001,0.0000
0.1074,0.9701,1.0000,-0.0885,0.0003,295.1702,-43.1074,0.0000,0.0306,0.0306,0.0120,0.0000,0.0000,0.0002,0.0001,0.0000
0.0984,0.9312,1.0000,-0.0801,0.0003,295.0995,-43.1629,0.0000,0.0255,0.0255,0.0069,0.0000,0.0000,0.0002,0.0001,0.0000
0.2001,0.9076,1.0000,-0.0717,0.0003,295.0238,-43.2228,0.0000,0.0206,0.0206,0.0016,0.0000,0.0000,0.0002,0.0001,0.0000
0.1603,0.8920,1.0000,0.0000,0.0003,294.9461,-43.2688,0.0000,0.0042,0.0042,-0.0033,0.0000,0.0000,0.0002,0.0001,0.0000
0.0883,0.9576,1.0000,0.0084,0.0040,294.8680,-43.3243,0.0000,-0.0054,-0.0054,-0.0230,0.0000,0.0000,0.0024,0.0010,0.0000
0.2002,0.8998,1.0000,0.0168,0.0040,294.7995,-43.3826,0.0000,-0.0074,-0.0074,-0.0281,0.0000,0.0000,0.0024,0.0010,0.0000
0.1031,0.9512,1.0000,0.0252,0.0040,294.7250,-43.4338,0.0000,-0.0194,-0.0194,-0.0317,0.0000,0.0000,0.0024,0.0010,0.0000
0.1851,0.8915,1.0000,0.0336,0.0040,294.6441,-43.4912,0.0000,-0.0288,-0.0288,-0.0343,0.0000,0.0000,0.0024,0.0010,0.0000
0.1490,0.8978,1.0000,0.0420,0.0040,294.5770,-43.5397,0.0000,-0.0366,-0.0366,-0.0363,0.0000,0.0000,0.0024,0.0010,0.0000
0.0579,0.9841,1.0000,0.0503,0.0040,294.5019,-43.5899,0.0000,-0.0493,-0.0493,-0.0368,0.0000,0.0000,0.0024,0.0010,0.0000
0.2001,0.8215,1.0000,0.0587,0.0040,294.4315,-43.6472,0.0000,-0.0490,-0.0490,-0.0377,0.0000,0.0000,0.0024,0.0010,0.0000
0.1558,0.8963,1.0000,0.0671,0.0040,294.3542,-43.7016,0.0000,-0.0593,-0.0593,-0.0373,0.0000,0.0000,0.0024,0.0010,0.0000
0.1420,0.8991,1.0000,0.0755,0.0040,294.2905,-43.7670,0.0000,-0.0502,-0.0502,-0.0352,0.0000,0.0000,0.0024,0.0010,0.0000
0.1080,0.9375,1.0000,0.0671,-0.0224,294.2166,-43.8250,0.0000,-0.0548,-0.0548,-0.0586,0.0000,0.0000,-0.0135,-0.0054,0.0000
0.1562,0.9065,1.0000,0.0755,-0.0224,294.1522,-43.8812,0.0000,-0.0537,-0.0537,-0.0547,0.0000,0.0000,-0.0135,-0.0054,0.0000
0.1206,0.9316,1.0000,0.0839,-0.0224,294.0818,-43.9455,0.0000,-0.0524,-0.0524,-0.0516,0.0000,0.0000,-0.0135,-0.0054,0.0000
0.2001,0.8477,1.0000,0.0923,-0.0224,294.0111,-44.0080,0.0000,-0.0498,-0.0498,-0.0480,0.0000,0.0000,-0.0135,-0.0054,0.0000
0.1505,0.9473,1.0054,0.1007,-0.0224,293.9470,-44.0686,0.0000,-0.0484,-0.0484,-0.0443,0.0000,0.0000,-0.0135,-0.0054,0.0000
0.1533,0.9360,1.0103,0.0981,-0.0224,293.8905,-44.1291,0.0000,-0.0393,-0.0393,-0.0401,0.0000,0.0000,-0.0135,-0.0054,0.0000
0.2000,0.8756,1.0146,0.0917,-0.0224,293.8244,-44.2012,0.0000,-0.0269,-0.0269,-0.0354,0.0000,0.0000,-0.0135,-0.0054,0.0000
0.2000,0.8235,1.0186,0.0858,-0.0224,293.7537,-44.2611,0.0000,-0.0262,-0.0262,-0.0286,0.0000,0.0000,-0.0135,-0.0054,0.0000
0.1267,0.9731,1.0221,0.0900,-0.0097,293.6859,-44.3259,0.0000,-0.0233,-0.0233,-0.0082,0.0000,0.0000,-0.0059,-0.0023,0.0000
0.1960,0.9198,1.0253,0.0816,-0.0097,293.5994,-44.3923,0.0000,-0.0275,-0.0275,-0.0026,0.0000,0.0000,-0.0059,-0.0023,0.0000
0.1686,0.9307,1.0282,0.0732,-0.0097,293.5387,-44.4615,0.0000,-0.0133,-0.0133,0.0015,0.0000,0.0000,-0.0059,-0.0023,0.0000
0.0109,1.0794,1.0308,0.0000,-0.0121,293.4690,-44.5315,0.0000,-0.0039,-0.0039,0.0061,0.0000,0.0000,-0.0073,-0.0029,0.0000
0.1461,0.9156,1.0331,0.0000,-0.0121,293.3882,-44.6048,0.0000,-0.0009,-0.0009,0.0094,0.0000,0.0000,-0.0073,-0.0029,0.0000
0.1063,0.9820,1.0352,-0.0084,-0.0121,293.3192,-44.6703,0.0000,0.0058,0.0058,0.0142,0.0000,0.0000,-0.0073,-0.0029,0.0000
-0.0075,1.0814,1.0370,-0.0168,-0.0121,293.2545,-44.7322,0.0000,0.0120,0.0120,0.0169,0.0000,0.0000,-0.0073,-0.0029,0.0000
0.1810,0.8885,1.0387,-0.0252,-0.0121,293.1798,-44.8026,0.0000,0.0157,0.0157,0.0202,0.0000,0.0000,-0.0073,-0.0029,0.0000
0.1983,0.8885,1.0403,-0.0239,-0.0024,293.1064,-44.8718,0.0000,0.0209,0.0209,0.0401,0.0000,0.0000,-0.0014,-0.0006,0.0000
0.0913,1.0180,1.0416,-0.0323,-0.0024,293.0303,-44.9363,0.0000,0.0243,0.0243,0.0413,0.0000,0.0000,-0.0014,-0.0006,0.0000
0.0765,1.0001,1.0429,-0.0406,-0.0024,292.9567,-45.0109,0.0000,0.0339,0.0339,0.0419,0.0000,0.0000,-0.0014,-0.0006,0.0000
0.0915,0.9890,1.0440,-0.0490,-0.0024,292.8951,-45.0787,0.0000,0.0449,0.0449,0.0398,0.0000,0.0000,-0.0014,-0.0006,0.0000
0.0406,1.0395,1.0450,-0.0574,-0.0055,292.8249,-45.1446,0.0000,0.0498,0.0498,0.0373,0.0000,0.0000,-0.0033,-0.0013,0.0000
0.1721,0.9072,1.0459,-0.0658,-0.0055,292.7413,-45.2115,0.0000,0.0440,0.0440,0.0359,0.0000,0.0000,-0.0033,-0.0013,0.0000
0.1423,0.9546,1.0467,-0.0742,-0.0055,292.6755,-45.2764,0.0000,0.0498,0.0498,0.0312,0.0000,0.0000,-0.0033,-0.0013,0.0000
0.0274,1.0616,1.0474,-0.0826,-0.0055,292.6083,-45.3246,0.0000,0.0431,0.0431,0.0275,0.0000,0.0000,-0.0033,-0.0013,0.0000
0.1999,0.9158,1.0481,-0.0910,-0.0142,292.5293,-45.3854,0.0000,0.0345,0.0345,0.0071,0.0000,0.0000,-0.0086,-0.0034,0.0000
0.2000,0.8223,1.0487,-0.0826,-0.0142,292.4499,-45.4502,0.0000,0.0289,0.0289,0.0021,0.0000,0.0000,-0.0086,-0.0034,0.0000
0.1188,0.9894,1.0492,-0.0743,-0.0142,292.3843,-45.5125,0.0000,0.0300,0.0300,-0.0038,0.0000,0.0000,-0.0086,-0.0034,0.0000
0.0674,1.0177,1.0497,-0.0659,-0.0142,292.3034,-45.5761,0.0000,0.0220,0.0220,-0.0093,0.0000,0.0000,-0.0086,-0.0034,0.0000
0.2000,0.8961,1.0501,-0.0575,-0.0025,292.2167,-45.6379,0.0000,0.0102,0.0102,-0.0141,0.0000,0.0000,-0.0015,-0.0006,0.0000
0.0265,1.0217,1.0451,-0.0491,-0.0025,292.1456,-45.6954,0.0000,0.0032,0.0032,-0.0194,0.0000,0.0000,-0.0015,-0.0006,0.0000
-0.0393,1.0577,1.0406,-0.0407,-0.0025,292.0537,-45.7628,0.0000,-0.0084,-0.0084,-0.0228,0.0000,0.0000,-0.0015,-0.0006,0.0000
0.1551,0.9073,1.0419,-0.0323,-0.0025,291.9745,-45.8251,0.0000,-0.0137,-0.0137,-0.0273,0.0000,0.0000,-0.0015,-0.0006,0.0000
-0.1001,1.1307,1.0377,-0.0239,0.0096,291.8968,-45.8899,0.0000,-0.0166,-0.0166,-0.0073,0.0000,0.0000,0.0058,0.0023,0.0000
-0.0232,1.0000,1.0340,-0.0155,0.0096,291.8149,-45.9553,0.0000,-0.0200,-0.0200,-0.0110,0.0000,0.0000,0.0058,0.0023,0.0000
-0.0056,1.0035,1.0306,-0.0072,0.0096,291.7354,-46.0205,0.0000,-0.0219,-0.0219,-0.0135,0.0000,0.0000,0.0058,0.0023,0.0000
-0.0286,1.0384,1.0275,-0.0094,-0.0009,291.6608,-46.0878,0.0000,-0.0189,-0.0189,-0.0149,0.0000,0.0000,-0.0006,-0.0002,0.0000
-0.0230,1.0202,1.0248,-0.0011,-0.0009,291.5782,-46.1517,0.0000,-0.0231,-0.0231,-0.0162,0.0000,0.0000,-0.0006,-0.0002,0.0000
0.0151,0.9956,1.0223,0.0073,-0.0009,291.4973,-46.2182,0.0000,-0.0232,-0.0232,-0.0157,0.0000,0.0000,-0.0006,-0.0002,0.0000
-0.0232,1.0359,1.0201,0.0157,-0.0009,291.4116,-46.2791,0.0000,-0.0317,-0.0317,-0.0162,0.0000,0.0000,-0.0006,-0.0002,0.0000
-0.0409,1.0378,1.0181,0.0209,-0.0042,291.3367,-46.3492,0.0000,-0.0269,-0.0269,-0.0271,0.0000,0.0000,-0.0025,-0.0010,0.0000
-0.0632,1.0417,1.0162,0.0293,-0.0042,291.2573,-46.4154,0.0000,-0.0270,-0.0270,-0.0255,0.0000,0.0000,-0.0025,-0.0010,0.0000
-0.0350,1.0173,1.0146,0.0376,-0.0042,291.1905,-46.4761,0.0000,-0.0235,-0.0235,-0.0254,0.0000,0.0000,-0.0025,-0.0010,0.0000
-0.0331,1.0256,1.0132,0.0460,-0.0042,291.1047,-46.5415,0.0000,-0.0279,-0.0279,-0.0226,0.0000,0.0000,-0.0025,-0.0010,0.0000
0.1151,0.8945,1.0118,0.0543,-0.0042,291.0384,-46.6024,0.0000,-0.0226,-0.0226,-0.0219,0.0000,0.0000,-0.0025,-0.0010,0.0000
-0.0447,1.0698,1.0107,0.0627,-0.0042,290.9511,-46.6716,0.0000,-0.0264,-0.0264,-0.0185,0.0000,0.0000,-0.0025,-0.0010,0.0000
0.1565,0.8924,1.0096,0.0711,-0.0042,290.8822,-46.7354,0.0000,-0.0195,-0.0195,-0.0161,0.0000,0.0000,-0.0025,-0.0010,0.0000
-0.0427,1.1048,1.0086,0.0628,-0.0039,290.8085,-46.8015,0.0000,-0.0167,-0.0167,-0.0045,0.0000,0.0000,-0.0024,-0.0010,0.0000
0.0549,0.9310,1.0078,0.0000,-0.0039,290.7346,-46.8702,0.0000,-0.0092,-0.0092,-0.0008,0.0000,0.0000,-0.0024,-0.0010,0.0000
0.0709,0.9823,1.0070,0.0000,-0.0039,290.6595,-46.9342,0.0000,-0.0064,-0.0064,0.0028,0.0000,0.0000,-0.0024,-0.0010,0.0000
0.0401,1.0016,1.0063,0.0000,-0.0039,290.5839,-46.9969,0.0000,-0.0044,-0.0044,0.0070,0.0000,0.0000,-0.0024,-0.0010,0.0000
0.0353,0.9781,1.0057,0.0000,-0.0039,290.5095,-47.0602,0.0000,-0.0021,-0.0021,0.0099,0.0000,0.0000,-0.0024,-0.0010,0.0000
0.0368,0.9745,1.0051,-0.0084,-0.0039,290.4279,-47.1306,0.0000,0.0007,0.0007,0.0121,0.0000,0.0000,-0.0024,-0.0010,0.0000
0.0449,0.9682,1.0046,-0.0168,-0.0039,290.3574,-47.1927,0.0000,0.0040,0.0040,0.0136,0.0000,0.0000,-0.0024,-0.0010,0.0000
-0.0750,1.0691,1.0041,-0.0252,-0.0039,290.2844,-47.2566,0.0000,0.0070,0.0070,0.0134,0.0000,0.0000,-0.0024,-0.0010,0.0000
0.0763,0.9315,1.0037,-0.0335,-0.0039,290.2026,-47.3253,0.0000,0.0064,0.0064,0.0133,0.0000,0.0000,-0.0024,-0.0010,0.0000
0.1066,0.9620,1.0033,-0.0381,-0.0002,290.1355,-47.3831,0.0000,0.0072,0.0072,0.0106,0.0000,0.0000,-0.0001,-0.0000,0.0000
-0.0383,1.0587,1.0030,0.0000,-0.0002,290.0605,-47.4399,0.0000,0.0022,0.0022,0.0088,0.0000,0.0000,-0.0001,-0.0000,0.0000
0.1621,0.8778,1.0027,0.0000,-0.0002,289.9914,-47.5015,0.0000,0.0032,0.0032,0.0061,0.0000,0.0000,-0.0001,-0.0000,0.0000
0.2000,0.9339,1.0024,0.0000,-0.0002,289.9127,-47.5553,0.0000,-0.0068,-0.0068,0.0037,0.0000,0.0000,-0.0001,-0.0000,0.0000
0.2001,0.9168,1.0022,0.0000,-0.0002,289.8380,-47.6292,0.0000,0.0013,0.0013,0.0022,0.0000,0.0000,-0.0001,-0.0000,0.0000
0.2000,0.9466,1.0020,0.0000,-0.0002,289.7749,-47.6854,0.0000,0.0037,0.0037,0.0016,0.0000,0.0000,-0.0001,-0.0000,0.0000
0.0120,1.0411,1.0018,0.0000,-0.0002,289.7004,-47.7376,0.0000,-0.0040,-0.0040,0.0012,0.0000,0.0000,-0.0001,-0.0000,0.0000
0.2003,0.8377,1.0016,0.0000,-0.0002,289.6235,-47.8045,0.0000,-0.0016,-0.0016,0.0024,0.0000,0.0000,-0.0001,-0.0000,0.0000
0.1999,0.9024,1.0014,-0.0051,0.0033,289.5599,-47.8541,0.0000,-0.0044,-0.0044,0.0109,0.0000,0.0000,0.0020,0.0008,0.0000
0.0708,1.0099,1.0013,-0.0091,0.0033,289.4811,-47.9080,0.0000,-0.0116,-0.0116,0.0117,0.0000,0.0000,0.0020,0.0008,0.0000
0.2000,0.7997,1.0012,-0.0119,0.0033,289.4146,-47.9687,0.0000,-0.0082,-0.0082,0.0113,0.0000,0.0000,0.0020,0.0008,0.0000
0.1735,0.9464,1.0010,-0.0203,0.0033,289.3399,-48.0320,0.0000,-0.0057,-0.0057,0.0113,0.0000,0.0000,0.0020,0.0008,0.0000
0.2006,0.8927,1.0009,-0.0287,0.0019,289.2744,-48.0955,0.0000,0.0009,0.0009,0.0096,0.0000,0.0000,0.0011,0.0005,0.0000
0.1492,0.9706,1.0009,-0.0371,0.0019,289.2019,-48.1531,0.0000,-0.0006,-0.0006,0.0085,0.0000,0.0000,0.0011,0.0005,0.0000
0.1424,0.9042,1.0008,-0.0287,0.0019,289.1268,-48.2141,0.0000,-0.0018,-0.0018,0.0074,0.0000,0.0000,0.0011,0.0005,0.0000
0.1413,0.9177,1.0007,-0.0225,0.0019,289.0612,-48.2728,0.0000,0.0013,0.0013,0.0054,0.0000,0.0000,0.0011,0.0005,0.0000
0.0775,0.9595,1.0006,-0.0262,-0.0101,288.9909,-48.3288,0.0000,-0.0021,-0.0021,-0.0186,0.0000,0.0000,-0.0061,-0.0024,0.0000
0.2000,0.8722,1.0006,-0.0178,-0.0101,288.9140,-48.3827,0.0000,-0.0108,-0.0108,-0.0199,0.0000,0.0000,-0.0061,-0.0024,0.0000
0.1607,0.8917,1.0005,-0.0094,-0.0101,288.8314,-48.4382,0.0000,-0.0233,-0.0233,-0.0217,0.0000,0.0000,-0.0061,-0.0024,0.0000
0.1102,0.9312,1.0005,-0.0010,-0.0101,288.7571,-48.5018,0.0000,-0.0247,-0.0247,-0.0240,0.0000,0.0000,-0.0061,-0.0024,0.0000
0.0415,0.9876,1.0004,0.0058,-0.0117,288.6884,-48.5498,0.0000,-0.0343,-0.0343,-0.0256,0.0000,0.0000,-0.0071,-0.0028,0.0000
0.0423,0.9696,1.0004,0.0142,-0.0117,288.6170,-48.6028,0.0000,-0.0406,-0.0406,-0.0264,0.0000,0.0000,-0.0071,-0.0028,0.0000
0.1786,0.8317,1.0003,0.0226,-0.0117,288.5402,-48.6608,0.0000,-0.0444,-0.0444,-0.0262,0.0000,0.0000,-0.0071,-0.0028,0.0000
0.1676,0.8816,1.0003,0.0310,-0.0117,288.4657,-48.7134,0.0000,-0.0535,-0.0535,-0.0262,0.0000,0.0000,-0.0071,-0.0028,0.0000
0.0943,0.9538,1.0003,0.0394,-0.0012,288.4002,-48.7681,0.0000,-0.0546,-0.0546,-0.0058,0.0000,0.0000,-0.0007,-0.0003,0.0000
0.1659,0.9045,1.0002,0.0478,-0.0012,288.3365,-48.8217,0.0000,-0.0530,-0.0530,-0.0047,0.0000,0.0000,-0.0007,-0.0003,0.0000
0.2000,0.8464,1.0002,0.0562,-0.0012,288.2639,-48.8815,0.0000,-0.0519,-0.0519,-0.0027,0.0000,0.0000,-0.0007,-0.0003,0.0000
0.2000,0.8250,1.0002,0.0578,-0.0012,288.1875,-48.9387,0.0000,-0.0551,-0.0551,0.0001,0.0000,0.0000,-0.0007,-0.0003,0.0000
0.1871,0.9328,1.0002,0.0661,-0.0012,288.1250,-48.9953,0.0000,-0.0500,-0.0500,0.0022,0.0000,0.0000,-0.0007,-0.0003,0.0000
0.1085,0.9455,1.0002,0.0745,0.0144,288.0543,-49.0599,0.0000,-0.0430,-0.0430,0.0065,0.0000,0.0000,0.0087,0.0035,0.0000
0.1996,0.8363,1.0001,0.0741,0.0144,287.9766,-49.1205,0.0000,-0.0446,-0.0446,0.0093,0.0000,0.0000,0.0087,0.0035,0.0000
0.1018,0.9511,1.0001,0.0657,0.0144,287.9012,-49.1819,0.0000,-0.0426,-0.0426,0.0134,0.0000,0.0000,0.0087,0.0035,0.0000
0.0525,0.9764,1.0001,0.0595,0.0165,287.8326,-49.2425,0.0000,-0.0371,-0.0371,0.0242,0.0000,0.0000,0.0100,0.0040,0.0000
0.0505,0.9638,1.0001,0.0511,0.0165,287.7648,-49.3031,0.0000,-0.0312,-0.0312,0.0278,0.0000,0.0000,0.0100,0.0040,0.0000
0.1893,0.9081,1.0001,0.0427,0.0165,287.6938,-49.3682,0.0000,-0.0245,-0.0245,0.0312,0.0000,0.0000,0.0100,0.0040,0.0000
0.1536,0.9017,1.0001,0.0344,0.0165,287.6245,-49.4316,0.0000,-0.0176,-0.0176,0.0344,0.0000,0.0000,0.0100,0.0040,0.0000
0.0841,0.9560,1.0001,0.0260,0.0165,287.5552,-49.4970,0.0000,-0.0077,-0.0077,0.0380,0.0000,0.0000,0.0100,0.0040,0.0000
0.0987,0.9322,1.0001,0.0177,0.0165,287.4808,-49.5645,0.0000,-0.0014,-0.0014,0.0405,0.0000,0.0000,0.0100,0.0040,0.0000
0.0824,0.9456,1.0001,0.0093,0.0165,287.3998,-49.6308,0.0000,0.0012,0.0012,0.0445,0.0000,0.0000,0.0100,0.0040,0.0000
0.0297,0.9958,1.0001,0.0009,0.0165,287.3416,-49.7031,0.0000,0.0220,0.0220,0.0448,0.0000,0.0000,0.0100,0.0040,0.0000
-0.0243,1.0374,1.0000,-0.0075,0.0111,287.2631,-49.7699,0.0000,0.0259,0.0259,0.0321,0.0000,0.0000,0.0067,0.0027,0.0000
0.0685,0.9204,1.0000,-0.0159,0.0111,287.1823,-49.8472,0.0000,0.0318,0.0318,0.0325,0.0000,0.0000,0.0067,0.0027,0.0000
0.0001,1.0216,1.0000,-0.0243,0.0111,287.1117,-49.9109,0.0000,0.0366,0.0366,0.0317,0.0000,0.0000,0.0067,0.0027,0.0000
-0.1451,1.1088,1.0000,-0.0327,0.0111,287.0301,-49.9763,0.0000,0.0360,0.0360,0.0319,0.0000,0.0000,0.0067,0.0027,0.0000
0.0207,0.9430,1.0000,-0.0411,0.0111,286.9556,-50.0446,0.0000,0.0372,0.0372,0.0303,0.0000,0.0000,0.0067,0.0027,0.0000
-0.0261,1.0368,1.0000,-0.0495,0.0111,286.8858,-50.1065,0.0000,0.0404,0.0404,0.0283,0.0000,0.0000,0.0067,0.0027,0.0000
-0.0119,1.0010,1.0000,-0.0579,0.0111,286.8135,-50.1746,0.0000,0.0443,0.0443,0.0253,0.0000,0.0000,0.0067,0.0027,0.0000
0.0643,0.9258,1.0000,-0.0663,0.0111,286.7439,-50.2262,0.0000,0.0369,0.0369,0.0223,0.0000,0.0000,0.0067,0.0027,0.0000
0.0366,0.9841,1.0000,-0.0747,0.0075,286.6754,-50.2844,0.0000,0.0363,0.0363,0.0169,0.0000,0.0000,0.0045,0.0018,0.0000
0.2001,0.8599,1.0000,-0.0828,0.0075,286.6013,-50.3429,0.0000,0.0307,0.0307,0.0127,0.0000,0.0000,0.0045,0.0018,0.0000
0.1735,0.8921,1.0000,-0.0744,0.0075,286.5239,-50.4021,0.0000,0.0250,0.0250,0.0090,0.0000,0.0000,0.0045,0.0018,0.0000
0.0778,0.9679,1.0000,-0.0660,0.0075,286.4450,-50.4612,0.0000,0.0175,0.0175,0.0040,0.0000,0.0000,0.0045,0.0018,0.0000
0.0558,0.9679,1.0000,-0.0577,0.0075,286.3682,-50.5187,0.0000,0.0101,0.0101,-0.0005,0.0000,0.0000,0.0045,0.0018,0.0000
0.0478,0.9679,1.0000,-0.0493,0.0075,286.2952,-50.5778,0.0000,0.0057,0.0057,-0.0060,0.0000,0.0000,0.0045,0.0018,0.0000
0.0783,0.9522,1.0000,-0.0409,0.0075,286.2187,-50.6349,0.0000,-0.0018,-0.0018,-0.0107,0.0000,0.0000,0.0045,0.0018,0.0000
0.1045,0.9318,1.0000,-0.0325,0.0075,286.1355,-50.6924,0.0000,-0.0132,-0.0132,-0.0152,0.0000,0.0000,0.0045,0.0018,0.0000
0.0228,1.0049,1.0000,-0.0241,0.0089,286.0546,-50.7488,0.0000,-0.0234,-0.0234,-0.0125,0.0000,0.0000,0.0054,0.0022,0.0000
0.0045,1.0049,1.0000,-0.0157,0.0089,285.9792,-50.8085,0.0000,-0.0272,-0.0272,-0.0157,0.0000,0.0000,0.0054,0.0022,0.0000
-0.0023,1.0049,1.0000,-0.0073,0.0089,285.8987,-50.8650,0.0000,-0.0363,-0.0363,-0.0179,0.0000,0.0000,0.0054,0.0022,0.0000
0.0203,0.9765,1.0000,0.0011,0.0089,285.8287,-50.9243,0.0000,-0.0357,-0.0357,-0.0195,0.0000,0.0000,0.0054,0.0022,0.0000
0.0306,0.9765,1.0000,0.0094,0.0089,285.7513,-50.9833,0.0000,-0.0403,-0.0403,-0.0207,0.0000,0.0000,0.0054,0.0022,0.0000
0.0307,0.9765,1.0000,0.0178,0.0089,285.6785,-51.0409,0.0000,-0.0426,-0.0426,-0.0211,0.0000,0.0000,0.0054,0.0022,0.0000
0.0621,0.9643,1.0000,0.0262,0.0089,285.6016,-51.0984,0.0000,-0.0472,-0.0472,-0.0210,0.0000,0.0000,0.0054,0.0022,0.0000
0.1732,0.9215,1.0000,0.0346,0.0089,285.5272,-51.1476,0.0000,-0.0561,-0.0561,-0.0203,0.0000,0.0000,0.0054,0.0022,0.0000
0.0976,0.9515,1.0000,0.0262,-0.0084,285.4580,-51.2062,0.0000,-0.0546,-0.0546,-0.0172,0.0000,0.0000,-0.0051,-0.0020,0.0000
0.1946,0.8836,1.0000,0.0346,-0.0084,285.3827,-51.2593,0.0000,-0.0603,-0.0603,-0.0156,0.0000,0.0000,-0.0051,-0.0020,0.0000
0.1642,0.8994,1.0000,0.0430,-0.0084,285.3075,-51.3131,0.0000,-0.0656,-0.0656,-0.0126,0.0000,0.0000,-0.0051,-0.0020,0.0000
0.1289,0.9133,1.0000,0.0514,-0.0084,285.2348,-51.3727,0.0000,-0.0657,-0.0657,-0.0118,0.0000,0.0000,-0.0051,-0.0020,0.0000
0.1174,0.9162,1.0000,0.0598,-0.0084,285.1571,-51.4277,0.0000,-0.0714,-0.0714,-0.0086,0.0000,0.0000,-0.0051,-0.0020,0.0000
0.0993,0.9322,1.0000,0.0682,-0.0084,285.0889,-51.4917,0.0000,-0.0648,-0.0648,-0.0070,0.0000,0.0000,-0.0051,-0.0020,0.0000
0.0985,0.9428,1.0000,0.0766,-0.0084,285.0244,-51.5513,0.0000,-0.0583,-0.0583,-0.0032,0.0000,0.0000,-0.0051,-0.0020,0.0000
0.1001,0.9273,1.0000,0.0772,-0.0084,284.9476,-51.6138,0.0000,-0.0574,-0.0574,0.0002,0.0000,0.0000,-0.0051,-0.0020,0.0000
0.2006,0.8717,1.0000,0.0706,-0.0084,284.8777,-51.6682,0.0000,-0.0582,-0.0582,0.0044,0.0000,0.0000,-0.0051,-0.0020,0.0000
0.0716,0.9820,1.0000,0.0637,-0.0068,284.8024,-51.7272,0.0000,-0.0582,-0.0582,0.0125,0.0000,0.0000,-0.0041,-0.0016,0.0000
0.1935,0.8780,1.0000,0.0553,-0.0068,284.7326,-51.7881,0.0000,-0.0543,-0.0543,0.0162,0.0000,0.0000,-0.0041,-0.0016,0.0000
0.1314,0.9189,1.0000,0.0469,-0.0068,284.6728,-51.8549,0.0000,-0.0392,-0.0392,0.0185,0.0000,0.0000,-0.0041,-0.0016,0.0000
0.1151,0.9189,1.0000,0.0385,-0.0068,284.6037,-51.9140,0.0000,-0.0354,-0.0354,0.0225,0.0000,0.0000,-0.0041,-0.0016,0.0000
0.1999,0.8900,1.0000,0.0332,-0.0037,284.5407,-51.9775,0.0000,-0.0254,-0.0254,0.0251,0.0000,0.0000,-0.0022,-0.0009,0.0000
0.1500,0.9020,1.0000,0.0248,-0.0037,284.4699,-52.0388,0.0000,-0.0207,-0.0207,0.0294,0.0000,0.0000,-0.0022,-0.0009,0.0000
0.1808,0.8880,1.0000,0.0165,-0.0037,284.3957,-52.1059,0.0000,-0.0148,-0.0148,0.0321,0.0000,0.0000,-0.0022,-0.0009,0.0000
0.1184,0.9289,1.0000,0.0081,-0.0037,284.3334,-52.1631,0.0000,-0.0088,-0.0088,0.0332,0.0000,0.0000,-0.0022,-0.0009,0.0000
0.0707,0.9923,1.0000,0.0000,-0.0192,284.2612,-52.2250,0.0000,-0.0079,-0.0079,0.0078,0.0000,0.0000,-0.0116,-0.0046,0.0000
0.2000,0.8387,1.0000,0.0000,-0.0192,284.1982,-52.2947,0.0000,0.0030,0.0030,0.0078,0.0000,0.0000,-0.0116,-0.0046,0.0000
0.1144,0.9423,1.0000,0.0000,-0.0192,284.1279,-52.3628,0.0000,0.0095,0.0095,0.0091,0.0000,0.0000,-0.0116,-0.0046,0.0000
0.0995,0.9315,1.0000,-0.0084,-0.0192,284.0656,-52.4221,0.0000,0.0130,0.0130,0.0081,0.0000,0.0000,-0.0116,-0.0046,0.0000
0.0576,0.9709,1.0000,0.0000,-0.0192,283.9881,-52.4814,0.0000,0.0078,0.0078,0.0094,0.0000,0.0000,-0.0116,-0.0046,0.0000
0.2000,0.8522,1.0000,0.0000,-0.0192,283.9228,-52.5353,0.0000,0.0053,0.0053,0.0100,0.0000,0.0000,-0.0116,-0.0046,0.0000
0.0858,0.9669,1.0000,0.0000,-0.0192,283.8568,-52.5945,0.0000,0.0072,0.0072,0.0094,0.0000,0.0000,-0.0116,-0.0046,0.0000
0.2000,0.8398,1.0000,0.0000,-0.0192,283.7937,-52.6495,0.0000,0.0070,0.0070,0.0097,0.0000,0.0000,-0.0116,-0.0046,0.0000
0.1742,0.8787,1.0000,-0.0084,-0.0813,283.7285,-52.7095,0.0000,0.0101,0.0101,0.0142,0.0000,0.0000,-0.0491,-0.0196,0.0000
0.2000,0.8297,1.0000,-0.0168,-0.0813,283.6751,-52.7616,0.0000,0.0139,0.0139,0.0131,0.0000,0.0000,-0.0491,-0.0196,0.0000
0.1743,0.8786,1.0000,-0.0252,-0.0813,283.6034,-52.8195,0.0000,0.0121,0.0121,0.0144,0.0000,0.0000,-0.0491,-0.0196,0.0000
0.2000,0.7397,1.0000,-0.0335,-0.0813,283.5352,-52.8797,0.0000,0.0121,0.0121,0.0140,0.0000,0.0000,-0.0491,-0.0196,0.0000
0.1432,0.9140,1.0000,-0.0418,-0.0813,283.4687,-52.9371,0.0000,0.0131,0.0131,0.0131,0.0000,0.0000,-0.0491,-0.0196,0.0000
0.1380,0.9015,1.0000,-0.0502,-0.0813,283.4022,-52.9900,0.0000,0.0090,0.0090,0.0114,0.0000,0.0000,-0.0491,-0.0196,0.0000
0.1999,0.8705,1.0000,0.0000,-0.0813,283.3314,-53.0526,0.0000,0.0093,0.0093,0.0094,0.0000,0.0000,-0.0491,-0.0196,0.0000
0.2000,0.8433,1.0000,-0.0084,-0.0813,283.2726,-53.1072,0.0000,0.0104,0.0104,0.0052,0.0000,0.0000,-0.0491,-0.0196,0.0000
0.1149,0.9372,1.0000,-0.0136,-0.0781,283.2063,-53.1709,0.0000,0.0152,0.0152,0.0126,0.0000,0.0000,-0.0471,-0.0188,0.0000
0.2000,0.7949,1.0000,-0.0219,-0.0781,283.1275,-53.2381,0.0000,0.0140,0.0140,0.0103,0.0000,0.0000,-0.0471,-0.0188,0.0000
0.1506,0.9106,1.0000,-0.0303,-0.0781,283.0666,-53.3020,0.0000,0.0236,0.0236,0.0088,0.0000,0.0000,-0.0471,-0.0188,0.0000
0.0101,1.0275,1.0000,-0.0384,-0.0781,282.9907,-53.3614,0.0000,0.0207,0.0207,0.0092,0.0000,0.0000,-0.0471,-0.0188,0.0000
0.1562,0.8743,1.0000,-0.0468,-0.0781,282.9277,-53.4143,0.0000,0.0196,0.0196,0.0086,0.0000,0.0000,-0.0471,-0.0188,0.0000
0.0856,0.9555,1.0000,-0.0551,-0.0781,282.8571,-53.4722,0.0000,0.0179,0.0179,0.0070,0.0000,0.0000,-0.0471,-0.0188,0.0000
0.2000,0.8151,1.0000,0.0000,-0.0781,282.7801,-53.5264,0.0000,0.0086,0.0086,0.0052,0.0000,0.0000,-0.0471,-0.0188,0.0000
0.1460,0.9059,1.0000,0.0000,-0.0781,282.7186,-53.5806,0.0000,0.0086,0.0086,0.0008,0.0000,0.0000,-0.0471,-0.0188,0.0000
0.1035,0.9345,1.0000,0.0084,0.1459,282.6522,-53.6439,0.0000,0.0126,0.0126,0.0304,0.0000,0.0000,0.0885,0.0354,0.0000
0.2000,0.8129,1.0000,0.0168,0.1459,282.5824,-53.7000,0.0000,0.0105,0.0105,0.0279,0.0000,0.0000,0.0885,0.0354,0.0000
0.1434,0.9085,1.0000,0.0252,0.1459,282.5109,-53.7568,0.0000,0.0113,0.0113,0.0257,0.0000,0.0000,0.0885,0.0354,0.0000
0.1807,0.8876,1.0000,0.0336,0.1459,282.4278,-53.8213,0.0000,0.0101,0.0101,0.0253,0.0000,0.0000,0.0885,0.0354,0.0000
0.1399,0.9059,1.0000,0.0420,0.1459,282.3527,-53.8823,0.0000,0.0122,0.0122,0.0262,0.0000,0.0000,0.0885,0.0354,0.0000
-0.0131,1.0429,1.0000,0.0419,0.1459,282.2790,-53.9463,0.0000,0.0187,0.0187,0.0263,0.0000,0.0000,0.0885,0.0354,0.0000
0.0339,0.9584,1.0000,0.0429,0.1459,282.1869,-54.0104,0.0000,0.0121,0.0121,0.0286,0.0000,0.0000,0.0885,0.0354,0.0000
0.0394,0.9681,1.0000,0.0382,0.1459,282.1098,-54.0782,0.0000,0.0187,0.0187,0.0304,0.0000,0.0000,0.0885,0.0354,0.0000
-0.1192,1.1119,1.0000,0.0358,0.1429,282.0379,-54.1445,0.0000,0.0290,0.0290,0.0269,0.0000,0.0000,0.0866,0.0346,0.0000
-0.0531,1.0180,1.0000,0.0327,0.1429,281.9646,-54.2141,0.0000,0.0374,0.0374,0.0286,0.0000,0.0000,0.0866,0.0346,0.0000
0.0097,0.9702,1.0000,0.0296,0.1429,281.8899,-54.2783,0.0000,0.0416,0.0416,0.0311,0.0000,0.0000,0.0866,0.0346,0.0000
0.0007,1.0028,1.0000,0.0212,-0.0636,281.8141,-54.3457,0.0000,0.0487,0.0487,0.0333,0.0000,0.0000,-0.0384,-0.0153,0.0000
0.0223,0.9764,1.0000,0.0128,-0.0636,281.7448,-54.4131,0.0000,0.0588,0.0588,0.0352,0.0000,0.0000,-0.0384,-0.0153,0.0000
0.0014,1.0060,1.0000,0.0044,-0.0636,281.6848,-54.4798,0.0000,0.0746,0.0746,0.0361,0.0000,0.0000,-0.0384,-0.0153,0.0000
0.0385,0.9589,1.0000,-0.0040,-0.0636,281.6100,-54.5435,0.0000,0.0777,0.0777,0.0375,0.0000,0.0000,-0.0384,-0.0153,0.0000
0.2000,0.8899,1.0000,-0.0124,-0.0636,281.5358,-54.6007,0.0000,0.0755,0.0755,0.0389,0.0000,0.0000,-0.0384,-0.0153,0.0000
0.0800,0.9745,1.0000,-0.0040,0.2046,281.4608,-54.6607,0.0000,0.0795,0.0795,0.1169,0.0000,0.0000,0.1250,0.0500,0.0000
0.1187,0.9285,1.0000,0.0044,0.2046,281.3832,-54.7285,0.0000,0.0896,0.0896,0.1172,0.0000,0.0000,0.1250,0.0500,0.0000
0.0794,0.9521,1.0000,0.0114,0.2046,281.2957,-54.7953,0.0000,0.0967,0.0967,0.1158,0.0000,0.0000,0.1250,0.0500,0.0000
0.0011,1.0215,1.0000,0.0090,0.2046,281.2240,-54.8532,0.0000,0.1085,0.1085,0.1159,0.0000,0.0000,0.1250,0.0500,0.0000
-0.1140,1.0920,1.0000,0.0048,0.2046,281.1441,-54.9239,0.0000,0.1267,0.1267,0.1165,0.0000,0.0000,0.1250,0.0500,0.0000
0.0610,0.9135,1.0000,0.0030,0.2046,281.0704,-54.9896,0.0000,0.1299,0.1299,0.1176,0.0000,0.0000,0.1250,0.0500,0.0000
-0.0398,1.0574,1.0000,-0.0017,0.2046,280.9935,-55.0548,0.0000,0.1499,0.1499,0.1185,0.0000,0.0000,0.1250,0.0500,0.0000
0.0055,0.9793,1.0000,-0.0016,0.2046,280.9153,-55.1162,0.0000,0.1523,0.1523,0.1186,0.0000,0.0000,0.1250,0.0500,0.0000
0.0020,0.9996,1.0000,-0.0100,-0.0320,280.8294,-55.1836,0.0000,0.1269,0.1269,-0.1820,0.0000,0.0000,-0.0193,-0.0077,0.0000
0.0142,0.9853,1.0000,-0.0016,-0.0320,280.7586,-55.2494,0.0000,0.1140,0.1140,-0.1819,0.0000,0.0000,-0.0193,-0.0077,0.0000
-0.0724,1.0831,1.0000,0.0068,-0.0320,280.6798,-55.3152,0.0000,0.0845,0.0845,-0.1823,0.0000,0.0000,-0.0193,-0.0077,0.0000
0.0216,0.9584,1.0000,0.0152,-0.0320,280.6032,-55.3775,0.0000,0.0746,0.0746,-0.1830,0.0000,0.0000,-0.0193,-0.0077,0.0000
-0.0086,1.0173,1.0000,0.0235,-0.0320,280.5324,-55.4435,0.0000,0.0553,0.0553,-0.1828,0.0000,0.0000,-0.0193,-0.0077,0.0000
0.0158,0.9796,1.0000,0.0318,-0.0320,280.4463,-55.5051,0.0000,0.0309,0.0309,-0.1808,0.0000,0.0000,-0.0193,-0.0077,0.0000
0.0432,0.9588,1.0000,0.0401,-0.0320,280.3798,-55.5657,0.0000,0.0189,0.0189,-0.1806,0.0000,0.0000,-0.0193,-0.0077,0.0000
-0.0353,1.0489,1.0000,0.0485,0.1233,280.2999,-55.6326,0.0000,0.0728,0.0728,0.4720,0.0000,0.0000,0.0747,0.0299,0.0000
0.1094,0.8922,1.0000,0.0401,0.1233,280.2186,-55.7005,0.0000,0.0849,0.0849,0.4760,0.0000,0.0000,0.0747,0.0299,0.0000
-0.0065,1.0326,1.0000,0.0317,0.1233,280.1476,-55.7732,0.0000,0.1707,0.1707,0.4767,0.0000,0.0000,0.0747,0.0299,0.0000
-0.0487,1.0499,1.0000,0.0234,0.1233,280.0812,-55.8443,0.0000,0.2289,0.2289,0.4798,0.0000,0.0000,0.0747,0.0299,0.0000
-0.0219,1.0080,1.0000,0.0150,0.1233,280.0133,-55.9127,0.0000,0.2702,0.2702,0.4823,0.0000,0.0000,0.0747,0.0299,0.0000
0.0245,0.9662,1.0000,0.0066,-0.0833,279.9454,-55.9861,0.0000,0.3064,0.3064,0.1910,0.0000,0.0000,-0.0503,-0.0201,0.0000
0.0467,0.9566,1.0000,-0.0018,-0.0833,279.8722,-56.0455,0.0000,0.3199,0.3199,0.1929,0.0000,0.0000,-0.0503,-0.0201,0.0000
0.0214,0.9915,1.0000,0.0066,-0.0438,279.8114,-56.1060,0.0000,0.3446,0.3446,0.1942,0.0000,0.0000,-0.0264,-0.0106,0.0000
0.0698,0.9341,1.0000,-0.0018,-0.0438,279.7415,-56.1755,0.0000,0.3631,0.3631,0.1947,0.0000,0.0000,-0.0264,-0.0106,0.0000
0.1675,0.8515,1.0000,-0.0102,-0.0438,279.6771,-56.2342,0.0000,0.3725,0.3725,0.1948,0.0000,0.0000,-0.0264,-0.0106,0.0000
0.0675,0.9767,1.0000,-0.0186,-0.0438,279.6049,-56.3007,0.0000,0.4052,0.4052,0.1957,0.0000,0.0000,-0.0264,-0.0106,0.0000
0.1513,0.8640,1.0000,-0.0270,-0.0438,279.5358,-56.3583,0.0000,0.4081,0.4081,0.1953,0.0000,0.0000,-0.0264,-0.0106,0.0000
0.0666,0.9732,1.0000,-0.0354,-0.0438,279.4812,-56.4069,0.0000,0.4316,0.4316,0.1938,0.0000,0.0000,-0.0264,-0.0106,0.0000
0.1193,0.8918,1.0000,-0.0438,-0.0438,279.4135,-56.4699,0.0000,0.4433,0.4433,0.1936,0.0000,0.0000,-0.0264,-0.0106,0.0000
0.2000,0.7252,1.0000,-0.0354,-0.0118,279.3366,-56.5249,0.0000,0.4347,0.4347,0.2298,0.0000,0.0000,-0.0071,-0.0028,0.0000
0.1353,0.9165,1.0000,-0.0437,-0.0118,279.2738,-56.5794,0.0000,0.4727,0.4727,0.2265,0.0000,0.0000,-0.0071,-0.0028,0.0000
0.0966,0.9385,1.0000,-0.0448,-0.0044,279.2077,-56.6398,0.0000,0.4950,0.4950,0.2232,0.0000,0.0000,-0.0027,-0.0011,0.0000
0.1999,0.8252,1.0000,-0.0532,-0.0044,279.1440,-56.7031,0.0000,0.5065,0.5065,0.2209,0.0000,0.0000,-0.0027,-0.0011,0.0000
0.1651,0.8873,1.0000,-0.0616,-0.0044,279.0671,-56.7553,0.0000,0.5208,0.5208,0.2175,0.0000,0.0000,-0.0027,-0.0011,0.0000
0.1530,0.8902,1.0000,-0.0700,-0.0044,279.0109,-56.8186,0.0000,0.5487,0.5487,0.2152,0.0000,0.0000,-0.0027,-0.0011,0.0000
0.1155,0.9232,1.0000,-0.0784,-0.0044,278.9435,-56.8780,0.0000,0.5709,0.5709,0.2128,0.0000,0.0000,-0.0027,-0.0011,0.0000
0.1856,0.8377,1.0000,-0.0868,-0.0044,278.8836,-56.9335,0.0000,0.5803,0.5803,0.2090,0.0000,0.0000,-0.0027,-0.0011,0.0000
0.1377,0.8909,1.0000,-0.0952,-0.0044,278.8058,-56.9983,0.0000,0.6044,0.6044,0.2047,0.0000,0.0000,-0.0027,-0.0011,0.0000
0.2000,0.8090,1.0000,-0.0868,0.0472,278.7415,-57.0484,0.0000,0.6096,0.6096,0.2615,0.0000,0.0000,0.0285,0.0114,0.0000
0.0481,1.0045,1.0000,-0.0952,0.0472,278.6638,-57.0994,0.0000,0.6451,0.6451,0.2554,0.0000,0.0000,0.0285,0.0114,0.0000
0.2000,0.8100,1.0000,-0.1036,0.0472,278.5826,-57.1474,0.0000,0.6273,0.6273,0.2495,0.0000,0.0000,0.0285,0.0114,0.0000
0.1270,0.9249,1.0000,-0.1120,0.0472,278.5134,-57.2075,0.0000,0.6640,0.6640,0.2439,0.0000,0.0000,0.0285,0.0114,0.0000
0.0925,0.9408,1.0000,-0.1204,0.0472,278.4482,-57.2593,0.0000,0.6826,0.6826,0.2382,0.0000,0.0000,0.0285,0.0114,0.0000
0.1131,0.9077,1.0000,-0.1288,0.0472,278.3664,-57.2989,0.0000,0.6775,0.6775,0.2330,0.0000,0.0000,0.0285,0.0114,0.0000
0.2000,0.8266,1.0000,-0.1372,0.0472,278.2971,-57.3496,0.0000,0.6825,0.6825,0.2275,0.0000,0.0000,0.0285,0.0114,0.0000
0.1573,0.9070,1.0000,-0.1456,0.0472,278.2219,-57.4084,0.0000,0.7101,0.7101,0.2212,0.0000,0.0000,0.0285,0.0114,0.0000
0.1998,0.8524,1.0000,-0.1540,-0.0530,278.1380,-57.4643,0.0000,0.7140,0.7140,0.1657,0.0000,0.0000,-0.0320,-0.0128,0.0000
0.1082,0.9466,1.0000,-0.1624,-0.0530,278.0575,-57.5208,0.0000,0.7301,0.7301,0.1574,0.0000,0.0000,-0.0320,-0.0128,0.0000
0.0261,1.0026,1.0000,-0.1708,-0.0530,277.9821,-57.5711,0.0000,0.7399,0.7399,0.1495,0.0000,0.0000,-0.0320,-0.0128,0.0000
0.0278,0.9774,1.0000,-0.1792,-0.0530,277.9051,-57.6136,0.0000,0.7353,0.7353,0.1408,0.0000,0.0000,-0.0320,-0.0128,0.0000
0.1279,0.9016,1.0000,-0.1876,-0.0530,277.8241,-57.6621,0.0000,0.7305,0.7305,0.1309,0.0000,0.0000,-0.0320,-0.0128,0.0000
0.1904,0.8791,1.0000,-0.1960,-0.0530,277.7401,-57.7085,0.0000,0.7266,0.7266,0.1213,0.0000,0.0000,-0.0320,-0.0128,0.0000
0.1087,0.9409,1.0000,-0.2044,-0.0530,277.6546,-57.7689,0.0000,0.7382,0.7382,0.1096,0.0000,0.0000,-0.0320,-0.0128,0.0000
0.0723,0.9577,1.0000,-0.2128,-0.1250,277.5758,-57.8090,0.0000,0.7316,0.7316,0.0844,0.0000,0.0000,-0.0757,-0.0303,0.0000
-0.0172,1.0377,1.0000,-0.2212,-0.1250,277.5084,-57.8552,0.0000,0.7366,0.7366,0.0715,0.0000,0.0000,-0.0757,-0.0303,0.0000
0.1040,0.8871,1.0000,-0.2296,-0.1250,277.4255,-57.8927,0.0000,0.7189,0.7189,0.0589,0.0000,0.0000,-0.0757,-0.0303,0.0000
0.2000,0.8110,1.0000,-0.2379,-0.1250,277.3332,-57.9271,0.0000,0.6976,0.6976,0.0466,0.0000,0.0000,-0.0757,-0.0303,0.0000
0.1386,0.9133,1.0000,-0.2463,-0.1250,277.2352,-57.9585,0.0000,0.6750,0.6750,0.0342,0.0000,0.0000,-0.0757,-0.0303,0.0000
0.0468,0.9896,1.0000,-0.2547,-0.1250,277.1370,-57.9885,0.0000,0.6488,0.6488,0.0205,0.0000,0.0000,-0.0757,-0.0303,0.0000
-0.0171,1.0358,1.0000,-0.2631,-0.1250,277.0463,-58.0260,0.0000,0.6314,0.6314,0.0063,0.0000,0.0000,-0.0757,-0.0303,0.0000
-0.0629,1.0363,1.0000,-0.2715,-0.1250,276.9540,-58.0642,0.0000,0.6127,0.6127,-0.0092,0.0000,0.0000,-0.0757,-0.0303,0.0000
-0.0055,0.9836,1.0000,-0.2799,-0.1250,276.8526,-58.0974,0.0000,0.5851,0.5851,-0.0263,0.0000,0.0000,-0.0757,-0.0303,0.0000
-0.0029,1.0011,1.0000,-0.2846,-0.1252,276.7593,-58.1265,0.0000,0.5570,0.5570,-0.0440,0.0000,0.0000,-0.0758,-0.0303,0.0000
-0.0940,1.0750,1.0000,-0.2762,-0.1252,276.6635,-58.1518,0.0000,0.5219,0.5219,-0.0623,0.0000,0.0000,-0.0758,-0.0303,0.0000
-0.0109,0.9862,1.0000,-0.2846,-0.1821,276.5724,-58.1787,0.0000,0.4964,0.4964,-0.0789,0.0000,0.0000,-0.1109,-0.0443,0.0000
-0.0071,1.0037,1.0000,-0.2762,-0.1821,276.4898,-58.1841,0.0000,0.4512,0.4512,-0.0982,0.0000,0.0000,-0.1109,-0.0443,0.0000
0.0374,0.9565,1.0000,-0.2678,-0.1821,276.3898,-58.2018,0.0000,0.4141,0.4141,-0.1131,0.0000,0.0000,-0.1109,-0.0443,0.0000
0.2011,0.8581,1.0000,-0.2594,-0.1821,276.2998,-58.2337,0.0000,0.3967,0.3967,-0.1313,0.0000,0.0000,-0.1109,-0.0443,0.0000
0.1021,0.9548,1.0000,-0.2510,-0.1821,276.2101,-58.2428,0.0000,0.3473,0.3473,-0.1484,0.0000,0.0000,-0.1109,-0.0443,0.0000
0.0723,0.9548,1.0000,-0.2426,-0.1821,276.1140,-58.2563,0.0000,0.3068,0.3068,-0.1616,0.0000,0.0000,-0.1109,-0.0443,0.0000
0.0441,0.9784,1.0000,-0.2342,-0.1229,276.0344,-58.2702,0.0000,0.2729,0.2729,-0.1096,0.0000,0.0000,-0.0744,-0.0298,0.0000
0.0327,0.9784,1.0000,-0.2258,-0.1229,275.9399,-58.2874,0.0000,0.2422,0.2422,-0.1242,0.0000,0.0000,-0.0744,-0.0298,0.0000
0.2000,0.8212,1.0000,-0.2174,-0.1229,275.8516,-58.2966,0.0000,0.2169,0.2169,-0.1407,0.0000,0.0000,-0.0744,-0.0298,0.0000
0.0875,0.9650,1.0000,-0.2109,-0.1249,275.7689,-58.3027,0.0000,0.1711,0.1711,-0.1553,0.0000,0.0000,-0.0756,-0.0302,0.0000
0.1225,0.8990,1.0000,-0.2025,-0.1249,275.6669,-58.3091,0.0000,0.1338,0.1338,-0.1684,0.0000,0.0000,-0.0756,-0.0302,0.0000
0.1868,0.8399,1.0000,-0.1941,-0.1249,275.5756,-58.3257,0.0000,0.1095,0.1095,-0.1839,0.0000,0.0000,-0.0756,-0.0302,0.0000
0.0187,1.0284,1.0000,-0.1858,-0.1249,275.4900,-58.3333,0.0000,0.0567,0.0567,-0.1976,0.0000,0.0000,-0.0756,-0.0302,0.0000
0.0736,0.9287,1.0000,-0.1774,-0.1249,275.3917,-58.3378,0.0000,0.0247,0.0247,-0.2087,0.0000,0.0000,-0.0756,-0.0302,0.0000
0.1540,0.8651,1.0000,-0.1690,-0.1249,275.3115,-58.3577,0.0000,0.0096,0.0096,-0.2241,0.0000,0.0000,-0.0756,-0.0302,0.0000
0.0542,0.9864,1.0000,-0.1606,-0.0456,275.2214,-58.3683,0.0000,-0.0346,-0.0346,-0.1570,0.0000,0.0000,-0.0275,-0.0110,0.0000
0.1999,0.8210,1.0000,-0.1522,-0.0456,275.1345,-58.3789,0.0000,-0.0461,-0.0461,-0.1684,0.0000,0.0000,-0.0275,-0.0110,0.0000
0.1460,0.9058,1.0000,-0.1438,-0.0456,275.0404,-58.3803,0.0000,-0.0891,-0.0891,-0.1796,0.0000,0.0000,-0.0275,-0.0110,0.0000
0.1595,0.8733,1.0000,-0.1354,-0.0456,274.9512,-58.4033,0.0000,-0.0999,-0.0999,-0.1907,0.0000,0.0000,-0.0275,-0.0110,0.0000
0.0975,0.9439,1.0000,-0.1271,-0.0456,274.8573,-58.4028,0.0000,-0.1426,-0.1426,-0.1983,0.0000,0.0000,-0.0275,-0.0110,0.0000
0.1109,0.9102,1.0000,-0.1187,-0.0456,274.7547,-58.4063,0.0000,-0.1769,-0.1769,-0.2113,0.0000,0.0000,-0.0275,-0.0110,0.0000
0.0897,0.9373,1.0000,-0.1271,-0.0654,274.6614,-58.4279,0.0000,-0.1951,-0.1951,-0.2194,0.0000,0.0000,-0.0395,-0.0158,0.0000
-0.0028,1.0263,1.0000,-0.1187,-0.0654,274.5755,-58.4470,0.0000,-0.2217,-0.2217,-0.2303,0.0000,0.0000,-0.0395,-0.0158,0.0000
0.0525,0.9466,1.0000,-0.1103,-0.0073,274.4760,-58.4623,0.0000,-0.2352,-0.2352,-0.1679,0.0000,0.0000,-0.0044,-0.0017,0.0000
0.1440,0.8696,1.0000,-0.1019,-0.0073,274.3842,-58.4661,0.0000,-0.2542,-0.2542,-0.1770,0.0000,0.0000,-0.0044,-0.0017,0.0000
0.0411,0.9968,1.0000,-0.0935,-0.0073,274.2775,-58.4759,0.0000,-0.2888,-0.2888,-0.1842,0.0000,0.0000,-0.0044,-0.0017,0.0000
0.0927,0.9153,1.0000,-0.0851,-0.0073,274.1709,-58.4765,0.0000,-0.3126,-0.3126,-0.1901,0.0000,0.0000,-0.0044,-0.0017,0.0000
-0.0383,1.0632,1.0000,-0.0767,-0.0073,274.0764,-58.4841,0.0000,-0.3489,-0.3489,-0.1970,0.0000,0.0000,-0.0044,-0.0017,0.0000
-0.0653,1.0595,1.0000,-0.0851,-0.0571,273.9869,-58.4875,0.0000,-0.3743,-0.3743,-0.2057,0.0000,0.0000,-0.0345,-0.0138,0.0000
0.0420,0.9412,1.0000,-0.0767,-0.0571,273.8902,-58.4962,0.0000,-0.3831,-0.3831,-0.2115,0.0000,0.0000,-0.0345,-0.0138,0.0000
0.1180,0.8905,1.0000,-0.0683,-0.0571,273.8005,-58.4979,0.0000,-0.4029,-0.4029,-0.2164,0.0000,0.0000,-0.0345,-0.0138,0.0000
0.0690,0.9617,1.0000,-0.0599,-0.0571,273.7163,-58.5058,0.0000,-0.4291,-0.4291,-0.2228,0.0000,0.0000,-0.0345,-0.0138,0.0000
0.1249,0.8910,1.0000,-0.0515,-0.0552,273.6329,-58.5230,0.0000,-0.4295,-0.4295,-0.2242,0.0000,0.0000,-0.0333,-0.0133,0.0000
0.1847,0.8382,1.0000,-0.0431,-0.0552,273.5275,-58.5265,0.0000,-0.4506,-0.4506,-0.2284,0.0000,0.0000,-0.0333,-0.0133,0.0000
0.1997,0.8410,1.0000,-0.0347,-0.0552,273.4357,-58.5321,0.0000,-0.4727,-0.4727,-0.2338,0.0000,0.0000,-0.0333,-0.0133,0.0000
0.0034,1.0464,1.0000,-0.0264,-0.0552,273.3347,-58.5298,0.0000,-0.5271,-0.5271,-0.2358,0.0000,0.0000,-0.0333,-0.0133,0.0000
0.0891,0.9121,1.0000,-0.0180,-0.0552,273.2390,-58.5253,0.0000,-0.5456,-0.5456,-0.2444,0.0000,0.0000,-0.0333,-0.0133,0.0000
0.0218,1.0023,1.0000,-0.0096,-0.0552,273.1359,-58.5338,0.0000,-0.5773,-0.5773,-0.2464,0.0000,0.0000,-0.0333,-0.0133,0.0000
0.0485,0.9544,1.0000,-0.0012,-0.0552,273.0338,-58.5406,0.0000,-0.5936,-0.5936,-0.2485,0.0000,0.0000,-0.0333,-0.0133,0.0000
-0.0144,1.0250,1.0000,0.0072,-0.0552,272.9289,-58.5455,0.0000,-0.6270,-0.6270,-0.2503,0.0000,0.0000,-0.0333,-0.0133,0.0000
-0.0173,1.0143,1.0000,-0.0012,-0.1124,272.8400,-58.5376,0.0000,-0.6593,-0.6593,-0.2775,0.0000,0.0000,-0.0680,-0.0272,0.0000
-0.0433,1.0409,1.0000,0.0072,-0.1124,272.7383,-58.5305,0.0000,-0.6994,-0.6994,-0.2763,0.0000,0.0000,-0.0680,-0.0272,0.0000
0.1154,0.8845,1.0000,0.0155,-0.1124,272.6451,-58.5343,0.0000,-0.7017,-0.7017,-0.2753,0.0000,0.0000,-0.0680,-0.0272,0.0000
0.0209,1.0098,1.0000,0.0239,-0.1124,272.5568,-58.5348,0.0000,-0.7452,-0.7452,-0.2766,0.0000,0.0000,-0.0680,-0.0272,0.0000
0.0792,0.9256,1.0000,0.0323,-0.1124,272.4569,-58.5474,0.0000,-0.7509,-0.7509,-0.2755,0.0000,0.0000,-0.0680,-0.0272,0.0000
0.1447,0.8753,1.0000,0.0407,-0.1124,272.3610,-58.5563,0.0000,-0.7637,-0.7637,-0.2746,0.0000,0.0000,-0.0680,-0.0272,0.0000
0.0394,0.9988,1.0000,0.0491,-0.1124,272.2626,-58.5495,0.0000,-0.8151,-0.8151,-0.2722,0.0000,0.0000,-0.0680,-0.0272,0.0000
0.0524,0.9545,1.0000,0.0575,-0.1124,272.1702,-58.5490,0.0000,-0.8359,-0.8359,-0.2694,0.0000,0.0000,-0.0680,-0.0272,0.0000
0.0363,0.9770,1.0000,0.0659,-0.0927,272.0796,-58.5501,0.0000,-0.8627,-0.8627,-0.2340,0.0000,0.0000,-0.0560,-0.0224,0.0000
0.0913,0.9159,1.0000,0.0743,-0.0927,271.9902,-58.5741,0.0000,-0.8557,-0.8557,-0.2325,0.0000,0.0000,-0.0560,-0.0224,0.0000
0.1242,0.8978,1.0000,0.0827,-0.0927,271.8929,-58.5865,0.0000,-0.8663,-0.8663,-0.2294,0.0000,0.0000,-0.0560,-0.0224,0.0000
0.1118,0.9198,1.0000,0.0911,-0.0898,271.7960,-58.5962,0.0000,-0.8833,-0.8833,-0.2251,0.0000,0.0000,-0.0543,-0.0217,0.0000
0.0552,0.9741,1.0000,0.0995,-0.0898,271.7016,-58.6012,0.0000,-0.9076,-0.9076,-0.2207,0.0000,0.0000,-0.0543,-0.0217,0.0000
0.0465,0.9663,1.0000,0.1079,-0.0898,271.5955,-58.6046,0.0000,-0.9285,-0.9285,-0.2135,0.0000,0.0000,-0.0543,-0.0217,0.0000
0.0716,0.9379,1.0000,0.1163,-0.0898,271.5117,-58.6021,0.0000,-0.9464,-0.9464,-0.2052,0.0000,0.0000,-0.0543,-0.0217,0.0000
-0.0333,1.0520,1.0000,0.1247,-0.0898,271.4072,-58.6055,0.0000,-0.9799,-0.9799,-0.1998,0.0000,0.0000,-0.0543,-0.0217,0.0000
0.1667,0.8283,1.0000,0.1331,-0.0898,271.3126,-58.6237,0.0000,-0.9619,-0.9619,-0.1913,0.0000,0.0000,-0.0543,-0.0217,0.0000
0.0045,1.0365,1.0000,0.1415,-0.0597,271.2261,-58.6393,0.0000,-0.9765,-0.9765,-0.1256,0.0000,0.0000,-0.0360,-0.0144,0.0000
0.0373,0.9610,1.0000,0.1499,-0.0597,271.1235,-58.6509,0.0000,-0.9778,-0.9778,-0.1175,0.0000,0.0000,-0.0360,-0.0144,0.0000
0.1764,0.8743,1.0000,0.1583,-0.0597,271.0276,-58.6634,0.0000,-0.9762,-0.9762,-0.1078,0.0000,0.0000,-0.0360,-0.0144,0.0000
0.0191,1.0254,1.0000,0.1667,-0.0597,270.9261,-58.6710,0.0000,-0.9932,-0.9932,-0.0983,0.0000,0.0000,-0.0360,-0.0144,0.0000
0.0466,0.9616,1.0000,0.1751,-0.0597,270.8368,-58.6915,0.0000,-0.9840,-0.9840,-0.0889,0.0000,0.0000,-0.0360,-0.0144,0.0000
0.0081,1.0085,1.0000,0.1835,-0.0597,270.7443,-58.7036,0.0000,-0.9875,-0.9875,-0.0769,0.0000,0.0000,-0.0360,-0.0144,0.0000
0.1203,0.9145,1.0000,0.1903,-0.0613,270.6527,-58.7198,0.0000,-0.9817,-0.9817,-0.0137,0.0000,0.0000,-0.0370,-0.0148,0.0000
0.1052,0.9268,1.0000,0.1987,-0.0613,270.5548,-58.7423,0.0000,-0.9694,-0.9694,-0.0018,0.0000,0.0000,-0.0370,-0.0148,0.0000
0.1027,0.9263,1.0000,0.2071,-0.0613,270.4648,-58.7692,0.0000,-0.9515,-0.9515,0.0099,0.0000,0.0000,-0.0370,-0.0148,0.0000
0.0249,1.0022,1.0000,0.1987,-0.0613,270.3679,-58.7877,0.0000,-0.9407,-0.9407,0.0246,0.0000,0.0000,-0.0370,-0.0148,0.0000
0.0630,0.9403,1.0000,0.1903,-0.0613,270.2699,-58.8157,0.0000,-0.9229,-0.9229,0.0381,0.0000,0.0000,-0.0370,-0.0148,0.0000
0.0376,0.9820,1.0000,0.1819,-0.0613,270.1842,-58.8413,0.0000,-0.9045,-0.9045,0.0499,0.0000,0.0000,-0.0370,-0.0148,0.0000
-0.0042,1.0179,1.0000,0.1735,-0.0613,270.1017,-58.8724,0.0000,-0.8792,-0.8792,0.0629,0.0000,0.0000,-0.0370,-0.0148,0.0000
0.1312,0.8947,1.0000,0.1651,-0.0613,270.0142,-58.9039,0.0000,-0.8604,-0.8604,0.0747,0.0000,0.0000,-0.0370,-0.0148,0.0000
0.1874,0.8857,1.0000,0.1567,-0.0622,269.9294,-58.9369,0.0000,-0.8367,-0.8367,0.0809,0.0000,0.0000,-0.0375,-0.0150,0.0000
0.1180,0.9309,1.0000,0.1483,-0.0622,269.8408,-58.9718,0.0000,-0.8102,-0.8102,0.0908,0.0000,0.0000,-0.0375,-0.0150,0.0000
0.1317,0.9101,1.0000,0.1399,-0.0622,269.7614,-59.0021,0.0000,-0.7898,-0.7898,0.1001,0.0000,0.0000,-0.0375,-0.0150,0.0000
0.0831,0.9514,1.0000,0.1316,-0.0622,269.6755,-59.0277,0.0000,-0.7719,-0.7719,0.1096,0.0000,0.0000,-0.0375,-0.0150,0.0000
0.1860,0.8495,1.0000,0.1232,-0.0622,269.5938,-59.0591,0.0000,-0.7562,-0.7562,0.1178,0.0000,0.0000,-0.0375,-0.0150,0.0000
0.1568,0.8901,1.0000,0.1148,-0.0622,269.5134,-59.0877,0.0000,-0.7354,-0.7354,0.1250,0.0000,0.0000,-0.0375,-0.0150,0.0000
0.1998,0.8731,1.0000,0.1064,-0.0622,269.4299,-59.1164,0.0000,-0.7184,-0.7184,0.1321,0.0000,0.0000,-0.0375,-0.0150,0.0000
0.2000,0.8481,1.0000,0.0980,-0.0622,269.3491,-59.1516,0.0000,-0.6962,-0.6962,0.1374,0.0000,0.0000,-0.0375,-0.0150,0.0000
0.1748,0.8781,1.0000,0.0896,-0.0622,269.2558,-59.1876,0.0000,-0.6707,-0.6707,0.1442,0.0000,0.0000,-0.0375,-0.0150,0.0000
0.1721,0.8771,1.0000,0.0980,-0.0426,269.1799,-59.2248,0.0000,-0.6427,-0.6427,0.1801,0.0000,0.0000,-0.0257,-0.0103,0.0000
0.0508,0.9943,1.0000,0.0896,-0.0426,269.0920,-59.2527,0.0000,-0.6133,-0.6133,0.1858,0.0000,0.0000,-0.0257,-0.0103,0.0000
0.1706,0.8421,1.0000,0.0812,-0.0426,269.0065,-59.2790,0.0000,-0.6103,-0.6103,0.1909,0.0000,0.0000,-0.0257,-0.0103,0.0000
0.1289,0.9147,1.0000,0.0823,-0.0331,268.9182,-59.3117,0.0000,-0.5802,-0.5802,0.1960,0.0000,0.0000,-0.0200,-0.0080,0.0000
0.1875,0.8862,1.0000,0.0739,-0.0331,268.8298,-59.3419,0.0000,-0.5629,-0.5629,0.2002,0.0000,0.0000,-0.0200,-0.0080,0.0000
0.1135,0.9354,1.0000,0.0655,-0.0331,268.7468,-59.3793,0.0000,-0.5301,-0.5301,0.2039,0.0000,0.0000,-0.0200,-0.0080,0.0000
0.1040,0.9263,1.0000,0.0571,-0.0331,268.6612,-59.4164,0.0000,-0.5039,-0.5039,0.2073,0.0000,0.0000,-0.0200,-0.0080,0.0000
0.1536,0.9038,1.0000,0.0487,-0.0331,268.5851,-59.4415,0.0000,-0.4898,-0.4898,0.2105,0.0000,0.0000,-0.0200,-0.0080,0.0000
0.1132,0.9266,1.0000,0.0571,0.0264,268.5045,-59.4694,0.0000,-0.4673,-0.4673,0.2697,0.0000,0.0000,0.0159,0.0064,0.0000
0.2000,0.7944,1.0000,0.0487,0.0264,268.4218,-59.5094,0.0000,-0.4502,-0.4502,0.2727,0.0000,0.0000,0.0159,0.0064,0.0000
0.1999,0.8457,1.0000,0.0403,0.0264,268.3424,-59.5415,0.0000,-0.4162,-0.4162,0.2756,0.0000,0.0000,0.0159,0.0064,0.0000
0.1397,0.9122,1.0000,0.0319,0.0264,268.2596,-59.5786,0.0000,-0.3751,-0.3751,0.2789,0.0000,0.0000,0.0159,0.0064,0.0000
0.2000,0.8499,1.0000,0.0235,0.0264,268.1843,-59.6080,0.0000,-0.3593,-0.3593,0.2807,0.0000,0.0000,0.0159,0.0064,0.0000
0.1512,0.9009,1.0000,0.0151,0.0264,268.0933,-59.6379,0.0000,-0.3283,-0.3283,0.2833,0.0000,0.0000,0.0159,0.0064,0.0000
0.2000,0.8013,1.0000,0.0067,0.0264,268.0126,-59.6704,0.0000,-0.3151,-0.3151,0.2853,0.0000,0.0000,0.0159,0.0064,0.0000
0.1031,0.9493,1.0000,-0.0017,0.0124,267.9260,-59.7026,0.0000,-0.2681,-0.2681,0.2869,0.0000,0.0000,0.0075,0.0030,0.0000
0.1915,0.8629,1.0000,-0.0101,0.0124,267.8323,-59.7342,0.0000,-0.2556,-0.2556,0.2876,0.0000,0.0000,0.0075,0.0030,0.0000
0.1341,0.9158,1.0000,-0.0185,0.0104,267.7461,-59.7661,0.0000,-0.2229,-0.2229,0.2814,0.0000,0.0000,0.0062,0.0025,0.0000
0.1246,0.9114,1.0000,-0.0269,0.0104,267.6639,-59.8064,0.0000,-0.1903,-0.1903,0.2814,0.0000,0.0000,0.0062,0.0025,0.0000
0.1253,0.9114,1.0000,-0.0353,0.0104,267.5856,-59.8307,0.0000,-0.1730,-0.1730,0.2804,0.0000,0.0000,0.0062,0.0025,0.0000
0.1259,0.9114,1.0000,-0.0437,0.0104,267.4907,-59.8652,0.0000,-0.1469,-0.1469,0.2793,0.0000,0.0000,0.0062,0.0025,0.0000
0.2000,0.8128,1.0000,-0.0521,0.0104,267.4057,-59.8976,0.0000,-0.1361,-0.1361,0.2771,0.0000,0.0000,0.0062,0.0025,0.0000
0.0531,1.0012,1.0000,-0.0604,0.0104,267.3192,-59.9270,0.0000,-0.0897,-0.0897,0.2742,0.0000,0.0000,0.0062,0.0025,0.0000
0.1420,0.9026,1.0000,-0.0688,0.0104,267.2333,-59.9538,0.0000,-0.0848,-0.0848,0.2709,0.0000,0.0000,0.0062,0.0025,0.0000
0.1747,0.8930,1.0000,-0.0772,0.0104,267.1485,-59.9782,0.0000,-0.0698,-0.0698,0.2686,0.0000,0.0000,0.0062,0.0025,0.0000
0.1517,0.8930,1.0000,-0.0856,0.0104,267.0630,-60.0054,0.0000,-0.0512,-0.0512,0.2655,0.0000,0.0000,0.0062,0.0025,0.0000
0.1688,0.8930,1.0000,-0.0940,0.0001,266.9749,-60.0281,0.0000,-0.0379,-0.0379,0.2608,0.0000,0.0000,0.0001,0.0000,0.0000
0.1538,0.8899,1.0000,-0.1024,0.0001,266.8834,-60.0572,0.0000,-0.0188,-0.0188,0.2563,0.0000,0.0000,0.0001,0.0000,0.0000
0.1356,0.9049,1.0000,-0.1108,0.0001,266.7897,-60.0893,0.0000,0.0047,0.0047,0.2504,0.0000,0.0000,0.0001,0.0000,0.0000
0.0827,0.9527,1.0000,-0.1192,0.0001,266.7049,-60.1165,0.0000,0.0280,0.0280,0.2445,0.0000,0.0000,0.0001,0.0000,0.0000
0.0419,0.9835,1.0000,-0.1276,0.0001,266.6122,-60.1423,0.0000,0.0473,0.0473,0.2394,0.0000,0.0000,0.0001,0.0000,0.0000
0.1678,0.8830,1.0000,-0.1360,0.0001,266.5221,-60.1588,0.0000,0.0418,0.0418,0.2334,0.0000,0.0000,0.0001,0.0000,0.0000
0.0879,0.9561,1.0000,-0.1444,0.0001,266.4302,-60.1770,0.0000,0.0576,0.0576,0.2266,0.0000,0.0000,0.0001,0.0000,0.0000
0.1486,0.9123,1.0000,-0.1528,0.0001,266.3305,-60.1960,0.0000,0.0601,0.0601,0.2192,0.0000,0.0000,0.0001,0.0000,0.0000
0.1054,0.9331,1.0000,-0.1564,0.0049,266.2347,-60.2163,0.0000,0.0707,0.0707,0.1940,0.0000,0.0000,0.0030,0.0012,0.0000
0.0151,1.0120,1.0000,-0.1647,0.0049,266.1471,-60.2328,0.0000,0.0818,0.0818,0.1858,0.0000,0.0000,0.0030,0.0012,0.0000
0.0534,0.9744,1.0000,-0.1731,0.0049,266.0606,-60.2484,0.0000,0.0809,0.0809,0.1768,0.0000,0.0000,0.0030,0.0012,0.0000
0.1961,0.8892,1.0000,-0.1815,0.0049,265.9653,-60.2640,0.0000,0.0754,0.0754,0.1679,0.0000,0.0000,0.0030,0.0012,0.0000
0.1897,0.8771,1.0000,-0.1899,0.0049,265.8739,-60.2832,0.0000,0.0799,0.0799,0.1578,0.0000,0.0000,0.0030,0.0012,0.0000
0.0896,0.9627,1.0000,-0.1983,0.0049,265.7830,-60.2950,0.0000,0.0842,0.0842,0.1473,0.0000,0.0000,0.0030,0.0012,0.0000
0.1397,0.9173,1.0000,-0.2053,0.0049,265.6875,-60.3035,0.0000,0.0745,0.0745,0.1357,0.0000,0.0000,0.0030,0.0012,0.0000
0.1205,0.9173,1.0000,-0.1969,0.0049,265.5946,-60.3069,0.0000,0.0628,0.0628,0.1233,0.0000,0.0000,0.0030,0.0012,0.0000
0.0711,0.9608,1.0000,-0.2053,-0.0194,265.4969,-60.3167,0.0000,0.0580,0.0580,0.0811,0.0000,0.0000,-0.0117,-0.0047,0.0000
0.0825,0.9353,1.0000,-0.1969,-0.0194,265.4114,-60.3316,0.0000,0.0534,0.0534,0.0653,0.0000,0.0000,-0.0117,-0.0047,0.0000
0.0402,0.9846,1.0000,-0.1885,-0.0194,265.2981,-60.3547,0.0000,0.0571,0.0571,0.0527,0.0000,0.0000,-0.0117,-0.0047,0.0000
0.1819,0.8658,1.0000,-0.1801,-0.0194,265.1999,-60.3633,0.0000,0.0430,0.0430,0.0368,0.0000,0.0000,-0.0117,-0.0047,0.0000
-0.0183,1.1476,1.0000,-0.1719,-0.0194,265.1084,-60.3749,0.0000,0.0395,0.0395,0.0222,0.0000,0.0000,-0.0117,-0.0047,0.0000
0.0069,0.9873,1.0000,-0.1635,-0.0194,264.9956,-60.3722,0.0000,0.0146,0.0146,0.0101,0.0000,0.0000,-0.0117,-0.0047,0.0000
0.0832,0.9196,1.0000,0.0000,-0.0194,264.9013,-60.3796,0.0000,0.0032,0.0032,-0.0035,0.0000,0.0000,-0.0117,-0.0047,0.0000
-0.1169,1.1303,1.0000,0.0018,-0.0092,264.8121,-60.3839,0.0000,-0.0110,-0.0110,0.0115,0.0000,0.0000,-0.0055,-0.0022,0.0000
0.0276,0.9434,1.0000,-0.0000,-0.0194,264.7255,-60.4053,0.0000,-0.0057,-0.0057,-0.0283,0.0000,0.0000,-0.0117,-0.0047,0.0000
0.1639,0.8918,1.0000,0.0084,-0.0092,264.6248,-60.4113,0.0000,-0.0143,-0.0143,-0.0110,0.0000,0.0000,-0.0055,-0.0022,0.0000
0.1995,0.8776,1.0000,0.0168,-0.0092,264.5270,-60.4132,0.0000,-0.0261,-0.0261,-0.0195,0.0000,0.0000,-0.0055,-0.0022,0.0000
0.0492,1.0034,1.0000,0.0252,-0.0092,264.4322,-60.4200,0.0000,-0.0345,-0.0345,-0.0279,0.0000,0.0000,-0.0055,-0.0022,0.0000
0.0410,0.9739,1.0000,0.0315,-0.0112,264.3350,-60.4351,0.0000,-0.0327,-0.0327,-0.0357,0.0000,0.0000,-0.0067,-0.0027,0.0000
0.1168,0.9432,1.0000,0.0399,-0.0112,264.2283,-60.4390,0.0000,-0.0425,-0.0425,-0.0425,0.0000,0.0000,-0.0067,-0.0027,0.0000
0.0634,0.9724,1.0000,0.0483,-0.0112,264.1267,-60.4480,0.0000,-0.0476,-0.0476,-0.0488,0.0000,0.0000,-0.0067,-0.0027,0.0000
-0.0484,1.0597,1.0000,0.0567,-0.0112,264.0230,-60.4511,0.0000,-0.0601,-0.0601,-0.0543,0.0000,0.0000,-0.0067,-0.0027,0.0000
-0.0273,1.0111,1.0000,0.0651,-0.0009,263.9191,-60.4612,0.0000,-0.0608,-0.0608,-0.0399,0.0000,0.0000,-0.0006,-0.0002,0.0000
-0.0504,1.0299,1.0000,0.0735,-0.0009,263.8150,-60.4646,0.0000,-0.0676,-0.0676,-0.0422,0.0000,0.0000,-0.0006,-0.0002,0.0000
-0.0484,1.0342,1.0000,0.0818,-0.0009,263.7186,-60.4752,0.0000,-0.0667,-0.0667,-0.0452,0.0000,0.0000,-0.0006,-0.0002,0.0000
-0.0459,1.0320,1.0000,0.0902,-0.0009,263.6206,-60.4833,0.0000,-0.0665,-0.0665,-0.0448,0.0000,0.0000,-0.0006,-0.0002,0.0000
0.0205,0.9609,1.0000,0.0892,-0.0103,263.5270,-60.4898,0.0000,-0.0663,-0.0663,-0.0450,0.0000,0.0000,-0.0062,-0.0025,0.0000
0.0292,0.9747,1.0000,0.0976,-0.0103,263.4341,-60.5004,0.0000,-0.0632,-0.0632,-0.0437,0.0000,0.0000,-0.0062,-0.0025,0.0000
0.1476,0.9304,1.0000,0.1060,-0.0103,263.3434,-60.5071,0.0000,-0.0615,-0.0615,-0.0404,0.0000,0.0000,-0.0062,-0.0025,0.0000
0.1354,0.9276,1.0000,0.1144,-0.0103,263.2361,-60.5113,0.0000,-0.0650,-0.0650,-0.0378,0.0000,0.0000,-0.0062,-0.0025,0.0000
0.1531,0.9024,1.0000,0.1084,-0.0247,263.1354,-60.5205,0.0000,-0.0619,-0.0619,-0.0599,0.0000,0.0000,-0.0149,-0.0059,0.0000
-0.0299,1.0643,1.0000,0.1162,-0.0247,263.0314,-60.5250,0.0000,-0.0713,-0.0713,-0.0552,0.0000,0.0000,-0.0149,-0.0059,0.0000
-0.0139,1.0039,1.0000,0.1107,-0.0247,262.9293,-60.5349,0.0000,-0.0682,-0.0682,-0.0495,0.0000,0.0000,-0.0149,-0.0059,0.0000
-0.0339,1.0318,1.0000,0.1040,-0.0247,262.8331,-60.5487,0.0000,-0.0624,-0.0624,-0.0429,0.0000,0.0000,-0.0149,-0.0059,0.0000
-0.0290,1.0190,1.0000,0.1124,0.0017,262.7306,-60.5650,0.0000,-0.0537,-0.0537,-0.0360,0.0000,0.0000,0.0010,0.0004,0.0000
0.0215,0.9661,1.0000,0.1149,0.0017,262.6375,-60.5779,0.0000,-0.0467,-0.0467,-0.0289,0.0000,0.0000,0.0010,0.0004,0.0000
-0.0232,1.0332,1.0000,0.1075,0.0017,262.5510,-60.5945,0.0000,-0.0375,-0.0375,-0.0229,0.0000,0.0000,0.0010,0.0004,0.0000
0.0527,0.9339,1.0000,0.0993,0.0017,262.4493,-60.6062,0.0000,-0.0329,-0.0329,-0.0163,0.0000,0.0000,0.0010,0.0004,0.0000
0.1832,0.8768,1.0000,0.1003,0.0111,262.3531,-60.6183,0.0000,-0.0273,-0.0273,0.0098,0.0000,0.0000,0.0067,0.0027,0.0000
0.0301,1.0169,1.0000,0.0920,0.0111,262.2682,-60.6344,0.0000,-0.0159,-0.0159,0.0150,0.0000,0.0000,0.0067,0.0027,0.0000
0.0443,0.9626,1.0000,0.0836,0.0111,262.1723,-60.6479,0.0000,-0.0091,-0.0091,0.0203,0.0000,0.0000,0.0067,0.0027,0.0000
0.1802,0.8589,1.0000,0.0752,0.0111,262.0661,-60.6634,0.0000,-0.0017,-0.0017,0.0268,0.0000,0.0000,0.0067,0.0027,0.0000
0.0899,0.9618,1.0000,0.0668,0.0111,261.9861,-60.6843,0.0000,0.0152,0.0152,0.0310,0.0000,0.0000,0.0067,0.0027,0.0000
-0.0431,1.0659,1.0000,0.0584,0.0111,261.8905,-60.7025,0.0000,0.0286,0.0286,0.0358,0.0000,0.0000,0.0067,0.0027,0.0000
0.1568,0.8224,1.0000,0.0500,0.0111,261.8132,-60.7164,0.0000,0.0327,0.0327,0.0399,0.0000,0.0000,0.0067,0.0027,0.0000
0.0753,0.9659,1.0000,0.0416,0.0111,261.7197,-60.7306,0.0000,0.0430,0.0430,0.0439,0.0000,0.0000,0.0067,0.0027,0.0000
0.2000,0.7802,1.0000,0.0333,0.0111,261.6301,-60.7438,0.0000,0.0452,0.0452,0.0475,0.0000,0.0000,0.0067,0.0027,0.0000
0.1137,0.9384,1.0000,0.0249,-0.0321,261.5402,-60.7578,0.0000,0.0570,0.0570,0.0632,0.0000,0.0000,-0.0193,-0.0077,0.0000
0.2003,0.8982,1.0000,0.0165,-0.0321,261.4584,-60.7750,0.0000,0.0676,0.0676,0.0659,0.0000,0.0000,-0.0193,-0.0077,0.0000
0.1497,0.9024,1.0000,0.0081,-0.0321,261.3679,-60.7943,0.0000,0.0804,0.0804,0.0674,0.0000,0.0000,-0.0193,-0.0077,0.0000
0.2000,0.8293,1.0000,-0.0003,-0.0321,261.2675,-60.8070,0.0000,0.0839,0.0839,0.0704,0.0000,0.0000,-0.0193,-0.0077,0.0000
0.1438,0.9181,1.0000,-0.0087,-0.0321,261.1776,-60.8260,0.0000,0.0991,0.0991,0.0711,0.0000,0.0000,-0.0193,-0.0077,0.0000
0.0357,1.0035,1.0000,-0.0171,-0.0321,261.0981,-60.8377,0.0000,0.1076,0.1076,0.0716,0.0000,0.0000,-0.0193,-0.0077,0.0000
0.1713,0.9112,1.0000,-0.0255,-0.0321,261.0028,-60.8516,0.0000,0.1109,0.1109,0.0721,0.0000,0.0000,-0.0193,-0.0077,0.0000
0.2000,0.7966,1.0000,-0.0339,-0.0321,260.9058,-60.8667,0.0000,0.1142,0.1142,0.0723,0.0000,0.0000,-0.0193,-0.0077,0.0000
0.1012,0.9545,1.0000,-0.0423,-0.0321,260.8254,-60.8895,0.0000,0.1347,0.1347,0.0692,0.0000,0.0000,-0.0193,-0.0077,0.0000
0.0554,0.9732,1.0000,-0.0486,-0.0301,260.7345,-60.9047,0.0000,0.1429,0.1429,0.0738,0.0000,0.0000,-0.0181,-0.0072,0.0000
0.1998,0.8265,1.0000,-0.0570,-0.0301,260.6501,-60.9212,0.0000,0.1466,0.1466,0.0710,0.0000,0.0000,-0.0181,-0.0072,0.0000
0.1463,0.9143,1.0000,-0.0653,-0.0301,260.5651,-60.9299,0.0000,0.1506,0.1506,0.0677,0.0000,0.0000,-0.0181,-0.0072,0.0000
0.1999,0.8516,1.0000,-0.0736,-0.0301,260.4712,-60.9371,0.0000,0.1475,0.1475,0.0645,0.0000,0.0000,-0.0181,-0.0072,0.0000
0.2000,0.8476,1.0000,-0.0820,-0.0301,260.3821,-60.9517,0.0000,0.1534,0.1534,0.0597,0.0000,0.0000,-0.0181,-0.0072,0.0000
0.1241,0.9353,1.0000,-0.0904,-0.0301,260.2931,-60.9651,0.0000,0.1604,0.1604,0.0542,0.0000,0.0000,-0.0181,-0.0072,0.0000
0.1654,0.8945,1.0000,-0.0988,-0.0301,260.1999,-60.9787,0.0000,0.1636,0.1636,0.0489,0.0000,0.0000,-0.0181,-0.0072,0.0000
0.1511,0.8919,1.0000,-0.1072,-0.0301,260.1064,-60.9899,0.0000,0.1653,0.1653,0.0433,0.0000,0.0000,-0.0181,-0.0072,0.0000
0.1215,0.9339,1.0000,-0.1156,-0.0301,260.0053,-60.9919,0.0000,0.1581,0.1581,0.0374,0.0000,0.0000,-0.0181,-0.0072,0.0000
0.0984,0.9338,1.0000,-0.1072,0.0158,259.9102,-61.0016,0.0000,0.1595,0.1595,0.0494,0.0000,0.0000,0.0095,0.0038,0.0000
0.0195,1.0063,1.0000,-0.1156,0.0158,259.8207,-61.0064,0.0000,0.1575,0.1575,0.0420,0.0000,0.0000,0.0095,0.0038,0.0000
0.0712,0.9483,1.0000,-0.1240,0.0158,259.7248,-61.0113,0.0000,0.1524,0.1524,0.0346,0.0000,0.0000,0.0095,0.0038,0.0000
0.2001,0.8911,1.0000,-0.1170,0.0158,259.6289,-61.0137,0.0000,0.1453,0.1453,0.0272,0.0000,0.0000,0.0095,0.0038,0.0000
0.1024,0.9540,1.0000,-0.1087,0.0158,259.5208,-61.0158,0.0000,0.1385,0.1385,0.0192,0.0000,0.0000,0.0095,0.0038,0.0000
0.0749,0.9540,1.0000,-0.1004,0.0158,259.4149,-61.0207,0.0000,0.1330,0.1330,0.0094,0.0000,0.0000,0.0095,0.0038,0.0000
-0.0636,1.0749,1.0000,-0.0920,0.0158,259.3237,-61.0245,0.0000,0.1278,0.1278,0.0010,0.0000,0.0000,0.0095,0.0038,0.0000
-0.0690,1.0529,1.0000,-0.1004,-0.0105,259.2264,-61.0312,0.0000,0.1240,0.1240,-0.0501,0.0000,0.0000,-0.0063,-0.0025,0.0000
0.0764,0.9071,1.0000,-0.0920,-0.0105,259.1264,-61.0255,0.0000,0.1094,0.1094,-0.0562,0.0000,0.0000,-0.0063,-0.0025,0.0000
0.0553,0.9666,1.0000,-0.0836,-0.0105,259.0299,-61.0147,0.0000,0.0837,0.0837,-0.0639,0.0000,0.0000,-0.0063,-0.0025,0.0000
0.0207,0.9964,1.0000,-0.0756,-0.0111,258.9258,-61.0097,0.0000,0.0644,0.0644,-0.0701,0.0000,0.0000,-0.0067,-0.0027,0.0000
0.0328,0.9698,1.0000,-0.0672,-0.0111,258.8334,-61.0083,0.0000,0.0507,0.0507,-0.0788,0.0000,0.0000,-0.0067,-0.0027,0.0000
-0.0245,1.0354,1.0000,-0.0588,-0.0111,258.7244,-61.0085,0.0000,0.0343,0.0343,-0.0850,0.0000,0.0000,-0.0067,-0.0027,0.0000
0.0723,0.9188,1.0000,-0.0504,-0.0111,258.6180,-61.0085,0.0000,0.0261,0.0261,-0.0908,0.0000,0.0000,-0.0067,-0.0027,0.0000
-0.0645,1.0818,1.0000,-0.0420,-0.0111,258.5239,-60.9983,0.0000,-0.0034,-0.0034,-0.0958,0.0000,0.0000,-0.0067,-0.0027,0.0000
-0.1042,1.0557,1.0000,-0.0336,0.0543,258.4299,-60.9958,0.0000,-0.0147,-0.0147,-0.0415,0.0000,0.0000,0.0328,0.0131,0.0000
0.0308,0.9418,1.0000,-0.0252,0.0543,258.3411,-60.9927,0.0000,-0.0208,-0.0208,-0.0456,0.0000,0.0000,0.0328,0.0131,0.0000
0.0722,0.9329,1.0000,-0.0168,0.0543,258.2477,-60.9937,0.0000,-0.0249,-0.0249,-0.0491,0.0000,0.0000,0.0328,0.0131,0.0000
0.1723,0.8820,1.0000,-0.0084,0.0543,258.1491,-60.9944,0.0000,-0.0286,-0.0286,-0.0530,0.0000,0.0000,0.0328,0.0131,0.0000
0.1178,0.9263,1.0000,0.0000,0.0543,258.0569,-60.9977,0.0000,-0.0311,-0.0311,-0.0552,0.0000,0.0000,0.0328,0.0131,0.0000
0.0536,0.9774,1.0000,0.0084,0.0543,257.9618,-61.0044,0.0000,-0.0302,-0.0302,-0.0565,0.0000,0.0000,0.0328,0.0131,0.0000
0.1755,0.9143,1.0000,0.0168,0.0543,257.8699,-61.0130,0.0000,-0.0235,-0.0235,-0.0567,0.0000,0.0000,0.0328,0.0131,0.0000
0.1013,0.9446,1.0000,0.0252,0.0543,257.7754,-61.0096,0.0000,-0.0311,-0.0311,-0.0558,0.0000,0.0000,0.0328,0.0131,0.0000
0.1283,0.9147,1.0000,0.0336,0.0543,257.6708,-61.0056,0.0000,-0.0379,-0.0379,-0.0545,0.0000,0.0000,0.0328,0.0131,0.0000
0.0954,0.9378,1.0000,0.0252,-0.0460,257.5717,-61.0083,0.0000,-0.0410,-0.0410,-0.0990,0.0000,0.0000,-0.0278,-0.0111,0.0000
-0.0159,1.0368,1.0000,0.0336,-0.0460,257.4692,-61.0165,0.0000,-0.0452,-0.0452,-0.0966,0.0000,0.0000,-0.0278,-0.0111,0.0000
0.0079,0.9833,1.0000,0.0419,-0.0460,257.3684,-61.0177,0.0000,-0.0491,-0.0491,-0.0945,0.0000,0.0000,-0.0278,-0.0111,0.0000
-0.0142,1.0209,1.0000,0.0503,-0.0460,257.2680,-61.0211,0.0000,-0.0551,-0.0551,-0.0926,0.0000,0.0000,-0.0278,-0.0111,0.0000
-0.0066,0.9996,1.0000,0.0586,-0.0460,257.1697,-61.0241,0.0000,-0.0576,-0.0576,-0.0887,0.0000,0.0000,-0.0278,-0.0111,0.0000
-0.0000,0.9966,1.0000,0.0670,-0.0460,257.0691,-61.0264,0.0000,-0.0621,-0.0621,-0.0853,0.0000,0.0000,-0.0278,-0.0111,0.0000
0.0006,0.9993,1.0000,0.0754,-0.0460,256.9717,-61.0323,0.0000,-0.0631,-0.0631,-0.0821,0.0000,0.0000,-0.0278,-0.0111,0.0000
0.0009,0.9993,1.0000,0.0838,-0.0460,256.8803,-61.0396,0.0000,-0.0616,-0.0616,-0.0781,0.0000,0.0000,-0.0278,-0.0111,0.0000
0.0010,0.9993,1.0000,0.0922,0.0230,256.7828,-61.0438,0.0000,-0.0639,-0.0639,-0.0734,0.0000,0.0000,0.0138,0.0055,0.0000
0.1223,0.9111,1.0000,0.1006,0.0230,256.6924,-61.0500,0.0000,-0.0600,-0.0600,-0.0687,0.0000,0.0000,0.0138,0.0055,0.0000
0.0712,0.9683,1.0000,0.1090,0.0230,256.5969,-61.0600,0.0000,-0.0577,-0.0577,-0.0638,0.0000,0.0000,0.0138,0.0055,0.0000
0.1998,0.9001,1.0000,0.1174,0.0230,256.5018,-61.0715,0.0000,-0.0493,-0.0493,-0.0575,0.0000,0.0000,0.0138,0.0055,0.0000
0.1037,0.9541,1.0000,0.1258,0.0230,256.3986,-61.0769,0.0000,-0.0514,-0.0514,-0.0516,0.0000,0.0000,0.0138,0.0055,0.0000
0.0756,0.9536,1.0000,0.1342,0.0230,256.2951,-61.0914,0.0000,-0.0424,-0.0424,-0.0446,0.0000,0.0000,0.0138,0.0055,0.0000
-0.0031,1.0252,1.0000,0.1362,0.0230,256.2038,-61.1149,0.0000,-0.0233,-0.0233,-0.0349,0.0000,0.0000,0.0138,0.0055,0.0000
-0.0385,1.0409,1.0000,0.1279,0.0230,256.1122,-61.1362,0.0000,-0.0059,-0.0059,-0.0267,0.0000,0.0000,0.0138,0.0055,0.0000
0.0378,0.9447,1.0000,0.1195,0.0046,256.0235,-61.1548,0.0000,0.0103,0.0103,-0.0473,0.0000,0.0000,0.0027,0.0011,0.0000
0.0899,0.9405,1.0000,0.1111,0.0046,255.9247,-61.1659,0.0000,0.0144,0.0144,-0.0382,0.0000,0.0000,0.0027,0.0011,0.0000
0.2003,0.9064,1.0000,0.1027,0.0046,255.8272,-61.1745,0.0000,0.0158,0.0158,-0.0308,0.0000,0.0000,0.0027,0.0011,0.0000
0.0638,0.9887,1.0000,0.0943,0.0017,255.7430,-61.1930,0.0000,0.0268,0.0268,-0.0236,0.0000,0.0000,0.0010,0.0004,0.0000
0.0473,0.9713,1.0000,0.0859,0.0017,255.6396,-61.1948,0.0000,0.0208,0.0208,-0.0155,0.0000,0.0000,0.0010,0.0004,0.0000
0.2007,0.8600,1.0000,0.0775,0.0017,255.5386,-61.2061,0.0000,0.0234,0.0234,-0.0104,0.0000,0.0000,0.0010,0.0004,0.0000
0.0306,1.0233,1.0000,0.0691,0.0017,255.4602,-61.2322,0.0000,0.0416,0.0416,-0.0065,0.0000,0.0000,0.0010,0.0004,0.0000
0.0031,1.0080,1.0000,0.0607,0.0017,255.3711,-61.2509,0.0000,0.0526,0.0526,-0.0013,0.0000,0.0000,0.0010,0.0004,0.0000
0.2000,0.8228,1.0000,0.0523,0.0017,255.2853,-61.2591,0.0000,0.0532,0.0532,0.0041,0.0000,0.0000,0.0010,0.0004,0.0000
0.1460,0.9060,1.0000,0.0607,0.0655,255.2079,-61.2661,0.0000,0.0580,0.0580,0.0867,0.0000,0.0000,0.0395,0.0158,0.0000
0.2000,0.8548,1.0000,0.0523,0.0655,255.1176,-61.2666,0.0000,0.0548,0.0548,0.0911,0.0000,0.0000,0.0395,0.0158,0.0000
0.2000,0.7701,1.0000,0.0441,0.0655,255.0162,-61.2709,0.0000,0.0523,0.0523,0.0932,0.0000,0.0000,0.0395,0.0158,0.0000
0.1750,0.8925,1.0000,0.0357,0.0281,254.9247,-61.2776,0.0000,0.0629,0.0629,0.0969,0.0000,0.0000,0.0169,0.0068,0.0000
0.0403,1.0056,1.0000,0.0273,0.0281,254.8499,-61.3014,0.0000,0.0916,0.0916,0.1013,0.0000,0.0000,0.0169,0.0068,0.0000
0.1895,0.9085,1.0000,0.0189,0.0281,254.7751,-61.3052,0.0000,0.0893,0.0893,0.1049,0.0000,0.0000,0.0169,0.0068,0.0000
0.2000,0.7406,1.0000,0.0107,0.0281,254.6786,-61.3101,0.0000,0.0826,0.0826,0.1067,0.0000,0.0000,0.0169,0.0068,0.0000
0.2000,0.7406,1.0000,0.0023,0.0281,254.5807,-61.3333,0.0000,0.1034,0.1034,0.1103,0.0000,0.0000,0.0169,0.0068,0.0000
0.1005,0.9569,1.0000,-0.0061,-0.0404,254.4712,-61.3537,0.0000,0.1260,0.1260,0.0247,0.0000,0.0000,-0.0243,-0.0097,0.0000
0.0273,0.9991,1.0000,-0.0145,-0.0404,254.3834,-61.3829,0.0000,0.1447,0.1447,0.0247,0.0000,0.0000,-0.0243,-0.0097,0.0000
-0.0934,1.1041,1.0000,-0.0061,-0.0155,254.2947,-61.3986,0.0000,0.1516,0.1516,0.0262,0.0000,0.0000,-0.0093,-0.0037,0.0000
0.0654,0.9174,1.0000,-0.0145,-0.0155,254.2060,-61.4118,0.0000,0.1505,0.1505,0.0244,0.0000,0.0000,-0.0093,-0.0037,0.0000
0.2001,0.8940,1.0000,-0.0229,-0.0155,254.1072,-61.4172,0.0000,0.1431,0.1431,0.0234,0.0000,0.0000,-0.0093,-0.0037,0.0000
0.1744,0.8885,1.0000,-0.0313,-0.0155,254.0112,-61.4316,0.0000,0.1456,0.1456,0.0236,0.0000,0.0000,-0.0093,-0.0037,0.0000
0.0642,0.9820,1.0000,-0.0397,-0.0155,253.9156,-61.4427,0.0000,0.1448,0.1448,0.0209,0.0000,0.0000,-0.0093,-0.0037,0.0000
0.0561,0.9617,1.0000,-0.0481,-0.0155,253.8288,-61.4619,0.0000,0.1513,0.1513,0.0174,0.0000,0.0000,-0.0093,-0.0037,0.0000
0.0625,0.9550,1.0000,-0.0565,-0.0235,253.7299,-61.4734,0.0000,0.1498,0.1498,0.0194,0.0000,0.0000,-0.0142,-0.0057,0.0000
0.2000,0.8806,1.0000,-0.0648,-0.0235,253.6193,-61.4816,0.0000,0.1428,0.1428,0.0164,0.0000,0.0000,-0.0142,-0.0057,0.0000
0.0658,0.9868,1.0000,-0.0732,-0.0235,253.5247,-61.5059,0.0000,0.1538,0.1538,0.0107,0.0000,0.0000,-0.0142,-0.0057,0.0000
-0.0940,1.1009,1.0000,-0.0816,-0.0235,253.4332,-61.5191,0.0000,0.1544,0.1544,0.0067,0.0000,0.0000,-0.0142,-0.0057,0.0000
0.0135,0.9649,1.0000,-0.0899,-0.0235,253.3336,-61.5221,0.0000,0.1425,0.1425,0.0013,0.0000,0.0000,-0.0142,-0.0057,0.0000
0.1608,0.9170,1.0000,-0.0983,-0.0235,253.2366,-61.5146,0.0000,0.1215,0.1215,-0.0030,0.0000,0.0000,-0.0142,-0.0057,0.0000
0.0539,0.9909,1.0000,-0.1067,-0.0315,253.1422,-61.5241,0.0000,0.1167,0.1167,-0.0090,0.0000,0.0000,-0.0190,-0.0076,0.0000
0.0470,0.9684,1.0000,-0.1151,-0.0315,253.0452,-61.5449,0.0000,0.1226,0.1226,-0.0158,0.0000,0.0000,-0.0190,-0.0076,0.0000
0.0945,0.9414,1.0000,-0.1169,-0.0315,252.9556,-61.5605,0.0000,0.1242,0.1242,-0.0232,0.0000,0.0000,-0.0190,-0.0076,0.0000
0.0464,0.9811,1.0000,-0.1085,0.0059,252.8651,-61.5735,0.0000,0.1271,0.1271,0.0184,0.0000,0.0000,0.0036,0.0014,0.0000
0.2000,0.8994,1.0000,-0.1069,0.0059,252.7685,-61.5743,0.0000,0.1171,0.1171,0.0108,0.0000,0.0000,0.0036,0.0014,0.0000
0.1677,0.9049,1.0000,-0.0993,0.0059,252.6650,-61.5800,0.0000,0.1121,0.1121,0.0032,0.0000,0.0000,0.0036,0.0014,0.0000
0.0853,0.9618,1.0000,-0.0926,0.0059,252.5889,-61.5888,0.0000,0.1120,0.1120,-0.0045,0.0000,0.0000,0.0036,0.0014,0.0000
-0.0067,1.0291,1.0000,-0.0858,0.0059,252.4908,-61.5934,0.0000,0.1062,0.1062,-0.0112,0.0000,0.0000,0.0036,0.0014,0.0000
0.1933,0.7583,1.0000,-0.0774,0.0059,252.3853,-61.5861,0.0000,0.0909,0.0909,-0.0169,0.0000,0.0000,0.0036,0.0014,0.0000
0.0794,0.9751,1.0000,-0.0690,0.0510,252.3049,-61.5959,0.0000,0.0891,0.0891,-0.0255,0.0000,0.0000,0.0308,0.0123,0.0000
-0.0335,1.0526,1.0000,-0.0606,0.0510,252.2056,-61.5908,0.0000,0.0729,0.0729,-0.0314,0.0000,0.0000,0.0308,0.0123,0.0000
0.1665,0.8011,1.0000,-0.0522,0.0510,252.1013,-61.5897,0.0000,0.0665,0.0665,-0.0363,0.0000,0.0000,0.0308,0.0123,0.0000
0.0553,0.9890,1.0000,-0.0606,0.0262,251.9969,-61.5906,0.0000,0.0480,0.0480,-0.0846,0.0000,0.0000,0.0158,0.0063,0.0000
-0.0218,1.0355,1.0000,-0.0522,0.0262,251.9050,-61.5945,0.0000,0.0365,0.0365,-0.0907,0.0000,0.0000,0.0158,0.0063,0.0000
-0.0403,1.0355,1.0000,-0.0438,0.0262,251.8017,-61.5993,0.0000,0.0280,0.0280,-0.0939,0.0000,0.0000,0.0158,0.0063,0.0000
0.0792,0.9118,1.0000,-0.0354,0.0262,251.7053,-61.5942,0.0000,0.0148,0.0148,-0.1008,0.0000,0.0000,0.0158,0.0063,0.0000
-0.0042,1.0248,1.0000,-0.0270,0.0262,251.6028,-61.5968,0.0000,-0.0016,-0.0016,-0.1044,0.0000,0.0000,0.0158,0.0063,0.0000
0.0371,0.9603,1.0000,-0.0186,0.0262,251.5034,-61.6005,0.0000,-0.0074,-0.0074,-0.1081,0.0000,0.0000,0.0158,0.0063,0.0000
-0.0071,1.0169,1.0000,-0.0102,0.0262,251.4040,-61.5995,0.0000,-0.0246,-0.0246,-0.1121,0.0000,0.0000,0.0158,0.0063,0.0000
0.0116,0.9852,1.0000,-0.0153,0.0126,251.3093,-61.6025,0.0000,-0.0313,-0.0313,-0.0928,0.0000,0.0000,0.0076,0.0030,0.0000
0.0155,0.9865,1.0000,-0.0069,0.0126,251.2087,-61.5956,0.0000,-0.0482,-0.0482,-0.0945,0.0000,0.0000,0.0076,0.0030,0.0000
0.0611,0.9392,1.0000,0.0015,0.0126,251.1078,-61.6020,0.0000,-0.0494,-0.0494,-0.0958,0.0000,0.0000,0.0076,0.0030,0.0000
0.0197,1.0003,1.0000,0.0099,0.0126,251.0108,-61.6041,0.0000,-0.0596,-0.0596,-0.0971,0.0000,0.0000,0.0076,0.0030,0.0000
0.0054,1.0013,1.0000,0.0182,0.0126,250.9055,-61.6036,0.0000,-0.0703,-0.0703,-0.0981,0.0000,0.0000,0.0076,0.0030,0.0000
0.0368,0.9618,1.0000,0.0266,0.0126,250.8000,-61.6065,0.0000,-0.0746,-0.0746,-0.0972,0.0000,0.0000,0.0076,0.0030,0.0000
-0.0282,1.0445,1.0000,0.0348,0.0126,250.6970,-61.6029,0.0000,-0.0909,-0.0909,-0.0960,0.0000,0.0000,0.0076,0.0030,0.0000
-0.0541,1.0459,1.0000,0.0431,0.0126,250.5931,-61.5974,0.0000,-0.1048,-0.1048,-0.0939,0.0000,0.0000,0.0076,0.0030,0.0000
-0.0396,1.0219,1.0000,0.0515,0.0310,250.4962,-61.5956,0.0000,-0.1127,-0.1127,-0.0775,0.0000,0.0000,0.0187,0.0075,0.0000
-0.0430,1.0316,1.0000,0.0599,0.0310,250.4002,-61.5944,0.0000,-0.1203,-0.1203,-0.0749,0.0000,0.0000,0.0187,0.0075,0.0000
0.0220,0.9602,1.0000,0.0683,0.0310,250.3010,-61.5966,0.0000,-0.1210,-0.1210,-0.0707,0.0000,0.0000,0.0187,0.0075,0.0000
0.0787,0.9523,1.0000,0.0767,0.0310,250.2059,-61.6040,0.0000,-0.1191,-0.1191,-0.0674,0.0000,0.0000,0.0187,0.0075,0.0000
0.0408,0.9838,1.0000,0.0850,0.0310,250.1101,-61.6054,0.0000,-0.1245,-0.1245,-0.0639,0.0000,0.0000,0.0187,0.0075,0.0000
0.0950,0.9475,1.0000,0.0934,0.0310,250.0167,-61.6089,0.0000,-0.1249,-0.1249,-0.0595,0.0000,0.0000,0.0187,0.0075,0.0000
0.0775,0.9498,1.0000,0.0902,0.0193,249.9186,-61.6108,0.0000,-0.1284,-0.1284,-0.0547,0.0000,0.0000,0.0117,0.0047,0.0000
0.1298,0.9269,1.0000,0.0986,0.0193,249.8195,-61.6196,0.0000,-0.1240,-0.1240,-0.0489,0.0000,0.0000,0.0117,0.0047,0.0000
0.0605,0.9736,1.0000,0.1070,0.0193,249.7224,-61.6348,0.0000,-0.1144,-0.1144,-0.0427,0.0000,0.0000,0.0117,0.0047,0.0000
0.0316,0.9882,1.0000,0.0986,-0.0258,249.6245,-61.6402,0.0000,-0.1175,-0.1175,-0.0957,0.0000,0.0000,-0.0155,-0.0062,0.0000
0.0307,0.9790,1.0000,0.1067,-0.0258,249.5322,-61.6496,0.0000,-0.1169,-0.1169,-0.0889,0.0000,0.0000,-0.0155,-0.0062,0.0000
0.0396,0.9731,1.0000,0.1151,-0.0258,249.4403,-61.6570,0.0000,-0.1182,-0.1182,-0.0814,0.0000,0.0000,-0.0155,-0.0062,0.0000
0.1651,0.9219,1.0000,0.1235,-0.0224,249.3558,-61.6727,0.0000,-0.1092,-0.1092,-0.0756,0.0000,0.0000,-0.0135,-0.0054,0.0000
0.1261,0.9163,1.0000,0.1319,-0.0224,249.2634,-61.6822,0.0000,-0.1100,-0.1100,-0.0708,0.0000,0.0000,-0.0135,-0.0054,0.0000
0.2001,0.8559,1.0000,0.1357,-0.0224,249.1647,-61.6785,0.0000,-0.1215,-0.1215,-0.0629,0.0000,0.0000,-0.0135,-0.0054,0.0000
0.1401,0.9226,1.0000,0.1273,-0.0245,249.0799,-61.6940,0.0000,-0.1161,-0.1161,-0.0550,0.0000,0.0000,-0.0147,-0.0059,0.0000
0.0608,0.9761,1.0000,0.1190,-0.0245,248.9962,-61.7094,0.0000,-0.1096,-0.1096,-0.0467,0.0000,0.0000,-0.0147,-0.0059,0.0000
0.2006,0.8584,1.0000,0.1106,-0.0245,248.9080,-61.7252,0.0000,-0.0995,-0.0995,-0.0382,0.0000,0.0000,-0.0147,-0.0059,0.0000
0.1999,0.8491,1.0000,0.1022,-0.0245,248.8272,-61.7457,0.0000,-0.0875,-0.0875,-0.0324,0.0000,0.0000,-0.0147,-0.0059,0.0000
0.1597,0.8926,1.0000,0.1106,-0.0009,248.7333,-61.7579,0.0000,-0.0812,-0.0812,0.0169,0.0000,0.0000,-0.0006,-0.0002,0.0000
0.1964,0.8314,1.0000,0.1022,-0.0009,248.6500,-61.7714,0.0000,-0.0737,-0.0737,0.0223,0.0000,0.0000,-0.0006,-0.0002,0.0000
0.1106,0.9405,1.0000,0.0938,-0.0009,248.5743,-61.7897,0.0000,-0.0593,-0.0593,0.0270,0.0000,0.0000,-0.0006,-0.0002,0.0000
0.2002,0.8389,1.0000,0.0854,-0.0009,248.4868,-61.8048,0.0000,-0.0502,-0.0502,0.0356,0.0000,0.0000,-0.0006,-0.0002,0.0000
0.2000,0.7743,1.0000,0.0770,-0.0009,248.3959,-61.8148,0.0000,-0.0478,-0.0478,0.0410,0.0000,0.0000,-0.0006,-0.0002,0.0000
0.1685,0.8841,1.0000,0.0686,-0.0009,248.3090,-61.8238,0.0000,-0.0417,-0.0417,0.0478,0.0000,0.0000,-0.0006,-0.0002,0.0000
0.1374,0.9058,1.0000,0.0602,-0.0009,248.2173,-61.8374,0.0000,-0.0340,-0.0340,0.0527,0.0000,0.0000,-0.0006,-0.0002,0.0000
0.2000,0.8661,1.0000,0.0518,-0.0009,248.1270,-61.8703,0.0000,-0.0094,-0.0094,0.0559,0.0000,0.0000,-0.0006,-0.0002,0.0000
0.1323,0.9195,1.0000,0.0434,-0.0016,248.0307,-61.8983,0.0000,0.0124,0.0124,0.0391,0.0000,0.0000,-0.0009,-0.0004,0.0000
0.0786,0.9560,1.0000,0.0350,-0.0016,247.9340,-61.9256,0.0000,0.0308,0.0308,0.0428,0.0000,0.0000,-0.0009,-0.0004,0.0000
0.0285,0.9963,1.0000,0.0266,-0.0016,247.8408,-61.9371,0.0000,0.0341,0.0341,0.0460,0.0000,0.0000,-0.0009,-0.0004,0.0000
0.0109,0.9988,1.0000,0.0182,-0.0016,247.7586,-61.9580,0.0000,0.0464,0.0464,0.0478,0.0000,0.0000,-0.0009,-0.0004,0.0000
0.1020,0.9307,1.0000,0.0098,-0.0016,247.6703,-61.9691,0.0000,0.0475,0.0475,0.0515,0.0000,0.0000,-0.0009,-0.0004,0.0000
0.2000,0.8416,1.0000,0.0014,-0.0016,247.5855,-61.9876,0.0000,0.0544,0.0544,0.0528,0.0000,0.0000,-0.0009,-0.0004,0.0000
0.1709,0.8817,1.0000,-0.0070,-0.0016,247.4958,-62.0013,0.0000,0.0587,0.0587,0.0524,0.0000,0.0000,-0.0009,-0.0004,0.0000
0.2000,0.8604,1.0000,-0.0154,-0.0016,247.4016,-62.0118,0.0000,0.0589,0.0589,0.0549,0.0000,0.0000,-0.0009,-0.0004,0.0000
0.1523,0.8997,1.0000,-0.0238,-0.0016,247.3116,-62.0406,0.0000,0.0774,0.0774,0.0528,0.0000,0.0000,-0.0009,-0.0004,0.0000
0.0996,0.9398,1.0000,-0.0240,0.0066,247.2182,-62.0560,0.0000,0.0835,0.0835,0.0750,0.0000,0.0000,0.0040,0.0016,0.0000
0.0924,0.9355,1.0000,-0.0324,0.0066,247.1195,-62.0680,0.0000,0.0852,0.0852,0.0728,0.0000,0.0000,0.0040,0.0016,0.0000
0.0885,0.9377,1.0000,-0.0407,0.0066,247.0163,-62.0744,0.0000,0.0810,0.0810,0.0703,0.0000,0.0000,0.0040,0.0016,0.0000
0.0398,0.9867,1.0000,-0.0491,0.0066,246.9342,-62.0855,0.0000,0.0857,0.0857,0.0689,0.0000,0.0000,0.0040,0.0016,0.0000
-0.0102,1.0260,1.0000,-0.0575,0.0048,246.8398,-62.1045,0.0000,0.0958,0.0958,0.0661,0.0000,0.0000,0.0029,0.0012,0.0000
0.1897,0.8218,1.0000,-0.0659,0.0048,246.7337,-62.1249,0.0000,0.0985,0.0985,0.0633,0.0000,0.0000,0.0029,0.0012,0.0000
0.0983,0.9545,1.0000,-0.0742,0.0048,246.6439,-62.1436,0.0000,0.1107,0.1107,0.0583,0.0000,0.0000,0.0029,0.0012,0.0000
-0.0550,1.0708,1.0000,-0.0826,0.0048,246.5531,-62.1551,0.0000,0.1150,0.1150,0.0540,0.0000,0.0000,0.0029,0.0012,0.0000
0.0898,0.9078,1.0000,-0.0910,0.0048,246.4660,-62.1634,0.0000,0.1089,0.1089,0.0497,0.0000,0.0000,0.0029,0.0012,0.0000
0.1551,0.9081,1.0000,-0.0994,0.0047,246.3799,-62.1752,0.0000,0.1099,0.1099,0.0340,0.0000,0.0000,0.0028,0.0011,0.0000
0.1996,0.8690,1.0000,-0.1078,0.0047,246.2845,-62.1845,0.0000,0.1064,0.1064,0.0286,0.0000,0.0000,0.0028,0.0011,0.0000
0.2002,0.8624,1.0000,-0.1145,0.0047,246.1867,-62.1918,0.0000,0.1009,0.1009,0.0223,0.0000,0.0000,0.0028,0.0011,0.0000
0.1043,0.9517,1.0000,-0.1073,0.0047,246.1025,-62.1952,0.0000,0.0936,0.0936,0.0159,0.0000,0.0000,0.0028,0.0011,0.0000
0.0549,0.9744,1.0000,-0.0990,0.0047,246.0088,-62.1981,0.0000,0.0835,0.0835,0.0086,0.0000,0.0000,0.0028,0.0011,0.0000
0.2001,0.8381,1.0000,-0.0909,0.0047,245.9104,-62.1978,0.0000,0.0701,0.0701,0.0024,0.0000,0.0000,0.0028,0.0011,0.0000
0.1251,0.9337,1.0000,-0.0825,0.0047,245.8143,-62.2103,0.0000,0.0691,0.0691,-0.0053,0.0000,0.0000,0.0028,0.0011,0.0000
0.0543,0.9786,1.0000,-0.0741,0.0047,245.7256,-62.2150,0.0000,0.0612,0.0612,-0.0122,0.0000,0.0000,0.0028,0.0011,0.0000
0.0526,0.9612,1.0000,-0.0657,0.0067,245.6213,-62.2151,0.0000,0.0491,0.0491,-0.0089,0.0000,0.0000,0.0041,0.0016,0.0000
0.1939,0.8821,1.0000,-0.0573,0.0067,245.5206,-62.2242,0.0000,0.0457,0.0457,-0.0166,0.0000,0.0000,0.0041,0.0016,0.0000
0.0121,1.0368,1.0000,-0.0489,0.0067,245.4212,-62.2238,0.0000,0.0326,0.0326,-0.0204,0.0000,0.0000,0.0041,0.0016,0.0000
0.0020,1.0027,1.0000,-0.0407,0.0067,245.3226,-62.2215,0.0000,0.0189,0.0189,-0.0254,0.0000,0.0000,0.0041,0.0016,0.0000
0.0131,0.9866,1.0000,-0.0323,0.0067,245.2198,-62.2249,0.0000,0.0104,0.0104,-0.0301,0.0000,0.0000,0.0041,0.0016,0.0000
0.0215,0.9805,1.0000,-0.0239,0.0067,245.1219,-62.2333,0.0000,0.0077,0.0077,-0.0341,0.0000,0.0000,0.0041,0.0016,0.0000
-0.0124,1.0213,1.0000,-0.0155,0.0067,245.0262,-62.2381,0.0000,0.0009,0.0009,-0.0378,0.0000,0.0000,0.0041,0.0016,0.0000
0.0196,0.9741,1.0000,-0.0071,0.0067,244.9299,-62.2453,0.0000,-0.0016,-0.0016,-0.0408,0.0000,0.0000,0.0041,0.0016,0.0000
0.0767,0.9498,1.0000,-0.0110,-0.0056,244.8274,-62.2469,0.0000,-0.0096,-0.0096,-0.0389,0.0000,0.0000,-0.0034,-0.0014,0.0000
0.0637,0.9574,1.0000,-0.0026,-0.0056,244.7266,-62.2553,0.0000,-0.0116,-0.0116,-0.0409,0.0000,0.0000,-0.0034,-0.0014,0.0000
0.0056,1.0165,1.0000,0.0057,-0.0056,244.6292,-62.2616,0.0000,-0.0157,-0.0157,-0.0414,0.0000,0.0000,-0.0034,-0.0014,0.0000
0.0003,1.0027,1.0000,0.0141,-0.0056,244.5338,-62.2686,0.0000,-0.0176,-0.0176,-0.0425,0.0000,0.0000,-0.0034,-0.0014,0.0000
0.0395,0.9675,1.0000,0.0225,-0.0056,244.4380,-62.2743,0.0000,-0.0199,-0.0199,-0.0422,0.0000,0.0000,-0.0034,-0.0014,0.0000
0.0959,0.9481,1.0000,0.0309,-0.0056,244.3411,-62.2824,0.0000,-0.0197,-0.0197,-0.0412,0.0000,0.0000,-0.0034,-0.0014,0.0000
0.0762,0.9513,1.0000,0.0393,-0.0056,244.2384,-62.2903,0.0000,-0.0207,-0.0207,-0.0400,0.0000,0.0000,-0.0034,-0.0014,0.0000
0.0574,0.9644,1.0000,0.0477,-0.0056,244.1429,-62.2979,0.0000,-0.0210,-0.0210,-0.0379,0.0000,0.0000,-0.0034,-0.0014,0.0000
-0.0005,1.0213,1.0000,0.0548,-0.0069,244.0442,-62.3045,0.0000,-0.0251,-0.0251,-0.0545,0.0000,0.0000,-0.0041,-0.0017,0.0000
0.0597,0.9503,1.0000,0.0632,-0.0069,243.9457,-62.3220,0.0000,-0.0151,-0.0151,-0.0513,0.0000,0.0000,-0.0041,-0.0017,0.0000
0.0378,0.9808,1.0000,0.0716,-0.0069,243.8426,-62.3325,0.0000,-0.0149,-0.0149,-0.0475,0.0000,0.0000,-0.0041,-0.0017,0.0000
0.0202,0.9935,1.0000,0.0800,-0.0069,243.7485,-62.3451,0.0000,-0.0109,-0.0109,-0.0432,0.0000,0.0000,-0.0041,-0.0017,0.0000
-0.0182,1.0287,1.0000,0.0884,-0.0069,243.6505,-62.3547,0.0000,-0.0105,-0.0105,-0.0385,0.0000,0.0000,-0.0041,-0.0017,0.0000
0.0465,0.9429,1.0000,0.0952,-0.0069,243.5605,-62.3699,0.0000,-0.0016,-0.0016,-0.0344,0.0000,0.0000,-0.0041,-0.0017,0.0000
0.1836,0.9074,1.0000,0.0868,-0.0069,243.4616,-62.3862,0.0000,0.0066,0.0066,-0.0295,0.0000,0.0000,-0.0041,-0.0017,0.0000
0.1390,0.9074,1.0000,0.0784,-0.0069,243.3670,-62.3982,0.0000,0.0104,0.0104,-0.0243,0.0000,0.0000,-0.0041,-0.0017,0.0000
0.0413,0.9952,1.0000,0.0700,-0.0166,243.2687,-62.4075,0.0000,0.0113,0.0113,-0.0073,0.0000,0.0000,-0.0100,-0.0040,0.0000
0.0626,0.9470,1.0000,0.0616,-0.0166,243.1673,-62.4197,0.0000,0.0162,0.0162,-0.0016,0.0000,0.0000,-0.0100,-0.0040,0.0000
0.0399,0.9801,1.0000,0.0532,-0.0166,243.0702,-62.4332,0.0000,0.0225,0.0225,0.0033,0.0000,0.0000,-0.0100,-0.0040,0.0000
0.0009,1.0137,1.0000,0.0448,-0.0166,242.9807,-62.4508,0.0000,0.0332,0.0332,0.0073,0.0000,0.0000,-0.0100,-0.0040,0.0000
0.0258,0.9724,1.0000,0.0364,-0.0166,242.8797,-62.4609,0.0000,0.0356,0.0356,0.0124,0.0000,0.0000,-0.0100,-0.0040,0.0000
0.1872,0.9064,1.0000,0.0280,-0.0166,242.7883,-62.4874,0.0000,0.0534,0.0534,0.0142,0.0000,0.0000,-0.0100,-0.0040,0.0000
0.0416,1.0069,1.0000,0.0197,-0.0166,242.6819,-62.4911,0.0000,0.0497,0.0497,0.0191,0.0000,0.0000,-0.0100,-0.0040,0.0000
0.1000,0.9446,1.0000,0.0113,-0.0166,242.5901,-62.5082,0.0000,0.0575,0.0575,0.0199,0.0000,0.0000,-0.0100,-0.0040,0.0000
-0.0284,1.0542,1.0000,0.0047,-0.0147,242.4969,-62.5199,0.0000,0.0638,0.0638,0.0313,0.0000,0.0000,-0.0089,-0.0035,0.0000
0.0725,0.9262,1.0000,-0.0037,-0.0147,242.4080,-62.5316,0.0000,0.0649,0.0649,0.0306,0.0000,0.0000,-0.0089,-0.0035,0.0000
0.1263,0.9315,1.0000,-0.0121,-0.0147,242.3206,-62.5404,0.0000,0.0670,0.0670,0.0333,0.0000,0.0000,-0.0089,-0.0035,0.0000
0.1841,0.8886,1.0000,-0.0204,-0.0147,242.2187,-62.5502,0.0000,0.0666,0.0666,0.0333,0.0000,0.0000,-0.0089,-0.0035,0.0000
0.2007,0.8705,1.0000,-0.0288,-0.0147,242.1300,-62.5700,0.0000,0.0769,0.0769,0.0309,0.0000,0.0000,-0.0089,-0.0035,0.0000
0.0369,1.0153,1.0000,-0.0372,-0.0147,242.0424,-62.5791,0.0000,0.0803,0.0803,0.0314,0.0000,0.0000,-0.0089,-0.0035,0.0000
0.1985,0.8997,1.0000,-0.0456,-0.0147,241.9584,-62.5921,0.0000,0.0822,0.0822,0.0277,0.0000,0.0000,-0.0089,-0.0035,0.0000
0.2009,0.8729,1.0000,-0.0540,-0.0147,241.8683,-62.6064,0.0000,0.0867,0.0867,0.0254,0.0000,0.0000,-0.0089,-0.0035,0.0000
0.2000,0.8422,1.0000,-0.0624,-0.0147,241.7814,-62.6101,0.0000,0.0806,0.0806,0.0221,0.0000,0.0000,-0.0089,-0.0035,0.0000
0.1483,0.9036,1.0000,-0.0708,-0.0180,241.6957,-62.6169,0.0000,0.0782,0.0782,0.0085,0.0000,0.0000,-0.0108,-0.0043,0.0000
0.1998,0.8644,1.0000,-0.0792,-0.0180,241.6109,-62.6321,0.0000,0.0826,0.0826,0.0039,0.0000,0.0000,-0.0108,-0.0043,0.0000
0.2003,0.8526,1.0000,-0.0876,-0.0180,241.5218,-62.6379,0.0000,0.0770,0.0770,-0.0012,0.0000,0.0000,-0.0108,-0.0043,0.0000
0.2004,0.8531,1.0000,-0.0960,-0.0180,241.4310,-62.6445,0.0000,0.0720,0.0720,-0.0065,0.0000,0.0000,-0.0108,-0.0043,0.0000
0.1720,0.8871,1.0000,-0.0881,-0.0180,241.3346,-62.6540,0.0000,0.0685,0.0685,-0.0134,0.0000,0.0000,-0.0108,-0.0043,0.0000
0.1407,0.9032,1.0000,-0.0797,-0.0180,241.2439,-62.6575,0.0000,0.0604,0.0604,-0.0183,0.0000,0.0000,-0.0108,-0.0043,0.0000
0.0755,0.9613,1.0000,-0.0713,-0.0180,241.1522,-62.6625,0.0000,0.0521,0.0521,-0.0252,0.0000,0.0000,-0.0108,-0.0043,0.0000
0.1999,0.9007,1.0000,-0.0629,-0.0180,241.0557,-62.6624,0.0000,0.0406,0.0406,-0.0304,0.0000,0.0000,-0.0108,-0.0043,0.0000
0.1503,0.9119,1.0000,-0.0545,0.0021,240.9598,-62.6743,0.0000,0.0404,0.0404,-0.0113,0.0000,0.0000,0.0012,0.0005,0.0000
0.0832,0.9594,1.0000,-0.0462,0.0021,240.8737,-62.6775,0.0000,0.0340,0.0340,-0.0168,0.0000,0.0000,0.0012,0.0005,0.0000
0.0676,0.9571,1.0000,-0.0378,0.0021,240.7788,-62.6795,0.0000,0.0271,0.0271,-0.0201,0.0000,0.0000,0.0012,0.0005,0.0000
0.2000,0.8552,1.0000,-0.0294,0.0021,240.6929,-62.6833,0.0000,0.0225,0.0225,-0.0263,0.0000,0.0000,0.0012,0.0005,0.0000
0.1102,0.9420,1.0000,-0.0232,-0.0001,240.6029,-62.6827,0.0000,0.0127,0.0127,-0.0287,0.0000,0.0000,-0.0001,-0.0000,0.0000
0.2001,0.8531,1.0000,-0.0148,-0.0001,240.5140,-62.6817,0.0000,0.0048,0.0048,-0.0317,0.0000,0.0000,-0.0001,-0.0000,0.0000
0.1586,0.8936,1.0000,-0.0064,-0.0001,240.4217,-62.6852,0.0000,-0.0011,-0.0011,-0.0352,0.0000,0.0000,-0.0001,-0.0000,0.0000
0.1998,0.8820,1.0000,0.0020,-0.0001,240.3180,-62.6817,0.0000,-0.0126,-0.0126,-0.0357,0.0000,0.0000,-0.0001,-0.0000,0.0000
0.1358,0.9160,1.0000,0.0104,-0.0001,240.2239,-62.6935,0.0000,-0.0097,-0.0097,-0.0377,0.0000,0.0000,-0.0001,-0.0000,0.0000
0.0051,1.0286,1.0000,0.0104,-0.0085,240.1265,-62.6965,0.0000,-0.0185,-0.0185,-0.0532,0.0000,0.0000,-0.0051,-0.0021,0.0000
0.0812,0.9397,1.0000,0.0188,-0.0085,240.0269,-62.6971,0.0000,-0.0249,-0.0249,-0.0532,0.0000,0.0000,-0.0051,-0.0021,0.0000
0.0580,0.9665,1.0000,0.0271,-0.0085,239.9308,-62.7023,0.0000,-0.0286,-0.0286,-0.0517,0.0000,0.0000,-0.0051,-0.0021,0.0000
0.0319,0.9871,1.0000,0.0355,-0.0015,239.8403,-62.7061,0.0000,-0.0336,-0.0336,-0.0513,0.0000,0.0000,-0.0009,-0.0004,0.0000
0.0877,0.9538,1.0000,0.0439,-0.0015,239.7457,-62.7086,0.0000,-0.0381,-0.0381,-0.0492,0.0000,0.0000,-0.0009,-0.0004,0.0000
0.2001,0.8987,1.0000,0.0523,-0.0015,239.6541,-62.7104,0.0000,-0.0425,-0.0425,-0.0467,0.0000,0.0000,-0.0009,-0.0004,0.0000
0.1218,0.9380,1.0000,0.0607,-0.0015,239.5648,-62.7187,0.0000,-0.0424,-0.0424,-0.0446,0.0000,0.0000,-0.0009,-0.0004,0.0000
0.1494,0.9077,1.0000,0.0691,-0.0015,239.4738,-62.7269,0.0000,-0.0404,-0.0404,-0.0410,0.0000,0.0000,-0.0009,-0.0004,0.0000
0.1586,0.8902,1.0000,0.0775,0.0084,239.3840,-62.7355,0.0000,-0.0372,-0.0372,-0.0138,0.0000,0.0000,0.0051,0.0020,0.0000
0.1406,0.9069,1.0000,0.0859,0.0084,239.2926,-62.7351,0.0000,-0.0423,-0.0423,-0.0100,0.0000,0.0000,0.0051,0.0020,0.0000
0.1716,0.8953,1.0000,0.0923,0.0084,239.2004,-62.7399,0.0000,-0.0418,-0.0418,-0.0055,0.0000,0.0000,0.0051,0.0020,0.0000
0.1621,0.9051,1.0000,0.0839,0.0084,239.1030,-62.7465,0.0000,-0.0401,-0.0401,-0.0009,0.0000,0.0000,0.0051,0.0020,0.0000
0.2001,0.9154,1.0200,0.0755,0.0054,239.0073,-62.7550,0.0000,-0.0355,-0.0355,0.0050,0.0000,0.0000,0.0032,0.0013,0.0000
0.2000,0.9673,1.0400,0.0671,0.0054,238.9080,-62.7697,0.0000,-0.0249,-0.0249,0.0108,0.0000,0.0000,0.0032,0.0013,0.0000
0.2000,0.9538,1.0600,0.0589,0.0054,238.8108,-62.7823,0.0000,-0.0166,-0.0166,0.0161,0.0000,0.0000,0.0032,0.0013,0.0000
0.2000,0.9973,1.0800,0.0507,0.0054,238.7146,-62.7928,0.0000,-0.0104,-0.0104,0.0204,0.0000,0.0000,0.0033,0.0013,0.0000
0.2000,0.9740,1.1000,0.0423,0.0054,238.6159,-62.8104,0.0000,0.0020,0.0020,0.0245,0.0000,0.0000,0.0033,0.0013,0.0000
0.1999,0.9598,1.1200,0.0339,0.0054,238.5163,-62.8266,0.0000,0.0133,0.0133,0.0290,0.0000,0.0000,0.0033,0.0013,0.0000
0.2000,0.9959,1.1400,0.0255,0.0054,238.4321,-62.8326,0.0000,0.0154,0.0154,0.0321,0.0000,0.0000,0.0033,0.0013,0.0000
0.1999,1.0019,1.1600,0.0171,-0.0021,238.3396,-62.8438,0.0000,0.0219,0.0219,0.0354,0.0000,0.0000,-0.0013,-0.0005,0.0000
0.1999,0.8367,1.1800,0.0087,-0.0021,238.2452,-62.8612,0.0000,0.0306,0.0306,0.0376,0.0000,0.0000,-0.0013,-0.0005,0.0000
0.1999,0.9239,1.2000,0.0003,-0.0021,238.1406,-62.8783,0.0000,0.0426,0.0426,0.0387,0.0000,0.0000,-0.0013,-0.0005,0.0000
0.1999,0.9530,1.2200,-0.0081,-0.0021,238.0416,-62.8970,0.0000,0.0557,0.0557,0.0402,0.0000,0.0000,-0.0013,-0.0005,0.0000
0.1999,1.0507,1.2400,-0.0165,-0.0099,237.9452,-62.9055,0.0000,0.0571,0.0571,0.0223,0.0000,0.0000,-0.0060,-0.0024,0.0000
0.2000,0.9995,1.2600,-0.0249,-0.0099,237.8395,-62.9167,0.0000,0.0588,0.0588,0.0231,0.0000,0.0000,-0.0060,-0.0024,0.0000
0.2000,0.9600,1.2800,-0.0332,-0.0099,237.7303,-62.9411,0.0000,0.0718,0.0718,0.0203,0.0000,0.0000,-0.0060,-0.0024,0.0000
0.2000,1.0535,1.3000,-0.0416,-0.0099,237.6269,-62.9483,0.0000,0.0705,0.0705,0.0198,0.0000,0.0000,-0.0060,-0.0024,0.0000
0.1999,1.1082,1.3200,-0.0500,-0.0099,237.5192,-62.9670,0.0000,0.0780,0.0780,0.0158,0.0000,0.0000,-0.0060,-0.0024,0.0000
0.2000,1.0278,1.3400,-0.0570,-0.0085,237.3940,-62.9782,0.0000,0.0755,0.0755,0.0190,0.0000,0.0000,-0.0051,-0.0020,0.0000
0.1999,1.0817,1.3600,-0.0654,-0.0085,237.2709,-62.9901,0.0000,0.0751,0.0751,0.0138,0.0000,0.0000,-0.0051,-0.0020,0.0000
-0.2001,1.2467,1.3240,-0.0738,-0.0085,237.1634,-62.9999,0.0000,0.0748,0.0748,0.0097,0.0000,0.0000,-0.0051,-0.0020,0.0000
-0.2000,1.2268,1.2916,-0.0746,-0.0085,237.0483,-63.0067,0.0000,0.0685,0.0685,0.0038,0.0000,0.0000,-0.0051,-0.0020,0.0000
0.1999,1.0700,1.3116,-0.0718,-0.0085,236.9203,-63.0146,0.0000,0.0624,0.0624,-0.0025,0.0000,0.0000,-0.0051,-0.0020,0.0000
-0.2001,1.1449,1.2804,-0.0634,-0.0085,236.7947,-63.0178,0.0000,0.0509,0.0509,-0.0101,0.0000,0.0000,-0.0051,-0.0020,0.0000
-0.2000,1.2719,1.2524,-0.0550,-0.0073,236.6591,-63.0187,0.0000,0.0353,0.0353,-0.0181,0.0000,0.0000,-0.0044,-0.0018,0.0000
-0.2000,1.2480,1.2272,-0.0466,-0.0073,236.5324,-63.0191,0.0000,0.0208,0.0208,-0.0257,0.0000,0.0000,-0.0044,-0.0018,0.0000
-0.1999,1.3476,1.2044,-0.0382,-0.0073,236.4082,-63.0215,0.0000,0.0081,0.0081,-0.0312,0.0000,0.0000,-0.0044,-0.0018,0.0000
-0.2000,1.2588,1.1840,-0.0298,-0.0073,236.2765,-63.0324,0.0000,0.0051,0.0051,-0.0384,0.0000,0.0000,-0.0044,-0.0018,0.0000
-0.2000,1.2327,1.1656,-0.0305,-0.0162,236.1318,-63.0413,0.0000,-0.0022,-0.0022,-0.0647,0.0000,0.0000,-0.0098,-0.0039,0.0000
-0.2000,1.3097,1.1490,-0.0221,-0.0162,236.0050,-63.0412,0.0000,-0.0200,-0.0200,-0.0681,0.0000,0.0000,-0.0098,-0.0039,0.0000
-0.1999,1.4371,1.1341,-0.0137,-0.0162,235.8791,-63.0408,0.0000,-0.0398,-0.0398,-0.0712,0.0000,0.0000,-0.0098,-0.0039,0.0000
-0.2000,1.2574,1.1207,-0.0053,-0.0162,235.7531,-63.0456,0.0000,-0.0442,-0.0442,-0.0755,0.0000,0.0000,-0.0098,-0.0039,0.0000
-0.2000,1.2488,1.1086,0.0031,-0.0162,235.6337,-63.0487,0.0000,-0.0544,-0.0544,-0.0776,0.0000,0.0000,-0.0098,-0.0039,0.0000
-0.2000,1.2500,1.0978,0.0115,-0.0133,235.5104,-63.0561,0.0000,-0.0596,-0.0596,-0.0695,0.0000,0.0000,-0.0080,-0.0032,0.0000
-0.2000,1.1834,1.0880,0.0197,-0.0133,235.3907,-63.0680,0.0000,-0.0575,-0.0575,-0.0712,0.0000,0.0000,-0.0080,-0.0032,0.0000
-0.2000,1.2249,1.0792,0.0281,-0.0133,235.2797,-63.0818,0.0000,-0.0554,-0.0554,-0.0708,0.0000,0.0000,-0.0080,-0.0032,0.0000
-0.2000,1.1925,1.0713,0.0365,-0.0133,235.1647,-63.0855,0.0000,-0.0603,-0.0603,-0.0693,0.0000,0.0000,-0.0080,-0.0032,0.0000
-0.1485,1.1089,1.0642,0.0449,-0.0133,235.0473,-63.0862,0.0000,-0.0666,-0.0666,-0.0674,0.0000,0.0000,-0.0080,-0.0032,0.0000
-0.1953,1.1414,1.0577,0.0533,-0.0080,234.9360,-63.0906,0.0000,-0.0714,-0.0714,-0.0547,0.0000,0.0000,-0.0048,-0.0019,0.0000
-0.2000,1.1630,1.0520,0.0617,-0.0080,234.8344,-63.1022,0.0000,-0.0670,-0.0670,-0.0515,0.0000,0.0000,-0.0048,-0.0019,0.0000
-0.1469,1.1046,1.0468,0.0701,-0.0080,234.7264,-63.1104,0.0000,-0.0642,-0.0642,-0.0476,0.0000,0.0000,-0.0048,-0.0019,0.0000
-0.0453,1.0152,1.0421,0.0785,-0.0080,234.6185,-63.1264,0.0000,-0.0530,-0.0530,-0.0434,0.0000,0.0000,-0.0048,-0.0019,0.0000
-0.0917,1.0748,1.0379,0.0869,-0.0080,234.5076,-63.1389,0.0000,-0.0485,-0.0485,-0.0386,0.0000,0.0000,-0.0048,-0.0019,0.0000
-0.1209,1.0843,1.0341,0.0953,-0.0080,234.3963,-63.1468,0.0000,-0.0478,-0.0478,-0.0343,0.0000,0.0000,-0.0048,-0.0019,0.0000
-0.2001,1.1085,1.0307,0.1023,-0.0080,234.2947,-63.1598,0.0000,-0.0405,-0.0405,-0.0285,0.0000,0.0000,-0.0048,-0.0019,0.0000
-0.1618,1.1062,1.0276,0.0951,-0.0095,234.1893,-63.1705,0.0000,-0.0353,-0.0353,-0.0229,0.0000,0.0000,-0.0057,-0.0023,0.0000
-0.0566,1.0185,1.0249,0.0867,-0.0095,234.0889,-63.1863,0.0000,-0.0238,-0.0238,-0.0167,0.0000,0.0000,-0.0057,-0.0023,0.0000
-0.0617,1.0518,1.0224,0.0784,-0.0095,233.9991,-63.2054,0.0000,-0.0093,-0.0093,-0.0106,0.0000,0.0000,-0.0057,-0.0023,0.0000
-0.0263,1.0107,1.0201,0.0000,-0.0095,233.8961,-63.2137,0.0000,-0.0063,-0.0063,-0.0043,0.0000,0.0000,-0.0057,-0.0023,0.0000
0.1755,0.9155,1.0181,0.0000,-0.0095,233.8122,-63.2264,0.0000,0.0017,0.0017,0.0006,0.0000,0.0000,-0.0057,-0.0023,0.0000
0.0553,1.0256,1.0163,0.0000,-0.0095,233.7111,-63.2313,0.0000,0.0011,0.0011,0.0063,0.0000,0.0000,-0.0057,-0.0023,0.0000
0.2001,0.8430,1.0147,-0.0084,-0.0095,233.6188,-63.2387,0.0000,0.0020,0.0020,0.0104,0.0000,0.0000,-0.0057,-0.0023,0.0000
0.0551,1.0019,1.0132,-0.0143,-0.0071,233.5384,-63.2586,0.0000,0.0187,0.0187,0.0343,0.0000,0.0000,-0.0043,-0.0017,0.0000
0.1868,0.9191,1.0119,-0.0227,-0.0071,233.4455,-63.2638,0.0000,0.0178,0.0178,0.0369,0.0000,0.0000,-0.0043,-0.0017,0.0000
0.2000,0.8232,1.0107,-0.0311,-0.0071,233.3540,-63.2777,0.0000,0.0242,0.0242,0.0371,0.0000,0.0000,-0.0043,-0.0017,0.0000
0.1526,0.9220,1.0096,-0.0395,-0.0071,233.2606,-63.2910,0.0000,0.0339,0.0339,0.0381,0.0000,0.0000,-0.0043,-0.0017,0.0000
0.1050,0.9360,1.0087,-0.0479,-0.0071,233.1786,-63.2914,0.0000,0.0291,0.0291,0.0375,0.0000,0.0000,-0.0043,-0.0017,0.0000
0.0942,0.9360,1.0078,-0.0563,-0.0071,233.0991,-63.2991,0.0000,0.0309,0.0309,0.0355,0.0000,0.0000,-0.0043,-0.0017,0.0000
0.0917,0.9360,1.0070,-0.0580,-0.0005,233.0068,-63.3020,0.0000,0.0270,0.0270,0.0363,0.0000,0.0000,-0.0003,-0.0001,0.0000
0.2000,0.7922,1.0063,-0.0664,-0.0005,232.9276,-63.3078,0.0000,0.0239,0.0239,0.0326,0.0000,0.0000,-0.0003,-0.0001,0.0000
0.1411,0.9161,1.0057,-0.0746,-0.0005,232.8476,-63.3115,0.0000,0.0234,0.0234,0.0296,0.0000,0.0000,-0.0003,-0.0001,0.0000
0.2000,0.7883,1.0051,-0.0830,-0.0005,232.7564,-63.3210,0.0000,0.0233,0.0233,0.0239,0.0000,0.0000,-0.0003,-0.0001,0.0000
0.2000,0.7951,1.0046,-0.0800,-0.0005,232.6749,-63.3161,0.0000,0.0123,0.0123,0.0206,0.0000,0.0000,-0.0003,-0.0001,0.0000
0.1579,0.9079,1.0041,-0.0764,-0.0005,232.5855,-63.3246,0.0000,0.0137,0.0137,0.0142,0.0000,0.0000,-0.0003,-0.0001,0.0000
0.2000,0.8130,1.0037,-0.0680,-0.0005,232.4994,-63.3263,0.0000,0.0079,0.0079,0.0102,0.0000,0.0000,-0.0003,-0.0001,0.0000
0.1627,0.8902,1.0034,0.0000,0.0003,232.4073,-63.3271,0.0000,0.0012,0.0012,0.0066,0.0000,0.0000,0.0002,0.0001,0.0000
0.2002,0.8552,1.0030,0.0000,0.0003,232.3158,-63.3400,0.0000,0.0055,0.0055,-0.0006,0.0000,0.0000,0.0002,0.0001,0.0000
0.2001,0.9148,1.0027,0.0000,0.0003,232.2253,-63.3436,0.0000,0.0023,0.0023,-0.0040,0.0000,0.0000,0.0002,0.0001,0.0000
0.2001,0.9143,1.0024,0.0000,0.0003,232.1309,-63.3470,0.0000,-0.0020,-0.0020,-0.0089,0.0000,0.0000,0.0002,0.0001,0.0000
0.1185,0.9377,1.0022,0.0084,0.0003,232.0425,-63.3577,0.0000,0.0014,0.0014,-0.0132,0.0000,0.0000,0.0002,0.0001,0.0000
0.0942,0.9377,1.0020,0.0065,-0.0100,231.9457,-63.3614,0.0000,-0.0011,-0.0011,-0.0184,0.0000,0.0000,-0.0060,-0.0024,0.0000
0.2001,0.8812,1.0018,0.0149,-0.0100,231.8569,-63.3684,0.0000,0.0005,0.0005,-0.0194,0.0000,0.0000,-0.0060,-0.0024,0.0000
0.1181,0.9601,1.0016,0.0233,-0.0100,231.7639,-63.3718,0.0000,-0.0025,-0.0025,-0.0191,0.0000,0.0000,-0.0060,-0.0024,0.0000
0.2001,0.8836,1.0014,0.0314,-0.0100,231.6756,-63.3773,0.0000,-0.0015,-0.0015,-0.0183,0.0000,0.0000,-0.0060,-0.0024,0.0000
0.2000,0.9221,1.0013,0.0398,-0.0100,231.5781,-63.3889,0.0000,0.0039,0.0039,-0.0178,0.0000,0.0000,-0.0060,-0.0024,0.0000
0.1996,0.8778,1.0012,0.0339,-0.0100,231.4842,-63.3967,0.0000,0.0072,0.0072,-0.0156,0.0000,0.0000,-0.0060,-0.0024,0.0000
0.0964,0.9735,1.0011,0.0281,-0.0100,231.3886,-63.4022,0.0000,0.0072,0.0072,-0.0131,0.0000,0.0000,-0.0060,-0.0024,0.0000
0.0924,0.9349,1.0009,0.0197,-0.0100,231.2977,-63.4096,0.0000,0.0104,0.0104,-0.0105,0.0000,0.0000,-0.0060,-0.0024,0.0000
0.0779,0.9489,1.0009,0.0137,-0.0076,231.2006,-63.4165,0.0000,0.0124,0.0124,-0.0028,0.0000,0.0000,-0.0046,-0.0018,0.0000
0.1774,0.9048,1.0008,0.0053,-0.0076,231.1012,-63.4337,0.0000,0.0251,0.0251,-0.0006,0.0000,0.0000,-0.0046,-0.0018,0.0000
0.0840,0.9651,1.0007,-0.0031,-0.0076,230.9989,-63.4316,0.0000,0.0185,0.0185,0.0021,0.0000,0.0000,-0.0046,-0.0018,0.0000
0.0226,1.0024,1.0006,-0.0115,-0.0076,230.9011,-63.4368,0.0000,0.0185,0.0185,0.0025,0.0000,0.0000,-0.0046,-0.0018,0.0000
-0.0016,1.0131,1.0006,-0.0198,-0.0076,230.7987,-63.4425,0.0000,0.0194,0.0194,0.0046,0.0000,0.0000,-0.0046,-0.0018,0.0000
0.0281,0.9706,1.0005,-0.0279,-0.0072,230.7038,-63.4492,0.0000,0.0201,0.0201,0.0045,0.0000,0.0000,-0.0044,-0.0017,0.0000
-0.0093,1.0171,1.0005,-0.0361,-0.0072,230.6112,-63.4588,0.0000,0.0245,0.0245,0.0040,0.0000,0.0000,-0.0044,-0.0017,0.0000
0.1046,0.9431,1.0004,-0.0444,-0.0072,230.5182,-63.4648,0.0000,0.0243,0.0243,0.0023,0.0000,0.0000,-0.0044,-0.0017,0.0000
0.1947,0.9225,1.0004,-0.0528,-0.0072,230.4230,-63.4669,0.0000,0.0199,0.0199,-0.0003,0.0000,0.0000,-0.0044,-0.0017,0.0000
0.1437,0.9241,1.0003,-0.0463,-0.0072,230.3263,-63.4737,0.0000,0.0199,0.0199,-0.0035,0.0000,0.0000,-0.0044,-0.0017,0.0000
0.0922,0.9452,1.0003,-0.0379,-0.0072,230.2292,-63.4785,0.0000,0.0174,0.0174,-0.0076,0.0000,0.0000,-0.0044,-0.0017,0.0000
0.0663,0.9606,1.0003,-0.0295,0.0095,230.1361,-63.4919,0.0000,0.0221,0.0221,-0.0196,0.0000,0.0000,0.0057,0.0023,0.0000
0.0546,0.9640,1.0002,-0.0211,0.0095,230.0351,-63.4873,0.0000,0.0096,0.0096,-0.0231,0.0000,0.0000,0.0057,0.0023,0.0000
0.1593,0.9300,1.0002,-0.0127,0.0095,229.9350,-63.4918,0.0000,0.0070,0.0070,-0.0260,0.0000,0.0000,0.0057,0.0023,0.0000
0.0370,1.0043,1.0002,-0.0044,0.0095,229.8370,-63.5005,0.0000,0.0067,0.0067,-0.0299,0.0000,0.0000,0.0057,0.0023,0.0000
0.0204,0.9931,1.0002,0.0040,0.0095,229.7329,-63.4951,0.0000,-0.0057,-0.0057,-0.0316,0.0000,0.0000,0.0057,0.0023,0.0000
0.0385,0.9747,1.0002,0.0124,0.0109,229.6362,-63.4973,0.0000,-0.0090,-0.0090,-0.0274,0.0000,0.0000,0.0066,0.0026,0.0000
-0.0180,1.0340,1.0001,0.0207,0.0109,229.5355,-63.4966,0.0000,-0.0165,-0.0165,-0.0277,0.0000,0.0000,0.0066,0.0026,0.0000
0.0309,0.9590,1.0001,0.0291,0.0109,229.4362,-63.4994,0.0000,-0.0182,-0.0182,-0.0274,0.0000,0.0000,0.0066,0.0026,0.0000
0.0142,0.9980,1.0001,0.0375,0.0109,229.3312,-63.5086,0.0000,-0.0153,-0.0153,-0.0270,0.0000,0.0000,0.0066,0.0026,0.0000
0.0216,0.9855,1.0001,0.0459,0.0109,229.2286,-63.5115,0.0000,-0.0170,-0.0170,-0.0247,0.0000,0.0000,0.0066,0.0026,0.0000
-0.0346,1.0453,1.0001,0.0543,0.0109,229.1302,-63.5193,0.0000,-0.0146,-0.0146,-0.0226,0.0000,0.0000,0.0066,0.0026,0.0000
-0.0380,1.0172,1.0001,0.0512,-0.0005,229.0288,-63.5249,0.0000,-0.0117,-0.0117,-0.0046,0.0000,0.0000,-0.0003,-0.0001,0.0000
0.0059,0.9795,1.0001,0.0428,-0.0005,228.9324,-63.5268,0.0000,-0.0120,-0.0120,-0.0009,0.0000,0.0000,-0.0003,-0.0001,0.0000
-0.0036,1.0071,1.0001,0.0000,-0.0005,228.8343,-63.5333,0.0000,-0.0078,-0.0078,0.0029,0.0000,0.0000,-0.0003,-0.0001,0.0000
0.0842,0.9557,1.0001,0.0000,-0.0005,228.7356,-63.5440,0.0000,-0.0002,-0.0002,0.0057,0.0000,0.0000,-0.0003,-0.0001,0.0000
0.0604,0.9748,1.0001,0.0000,-0.0005,228.6357,-63.5541,0.0000,0.0074,0.0074,0.0090,0.0000,0.0000,-0.0003,-0.0001,0.0000
0.0341,0.9856,1.0000,-0.0084,-0.0005,228.5350,-63.5678,0.0000,0.0169,0.0169,0.0095,0.0000,0.0000,-0.0003,-0.0001,0.0000
0.0232,0.9966,1.0000,-0.0168,-0.0060,228.4385,-63.5726,0.0000,0.0180,0.0180,-0.0019,0.0000,0.0000,-0.0036,-0.0014,0.0000
-0.0034,1.0075,1.0000,-0.0250,-0.0060,228.3358,-63.5822,0.0000,0.0222,0.0222,-0.0011,0.0000,0.0000,-0.0036,-0.0014,0.0000
0.0801,0.9574,1.0000,-0.0334,-0.0060,228.2385,-63.5877,0.0000,0.0220,0.0220,-0.0017,0.0000,0.0000,-0.0036,-0.0014,0.0000
-0.0075,1.0229,1.0000,-0.0418,-0.0198,228.1352,-63.5957,0.0000,0.0231,0.0231,-0.0036,0.0000,0.0000,-0.0119,-0.0048,0.0000
0.0597,0.9666,1.0000,-0.0502,-0.0198,228.0347,-63.6091,0.0000,0.0295,0.0295,-0.0066,0.0000,0.0000,-0.0119,-0.0048,0.0000
-0.0093,1.0265,1.0000,-0.0462,-0.0198,227.9429,-63.6136,0.0000,0.0268,0.0268,-0.0100,0.0000,0.0000,-0.0119,-0.0048,0.0000
-0.0080,1.0040,1.0000,-0.0457,-0.0109,227.8448,-63.6199,0.0000,0.0263,0.0263,0.0093,0.0000,0.0000,-0.0066,-0.0026,0.0000
0.1623,0.9120,1.0000,-0.0541,-0.0109,227.7548,-63.6171,0.0000,0.0183,0.0183,0.0056,0.0000,0.0000,-0.0066,-0.0026,0.0000
0.0927,0.9743,1.0000,-0.0565,-0.0109,227.6665,-63.6167,0.0000,0.0132,0.0132,0.0017,0.0000,0.0000,-0.0066,-0.0026,0.0000
0.1941,0.8940,1.0000,0.0000,-0.0109,227.5724,-63.6153,0.0000,0.0066,0.0066,-0.0025,0.0000,0.0000,-0.0066,-0.0026,0.0000
0.1997,0.8765,1.0000,0.0000,-0.0109,227.4815,-63.6197,0.0000,0.0060,0.0060,-0.0070,0.0000,0.0000,-0.0066,-0.0026,0.0000
0.2000,0.9348,1.0000,0.0084,-0.0109,227.3900,-63.6286,0.0000,0.0089,0.0089,-0.0127,0.0000,0.0000,-0.0066,-0.0026,0.0000
0.1987,0.9019,1.0000,0.0168,-0.0109,227.2907,-63.6241,0.0000,-0.0001,-0.0001,-0.0156,0.0000,0.0000,-0.0066,-0.0026,0.0000
0.1817,0.9094,1.0000,0.0252,-0.0109,227.2003,-63.6206,0.0000,-0.0077,-0.0077,-0.0179,0.0000,0.0000,-0.0066,-0.0026,0.0000
0.0780,0.9868,1.0000,0.0330,-0.0114,227.1106,-63.6195,0.0000,-0.0136,-0.0136,-0.0209,0.0000,0.0000,-0.0069,-0.0027,0.0000
0.2001,0.8970,1.0000,0.0414,-0.0114,227.0085,-63.6133,0.0000,-0.0223,-0.0223,-0.0206,0.0000,0.0000,-0.0069,-0.0027,0.0000
0.1666,0.8897,1.0000,0.0498,-0.0114,226.9193,-63.6112,0.0000,-0.0268,-0.0268,-0.0189,0.0000,0.0000,-0.0069,-0.0027,0.0000
0.0296,1.0146,1.0000,0.0582,0.0266,226.8234,-63.6102,0.0000,-0.0314,-0.0314,-0.0171,0.0000,0.0000,0.0161,0.0064,0.0000
0.1697,0.8840,1.0000,0.0666,0.0266,226.7361,-63.6149,0.0000,-0.0278,-0.0278,-0.0151,0.0000,0.0000,0.0161,0.0064,0.0000
0.1063,0.9506,1.0000,0.0750,0.0266,226.6328,-63.6185,0.0000,-0.0265,-0.0265,-0.0112,0.0000,0.0000,0.0161,0.0064,0.0000
0.2001,0.8670,1.0000,0.0834,0.0266,226.5450,-63.6383,0.0000,-0.0082,-0.0082,-0.0086,0.0000,0.0000,0.0161,0.0064,0.0000
0.0263,1.0250,1.0000,0.0750,0.0077,226.4527,-63.6382,0.0000,-0.0142,-0.0142,-0.0339,0.0000,0.0000,0.0046,0.0019,0.0000
0.2000,0.8949,1.0000,0.0834,0.0077,226.3627,-63.6400,0.0000,-0.0139,-0.0139,-0.0289,0.0000,0.0000,0.0046,0.0019,0.0000
0.1847,0.9151,1.0000,0.0918,0.0077,226.2762,-63.6449,0.0000,-0.0126,-0.0126,-0.0239,0.0000,0.0000,0.0046,0.0019,0.0000
0.1622,0.8919,1.0000,0.0834,-0.0148,226.1875,-63.6568,0.0000,-0.0040,-0.0040,-0.0188,0.0000,0.0000,-0.0089,-0.0036,0.0000
0.2001,0.8598,1.0000,0.0750,-0.0148,226.0991,-63.6670,0.0000,0.0027,0.0027,-0.0143,0.0000,0.0000,-0.0089,-0.0036,0.0000
0.1616,0.8907,1.0000,0.0666,-0.0148,226.0089,-63.6791,0.0000,0.0111,0.0111,-0.0087,0.0000,0.0000,-0.0089,-0.0036,0.0000
0.1673,0.8836,1.0000,0.0582,-0.0148,225.9178,-63.6882,0.0000,0.0162,0.0162,-0.0043,0.0000,0.0000,-0.0089,-0.0036,0.0000
0.1382,0.9047,1.0000,0.0663,0.0017,225.8307,-63.6939,0.0000,0.0198,0.0198,0.0374,0.0000,0.0000,0.0010,0.0004,0.0000
0.1298,0.9085,1.0000,0.0579,0.0017,225.7428,-63.7061,0.0000,0.0315,0.0315,0.0418,0.0000,0.0000,0.0010,0.0004,0.0000
0.1998,0.8663,1.0000,0.0495,0.0017,225.6525,-63.7188,0.0000,0.0426,0.0426,0.0462,0.0000,0.0000,0.0010,0.0004,0.0000
0.1854,0.8817,1.0000,0.0411,0.0017,225.5626,-63.7362,0.0000,0.0592,0.0592,0.0497,0.0000,0.0000,0.0010,0.0004,0.0000
0.1543,0.9052,1.0000,0.0327,0.0017,225.4714,-63.7467,0.0000,0.0697,0.0697,0.0540,0.0000,0.0000,0.0010,0.0004,0.0000
0.1300,0.9102,1.0000,0.0243,0.0017,225.3750,-63.7601,0.0000,0.0816,0.0816,0.0567,0.0000,0.0000,0.0010,0.0004,0.0000
0.1258,0.9113,1.0000,0.0159,-0.0091,225.2859,-63.7702,0.0000,0.0909,0.0909,0.0605,0.0000,0.0000,-0.0055,-0.0022,0.0000
0.0672,0.9658,1.0000,0.0075,-0.0091,225.1968,-63.7765,0.0000,0.0976,0.0976,0.0631,0.0000,0.0000,-0.0055,-0.0022,0.0000
0.2000,0.8897,1.0000,-0.0009,-0.0091,225.1012,-63.7855,0.0000,0.1019,0.1019,0.0643,0.0000,0.0000,-0.0055,-0.0022,0.0000
0.1675,0.8850,1.0000,-0.0093,-0.0091,225.0139,-63.8010,0.0000,0.1153,0.1153,0.0657,0.0000,0.0000,-0.0055,-0.0022,0.0000
0.1026,0.9515,1.0000,-0.0176,-0.0091,224.9234,-63.8128,0.0000,0.1270,0.1270,0.0662,0.0000,0.0000,-0.0055,-0.0022,0.0000
0.1894,0.8801,1.0000,-0.0260,-0.0091,224.8357,-63.8212,0.0000,0.1297,0.1297,0.0644,0.0000,0.0000,-0.0055,-0.0022,0.0000
0.1427,0.9051,1.0000,-0.0206,0.0047,224.7456,-63.8266,0.0000,0.1348,0.1348,0.0948,0.0000,0.0000,0.0028,0.0011,0.0000
0.1998,0.8734,1.0000,-0.0290,0.0047,224.6522,-63.8427,0.0000,0.1483,0.1483,0.0917,0.0000,0.0000,0.0028,0.0011,0.0000
0.1699,0.8944,1.0000,-0.0374,0.0047,224.5662,-63.8505,0.0000,0.1565,0.1565,0.0901,0.0000,0.0000,0.0028,0.0011,0.0000
0.1148,0.9393,1.0000,-0.0389,0.0116,224.4727,-63.8580,0.0000,0.1649,0.1649,0.0876,0.0000,0.0000,0.0070,0.0028,0.0000
0.2000,0.8555,1.0000,-0.0473,0.0116,224.3800,-63.8641,0.0000,0.1664,0.1664,0.0849,0.0000,0.0000,0.0070,0.0028,0.0000
0.1289,0.9307,1.0000,-0.0520,0.0155,224.2902,-63.8600,0.0000,0.1647,0.1647,0.0831,0.0000,0.0000,0.0093,0.0037,0.0000
0.1130,0.9205,1.0000,-0.0603,0.0155,224.1864,-63.8679,0.0000,0.1699,0.1699,0.0780,0.0000,0.0000,0.0093,0.0037,0.0000
0.1808,0.8928,1.0000,-0.0687,0.0155,224.1005,-63.8770,0.0000,0.1762,0.1762,0.0737,0.0000,0.0000,0.0093,0.0037,0.0000
0.0152,1.0318,1.0000,-0.0771,-0.0283,224.0095,-63.8853,0.0000,0.1804,0.1804,0.0217,0.0000,0.0000,-0.0170,-0.0068,0.0000
0.1996,0.8563,1.0000,-0.0855,-0.0283,223.9172,-63.8831,0.0000,0.1696,0.1696,0.0162,0.0000,0.0000,-0.0170,-0.0068,0.0000
0.1458,0.9061,1.0000,-0.0939,-0.0283,223.8179,-63.8868,0.0000,0.1668,0.1668,0.0115,0.0000,0.0000,-0.0170,-0.0068,0.0000
0.1321,0.9179,1.0000,-0.1023,-0.0283,223.7276,-63.8854,0.0000,0.1584,0.1584,0.0056,0.0000,0.0000,-0.0170,-0.0068,0.0000
0.0501,0.9858,1.0000,-0.1107,-0.0283,223.6303,-63.8864,0.0000,0.1520,0.1520,-0.0005,0.0000,0.0000,-0.0170,-0.0068,0.0000
0.1998,0.8983,1.0000,-0.1191,-0.0283,223.5394,-63.8902,0.0000,0.1483,0.1483,-0.0076,0.0000,0.0000,-0.0170,-0.0068,0.0000
0.0898,0.9666,1.0000,-0.1156,-0.0163,223.4424,-63.8909,0.0000,0.1435,0.1435,0.0147,0.0000,0.0000,-0.0098,-0.0039,0.0000
0.2000,0.9030,1.0000,-0.1240,-0.0163,223.3433,-63.8896,0.0000,0.1363,0.1363,0.0064,0.0000,0.0000,-0.0098,-0.0039,0.0000
0.0944,0.9633,1.0000,-0.1156,-0.0076,223.2438,-63.8859,0.0000,0.1275,0.1275,-0.0011,0.0000,0.0000,-0.0046,-0.0018,0.0000
0.0424,0.9851,1.0000,-0.1072,-0.0076,223.1501,-63.8884,0.0000,0.1243,0.1243,-0.0093,0.0000,0.0000,-0.0046,-0.0018,0.0000
0.0233,0.9903,1.0000,-0.0988,-0.0076,223.0537,-63.8868,0.0000,0.1170,0.1170,-0.0174,0.0000,0.0000,-0.0046,-0.0018,0.0000
0.1367,0.9297,1.0000,-0.0906,0.0033,222.9581,-63.8798,0.0000,0.1058,0.1058,-0.0086,0.0000,0.0000,0.0020,0.0008,0.0000
0.0874,0.9573,1.0000,-0.0830,0.0033,222.8626,-63.8729,0.0000,0.0957,0.0957,-0.0149,0.0000,0.0000,0.0020,0.0008,0.0000
0.0716,0.9539,1.0000,-0.0747,0.0033,222.7674,-63.8700,0.0000,0.0896,0.0896,-0.0217,0.0000,0.0000,0.0020,0.0008,0.0000
0.0667,0.9520,1.0000,-0.0663,0.0033,222.6719,-63.8680,0.0000,0.0847,0.0847,-0.0281,0.0000,0.0000,0.0020,0.0008,0.0000
0.0834,0.9448,1.0000,-0.0579,0.0222,222.5690,-63.8611,0.0000,0.0746,0.0746,-0.0348,0.0000,0.0000,0.0134,0.0053,0.0000
0.0760,0.9478,1.0000,-0.0495,0.0222,222.4772,-63.8570,0.0000,0.0679,0.0679,-0.0403,0.0000,0.0000,0.0134,0.0053,0.0000
-0.0020,1.0242,1.0000,-0.0411,0.0222,222.3808,-63.8473,0.0000,0.0543,0.0543,-0.0449,0.0000,0.0000,0.0134,0.0053,0.0000
0.1104,0.9116,1.0000,-0.0327,0.0222,222.2871,-63.8426,0.0000,0.0498,0.0498,-0.0500,0.0000,0.0000,0.0134,0.0053,0.0000
0.0688,0.9614,1.0000,-0.0311,0.0153,222.1960,-63.8399,0.0000,0.0430,0.0430,-0.0711,0.0000,0.0000,0.0092,0.0037,0.0000
0.1120,0.9308,1.0000,-0.0227,0.0153,222.0919,-63.8327,0.0000,0.0335,0.0335,-0.0746,0.0000,0.0000,0.0092,0.0037,0.0000
0.1528,0.9042,1.0000,-0.0143,0.0153,221.9961,-63.8364,0.0000,0.0348,0.0348,-0.0783,0.0000,0.0000,0.0092,0.0037,0.0000
0.0036,1.0344,1.0000,-0.0059,0.0153,221.8990,-63.8384,0.0000,0.0288,0.0288,-0.0806,0.0000,0.0000,0.0092,0.0037,0.0000
0.0481,0.9489,1.0000,0.0025,0.0153,221.7956,-63.8349,0.0000,0.0259,0.0259,-0.0827,0.0000,0.0000,0.0092,0.0037,0.0000
0.0498,0.9618,1.0000,0.0109,0.0153,221.6893,-63.8349,0.0000,0.0239,0.0239,-0.0819,0.0000,0.0000,0.0092,0.0037,0.0000
-0.0071,1.0261,1.0000,0.0193,0.0182,221.5924,-63.8352,0.0000,0.0187,0.0187,-0.0938,0.0000,0.0000,0.0109,0.0044,0.0000
-0.0631,1.0533,1.0000,0.0277,0.0182,221.4913,-63.8313,0.0000,0.0106,0.0106,-0.0939,0.0000,0.0000,0.0109,0.0044,0.0000
0.0189,0.9613,1.0000,0.0360,0.0182,221.3908,-63.8360,0.0000,0.0176,0.0176,-0.0919,0.0000,0.0000,0.0109,0.0044,0.0000
0.0038,1.0030,1.0000,0.0444,0.0182,221.2918,-63.8372,0.0000,0.0143,0.0143,-0.0915,0.0000,0.0000,0.0109,0.0044,0.0000
0.0166,0.9819,1.0000,0.0525,0.0182,221.2008,-63.8407,0.0000,0.0175,0.0175,-0.0886,0.0000,0.0000,0.0109,0.0044,0.0000
0.0241,0.9819,1.0000,0.0609,0.0182,221.1018,-63.8456,0.0000,0.0212,0.0212,-0.0851,0.0000,0.0000,0.0109,0.0044,0.0000
0.1723,0.9044,1.0000,0.0693,0.0239,221.0068,-63.8388,0.0000,0.0166,0.0166,-0.0683,0.0000,0.0000,0.0144,0.0058,0.0000
0.0609,0.9846,1.0000,0.0777,0.0239,220.9176,-63.8512,0.0000,0.0269,0.0269,-0.0642,0.0000,0.0000,0.0144,0.0058,0.0000
0.0984,0.9440,1.0000,0.0861,0.0239,220.8182,-63.8484,0.0000,0.0262,0.0262,-0.0594,0.0000,0.0000,0.0144,0.0058,0.0000
0.2003,0.8965,1.0000,0.0777,0.0026,220.7206,-63.8480,0.0000,0.0272,0.0272,-0.0558,0.0000,0.0000,0.0016,0.0006,0.0000
0.0707,0.9868,1.0000,0.0800,0.0026,220.6326,-63.8597,0.0000,0.0384,0.0384,-0.0490,0.0000,0.0000,0.0016,0.0006,0.0000
0.0712,0.9686,1.0000,0.0716,0.0026,220.5441,-63.8630,0.0000,0.0435,0.0435,-0.0433,0.0000,0.0000,0.0016,0.0006,0.0000
0.2002,0.8867,1.0000,0.0632,0.0026,220.4481,-63.8634,0.0000,0.0457,0.0457,-0.0400,0.0000,0.0000,0.0016,0.0006,0.0000
0.1725,0.8803,1.0000,0.0654,0.0131,220.3523,-63.8657,0.0000,0.0510,0.0510,-0.0114,0.0000,0.0000,0.0079,0.0032,0.0000
0.0931,0.9520,1.0000,0.0570,0.0131,220.2636,-63.8656,0.0000,0.0536,0.0536,-0.0061,0.0000,0.0000,0.0079,0.0032,0.0000
0.0746,0.9523,1.0000,0.0486,0.0131,220.1826,-63.8747,0.0000,0.0658,0.0658,-0.0009,0.0000,0.0000,0.0079,0.0032,0.0000
0.1942,0.8797,1.0000,0.0402,0.0131,220.0860,-63.8824,0.0000,0.0758,0.0758,0.0026,0.0000,0.0000,0.0079,0.0032,0.0000
0.1999,0.8120,1.0000,0.0319,0.0131,219.9935,-63.8881,0.0000,0.0836,0.0836,0.0064,0.0000,0.0000,0.0079,0.0032,0.0000
0.0904,0.9621,1.0000,0.0306,0.0203,219.9123,-63.8876,0.0000,0.0853,0.0853,-0.0095,0.0000,0.0000,0.0122,0.0049,0.0000
0.1326,0.9207,1.0000,0.0222,0.0203,219.8287,-63.8934,0.0000,0.0918,0.0918,-0.0062,0.0000,0.0000,0.0122,0.0049,0.0000
0.1999,0.8047,1.0000,0.0138,0.0203,219.7394,-63.8984,0.0000,0.0972,0.0972,-0.0034,0.0000,0.0000,0.0122,0.0049,0.0000
0.2001,0.8322,1.0000,0.0055,0.0203,219.6474,-63.9011,0.0000,0.1001,0.1001,-0.0004,0.0000,0.0000,0.0122,0.0049,0.0000
0.1874,0.8877,1.0000,-0.0029,0.0203,219.5635,-63.9028,0.0000,0.1019,0.1019,0.0020,0.0000,0.0000,0.0122,0.0049,0.0000
0.1524,0.9127,1.0000,-0.0113,0.0203,219.4828,-63.9131,0.0000,0.1114,0.1114,0.0023,0.0000,0.0000,0.0122,0.0049,0.0000
0.1940,0.8318,1.0000,-0.0197,0.0203,219.3976,-63.9176,0.0000,0.1151,0.1151,0.0029,0.0000,0.0000,0.0122,0.0049,0.0000
0.2000,0.8066,1.0000,-0.0281,0.0154,219.3028,-63.9154,0.0000,0.1107,0.1107,-0.0215,0.0000,0.0000,0.0093,0.0037,0.0000
0.2000,0.8459,1.0000,-0.0364,0.0154,219.2172,-63.9189,0.0000,0.1102,0.1102,-0.0228,0.0000,0.0000,0.0093,0.0037,0.0000
0.1304,0.9406,1.0000,-0.0448,0.0154,219.1300,-63.9196,0.0000,0.1055,0.1055,-0.0253,0.0000,0.0000,0.0093,0.0037,0.0000
0.2008,0.8490,1.0000,-0.0532,0.0154,219.0451,-63.9256,0.0000,0.1086,0.1086,-0.0279,0.0000,0.0000,0.0093,0.0037,0.0000
0.2004,0.8649,1.0000,-0.0517,0.0154,218.9517,-63.9321,0.0000,0.1098,0.1098,-0.0317,0.0000,0.0000,0.0093,0.0037,0.0000
0.1911,0.8429,1.0000,-0.0455,0.0154,218.8603,-63.9428,0.0000,0.1160,0.1160,-0.0357,0.0000,0.0000,0.0093,0.0037,0.0000
0.1224,0.9273,1.0000,-0.0423,0.0102,218.7695,-63.9401,0.0000,0.1055,0.1055,-0.0488,0.0000,0.0000,0.0062,0.0025,0.0000
0.1261,0.9098,1.0000,-0.0339,0.0102,218.6744,-63.9274,0.0000,0.0877,0.0877,-0.0519,0.0000,0.0000,0.0062,0.0025,0.0000
0.1426,0.9020,1.0000,-0.0288,0.0070,218.5965,-63.9348,0.0000,0.0898,0.0898,-0.0565,0.0000,0.0000,0.0042,0.0017,0.0000
0.0842,0.9530,1.0000,-0.0204,0.0070,218.4989,-63.9465,0.0000,0.0941,0.0941,-0.0599,0.0000,0.0000,0.0042,0.0017,0.0000
0.2000,0.7741,1.0000,-0.0120,0.0070,218.4085,-63.9407,0.0000,0.0888,0.0888,-0.0621,0.0000,0.0000,0.0042,0.0017,0.0000
0.0818,0.9726,1.0000,-0.0036,0.0291,218.3139,-63.9319,0.0000,0.0701,0.0701,-0.0380,0.0000,0.0000,0.0176,0.0070,0.0000
0.1999,0.8989,1.0000,0.0048,0.0291,218.2244,-63.9280,0.0000,0.0656,0.0656,-0.0391,0.0000,0.0000,0.0176,0.0070,0.0000
0.1162,0.9426,1.0000,0.0132,0.0291,218.1355,-63.9227,0.0000,0.0573,0.0573,-0.0401,0.0000,0.0000,0.0176,0.0070,0.0000
0.1981,0.8877,1.0000,0.0216,0.0404,218.0444,-63.9229,0.0000,0.0564,0.0564,-0.0413,0.0000,0.0000,0.0244,0.0097,0.0000
0.1763,0.8835,1.0000,0.0300,0.0404,217.9401,-63.9266,0.0000,0.0587,0.0587,-0.0406,0.0000,0.0000,0.0244,0.0097,0.0000
0.1496,0.9034,1.0000,0.0376,0.0404,217.8491,-63.9342,0.0000,0.0649,0.0649,-0.0393,0.0000,0.0000,0.0244,0.0097,0.0000
0.0021,1.0347,1.0000,0.0299,0.0245,217.7521,-63.9284,0.0000,0.0522,0.0522,-0.0617,0.0000,0.0000,0.0148,0.0059,0.0000
0.1186,0.9058,1.0000,0.0383,0.0245,217.6555,-63.9220,0.0000,0.0476,0.0476,-0.0574,0.0000,0.0000,0.0148,0.0059,0.0000
0.0686,0.9630,1.0000,0.0466,0.0245,217.5570,-63.9231,0.0000,0.0438,0.0438,-0.0556,0.0000,0.0000,0.0148,0.0059,0.0000
0.0599,0.9588,1.0000,0.0550,0.0292,217.4562,-63.9277,0.0000,0.0453,0.0453,-0.0532,0.0000,0.0000,0.0176,0.0070,0.0000
0.0412,0.9769,1.0000,0.0634,0.0292,217.3583,-63.9304,0.0000,0.0447,0.0447,-0.0505,0.0000,0.0000,0.0176,0.0070,0.0000
0.0137,1.0017,1.0000,0.0718,0.0292,217.2677,-63.9371,0.0000,0.0486,0.0486,-0.0472,0.0000,0.0000,0.0176,0.0070,0.0000
0.0592,0.9711,1.0000,0.0658,0.0292,217.1674,-63.9386,0.0000,0.0483,0.0483,-0.0437,0.0000,0.0000,0.0176,0.0070,0.0000
0.1797,0.9020,1.0000,0.0602,0.0152,217.0700,-63.9430,0.0000,0.0514,0.0514,-0.0630,0.0000,0.0000,0.0092,0.0037,0.0000
0.0522,0.9947,1.0000,0.0685,0.0152,216.9754,-63.9442,0.0000,0.0455,0.0455,-0.0588,0.0000,0.0000,0.0092,0.0037,0.0000
0.0463,0.9689,1.0000,0.0769,0.0152,216.8764,-63.9479,0.0000,0.0457,0.0457,-0.0538,0.0000,0.0000,0.0092,0.0037,0.0000
0.1157,0.9381,1.0000,0.0685,0.0152,216.7754,-63.9652,0.0000,0.0587,0.0587,-0.0502,0.0000,0.0000,0.0092,0.0037,0.0000
0.0614,0.9831,1.0000,0.0633,0.0152,216.6738,-63.9609,0.0000,0.0491,0.0491,-0.0451,0.0000,0.0000,0.0092,0.0037,0.0000
0.0029,1.0187,1.0000,0.0549,0.0152,216.5784,-63.9856,0.0000,0.0692,0.0692,-0.0400,0.0000,0.0000,0.0092,0.0037,0.0000
-0.0048,1.0072,1.0000,0.0465,0.0152,216.4858,-63.9912,0.0000,0.0708,0.0708,-0.0361,0.0000,0.0000,0.0092,0.0037,0.0000
0.0107,0.9826,1.0000,0.0549,0.0531,216.3812,-63.9941,0.0000,0.0695,0.0695,-0.0343,0.0000,0.0000,0.0320,0.0128,0.0000
0.1135,0.9207,1.0000,0.0465,0.0531,216.2900,-64.0093,0.0000,0.0811,0.0811,-0.0305,0.0000,0.0000,0.0320,0.0128,0.0000
-0.0177,1.0372,1.0000,0.0381,0.0531,216.1806,-64.0130,0.0000,0.0774,0.0774,-0.0266,0.0000,0.0000,0.0320,0.0128,0.0000
0.0845,0.9191,1.0000,0.0297,0.0531,216.0854,-64.0291,0.0000,0.0902,0.0902,-0.0227,0.0000,0.0000,0.0320,0.0128,0.0000
-0.0720,1.0854,1.0000,0.0213,0.0531,215.9950,-64.0472,0.0000,0.1019,0.1019,-0.0192,0.0000,0.0000,0.0320,0.0128,0.0000
0.0200,0.9599,1.0000,0.0162,0.0563,215.8944,-64.0684,0.0000,0.1188,0.1188,-0.0079,0.0000,0.0000,0.0340,0.0136,0.0000
0.1559,0.9166,1.0000,0.0078,0.0563,215.8048,-64.0684,0.0000,0.1139,0.1139,-0.0070,0.0000,0.0000,0.0340,0.0136,0.0000
0.0176,1.0218,1.0000,-0.0006,0.0563,215.7087,-64.0722,0.0000,0.1129,0.1129,-0.0040,0.0000,0.0000,0.0340,0.0136,0.0000
0.2003,0.8884,1.0000,-0.0090,0.0563,215.6012,-64.0788,0.0000,0.1135,0.1135,-0.0031,0.0000,0.0000,0.0340,0.0136,0.0000
0.1004,0.9535,1.0000,-0.0174,0.0563,215.5038,-64.0832,0.0000,0.1127,0.1127,-0.0012,0.0000,0.0000,0.0340,0.0136,0.0000
-0.0480,1.0678,1.0000,-0.0258,0.0555,215.4078,-64.0926,0.0000,0.1151,0.1151,-0.0049,0.0000,0.0000,0.0335,0.0134,0.0000
0.0145,0.9666,1.0000,-0.0342,0.0555,215.3069,-64.1040,0.0000,0.1198,0.1198,-0.0061,0.0000,0.0000,0.0335,0.0134,0.0000
0.0461,0.9558,1.0000,-0.0426,0.0555,215.2060,-64.1099,0.0000,0.1191,0.1191,-0.0063,0.0000,0.0000,0.0335,0.0134,0.0000
0.0103,1.0059,1.0000,-0.0391,0.0555,215.1013,-64.1183,0.0000,0.1187,0.1187,-0.0104,0.0000,0.0000,0.0335,0.0134,0.0000
0.0014,1.0024,1.0000,-0.0358,0.0555,214.9956,-64.1216,0.0000,0.1138,0.1138,-0.0131,0.0000,0.0000,0.0335,0.0134,0.0000
-0.0368,1.0407,1.0000,-0.0442,0.0218,214.8820,-64.1325,0.0000,0.1138,0.1138,-0.0424,0.0000,0.0000,0.0132,0.0053,0.0000
-0.0578,1.0490,1.0000,-0.0358,0.0218,214.7856,-64.1358,0.0000,0.1077,0.1077,-0.0439,0.0000,0.0000,0.0132,0.0053,0.0000
-0.2002,1.1309,1.0000,-0.0274,0.0218,214.6698,-64.1392,0.0000,0.0966,0.0966,-0.0484,0.0000,0.0000,0.0132,0.0053,0.0000
-0.0104,0.9564,1.0000,-0.0193,0.0218,214.5736,-64.1471,0.0000,0.0978,0.0978,-0.0535,0.0000,0.0000,0.0132,0.0053,0.0000
-0.1460,1.1484,1.0000,-0.0109,0.0218,214.4786,-64.1357,0.0000,0.0725,0.0725,-0.0543,0.0000,0.0000,0.0132,0.0053,0.0000
0.0060,0.9569,1.0000,-0.0029,0.0218,214.3723,-64.1511,0.0000,0.0823,0.0823,-0.0576,0.0000,0.0000,0.0132,0.0053,0.0000
0.0764,0.9490,1.0000,0.0055,0.0246,214.2812,-64.1544,0.0000,0.0762,0.0762,-0.0661,0.0000,0.0000,0.0148,0.0059,0.0000
-0.0517,1.0636,1.0000,0.0139,0.0246,214.1803,-64.1548,0.0000,0.0636,0.0636,-0.0655,0.0000,0.0000,0.0148,0.0059,0.0000
0.1062,0.9030,1.0000,0.0223,0.0246,214.0786,-64.1388,0.0000,0.0430,0.0430,-0.0666,0.0000,0.0000,0.0148,0.0059,0.0000
0.0272,1.0009,1.0000,0.0306,0.0246,213.9914,-64.1500,0.0000,0.0429,0.0429,-0.0663,0.0000,0.0000,0.0148,0.0059,0.0000
-0.0089,1.0210,1.0000,0.0390,0.0246,213.8926,-64.1481,0.0000,0.0320,0.0320,-0.0647,0.0000,0.0000,0.0148,0.0059,0.0000
0.1508,0.8716,1.0000,0.0307,0.0079,213.7941,-64.1650,0.0000,0.0449,0.0449,-0.0636,0.0000,0.0000,0.0048,0.0019,0.0000
0.0607,0.9799,1.0000,0.0391,0.0079,213.6944,-64.1746,0.0000,0.0435,0.0435,-0.0601,0.0000,0.0000,0.0048,0.0019,0.0000
0.0287,0.9914,1.0000,0.0307,-0.0316,213.5935,-64.1750,0.0000,0.0337,0.0337,-0.1025,0.0000,0.0000,-0.0190,-0.0076,0.0000
0.0168,0.9943,1.0000,0.0391,-0.0316,213.4894,-64.1830,0.0000,0.0283,0.0283,-0.1000,0.0000,0.0000,-0.0190,-0.0076,0.0000
0.0083,0.9996,1.0000,0.0475,-0.0099,213.3965,-64.1924,0.0000,0.0263,0.0263,-0.0966,0.0000,0.0000,-0.0060,-0.0024,0.0000
-0.0281,1.0356,1.0000,0.0558,-0.0099,213.2945,-64.2087,0.0000,0.0277,0.0277,-0.0945,0.0000,0.0000,-0.0060,-0.0024,0.0000
0.0608,0.9271,1.0000,0.0642,-0.0099,213.1967,-64.2173,0.0000,0.0291,0.0291,-0.0914,0.0000,0.0000,-0.0060,-0.0024,0.0000
-0.0073,1.0254,1.0000,0.0726,-0.0099,213.1027,-64.2269,0.0000,0.0231,0.0231,-0.0877,0.0000,0.0000,-0.0060,-0.0024,0.0000
0.0166,0.9747,1.0000,0.0810,-0.0099,213.0070,-64.2358,0.0000,0.0227,0.0227,-0.0840,0.0000,0.0000,-0.0060,-0.0024,0.0000
0.1263,0.9379,1.0000,0.0894,-0.0099,212.9196,-64.2403,0.0000,0.0193,0.0193,-0.0783,0.0000,0.0000,-0.0060,-0.0024,0.0000
0.1091,0.9531,1.0000,0.0978,0.0285,212.8173,-64.2564,0.0000,0.0255,0.0255,-0.0410,0.0000,0.0000,0.0172,0.0069,0.0000
0.1999,0.8685,1.0000,0.1034,0.0285,212.7285,-64.2626,0.0000,0.0266,0.0266,-0.0351,0.0000,0.0000,0.0172,0.0069,0.0000
0.0229,1.0286,1.0000,0.0951,0.0285,212.6360,-64.2741,0.0000,0.0283,0.0283,-0.0296,0.0000,0.0000,0.0172,0.0069,0.0000
0.1991,0.8827,1.0000,0.0867,0.0285,212.5349,-64.2879,0.0000,0.0361,0.0361,-0.0238,0.0000,0.0000,0.0172,0.0069,0.0000
0.1299,0.9265,1.0000,0.0783,0.0285,212.4402,-64.2931,0.0000,0.0342,0.0342,-0.0164,0.0000,0.0000,0.0172,0.0069,0.0000
0.0209,1.0132,1.0000,0.0699,0.0285,212.3413,-64.3014,0.0000,0.0344,0.0344,-0.0105,0.0000,0.0000,0.0172,0.0069,0.0000
0.0972,0.9398,1.0000,0.0615,0.0285,212.2372,-64.3219,0.0000,0.0468,0.0468,-0.0049,0.0000,0.0000,0.0172,0.0069,0.0000
0.0439,0.9839,1.0000,0.0531,0.0210,212.1318,-64.3390,0.0000,0.0537,0.0537,-0.0132,0.0000,0.0000,0.0127,0.0051,0.0000
-0.0393,1.0553,1.0000,0.0447,0.0210,212.0371,-64.3607,0.0000,0.0663,0.0663,-0.0082,0.0000,0.0000,0.0127,0.0051,0.0000
-0.1092,1.0605,1.0000,0.0363,0.0210,211.9370,-64.3719,0.0000,0.0679,0.0679,-0.0038,0.0000,0.0000,0.0127,0.0051,0.0000
0.0053,0.9664,1.0000,0.0279,-0.0469,211.8350,-64.3880,0.0000,0.0733,0.0733,-0.0013,0.0000,0.0000,-0.0283,-0.0113,0.0000
0.0036,0.9980,1.0000,0.0195,-0.0469,211.7346,-64.3995,0.0000,0.0753,0.0753,0.0037,0.0000,0.0000,-0.0283,-0.0113,0.0000
-0.0233,1.0244,1.0000,0.0111,-0.0469,211.6444,-64.4199,0.0000,0.0857,0.0857,0.0050,0.0000,0.0000,-0.0283,-0.0113,0.0000
-0.0104,1.0025,1.0000,0.0028,-0.0469,211.5480,-64.4370,0.0000,0.0918,0.0918,0.0060,0.0000,0.0000,-0.0283,-0.0113,0.0000
0.0724,0.9179,1.0000,0.0111,-0.0302,211.4561,-64.4506,0.0000,0.0965,0.0965,0.0364,0.0000,0.0000,-0.0182,-0.0073,0.0000
0.0512,0.9700,1.0000,0.0027,-0.0302,211.3648,-64.4569,0.0000,0.0959,0.0959,0.0372,0.0000,0.0000,-0.0182,-0.0073,0.0000
0.1300,0.9218,1.0000,-0.0057,-0.0302,211.2638,-64.4752,0.0000,0.1041,0.1041,0.0371,0.0000,0.0000,-0.0182,-0.0073,0.0000
0.1299,0.9074,1.0000,-0.0141,-0.0302,211.1756,-64.4804,0.0000,0.1020,0.1020,0.0393,0.0000,0.0000,-0.0182,-0.0073,0.0000
0.0162,1.0170,1.0000,-0.0225,-0.0302,211.0824,-64.4957,0.0000,0.1100,0.1100,0.0373,0.0000,0.0000,-0.0182,-0.0073,0.0000
0.1562,0.8754,1.0000,-0.0309,-0.0302,210.9879,-64.5036,0.0000,0.1071,0.1071,0.0384,0.0000,0.0000,-0.0182,-0.0073,0.0000
0.1035,0.9368,1.0000,-0.0393,-0.0302,210.8978,-64.5039,0.0000,0.0999,0.0999,0.0373,0.0000,0.0000,-0.0182,-0.0073,0.0000
0.0891,0.9398,1.0000,-0.0309,0.0332,210.7952,-64.5168,0.0000,0.1011,0.1011,0.0008,0.0000,0.0000,0.0200,0.0080,0.0000
0.2001,0.8937,1.0000,-0.0393,0.0332,210.7040,-64.5194,0.0000,0.0911,0.0911,-0.0018,0.0000,0.0000,0.0200,0.0080,0.0000
0.0259,1.0253,1.0000,-0.0477,0.0332,210.6109,-64.5400,0.0000,0.0979,0.0979,-0.0057,0.0000,0.0000,0.0200,0.0080,0.0000
0.1856,0.9055,1.0000,-0.0561,0.0332,210.5237,-64.5538,0.0000,0.1005,0.1005,-0.0070,0.0000,0.0000,0.0200,0.0080,0.0000
0.1158,0.9437,1.0000,-0.0546,0.0332,210.4359,-64.5559,0.0000,0.0894,0.0894,-0.0115,0.0000,0.0000,0.0200,0.0080,0.0000
0.1953,0.8751,1.0000,-0.0463,0.0332,210.3385,-64.5635,0.0000,0.0834,0.0834,-0.0157,0.0000,0.0000,0.0200,0.0080,0.0000
0.1871,0.8730,1.0000,-0.0463,0.0332,210.2483,-64.5874,0.0000,0.0946,0.0946,-0.0186,0.0000,0.0000,0.0200,0.0080,0.0000
0.0824,0.9695,1.0000,-0.0540,0.0171,210.1603,-64.5827,0.0000,0.0741,0.0741,-0.0455,0.0000,0.0000,0.0103,0.0041,0.0000
0.1791,0.8785,1.0000,-0.0456,0.0171,210.0612,-64.5983,0.0000,0.0756,0.0756,-0.0490,0.0000,0.0000,0.0103,0.0041,0.0000
0.1710,0.8785,1.0000,-0.0372,0.0171,209.9689,-64.6047,0.0000,0.0675,0.0675,-0.0514,0.0000,0.0000,0.0103,0.0041,0.0000
0.0514,0.9934,1.0000,-0.0456,-0.0605,209.8851,-64.6095,0.0000,0.0537,0.0537,-0.0582,0.0000,0.0000,-0.0365,-0.0146,0.0000
0.1608,0.9179,1.0000,-0.0372,-0.0605,209.7900,-64.6292,0.0000,0.0604,0.0604,-0.0606,0.0000,0.0000,-0.0365,-0.0146,0.0000
0.1945,0.8340,1.0000,-0.0288,-0.0605,209.6977,-64.6365,0.0000,0.0560,0.0560,-0.0624,0.0000,0.0000,-0.0365,-0.0146,0.0000
0.0936,0.9608,1.0000,-0.0207,-0.0605,209.6027,-64.6362,0.0000,0.0358,0.0358,-0.0668,0.0000,0.0000,-0.0365,-0.0146,0.0000
0.1372,0.9185,1.0000,-0.0123,0.0074,209.5018,-64.6455,0.0000,0.0344,0.0344,-0.0008,0.0000,0.0000,0.0044,0.0018,0.0000
0.1733,0.9435,1.0000,-0.0207,0.0074,209.4194,-64.6419,0.0000,0.0236,0.0236,-0.0027,0.0000,0.0000,0.0044,0.0018,0.0000
0.0699,1.0048,1.0000,-0.0123,0.0784,209.3212,-64.6483,0.0000,0.0216,0.0216,-0.0040,0.0000,0.0000,0.0474,0.0189,0.0000
0.1999,0.8184,1.0000,-0.0039,0.0784,209.2314,-64.6545,0.0000,0.0207,0.0207,-0.0053,0.0000,0.0000,0.0474,0.0189,0.0000
0.0768,0.9765,1.0000,0.0045,0.0784,209.1456,-64.6621,0.0000,0.0199,0.0199,-0.0079,0.0000,0.0000,0.0474,0.0189,0.0000
0.1798,0.8915,1.0000,0.0129,0.0784,209.0562,-64.6754,0.0000,0.0267,0.0267,-0.0077,0.0000,0.0000,0.0474,0.0189,0.0000
0.2000,0.8540,1.0000,0.0213,0.0784,208.9705,-64.6786,0.0000,0.0231,0.0231,-0.0083,0.0000,0.0000,0.0474,0.0189,0.0000
0.1553,0.8968,1.0000,0.0129,-0.0065,208.8826,-64.6782,0.0000,0.0127,0.0127,-0.0910,0.0000,0.0000,-0.0039,-0.0016,0.0000
0.2002,0.8500,1.0000,0.0212,-0.0065,208.7836,-64.6764,0.0000,-0.0025,-0.0025,-0.0901,0.0000,0.0000,-0.0039,-0.0016,0.0000
0.1827,0.8706,1.0000,0.0296,0.0072,208.6926,-64.6887,0.0000,-0.0057,-0.0057,-0.0895,0.0000,0.0000,0.0043,0.0017,0.0000
0.0690,0.9813,1.0000,0.0380,0.0072,208.5928,-64.7082,0.0000,-0.0074,-0.0074,-0.0893,0.0000,0.0000,0.0043,0.0017,0.0000
0.1895,0.9106,1.0000,0.0464,0.0072,208.4843,-64.7298,0.0000,0.0007,0.0007,-0.0871,0.0000,0.0000,0.0043,0.0017,0.0000
0.0409,1.0085,1.0000,0.0548,0.0072,208.4000,-64.7351,0.0000,-0.0100,-0.0100,-0.0835,0.0000,0.0000,0.0043,0.0017,0.0000
-0.1112,1.0986,1.0000,0.0632,0.0789,208.2970,-64.7322,0.0000,-0.0214,-0.0214,-0.0019,0.0000,0.0000,0.0476,0.0190,0.0000
0.0887,0.8367,1.0000,0.0716,0.0789,208.1916,-64.7342,0.0000,-0.0270,-0.0270,0.0003,0.0000,0.0000,0.0476,0.0190,0.0000
0.0033,1.0204,1.0000,0.0800,0.0811,208.0938,-64.7463,0.0000,-0.0208,-0.0208,0.0049,0.0000,0.0000,0.0489,0.0196,0.0000
-0.0842,1.0443,1.0000,0.0861,0.0811,207.9987,-64.7607,0.0000,-0.0125,-0.0125,0.0085,0.0000,0.0000,0.0489,0.0196,0.0000
0.0012,0.9775,1.0000,0.0781,0.0814,207.8998,-64.7755,0.0000,-0.0042,-0.0042,0.0128,0.0000,0.0000,0.0492,0.0197,0.0000
0.0546,0.9555,1.0000,0.0697,0.0814,207.8009,-64.7883,0.0000,0.0029,0.0029,0.0186,0.0000,0.0000,0.0492,0.0197,0.0000
0.0255,0.9928,1.0000,0.0613,0.0104,207.7321,-64.8056,0.0000,0.0171,0.0171,-0.0480,0.0000,0.0000,0.0062,0.0025,0.0000
0.0197,0.9896,1.0000,0.0697,0.0104,207.6380,-64.8153,0.0000,0.0130,0.0130,-0.0460,0.0000,0.0000,0.0062,0.0025,0.0000
0.2000,0.7079,1.0000,0.0781,0.0104,207.5481,-64.8192,0.0000,0.0118,0.0118,-0.0390,0.0000,0.0000,0.0062,0.0025,0.0000
0.1476,0.9386,1.0000,0.0697,-0.0189,207.4521,-64.8445,0.0000,0.0182,0.0182,-0.0373,0.0000,0.0000,-0.0114,-0.0046,0.0000
0.1900,0.8904,1.0000,0.0613,-0.0189,207.3715,-64.8594,0.0000,0.0238,0.0238,-0.0314,0.0000,0.0000,-0.0114,-0.0046,0.0000
0.0654,0.9845,1.0000,0.0529,-0.0189,207.2884,-64.8798,0.0000,0.0308,0.0308,-0.0286,0.0000,0.0000,-0.0114,-0.0046,0.0000
0.2006,0.8153,1.0000,0.0445,-0.0189,207.1944,-64.8918,0.0000,0.0329,0.0329,-0.0226,0.0000,0.0000,-0.0114,-0.0046,0.0000
0.2000,0.8502,1.0000,0.0361,-0.0189,207.1189,-64.8993,0.0000,0.0304,0.0304,-0.0173,0.0000,0.0000,-0.0114,-0.0046,0.0000
0.1996,0.9398,1.0000,0.0292,-0.0251,207.0342,-64.9130,0.0000,0.0306,0.0306,-0.0333,0.0000,0.0000,-0.0151,-0.0061,0.0000
0.2000,0.7512,1.0000,0.0209,-0.0251,206.9538,-64.9272,0.0000,0.0346,0.0346,-0.0309,0.0000,0.0000,-0.0151,-0.0061,0.0000
0.2002,0.8510,1.0000,0.0125,-0.0251,206.8659,-64.9457,0.0000,0.0372,0.0372,-0.0278,0.0000,0.0000,-0.0151,-0.0061,0.0000
0.2000,0.8101,1.0000,0.0041,-0.0251,206.7822,-64.9624,0.0000,0.0401,0.0401,-0.0262,0.0000,0.0000,-0.0151,-0.0061,0.0000
0.1999,0.8918,1.0000,-0.0043,-0.0263,206.6950,-64.9747,0.0000,0.0363,0.0363,-0.0252,0.0000,0.0000,-0.0159,-0.0063,0.0000
0.1998,0.8461,1.0000,-0.0127,-0.0263,206.6177,-64.9894,0.0000,0.0380,0.0380,-0.0248,0.0000,0.0000,-0.0159,-0.0063,0.0000
0.1996,0.8737,1.0000,-0.0210,-0.0263,206.5319,-65.0046,0.0000,0.0380,0.0380,-0.0239,0.0000,0.0000,-0.0159,-0.0063,0.0000
0.2000,0.7796,1.0000,-0.0152,-0.0263,206.4472,-65.0180,0.0000,0.0373,0.0373,-0.0242,0.0000,0.0000,-0.0159,-0.0063,0.0000
0.1998,0.8640,1.0000,-0.0161,-0.0187,206.3591,-65.0251,0.0000,0.0277,0.0277,-0.0119,0.0000,0.0000,-0.0113,-0.0045,0.0000
0.2000,0.8503,1.0000,-0.0245,-0.0187,206.2763,-65.0495,0.0000,0.0368,0.0368,-0.0157,0.0000,0.0000,-0.0113,-0.0045,0.0000
0.1998,0.8767,1.0000,-0.0329,-0.0187,206.1670,-65.0620,0.0000,0.0306,0.0306,-0.0166,0.0000,0.0000,-0.0113,-0.0045,0.0000
0.2002,0.8533,1.0000,-0.0413,-0.0187,206.0801,-65.0857,0.0000,0.0396,0.0396,-0.0176,0.0000,0.0000,-0.0113,-0.0045,0.0000
0.0004,1.0912,1.0000,-0.0330,-0.0187,205.9868,-65.0925,0.0000,0.0282,0.0282,-0.0192,0.0000,0.0000,-0.0113,-0.0045,0.0000
0.1308,0.8922,1.0000,-0.0246,-0.0187,205.9016,-65.0901,0.0000,0.0134,0.0134,-0.0202,0.0000,0.0000,-0.0113,-0.0045,0.0000
0.1060,0.9277,1.0000,-0.0183,-0.0209,205.8139,-65.1110,0.0000,0.0169,0.0169,-0.0317,0.0000,0.0000,-0.0126,-0.0050,0.0000
0.2000,0.8465,1.0000,-0.0099,-0.0209,205.7308,-65.1238,0.0000,0.0158,0.0158,-0.0338,0.0000,0.0000,-0.0126,-0.0050,0.0000
0.1603,0.8920,1.0000,-0.0015,-0.0209,205.6416,-65.1332,0.0000,0.0085,0.0085,-0.0353,0.0000,0.0000,-0.0126,-0.0050,0.0000
0.1945,0.8336,1.0000,0.0069,-0.0209,205.5446,-65.1461,0.0000,0.0047,0.0047,-0.0378,0.0000,0.0000,-0.0126,-0.0050,0.0000
0.1593,0.8894,1.0000,0.0153,-0.0209,205.4546,-65.1583,0.0000,0.0005,0.0005,-0.0375,0.0000,0.0000,-0.0126,-0.0050,0.0000
0.0716,0.9702,1.0000,0.0237,-0.0209,205.3640,-65.1659,0.0000,-0.0090,-0.0090,-0.0379,0.0000,0.0000,-0.0126,-0.0050,0.0000
0.1999,0.9003,1.0000,0.0321,-0.0209,205.2768,-65.1739,0.0000,-0.0145,-0.0145,-0.0375,0.0000,0.0000,-0.0126,-0.0050,0.0000
0.1561,0.9010,1.0000,0.0405,-0.0209,205.1884,-65.1871,0.0000,-0.0159,-0.0159,-0.0362,0.0000,0.0000,-0.0126,-0.0050,0.0000
0.2001,0.8680,1.0000,0.0488,-0.0209,205.0955,-65.2026,0.0000,-0.0155,-0.0155,-0.0356,0.0000,0.0000,-0.0126,-0.0050,0.0000
0.1653,0.8871,1.0000,0.0572,0.0273,205.0097,-65.2130,0.0000,-0.0188,-0.0188,-0.0335,0.0000,0.0000,0.0165,0.0066,0.0000
0.1086,0.9339,1.0000,0.0656,0.0273,204.9206,-65.2211,0.0000,-0.0257,-0.0257,-0.0309,0.0000,0.0000,0.0165,0.0066,0.0000
0.1998,0.8564,1.0000,0.0740,0.0273,204.8354,-65.2371,0.0000,-0.0222,-0.0222,-0.0284,0.0000,0.0000,0.0165,0.0066,0.0000
0.1725,0.8861,1.0000,0.0824,0.0273,204.7442,-65.2538,0.0000,-0.0204,-0.0204,-0.0253,0.0000,0.0000,0.0165,0.0066,0.0000
0.2003,0.8601,1.0000,0.0906,0.0273,204.6573,-65.2718,0.0000,-0.0155,-0.0155,-0.0214,0.0000,0.0000,0.0165,0.0066,0.0000
0.1375,0.9200,1.0000,0.0990,0.0566,204.5591,-65.2870,0.0000,-0.0142,-0.0142,0.0209,0.0000,0.0000,0.0341,0.0136,0.0000
0.1905,0.8818,1.0000,0.0906,0.0566,204.4619,-65.2997,0.0000,-0.0128,-0.0128,0.0261,0.0000,0.0000,0.0341,0.0136,0.0000
0.0648,0.9852,1.0000,0.0822,0.0566,204.3694,-65.3110,0.0000,-0.0098,-0.0098,0.0316,0.0000,0.0000,0.0341,0.0136,0.0000
0.0476,0.9715,1.0000,0.0738,-0.0241,204.2700,-65.3310,0.0000,-0.0010,-0.0010,0.0370,0.0000,0.0000,-0.0145,-0.0058,0.0000
0.0867,0.9234,1.0000,0.0654,-0.0241,204.1867,-65.3653,0.0000,0.0232,0.0232,0.0418,0.0000,0.0000,-0.0145,-0.0058,0.0000
0.0189,1.0059,1.0000,0.0570,-0.0316,204.0925,-65.3938,0.0000,0.0426,0.0426,0.0301,0.0000,0.0000,-0.0190,-0.0076,0.0000
0.1884,0.8988,1.0000,0.0486,-0.0316,204.0001,-65.4116,0.0000,0.0467,0.0467,0.0346,0.0000,0.0000,-0.0190,-0.0076,0.0000
0.0730,0.9787,1.0000,0.0402,-0.0316,203.9090,-65.4289,0.0000,0.0535,0.0535,0.0389,0.0000,0.0000,-0.0190,-0.0076,0.0000
0.0813,0.9337,1.0000,0.0318,-0.0316,203.8092,-65.4482,0.0000,0.0585,0.0585,0.0427,0.0000,0.0000,-0.0190,-0.0076,0.0000
0.1268,0.9192,1.0000,0.0234,-0.0316,203.7052,-65.4689,0.0000,0.0642,0.0642,0.0454,0.0000,0.0000,-0.0190,-0.0076,0.0000
0.0250,1.0082,1.0000,0.0150,-0.0316,203.6111,-65.4951,0.0000,0.0796,0.0796,0.0487,0.0000,0.0000,-0.0190,-0.0076,0.0000
-0.0388,1.0508,1.0000,0.0078,-0.0304,203.5105,-65.5175,0.0000,0.0883,0.0883,0.0527,0.0000,0.0000,-0.0183,-0.0073,0.0000
0.0152,0.9698,1.0000,-0.0006,-0.0304,203.4174,-65.5389,0.0000,0.0949,0.0949,0.0552,0.0000,0.0000,-0.0183,-0.0073,0.0000
-0.0151,1.0221,1.0000,-0.0090,-0.0304,203.3209,-65.5573,0.0000,0.1008,0.1008,0.0560,0.0000,0.0000,-0.0183,-0.0073,0.0000
0.0435,0.9470,1.0000,-0.0174,-0.0304,203.2325,-65.5806,0.0000,0.1090,0.1090,0.0568,0.0000,0.0000,-0.0183,-0.0073,0.0000
0.0400,0.9740,1.0000,-0.0257,-0.0304,203.1289,-65.6042,0.0000,0.1178,0.1178,0.0567,0.0000,0.0000,-0.0183,-0.0073,0.0000
0.1940,0.9070,1.0000,-0.0341,-0.0304,203.0309,-65.6174,0.0000,0.1142,0.1142,0.0558,0.0000,0.0000,-0.0183,-0.0073,0.0000
-0.0029,1.0529,1.0000,-0.0425,-0.0308,202.9354,-65.6304,0.0000,0.1158,0.1158,0.0502,0.0000,0.0000,-0.0186,-0.0074,0.0000
0.0165,0.9810,1.0000,-0.0509,-0.0308,202.8361,-65.6469,0.0000,0.1142,0.1142,0.0480,0.0000,0.0000,-0.0186,-0.0074,0.0000
0.0636,0.9558,1.0000,-0.0593,-0.0308,202.7403,-65.6663,0.0000,0.1168,0.1168,0.0449,0.0000,0.0000,-0.0186,-0.0074,0.0000
0.0224,0.9990,1.0000,-0.0677,-0.0308,202.6356,-65.6853,0.0000,0.1187,0.1187,0.0409,0.0000,0.0000,-0.0186,-0.0074,0.0000
0.0517,0.9694,1.0000,-0.0760,-0.0308,202.5463,-65.6957,0.0000,0.1132,0.1132,0.0376,0.0000,0.0000,-0.0186,-0.0074,0.0000
-0.0427,1.0546,1.0000,-0.0809,-0.0275,202.4514,-65.7099,0.0000,0.1104,0.1104,-0.0273,0.0000,0.0000,-0.0166,-0.0066,0.0000
0.1572,0.8926,1.0000,-0.0893,-0.0275,202.3633,-65.7323,0.0000,0.1139,0.1139,-0.0319,0.0000,0.0000,-0.0166,-0.0066,0.0000
0.0962,0.9525,1.0000,-0.0822,-0.0275,202.2695,-65.7473,0.0000,0.1055,0.1055,-0.0369,0.0000,0.0000,-0.0166,-0.0066,0.0000
0.1999,0.9002,1.0000,-0.0738,-0.0275,202.1755,-65.7646,0.0000,0.1011,0.1011,-0.0425,0.0000,0.0000,-0.0166,-0.0066,0.0000
0.1122,0.9429,1.0000,-0.0656,-0.0275,202.0804,-65.7720,0.0000,0.0844,0.0844,-0.0488,0.0000,0.0000,-0.0166,-0.0066,0.0000
0.0808,0.9498,1.0000,-0.0740,-0.0797,201.9863,-65.7850,0.0000,0.0747,0.0747,-0.0540,0.0000,0.0000,-0.0481,-0.0192,0.0000
0.0717,0.9498,1.0000,-0.0657,-0.0797,201.8843,-65.8005,0.0000,0.0660,0.0660,-0.0589,0.0000,0.0000,-0.0481,-0.0192,0.0000
0.0689,0.9498,1.0000,-0.0573,0.0009,201.7913,-65.8082,0.0000,0.0525,0.0525,0.0160,0.0000,0.0000,0.0006,0.0002,0.0000
-0.0035,1.0230,1.0000,-0.0657,0.0009,201.6912,-65.8182,0.0000,0.0473,0.0473,0.0113,0.0000,0.0000,0.0006,0.0002,0.0000
0.0958,0.9275,1.0000,-0.0573,0.0251,201.5875,-65.8272,0.0000,0.0398,0.0398,0.0061,0.0000,0.0000,0.0151,0.0060,0.0000
0.0291,0.9986,1.0000,-0.0505,0.0251,201.4970,-65.8404,0.0000,0.0389,0.0389,0.0018,0.0000,0.0000,0.0151,0.0060,0.0000
-0.0210,1.0335,1.0000,-0.0422,0.0251,201.3976,-65.8510,0.0000,0.0334,0.0334,-0.0040,0.0000,0.0000,0.0151,0.0060,0.0000
0.0828,0.9069,1.0000,-0.0338,0.0251,201.3036,-65.8612,0.0000,0.0300,0.0300,-0.0072,0.0000,0.0000,0.0151,0.0060,0.0000
0.0337,0.9919,1.0000,-0.0254,0.0436,201.2096,-65.8648,0.0000,0.0190,0.0190,-0.0125,0.0000,0.0000,0.0263,0.0105,0.0000
0.1034,0.9384,1.0000,-0.0170,0.0436,201.1174,-65.8726,0.0000,0.0132,0.0132,-0.0159,0.0000,0.0000,0.0263,0.0105,0.0000
0.0949,0.9339,1.0000,-0.0086,0.0436,201.0312,-65.8745,0.0000,0.0029,0.0029,-0.0174,0.0000,0.0000,0.0263,0.0105,0.0000
0.1352,0.9189,1.0000,-0.0002,0.0436,200.9378,-65.8847,0.0000,-0.0004,-0.0004,-0.0198,0.0000,0.0000,0.0263,0.0105,0.0000
0.2000,0.8552,1.0000,0.0081,0.0436,200.8461,-65.9062,0.0000,0.0089,0.0089,-0.0207,0.0000,0.0000,0.0263,0.0105,0.0000
0.1248,0.9313,1.0000,0.0165,0.0436,200.7518,-65.9316,0.0000,0.0205,0.0205,-0.0210,0.0000,0.0000,0.0263,0.0105,0.0000
0.0992,0.9336,1.0000,0.0249,0.0436,200.6582,-65.9464,0.0000,0.0224,0.0224,-0.0217,0.0000,0.0000,0.0263,0.0105,0.0000
0.0625,0.9680,1.0000,0.0165,-0.0870,200.5588,-65.9606,0.0000,0.0179,0.0179,-0.0925,0.0000,0.0000,-0.0525,-0.0210,0.0000
0.0979,0.9392,1.0000,0.0249,-0.0870,200.4683,-65.9752,0.0000,0.0162,0.0162,-0.0900,0.0000,0.0000,-0.0525,-0.0210,0.0000
0.0332,0.9956,1.0000,0.0333,-0.0870,200.3926,-65.9785,0.0000,0.0022,0.0022,-0.0885,0.0000,0.0000,-0.0525,-0.0210,0.0000
0.1854,0.9098,1.0000,0.0417,-0.0870,200.3088,-65.9948,0.0000,0.0048,0.0048,-0.0885,0.0000,0.0000,-0.0525,-0.0210,0.0000
0.2000,0.7508,1.0000,0.0501,-0.0870,200.2158,-66.0136,0.0000,0.0126,0.0126,-0.0849,0.0000,0.0000,-0.0525,-0.0210,0.0000
0.1999,0.8464,1.0000,0.0585,-0.0870,200.1248,-66.0233,0.0000,0.0003,0.0003,-0.0827,0.0000,0.0000,-0.0525,-0.0210,0.0000
0.1100,0.9422,1.0000,0.0669,0.0042,200.0384,-66.0384,0.0000,-0.0044,-0.0044,-0.0107,0.0000,0.0000,0.0025,0.0010,0.0000
0.1480,0.9072,1.0000,0.0585,0.0042,199.9494,-66.0511,0.0000,-0.0022,-0.0022,-0.0072,0.0000,0.0000,0.0025,0.0010,0.0000
0.1966,0.8704,1.0000,0.0501,0.0042,199.8581,-66.0599,0.0000,-0.0038,-0.0038,-0.0029,0.0000,0.0000,0.0025,0.0010,0.0000
0.2010,0.8913,1.0000,0.0439,0.0042,199.7643,-66.0623,0.0000,-0.0125,-0.0125,0.0011,0.0000,0.0000,0.0025,0.0010,0.0000
0.1488,0.9093,1.0000,0.0355,0.0042,199.6786,-66.0699,0.0000,-0.0151,-0.0151,0.0045,0.0000,0.0000,0.0025,0.0010,0.0000
0.2000,0.8525,1.0000,0.0271,0.0042,199.6003,-66.1003,0.0000,0.0055,0.0055,0.0073,0.0000,0.0000,0.0025,0.0010,0.0000
0.2000,0.8525,1.0000,0.0187,0.0042,199.5059,-66.1083,0.0000,0.0023,0.0023,0.0115,0.0000,0.0000,0.0025,0.0010,0.0000
0.2001,0.8360,1.0000,0.0103,-0.0166,199.4234,-66.1211,0.0000,0.0028,0.0028,-0.0179,0.0000,0.0000,-0.0100,-0.0040,0.0000
0.1690,0.9384,1.0000,0.0187,-0.0166,199.3349,-66.1409,0.0000,0.0071,0.0071,-0.0167,0.0000,0.0000,-0.0100,-0.0040,0.0000
0.2001,0.8279,1.0000,0.0271,-0.0166,199.2459,-66.1565,0.0000,0.0089,0.0089,-0.0159,0.0000,0.0000,-0.0100,-0.0040,0.0000
0.1756,0.8997,1.0000,0.0187,-0.0272,199.1574,-66.1769,0.0000,0.0137,0.0137,-0.0157,0.0000,0.0000,-0.0164,-0.0066,0.0000
0.1649,0.8953,1.0000,0.0103,-0.0272,199.0679,-66.1984,0.0000,0.0208,0.0208,-0.0140,0.0000,0.0000,-0.0164,-0.0066,0.0000
0.1607,0.9010,1.0000,0.0019,-0.0272,198.9859,-66.2184,0.0000,0.0270,0.0270,-0.0133,0.0000,0.0000,-0.0164,-0.0066,0.0000
0.1284,0.9130,1.0000,-0.0065,-0.0470,198.9034,-66.2355,0.0000,0.0285,0.0285,-0.0398,0.0000,0.0000,-0.0284,-0.0113,0.0000
0.1999,0.8360,1.0000,-0.0149,-0.0470,198.8058,-66.2737,0.0000,0.0481,0.0481,-0.0408,0.0000,0.0000,-0.0284,-0.0113,0.0000
0.2001,0.8368,1.0000,-0.0233,-0.0470,198.7256,-66.2940,0.0000,0.0542,0.0542,-0.0366,0.0000,0.0000,-0.0284,-0.0113,0.0000
0.0152,1.0373,1.0000,-0.0149,-0.0266,198.6617,-66.2742,0.0000,0.0177,0.0177,-0.0387,0.0000,0.0000,-0.0160,-0.0064,0.0000
0.2001,0.8231,1.0000,-0.0065,-0.0266,198.5815,-66.2737,0.0000,0.0055,0.0055,-0.0393,0.0000,0.0000,-0.0160,-0.0064,0.0000
0.2000,0.6675,1.0000,0.0019,-0.0266,198.4915,-66.3005,0.0000,0.0170,0.0170,-0.0404,0.0000,0.0000,-0.0160,-0.0064,0.0000
0.2000,0.7956,1.0000,0.0102,-0.0266,198.4119,-66.3154,0.0000,0.0132,0.0132,-0.0413,0.0000,0.0000,-0.0160,-0.0064,0.0000
0.1313,0.9300,1.0000,0.0186,0.0523,198.3407,-66.3374,0.0000,0.0256,0.0256,0.0663,0.0000,0.0000,0.0315,0.0126,0.0000
0.2000,0.8030,1.0000,0.0103,0.0523,198.2514,-66.3409,0.0000,0.0172,0.0172,0.0666,0.0000,0.0000,0.0315,0.0126,0.0000
0.2000,0.7378,1.0000,0.0019,0.0523,198.1469,-66.3490,0.0000,0.0150,0.0150,0.0692,0.0000,0.0000,0.0315,0.0126,0.0000
0.1753,0.8865,1.0000,-0.0065,0.0523,198.0588,-66.3686,0.0000,0.0322,0.0322,0.0697,0.0000,0.0000,0.0315,0.0126,0.0000
0.0046,1.0382,1.0000,-0.0149,0.0523,197.9649,-66.3861,0.0000,0.0470,0.0470,0.0704,0.0000,0.0000,0.0315,0.0126,0.0000
0.1779,0.8949,1.0000,-0.0233,0.0523,197.8745,-66.4038,0.0000,0.0521,0.0521,0.0712,0.0000,0.0000,0.0315,0.0126,0.0000
0.1017,0.9471,1.0000,-0.0317,-0.0476,197.7858,-66.4173,0.0000,0.0549,0.0549,0.0160,0.0000,0.0000,-0.0287,-0.0115,0.0000
0.1355,0.9126,1.0000,-0.0401,-0.0476,197.7003,-66.4333,0.0000,0.0585,0.0585,0.0162,0.0000,0.0000,-0.0287,-0.0115,0.0000
0.1723,0.8898,1.0000,-0.0485,-0.0476,197.6087,-66.4390,0.0000,0.0498,0.0498,0.0132,0.0000,0.0000,-0.0287,-0.0115,0.0000
0.1998,0.8622,1.0000,-0.0569,-0.0476,197.5260,-66.4464,0.0000,0.0446,0.0446,0.0115,0.0000,0.0000,-0.0287,-0.0115,0.0000
0.1398,0.9120,1.0000,-0.0652,-0.0476,197.4336,-66.4519,0.0000,0.0362,0.0362,0.0092,0.0000,0.0000,-0.0287,-0.0115,0.0000
0.2000,0.8240,1.0000,-0.0736,-0.0476,197.3442,-66.4576,0.0000,0.0278,0.0278,0.0066,0.0000,0.0000,-0.0287,-0.0115,0.0000
0.2000,0.9182,1.0000,-0.0652,-0.0038,197.2645,-66.4708,0.0000,0.0277,0.0277,-0.0060,0.0000,0.0000,-0.0023,-0.0009,0.0000
0.1628,0.8895,1.0000,-0.0568,-0.0038,197.1754,-66.4796,0.0000,0.0209,0.0209,-0.0115,0.0000,0.0000,-0.0023,-0.0009,0.0000
0.2000,0.8004,1.0000,-0.0484,-0.0038,197.0819,-66.4985,0.0000,0.0242,0.0242,-0.0165,0.0000,0.0000,-0.0023,-0.0009,0.0000
0.1626,0.8898,1.0000,-0.0401,-0.0038,196.9872,-66.5123,0.0000,0.0204,0.0204,-0.0224,0.0000,0.0000,-0.0023,-0.0009,0.0000
0.0978,0.9443,1.0000,-0.0317,-0.0038,196.8919,-66.5219,0.0000,0.0131,0.0131,-0.0268,0.0000,0.0000,-0.0023,-0.0009,0.0000
0.0787,0.9492,1.0000,-0.0233,-0.0038,196.7925,-66.5255,0.0000,0.0000,0.0000,-0.0306,0.0000,0.0000,-0.0023,-0.0009,0.0000
0.0705,0.9504,1.0000,-0.0149,0.0068,196.6982,-66.5278,0.0000,-0.0124,-0.0124,-0.0088,0.0000,0.0000,0.0041,0.0016,0.0000
0.0348,0.9878,1.0000,-0.0066,0.0068,196.6021,-66.5338,0.0000,-0.0197,-0.0197,-0.0110,0.0000,0.0000,0.0041,0.0016,0.0000
0.1383,0.9365,1.0000,0.0018,0.0068,196.5120,-66.5515,0.0000,-0.0132,-0.0132,-0.0115,0.0000,0.0000,0.0041,0.0016,0.0000
0.0853,0.9550,1.0000,0.0102,0.0068,196.4210,-66.5649,0.0000,-0.0125,-0.0125,-0.0141,0.0000,0.0000,0.0041,0.0016,0.0000
0.1665,0.9101,1.0000,0.0018,-0.0122,196.3202,-66.5790,0.0000,-0.0107,-0.0107,-0.0140,0.0000,0.0000,-0.0073,-0.0029,0.0000
0.1311,0.9115,1.0000,0.0102,-0.0122,196.2230,-66.5875,0.0000,-0.0139,-0.0139,-0.0129,0.0000,0.0000,-0.0073,-0.0029,0.0000
0.0285,1.0096,1.0000,0.0186,-0.0122,196.1159,-66.6087,0.0000,-0.0064,-0.0064,-0.0123,0.0000,0.0000,-0.0073,-0.0029,0.0000
0.0563,0.9666,1.0000,0.0102,-0.0326,196.0112,-66.6171,0.0000,-0.0127,-0.0127,-0.0405,0.0000,0.0000,-0.0197,-0.0079,0.0000
-0.0800,1.0833,1.0000,0.0018,-0.0767,195.9036,-66.6328,0.0000,-0.0150,-0.0150,-0.0390,0.0000,0.0000,-0.0463,-0.0185,0.0000
-0.0633,1.0410,1.0000,0.0102,-0.0767,195.8034,-66.6419,0.0000,-0.0197,-0.0197,-0.0377,0.0000,0.0000,-0.0463,-0.0185,0.0000
-0.1754,1.0780,1.0000,0.0186,-0.0767,195.7019,-66.6526,0.0000,-0.0249,-0.0249,-0.0371,0.0000,0.0000,-0.0463,-0.0185,0.0000
-0.0440,0.9981,1.0000,0.0269,-0.0767,195.5898,-66.6676,0.0000,-0.0253,-0.0253,-0.0364,0.0000,0.0000,-0.0463,-0.0185,0.0000
-0.0255,1.0114,1.0000,0.0353,-0.0767,195.4783,-66.6895,0.0000,-0.0201,-0.0201,-0.0350,0.0000,0.0000,-0.0463,-0.0185,0.0000
-0.1662,1.1215,1.0000,0.0437,-0.0160,195.3796,-66.7018,0.0000,-0.0131,-0.0131,0.0428,0.0000,0.0000,-0.0096,-0.0038,0.0000
-0.1996,1.1274,1.0000,0.0353,-0.0160,195.2727,-66.7059,0.0000,-0.0156,-0.0156,0.0451,0.0000,0.0000,-0.0096,-0.0038,0.0000
-0.0389,0.9857,1.0000,0.0269,-0.0160,195.1588,-66.7020,0.0000,-0.0285,-0.0285,0.0508,0.0000,0.0000,-0.0096,-0.0038,0.0000
-0.0904,1.0596,1.0000,0.0185,-0.0160,195.0569,-66.7129,0.0000,-0.0216,-0.0216,0.0544,0.0000,0.0000,-0.0096,-0.0038,0.0000
-0.2001,1.1254,1.0000,0.0101,-0.0160,194.9581,-66.7308,0.0000,-0.0085,-0.0085,0.0559,0.0000,0.0000,-0.0096,-0.0038,0.0000
-0.1259,1.0163,1.0000,0.0185,0.0576,194.8591,-66.7622,0.0000,0.0109,0.0109,-0.0108,0.0000,0.0000,0.0347,0.0139,0.0000
-0.0289,0.9962,1.0000,0.0249,0.0576,194.7529,-66.8004,0.0000,0.0340,0.0340,-0.0102,0.0000,0.0000,0.0347,0.0139,0.0000
-0.0573,1.0299,1.0000,0.0166,0.0576,194.6464,-66.8286,0.0000,0.0469,0.0469,-0.0098,0.0000,0.0000,0.0347,0.0139,0.0000
-0.2003,1.1196,1.0000,0.0082,0.0576,194.5459,-66.8336,0.0000,0.0389,0.0389,-0.0064,0.0000,0.0000,0.0347,0.0139,0.0000
-0.1588,1.0915,1.0000,0.0074,0.0576,194.4431,-66.8456,0.0000,0.0372,0.0372,-0.0048,0.0000,0.0000,0.0347,0.0139,0.0000
-0.0579,0.9965,1.0000,-0.0009,0.0576,194.3428,-66.8649,0.0000,0.0430,0.0430,-0.0033,0.0000,0.0000,0.0347,0.0139,0.0000
-0.0442,1.0270,1.0000,-0.0093,-0.0181,194.2349,-66.8908,0.0000,0.0552,0.0552,0.0230,0.0000,0.0000,-0.0109,-0.0044,0.0000
-0.0279,1.0130,1.0000,-0.0176,-0.0181,194.1321,-66.9105,0.0000,0.0634,0.0634,0.0244,0.0000,0.0000,-0.0109,-0.0044,0.0000
-0.1836,1.1000,1.0000,-0.0260,-0.0181,194.0296,-66.9233,0.0000,0.0653,0.0653,0.0242,0.0000,0.0000,-0.0109,-0.0044,0.0000
-0.0930,1.0381,1.0000,-0.0344,-0.0181,193.9158,-66.9381,0.0000,0.0654,0.0654,0.0230,0.0000,0.0000,-0.0109,-0.0044,0.0000
-0.0512,1.0239,1.0000,-0.0428,-0.0181,193.8208,-66.9568,0.0000,0.0712,0.0712,0.0197,0.0000,0.0000,-0.0109,-0.0044,0.0000
-0.2007,1.1373,1.0000,-0.0344,0.0576,193.7212,-66.9681,0.0000,0.0752,0.0752,0.0775,0.0000,0.0000,0.0347,0.0139,0.0000
-0.0101,0.9591,1.0000,-0.0427,0.0576,193.6178,-66.9820,0.0000,0.0748,0.0748,0.0744,0.0000,0.0000,0.0347,0.0139,0.0000
-0.0004,0.9946,1.0000,-0.0510,0.0576,193.5159,-66.9955,0.0000,0.0821,0.0821,0.0712,0.0000,0.0000,0.0347,0.0139,0.0000
-0.0460,1.0340,1.0000,-0.0594,0.0576,193.4118,-67.0018,0.0000,0.0817,0.0817,0.0671,0.0000,0.0000,0.0347,0.0139,0.0000
-0.0335,1.0187,1.0000,-0.0678,0.0576,193.3217,-67.0169,0.0000,0.0892,0.0892,0.0632,0.0000,0.0000,0.0347,0.0139,0.0000
-0.0584,1.0362,1.0000,-0.0762,0.0576,193.2236,-67.0208,0.0000,0.0870,0.0870,0.0612,0.0000,0.0000,0.0347,0.0139,0.0000
0.0919,0.9051,1.0000,-0.0838,0.0576,193.1147,-67.0167,0.0000,0.0703,0.0703,0.0561,0.0000,0.0000,0.0347,0.0139,0.0000
0.0528,0.9744,1.0000,-0.0787,0.0576,193.0220,-67.0238,0.0000,0.0712,0.0712,0.0504,0.0000,0.0000,0.0347,0.0139,0.0000
-0.0704,1.0843,1.0000,-0.0871,0.0052,192.9181,-67.0346,0.0000,0.0761,0.0761,0.0453,0.0000,0.0000,0.0031,0.0012,0.0000
0.0656,0.9230,1.0000,-0.0954,0.0052,192.8134,-67.0449,0.0000,0.0734,0.0734,0.0381,0.0000,0.0000,0.0031,0.0012,0.0000
-0.0181,1.0356,1.0000,-0.1038,-0.1151,192.7100,-67.0593,0.0000,0.0779,0.0779,-0.1181,0.0000,0.0000,-0.0697,-0.0279,0.0000
-0.0465,1.0438,1.0000,-0.0955,-0.1151,192.6153,-67.0630,0.0000,0.0582,0.0582,-0.1247,0.0000,0.0000,-0.0697,-0.0279,0.0000
-0.0474,1.0343,1.0000,-0.0871,-0.1151,192.5152,-67.0630,0.0000,0.0352,0.0352,-0.1304,0.0000,0.0000,-0.0697,-0.0279,0.0000
0.0416,0.9419,1.0000,-0.0787,-0.1151,192.4150,-67.0600,0.0000,0.0141,0.0141,-0.1379,0.0000,0.0000,-0.0697,-0.0279,0.0000
0.0185,0.9954,1.0000,-0.0703,-0.1151,192.3206,-67.0643,0.0000,-0.0077,-0.0077,-0.1438,0.0000,0.0000,-0.0697,-0.0279,0.0000
0.0084,0.9977,1.0000,-0.0620,-0.1151,192.2251,-67.0629,0.0000,-0.0324,-0.0324,-0.1510,0.0000,0.0000,-0.0697,-0.0279,0.0000
0.1171,0.9380,1.0000,-0.0536,0.0187,192.1341,-67.0606,0.0000,-0.0500,-0.0500,-0.0301,0.0000,0.0000,0.0113,0.0045,0.0000
0.0806,0.9507,1.0000,-0.0452,0.0187,192.0487,-67.0599,0.0000,-0.0608,-0.0608,-0.0366,0.0000,0.0000,0.0113,0.0045,0.0000
0.1952,0.9042,1.0000,-0.0368,0.0187,191.9507,-67.0685,0.0000,-0.0615,-0.0615,-0.0414,0.0000,0.0000,0.0113,0.0045,0.0000
0.2000,0.8495,1.0000,-0.0284,0.0187,191.8570,-67.0772,0.0000,-0.0615,-0.0615,-0.0466,0.0000,0.0000,0.0113,0.0045,0.0000
0.0793,0.9750,1.0000,-0.0200,0.0187,191.7601,-67.0895,0.0000,-0.0620,-0.0620,-0.0506,0.0000,0.0000,0.0113,0.0045,0.0000
0.1079,0.9316,1.0000,-0.0116,0.0187,191.6641,-67.0875,0.0000,-0.0718,-0.0718,-0.0533,0.0000,0.0000,0.0113,0.0045,0.0000
0.0631,0.9666,1.0000,-0.0200,-0.0926,191.5748,-67.0741,0.0000,-0.0942,-0.0942,-0.0938,0.0000,0.0000,-0.0560,-0.0224,0.0000
0.0637,0.9529,1.0000,-0.0116,-0.0926,191.4790,-67.0717,0.0000,-0.1081,-0.1081,-0.0953,0.0000,0.0000,-0.0560,-0.0224,0.0000
0.1885,0.8962,1.0000,-0.0033,-0.0926,191.3813,-67.0844,0.0000,-0.1055,-0.1055,-0.0975,0.0000,0.0000,-0.0560,-0.0224,0.0000
0.1045,0.9510,1.0000,0.0051,-0.0926,191.2814,-67.0999,0.0000,-0.1059,-0.1059,-0.0998,0.0000,0.0000,-0.0560,-0.0224,0.0000
0.0545,0.9748,1.0000,0.0135,-0.0926,191.1870,-67.1119,0.0000,-0.1065,-0.1065,-0.0999,0.0000,0.0000,-0.0560,-0.0224,0.0000
0.0172,1.0016,1.0000,0.0219,-0.0926,191.0940,-67.1189,0.0000,-0.1120,-0.1120,-0.0998,0.0000,0.0000,-0.0560,-0.0224,0.0000
0.1116,0.9431,1.0000,0.0303,-0.0926,191.0083,-67.1046,0.0000,-0.1332,-0.1332,-0.0990,0.0000,0.0000,-0.0560,-0.0224,0.0000
0.1062,0.9241,1.0000,0.0387,0.0161,190.9123,-67.1059,0.0000,-0.1419,-0.1419,-0.0433,0.0000,0.0000,0.0097,0.0039,0.0000
0.2001,0.8610,1.0000,0.0471,0.0161,190.8165,-67.1159,0.0000,-0.1365,-0.1365,-0.0428,0.0000,0.0000,0.0097,0.0039,0.0000
0.1023,0.9516,1.0000,0.0555,0.0161,190.7194,-67.1290,0.0000,-0.1311,-0.1311,-0.0414,0.0000,0.0000,0.0097,0.0039,0.0000
0.0734,0.9556,1.0000,0.0639,0.0161,190.6228,-67.1432,0.0000,-0.1219,-0.1219,-0.0385,0.0000,0.0000,0.0097,0.0039,0.0000
0.0509,0.9718,1.0000,0.0723,0.0161,190.5364,-67.1449,0.0000,-0.1238,-0.1238,-0.0338,0.0000,0.0000,0.0097,0.0039,0.0000
0.0444,0.9705,1.0000,0.0807,0.0161,190.4523,-67.1389,0.0000,-0.1332,-0.1332,-0.0294,0.0000,0.0000,0.0097,0.0039,0.0000
0.1837,0.8560,1.0000,0.0891,0.0161,190.3585,-67.1414,0.0000,-0.1331,-0.1331,-0.0248,0.0000,0.0000,0.0097,0.0039,0.0000
0.1995,0.8347,1.0000,0.0975,0.0161,190.2616,-67.1618,0.0000,-0.1167,-0.1167,-0.0197,0.0000,0.0000,0.0097,0.0039,0.0000
0.1337,0.9298,1.0000,0.1059,0.0218,190.1720,-67.1755,0.0000,-0.1117,-0.1117,-0.0629,0.0000,0.0000,0.0131,0.0053,0.0000
0.0488,0.9863,1.0000,0.1143,0.0218,190.0803,-67.1874,0.0000,-0.1092,-0.1092,-0.0570,0.0000,0.0000,0.0131,0.0053,0.0000
0.2002,0.9020,1.0000,0.1227,0.0218,189.9830,-67.1936,0.0000,-0.1091,-0.1091,-0.0511,0.0000,0.0000,0.0131,0.0053,0.0000
0.1410,0.9189,1.0000,0.1310,0.0218,189.8869,-67.2036,0.0000,-0.1073,-0.1073,-0.0442,0.0000,0.0000,0.0131,0.0053,0.0000
0.0736,0.9672,1.0000,0.1394,0.0218,189.7962,-67.2187,0.0000,-0.1000,-0.1000,-0.0365,0.0000,0.0000,0.0131,0.0053,0.0000
0.0588,0.9598,1.0000,0.1478,0.1017,189.7056,-67.2362,0.0000,-0.0872,-0.0872,0.0674,0.0000,0.0000,0.0615,0.0246,0.0000
0.1316,0.9164,1.0000,0.1394,0.1017,189.6112,-67.2551,0.0000,-0.0679,-0.0679,0.0753,0.0000,0.0000,0.0615,0.0246,0.0000
0.1138,0.9202,1.0000,0.1310,0.1017,189.5112,-67.2757,0.0000,-0.0444,-0.0444,0.0854,0.0000,0.0000,0.0615,0.0246,0.0000
0.0719,0.9588,1.0000,0.1226,0.0136,189.4204,-67.2960,0.0000,-0.0193,-0.0193,0.0954,0.0000,0.0000,0.0082,0.0033,0.0000
-0.0009,1.0192,1.0000,0.1142,0.0136,189.3274,-67.3118,0.0000,0.0022,0.0022,0.1043,0.0000,0.0000,0.0082,0.0033,0.0000
0.0695,0.9291,1.0000,0.1058,0.0136,189.2307,-67.3323,0.0000,0.0204,0.0204,0.1132,0.0000,0.0000,0.0082,0.0033,0.0000
0.0788,0.9386,1.0000,0.0974,0.0136,189.1398,-67.3407,0.0000,0.0311,0.0311,0.1204,0.0000,0.0000,0.0082,0.0033,0.0000
0.0364,0.9845,1.0000,0.0890,-0.0682,189.0407,-67.3392,0.0000,0.0299,0.0299,0.0740,0.0000,0.0000,-0.0411,-0.0164,0.0000
0.1050,0.9047,1.0000,0.0806,-0.0682,188.9414,-67.3616,0.0000,0.0450,0.0450,0.0806,0.0000,0.0000,-0.0411,-0.0164,0.0000
0.0514,0.9762,1.0000,0.0723,-0.0682,188.8613,-67.3914,0.0000,0.0746,0.0746,0.0865,0.0000,0.0000,-0.0411,-0.0164,0.0000
0.0025,1.0120,1.0000,0.0639,-0.0682,188.7635,-67.4141,0.0000,0.0939,0.0939,0.0909,0.0000,0.0000,-0.0411,-0.0164,0.0000
0.1464,0.8541,1.0000,0.0555,-0.0682,188.6726,-67.4333,0.0000,0.1012,0.1012,0.0956,0.0000,0.0000,-0.0411,-0.0164,0.0000
0.0425,0.9962,1.0000,0.0471,-0.0809,188.5781,-67.4556,0.0000,0.1258,0.1258,0.1007,0.0000,0.0000,-0.0488,-0.0195,0.0000
0.0465,0.9641,1.0000,0.0387,-0.1258,188.4786,-67.4769,0.0000,0.1382,0.1382,0.0601,0.0000,0.0000,-0.0762,-0.0305,0.0000
0.0470,0.9641,1.0000,0.0303,-0.1258,188.3840,-67.4946,0.0000,0.1468,0.1468,0.0647,0.0000,0.0000,-0.0762,-0.0305,0.0000
0.0035,1.0100,1.0000,0.0219,-0.1580,188.2993,-67.5151,0.0000,0.1600,0.1600,0.0672,0.0000,0.0000,-0.0960,-0.0384,0.0000
0.0432,0.9548,1.0000,0.0135,-0.1580,188.1973,-67.5238,0.0000,0.1565,0.1565,0.0712,0.0000,0.0000,-0.0960,-0.0384,0.0000
0.1488,0.8642,1.0000,0.0051,-0.1580,188.1093,-67.5406,0.0000,0.1604,0.1604,0.0729,0.0000,0.0000,-0.0960,-0.0384,0.0000
0.0251,1.0136,1.0000,-0.0033,-0.1580,188.0237,-67.5633,0.0000,0.1786,0.1786,0.0736,0.0000,0.0000,-0.0960,-0.0384,0.0000
0.1166,0.8886,1.0000,-0.0117,-0.1580,187.9255,-67.5880,0.0000,0.1873,0.1873,0.0742,0.0000,0.0000,-0.0960,-0.0384,0.0000
0.1449,0.8775,1.0000,-0.0033,-0.0390,187.8278,-67.6115,0.0000,0.2017,0.2017,0.1810,0.0000,0.0000,-0.0235,-0.0094,0.0000
0.0343,1.0041,1.0000,-0.0116,-0.0390,187.7422,-67.6255,0.0000,0.2258,0.2258,0.1804,0.0000,0.0000,-0.0235,-0.0094,0.0000
0.0130,0.9968,1.0000,-0.0200,-0.0390,187.6488,-67.6354,0.0000,0.2333,0.2333,0.1792,0.0000,0.0000,-0.0235,-0.0094,0.0000
0.1444,0.8601,1.0000,-0.0284,-0.0390,187.5567,-67.6533,0.0000,0.2382,0.2382,0.1800,0.0000,0.0000,-0.0235,-0.0094,0.0000
0.1052,0.9319,1.0000,-0.0368,-0.0390,187.4686,-67.6704,0.0000,0.2594,0.2594,0.1775,0.0000,0.0000,-0.0235,-0.0094,0.0000
0.0947,0.9299,1.0000,-0.0452,-0.0390,187.3753,-67.6975,0.0000,0.2843,0.2843,0.1754,0.0000,0.0000,-0.0235,-0.0094,0.0000
0.1319,0.8898,1.0000,-0.0368,-0.0170,187.2752,-67.7133,0.0000,0.2943,0.2943,0.2067,0.0000,0.0000,-0.0102,-0.0041,0.0000
0.0724,0.9621,1.0000,-0.0452,-0.0170,187.1776,-67.7283,0.0000,0.3177,0.3177,0.2042,0.0000,0.0000,-0.0102,-0.0041,0.0000
0.0142,1.0053,1.0000,-0.0536,-0.0170,187.0907,-67.7426,0.0000,0.3365,0.3365,0.2005,0.0000,0.0000,-0.0102,-0.0041,0.0000
0.0227,0.9798,1.0000,-0.0620,-0.0170,186.9967,-67.7592,0.0000,0.3510,0.3510,0.1971,0.0000,0.0000,-0.0102,-0.0041,0.0000
0.1360,0.8731,1.0000,-0.0704,-0.0170,186.9047,-67.7752,0.0000,0.3567,0.3567,0.1928,0.0000,0.0000,-0.0102,-0.0041,0.0000
0.0883,0.9473,1.0000,-0.0788,-0.0170,186.8167,-67.7951,0.0000,0.3835,0.3835,0.1883,0.0000,0.0000,-0.0102,-0.0041,0.0000
0.0915,0.9258,1.0000,-0.0872,-0.0170,186.7225,-67.8130,0.0000,0.3992,0.3992,0.1832,0.0000,0.0000,-0.0102,-0.0041,0.0000
0.1304,0.8930,1.0000,-0.0956,-0.0725,186.6322,-67.8306,0.0000,0.4152,0.4152,0.1969,0.0000,0.0000,-0.0437,-0.0175,0.0000
0.0831,0.9505,1.0000,-0.1040,-0.0725,186.5421,-67.8426,0.0000,0.4338,0.4338,0.1914,0.0000,0.0000,-0.0437,-0.0175,0.0000
0.1042,0.9123,1.0000,-0.1124,-0.0725,186.4457,-67.8476,0.0000,0.4363,0.4363,0.1855,0.0000,0.0000,-0.0437,-0.0175,0.0000
0.1200,0.9022,1.0000,-0.1208,-0.0725,186.3623,-67.8677,0.0000,0.4553,0.4553,0.1775,0.0000,0.0000,-0.0437,-0.0175,0.0000
0.0715,0.9599,1.0000,-0.1292,-0.0725,186.2634,-67.8795,0.0000,0.4730,0.4730,0.1708,0.0000,0.0000,-0.0437,-0.0175,0.0000
0.1695,0.8481,1.0000,-0.1376,-0.0725,186.1741,-67.8919,0.0000,0.4763,0.4763,0.1633,0.0000,0.0000,-0.0437,-0.0175,0.0000
0.0576,0.9885,1.0000,-0.1292,-0.0398,186.0741,-67.8990,0.0000,0.4983,0.4983,0.1998,0.0000,0.0000,-0.0240,-0.0096,0.0000
0.1207,0.8941,1.0000,-0.1376,-0.0398,185.9742,-67.9099,0.0000,0.5053,0.5053,0.1928,0.0000,0.0000,-0.0240,-0.0096,0.0000
0.0348,0.9967,1.0000,-0.1460,-0.0398,185.8746,-67.9188,0.0000,0.5281,0.5281,0.1840,0.0000,0.0000,-0.0240,-0.0096,0.0000
0.0122,0.9971,1.0000,-0.1376,-0.0115,185.7677,-67.9215,0.0000,0.5359,0.5359,0.1760,0.0000,0.0000,-0.0069,-0.0028,0.0000
0.0109,0.9920,1.0000,-0.1460,-0.0115,185.6517,-67.9298,0.0000,0.5497,0.5497,0.1679,0.0000,0.0000,-0.0069,-0.0028,0.0000
-0.0562,1.0644,1.0000,-0.1544,-0.0434,185.5575,-67.9310,0.0000,0.5558,0.5558,0.1134,0.0000,0.0000,-0.0262,-0.0105,0.0000
-0.2002,1.1542,1.0000,-0.1628,-0.0434,185.4713,-67.9357,0.0000,0.5642,0.5642,0.1048,0.0000,0.0000,-0.0262,-0.0105,0.0000
-0.0003,0.9398,1.0000,-0.1712,-0.0434,185.3451,-67.9419,0.0000,0.5601,0.5601,0.0954,0.0000,0.0000,-0.0262,-0.0105,0.0000
0.1554,0.8577,1.0000,-0.1796,-0.0583,185.2480,-67.9452,0.0000,0.5582,0.5582,0.0825,0.0000,0.0000,-0.0352,-0.0141,0.0000
-0.0446,1.2533,1.0000,-0.1847,-0.0550,185.1578,-67.9253,0.0000,0.5518,0.5518,0.0760,0.0000,0.0000,-0.0332,-0.0133,0.0000
0.0162,0.9659,1.0000,-0.1931,-0.0550,185.0451,-67.9398,0.0000,0.5540,0.5540,0.0623,0.0000,0.0000,-0.0332,-0.0133,0.0000
0.1307,0.9313,1.0000,-0.2015,-0.0550,184.9345,-67.9359,0.0000,0.5474,0.5474,0.0474,0.0000,0.0000,-0.0332,-0.0133,0.0000
-0.0689,1.1211,1.0000,-0.2099,-0.0550,184.8355,-67.9263,0.0000,0.5389,0.5389,0.0331,0.0000,0.0000,-0.0332,-0.0133,0.0000
-0.2000,1.1029,1.0000,-0.2183,-0.0550,184.7273,-67.9187,0.0000,0.5269,0.5269,0.0166,0.0000,0.0000,-0.0332,-0.0133,0.0000
-0.0467,0.9947,1.0000,-0.2267,-0.0550,184.6217,-67.9036,0.0000,0.5074,0.5074,-0.0004,0.0000,0.0000,-0.0332,-0.0133,0.0000
-0.1699,1.0822,1.0000,-0.2183,-0.0204,184.5198,-67.8911,0.0000,0.4951,0.4951,0.0650,0.0000,0.0000,-0.0123,-0.0049,0.0000
-0.1139,1.0703,1.0000,-0.2267,-0.0204,184.4105,-67.8878,0.0000,0.4955,0.4955,0.0464,0.0000,0.0000,-0.0123,-0.0049,0.0000
-0.0562,1.0261,1.0000,-0.2228,-0.0204,184.3245,-67.8535,0.0000,0.4626,0.4626,0.0290,0.0000,0.0000,-0.0123,-0.0049,0.0000
-0.1738,1.0841,1.0000,-0.2144,-0.0204,184.2390,-67.8516,0.0000,0.4649,0.4649,0.0147,0.0000,0.0000,-0.0123,-0.0049,0.0000
0.0123,0.9462,1.0000,-0.2061,-0.0204,184.1207,-67.8485,0.0000,0.4674,0.4674,-0.0035,0.0000,0.0000,-0.0123,-0.0049,0.0000
0.1542,0.8449,1.0000,-0.1977,-0.0204,184.0263,-67.8300,0.0000,0.4546,0.4546,-0.0196,0.0000,0.0000,-0.0123,-0.0049,0.0000
-0.0454,1.1674,1.0000,-0.1893,-0.0023,183.9233,-67.8018,0.0000,0.4283,0.4283,-0.0338,0.0000,0.0000,-0.0014,-0.0006,0.0000
0.0262,0.9616,1.0000,-0.1809,-0.0023,183.8222,-67.7742,0.0000,0.4097,0.4097,-0.0502,0.0000,0.0000,-0.0014,-0.0006,0.0000
-0.0622,1.0692,1.0000,-0.1893,-0.0306,183.7242,-67.7428,0.0000,0.3776,0.3776,-0.0972,0.0000,0.0000,-0.0184,-0.0074,0.0000
-0.0660,1.0497,1.0000,-0.1809,-0.0306,183.6205,-67.7085,0.0000,0.3465,0.3465,-0.1121,0.0000,0.0000,-0.0184,-0.0074,0.0000
-0.0476,1.0304,1.0000,-0.1893,-0.0712,183.5274,-67.6751,0.0000,0.3167,0.3167,-0.1247,0.0000,0.0000,-0.0430,-0.0172,0.0000
-0.1065,1.0941,1.0000,-0.1809,-0.0712,183.4236,-67.6380,0.0000,0.2778,0.2778,-0.1394,0.0000,0.0000,-0.0430,-0.0172,0.0000
-0.0191,0.9907,1.0000,-0.1725,-0.0712,183.3254,-67.5991,0.0000,0.2496,0.2496,-0.1514,0.0000,0.0000,-0.0430,-0.0172,0.0000
-0.1086,1.1037,1.0000,-0.1641,-0.0563,183.2202,-67.5814,0.0000,0.2280,0.2280,-0.1481,0.0000,0.0000,-0.0340,-0.0136,0.0000
-0.0845,1.0564,1.0000,-0.1557,-0.0563,183.1192,-67.5613,0.0000,0.2162,0.2162,-0.1612,0.0000,0.0000,-0.0340,-0.0136,0.0000
-0.0757,1.0542,1.0000,-0.1473,-0.0420,183.0332,-67.5212,0.0000,0.1808,0.1808,-0.1716,0.0000,0.0000,-0.0253,-0.0101,0.0000
-0.0384,1.0185,1.0000,-0.1389,-0.0420,182.9348,-67.4867,0.0000,0.1559,0.1559,-0.1811,0.0000,0.0000,-0.0253,-0.0101,0.0000
0.0403,0.9497,1.0000,-0.1305,-0.0420,182.8465,-67.4283,0.0000,0.1094,0.1094,-0.1912,0.0000,0.0000,-0.0253,-0.0101,0.0000
-0.0265,1.0373,1.0000,-0.1221,-0.0420,182.7574,-67.3859,0.0000,0.0648,0.0648,-0.1994,0.0000,0.0000,-0.0253,-0.0101,0.0000
-0.0693,1.0650,1.0000,-0.1138,-0.0420,182.6646,-67.3542,0.0000,0.0366,0.0366,-0.2081,0.0000,0.0000,-0.0253,-0.0101,0.0000
-0.0023,0.9844,1.0000,-0.1054,0.0330,182.5648,-67.3244,0.0000,0.0228,0.0228,-0.1761,0.0000,0.0000,0.0199,0.0079,0.0000
0.0238,0.9736,1.0000,-0.0970,0.0330,182.4770,-67.3096,0.0000,0.0174,0.0174,-0.1869,0.0000,0.0000,0.0199,0.0079,0.0000
-0.0249,1.0322,1.0000,-0.0886,0.0330,182.3797,-67.2964,0.0000,0.0114,0.0114,-0.1918,0.0000,0.0000,0.0199,0.0079,0.0000
0.1190,0.8751,1.0000,-0.0802,0.0330,182.2795,-67.2550,0.0000,-0.0027,-0.0027,-0.2000,0.0000,0.0000,0.0199,0.0079,0.0000
0.0624,0.9688,1.0000,-0.0718,0.0330,182.1899,-67.2123,0.0000,-0.0430,-0.0430,-0.2055,0.0000,0.0000,0.0199,0.0079,0.0000
-0.0605,1.0776,1.0000,-0.0634,0.0336,182.0945,-67.1621,0.0000,-0.0928,-0.0928,-0.2347,0.0000,0.0000,0.0203,0.0081,0.0000
-0.0033,0.9861,1.0000,-0.0550,0.0336,181.9975,-67.1205,0.0000,-0.1139,-0.1139,-0.2412,0.0000,0.0000,0.0203,0.0081,0.0000
-0.0704,1.0726,1.0000,-0.0467,0.0336,181.9123,-67.0999,0.0000,-0.1352,-0.1352,-0.2443,0.0000,0.0000,0.0203,0.0081,0.0000
-0.0650,1.0488,1.0000,-0.0383,0.0336,181.8501,-67.0822,0.0000,-0.1439,-0.1439,-0.2486,0.0000,0.0000,0.0203,0.0081,0.0000
0.1252,0.8671,1.0000,-0.0299,0.0336,181.8066,-67.0750,0.0000,-0.1240,-0.1240,-0.2508,0.0000,0.0000,0.0203,0.0081,0.0000
0.2000,0.6388,1.0000,-0.0215,0.0336,181.7728,-67.0601,0.0000,-0.1061,-0.1061,-0.2512,0.0000,0.0000,0.0203,0.0081,0.0000
0.2000,0.4352,1.0000,-0.0132,0.0336,181.7581,-67.0562,0.0000,-0.0830,-0.0830,-0.2521,0.0000,0.0000,0.0203,0.0081,0.0000
0.2000,0.3664,1.0000,-0.0048,0.0336,181.7525,-67.0505,0.0000,-0.0791,-0.0791,-0.2504,0.0000,0.0000,0.0203,0.0081,0.0000
0.2000,0.1500,1.0000,0.0032,0.0330,181.7621,-67.0556,0.0000,-0.0502,-0.0502,-0.2265,0.0000,0.0000,0.0199,0.0079,0.0000
0.2000,0.0767,1.0000,0.0116,0.0330,181.7788,-67.0645,0.0000,-0.0357,-0.0357,-0.2257,0.0000,0.0000,0.0199,0.0079,0.0000
0.2000,0.1081,1.0000,0.0200,0.0330,181.7831,-67.0656,0.0000,-0.0388,-0.0388,-0.2272,0.0000,0.0000,0.0199,0.0079,0.0000
0.2000,0.1881,1.0000,0.0284,0.0330,181.7827,-67.0676,0.0000,-0.0458,-0.0458,-0.2270,0.0000,0.0000,0.0199,0.0079,0.0000
0.2000,0.0001,1.0000,0.0368,0.0330,181.7827,-67.0619,0.0000,-0.0303,-0.0303,-0.2266,0.0000,0.0000,0.0199,0.0079,0.0000
0.2000,0.0001,1.0000,0.0452,0.0330,181.7819,-67.0626,0.0000,-0.0295,-0.0295,-0.2266,0.0000,0.0000,0.0199,0.0079,0.0000
0.2000,0.0551,1.0000,0.0536,0.0330,181.7840,-67.0654,0.0000,-0.0332,-0.0332,-0.2265,0.0000,0.0000,0.0199,0.0079,0.0000
0.2000,0.0001,1.0000,0.0620,0.0330,181.7846,-67.0646,0.0000,-0.0279,-0.0279,-0.2261,0.0000,0.0000,0.0199,0.0079,0.0000
0.2000,0.0001,1.0000,0.0704,0.0330,181.7888,-67.0604,0.0000,-0.0327,-0.0327,-0.2261,0.0000,0.0000,0.0199,0.0079,0.0000
0.2000,0.0001,1.0000,0.0788,0.0330,181.7872,-67.0611,0.0000,-0.0318,-0.0318,-0.2258,0.0000,0.0000,0.0199,0.0079,0.0000
0.2000,0.0597,1.0000,0.0872,0.0330,181.7813,-67.0610,0.0000,-0.0375,-0.0375,-0.2242,0.0000,0.0000,0.0199,0.0079,0.0000
0.2000,0.0001,1.0000,0.0956,0.0330,181.7844,-67.0625,0.0000,-0.0300,-0.0300,-0.2257,0.0000,0.0000,0.0199,0.0079,0.0000
0.2000,0.0617,1.0000,0.1040,0.0330,181.7766,-67.0625,0.0000,-0.0355,-0.0355,-0.2239,0.0000,0.0000,0.0199,0.0079,0.0000
0.1999,0.0001,1.0000,0.1124,0.0330,181.7836,-67.0616,0.0000,-0.0307,-0.0307,-0.2253,0.0000,0.0000,0.0199,0.0079,0.0000
0.1999,0.0811,1.0000,0.1208,0.0330,181.7868,-67.0629,0.0000,-0.0390,-0.0390,-0.2252,0.0000,0.0000,0.0199,0.0079,0.0000
0.1999,0.0736,1.0000,0.1291,0.0330,181.7839,-67.0685,0.0000,-0.0321,-0.0321,-0.2237,0.0000,0.0000,0.0199,0.0079,0.0000
0.2000,0.0001,1.0000,0.1375,0.0330,181.7813,-67.0677,0.0000,-0.0243,-0.0243,-0.2238,0.0000,0.0000,0.0199,0.0079,0.0000
0.1999,0.0702,1.0000,0.1458,0.0330,181.7862,-67.0651,0.0000,-0.0354,-0.0354,-0.2244,0.0000,0.0000,0.0199,0.0079,0.0000
0.1999,0.0001,1.0000,0.1540,0.0330,181.7795,-67.0654,0.0000,-0.0263,-0.0263,-0.2229,0.0000,0.0000,0.0199,0.0079,0.0000
0.1999,0.0576,1.0000,0.1624,0.0330,181.7779,-67.0696,0.0000,-0.0283,-0.0283,-0.2228,0.0000,0.0000,0.0199,0.0079,0.0000
0.1999,0.0703,1.0000,0.1708,0.0330,181.7805,-67.0700,0.0000,-0.0298,-0.0298,-0.2236,0.0000,0.0000,0.0199,0.0079,0.0000
0.1999,0.0001,1.0000,0.1792,0.0330,181.7821,-67.0688,0.0000,-0.0234,-0.0234,-0.2234,0.0000,0.0000,0.0199,0.0079,0.0000
0.1999,0.0001,1.0000,0.1875,0.0330,181.7826,-67.0685,0.0000,-0.0237,-0.0237,-0.2232,0.0000,0.0000,0.0199,0.0079,0.0000
0.1999,0.0001,1.0000,0.1959,0.0330,181.7859,-67.0699,0.0000,-0.0229,-0.0229,-0.2213,0.0000,0.0000,0.0199,0.0079,0.0000
0.1999,0.0001,1.0000,0.2043,0.0330,181.7884,-67.0704,0.0000,-0.0228,-0.0228,-0.2225,0.0000,0.0000,0.0199,0.0079,0.0000
0.1999,0.0001,1.0000,0.2126,0.0330,181.7855,-67.0722,0.0000,-0.0205,-0.0205,-0.2209,0.0000,0.0000,0.0199,0.0079,0.0000
0.1999,0.0001,1.0000,0.2210,0.0330,181.7828,-67.0712,0.0000,-0.0211,-0.0211,-0.2209,0.0000,0.0000,0.0199,0.0079,0.0000
0.2000,0.0001,1.0000,0.2294,0.0330,181.7881,-67.0707,0.0000,-0.0224,-0.0224,-0.2218,0.0000,0.0000,0.0199,0.0079,0.0000
0.2000,0.0001,1.0000,0.2377,0.0330,181.7821,-67.0718,0.0000,-0.0204,-0.0204,-0.2202,0.0000,0.0000,0.0199,0.0079,0.0000
0.2000,0.0551,1.0000,0.2461,0.0330,181.7879,-67.0698,0.0000,-0.0293,-0.0293,-0.2215,0.0000,0.0000,0.0199,0.0079,0.0000
0.1999,0.0641,1.0000,0.2545,0.0330,181.7879,-67.0710,0.0000,-0.0291,-0.0291,-0.2200,0.0000,0.0000,0.0199,0.0079,0.0000
0.1999,0.0649,1.0000,0.2629,0.0330,181.7817,-67.0744,0.0000,-0.0248,-0.0248,-0.2199,0.0000,0.0000,0.0199,0.0079,0.0000
0.1999,0.0001,1.0000,0.2713,0.0330,181.7884,-67.0730,0.0000,-0.0202,-0.0202,-0.2210,0.0000,0.0000,0.0199,0.0079,0.0000
0.1999,0.0704,1.0000,0.2797,0.0330,181.7848,-67.0730,0.0000,-0.0273,-0.0273,-0.2194,0.0000,0.0000,0.0199,0.0079,0.0000
0.1999,0.0713,1.0000,0.2881,0.0330,181.7831,-67.0748,0.0000,-0.0253,-0.0253,-0.2195,0.0000,0.0000,0.0199,0.0079,0.0000
0.1999,0.0001,1.0000,0.2965,0.0330,181.7895,-67.0713,0.0000,-0.0220,-0.0220,-0.2205,0.0000,0.0000,0.0199,0.0079,0.0000
0.1999,0.0001,1.0000,0.3009,0.0330,181.7848,-67.0746,0.0000,-0.0181,-0.0181,-0.2187,0.0000,0.0000,0.0199,0.0079,0.0000
0.1999,0.0762,1.0000,0.3043,0.0330,181.7817,-67.0680,0.0000,-0.0324,-0.0324,-0.2186,0.0000,0.0000,0.0199,0.0079,0.0000
0.1999,0.0642,1.0000,0.3024,0.0330,181.7770,-67.0730,0.0000,-0.0253,-0.0253,-0.2183,0.0000,0.0000,0.0199,0.0079,0.0000
0.1999,0.0719,1.0000,0.3029,0.0330,181.7740,-67.0713,0.0000,-0.0274,-0.0274,-0.2183,0.0000,0.0000,0.0199,0.0079,0.0000
0.1999,0.0001,1.0000,0.3009,0.0330,181.7864,-67.0711,0.0000,-0.0218,-0.0218,-0.2180,0.0000,0.0000,0.0199,0.0079,0.0000
0.1999,0.0001,1.0000,0.3004,0.0330,181.7809,-67.0732,0.0000,-0.0188,-0.0188,-0.2181,0.0000,0.0000,0.0199,0.0079,0.0000
0.1999,0.1227,1.0000,0.3060,0.0330,181.7891,-67.0710,0.0000,-0.0356,-0.0356,-0.2194,0.0000,0.0000,0.0199,0.0079,0.0000
0.1999,0.0583,1.0000,0.3026,0.0330,181.7875,-67.0710,0.0000,-0.0283,-0.0283,-0.2178,0.0000,0.0000,0.0199,0.0079,0.0000
0.1999,0.0883,1.0000,0.3029,0.0330,181.7841,-67.0747,0.0000,-0.0274,-0.0274,-0.2181,0.0000,0.0000,0.0199,0.0079,0.0000
0.1999,0.0001,1.0000,0.3003,0.0330,181.7814,-67.0728,0.0000,-0.0193,-0.0193,-0.2179,0.0000,0.0000,0.0199,0.0079,0.0000
0.1999,0.0001,1.0000,0.3005,0.0330,181.7868,-67.0727,0.0000,-0.0202,-0.0202,-0.2178,0.0000,0.0000,0.0199,0.0079,0.0000
0.1999,0.0001,1.0000,0.3005,0.0330,181.7862,-67.0725,0.0000,-0.0204,-0.0204,-0.2178,0.0000,0.0000,0.0199,0.0079,0.0000
0.1999,0.0537,1.0000,0.3018,0.0330,181.7823,-67.0736,0.0000,-0.0244,-0.0244,-0.2180,0.0000,0.0000,0.0199,0.0079,0.0000
0.1999,0.0001,1.0000,0.3006,0.0330,181.7799,-67.0716,0.0000,-0.0203,-0.0203,-0.2180,0.0000,0.0000,0.0199,0.0079,0.0000
0.1999,0.0001,1.0000,0.3001,0.0330,181.7800,-67.0742,0.0000,-0.0177,-0.0177,-0.2180,0.0000,0.0000,0.0199,0.0079,0.0000
0.1999,0.0001,1.0000,0.3023,0.0330,181.7900,-67.0710,0.0000,-0.0224,-0.0224,-0.2193,0.0000,0.0000,0.0199,0.0079,0.0000
0.1999,0.0001,1.0000,0.3002,0.0330,181.7842,-67.0729,0.0000,-0.0197,-0.0197,-0.2177,0.0000,0.0000,0.0199,0.0079,0.0000
0.1999,0.1086,1.0000,0.3035,0.0330,181.7781,-67.0735,0.0000,-0.0299,-0.0299,-0.2180,0.0000,0.0000,0.0199,0.0079,0.0000
0.1999,0.0659,1.0000,0.3042,0.0330,181.7888,-67.0718,0.0000,-0.0286,-0.0286,-0.2195,0.0000,0.0000,0.0199,0.0079,0.0000
0.1999,0.0599,1.0000,0.3020,0.0330,181.7853,-67.0735,0.0000,-0.0257,-0.0257,-0.2178,0.0000,0.0000,0.0199,0.0079,0.0000
0.1999,0.1112,1.0000,0.3046,0.0330,181.7842,-67.0696,0.0000,-0.0349,-0.0349,-0.2180,0.0000,0.0000,0.0199,0.0079,0.0000
0.1999,0.0001,1.0000,0.3005,0.0330,181.7854,-67.0725,0.0000,-0.0202,-0.0202,-0.2180,0.0000,0.0000,0.0199,0.0079,0.0000
0.1999,0.0001,1.0000,0.2992,0.0330,181.7760,-67.0760,0.0000,-0.0154,-0.0154,-0.2176,0.0000,0.0000,0.0199,0.0079,0.0000
0.1999,0.0001,1.0000,0.3013,0.0330,181.7824,-67.0690,0.0000,-0.0232,-0.0232,-0.2180,0.0000,0.0000,0.0199,0.0079,0.0000
0.1999,0.1003,1.0000,0.3036,0.0330,181.7879,-67.0728,0.0000,-0.0311,-0.0311,-0.2179,0.0000,0.0000,0.0199,0.0079,0.0000
0.1999,0.0955,1.0000,0.3030,0.0330,181.7836,-67.0743,0.0000,-0.0285,-0.0285,-0.2178,0.0000,0.0000,0.0199,0.0079,0.0000
0.1999,0.0668,1.0000,0.3044,0.0330,181.7891,-67.0687,0.0000,-0.0318,-0.0318,-0.2190,0.0000,0.0000,0.0199,0.0079,0.0000
0.1999,0.0001,1.0000,0.3005,0.0330,181.7821,-67.0713,0.0000,-0.0209,-0.0209,-0.2178,0.0000,0.0000,0.0199,0.0079,0.0000
0.1999,0.0831,1.0000,0.3046,0.0330,181.7916,-67.0714,0.0000,-0.0313,-0.0313,-0.2193,0.0000,0.0000,0.0199,0.0079,0.0000
0.1999,0.0779,1.0000,0.3022,0.0330,181.7755,-67.0710,0.0000,-0.0286,-0.0286,-0.2171,0.0000,0.0000,0.0199,0.0079,0.0000
0.1999,0.0971,1.0000,0.3057,0.0330,181.7877,-67.0683,0.0000,-0.0353,-0.0353,-0.2193,0.0000,0.0000,0.0199,0.0079,0.0000
0.1999,0.1641,1.0000,0.3044,0.0330,181.7817,-67.0770,0.0000,-0.0329,-0.0329,-0.2176,0.0000,0.0000,0.0199,0.0079,0.0000
0.1999,0.1308,1.0000,0.3050,0.0330,181.7898,-67.0707,0.0000,-0.0367,-0.0367,-0.2178,0.0000,0.0000,0.0199,0.0079,0.0000
0.1999,0.1136,1.0000,0.3038,0.0330,181.7854,-67.0734,0.0000,-0.0316,-0.0316,-0.2179,0.0000,0.0000,0.0199,0.0079,0.0000
0.1999,0.1025,1.0000,0.3042,0.0330,181.7861,-67.0704,0.0000,-0.0335,-0.0335,-0.2180,0.0000,0.0000,0.0199,0.0079,0.0000
