timestamp(ns),tx,ty,tz,qw,qx,qy,qz,Pr11,Pr12,Pr13,Pr22,Pr23,Pr33,Pt11,Pt12,Pt13,Pt22,Pt23,Pt33
1784079528623960576,-0.001585685,-0.002196064,0.000639154,0.000259794,-0.026037087,-0.018864937,0.999482925,0.0000054822,0.0000007767,-0.0000205476,0.0000049746,-0.0000148956,0.0003984558,0.0026568705,-0.0000000058,0.0000001277,0.0026544625,0.0000000074,0.0026523097
1784079528690440448,-0.002869213,-0.017888582,0.001541243,0.000121598,-0.026365908,-0.018913966,0.999473404,0.0000054887,0.0000007841,-0.0000208007,0.0000049697,-0.0000148339,0.0003984416,0.0026611790,-0.0000039379,0.0000333214,0.0025870453,-0.0000010697,0.0025958077
1784079528757290240,-0.006601951,-0.019508052,0.002863724,0.000031885,0.026184784,0.019126794,-0.999474123,0.0000054726,0.0000007929,-0.0000206624,0.0000049924,-0.0000150961,0.0003984447,0.0026766745,-0.0000054156,0.0000448493,0.0025759756,-0.0000016993,0.0025894172
1784079528823898624,-0.009862199,-0.020974170,0.001359550,0.000291175,0.026243383,0.019094651,-0.999473158,0.0000054805,0.0000007936,-0.0000207191,0.0000049937,-0.0000150669,0.0003984499,0.0026943344,-0.0000067995,0.0000537256,0.0025746649,-0.0000023570,0.0025900806
1784079528890366464,-0.015293510,-0.021250353,0.002704640,0.000564304,0.026390841,0.018560141,-0.999479228,0.0000054952,0.0000007759,-0.0000208355,0.0000049657,-0.0000146460,0.0003984786,0.0027126527,-0.0000083122,0.0000636340,0.0025724220,-0.0000031323,0.0025895268
1784079528957224448,-0.023530536,-0.022507420,0.002742276,0.001002716,0.025761191,0.018407114,-0.999498141,0.0000054488,0.0000007507,-0.0000203483,0.0000049601,-0.0000145108,0.0003985494,0.0027338917,-0.0000092298,0.0000701701,0.0025792153,-0.0000034505,0.0025979310
1784079529023822592,-0.033223654,-0.024081999,0.002960798,0.001693241,0.026271642,0.018372530,-0.999484559,0.0000054970,0.0000007637,-0.0000207601,0.0000049617,-0.0000144680,0.0003985193,0.0027561744,-0.0000102156,0.0000769975,0.0025864266,-0.0000037822,0.0026067380
1784079529090325248,-0.045795962,-0.026176750,0.003282502,0.002445087,0.026083414,0.017867156,-0.999497094,0.0000054879,0.0000007370,-0.0000206230,0.0000049369,-0.0000140549,0.0003985741,0.0027795541,-0.0000112918,0.0000841343,0.0025941761,-0.0000041282,0.0026159859
1784079529157140480,-0.061088795,-0.028911419,0.003456441,0.003462289,0.025886836,0.017583824,-0.999504224,0.0000054789,0.0000007193,-0.0000204826,0.0000049251,-0.0000138116,0.0003986167,0.0028042081,-0.0000124801,0.0000916253,0.0026026112,-0.0000044905,0.0026257540
1784079529223752448,-0.079354167,-0.032658624,0.003342772,0.004751489,0.026203687,0.017384529,-0.999494156,0.0000055130,0.0000007190,-0.0000207495,0.0000049181,-0.0000136264,0.0003986126,0.0028299892,-0.0000138076,0.0000994131,0.0026118110,-0.0000048660,0.0026359910
1784079529290350336,-0.100807945,-0.037449686,0.003253222,0.006212695,0.026354715,0.017528459,-0.999479657,0.0000055343,0.0000007282,-0.0000208890,0.0000049300,-0.0000137086,0.0003986034,0.0028570073,-0.0000153172,0.0001075187,0.0026219710,-0.0000052556,0.0026467499
1784079529390464512,-0.138127300,-0.045765240,0.002699314,0.008788763,0.026601683,0.017042223,-0.999462191,0.0000055689,0.0000007127,-0.0000211164,0.0000049098,-0.0000132693,0.0003986270,0.0029000692,-0.0000179810,0.0001203586,0.0026394505,-0.0000058748,0.0026640629
1784079529490418432,-0.181766970,-0.055059543,0.002022164,0.011905810,0.026857831,0.016739382,-0.999428187,0.0000056060,0.0000007042,-0.0000213572,0.0000049001,-0.0000129619,0.0003986400,0.0029460796,-0.0000211868,0.0001339040,0.0026601273,-0.0000065275,0.0026827262
1784079529556998400,-0.262846617,-0.053587049,-0.011532965,0.014355013,0.027531221,0.016656823,-0.999379065,0.0000056371,0.0000006980,-0.0000217310,0.0000048537,-0.0000127115,0.0003986256,0.0026076135,0.0000131374,0.0000277435,0.0025564920,0.0000070560,0.0025430141
1784079529623480576,-0.296786378,-0.060339025,-0.012526838,0.016829210,0.027767493,0.016563969,-0.999335469,0.0000056890,0.0000007108,-0.0000221302,0.0000048608,-0.0000127148,0.0003985936,0.0026103718,0.0000122591,0.0000288634,0.0025736888,0.0000076372,0.0025432897
1784079529690342400,-0.332824275,-0.068978563,-0.013536665,0.019658634,0.027799666,0.016676007,-0.999281055,0.0000057036,0.0000007142,-0.0000221928,0.0000048696,-0.0000127436,0.0003985979,0.0026136835,0.0000112325,0.0000298522,0.0025828935,0.0000080771,0.0025435898
1784079529756945408,-0.363845286,-0.075552775,-0.010708233,0.022773507,0.028639547,0.017252992,-0.999181404,0.0000057919,0.0000007605,-0.0000229101,0.0000049016,-0.0000131394,0.0003985020,0.0026068101,0.0000046797,0.0000273704,0.0025910083,0.0000064276,0.0025417845
1784079529823466496,-0.403774225,-0.086596361,-0.011501124,0.025993354,0.028682862,0.017744504,-0.999092974,0.0000058088,0.0000007797,-0.0000229937,0.0000049269,-0.0000134279,0.0003984863,0.0026075319,0.0000026461,0.0000271854,0.0026012847,0.0000064313,0.0025417329
1784079529890266368,-0.447907165,-0.098953641,-0.013179736,0.029500922,0.029496220,0.017898616,-0.998969123,0.0000058977,0.0000008044,-0.0000236924,0.0000049329,-0.0000134443,0.0003984156,0.0026043403,-0.0000016187,0.0000256259,0.0026153589,0.0000061434,0.0025412847
1784079529956867584,-0.491808142,-0.111308409,-0.014379120,0.033447206,0.029583786,0.017554744,-0.998848294,0.0000059164,0.0000007878,-0.0000238121,0.0000049077,-0.0000130733,0.0003984378,0.0025975783,-0.0000081909,0.0000228174,0.0026317113,0.0000053768,0.0025403782
1784079530023475456,-0.538453707,-0.124425583,-0.015656026,0.037791244,0.029831698,0.017680046,-0.998683788,0.0000059532,0.0000007963,-0.0000240623,0.0000049097,-0.0000130739,0.0003984215,0.0025983868,-0.0000131367,0.0000224876,0.0026503257,0.0000052724,0.0025404128
1784079530090198528,-0.586968442,-0.137471947,-0.017283188,0.042309040,0.030610573,0.017282136,-0.998485987,0.0000060375,0.0000007909,-0.0000247188,0.0000048802,-0.0000126264,0.0003983829,0.0025958587,-0.0000194047,0.0000211486,0.0026719536,0.0000049817,0.0025401768
1784079530156677376,-0.637981875,-0.151187455,-0.018885177,0.047015749,0.030388875,0.016530937,-0.998294928,0.0000060236,0.0000007443,-0.0000245903,0.0000048347,-0.0000119274,0.0003984568,0.0025946172,-0.0000261610,0.0000200069,0.0026966888,0.0000047516,0.0025399817
1784079530223534336,-0.690925134,-0.167063479,-0.020680569,0.052308343,0.031105252,0.015441556,-0.998026983,0.0000061014,0.0000006970,-0.0000251615,0.0000047711,-0.0000109031,0.0003984591,0.0025971746,-0.0000335936,0.0000197637,0.0027244763,0.0000046654,0.0025401153
1784079530290131456,-0.746090163,-0.185597395,-0.023059611,0.057952249,0.031000101,0.014892878,-0.997726783,0.0000060996,0.0000006600,-0.0000251148,0.0000047327,-0.0000103335,0.0003985112,0.0026003163,-0.0000426371,0.0000194506,0.0027559324,0.0000045508,0.0025402755
1784079530390113280,-0.837119258,-0.218511843,-0.027821792,0.066680120,0.031957224,0.014808755,-0.997152545,0.0000061854,0.0000006484,-0.0000259388,0.0000046956,-0.0000099453,0.0003984406,0.0026012402,-0.0000599952,0.0000183204,0.0028103260,0.0000042421,0.0025404374
1784079530423477504,-0.867419670,-0.230313697,-0.029001020,0.069680634,0.031694307,0.014591768,-0.996958956,0.0000061574,0.0000006296,-0.0000257634,0.0000046731,-0.0000097266,0.0003984818,0.0026034325,-0.0000674091,0.0000180999,0.0028334867,0.0000041374,0.0025405685
1784079530490064384,-0.927853239,-0.255244977,-0.032765834,0.076000092,0.032454183,0.014709243,-0.996470948,0.0000062359,0.0000006308,-0.0000265033,0.0000046440,-0.0000095469,0.0003984016,0.0026067914,-0.0000820069,0.0000176148,0.0028763463,0.0000039228,0.0025406698
1784079530556536320,-0.989297979,-0.281947292,-0.035458459,0.082541406,0.032538328,0.014827053,-0.995945948,0.0000062381,0.0000006270,-0.0000265970,0.0000046237,-0.0000095315,0.0003984052,0.0026125395,-0.0000985237,0.0000171607,0.0029227879,0.0000037293,0.0025409688
1784079530623420416,-1.050008750,-0.309746056,-0.038627616,0.089020262,0.033436930,0.015249558,-0.995351604,0.0000063419,0.0000006551,-0.0000274048,0.0000046089,-0.0000096751,0.0003983033,0.0026196574,-0.0001172485,0.0000166970,0.0029741643,0.0000035341,0.0025413768
1784079530723372544,-1.138867769,-0.353090618,-0.042527222,0.098484309,0.033526514,0.015105829,-0.994458962,0.0000063586,0.0000006270,-0.0000275551,0.0000045593,-0.0000093049,0.0003983255,0.0026321595,-0.0001475466,0.0000159472,0.0030525009,0.0000032072,0.0025420812
1784079530856705536,-1.254258292,-0.413242878,-0.047845491,0.112080173,0.034177248,0.014673258,-0.993002843,0.0000064231,0.0000005704,-0.0000281110,0.0000044784,-0.0000085510,0.0003983161,0.0026523889,-0.0001936455,0.0000150045,0.0031647637,0.0000026609,0.0025431678
1784079530989778432,-1.369291893,-0.475673771,-0.052481417,0.125383981,0.034506206,0.014446590,-0.991402781,0.0000064508,0.0000005109,-0.0000284866,0.0000043567,-0.0000079011,0.0003983235,0.0026765258,-0.0002458240,0.0000140971,0.0032860560,0.0000020882,0.0025443293
1784079531023286528,-1.397592761,-0.492739674,-0.053519251,0.128651516,0.034373292,0.014490883,-0.990988032,0.0000064239,0.0000005091,-0.0000283868,0.0000042862,-0.0000078932,0.0003983469,0.0026833417,-0.0002606946,0.0000139240,0.0033175099,0.0000020393,0.0025445910
1784079531089735424,-1.453797954,-0.528112739,-0.054185774,0.135380048,0.034214219,0.015309144,-0.990084471,0.0000064015,0.0000005306,-0.0000283589,0.0000042373,-0.0000083297,0.0003983451,0.0026988552,-0.0002916909,0.0000136407,0.0033810592,0.0000017539,0.0025450901
1784079531189709312,-1.538806339,-0.583100949,-0.058477812,0.145422047,0.034950527,0.016175399,-0.988619869,0.0000064698,0.0000005544,-0.0000291016,0.0000041690,-0.0000086386,0.0003982448,0.0027251955,-0.0003424127,0.0000133931,0.0034836990,0.0000012467,0.0025460510
1784079531223201536,-1.567958020,-0.600666568,-0.059996473,0.148667991,0.035264218,0.016248249,-0.988124617,0.0000064836,0.0000005528,-0.0000293510,0.0000041027,-0.0000085835,0.0003982187,0.0027340685,-0.0003601238,0.0000132466,0.0035210121,0.0000012164,0.0025463206
1784079531289667328,-1.625841211,-0.634000403,-0.061694982,0.154700233,0.035790496,0.016350505,-0.987177562,0.0000064457,0.0000005230,-0.0000297222,0.0000039941,-0.0000084896,0.0003981708,0.0027506407,-0.0003959338,0.0000137261,0.0035944756,0.0000010865,0.0025464941
1784079531389641472,-1.708530463,-0.685297634,-0.064091699,0.164075919,0.036067000,0.015785425,-0.985661750,0.0000064389,0.0000004465,-0.0000301259,0.0000038583,-0.0000076829,0.0003981687,0.0027794633,-0.0004501063,0.0000136890,0.0037068124,0.0000008835,0.0025475859
1784079531423116544,-1.736255767,-0.702023870,-0.064262498,0.167109383,0.035936017,0.015432740,-0.985162366,0.0000063280,0.0000004247,-0.0000299842,0.0000037448,-0.0000074400,0.0003982052,0.0027885346,-0.0004697018,0.0000138230,0.0037448552,0.0000011559,0.0025475720
1784079531489714432,-1.791388647,-0.735507739,-0.066135715,0.172927017,0.036239630,0.014936400,-0.984154378,0.0000063013,0.0000003665,-0.0000302022,0.0000036513,-0.0000068064,0.0003982115,0.0028090691,-0.0005082395,0.0000138985,0.0038232614,0.0000010886,0.0025482420
1784079531589823488,-1.874340742,-0.788059048,-0.067911201,0.181427070,0.036472211,0.013892598,-0.982629631,0.0000062640,0.0000002696,-0.0000304610,0.0000035036,-0.0000055756,0.0003982370,0.0028425333,-0.0005692850,0.0000141276,0.0039458256,0.0000010807,0.0025493777
1784079531656428544,-1.931000147,-0.823250010,-0.068778803,0.187200690,0.035200276,0.012627100,-0.981609596,0.0000059844,0.0000002109,-0.0000293129,0.0000033765,-0.0000047235,0.0003984530,0.0028674968,-0.0006139115,0.0000140666,0.0040331137,0.0000011397,0.0025498242
1784079531722917632,-1.990105491,-0.857744529,-0.069978795,0.192510348,0.035727542,0.011333106,-0.980578844,0.0000059201,0.0000001127,-0.0000294837,0.0000032604,-0.0000034279,0.0003984731,0.0028924971,-0.0006594817,0.0000142259,0.0041258317,0.0000012418,0.0025504360
1784079531756511488,-2.020261040,-0.873860825,-0.070121013,0.195000461,0.035274592,0.010553730,-0.980111801,0.0000057514,0.0000001034,-0.0000289973,0.0000031099,-0.0000029301,0.0003985570,0.0029033851,-0.0006843782,0.0000144548,0.0041748767,0.0000017848,0.0025502898
1784079531856351488,-2.112027270,-0.928185034,-0.073100695,0.202626132,0.035931558,0.009136570,-0.978554085,0.0000057082,-0.0000000272,-0.0000294047,0.0000030030,-0.0000013688,0.0003985419,0.0029443886,-0.0007591949,0.0000150133,0.0043271504,0.0000020159,0.0025515985
1784079531922817536,-2.175727368,-0.968326480,-0.075394502,0.207895048,0.035165805,0.008311838,-0.977483467,0.0000055024,-0.0000000794,-0.0000285999,0.0000029131,-0.0000007343,0.0003986797,0.0029767836,-0.0008166164,0.0000154405,0.0044345395,0.0000023449,0.0025523277
1784079531989669632,-2.238949533,-1.010813712,-0.077823374,0.212728824,0.035799217,0.008976846,-0.976413990,0.0000055309,-0.0000000522,-0.0000293380,0.0000028340,-0.0000010413,0.0003985873,0.0030120244,-0.0008785795,0.0000158484,0.0045501703,0.0000026706,0.0025531589
1784079532056267520,-2.302585750,-1.052936780,-0.080053440,0.217316842,0.034610523,0.008047789,-0.975454117,0.0000052905,-0.0000000850,-0.0000282540,0.0000027569,-0.0000004332,0.0003987672,0.0030481988,-0.0009426575,0.0000162871,0.0046663790,0.0000029546,0.0025540732
1784079532122748416,-2.366402865,-1.093190064,-0.082776959,0.222005611,0.035159932,0.007287536,-0.974384000,0.0000052847,-0.0000001524,-0.0000284795,0.0000027254,0.0000003889,0.0003987522,0.0030858688,-0.0010070552,0.0000170265,0.0047865871,0.0000031513,0.0025553947
1784079532156253696,-2.397977487,-1.111970469,-0.084162764,0.224251150,0.035384961,0.006491792,-0.973867128,0.0000052110,-0.0000002150,-0.0000284852,0.0000026967,0.0000010123,0.0003987553,0.0031026785,-0.0010416208,0.0000174087,0.0048481243,0.0000031653,0.0025559531
1784079532256078592,-2.500177103,-1.174250594,-0.088062953,0.230526522,0.034616750,0.005663348,-0.972433612,0.0000050775,-0.0000002726,-0.0000277044,0.0000026963,0.0000018728,0.0003988911,0.0031632309,-0.0011447390,0.0000185197,0.0050460036,0.0000031726,0.0025583183
1784079532322941440,-2.568018963,-1.216970052,-0.089841795,0.234490156,0.034317299,0.005421507,-0.971497451,0.0000050300,-0.0000002941,-0.0000274740,0.0000027044,0.0000020127,0.0003989423,0.0032085698,-0.0012195996,0.0000195670,0.0051861171,0.0000032079,0.0025603029
1784079532389548544,-2.628423599,-1.261401998,-0.085617844,0.237938299,0.032917854,0.004573127,-0.970711526,0.0000048077,-0.0000001316,-0.0000269758,0.0000024381,0.0000021119,0.0003990279,0.0032466335,-0.0012987513,0.0000171166,0.0053290766,0.0000040215,0.0025579898
1784079532456026624,-2.695867153,-1.306540894,-0.087391588,0.241135577,0.032530568,0.004681089,-0.969934783,0.0000046459,-0.0000001414,-0.0000260520,0.0000024018,0.0000024733,0.0003991685,0.0032955603,-0.0013763867,0.0000174457,0.0054582408,0.0000045049,0.0025591505
1784079532522868480,-2.764891252,-1.352232790,-0.088913513,0.244202777,0.031211426,0.003517834,-0.969215392,0.0000044528,-0.0000001727,-0.0000248764,0.0000023796,0.0000031408,0.0003993316,0.0033463480,-0.0014613384,0.0000178552,0.0056105037,0.0000049664,0.0025606117
1784079532589463552,-2.833665596,-1.392045285,-0.089215306,0.247298379,0.031526505,0.002535804,-0.968423028,0.0000043706,-0.0000002141,-0.0000249872,0.0000023272,0.0000039338,0.0003992988,0.0033923815,-0.0015476176,0.0000177837,0.0057688382,0.0000050100,0.0025616584
1784079532655940608,-2.905156354,-1.432805689,-0.090937328,0.250385123,0.030460130,0.000761805,-0.967666725,0.0000041777,-0.0000002869,-0.0000237973,0.0000023344,0.0000053337,0.0003994297,0.0034377323,-0.0016292215,0.0000181263,0.0059297216,0.0000053241,0.0025630923
1784079532722792448,-2.976155172,-1.473427469,-0.092736191,0.253377292,0.031336391,-0.000467708,-0.966859742,0.0000041512,-0.0000003693,-0.0000240524,0.0000023563,0.0000064934,0.0003993809,0.0034900820,-0.0017206176,0.0000185433,0.0060993052,0.0000053529,0.0025648548
1784079532789398528,-3.045783957,-1.516915712,-0.094174660,0.255878832,0.030387430,-0.001094127,-0.966230526,0.0000040018,-0.0000003826,-0.0000231816,0.0000023558,0.0000068815,0.0003994887,0.0035450319,-0.0018130913,0.0000190071,0.0062676445,0.0000054495,0.0025666692
1784079532855875584,-3.115887505,-1.562299063,-0.096026602,0.257286037,0.031463178,-0.001379516,-0.965821961,0.0000040283,-0.0000004358,-0.0000239338,0.0000023375,0.0000074181,0.0003993953,0.0036010823,-0.0019091254,0.0000195969,0.0064368117,0.0000054176,0.0025680579
1784079532922722560,-3.181601452,-1.602140205,-0.094971953,0.258624957,0.029166809,-0.001352576,-0.965536431,0.0000037608,-0.0000003740,-0.0000222273,0.0000022816,0.0000067255,0.0003996349,0.0036599405,-0.0020112774,0.0000202108,0.0066152868,0.0000052887,0.0025696010
1784079532989198336,-3.250593574,-1.646878517,-0.096562800,0.260354046,0.030592741,-0.000118594,-0.965028414,0.0000038914,-0.0000003761,-0.0000237127,0.0000022442,0.0000063829,0.0003994907,0.0037131696,-0.0021022370,0.0000207788,0.0067826234,0.0000054734,0.0025711144
1784079533056046592,-3.320343799,-1.689141440,-0.094118185,0.261465811,0.029113000,-0.000986363,-0.964773077,0.0000036559,-0.0000003189,-0.0000224573,0.0000021939,0.0000066160,0.0003996460,0.0037688394,-0.0022059168,0.0000196364,0.0069698309,0.0000058502,0.0025702121
1784079533122654464,-3.392591277,-1.726944334,-0.095364360,0.262251287,0.030215756,-0.002363523,-0.964523553,0.0000036679,-0.0000004009,-0.0000228543,0.0000022286,0.0000080848,0.0003995641,0.0038241437,-0.0023042693,0.0000198419,0.0071612584,0.0000060503,0.0025714598
1784079533189131520,-3.465696634,-1.763848985,-0.096136512,0.262753676,0.029729471,-0.004242460,-0.964395493,0.0000035516,-0.0000004553,-0.0000221277,0.0000022708,0.0000095040,0.0003996019,0.0038779175,-0.0024033471,0.0000199899,0.0073621520,0.0000062795,0.0025725915
1784079533255978240,-3.539878047,-1.802471856,-0.096065160,0.262792551,0.029672782,-0.004640482,-0.964384813,0.0000034948,-0.0000004539,-0.0000219924,0.0000022542,0.0000097236,0.0003996215,0.0039362592,-0.0025103713,0.0000201937,0.0075717983,0.0000067528,0.0025735352
1784079533322589440,-3.612691769,-1.840822698,-0.098224083,0.262537668,0.030210231,-0.004623188,-0.964437629,0.0000035044,-0.0000004651,-0.0000223710,0.0000022466,0.0000098394,0.0003995915,0.0039967163,-0.0026181072,0.0000204748,0.0077815246,0.0000068170,0.0025751472
1784079533389103360,-3.686511070,-1.880016813,-0.099590738,0.261494122,0.029469539,-0.004803091,-0.964743127,0.0000034092,-0.0000004456,-0.0000217969,0.0000022350,0.0000098560,0.0003996702,0.0040575037,-0.0027274243,0.0000206888,0.0079954303,0.0000068555,0.0025767098
1784079533455914496,-3.761573404,-1.921659418,-0.100353724,0.260204393,0.031224167,-0.004297617,-0.965038992,0.0000035406,-0.0000004642,-0.0000232608,0.0000022117,0.0000097832,0.0003995240,0.0041203309,-0.0028432548,0.0000207262,0.0082186560,0.0000073307,0.0025778590
1784079533522517504,-3.838383862,-1.965645395,-0.100487169,0.258720286,0.030150980,-0.003250635,-0.965476134,0.0000034357,-0.0000003837,-0.0000226958,0.0000021410,0.0000087681,0.0003996490,0.0041869871,-0.0029668863,0.0000211922,0.0084491927,0.0000077151,0.0025790630
1784079533588998656,-3.915336076,-2.007213271,-0.101512769,0.257018651,0.030808029,-0.001582946,-0.965913957,0.0000034975,-0.0000003222,-0.0000235247,0.0000020779,0.0000075257,0.0003996185,0.0042596046,-0.0030964651,0.0000215501,0.0086896102,0.0000076124,0.0025804376
1784079533655834368,-4.001468641,-2.052127450,-0.102359410,0.255184939,0.030822177,-0.000535535,-0.966400721,0.0000034443,-0.0000002570,-0.0000236096,0.0000020156,0.0000068274,0.0003996337,0.0043130539,-0.0032241950,0.0000208029,0.0089327138,0.0000082556,0.0025797194
1784079533722323456,-4.080217445,-2.089677825,-0.104359295,0.253122219,0.031392107,-0.000489114,-0.966924733,0.0000034976,-0.0000002524,-0.0000242192,0.0000020107,0.0000067294,0.0003995760,0.0043848313,-0.0033637545,0.0000207779,0.0092164032,0.0000084016,0.0025809303
1784079533789176576,-4.163615003,-2.128322210,-0.105849110,0.250840581,0.031697373,-0.000745049,-0.967509031,0.0000034988,-0.0000002591,-0.0000243942,0.0000020173,0.0000069253,0.0003995601,0.0044507070,-0.0034945459,0.0000207644,0.0094887433,0.0000085421,0.0025820375
1784079533855776512,-4.246605088,-2.164302729,-0.106533315,0.248543675,0.032097833,-0.000358058,-0.968088654,0.0000035421,-0.0000002399,-0.0000248698,0.0000020098,0.0000066301,0.0003995259,0.0045185708,-0.0036301712,0.0000207564,0.0097745124,0.0000086590,0.0025833403
1784079533922255616,-4.334105909,-2.200669350,-0.107931983,0.245083149,0.032774910,0.000181602,-0.968947895,0.0000036043,-0.0000002189,-0.0000254952,0.0000020029,0.0000062496,0.0003994709,0.0045820711,-0.0037644325,0.0000207965,0.0100717801,0.0000087905,0.0025846270
1784079534122185472,-4.612384991,-2.313535965,-0.113640866,0.233372707,0.033620934,0.001633880,-0.971804581,0.0000037039,-0.0000001411,-0.0000264784,0.0000019809,0.0000050339,0.0003994269,0.0047948892,-0.0042121411,0.0000211520,0.0110679760,0.0000090587,0.0025895180
1784079534189049600,-4.713417031,-2.351111634,-0.116720432,0.229123819,0.034334019,0.002625256,-0.972788034,0.0000037973,-0.0000000936,-0.0000273110,0.0000019670,0.0000042984,0.0003993362,0.0048680009,-0.0043761212,0.0000211509,0.0114446419,0.0000091594,0.0025908576
1784079534255647488,-4.817244949,-2.387447315,-0.118719094,0.224622648,0.034350370,0.002665541,-0.973836543,0.0000037856,-0.0000000739,-0.0000273204,0.0000019679,0.0000041051,0.0003993510,0.0049410084,-0.0045435897,0.0000212113,0.0118437030,0.0000092133,0.0025925085
1784079534322138624,-4.925925399,-2.423972539,-0.121229727,0.219354185,0.035402600,0.002737669,-0.974998924,0.0000039118,-0.0000000819,-0.0000283115,0.0000019545,0.0000040853,0.0003992063,0.0050109645,-0.0047166460,0.0000212368,0.0122621115,0.0000091404,0.0025941419
1784079534388988416,-5.035121298,-2.458983433,-0.123468490,0.214042543,0.034515999,0.002883596,-0.976210080,0.0000037857,-0.0000000390,-0.0000274824,0.0000019477,0.0000036298,0.0003993444,0.0050850979,-0.0048964183,0.0000213007,0.0127039032,0.0000094197,0.0025959082
1784079534455463424,-5.147168157,-2.494699261,-0.126181113,0.208597699,0.035317215,0.003988615,-0.977355506,0.0000038999,0.0000000175,-0.0000283312,0.0000019390,0.0000027590,0.0003992542,0.0051601086,-0.0050780029,0.0000213664,0.0131570532,0.0000095228,0.0025979848
1784079534522329600,-5.259419406,-2.529480969,-0.130035926,0.202847195,0.034853978,0.004895437,-0.978577667,0.0000038679,0.0000000890,-0.0000281635,0.0000019288,0.0000017907,0.0003993026,0.0052360473,-0.0052706386,0.0000214371,0.0136424679,0.0000094616,0.0025999139
1784079534588931584,-5.376161877,-2.566787662,-0.131926730,0.196973073,0.034717374,0.005035865,-0.979781074,0.0000038452,0.0000001083,-0.0000280512,0.0000019206,0.0000015338,0.0003993303,0.0053021340,-0.0054547658,0.0000217057,0.0141282490,0.0000099396,0.0026015901
1784079534655379456,-5.501134067,-2.598039509,-0.135717045,0.191035314,0.034222035,0.004346995,-0.980976791,0.0000037656,0.0000000911,-0.0000275278,0.0000019285,0.0000018241,0.0003994028,0.0053753948,-0.0056501065,0.0000216451,0.0146462934,0.0000099937,0.0026035950
1784079534722260480,-5.631004634,-2.630199232,-0.141686267,0.184836558,0.034873749,0.003446122,-0.982144283,0.0000038116,0.0000000364,-0.0000279377,0.0000019353,0.0000025298,0.0003993492,0.0054360714,-0.0058512073,0.0000213266,0.0152289150,0.0000099601,0.0026048206
1784079534788893440,-5.761730285,-2.655859537,-0.145503018,0.178085944,0.034572475,0.002652423,-0.983403836,0.0000037875,0.0000000173,-0.0000278164,0.0000019401,0.0000028249,0.0003993643,0.0055081100,-0.0060667808,0.0000213295,0.0158435222,0.0000099917,0.0026069074
1784079534855313664,-5.892616078,-2.684836476,-0.147462861,0.171793566,0.034857820,0.002779998,-0.984512151,0.0000037929,0.0000000313,-0.0000278999,0.0000019445,0.0000026204,0.0003993683,0.0055707041,-0.0062674420,0.0000210960,0.0164509020,0.0000099241,0.0026089939
1784079534922198528,-6.026944139,-2.716235404,-0.149748749,0.165289039,0.034270537,0.003389097,-0.985643738,0.0000037242,0.0000000851,-0.0000274583,0.0000019388,0.0000018743,0.0003994512,0.0056394971,-0.0064827003,0.0000210169,0.0170913460,0.0000099172,0.0026110956
1784079534988833536,-6.158263042,-2.738936921,-0.153149467,0.158167893,0.034109414,0.003965078,-0.986814949,0.0000037372,0.0000001335,-0.0000276148,0.0000019263,0.0000011567,0.0003994446,0.0057047080,-0.0067044624,0.0000212856,0.0177630421,0.0000098169,0.0026129878
1784079535055256320,-6.296103758,-2.767754767,-0.159096859,0.150788065,0.034379158,0.004788804,-0.987956528,0.0000037454,0.0000001834,-0.0000277340,0.0000019182,0.0000004183,0.0003994400,0.0057574070,-0.0069069719,0.0000211001,0.0184321618,0.0000094641,0.0026148285
1784079535122105344,-6.438435385,-2.793094765,-0.161726741,0.143909795,0.034248722,0.005710361,-0.988981490,0.0000037503,0.0000002511,-0.0000278133,0.0000019186,-0.0000005655,0.0003994442,0.0058263089,-0.0071364269,0.0000207917,0.0191565173,0.0000095780,0.0026172123
1784079535188607488,-6.583456636,-2.814669234,-0.163525471,0.136505809,0.035452624,0.006804730,-0.989981298,0.0000039248,0.0000003263,-0.0000290726,0.0000019206,-0.0000016028,0.0003992744,0.0058830192,-0.0073604862,0.0000202136,0.0199128246,0.0000095051,0.0026192937
1784079535255428608,-6.734533618,-2.835417694,-0.167296318,0.129186137,0.035120550,0.007372366,-0.990970805,0.0000038688,0.0000003667,-0.0000287379,0.0000019263,-0.0000022140,0.0003993380,0.0059318314,-0.0075778693,0.0000196456,0.0207042512,0.0000095309,0.0026214833
1784079535322049280,-6.887046632,-2.854774377,-0.172376485,0.122097362,0.035618185,0.007024720,-0.991853937,0.0000038923,0.0000003585,-0.0000289554,0.0000019085,-0.0000021219,0.0003993286,0.0059745252,-0.0077948964,0.0000190943,0.0215296253,0.0000091212,0.0026231631
1784079535388507392,-7.044722257,-2.870668331,-0.176455051,0.115243527,0.035785423,0.007017318,-0.992667664,0.0000039144,0.0000003700,-0.0000291685,0.0000018935,-0.0000023034,0.0003993174,0.0060200368,-0.0080226125,0.0000187995,0.0224014405,0.0000089772,0.0026250768
1784079535455374592,-7.207252038,-2.886524880,-0.182405612,0.108352835,0.036478631,0.007054938,-0.993417938,0.0000039665,0.0000003785,-0.0000295746,0.0000018623,-0.0000024572,0.0003992736,0.0060603520,-0.0082518712,0.0000180956,0.0233332028,0.0000087050,0.0026271669
1784079535521974528,-7.363916634,-2.896560279,-0.188199369,0.101377729,0.036828635,0.006197877,-0.994146767,0.0000039948,0.0000003414,-0.0000298631,0.0000017669,-0.0000019332,0.0003992405,0.0060884834,-0.0084776978,0.0000188663,0.0242800636,0.0000080401,0.0026281731
1784079535588454400,-7.525709637,-2.905798624,-0.193752532,0.094804809,0.037370264,0.005000220,-0.994781639,0.0000040198,0.0000002777,-0.0000301315,0.0000017260,-0.0000011317,0.0003992130,0.0061107783,-0.0086826791,0.0000185051,0.0252188465,0.0000077639,0.0026297008
1784079535655301632,-7.695121304,-2.918007207,-0.200946649,0.088054090,0.037659051,0.005030023,-0.995390864,0.0000040433,0.0000002946,-0.0000303609,0.0000016971,-0.0000013509,0.0003991938,0.0061446446,-0.0089152726,0.0000181766,0.0262492601,0.0000075907,0.0026316495
1784079535721895424,-7.870485488,-2.931868707,-0.207616852,0.082365218,0.038909348,0.005203828,-0.995828777,0.0000041965,0.0000003131,-0.0000314584,0.0000016739,-0.0000016380,0.0003990222,0.0061771336,-0.0091526252,0.0000181103,0.0272989855,0.0000076489,0.0026334242
1784079535788368384,-8.035748675,-2.941311928,-0.213785564,0.076196361,0.038375107,0.005797541,-0.996337219,0.0000040999,0.0000003593,-0.0000309185,0.0000016541,-0.0000022369,0.0003991179,0.0062060364,-0.0093921798,0.0000184494,0.0284151539,0.0000077431,0.0026353241
1784079535855242496,-8.208315042,-2.949907994,-0.220319374,0.069889128,0.038896130,0.005776580,-0.996779430,0.0000041485,0.0000003764,-0.0000312704,0.0000016432,-0.0000024298,0.0003990790,0.0062327246,-0.0096164048,0.0000179452,0.0295163263,0.0000079353,0.0026376447
1784079535921707264,-8.381562092,-2.959760549,-0.227418932,0.064451916,0.038740784,0.005633977,-0.997152626,0.0000041120,0.0000003806,-0.0000310783,0.0000016328,-0.0000024933,0.0003991297,0.0062634897,-0.0098508136,0.0000175744,0.0306642028,0.0000082782,0.0026402756
1784079535988552448,-8.561204958,-2.966429131,-0.236299361,0.058798835,0.039581041,0.005476687,-0.997469821,0.0000042112,0.0000003928,-0.0000317522,0.0000016144,-0.0000025862,0.0003990393,0.0062864417,-0.0100844959,0.0000178308,0.0318704925,0.0000086111,0.0026424556
1784079536055177472,-8.741984016,-2.969189875,-0.243416800,0.052965931,0.038491307,0.005350540,-0.997839867,0.0000040805,0.0000003941,-0.0000309765,0.0000016000,-0.0000026837,0.0003991820,0.0063024914,-0.0103106565,0.0000177358,0.0331270818,0.0000090030,0.0026448879
1784079536121660416,-8.917477712,-2.969079445,-0.248665765,0.047984146,0.039685313,0.004387748,-0.998049771,0.0000042532,0.0000003448,-0.0000321151,0.0000015595,-0.0000019946,0.0003990237,0.0063148978,-0.0105298352,0.0000174444,0.0343973956,0.0000095736,0.0026476593
1784079536188486656,-9.105646244,-2.970939007,-0.254305726,0.043496830,0.038562393,0.003381012,-0.998303329,0.0000040678,0.0000002870,-0.0000310048,0.0000015315,-0.0000014586,0.0003992234,0.0063244526,-0.0107471540,0.0000162803,0.0357106089,0.0000098948,0.0026498754
1784079536255127552,-9.291054207,-2.971063878,-0.259442698,0.039088248,0.039706913,0.003029313,-0.998441933,0.0000042121,0.0000002695,-0.0000319768,0.0000014962,-0.0000012319,0.0003990773,0.0063362960,-0.0109742543,0.0000158224,0.0370962254,0.0000103168,0.0026522017
1784079536321568512,-9.477248882,-2.969409700,-0.264113590,0.034854344,0.038957504,0.002919592,-0.998628541,0.0000041083,0.0000002746,-0.0000314216,0.0000014658,-0.0000013650,0.0003991837,0.0063403847,-0.0111866001,0.0000159247,0.0384788216,0.0000106717,0.0026538915
1784079536388402432,-9.672870643,-2.968849300,-0.271991304,0.031312426,0.038629585,0.000261210,-0.998762844,0.0000040134,0.0000001226,-0.0000309093,0.0000014378,0.0000005619,0.0003992834,0.0063421851,-0.0114034362,0.0000161170,0.0399367745,0.0000111534,0.0026561532
1784079536455039488,-9.867628710,-2.967649295,-0.278532816,0.028257484,0.039681788,-0.000114946,-0.998812724,0.0000041494,0.0000000978,-0.0000317909,0.0000014275,0.0000008650,0.0003991609,0.0063534352,-0.0116403234,0.0000157598,0.0414999603,0.0000118853,0.0026595072
1784079536521590528,-10.061384558,-2.966649765,-0.283905423,0.025300959,0.038259440,0.000225667,-0.998947459,0.0000039445,0.0000001369,-0.0000306927,0.0000013851,0.0000004323,0.0003993328,0.0063568162,-0.0118710387,0.0000175020,0.0430631486,0.0000113246,0.0026603344
1784079536588349696,-10.252037777,-2.964156171,-0.286733818,0.023335551,0.039325569,-0.000067445,-0.998953926,0.0000040868,0.0000001145,-0.0000316326,0.0000013597,0.0000006855,0.0003992011,0.0063657450,-0.0120940264,0.0000170403,0.0446317340,0.0000110890,0.0026620648
1784079536654823424,-10.460208077,-2.964352588,-0.293411727,0.021648882,0.037619804,-0.001615677,-0.999056288,0.0000038415,0.0000000492,-0.0000301767,0.0000013245,0.0000016235,0.0003994364,0.0063704709,-0.0123192638,0.0000183961,0.0462438702,0.0000108887,0.0026638007
1784079536721696256,-10.659562932,-2.964162138,-0.295953533,0.020297964,0.039929718,-0.002252374,-0.998993762,0.0000041270,-0.0000000145,-0.0000320313,0.0000013151,0.0000023106,0.0003991561,0.0063864070,-0.0125740527,0.0000183639,0.0480267779,0.0000107991,0.0026664277
1784079536788276480,-10.861058475,-2.967545349,-0.305257230,0.019034152,0.038171693,-0.002007295,-0.999087881,0.0000038691,0.0000000090,-0.0000304638,0.0000012899,0.0000020857,0.0003994191,0.0064001804,-0.0128126129,0.0000180401,0.0497487686,0.0000102744,0.0026680690
1784079536854751232,-11.057955631,-2.970013321,-0.310258129,0.018120291,0.039618696,-0.001824535,-0.999048890,0.0000040511,0.0000000073,-0.0000317126,0.0000012599,0.0000019672,0.0003992347,0.0064219884,-0.0130718597,0.0000176394,0.0515184204,0.0000092570,0.0026690025
1784079536921607424,-11.264943673,-2.973896737,-0.319298348,0.016999603,0.038045244,-0.002272846,-0.999128824,0.0000038351,-0.0000000098,-0.0000304307,0.0000012425,0.0000022532,0.0003994455,0.0064406918,-0.0133234630,0.0000183526,0.0533234879,0.0000085306,0.0026705286
1784079536988207616,-11.466943468,-2.974720398,-0.325398233,0.016062729,0.038394012,-0.002449298,-0.999130567,0.0000038756,-0.0000000252,-0.0000307719,0.0000012319,0.0000023972,0.0003994078,0.0064593899,-0.0135744758,0.0000187680,0.0551880778,0.0000081203,0.0026730778
1784079537054705408,-11.676070283,-2.975512155,-0.331330049,0.015494333,0.037865723,-0.002686010,-0.999159095,0.0000037797,-0.0000000450,-0.0000303410,0.0000012064,0.0000025119,0.0003994750,0.0064627997,-0.0138244950,0.0000200663,0.0570923254,0.0000070867,0.0026732328
1784079537121536512,-11.887425097,-2.980192657,-0.339313888,0.014795260,0.038625103,-0.002425756,-0.999141290,0.0000038610,-0.0000000399,-0.0000309178,0.0000011962,0.0000023499,0.0003993999,0.0064891298,-0.0140947681,0.0000200257,0.0591045523,0.0000067330,0.0026760186
1784079537188140288,-12.101839507,-2.984319189,-0.345779872,0.013607515,0.037888931,-0.001942555,-0.999187415,0.0000037512,-0.0000000070,-0.0000303076,0.0000011782,0.0000018669,0.0003995123,0.0065119494,-0.0143628577,0.0000202161,0.0611151442,0.0000064136,0.0026789278
1784079537254629376,-12.313646363,-2.986042937,-0.353271712,0.012962122,0.038368476,-0.001837785,-0.999177895,0.0000037956,-0.0000000055,-0.0000307168,0.0000011640,0.0000017867,0.0003994619,0.0065311225,-0.0146302383,0.0000217496,0.0632184665,0.0000057714,0.0026816400
1784079537321474560,-12.534104640,-2.986861332,-0.355756624,0.012379509,0.038674909,-0.001351491,-0.999174245,0.0000038196,0.0000000249,-0.0000310555,0.0000011420,0.0000013070,0.0003994106,0.0065432950,-0.0149028329,0.0000244063,0.0653637663,0.0000044885,0.0026835350
1784079537387945472,-12.749159105,-2.990057199,-0.363251214,0.011244380,0.037490785,-0.000966127,-0.999233242,0.0000036378,0.0000000401,-0.0000299712,0.0000011339,0.0000010905,0.0003995930,0.0065602670,-0.0151712230,0.0000253075,0.0676049403,0.0000040872,0.0026871582
1784079537454771456,-12.970674212,-2.991936973,-0.371249056,0.010173735,0.038981798,-0.001284810,-0.999187302,0.0000037723,0.0000000136,-0.0000310755,0.0000011214,0.0000012991,0.0003994268,0.0065657123,-0.0154373741,0.0000277095,0.0698406409,0.0000034273,0.0026902343
1784079537521397248,-13.192353484,-2.993394255,-0.378907055,0.009150694,0.038647595,-0.000282001,-0.999210963,0.0000037433,0.0000000692,-0.0000309755,0.0000011129,0.0000005047,0.0003994588,0.0065861262,-0.0157221095,0.0000284287,0.0722043991,0.0000029205,0.0026940040
1784079537587881472,-13.413695758,-2.996708292,-0.383017321,0.007820918,0.038883253,0.001216804,-0.999212412,0.0000037472,0.0000001638,-0.0000310954,0.0000011084,-0.0000007956,0.0003994477,0.0066074170,-0.0159980579,0.0000295855,0.0745381956,0.0000022793,0.0026976277
1784079537654733312,-13.639403568,-2.996506019,-0.389583984,0.007292008,0.038405887,0.001043214,-0.999235071,0.0000036821,0.0000001465,-0.0000307913,0.0000011007,-0.0000006792,0.0003995038,0.0066170908,-0.0162670853,0.0000309193,0.0769550893,0.0000016412,0.0027010926
1784079537721341440,-13.864132585,-2.993611292,-0.397724594,0.006315131,0.038559988,0.000463829,-0.999236224,0.0000036875,0.0000001016,-0.0000308972,0.0000010948,-0.0000001695,0.0003995003,0.0066278274,-0.0165223041,0.0000315081,0.0794798824,0.0000010358,0.0027051812
1784079537787813376,-14.091689967,-2.989740543,-0.406524355,0.004715794,0.038676204,-0.000046194,-0.999240667,0.0000036817,0.0000000693,-0.0000309396,0.0000010906,0.0000001744,0.0003995070,0.0066363234,-0.0167744995,0.0000323748,0.0820258255,0.0000004328,0.0027095386
1784079537854663424,-14.321492963,-2.985367660,-0.413478093,0.004043867,0.038325293,-0.000467994,-0.999257024,0.0000036263,0.0000000422,-0.0000306505,0.0000010864,0.0000004593,0.0003995642,0.0066470642,-0.0170237611,0.0000330359,0.0846265642,-0.0000001996,0.0027139273
1784079537921268480,-14.546729624,-2.985374119,-0.420359995,0.003002916,0.038820305,0.000397951,-0.999241616,0.0000036470,0.0000000796,-0.0000309732,0.0000010737,-0.0000001533,0.0003995226,0.0066297267,-0.0172848929,0.0000348989,0.0872939577,-0.0000006991,0.0027179508
1784079537987739648,-14.777887772,-2.983446054,-0.427018457,0.001786089,0.037905299,0.000393604,-0.999279662,0.0000035242,0.0000000821,-0.0000302786,0.0000010669,-0.0000003012,0.0003996364,0.0066452103,-0.0175586527,0.0000357682,0.0899397976,-0.0000012555,0.0027222485
1784079538054595584,-15.011632788,-2.980077213,-0.434783292,0.001486675,0.039032270,0.000335517,-0.999236788,0.0000036579,0.0000000685,-0.0000312347,0.0000010610,-0.0000002317,0.0003994960,0.0066427737,-0.0178172815,0.0000366277,0.0927496513,-0.0000017694,0.0027267612
1784079538121071616,-15.250302856,-2.976698668,-0.442908851,0.000624318,0.039633541,0.001059796,-0.999213525,0.0000037163,0.0000001091,-0.0000316645,0.0000010597,-0.0000008347,0.0003994372,0.0066477905,-0.0180763537,0.0000372466,0.0956130202,-0.0000022353,0.0027315478
1784079538187920640,-15.484935135,-2.971888696,-0.449209316,0.000083688,0.038888959,0.000392478,-0.999243458,0.0000036134,0.0000000603,-0.0000310641,0.0000010558,-0.0000003140,0.0003995445,0.0066496004,-0.0183342941,0.0000376718,0.0985435273,-0.0000027182,0.0027364919
1784079538254525440,-15.719185368,-2.967818504,-0.456715356,0.000146835,0.038728576,-0.000255552,-0.999249724,0.0000036012,0.0000000133,-0.0000310050,0.0000010527,0.0000002483,0.0003995672,0.0066568476,-0.0185770985,0.0000380819,0.1014733267,-0.0000030394,0.0027418014
1784079538321007616,-15.971315705,-2.963333255,-0.464084824,0.000307078,-0.038432288,0.000060308,0.999261158,0.0000035190,0.0000000343,-0.0000305052,0.0000010508,-0.0000001006,0.0003996126,0.0066637639,-0.0188480442,0.0000385256,0.1044878813,-0.0000033149,0.0027474300
1784079538387864320,-16.217797296,-2.959565565,-0.467397732,0.000210525,-0.038335248,-0.000404605,0.999264830,0.0000035376,0.0000000542,-0.0000306315,0.0000010520,-0.0000004047,0.0003996026,0.0066714711,-0.0191266972,0.0000389106,0.1077621699,-0.0000036419,0.0027533591
1784079538454467584,-16.461409106,-2.955297757,-0.473038188,0.000040599,0.038450535,-0.000269404,-0.999260468,0.0000035577,0.0000000021,-0.0000307587,0.0000010544,0.0000002241,0.0003995981,0.0066785306,-0.0193785991,0.0000394681,0.1110066611,-0.0000039970,0.0027594225
1784079538520926464,-16.705728646,-2.951690561,-0.480879691,0.000315345,-0.037237271,0.001374317,0.999305458,0.0000033983,-0.0000000637,-0.0000297188,0.0000010588,0.0000010859,0.0003997681,0.0066914717,-0.0196394609,0.0000400821,0.1142464442,-0.0000044094,0.0027654746
1784079538587784448,-16.968008227,-2.951503019,-0.489178646,0.000653920,0.036775049,-0.002290595,-0.999320730,0.0000033227,-0.0000001169,-0.0000293260,0.0000010595,0.0000018090,0.0003998134,0.0066628580,-0.0199077836,0.0000412340,0.1175552905,-0.0000051076,0.0027711917
1784079538654452480,-17.217022566,-2.950161192,-0.498975771,0.001137294,0.037164006,-0.000926575,-0.999308103,0.0000033771,-0.0000000377,-0.0000297153,0.0000010543,0.0000007187,0.0003997771,0.0066803423,-0.0202440036,0.0000420880,0.1212177428,-0.0000055627,0.0027779642
1784079538720857344,-17.467598838,-2.955573483,-0.504836904,0.001695727,0.036792238,-0.000115525,-0.999321491,0.0000033306,0.0000000041,-0.0000294331,0.0000010544,0.0000001532,0.0003998208,0.0066975372,-0.0205547678,0.0000429909,0.1246720919,-0.0000059878,0.0027843435
1784079538787716352,-17.720860027,-2.959079322,-0.513083904,0.002169160,0.037179531,0.000320295,-0.999306197,0.0000033640,0.0000000251,-0.0000296787,0.0000010571,-0.0000001417,0.0003997958,0.0067205259,-0.0208855847,0.0000442672,0.1282331075,-0.0000063272,0.0027910522
1784079538854228480,-17.981062615,-2.966952619,-0.522132710,0.002372153,0.037515260,0.001007289,-0.999292732,0.0000033823,0.0000000648,-0.0000298908,0.0000010549,-0.0000006740,0.0003997280,0.0067135330,-0.0212082511,0.0000452401,0.1318970053,-0.0000066446,0.0027979335
1784079538921082624,-18.238096427,-2.967745007,-0.531134837,0.003151108,0.036943879,0.001054913,-0.999311817,0.0000033234,0.0000000696,-0.0000294972,0.0000010584,-0.0000007455,0.0003997944,0.0067407163,-0.0215556855,0.0000460572,0.1356618367,-0.0000069383,0.0028050575
1784079538987715584,-18.498010987,-2.965376045,-0.537807327,0.003756665,0.037872321,0.000263232,-0.999275490,0.0000034416,0.0000000273,-0.0000302869,0.0000010586,-0.0000001572,0.0003996828,0.0067543349,-0.0218659735,0.0000468325,0.1394885181,-0.0000072576,0.0028122872
1784079539054158336,-18.759057720,-2.968112544,-0.546572629,0.003989079,0.038044077,0.000103897,-0.999268095,0.0000034512,0.0000000089,-0.0000303347,0.0000010634,0.0000000728,0.0003996866,0.0067698446,-0.0221766010,0.0000475641,0.1434223063,-0.0000075988,0.0028197195
1784079539121013504,-19.022750531,-2.967387486,-0.554021967,0.004616007,0.039161842,0.000241254,-0.999222190,0.0000035662,0.0000000160,-0.0000310952,0.0000010602,-0.0000000694,0.0003995487,0.0067836157,-0.0225203582,0.0000481768,0.1473972363,-0.0000079474,0.0028271494
1784079539187636480,-19.286666618,-2.970192812,-0.563225380,0.004985940,0.039490651,0.000780507,-0.999207196,0.0000036209,0.0000000458,-0.0000314329,0.0000010633,-0.0000004594,0.0003995005,0.0068012061,-0.0228363416,0.0000488839,0.1514422544,-0.0000082717,0.0028349465
1784079539254095616,-19.551811673,-2.971219666,-0.572287392,0.005274348,0.039744080,0.000782205,-0.999195665,0.0000036618,0.0000000466,-0.0000316758,0.0000010669,-0.0000004706,0.0003994715,0.0068175398,-0.0231531486,0.0000496320,0.1555654165,-0.0000086504,0.0028430705
1784079539320941568,-19.818840727,-2.969517710,-0.582311553,0.005914720,0.040498165,0.000274392,-0.999162069,0.0000037667,0.0000000112,-0.0000323045,0.0000010705,-0.0000000226,0.0003993816,0.0068409922,-0.0234698826,0.0000504332,0.1598298635,-0.0000090212,0.0028515027
1784079539387505408,-20.090591851,-2.971357364,-0.590141597,0.006429935,0.040873529,-0.000424697,-0.999143548,0.0000037952,-0.0000000382,-0.0000324852,0.0000010689,0.0000005613,0.0003993544,0.0068534567,-0.0237926509,0.0000514344,0.1641073134,-0.0000094138,0.0028600019
1784079539453982464,-20.357251942,-2.972488160,-0.597779587,0.007107460,0.040701495,-0.001027423,-0.999145543,0.0000037975,-0.0000000799,-0.0000324845,0.0000010734,0.0000010718,0.0003993620,0.0068758976,-0.0241227492,0.0000523512,0.1684938852,-0.0000098730,0.0028687262
1784079539554108416,-20.765428482,-2.975845176,-0.610430626,0.007519953,0.038844584,-0.001353051,-0.999216052,0.0000035625,-0.0000000932,-0.0000310104,0.0000010769,0.0000013197,0.0003996034,0.0069014213,-0.0246145372,0.0000537799,0.1751142870,-0.0000104744,0.0028822246
1784079539654171392,-21.176250714,-2.981901926,-0.623794921,0.009176931,0.038267886,-0.001034759,-0.999224841,0.0000034887,-0.0000000755,-0.0000305098,0.0000010811,0.0000011278,0.0003997002,0.0069584734,-0.0251804816,0.0000556868,0.1821225109,-0.0000112372,0.0028967829
1784079539720766464,-21.457871092,-2.984755207,-0.632110461,0.009977918,0.037947470,-0.001159409,-0.999229246,0.0000034520,-0.0000000741,-0.0000302776,0.0000010821,0.0000011515,0.0003997301,0.0069907683,-0.0255500565,0.0000562966,0.1868237130,-0.0000117591,0.0029063804
1784079539787245568,-21.729306234,-2.983425661,-0.641452997,0.010540732,0.038046151,-0.001878924,-0.999218621,0.0000034722,-0.0000001195,-0.0000304098,0.0000010885,0.0000017632,0.0003997068,0.0070069871,-0.0258875460,0.0000571068,0.1916890825,-0.0000123623,0.0029162751
1784079539854100480,-22.019291118,-2.986358709,-0.652146298,0.011312761,0.037049649,-0.002094196,-0.999247196,0.0000033422,-0.0000001280,-0.0000295536,0.0000010898,0.0000019401,0.0003998394,0.0070128798,-0.0262180083,0.0000574339,0.1964892086,-0.0000123618,0.0029254264
1784079539920701440,-22.301474736,-2.988373958,-0.663263048,0.012357389,0.038038695,-0.002519048,-0.999196681,0.0000034580,-0.0000001636,-0.0000303071,0.0000010968,0.0000023780,0.0003997368,0.0070437378,-0.0265928722,0.0000584162,0.2016872826,-0.0000128339,0.0029359034
1784079539987185408,-22.586274996,-2.990872526,-0.673463986,0.012987844,0.038031023,-0.002729154,-0.999188425,0.0000034547,-0.0000001765,-0.0000302766,0.0000011008,0.0000025685,0.0003997525,0.0070640290,-0.0269511401,0.0000591464,0.2068397741,-0.0000132577,0.0029462405
1784079540054030336,-22.872265626,-2.995433183,-0.681072565,0.013473897,0.037890282,-0.002261724,-0.999188503,0.0000034553,-0.0000001433,-0.0000302734,0.0000010975,0.0000021438,0.0003997716,0.0070948931,-0.0273333148,0.0000600261,0.2120082759,-0.0000137139,0.0029566921
1784079540120633344,-23.156678484,-2.999122196,-0.690655759,0.014171599,0.037036628,-0.002211951,-0.999210969,0.0000033592,-0.0000001336,-0.0000296323,0.0000010976,0.0000020870,0.0003998814,0.0071283281,-0.0277184578,0.0000606690,0.2172739190,-0.0000141682,0.0029672486
1784079540220609536,-23.592638512,-3.010944026,-0.708107954,0.015097005,0.037624383,-0.002588902,-0.999174551,0.0000034045,-0.0000001714,-0.0000299056,0.0000011062,0.0000025891,0.0003998535,0.0071811548,-0.0283010980,0.0000624308,0.2253806595,-0.0000149447,0.0029842346
1784079540253980416,-23.743153279,-3.015575015,-0.713066788,0.015537665,0.038785165,-0.002323212,-0.999124064,0.0000035669,-0.0000001508,-0.0000309634,0.0000011000,0.0000022571,0.0003996893,0.0072038384,-0.0285392107,0.0000626752,0.2282372976,-0.0000151906,0.0029900719
1784079540320441600,-24.031399746,-3.024866498,-0.718283613,0.016300072,0.038255703,-0.001540064,-0.999133843,0.0000035149,-0.0000001011,-0.0000306210,0.0000010943,0.0000016518,0.0003997570,0.0072376871,-0.0289910963,0.0000630467,0.2338967821,-0.0000157125,0.0030015755
1784079540387318272,-24.322569692,-3.032243237,-0.726276987,0.017197283,0.038626685,-0.002208935,-0.999103275,0.0000035627,-0.0000001449,-0.0000309071,0.0000011025,0.0000022195,0.0003997208,0.0072815353,-0.0293984798,0.0000640350,0.2394811546,-0.0000161342,0.0030131890
1784079540453896448,-24.617911264,-3.036424420,-0.737928474,0.017538763,0.037358927,-0.003420554,-0.999142133,0.0000033742,-0.0000002201,-0.0000296527,0.0000011206,0.0000033342,0.0003999137,0.0073140239,-0.0298126692,0.0000651271,0.2452693171,-0.0000167644,0.0030255181
1784079540553870336,-25.061358528,-3.043763115,-0.753345974,0.019443395,0.039640965,-0.004682363,-0.999013826,0.0000036835,-0.0000003132,-0.0000316104,0.0000011462,0.0000043069,0.0003996161,0.0073814211,-0.0304145052,0.0000673314,0.2541206739,-0.0000178563,0.0030445425
1784079540587281408,-25.211437788,-3.047679367,-0.759011343,0.019816591,0.038148341,-0.004664125,-0.999064689,0.0000034893,-0.0000002999,-0.0000303576,0.0000011476,0.0000043190,0.0003998213,0.0074075779,-0.0306479882,0.0000680975,0.2571313780,-0.0000181389,0.0030509192
1784079540653827328,-25.519248100,-3.054966805,-0.769461805,0.020740898,0.039601797,-0.005100945,-0.998987234,0.0000036729,-0.0000003402,-0.0000315339,0.0000011584,0.0000046512,0.0003996489,0.0074416486,-0.0310978536,0.0000678493,0.2632153019,-0.0000171486,0.0030623771
1784079540720331520,-25.837384962,-3.062786442,-0.783677226,0.021489829,0.039658742,-0.006052244,-0.998963834,0.0000036575,-0.0000004073,-0.0000314380,0.0000011804,0.0000054783,0.0003996503,0.0074499494,-0.0315480782,0.0000689274,0.2696023402,-0.0000179866,0.0030751087
1784079540787176448,-26.145444647,-3.070412781,-0.794828160,0.022226688,0.040317310,-0.006785293,-0.998916637,0.0000037599,-0.0000004650,-0.0000320556,0.0000012020,0.0000060899,0.0003995520,0.0074990479,-0.0320249273,0.0000701088,0.2762348047,-0.0000185038,0.0030888198
1784079540887139584,-26.601185947,-3.084840022,-0.810844941,0.023420219,0.040041597,-0.006247253,-0.998903967,0.0000037334,-0.0000004355,-0.0000318612,0.0000011975,0.0000057515,0.0003996203,0.0075736062,-0.0327346929,0.0000721322,0.2860379355,-0.0000195758,0.0031093300
1784079540987106560,-27.059657021,-3.103946239,-0.825182872,0.024183016,0.040790092,-0.005983081,-0.998857123,0.0000038376,-0.0000004316,-0.0000324676,0.0000011988,0.0000055686,0.0003995540,0.0076541806,-0.0335149358,0.0000735054,0.2958464608,-0.0000208540,0.0031300082
1784079541053575424,-27.362869992,-3.116964487,-0.836919593,0.024635276,0.039750928,-0.006073923,-0.998887418,0.0000036954,-0.0000004257,-0.0000315774,0.0000012039,0.0000056559,0.0003997031,0.0076988483,-0.0340120650,0.0000747707,0.3024886291,-0.0000217923,0.0031439633
1784079541120414464,-27.669143482,-3.127298808,-0.847877928,0.025149794,0.040675408,-0.006591908,-0.998834093,0.0000038286,-0.0000004721,-0.0000323767,0.0000012201,0.0000060862,0.0003995781,0.0077593663,-0.0345141659,0.0000760845,0.3092458881,-0.0000227229,0.0031581869
1784079541220394496,-28.127461642,-3.148824388,-0.864439761,0.026585903,0.040458793,-0.006215069,-0.998808114,0.0000038023,-0.0000004519,-0.0000321778,0.0000012193,0.0000058671,0.0003996433,0.0078579496,-0.0353183987,0.0000776251,0.3195964196,-0.0000240894,0.0031798662
1784079541320378624,-28.589614492,-3.167900361,-0.878823862,0.027101795,0.039943500,-0.006385369,-0.998813915,0.0000037433,-0.0000004513,-0.0000317762,0.0000012268,0.0000059174,0.0003997271,0.0079599089,-0.0361324045,0.0000800869,0.3299223467,-0.0000256009,0.0032020956
1784079541420353536,-29.047996938,-3.185541331,-0.899068553,0.027996727,0.039765258,-0.007390136,-0.998789414,0.0000037230,-0.0000005196,-0.0000316134,0.0000012609,0.0000067798,0.0003997464,0.0080516221,-0.0369094119,0.0000833798,0.3406553495,-0.0000272110,0.0032254551
1784079541553403392,-29.665732269,-3.212941079,-0.919066112,0.029401666,0.039761129,-0.006729338,-0.998753879,0.0000037219,-0.0000004792,-0.0000315456,0.0000012555,0.0000062699,0.0003998137,0.0081991248,-0.0380480656,0.0000881563,0.3550141085,-0.0000297488,0.0032570779
1784079541620282368,-29.974431468,-3.229770821,-0.929679209,0.029643077,0.037532692,-0.007245927,-0.998829356,0.0000034588,-0.0000004813,-0.0000298078,0.0000012740,0.0000066650,0.0004000888,0.0082776938,-0.0386100216,0.0000912635,0.3625075863,-0.0000314794,0.0032739948
1784079541753525504,-30.587149250,-3.260512668,-0.946777332,0.030638941,0.037337439,-0.007089275,-0.998807746,0.0000034450,-0.0000004746,-0.0000296515,0.0000012845,0.0000065941,0.0004001563,0.0084291041,-0.0397491999,0.0000930575,0.3773725921,-0.0000326826,0.0033043711
1784079541886715392,-31.197231295,-3.291085757,-0.965765882,0.031977467,0.039028079,-0.007781026,-0.998696003,0.0000036557,-0.0000005441,-0.0000309573,0.0000013182,0.0000071978,0.0003999794,0.0086117890,-0.0409799044,0.0000989255,0.3925291909,-0.0000360913,0.0033388037
1784079541953567488,-31.511103786,-3.309008402,-0.975408253,0.032106293,0.037860243,-0.007812230,-0.998736580,0.0000035168,-0.0000005312,-0.0000300323,0.0000013246,0.0000072393,0.0004001403,0.0086863020,-0.0415705922,0.0000998135,0.4002566741,-0.0000355490,0.0033535354
1784079542020110336,-31.813065282,-3.323396783,-0.986287308,0.032593794,0.038866697,-0.007252412,-0.998686351,0.0000036442,-0.0000005107,-0.0000308282,0.0000013136,0.0000067751,0.0004000543,0.0087764109,-0.0422200535,0.0001032751,0.4081176628,-0.0000374047,0.0033716044
1784079542086586368,-32.119794940,-3.343080715,-0.994491644,0.033403962,0.039118007,-0.007243193,-0.998649835,0.0000036892,-0.0000005177,-0.0000310831,0.0000013178,0.0000067965,0.0004000303,0.0088542435,-0.0428396677,0.0001031023,0.4159093151,-0.0000363132,0.0033868401
1784079542153476352,-32.434059477,-3.359771950,-1.005715823,0.033700927,0.038434240,-0.007438191,-0.998664974,0.0000035755,-0.0000005193,-0.0000303599,0.0000013114,0.0000070111,0.0004001449,0.0088959060,-0.0434701369,0.0001022402,0.4238690002,-0.0000361765,0.0034029956
1784079542286521344,-33.031245875,-3.396839930,-1.020022591,0.034583861,0.038214785,-0.007699187,-0.998641232,0.0000035782,-0.0000005375,-0.0000303496,0.0000013238,0.0000072162,0.0004001744,0.0090283370,-0.0446793129,0.0001023917,0.4398074278,-0.0000346233,0.0034355894
1784079542353367552,-33.325832356,-3.417157726,-1.025048136,0.034853839,0.036884783,-0.007221688,-0.998685421,0.0000034228,-0.0000004883,-0.0000293008,0.0000013093,0.0000068006,0.0004003643,0.0091234913,-0.0454277670,0.0001019331,0.4477717609,-0.0000342700,0.0034517613
1784079542419973376,-33.619639936,-3.439552213,-1.031491182,0.035097270,0.037314885,-0.006528159,-0.998665692,0.0000034843,-0.0000004554,-0.0000296860,0.0000012958,0.0000062601,0.0004003456,0.0092186271,-0.0461070456,0.0001026651,0.4556683761,-0.0000344553,0.0034687589
1784079542486448640,-33.915655246,-3.460601043,-1.039363515,0.034877572,0.037136762,-0.006363757,-0.998681089,0.0000034709,-0.0000004423,-0.0000295790,0.0000012933,0.0000061188,0.0004003867,0.0093227337,-0.0467976529,0.0001029842,0.4636169819,-0.0000344974,0.0034854376
1784079542553299456,-34.205769507,-3.484237748,-1.043063051,0.034820009,0.037256770,-0.005748896,-0.998682357,0.0000034849,-0.0000004078,-0.0000296503,0.0000012836,0.0000056355,0.0004004122,0.0093785584,-0.0474791768,0.0000995351,0.4716970585,-0.0000326178,0.0035001791
1784079542619775488,-34.506508453,-3.499924931,-1.053654308,0.035018853,0.037285362,-0.004645478,-0.998680080,0.0000034911,-0.0000003325,-0.0000297020,0.0000012600,0.0000046647,0.0004004370,0.0094861536,-0.0482317201,0.0000992783,0.4796329327,-0.0000321187,0.0035163530
1784079542686669312,-34.820992502,-3.515644311,-1.066884965,0.034523361,0.038753616,-0.004307754,-0.998642948,0.0000036625,-0.0000003252,-0.0000308233,0.0000012587,0.0000043775,0.0004002911,0.0095343023,-0.0488684796,0.0000994118,0.4881418952,-0.0000312513,0.0035339911
1784079542753271552,-35.127604170,-3.532197064,-1.082371883,0.033694881,0.039859715,-0.004529074,-0.998626730,0.0000038013,-0.0000003553,-0.0000316873,0.0000012686,0.0000046355,0.0004001671,0.0095525956,-0.0494833709,0.0000982461,0.4969707042,-0.0000317791,0.0035525886
1784079542819707392,-35.425575740,-3.546645232,-1.095508441,0.032972599,0.040256689,-0.004366376,-0.998635640,0.0000038571,-0.0000003495,-0.0000320147,0.0000012713,0.0000045228,0.0004001379,0.0096314474,-0.0501130983,0.0001000789,0.5054481577,-0.0000319958,0.0035709577
1784079542886564608,-35.715464547,-3.558118998,-1.105598724,0.032168181,0.040951231,-0.003439635,-0.998637258,0.0000039593,-0.0000002925,-0.0000326205,0.0000012595,0.0000037422,0.0004000713,0.0096800570,-0.0507516315,0.0000999670,0.5139854006,-0.0000330640,0.0035890399
1784079542953169408,-36.020591060,-3.576652058,-1.116827243,0.031452524,0.040243211,-0.001883136,-0.998692984,0.0000038703,-0.0000001837,-0.0000320558,0.0000012441,0.0000024575,0.0004002024,0.0097549370,-0.0514076153,0.0001010187,0.5224119386,-0.0000336075,0.0036071519
1784079543019637248,-36.321857287,-3.594762119,-1.124427199,0.030827253,0.041115846,-0.000971705,-0.998678238,0.0000039961,-0.0000001273,-0.0000328044,0.0000012409,0.0000017167,0.0004001073,0.0098130076,-0.0521039418,0.0001012915,0.5312154511,-0.0000343352,0.0036262953
1784079543086490368,-36.618240654,-3.607635265,-1.129554194,0.029754894,0.039175959,-0.000333397,-0.998789157,0.0000037627,-0.0000000729,-0.0000313399,0.0000012409,0.0000011132,0.0004003686,0.0098605156,-0.0527290510,0.0001012030,0.5399792688,-0.0000352523,0.0036452118
1784079543153134336,-36.907936360,-3.616228950,-1.137582013,0.029167585,0.036955716,-0.001465120,-0.998890074,0.0000034907,-0.0000001322,-0.0000295341,0.0000012535,0.0000019886,0.0004006609,0.0099187776,-0.0532715895,0.0001024939,0.5485716285,-0.0000361157,0.0036641397
1784079543219569408,-37.203811326,-3.626118708,-1.150703143,0.028895391,0.037704259,-0.001666348,-0.998869695,0.0000035834,-0.0000001476,-0.0000301193,0.0000012608,0.0000021575,0.0004005931,0.0099631494,-0.0538265158,0.0001028821,0.5573989157,-0.0000371209,0.0036835956
1784079543286424320,-37.502205834,-3.639078813,-1.157972882,0.028987186,0.038312607,-0.000847528,-0.998844917,0.0000036677,-0.0000001048,-0.0000306449,0.0000012596,0.0000015547,0.0004005399,0.0100330100,-0.0544724827,0.0001032710,0.5663046865,-0.0000383552,0.0037031880
1784079543352902400,-37.805184860,-3.656062569,-1.164849873,0.028400659,0.037649327,-0.000637090,-0.998887143,0.0000035967,-0.0000000830,-0.0000301655,0.0000012616,0.0000012985,0.0004006148,0.0100762007,-0.0550822393,0.0001036016,0.5752994544,-0.0000389812,0.0037229118
1784079543419751424,-38.091820892,-3.665867815,-1.170357414,0.027632699,0.039423837,-0.001367073,-0.998839490,0.0000038204,-0.0000001314,-0.0000315895,0.0000012681,0.0000018662,0.0004004039,0.0101494668,-0.0557587587,0.0001038834,0.5844473798,-0.0000398510,0.0037430220
1784079543486357504,-38.394858731,-3.677473998,-1.185731165,0.026437537,0.039020075,-0.001069463,-0.998888055,0.0000037553,-0.0000001106,-0.0000311535,0.0000012706,0.0000016193,0.0004004925,0.0101952982,-0.0563337759,0.0001040257,0.5934080756,-0.0000407533,0.0037630253
1784079543552873472,-38.690442834,-3.692994574,-1.195507307,0.025573077,0.040324313,0.001650860,-0.998857969,0.0000039455,0.0000000563,-0.0000323108,0.0000012688,-0.0000005169,0.0004003331,0.0102685276,-0.0570101207,0.0001051097,0.6027232991,-0.0000414257,0.0037841071
1784079543619682560,-38.985083828,-3.706551044,-1.208776045,0.024319759,0.038943105,0.003897393,-0.998937833,0.0000037774,0.0000002089,-0.0000312373,0.0000012886,-0.0000024886,0.0004005090,0.0103227073,-0.0576910476,0.0001046230,0.6117914341,-0.0000421271,0.0038038149
1784079543686327552,-39.281845731,-3.717741653,-1.215975321,0.022392943,0.037253999,0.003499055,-0.999048774,0.0000035754,0.0000001760,-0.0000298867,0.0000012918,-0.0000021626,0.0004007431,0.0104076907,-0.0582889655,0.0001072218,0.6211361861,-0.0000428076,0.0038253001
1784079543752761344,-39.571189529,-3.722535219,-1.222978742,0.020095476,0.039037418,0.002339280,-0.999032922,0.0000037952,0.0000001140,-0.0000312789,0.0000012908,-0.0000012760,0.0004005586,0.0104720298,-0.0587890679,0.0001099534,0.6303165581,-0.0000434585,0.0038464623
1784079543819612416,-39.868970622,-3.725404583,-1.227038636,0.017749226,0.037112593,0.003077740,-0.999148712,0.0000035657,0.0000001597,-0.0000297555,0.0000013020,-0.0000019515,0.0004008028,0.0105042371,-0.0592816138,0.0001108005,0.6397718921,-0.0000460724,0.0038675011
1784079543886221312,-40.151241975,-3.721343963,-1.227189765,0.016471290,0.035252857,0.001707786,-0.999241220,0.0000033508,0.0000000801,-0.0000282467,0.0000013019,-0.0000009278,0.0004010546,0.0105505671,-0.0596714270,0.0001133573,0.6489150898,-0.0000472574,0.0038885059
1784079543952757248,-40.437176708,-3.712135090,-1.230204952,0.014188371,0.035486714,-0.001585408,-0.999268167,0.0000033796,-0.0000001024,-0.0000284156,0.0000013130,0.0000016495,0.0004010493,0.0105677092,-0.0599131728,0.0001153500,0.6582064415,-0.0000490654,0.0039096507
1784079544019551488,-40.745413314,-3.710650141,-1.244596405,0.013581186,0.034581291,-0.005113171,-0.999296523,0.0000032704,-0.0000002941,-0.0000276086,0.0000013624,0.0000044796,0.0004011425,0.0105889638,-0.0602462457,0.0001165525,0.6679851044,-0.0000501280,0.0039313771
1784079544086021376,-41.042825819,-3.703561845,-1.260461429,0.013887028,0.039642429,-0.005771091,-0.999100757,0.0000038776,-0.0000003866,-0.0000316577,0.0000013809,0.0000050627,0.0004005472,0.0106059507,-0.0607147605,0.0001160596,0.6779414860,-0.0000517700,0.0039536951
1784079544152911360,-41.354600209,-3.700999276,-1.279209268,0.014664860,0.041575648,-0.007252056,-0.999001409,0.0000041284,-0.0000005057,-0.0000331513,0.0000014230,0.0000062659,0.0004002936,0.0106527275,-0.0610830149,0.0001186336,0.6880836682,-0.0000527130,0.0039775547
1784079544219546624,-41.658847118,-3.699635477,-1.288943630,0.014660966,0.040470195,-0.009002720,-0.999032617,0.0000039831,-0.0000006017,-0.0000322366,0.0000014768,0.0000076450,0.0004004175,0.0106776994,-0.0615109065,0.0001180582,0.6981826910,-0.0000545293,0.0039999443
1784079544286033408,-41.953817763,-3.693885662,-1.290998028,0.016337037,0.044332403,-0.011750201,-0.998814133,0.0000045002,-0.0000008599,-0.0000352342,0.0000015835,0.0000099108,0.0003998309,0.0107278622,-0.0619338043,0.0001197975,0.7082124318,-0.0000565483,0.0040227978
1784079544352845312,-42.258119403,-3.689336734,-1.300078814,0.016320532,0.042761973,-0.014156526,-0.998851664,0.0000042881,-0.0000009937,-0.0000339857,0.0000016968,0.0000118494,0.0003999692,0.0107454244,-0.0622111664,0.0001224424,0.7185002099,-0.0000577992,0.0040471678
1784079544419433472,-42.545672203,-3.688490709,-1.311326517,0.015940289,0.042701875,-0.014941828,-0.998848937,0.0000042832,-0.0000010437,-0.0000339248,0.0000017418,0.0000124608,0.0003999687,0.0108053133,-0.0626545931,0.0001255997,0.7284498460,-0.0000590835,0.0040710948
1784079544485956352,-42.834856940,-3.696643396,-1.323983152,0.014784398,0.039143639,-0.011870850,-0.999053692,0.0000038344,-0.0000007588,-0.0000311803,0.0000016055,0.0000099370,0.0004005862,0.0108398757,-0.0632039337,0.0001267827,0.7383480281,-0.0000603330,0.0040946813
1784079544552783616,-43.123491533,-3.715948811,-1.338077461,0.014320828,0.042430814,-0.007959790,-0.998965055,0.0000042727,-0.0000005598,-0.0000338344,0.0000014815,0.0000068094,0.0004003093,0.0109409525,-0.0639885081,0.0001306855,0.7482137011,-0.0000619133,0.0041185203
1784079544619443456,-43.431655475,-3.735576106,-1.352375937,0.013767061,0.040775970,-0.004145787,-0.999064863,0.0000040678,-0.0000002882,-0.0000325807,0.0000014078,0.0000037486,0.0004006267,0.0110423646,-0.0647706900,0.0001338510,0.7589055294,-0.0000633014,0.0041442888
1784079544685883648,-43.731478678,-3.746109221,-1.362531124,0.012635732,0.044539299,-0.001357196,-0.998926798,0.0000045914,-0.0000001187,-0.0000355936,0.0000013843,0.0000015274,0.0004001622,0.0110786398,-0.0654078668,0.0001348670,0.7695084679,-0.0000641954,0.0041692084
1784079544752676608,-44.036387660,-3.745323779,-1.373436432,0.011384166,0.043019345,-0.001170698,-0.999008692,0.0000043834,-0.0000000906,-0.0000343893,0.0000013891,0.0000012541,0.0004004026,0.0111036403,-0.0658632251,0.0001360163,0.7796765261,-0.0000648378,0.0041928999
1784079544819156480,-44.332850322,-3.738916077,-1.387314245,0.010989765,0.041947865,-0.004287664,-0.999050158,0.0000042396,-0.0000002979,-0.0000335137,0.0000014283,0.0000037573,0.0004005478,0.0111448980,-0.0661835888,0.0001402717,0.7906406165,-0.0000662226,0.0042197081
1784079544886009344,-44.639011387,-3.734567578,-1.405317282,0.011006918,0.043234503,-0.006519637,-0.998983043,0.0000044167,-0.0000004649,-0.0000345102,0.0000014783,0.0000055838,0.0004003600,0.0111721484,-0.0665437616,0.0001430793,0.8014239770,-0.0000678522,0.0042456992
1784079544952601344,-44.937931803,-3.732132855,-1.415651203,0.011011735,0.043839837,-0.008222134,-0.998944046,0.0000045074,-0.0000005876,-0.0000349876,0.0000015271,0.0000069085,0.0004002609,0.0112129577,-0.0669770654,0.0001470391,0.8124647560,-0.0000693112,0.0042725095
1784079545019379456,-45.237662255,-3.730779077,-1.424095088,0.010127089,0.041871850,-0.008161904,-0.999038324,0.0000042455,-0.0000005529,-0.0000334294,0.0000015330,0.0000068245,0.0004005613,0.0112849167,-0.0673941883,0.0001535053,0.8232516763,-0.0000708417,0.0043002378
1784079545085973504,-45.534265517,-3.730089769,-1.433093390,0.009674947,0.041586109,-0.008333881,-0.999053321,0.0000042159,-0.0000005583,-0.0000332108,0.0000015450,0.0000069358,0.0004006225,0.0113456509,-0.0678308874,0.0001587233,0.8340530908,-0.0000722058,0.0043280583
1784079545152618496,-45.847706229,-3.731600258,-1.441153673,0.009696387,0.040332459,-0.008818877,-0.999100345,0.0000040495,-0.0000005693,-0.0000321660,0.0000015633,0.0000073143,0.0004008078,0.0113437125,-0.0682880365,0.0001570084,0.8449843382,-0.0000744275,0.0043521051
1784079545252514304,-46.303773218,-3.730234698,-1.457646616,0.009604702,0.040684245,-0.010059494,-0.999075247,0.0000041104,-0.0000006557,-0.0000324843,0.0000016115,0.0000083199,0.0004007575,0.0113637772,-0.0689700420,0.0001604635,0.8621609601,-0.0000782512,0.0043912407
1784079545285867520,-46.455236957,-3.730139272,-1.462650185,0.009320000,0.040622401,-0.009954623,-0.999081510,0.0000041066,-0.0000006459,-0.0000324383,0.0000016116,0.0000082136,0.0004007838,0.0114049301,-0.0692244360,0.0001642072,0.8681094413,-0.0000793939,0.0044066396
1784079545352511488,-46.754425375,-3.733025260,-1.467944140,0.009000485,0.037002650,-0.008912107,-0.999234892,0.0000036662,-0.0000005217,-0.0000295739,0.0000015857,0.0000073487,0.0004012939,0.0114758094,-0.0697281057,0.0001715644,0.8793071430,-0.0000817423,0.0044359515
1784079545418986496,-47.047002694,-3.735923325,-1.469630339,0.008979182,0.037750448,-0.008975324,-0.999206546,0.0000037629,-0.0000005369,-0.0000301731,0.0000015951,0.0000074059,0.0004012304,0.0115239492,-0.0702253466,0.0001740469,0.8903558912,-0.0000833820,0.0044633136
1784079545485831424,-47.374987204,-3.730768025,-1.487657961,0.008709835,0.032714237,-0.008259456,-0.999392665,0.0000031969,-0.0000004171,-0.0000261406,0.0000015765,0.0000067436,0.0004018533,0.0115102633,-0.0706518978,0.0001675941,0.9017633632,-0.0000841809,0.0044877612
1784079545552287488,-47.674166373,-3.730471064,-1.501319628,0.008747605,0.036203735,-0.009857103,-0.999257528,0.0000035805,-0.0000005617,-0.0000289042,0.0000016333,0.0000081345,0.0004014460,0.0115114243,-0.0709953095,0.0001700079,0.9141175191,-0.0000899075,0.0045163155
1784079545652321536,-48.121348169,-3.730496119,-1.512905042,0.008530493,0.035436158,-0.010601729,-0.999279297,0.0000035051,-0.0000005884,-0.0000283181,0.0000016689,0.0000086941,0.0004015501,0.0116275704,-0.0717291937,0.0001806662,0.9314270310,-0.0000942972,0.0045605392
1784079545685783296,-48.270763799,-3.732508478,-1.517007852,0.008265331,0.033601400,-0.009974624,-0.999351358,0.0000033071,-0.0000005210,-0.0000268778,0.0000016499,0.0000081696,0.0004017865,0.0116552753,-0.0719940751,0.0001836157,0.9373331135,-0.0000958862,0.0045755212
1784079545752288512,-48.570317721,-3.737179813,-1.527575002,0.009191191,0.037650487,-0.009268531,-0.999205713,0.0000037754,-0.0000005474,-0.0000301007,0.0000016365,0.0000076483,0.0004013748,0.0117245949,-0.0725437965,0.0001896365,0.9489448007,-0.0000992596,0.0046054014
1784079545819071488,-48.871024299,-3.742707780,-1.536203807,0.009113592,0.038224929,-0.007491047,-0.999199520,0.0000038503,-0.0000004492,-0.0000305840,0.0000015942,0.0000062533,0.0004013790,0.0117493334,-0.0730398953,0.0001891000,0.9607747823,-0.0000997900,0.0046335819
1784079545919121408,-49.310794283,-3.746554108,-1.548397572,0.008642333,0.037593143,-0.009510244,-0.999210499,0.0000037836,-0.0000005621,-0.0000300955,0.0000016609,0.0000078485,0.0004014407,0.0117875036,-0.0737690535,0.0001806984,0.9782845122,-0.0000971689,0.0046725899
1784079546018999552,-49.785587688,-3.757358569,-1.561756843,0.009833632,0.037682149,-0.008316221,-0.999206783,0.0000037846,-0.0000004905,-0.0000300790,0.0000016351,0.0000069047,0.0004015221,0.0118279823,-0.0745797847,0.0001714907,0.9958638517,-0.0000928998,0.0047106412
1784079546118981376,-50.235333007,-3.763976113,-1.571876200,0.009575720,0.037686505,-0.007556969,-0.999215155,0.0000038006,-0.0000004457,-0.0000301521,0.0000016250,0.0000063132,0.0004015700,0.0118828712,-0.0754304565,0.0001705485,1.0148158450,-0.0000942129,0.0047560069
1784079546252174336,-50.824813395,-3.773921702,-1.588747244,0.009993580,0.038429242,-0.007254897,-0.999185012,0.0000039040,-0.0000004341,-0.0000307530,0.0000016334,0.0000060573,0.0004015454,0.0120492258,-0.0766555994,0.0001815906,1.0391939975,-0.0000986399,0.0048186425
1784079546318915328,-51.124288000,-3.782514377,-1.597409821,0.010336261,0.038733453,-0.005185280,-0.999182663,0.0000039466,-0.0000003097,-0.0000309896,0.0000015994,0.0000044158,0.0004015818,0.0121552624,-0.0772633122,0.0001896385,1.0511444821,-0.0001012481,0.0048498538
1784079546385382400,-51.422621247,-3.788471169,-1.608048946,0.010223251,0.037803832,-0.003840032,-0.999225505,0.0000038410,-0.0000002167,-0.0000302778,0.0000015860,0.0000033117,0.0004017424,0.0122476977,-0.0778390385,0.0001971508,1.0635656857,-0.0001041257,0.0048822525
1784079546452222464,-51.741831167,-3.772441012,-1.631513243,0.009477189,0.039729152,-0.003409508,-0.999159723,0.0000040522,-0.0000002020,-0.0000316223,0.0000015819,0.0000029610,0.0004015342,0.0122782358,-0.0783165460,0.0001916298,1.0758742252,-0.0000917946,0.0049074793
1784079546518836480,-52.050163553,-3.770755453,-1.647542528,0.009509669,0.040782380,-0.004464372,-0.999112823,0.0000042160,-0.0000002786,-0.0000326066,0.0000016021,0.0000038152,0.0004013877,0.0122716033,-0.0784540773,0.0001929273,1.0893599249,-0.0000917947,0.0049402507
1784079546585310464,-52.356065555,-3.776285290,-1.656578777,0.009725223,0.040811545,-0.004283093,-0.999110351,0.0000042172,-0.0000002596,-0.0000326460,0.0000015926,0.0000037191,0.0004014063,0.0123202269,-0.0788964512,0.0001920934,1.1021459368,-0.0000914175,0.0049673787
1784079546652165376,-52.649344278,-3.780042594,-1.662752088,0.010092354,0.042671077,-0.003910738,-0.999030545,0.0000044678,-0.0000002435,-0.0000341441,0.0000015888,0.0000034069,0.0004011795,0.0123594996,-0.0794892721,0.0001886030,1.1150991804,-0.0000918389,0.0049966913
1784079546718838528,-52.950807798,-3.782386241,-1.672529980,0.009757533,0.043340555,-0.003612997,-0.999006173,0.0000045746,-0.0000002225,-0.0000347307,0.0000015892,0.0000031264,0.0004011082,0.0124146681,-0.0799576402,0.0001912682,1.1275286737,-0.0000920469,0.0050272818
1784079546785231360,-53.252969884,-3.776590522,-1.688779760,0.009332625,0.043089562,-0.003959551,-0.999019776,0.0000045328,-0.0000002456,-0.0000344760,0.0000015959,0.0000034499,0.0004011672,0.0124804383,-0.0804606046,0.0001948504,1.1404152745,-0.0000927186,0.0050589699
1784079546852107520,-53.555314060,-3.776596340,-1.699416083,0.009756757,0.042567119,-0.004810183,-0.999034388,0.0000044647,-0.0000002985,-0.0000340628,0.0000016128,0.0000041397,0.0004012472,0.0125153720,-0.0808081946,0.0001965649,1.1534080313,-0.0000942272,0.0050902628
1784079546918782464,-53.856415670,-3.776719739,-1.712456286,0.010111020,0.043145308,-0.005491384,-0.999002550,0.0000045445,-0.0000003519,-0.0000344964,0.0000016297,0.0000047210,0.0004011839,0.0125863397,-0.0812313140,0.0002021278,1.1663882332,-0.0000952303,0.0051225642
1784079546985386496,-54.150064038,-3.770494282,-1.722305482,0.009706966,0.042483510,-0.005627938,-0.999034160,0.0000044577,-0.0000003446,-0.0000340052,0.0000016191,0.0000047580,0.0004012648,0.0124495498,-0.0816779144,0.0001798824,1.1797027783,-0.0001005710,0.0051498204
1784079547052030464,-54.447791485,-3.772480031,-1.734706232,0.009694336,0.042621811,-0.005862759,-0.999027041,0.0000044724,-0.0000003653,-0.0000340730,0.0000016267,0.0000049748,0.0004012673,0.0124407574,-0.0820078340,0.0001761431,1.1923319609,-0.0001017199,0.0051797252
1784079547118523392,-54.747371449,-3.769498273,-1.745934859,0.009844692,0.043434757,-0.006481860,-0.998986731,0.0000045901,-0.0000004188,-0.0000347297,0.0000016416,0.0000055053,0.0004011610,0.0124800477,-0.0825049817,0.0001756601,1.2053223085,-0.0001034514,0.0052109733
1784079547185436416,-55.052153628,-3.776022467,-1.759454801,0.010112321,0.042727594,-0.007273085,-0.999009107,0.0000044897,-0.0000004640,-0.0000341226,0.0000016651,0.0000061288,0.0004012611,0.0125362745,-0.0828740208,0.0001799283,1.2186320296,-0.0001063909,0.0052437841
1784079547251991552,-55.350920107,-3.772202188,-1.771031431,0.010288372,0.042607314,-0.007497240,-0.999010790,0.0000044836,-0.0000004757,-0.0000340553,0.0000016752,0.0000062793,0.0004012891,0.0126016538,-0.0834978311,0.0001812639,1.2321810296,-0.0001084749,0.0052774897
1784079547318481408,-55.652271663,-3.764586506,-1.782294473,0.010386428,0.044509832,-0.008289036,-0.998920562,0.0000047490,-0.0000005581,-0.0000355405,0.0000017022,0.0000069486,0.0004010283,0.0126176532,-0.0838009662,0.0001812266,1.2453816486,-0.0001106537,0.0053098508
1784079547385279488,-55.960708149,-3.763920217,-1.794675769,0.010444517,0.043140577,-0.009233713,-0.998971742,0.0000045611,-0.0000006055,-0.0000344528,0.0000017317,0.0000077179,0.0004012101,0.0125618649,-0.0841102354,0.0001718128,1.2590683794,-0.0001137723,0.0053422219
1784079547451887360,-56.260047543,-3.756050731,-1.804554638,0.010574743,0.043071144,-0.009494791,-0.998970921,0.0000045582,-0.0000006175,-0.0000344060,0.0000017438,0.0000078711,0.0004012357,0.0126273216,-0.0846191470,0.0001755287,1.2729379186,-0.0001164327,0.0053771429
1784079547518382592,-56.558550798,-3.760318604,-1.814095301,0.011111006,0.042267071,-0.009523240,-0.998999173,0.0000044522,-0.0000006111,-0.0000337594,0.0000017517,0.0000079559,0.0004013672,0.0126282112,-0.0849208519,0.0001742493,1.2863010747,-0.0001185824,0.0054102713
1784079547585228544,-56.870337438,-3.764574082,-1.827257793,0.011358823,0.040718763,-0.009865562,-0.999057371,0.0000042475,-0.0000006064,-0.0000325098,0.0000017674,0.0000082107,0.0004015881,0.0126789418,-0.0854633745,0.0001757047,1.3001839239,-0.0001206689,0.0054452472
1784079547651877376,-57.172219608,-3.769247822,-1.838548274,0.011610714,0.040773508,-0.009285256,-0.999057804,0.0000042655,-0.0000005708,-0.0000325910,0.0000017544,0.0000077548,0.0004016208,0.0127153923,-0.0860118728,0.0001758416,1.3143182557,-0.0001232468,0.0054805782
1784079547718529536,-57.471894449,-3.771114501,-1.849549932,0.011726337,0.039154215,-0.008948325,-0.999124301,0.0000040598,-0.0000005236,-0.0000312816,0.0000017490,0.0000074707,0.0004018696,0.0127892109,-0.0866300048,0.0001791450,1.3283109298,-0.0001251865,0.0055161286
1784079547785157376,-57.767082589,-3.771553543,-1.859768964,0.012515130,0.040917322,-0.009215319,-0.999041652,0.0000042872,-0.0000005697,-0.0000326645,0.0000017606,0.0000077079,0.0004016623,0.0127840849,-0.0871438383,0.0001729582,1.3420045977,-0.0001274158,0.0055497681
1784079547851606272,-58.060103587,-3.777757835,-1.870226270,0.012949100,0.038972863,-0.009749252,-0.999108797,0.0000040532,-0.0000005770,-0.0000311729,0.0000017820,0.0000081639,0.0004019086,0.0127842599,-0.0875879047,0.0001686414,1.3559467869,-0.0001294212,0.0055844748
1784079547918472448,-58.361666069,-3.779362781,-1.882142109,0.013018636,0.040007869,-0.009614938,-0.999068285,0.0000041815,-0.0000005848,-0.0000319422,0.0000017841,0.0000080655,0.0004018186,0.0128560390,-0.0881669060,0.0001722956,1.3696477349,-0.0001308390,0.0056198934
1784079547985070592,-58.636795442,-3.786173848,-1.888098219,0.013365464,0.040956548,-0.008620028,-0.999034344,0.0000043297,-0.0000005422,-0.0000328278,0.0000017558,0.0000073104,0.0004017268,0.0128306108,-0.0886846178,0.0001608861,1.3837951123,-0.0001325088,0.0056531467
1784079548051554560,-58.934728607,-3.794128433,-1.895910360,0.013531999,0.039331228,-0.007912887,-0.999103261,0.0000041126,-0.0000004724,-0.0000314627,0.0000017366,0.0000067216,0.0004019961,0.0128255713,-0.0892753378,0.0001499429,1.3966799006,-0.0001327046,0.0056824233
1784079548118414336,-59.222517345,-3.801295552,-1.903362513,0.013870011,0.039620332,-0.008472171,-0.999082616,0.0000041571,-0.0000005143,-0.0000317153,0.0000017548,0.0000071788,0.0004019663,0.0128453689,-0.0899321706,0.0001434206,1.4108827011,-0.0001341558,0.0057168880
1784079548185029632,-59.519192128,-3.807039304,-1.912905142,0.014125103,0.040096691,-0.008229163,-0.999062069,0.0000042185,-0.0000005065,-0.0000320658,0.0000017524,0.0000069913,0.0004019446,0.0129107288,-0.0905153876,0.0001439320,1.4245346078,-0.0001351852,0.0057509252
1784079548251503360,-59.818500028,-3.813824551,-1.923705262,0.014044448,0.038603539,-0.007161724,-0.999130237,0.0000040346,-0.0000004175,-0.0000308712,0.0000017274,0.0000061012,0.0004021903,0.0129851594,-0.0911404972,0.0001456288,1.4387981896,-0.0001361208,0.0057869538
1784079548318336512,-60.113439036,-3.822730558,-1.932992107,0.014282952,0.038851350,-0.005991326,-0.999124954,0.0000040803,-0.0000003518,-0.0000311199,0.0000017080,0.0000052049,0.0004022061,0.0130614622,-0.0918042695,0.0001478644,1.4532715643,-0.0001374717,0.0058245031
1784079548384931584,-60.402652312,-3.828226413,-1.941789893,0.014785713,0.039651581,-0.005561672,-0.999088686,0.0000041843,-0.0000003362,-0.0000317437,0.0000017043,0.0000048837,0.0004021449,0.0131253768,-0.0924425637,0.0001484438,1.4673691663,-0.0001396100,0.0058602050
1784079548451550464,-60.717143140,-3.833897506,-1.952879639,0.014805593,0.037678555,-0.006984985,-0.999155809,0.0000039402,-0.0000004073,-0.0000301453,0.0000017346,0.0000060377,0.0004023908,0.0131080425,-0.0929407580,0.0001409349,1.4817506398,-0.0001419282,0.0058952869
1784079548518261504,-61.014477103,-3.836368472,-1.961712664,0.015144504,0.039722064,-0.007188086,-0.999070134,0.0000042091,-0.0000004463,-0.0000318212,0.0000017471,0.0000061999,0.0004021576,0.0131834571,-0.0935250965,0.0001452281,1.4970079779,-0.0001446954,0.0059358965
1784079548584756480,-61.310624910,-3.840988915,-1.968051490,0.015611349,0.039529075,-0.007445815,-0.999068715,0.0000041801,-0.0000004587,-0.0000316218,0.0000017536,0.0000063737,0.0004021878,0.0131709774,-0.0940653524,0.0001365823,1.5115652585,-0.0001414549,0.0059690249
1784079548651608576,-61.607285950,-3.847751793,-1.973799506,0.015687597,0.037730858,-0.008088430,-0.999132053,0.0000039683,-0.0000004796,-0.0000302185,0.0000017787,0.0000069364,0.0004024161,0.0132478490,-0.0946887923,0.0001396191,1.5263032992,-0.0001431077,0.0060069896
1784079548718205440,-61.902522161,-3.851399086,-1.984580559,0.016042821,0.038829442,-0.008088654,-0.999084319,0.0000041000,-0.0000004905,-0.0000310374,0.0000017850,0.0000068936,0.0004023206,0.0133126960,-0.0953172441,0.0001413404,1.5408879188,-0.0001451468,0.0060450839
1784079548784695296,-62.190707184,-3.864296763,-1.987767189,0.016698452,0.038507173,-0.008307303,-0.999084255,0.0000040797,-0.0000004943,-0.0000309506,0.0000017793,0.0000070408,0.0004023374,0.0132389522,-0.0958667580,0.0001247064,1.5557284197,-0.0001466583,0.0060781760
1784079548851542528,-62.494083346,-3.871387668,-1.996037716,0.016635934,0.037256054,-0.008140283,-0.999134109,0.0000039163,-0.0000004618,-0.0000298773,0.0000017714,0.0000068768,0.0004025297,0.0132509524,-0.0966472397,0.0001162827,1.5702499123,-0.0001489577,0.0061134086
1784079548918132480,-62.788036357,-3.880954918,-2.004685293,0.017331751,0.038299158,-0.008032158,-0.999083715,0.0000040296,-0.0000004796,-0.0000306009,0.0000017762,0.0000069440,0.0004024440,0.0133171728,-0.0973486312,0.0001167968,1.5853069451,-0.0001516205,0.0061519229
1784079548984599296,-63.087415568,-3.890474773,-2.018064642,0.017986822,0.037761542,-0.007413905,-0.999097380,0.0000039541,-0.0000004370,-0.0000300829,0.0000017631,0.0000064982,0.0004025655,0.0133762895,-0.0980552937,0.0001154472,1.6003024782,-0.0001537481,0.0061898184
1784079549051437312,-63.381390648,-3.892162191,-2.024854364,0.018134684,0.036850066,-0.007828916,-0.999125575,0.0000038713,-0.0000004453,-0.0000295134,0.0000017749,0.0000067540,0.0004026660,0.0134219763,-0.0987043426,0.0001145693,1.6156579210,-0.0001566017,0.0062294757
1784079549118074368,-63.669074080,-3.893258392,-2.028325670,0.018177809,0.038094687,-0.008631790,-0.999071496,0.0000040291,-0.0000005057,-0.0000305310,0.0000018005,0.0000073489,0.0004025188,0.0134590425,-0.0991424712,0.0001154755,1.6303646758,-0.0001590519,0.0062674701
1784079549184581632,-63.955008321,-3.889588601,-2.030860216,0.018318199,0.036143452,-0.008386861,-0.999143511,0.0000037954,-0.0000004521,-0.0000289584,0.0000017891,0.0000070508,0.0004027783,0.0134686137,-0.0997306657,0.0001124541,1.6452842032,-0.0001618212,0.0063046898
1784079549251396352,-64.238709906,-3.895872255,-2.031732329,0.018817391,0.036238878,-0.007957889,-0.999134286,0.0000038185,-0.0000004351,-0.0000290894,0.0000017830,0.0000068110,0.0004027895,0.0134777298,-0.1001395635,0.0001119043,1.6599535260,-0.0001647955,0.0063427209
1784079549317889536,-64.527050437,-3.900290189,-2.035943148,0.019093408,0.036200012,-0.007054138,-0.999137248,0.0000038096,-0.0000003844,-0.0000289905,0.0000017683,0.0000061372,0.0004028540,0.0135350361,-0.1007433365,0.0001136822,1.6747516367,-0.0001681892,0.0063820194
1784079549384771328,-64.822516160,-3.910470300,-2.047723416,0.019014403,0.035634936,-0.007623598,-0.999154885,0.0000037372,-0.0000004076,-0.0000284577,0.0000017863,0.0000066204,0.0004029394,0.0135824340,-0.1012588482,0.0001151677,1.6897354617,-0.0001695970,0.0064205619
1784079549451335424,-65.116127419,-3.913290916,-2.060740319,0.018933184,0.035416212,-0.007417567,-0.999165755,0.0000037149,-0.0000003915,-0.0000282703,0.0000017849,0.0000064631,0.0004029962,0.0136593628,-0.1019698476,0.0001172157,1.7050865636,-0.0001717545,0.0064605841
1784079549517791488,-65.437223252,-3.914347847,-2.081147452,0.019317083,0.036080143,-0.006797274,-0.999139065,0.0000037873,-0.0000003590,-0.0000288004,0.0000017682,0.0000059063,0.0004029621,0.0136401154,-0.1025302803,0.0001030321,1.7206566088,-0.0001683420,0.0064944702
1784079549584643328,-65.734607271,-3.925543543,-2.087452808,0.019704802,0.037266375,-0.006367936,-0.999090780,0.0000039498,-0.0000003518,-0.0000298928,0.0000017597,0.0000055996,0.0004028212,0.0136709687,-0.1031046545,0.0001011690,1.7375858630,-0.0001677794,0.0065370541
1784079549651327488,-66.036409098,-3.933625100,-2.097158240,0.019728566,0.037824399,-0.006219632,-0.999070275,0.0000040138,-0.0000003503,-0.0000302957,0.0000017611,0.0000055359,0.0004027869,0.0137303634,-0.1038119079,0.0001014970,1.7534671557,-0.0001697805,0.0065780177
1784079549717718272,-66.328626455,-3.942613556,-2.105263962,0.019441608,0.038244965,-0.006260256,-0.999059636,0.0000040788,-0.0000003491,-0.0000306919,0.0000017633,0.0000054837,0.0004027534,0.0137933905,-0.1044633150,0.0001029752,1.7692632020,-0.0001717941,0.0066191725
1784079549784559616,-66.625848751,-3.950045777,-2.116906196,0.019739430,0.039573211,-0.005253607,-0.999007866,0.0000042432,-0.0000003056,-0.0000316989,0.0000017528,0.0000047605,0.0004026461,0.0138746016,-0.1052436234,0.0001046395,1.7851444420,-0.0001745667,0.0066614196
1784079549851177472,-66.926259134,-3.958573609,-2.127926076,0.020263152,0.038934563,-0.004617623,-0.999025616,0.0000041686,-0.0000002564,-0.0000311808,0.0000017477,0.0000042198,0.0004027708,0.0139321348,-0.1059237642,0.0001059078,1.8010066159,-0.0001775787,0.0067043565
1784079549917782528,-67.229502107,-3.965826266,-2.137140641,0.020209993,0.040548752,-0.005406712,-0.998958519,0.0000043845,-0.0000003267,-0.0000324962,0.0000017652,0.0000049183,0.0004025692,0.0139627897,-0.1065274489,0.0001042711,1.8173703307,-0.0001788528,0.0067472426
1784079549984508416,-67.535037320,-3.980424976,-2.145876466,0.019863589,0.040444318,-0.006842693,-0.998960896,0.0000043659,-0.0000004235,-0.0000323697,0.0000018012,0.0000061298,0.0004025511,0.0139961522,-0.1071580256,0.0001038128,1.8336613501,-0.0001751866,0.0067881432
1784079550084509440,-67.976229117,-3.991991912,-2.154480448,0.020540990,0.040133429,-0.006677877,-0.998960851,0.0000043414,-0.0000004143,-0.0000321802,0.0000018022,0.0000060174,0.0004026199,0.0140932886,-0.1083868211,0.0001038515,1.8581901464,-0.0001772345,0.0068525636
1784079550150995456,-68.269879129,-4.007251169,-2.160805155,0.020784846,0.038128344,-0.006756327,-0.999033819,0.0000040818,-0.0000003968,-0.0000305056,0.0000018068,0.0000061074,0.0004029006,0.0141502463,-0.1091433657,0.0001020673,1.8744750638,-0.0001752720,0.0068932324
1784079550217830400,-68.570813243,-4.022303830,-2.164719018,0.021184189,0.039806302,-0.007732386,-0.998952901,0.0000043123,-0.0000004795,-0.0000319535,0.0000018325,0.0000068524,0.0004026691,0.0142241895,-0.1100493375,0.0000994224,1.8908327742,-0.0001732075,0.0069337026
1784079550284437504,-68.868420149,-4.028119413,-2.174257889,0.021105451,0.039820345,-0.008250344,-0.998949865,0.0000043028,-0.0000005116,-0.0000318618,0.0000018543,0.0000072639,0.0004027017,0.0143092019,-0.1108902566,0.0001004123,1.9073048613,-0.0001742145,0.0069771000
1784079550350894336,-69.166076399,-4.036746766,-2.184959152,0.021384841,0.039045450,-0.008722025,-0.998970504,0.0000042065,-0.0000005303,-0.0000312235,0.0000018735,0.0000076474,0.0004028129,0.0143613921,-0.1115437286,0.0000992194,1.9238144971,-0.0001756220,0.0070198046
1784079550417806336,-69.467023703,-4.049111013,-2.196265802,0.022046997,0.041742053,-0.008458928,-0.998849327,0.0000045576,-0.0000005604,-0.0000333594,0.0000018733,0.0000075061,0.0004024983,0.0144417763,-0.1123624499,0.0000994549,1.9406134432,-0.0001769231,0.0070635400
1784079550484350464,-69.767065582,-4.059742347,-2.206331906,0.022480900,0.042461319,-0.008186169,-0.998811610,0.0000046594,-0.0000005539,-0.0000339314,0.0000018717,0.0000072992,0.0004024380,0.0145201829,-0.1132020869,0.0000996702,1.9575415552,-0.0001792533,0.0071082633
1784079550550808320,-70.064915355,-4.066922950,-2.217677310,0.022541123,0.041796477,-0.008544583,-0.998835293,0.0000045728,-0.0000005664,-0.0000333911,0.0000018880,0.0000075671,0.0004025479,0.0145956689,-0.1139576899,0.0001011660,1.9742737126,-0.0001817830,0.0071529271
1784079550617679360,-70.358386156,-4.075560266,-2.226659597,0.022470615,0.042241283,-0.009335431,-0.998811091,0.0000046355,-0.0000006265,-0.0000337379,0.0000019183,0.0000082024,0.0004024912,0.0146544932,-0.1146371085,0.0001019271,1.9907944227,-0.0001846762,0.0071967324
1784079550684155392,-70.660583231,-4.088206882,-2.235682577,0.022461481,0.039550686,-0.008385696,-0.998929880,0.0000042947,-0.0000005162,-0.0000316231,0.0000018922,0.0000073662,0.0004028987,0.0147236624,-0.1154053175,0.0001022814,2.0077623585,-0.0001872456,0.0072424054
1784079550751009536,-70.962536587,-4.110245452,-2.247588859,0.023615358,0.041008715,-0.006854414,-0.998856154,0.0000044885,-0.0000004415,-0.0000327954,0.0000018559,0.0000061903,0.0004027634,0.0147660021,-0.1163801752,0.0000968172,2.0250096387,-0.0001932059,0.0072872063
1784079550817591552,-71.270310391,-4.119535500,-2.268619119,0.022944993,0.044222400,-0.008095899,-0.998725369,0.0000049317,-0.0000005724,-0.0000353397,0.0000018970,0.0000072367,0.0004023174,0.0148474714,-0.1174060010,0.0000946552,2.0427851128,-0.0001961908,0.0073350147
1784079550884111360,-71.568988456,-4.122672221,-2.283119642,0.021520008,0.044588248,-0.009105911,-0.998732126,0.0000049964,-0.0000006459,-0.0000356577,0.0000019356,0.0000080095,0.0004022616,0.0149010074,-0.1179137803,0.0000978746,2.0600806718,-0.0001999398,0.0073831066
1784079550950924288,-71.859081596,-4.141798338,-2.285723398,0.023861677,0.041898681,-0.008001048,-0.998804838,0.0000046251,-0.0000005353,-0.0000334750,0.0000019102,0.0000072241,0.0004026941,0.0149843189,-0.1189389381,0.0000972374,2.0765174475,-0.0002019737,0.0074273462
1784079551017544448,-72.160510384,-4.171948078,-2.286526880,0.026216377,0.040298872,-0.002723950,-0.998839968,0.0000044447,-0.0000001746,-0.0000323352,0.0000018102,0.0000030145,0.0004030214,0.0151126671,-0.1202142918,0.0000996830,2.0940200176,-0.0002052882,0.0074759424
1784079551084020480,-72.463623919,-4.193224349,-2.296746342,0.024335222,0.035189365,-0.004736929,-0.999073104,0.0000038284,-0.0000002467,-0.0000282408,0.0000018445,0.0000044719,0.0004036414,0.0152003449,-0.1211707675,0.0001020046,2.1118757468,-0.0002094558,0.0075256779
1784079551150898432,-72.759371978,-4.201575759,-2.308016523,0.023336060,0.036328490,-0.004915639,-0.999055307,0.0000039623,-0.0000002655,-0.0000291264,0.0000018550,0.0000045945,0.0004035407,0.0153120367,-0.1221644107,0.0001060944,2.1291523375,-0.0002129862,0.0075743148
1784079551217459456,-73.046567193,-4.203528486,-2.322078002,0.024654621,0.031073673,-0.009321476,-0.999169498,0.0000033877,-0.0000004303,-0.0000248103,0.0000019708,0.0000080728,0.0004040414,0.0153591281,-0.1227025105,0.0001076509,2.1456352499,-0.0002156365,0.0076200526
1784079551283984384,-73.349427102,-4.206345632,-2.337685444,0.023949278,0.034937326,-0.010545612,-0.999046848,0.0000038034,-0.0000005637,-0.0000278977,0.0000020247,0.0000091023,0.0004036256,0.0154310581,-0.1233714097,0.0001117141,2.1639195880,-0.0002197502,0.0076726590
1784079551350808320,-73.661942132,-4.232191240,-2.341639472,0.022458567,0.039587819,-0.002775624,-0.998959816,0.0000043896,-0.0000001612,-0.0000317723,0.0000018497,0.0000029071,0.0004032678,0.0155754696,-0.1246419239,0.0001179230,2.1822929318,-0.0002236926,0.0077258040
1784079551417300480,-73.956163649,-4.262369500,-2.340893890,0.021717589,0.038848342,-0.002706151,-0.999005420,0.0000043064,-0.0000001478,-0.0000311891,0.0000018583,0.0000027965,0.0004033968,0.0157462812,-0.1260732960,0.0001254195,2.1999308856,-0.0002279477,0.0077774524
1784079551484161280,-74.228097567,-4.269164777,-2.343071506,0.020747996,0.036871576,-0.000956783,-0.999104145,0.0000040803,-0.0000000277,-0.0000296461,0.0000018537,0.0000013239,0.0004036828,0.0158364164,-0.1267332834,0.0001332575,2.2161803466,-0.0002321342,0.0078256378
1784079551550811648,-74.531720672,-4.270496397,-2.358724202,0.020634939,0.035395632,-0.003425847,-0.999154449,0.0000039124,-0.0000001616,-0.0000284254,0.0000018863,0.0000032835,0.0004038734,0.0159113777,-0.1272923447,0.0001403109,2.2343850695,-0.0002367094,0.0078799350
1784079551617219328,-74.835594681,-4.271551272,-2.375500997,0.022588507,0.037615124,-0.005840959,-0.999019892,0.0000041697,-0.0000003277,-0.0000301314,0.0000019372,0.0000052912,0.0004036152,0.0159917065,-0.1279474038,0.0001455900,2.2525572247,-0.0002401794,0.0079334308
1784079551684100352,-75.132121877,-4.275466408,-2.385913894,0.023624156,0.038220640,-0.007783414,-0.998959709,0.0000042494,-0.0000004580,-0.0000305918,0.0000019969,0.0000069255,0.0004035309,0.0160675402,-0.1284605903,0.0001537797,2.2706003730,-0.0002447984,0.0079882735
1784079551750688512,-75.428869006,-4.278132889,-2.391897023,0.023164158,0.033085134,-0.008730519,-0.999145922,0.0000036706,-0.0000004292,-0.0000264699,0.0000020310,0.0000075844,0.0004041314,0.0161552272,-0.1290492858,0.0001631681,2.2886193771,-0.0002496155,0.0080436138
1784079551817135616,-75.716261058,-4.285140333,-2.401325101,0.023746052,0.040100591,-0.012757412,-0.998831976,0.0000044883,-0.0000008052,-0.0000320017,0.0000021959,0.0000109680,0.0004032003,0.0162436089,-0.1297573280,0.0001694098,2.3062668904,-0.0002544329,0.0080974586
1784079551884020480,-76.023939511,-4.294052594,-2.411699415,0.024782194,0.034835025,-0.013183296,-0.998998781,0.0000038649,-0.0000007071,-0.0000277708,0.0000022210,0.0000112454,0.0004038552,0.0163596523,-0.1305608409,0.0001796339,2.3249419578,-0.0002597258,0.0081557969
1784079551950607616,-76.302328743,-4.309423864,-2.413072036,0.024917361,0.039106136,-0.011368035,-0.998859651,0.0000043777,-0.0000006926,-0.0000312021,0.0000021554,0.0000098150,0.0004034563,0.0164664746,-0.1314259811,0.0001845266,2.3424927006,-0.0002636957,0.0082077566
1784079552017060608,-76.597580596,-4.321331695,-2.424772506,0.025427078,0.036368716,-0.009808121,-0.998966757,0.0000040625,-0.0000005495,-0.0000290585,0.0000021072,0.0000085694,0.0004038738,0.0165958389,-0.1323864815,0.0001941653,2.3600501904,-0.0002685869,0.0082626803
1784079552083922432,-76.894262667,-4.337439787,-2.438091993,0.025037646,0.043093724,-0.009091623,-0.998715870,0.0000049299,-0.0000006275,-0.0000344637,0.0000020978,0.0000081369,0.0004030673,0.0167019355,-0.1333937143,0.0002002449,2.3784987677,-0.0002749867,0.0083205940
1784079552150417664,-77.202069807,-4.355026535,-2.448959559,0.024802072,0.036832933,-0.008766156,-0.998975148,0.0000041307,-0.0000004926,-0.0000294550,0.0000020869,0.0000077234,0.0004039221,0.0167827212,-0.1344730833,0.0002033620,2.3973732724,-0.0002809234,0.0083783815
1784079552217254400,-77.490361609,-4.367123976,-2.456440860,0.025384330,0.043887809,-0.008176227,-0.998680452,0.0000050573,-0.0000005749,-0.0000351339,0.0000020839,0.0000074150,0.0004030508,0.0168868193,-0.1353823375,0.0002128434,2.4158502164,-0.0002878862,0.0084379342
1784079552283873536,-77.784603020,-4.373921628,-2.464932360,0.025021493,0.041428689,-0.008679659,-0.998790394,0.0000047231,-0.0000005649,-0.0000331566,0.0000021039,0.0000077389,0.0004034143,0.0169748685,-0.1361341049,0.0002241849,2.4341958229,-0.0002943478,0.0084973040
1784079552350334464,-78.081522420,-4.378867273,-2.476978520,0.024833055,0.037964680,-0.010322269,-0.998917140,0.0000042801,-0.0000006059,-0.0000303525,0.0000021630,0.0000089820,0.0004038458,0.0170550437,-0.1368142205,0.0002293396,2.4526969036,-0.0002951910,0.0085519307
1784079552417170432,-78.375417663,-4.387801545,-2.486391650,0.025369113,0.042895032,-0.011810965,-0.998687602,0.0000049202,-0.0000008086,-0.0000342596,0.0000022379,0.0000103155,0.0004031858,0.0171760915,-0.1375538850,0.0002401043,2.4713681812,-0.0002971238,0.0086084886
1784079552483788544,-78.676518270,-4.397455979,-2.495337722,0.025386252,0.037145954,-0.011467154,-0.998921529,0.0000041884,-0.0000006591,-0.0000296614,0.0000022257,0.0000099157,0.0004039808,0.0172843271,-0.1384344337,0.0002487839,2.4901220745,-0.0002979457,0.0086635704
1784079552550247424,-78.968479357,-4.408742310,-2.501573050,0.025850791,0.038300640,-0.010861992,-0.998872772,0.0000043414,-0.0000006485,-0.0000306108,0.0000022152,0.0000094724,0.0004038968,0.0174258065,-0.1392933037,0.0002644884,2.5089637058,-0.0003040287,0.0087266106
1784079552617099520,-79.265550083,-4.421124189,-2.509760604,0.026161599,0.037507397,-0.011150365,-0.998891603,0.0000042540,-0.0000006494,-0.0000299682,0.0000022369,0.0000096980,0.0004040215,0.0175791772,-0.1402153073,0.0002811856,2.5279256210,-0.0003103552,0.0087908666
1784079552683711488,-79.558546166,-4.431177780,-2.518132318,0.025798338,0.037073808,-0.011101984,-0.998917777,0.0000042114,-0.0000006369,-0.0000296415,0.0000022431,0.0000096491,0.0004041105,0.0176908148,-0.1410606943,0.0002941011,2.5468627992,-0.0003177037,0.0088542468
1784079552750181376,-79.854335819,-4.441415912,-2.527016094,0.025650907,0.037072570,-0.011235794,-0.998920123,0.0000042193,-0.0000006431,-0.0000296288,0.0000022588,0.0000097439,0.0004041459,0.0178435821,-0.1419178225,0.0003118939,2.5657305086,-0.0003241382,0.0089191845
1784079552817030400,-80.138527351,-4.481217096,-2.531519085,0.026106701,0.038133362,-0.011021225,-0.998870772,0.0000043396,-0.0000006783,-0.0000305517,0.0000022653,0.0000098234,0.0004040346,0.0179184072,-0.1427994522,0.0002975427,2.5847821531,-0.0003260066,0.0089616356
1784079552883517440,-80.434961820,-4.495071735,-2.539721889,0.026080942,0.036568997,-0.009437121,-0.998946162,0.0000041487,-0.0000005365,-0.0000292640,0.0000022070,0.0000083115,0.0004043331,0.0181766508,-0.1446574626,0.0003167560,2.6032381881,-0.0003322966,0.0090222145
1784079552950361600,-80.735796088,-4.506636452,-2.550482845,0.025672430,0.038463863,-0.009468986,-0.998885277,0.0000043782,-0.0000005716,-0.0000307674,0.0000022157,0.0000083365,0.0004041441,0.0183127632,-0.1456602187,0.0003222284,2.6224742240,-0.0003347087,0.0090780136
1784079553016967424,-81.042991220,-4.518777754,-2.569700704,0.024875101,0.037906947,-0.009168345,-0.998929544,0.0000042895,-0.0000005469,-0.0000302866,0.0000022006,0.0000080952,0.0004042547,0.0182847613,-0.1465705217,0.0003078939,2.6422561271,-0.0003173302,0.0091102241
1784079553083447552,-81.330222059,-4.533454740,-2.575041665,0.024873112,0.038077734,-0.008337142,-0.998930381,0.0000043316,-0.0000004996,-0.0000305378,0.0000021739,0.0000073904,0.0004042779,0.0183167135,-0.1475429862,0.0002822096,2.6621384434,-0.0003129498,0.0091527836
1784079553150331392,-81.637439406,-4.544848332,-2.584749038,0.024913480,0.039574031,-0.008371971,-0.998870925,0.0000045128,-0.0000005285,-0.0000316804,0.0000021741,0.0000074980,0.0004041288,0.0183237991,-0.1484708380,0.0002614145,2.6810643729,-0.0003071381,0.0091938420
1784079553216897536,-81.946641147,-4.553196795,-2.597945726,0.024124873,0.036597980,-0.008934833,-0.998998872,0.0000041541,-0.0000005052,-0.0000292956,0.0000021868,0.0000078055,0.0004045164,0.0183393064,-0.1493328984,0.0002394909,2.7014855509,-0.0003041930,0.0092406046
1784079553283379456,-82.240166177,-4.557299663,-2.605076255,0.023427420,0.039023704,-0.009113584,-0.998922044,0.0000044565,-0.0000005582,-0.0000312562,0.0000021983,0.0000079915,0.0004042431,0.0184386732,-0.1500892386,0.0002408870,2.7216540185,-0.0002989658,0.0092946477
1784079553350294272,-82.541720978,-4.565299900,-2.616609705,0.023206132,0.040834448,-0.009872807,-0.998847611,0.0000046968,-0.0000006412,-0.0000327034,0.0000022347,0.0000086578,0.0004040209,0.0185412364,-0.1508024488,0.0002488692,2.7415991135,-0.0003028153,0.0093552080
1784079553416858368,-82.852472215,-4.568340486,-2.632222691,0.023134813,0.038734774,-0.010306744,-0.998928510,0.0000044260,-0.0000006413,-0.0000310043,0.0000022346,0.0000089926,0.0004043024,0.0185787063,-0.1516180738,0.0002254976,2.7613600065,-0.0002947183,0.0093882004
1784079553483351552,-83.134145478,-4.573416842,-2.638880786,0.023402775,0.041483677,-0.010793734,-0.998806743,0.0000047905,-0.0000007328,-0.0000332575,0.0000022586,0.0000094959,0.0004039514,0.0185713116,-0.1523122409,0.0002136832,2.7820369559,-0.0002957174,0.0094457732
1784079553550182656,-83.439080831,-4.571093342,-2.659645821,0.022606216,0.039781085,-0.010643827,-0.998895957,0.0000045462,-0.0000006706,-0.0000317407,0.0000022292,0.0000091844,0.0004042442,0.0183745959,-0.1529303623,0.0001550404,2.8011647346,-0.0002878020,0.0094788324
1784079553616640512,-83.736760420,-4.573185997,-2.670469208,0.022029923,0.038488529,-0.011222574,-0.998953137,0.0000044058,-0.0000006859,-0.0000307982,0.0000022519,0.0000096443,0.0004044064,0.0183999903,-0.1533768565,0.0001509666,2.8218466437,-0.0002886101,0.0095359900
1784079553683500544,-84.032274912,-4.576145417,-2.679075191,0.022001363,0.038730401,-0.012143109,-0.998933652,0.0000044487,-0.0000007540,-0.0000310325,0.0000022921,0.0000104199,0.0004043677,0.0184595466,-0.1539863841,0.0001503346,2.8419178255,-0.0002886704,0.0095913906
1784079553750092544,-84.327919782,-4.580597597,-2.692955150,0.022289637,0.037556937,-0.013771758,-0.998950943,0.0000042870,-0.0000008188,-0.0000299392,0.0000023600,0.0000116519,0.0004045036,0.0184877555,-0.1546318545,0.0001448697,2.8615313013,-0.0002895982,0.0096448918
1784079553816571392,-84.622324619,-4.590958018,-2.704710509,0.021640918,0.036315527,-0.012574121,-0.999026899,0.0000041497,-0.0000007221,-0.0000290225,0.0000023005,0.0000107167,0.0004046600,0.0183981342,-0.1553986058,0.0001178944,2.8817802967,-0.0002948530,0.0096957112
1784079553883425536,-84.929957637,-4.593304981,-2.714528579,0.021299983,0.039783013,-0.012007859,-0.998909122,0.0000045789,-0.0000007618,-0.0000318123,0.0000022845,0.0000102934,0.0004042855,0.0184638319,-0.1563256100,0.0001143720,2.9022960806,-0.0002960347,0.0097547705
1784079553950029312,-85.233049275,-4.603439579,-2.723572759,0.020955827,0.036176024,-0.012115110,-0.999052237,0.0000041446,-0.0000006865,-0.0000289111,0.0000022919,0.0000103137,0.0004047544,0.0185116538,-0.1570017868,0.0001139547,2.9233756217,-0.0002985554,0.0098164580
1784079554016538368,-85.535990793,-4.612279029,-2.734141781,0.020860036,0.035494981,-0.012274025,-0.999076731,0.0000040715,-0.0000006850,-0.0000283709,0.0000023066,0.0000105079,0.0004048488,0.0185493934,-0.1578071248,0.0001066343,2.9439431873,-0.0002988117,0.0098738594
1784079554083360512,-85.831803606,-4.613318976,-2.744553795,0.020603767,0.037010756,-0.012403745,-0.999025443,0.0000042537,-0.0000007169,-0.0000295927,0.0000023133,0.0000105244,0.0004047002,0.0186145663,-0.1585986588,0.0001054479,2.9648901460,-0.0003004924,0.0099345386
1784079554149983488,-86.131062234,-4.622022823,-2.753593779,0.019786451,0.035985525,-0.012989592,-0.999071974,0.0000041412,-0.0000007284,-0.0000287986,0.0000023436,0.0000110050,0.0004048185,0.0186450149,-0.1592113890,0.0001013438,2.9857505665,-0.0003033642,0.0099944651
1784079554216434432,-86.419663828,-4.642540721,-2.754660981,0.019788490,0.036628148,-0.012091025,-0.999059859,0.0000042306,-0.0000006797,-0.0000294091,0.0000023016,0.0000101470,0.0004047997,0.0186999996,-0.1601451676,0.0000953121,3.0062722010,-0.0003054943,0.0100527675
1784079554283287552,-86.720723043,-4.657416627,-2.764167202,0.020260437,0.037341452,-0.011720208,-0.999028412,0.0000043062,-0.0000006826,-0.0000298912,0.0000023017,0.0000100486,0.0004047629,0.0188159836,-0.1614461807,0.0000947017,3.0264889577,-0.0003080648,0.0101116267
1784079554349761536,-87.017676607,-4.665436123,-2.775547908,0.019900979,0.035270736,-0.011957869,-0.999108070,0.0000040625,-0.0000006509,-0.0000282122,0.0000023143,0.0000102165,0.0004050138,0.0188694409,-0.1624703696,0.0000883314,3.0476365819,-0.0003096118,0.0101721643
1784079554416615424,-87.316084849,-4.662263126,-2.789416166,0.019022228,0.035481075,-0.011963726,-0.999117669,0.0000040834,-0.0000006483,-0.0000283382,0.0000023149,0.0000101544,0.0004050251,0.0189180461,-0.1632061960,0.0000854118,3.0682374920,-0.0003121708,0.0102314973
1784079554483215616,-87.614351195,-4.662911722,-2.798084447,0.019097588,0.037014285,-0.012222623,-0.999057472,0.0000042676,-0.0000006943,-0.0000295962,0.0000023284,0.0000103623,0.0004048581,0.0189291531,-0.1636756866,0.0000803680,3.0892742598,-0.0003149275,0.0102914317
1784079554549695488,-87.907071244,-4.671130796,-2.806661777,0.019141726,0.037380387,-0.011301564,-0.999053840,0.0000043221,-0.0000006475,-0.0000299414,0.0000022947,0.0000096310,0.0004048667,0.0189668568,-0.1643757383,0.0000764699,3.1108688962,-0.0003170949,0.0103535818
1784079554616548608,-88.204843702,-4.672751465,-2.815512820,0.019251729,0.040427863,-0.011491280,-0.998930883,0.0000047052,-0.0000007184,-0.0000323675,0.0000023066,0.0000097908,0.0004045060,0.0190251413,-0.1651498722,0.0000753392,3.1313867574,-0.0003191850,0.0104134330
1784079554683150592,-88.506379008,-4.671827402,-2.822965497,0.018362038,0.037523445,-0.012197200,-0.999052579,0.0000043533,-0.0000006948,-0.0000300979,0.0000023339,0.0000102506,0.0004048644,0.0190499671,-0.1656810970,0.0000721810,3.1523993781,-0.0003212367,0.0104747959
1784079554783175424,-88.952063927,-4.674415250,-2.836336012,0.017710053,0.035162691,-0.011652248,-0.999156727,0.0000040879,-0.0000006135,-0.0000282096,0.0000023230,0.0000098030,0.0004052145,0.0191301088,-0.1666177511,0.0000741247,3.1846656515,-0.0003230015,0.0105719221
1784079554816516352,-89.097539801,-4.667005557,-2.839158931,0.017363063,0.038104423,-0.011395513,-0.999057916,0.0000044339,-0.0000006581,-0.0000305825,0.0000023146,0.0000096165,0.0004048801,0.0191057527,-0.1668716550,0.0000673303,3.1955146279,-0.0003217953,0.0106020579
1784079554883082496,-89.386280870,-4.659216771,-2.844352571,0.017042548,0.036790516,-0.010788895,-0.999119417,0.0000042814,-0.0000006006,-0.0000295403,0.0000022966,0.0000091807,0.0004050815,0.0190571607,-0.1672795319,0.0000527280,3.2167360279,-0.0003212510,0.0106622656
1784079554949550336,-89.682908756,-4.653347463,-2.853829027,0.016626385,0.037737634,-0.010802123,-0.999090961,0.0000043920,-0.0000006142,-0.0000302527,0.0000022999,0.0000091516,0.0004050016,0.0190193758,-0.1673896621,0.0000461835,3.2370561462,-0.0003189090,0.0107212688
1784079555016442624,-89.974874760,-4.657432837,-2.862776737,0.016209215,0.034795667,-0.010508986,-0.999207728,0.0000040686,-0.0000005377,-0.0000279984,0.0000022864,0.0000088204,0.0004053645,0.0189745307,-0.1676974208,0.0000344575,3.2590294541,-0.0003220844,0.0107829185
1784079555082950400,-90.268850035,-4.662404262,-2.871828982,0.016199698,0.036611853,-0.011122211,-0.999136346,0.0000042734,-0.0000006089,-0.0000293753,0.0000023183,0.0000093863,0.0004051785,0.0190289461,-0.1684476385,0.0000330805,3.2798359810,-0.0003218755,0.0108450418
1784079555182887680,-90.715352724,-4.667886598,-2.884606916,0.015462355,0.035033636,-0.010634569,-0.999209921,0.0000041058,-0.0000005496,-0.0000281167,0.0000023134,0.0000089836,0.0004054342,0.0191229767,-0.1695296987,0.0000362286,3.3126060376,-0.0003258809,0.0109460088
1784079555249735424,-91.008887689,-4.665551442,-2.891189082,0.015297503,0.037195420,-0.011104384,-0.999129211,0.0000043653,-0.0000006188,-0.0000298677,0.0000023397,0.0000093937,0.0004051966,0.0191605151,-0.1701466188,0.0000356534,3.3343166012,-0.0003292013,0.0110121026
1784079555316307456,-91.301869365,-4.668770122,-2.898847738,0.014901501,0.033724743,-0.011940937,-0.999248718,0.0000039756,-0.0000005927,-0.0000270697,0.0000023772,0.0000100055,0.0004056008,0.0191915634,-0.1705527174,0.0000374277,3.3556608673,-0.0003314335,0.0110773590
1784079555349669376,-91.447329628,-4.665400260,-2.903091907,0.014644690,0.034680477,-0.012366221,-0.999214629,0.0000040825,-0.0000006341,-0.0000278301,0.0000023978,0.0000103381,0.0004054971,0.0192227280,-0.1708912277,0.0000385683,3.3663367203,-0.0003327602,0.0111096722
1784079555417140480,-91.745760115,-4.666428674,-2.911274364,0.013791251,0.033714094,-0.012545728,-0.999257607,0.0000039866,-0.0000006223,-0.0000270782,0.0000024124,0.0000104657,0.0004056304,0.0192682989,-0.1714540937,0.0000405060,3.3885204211,-0.0003348284,0.0111778225
1784079555482752512,-92.035334236,-4.670546563,-2.918419478,0.014148913,0.034075970,-0.010839985,-0.999260292,0.0000040346,-0.0000005360,-0.0000273858,0.0000023528,0.0000090887,0.0004056922,0.0193194460,-0.1721354942,0.0000410111,3.4101893147,-0.0003376674,0.0112448517
1784079555582715392,-92.475082791,-4.673627838,-2.925537256,0.013830188,0.034248188,-0.011326087,-0.999253475,0.0000040656,-0.0000005619,-0.0000275532,0.0000023748,0.0000094279,0.0004057068,0.0193380740,-0.1731147091,0.0000297923,3.4427280903,-0.0003406299,0.0113416788
1784079555617566464,-92.626325114,-4.675231696,-2.928215376,0.013639793,0.033086071,-0.011156854,-0.999297149,0.0000039394,-0.0000005333,-0.0000266150,0.0000023720,0.0000093250,0.0004058540,0.0193442358,-0.1733191642,0.0000293063,3.4541714333,-0.0003422462,0.0113756352
1784079555682718464,-92.917705719,-4.673641137,-2.936778596,0.013585294,0.033256937,-0.011996073,-0.999282498,0.0000039618,-0.0000005774,-0.0000267209,0.0000024111,0.0000099586,0.0004058461,0.0193959554,-0.1739817135,0.0000308633,3.4755857802,-0.0003467265,0.0114429953
1784079555749591296,-93.210563665,-4.677951182,-2.944252857,0.013859103,0.035934576,-0.012067321,-0.999185174,0.0000042719,-0.0000006381,-0.0000288947,0.0000024237,0.0000100752,0.0004055779,0.0194210539,-0.1745875564,0.0000287702,3.4982071108,-0.0003504314,0.0115135001
1784079555816050432,-93.501873216,-4.680361966,-2.945766235,0.013981317,0.033338024,-0.010378481,-0.999292443,0.0000039965,-0.0000004970,-0.0000268587,0.0000023675,0.0000087177,0.0004059617,0.0194799659,-0.1752686807,0.0000319477,3.5199863731,-0.0003557524,0.0115794178
1784079555915974400,-93.940263669,-4.688016268,-2.954387986,0.013661164,0.033463123,-0.011112918,-0.999284792,0.0000040228,-0.0000005351,-0.0000269499,0.0000024074,0.0000092770,0.0004059858,0.0195775242,-0.1761796362,0.0000410382,3.5531166136,-0.0003606015,0.0116866786
1784079555982875392,-94.240593628,-4.672285436,-2.960065720,0.013267645,0.033420179,-0.010993728,-0.999292850,0.0000040177,-0.0000005190,-0.0000269081,0.0000024059,0.0000090729,0.0004060102,0.0196457711,-0.1769773848,0.0000477669,3.5753079088,-0.0003619996,0.0117564149
1784079556115977472,-94.832227457,-4.688450916,-2.973624670,0.013398988,0.033573599,-0.008870048,-0.999307061,0.0000040475,-0.0000004134,-0.0000270640,0.0000023518,0.0000074915,0.0004061239,0.0196807844,-0.1778344737,0.0000495822,3.6205066712,-0.0003646636,0.0118924975
1784079556182758656,-95.129295470,-4.684526308,-2.979571378,0.012940638,0.034093163,-0.008537854,-0.999298404,0.0000041001,-0.0000004000,-0.0000274141,0.0000023510,0.0000072157,0.0004061228,0.0197586509,-0.1786961650,0.0000542618,3.6434551475,-0.0003696363,0.0119656126
1784079556315838464,-95.715515897,-4.691065080,-2.992230832,0.012019226,0.033183071,-0.007793055,-0.999346632,0.0000040216,-0.0000003427,-0.0000267460,0.0000023444,0.0000065441,0.0004063087,0.0198435031,-0.1798344068,0.0000600760,3.6889629443,-0.0003788049,0.0121104275
1784079556382684416,-96.009195050,-4.696173851,-2.997427240,0.012144058,0.034402692,-0.006232272,-0.999314833,0.0000041654,-0.0000002755,-0.0000277603,0.0000023152,0.0000053376,0.0004062456,0.0198874014,-0.1804857697,0.0000610832,3.7117756907,-0.0003804790,0.0121804688
1784079556449282304,-96.303026429,-4.702515864,-3.002120361,0.011978436,0.033513177,-0.005890429,-0.999349132,0.0000040765,-0.0000002411,-0.0000270550,0.0000023139,0.0000049768,0.0004063915,0.0199608432,-0.1812384525,0.0000659374,3.7344930760,-0.0003832902,0.0122528620
1784079556515891456,-96.590073880,-4.708471692,-3.003536254,0.012034065,0.033533926,-0.006564149,-0.999343569,0.0000040906,-0.0000002805,-0.0000271042,0.0000023362,0.0000055639,0.0004064098,0.0200303128,-0.1819449071,0.0000705114,3.7572123434,-0.0003846773,0.0123248147
1784079556582618368,-96.883999328,-4.710998358,-3.010696936,0.011788284,0.033803860,-0.007218724,-0.999332890,0.0000041230,-0.0000003173,-0.0000272874,0.0000023578,0.0000060760,0.0004064109,0.0200958106,-0.1826325488,0.0000745672,3.7798194252,-0.0003856877,0.0123961421
1784079556649135360,-97.178872702,-4.714970842,-3.017898191,0.011752658,0.034721813,-0.007082396,-0.999302812,0.0000042322,-0.0000003229,-0.0000280221,0.0000023639,0.0000059992,0.0004063540,0.0201762360,-0.1833817985,0.0000821723,3.8029622167,-0.0003874438,0.0124712915
1784079556715955456,-97.471548212,-4.721895782,-3.020003684,0.012314535,0.034300965,-0.006687228,-0.999313303,0.0000041925,-0.0000003018,-0.0000277298,0.0000023580,0.0000057230,0.0004064402,0.0202136275,-0.1841105495,0.0000767967,3.8261188997,-0.0003908167,0.0125379915
1784079556782644480,-97.767712958,-4.729586331,-3.023686218,0.012391446,0.035075628,-0.006586933,-0.999286128,0.0000042794,-0.0000003085,-0.0000283613,0.0000023526,0.0000056433,0.0004063741,0.0202283384,-0.1850019693,0.0000566152,3.8492542489,-0.0003984664,0.0125958531
1784079556849033472,-98.061946219,-4.737592855,-3.025852014,0.012343902,0.037085430,-0.007419099,-0.999208315,0.0000045250,-0.0000003911,-0.0000300494,0.0000023561,0.0000063652,0.0004061167,0.0202725405,-0.1857744734,0.0000491394,3.8725060964,-0.0004113536,0.0126509090
1784079556917380608,-98.378241978,-4.736243176,-3.031111512,0.011881384,0.036741763,-0.007955414,-0.999222491,0.0000044764,-0.0000004133,-0.0000296835,0.0000023725,0.0000067365,0.0004061902,0.0203412584,-0.1867413659,0.0000459089,3.8968192229,-0.0004109166,0.0127228844
1784079556982548480,-98.667296750,-4.745716963,-3.037207176,0.011990219,0.034937798,-0.006348601,-0.999297393,0.0000042593,-0.0000002920,-0.0000281415,0.0000023341,0.0000054083,0.0004064728,0.0203426938,-0.1872136189,0.0000360978,3.9198384161,-0.0004088488,0.0127883745
1784079557048974592,-98.967537849,-4.750919343,-3.045773692,0.011630374,0.033053137,-0.008036525,-0.999353610,0.0000040515,-0.0000003565,-0.0000265831,0.0000023746,0.0000066870,0.0004066735,0.0203986237,-0.1879462347,0.0000359360,3.9434828436,-0.0004165081,0.0128590774
1784079557115819520,-99.269464752,-4.746868903,-3.054969304,0.010839646,0.029633136,-0.009817948,-0.999453844,0.0000037223,-0.0000003965,-0.0000238908,0.0000024380,0.0000081221,0.0004070010,0.0204709690,-0.1886693356,0.0000404687,3.9684235595,-0.0004199349,0.0129410496
1784079557182454272,-99.567503208,-4.751718724,-3.069518496,0.012982695,0.035226593,-0.012031757,-0.999222585,0.0000043052,-0.0000006187,-0.0000283673,0.0000025311,0.0000100053,0.0004063745,0.0205211153,-0.1893828522,0.0000406409,3.9927207784,-0.0004230967,0.0130195203
1784079557249017600,-99.872410289,-4.754498748,-3.085208866,0.014176863,0.030670795,-0.008342863,-0.999394174,0.0000038319,-0.0000003429,-0.0000247333,0.0000024078,0.0000069879,0.0004070027,0.0205569101,-0.1902858165,0.0000338100,4.0167334414,-0.0004247432,0.0130945910
1784079557315746560,-100.177338219,-4.759243969,-3.098820289,0.016196602,0.036450219,-0.007530954,-0.999175829,0.0000044548,-0.0000003840,-0.0000293007,0.0000023962,0.0000064511,0.0004064420,0.0205970705,-0.1909862766,0.0000298656,4.0407388832,-0.0004217425,0.0131683887
1784079557382221568,-100.488670481,-4.761655836,-3.109139740,0.016939891,0.037453891,-0.010578355,-0.999098766,0.0000045924,-0.0000005848,-0.0000301596,0.0000025011,0.0000089527,0.0004062606,0.0206746395,-0.1917670392,0.0000353583,4.0669706876,-0.0004248922,0.0132543554
1784079557449073664,-100.792995400,-4.758589936,-3.112288097,0.017524564,0.038218033,-0.011741399,-0.999046751,0.0000046920,-0.0000006714,-0.0000307456,0.0000025572,0.0000099203,0.0004061699,0.0207108199,-0.1920255704,0.0000430198,4.0919048678,-0.0004280285,0.0133372771
1784079557515679232,-101.079944929,-4.758821751,-3.116366800,0.017973915,0.036175136,-0.013759627,-0.999089070,0.0000044504,-0.0000007462,-0.0000290527,0.0000026534,0.0000115437,0.0004063774,0.0207646286,-0.1924045322,0.0000510746,4.1153486553,-0.0004311529,0.0134141983
1784079557582220544,-101.366521661,-4.762749769,-3.127220682,0.017873326,0.032025831,-0.014715474,-0.999218868,0.0000040031,-0.0000006942,-0.0000257142,0.0000027023,0.0000122546,0.0004068322,0.0208428884,-0.1932220783,0.0000536553,4.1389686913,-0.0004345494,0.0134902306
1784079557649005312,-101.665587569,-4.776940918,-3.142652607,0.018074030,0.034718213,-0.012257747,-0.999158507,0.0000043041,-0.0000006299,-0.0000279246,0.0000026029,0.0000103507,0.0004066868,0.0209542381,-0.1944827217,0.0000541168,4.1634298723,-0.0004383328,0.0135689602
1784079557715671552,-101.975244922,-4.801910996,-3.153132592,0.018074731,0.035491708,-0.007106395,-0.999181236,0.0000044100,-0.0000003502,-0.0000286103,0.0000024410,0.0000061488,0.0004068055,0.0211128969,-0.1959853340,0.0000611285,4.1886304506,-0.0004424740,0.0136516216
1784079557782088448,-102.266870506,-4.818197858,-3.154268866,0.017545445,0.034575725,-0.004016184,-0.999239985,0.0000043250,-0.0000001678,-0.0000279566,0.0000023873,0.0000036520,0.0004070007,0.0212245080,-0.1972797459,0.0000613794,4.2131884362,-0.0004467186,0.0137305570
1784079557848936448,-102.561830877,-4.822534349,-3.159124106,0.017404259,0.034793670,-0.004815346,-0.999231357,0.0000043511,-0.0000002133,-0.0000281284,0.0000024076,0.0000042680,0.0004070075,0.0212866420,-0.1980836127,0.0000610527,4.2373232831,-0.0004499733,0.0138084466
1784079557915579648,-102.855817186,-4.816593251,-3.164569892,0.017458682,0.034001636,-0.007923795,-0.999237858,0.0000042692,-0.0000003765,-0.0000274761,0.0000024828,0.0000067836,0.0004070717,0.0213181041,-0.1985206098,0.0000616264,4.2621018823,-0.0004545095,0.0138890156
1784079557982013440,-103.155593296,-4.811244880,-3.172624638,0.017617220,0.033426720,-0.010012276,-0.999235729,0.0000042094,-0.0000004796,-0.0000269641,0.0000025528,0.0000084719,0.0004071197,0.0213299069,-0.1987576438,0.0000617963,4.2867048102,-0.0004591761,0.0139687783
1784079558048868352,-103.443695658,-4.845278321,-3.179195841,0.017961810,0.036247934,-0.011278544,-0.999117738,0.0000044786,-0.0000006144,-0.0000290802,0.0000026116,0.0000098400,0.0004067559,0.0212598056,-0.1991755892,0.0000390171,4.3114796825,-0.0004695585,0.0140416856
1784079558115349504,-103.734654242,-4.861067799,-3.182758791,0.017748468,0.034356580,-0.012462029,-0.999174317,0.0000042844,-0.0000006179,-0.0000276633,0.0000026434,0.0000104142,0.0004069612,0.0214070625,-0.2013976186,0.0000284513,4.3356411917,-0.0004716603,0.0141179082
1784079558182231552,-104.035845768,-4.868331580,-3.188383608,0.017921764,0.032809037,-0.011827777,-0.999230945,0.0000041181,-0.0000005524,-0.0000263899,0.0000026242,0.0000099201,0.0004071961,0.0215131324,-0.2028488329,0.0000249149,4.3601900675,-0.0004758309,0.0141968380
1784079558248798464,-104.307326258,-4.897158708,-3.173822703,0.018065034,0.033766494,-0.010128843,-0.999215134,0.0000042476,-0.0000004978,-0.0000273778,0.0000025709,0.0000087431,0.0004071507,0.0215862882,-0.2038120397,0.0000189814,4.3851427473,-0.0004717758,0.0142701435
1784079558315279360,-104.602073446,-4.907091175,-3.177893434,0.017699339,0.031537680,-0.009592415,-0.999299802,0.0000039945,-0.0000004154,-0.0000254250,0.0000025486,0.0000080966,0.0004074708,0.0217109315,-0.2054020982,0.0000161461,4.4082372783,-0.0004727672,0.0143417401
1784079558382133504,-104.908167367,-4.916814593,-3.186093915,0.017314904,0.031374470,-0.010639746,-0.999301072,0.0000039735,-0.0000004641,-0.0000252326,0.0000025853,0.0000089103,0.0004074947,0.0217615929,-0.2063606110,0.0000069298,4.4330518855,-0.0004785452,0.0144168622
1784079558448731392,-105.213036368,-4.923823283,-3.195310566,0.017268556,0.032958601,-0.011084381,-0.999246048,0.0000041419,-0.0000005199,-0.0000265148,0.0000026057,0.0000093032,0.0004073487,0.0218295491,-0.2073886453,0.0000016782,4.4592528750,-0.0004830734,0.0144981527
1784079558515251456,-105.517633467,-4.938474007,-3.205515101,0.017049896,0.031475196,-0.010264721,-0.999306384,0.0000039880,-0.0000004477,-0.0000252872,0.0000025754,0.0000086013,0.0004075733,0.0218500082,-0.2082344226,-0.0000103341,4.4850438690,-0.0004872129,0.0145777601
1784079558582060544,-105.818754098,-4.947082917,-3.216519901,0.015769189,0.033242558,-0.009968610,-0.999273182,0.0000041802,-0.0000004645,-0.0000267429,0.0000025721,0.0000084049,0.0004074308,0.0219625691,-0.2094916845,-0.0000084839,4.5111800635,-0.0004888640,0.0146611170
1784079558648658432,-106.111320278,-4.955054474,-3.225537009,0.014905669,0.033599280,-0.008833717,-0.999285182,0.0000042293,-0.0000004066,-0.0000270734,0.0000025389,0.0000074494,0.0004074630,0.0220284402,-0.2103800864,-0.0000095390,4.5368572987,-0.0004927604,0.0147434869
1784079558715183616,-106.400654539,-4.967221092,-3.230676351,0.013772874,0.034274669,-0.008916094,-0.999277768,0.0000043182,-0.0000004212,-0.0000277002,0.0000025438,0.0000075025,0.0004074144,0.0221007378,-0.2114094595,-0.0000121461,4.5620079784,-0.0004968955,0.0148235169
1784079558781992448,-106.683090224,-4.968577317,-3.236060147,0.012551998,0.035313603,-0.007801974,-0.999266994,0.0000044348,-0.0000003676,-0.0000285301,0.0000025033,0.0000065370,0.0004073389,0.0220946830,-0.2124360905,-0.0000306717,4.5866352134,-0.0005132665,0.0148952415
1784079558848471296,-106.971229283,-4.961221277,-3.236122532,0.011017398,0.033855503,-0.006498518,-0.999344881,0.0000042881,-0.0000002774,-0.0000274455,0.0000024664,0.0000054825,0.0004075487,0.0220571072,-0.2129620533,-0.0000480584,4.6106817854,-0.0005192036,0.0149651859
1784079558915321344,-107.255661091,-4.959806923,-3.237769287,0.009620352,0.033270781,-0.006546394,-0.999378631,0.0000042299,-0.0000002653,-0.0000270066,0.0000024587,0.0000053985,0.0004076332,0.0219807067,-0.2131420758,-0.0000660010,4.6355589749,-0.0005269509,0.0150387728
1784079558981923584,-107.547460118,-4.935172025,-3.249362417,0.007480861,0.033148193,-0.007726107,-0.999392586,0.0000042006,-0.0000003215,-0.0000267757,0.0000024859,0.0000063304,0.0004076642,0.0219450388,-0.2134316303,-0.0000764435,4.6600774837,-0.0005286208,0.0151140287
1784079559048402432,-107.837089613,-4.929107407,-3.251249842,0.006030342,0.031793245,-0.007422688,-0.999448712,0.0000040861,-0.0000002797,-0.0000258721,0.0000024718,0.0000059890,0.0004078193,0.0218597128,-0.2129579239,-0.0000821574,4.6852712915,-0.0005323629,0.0151913563
1784079559115256576,-108.111396397,-4.926718039,-3.251259913,0.005141326,0.032632119,-0.005947166,-0.999436513,0.0000041744,-0.0000002068,-0.0000265228,0.0000024407,0.0000047820,0.0004077948,0.0218582945,-0.2133733875,-0.0000862206,4.7100898338,-0.0005357700,0.0152695738
1784079559181852672,-108.388636930,-4.912234119,-3.257383381,0.003786877,0.032999102,-0.006694958,-0.999425783,0.0000042087,-0.0000002460,-0.0000267381,0.0000024581,0.0000053894,0.0004077794,0.0218618974,-0.2136914047,-0.0000879928,4.7340368446,-0.0005390410,0.0153455025
1784079559248335360,-108.666044923,-4.919392231,-3.262933770,0.001943389,0.033351741,-0.007742143,-0.999411799,0.0000042608,-0.0000003049,-0.0000270739,0.0000024909,0.0000062183,0.0004077477,0.0218294772,-0.2135193548,-0.0000890619,4.7581280129,-0.0005447680,0.0154257243
1784079559348306432,-109.068509645,-4.909500962,-3.266091800,0.000009431,-0.032005717,0.005664313,0.999471635,0.0000041331,-0.0000001656,-0.0000260377,0.0000024513,0.0000043421,0.0004079673,0.0218902802,-0.2146278869,-0.0000903805,4.7940350824,-0.0005502507,0.0155432302
1784079559381856512,-109.202012212,-4.906838325,-3.270781816,0.000839963,-0.032175103,0.005510792,0.999466702,0.0000041411,-0.0000001650,-0.0000260883,0.0000024519,0.0000043523,0.0004079596,0.0218773900,-0.2145427640,-0.0000898855,4.8054098817,-0.0005491550,0.0155784944
1784079559448265472,-109.462054973,-4.898742266,-3.271944027,0.002576112,-0.030261802,0.005831361,0.999521677,0.0000039620,-0.0000001557,-0.0000246087,0.0000024635,0.0000044791,0.0004081808,0.0218803186,-0.2147183809,-0.0000900158,4.8287073436,-0.0005529438,0.0156557950
1784079559515114496,-109.735929117,-4.891107884,-3.278071377,0.004400510,-0.030335720,0.006656815,0.999507912,0.0000039681,-0.0000001931,-0.0000246253,0.0000024846,0.0000050867,0.0004082022,0.0218662847,-0.2148709425,-0.0000938049,4.8520660770,-0.0005557751,0.0157315370
1784079559581593600,-109.997465968,-4.879553900,-3.278687806,0.006777917,-0.030354177,0.005682962,0.999500069,0.0000039837,-0.0000001450,-0.0000246978,0.0000024740,0.0000042949,0.0004082478,0.0218607608,-0.2149799487,-0.0000953671,4.8758585330,-0.0005566415,0.0158087359
1784079559648536320,-110.275181490,-4.867558521,-3.284851716,0.009338784,-0.030936508,0.004399666,0.999468040,0.0000040385,-0.0000000818,-0.0000251108,0.0000024584,0.0000031873,0.0004082538,0.0218226071,-0.2149627621,-0.0001024646,4.8991663524,-0.0005554545,0.0158819192
1784079559715048448,-110.540076958,-4.847848190,-3.292056430,0.011749189,-0.030295308,0.004309968,0.999462643,0.0000039806,-0.0000000673,-0.0000246000,0.0000024614,0.0000030125,0.0004083516,0.0217871829,-0.2149721273,-0.0001091505,4.9238051429,-0.0005515211,0.0159604409
1784079559781526528,-110.797545109,-4.837383661,-3.294862631,0.014154293,-0.031717763,0.004426952,0.999386833,0.0000041363,-0.0000000816,-0.0000258089,0.0000024682,0.0000031119,0.0004082325,0.0217078822,-0.2144425523,-0.0001168084,4.9472845876,-0.0005469515,0.0160332577
1784079559848417536,-111.056279657,-4.815328463,-3.301405992,0.017241608,-0.031007489,0.004136320,0.999361873,0.0000040581,-0.0000000653,-0.0000252248,0.0000024691,0.0000029011,0.0004083429,0.0216367812,-0.2142223739,-0.0001231111,4.9706973187,-0.0005417395,0.0161069522
1784079559915043328,-111.312035479,-4.799219749,-3.303463978,0.020106111,-0.032698945,0.004866764,0.999251139,0.0000042450,-0.0000001028,-0.0000266377,0.0000024808,0.0000033258,0.0004081889,0.0215770998,-0.2136083221,-0.0001230244,4.9934598976,-0.0005343656,0.0161776527
1784079560014948352,-111.692342290,-4.770688197,-3.307461219,0.024482528,-0.033511883,0.005298665,0.999124358,0.0000043509,-0.0000001174,-0.0000273775,0.0000024908,0.0000034810,0.0004081388,0.0215201409,-0.2130800986,-0.0001232040,5.0277985875,-0.0005286533,0.0162866294
1784079560048351488,-111.819946564,-4.762006357,-3.311506345,0.026123675,-0.033225768,0.005606464,0.999090671,0.0000043141,-0.0000001335,-0.0000270795,0.0000025021,0.0000037633,0.0004081929,0.0215185623,-0.2130518204,-0.0001206615,5.0394189883,-0.0005299346,0.0163275520
1784079560114915328,-112.069699599,-4.755627434,-3.327253655,0.029083052,-0.034311108,0.004929622,0.998975787,0.0000044213,-0.0000001027,-0.0000278812,0.0000024929,0.0000031515,0.0004081237,0.0214578455,-0.2125627772,-0.0001239772,5.0617854324,-0.0005434292,0.0163885465
1784079560181385472,-112.318177748,-4.732553270,-3.334621006,0.032102048,-0.034990753,0.004089291,0.998863546,0.0000045043,-0.0000000434,-0.0000284638,0.0000024869,0.0000022678,0.0004080839,0.0214735682,-0.2127838374,-0.0001253024,5.0845804832,-0.0005496115,0.0164580306
1784079560249049344,-112.567164407,-4.714054075,-3.321500640,0.034981144,-0.034253864,0.004006220,0.998792743,0.0000044350,-0.0000000243,-0.0000279558,0.0000024802,0.0000020654,0.0004081902,0.0213370082,-0.2120469783,-0.0001506664,5.1073763391,-0.0005392217,0.0164895875
1784079560314720512,-112.804608931,-4.674763115,-3.324680045,0.037890385,-0.034509402,0.005538193,0.998670490,0.0000044691,-0.0000001129,-0.0000281949,0.0000024965,0.0000032977,0.0004081761,0.0212601079,-0.2114785275,-0.0001563130,5.1287915771,-0.0005379643,0.0165393980
1784079560381569280,-113.053106477,-4.600792322,-3.350199967,0.041635140,-0.033417297,0.007178549,0.998548080,0.0000043121,-0.0000001917,-0.0000271050,0.0000025207,0.0000046019,0.0004083011,0.0211090860,-0.2099554337,-0.0001645388,5.1510486403,-0.0005324720,0.0165913117
1784079560448479488,-113.294214703,-4.571356299,-3.344836881,0.044872486,-0.033304820,0.007781712,0.998407078,0.0000043447,-0.0000002126,-0.0000273388,0.0000025263,0.0000049054,0.0004082968,0.0208426022,-0.2069405052,-0.0001808114,5.1734685108,-0.0005279965,0.0166386933
1784079560514654464,-113.535374845,-4.525064690,-3.349480160,0.048322202,-0.033210391,0.009052598,0.998238491,0.0000043305,-0.0000002775,-0.0000272128,0.0000025412,0.0000058947,0.0004083017,0.0207158146,-0.2059269832,-0.0002041828,5.1949254734,-0.0005402551,0.0166644093
1784079560581501440,-113.777410787,-4.484759311,-3.355742266,0.052189447,-0.032991293,0.010097181,0.998041023,0.0000043265,-0.0000003281,-0.0000271440,0.0000025685,0.0000067002,0.0004083261,0.0205629839,-0.2041617850,-0.0002129320,5.2176026061,-0.0005414320,0.0167160585
1784079560648141312,-114.013997979,-4.453419207,-3.370247352,0.055999387,-0.032496586,0.009640999,0.997855246,0.0000042628,-0.0000002892,-0.0000266416,0.0000025586,0.0000063026,0.0004084353,0.0204506479,-0.2028179567,-0.0002159526,5.2395632558,-0.0005473288,0.0167702693
1784079560714641664,-114.252435681,-4.420890217,-3.375785155,0.059413512,-0.033028259,0.008530915,0.997650436,0.0000043275,-0.0000002204,-0.0000271039,0.0000025299,0.0000052135,0.0004084396,0.0203639919,-0.2019049578,-0.0002240847,5.2611572153,-0.0005502091,0.0168206360
1784079560814554368,-114.608720375,-4.348039896,-3.389595804,0.066560274,-0.033372060,0.006916489,0.997200179,0.0000043628,-0.0000001040,-0.0000273811,0.0000024937,0.0000036603,0.0004084606,0.0201929334,-0.1998102311,-0.0002216151,5.2939164557,-0.0005907035,0.0168819619
1784079560848039424,-114.722524986,-4.327337821,-3.400562942,0.068862189,-0.033402292,0.007294341,0.997040159,0.0000043559,-0.0000001189,-0.0000273404,0.0000024960,0.0000039757,0.0004084705,0.0200920111,-0.1984629668,-0.0002221501,5.3051586858,-0.0006071001,0.0168926859
1784079560914554368,-114.944367519,-4.247623605,-3.434378747,0.073547738,-0.033355643,0.008605298,0.996696584,0.0000043276,-0.0000001696,-0.0000272241,0.0000025004,0.0000048804,0.0004084802,0.0199130130,-0.1966729155,-0.0002108753,5.3261766003,-0.0006011892,0.0168926920
1784079560981366272,-115.174133874,-4.188296997,-3.447514448,0.077376543,-0.033012721,0.009501889,0.996409928,0.0000043259,-0.0000002061,-0.0000272157,0.0000025144,0.0000055161,0.0004084920,0.0196529925,-0.1931495800,-0.0002191401,5.3469423457,-0.0006140870,0.0169221608
1784079561047849472,-115.400179235,-4.120086151,-3.452313027,0.081548041,-0.033992265,0.010106279,0.996038306,0.0000044411,-0.0000002283,-0.0000280815,0.0000025097,0.0000056862,0.0004083910,0.0194636250,-0.1907641867,-0.0002259909,5.3674905495,-0.0006225542,0.0169372728
1784079561114695424,-115.637253108,-4.066839287,-3.450504636,0.086266661,-0.034322890,0.010697830,0.995623201,0.0000044773,-0.0000002400,-0.0000284474,0.0000024986,0.0000059598,0.0004083406,0.0192426544,-0.1878814790,-0.0002295581,5.3890983145,-0.0006225345,0.0169452698
1784079561214667520,-115.977426832,-4.001744177,-3.472463951,0.093243662,-0.034843877,0.009376531,0.994989248,0.0000044960,-0.0000001705,-0.0000286268,0.0000024536,0.0000049520,0.0004083616,0.0190130958,-0.1849100379,-0.0002392721,5.4215618284,-0.0006741334,0.0169372585
1784079561347745536,-116.413108467,-3.880138658,-3.492119254,0.101903648,-0.034955937,0.008288959,0.994145373,0.0000045101,-0.0000000798,-0.0000287867,0.0000024102,0.0000036827,0.0004084285,0.0187381490,-0.1808769716,-0.0002396688,5.4626128890,-0.0006685827,0.0169331583
1784079561381227520,-116.524695574,-3.840984171,-3.486946562,0.104156344,-0.034573832,0.008976625,0.993919276,0.0000044749,-0.0000001143,-0.0000286178,0.0000024036,0.0000041997,0.0004084472,0.0186211899,-0.1791191084,-0.0002404394,5.4729770449,-0.0006814307,0.0168950649
1784079561481187328,-116.844582393,-3.737411546,-3.497290010,0.110413432,-0.034020616,0.011268928,0.993239389,0.0000044247,-0.0000002301,-0.0000283397,0.0000024255,0.0000058802,0.0004084794,0.0183388537,-0.1746812724,-0.0002427228,5.5031377524,-0.0006816718,0.0168840602
1784079561514560512,-116.955434595,-3.704388852,-3.513372596,0.112559227,-0.035716912,0.011115106,0.992940671,0.0000046032,-0.0000002362,-0.0000296383,0.0000024012,0.0000056556,0.0004083061,0.0182254549,-0.1730196438,-0.0002458808,5.5137228525,-0.0006733720,0.0168405808
1784079561614523392,-117.266492297,-3.609808994,-3.515322749,0.118614667,-0.034604191,0.009390704,0.992292762,0.0000044560,-0.0000001177,-0.0000286670,0.0000023497,0.0000041540,0.0004085414,0.0179795944,-0.1692067220,-0.0002379309,5.5437324961,-0.0006614651,0.0168170676
1784079561747730432,-117.679935600,-3.483919138,-3.533740232,0.127360106,-0.032775410,0.009139455,0.991272741,0.0000042247,-0.0000000928,-0.0000271545,0.0000023061,0.0000039602,0.0004088110,0.0175883769,-0.1631866453,-0.0002147146,5.5820811380,-0.0005886678,0.0167016215
1784079561814453248,-117.876223867,-3.414509267,-3.561406824,0.130829902,-0.031556676,0.008595094,0.990865196,0.0000040736,-0.0000000712,-0.0000261300,0.0000022758,0.0000037130,0.0004089815,0.0174345733,-0.1606675795,-0.0002059030,5.6020790934,-0.0005684258,0.0166260095
1784079561847823360,-117.973541983,-3.377280945,-3.568434614,0.132529231,-0.031676621,0.008599216,0.990635477,0.0000040789,-0.0000000578,-0.0000262824,0.0000022502,0.0000035033,0.0004089365,0.0173378056,-0.1591283939,-0.0001974777,5.6106655745,-0.0006161439,0.0165432474
1784079561947786496,-118.271701103,-3.257936402,-3.581646185,0.139604560,-0.031318901,0.009549076,0.989665857,0.0000040433,-0.0000000961,-0.0000261082,0.0000022457,0.0000040968,0.0004090018,0.0170757203,-0.1542115571,-0.0001906986,5.6392429403,-0.0006029813,0.0165006127
1784079562080864512,-118.654999316,-3.079635742,-3.595243542,0.149404406,-0.030982782,0.008907607,0.988250497,0.0000039933,-0.0000000425,-0.0000258784,0.0000022069,0.0000033929,0.0004090686,0.0166748406,-0.1470913596,-0.0001673114,5.6760222946,-0.0005543504,0.0164002622
1784079562114358528,-118.755358228,-3.041304049,-3.589708230,0.151573055,-0.031363674,0.008539198,0.987911439,0.0000040266,-0.0000000110,-0.0000261608,0.0000021900,0.0000029540,0.0004090485,0.0165096410,-0.1438347365,-0.0001659775,5.6853929579,-0.0005576670,0.0163430235
1784079562214316288,-119.054510431,-2.911495280,-3.587270292,0.159145648,-0.033289295,0.009055039,0.986652164,0.0000042384,-0.0000000052,-0.0000277682,0.0000021829,0.0000028729,0.0004088816,0.0162537314,-0.1383972609,-0.0001543341,5.7140697977,-0.0005504110,0.0163020731
1784079562280794368,-119.257349569,-2.826215708,-3.575061048,0.164488118,-0.032658886,0.009596736,0.985791539,0.0000041560,-0.0000000317,-0.0000272901,0.0000021329,0.0000032561,0.0004089197,0.0160331553,-0.1342028056,-0.0001359341,5.7319265142,-0.0004909643,0.0161764692
1784079562347681536,-119.449525103,-2.748881633,-3.587340424,0.170124507,-0.033217548,0.008415504,0.984826597,0.0000041743,0.0000000546,-0.0000275512,0.0000020855,0.0000021396,0.0004089013,0.0158399471,-0.1301748673,-0.0001195674,5.7520571299,-0.0004437439,0.0160813815
1784079562414281472,-119.643251562,-2.661145658,-3.591824189,0.176038422,-0.034854273,0.007105489,0.983740395,0.0000043396,0.0000001719,-0.0000289039,0.0000020473,0.0000005905,0.0004087269,0.0156785417,-0.1266564444,-0.0001009013,5.7708323664,-0.0004137982,0.0159994397
1784079562480856320,-119.833192542,-2.573268422,-3.598516458,0.181561116,-0.034202581,0.007780753,0.982753888,0.0000042372,0.0000001356,-0.0000282943,0.0000020284,0.0000012135,0.0004088232,0.0155019818,-0.1224839243,-0.0000883478,5.7888373581,-0.0003867248,0.0159227005
1784079562547580416,-120.019345131,-2.475354850,-3.599666993,0.187135438,-0.034452429,0.009611539,0.981682727,0.0000043153,0.0000000579,-0.0000289210,0.0000020300,0.0000024067,0.0004087527,0.0153267677,-0.1179946283,-0.0000792450,5.8069583006,-0.0003922955,0.0158779857
1784079562614090496,-120.201072152,-2.371082746,-3.593842506,0.193242287,-0.033977660,0.010308186,0.980508378,0.0000042497,-0.0000000082,-0.0000287671,0.0000019702,0.0000030276,0.0004087554,0.0150925084,-0.1131624001,-0.0000821092,5.8250964423,-0.0003597844,0.0156666775
1784079562680918528,-120.385882370,-2.280075651,-3.602788005,0.198456237,-0.033780314,0.011080179,0.979464773,0.0000042200,-0.0000000374,-0.0000287127,0.0000019463,0.0000034229,0.0004087709,0.0149109052,-0.1082709330,-0.0000762111,5.8424798575,-0.0003320795,0.0155639491
1784079562747514368,-120.575623190,-2.202138696,-3.603186953,0.203813784,-0.033252539,0.011877689,0.978372695,0.0000041647,-0.0000000747,-0.0000285321,0.0000019231,0.0000039717,0.0004087746,0.0147538227,-0.1040803879,-0.0000621990,5.8600322470,-0.0003011309,0.0154516048
1784079562813990400,-120.757434195,-2.091960278,-3.612266933,0.210060384,-0.033688746,0.011842285,0.977036061,0.0000041765,-0.0000000590,-0.0000287722,0.0000018955,0.0000037134,0.0004087638,0.0146252135,-0.1003816340,-0.0000475431,5.8788277321,-0.0002829224,0.0153540024
1784079562880839424,-120.939683630,-1.974297260,-3.636260558,0.216224071,-0.033197909,0.010503425,0.975722670,0.0000040472,0.0000000245,-0.0000280839,0.0000018478,0.0000025523,0.0004088800,0.0144468352,-0.0951043811,-0.0000344768,5.8966086087,-0.0002570565,0.0152407269
1784079562947442432,-121.119488721,-1.878036245,-3.641270511,0.221284735,-0.034277331,0.010234307,0.974552918,0.0000041606,0.0000000575,-0.0000289690,0.0000018324,0.0000019934,0.0004087979,0.0142796502,-0.0894383963,-0.0000359426,5.9141071012,-0.0002647968,0.0152110037
1784079563013920512,-121.294322269,-1.778532873,-3.652044030,0.227245645,-0.032934448,0.009442072,0.973234600,0.0000039660,0.0000001014,-0.0000277283,0.0000018090,0.0000014369,0.0004090038,0.0141411391,-0.0846377028,-0.0000249057,5.9314857897,-0.0002699017,0.0151387608
1784079563080767488,-121.481807055,-1.667790117,-3.632305701,0.233061616,-0.031958778,0.010394542,0.971881100,0.0000038857,0.0000000580,-0.0000273595,0.0000017865,0.0000021068,0.0004090749,0.0139940129,-0.0796067265,-0.0000027704,5.9486781607,-0.0002637719,0.0150188249
1784079563147374336,-121.657930756,-1.568046182,-3.652437388,0.238423315,-0.031921161,0.011235171,0.970571550,0.0000038460,0.0000000222,-0.0000272081,0.0000017721,0.0000026197,0.0004091147,0.0138650161,-0.0741607523,-0.0000001446,5.9668604918,-0.0002636016,0.0149620652
1784079563213966336,-121.836425605,-1.465381186,-3.657115043,0.243966539,-0.030827966,0.011065663,0.969230373,0.0000037199,0.0000000325,-0.0000264465,0.0000017466,0.0000025022,0.0004092433,0.0137575234,-0.0691739890,0.0000028041,5.9843007905,-0.0002556639,0.0148739598
1784079563280707328,-122.015975337,-1.359051083,-3.655076924,0.249392548,-0.031974029,0.011670485,0.967804122,0.0000038386,0.0000000105,-0.0000275041,0.0000017279,0.0000026657,0.0004091159,0.0136583337,-0.0641123706,0.0000060398,6.0019448585,-0.0002447014,0.0148081670
1784079563347221248,-122.196697943,-1.249159420,-3.655673276,0.254605996,-0.031779377,0.012295276,0.966444351,0.0000038058,-0.0000000296,-0.0000274715,0.0000017067,0.0000031565,0.0004091351,0.0135519994,-0.0588846010,0.0000218907,6.0197858576,-0.0002147580,0.0146973801
1784079563414035456,-122.379758613,-1.133377863,-3.657599389,0.260188185,-0.030900428,0.012060399,0.964987989,0.0000036924,-0.0000000232,-0.0000267960,0.0000016806,0.0000030408,0.0004092561,0.0134536561,-0.0533602903,0.0000343940,6.0376614297,-0.0001996903,0.0146177118
1784079563480646400,-122.565469667,-1.017655684,-3.648283764,0.266016634,-0.031726067,0.011522664,0.963377307,0.0000037486,0.0000000254,-0.0000274051,0.0000016456,0.0000021431,0.0004092128,0.0133636582,-0.0475677683,0.0000448450,6.0557826292,-0.0001869602,0.0145399374
1784079563547110656,-122.756926601,-0.885868184,-3.631736113,0.271778974,-0.031488881,0.010786343,0.961783912,0.0000036776,0.0000000702,-0.0000270803,0.0000016146,0.0000014719,0.0004092899,0.0132821390,-0.0417871016,0.0000607552,6.0742925314,-0.0001863379,0.0144382562
1784079563613961472,-122.939419925,-0.769922245,-3.636914337,0.277554024,-0.030030554,0.010060031,0.960187859,0.0000034698,0.0000000902,-0.0000256993,0.0000015872,0.0000011224,0.0004094883,0.0132008416,-0.0350768692,0.0000734408,6.0934627790,-0.0001927121,0.0143551596
1784079563680573440,-123.126221924,-0.643473992,-3.659811542,0.283668267,-0.030802831,0.010661422,0.958368319,0.0000035031,0.0000000890,-0.0000263682,0.0000015442,0.0000012124,0.0004093872,0.0131255754,-0.0291656546,0.0000992734,6.1112132716,-0.0002460388,0.0141047711
1784079563747045632,-123.308261478,-0.518161336,-3.677020958,0.289882235,-0.029161084,0.009787987,0.956567884,0.0000032883,0.0000001048,-0.0000249329,0.0000015224,0.0000008780,0.0004095854,0.0130774310,-0.0225925168,0.0000973288,6.1297998960,-0.0002482575,0.0140329498
1784079563813892352,-123.488634808,-0.385271542,-3.693966292,0.296139000,-0.028809456,0.009832054,0.954659645,0.0000032296,0.0000000973,-0.0000246841,0.0000015083,0.0000008209,0.0004096397,0.0130536440,-0.0163078473,0.0000916358,6.1479495571,-0.0002517778,0.0140051544
1784079563880498432,-123.667269172,-0.253812097,-3.717978508,0.302023661,-0.028185892,0.009062629,0.952840560,0.0000031158,0.0000001189,-0.0000240236,0.0000014848,0.0000002450,0.0004097329,0.0130371427,-0.0095749930,0.0000883435,6.1659034731,-0.0002519472,0.0139442538
1784079563980397568,-123.923980722,-0.041124320,-3.738893933,0.311126029,-0.028652407,0.008105792,0.949902063,0.0000030844,0.0000001551,-0.0000241741,0.0000014565,-0.0000007177,0.0004097647,0.0130303650,0.0007790714,0.0000920484,6.1921164448,-0.0002375193,0.0138678452
1784079564047195392,-124.100996535,0.097472555,-3.762347594,0.317346870,-0.028577801,0.007486725,0.947849261,0.0000030162,0.0000001813,-0.0000238827,0.0000014342,-0.0000013532,0.0004098268,0.0130502711,0.0079954252,0.0000890831,6.2092807185,-0.0002359465,0.0137856966
1784079564113793280,-124.277281502,0.249498151,-3.766531735,0.323492123,-0.030100544,0.007056974,0.945725649,0.0000031210,0.0000002383,-0.0000249829,0.0000014195,-0.0000023547,0.0004097203,0.0130869918,0.0150201546,0.0000881643,6.2269947583,-0.0002242755,0.0137162525
1784079564182992384,-124.454490900,0.410242668,-3.767549634,0.329733792,-0.030826402,0.007089078,0.943543907,0.0000031788,0.0000002624,-0.0000255007,0.0000014225,-0.0000027712,0.0004096940,0.0131574084,0.0230767499,0.0000851089,6.2449266004,-0.0002144558,0.0137425201
1784079564247122432,-124.615394334,0.564082237,-3.769241987,0.335672066,-0.030738683,0.007792600,0.941444992,0.0000031920,0.0000002351,-0.0000256313,0.0000014167,-0.0000023624,0.0004097230,0.0132462889,0.0309068820,0.0000817623,6.2611826208,-0.0002035317,0.0137678776
1784079564313729536,-124.781428029,0.744988621,-3.724825757,0.341767037,-0.031294209,0.009459052,0.939215892,0.0000033041,0.0000001981,-0.0000266958,0.0000013663,-0.0000015812,0.0004095992,0.0133357644,0.0391776134,0.0000653916,6.2775810032,-0.0002874278,0.0135538758
1784079564380211456,-124.942112513,0.908509330,-3.724695424,0.347016051,-0.031014804,0.010867254,0.937283226,0.0000032789,0.0000001297,-0.0000266542,0.0000013380,-0.0000005095,0.0004096371,0.0134769959,0.0484709323,0.0000557546,6.2940035287,-0.0002982568,0.0134516948
1784079564447073536,-125.101691812,1.069897606,-3.721334394,0.353182680,-0.031230215,0.010668094,0.934972117,0.0000032705,0.0000001490,-0.0000267458,0.0000013213,-0.0000008470,0.0004096334,0.0136320656,0.0569332190,0.0000431246,6.3102727633,-0.0003410584,0.0133761891
1784079564513657600,-125.257001032,1.259450833,-3.708020120,0.359638778,-0.031838467,0.011547139,0.932476769,0.0000033527,0.0000001274,-0.0000275375,0.0000013017,-0.0000005750,0.0004095518,0.0138045373,0.0651156678,0.0000324892,6.3262627947,-0.0003544956,0.0133089284
1784079564580163584,-125.413592936,1.426650911,-3.713235470,0.365900420,-0.032208729,0.011819982,0.930021381,0.0000033605,0.0000001216,-0.0000277522,0.0000012857,-0.0000006098,0.0004095522,0.0140350331,0.0747958202,0.0000166708,6.3416346416,-0.0003714727,0.0132686493
1784079564646983424,-125.572671275,1.598954666,-3.713992410,0.371630729,-0.033382427,0.011048120,0.927714479,0.0000034255,0.0000001944,-0.0000284127,0.0000012685,-0.0000017502,0.0004094826,0.0142671425,0.0836806830,-0.0000027639,6.3577347802,-0.0003842080,0.0131894523
1784079564713479424,-125.729640497,1.771845578,-3.710803848,0.376715549,-0.037375525,0.010757468,0.925512151,0.0000038286,0.0000003248,-0.0000313535,0.0000012686,-0.0000033710,0.0004090440,0.0145267379,0.0925776300,-0.0000118571,6.3734750309,-0.0004200024,0.0130854299
1784079564780354560,-125.875167417,1.953449540,-3.704396399,0.381782564,-0.036870741,0.013385090,0.923419440,0.0000038879,0.0000001705,-0.0000318221,0.0000012295,-0.0000013060,0.0004090208,0.0147960390,0.1016356152,-0.0000087832,6.3890118169,-0.0004042585,0.0129941029
1784079564846924544,-126.027314193,2.120769862,-3.714730358,0.386885321,-0.034735700,0.011757464,0.921398362,0.0000035418,0.0000002169,-0.0000295968,0.0000012281,-0.0000020268,0.0004093856,0.0151155308,0.1110632343,-0.0000071535,6.4035663366,-0.0003983546,0.0129508486
1784079564913425408,-126.176523499,2.274852496,-3.717898316,0.390765974,-0.035473589,0.010658341,0.919744517,0.0000035634,0.0000003214,-0.0000298333,0.0000012293,-0.0000033134,0.0004093639,0.0154230025,0.1194045288,-0.0000031858,6.4191331450,-0.0004079418,0.0128502628
1784079564980328448,-126.330658668,2.423118065,-3.735999349,0.395773351,-0.034320642,0.009588199,0.917656589,0.0000033658,0.0000003449,-0.0000285476,0.0000012301,-0.0000038135,0.0004095369,0.0157528347,0.1278971718,0.0000007693,6.4342831608,-0.0004216963,0.0128130935
1784079565046877440,-126.470788903,2.606264191,-3.747468891,0.401329455,-0.030112893,0.011383010,0.915367855,0.0000030263,0.0000001605,-0.0000260585,0.0000011977,-0.0000012721,0.0004099474,0.0160944322,0.1358842626,-0.0000022149,6.4495030875,-0.0004086188,0.0128048384
1784079565113412352,-126.609909329,2.783363775,-3.767813023,0.406274657,-0.030580585,0.010880763,0.913174321,0.0000030311,0.0000002030,-0.0000261619,0.0000011982,-0.0000019775,0.0004099711,0.0165297262,0.1455415848,-0.0000023166,6.4635541713,-0.0003973457,0.0127922984
1784079565180252672,-126.742473651,2.965517167,-3.778643225,0.411297123,-0.028925641,0.011603380,0.910968356,0.0000029077,0.0000001354,-0.0000252330,0.0000011879,-0.0000010065,0.0004101414,0.0169730165,0.1547327584,-0.0000081627,6.4772652553,-0.0003832887,0.0127913297
1784079565246759424,-126.876009604,3.153861050,-3.788131489,0.417511053,-0.028241748,0.013086801,0.908138569,0.0000028938,0.0000000602,-0.0000252455,0.0000011652,0.0000001555,0.0004101837,0.0174556084,0.1644981389,0.0000003002,6.4910860627,-0.0003751071,0.0127091908
1784079565313335296,-127.013195210,3.338611724,-3.789495769,0.422990667,-0.030832482,0.013175083,0.905513485,0.0000031457,0.0000001285,-0.0000272040,0.0000011637,-0.0000008341,0.0004099756,0.0179776173,0.1742291960,-0.0000041618,6.5050774000,-0.0003577093,0.0126928858
1784079565380177408,-127.147969842,3.526525673,-3.798023591,0.429118819,-0.030745168,0.010383462,0.902664920,0.0000029997,0.0000002670,-0.0000261479,0.0000011738,-0.0000030084,0.0004101348,0.0185160465,0.1840507643,0.0000019482,6.5193521312,-0.0003354466,0.0126443882
1784079565446583552,-127.286950559,3.714543340,-3.800655495,0.434925484,-0.034245630,0.010607914,0.899752484,0.0000033545,0.0000003834,-0.0000287828,0.0000011910,-0.0000042999,0.0004098016,0.0191058160,0.1940040011,-0.0000020398,6.5332354673,-0.0003170093,0.0126128132
1784079565513492224,-127.418690259,3.906237248,-3.812070401,0.440984803,-0.031439914,0.008743856,0.896921112,0.0000029770,0.0000003885,-0.0000260363,0.0000011918,-0.0000048086,0.0004101996,0.0197150129,0.2041073979,0.0000074494,6.5475119540,-0.0003059247,0.0125562517
1784079565580040448,-127.545713662,4.098596081,-3.808800388,0.446127361,-0.032465249,0.006862408,0.894354121,0.0000029864,0.0000005177,-0.0000261065,0.0000012523,-0.0000067817,0.0004101809,0.0203662778,0.2141159170,0.0000046472,6.5598596497,-0.0002879201,0.0125642210
1784079565646506496,-127.670689042,4.299528828,-3.818734668,0.450905333,-0.031517345,0.006334635,0.891992663,0.0000028662,0.0000005141,-0.0000251511,0.0000012610,-0.0000069254,0.0004103425,0.0210986668,0.2248846069,0.0000045600,6.5729813810,-0.0002657619,0.0125671037
1784079565713368320,-127.794364064,4.510721567,-3.821356227,0.455771858,-0.031935418,0.011412102,0.889450340,0.0000031435,0.0000003347,-0.0000273604,0.0000011638,-0.0000035120,0.0004101908,0.0218812383,0.2359336519,0.0000142700,6.5858911493,-0.0002554970,0.0124941799
1784079565779971328,-127.908003243,4.716892919,-3.817908194,0.461147824,-0.026689430,0.012348308,0.886835880,0.0000027045,0.0000001618,-0.0000238602,0.0000011423,-0.0000010256,0.0004107055,0.0227035072,0.2469533162,0.0000113044,6.5974561435,-0.0002328505,0.0125100857
1784079565846443520,-128.013491028,4.926523734,-3.816932076,0.466201896,-0.027465405,0.017055815,0.884087407,0.0000029943,-0.0000000212,-0.0000262085,0.0000011544,0.0000019612,0.0004104576,0.0235671673,0.2580364500,0.0000079695,6.6084404352,-0.0002093796,0.0125235582
1784079565913301504,-128.129736714,5.147931682,-3.825304724,0.470613298,-0.027016911,0.021197340,0.881671074,0.0000031653,-0.0000002294,-0.0000274867,0.0000012124,0.0000049968,0.0004102851,0.0245185863,0.2697581738,0.0000030858,6.6204994437,-0.0001843931,0.0125454725
1784079565979906560,-128.253322038,5.354971486,-3.863022137,0.474816586,-0.027954042,0.021892552,0.879368238,0.0000032669,-0.0000002337,-0.0000282532,0.0000011983,0.0000050689,0.0004102243,0.0254922095,0.2813308537,-0.0000018896,6.6331214993,-0.0001874977,0.0124842621
1784079566046382336,-128.369119307,5.569753418,-3.864519474,0.481026952,-0.027781273,0.019447403,0.876049697,0.0000031486,-0.0000001075,-0.0000274803,0.0000011351,0.0000031360,0.0004104095,0.0264091559,0.2921472295,-0.0000155302,6.6459343600,-0.0001665000,0.0124524587
1784079566113222400,-128.477753372,5.819499753,-3.855044987,0.487055515,-0.027900794,0.017542536,0.872748951,0.0000030691,-0.0000000014,-0.0000269412,0.0000011004,0.0000015115,0.0004104922,0.0274140310,0.3035087480,-0.0000258135,6.6581050573,-0.0001786993,0.0124256816
1784079566179777280,-128.599707860,6.043000600,-3.859461517,0.492721544,-0.027799440,0.015474944,0.869605196,0.0000029252,0.0000001049,-0.0000258771,0.0000010848,-0.0000001298,0.0004106657,0.0286907025,0.3172281160,-0.0000282970,6.6694157521,-0.0001692309,0.0123985464
1784079566246562560,-128.714737420,6.274052025,-3.869446293,0.497239576,-0.030244265,0.017947789,0.866900205,0.0000032793,0.0000000634,-0.0000285774,0.0000010727,0.0000004715,0.0004103367,0.0298897613,0.3296677826,-0.0000297716,6.6812226050,-0.0001617537,0.0123566056
1784079566313170432,-128.810141444,6.515711383,-3.867621557,0.502782197,-0.027070009,0.020817695,0.863738329,0.0000031363,-0.0000001515,-0.0000276053,0.0000010980,0.0000036272,0.0004104780,0.0311437979,0.3422041639,-0.0000295233,6.6915543575,-0.0001395991,0.0123334413
1784079566379672576,-128.896706167,6.746331298,-3.868777392,0.508585392,-0.021270174,0.021953139,0.860468790,0.0000026631,-0.0000003062,-0.0000240146,0.0000011571,0.0000066511,0.0004108629,0.0324106365,0.3546006827,-0.0000147600,6.7006111632,-0.0001147690,0.0122862624
1784079566446487552,-128.995901254,6.982197822,-3.872849147,0.512874930,-0.020782105,0.024730469,0.857855357,0.0000027611,-0.0000004418,-0.0000248637,0.0000012276,0.0000086749,0.0004107293,0.0337934157,0.3674310946,-0.0000168729,6.7105683589,-0.0000885235,0.0122678337
1784079566513097472,-129.108982564,7.225476257,-3.887285221,0.517788067,-0.022411897,0.025457153,0.854836334,0.0000029446,-0.0000004493,-0.0000263696,0.0000012009,0.0000083876,0.0004105920,0.0352600321,0.3806319636,-0.0000292528,6.7221207821,-0.0000924767,0.0122341391
1784079566579572480,-129.215913773,7.472350817,-3.884368765,0.523167619,-0.021238700,0.023591881,0.851638411,0.0000027433,-0.0000003509,-0.0000248031,0.0000011488,0.0000073879,0.0004108733,0.0367502303,0.3936180129,-0.0000376536,6.7336674188,-0.0000733029,0.0122032802
1784079566646423552,-129.310475018,7.711133352,-3.889417568,0.527897789,-0.022673050,0.026200882,0.848600831,0.0000030123,-0.0000004620,-0.0000269641,0.0000011854,0.0000084823,0.0004106019,0.0382681550,0.4064264781,-0.0000420918,6.7435623247,-0.0000438667,0.0121882312
1784079566713024256,-129.406685954,7.960501842,-3.900299942,0.532887918,-0.020967031,0.026527668,0.845509984,0.0000028771,-0.0000004976,-0.0000259779,0.0000012192,0.0000093157,0.0004107400,0.0399102158,0.4198852774,-0.0000445854,6.7536629343,-0.0000165249,0.0121800166
1784079566779504640,-129.504132910,8.215306274,-3.911157977,0.537182207,-0.020772581,0.026643185,0.842789367,0.0000028651,-0.0000005010,-0.0000259365,0.0000012187,0.0000093441,0.0004107906,0.0416269071,0.4335161153,-0.0000492452,6.7638687095,0.0000120449,0.0121702856
1784079566846351360,-129.596922413,8.467521797,-3.915128909,0.541837885,-0.021844969,0.027444803,0.839750729,0.0000030087,-0.0000005243,-0.0000270944,0.0000012142,0.0000092608,0.0004106906,0.0433915563,0.4471480343,-0.0000469599,6.7737561914,0.0000375315,0.0121612986
1784079566912834304,-129.690167393,8.717987781,-3.920367487,0.546851279,-0.019090427,0.025362824,0.836627732,0.0000026442,-0.0000004453,-0.0000243033,0.0000011917,0.0000089104,0.0004111026,0.0451645700,0.4605471979,-0.0000361072,6.7833751292,0.0000614393,0.0121308163
1784079566979684352,-129.780219948,8.971520445,-3.930690468,0.551580250,-0.018242057,0.024390036,0.833565583,0.0000025269,-0.0000004039,-0.0000233722,0.0000011715,0.0000085422,0.0004112722,0.0470474861,0.4743592396,-0.0000243239,6.7933564602,0.0000892441,0.0121095039
1784079567046280448,-129.869933154,9.229509747,-3.934600693,0.557141692,-0.020037475,0.024443486,0.829815733,0.0000026834,-0.0000003686,-0.0000246887,0.0000011387,0.0000075452,0.0004112054,0.0490059068,0.4882056433,-0.0000299691,6.8024484342,0.0001221457,0.0121260535
1784079567112762368,-129.958250783,9.491989443,-3.940489283,0.562721382,-0.019052080,0.021555608,0.826145883,0.0000024522,-0.0000002365,-0.0000227442,0.0000010850,0.0000058910,0.0004115323,0.0510578244,0.5023806362,-0.0000243450,6.8118450020,0.0001487399,0.0121142465
1784079567179614464,-130.049795225,9.766533645,-3.920213684,0.567653149,-0.021358536,0.020908458,0.822725076,0.0000025971,-0.0000001359,-0.0000241395,0.0000010195,0.0000041070,0.0004114629,0.0531429974,0.5164320717,-0.0000247384,6.8210990757,0.0001289235,0.0120405607
1784079567246214400,-130.137829474,10.037883272,-3.910132397,0.573048872,-0.021317296,0.018287906,0.819039752,0.0000024421,-0.0000000170,-0.0000228615,0.0000009829,0.0000022629,0.0004116792,0.0554338552,0.5314874388,-0.0000210312,6.8304814993,0.0001428180,0.0120171220
1784079567312711424,-130.221093983,10.310114329,-3.907024999,0.578765635,-0.023351371,0.016957627,0.814983124,0.0000025191,0.0000000993,-0.0000235772,0.0000009647,0.0000002823,0.0004116538,0.0577730576,0.5463906465,-0.0000257556,6.8394266247,0.0001645673,0.0120017441
1784079567379548672,-130.309955746,10.587415210,-3.901006361,0.584199878,-0.024441035,0.015404735,0.811095452,0.0000024939,0.0000001979,-0.0000235308,0.0000009557,-0.0000015009,0.0004116812,0.0601357801,0.5612562844,-0.0000068742,6.8482392505,0.0001702138,0.0119482964
1784079567446148352,-130.388175508,10.861442741,-3.908123688,0.589393171,-0.023927694,0.013734970,0.807375072,0.0000023522,0.0000002508,-0.0000223603,0.0000009521,-0.0000024332,0.0004118416,0.0626304507,0.5763972769,-0.0000061296,6.8567482101,0.0001985373,0.0119156448
1784079567512629504,-130.453599988,11.134482423,-3.910730804,0.594264566,-0.022771466,0.014591590,0.803814762,0.0000023134,0.0000001966,-0.0000220804,0.0000009376,-0.0000014392,0.0004119247,0.0651329588,0.5911699727,-0.0000066409,6.8640283639,0.0002199269,0.0119011142
1784079567579521536,-130.517857821,11.419392289,-3.914498969,0.599519466,-0.021639613,0.015336050,0.799920585,0.0000022511,0.0000001418,-0.0000216955,0.0000009198,-0.0000005591,0.0004119956,0.0677660588,0.6064592841,0.0000152522,6.8705338611,0.0002238222,0.0118508679
1784079567645955584,-130.581630723,11.700685782,-3.927175943,0.604307862,-0.021112917,0.015860881,0.796313183,0.0000022182,0.0000001074,-0.0000215535,0.0000009146,-0.0000000616,0.0004120494,0.0704946045,0.6218822467,0.0000337743,6.8773599569,0.0002089762,0.0118112764
1784079567712810496,-130.642579792,11.983313826,-3.935776053,0.609219701,-0.021595261,0.015512962,0.792555581,0.0000022112,0.0000001247,-0.0000217698,0.0000009058,-0.0000006535,0.0004120547,0.0732298796,0.6370857438,0.0000724962,6.8840871634,0.0001973869,0.0117437539
1784079567779447552,-130.700151625,12.262104739,-3.953068719,0.614363898,-0.021618786,0.015004988,0.788583844,0.0000021585,0.0000001385,-0.0000214552,0.0000008966,-0.0000009836,0.0004121193,0.0760955337,0.6525117116,0.0000843197,6.8902532103,0.0001811706,0.0116934215
1784079567845923328,-130.755714110,12.539894422,-3.964633598,0.618960655,-0.021910321,0.014521754,0.784982015,0.0000021357,0.0000001684,-0.0000214342,0.0000008951,-0.0000017077,0.0004121416,0.0789592202,0.6675829959,0.0001015254,6.8958784461,0.0001638428,0.0116408087
1784079567912784640,-130.810998887,12.829515214,-3.975207622,0.623239416,-0.022202764,0.014093566,0.781588792,0.0000021184,0.0000001919,-0.0000213966,0.0000008947,-0.0000023200,0.0004121696,0.0819056329,0.6827254419,0.0001092708,6.9016280066,0.0001690773,0.0116148953
1784079567979345664,-130.855365493,13.119974971,-3.986834298,0.627674590,-0.020839243,0.013783946,0.778074764,0.0000020081,0.0000001555,-0.0000203950,0.0000008855,-0.0000018260,0.0004123167,0.0850541093,0.6985108513,0.0001136979,6.9068707857,0.0001739137,0.0116010563
1784079568045815552,-130.901402828,13.419415867,-3.982225722,0.631915219,-0.020147785,0.014552463,0.774638915,0.0000019825,0.0000001157,-0.0000202937,0.0000008699,-0.0000011440,0.0004123582,0.0882749790,0.7143211529,0.0001239614,6.9113273884,0.0001685332,0.0115644852
1784079568112674560,-130.947615306,13.738891832,-3.980030693,0.635573298,-0.020519739,0.014896952,0.771624004,0.0000020185,0.0000001177,-0.0000207232,0.0000008662,-0.0000012312,0.0004123447,0.0916712236,0.7306083581,0.0001234303,6.9163498781,0.0001769251,0.0115557370
1784079568179277312,-130.988002960,14.031280840,-3.986138539,0.639013546,-0.020930602,0.014227977,0.768779007,0.0000020064,0.0000001465,-0.0000206810,0.0000008652,-0.0000018824,0.0004123784,0.0953193305,0.7477073239,0.0001261953,6.9207998842,0.0001815789,0.0115467417
1784079568245748480,-131.028139442,14.331243859,-3.993739848,0.642661412,-0.021891324,0.015294109,0.765684772,0.0000021190,0.0000001447,-0.0000218540,0.0000008580,-0.0000018333,0.0004122942,0.0988427938,0.7638454368,0.0001248757,6.9248355666,0.0001863739,0.0115360695
1784079568312622592,-131.068086543,14.631266644,-4.003553397,0.646215790,-0.022995611,0.015717000,0.762646268,0.0000022086,0.0000001645,-0.0000227814,0.0000008564,-0.0000022349,0.0004122142,0.1024523306,0.7800673573,0.0001268151,6.9291838961,0.0001912377,0.0115209569
1784079568379079680,-131.107697269,14.929372695,-4.004305947,0.649576675,-0.022576432,0.014956799,0.759813624,0.0000021273,0.0000001843,-0.0000220309,0.0000008627,-0.0000026625,0.0004123233,0.1060782341,0.7960120495,0.0001230750,6.9332088063,0.0002074755,0.0115233963
1784079568445928448,-131.146217794,15.227438399,-4.006355856,0.652817750,-0.024226198,0.015277108,0.756973372,0.0000022407,0.0000002479,-0.0000232080,0.0000008692,-0.0000035321,0.0004121856,0.1098072632,0.8121453126,0.0001328492,6.9368772514,0.0001853544,0.0114812676
1784079568512544512,-131.182328468,15.527669404,-4.006309944,0.656478090,-0.024239432,0.014095136,0.753823782,0.0000021684,0.0000002853,-0.0000226045,0.0000008825,-0.0000042773,0.0004122572,0.1136511473,0.8284271608,0.0001379581,6.9406875452,0.0001970402,0.0114731564
1784079568579058432,-131.208154982,15.832022045,-4.009683302,0.659956851,-0.023386831,0.014102936,0.750806978,0.0000020992,0.0000002626,-0.0000220624,0.0000008733,-0.0000039858,0.0004123483,0.1175199915,0.8445337971,0.0001556829,6.9439824836,0.0001963862,0.0114490175
1784079568645907456,-131.228521920,16.136561302,-4.005918398,0.663586554,-0.023619588,0.015966365,0.747556068,0.0000022123,0.0000002167,-0.0000232282,0.0000008464,-0.0000030290,0.0004122405,0.1214461757,0.8605971571,0.0001861381,6.9462338170,0.0001857773,0.0113973178
1784079568712508416,-131.243825659,16.454618737,-4.009644504,0.666839486,-0.022745425,0.015098467,0.744701136,0.0000020895,0.0000002152,-0.0000221508,0.0000008460,-0.0000031481,0.0004123921,0.1256391196,0.8772590008,0.0001874247,6.9480687052,0.0001978711,0.0113942473
1784079568778940416,-131.271411767,16.751303821,-4.018225037,0.669811797,-0.023401841,0.015100259,0.742008418,0.0000021081,0.0000002468,-0.0000225115,0.0000008426,-0.0000036569,0.0004123562,0.1299932676,0.8943243076,0.0002112792,6.9495933630,0.0001764731,0.0113433901
1784079568845791488,-131.291815988,17.045475997,-4.021317999,0.672241972,-0.025492274,0.016808073,0.739701537,0.0000023637,0.0000002764,-0.0000247774,0.0000008445,-0.0000038263,0.0004121243,0.1340953585,0.9101448048,0.0002243922,6.9524270965,0.0001829441,0.0113311899
1784079568912406528,-131.307644951,17.356450806,-4.018207578,0.675107531,-0.023444724,0.015501712,0.737183738,0.0000021260,0.0000002432,-0.0000227970,0.0000008398,-0.0000035870,0.0004123916,0.1382714427,0.9259282837,0.0002406817,6.9543578918,0.0001817073,0.0113124168
1784079568978919424,-131.328030929,17.651879434,-4.018263023,0.676874483,-0.023443896,0.017769650,0.735510406,0.0000022684,0.0000001772,-0.0000240611,0.0000008227,-0.0000022795,0.0004123042,0.1427849650,0.9426342510,0.0002483593,6.9560245403,0.0001979008,0.0113134038
1784079569045723392,-131.343057954,17.953783452,-4.025370485,0.678366587,-0.023867518,0.018079629,0.734113235,0.0000023164,0.0000001819,-0.0000244727,0.0000008236,-0.0000023272,0.0004122883,0.1471632524,0.9585898971,0.0002529427,6.9579725816,0.0002136901,0.0113147464
1784079569112202496,-131.355660078,18.256696113,-4.030908561,0.680212806,-0.022839906,0.017075706,0.732459758,0.0000021779,0.0000001811,-0.0000232995,0.0000008250,-0.0000024551,0.0004124573,0.1516785797,0.9747531476,0.0002603014,6.9594341303,0.0002262020,0.0113135132
1784079569179053568,-131.370541419,18.532561994,-4.046963194,0.681265781,-0.025182302,0.019306554,0.731348101,0.0000024929,0.0000001962,-0.0000260168,0.0000008187,-0.0000024279,0.0004121282,0.1562173821,0.9907812225,0.0002719326,6.9606183045,0.0001975086,0.0112789291
1784079569245660416,-131.381274608,18.843640764,-4.050599539,0.682932986,-0.024772447,0.018917989,0.729815711,0.0000024259,0.0000001949,-0.0000255101,0.0000008183,-0.0000024714,0.0004122242,0.1605797741,1.0059311791,0.0002758078,6.9623410823,0.0002068765,0.0112753628
1784079569312142336,-131.394693147,19.142159737,-4.050101002,0.683826444,-0.025048557,0.020659413,0.728921911,0.0000025674,0.0000001451,-0.0000266674,0.0000008076,-0.0000016267,0.0004121146,0.1653505867,1.0222139000,0.0002855861,6.9634795467,0.0002086861,0.0112633029
1784079569378987520,-131.404016526,19.431170549,-4.068409059,0.685051723,-0.025544747,0.019124748,0.727795195,0.0000024761,0.0000002127,-0.0000260725,0.0000008152,-0.0000028208,0.0004121993,0.1700923104,1.0382518006,0.0003165081,6.9647572465,0.0001668046,0.0112194813
1784079569445588224,-131.413221875,19.733407421,-4.073838310,0.686095674,-0.024395068,0.017976931,0.726879932,0.0000023080,0.0000002090,-0.0000247593,0.0000008168,-0.0000029206,0.0004123887,0.1747504081,1.0536789949,0.0003290765,6.9657074169,0.0001619820,0.0112106689
1784079569512063488,-131.429256309,20.023148745,-4.082590161,0.687424507,-0.025757493,0.017553037,0.725586652,0.0000023735,0.0000002823,-0.0000252974,0.0000008380,-0.0000040626,0.0004123317,0.1797215313,1.0698644942,0.0003326936,6.9666279371,0.0001717262,0.0112175358
1784079569578999552,-131.440115424,20.320356857,-4.089376359,0.688485954,-0.025034014,0.016854738,0.724621492,0.0000022723,0.0000002719,-0.0000245097,0.0000008371,-0.0000040341,0.0004124555,0.1845762840,1.0855204925,0.0003432593,6.9682215149,0.0001622186,0.0112082217
1784079569645534464,-131.449182234,20.602081321,-4.096861672,0.689349952,-0.023904677,0.017153414,0.723830761,0.0000022120,0.0000002180,-0.0000240132,0.0000008243,-0.0000032279,0.0004125657,0.1894950070,1.1010775629,0.0003466265,6.9689675501,0.0001568111,0.0112101328
1784079569712002560,-131.457048153,20.898057626,-4.102336843,0.690241193,-0.023112875,0.015274517,0.723048809,0.0000020319,0.0000002440,-0.0000224598,0.0000008373,-0.0000039570,0.0004127681,0.1944051972,1.1164090602,0.0003529067,6.9697934569,0.0001407813,0.0112059658
1784079569778853376,-131.466624403,21.183080023,-4.107687528,0.691082734,-0.024619077,0.017567334,0.722142607,0.0000022841,0.0000002345,-0.0000246561,0.0000008304,-0.0000034598,0.0004125668,0.1995243656,1.1321462718,0.0003524915,6.9706101865,0.0001446081,0.0112167395
1784079569845330432,-131.474947886,21.474909141,-4.112330263,0.691966876,-0.023037497,0.016223294,0.721379180,0.0000020835,0.0000002164,-0.0000229224,0.0000008320,-0.0000033992,0.0004128109,0.2045226604,1.1473358460,0.0003533187,6.9717696707,0.0001522249,0.0112268052
1784079569912229632,-131.478471908,21.755865934,-4.124436599,0.692652488,-0.022912109,0.016232106,0.720724695,0.0000020653,0.0000002126,-0.0000228317,0.0000008305,-0.0000032834,0.0004128652,0.2097120310,1.1628925873,0.0003651790,6.9725036291,0.0001411025,0.0112219330
1784079569978830592,-131.486586856,22.040959047,-4.134589003,0.693054181,-0.023060373,0.016652263,0.720324110,0.0000020993,0.0000002104,-0.0000231513,0.0000008312,-0.0000031986,0.0004128683,0.2148104842,1.1779407040,0.0003739418,6.9728515624,0.0001413779,0.0112237867
1784079570045261312,-131.494845167,22.328061214,-4.138644064,0.693609475,-0.023476161,0.016855294,0.719771259,0.0000021438,0.0000002227,-0.0000235270,0.0000008374,-0.0000033490,0.0004128673,0.2200610069,1.1932559751,0.0003767406,6.9736703862,0.0001528469,0.0112374128
1784079570112158464,-131.505828253,22.613230934,-4.142292920,0.693950758,-0.022644362,0.016337307,0.719480834,0.0000020555,0.0000002078,-0.0000227326,0.0000008380,-0.0000031821,0.0004129969,0.2254169602,1.2087105000,0.0003797920,6.9747659265,0.0001610064,0.0112497712
1784079570178717440,-131.511806773,22.899439566,-4.148143652,0.694374803,-0.021801526,0.017117092,0.719079503,0.0000020470,0.0000001553,-0.0000226876,0.0000008248,-0.0000022776,0.0004130169,0.2306757670,1.2237709926,0.0003911508,6.9758331332,0.0001412297,0.0112433647
1784079570245192448,-131.517471575,23.191972829,-4.151419542,0.694611810,-0.021283469,0.016254374,0.718886113,0.0000019635,0.0000001635,-0.0000219012,0.0000008304,-0.0000025099,0.0004131383,0.2361352503,1.2391081780,0.0003946126,6.9764936305,0.0001496394,0.0112555915
1784079570312043520,-131.525974222,23.481958079,-4.157727996,0.694452375,-0.022222265,0.017421274,0.718984401,0.0000020994,0.0000001624,-0.0000231495,0.0000008301,-0.0000023526,0.0004130399,0.2418208998,1.2548858794,0.0004017014,6.9770619521,0.0001483851,0.0112621055
1784079570378646272,-131.533083588,23.771414859,-4.162299841,0.694609124,-0.022540239,0.018765808,0.718789223,0.0000022064,0.0000001320,-0.0000240867,0.0000008260,-0.0000017390,0.0004129347,0.2474153090,1.2702733944,0.0004073562,6.9779405244,0.0001460432,0.0112666502
1784079570478620416,-131.546788358,24.214984099,-4.165100643,0.694563423,-0.021528752,0.017159978,0.718904514,0.0000020357,0.0000001466,-0.0000225531,0.0000008341,-0.0000021182,0.0004131587,0.2561243475,1.2938469462,0.0004116508,6.9796376219,0.0001632482,0.0112886832
1784079570512061440,-131.544412203,24.394569528,-4.153381447,0.694480583,-0.024578559,0.019604324,0.718824238,0.0000024091,0.0000001829,-0.0000257598,0.0000008380,-0.0000024302,0.0004127782,0.2590242315,1.3016027436,0.0004098850,6.9800760109,0.0001412780,0.0112792962
1784079570578454528,-131.553585686,24.695774860,-4.151600735,0.694318377,-0.022665073,0.017607876,0.719095438,0.0000021413,0.0000001733,-0.0000235156,0.0000008418,-0.0000024864,0.0004130761,0.2657092885,1.3192153815,0.0004095854,6.9802556324,0.0001384777,0.0112956842
1784079570645305344,-131.556084575,24.998380634,-4.154065926,0.694268560,-0.024035376,0.019535988,0.719049242,0.0000023718,0.0000001659,-0.0000254231,0.0000008425,-0.0000021709,0.0004128889,0.2718438236,1.3352271431,0.0004092122,6.9810600636,0.0001474695,0.0113157284
1784079570711911424,-131.566851920,25.285749571,-4.158789416,0.694073831,-0.022127726,0.017523349,0.719350271,0.0000021074,0.0000001571,-0.0000231647,0.0000008473,-0.0000022257,0.0004131983,0.2781496597,1.3514477391,0.0004109108,6.9814154403,0.0001522344,0.0113344534
1784079570811885312,-131.579718653,25.727466014,-4.163456751,0.693403622,-0.022911166,0.018532131,0.719946564,0.0000022303,0.0000001530,-0.0000241943,0.0000008517,-0.0000020561,0.0004131436,0.2872949345,1.3747790136,0.0004118868,6.9833840287,0.0001587808,0.0113621540
1784079570845244416,-131.582477674,25.881997321,-4.164322988,0.693271212,-0.022383647,0.018216322,0.720098719,0.0000021739,0.0000001479,-0.0000237236,0.0000008528,-0.0000019937,0.0004132115,0.2904650244,1.3827539758,0.0004118638,6.9837782470,0.0001579928,0.0113707180
1784079570911886336,-131.586854682,26.200390402,-4.164873716,0.693028541,-0.021248306,0.017789645,0.720377317,0.0000020676,0.0000001217,-0.0000228074,0.0000008530,-0.0000016160,0.0004133517,0.2969649708,1.3989431091,0.0004127808,6.9843553194,0.0001433995,0.0113847842
1784079570978321664,-131.594077867,26.499542196,-4.164310132,0.693051606,-0.021015720,0.018176246,0.720352300,0.0000020751,0.0000000974,-0.0000228713,0.0000008538,-0.0000011960,0.0004133861,0.3038130767,1.4157804390,0.0004170342,6.9847487399,0.0001333216,0.0113988641
1784079571045193472,-131.601245630,26.798401800,-4.166036380,0.692536648,-0.020921255,0.017991273,0.720854774,0.0000020602,0.0000000982,-0.0000227247,0.0000008581,-0.0000012198,0.0004134416,0.3104641269,1.4319875042,0.0004156912,6.9856347002,0.0001220000,0.0114139164
1784079571111772416,-131.609040459,27.093874935,-4.171113596,0.691923444,-0.021352657,0.020080724,0.721375614,0.0000022280,0.0000000437,-0.0000241763,0.0000008589,-0.0000002173,0.0004133239,0.3171513626,1.4480774456,0.0004175880,6.9862746590,0.0001218969,0.0114319814
1784079571211744512,-131.618663421,27.546426740,-4.175863230,0.691607180,-0.019741200,0.019395984,0.721743437,0.0000020768,0.0000000126,-0.0000228311,0.0000008654,0.0000003154,0.0004135439,0.3271779274,1.4719173523,0.0004193924,6.9876321759,0.0001261097,0.0114597920
1784079571245138432,-131.623103953,27.695320328,-4.177347732,0.691484758,-0.020223565,0.020092522,0.721828323,0.0000021545,0.0000000053,-0.0000235156,0.0000008680,0.0000004367,0.0004134889,0.3307458513,1.4802763927,0.0004182986,6.9878470904,0.0001297654,0.0114716326
1784079571345064448,-131.641351853,28.131611888,-4.182810263,0.690706401,-0.020943594,0.021455761,0.722513449,0.0000022985,-0.0000000247,-0.0000247165,0.0000008762,0.0000009105,0.0004134048,0.3410056576,1.5042126409,0.0004192009,6.9897073734,0.0001296458,0.0115013166
1784079571411581440,-131.653072614,28.429760256,-4.186046994,0.690439427,-0.020329679,0.020728474,0.722807327,0.0000022110,-0.0000000180,-0.0000239479,0.0000008806,0.0000008266,0.0004135412,0.3478233318,1.5199255952,0.0004164957,6.9911553703,0.0001351556,0.0115246195
1784079571478444544,-131.663071752,28.728461764,-4.187930026,0.690195199,-0.021162058,0.020877883,0.723012357,0.0000022820,0.0000000043,-0.0000245265,0.0000008839,0.0000004236,0.0004135200,0.3548095731,1.5358385813,0.0004151238,6.9923504972,0.0001396080,0.0115452228
1784079571545001472,-131.672708499,29.017035652,-4.190507236,0.689864593,-0.020216760,0.020425689,0.723367761,0.0000021889,-0.0000000117,-0.0000237148,0.0000008887,0.0000007066,0.0004136445,0.3618119308,1.5516284286,0.0004166603,6.9933753599,0.0001377563,0.0115631519
1784079571611512320,-131.686455162,29.308341391,-4.192908578,0.689447026,-0.018651209,0.019908100,0.723822215,0.0000020555,-0.0000000419,-0.0000225029,0.0000008958,0.0000012992,0.0004138196,0.3688858387,1.5674432881,0.0004150554,6.9947273791,0.0001345896,0.0115844370
1784079571678320384,-131.702322482,29.601987400,-4.194538987,0.689004259,-0.018463141,0.019324867,0.724264312,0.0000020088,-0.0000000305,-0.0000220436,0.0000008991,0.0000011025,0.0004139114,0.3760116980,1.5832365511,0.0004138342,6.9962516829,0.0001381535,0.0116079554
1784079571744927488,-131.717335378,29.890787903,-4.196782516,0.688447313,-0.018409342,0.018724274,0.724810868,0.0000019742,-0.0000000126,-0.0000216831,0.0000009025,0.0000007778,0.0004139950,0.3831709389,1.5989736662,0.0004113056,6.9980095216,0.0001441153,0.0116334826
1784079571811443456,-131.729701728,30.194862264,-4.206903187,0.687960087,-0.017303935,0.017026179,0.725342404,0.0000017962,0.0000000091,-0.0000200574,0.0000009033,0.0000002985,0.0004141942,0.3903194446,1.6145387444,0.0004167606,6.9994713744,0.0001404358,0.0116356957
1784079571878319616,-131.742972870,30.490613750,-4.208434598,0.687696981,-0.017273682,0.017909923,0.725571304,0.0000018448,-0.0000000225,-0.0000205387,0.0000009096,0.0000009184,0.0004141877,0.3979484491,1.6309463570,0.0004149540,7.0008822134,0.0001459907,0.0116565623
1784079571944861440,-131.757974692,30.791373637,-4.210561026,0.687352368,-0.017884516,0.017347799,0.725896632,0.0000018529,0.0000000075,-0.0000206096,0.0000009116,0.0000002892,0.0004142193,0.4056076137,1.6473058930,0.0004129555,7.0026391592,0.0001486603,0.0116780534
1784079572011464448,-131.776614779,31.084859747,-4.210057668,0.686537101,-0.018235955,0.016942038,0.726668581,0.0000018534,0.0000000289,-0.0000205923,0.0000009157,-0.0000001451,0.0004142644,0.4131175753,1.6632135938,0.0004118634,7.0045210616,0.0001530926,0.0116990304
1784079572078188544,-131.794218132,31.377395986,-4.212295232,0.686320011,-0.018291454,0.015605655,0.726902145,0.0000017863,0.0000000671,-0.0000198797,0.0000009222,-0.0000009497,0.0004143756,0.4207695346,1.6792723115,0.0004102479,7.0064424479,0.0001573229,0.0117214220
1784079572144663552,-131.808045240,31.673490150,-4.213746861,0.686282325,-0.018494640,0.014475716,0.726955963,0.0000017381,0.0000001030,-0.0000193545,0.0000009307,-0.0000017700,0.0004144548,0.4283465118,1.6950145140,0.0004071898,7.0081660860,0.0001565058,0.0117408279
1784079572211516416,-131.825028158,31.964684265,-4.216912786,0.685810223,-0.020098663,0.014563895,0.727357047,0.0000018282,0.0000001450,-0.0000202911,0.0000009402,-0.0000025599,0.0004143596,0.4362015151,1.7112335427,0.0004116985,7.0099561523,0.0001388799,0.0117493448
1784079572278113280,-131.840219424,32.269994463,-4.214983374,0.685309025,-0.018848295,0.013642857,0.727880590,0.0000017111,0.0000001297,-0.0000190540,0.0000009407,-0.0000024164,0.0004145137,0.4439616169,1.7270917143,0.0004077153,7.0118258916,0.0001234941,0.0117641218
1784079572344597504,-131.851275082,32.576148280,-4.219688611,0.685139176,-0.020692879,0.013699752,0.727989307,0.0000018160,0.0000001855,-0.0000201493,0.0000009494,-0.0000034891,0.0004143815,0.4519875695,1.7433059120,0.0004200291,7.0131440192,0.0001374616,0.0117758587
1784079572411448576,-131.871895732,32.871332139,-4.224001601,0.684968290,-0.022046651,0.013109512,0.728121231,0.0000018713,0.0000002436,-0.0000206903,0.0000009709,-0.0000045793,0.0004143313,0.4603481231,1.7600267744,0.0004198500,7.0146233498,0.0001327301,0.0117944380
1784079572478049536,-131.887547657,33.175574587,-4.231821634,0.684800219,-0.022400303,0.011518533,0.728295413,0.0000018015,0.0000002904,-0.0000199604,0.0000009983,-0.0000057489,0.0004143965,0.4683823885,1.7760594545,0.0004207519,7.0168600337,0.0001232760,0.0118091879
1784079572544564480,-131.912962645,33.471749133,-4.236015469,0.684442961,-0.024707751,0.012681893,0.728537253,0.0000020150,0.0000003525,-0.0000220421,0.0000010183,-0.0000063675,0.0004141773,0.4767605959,1.7925344461,0.0004185565,7.0183254911,0.0001117973,0.0118286833
1784079572611381504,-131.927826390,33.778034770,-4.233692570,0.684331755,-0.024494858,0.012369789,0.728654266,0.0000019828,0.0000003433,-0.0000217447,0.0000010155,-0.0000063295,0.0004142252,0.4849724761,1.8086810273,0.0004237007,7.0208188786,0.0001160525,0.0118441726
1784079572677984512,-131.956347061,34.057487741,-4.235004931,0.684226845,-0.023414297,0.011497634,0.728802580,0.0000018775,0.0000003255,-0.0000206944,0.0000010176,-0.0000062967,0.0004143570,0.4935942992,1.8253263980,0.0004239577,7.0223593067,0.0001242224,0.0118687970
1784079572744591360,-131.980694625,34.332927679,-4.240817306,0.684033231,-0.024867718,0.011367861,0.728938205,0.0000019590,0.0000003858,-0.0000214614,0.0000010519,-0.0000072242,0.0004142791,0.5013303425,1.8403376827,0.0004197712,7.0252788947,0.0001266635,0.0118928135
1784079572811314432,-131.997891868,34.646310337,-4.239230167,0.683927153,-0.024104536,0.009298870,0.729092691,0.0000017939,0.0000003947,-0.0000198231,0.0000010834,-0.0000080471,0.0004143766,0.5092296737,1.8555721053,0.0004262140,7.0280151361,0.0001326572,0.0119057495
1784079572877787392,-132.022374910,34.925900626,-4.239876873,0.683821483,-0.022056535,0.009046712,0.729259793,0.0000016696,0.0000003194,-0.0000184403,0.0000010497,-0.0000069669,0.0004145758,0.5181561465,1.8724142698,0.0004261811,7.0297592757,0.0001426152,0.0119332039
1784079572944668416,-132.032204545,35.234307318,-4.244147395,0.683940729,-0.021588321,0.008857420,0.729164295,0.0000016370,0.0000003070,-0.0000180425,0.0000010493,-0.0000068394,0.0004146370,0.5264756247,1.8881015127,0.0004261560,7.0322106786,0.0001527795,0.0119562526
1784079573011240448,-132.043286671,35.537650212,-4.248308193,0.683601990,-0.022232900,0.010225359,0.729444624,0.0000017429,0.0000003029,-0.0000191872,0.0000010379,-0.0000063425,0.0004145739,0.5353531415,1.9045154636,0.0004284668,7.0333643818,0.0001561826,0.0119774074
1784079573077718528,-132.062756242,35.828305315,-4.250806798,0.683563436,-0.021788655,0.008140296,0.729520403,0.0000016168,0.0000003234,-0.0000177522,0.0000010741,-0.0000073508,0.0004146866,0.5442954720,1.9209349567,0.0004303419,7.0346621882,0.0001641941,0.0119974462
1784079573145223424,-132.077214204,36.129940854,-4.254469423,0.683181151,-0.024456137,0.009646769,0.729775549,0.0000018483,0.0000003970,-0.0000202372,0.0000011014,-0.0000079578,0.0004144659,0.5530926262,1.9370783153,0.0004321170,7.0368588848,0.0001664373,0.0120162250
1784079573211172608,-132.086911024,36.435336250,-4.260386594,0.683519741,-0.025491612,0.011099613,0.729402317,0.0000019924,0.0000004081,-0.0000216282,0.0000010879,-0.0000076836,0.0004143579,0.5620724138,1.9533158072,0.0004358308,7.0382714233,0.0001751319,0.0120361235
1784079573277652480,-132.102203429,36.727138000,-4.269559011,0.683478916,-0.024680756,0.011899048,0.729455855,0.0000019951,0.0000003574,-0.0000216189,0.0000010578,-0.0000067327,0.0004144286,0.5712772653,1.9697558101,0.0004399550,7.0392555092,0.0001814626,0.0120578370
1784079573344508416,-132.111571139,37.028519092,-4.270375735,0.683613116,-0.024978733,0.012527578,0.729309420,0.0000020558,0.0000003531,-0.0000221564,0.0000010552,-0.0000065055,0.0004144172,0.5800169064,1.9853462994,0.0004431465,7.0408803850,0.0001803398,0.0120774854
1784079573411108608,-132.135077152,37.320864921,-4.275369863,0.683707549,-0.026431046,0.011528054,0.729186184,0.0000020976,0.0000004367,-0.0000225002,0.0000011109,-0.0000079411,0.0004143720,0.5895070625,2.0020539544,0.0004429692,7.0421305269,0.0001845302,0.0121039463
1784079573477628416,-132.157652955,37.619125302,-4.275314331,0.683690207,-0.027646476,0.012490959,0.729141515,0.0000022451,0.0000004661,-0.0000237777,0.0000011196,-0.0000080278,0.0004142641,0.5985604917,2.0181011406,0.0004448267,7.0448927728,0.0001906878,0.0121279681
1784079573544441344,-132.174788767,37.921035335,-4.274833310,0.683913150,-0.026701081,0.012418597,0.728968884,0.0000021788,0.0000004268,-0.0000231712,0.0000011059,-0.0000075518,0.0004143860,0.6078626017,2.0343784297,0.0004477892,7.0469732623,0.0001853320,0.0121475833
1784079573610956544,-132.186088662,38.218339049,-4.272503962,0.683907321,-0.024732700,0.012845297,0.729036397,0.0000020762,0.0000003331,-0.0000222140,0.0000010640,-0.0000061490,0.0004145773,0.6171360192,2.0504013214,0.0004516610,7.0484968632,0.0001822409,0.0121661126
1784079573677808640,-132.201938192,38.516984939,-4.277108651,0.684002144,-0.025205289,0.012976651,0.728928918,0.0000021213,0.0000003507,-0.0000225930,0.0000010757,-0.0000063709,0.0004145702,0.6267750786,2.0668980619,0.0004491745,7.0499769021,0.0001816958,0.0121922905
1784079573744416512,-132.209552540,38.831993777,-4.281886238,0.683749661,-0.025558228,0.011644950,0.729175955,0.0000020615,0.0000003946,-0.0000220060,0.0000011126,-0.0000073786,0.0004146344,0.6363509226,2.0832676869,0.0004470426,7.0520713361,0.0001714417,0.0122153382
1784079573810845440,-132.217382244,39.136652384,-4.285391688,0.683729103,-0.026348791,0.013857730,0.729128396,0.0000022569,0.0000003747,-0.0000237382,0.0000010860,-0.0000064800,0.0004145076,0.6463430694,2.0999712803,0.0004434007,7.0526518279,0.0001630929,0.0122401310
1784079573877693440,-132.231642223,39.436456388,-4.285982300,0.683863312,-0.024563365,0.013460277,0.729072310,0.0000021135,0.0000003077,-0.0000224689,0.0000010620,-0.0000056780,0.0004146811,0.6563524839,2.1166397816,0.0004685778,7.0530475908,0.0001389392,0.0122405600
1784079573944297472,-132.239259572,39.742130121,-4.286273362,0.683831005,-0.024779896,0.013750942,0.729089861,0.0000021468,0.0000003077,-0.0000227418,0.0000010641,-0.0000056240,0.0004146890,0.6660925416,2.1328347494,0.0004721269,7.0546284095,0.0001385498,0.0122627831
1784079574010776576,-132.256289133,40.037939262,-4.286792133,0.683764660,-0.025328570,0.014127734,0.729126025,0.0000022159,0.0000003203,-0.0000233363,0.0000010704,-0.0000057204,0.0004146567,0.6761907446,2.1494318760,0.0004746968,7.0557866845,0.0001348164,0.0122833627
1784079574077630464,-132.269185150,40.341881689,-4.280389746,0.683928830,-0.024175092,0.012689343,0.729037655,0.0000020471,0.0000003051,-0.0000217997,0.0000010754,-0.0000058384,0.0004148400,0.6860903570,2.1657091574,0.0004707467,7.0576160021,0.0001165404,0.0122981708
1784079574144227584,-132.285708714,40.640030188,-4.276515294,0.684104979,-0.024011374,0.012396280,0.728882819,0.0000020285,0.0000003104,-0.0000216091,0.0000010817,-0.0000059980,0.0004148860,0.6962023226,2.1821429092,0.0004696072,7.0591210493,0.0001107476,0.0123184577
1784079574210707456,-132.301119979,40.932328207,-4.278666674,0.684108920,-0.025759992,0.012522446,0.728817259,0.0000021452,0.0000003773,-0.0000226725,0.0000011141,-0.0000069400,0.0004147785,0.7061278129,2.1981932914,0.0004705564,7.0608501822,0.0001122939,0.0123416977
1784079574277559552,-132.312652843,41.237728086,-4.278137280,0.684519249,-0.025168915,0.011466309,0.728469936,0.0000020436,0.0000003751,-0.0000217034,0.0000011266,-0.0000072216,0.0004149098,0.7162318841,2.2144260872,0.0004710924,7.0626047204,0.0001101540,0.0123649038
1784079574344038400,-132.325921920,41.536811739,-4.278300817,0.684436945,-0.026052301,0.012504249,0.728499135,0.0000021747,0.0000003899,-0.0000228959,0.0000011261,-0.0000071318,0.0004148181,0.7265727034,2.2308575587,0.0004694392,7.0638886878,0.0000989397,0.0123870548
1784079574444042496,-132.347387372,41.982067897,-4.281090998,0.684594434,-0.025674132,0.011473441,0.728381534,0.0000020889,0.0000003976,-0.0000220556,0.0000011482,-0.0000075524,0.0004149617,0.7420980833,2.2552736819,0.0004690770,7.0658213318,0.0000962612,0.0124265220
1784079574477532416,-132.359684987,42.126940752,-4.282723180,0.684591184,-0.026734908,0.011806230,0.728341107,0.0000021805,0.0000004364,-0.0000229070,0.0000011641,-0.0000079907,0.0004148627,0.7472507041,2.2633633317,0.0004686852,7.0665482367,0.0000909924,0.0124318170
1784079574543970304,-132.370102068,42.433485158,-4.283660905,0.684860228,-0.026461488,0.012267600,0.728090491,0.0000021916,0.0000004121,-0.0000229819,0.0000011501,-0.0000075309,0.0004149115,0.7574291265,2.2793364263,0.0004677891,7.0687026736,0.0000867191,0.0124558642
1784079574610820608,-132.380594278,42.742773150,-4.283440567,0.685130434,-0.025987978,0.012225034,0.727854012,0.0000021602,0.0000003944,-0.0000226819,0.0000011443,-0.0000072965,0.0004149885,0.7683781886,2.2962222747,0.0004646030,7.0699779075,0.0000829190,0.0124814450
1784079574677420288,-132.400936087,43.029172392,-4.286467754,0.685115774,-0.026854574,0.012247804,0.727835970,0.0000022163,0.0000004304,-0.0000231713,0.0000011624,-0.0000077522,0.0004149451,0.7792036131,2.3127827720,0.0004614841,7.0710933186,0.0000788604,0.0125087055
1784079574743899392,-132.406882533,43.319517152,-4.289645535,0.685501646,-0.026045277,0.011495104,0.727514260,0.0000021243,0.0000004139,-0.0000223134,0.0000011625,-0.0000077494,0.0004150740,0.7894687647,2.3285695883,0.0004578871,7.0731880987,0.0000691152,0.0125332769
1784079574810751488,-132.413077794,43.618021812,-4.291941036,0.685844532,-0.026848383,0.012323102,0.727148254,0.0000022295,0.0000004291,-0.0000232280,0.0000011629,-0.0000076942,0.0004150148,0.7998840260,2.3441966266,0.0004564201,7.0736434044,0.0000658645,0.0125624084
1784079574877355520,-132.421496728,43.916086826,-4.296822822,0.686233610,-0.027018792,0.012756195,0.726767292,0.0000022761,0.0000004292,-0.0000235961,0.0000011609,-0.0000075774,0.0004150066,0.8107238927,2.3603984087,0.0004583928,7.0743448299,0.0000659048,0.0125924374
1784079574943840512,-132.436439532,44.211716254,-4.300051766,0.686153547,-0.027438734,0.013555830,0.726812675,0.0000023635,0.0000004288,-0.0000243196,0.0000011523,-0.0000073231,0.0004149608,0.8216048800,2.3765655690,0.0004575232,7.0751571910,0.0000657316,0.0126213679
1784079575010685440,-132.459766929,44.499045736,-4.302722461,0.686218792,-0.027950901,0.014437497,0.726714576,0.0000024716,0.0000004334,-0.0000251852,0.0000011470,-0.0000071286,0.0004149017,0.8324368119,2.3926653617,0.0004577482,7.0766558276,0.0000673273,0.0126515116
1784079575077170432,-132.453893800,44.805958151,-4.312968164,0.686518171,-0.028131954,0.014895917,0.726415518,0.0000025013,0.0000004279,-0.0000254186,0.0000011370,-0.0000069865,0.0004147464,0.8427831465,2.4082944276,0.0004736351,7.0789970067,0.0000679210,0.0126700634
1784079575144012544,-132.465923805,45.107664738,-4.315459999,0.686653637,-0.028034494,0.014569047,0.726297868,0.0000024832,0.0000004330,-0.0000252522,0.0000011422,-0.0000071118,0.0004147755,0.8541809992,2.4246841091,0.0004759379,7.0783197393,0.0000630071,0.0126956146
1784079575210617600,-132.471561199,45.421133750,-4.311910468,0.686916332,-0.027608978,0.015017876,0.726056582,0.0000024889,0.0000003992,-0.0000252825,0.0000011249,-0.0000065457,0.0004148004,0.8654932122,2.4411667614,0.0004780332,7.0795885012,0.0000608454,0.0127218442
1784079575277112576,-132.483938484,45.722335726,-4.313748086,0.687135760,-0.027288224,0.015449492,0.725851991,0.0000024849,0.0000003714,-0.0000252309,0.0000011130,-0.0000060989,0.0004148305,0.8771308677,2.4578628882,0.0004815580,7.0800619555,0.0000629947,0.0127495952
1784079575343982336,-132.495527082,46.020078993,-4.316526555,0.687421556,-0.026049897,0.014687677,0.725642667,0.0000023525,0.0000003450,-0.0000241122,0.0000011093,-0.0000059255,0.0004149776,0.8886263670,2.4743804060,0.0004845316,7.0812698545,0.0000651809,0.0127758807
1784079575410548480,-132.513160994,46.307525254,-4.320685886,0.687564260,-0.027068351,0.015161070,0.725460430,0.0000024507,0.0000003724,-0.0000249320,0.0000011167,-0.0000061792,0.0004148770,0.8998749755,2.4904668267,0.0004891899,7.0825171604,0.0000691463,0.0128007399
1784079575477048320,-132.533387905,46.601736099,-4.322421714,0.687905903,-0.026875778,0.014854776,0.725149982,0.0000024212,0.0000003731,-0.0000246820,0.0000011209,-0.0000062573,0.0004149172,0.9110124251,2.5064475118,0.0004897596,7.0846441865,0.0000718114,0.0128256461
1784079575543895552,-132.535840610,46.916187050,-4.326040355,0.687975739,-0.026726225,0.014892177,0.725088488,0.0000024131,0.0000003682,-0.0000245911,0.0000011206,-0.0000061979,0.0004149521,0.9223476290,2.5225984874,0.0004929817,7.0867229707,0.0000740242,0.0128537445
1784079575643962368,-132.545965778,47.369629404,-4.333870264,0.688472778,-0.025717025,0.014841457,0.724654125,0.0000023401,0.0000003257,-0.0000239274,0.0000011059,-0.0000056395,0.0004150729,0.9403467103,2.5475421593,0.0004974504,7.0871454245,0.0000690700,0.0128975610
1784079575743808512,-132.554399609,47.833003679,-4.342773706,0.688811763,-0.026487814,0.015959588,0.724280362,0.0000024696,0.0000003253,-0.0000250080,0.0000011015,-0.0000054164,0.0004149703,0.9581964582,2.5721418814,0.0005128175,7.0881442406,0.0000798313,0.0129355235
1784079575810293504,-132.560532766,48.144220753,-4.349539735,0.689084929,-0.026598867,0.017679307,0.723976452,0.0000026010,0.0000002807,-0.0000260749,0.0000010783,-0.0000044903,0.0004148698,0.9707453682,2.5892148900,0.0005225460,7.0883497651,0.0000899960,0.0129611789
1784079575877162496,-132.565567385,48.449171292,-4.355955653,0.689084478,-0.027371690,0.019271863,0.723907431,0.0000027868,0.0000002615,-0.0000274852,0.0000010702,-0.0000039669,0.0004147243,0.9831250121,2.6059971191,0.0005272848,7.0889428980,0.0000929075,0.0129914499
1784079575943774464,-132.597258012,48.723381529,-4.354833007,0.689197684,-0.026056529,0.017868810,0.723884187,0.0000025775,0.0000002493,-0.0000258878,0.0000010747,-0.0000040224,0.0004148649,0.9950797085,2.6221734089,0.0005608242,7.0894782128,0.0001228658,0.0130153496
1784079576010254336,-132.601089191,49.020851306,-4.357604665,0.689402796,-0.026752560,0.018807112,0.723639674,0.0000027006,0.0000002510,-0.0000268408,0.0000010750,-0.0000038950,0.0004147615,1.0060412093,2.6374408444,0.0005624760,7.0929903073,0.0001233026,0.0130405388
1784079576110192640,-132.607572276,49.478956564,-4.368464246,0.690448368,-0.025592687,0.017492509,0.722717149,0.0000025251,0.0000002521,-0.0000254149,0.0000010854,-0.0000041172,0.0004149791,1.0245637191,2.6620258666,0.0005669080,7.0936218929,0.0001256089,0.0130881164
1784079576143723520,-132.611017870,49.623233610,-4.380425615,0.690352446,-0.025934788,0.018546871,0.722770296,0.0000026249,0.0000002399,-0.0000262242,0.0000010793,-0.0000037829,0.0004148834,1.0308032138,2.6701568274,0.0005694165,7.0932307258,0.0001242382,0.0130998499
1784079576243742464,-132.608204537,50.071950414,-4.382862337,0.690555595,-0.022236851,0.017343607,0.722729336,0.0000022889,0.0000001224,-0.0000233873,0.0000010603,-0.0000021900,0.0004152936,1.0489283270,2.6940560196,0.0005692080,7.0944653736,0.0001167381,0.0131431700
1784079576343607552,-132.630121653,50.517143233,-4.393842322,0.690507190,-0.025141889,0.017679274,0.722672228,0.0000025111,0.0000002261,-0.0000252206,0.0000010910,-0.0000037348,0.0004151249,1.0679631691,2.7187225762,0.0005703423,7.0948614775,0.0001143713,0.0131918010
1784079576443579392,-132.648302660,50.964537829,-4.401395487,0.690622346,-0.024201609,0.017327247,0.722602812,0.0000024264,0.0000002025,-0.0000244754,0.0000010933,-0.0000034463,0.0004152805,1.0863279463,2.7426763233,0.0005714814,7.0970797249,0.0001138909,0.0132387848
1784079576476941312,-132.652879034,51.102470340,-4.404945244,0.690621313,-0.022662285,0.017564809,0.722647978,0.0000023313,0.0000001339,-0.0000236612,0.0000010789,-0.0000023560,0.0004154050,1.0926505630,2.7508192913,0.0005699356,7.0975170216,0.0001121564,0.0132526416
1784079576543423488,-132.651236039,51.409768334,-4.410305924,0.691103233,-0.021337313,0.017845205,0.722220596,0.0000022641,0.0000000782,-0.0000230461,0.0000010744,-0.0000014254,0.0004155189,1.1049288402,2.7665460052,0.0005661695,7.0981838600,0.0001076855,0.0132813146
1784079576643449600,-132.672338419,51.856593928,-4.417357446,0.690965571,-0.024420327,0.017411267,0.722265238,0.0000024619,0.0000002068,-0.0000246834,0.0000011070,-0.0000034717,0.0004153770,1.1244938248,2.7914354305,0.0005685111,7.0995011690,0.0001096072,0.0133348217
1784079576710231552,-132.685336679,52.155422180,-4.422231633,0.691128596,-0.025801642,0.016421502,0.722084395,0.0000024947,0.0000002914,-0.0000249079,0.0000011399,-0.0000048395,0.0004153599,1.1372455516,2.8077794911,0.0005744770,7.1015351995,0.0001145934,0.0133695209
1784079576776850432,-132.698085504,52.461559177,-4.420615987,0.691579811,-0.026809850,0.016635414,0.721610601,0.0000025948,0.0000003267,-0.0000257088,0.0000011518,-0.0000052827,0.0004152889,1.1502622694,2.8241838820,0.0005746679,7.1026102612,0.0001167662,0.0133952561
1784079576843309312,-132.702896561,52.764925572,-4.427660825,0.692132369,-0.026930993,0.016849796,0.721071141,0.0000026167,0.0000003284,-0.0000258466,0.0000011567,-0.0000052834,0.0004153167,1.1635329419,2.8407849531,0.0005766878,7.1035839607,0.0001169941,0.0134287032
1784079576910162432,-132.703289317,53.057614431,-4.430404607,0.692674493,-0.026753349,0.018367878,0.720519900,0.0000027148,0.0000002747,-0.0000265915,0.0000011394,-0.0000043042,0.0004152892,1.1768431777,2.8571806611,0.0005777822,7.1037530277,0.0001173200,0.0134616071
1784079576977113600,-132.687333940,53.368816180,-4.421738316,0.693212686,-0.026930336,0.018308861,0.719997024,0.0000027365,0.0000002778,-0.0000267645,0.0000011430,-0.0000043461,0.0004152140,1.1896378810,2.8728985652,0.0005897524,7.1036958941,0.0001276115,0.0134852077
1784079577043289344,-132.692687841,53.664141199,-4.423708433,0.693423754,-0.027188479,0.017306282,0.719808847,0.0000026746,0.0000003250,-0.0000262542,0.0000011676,-0.0000051760,0.0004152832,1.2031422286,2.8889882791,0.0005917643,7.1020603038,0.0001275360,0.0135180022
1784079577110133504,-132.708901903,53.971457039,-4.435149276,0.693743424,-0.026528893,0.017759224,0.719514343,0.0000026623,0.0000002860,-0.0000261348,0.0000011571,-0.0000045891,0.0004153260,1.2164637020,2.9052512190,0.0005908551,7.1026277416,0.0001264217,0.0135482315
1784079577176696576,-132.696396553,54.279164134,-4.436540399,0.694436228,-0.025219412,0.018330851,0.718878492,0.0000025969,0.0000002160,-0.0000256438,0.0000011371,-0.0000034658,0.0004154218,1.2300437140,2.9219043141,0.0005914220,7.1041168062,0.0001283113,0.0135790410
1784079577243295488,-132.682337706,54.587404742,-4.443486267,0.694977661,-0.024421947,0.019472991,0.718352575,0.0000026222,0.0000001540,-0.0000258275,0.0000011256,-0.0000024292,0.0004154218,1.2439134352,2.9381565754,0.0005982199,7.1024257904,0.0001318006,0.0136125905
1784079577310020352,-132.688890151,54.884125478,-4.449075095,0.694795197,-0.023171716,0.019112668,0.718580136,0.0000025081,0.0000001161,-0.0000248618,0.0000011254,-0.0000018856,0.0004155681,1.2578661261,2.9544112918,0.0006015866,7.1007966198,0.0001338035,0.0136475792
1784079577376543488,-132.695222169,55.172728726,-4.457813587,0.694592387,-0.021879028,0.020180416,0.718787503,0.0000025018,0.0000000415,-0.0000248025,0.0000011202,-0.0000005889,0.0004155956,1.2711713822,2.9703160413,0.0006046212,7.1015721995,0.0001344926,0.0136809419
1784079577443399424,-132.697002555,55.473313981,-4.463900850,0.694683521,-0.020560090,0.020637203,0.718725395,0.0000024370,-0.0000000232,-0.0000242350,0.0000011221,0.0000005446,0.0004156592,1.2845119960,2.9861882929,0.0006102056,7.1022230011,0.0001392475,0.0137146342
1784079577509961472,-132.695034944,55.783260039,-4.465546750,0.694993836,-0.019798712,0.021476051,0.718422131,0.0000024413,-0.0000000758,-0.0000242585,0.0000011294,0.0000014685,0.0004156652,1.2980571573,3.0021236647,0.0006191537,7.1025708146,0.0001466545,0.0137479105
1784079577576389632,-132.706265120,56.078379457,-4.463683918,0.694882941,-0.018815720,0.021652587,0.718550508,0.0000023884,-0.0000001145,-0.0000237750,0.0000011401,0.0000021914,0.0004157373,1.3125237206,3.0189308609,0.0006257084,7.1024198830,0.0001508885,0.0137846782
1784079577643287296,-132.698745852,56.390856816,-4.469269529,0.694913371,-0.018494866,0.020289864,0.718569181,0.0000022853,-0.0000000654,-0.0000228452,0.0000011360,0.0000014398,0.0004158519,1.3262060044,3.0349856873,0.0006313847,7.1033349105,0.0001546894,0.0138194239
1784079577709886464,-132.693964195,56.700400136,-4.477886029,0.695316799,-0.017068880,0.020790826,0.718199794,0.0000022136,-0.0000001239,-0.0000221700,0.0000011494,0.0000025851,0.0004158691,1.3406786393,3.0515195934,0.0006421314,7.1024556578,0.0001639168,0.0138545406
1784079577776364544,-132.703444001,56.989268587,-4.482828296,0.695272156,-0.016418235,0.021395802,0.718240413,0.0000022084,-0.0000001667,-0.0000220844,0.0000011656,0.0000034089,0.0004158786,1.3550723234,3.0679609668,0.0006496773,7.1022413882,0.0001681841,0.0138907732
1784079577843213568,-132.719469696,57.278838442,-4.488347249,0.695551998,-0.017034889,0.019989708,0.717995573,0.0000021685,-0.0000000996,-0.0000216821,0.0000011525,0.0000021964,0.0004159436,1.3688139774,3.0839161415,0.0006557347,7.1035510300,0.0001727595,0.0139246751
1784079577909817344,-132.741110049,57.563362385,-4.490985060,0.695254005,-0.018035719,0.018628966,0.718296278,0.0000021562,-0.0000000233,-0.0000215233,0.0000011463,0.0000007685,0.0004159845,1.3825763161,3.0999193492,0.0006600318,7.1053429570,0.0001754740,0.0139614310
1784079577976416256,-132.753522342,57.853354833,-4.493276266,0.695247768,-0.019200764,0.019001790,0.718262350,0.0000022543,-0.0000000014,-0.0000224061,0.0000011494,0.0000003605,0.0004159317,1.3960748091,3.1155790742,0.0006605421,7.1073655055,0.0001740101,0.0139976477
1784079578043142656,-132.758393290,58.145244435,-4.492972333,0.695338152,-0.018104805,0.019363783,0.718193646,0.0000022042,-0.0000000450,-0.0000219286,0.0000011539,0.0000012565,0.0004159772,1.4098094387,3.1312494325,0.0006680883,7.1084127569,0.0001787638,0.0140335651
1784079578109623552,-132.772758786,58.432640478,-4.493289923,0.695299736,-0.017021309,0.019490219,0.718253913,0.0000021449,-0.0000000781,-0.0000213257,0.0000011632,0.0000019767,0.0004160388,1.4238205724,3.1470324898,0.0006744099,7.1089339382,0.0001815507,0.0140709514
1784079578176478464,-132.768438320,58.746003279,-4.494469117,0.695675448,-0.018547167,0.020227874,0.717831809,0.0000023026,-0.0000000538,-0.0000227914,0.0000011589,0.0000014534,0.0004159027,1.4379111921,3.1630746640,0.0006822520,7.1105858103,0.0001859789,0.0141063791
1784079578243118592,-132.785929182,59.031471313,-4.495456817,0.695701064,-0.018664599,0.018624498,0.717847331,0.0000022047,0.0000000032,-0.0000218589,0.0000011573,0.0000004665,0.0004160346,1.4531153916,3.1797857425,0.0006894757,7.1101515689,0.0001909203,0.0141442585
1784079578309555456,-132.781268059,59.346064221,-4.496787569,0.696195813,-0.018249129,0.018796077,0.717373729,0.0000021949,-0.0000000076,-0.0000217584,0.0000011606,0.0000007144,0.0004160721,1.4670051354,3.1955106870,0.0006955694,7.1120992935,0.0001969663,0.0141759262
1784079578376409600,-132.775416319,59.654405032,-4.500984355,0.696183092,-0.018242544,0.018695767,0.717388863,0.0000021797,-0.0000000069,-0.0000215933,0.0000011644,0.0000007169,0.0004161055,1.4824231530,3.2123024905,0.0007015316,7.1116411421,0.0001979845,0.0142112846
1784079578443017472,-132.788588187,59.950774283,-4.509995322,0.696373522,-0.018431590,0.017784316,0.717222360,0.0000021430,0.0000000321,-0.0000212406,0.0000011635,-0.0000000489,0.0004161677,1.4978348223,3.2290015455,0.0007020189,7.1112382559,0.0001983674,0.0142389096
1784079578509490432,-132.797732782,60.240815478,-4.515875276,0.696051578,-0.019087528,0.017770872,0.717517988,0.0000021898,0.0000000526,-0.0000216789,0.0000011656,-0.0000004168,0.0004161447,1.5123499304,3.2450282701,0.0007011616,7.1125096967,0.0001976057,0.0142717816
1784079578576342272,-132.796694028,60.544255188,-4.522616790,0.695939508,-0.018581806,0.017517270,0.717646196,0.0000021443,0.0000000444,-0.0000212246,0.0000011663,-0.0000002503,0.0004161922,1.5268629238,3.2608508509,0.0007088311,7.1131296719,0.0002041311,0.0143048764
1784079578642970624,-132.811806992,60.831556170,-4.526607191,0.695586489,-0.017285013,0.018437248,0.717997724,0.0000021234,-0.0000000212,-0.0000210171,0.0000011708,0.0000010639,0.0004161659,1.5419144941,3.2769785368,0.0007106409,7.1127191434,0.0002037265,0.0143377626
1784079578709545472,-132.830262164,61.115994368,-4.526653887,0.695216516,-0.016179208,0.019130102,0.718363605,0.0000020914,-0.0000000776,-0.0000206733,0.0000011826,0.0000022349,0.0004161635,1.5562664995,3.2927530115,0.0007113983,7.1144201176,0.0002039917,0.0143718381
1784079578776303616,-132.845593982,61.406286948,-4.524753157,0.694907796,-0.016568856,0.019309636,0.718648570,0.0000021310,-0.0000000735,-0.0000210347,0.0000011840,0.0000021308,0.0004161315,1.5707664367,3.3087378625,0.0007140228,7.1167531904,0.0002053821,0.0144071758
1784079578842799360,-132.861795111,61.691907610,-4.523043859,0.694453912,-0.016937478,0.017955444,0.719113682,0.0000020815,-0.0000000165,-0.0000205102,0.0000011796,0.0000010708,0.0004161997,1.5852511938,3.3245053131,0.0007164189,7.1185368978,0.0002058671,0.0144443524
1784079578909643520,-132.870104575,61.993441863,-4.523591222,0.694271769,-0.016948973,0.018177202,0.719283694,0.0000020952,-0.0000000223,-0.0000206189,0.0000011837,0.0000012110,0.0004162002,1.5999313386,3.3404081118,0.0007135094,7.1203278839,0.0002040966,0.0144809366
1784079578976262656,-132.877407999,62.290761317,-4.522499855,0.694016688,-0.016134083,0.016990956,0.719577540,0.0000019824,-0.0000000085,-0.0000194084,0.0000011873,0.0000010285,0.0004162944,1.6152783405,3.3567531406,0.0007169045,7.1211995299,0.0002043622,0.0145210754
1784079579042675456,-132.878711403,62.592541150,-4.521455911,0.693745266,-0.016357553,0.016913839,0.719835994,0.0000020020,0.0000000058,-0.0000195702,0.0000011896,0.0000007491,0.0004162961,1.6305807856,3.3729728150,0.0007180950,7.1222028055,0.0002022268,0.0145599646
1784079579109533440,-132.882087090,62.894857448,-4.524679061,0.693577190,-0.015579806,0.015893544,0.720038434,0.0000019045,0.0000000138,-0.0000184524,0.0000011938,0.0000006455,0.0004164192,1.6464432797,3.3894401969,0.0007190256,7.1221423369,0.0002003379,0.0146013014
1784079579176128512,-132.864088730,63.201525554,-4.527830498,0.693382085,-0.015828917,0.016486267,0.720207562,0.0000019538,0.0000000052,-0.0000189499,0.0000011961,0.0000008155,0.0004163798,1.6619852884,3.4055925991,0.0007263404,7.1223996468,0.0002038582,0.0146395176
1784079579242668288,-132.876993682,63.487817395,-4.531859043,0.693209753,-0.016085955,0.016557714,0.720366103,0.0000019767,0.0000000095,-0.0000191523,0.0000011998,0.0000007408,0.0004163762,1.6780300538,3.4216221901,0.0007268716,7.1204032529,0.0002014018,0.0146792206
1784079579309493504,-132.880451564,63.786909863,-4.536522306,0.693060592,-0.016412950,0.016488356,0.720503827,0.0000019921,0.0000000205,-0.0000192778,0.0000012014,0.0000005091,0.0004163775,1.6931208007,3.4374477903,0.0007272919,7.1218746915,0.0001983391,0.0147153698
1784079579376100608,-132.896403219,64.080596504,-4.537606240,0.692873774,-0.018344814,0.017718534,0.720607698,0.0000021790,0.0000000352,-0.0000211739,0.0000012015,0.0000001881,0.0004161954,1.7088732137,3.4536743190,0.0007252357,7.1224700370,0.0001980741,0.0147490676
1784079579442682624,-132.915913941,64.367150192,-4.538329278,0.692392250,-0.018242644,0.017336477,0.721082259,0.0000021548,0.0000000446,-0.0000209053,0.0000012030,0.0000000126,0.0004162311,1.7243580306,3.4698118757,0.0007249136,7.1241199804,0.0001962869,0.0147850972
1784079579509428480,-132.930375764,64.654994494,-4.539776971,0.692337459,-0.017412180,0.016891440,0.721165957,0.0000020831,0.0000000365,-0.0000201353,0.0000012064,0.0000002198,0.0004163229,1.7394859566,3.4855510383,0.0007257957,7.1259243898,0.0001947286,0.0148251977
1784079579575868416,-132.937480564,64.948220118,-4.541853413,0.692109545,-0.018245085,0.017315940,0.721354041,0.0000021640,0.0000000499,-0.0000209045,0.0000012104,-0.0000000189,0.0004162660,1.7548904030,3.5014570834,0.0007267349,7.1275615712,0.0001930766,0.0148659254
1784079579642722304,-132.948941096,65.243767356,-4.545149389,0.691699350,-0.017509963,0.016843028,0.721776782,0.0000020948,0.0000000437,-0.0000201625,0.0000012124,0.0000001501,0.0004163553,1.7709383190,3.5177598997,0.0007269475,7.1284598432,0.0001908410,0.0149072637
1784079579709346560,-132.958387861,65.537595119,-4.550834730,0.691328094,-0.016747681,0.017584884,0.722132781,0.0000021009,0.0000000050,-0.0000201842,0.0000012172,0.0000009845,0.0004163651,1.7867463979,3.5337746803,0.0007274765,7.1294458829,0.0001886143,0.0149476410
1784079579775802368,-132.973323927,65.824615342,-4.559370536,0.691109101,-0.017259685,0.018843803,0.722298570,0.0000021925,-0.0000000247,-0.0000210867,0.0000012183,0.0000014871,0.0004162181,1.8024663808,3.5496724909,0.0007479576,7.1303069877,0.0001993950,0.0149811648
1784079579842653440,-132.990495127,66.117184994,-4.566453313,0.690678949,-0.016751810,0.019055053,0.722716314,0.0000021740,-0.0000000467,-0.0000208761,0.0000012244,0.0000019840,0.0004162493,1.8182771682,3.5657562520,0.0007579684,7.1320725470,0.0002050367,0.0150199566
1784079579909260544,-133.001501883,66.415413874,-4.573765357,0.690278144,-0.018358872,0.018683062,0.723069830,0.0000022557,0.0000000116,-0.0000216403,0.0000012179,0.0000007906,0.0004161982,1.8342060891,3.5819899021,0.0007642584,7.1342437365,0.0002077986,0.0150568533
1784079579975732480,-133.018054829,66.713009124,-4.579467712,0.689916858,-0.019934169,0.019321472,0.723356094,0.0000024020,0.0000000354,-0.0000229667,0.0000012184,0.0000003051,0.0004160726,1.8505147844,3.5983068587,0.0007722380,7.1355375016,0.0002123517,0.0150940181
1784079580042583552,-133.024090864,67.012612075,-4.584946816,0.689698837,-0.019329483,0.019016012,0.723588472,0.0000023469,0.0000000248,-0.0000224459,0.0000012204,0.0000004933,0.0004161429,1.8669052071,3.6147142195,0.0007750714,7.1371166247,0.0002139646,0.0151284877
1784079580109190400,-133.018166703,67.319677407,-4.588760399,0.689728924,-0.018225407,0.018909831,0.723591227,0.0000022815,0.0000000011,-0.0000217932,0.0000012269,0.0000009840,0.0004162270,1.8833682635,3.6308228483,0.0007811113,7.1375445364,0.0002161732,0.0151687584
1784079580175786496,-133.032096309,67.610616670,-4.587585541,0.689000927,-0.017474551,0.017665533,0.724334378,0.0000021645,0.0000000179,-0.0000206206,0.0000012305,0.0000007290,0.0004163606,1.9003585480,3.6471674540,0.0007831422,7.1371773052,0.0002140595,0.0152081377
1784079580242508288,-133.045731821,67.910752005,-4.588960107,0.688222830,-0.017087342,0.015121116,0.725140477,0.0000020089,0.0000000817,-0.0000189348,0.0000012351,-0.0000005589,0.0004165503,1.9170381300,3.6637220434,0.0007887950,7.1391009375,0.0002154601,0.0152510490
1784079580309009664,-133.069741649,68.207451072,-4.592226209,0.687175636,-0.018867802,0.016351539,0.726062173,0.0000021812,0.0000000995,-0.0000206941,0.0000012396,-0.0000008261,0.0004163973,1.9336382301,3.6800808275,0.0007915923,7.1407355809,0.0002126239,0.0152917629
1784079580375845376,-133.092972409,68.500905281,-4.595241645,0.687164999,-0.019089542,0.012587930,0.726141445,0.0000019901,0.0000002020,-0.0000186454,0.0000012668,-0.0000031643,0.0004165942,1.9505478924,3.6968849182,0.0007946399,7.1432655746,0.0002125933,0.0153316938
1784079580475855360,-133.123683828,68.943390421,-4.595231140,0.686312962,-0.019554585,0.014065048,0.726907360,0.0000021075,0.0000001840,-0.0000198259,0.0000012658,-0.0000025636,0.0004165446,1.9754268110,3.7214600147,0.0007973491,7.1469170861,0.0002100077,0.0153941759
1784079580575840512,-133.163197910,69.391045753,-4.604135208,0.685884633,-0.023269956,0.013213185,0.727218118,0.0000022929,0.0000003316,-0.0000215982,0.0000013236,-0.0000051791,0.0004163781,2.0017581163,3.7472708579,0.0008022731,7.1506289023,0.0002095071,0.0154601358
1784079580642379520,-133.186179990,69.688366073,-4.617477778,0.686574032,-0.028586598,0.016215536,0.726316708,0.0000028634,0.0000004709,-0.0000264706,0.0000013639,-0.0000064130,0.0004158138,2.0184907074,3.7636931622,0.0007988826,7.1533425255,0.0002116606,0.0154974694
1784079580708876288,-133.189468671,70.007380954,-4.633602408,0.687240596,-0.029221775,0.014847555,0.725690017,0.0000028058,0.0000005391,-0.0000259812,0.0000014076,-0.0000076099,0.0004158659,2.0355898200,3.7803958072,0.0008020182,7.1560616466,0.0002129530,0.0155385197
1784079580775708416,-133.203029466,70.306466445,-4.638074830,0.687162060,-0.035786675,0.018826497,0.725377957,0.0000036983,0.0000007616,-0.0000322514,0.0000014687,-0.0000089636,0.0004149676,2.0538710332,3.7974845671,0.0008053019,7.1563944472,0.0002124155,0.0155857696
1784079580842315520,-133.233074378,70.609604614,-4.646383361,0.687533309,-0.034763346,0.016229922,0.725138641,0.0000033815,0.0000007880,-0.0000301505,0.0000015192,-0.0000099798,0.0004152760,2.0720942924,3.8147835017,0.0008009512,7.1579371404,0.0002156547,0.0156195252
1784079580942146560,-133.247196924,71.046777241,-4.650615733,0.688918958,-0.030662302,0.016733050,0.723996200,0.0000030877,0.0000005599,-0.0000280076,0.0000014201,-0.0000073741,0.0004157532,2.0975520740,3.8388395732,0.0008044719,7.1601955257,0.0002125535,0.0156850713
1784079580975643392,-133.246870250,71.182080495,-4.651332982,0.689660443,-0.026454192,0.016402299,0.723463623,0.0000027404,0.0000003782,-0.0000253001,0.0000013567,-0.0000051982,0.0004161876,2.1054616993,3.8461059377,0.0008057333,7.1602280882,0.0002108923,0.0157034686
1784079581075608576,-133.234979671,71.626725433,-4.665064855,0.687959897,-0.020157616,0.020362332,0.725182892,0.0000025713,0.0000000132,-0.0000237815,0.0000013040,0.0000008697,0.0004164993,2.1314971594,3.8696935857,0.0008065714,7.1595411979,0.0002066615,0.0157718753
1784079581108993536,-133.240364226,71.785139123,-4.667754936,0.686969178,-0.021803655,0.022413464,0.726013489,0.0000028301,-0.0000000152,-0.0000259481,0.0000013073,0.0000012367,0.0004162504,2.1408323419,3.8782560214,0.0008199460,7.1597626117,0.0002163302,0.0157805649
1784079581175572480,-133.253715593,72.098716484,-4.678736289,0.685862471,-0.020493380,0.025173158,0.727006880,0.0000029334,-0.0000001723,-0.0000267088,0.0000013426,0.0000036533,0.0004161706,2.1596188997,3.8956697607,0.0008232022,7.1611463776,0.0002160254,0.0158272758
1784079581275676416,-133.268838007,72.555430926,-4.683685406,0.684921390,-0.022710078,0.027845994,0.727730406,0.0000033271,-0.0000002317,-0.0000295645,0.0000013591,0.0000041320,0.0004158332,2.1862142424,3.9203024289,0.0008185946,7.1634578313,0.0002077999,0.0158845863
1784079581408867328,-133.290867486,73.167251541,-4.713455977,0.682614232,-0.021944709,0.035397201,0.729591172,0.0000039065,-0.0000006648,-0.0000333014,0.0000015240,0.0000090362,0.0004151462,2.2245048712,3.9549615264,0.0008334841,7.1646124574,0.0002116325,0.0159691232
1784079581475469312,-133.300837850,73.459734992,-4.713965477,0.682218768,-0.020768813,0.035903218,0.729970663,0.0000038523,-0.0000007438,-0.0000329251,0.0000015806,0.0000101373,0.0004151893,2.2415541764,3.9707273144,0.0008435843,7.1667068614,0.0002159954,0.0160094803
1784079581508843520,-133.304891797,73.608517201,-4.712431468,0.681968267,-0.019516492,0.034287503,0.730316888,0.0000035958,-0.0000006867,-0.0000312741,0.0000015711,0.0000099194,0.0004154739,2.2505803022,3.9789780444,0.0008428784,7.1675394855,0.0002189049,0.0160258432
1784079581608806400,-133.331793997,74.060168055,-4.724647543,0.683547963,-0.025054422,0.030194519,0.728850293,0.0000037694,-0.0000002671,-0.0000323528,0.0000013850,0.0000042117,0.0004155559,2.2781242736,4.0042874302,0.0008552060,7.1709175494,0.0002220223,0.0160909489
1784079581675276544,-133.353831728,74.368649499,-4.730485259,0.683564421,-0.024203379,0.024816405,0.729066543,0.0000032422,-0.0000000378,-0.0000287597,0.0000013533,0.0000014278,0.0004161612,2.2967750410,4.0214164488,0.0008625728,7.1734518207,0.0002226908,0.0161354263
1784079581708767488,-133.370393230,74.511149910,-4.712154879,0.683413141,-0.027081498,0.025926395,0.729068511,0.0000035982,0.0000000116,-0.0000312550,0.0000013440,0.0000005902,0.0004157911,2.3062421970,4.0298416336,0.0008633818,7.1736816593,0.0002331707,0.0161354816
1784079581808806400,-133.385419452,74.953640687,-4.711930955,0.683321837,-0.026605422,0.024488832,0.729221308,0.0000034361,0.0000000629,-0.0000301143,0.0000013512,-0.0000001033,0.0004160136,2.3338775761,4.0549117553,0.0008650776,7.1768960852,0.0002309689,0.0161990378
1784079581875205632,-133.391975033,75.256006204,-4.712229544,0.683608730,-0.022798763,0.022126379,0.729156872,0.0000029354,0.0000000158,-0.0000264215,0.0000013575,0.0000006103,0.0004165491,2.3518303328,4.0706347366,0.0008693211,7.1772656127,0.0002304966,0.0162400411
1784079581908707328,-133.394147585,75.402454968,-4.712144679,0.683398991,-0.022769557,0.023663012,0.729306128,0.0000030473,-0.0000000477,-0.0000272612,0.0000013655,0.0000015536,0.0004164491,2.3610547746,4.0785743159,0.0008738854,7.1770525569,0.0002299730,0.0162620547
1784079582008707584,-133.410360325,75.839538209,-4.712494888,0.682262621,-0.019287575,0.024163729,0.730453161,0.0000028336,-0.0000001824,-0.0000255012,0.0000014044,0.0000038683,0.0004167007,2.3891041413,4.1032505199,0.0008826821,7.1786276177,0.0002336889,0.0163306415
1784079582141991424,-133.436334351,76.446568054,-4.715291868,0.682112060,-0.019211346,0.022254906,0.730656405,0.0000026983,-0.0000001072,-0.0000242867,0.0000013996,0.0000027971,0.0004169426,2.4260774877,4.1360840089,0.0008922801,7.1824921351,0.0002332709,0.0164201728
1784079582208596480,-133.445989154,76.744532985,-4.721162848,0.682362807,-0.019965231,0.020728523,0.730446930,0.0000026593,-0.0000000220,-0.0000239236,0.0000013902,0.0000013500,0.0004170330,2.4455747735,4.1531654534,0.0008964126,7.1840164790,0.0002344657,0.0164635382
1784079582275128320,-133.456673286,77.058857096,-4.724948559,0.682536789,-0.021348496,0.018711577,0.730299699,0.0000026215,0.0000000888,-0.0000235904,0.0000013907,-0.0000006144,0.0004170973,2.4646591605,4.1697678732,0.0009178742,7.1852520161,0.0002448257,0.0165015808
1784079582341924352,-133.472413156,77.366677134,-4.731475692,0.682450579,-0.023480506,0.017785510,0.730337969,0.0000027117,0.0000001953,-0.0000243360,0.0000014092,-0.0000024131,0.0004170368,2.4848334670,4.1871750182,0.0009260119,7.1863953575,0.0002445026,0.0165492731
1784079582408397312,-133.487907185,77.666397072,-4.738713708,0.682412484,-0.025378264,0.017315995,0.730321369,0.0000028232,0.0000002847,-0.0000252323,0.0000014354,-0.0000038002,0.0004169496,2.5043950247,4.2040227811,0.0009330534,7.1876247823,0.0002432774,0.0165953046
1784079582475290624,-133.506180486,77.964646598,-4.746617839,0.682813268,-0.024206637,0.016389442,0.730007853,0.0000026814,0.0000002681,-0.0000240071,0.0000014386,-0.0000037110,0.0004171366,2.5237944201,4.2207145654,0.0009357642,7.1889678854,0.0002410642,0.0166399334
1784079582541903616,-133.520785003,78.267386966,-4.756225820,0.682748974,-0.023840531,0.016095068,0.730086581,0.0000026387,0.0000002641,-0.0000236083,0.0000014425,-0.0000036977,0.0004172210,2.5429970925,4.2374045290,0.0009359018,7.1910416281,0.0002402434,0.0166833166
1784079582608376576,-133.539653231,78.555938134,-4.763623122,0.682345694,-0.024676523,0.016114161,0.730435320,0.0000027072,0.0000002967,-0.0000241710,0.0000014556,-0.0000041655,0.0004171872,2.5627019761,4.2543742049,0.0009355446,7.1928816697,0.0002367642,0.0167284953
1784079582675183616,-133.557644161,78.846808796,-4.770339522,0.682414399,-0.024807107,0.015309589,0.730384017,0.0000026659,0.0000003272,-0.0000238047,0.0000014690,-0.0000047543,0.0004172534,2.5815832366,4.2705921597,0.0009330734,7.1946380860,0.0002400677,0.0167690223
1784079582741785600,-133.554451850,79.147494550,-4.790486123,0.683091074,-0.024546065,0.015889666,0.729747623,0.0000026506,0.0000002963,-0.0000236668,0.0000014471,-0.0000043228,0.0004172982,2.6002953009,4.2866234318,0.0009388735,7.1963509574,0.0002442167,0.0168026189
1784079582808263424,-133.543608399,79.451152962,-4.795498398,0.683215575,-0.024452388,0.017091309,0.729607049,0.0000027588,0.0000002565,-0.0000245829,0.0000014331,-0.0000034701,0.0004172065,2.6198004948,4.3026172422,0.0009405747,7.1959428020,0.0002407410,0.0168468452
1784079582875109376,-133.564143046,79.776482521,-4.803765002,0.683321321,-0.024896713,0.016531913,0.729505875,0.0000027428,0.0000002900,-0.0000244687,0.0000014406,-0.0000040084,0.0004171682,2.6398474040,4.3189055608,0.0009392412,7.1949206594,0.0002395725,0.0168913025
1784079582941719552,-133.607327653,80.061045611,-4.805191712,0.683164097,-0.025108170,0.015543075,0.729667602,0.0000027015,0.0000003246,-0.0000240748,0.0000014570,-0.0000046911,0.0004172117,2.6611739131,4.3371316326,0.0009509817,7.1973686297,0.0002422723,0.0169434984
1784079583008196352,-133.576376967,80.384294602,-4.813392124,0.683726418,-0.026016900,0.015489203,0.729109999,0.0000027573,0.0000003699,-0.0000245364,0.0000014749,-0.0000053876,0.0004170975,2.6798254919,4.3537673996,0.0009673344,7.2017679715,0.0002501375,0.0169875365
1784079583075046656,-133.572519022,80.696310335,-4.817719763,0.684338577,-0.025226753,0.015712057,0.728558477,0.0000027203,0.0000003260,-0.0000241984,0.0000014608,-0.0000047312,0.0004171659,2.7013939756,4.3701505203,0.0009755309,7.1979936907,0.0002501360,0.0170373435
1784079583141585408,-133.619127810,80.991574961,-4.815309202,0.684386550,-0.023562330,0.016289352,0.728556466,0.0000026430,0.0000002368,-0.0000235231,0.0000014323,-0.0000033228,0.0004172622,2.7221453840,4.3868242112,0.0009913160,7.1974300436,0.0002589665,0.0170819087
1784079583208424448,-133.651422547,81.311512336,-4.812309872,0.684107350,-0.022946073,0.015901397,0.728846868,0.0000025822,0.0000002265,-0.0000229942,0.0000014274,-0.0000032471,0.0004172818,2.7418434443,4.4043996616,0.0010012914,7.2026133489,0.0002724222,0.0171227181
1784079583274979328,-133.677483076,81.596402401,-4.810737268,0.683927134,-0.023516226,0.016617811,0.728981832,0.0000026726,0.0000002291,-0.0000237696,0.0000014277,-0.0000031745,0.0004172027,2.7632090671,4.4226631067,0.0010112000,7.2060603037,0.0002784181,0.0171742949
1784079583341458432,-133.706541771,81.886677693,-4.811009517,0.684416864,-0.022048247,0.015259499,0.728597680,0.0000024895,0.0000002140,-0.0000220816,0.0000014279,-0.0000031599,0.0004173443,2.7823196780,4.4389104594,0.0010333462,7.2088252447,0.0002906463,0.0172194041
1784079583408310528,-133.726736697,82.178996924,-4.812209475,0.684383155,-0.022162551,0.016547781,0.728597755,0.0000025810,0.0000001816,-0.0000228901,0.0000014209,-0.0000024612,0.0004172819,2.8019373282,4.4555823656,0.0010443715,7.2120148756,0.0002972632,0.0172664778
1784079583474913280,-133.765042968,82.461388342,-4.814984848,0.684355355,-0.022499659,0.017659335,0.728587443,0.0000026663,0.0000001553,-0.0000236349,0.0000014165,-0.0000019314,0.0004171994,2.8217570533,4.4720980160,0.0010522089,7.2142266989,0.0003096206,0.0173107388
1784079583541415424,-133.775658730,82.762858600,-4.818816256,0.684441383,-0.021081044,0.016644143,0.728572958,0.0000025075,0.0000001390,-0.0000221626,0.0000014192,-0.0000017472,0.0004174015,2.8410804535,4.4887402384,0.0010507815,7.2184116873,0.0003131581,0.0173569850
1784079583608282624,-133.797207604,83.054969535,-4.820082836,0.684448260,-0.022861962,0.018191358,0.728475795,0.0000027374,0.0000001525,-0.0000241804,0.0000014246,-0.0000018298,0.0004172033,2.8616392368,4.5053151147,0.0010545531,7.2194217299,0.0003186928,0.0174057641
1784079583674885632,-133.792744000,83.368159541,-4.823556973,0.684884704,-0.021917474,0.018335550,0.728090910,0.0000026769,0.0000001138,-0.0000236331,0.0000014211,-0.0000011782,0.0004172944,2.8818040607,4.5219129933,0.0010541658,7.2216534749,0.0003217439,0.0174525097
1784079583741340416,-133.808095683,83.659067984,-4.828026369,0.685065368,-0.020791802,0.018116096,0.727959442,0.0000025975,0.0000000905,-0.0000228877,0.0000014237,-0.0000007609,0.0004174159,2.9035402156,4.5388323218,0.0010578346,7.2212569025,0.0003212605,0.0175070949
1784079583808174336,-133.815510023,83.954727156,-4.830254558,0.685100717,-0.020444870,0.018324690,0.727930780,0.0000025953,0.0000000730,-0.0000228215,0.0000014274,-0.0000004120,0.0004174631,2.9237645049,4.5552267963,0.0010618792,7.2231085361,0.0003224124,0.0175584666
1784079583874620416,-133.824248320,84.240513634,-4.834961227,0.685141475,-0.021354545,0.019499225,0.727835780,0.0000027385,0.0000000669,-0.0000240359,0.0000014331,-0.0000002647,0.0004173601,2.9441623118,4.5713587731,0.0010661635,7.2238668741,0.0003236538,0.0176104731
1784079583941508608,-133.830493157,84.535787707,-4.840261561,0.685517721,-0.020062523,0.019015293,0.727531008,0.0000026222,0.0000000412,-0.0000229549,0.0000014390,0.0000002126,0.0004175223,2.9644523736,4.5873948813,0.0010709230,7.2247732903,0.0003251326,0.0176621969
1784079584008099584,-133.779248392,84.855814921,-4.846487305,0.685975735,-0.020713678,0.020183550,0.727049420,0.0000027504,0.0000000294,-0.0000240445,0.0000014450,0.0000004431,0.0004173976,2.9849007343,4.6034402570,0.0010790121,7.2253080254,0.0003264795,0.0177152954
1784079584074578432,-133.778898453,85.149832150,-4.850919029,0.685997743,-0.020953085,0.020384452,0.727016188,0.0000027785,0.0000000291,-0.0000242574,0.0000014482,0.0000005107,0.0004173994,3.0074162378,4.6190236930,0.0010881326,7.2198261720,0.0003284427,0.0177717267
1784079584142815232,-133.785378622,85.458874910,-4.854787429,0.686114003,-0.019346956,0.019333314,0.726979706,0.0000026027,0.0000000155,-0.0000226636,0.0000014539,0.0000008365,0.0004175864,3.0287119575,4.6354381118,0.0010859750,7.2198677052,0.0003229290,0.0178258884
1784079584208033536,-133.795890704,85.745585844,-4.860157513,0.686186491,-0.020361801,0.021055066,0.726835731,0.0000027906,-0.0000000104,-0.0000242809,0.0000014623,0.0000012464,0.0004174312,3.0495546719,4.6515830656,0.0010912732,7.2204533548,0.0003212823,0.0178797544
1784079584274512640,-133.802715337,86.043347638,-4.867282179,0.686405366,-0.020276932,0.020816985,0.726638268,0.0000027692,-0.0000000034,-0.0000240652,0.0000014673,0.0000011575,0.0004174871,3.0704975177,4.6679062079,0.0010938991,7.2215104990,0.0003187000,0.0179328284
1784079584341401600,-133.804616212,86.347944409,-4.873836572,0.686549846,-0.019987946,0.020713490,0.726512727,0.0000027426,-0.0000000078,-0.0000238152,0.0000014695,0.0000012243,0.0004175442,3.0918546094,4.6844392369,0.0010954868,7.2223857287,0.0003201707,0.0179822252
1784079584407962624,-133.814557206,86.641947959,-4.873204917,0.686515548,-0.019937046,0.022033065,0.726507715,0.0000028440,-0.0000000616,-0.0000246423,0.0000014814,0.0000020955,0.0004174724,3.1134870476,4.7009392283,0.0010966656,7.2227377222,0.0003170814,0.0180364436
1784079584474437376,-133.827067307,86.937892215,-4.873357636,0.686645135,-0.020723861,0.021994572,0.726364385,0.0000028976,-0.0000000366,-0.0000250903,0.0000014787,0.0000016076,0.0004174481,3.1346974915,4.7172907095,0.0010938731,7.2237074028,0.0003162115,0.0180818189
1784079584541310464,-133.843414023,87.230260442,-4.872907687,0.687101247,-0.019641404,0.020212554,0.726014838,0.0000027064,-0.0000000039,-0.0000234262,0.0000014801,0.0000011295,0.0004176768,3.1560860143,4.7338283449,0.0010935646,7.2250484272,0.0003125478,0.0181342652
1784079584607772416,-133.870693020,87.515156114,-4.878489771,0.686885784,-0.019068990,0.020087918,0.726237405,0.0000026551,-0.0000000151,-0.0000229330,0.0000014842,0.0000013477,0.0004177617,3.1770184183,4.7500926802,0.0010922193,7.2267420443,0.0003100333,0.0181848228
1784079584674622464,-133.896339215,87.808552323,-4.868004444,0.686812972,-0.019238116,0.018824910,0.726335638,0.0000025980,0.0000000213,-0.0000224151,0.0000014801,0.0000006400,0.0004178369,3.1978092923,4.7667552679,0.0010934876,7.2300061166,0.0003174801,0.0182286671
1784079584741240576,-133.910580317,88.113244175,-4.872107953,0.686868805,-0.017656108,0.018179594,0.726339458,0.0000024588,0.0000000034,-0.0000210288,0.0000014864,0.0000010267,0.0004180154,3.2193742647,4.7837759228,0.0010974132,7.2328255362,0.0003192579,0.0182825717
1784079584807704576,-133.929121217,88.406319182,-4.873316701,0.686759774,-0.016366462,0.017603351,0.726486940,0.0000023575,-0.0000000132,-0.0000199399,0.0000014941,0.0000014188,0.0004181546,3.2413815991,4.8005929760,0.0011000882,7.2342290299,0.0003188382,0.0183380551
1784079584874559488,-133.946289949,88.696107195,-4.875997304,0.686675945,-0.015992131,0.017302636,0.726581734,0.0000023260,-0.0000000128,-0.0000195391,0.0000015010,0.0000014411,0.0004182321,3.2629700978,4.8171571694,0.0011043674,7.2359707872,0.0003183784,0.0183937279
1784079584941224448,-133.964043155,88.992362509,-4.882186857,0.686501289,-0.014099477,0.016630840,0.726801624,0.0000021945,-0.0000000369,-0.0000180067,0.0000015142,0.0000021247,0.0004184060,3.2847330803,4.8338700825,0.0011079065,7.2379278420,0.0003173938,0.0184502565
1784079585007643392,-133.980151879,89.286116727,-4.883974878,0.686326741,-0.015373182,0.019669534,0.726864760,0.0000024360,-0.0000001056,-0.0000205338,0.0000015365,0.0000032692,0.0004182000,3.3063524763,4.8505112712,0.0011121586,7.2401383527,0.0003165799,0.0185079721
1784079585074488320,-133.995304819,89.579504304,-4.884359160,0.686176906,-0.017194653,0.019593689,0.726967458,0.0000025503,-0.0000000571,-0.0000215957,0.0000015290,0.0000021752,0.0004181484,3.3280917330,4.8671367548,0.0011168467,7.2421832493,0.0003152433,0.0185650738
1784079585141093376,-134.013621091,89.873295817,-4.884842677,0.686149211,-0.018205096,0.020171215,0.726953201,0.0000026453,-0.0000000499,-0.0000224812,0.0000015297,0.0000019558,0.0004180520,3.3495930625,4.8834709424,0.0011520351,7.2438731679,0.0003340351,0.0186168133
1784079585207569408,-134.034904745,90.166939334,-4.889065777,0.685626306,-0.020982227,0.021687166,0.727327974,0.0000029454,-0.0000000230,-0.0000250581,0.0000015304,0.0000013063,0.0004177964,3.3717635959,4.9002640852,0.0011635199,7.2457477054,0.0003380423,0.0186736651
1784079585274421504,-134.053680848,90.480535376,-4.893006611,0.685454231,-0.020084210,0.022011357,0.727505754,0.0000029024,-0.0000000662,-0.0000246817,0.0000015398,0.0000020352,0.0004178591,3.3941328257,4.9173509234,0.0011864943,7.2481551507,0.0003541658,0.0187229685
1784079585340898560,-134.075213334,90.770485377,-4.896214321,0.684954299,-0.019318159,0.021551533,0.728010954,0.0000028252,-0.0000000719,-0.0000239986,0.0000015445,0.0000021909,0.0004179599,3.4169427038,4.9345025344,0.0011930995,7.2499526802,0.0003604220,0.0187783665
1784079585407744512,-134.095704049,91.062715003,-4.898678720,0.684540449,-0.019270465,0.020812195,0.728422869,0.0000027749,-0.0000000462,-0.0000235303,0.0000015456,0.0000017890,0.0004180455,3.4389043882,4.9511740662,0.0011993179,7.2523176482,0.0003631246,0.0188328572
1784079585474351360,-134.097923168,91.367731910,-4.902464052,0.684050801,-0.018727977,0.019789397,0.728925335,0.0000026765,-0.0000000273,-0.0000225992,0.0000015485,0.0000015292,0.0004181877,3.4611712388,4.9680955380,0.0012104119,7.2549349671,0.0003679666,0.0188890132
1784079585540826624,-134.113192410,91.666593247,-4.907032993,0.683513897,-0.018674215,0.020008347,0.729424219,0.0000026889,-0.0000000361,-0.0000226844,0.0000015532,0.0000017040,0.0004182039,3.4843626199,4.9848681475,0.0012165038,7.2553302485,0.0003709187,0.0189461172
1784079585607676416,-134.116040903,91.962052484,-4.905800574,0.683349904,-0.018242777,0.019284337,0.729608268,0.0000026317,-0.0000000206,-0.0000221056,0.0000015565,0.0000014849,0.0004182809,3.5064486930,5.0012144431,0.0012177936,7.2568579783,0.0003707205,0.0190018251
1784079585674283520,-134.134968720,92.253783834,-4.908915436,0.683047818,-0.018709449,0.018322353,0.729904052,0.0000026027,0.0000000252,-0.0000217878,0.0000015565,0.0000006552,0.0004183466,3.5287977681,5.0172740389,0.0012202362,7.2572131908,0.0003724416,0.0190571562
1784079585740759296,-134.151830485,92.550781848,-4.912010583,0.682292196,-0.018049813,0.017135841,0.730655819,0.0000025006,0.0000000439,-0.0000207513,0.0000015592,0.0000003404,0.0004184789,3.5517094492,5.0344230375,0.0012211929,7.2596939908,0.0003706787,0.0191146648
1784079585807615488,-134.181756549,92.846881049,-4.918428581,0.681627255,-0.021068776,0.017647870,0.731183249,0.0000027240,0.0000001207,-0.0000228206,0.0000015679,-0.0000010800,0.0004182938,3.5748532748,5.0515051170,0.0012259102,7.2616738400,0.0003702011,0.0191738900
1784079585874215424,-134.211179630,93.146998996,-4.922433101,0.681067789,-0.022638439,0.017472243,0.731661731,0.0000028187,0.0000001772,-0.0000236220,0.0000015803,-0.0000020259,0.0004182294,3.5972245015,5.0684260994,0.0012278448,7.2648532841,0.0003715556,0.0192300412
1784079585940701440,-134.241800759,93.437127131,-4.927215293,0.680430460,-0.019787458,0.016589887,0.732357578,0.0000025855,0.0000001112,-0.0000214144,0.0000015783,-0.0000009447,0.0004185115,3.6201265437,5.0856641033,0.0012312268,7.2680118370,0.0003721571,0.0192881958
1784079586040788480,-134.279100609,93.882964776,-4.937342220,0.679075260,-0.021344898,0.017527272,0.733548895,0.0000027547,0.0000001307,-0.0000229062,0.0000015882,-0.0000012229,0.0004184084,3.6548303970,5.1116760400,0.0012337676,7.2727505162,0.0003720347,0.0193761051
1784079586140919552,-134.311379185,94.329108444,-4.944610979,0.677415051,-0.022221700,0.017207229,0.735063913,0.0000028046,0.0000001701,-0.0000232791,0.0000015992,-0.0000018910,0.0004184063,3.6892881909,5.1371713014,0.0012300579,7.2767544784,0.0003712739,0.0194604279
1784079586207480320,-134.315667540,94.635817534,-4.944951927,0.676484045,-0.021158387,0.015859764,0.735982423,0.0000026569,0.0000001735,-0.0000219146,0.0000016014,-0.0000020646,0.0004185760,3.7124273312,5.1541738922,0.0012203542,7.2791857437,0.0003692078,0.0195132846
1784079586273974528,-134.340458623,94.933198718,-4.944845595,0.675207598,-0.022296915,0.019709762,0.737027186,0.0000029778,0.0000000818,-0.0000247587,0.0000015949,-0.0000002678,0.0004182773,3.7363946622,5.1711349164,0.0012217781,7.2800215572,0.0003674351,0.0195709773
1784079586340811520,-134.366316406,95.236805487,-4.948735344,0.674483771,-0.018878634,0.017281335,0.737845916,0.0000025966,0.0000000568,-0.0000212718,0.0000016014,0.0000001821,0.0004187010,3.7603480656,5.1886268104,0.0012257048,7.2826162347,0.0003661879,0.0196329275
1784079586440811520,-134.422374821,95.677407490,-4.952440153,0.672767033,-0.020453757,0.016588065,0.739385555,0.0000026702,0.0000001216,-0.0000218944,0.0000016141,-0.0000010470,0.0004186945,3.7958107377,5.2144940780,0.0012317523,7.2866396267,0.0003640982,0.0197253416
1784079586540739584,-134.490211652,96.116379087,-4.953902630,0.670712823,-0.020555891,0.019840098,0.741166739,0.0000028866,0.0000000101,-0.0000237925,0.0000016210,0.0000009800,0.0004185320,3.8309032399,5.2410340225,0.0012380883,7.2934167267,0.0003661345,0.0198133728
1784079586607343360,-134.515371019,96.415884471,-4.958949063,0.669622407,-0.021323727,0.022068099,0.742067470,0.0000030894,-0.0000000505,-0.0000254580,0.0000016317,0.0000019257,0.0004183586,3.8539538207,5.2589910646,0.0012428802,7.2994474283,0.0003658274,0.0198737399
1784079586673829632,-134.559785549,96.703788923,-4.964394564,0.668527502,-0.020457074,0.021635172,0.743091116,0.0000030042,-0.0000000601,-0.0000247004,0.0000016396,0.0000021489,0.0004184842,3.8780820075,5.2763800187,0.0012479664,7.3020542688,0.0003643789,0.0199363933
1784079586740676352,-134.593771058,96.997516503,-4.968066885,0.667459464,-0.020354945,0.021022358,0.744070965,0.0000029615,-0.0000000431,-0.0000242845,0.0000016416,0.0000018941,0.0004185703,3.9010627350,5.2938748827,0.0012523304,7.3071836661,0.0003638241,0.0199952446
1784079586807147520,-134.625805708,97.291237092,-4.970403882,0.665786610,-0.020245204,0.021969225,0.745543879,0.0000030224,-0.0000000877,-0.0000247706,0.0000016495,0.0000025682,0.0004185397,3.9246103514,5.3112817508,0.0012629514,7.3111132622,0.0003751587,0.0200397115
1784079586907114496,-134.676995788,97.729101555,-4.971413227,0.664408827,-0.018376489,0.023516974,0.746773170,0.0000029951,-0.0000002090,-0.0000244635,0.0000016941,0.0000046492,0.0004186076,3.9604312553,5.3374126053,0.0012681865,7.3164294659,0.0003794966,0.0201228104
1784079586940610304,-134.691278880,97.873718526,-4.970937891,0.663791611,-0.017526404,0.023128676,0.747354392,0.0000029107,-0.0000002145,-0.0000237286,0.0000017005,0.0000048736,0.0004187066,3.9720444148,5.3459785058,0.0012712271,7.3184516823,0.0003811573,0.0201445079
1784079587040569600,-134.735876981,98.318358034,-4.973220145,0.661957027,-0.016732138,0.023708829,0.748979853,0.0000028974,-0.0000002630,-0.0000235272,0.0000017327,0.0000057741,0.0004187745,4.0077044022,5.3719167402,0.0012768881,7.3238784356,0.0003849584,0.0202296658
1784079587107033600,-134.771461742,98.612195897,-4.976124078,0.660604868,-0.016335812,0.023465763,0.750189115,0.0000028599,-0.0000002594,-0.0000231213,0.0000017422,0.0000058296,0.0004188643,4.0320081279,5.3894086678,0.0012828615,7.3272355669,0.0003831162,0.0202948140
1784079587173894400,-134.778607048,98.928950177,-4.988374630,0.659573546,-0.016215324,0.024069442,0.751079531,0.0000028720,-0.0000002900,-0.0000232570,0.0000017529,0.0000062617,0.0004188454,4.0561205201,5.4070862375,0.0013045382,7.3313239673,0.0003925918,0.0203317789
1784079587240497408,-134.807927627,99.240584797,-4.996742637,0.658591761,-0.015001083,0.024318062,0.751957773,0.0000028127,-0.0000003301,-0.0000227237,0.0000017763,0.0000071048,0.0004188975,4.0820309402,5.4246105845,0.0013140501,7.3320244681,0.0004069711,0.0203664109
1784079587306972416,-134.839799517,99.538517011,-5.007501293,0.657355186,-0.015270438,0.025143652,0.753006488,0.0000028866,-0.0000003614,-0.0000233653,0.0000017924,0.0000074693,0.0004188473,4.1076031105,5.4428476266,0.0013209168,7.3354151918,0.0004056273,0.0204211251
1784079587340469248,-134.889586046,99.685550560,-5.001143762,0.656679332,-0.016320406,0.024485482,0.753595621,0.0000029327,-0.0000003295,-0.0000238134,0.0000017502,0.0000066821,0.0004188012,4.1200850488,5.4517024924,0.0013480057,7.3368348566,0.0004191724,0.0204363731
1784079587440466432,-134.957164784,100.124832197,-5.005814314,0.654383319,-0.015892581,0.024152392,0.755610058,0.0000028723,-0.0000003208,-0.0000232500,0.0000017438,0.0000066677,0.0004188344,4.1560827732,5.4794235653,0.0013812991,7.3470068121,0.0004365927,0.0205121693
1784079587507069440,-134.953552818,100.442547292,-5.012696138,0.653574472,-0.015273969,0.025550816,0.756276584,0.0000028943,-0.0000003971,-0.0000234404,0.0000017844,0.0000079549,0.0004186977,4.1802794479,5.4973266239,0.0013989304,7.3519056539,0.0004455386,0.0205586149
1784079587573760512,-134.985904316,100.743222750,-5.026842959,0.652451133,-0.015124994,0.026121145,0.757229449,0.0000029049,-0.0000004286,-0.0000235390,0.0000017968,0.0000083787,0.0004186656,4.2064967724,5.5143926108,0.0014147069,7.3514163530,0.0004463688,0.0206120445
1784079587640235520,-135.002034379,101.049707516,-5.041804630,0.651409929,-0.014661352,0.025512263,0.758155177,0.0000028335,-0.0000004128,-0.0000228899,0.0000017919,0.0000082753,0.0004187428,4.2313983071,5.5321989391,0.0014244573,7.3552720905,0.0004464367,0.0206611493
1784079587707156480,-135.042135248,101.344832549,-5.053127464,0.650029344,-0.014301810,0.025919256,0.759332274,0.0000028363,-0.0000004458,-0.0000229044,0.0000018136,0.0000088244,0.0004187288,4.2571337771,5.5497790711,0.0014303956,7.3572630091,0.0004410255,0.0207132296
1784079587773749248,-135.096958514,101.639466403,-5.052468610,0.648759836,-0.014976089,0.025579047,0.760415744,0.0000028673,-0.0000004278,-0.0000232203,0.0000017918,0.0000084379,0.0004186960,4.2818232149,5.5676564127,0.0014455085,7.3618447990,0.0004432692,0.0207642881
1784079587840202496,-135.150152463,101.926806531,-5.061211965,0.647618324,-0.014750207,0.025136419,0.761407314,0.0000028175,-0.0000004015,-0.0000227645,0.0000017773,0.0000081229,0.0004187618,4.3063071331,5.5858464427,0.0014476366,7.3677210847,0.0004422981,0.0208133985
1784079587907056640,-135.124324182,102.254312482,-5.080582231,0.646794734,-0.015588515,0.025748579,0.762069931,0.0000029099,-0.0000004151,-0.0000235846,0.0000017699,0.0000080616,0.0004186304,4.3305112679,5.6039304761,0.0014984676,7.3736928532,0.0004759335,0.0208429251
1784079587973657344,-135.154380173,102.551231177,-5.089279386,0.645417980,-0.015122885,0.025002135,0.763270478,0.0000028254,-0.0000003966,-0.0000228286,0.0000017663,0.0000079851,0.0004187179,4.3580632744,5.6206889032,0.0015141519,7.3709156209,0.0004761822,0.0208949564
1784079588040164352,-135.176889540,102.857978274,-5.095778409,0.644303394,-0.016025856,0.026881164,0.764129381,0.0000030185,-0.0000004665,-0.0000245262,0.0000017914,0.0000086430,0.0004185134,4.3831145745,5.6380652669,0.0015144404,7.3740898577,0.0004725564,0.0209412292
1784079588106977536,-135.219642768,103.155160734,-5.099866134,0.643517955,-0.015028290,0.025888373,0.764845464,0.0000028826,-0.0000004386,-0.0000233408,0.0000017899,0.0000085796,0.0004186643,4.4095078340,5.6559687139,0.0015180296,7.3765079441,0.0004649686,0.0209905652
1784079588173707520,-135.267534252,103.445662475,-5.100294458,0.642215334,-0.014499122,0.025895441,0.765949520,0.0000028490,-0.0000004496,-0.0000230193,0.0000018054,0.0000089209,0.0004186985,4.4347186939,5.6739887194,0.0015317443,7.3812735279,0.0004675989,0.0210436837
1784079588240192512,-135.296552972,103.742691490,-5.094322606,0.640954696,-0.014737213,0.024855320,0.767034618,0.0000028118,-0.0000003983,-0.0000226551,0.0000017751,0.0000081372,0.0004187904,4.4593849806,5.6920184982,0.0015396732,7.3870652311,0.0004688697,0.0210932616
1784079588306874624,-135.358295888,104.033387498,-5.086377789,0.639711428,-0.013288383,0.022429470,0.768172914,0.0000025752,-0.0000003222,-0.0000203340,0.0000017533,0.0000074891,0.0004190887,4.4849103683,5.7096201812,0.0015433788,7.3904823111,0.0004679972,0.0211403834
1784079588373367552,-135.404738240,104.324296513,-5.073307207,0.638482335,-0.013240317,0.022041984,0.769206833,0.0000025582,-0.0000003114,-0.0000201443,0.0000017459,0.0000073226,0.0004191256,4.5099384689,5.7282778363,0.0015247707,7.3973762580,0.0004698582,0.0211776488
1784079588440267520,-135.459582910,104.613422750,-5.070337959,0.637574206,-0.013489388,0.021730851,0.769964245,0.0000025562,-0.0000002950,-0.0000200933,0.0000017339,0.0000069480,0.0004191706,4.5352209979,5.7462644274,0.0015155630,7.4023210749,0.0004670593,0.0212186717
1784079588506856448,-135.512746437,104.904652041,-5.064979628,0.636392070,-0.013732210,0.021008170,0.770957338,0.0000025370,-0.0000002686,-0.0000198706,0.0000017156,0.0000063964,0.0004192256,4.5603557442,5.7646330414,0.0014890924,7.4084842378,0.0004674212,0.0212499200
1784079588573294336,-135.570583280,105.191273310,-5.063046325,0.635184051,-0.015706284,0.021246129,0.771908762,0.0000026727,-0.0000002466,-0.0000212287,0.0000016897,0.0000055377,0.0004191363,4.5854385876,5.7828787238,0.0014765018,7.4145104758,0.0004715122,0.0212907805
1784079588640145664,-135.641345862,105.478966925,-5.061969000,0.634209392,-0.016598657,0.020904481,0.772700417,0.0000027119,-0.0000002177,-0.0000215838,0.0000016709,0.0000048360,0.0004190931,4.6103654279,5.8013289482,0.0014917680,7.4212733356,0.0004847702,0.0213330222
1784079588706787328,-135.710092662,105.762910852,-5.062847745,0.633596310,-0.017487227,0.019207883,0.773227632,0.0000026874,-0.0000001359,-0.0000213193,0.0000016397,0.0000032618,0.0004191646,4.6353159156,5.8200850117,0.0014826709,7.4289556075,0.0004904779,0.0213739534
1784079588773268480,-135.779620667,106.049503756,-5.069559946,0.632983339,-0.018630841,0.018902026,0.773710345,0.0000027388,-0.0000000998,-0.0000217865,0.0000016293,0.0000024937,0.0004191351,4.6600525069,5.8386642344,0.0014832844,7.4365897922,0.0004994301,0.0214171865
1784079588840072448,-135.863152425,106.333395949,-5.071894127,0.632209979,-0.019292912,0.018176999,0.774343543,0.0000027514,-0.0000000601,-0.0000218784,0.0000016215,0.0000017172,0.0004191594,4.6856081119,5.8577740177,0.0014816916,7.4443812648,0.0005092474,0.0214618736
1784079588906674432,-135.917591343,106.628110234,-5.073390418,0.631837763,-0.017900248,0.017272070,0.774701425,0.0000026109,-0.0000000617,-0.0000204785,0.0000016217,0.0000018626,0.0004193177,4.7102548987,5.8767185791,0.0014542741,7.4531961766,0.0005119804,0.0214973867
1784079588973160448,-135.953764982,106.922363342,-5.073299485,0.631479550,-0.017420299,0.016819363,0.775014335,0.0000025624,-0.0000000557,-0.0000199530,0.0000016229,0.0000017545,0.0004193970,4.7362310324,5.8952436564,0.0014650023,7.4590466560,0.0005197290,0.0215491565
1784079589040002304,-136.009089181,107.210791640,-5.076943679,0.631393553,-0.016484922,0.015322956,0.775135882,0.0000024348,-0.0000000287,-0.0000185330,0.0000016223,0.0000013258,0.0004195676,4.7628280536,5.9133644771,0.0014670188,7.4630360407,0.0005201091,0.0216053834
1784079589106487552,-136.061584369,107.499222073,-5.076500711,0.630860828,-0.017712395,0.016340999,0.775521668,0.0000025638,-0.0000000352,-0.0000198920,0.0000016258,0.0000013722,0.0004194754,4.7882244491,5.9316905903,0.0014723446,7.4694638950,0.0005209621,0.0216572181
1784079589173328384,-136.130758618,107.782924982,-5.080876710,0.630535336,-0.016966462,0.015065164,0.775828828,0.0000024579,-0.0000000086,-0.0000187056,0.0000016253,0.0000009206,0.0004196256,4.8140282883,5.9501257910,0.0014748175,7.4756374323,0.0005188821,0.0217152960
1784079589240007424,-136.185755939,108.074145700,-5.088537742,0.630315547,-0.019797445,0.016063781,0.775920310,0.0000026843,0.0000000303,-0.0000210484,0.0000016248,0.0000000914,0.0004194445,4.8394675964,5.9687891952,0.0014740414,7.4830062997,0.0005148377,0.0217694498
1784079589306420480,-136.308258967,108.350726938,-5.083263094,0.630470373,-0.020284712,0.015692306,0.775789528,0.0000027023,0.0000000504,-0.0000211910,0.0000016256,-0.0000003256,0.0004194024,4.8657383268,5.9873678591,0.0014997673,7.4887705079,0.0005189085,0.0218062970
1784079589373267456,-136.379092465,108.642404061,-5.085979429,0.629897266,-0.021051238,0.017255872,0.776201336,0.0000028453,0.0000000219,-0.0000224982,0.0000016297,0.0000002283,0.0004192950,4.8906875259,6.0083006265,0.0015050903,7.5025383109,0.0005241994,0.0218598595
1784079589439871488,-136.456547382,108.924606140,-5.084985499,0.629598056,-0.021269127,0.017461440,0.776433520,0.0000028802,0.0000000202,-0.0000227742,0.0000016331,0.0000002565,0.0004192886,4.9166423392,6.0274681536,0.0015117675,7.5104694724,0.0005273760,0.0219098141
1784079589506393344,-136.531057859,109.213307854,-5.086259483,0.629565593,-0.021589563,0.016228782,0.776477740,0.0000028353,0.0000000696,-0.0000223170,0.0000016363,-0.0000006971,0.0004193567,4.9421130989,6.0465511884,0.0015009247,7.5189703931,0.0005305523,0.0219545246
1784079589573199616,-136.619600720,109.499768236,-5.086884769,0.629773384,-0.020473806,0.015720006,0.776349914,0.0000027356,0.0000000499,-0.0000213609,0.0000016316,-0.0000004798,0.0004194738,4.9684727231,6.0660742921,0.0014950461,7.5272690864,0.0005319444,0.0220004302
1784079589639801600,-136.684693744,109.790591197,-5.095491306,0.629736909,-0.021070533,0.016716413,0.776342721,0.0000028284,0.0000000333,-0.0000222055,0.0000016327,-0.0000002000,0.0004194140,4.9943376769,6.0857932641,0.0014885104,7.5368921404,0.0005351721,0.0220509454
1784079589706278656,-136.740235739,110.087120740,-5.096356790,0.629408734,-0.021245730,0.017297951,0.776591299,0.0000028862,0.0000000111,-0.0000227055,0.0000016345,0.0000001653,0.0004193914,5.0211245914,6.1051215045,0.0014869660,7.5442902390,0.0005356373,0.0221051999
1784079589773134592,-136.791637411,110.391831578,-5.093842141,0.629169077,-0.021546139,0.017800953,0.776765835,0.0000029385,-0.0000000044,-0.0000231697,0.0000016353,0.0000004023,0.0004193652,5.0481317946,6.1240748762,0.0014806440,7.5505183955,0.0005283656,0.0221579413
1784079589839605504,-136.859087662,110.683539832,-5.097670032,0.629145964,-0.022123544,0.018523033,0.776751441,0.0000030189,-0.0000000128,-0.0000238695,0.0000016348,0.0000005062,0.0004193026,5.0757563195,6.1431178067,0.0014704472,7.5560985303,0.0005189549,0.0222128577
1784079589906535424,-136.908752936,110.989737408,-5.099866915,0.628984717,-0.021904598,0.018791906,0.776881766,0.0000030277,-0.0000000318,-0.0000239244,0.0000016375,0.0000007966,0.0004193226,5.1031577055,6.1627668574,0.0014671504,7.5635877131,0.0005129620,0.0222718829
1784079589973061632,-136.971381561,111.284435497,-5.103660087,0.628542176,-0.022636145,0.019392114,0.777204146,0.0000031194,-0.0000000358,-0.0000247114,0.0000016381,0.0000008337,0.0004192531,5.1310841196,6.1819264058,0.0014628135,7.5691953930,0.0005047391,0.0223321342
1784079590039537408,-137.034393973,111.576514229,-5.104498431,0.628451179,-0.020837166,0.018051203,0.777360330,0.0000029092,-0.0000000384,-0.0000228461,0.0000016409,0.0000008936,0.0004195013,5.1582537944,6.2012468433,0.0014714968,7.5763824271,0.0005054952,0.0223962322
1784079590106388480,-137.090439395,111.867479883,-5.100602013,0.628286356,-0.021088364,0.018039747,0.777487044,0.0000029362,-0.0000000344,-0.0000230563,0.0000016448,0.0000007762,0.0004195165,5.1850884612,6.2202864062,0.0014826776,7.5834612747,0.0005078564,0.0224608013
1784079590173007616,-137.158577026,112.160471101,-5.105037510,0.628019063,-0.019698926,0.017726210,0.777746610,0.0000028164,-0.0000000556,-0.0000219270,0.0000016510,0.0000012098,0.0004196727,5.2126137140,6.2394369259,0.0014940133,7.5898850559,0.0005076651,0.0225266564
1784079590239469568,-137.216480132,112.445524470,-5.109448083,0.628047546,-0.020206309,0.016484050,0.777737913,0.0000027814,0.0000000004,-0.0000215917,0.0000016522,0.0000001117,0.0004197469,5.2396701178,6.2587026205,0.0015066045,7.5972845287,0.0005044427,0.0225886049
1784079590306353664,-137.288054851,112.728025872,-5.108931761,0.627774375,-0.020316627,0.016057786,0.777964470,0.0000027740,0.0000000117,-0.0000214899,0.0000016574,-0.0000001352,0.0004197893,5.2660498660,6.2772277067,0.0015188188,7.6039701625,0.0005044623,0.0226522030
1784079590372921344,-137.352328345,113.024024957,-5.111385052,0.627568663,-0.019659471,0.015887548,0.778150798,0.0000027131,-0.0000000017,-0.0000208911,0.0000016590,0.0000001271,0.0004198724,5.2925105169,6.2963979493,0.0015276302,7.6121114764,0.0005075474,0.0227089758
1784079590439421440,-137.431750785,113.306441061,-5.114312341,0.627306542,-0.021393063,0.016638854,0.778300706,0.0000028817,0.0000000234,-0.0000224860,0.0000016642,-0.0000003449,0.0004197396,5.3205594919,6.3161516185,0.0015289612,7.6194984625,0.0005051227,0.0227752755
1784079590506260480,-137.492170488,113.605902868,-5.126719315,0.627617202,-0.022090090,0.016871070,0.778025734,0.0000029341,0.0000000367,-0.0000229606,0.0000016665,-0.0000006013,0.0004197111,5.3476800584,6.3358008200,0.0015253045,7.6279595498,0.0005061854,0.0228373497
1784079590572768512,-137.549362913,113.898342512,-5.138342305,0.627028427,-0.024841087,0.013679679,0.778480018,0.0000029477,0.0000002313,-0.0000230585,0.0000017111,-0.0000041363,0.0004196947,5.3748665947,6.3547748292,0.0015286114,7.6348464896,0.0005051074,0.0229035047
1784079590639602432,-137.616231878,114.187132494,-5.139290287,0.626581819,-0.020709036,0.013554091,0.778962545,0.0000026745,0.0000000980,-0.0000203692,0.0000016866,-0.0000019444,0.0004200539,5.4027211531,6.3741319351,0.0015330768,7.6418170789,0.0005062015,0.0229748466
1784079590706242560,-137.680287469,114.480538112,-5.142624486,0.627087314,-0.023200116,0.012878918,0.778496878,0.0000028126,0.0000001951,-0.0000216563,0.0000017189,-0.0000037054,0.0004199487,5.4307534172,6.3936380202,0.0015382545,7.6489663076,0.0005068482,0.0230491782
1784079590772663296,-137.738159519,114.773646054,-5.148567977,0.628280649,-0.021000517,0.014438291,0.777569251,0.0000027588,0.0000000824,-0.0000210491,0.0000017005,-0.0000015742,0.0004200861,5.4589342517,6.4129104526,0.0015434050,7.6554322508,0.0005075333,0.0231239969
1784079590872662528,-137.823292362,115.196121447,-5.150427243,0.627263436,-0.020794017,0.013100153,0.778419281,0.0000026883,0.0000001150,-0.0000202111,0.0000017203,-0.0000023111,0.0004202344,5.4992176901,6.4404669777,0.0015500524,7.6648203729,0.0005061466,0.0232313306
1784079590906143488,-137.852595948,115.338444276,-5.151929786,0.627270031,-0.023433822,0.014817393,0.778308171,0.0000029624,0.0000001435,-0.0000228262,0.0000017278,-0.0000025687,0.0004199861,5.5127993458,6.4499115398,0.0015524958,7.6683798897,0.0005057853,0.0232680776
1784079590972606464,-137.912644181,115.637515327,-5.156113119,0.628403656,-0.022505118,0.016426049,0.777388287,0.0000029972,0.0000000617,-0.0000230640,0.0000017237,-0.0000010610,0.0004200219,5.5414118082,6.4695110115,0.0015578452,7.6752345569,0.0005048770,0.0233454815
1784079591039482368,-137.982322688,115.936201948,-5.159715628,0.629390960,-0.021941531,0.013130559,0.776667997,0.0000027817,0.0000001520,-0.0000209693,0.0000017497,-0.0000029546,0.0004202708,5.5704460053,6.4894953157,0.0015632012,7.6824348051,0.0005030092,0.0234233108
1784079591106095616,-138.033859703,116.211018182,-5.160055452,0.629050510,-0.021078964,0.015386527,0.776926243,0.0000028531,0.0000000568,-0.0000215987,0.0000017398,-0.0000010195,0.0004202730,5.5969994914,6.5076522856,0.0015677383,7.6888416415,0.0005000025,0.0234957585
1784079591172532480,-138.077526330,116.486236139,-5.161045149,0.629561629,-0.016093526,0.013533417,0.776665952,0.0000024646,-0.0000000093,-0.0000174181,0.0000017442,0.0000003637,0.0004207085,5.6243905579,6.5255595473,0.0015689659,7.6935777938,0.0004936044,0.0235683806
1784079591239383552,-138.123688728,116.793856239,-5.160302497,0.629696601,-0.014079145,0.018824103,0.776485429,0.0000025936,-0.0000002176,-0.0000188541,0.0000018101,0.0000049885,0.0004205716,5.6525211723,6.5443344668,0.0015714705,7.6994090242,0.0004929199,0.0236410559
1784079591305869568,-138.188190290,117.092408812,-5.167203479,0.628079829,-0.020714101,0.021302164,0.777581425,0.0000031833,-0.0000001714,-0.0000244786,0.0000017811,0.0000030617,0.0004200738,5.6822768565,6.5643856085,0.0015759631,7.7060937512,0.0004913771,0.0237205715
1784079591372832512,-138.250722280,117.383604125,-5.173251365,0.627866565,-0.015942621,0.016134070,0.777990425,0.0000025917,-0.0000000913,-0.0000186675,0.0000017798,0.0000022192,0.0004207348,5.7108147211,6.5839103279,0.0015810710,7.7132840762,0.0004889621,0.0238002815
1784079591439386368,-138.305021415,117.667203807,-5.181637785,0.627562338,-0.020504278,0.023454487,0.777942783,0.0000033200,-0.0000002720,-0.0000254700,0.0000018278,0.0000045898,0.0004200265,5.7385806641,6.6025022396,0.0015860018,7.7194167837,0.0004861232,0.0238778752
1784079591539309568,-138.411668345,118.107296804,-5.176917621,0.626308877,-0.024682297,0.026689523,0.778726938,0.0000039250,-0.0000003199,-0.0000299266,0.0000018392,0.0000045654,0.0004195028,5.7825959320,6.6319165757,0.0016073504,7.7291155032,0.0004879897,0.0239919227
1784079591572685568,-138.444262387,118.255339730,-5.181799141,0.626272684,-0.021389542,0.024490679,0.778925683,0.0000034720,-0.0000002962,-0.0000265891,0.0000018473,0.0000047742,0.0004199742,5.7966539692,6.6424929461,0.0016140357,7.7349412918,0.0004861059,0.0240249928
1784079591672642560,-138.522428381,118.678887893,-5.181233412,0.626435535,-0.017435058,0.021599397,0.778978822,0.0000030020,-0.0000002594,-0.0000225335,0.0000018635,0.0000049970,0.0004205153,5.8382915319,6.6708043144,0.0016243975,7.7453356110,0.0004853968,0.0241355360
1784079591805711616,-138.647848550,119.249568244,-5.197019225,0.626852360,-0.021810566,0.018859790,0.778604346,0.0000031716,-0.0000000456,-0.0000239594,0.0000018219,0.0000009707,0.0004205085,5.8947723857,6.7088030586,0.0016358400,7.7588017504,0.0004827235,0.0242855661
1784079591872573440,-138.702780010,119.549278998,-5.203547822,0.626802994,-0.024625171,0.017554898,0.778590671,0.0000032981,0.0000000958,-0.0000251028,0.0000018291,-0.0000014064,0.0004203897,5.9237224319,6.7284878875,0.0016496462,7.7660651724,0.0004892939,0.0243543686
1784079591972539392,-138.793665710,119.983825162,-5.207135794,0.627883741,-0.022346684,0.017184342,0.777796459,0.0000031006,0.0000000391,-0.0000233895,0.0000018353,-0.0000004928,0.0004206511,5.9669570573,6.7566080098,0.0016523775,7.7743863954,0.0004871793,0.0244623647
1784079592039038464,-138.851972173,120.274111236,-5.211274536,0.628140012,-0.021609972,0.017584735,0.777601384,0.0000030739,0.0000000030,-0.0000231314,0.0000018392,0.0000001920,0.0004207151,5.9960207238,6.7758779783,0.0016567357,7.7808607217,0.0004903906,0.0245374540
1784079592138972416,-138.932727524,120.719745491,-5.219631797,0.627947085,-0.021143874,0.017295960,0.777776475,0.0000030328,0.0000000009,-0.0000226712,0.0000018497,0.0000002542,0.0004208304,6.0404215620,6.8053690951,0.0016686963,7.7910678291,0.0004893526,0.0246565914
1784079592172499456,-138.956474306,120.871243825,-5.223041146,0.628026645,-0.020843568,0.018254418,0.777698435,0.0000030662,-0.0000000408,-0.0000229702,0.0000018535,0.0000010245,0.0004208153,6.0555372390,6.8150591506,0.0016721172,7.7937489594,0.0004936762,0.0246944058
1784079592272398592,-139.036012835,121.310166372,-5.226442648,0.628488112,-0.015056013,0.016138463,0.777505987,0.0000025929,-0.0000000996,-0.0000180974,0.0000018756,0.0000027382,0.0004213415,6.0997944936,6.8437837313,0.0016782299,7.8025379552,0.0004996951,0.0248115268
1784079592305786368,-139.060777967,121.458508388,-5.229720008,0.628488277,-0.019510981,0.019669951,0.777325479,0.0000030607,-0.0000001257,-0.0000228692,0.0000018760,0.0000026480,0.0004208954,6.1149487939,6.8535337366,0.0016841435,7.8053939597,0.0005025144,0.0248500980
1784079592372408320,-139.116234385,121.760432117,-5.231632475,0.628357909,-0.019437954,0.018179750,0.777468971,0.0000029725,-0.0000000734,-0.0000220316,0.0000018713,0.0000017715,0.0004210336,6.1450246093,6.8731656247,0.0016892564,7.8117453970,0.0005045725,0.0249285791
1784079592472436480,-139.203051679,122.211200681,-5.234682028,0.628234342,-0.016797566,0.018115710,0.777631838,0.0000027940,-0.0000001278,-0.0000202051,0.0000018933,0.0000031279,0.0004212687,6.1897555449,6.9022933235,0.0016970260,7.8211227609,0.0005118590,0.0250483700
1784079592505770496,-139.229004436,122.353554523,-5.236302601,0.628200000,-0.016417838,0.018272136,0.777664030,0.0000027891,-0.0000001376,-0.0000201245,0.0000019008,0.0000033470,0.0004212979,6.2061967872,6.9128794364,0.0017017697,7.8243775029,0.0005107363,0.0250935511
1784079592572357376,-139.279274254,122.641348324,-5.235699070,0.628246906,-0.015176470,0.017238919,0.777674945,0.0000026656,-0.0000001268,-0.0000187605,0.0000019045,0.0000033828,0.0004214674,6.2355889913,6.9319994839,0.0017066045,7.8305833173,0.0005221149,0.0251698530
1784079592672335360,-139.373510431,123.074304264,-5.241056120,0.628242864,-0.017566014,0.017938306,0.777612086,0.0000028575,-0.0000001008,-0.0000207066,0.0000019028,0.0000025600,0.0004213567,6.2797994679,6.9606349320,0.0017258687,7.8398274092,0.0005273556,0.0252903868
1784079592738862592,-139.443975613,123.360065657,-5.244480781,0.628055885,-0.018137035,0.018668348,0.777732824,0.0000029365,-0.0000001157,-0.0000214330,0.0000019126,0.0000027784,0.0004213245,6.3090918253,6.9801472698,0.0017331641,7.8472186240,0.0005290278,0.0253707289
1784079592805594368,-139.501650141,123.638862818,-5.244346761,0.628110653,-0.017461613,0.019548572,0.777682424,0.0000029518,-0.0000001619,-0.0000215047,0.0000019349,0.0000036625,0.0004213512,6.3381394572,6.9996867199,0.0017424843,7.8550577262,0.0005286214,0.0254518533
1784079592872068352,-139.558233257,123.926119325,-5.247529212,0.628206898,-0.017346115,0.019383299,0.777611402,0.0000029376,-0.0000001568,-0.0000213091,0.0000019399,0.0000036125,0.0004214137,6.3668523122,7.0184551083,0.0017546122,7.8616246594,0.0005357679,0.0255284230
1784079592905579520,-139.581769868,124.083777889,-5.253934106,0.628248680,-0.018656441,0.020040492,0.777530650,0.0000030577,-0.0000001513,-0.0000224529,0.0000019310,0.0000033432,0.0004212971,6.3817456797,7.0281476500,0.0017763067,7.8649083972,0.0005556514,0.0255615330
1784079593005556224,-139.663312194,124.502733592,-5.259019579,0.628344494,-0.019164973,0.018262960,0.777484640,0.0000030133,-0.0000000744,-0.0000219335,0.0000019240,0.0000019646,0.0004214397,6.4267548725,7.0571654272,0.0017889353,7.8744888117,0.0005598129,0.0256841764
1784079593072004608,-139.651851715,124.793856879,-5.261825237,0.628896635,-0.018003313,0.018162832,0.777068218,0.0000029323,-0.0000000939,-0.0000211379,0.0000019305,0.0000024725,0.0004215098,6.4548862562,7.0750583335,0.0017911116,7.8797907098,0.0005700372,0.0257573800
1784079593138862336,-139.699620858,125.071864721,-5.265521362,0.629140592,-0.018075124,0.018422642,0.776862929,0.0000029496,-0.0000000986,-0.0000212629,0.0000019367,0.0000026013,0.0004215276,6.4852525305,7.0908831499,0.0017982336,7.8781789353,0.0005669224,0.0258364103
1784079593205450496,-139.749621762,125.347332776,-5.269486528,0.628994466,-0.019400359,0.020203029,0.776905030,0.0000031490,-0.0000001271,-0.0000231345,0.0000019416,0.0000030101,0.0004213531,6.5138516860,7.1089056187,0.0018021350,7.8834917772,0.0005695958,0.0259126749
1784079593271931392,-139.796578727,125.620309981,-5.276216238,0.629257076,-0.017487623,0.019620016,0.776752708,0.0000029784,-0.0000001453,-0.0000215340,0.0000019530,0.0000036791,0.0004215421,6.5422944460,7.1269624415,0.0018044698,7.8890955289,0.0005754224,0.0259885938
1784079593338781440,-139.839160165,125.887323567,-5.279000328,0.629196645,-0.018557648,0.020680021,0.776749337,0.0000031175,-0.0000001613,-0.0000228186,0.0000019572,0.0000038155,0.0004214347,6.5701448053,7.1446832599,0.0017999726,7.8947032535,0.0005774169,0.0260617411
1784079593405385472,-139.856544683,126.154819466,-5.282874641,0.629169905,-0.017767831,0.018702442,0.776839593,0.0000029480,-0.0000000973,-0.0000212328,0.0000019407,0.0000028968,0.0004216295,6.5971070081,7.1616677675,0.0017937172,7.8996713898,0.0005887986,0.0261293752
1784079593471983360,-139.908809096,126.407218530,-5.283962631,0.628915027,-0.018697465,0.018405691,0.777031225,0.0000030015,-0.0000000626,-0.0000217303,0.0000019349,0.0000021864,0.0004216189,6.6247208533,7.1774807269,0.0017955667,7.9015286825,0.0005930400,0.0262017029
1784079593538753536,-139.951995404,126.654193789,-5.285546366,0.628634003,-0.018127409,0.018584587,0.777267843,0.0000029663,-0.0000000764,-0.0000214201,0.0000019371,0.0000025968,0.0004216707,6.6508464674,7.1942133146,0.0017925164,7.9070602214,0.0006049091,0.0262694718
1784079593605199616,-140.004252184,126.891484633,-5.285449358,0.628254427,-0.017863608,0.019592588,0.777556041,0.0000030114,-0.0000001201,-0.0000218176,0.0000019516,0.0000034185,0.0004216511,6.6759227826,7.2099070021,0.0017947262,7.9117173261,0.0006094434,0.0263365745
1784079593672036352,-140.052177610,127.121887529,-5.284370340,0.627596352,-0.016928226,0.018450771,0.778136121,0.0000028955,-0.0000000986,-0.0000206280,0.0000019505,0.0000032007,0.0004218080,6.7003080295,7.2257454058,0.0017969553,7.9175181578,0.0006151597,0.0264020379
1784079593738662400,-140.093550886,127.345871612,-5.283599367,0.627375382,-0.015451579,0.018718029,0.778338624,0.0000028170,-0.0000001391,-0.0000197691,0.0000019693,0.0000042236,0.0004219047,6.7237000257,7.2407899192,0.0017969454,7.9227568711,0.0006230179,0.0264635322
1784079593805126400,-140.138704643,127.560910717,-5.282060274,0.627222301,-0.015107028,0.018303437,0.778478610,0.0000027833,-0.0000001287,-0.0000193591,0.0000019686,0.0000041155,0.0004219782,6.7470162678,7.2555456217,0.0017978043,7.9275210314,0.0006287567,0.0265252447
1784079593872016384,-140.189520737,127.768336129,-5.280148161,0.626905770,-0.016399787,0.018275131,0.778708047,0.0000028659,-0.0000001014,-0.0000201897,0.0000019553,0.0000034079,0.0004219434,6.7692290910,7.2699996146,0.0017985532,7.9328996108,0.0006394672,0.0265831520
1784079593938576384,-140.237411658,127.968211308,-5.277043297,0.626834975,-0.016151944,0.017621111,0.778785288,0.0000028226,-0.0000000832,-0.0000196812,0.0000019526,0.0000031399,0.0004220303,6.7903576159,7.2839781643,0.0018020382,7.9385727024,0.0006460792,0.0266395497
1784079594005050368,-140.278538330,128.170888979,-5.277765256,0.626678029,-0.016633781,0.017268780,0.778909336,0.0000028319,-0.0000000592,-0.0000197508,0.0000019479,0.0000026739,0.0004220588,6.8109447063,7.2974943464,0.0018083738,7.9438652636,0.0006569784,0.0266943633
1784079594071906560,-140.328021370,128.376845699,-5.280155850,0.626435681,-0.017006508,0.016619097,0.779110340,0.0000028241,-0.0000000245,-0.0000196547,0.0000019408,0.0000019974,0.0004220987,6.8321002843,7.3109438436,0.0018128911,7.9483540519,0.0006705048,0.0267497349
1784079594138560512,-140.416521254,128.553540696,-5.278326163,0.625959509,-0.016502511,0.016146123,0.779513735,0.0000027766,-0.0000000174,-0.0000191199,0.0000019348,0.0000020074,0.0004221071,6.8532272656,7.3248512395,0.0017995140,7.9537069517,0.0006725624,0.0268042358
1784079594205115648,-140.470679373,128.734476866,-5.279451777,0.625616400,-0.015589740,0.015956308,0.779811821,0.0000027153,-0.0000000300,-0.0000183632,0.0000019406,0.0000023746,0.0004221912,6.8716939547,7.3393509723,0.0017996452,7.9635508115,0.0006816727,0.0268549442
1784079594271880448,-140.517161116,128.921793488,-5.282401987,0.625152251,-0.015547575,0.016539457,0.780172662,0.0000027438,-0.0000000486,-0.0000186247,0.0000019480,0.0000027861,0.0004221790,6.8908611656,7.3524679899,0.0018019517,7.9696883115,0.0006870753,0.0269068915
1784079594338332416,-140.530126586,129.119811566,-5.290355551,0.625131125,-0.014820681,0.016612059,0.780202194,0.0000026937,-0.0000000642,-0.0000180463,0.0000019548,0.0000033904,0.0004222192,6.9104271030,7.3652638870,0.0018203795,7.9747215933,0.0006987958,0.0269590948
1784079594405206528,-140.584116358,129.292674240,-5.290146924,0.624941595,-0.014372549,0.017053188,0.780352883,0.0000027111,-0.0000000788,-0.0000181861,0.0000019648,0.0000037442,0.0004222212,6.9311320149,7.3769051710,0.0018225701,7.9760363233,0.0007006224,0.0270140842
1784079594471770624,-140.631855442,129.470802657,-5.293494609,0.624626324,-0.014432939,0.017327609,0.780598103,0.0000027258,-0.0000000861,-0.0000183038,0.0000019717,0.0000039346,0.0004222260,6.9496825270,7.3898186970,0.0018245887,7.9824980090,0.0007020098,0.0270656237
1784079594538247424,-140.635523703,129.667433406,-5.297022091,0.624451158,-0.014279432,0.016877274,0.780750925,0.0000026982,-0.0000000680,-0.0000179820,0.0000019640,0.0000036126,0.0004222371,6.9683017563,7.4024953626,0.0018422516,7.9883118749,0.0007105312,0.0271140860
1784079594605094400,-140.664416206,129.842419653,-5.296461725,0.624285227,-0.014746297,0.016789624,0.780876822,0.0000027265,-0.0000000576,-0.0000182833,0.0000019622,0.0000033455,0.0004222388,6.9888450995,7.4135026563,0.0018415867,7.9885161264,0.0007107512,0.0271662393
1784079594671700480,-140.718526084,130.010509777,-5.301747450,0.624258661,-0.014351878,0.016295133,0.780915883,0.0000026759,-0.0000000481,-0.0000176623,0.0000019640,0.0000032911,0.0004223148,7.0076342249,7.4249336924,0.0018402048,7.9916152066,0.0007103329,0.0272155949
1784079594738180352,-140.752763544,130.191794011,-5.294059174,0.624145224,-0.015384252,0.016530422,0.780981952,0.0000027578,-0.0000000451,-0.0000187034,0.0000019526,0.0000029337,0.0004222186,7.0257048965,7.4375077804,0.0018361230,7.9977846597,0.0007121254,0.0272572944
1784079594805033472,-140.803627966,130.357420942,-5.297752853,0.623772011,-0.014809201,0.015786950,0.781306558,0.0000026716,-0.0000000259,-0.0000176925,0.0000019510,0.0000026777,0.0004223320,7.0446604703,7.4493405122,0.0018364681,8.0015837700,0.0007110597,0.0273067049
1784079594871632640,-140.836000043,130.525194306,-5.295038885,0.623694817,-0.014337745,0.015781562,0.781377083,0.0000026552,-0.0000000334,-0.0000174860,0.0000019554,0.0000029104,0.0004223668,7.0618411365,7.4610692360,0.0018329071,8.0071420895,0.0007125478,0.0273506771
1784079594938267392,-140.843955590,130.700205550,-5.298353389,0.623479787,-0.013929375,0.016503447,0.781541146,0.0000026578,-0.0000000573,-0.0000175492,0.0000019624,0.0000035609,0.0004223525,7.0799625961,7.4723413644,0.0018297491,8.0106747337,0.0007132547,0.0273961710
1784079595004960512,-140.872121697,130.861211680,-5.297715840,0.623133539,-0.014737451,0.018181599,0.781765201,0.0000027843,-0.0000001020,-0.0000190074,0.0000019764,0.0000043007,0.0004222294,7.0986776550,7.4826628552,0.0018299569,8.0116005131,0.0007137857,0.0274426039
1784079595071442432,-140.892066391,131.025486833,-5.304941668,0.623221731,-0.014296307,0.017649417,0.781715286,0.0000027153,-0.0000000906,-0.0000182535,0.0000019755,0.0000042579,0.0004223126,7.1153484310,7.4929405002,0.0018310039,8.0147158341,0.0007125084,0.0274842766
1784079595138309376,-140.910897214,131.181414084,-5.299258574,0.622902889,-0.014638406,0.017864750,0.781958157,0.0000027594,-0.0000000926,-0.0000187861,0.0000019723,0.0000041417,0.0004222639,7.1322419049,7.5029376587,0.0018353135,8.0169418499,0.0007145945,0.0275255942
1784079595204934400,-140.929276304,131.335055910,-5.292983914,0.623245281,-0.011305776,0.013931969,0.781820567,0.0000024235,-0.0000000216,-0.0000145170,0.0000019628,0.0000032985,0.0004226327,7.1488528863,7.5126837473,0.0018321021,8.0190215758,0.0007123153,0.0275687778
1784079595271427328,-140.956445312,131.453333993,-5.268567549,0.623902412,-0.008016089,0.010261009,0.781393777,0.0000021859,0.0000000276,-0.0000104504,0.0000019599,0.0000026175,0.0004229000,7.1625130880,7.5206236025,0.0018282249,8.0205790898,0.0007062951,0.0276043167
1784079595338317312,-141.008530315,131.559068428,-5.247926037,0.623395378,-0.001347924,0.006896537,0.781875197,0.0000019761,0.0000000540,-0.0000042683,0.0000019870,0.0000039255,0.0004231153,7.1746608751,7.5284255864,0.0018328280,8.0235167228,0.0007040388,0.0276376795
1784079595404827392,-141.102137973,131.672240810,-5.246154833,0.622155809,-0.003991753,0.010191464,0.782816932,0.0000020829,0.0000000061,-0.0000078175,0.0000020060,0.0000047455,0.0004229785,7.1880231982,7.5383841216,0.0018504193,8.0295762967,0.0007131439,0.0276730533
1784079595471303424,-141.125237313,131.833027070,-5.281831379,0.621319876,-0.011430525,0.017575867,0.783276480,0.0000025866,-0.0000001284,-0.0000164217,0.0000020368,0.0000057079,0.0004225044,7.2028266245,7.5514347042,0.0018516742,8.0406759286,0.0007206097,0.0277177377
1784079595538198528,-141.169387654,131.980532477,-5.309902401,0.621147553,-0.018760387,0.021120243,0.783184333,0.0000032248,-0.0000001350,-0.0000231185,0.0000020084,0.0000041588,0.0004219262,7.2193936618,7.5613717821,0.0018605791,8.0432830401,0.0007276050,0.0277631648
1784079595604758528,-141.197333340,132.097128893,-5.313264961,0.620874496,-0.016007522,0.020722688,0.783472520,0.0000030166,-0.0000001764,-0.0000210804,0.0000020436,0.0000054005,0.0004221513,7.2324076503,7.5707375163,0.0018692140,8.0486326017,0.0007297137,0.0278002995
1784079595671361536,-141.241245149,132.208264663,-5.305598931,0.620792412,-0.016657185,0.017576763,0.783600904,0.0000029084,-0.0000000460,-0.0000199033,0.0000020028,0.0000029581,0.0004223536,7.2447490390,7.5787619905,0.0018704576,8.0519155700,0.0007293415,0.0278339952
1784079595738102528,-141.280381338,132.314644453,-5.300397674,0.621300515,-0.016901152,0.014636486,0.783253340,0.0000027903,0.0000000538,-0.0000185368,0.0000019925,0.0000009135,0.0004225366,7.2571751911,7.5874543538,0.0018748839,8.0565062744,0.0007307507,0.0278688220
1784079595804615424,-141.332710586,132.416313371,-5.298447953,0.620916772,-0.014409083,0.014948405,0.783601484,0.0000026684,-0.0000000035,-0.0000170191,0.0000020124,0.0000024319,0.0004226805,7.2679797575,7.5949621684,0.0018842922,8.0603584996,0.0007316439,0.0279001999
1784079595871412480,-141.362425463,132.518679138,-5.303611893,0.620211513,-0.013650428,0.017335485,0.784124241,0.0000027382,-0.0000000915,-0.0000177774,0.0000020525,0.0000044064,0.0004226192,7.2790827160,7.6033988153,0.0018873709,8.0658476704,0.0007317228,0.0279330635
1784079595971439360,-141.426068868,132.678856251,-5.307187615,0.619854607,-0.014436132,0.017982959,0.784377765,0.0000028184,-0.0000001013,-0.0000185857,0.0000020631,0.0000044378,0.0004225989,7.2964883302,7.6147768732,0.0018969855,8.0706123107,0.0007370265,0.0279772555
1784079596038005248,-141.465360143,132.777830407,-5.303347597,0.619767283,-0.013973116,0.017199995,0.784472707,0.0000027642,-0.0000000823,-0.0000179065,0.0000020648,0.0000042005,0.0004226881,7.3072984156,7.6235559684,0.0019076520,8.0771110501,0.0007379758,0.0280093420
1784079596104538368,-141.496311259,132.870733297,-5.301316037,0.619600711,-0.013756945,0.017386290,0.784603991,0.0000027676,-0.0000000903,-0.0000178711,0.0000020770,0.0000044089,0.0004227159,7.3174398529,7.6310339482,0.0019154545,8.0816516812,0.0007377830,0.0280395051
1784079596171314432,-141.525042211,132.977478953,-5.305802737,0.618636391,-0.017815833,0.021518924,0.785180583,0.0000032266,-0.0000001779,-0.0000226350,0.0000020876,0.0000050177,0.0004222559,7.3283854185,7.6384479201,0.0019049067,8.0851488647,0.0007406934,0.0280504279
1784079596237934336,-141.552379862,133.084554487,-5.309630515,0.618219090,-0.022631166,0.026041966,0.785248243,0.0000039022,-0.0000002752,-0.0000281567,0.0000021046,0.0000054714,0.0004215953,7.3407916410,7.6464033865,0.0019057322,8.0882268022,0.0007399056,0.0280818248
1784079596304389376,-141.562199907,133.173497590,-5.305677426,0.618367165,-0.023529320,0.027828435,0.785043947,0.0000041118,-0.0000003468,-0.0000296456,0.0000021273,0.0000062293,0.0004213799,7.3499735408,7.6523771330,0.0019109225,8.0906543422,0.0007396616,0.0281015650
1784079596371239424,-141.580485915,133.243998199,-5.297247285,0.618379400,-0.019919690,0.026176507,0.785191005,0.0000036926,-0.0000003490,-0.0000264985,0.0000021543,0.0000070164,0.0004217901,7.3579182988,7.6569545409,0.0019125149,8.0915154298,0.0007391654,0.0281167721
1784079596437717504,-141.597516254,133.311548534,-5.291768871,0.618300166,-0.016569384,0.023205552,0.785424638,0.0000032623,-0.0000002805,-0.0000228474,0.0000021467,0.0000068615,0.0004221933,7.3655156681,7.6621746153,0.0019126081,8.0939626586,0.0007381574,0.0281301013
1784079596504572416,-141.630611734,133.387301630,-5.290323427,0.618340350,-0.014162437,0.018766692,0.785558686,0.0000028755,-0.0000001357,-0.0000189580,0.0000020879,0.0000051710,0.0004225333,7.3727879368,7.6672526431,0.0019333398,8.0963892347,0.0007443926,0.0281428286
1784079596571176448,-141.664458627,133.460324112,-5.290103427,0.618578832,-0.012872600,0.014499390,0.785483477,0.0000026216,-0.0000000153,-0.0000158385,0.0000020476,0.0000030300,0.0004228242,7.3808727805,7.6733475561,0.0019411307,8.1002069891,0.0007454100,0.0281619901
1784079596637659648,-141.696407280,133.552338510,-5.293568892,0.618636589,-0.013788310,0.014004536,0.785431427,0.0000026466,0.0000000149,-0.0000161072,0.0000020398,0.0000022214,0.0004228035,7.3905313785,7.6805807330,0.0019497211,8.1046951252,0.0007473637,0.0281862526
1784079596704550400,-141.740498781,133.648696235,-5.288233763,0.618611931,-0.016999190,0.014354994,0.785381589,0.0000028484,0.0000000704,-0.0000184987,0.0000020313,0.0000007008,0.0004226067,7.4015041543,7.6881803670,0.0019585779,8.1085334346,0.0007485479,0.0282141780
1784079596771110656,-141.757515117,133.747632815,-5.277110581,0.618784112,-0.014240672,0.011509788,0.785347663,0.0000025769,0.0000000850,-0.0000151367,0.0000020262,0.0000004018,0.0004228280,7.4107035229,7.6950502948,0.0019585057,8.1126695013,0.0007482041,0.0282338653
1784079596837602304,-141.804935597,133.829710617,-5.267362926,0.618271671,-0.013095304,0.013215588,0.785744235,0.0000025919,0.0000000213,-0.0000154123,0.0000020339,0.0000020405,0.0004227440,7.4207728563,7.7009557914,0.0019504325,8.1138391829,0.0007429830,0.0282570906
1784079596871096320,-141.833040198,133.875687039,-5.269081204,0.618248361,-0.011492169,0.012504484,0.785799295,0.0000024779,0.0000000176,-0.0000138073,0.0000020348,0.0000023779,0.0004228024,7.4254349879,7.7056836233,0.0019502487,8.1184548695,0.0007418108,0.0282695959
1784079596971045376,-141.873975636,134.037319360,-5.270238345,0.617608825,-0.011257855,0.013432394,0.786290131,0.0000025094,-0.0000000104,-0.0000142133,0.0000020487,0.0000031409,0.0004227628,7.4425666326,7.7175052405,0.0019540194,8.1244201392,0.0007421801,0.0283155222
1784079597037521408,-141.899676361,134.146034817,-5.269000802,0.617641835,-0.011738503,0.014060745,0.786246187,0.0000025499,-0.0000000206,-0.0000147908,0.0000020515,0.0000033225,0.0004226993,7.4542623892,7.7254216974,0.0019592402,8.1281370623,0.0007416422,0.0283463860
1784079597104375296,-141.908610040,134.266159635,-5.268103781,0.618325204,-0.010607183,0.013066501,0.785742131,0.0000024613,-0.0000000097,-0.0000134827,0.0000020522,0.0000033148,0.0004227662,7.4667823311,7.7334396094,0.0019629263,8.1311902042,0.0007409069,0.0283790884
1784079597170846464,-141.936389055,134.385445750,-5.270511596,0.618577133,-0.011305796,0.013167457,0.785532385,0.0000024929,-0.0000000014,-0.0000139853,0.0000020474,0.0000029757,0.0004227196,7.4806847940,7.7412459090,0.0019673225,8.1323554589,0.0007402289,0.0284148030
1784079597237706496,-141.962057477,134.515681492,-5.270177595,0.618528355,-0.012241311,0.013389406,0.785553021,0.0000025477,0.0000000051,-0.0000147832,0.0000020444,0.0000026441,0.0004226570,7.4944991134,7.7501249276,0.0019726755,8.1358492006,0.0007405429,0.0284517898
1784079597304301568,-141.988909769,134.644841942,-5.272020810,0.618807180,-0.012078800,0.012545863,0.785349844,0.0000025058,0.0000000259,-0.0000141625,0.0000020400,0.0000021766,0.0004226972,7.5088466999,7.7589645886,0.0019834977,8.1387097614,0.0007421712,0.0284901824
1784079597370780416,-142.028716493,134.771103320,-5.268160557,0.619447431,-0.012573429,0.012023198,0.784845356,0.0000025160,0.0000000464,-0.0000143208,0.0000020358,0.0000015724,0.0004226939,7.5234364802,7.7680441107,0.0019925115,8.1418401342,0.0007433443,0.0285287359
1784079597437625344,-142.065731449,134.908174638,-5.267322026,0.619676797,-0.012702733,0.011260325,0.784673507,0.0000024928,0.0000000679,-0.0000139726,0.0000020337,0.0000009591,0.0004227304,7.5381545366,7.7780644971,0.0020026796,8.1467883224,0.0007450776,0.0285685351
1784079597504228352,-142.106198735,135.047637062,-5.262724678,0.619792379,-0.013457577,0.010400605,0.784581498,0.0000024999,0.0000001004,-0.0000140755,0.0000020331,-0.0000000193,0.0004227379,7.5537010285,7.7881814186,0.0020122211,8.1510763794,0.0007466366,0.0286103548
1784079597570706432,-142.136507260,135.192800665,-5.266181338,0.620015067,-0.013435505,0.010216579,0.784408328,0.0000024839,0.0000001035,-0.0000138408,0.0000020342,-0.0000001096,0.0004227654,7.5697400580,7.7986124907,0.0020205403,8.1554987026,0.0007473607,0.0286533132
1784079597637556480,-142.159289005,135.349540376,-5.262828558,0.620336155,-0.014049343,0.011793818,0.784121532,0.0000025740,0.0000000761,-0.0000151933,0.0000020357,0.0000006612,0.0004226712,7.5867032196,7.8090023558,0.0020217336,8.1588622657,0.0007465380,0.0286979480
1784079597704163584,-142.195638690,135.502486728,-5.262467913,0.620752551,-0.013285366,0.011391196,0.783811209,0.0000025230,0.0000000771,-0.0000144629,0.0000020373,0.0000006953,0.0004227327,7.6044220146,7.8194559654,0.0020279066,8.1615972902,0.0007458823,0.0287451362
1784079597770636544,-142.208945037,135.664842403,-5.264605972,0.620847025,-0.013628155,0.011715278,0.783725716,0.0000025503,0.0000000772,-0.0000148401,0.0000020384,0.0000007006,0.0004226863,7.6213493204,7.8303021453,0.0020336914,8.1659185729,0.0007459021,0.0287908645
1784079597837491456,-142.219844844,135.830114884,-5.264444657,0.621236790,-0.013152873,0.011589892,0.783426784,0.0000025299,0.0000000749,-0.0000145219,0.0000020413,0.0000008850,0.0004227071,7.6402342253,7.8408618856,0.0020404134,8.1676627868,0.0007464872,0.0288420425
1784079597903967488,-142.276939979,135.984966380,-5.267444623,0.621481844,-0.014082048,0.012134034,0.783208005,0.0000025868,0.0000000820,-0.0000153209,0.0000020402,0.0000006702,0.0004226157,7.6588278986,7.8510311550,0.0020347129,8.1688584217,0.0007417055,0.0288905816
1784079597970824448,-142.307914575,136.150698246,-5.266003616,0.622219212,-0.014195242,0.011470147,0.782630298,0.0000025758,0.0000000987,-0.0000151174,0.0000020439,0.0000002402,0.0004226428,7.6763263141,7.8632378471,0.0020391208,8.1754736975,0.0007426371,0.0289407582
1784079598037466624,-142.332690147,136.320016919,-5.265819063,0.622519542,-0.014322660,0.011543995,0.782388022,0.0000025899,0.0000001001,-0.0000152599,0.0000020472,0.0000002251,0.0004226375,7.6951982926,7.8746806153,0.0020420132,8.1790942662,0.0007420020,0.0289928311
1784079598103894528,-142.360973200,136.491556003,-5.267071232,0.622933103,-0.015281091,0.011814827,0.782036602,0.0000026511,0.0000001143,-0.0000160191,0.0000020514,-0.0000001426,0.0004225872,7.7148824253,7.8862084336,0.0020447184,8.1820688661,0.0007411533,0.0290469276
1784079598170750464,-142.397605761,136.665501290,-5.264180854,0.623176003,-0.015658182,0.011619911,0.781838518,0.0000026688,0.0000001285,-0.0000161927,0.0000020567,-0.0000004991,0.0004225771,7.7345292804,7.8979038276,0.0020447612,8.1854419161,0.0007393502,0.0291010710
1784079598237355520,-142.438946541,136.836151175,-5.260347294,0.623404437,-0.016381221,0.011965254,0.781636358,0.0000027242,0.0000001363,-0.0000168423,0.0000020618,-0.0000006604,0.0004225280,7.7539458781,7.9098419537,0.0020441910,8.1895618994,0.0007370101,0.0291551408
1784079598303830272,-142.471296581,137.011174917,-5.259914908,0.624032786,-0.015440072,0.011119465,0.781166463,0.0000026451,0.0000001379,-0.0000157671,0.0000020672,-0.0000007062,0.0004226115,7.7734361684,7.9220612494,0.0020430291,8.1941865728,0.0007350160,0.0292101755
1784079598370681600,-142.504565858,137.190867553,-5.258200865,0.624558545,-0.015877924,0.012030280,0.780723887,0.0000027099,0.0000001231,-0.0000165851,0.0000020686,-0.0000003262,0.0004225474,7.7937907127,7.9342934028,0.0020418566,8.1979615619,0.0007337925,0.0292663087
1784079598437286400,-142.531116202,137.376821360,-5.260232609,0.624998469,-0.016402327,0.011399686,0.780370376,0.0000027090,0.0000001529,-0.0000165352,0.0000020751,-0.0000010703,0.0004225497,7.8143964781,7.9468214650,0.0020414033,8.2021048603,0.0007322794,0.0293241649
1784079598503764480,-142.564086442,137.561646260,-5.258045997,0.625385008,-0.017257664,0.011624854,0.780038863,0.0000027707,0.0000001674,-0.0000172593,0.0000020808,-0.0000013706,0.0004224922,7.8355866506,7.9591251033,0.0020409808,8.2052150108,0.0007309834,0.0293830228
1784079598570648320,-142.604650258,137.743998726,-5.256015467,0.625797366,-0.016550837,0.011324825,0.779727821,0.0000027215,0.0000001592,-0.0000166051,0.0000020826,-0.0000011805,0.0004225206,7.8566468024,7.9715291822,0.0020408099,8.2086226457,0.0007292726,0.0294417084
1784079598637090560,-142.633417682,137.931168518,-5.254182505,0.626197547,-0.016427996,0.012144197,0.779396736,0.0000027579,0.0000001365,-0.0000170076,0.0000020853,-0.0000005803,0.0004224908,7.8777989813,7.9845094075,0.0020401318,8.2131701903,0.0007281529,0.0295015377
1784079598703937536,-142.658765588,138.124641918,-5.255613837,0.626565788,-0.015535333,0.012501892,0.779113387,0.0000027241,0.0000001110,-0.0000165658,0.0000020866,0.0000001092,0.0004224717,7.8991690226,7.9970538224,0.0020227481,8.2165118666,0.0007211287,0.0295601884
1784079598770556416,-142.689830219,138.314892374,-5.256173035,0.626818727,-0.015503060,0.013091526,0.778900861,0.0000027493,0.0000000957,-0.0000168604,0.0000020904,0.0000004810,0.0004224363,7.9211525612,8.0096459219,0.0020171824,8.2194403371,0.0007186982,0.0296202696
1784079598837024512,-142.727507656,138.509398960,-5.257756824,0.627522484,-0.015965953,0.013121005,0.778324135,0.0000027733,0.0000001051,-0.0000171444,0.0000020939,0.0000002585,0.0004224015,7.9433107288,8.0227908822,0.0020160890,8.2233290620,0.0007177604,0.0296816886
1784079598903875328,-142.762511258,138.707591270,-5.256710652,0.628015706,-0.016486474,0.013327754,0.777911846,0.0000028155,0.0000001102,-0.0000176128,0.0000020979,0.0000001418,0.0004223640,7.9657981568,8.0364771253,0.0020164746,8.2280180178,0.0007173552,0.0297444176
1784079598970507264,-142.797738216,138.903618915,-5.256478692,0.628609500,-0.016397023,0.012813495,0.777442634,0.0000027890,0.0000001240,-0.0000172704,0.0000021002,-0.0000001858,0.0004223733,7.9881767069,8.0497140680,0.0020223872,8.2319030514,0.0007189260,0.0298059835
1784079599036956672,-142.834820140,139.100609904,-5.257063920,0.628895282,-0.016701489,0.013248750,0.777197693,0.0000028273,0.0000001191,-0.0000176982,0.0000021038,-0.0000000592,0.0004223374,8.0109381549,8.0631054717,0.0020223480,8.2357631841,0.0007183469,0.0298687163
1784079599103810560,-142.856092468,139.312735437,-5.259854611,0.629206588,-0.017559718,0.013585667,0.776920945,0.0000028823,0.0000001342,-0.0000183621,0.0000021025,-0.0000003481,0.0004222417,8.0343348897,8.0770735646,0.0020238967,8.2400902521,0.0007197142,0.0299327958
1784079599170399488,-142.852082583,139.529098302,-5.260988609,0.629812580,-0.017054653,0.013927078,0.776434988,0.0000028721,0.0000001113,-0.0000182322,0.0000021044,0.0000002065,0.0004222234,8.0585124414,8.0904707730,0.0020222442,8.2425299305,0.0007184143,0.0299989008
1784079599270407424,-142.885943319,139.841686636,-5.261320732,0.630622232,-0.015205010,0.014280084,0.775809569,0.0000027868,0.0000000637,-0.0000171670,0.0000021171,0.0000013705,0.0004222566,8.0947956337,8.1094506374,0.0020370869,8.2439829022,0.0007218369,0.0300990643
1784079599336978432,-142.908962132,140.059136613,-5.264130766,0.631073109,-0.016026928,0.014463524,0.775422901,0.0000028442,0.0000000783,-0.0000178216,0.0000021196,0.0000010358,0.0004221920,8.1199132455,8.1230714464,0.0020411322,8.2460509843,0.0007236648,0.0301676962
1784079599403745536,-142.936230966,140.272571012,-5.264244117,0.631735863,-0.015836607,0.014401177,0.774888126,0.0000028398,0.0000000786,-0.0000177161,0.0000021254,0.0000010730,0.0004222058,8.1451517770,8.1370190852,0.0020462611,8.2487157554,0.0007254754,0.0302372102
1784079599470214400,-142.962039307,140.482557338,-5.263259232,0.632154952,-0.015489909,0.015306898,0.774535912,0.0000028655,0.0000000465,-0.0000179665,0.0000021353,0.0000018454,0.0004221916,8.1697269596,8.1507020687,0.0020534167,8.2515567178,0.0007272699,0.0303044174
1784079599537120512,-142.995485897,140.699655228,-5.265711627,0.632561915,-0.014475024,0.014957808,0.774230044,0.0000027872,0.0000000368,-0.0000170574,0.0000021321,0.0000021065,0.0004221981,8.1945359088,8.1646873028,0.0020527151,8.2546208463,0.0007272132,0.0303693120
1784079599603671552,-143.022924659,140.915242025,-5.263272423,0.632937940,-0.014749713,0.015530763,0.773906200,0.0000028390,0.0000000229,-0.0000176468,0.0000021375,0.0000023643,0.0004221538,8.2196632855,8.1791919977,0.0020643502,8.2585975369,0.0007321992,0.0304373395
1784079599670142464,-143.068586237,141.128954429,-5.262680387,0.633425438,-0.013801118,0.015420254,0.773526961,0.0000027834,0.0000000084,-0.0000169352,0.0000021477,0.0000028069,0.0004222087,8.2450247885,8.1934531118,0.0020700640,8.2618796461,0.0007332188,0.0305072896
1784079599736984576,-143.122047016,141.343738958,-5.259955846,0.633830286,-0.015082696,0.015119769,0.773177259,0.0000028469,0.0000000404,-0.0000176579,0.0000021430,0.0000019186,0.0004221596,8.2704910521,8.2089244833,0.0020774450,8.2674809234,0.0007351133,0.0305786272
1784079599803626496,-143.187035886,141.557046110,-5.255491308,0.634232505,-0.015393343,0.013949503,0.772863239,0.0000028026,0.0000000678,-0.0000172272,0.0000021316,0.0000010657,0.0004221492,8.2953085332,8.2244995296,0.0021028067,8.2738187182,0.0007432173,0.0306441913
1784079599870073600,-143.238193201,141.770142062,-5.252523860,0.634355534,-0.013880813,0.013856517,0.772792583,0.0000027153,0.0000000389,-0.0000161483,0.0000021364,0.0000018163,0.0004222153,8.3199784846,8.2403923039,0.0021173965,8.2810409478,0.0007460984,0.0307120180
1784079599936903424,-143.249816852,142.000955122,-5.258845603,0.634893746,-0.013350047,0.014543208,0.772347203,0.0000027048,0.0000000123,-0.0000160596,0.0000021424,0.0000024414,0.0004221788,8.3456013283,8.2558761256,0.0021384545,8.2865087676,0.0007519651,0.0307814042
1784079600003542528,-143.307066563,142.220058610,-5.256497355,0.635036826,-0.012940113,0.016110776,0.772205430,0.0000027615,-0.0000000502,-0.0000167967,0.0000021627,0.0000038083,0.0004220905,8.3728948217,8.2699671827,0.0021531313,8.2876955104,0.0007568036,0.0308528326
1784079600070110464,-143.390635021,142.432888680,-5.260391723,0.635034925,-0.011938405,0.017294167,0.772197533,0.0000027416,-0.0000000968,-0.0000165917,0.0000021857,0.0000050698,0.0004220231,8.3983500723,8.2860865635,0.0021468337,8.2945950337,0.0007530224,0.0309229932
1784079600136834304,-143.455609481,142.652728339,-5.259743709,0.635166866,-0.012396896,0.016859393,0.772091400,0.0000027541,-0.0000000770,-0.0000167761,0.0000021726,0.0000044595,0.0004220021,8.4236892673,8.3037718160,0.0021570934,8.3047530977,0.0007558545,0.0309945709
1784079600203306496,-143.500432142,142.872447288,-5.268185676,0.635485372,-0.012378151,0.016432287,0.771838781,0.0000027167,-0.0000000610,-0.0000163147,0.0000021639,0.0000041458,0.0004220311,8.4492224219,8.3202724315,0.0021618326,8.3124289502,0.0007547657,0.0310655362
1784079600270165504,-143.527052163,143.109523913,-5.262793072,0.635832696,-0.012508371,0.016904925,0.771540373,0.0000027682,-0.0000000760,-0.0000169239,0.0000021726,0.0000044005,0.0004219917,8.4757713802,8.3359676414,0.0021660920,8.3176250850,0.0007555197,0.0311398523
1784079600336766464,-143.570439554,143.343289453,-5.267617091,0.636355525,-0.011854243,0.016069714,0.771137399,0.0000026899,-0.0000000576,-0.0000158823,0.0000021726,0.0000041843,0.0004221034,8.5043746512,8.3516128667,0.0021737121,8.3208194822,0.0007551621,0.0312190674
1784079600403239424,-143.616930306,143.573652984,-5.265035185,0.636345908,-0.013240119,0.017881311,0.771082903,0.0000028555,-0.0000000938,-0.0000178729,0.0000021850,0.0000046141,0.0004219411,8.5320201060,8.3676501310,0.0021802407,8.3256959927,0.0007571747,0.0312947988
1784079600470096384,-143.642284942,143.811835548,-5.269308584,0.636657565,-0.011454122,0.017630830,0.770859975,0.0000027473,-0.0000001118,-0.0000165042,0.0000022082,0.0000054486,0.0004220538,8.5599898769,8.3840197369,0.0021920632,8.3309648671,0.0007612848,0.0313715768
1784079600536706560,-143.678956967,144.051430754,-5.268029774,0.636826197,-0.011314057,0.019114105,0.770687380,0.0000028146,-0.0000001616,-0.0000172830,0.0000022417,0.0000064560,0.0004219886,8.5885334058,8.3995793642,0.0022020846,8.3341554101,0.0007638978,0.0314499313
1784079600603162624,-143.714910354,144.291680268,-5.270386557,0.636665917,-0.011320942,0.018891558,0.770825179,0.0000028020,-0.0000001518,-0.0000170829,0.0000022423,0.0000063354,0.0004220296,8.6171099287,8.4157445721,0.0022166318,8.3385136606,0.0007675219,0.0315283033
1784079600670065408,-143.760613282,144.534965465,-5.270069693,0.637154126,-0.012523870,0.019075918,0.770398521,0.0000028876,-0.0000001410,-0.0000180567,0.0000022307,0.0000057750,0.0004219888,8.6467990894,8.4323402007,0.0022297478,8.3427007547,0.0007729977,0.0316099206
1784079600736630528,-143.780876584,144.785256364,-5.273247033,0.637575590,-0.011026160,0.019859110,0.770052860,0.0000028369,-0.0000001875,-0.0000174134,0.0000022766,0.0000071435,0.0004220215,8.6758257742,8.4491767771,0.0022458379,8.3480102816,0.0007783758,0.0316903043
1784079600803228416,-143.807879485,145.031422139,-5.273937198,0.637620713,-0.011109740,0.021586488,0.769967807,0.0000029269,-0.0000002495,-0.0000184528,0.0000023165,0.0000082054,0.0004219081,8.7058835933,8.4649404567,0.0022643358,8.3502892851,0.0007864410,0.0317713266
1784079600870041344,-143.838017919,145.283045700,-5.275352429,0.637779047,-0.009925753,0.020203153,0.769890382,0.0000028021,-0.0000002073,-0.0000169506,0.0000023076,0.0000079328,0.0004220598,8.7362054300,8.4813830127,0.0022834243,8.3536768806,0.0007962702,0.0318540752
1784079600936446464,-143.875607716,145.526928868,-5.271579589,0.637677866,-0.010386831,0.020268076,0.769966401,0.0000028352,-0.0000002034,-0.0000173342,0.0000023003,0.0000076991,0.0004220510,8.7659716705,8.4976383351,0.0023011548,8.3572608770,0.0008034548,0.0319361600
1784079601003326464,-143.915689091,145.776391331,-5.271158282,0.637766182,-0.010154857,0.019668981,0.769911883,0.0000027918,-0.0000001849,-0.0000168240,0.0000022848,0.0000074265,0.0004221074,8.7960330524,8.5146864627,0.0023088856,8.3620929642,0.0008079618,0.0320174752
1784079601069888256,-143.944817294,146.034594042,-5.275224659,0.637849693,-0.010775230,0.019021950,0.769850524,0.0000027897,-0.0000001547,-0.0000167885,0.0000022597,0.0000067129,0.0004221503,8.8264728732,8.5319134009,0.0023265491,8.3669765010,0.0008154096,0.0321020383
1784079601136359424,-143.981617156,146.283184070,-5.276257893,0.637867808,-0.009449026,0.019252857,0.769847195,0.0000027431,-0.0000001776,-0.0000161438,0.0000022898,0.0000075868,0.0004221943,8.8574370862,8.5483191239,0.0023397824,8.3698587179,0.0008210864,0.0321882936
1784079601203258624,-144.012991327,146.539652554,-5.280267983,0.637963030,-0.009520377,0.019788389,0.769753827,0.0000027671,-0.0000001958,-0.0000164399,0.0000023014,0.0000079210,0.0004221762,8.8884981363,8.5653790243,0.0023554172,8.3739342035,0.0008280151,0.0322748437
1784079601269844480,-144.050776533,146.797160063,-5.281216764,0.637571707,-0.008255501,0.019741684,0.770093781,0.0000027070,-0.0000002013,-0.0000156033,0.0000023257,0.0000085469,0.0004222357,8.9196383428,8.5823623130,0.0023641771,8.3778406480,0.0008313326,0.0323628464
1784079601336297472,-144.096375921,147.049255648,-5.278951376,0.637011008,-0.008317025,0.020809304,0.770528893,0.0000027608,-0.0000002384,-0.0000162564,0.0000023529,0.0000091828,0.0004221841,8.9511648247,8.5997855869,0.0023768725,8.3822806261,0.0008354926,0.0324524629
1784079601403147520,-144.154271814,147.311483712,-5.282679040,0.636786595,-0.007632121,0.019948119,0.770744222,0.0000026820,-0.0000002091,-0.0000152068,0.0000023454,0.0000090580,0.0004222693,8.9824647357,8.6178268900,0.0023867552,8.3881000377,0.0008385710,0.0325417479
1784079601469809408,-144.193275107,147.567820129,-5.275900130,0.636740738,-0.007447687,0.019558884,0.770793886,0.0000026754,-0.0000002020,-0.0000151311,0.0000023403,0.0000089890,0.0004222646,9.0139461375,8.6364728815,0.0023829365,8.3948937831,0.0008389721,0.0326319224
1784079601536352512,-144.258526253,147.819172406,-5.280322734,0.636547603,-0.007376403,0.018995833,0.770968155,0.0000026361,-0.0000001747,-0.0000145622,0.0000023258,0.0000085889,0.0004223356,9.0454494142,8.6540044004,0.0023912232,8.3996373375,0.0008402865,0.0327226465
1784079601603079680,-144.321891122,148.075693472,-5.278361590,0.636097575,-0.008089857,0.017638304,0.771364583,0.0000026305,-0.0000001241,-0.0000144339,0.0000022779,0.0000072561,0.0004224046,9.0769570655,8.6731933557,0.0023957315,8.4075623189,0.0008433372,0.0328158715
1784079601669553408,-144.427994616,148.310651456,-5.277672054,0.635223132,-0.008975027,0.018414554,0.772056945,0.0000026992,-0.0000001443,-0.0000154119,0.0000022860,0.0000074190,0.0004223015,9.1083430496,8.6919207727,0.0023907727,8.4146720734,0.0008400602,0.0329083822
1784079601736401664,-144.504901135,148.564689556,-5.279796193,0.634940090,-0.007556898,0.018289333,0.772307889,0.0000026222,-0.0000001449,-0.0000143025,0.0000023121,0.0000080664,0.0004223521,9.1375060170,8.7123976490,0.0023915092,8.4271822752,0.0008411162,0.0329976254
1784079601803051520,-144.551043961,148.829419592,-5.274923840,0.634810259,-0.007869587,0.018769453,0.772399969,0.0000026665,-0.0000001605,-0.0000149118,0.0000023204,0.0000081800,0.0004223168,9.1685788109,8.7319334644,0.0023990103,8.4362135474,0.0008435980,0.0330910958
1784079601869487616,-144.599889916,149.107739797,-5.278090924,0.634710958,-0.008058305,0.018304592,0.772490780,0.0000026504,-0.0000001387,-0.0000146772,0.0000023039,0.0000076880,0.0004223458,9.2013929245,8.7505409203,0.0023993656,8.4418910687,0.0008436870,0.0331865712
1784079601936337408,-144.665595395,149.378615284,-5.274336224,0.634230515,-0.009530411,0.017945457,0.772876954,0.0000027169,-0.0000001159,-0.0000155216,0.0000022759,0.0000066826,0.0004223389,9.2364893716,8.7704064638,0.0024072917,8.4480196626,0.0008468711,0.0332915085
1784079602002938624,-144.729323746,149.637325147,-5.272307066,0.633868755,-0.008719364,0.017176135,0.773200721,0.0000026515,-0.0000001018,-0.0000145518,0.0000022796,0.0000066845,0.0004224154,9.2694144646,8.7899967660,0.0024128921,8.4555789883,0.0008491441,0.0333892010
1784079602069461248,-144.782435277,149.901717147,-5.263847826,0.633716755,-0.008441983,0.017236184,0.773327047,0.0000026512,-0.0000001098,-0.0000145162,0.0000022904,0.0000069054,0.0004224146,9.3015099498,8.8090908734,0.0024186239,8.4629738175,0.0008515594,0.0334845153
1784079602136319488,-144.838816913,150.164620339,-5.265250248,0.633566098,-0.007928869,0.015549818,0.773491652,0.0000025629,-0.0000000598,-0.0000131256,0.0000022665,0.0000060084,0.0004225387,9.3343153872,8.8278212740,0.0024237741,8.4690819713,0.0008520321,0.0335812714
1784079602202934528,-144.899759458,150.428170378,-5.260960589,0.633365034,-0.009002968,0.016175324,0.773631721,0.0000026399,-0.0000000740,-0.0000142481,0.0000022669,0.0000059094,0.0004224731,9.3671929194,8.8469772872,0.0024288983,8.4759590466,0.0008545823,0.0336788974
1784079602269472256,-144.962962881,150.690023556,-5.255925371,0.632871033,-0.007677364,0.016009467,0.774053622,0.0000025822,-0.0000000816,-0.0000133106,0.0000022878,0.0000065147,0.0004225198,9.3999173257,8.8661978693,0.0024347053,8.4831246881,0.0008556108,0.0337763866
1784079602336199424,-145.035749623,150.940904221,-5.250305078,0.632487254,-0.007559807,0.016611799,0.774355713,0.0000025999,-0.0000001003,-0.0000135425,0.0000023039,0.0000069286,0.0004224934,9.4322342242,8.8852153193,0.0024397385,8.4902917891,0.0008567222,0.0338725559
1784079602402675456,-145.053042875,151.215639231,-5.250741058,0.632541418,-0.007615220,0.015358441,0.774336801,0.0000025586,-0.0000000651,-0.0000128458,0.0000022820,0.0000061066,0.0004225341,9.4633563272,8.9045170165,0.0024487898,8.4990097183,0.0008589345,0.0339662821
1784079602469528320,-145.118575794,151.470975613,-5.251486306,0.632077749,-0.009149140,0.015248663,0.774700904,0.0000026201,-0.0000000514,-0.0000137687,0.0000022623,0.0000052138,0.0004225120,9.4977564108,8.9218357783,0.0024576012,8.5012522826,0.0008604470,0.0340660413
1784079602536130304,-145.172286110,151.737396584,-5.250940618,0.632125641,-0.009471452,0.014815644,0.774666356,0.0000026209,-0.0000000410,-0.0000137812,0.0000022557,0.0000048195,0.0004225269,9.5296736011,8.9409784363,0.0024641250,8.5090964629,0.0008646450,0.0341598076
1784079602602632448,-145.213963433,151.999912370,-5.248484625,0.632195383,-0.009743268,0.015275297,0.774597141,0.0000026526,-0.0000000535,-0.0000142187,0.0000022626,0.0000049705,0.0004225053,9.5630402792,8.9599162846,0.0024709425,8.5153431081,0.0008660605,0.0342579767
1784079602669522432,-145.267107772,152.255484422,-5.245978877,0.631876894,-0.010098587,0.015347116,0.774851002,0.0000026743,-0.0000000523,-0.0000144827,0.0000022632,0.0000047974,0.0004225097,9.5960510127,8.9778665048,0.0024823800,8.5200945248,0.0008680350,0.0343555180
1784079602736062464,-145.322325580,152.506284913,-5.248763732,0.631782000,-0.010589643,0.015188562,0.774924946,0.0000026901,-0.0000000417,-0.0000146736,0.0000022578,0.0000043739,0.0004225208,9.6282032924,8.9961817669,0.0024913746,8.5262922254,0.0008706886,0.0344507553
1784079602802553344,-145.365478890,152.766858421,-5.246606402,0.631583402,-0.011310471,0.015350251,0.775073448,0.0000027314,-0.0000000392,-0.0000152450,0.0000022539,0.0000041232,0.0004224942,9.6595321956,9.0141432439,0.0025003468,8.5325467992,0.0008772148,0.0345405049
1784079602869396480,-145.370060317,153.040646035,-5.249501216,0.631757222,-0.010748456,0.016257708,0.774921267,0.0000027374,-0.0000000725,-0.0000153191,0.0000022756,0.0000050283,0.0004224422,9.6924891371,9.0323330961,0.0025002703,8.5378031301,0.0008763119,0.0346373648
1784079602935995648,-145.405340872,153.301261363,-5.247528904,0.631580551,-0.010906866,0.016576424,0.775056301,0.0000027596,-0.0000000829,-0.0000156436,0.0000022798,0.0000051601,0.0004224130,9.7270566325,9.0487866745,0.0025122432,8.5385333336,0.0008781797,0.0347352318
1784079603002606336,-145.448845744,153.551684924,-5.249055023,0.631174923,-0.011497674,0.016550441,0.775378684,0.0000027873,-0.0000000721,-0.0000160088,0.0000022718,0.0000047480,0.0004223955,9.7594923820,9.0659261988,0.0025113113,8.5423875918,0.0008779465,0.0348291164
1784079603069323520,-145.517272750,153.789772729,-5.247606072,0.631088925,-0.010928725,0.016537022,0.775457193,0.0000027584,-0.0000000832,-0.0000156122,0.0000022826,0.0000051501,0.0004223677,9.7910012341,9.0833712535,0.0025168824,8.5474886177,0.0008818787,0.0349223148
1784079603135858432,-145.604480115,154.024067397,-5.247658298,0.630634736,-0.010695232,0.016857030,0.775822971,0.0000027544,-0.0000000988,-0.0000155674,0.0000022915,0.0000056140,0.0004223274,9.8209278599,9.1015617909,0.0025159081,8.5554443266,0.0008825372,0.0350108993
1784079603202699520,-145.669007438,154.264807465,-5.247743454,0.630226348,-0.010534872,0.016938378,0.776155177,0.0000027493,-0.0000000996,-0.0000154906,0.0000022905,0.0000056621,0.0004223191,9.8503384870,9.1208144206,0.0025135656,8.5658401515,0.0008866510,0.0350987610
1784079603269330432,-145.699539173,154.507009152,-5.243002689,0.630090342,-0.011638688,0.016747421,0.776253970,0.0000028080,-0.0000000780,-0.0000162274,0.0000022712,0.0000048389,0.0004222700,9.8810110238,9.1391923296,0.0025179158,8.5735666444,0.0008913420,0.0351905540
1784079603335792640,-145.725298356,154.743931233,-5.243619666,0.629979422,-0.010274751,0.015964626,0.776379732,0.0000027067,-0.0000000677,-0.0000148136,0.0000022774,0.0000050483,0.0004223636,9.9111656044,9.1550195783,0.0025164543,8.5770650421,0.0008922047,0.0352786196
1784079603402636544,-145.755721294,154.978609162,-5.242563265,0.630034284,-0.009781895,0.016293102,0.776334754,0.0000027005,-0.0000000833,-0.0000146926,0.0000022924,0.0000055690,0.0004223258,9.9411809818,9.1705040680,0.0025185776,8.5800452694,0.0008929685,0.0353665644
1784079603469234432,-145.794127426,155.206066262,-5.236052927,0.629656911,-0.009471126,0.015921170,0.776652424,0.0000026771,-0.0000000845,-0.0000143898,0.0000022920,0.0000056363,0.0004223071,9.9708339043,9.1862252727,0.0025100436,8.5837368060,0.0008934050,0.0354505386
1784079603535744512,-145.841990816,155.433085290,-5.240724983,0.629334519,-0.009627684,0.015206247,0.776926085,0.0000026485,-0.0000000527,-0.0000139412,0.0000022739,0.0000048850,0.0004223474,9.9994628748,9.2018610397,0.0025093420,8.5882497608,0.0008929433,0.0355342116
1784079603602538240,-145.854866716,155.665494312,-5.232789114,0.629336278,-0.010258930,0.014834352,0.776923771,0.0000026801,-0.0000000394,-0.0000143578,0.0000022659,0.0000043589,0.0004223388,10.0286499513,9.2183111686,0.0025111352,8.5938422537,0.0008952266,0.0356216849
1784079603669121536,-145.893145738,155.887090315,-5.232563476,0.629130147,-0.009877384,0.014694953,0.777098291,0.0000026509,-0.0000000379,-0.0000138802,0.0000022705,0.0000044626,0.0004223744,10.0582741433,9.2327573611,0.0025124381,8.5954106307,0.0008948026,0.0357076707
1784079603735723520,-145.932541274,156.101476660,-5.222617139,0.629060973,-0.009265324,0.014511619,0.777165271,0.0000026282,-0.0000000436,-0.0000134854,0.0000022805,0.0000047554,0.0004223976,10.0862878942,9.2478850767,0.0025137780,8.5996157300,0.0008931226,0.0357912635
1784079603802471424,-145.953077394,156.325090904,-5.226493779,0.628917904,-0.008806168,0.013737052,0.777300466,0.0000025698,-0.0000000215,-0.0000125568,0.0000022727,0.0000043965,0.0004224548,10.1138071646,9.2630702718,0.0025219317,8.6042969263,0.0008934581,0.0358714803
1784079603868985344,-145.995900077,156.545863340,-5.225580519,0.628551759,-0.008585708,0.012939450,0.777612720,0.0000025416,-0.0000000068,-0.0000120406,0.0000022680,0.0000040677,0.0004224954,10.1425844529,9.2775919898,0.0025259329,8.6068026706,0.0008941859,0.0359554616
1784079603935810560,-146.026984197,156.770201852,-5.226628712,0.628380933,-0.009038036,0.013098737,0.777742978,0.0000025642,-0.0000000055,-0.0000124148,0.0000022656,0.0000038992,0.0004224816,10.1708345492,9.2932606518,0.0025312090,8.6118579483,0.0008988041,0.0360365597
1784079604002423552,-146.089179558,156.987345068,-5.236367756,0.628433676,-0.009355697,0.012152390,0.777711968,0.0000025436,0.0000000226,-0.0000120538,0.0000022522,0.0000030206,0.0004225076,10.1998956436,9.3085531992,0.0025271457,8.6155396486,0.0009007331,0.0361197625
1784079604068917504,-146.125257835,157.198543708,-5.229803572,0.628273473,-0.010523928,0.012378755,0.777822895,0.0000026121,0.0000000277,-0.0000131370,0.0000022503,0.0000026481,0.0004224632,10.2278169891,9.3253649399,0.0025328238,8.6230242831,0.0009065449,0.0362045403
1784079604135747328,-146.171514648,157.401868263,-5.222889836,0.628316731,-0.010692521,0.010355050,0.777815228,0.0000025579,0.0000000747,-0.0000121454,0.0000022431,0.0000012133,0.0004225595,10.2545569778,9.3397361634,0.0025347277,8.6270593527,0.0009067395,0.0362842282
1784079604202317568,-146.201670903,157.602785220,-5.215871766,0.628416740,-0.009523813,0.009469762,0.777760902,0.0000024953,0.0000000765,-0.0000109252,0.0000022483,0.0000012599,0.0004226412,10.2809374423,9.3546998020,0.0025324488,8.6324528486,0.0009088127,0.0363625569
1784079604302432512,-146.256405414,157.917549793,-5.220915532,0.627700434,-0.007174648,0.009104972,0.778368671,0.0000024197,0.0000000601,-0.0000091313,0.0000022654,0.0000022643,0.0004227576,10.3223788383,9.3767749121,0.0025400423,8.6384358295,0.0009130090,0.0364873601
1784079604402290432,-146.317874323,158.220086357,-5.220441196,0.627581799,-0.009274572,0.007923373,0.778455065,0.0000024615,0.0000001001,-0.0000098466,0.0000022626,0.0000003875,0.0004227785,10.3612789659,9.3980681597,0.0025490551,8.6451440482,0.0009164924,0.0366046124
1784079604468724480,-146.348324938,158.423897862,-5.217853145,0.627591394,-0.009641006,0.008039031,0.778441692,0.0000024826,0.0000001017,-0.0000101983,0.0000022667,0.0000003032,0.0004227825,10.3879794919,9.4127943174,0.0025542465,8.6499517087,0.0009215417,0.0366825176
1784079604535598592,-146.383839870,158.625900485,-5.216793636,0.627476937,-0.010078162,0.007659853,0.778532241,0.0000024906,0.0000001137,-0.0000102642,0.0000022711,-0.0000002082,0.0004228013,10.4147687571,9.4268717540,0.0025586924,8.6535390114,0.0009235473,0.0367609999
1784079604602052352,-146.417484579,158.820480333,-5.210529793,0.627435356,-0.009458451,0.005989297,0.778588171,0.0000024376,0.0000001286,-0.0000090220,0.0000022772,-0.0000009552,0.0004228747,10.4407696899,9.4408882155,0.0025593427,8.6576620282,0.0009253139,0.0368370558
1784079604668906496,-146.447000102,159.017686135,-5.207044085,0.626841135,-0.013297111,0.008397834,0.778988354,0.0000026364,0.0000001496,-0.0000127616,0.0000022838,-0.0000013843,0.0004226986,10.4663208558,9.4545221515,0.0025604672,8.6614855692,0.0009258057,0.0369130144
1784079604735502592,-146.484154025,159.224817704,-5.204918279,0.626738212,-0.010816112,0.007795294,0.779115819,0.0000025326,0.0000001191,-0.0000108560,0.0000022853,-0.0000004978,0.0004228304,10.4940760626,9.4690478744,0.0025600029,8.6651374814,0.0009261742,0.0369955590
1784079604801978368,-146.508898729,159.409929598,-5.198060815,0.626997644,-0.009105210,0.007145607,0.778935164,0.0000024684,0.0000001054,-0.0000094215,0.0000022905,-0.0000000018,0.0004229260,10.5185300634,9.4819484187,0.0025642344,8.6685770588,0.0009262238,0.0370691787
1784079604868840448,-146.532604956,159.589515942,-5.198666459,0.627147962,-0.008896818,0.006703348,0.778820483,0.0000024479,0.0000001067,-0.0000089772,0.0000022928,-0.0000002662,0.0004229348,10.5423351400,9.4946036544,0.0025650032,8.6719938165,0.0009279389,0.0371353434
1784079604935444480,-146.569809395,159.783233228,-5.197038944,0.626387129,-0.010770315,0.004999906,0.779421687,0.0000024682,0.0000001513,-0.0000093603,0.0000023097,-0.0000023169,0.0004229233,10.5679155514,9.5084103478,0.0025679084,8.6761624224,0.0009293053,0.0372116552
1784079605001912320,-146.603856146,159.974160718,-5.194349773,0.626238000,-0.012334398,0.004003453,0.779524087,0.0000024946,0.0000001874,-0.0000098726,0.0000023356,-0.0000037984,0.0004228932,10.5930454014,9.5220742219,0.0025672172,8.6804386300,0.0009305941,0.0372855091
1784079605068774400,-146.643544635,160.155578842,-5.181047780,0.626885660,-0.014210950,0.005609471,0.778961457,0.0000026118,0.0000002163,-0.0000121616,0.0000023310,-0.0000038620,0.0004227761,10.6176414096,9.5347941612,0.0025833603,8.6834774625,0.0009368131,0.0373538128
1784079605135370496,-146.652415807,160.343147813,-5.187713691,0.627231219,-0.010760407,0.004778965,0.778744100,0.0000024593,0.0000001569,-0.0000091102,0.0000023123,-0.0000024039,0.0004229703,10.6418320809,9.5480522937,0.0025896395,8.6878313292,0.0009375364,0.0374259286
1784079605201847552,-146.689415885,160.526393637,-5.182751488,0.626753886,-0.013756081,0.005904394,0.779073472,0.0000025982,0.0000001970,-0.0000118660,0.0000023279,-0.0000033034,0.0004228299,10.6666197796,9.5598268571,0.0025943302,8.6890536931,0.0009403709,0.0374979396
1784079605301936384,-146.755890523,160.788463342,-5.169029353,0.626305098,-0.013740685,0.006198600,0.779432290,0.0000026158,0.0000001960,-0.0000120849,0.0000023313,-0.0000031346,0.0004228485,10.7024056514,9.5795543360,0.0026004174,8.6957370573,0.0009415684,0.0376057939
1784079605402065408,-146.791614321,161.056843522,-5.167032460,0.626851442,-0.012038020,0.006237434,0.779020828,0.0000025546,0.0000001618,-0.0000108413,0.0000023269,-0.0000021224,0.0004229580,10.7372454211,9.5994366740,0.0026040673,8.7034727545,0.0009424757,0.0377126454
1784079605468634368,-146.835180886,161.231683639,-5.165130129,0.626959841,-0.015166299,0.008072242,0.778862106,0.0000027338,0.0000001921,-0.0000138394,0.0000023357,-0.0000025749,0.0004227863,10.7610115592,9.6112263182,0.0026212703,8.7055592400,0.0009528894,0.0377786291
1784079605535202560,-146.865888506,161.408803101,-5.163292845,0.627209699,-0.014683936,0.005883286,0.778689773,0.0000026460,0.0000002193,-0.0000123502,0.0000023582,-0.0000037618,0.0004228800,10.7840891285,9.6246260165,0.0026322240,8.7111253088,0.0009565574,0.0378491968
1784079605602041600,-146.913088738,161.580294179,-5.158938956,0.627164809,-0.016122383,0.006147271,0.778695436,0.0000027200,0.0000002514,-0.0000134805,0.0000023742,-0.0000043909,0.0004228146,10.8071319463,9.6368570422,0.0026434292,8.7146403280,0.0009613479,0.0379175101
1784079605668566528,-146.948631975,161.749974067,-5.158533881,0.627416143,-0.013774472,0.005744432,0.778541103,0.0000026169,0.0000002059,-0.0000116964,0.0000023595,-0.0000033631,0.0004229585,10.8299779346,9.6498252461,0.0026511980,8.7196268466,0.0009650410,0.0379868226
1784079605735094528,-146.992042898,161.917438546,-5.156766874,0.627574795,-0.014393567,0.008568643,0.778376053,0.0000027410,0.0000001763,-0.0000136812,0.0000023458,-0.0000019150,0.0004228768,10.8530120011,9.6622463378,0.0026588579,8.7235231639,0.0009688762,0.0380562557
1784079605801891584,-147.040299160,162.085213034,-5.151303446,0.627323601,-0.013871646,0.008287121,0.778591036,0.0000027133,0.0000001722,-0.0000131995,0.0000023479,-0.0000018108,0.0004229239,10.8755158595,9.6751289119,0.0026632875,8.7286410691,0.0009713852,0.0381243411
1784079605868498688,-147.083875357,162.247527283,-5.142418807,0.626733929,-0.012524411,0.009123206,0.779079257,0.0000026912,0.0000001335,-0.0000127823,0.0000023430,-0.0000005430,0.0004229605,10.8970742001,9.6881079125,0.0026627942,8.7346432696,0.0009721832,0.0381901059
1784079605968486656,-147.127717389,162.492108772,-5.134442103,0.627642295,-0.010009901,0.008240875,0.778393885,0.0000025770,0.0000001115,-0.0000105987,0.0000023512,0.0000002641,0.0004231173,10.9300289660,9.7068820353,0.0026701885,8.7420466498,0.0009737913,0.0382925301
1784079606001837568,-147.139806405,162.573580520,-5.121600945,0.628199728,-0.010973889,0.008661241,0.777926513,0.0000026275,0.0000001082,-0.0000116661,0.0000023434,0.0000001206,0.0004230518,10.9408675097,9.7123578509,0.0026650691,8.7431934243,0.0009740158,0.0383197933
1784079606101852416,-147.203318327,162.811604061,-5.124218551,0.627948918,-0.009956146,0.008256837,0.778147066,0.0000025732,0.0000001055,-0.0000105287,0.0000023496,0.0000002249,0.0004231392,10.9736515518,9.7297130658,0.0026657433,8.7482060591,0.0009746234,0.0384192915
1784079606135216384,-147.223657020,162.892942486,-5.124028825,0.627595852,-0.010779362,0.009851778,0.778402334,0.0000026508,0.0000000853,-0.0000119855,0.0000023501,0.0000008953,0.0004230606,10.9842140742,9.7367718357,0.0026652501,8.7524058422,0.0009771305,0.0384515561
1784079606201751552,-147.261598864,163.061454905,-5.127903730,0.626942294,-0.010136074,0.010615328,0.778927426,0.0000026498,0.0000000627,-0.0000119067,0.0000023578,0.0000017082,0.0004230789,11.0070523529,9.7493229513,0.0026680866,8.7567515901,0.0009788941,0.0385215042
1784079606301724416,-147.321506553,163.307405439,-5.120524485,0.627473211,-0.010207161,0.012926597,0.778463928,0.0000027352,0.0000000126,-0.0000132284,0.0000023817,0.0000031656,0.0004230182,11.0404313032,9.7672495115,0.0026738981,8.7623862215,0.0009806803,0.0386245200
1784079606335130368,-147.351393855,163.387627854,-5.117881036,0.627017925,-0.009293050,0.012952238,0.778841704,0.0000026990,0.0000000020,-0.0000126192,0.0000023914,0.0000037001,0.0004230488,11.0513058724,9.7744042840,0.0026741353,8.7665210628,0.0009814682,0.0386591351
1784079606401726464,-147.395335833,163.560455962,-5.114568259,0.625648267,-0.008275549,0.013859402,0.779938252,0.0000026937,-0.0000000291,-0.0000124543,0.0000024179,0.0000048653,0.0004230524,11.0745359451,9.7881181837,0.0026778946,8.7726310134,0.0009837778,0.0387321859
1784079606501713408,-147.451790237,163.833318896,-5.109651835,0.625805538,-0.007568088,0.013129554,0.779831884,0.0000026562,-0.0000000157,-0.0000116370,0.0000024254,0.0000047770,0.0004231457,11.1115579776,9.8085274349,0.0026855499,8.7798903144,0.0009856654,0.0388486379
1784079606568124416,-147.490021195,164.012764881,-5.103870260,0.625959812,-0.009943897,0.015419505,0.779639450,0.0000028297,-0.0000000541,-0.0000143628,0.0000024364,0.0000050331,0.0004229969,11.1361004706,9.8219626441,0.0026902136,8.7845406595,0.0009857876,0.0389250927
1784079606601658368,-147.512299876,164.106472025,-5.101696215,0.626004283,-0.008506948,0.013973114,0.779648011,0.0000027186,-0.0000000255,-0.0000126262,0.0000024306,0.0000048524,0.0004231111,11.1487079066,9.8289745738,0.0026890961,8.7870954376,0.0009848703,0.0389629757
1784079606701585408,-147.569187505,164.390925567,-5.096831364,0.625053034,-0.007455156,0.015752079,0.780387723,0.0000027413,-0.0000000797,-0.0000128789,0.0000024846,0.0000065871,0.0004230861,11.1872247205,9.8498926167,0.0026931377,8.7941228663,0.0009857461,0.0390830278
1784079606734983424,-147.602633527,164.486504389,-5.096501125,0.624933265,-0.006208204,0.015307905,0.780503389,0.0000026777,-0.0000000721,-0.0000118067,0.0000024955,0.0000069405,0.0004231387,11.2004829315,9.8570860797,0.0026897782,8.7964961817,0.0009851697,0.0391230973
1784079606834909440,-147.669833663,164.771426606,-5.093593198,0.624473469,-0.005878352,0.016563441,0.780848247,0.0000027132,-0.0000001077,-0.0000122638,0.0000025395,0.0000079103,0.0004231225,11.2400722444,9.8792950094,0.0026946382,8.8050208293,0.0009860034,0.0392486563
1784079606901379328,-147.693933132,164.984666181,-5.089643101,0.624848421,-0.004365621,0.014806778,0.780593461,0.0000026139,-0.0000000636,-0.0000103325,0.0000025313,0.0000075954,0.0004232535,11.2671168418,9.8949031650,0.0027045277,8.8115970387,0.0009880800,0.0393335112
1784079606968239616,-147.741696127,165.181839711,-5.080121571,0.625202965,-0.006762314,0.013511361,0.780315941,0.0000026682,-0.0000000231,-0.0000112915,0.0000024696,0.0000054458,0.0004232972,11.2955496013,9.9094022328,0.0027103710,8.8152062614,0.0009871972,0.0394214941
1784079607101366528,-147.843419483,165.594300918,-5.078492201,0.626103493,-0.009688606,0.010040838,0.779615115,0.0000026839,0.0000000801,-0.0000113602,0.0000024183,0.0000016216,0.0004234186,11.3524388941,9.9411422901,0.0027248181,8.8272674074,0.0009901508,0.0396030853
1784079607168168448,-147.890832691,165.801570500,-5.076223624,0.626128128,-0.011627839,0.010657198,0.779560636,0.0000027824,0.0000000938,-0.0000129658,0.0000024203,0.0000009743,0.0004233547,11.3812328958,9.9569036639,0.0027308171,8.8328504627,0.0009919748,0.0396946037
1784079607234796544,-147.931836388,166.011492167,-5.070560694,0.626581171,-0.009701322,0.008585604,0.779248489,0.0000026546,0.0000001098,-0.0000105807,0.0000024242,0.0000006290,0.0004235170,11.4098150393,9.9723795389,0.0027398986,8.8381297041,0.0009928421,0.0397850260
1784079607301256448,-147.984396380,166.220831332,-5.062989201,0.626695251,-0.009033713,0.009259596,0.779157053,0.0000026576,0.0000000880,-0.0000105806,0.0000024304,0.0000014349,0.0004235250,11.4391074262,9.9878881782,0.0027443915,8.8429067394,0.0009932216,0.0398763548
1784079607368094464,-148.027409923,166.437613859,-5.059178045,0.626855103,-0.008458368,0.010118182,0.779024235,0.0000026641,0.0000000648,-0.0000106117,0.0000024428,0.0000023270,0.0004235389,11.4688180891,10.0044284843,0.0027508687,8.8492007128,0.0009941467,0.0399708663
1784079607434714624,-148.078925080,166.656929217,-5.053561458,0.627113110,-0.008350291,0.010079084,0.778818228,0.0000026655,0.0000000637,-0.0000105459,0.0000024476,0.0000023590,0.0004235646,11.4991831383,10.0208428694,0.0027592692,8.8547972767,0.0009955445,0.0400673624
1784079607501312512,-148.127327938,166.877535893,-5.044919018,0.626952855,-0.008895268,0.010181869,0.778939870,0.0000026934,0.0000000713,-0.0000109788,0.0000024503,0.0000020700,0.0004235729,11.5299504083,10.0379089519,0.0027672547,8.8612593034,0.0009959575,0.0401665656
1784079607568033536,-148.189251372,167.094889709,-5.036059274,0.626962339,-0.007205413,0.008766569,0.778966915,0.0000026108,0.0000000823,-0.0000091637,0.0000024505,0.0000020291,0.0004236818,11.5601143550,10.0542696027,0.0027813289,8.8669465180,0.0009997706,0.0402606480
1784079607634522368,-148.232879785,167.314022348,-5.032253142,0.627218303,-0.007366498,0.009220885,0.778754076,0.0000026265,0.0000000738,-0.0000094254,0.0000024585,0.0000023228,0.0004236933,11.5904054455,10.0716221126,0.0027888666,8.8742806568,0.0010011077,0.0403578942
1784079607701363456,-148.281207865,167.548437330,-5.034339748,0.627768806,-0.007511309,0.008594199,0.778316161,0.0000026103,0.0000000848,-0.0000091153,0.0000024581,0.0000018395,0.0004236955,11.6225328653,10.0888103358,0.0027970745,8.8798712836,0.0010023888,0.0404599335
1784079607767967488,-148.327643437,167.780819908,-5.029976414,0.628149739,-0.009102117,0.008405496,0.777993833,0.0000026582,0.0000001044,-0.0000101043,0.0000024566,0.0000008524,0.0004236778,11.6552066626,10.1064638820,0.0028057873,8.8859786921,0.0010043675,0.0405645290
1784079607834456320,-148.366830620,168.007646376,-5.022016911,0.628059766,-0.009036220,0.008976959,0.778060853,0.0000026754,0.0000000926,-0.0000104096,0.0000024632,0.0000012680,0.0004236779,11.6866058144,10.1230842655,0.0028128582,8.8912615845,0.0010048168,0.0406645737
1784079607901356544,-148.405634022,168.238683702,-5.016045617,0.628603440,-0.006481917,0.008268551,0.777655021,0.0000025861,0.0000000806,-0.0000083524,0.0000024748,0.0000021527,0.0004237800,11.7190906902,10.1395814171,0.0028205484,8.8955415349,0.0010053303,0.0407674722
1784079607967847424,-148.437155619,168.470223242,-5.010311746,0.628813716,-0.007180395,0.010776564,0.777448145,0.0000026669,0.0000000423,-0.0000101397,0.0000024973,0.0000033826,0.0004236993,11.7516521776,10.1562549727,0.0028252971,8.9000792724,0.0010064987,0.0408721237
1784079608034385408,-148.492817244,168.702125625,-5.007038206,0.629150643,-0.006867442,0.009537422,0.777194535,0.0000026305,0.0000000621,-0.0000092840,0.0000024935,0.0000027616,0.0004237626,11.7845186115,10.1730253907,0.0028326162,8.9045919693,0.0010065114,0.0409774291
1784079608101288448,-148.541277890,168.934556109,-5.001340722,0.629032845,-0.006641952,0.009282858,0.777294920,0.0000026235,0.0000000662,-0.0000089758,0.0000025001,0.0000026880,0.0004238037,11.8167989197,10.1909622678,0.0028398910,8.9115868500,0.0010071555,0.0410833405
1784079608167887360,-148.592342272,169.167030434,-4.998317685,0.629315356,-0.005771793,0.010029726,0.777063880,0.0000026200,0.0000000484,-0.0000087850,0.0000025209,0.0000036132,0.0004238210,11.8497023613,10.2082205383,0.0028478579,8.9169658445,0.0010079723,0.0411896997
1784079608234439424,-148.633021233,169.410813680,-4.994219294,0.629685136,-0.004824620,0.009718382,0.776774682,0.0000025896,0.0000000466,-0.0000079888,0.0000025300,0.0000039282,0.0004238646,11.8832370385,10.2261838943,0.0028566231,8.9230775581,0.0010119727,0.0412929665
1784079608301157376,-148.678131514,169.649137795,-4.990253890,0.629449323,-0.005722029,0.010740596,0.776946232,0.0000026411,0.0000000314,-0.0000091332,0.0000025395,0.0000041256,0.0004238394,11.9174186257,10.2437502071,0.0028683235,8.9280976461,0.0010140033,0.0414019467
1784079608367632384,-148.711427787,169.894947556,-4.981720853,0.629552149,-0.004712046,0.011972648,0.776851688,0.0000026460,0.0000000004,-0.0000091609,0.0000025752,0.0000055083,0.0004238237,11.9514663715,10.2614289122,0.0028847971,8.9334098533,0.0010186763,0.0415095466
1784079608434494464,-148.733957623,170.147245808,-4.984257352,0.629961557,-0.002665421,0.011785081,0.776532320,0.0000025867,0.0000000054,-0.0000076104,0.0000026017,0.0000064663,0.0004238685,11.9867832807,10.2789396798,0.0029042312,8.9375182208,0.0010239765,0.0416191022
1784079608501087488,-148.774638250,170.393166849,-4.979695200,0.630037706,-0.002566350,0.013612893,0.776440978,0.0000026292,-0.0000000357,-0.0000086191,0.0000026478,0.0000077310,0.0004238100,12.0222447560,10.2956713142,0.0029172386,8.9402554095,0.0010282266,0.0417298779
1784079608567618304,-148.821527886,170.639987019,-4.976190618,0.630338282,-0.003471178,0.014097472,0.776184812,0.0000026685,-0.0000000458,-0.0000094532,0.0000026443,0.0000075235,0.0004238059,12.0574246251,10.3136597693,0.0029301605,8.9453732009,0.0010304786,0.0418419701
1784079608634416640,-148.877066097,170.887672346,-4.973018073,0.630001197,-0.001400410,0.013438390,0.776476619,0.0000026009,-0.0000000265,-0.0000077198,0.0000026716,0.0000081904,0.0004238712,12.0928688398,10.3322060347,0.0029426696,8.9512509595,0.0010337577,0.0419550975
1784079608701058304,-148.926212515,171.137097972,-4.965423640,0.630307195,-0.002709952,0.014178952,0.776211603,0.0000026581,-0.0000000471,-0.0000090386,0.0000026697,0.0000079885,0.0004238505,12.1282515728,10.3513074265,0.0029526645,8.9581524755,0.0010353722,0.0420705488
1784079608767512576,-148.977600181,171.386043789,-4.959347643,0.630550525,-0.003663806,0.014353982,0.776006814,0.0000026943,-0.0000000503,-0.0000097377,0.0000026603,0.0000075961,0.0004238607,12.1636770354,10.3699200831,0.0029642529,8.9642263133,0.0010359290,0.0421846778
1784079608834353408,-149.034731291,171.640915002,-4.953580401,0.630362667,-0.003036230,0.014503502,0.776159351,0.0000026828,-0.0000000530,-0.0000094258,0.0000026777,0.0000079992,0.0004238867,12.2002041334,10.3891123014,0.0029782787,8.9705157907,0.0010379083,0.0423018471
1784079608900952576,-149.082481572,171.896296126,-4.947193580,0.630706369,-0.002141662,0.014807414,0.775877329,0.0000026668,-0.0000000556,-0.0000090186,0.0000027055,0.0000086249,0.0004239054,12.2363808050,10.4083935581,0.0029896449,8.9772178189,0.0010403507,0.0424185249
1784079608967560448,-149.132345655,172.153851697,-4.946155866,0.630520713,-0.001342881,0.015818370,0.776010055,0.0000026686,-0.0000000787,-0.0000089768,0.0000027602,0.0000097802,0.0004238822,12.2734349365,10.4273811191,0.0029994334,8.9828043115,0.0010417770,0.0425383917
1784079609034284288,-149.177251381,172.423458522,-4.945343958,0.631006521,-0.000375333,0.015296115,0.775626623,0.0000026342,-0.0000000582,-0.0000080570,0.0000027712,0.0000099429,0.0004239141,12.3110489981,10.4468873577,0.0029994313,8.9888194862,0.0010439164,0.0426571270
1784079609100831488,-149.233172328,172.686764127,-4.944562378,0.630820381,-0.002396553,0.016926715,0.775740543,0.0000027318,-0.0000001084,-0.0000102189,0.0000027740,0.0000099075,0.0004238503,12.3494765820,10.4667016837,0.0030094122,8.9948841595,0.0010468518,0.0427802327
1784079609167532544,-149.285889042,172.953627609,-4.943795574,0.630746501,-0.001452609,0.016626876,0.775809441,0.0000026989,-0.0000000977,-0.0000094384,0.0000027942,0.0000102366,0.0004239000,12.3879569227,10.4870802659,0.0030212095,9.0019025732,0.0010494977,0.0429047429
1784079609234215424,-149.334716772,173.221770424,-4.945412640,0.631269075,-0.003010104,0.016731935,0.775377545,0.0000027476,-0.0000001045,-0.0000104685,0.0000027633,0.0000095368,0.0004239091,12.4261432434,10.5068991462,0.0030350467,9.0082030514,0.0010542233,0.0430260863
1784079609300691456,-149.389133743,173.489055379,-4.941830315,0.631126262,-0.003941062,0.017459789,0.775473575,0.0000028084,-0.0000001265,-0.0000115754,0.0000027638,0.0000094629,0.0004238770,12.4653961866,10.5269851063,0.0030496880,9.0142176658,0.0010595139,0.0431530360
1784079609367600384,-149.445411196,173.766731162,-4.935677466,0.631248964,-0.003815703,0.016574334,0.775393756,0.0000027831,-0.0000000976,-0.0000110560,0.0000027419,0.0000089111,0.0004239454,12.5045049856,10.5474088964,0.0030696494,9.0209159809,0.0010665597,0.0432790077
1784079609434183424,-149.499663242,174.038095707,-4.933916466,0.631435786,-0.005096461,0.017020287,0.775224602,0.0000028409,-0.0000001102,-0.0000120492,0.0000027293,0.0000085718,0.0004239236,12.5444918933,10.5682641321,0.0030803266,9.0277494249,0.0010667090,0.0434082522
1784079609500620288,-149.537670630,174.317489091,-4.927379186,0.631764272,-0.003738907,0.016040449,0.774985567,0.0000027716,-0.0000000829,-0.0000107196,0.0000027363,0.0000086433,0.0004240159,12.5841322274,10.5887622993,0.0030894281,9.0342673400,0.0010694546,0.0435374201
1784079609567582464,-149.596752558,174.588407689,-4.921310675,0.631905447,-0.004478993,0.016667504,0.774853302,0.0000028181,-0.0000000983,-0.0000115296,0.0000027410,0.0000086311,0.0004239970,12.6249819296,10.6087240419,0.0030988600,9.0390772741,0.0010691488,0.0436699373
1784079609634075392,-149.646944977,174.861067422,-4.913492751,0.632199534,-0.005289498,0.015237290,0.774637719,0.0000028084,-0.0000000577,-0.0000113492,0.0000026945,0.0000072944,0.0004240720,12.6647688911,10.6296490786,0.0031046969,9.0462256186,0.0010705318,0.0438004247
1784079609700679424,-149.705035136,175.134944033,-4.907398723,0.632782353,-0.005569939,0.014507368,0.774173757,0.0000027998,-0.0000000368,-0.0000111237,0.0000026785,0.0000066454,0.0004241313,12.7044748873,10.6500012829,0.0031121998,9.0525451338,0.0010693197,0.0439304821
1784079609767417344,-149.756289364,175.410179161,-4.897834240,0.633107152,-0.006397585,0.013579915,0.773918595,0.0000028087,-0.0000000122,-0.0000112231,0.0000026555,0.0000056660,0.0004241820,12.7445729317,10.6710558695,0.0031182577,9.0597866323,0.0010685651,0.0440625715
1784079609833884416,-149.800324675,175.690868107,-4.888521693,0.633507096,-0.005663514,0.012340066,0.773617739,0.0000027521,0.0000000120,-0.0000100717,0.0000026496,0.0000052745,0.0004242742,12.7851407116,10.6917294635,0.0031228121,9.0660712082,0.0010682790,0.0441946315
1784079609900736512,-149.855365111,175.968174421,-4.877270866,0.633662195,-0.006326250,0.012061236,0.773489966,0.0000027706,0.0000000228,-0.0000104091,0.0000026385,0.0000046774,0.0004242985,12.8266923752,10.7121614510,0.0031328794,9.0713114121,0.0010693878,0.0443297294
1784079609967381504,-149.945117397,176.240109636,-4.867745302,0.633871842,-0.005416014,0.011013876,0.773340707,0.0000027147,0.0000000384,-0.0000092583,0.0000026321,0.0000044514,0.0004243350,12.8675376772,10.7330032235,0.0031564132,9.0776805854,0.0010752183,0.0444622125
1784079610033816576,-149.993925513,176.512792018,-4.854832356,0.634197094,-0.005812641,0.011301514,0.773066967,0.0000027366,0.0000000374,-0.0000097136,0.0000026324,0.0000043665,0.0004243347,12.9070832227,10.7560241984,0.0031671722,9.0886238535,0.0010786386,0.0445952707
1784079610100669440,-150.026990023,176.792550920,-4.840922251,0.634298882,-0.005341252,0.011454487,0.772984602,0.0000027272,0.0000000317,-0.0000094840,0.0000026407,0.0000047559,0.0004243428,12.9477050349,10.7766157892,0.0031735198,9.0948056224,0.0010799289,0.0447276747
1784079610167300352,-150.069831904,177.078774620,-4.831233154,0.634611365,-0.005247636,0.010988775,0.772735482,0.0000027126,0.0000000415,-0.0000090824,0.0000026396,0.0000045073,0.0004243825,12.9890426522,10.7962194071,0.0031839902,9.0989232046,0.0010789132,0.0448629329
1784079610233752576,-150.133505860,177.364806017,-4.825747092,0.635037608,-0.004158436,0.009813924,0.772407684,0.0000026615,0.0000000576,-0.0000076833,0.0000026418,0.0000043620,0.0004244485,13.0313724452,10.8168755469,0.0031995985,9.1041355185,0.0010800085,0.0450027412
1784079610300595456,-150.159360158,177.663408038,-4.823779190,0.635691197,-0.004391162,0.009292720,0.771875032,0.0000026559,0.0000000684,-0.0000074795,0.0000026348,0.0000037928,0.0004244819,13.0737565933,10.8391114623,0.0032119923,9.1119635786,0.0010823563,0.0451436657
1784079610367213568,-150.220150474,177.947011711,-4.818955815,0.636119482,-0.004041033,0.008434128,0.771533888,0.0000026410,0.0000000789,-0.0000068536,0.0000026353,0.0000034464,0.0004245402,13.1182260147,10.8593622999,0.0032221527,9.1151516771,0.0010828642,0.0452897966
1784079610433807360,-150.260007456,178.230248119,-4.809803935,0.636597958,-0.004696785,0.008754522,0.771131855,0.0000026694,0.0000000744,-0.0000075341,0.0000026378,0.0000033361,0.0004245395,13.1607846513,10.8814321664,0.0032318226,9.1226225826,0.0010884220,0.0454309241
1784079610500535552,-150.316084922,178.524116248,-4.804522865,0.637104811,-0.004972745,0.008394681,0.770715422,0.0000026722,0.0000000805,-0.0000074913,0.0000026370,0.0000029877,0.0004245559,13.2030603250,10.9017839014,0.0032305655,9.1274635479,0.0010877567,0.0455678458
1784079610567056384,-150.412311222,178.811544812,-4.802340419,0.637409132,-0.005216921,0.010337181,0.770438528,0.0000027167,0.0000000485,-0.0000086116,0.0000026556,0.0000041265,0.0004244807,13.2465563645,10.9237547914,0.0032195753,9.1341661559,0.0010833157,0.0457090338
1784079610666984448,-150.515991386,179.248057206,-4.799084920,0.638275173,-0.005918049,0.008464383,0.769739004,0.0000027027,0.0000000859,-0.0000080273,0.0000026390,0.0000024699,0.0004245678,13.3115920873,10.9596460700,0.0032258141,9.1493205970,0.0010827137,0.0459289226
1784079610733903360,-150.584410319,179.540178476,-4.797002788,0.638560855,-0.005846867,0.006918897,0.769518016,0.0000026779,0.0000001079,-0.0000071949,0.0000026342,0.0000014576,0.0004246248,13.3555444987,10.9834658334,0.0032273530,9.1588648708,0.0010822049,0.0460755522
1784079610833800448,-150.645119730,179.986688756,-4.797404670,0.639759848,-0.005333092,0.008803377,0.768505950,0.0000027049,0.0000000786,-0.0000078429,0.0000026563,0.0000029916,0.0004245763,13.4209293150,11.0169285003,0.0032181089,9.1698056935,0.0010762578,0.0462908167
1784079610933803520,-150.718447237,180.428659914,-4.789082145,0.640966158,-0.005721017,0.010302118,0.767478678,0.0000027606,0.0000000561,-0.0000089879,0.0000026810,0.0000036915,0.0004245706,13.4877686585,11.0486555720,0.0032368143,9.1771319351,0.0010762849,0.0465150303
1784079611000391424,-150.772340062,180.727649991,-4.781020001,0.641625405,-0.006213882,0.009230366,0.766937434,0.0000027567,0.0000000789,-0.0000087395,0.0000026745,0.0000027228,0.0004246252,13.5325798803,11.0707543078,0.0032489717,9.1834306427,0.0010745991,0.0466651855
1784079611033727488,-150.796971793,180.877198220,-4.779131795,0.642152318,-0.005110651,0.007798953,0.766520357,0.0000027023,0.0000000947,-0.0000072278,0.0000026742,0.0000023904,0.0004246984,13.5551410412,11.0821481781,0.0032536670,9.1870453751,0.0010727131,0.0467399700
1784079611100325376,-150.845969452,181.173349020,-4.771793767,0.643460376,-0.005350197,0.008843613,0.765409636,0.0000027348,0.0000000814,-0.0000079617,0.0000026894,0.0000029114,0.0004246958,13.5999532611,11.1038228851,0.0032652635,9.1926988660,0.0010713844,0.0468900240
1784079611166964480,-150.889878370,181.471800791,-4.763462703,0.644382861,-0.005014241,0.008519262,0.764639136,0.0000027234,0.0000000839,-0.0000075737,0.0000026969,0.0000029195,0.0004247393,13.6448573097,11.1256525123,0.0032715837,9.1985725654,0.0010697109,0.0470378214
1784079611233659392,-150.932546562,181.771774142,-4.755679612,0.645255182,-0.005859329,0.009997255,0.763879227,0.0000027798,0.0000000656,-0.0000089195,0.0000027107,0.0000033882,0.0004247089,13.6898284752,11.1473343380,0.0032800321,9.2041812756,0.0010686544,0.0471865666
1784079611333620480,-150.999396649,182.217986521,-4.744091120,0.646664746,-0.005560732,0.009673993,0.762692728,0.0000027712,0.0000000718,-0.0000085587,0.0000027203,0.0000033231,0.0004247697,13.7586728309,11.1799467770,0.0033008008,9.2119194929,0.0010693000,0.0474137604
1784079611367029504,-151.019841619,182.365360624,-4.740521772,0.647388385,-0.004957113,0.009804632,0.762081081,0.0000027589,0.0000000671,-0.0000082546,0.0000027290,0.0000037256,0.0004247866,13.7810502078,11.1907092895,0.0033037797,9.2146938542,0.0010710377,0.0474834111
1784079611433605376,-151.048676056,182.663288664,-4.738576907,0.648249646,-0.005291140,0.011339691,0.761325037,0.0000028054,0.0000000419,-0.0000093178,0.0000027510,0.0000045290,0.0004247523,13.8255935992,11.2115996090,0.0033224926,9.2194170044,0.0010762684,0.0476256048
1784079611533562368,-151.088821363,183.093206277,-4.720037023,0.649877584,-0.006674668,0.014285921,0.759875310,0.0000029299,-0.0000000109,-0.0000118945,0.0000027727,0.0000054770,0.0004246259,13.8937733029,11.2426959467,0.0033271435,9.2251681782,0.0010972520,0.0478218172
1784079611566966528,-151.101547801,183.249614860,-4.715421593,0.650878788,-0.002542596,0.011381708,0.759092086,0.0000027251,0.0000000340,-0.0000075586,0.0000027882,0.0000060723,0.0004248196,13.9144498095,11.2512902433,0.0033276159,9.2255783117,0.0011048346,0.0478770973
1784079611633513472,-151.126761446,183.565194983,-4.707565059,0.651810287,-0.005064413,0.013491263,0.758245136,0.0000028423,-0.0000000012,-0.0000103474,0.0000027851,0.0000059326,0.0004247317,13.9602477109,11.2720463349,0.0033448290,9.2293416701,0.0011177877,0.0480182185
1784079611700052480,-151.167929438,183.861052487,-4.702695538,0.653209617,-0.003227294,0.011882763,0.757076998,0.0000027544,0.0000000282,-0.0000083302,0.0000027872,0.0000058909,0.0004248485,14.0090292015,11.2935016342,0.0033654179,9.2323566524,0.0011326491,0.0481669414
1784079611800041472,-151.217703735,184.302755603,-4.689230289,0.655418444,-0.003992666,0.014140575,0.755123014,0.0000028345,-0.0000000208,-0.0000101194,0.0000028225,0.0000068880,0.0004247843,14.0768433969,11.3247294934,0.0033955041,9.2388913227,0.0011485500,0.0483733708
1784079611833568512,-151.238566567,184.446958752,-4.687575446,0.656107938,-0.004007106,0.014131072,0.754524108,0.0000028280,-0.0000000191,-0.0000100417,0.0000028192,0.0000068663,0.0004247968,14.0994354673,11.3352138420,0.0034102919,9.2411908791,0.0011565997,0.0484337736
1784079611933402624,-151.302841727,184.883759705,-4.672237990,0.658277374,-0.005101158,0.015432016,0.752599980,0.0000029107,-0.0000000498,-0.0000115824,0.0000028299,0.0000070522,0.0004247499,14.1671881758,11.3661057667,0.0034666285,9.2473034334,0.0011790242,0.0486333067
1784079611966849536,-151.314286465,185.029012226,-4.668120979,0.659427032,-0.004016477,0.014496056,0.751618069,0.0000028473,-0.0000000323,-0.0000103923,0.0000028311,0.0000071054,0.0004248205,14.1890442660,11.3773526257,0.0034871102,9.2513288307,0.0011823650,0.0486909140
1784079612066757376,-151.350572940,185.467106476,-4.659409646,0.662303945,-0.004902834,0.015262416,0.749063752,0.0000029038,-0.0000000477,-0.0000113928,0.0000028414,0.0000070791,0.0004248210,14.2568212370,11.4072572941,0.0035263672,9.2560122949,0.0011840509,0.0489022375
1784079612100153344,-151.360478284,185.616183970,-4.658320383,0.663467262,-0.003882340,0.014114290,0.748062101,0.0000028360,-0.0000000211,-0.0000100900,0.0000028364,0.0000069111,0.0004249060,14.2793810948,11.4170020049,0.0035464802,9.2572336901,0.0011858859,0.0489617581
1784079612200069376,-151.381469818,186.075538811,-4.669814372,0.666755642,-0.004919754,0.015202221,0.745105094,0.0000029024,-0.0000000403,-0.0000113000,0.0000028467,0.0000070004,0.0004248907,14.3482255997,11.4469655477,0.0035995398,9.2613857951,0.0011986961,0.0491621326
1784079612333164544,-151.403365371,186.669197363,-4.676037741,0.671386940,-0.004929842,0.014829282,0.740942215,0.0000029067,-0.0000000317,-0.0000112162,0.0000028502,0.0000066970,0.0004249743,14.4424473740,11.4860200932,0.0036532668,9.2641952061,0.0012144995,0.0494529542
1784079612400008448,-151.417018888,186.965697777,-4.680865530,0.673659349,-0.006312089,0.016205716,0.738837339,0.0000030033,-0.0000000565,-0.0000128953,0.0000028492,0.0000066832,0.0004249020,14.4890194297,11.5045934828,0.0037005030,9.2644510906,0.0012286885,0.0495694680
1784079612466617344,-151.419739247,187.263646093,-4.691875815,0.675824737,-0.006133989,0.015693023,0.736869750,0.0000029791,-0.0000000410,-0.0000124412,0.0000028459,0.0000064942,0.0004249683,14.5356288530,11.5240217890,0.0037440588,9.2661043806,0.0012353421,0.0496965399
1784079612533084416,-151.437327475,187.560479389,-4.687537338,0.678166557,-0.006506017,0.015335713,0.734719408,0.0000029921,-0.0000000277,-0.0000125783,0.0000028402,0.0000059632,0.0004250127,14.5815781216,11.5420762192,0.0037678820,9.2660672039,0.0012398048,0.0498445002
1784079612599935488,-151.463345858,187.853589354,-4.682460048,0.680641387,-0.005692820,0.014580653,0.732449519,0.0000029433,-0.0000000128,-0.0000117080,0.0000028238,0.0000058913,0.0004250363,14.6281312875,11.5616884782,0.0036239452,9.2678605750,0.0012447977,0.0498599760
1784079612666416384,-151.473031949,188.146658540,-4.674726275,0.682699748,-0.005515143,0.015131470,0.730521510,0.0000029592,-0.0000000249,-0.0000119235,0.0000028359,0.0000062437,0.0004250397,14.6734127717,11.5813913203,0.0036196103,9.2708552771,0.0012536874,0.0499489435
1784079612733265408,-151.477223486,188.438926568,-4.665070620,0.684942230,-0.004984979,0.013792352,0.728449766,0.0000029062,0.0000000041,-0.0000108588,0.0000028238,0.0000057454,0.0004251359,14.7201161438,11.6004284910,0.0036117355,9.2719647164,0.0012629606,0.0500348421
1784079612799871488,-151.470725685,188.739013271,-4.649353236,0.687094159,-0.005475247,0.014573512,0.726401577,0.0000029490,-0.0000000083,-0.0000116046,0.0000028275,0.0000058673,0.0004251147,14.7655411553,11.6183394189,0.0035997428,9.2721405708,0.0012580366,0.0501060569
1784079612866348544,-151.463668923,189.029819565,-4.637723664,0.689342468,-0.004343331,0.014132243,0.724284735,0.0000029066,-0.0000000046,-0.0000107198,0.0000028387,0.0000062318,0.0004251784,14.8127609864,11.6360802653,0.0035913379,9.2709846703,0.0012625914,0.0501962571
1784079612933199360,-151.473282919,189.330859458,-4.595242580,0.691387473,-0.002202946,0.014533906,0.722334600,0.0000028592,-0.0000000130,-0.0000097877,0.0000028696,0.0000075453,0.0004252032,14.8586486045,11.6533805114,0.0036005410,9.2699955666,0.0012737605,0.0501920480
1784079612999794432,-151.462092087,189.619638925,-4.585715659,0.693577560,-0.002728865,0.014977861,0.720221067,0.0000028821,-0.0000000218,-0.0000102565,0.0000028694,0.0000076317,0.0004252009,14.9065398861,11.6727382512,0.0035838857,9.2710215224,0.0012536009,0.0502484606
1784079613066290432,-151.439705689,189.927001867,-4.584818890,0.695993373,-0.003069729,0.014216109,0.717900901,0.0000028659,0.0000000063,-0.0000099723,0.0000028352,0.0000069532,0.0004252602,14.9526221927,11.6897313111,0.0036065205,9.2695194894,0.0012764318,0.0502154630
1784079613133174528,-151.440659946,190.226171761,-4.587214342,0.698270884,-0.003115520,0.014774401,0.715674356,0.0000028860,-0.0000000088,-0.0000103337,0.0000028463,0.0000072559,0.0004252686,15.0011041350,11.7066636595,0.0036294073,9.2665612844,0.0012928708,0.0503044956
1784079613199730432,-151.436694811,190.520408411,-4.584817613,0.700448215,-0.003860782,0.015139987,0.713532181,0.0000029275,-0.0000000152,-0.0000110468,0.0000028397,0.0000069699,0.0004252792,15.0482116310,11.7249247229,0.0036469394,9.2665872706,0.0013123552,0.0504052367
1784079613266204416,-151.430101629,190.828920399,-4.586532252,0.702556738,-0.004714805,0.014911612,0.711455863,0.0000029470,-0.0000000029,-0.0000113702,0.0000028125,0.0000062121,0.0004253209,15.0950841075,11.7426357708,0.0036776775,9.2659163858,0.0013440145,0.0504589969
1784079613333085440,-151.434920441,191.110870990,-4.563794159,0.704840406,-0.005622076,0.014216232,0.709201165,0.0000029650,0.0000000118,-0.0000116824,0.0000027811,0.0000053226,0.0004253613,15.1451424913,11.7613748850,0.0037228723,9.2649487136,0.0013887487,0.0505058312
1784079613399538432,-151.433161706,191.404155858,-4.571735585,0.706590459,-0.005922662,0.014755878,0.707444068,0.0000029901,-0.0000000011,-0.0000120825,0.0000027817,0.0000054679,0.0004253702,15.1892818351,11.7786233819,0.0037560983,9.2653017713,0.0014060002,0.0505609984
1784079613466431488,-151.397146047,191.703456861,-4.561059568,0.708997951,-0.004094291,0.014776153,0.705043834,0.0000029316,-0.0000000128,-0.0000110840,0.0000027964,0.0000064850,0.0004253977,15.2359368438,11.7962116070,0.0036625672,9.2646628217,0.0013900505,0.0504981451
1784079613532986368,-151.389761999,192.000411518,-4.566417466,0.711037835,-0.003041197,0.013575067,0.703016121,0.0000028609,0.0000000122,-0.0000096799,0.0000027868,0.0000063915,0.0004254982,15.2840423325,11.8116883654,0.0036504853,9.2599912201,0.0013823157,0.0504985525
1784079613599467520,-151.366897171,192.295177855,-4.581788716,0.712841294,-0.004770536,0.012025524,0.701206046,0.0000028582,0.0000000613,-0.0000097799,0.0000027222,0.0000044123,0.0004255674,15.3314540342,11.8294552993,0.0036634275,9.2592940953,0.0013788724,0.0504343161
1784079613666319360,-151.341039855,192.593537445,-4.582514224,0.715431531,-0.003065484,0.010840579,0.698592019,0.0000027828,0.0000000823,-0.0000080728,0.0000027197,0.0000046901,0.0004256374,15.3788061065,11.8455699036,0.0035799430,9.2561018463,0.0013455512,0.0503522425
1784079613732932608,-151.317640683,192.890559856,-4.599032995,0.718099235,-0.002878239,0.011417163,0.695841112,0.0000027834,0.0000000702,-0.0000082087,0.0000027155,0.0000050527,0.0004256488,15.4257464806,11.8610541031,0.0035734583,9.2522956392,0.0013558093,0.0503232321
1784079613799399424,-151.298181811,193.187181932,-4.589235952,0.719494938,-0.002669933,0.011868154,0.694391138,0.0000027990,0.0000000632,-0.0000085451,0.0000027272,0.0000054473,0.0004256504,15.4746074265,11.8782586494,0.0035255066,9.2500762998,0.0013492835,0.0503929575
1784079613866254592,-151.286087476,193.483587078,-4.587736020,0.721891097,-0.005545777,0.009811899,0.691914890,0.0000028177,0.0000001242,-0.0000089484,0.0000026726,0.0000024882,0.0004257192,15.5229556583,11.8950573789,0.0034804286,9.2475981061,0.0013343260,0.0504453541
1784079613932852480,-151.280000504,193.783515246,-4.557907037,0.724701021,-0.007453256,0.010580053,0.688941900,0.0000028929,0.0000001422,-0.0000106697,0.0000026373,0.0000016035,0.0004256736,15.5711658947,11.9119284528,0.0034369729,9.2452876045,0.0013155870,0.0502190262
1784079613999338496,-151.244975823,194.084952956,-4.521450721,0.727374546,-0.009637140,0.014380040,0.686022310,0.0000031040,0.0000001092,-0.0000142887,0.0000026318,0.0000024337,0.0004254749,15.6192812335,11.9295882455,0.0034297239,9.2443324685,0.0012885626,0.0501231590
1784079614066187264,-151.211914126,194.389394697,-4.529194490,0.729139980,-0.011753637,0.016148876,0.684073063,0.0000032531,0.0000001172,-0.0000164283,0.0000026027,0.0000022467,0.0004253381,15.6698535187,11.9452712325,0.0035228467,9.2389661411,0.0012735317,0.0498963295
1784079614132662528,-151.160151582,194.714778953,-4.515291595,0.731095965,-0.012578419,0.019326752,0.681884851,0.0000034463,0.0000000532,-0.0000188695,0.0000026105,0.0000034309,0.0004251442,15.7185450528,11.9611457389,0.0035332687,9.2350182489,0.0012300304,0.0498524603
1784079614199539456,-151.101913308,195.031223093,-4.548766550,0.733759721,-0.014161724,0.018941825,0.678997294,0.0000034829,0.0000001063,-0.0000194029,0.0000025703,0.0000023067,0.0004251246,15.7709436322,11.9770730389,0.0036172535,9.2290594970,0.0012228266,0.0497196936
1784079614266113536,-151.066533612,195.335939922,-4.534706331,0.735378313,-0.016197480,0.019851637,0.677172275,0.0000036777,0.0000001366,-0.0000214438,0.0000025511,0.0000014427,0.0004249594,15.8227657055,11.9915746048,0.0036249639,9.2214407717,0.0012551960,0.0496955847
1784079614332591616,-151.022597753,195.629972430,-4.543636364,0.737797227,-0.014882611,0.020587987,0.674544213,0.0000036340,0.0000000742,-0.0000210674,0.0000025515,0.0000026468,0.0004250152,15.8714770326,12.0065212431,0.0036333486,9.2163099990,0.0012695322,0.0496782125
1784079614399437312,-150.935755574,195.949584793,-4.524311842,0.739891732,-0.011233282,0.020970981,0.672305181,0.0000034653,-0.0000000168,-0.0000193437,0.0000025900,0.0000049732,0.0004251553,15.9205482511,12.0207461707,0.0036125751,9.2099593809,0.0012580810,0.0496888953
1784079614466051584,-150.879207550,196.238391210,-4.524600491,0.741698242,-0.010754878,0.022859493,0.670257782,0.0000035399,-0.0000000912,-0.0000201790,0.0000026219,0.0000063819,0.0004250637,15.9705894852,12.0323638291,0.0036323400,9.1992178140,0.0012590613,0.0497008558
1784079614532528384,-150.821509244,196.532797492,-4.529479884,0.744636300,-0.008243976,0.017425278,0.667192009,0.0000031337,0.0000000376,-0.0000154123,0.0000025790,0.0000048841,0.0004255334,16.0189530469,12.0462245268,0.0036427130,9.1928702565,0.0012705488,0.0497203072
1784079614599404544,-150.786313327,196.831748275,-4.552006525,0.746785930,-0.010521846,0.016305724,0.664781309,0.0000031630,0.0000001117,-0.0000159155,0.0000025232,0.0000027045,0.0004255560,16.0679621228,12.0601992023,0.0036212849,9.1863502842,0.0012862890,0.0496661025
1784079614665975552,-150.746696963,197.121675778,-4.572599723,0.749268706,-0.011276094,0.016025116,0.661976172,0.0000031705,0.0000001388,-0.0000161460,0.0000025066,0.0000020137,0.0004255764,16.1165030496,12.0752176661,0.0036675844,9.1817532175,0.0012925952,0.0496253847
1784079614732459520,-150.692199966,197.413387154,-4.594319088,0.751785207,-0.008411289,0.015042066,0.659182819,0.0000030017,0.0000001091,-0.0000139935,0.0000025104,0.0000032312,0.0004257452,16.1646090255,12.0890557239,0.0037176180,9.1756730942,0.0012856009,0.0495540883
1784079614799359488,-150.639010071,197.702712055,-4.597186689,0.753959603,-0.009305138,0.016934978,0.656636534,0.0000031161,0.0000000803,-0.0000157910,0.0000025052,0.0000036247,0.0004256432,16.2124099447,12.1019151274,0.0037622612,9.1683922694,0.0012947354,0.0495018467
1784079614865785344,-150.590712538,198.001189051,-4.591531971,0.756048635,-0.009392985,0.016289135,0.654245289,0.0000030753,0.0000000998,-0.0000154350,0.0000024826,0.0000030958,0.0004257080,16.2609995646,12.1155957195,0.0038129880,9.1619480992,0.0012917052,0.0494271551
1784079614932642560,-150.540614009,198.296316182,-4.589652108,0.758044837,-0.009363603,0.017711178,0.651894671,0.0000031307,0.0000000634,-0.0000163137,0.0000024775,0.0000038519,0.0004256594,16.3099529846,12.1296591028,0.0038432395,9.1559369317,0.0012790998,0.0493481135
1784079614999271424,-150.483748587,198.585049021,-4.583009661,0.760182679,-0.007470856,0.018649479,0.649398705,0.0000030940,0.0000000002,-0.0000159383,0.0000024979,0.0000056005,0.0004256835,16.3577669109,12.1428674291,0.0038811640,9.1493587452,0.0012783267,0.0492476866
1784079615065715456,-150.478120307,198.867749327,-4.658830936,0.761971679,-0.005505337,0.018305676,0.647328166,0.0000029611,-0.0000000171,-0.0000142968,0.0000024851,0.0000066265,0.0004257611,16.4051816483,12.1554380423,0.0037120461,9.1419834644,0.0012315963,0.0488902571
1784079615132570624,-150.411408127,199.155951958,-4.642932249,0.763907950,-0.003954168,0.017027165,0.645088431,0.0000028606,-0.0000000072,-0.0000130040,0.0000024637,0.0000068276,0.0004258511,16.4518359730,12.1723610756,0.0036723237,9.1415432336,0.0012150057,0.0486942346
1784079615199199488,-150.345213602,199.445698354,-4.628825500,0.765822736,-0.002890295,0.016566816,0.642831801,0.0000027918,-0.0000000042,-0.0000120851,0.0000024619,0.0000071535,0.0004259194,16.4998187784,12.1842952256,0.0036726644,9.1331491186,0.0011885142,0.0486152859
1784079615265686528,-150.296958418,199.733104124,-4.615480937,0.767953020,-0.000748728,0.015033866,0.640329276,0.0000026699,0.0000000135,-0.0000099660,0.0000024679,0.0000077894,0.0004260357,16.5482847964,12.1964408550,0.0036781633,9.1248868676,0.0011817894,0.0485250284
1784079615365629440,-150.173204242,200.176579435,-4.604428673,0.771278213,-0.001856874,0.015633230,0.636303444,0.0000027103,0.0000000030,-0.0000110963,0.0000024402,0.0000073507,0.0004260435,16.6207063503,12.2162642887,0.0036886197,9.1150997823,0.0011487694,0.0484717682
1784079615399121408,-150.139378788,200.323669482,-4.601361691,0.772506910,-0.001598625,0.013776057,0.634854896,0.0000026295,0.0000000474,-0.0000096452,0.0000024008,0.0000064849,0.0004261584,16.6470448902,12.2208583373,0.0036699291,9.1077575606,0.0011321239,0.0483931871
1784079615465582336,-150.085171867,200.607203934,-4.600532279,0.774272706,-0.003753175,0.015143040,0.632659765,0.0000027257,0.0000000380,-0.0000117739,0.0000023722,0.0000057291,0.0004260907,16.6953413300,12.2329186707,0.0036157409,9.0996470283,0.0010805013,0.0483212158
1784079615532424448,-150.025478218,200.893594559,-4.586785802,0.776669219,-0.004792880,0.015716718,0.629694320,0.0000027738,0.0000000407,-0.0000127173,0.0000023552,0.0000053479,0.0004260750,16.7428987694,12.2454854769,0.0036075943,9.0927407887,0.0010660564,0.0482883374
1784079615598917376,-149.979210580,201.188609281,-4.528929696,0.778605495,-0.005200213,0.014689936,0.627320211,0.0000027381,0.0000000877,-0.0000124040,0.0000023102,0.0000043310,0.0004261353,16.7907266182,12.2576104443,0.0036840519,9.0850632480,0.0010179883,0.0481136865
1784079615665762304,-149.912350706,201.468297539,-4.514505785,0.780747896,-0.006354004,0.016006094,0.624608801,0.0000028231,0.0000000759,-0.0000138411,0.0000023130,0.0000043657,0.0004260802,16.8403780357,12.2713904303,0.0036861299,9.0789506552,0.0009785290,0.0481311498
1784079615732396288,-149.852085990,201.759590180,-4.476371220,0.782944712,-0.006689277,0.015028741,0.621873755,0.0000027900,0.0000001128,-0.0000134092,0.0000022910,0.0000035399,0.0004261564,16.8881059797,12.2827627557,0.0037303092,9.0704161681,0.0009589532,0.0480649329
1784079615798850560,-149.795623119,202.044703694,-4.487789800,0.785158071,-0.007018628,0.015580224,0.619059609,0.0000028008,0.0000001066,-0.0000137566,0.0000022742,0.0000035469,0.0004261570,16.9357308410,12.2947963128,0.0036700572,9.0628769932,0.0009411454,0.0479703593
1784079615865690368,-149.706394159,202.337530881,-4.489753294,0.787740525,-0.006012579,0.015866921,0.615773460,0.0000027692,0.0000000902,-0.0000134378,0.0000022757,0.0000043588,0.0004261901,16.9842501853,12.3072085959,0.0037336642,9.0555401204,0.0009328388,0.0478454473
1784079615932296448,-149.621277159,202.620678117,-4.475066643,0.789918707,-0.006421683,0.015528956,0.612981280,0.0000027709,0.0000001071,-0.0000136103,0.0000022631,0.0000038703,0.0004262218,17.0339242571,12.3174653121,0.0037427272,9.0445742422,0.0009145548,0.0478351646
1784079616032259584,-149.505532567,203.040949674,-4.460390888,0.793207287,-0.008545362,0.014167295,0.608726920,0.0000027745,0.0000001742,-0.0000138327,0.0000022218,0.0000017703,0.0004262823,17.1069652859,12.3327150160,0.0038010154,9.0288273158,0.0009220966,0.0477769326
1784079616065643520,-149.455436303,203.184422207,-4.484966880,0.794346460,-0.009068688,0.014752403,0.607218105,0.0000027913,0.0000001826,-0.0000142607,0.0000022054,0.0000016062,0.0004262645,17.1288464948,12.3378790194,0.0038335789,9.0249741088,0.0009094933,0.0476380128
1784079616132224512,-149.362409595,203.467302433,-4.493766722,0.796816001,-0.007264443,0.015108953,0.603989411,0.0000027495,0.0000001410,-0.0000136895,0.0000022204,0.0000030066,0.0004263169,17.1769733834,12.3467566041,0.0038577059,9.0130475742,0.0009186533,0.0476625786
1784079616198708480,-149.265449534,203.751901974,-4.483786583,0.798983002,-0.006681376,0.016775951,0.601082432,0.0000028079,0.0000000954,-0.0000146293,0.0000022362,0.0000041326,0.0004262598,17.2258127967,12.3557989248,0.0038614361,9.0010586474,0.0009293579,0.0476985379
1784079616265558528,-149.113612900,204.042971893,-4.469880119,0.801340074,-0.006996639,0.017156660,0.597922054,0.0000028367,0.0000000939,-0.0000150658,0.0000022329,0.0000040228,0.0004262058,17.2736836180,12.3644020498,0.0038499640,8.9889172716,0.0009368108,0.0477280620
1784079616365533440,-148.974509778,204.459480620,-4.422990667,0.804692181,-0.006165139,0.018562644,0.593369963,0.0000028739,0.0000000249,-0.0000157688,0.0000022391,0.0000053352,0.0004261811,17.3470326064,12.3731032730,0.0038866751,8.9642488620,0.0009735250,0.0476583966
1784079616398896384,-148.956457930,204.599537128,-4.414243147,0.805872183,-0.003961192,0.017509071,0.591817342,0.0000027278,0.0000000163,-0.0000138342,0.0000022223,0.0000062175,0.0004262607,17.3697350305,12.3779296417,0.0037399185,8.9595499019,0.0009686553,0.0474089291
1784079616498904576,-148.818906563,205.018240264,-4.406971446,0.809118064,-0.005733987,0.017523666,0.587356792,0.0000027930,0.0000000514,-0.0000147989,0.0000021865,0.0000049487,0.0004262789,17.4425523379,12.3932594644,0.0037615439,8.9448144043,0.0009787517,0.0474436568
1784079616565496320,-148.734640245,205.287572246,-4.397888362,0.811353536,-0.007422545,0.017404632,0.584249454,0.0000028413,0.0000000932,-0.0000155729,0.0000021538,0.0000036960,0.0004262776,17.4893384206,12.4022241570,0.0037779749,8.9341637886,0.0009697255,0.0473784371
1784079616598874624,-148.693259255,205.424654217,-4.407679352,0.812476964,-0.007067673,0.017976788,0.582673207,0.0000028485,0.0000000753,-0.0000156974,0.0000021595,0.0000041687,0.0004262722,17.5118685145,12.4073622833,0.0037501243,8.9302125958,0.0009611281,0.0473642026
1784079616698799360,-148.533995040,205.841563552,-4.416360677,0.815944451,-0.005737454,0.018727033,0.577798435,0.0000028316,0.0000000372,-0.0000155697,0.0000021805,0.0000053004,0.0004263080,17.5829334443,12.4192263686,0.0037633011,8.9117652420,0.0009542284,0.0473372077
1784079616798756352,-148.339504025,206.256055610,-4.435649974,0.819424223,-0.006660656,0.017868088,0.572870238,0.0000027872,0.0000000610,-0.0000154758,0.0000021059,0.0000042766,0.0004263765,17.6545332261,12.4300625570,0.0037759361,8.8917051177,0.0009547939,0.0469582927
1784079616865352448,-148.209895544,206.534083281,-4.445901921,0.821602133,-0.007676366,0.018629504,0.569705142,0.0000028524,0.0000000640,-0.0000165013,0.0000020788,0.0000037716,0.0004263408,17.7017262088,12.4346435540,0.0038072050,8.8750455557,0.0009760033,0.0468780724
1784079616931836416,-148.090482387,206.809940155,-4.441031465,0.823969939,-0.007263212,0.018205355,0.566294403,0.0000028212,0.0000000647,-0.0000161132,0.0000020733,0.0000038295,0.0004264053,17.7500081904,12.4402315115,0.0038219198,8.8593627293,0.0009986402,0.0469033397
1784079616998683392,-147.966662728,207.081003161,-4.438830348,0.826436352,-0.006733668,0.017677144,0.562712300,0.0000027698,0.0000000637,-0.0000154986,0.0000020657,0.0000039110,0.0004264850,17.7974159698,12.4460942345,0.0038379612,8.8445709023,0.0010147502,0.0469213617
1784079617065159680,-147.839884281,207.351396865,-4.436685770,0.828753551,-0.007329647,0.016719172,0.559315919,0.0000027398,0.0000000985,-0.0000151189,0.0000020390,0.0000029672,0.0004265628,17.8440638156,12.4513278011,0.0038639774,8.8293599665,0.0010415826,0.0469283895
1784079617165122560,-147.649416954,207.756283371,-4.431881147,0.832195525,-0.007382608,0.017021023,0.554171805,0.0000027560,0.0000000964,-0.0000153387,0.0000020300,0.0000029396,0.0004266042,17.9142523745,12.4590873375,0.0038973034,8.8064811287,0.0010757559,0.0469689256
1784079617198614272,-147.585352875,207.891079182,-4.429526527,0.833302667,-0.006997622,0.016400810,0.552529376,0.0000027132,0.0000000988,-0.0000147601,0.0000020150,0.0000029149,0.0004266620,17.9378368216,12.4613916112,0.0039055413,8.7984113778,0.0010944401,0.0469255844
1784079617298628608,-147.396650636,208.300527328,-4.426816635,0.836919858,-0.008117701,0.016340317,0.547021250,0.0000027226,0.0000001302,-0.0000151839,0.0000019949,0.0000019106,0.0004266779,18.0077850661,12.4686300615,0.0039199947,8.7751278522,0.0010688211,0.0468859447
1784079617365094400,-147.262470395,208.564527676,-4.438434853,0.839090006,-0.007659473,0.014971023,0.543732620,0.0000026334,0.0000001411,-0.0000140428,0.0000019816,0.0000016570,0.0004267947,18.0551185404,12.4737205960,0.0039384056,8.7597661809,0.0010644689,0.0468470680
1784079617398593536,-147.172042943,208.705855160,-4.436527436,0.840304288,-0.008312386,0.016747632,0.541792510,0.0000027187,0.0000001168,-0.0000156147,0.0000019619,0.0000019242,0.0004266593,18.0775744873,12.4755375624,0.0039227082,8.7515988840,0.0010464452,0.0466607777
1784079617498616576,-146.997981538,209.098665006,-4.441526878,0.843399713,-0.007768907,0.015487066,0.537007187,0.0000026152,0.0000001188,-0.0000144513,0.0000019403,0.0000018097,0.0004267609,18.1486178522,12.4799426925,0.0039621132,8.7242767709,0.0010567806,0.0465757505
1784079617631843584,-146.706810138,209.624592017,-4.448007988,0.847806672,-0.009148795,0.015216323,0.530008123,0.0000026309,0.0000001712,-0.0000148832,0.0000019358,0.0000003927,0.0004268019,18.2391186634,12.4895596315,0.0040342219,8.6953022937,0.0010660028,0.0466104594
1784079617698485248,-146.474160243,209.899136779,-4.468627012,0.850431920,-0.008226656,0.013666582,0.525843224,0.0000024763,0.0000001628,-0.0000130972,0.0000018834,0.0000003275,0.0004267807,18.2844608403,12.4911660801,0.0039363483,8.6761585718,0.0010264512,0.0463653198
1784079617765054464,-146.323623628,210.162044085,-4.460108902,0.852573471,-0.009754752,0.016158009,0.522266446,0.0000026547,0.0000001615,-0.0000158786,0.0000018652,0.0000002056,0.0004266199,18.3321430420,12.4866570973,0.0039902775,8.6481298514,0.0010456727,0.0463175404
1784079617831766272,-146.177590885,210.424912203,-4.443481131,0.854763683,-0.010037574,0.014491147,0.518717939,0.0000025640,0.0000001911,-0.0000148143,0.0000018358,-0.0000007742,0.0004266576,18.3790010848,12.4891911697,0.0040841056,8.6300076833,0.0010753264,0.0462156059
1784079617898246400,-146.051105744,210.674538695,-4.474032201,0.856894050,-0.010661251,0.015182887,0.515158622,0.0000025987,0.0000001959,-0.0000153624,0.0000018257,-0.0000009095,0.0004266481,18.4236026715,12.4915736136,0.0040483514,8.6129151510,0.0010717071,0.0461835919
1784079617931779328,-145.975815718,210.800618323,-4.482916562,0.857997129,-0.011859489,0.015587975,0.513280912,0.0000026660,0.0000002229,-0.0000163210,0.0000018233,-0.0000016563,0.0004265887,18.4452371064,12.4939293789,0.0040443637,8.6062743724,0.0010820559,0.0461673181
1784079618031703552,-145.747325518,211.185258718,-4.464415910,0.861358966,-0.013051676,0.014434398,0.507623909,0.0000026364,0.0000002767,-0.0000160443,0.0000018394,-0.0000031880,0.0004266498,18.5126594748,12.4964014617,0.0040658282,8.5791683741,0.0010856040,0.0462019019
1784079618098215680,-145.585998502,211.440660613,-4.454944258,0.863467647,-0.012283344,0.013274414,0.504079887,0.0000025277,0.0000002567,-0.0000148201,0.0000018215,-0.0000031952,0.0004267699,18.5571612250,12.4977211423,0.0041007280,8.5609455688,0.0010674758,0.0460953454
1784079618165029632,-145.428904451,211.681193603,-4.475038557,0.865671329,-0.012223022,0.012356821,0.500310960,0.0000024648,0.0000002543,-0.0000140631,0.0000018099,-0.0000034848,0.0004268498,18.6020468486,12.4983838980,0.0041325429,8.5417696790,0.0010650920,0.0460220371
1784079618231648512,-145.269604987,211.927026575,-4.456889620,0.867914922,-0.010982953,0.009292456,0.496504495,0.0000022969,0.0000002471,-0.0000113703,0.0000018125,-0.0000040156,0.0004270373,18.6442592714,12.4981730122,0.0041682661,8.5227193243,0.0010653492,0.0459791874
1784079618298115584,-145.113011244,212.168931229,-4.439612553,0.869952877,-0.011160665,0.010852525,0.492889089,0.0000023619,0.0000002471,-0.0000126512,0.0000017904,-0.0000034805,0.0004270072,18.6880717772,12.4984355995,0.0042252687,8.5036723225,0.0010560878,0.0458814372
1784079618364963584,-144.944247402,212.418652563,-4.430477980,0.871971700,-0.011001875,0.009117390,0.489347715,0.0000022766,0.0000002545,-0.0000112319,0.0000017991,-0.0000041654,0.0004271106,18.7313394559,12.4983801843,0.0042239349,8.4845423615,0.0010444326,0.0458462410
1784079618431562496,-144.774655795,212.665750485,-4.418188227,0.873793121,-0.012850385,0.010926223,0.486005213,0.0000023640,0.0000002778,-0.0000133849,0.0000017820,-0.0000048631,0.0004269953,18.7743630598,12.4980262726,0.0041704637,8.4651621631,0.0009913520,0.0456319058
1784079618498169344,-144.606659035,212.916650283,-4.433413446,0.875576414,-0.013861709,0.010659462,0.482763060,0.0000023519,0.0000003009,-0.0000133801,0.0000017819,-0.0000056943,0.0004270095,18.8190901205,12.4973792130,0.0041868622,8.4447872885,0.0009941101,0.0455217516
1784079618564890368,-144.434062801,213.166848914,-4.439285315,0.877667007,-0.014757766,0.010236619,0.478934280,0.0000023506,0.0000003267,-0.0000135140,0.0000017941,-0.0000065701,0.0004270120,18.8649404383,12.4971125426,0.0042203049,8.4245335596,0.0010055248,0.0454721602
1784079618631393536,-144.264207934,213.409727477,-4.440334897,0.879176815,-0.018402976,0.012711603,0.475970454,0.0000025791,0.0000004472,-0.0000168114,0.0000018450,-0.0000083528,0.0004267511,18.9081269326,12.4961049646,0.0042548821,8.4045592626,0.0010176870,0.0454209480
1784079618698225408,-144.086060586,213.663056674,-4.422447443,0.880914461,-0.017900360,0.013891945,0.472732804,0.0000026149,0.0000004372,-0.0000176289,0.0000017977,-0.0000078021,0.0004267152,18.9511663617,12.4948172885,0.0041396823,8.3843015958,0.0009517595,0.0451734998
1784079618764819456,-143.915351572,213.901551823,-4.408815771,0.882946475,-0.017546700,0.013315229,0.468956651,0.0000025414,0.0000004144,-0.0000169366,0.0000017767,-0.0000076375,0.0004268093,18.9958713137,12.4934109535,0.0041619261,8.3633241687,0.0009418214,0.0450855121
1784079618831309568,-143.737750453,214.141982445,-4.396816790,0.885089965,-0.019172365,0.015209862,0.464776112,0.0000026991,0.0000004754,-0.0000189160,0.0000017899,-0.0000082835,0.0004266486,19.0385229195,12.4914330993,0.0041870905,8.3425766540,0.0009480573,0.0450457600
1784079618898152448,-143.476577338,214.406906883,-4.366792178,0.887282027,-0.018025489,0.013413811,0.460679667,0.0000025128,0.0000004467,-0.0000170107,0.0000017731,-0.0000083698,0.0004267831,19.0809674295,12.4890351293,0.0040833255,8.3213608414,0.0008911870,0.0448567945
1784079618964760576,-143.296779234,214.652703604,-4.362218857,0.889196039,-0.017051213,0.010353821,0.457091302,0.0000022871,0.0000003978,-0.0000142708,0.0000017696,-0.0000087076,0.0004269772,19.1279250985,12.4811111946,0.0041225093,8.2912234343,0.0008739137,0.0447778821
1784079619031259648,-143.107266984,214.883831144,-4.365360886,0.890519656,-0.019028352,0.011447464,0.454402487,0.0000023769,0.0000004689,-0.0000157701,0.0000018054,-0.0000097826,0.0004268466,19.1710817370,12.4794425199,0.0041415762,8.2709422196,0.0008564987,0.0447163648
1784079619098084352,-142.915278695,215.122872989,-4.360354652,0.892754368,-0.015561122,0.007607347,0.450210637,0.0000020912,0.0000003392,-0.0000115133,0.0000017512,-0.0000087413,0.0004271897,19.2134979628,12.4752998106,0.0041336902,8.2478834696,0.0008544169,0.0446874046
1784079619164683520,-142.730892371,215.355900545,-4.357483006,0.893783762,-0.016587658,0.014664243,0.447951333,0.0000024771,0.0000003808,-0.0000172572,0.0000016794,-0.0000068753,0.0004268985,19.2555224882,12.4710040164,0.0041097637,8.2249051402,0.0008548225,0.0446977242
1784079619231290624,-142.524640094,215.583773667,-4.341584791,0.895061429,-0.013320705,0.012239547,0.445575797,0.0000022511,0.0000002844,-0.0000142867,0.0000016321,-0.0000053597,0.0004271947,19.2972629145,12.4667436273,0.0041030618,8.2021960821,0.0008435406,0.0446633966
1784079619298011648,-142.316477181,215.815363433,-4.337602767,0.895634271,-0.011784045,0.019625535,0.444201786,0.0000026381,0.0000001680,-0.0000192168,0.0000015645,-0.0000013917,0.0004269012,19.3387191758,12.4612340313,0.0040883738,8.1781123327,0.0008402945,0.0446406442
1784079619364493312,-142.123191285,216.051523597,-4.336568425,0.896204478,-0.010637439,0.020976192,0.443017355,0.0000026926,0.0000001072,-0.0000197920,0.0000015549,-0.0000000519,0.0004268899,19.3815633271,12.4566969536,0.0041119567,8.1548217377,0.0008561052,0.0446591149
1784079619431354624,-141.937709446,216.286828896,-4.317982625,0.896799381,-0.012868591,0.024884267,0.441549592,0.0000030946,0.0000001190,-0.0000237331,0.0000015436,-0.0000002864,0.0004265175,19.4252172495,12.4530838461,0.0041493503,8.1324799342,0.0008676149,0.0446368312
1784079619497988352,-141.759553537,216.521185976,-4.303968183,0.897742857,-0.011799440,0.025930189,0.439597727,0.0000031181,0.0000000494,-0.0000240762,0.0000015311,0.0000008422,0.0004265041,19.4671350545,12.4493709257,0.0042015999,8.1107870812,0.0008402740,0.0445472156
1784079619564424448,-141.565972312,216.742041615,-4.306328533,0.898471457,-0.010718237,0.027047415,0.438066887,0.0000031510,-0.0000000224,-0.0000244428,0.0000015323,0.0000020620,0.0004264885,19.5068240134,12.4468412002,0.0042235624,8.0916039581,0.0008267750,0.0444802516
1784079619631295488,-141.373747447,216.966923055,-4.323877105,0.899399237,-0.009680049,0.023727620,0.436376340,0.0000028236,0.0000000118,-0.0000215058,0.0000015211,0.0000016103,0.0004268479,19.5477323354,12.4418158321,0.0042466867,8.0688699282,0.0008234375,0.0444368417
1784079619697921536,-141.180448269,217.196144063,-4.325318709,0.899848519,-0.011568741,0.026101006,0.435267212,0.0000030836,0.0000000354,-0.0000240333,0.0000015086,0.0000009607,0.0004266173,19.5894091810,12.4381529505,0.0042731102,8.0476480542,0.0008177944,0.0443811750
1784079619764353536,-140.988218710,217.435147702,-4.331670501,0.900680510,-0.013809408,0.023071466,0.433649197,0.0000029091,0.0000001856,-0.0000225416,0.0000015074,-0.0000018975,0.0004268132,19.6331605903,12.4338913793,0.0043058205,8.0249518677,0.0008151712,0.0443709318
1784079619831914496,-140.795998138,217.663536471,-4.340958524,0.901180203,-0.013712759,0.021388715,0.432699346,0.0000027671,0.0000001998,-0.0000212810,0.0000015042,-0.0000024082,0.0004269768,19.6750849072,12.4293043513,0.0043514631,8.0026699781,0.0008183189,0.0443586647
1784079619897853440,-140.608917691,217.879917094,-4.338005728,0.902013124,-0.011356800,0.020351084,0.431079088,0.0000026019,0.0000001281,-0.0000196647,0.0000014906,-0.0000010126,0.0004271806,19.7150062152,12.4243064567,0.0043942679,7.9807439424,0.0008005575,0.0443251407
1784079619964363520,-140.420026148,218.100074490,-4.350845019,0.902525572,-0.008417685,0.016928713,0.430221051,0.0000022751,0.0000000811,-0.0000158782,0.0000014866,0.0000000250,0.0004275393,19.7553434170,12.4195600695,0.0044026647,7.9590669413,0.0007675378,0.0442875213
1784079620031142400,-140.225540944,218.323260497,-4.362793479,0.902434475,-0.008947087,0.020850858,0.430229253,0.0000025370,0.0000000330,-0.0000191013,0.0000014881,0.0000010276,0.0004273119,19.7959358629,12.4150981762,0.0044298428,7.9377426139,0.0007620862,0.0443084106
1784079620097616384,-140.034078418,218.556959848,-4.349718746,0.903039113,-0.007381506,0.017850282,0.429123806,0.0000022739,0.0000000383,-0.0000162816,0.0000014776,0.0000010190,0.0004275813,19.8368992238,12.4095069246,0.0044566722,7.9149216367,0.0006757884,0.0441716378
1784079620164511488,-139.905232392,218.768224387,-4.394796873,0.903260047,-0.007828337,0.021436434,0.428486270,0.0000024847,-0.0000000132,-0.0000189782,0.0000014782,0.0000021407,0.0004273606,19.8777943785,12.4052035240,0.0043731423,7.8938017829,0.0006239758,0.0440677711
1784079620231565568,-139.722682379,218.991036338,-4.405733698,0.903580158,-0.007003513,0.017314658,0.428011741,0.0000022107,0.0000000392,-0.0000156469,0.0000014722,0.0000012004,0.0004276769,19.9177445299,12.4057997682,0.0043687348,7.8792424317,0.0006152880,0.0440695617
1784079620297547520,-139.541968877,219.219050389,-4.412143950,0.903420912,-0.008266613,0.020480262,0.428185565,0.0000024461,0.0000000255,-0.0000185740,0.0000014764,0.0000013583,0.0004274776,19.9594062304,12.4020440087,0.0043582400,7.8587309188,0.0006084884,0.0440933200
1784079620364413440,-139.357369850,219.445456814,-4.424845614,0.903815583,-0.006623057,0.017629887,0.427507560,0.0000022110,0.0000000272,-0.0000157532,0.0000014774,0.0000016057,0.0004277385,20.0011396953,12.3981736111,0.0043586991,7.8381270807,0.0005810099,0.0440713311
1784079620431003648,-139.179881144,219.660808805,-4.435300541,0.903968065,-0.006176194,0.021020569,0.427038321,0.0000024019,-0.0000000496,-0.0000182460,0.0000014946,0.0000031818,0.0004275559,20.0411270978,12.3938162649,0.0043536406,7.8176659219,0.0005482709,0.0440534250
1784079620497486336,-139.005528269,219.882525864,-4.444192700,0.903959554,-0.006449903,0.016292107,0.427258811,0.0000021166,0.0000000439,-0.0000146611,0.0000014708,0.0000012254,0.0004278873,20.0811722194,12.3897420522,0.0043157146,7.7976007619,0.0005036926,0.0439956911
1784079620564339456,-138.828301855,220.106962072,-4.447590999,0.903603123,-0.006997463,0.017163539,0.427969444,0.0000021792,0.0000000432,-0.0000155893,0.0000014712,0.0000011418,0.0004278597,20.1232155091,12.3863919631,0.0043136710,7.7777805996,0.0004833065,0.0440021303
1784079620630937600,-138.644938776,220.333608487,-4.438194950,0.903449677,-0.005113928,0.017892572,0.428290072,0.0000021600,-0.0000000169,-0.0000154194,0.0000014850,0.0000027827,0.0004278936,20.1638517094,12.3826206703,0.0043123161,7.7580509829,0.0004605340,0.0439839189
1784079620730914304,-138.374295810,220.665378311,-4.431938172,0.903291745,-0.003941707,0.018525310,0.428608562,0.0000021610,-0.0000000637,-0.0000155274,0.0000015047,0.0000039456,0.0004279221,20.2251619079,12.3757957006,0.0043323948,7.7270577228,0.0004342927,0.0440163233
1784079620764287488,-138.279975823,220.779354468,-4.435651998,0.903131173,-0.004491597,0.017651833,0.428978232,0.0000021230,-0.0000000362,-0.0000150715,0.0000014924,0.0000032616,0.0004279813,20.2464144865,12.3744835768,0.0043324292,7.7176297694,0.0004167829,0.0440091627
1784079620830786560,-138.097706371,221.004608528,-4.420482844,0.902803257,-0.005830582,0.018275767,0.429625745,0.0000021888,-0.0000000154,-0.0000160408,0.0000014829,0.0000024457,0.0004279574,20.2884409526,12.3701303990,0.0043417213,7.6969349889,0.0003990318,0.0440314732
1784079620897612544,-137.911986493,221.239625557,-4.418064458,0.902673612,-0.004038062,0.017333862,0.429957651,0.0000020787,-0.0000000450,-0.0000146498,0.0000014982,0.0000034608,0.0004280778,20.3306435928,12.3655764475,0.0043555793,7.6760077877,0.0003657344,0.0440543484
1784079620964198400,-137.723173607,221.463743872,-4.413418058,0.902554539,-0.002728022,0.018369748,0.430174865,0.0000020925,-0.0000001017,-0.0000149991,0.0000015271,0.0000048686,0.0004280596,20.3730786911,12.3612430752,0.0043664737,7.6553505634,0.0003336663,0.0440845646
1784079621030747392,-137.586368886,221.684967326,-4.421571102,0.902193952,-0.003198889,0.018844704,0.430906854,0.0000021274,-0.0000001073,-0.0000155436,0.0000015279,0.0000047907,0.0004280321,20.4143903406,12.3561772252,0.0043513258,7.6342765233,0.0003162951,0.0441288148
1784079621097592320,-137.393396251,221.912207021,-4.428657183,0.902117065,-0.002495899,0.016818028,0.431156265,0.0000020023,-0.0000000774,-0.0000137572,0.0000015226,0.0000044568,0.0004281934,20.4566351303,12.3561263554,0.0043642418,7.6190065079,0.0003102884,0.0441748135
1784079621164141312,-137.204344006,222.139283711,-4.422606684,0.901819113,-0.002701523,0.017853682,0.431736302,0.0000020607,-0.0000000947,-0.0000145763,0.0000015327,0.0000047058,0.0004281708,20.4983874796,12.3511389923,0.0043782835,7.5980929258,0.0003128748,0.0442482831
1784079621264102400,-136.920248953,222.480114963,-4.418710509,0.901512440,-0.002430339,0.018601136,0.432346403,0.0000020988,-0.0000001182,-0.0000150413,0.0000015516,0.0000052031,0.0004281843,20.5621630016,12.3436929318,0.0044054631,7.5665239557,0.0003134397,0.0443600211
1784079621297464320,-136.819862637,222.595393653,-4.415562880,0.901445987,-0.001713481,0.016919700,0.432557418,0.0000019949,-0.0000000971,-0.0000134652,0.0000015519,0.0000051400,0.0004283064,20.5832315807,12.3406878729,0.0044125349,7.5554841451,0.0003147330,0.0443971292
1784079621364064512,-136.625719096,222.819639750,-4.414174435,0.901175729,-0.002417668,0.018323239,0.433059719,0.0000020887,-0.0000001132,-0.0000148344,0.0000015550,0.0000050970,0.0004282524,20.6255979335,12.3353907115,0.0044301175,7.5342482707,0.0003125892,0.0444682579
1784079621430537472,-136.435079855,223.047138790,-4.407673355,0.900889334,-0.001717155,0.017731906,0.433683109,0.0000020395,-0.0000001170,-0.0000140837,0.0000015681,0.0000054682,0.0004283289,20.6678092476,12.3299371899,0.0044469543,7.5129730438,0.0003128522,0.0445427848
1784079621530707456,-136.137940534,223.398004711,-4.398517370,0.900508944,-0.000273944,0.017297264,0.434493236,0.0000019795,-0.0000001380,-0.0000131586,0.0000015934,0.0000063852,0.0004284041,20.7320505707,12.3220496661,0.0044430568,7.4812154310,0.0002977684,0.0446275636
1784079621597350400,-135.948053085,223.628670030,-4.396451283,0.900303120,-0.000798852,0.015726322,0.434978547,0.0000019262,-0.0000000959,-0.0000121950,0.0000015714,0.0000054105,0.0004285225,20.7764386166,12.3159781130,0.0044606918,7.4586845501,0.0003041038,0.0447100375
1784079621663851520,-135.759079446,223.857771839,-4.389438924,0.900051471,-0.000758022,0.016766897,0.435460269,0.0000019708,-0.0000001207,-0.0000129974,0.0000015856,0.0000058570,0.0004284937,20.8193260699,12.3112526940,0.0044726933,7.4383355162,0.0003014945,0.0447704699
1784079621730690560,-135.608812169,224.088950083,-4.377109628,0.899737140,-0.001624468,0.017245047,0.436088349,0.0000020069,-0.0000001175,-0.0000136630,0.0000015784,0.0000054413,0.0004284539,20.8630801276,12.3063707532,0.0045018817,7.4174967992,0.0002942802,0.0448351382
1784079621797282560,-135.428605409,224.329484885,-4.363171843,0.899492562,-0.003680345,0.016940231,0.436592045,0.0000020320,-0.0000000672,-0.0000141297,0.0000015430,0.0000036829,0.0004284751,20.9066560958,12.3050307478,0.0045119749,7.4010025212,0.0002880505,0.0448976970
1784079621863762432,-135.251519507,224.561565805,-4.363095956,0.899303689,-0.004333382,0.018861045,0.436896278,0.0000021568,-0.0000000933,-0.0000159237,0.0000015497,0.0000038730,0.0004283699,20.9514164785,12.3010575536,0.0045252840,7.3811285399,0.0002811232,0.0449717448
1784079621930645504,-135.065863046,224.792299336,-4.359629215,0.899227948,-0.003498793,0.017946763,0.437098124,0.0000020789,-0.0000000967,-0.0000148640,0.0000015601,0.0000042336,0.0004284680,20.9949134739,12.2967413635,0.0045433068,7.3613831671,0.0002813619,0.0450406396
1784079621997211392,-134.884841283,225.030549421,-4.355136227,0.899028644,-0.004409989,0.017805484,0.437505444,0.0000020982,-0.0000000711,-0.0000150996,0.0000015500,0.0000034043,0.0004285000,21.0382169813,12.2921442896,0.0045621642,7.3414743994,0.0002829534,0.0451177402
1784079622063737344,-134.707144452,225.262929324,-4.352178029,0.898734194,-0.004989217,0.016455268,0.438156571,0.0000020456,-0.0000000360,-0.0000143351,0.0000015382,0.0000025302,0.0004285868,21.0836983203,12.2884462612,0.0045618461,7.3219412594,0.0002755590,0.0451872291
1784079622130550272,-134.533858269,225.497221151,-4.350811293,0.898346338,-0.004674960,0.016521491,0.438952210,0.0000020392,-0.0000000469,-0.0000142502,0.0000015442,0.0000027925,0.0004286142,21.1275860980,12.2842631108,0.0045698909,7.3024639634,0.0002757155,0.0452595987
1784079622197219328,-134.354735719,225.726703447,-4.351204880,0.898433590,-0.005788171,0.016584603,0.438757944,0.0000020683,-0.0000000264,-0.0000147171,0.0000015372,0.0000019923,0.0004286125,21.1712010959,12.2802396901,0.0045735136,7.2833302134,0.0002690219,0.0453260197
1784079622263802624,-134.162398585,225.958815965,-4.347766031,0.898174954,-0.005595181,0.015244920,0.439338183,0.0000019958,-0.0000000133,-0.0000136356,0.0000015365,0.0000016643,0.0004287159,21.2146261628,12.2758647520,0.0045789012,7.2639651874,0.0002624065,0.0453939413
1784079622330473472,-133.989375925,226.187247198,-4.347249905,0.897858295,-0.005170143,0.014552298,0.440013616,0.0000019522,-0.0000000156,-0.0000129290,0.0000015366,0.0000017257,0.0004287860,21.2583473535,12.2705968623,0.0045775014,7.2435541069,0.0002536306,0.0454526370
1784079622396953344,-133.818153237,226.423243338,-4.342772008,0.897677970,-0.005730042,0.014744980,0.440368043,0.0000019759,-0.0000000069,-0.0000132871,0.0000015359,0.0000013430,0.0004287978,21.3021482757,12.2664874933,0.0045853366,7.2245386106,0.0002491339,0.0455197090
1784079622463808512,-133.629883323,226.663935737,-4.339039452,0.897685491,-0.006304775,0.014128884,0.440365057,0.0000019618,0.0000000128,-0.0000130110,0.0000015353,0.0000006866,0.0004288543,21.3477685815,12.2628575508,0.0046041833,7.2055739812,0.0002507198,0.0455942252
1784079622530409472,-133.461674880,226.898570743,-4.335479333,0.897641407,-0.006995838,0.014973761,0.440416564,0.0000020223,0.0000000156,-0.0000139732,0.0000015351,0.0000004649,0.0004288240,21.3926150288,12.2580411588,0.0045959709,7.1855688334,0.0002389205,0.0456424196
1784079622596889600,-133.271096996,227.130745432,-4.324984224,0.897630565,-0.007131673,0.014664631,0.440446884,0.0000020103,0.0000000188,-0.0000137767,0.0000015342,0.0000002852,0.0004288693,21.4368757039,12.2547332263,0.0045919200,7.1675631456,0.0002301445,0.0456998493
1784079622663787264,-133.078229450,227.371913467,-4.319954934,0.897642362,-0.007079816,0.013353900,0.440465368,0.0000019478,0.0000000296,-0.0000127778,0.0000015292,-0.0000001991,0.0004289483,21.4822057877,12.2492716153,0.0045767597,7.1468216515,0.0002185891,0.0457494729
1784079622730356480,-132.879995115,227.614991159,-4.309698682,0.897420660,-0.008624616,0.014468453,0.440854215,0.0000020326,0.0000000540,-0.0000141905,0.0000015290,-0.0000009722,0.0004288718,21.5280824929,12.2439883823,0.0045630781,7.1261847235,0.0001929845,0.0457909072
1784079622796813568,-132.735367006,227.848420399,-4.308357991,0.897291569,-0.010296276,0.013767638,0.441103480,0.0000020424,0.0000001071,-0.0000143442,0.0000015408,-0.0000025703,0.0004288470,21.5734552377,12.2379050975,0.0045736209,7.1048760084,0.0001820717,0.0458507445
1784079622863671552,-132.555225773,228.082341242,-4.302303796,0.897182236,-0.009442446,0.011929593,0.441398415,0.0000019279,0.0000000952,-0.0000125271,0.0000015409,-0.0000025181,0.0004289818,21.6181220759,12.2367448512,0.0045831720,7.0894508111,0.0001800397,0.0459127641
1784079622930266368,-132.387181091,228.310638633,-4.305227856,0.896972730,-0.009231861,0.012692665,0.441807188,0.0000019622,0.0000000859,-0.0000130791,0.0000015383,-0.0000020993,0.0004289779,21.6627368952,12.2319992061,0.0045818888,7.0701050636,0.0001706436,0.0459771385
1784079622996871424,-132.184988149,228.542090747,-4.315694767,0.896879195,-0.010391656,0.013432789,0.441949413,0.0000020259,0.0000001132,-0.0000140647,0.0000015481,-0.0000027875,0.0004288532,21.7059245917,12.2279807368,0.0046409040,7.0519230890,0.0001719564,0.0460426335
1784079623063604480,-132.000917490,228.773027059,-4.317171090,0.896868685,-0.009824197,0.012808138,0.442002261,0.0000019796,0.0000000992,-0.0000133280,0.0000015464,-0.0000024930,0.0004289158,21.7500430090,12.2208162913,0.0046474276,7.0301713250,0.0001689341,0.0461103792
1784079623130086400,-131.819532983,229.008189030,-4.307868280,0.896911150,-0.009801934,0.014245875,0.441872568,0.0000020525,0.0000000858,-0.0000144565,0.0000015416,-0.0000019308,0.0004288185,21.7934658006,12.2154981758,0.0046600852,7.0106759922,0.0001526563,0.0461602472
1784079623196933632,-131.662145415,229.246287923,-4.299329767,0.896699512,-0.010830614,0.013235579,0.442309284,0.0000020229,0.0000001203,-0.0000139897,0.0000015572,-0.0000030390,0.0004288333,21.8395588345,12.2111579318,0.0046875813,6.9915857364,0.0001472064,0.0462338227
1784079623263535616,-131.500905813,229.490112310,-4.298957593,0.896509514,-0.012120732,0.012744553,0.442675225,0.0000020291,0.0000001606,-0.0000141187,0.0000015765,-0.0000043120,0.0004287787,21.8852612652,12.2088644851,0.0046766402,6.9749216318,0.0001350705,0.0462854254
1784079623330013440,-131.341207292,229.726179110,-4.302986080,0.896434166,-0.012736856,0.012800571,0.442808879,0.0000020481,0.0000001775,-0.0000144051,0.0000015864,-0.0000047505,0.0004287597,21.9312777350,12.2060073820,0.0046765750,6.9576776716,0.0001264229,0.0463494345
1784079623396857600,-131.168035601,229.959313538,-4.301079194,0.896517720,-0.012552062,0.012629255,0.442649890,0.0000020382,0.0000001725,-0.0000142462,0.0000015867,-0.0000046591,0.0004287871,21.9762444545,12.2029580068,0.0046989204,6.9406239448,0.0001275923,0.0464196323
1784079623463465472,-131.004558303,230.191664444,-4.293225849,0.896280519,-0.011716926,0.011886840,0.443173383,0.0000019784,0.0000001478,-0.0000133059,0.0000015785,-0.0000042067,0.0004288683,22.0211405328,12.1986717051,0.0047093610,6.9222988631,0.0001196488,0.0464848534
1784079623529944320,-130.824319233,230.421336286,-4.290072957,0.896159650,-0.013570854,0.012869447,0.443337446,0.0000020836,0.0000001990,-0.0000148656,0.0000016051,-0.0000053185,0.0004287666,22.0660310029,12.1951962529,0.0047215667,6.9049691065,0.0001117827,0.0465534750
1784079623596793344,-130.636303487,230.658025303,-4.286985555,0.896052517,-0.013685797,0.013778848,0.443523088,0.0000021301,0.0000001975,-0.0000155377,0.0000015998,-0.0000050697,0.0004287315,22.1106143784,12.1900212071,0.0047201516,6.8859096728,0.0001038928,0.0466125646
1784079623663395328,-130.475676123,230.892610063,-4.283014523,0.896089432,-0.012241931,0.010945313,0.443569685,0.0000019505,0.0000001652,-0.0000128423,0.0000016005,-0.0000050461,0.0004289134,22.1557239364,12.1843189915,0.0047266586,6.8661935888,0.0000976676,0.0466765621
1784079623729999616,-130.321011764,231.120135820,-4.277180897,0.895933086,-0.012808667,0.012258876,0.443835064,0.0000020263,0.0000001744,-0.0000140214,0.0000015993,-0.0000049068,0.0004288527,22.2004561163,12.1811337923,0.0047355679,6.8494076355,0.0000835719,0.0467361615
1784079623796723456,-130.146798329,231.360121161,-4.280151837,0.896038836,-0.013762695,0.011884522,0.443603146,0.0000020339,0.0000002075,-0.0000141069,0.0000016262,-0.0000058693,0.0004288361,22.2460481793,12.1779905221,0.0047451648,6.8325027329,0.0000809709,0.0468077238
1784079623863206400,-129.980560702,231.593538404,-4.281947361,0.895937299,-0.014452762,0.011529767,0.443795604,0.0000020309,0.0000002319,-0.0000141058,0.0000016447,-0.0000065244,0.0004288145,22.2917122028,12.1739299923,0.0047507147,6.8146267414,0.0000711974,0.0468679560
1784079623930122496,-129.806939373,231.831650887,-4.284854430,0.895931913,-0.013624573,0.012233247,0.443813841,0.0000020527,0.0000002096,-0.0000144236,0.0000016225,-0.0000057187,0.0004288216,22.3367596170,12.1699467745,0.0047416956,6.7971012906,0.0000612457,0.0469312633
1784079623996703488,-129.646593389,232.064360625,-4.281403289,0.896031628,-0.013765856,0.012605362,0.443597709,0.0000020681,0.0000002070,-0.0000146212,0.0000016205,-0.0000055388,0.0004288246,22.3823078371,12.1652463615,0.0047571156,6.7787470849,0.0000582602,0.0470072854
1784079624063145472,-129.472472103,232.303026874,-4.291902515,0.896045585,-0.014693570,0.013795267,0.443504339,0.0000021620,0.0000002373,-0.0000159092,0.0000016282,-0.0000059332,0.0004287257,22.4283697271,12.1619333598,0.0047702118,6.7617916941,0.0000516220,0.0470716435
1784079624129987584,-129.300426517,232.538116357,-4.298403110,0.895858068,-0.015902267,0.016779427,0.443738538,0.0000023829,0.0000002630,-0.0000186246,0.0000016215,-0.0000056675,0.0004285248,22.4745077772,12.1574856364,0.0047788255,6.7436885343,0.0000486420,0.0471398133
1784079624196583424,-129.124048742,232.773790666,-4.292125613,0.895757803,-0.013681204,0.015811955,0.444050409,0.0000022557,0.0000001842,-0.0000170834,0.0000015882,-0.0000042544,0.0004287039,22.5196897037,12.1527246544,0.0047728514,6.7256105481,0.0000438392,0.0472044637
1784079624263113472,-128.952946232,233.006251340,-4.287273129,0.895771289,-0.013544938,0.018809923,0.443910486,0.0000024578,0.0000001490,-0.0000194284,0.0000015659,-0.0000030272,0.0004285361,22.5656542037,12.1475901396,0.0047598963,6.7069704091,0.0000351104,0.0472672768
1784079624329914624,-128.782534426,233.240277043,-4.294421579,0.895569780,-0.014205096,0.020147252,0.444237631,0.0000025676,0.0000001579,-0.0000205668,0.0000015683,-0.0000030555,0.0004284457,22.6115364986,12.1430575798,0.0047572700,6.6890908292,0.0000276745,0.0473388569
1784079624396517632,-128.601824103,233.476632715,-4.288448378,0.895658910,-0.012954190,0.018794580,0.444155456,0.0000024389,0.0000001252,-0.0000191676,0.0000015607,-0.0000025924,0.0004285965,22.6571026252,12.1387100614,0.0047476301,6.6715666172,0.0000179450,0.0474009613
1784079624463133696,-128.423550293,233.710623335,-4.284785063,0.895393952,-0.012037632,0.019825886,0.444670328,0.0000024791,0.0000000790,-0.0000195859,0.0000015523,-0.0000015298,0.0004285875,22.7022574322,12.1333521492,0.0047492294,6.6531742990,0.0000137304,0.0474750439
1784079624563252480,-128.158875591,234.060400921,-4.290376396,0.895338023,-0.010740563,0.021119986,0.444756576,0.0000025256,0.0000000103,-0.0000200319,0.0000015527,-0.0000000468,0.0004285991,22.7717115818,12.1247695554,0.0047487356,6.6247160531,0.0000070550,0.0475914032
1784079624663178496,-127.838883211,234.414575291,-4.293665019,0.895349070,-0.009435543,0.020296288,0.444802286,0.0000024228,-0.0000000203,-0.0000189044,0.0000015570,0.0000006180,0.0004286557,22.8394259860,12.1170498650,0.0047526117,6.5976141679,-0.0000094131,0.0476847196
1784079624729772544,-127.622434808,234.648503490,-4.285651384,0.895351064,-0.008373674,0.019228541,0.444866965,0.0000023217,-0.0000000349,-0.0000177303,0.0000015612,0.0000010811,0.0004287341,22.8857461483,12.1070893373,0.0047732244,6.5742993095,-0.0000228289,0.0477638615
1784079624796259328,-127.433061251,234.885989226,-4.283059284,0.895072768,-0.008660715,0.020158869,0.445380008,0.0000023902,-0.0000000429,-0.0000184877,0.0000015653,0.0000012319,0.0004286760,22.9320294841,12.0978207321,0.0047870876,6.5518748142,-0.0000305601,0.0478526171
1784079624863114240,-127.248082397,235.124442147,-4.283618144,0.895243177,-0.007443495,0.020600308,0.445039185,0.0000023788,-0.0000000862,-0.0000183466,0.0000015765,0.0000023013,0.0004286847,22.9789492385,12.0912272255,0.0048128075,6.5321567178,-0.0000386933,0.0479341122
1784079624929721344,-127.065284960,235.364117851,-4.283455369,0.895206482,-0.006079312,0.019865267,0.445167124,0.0000022880,-0.0000001099,-0.0000172253,0.0000015848,0.0000030444,0.0004287712,23.0249665370,12.0855724675,0.0048119492,6.5137385311,-0.0000515688,0.0480073209
1784079624996193536,-126.904491026,235.597592904,-4.287055235,0.895023995,-0.006634641,0.016935743,0.445646958,0.0000021394,-0.0000000386,-0.0000152557,0.0000015691,0.0000014789,0.0004289424,23.0724506269,12.0800931480,0.0048128989,6.4951960905,-0.0000670580,0.0480826244
1784079625063090688,-126.735122435,235.834652141,-4.285095959,0.894833349,-0.007645319,0.017515436,0.445991072,0.0000021957,-0.0000000255,-0.0000159985,0.0000015634,0.0000010205,0.0004289021,23.1187741862,12.0761542570,0.0048416438,6.4786378085,-0.0000727537,0.0481535732
1784079625129644288,-126.553284483,236.072634743,-4.280693912,0.894901035,-0.007133679,0.015901002,0.445924215,0.0000021001,-0.0000000148,-0.0000146168,0.0000015649,0.0000007940,0.0004290237,23.1661444036,12.0715607864,0.0048644674,6.4612184597,-0.0000773771,0.0482363307
1784079625196245504,-126.370281435,236.304624335,-4.275959706,0.895062656,-0.006477653,0.016261405,0.445596733,0.0000021059,-0.0000000366,-0.0000146561,0.0000015699,0.0000014135,0.0004290396,23.2119188686,12.0657094161,0.0048839173,6.4430023399,-0.0000832882,0.0483161682
1784079625262981376,-126.123046611,236.542823253,-4.276334729,0.895259233,-0.007123529,0.016423796,0.445185827,0.0000021270,-0.0000000215,-0.0000149612,0.0000015659,0.0000009318,0.0004290230,23.2581640981,12.0591410099,0.0048853260,6.4239657765,-0.0000871880,0.0483901101
1784079625329496320,-125.940475480,236.778395312,-4.281428744,0.895248875,-0.008698673,0.014827636,0.445234687,0.0000020891,0.0000000417,-0.0000143874,0.0000015670,-0.0000009101,0.0004290713,23.3057843936,12.0469258465,0.0049012333,6.3988807111,-0.0000980968,0.0484782836
1784079625396341504,-125.748716623,237.011132653,-4.284739693,0.895147246,-0.009233773,0.016500189,0.445369385,0.0000021968,0.0000000350,-0.0000158662,0.0000015672,-0.0000006770,0.0004289740,23.3524738195,12.0409229432,0.0048942462,6.3804705843,-0.0001111220,0.0485551727
1784079625462913536,-125.600386686,237.239518421,-4.292800083,0.895333075,-0.008963781,0.016488773,0.445001636,0.0000021887,0.0000000264,-0.0000157356,0.0000015667,-0.0000004894,0.0004289905,23.3979345133,12.0333713600,0.0048785649,6.3609031226,-0.0001216724,0.0486280903
1784079625529381632,-125.422580132,237.471552826,-4.295903057,0.895566806,-0.009787099,0.015739535,0.444540860,0.0000021725,0.0000000572,-0.0000154798,0.0000015702,-0.0000013835,0.0004290201,23.4431665418,12.0302290381,0.0048820782,6.3459636249,-0.0001260764,0.0486999259
1784079625596265472,-125.253905911,237.707507981,-4.297110944,0.895548166,-0.010268694,0.015707118,0.444568693,0.0000021855,0.0000000691,-0.0000156337,0.0000015724,-0.0000017388,0.0004289951,23.4897664121,12.0242246870,0.0048983171,6.3277730517,-0.0001318309,0.0487765230
1784079625662842624,-125.076113777,237.941006011,-4.294340563,0.895490709,-0.010811342,0.015907496,0.444664431,0.0000022132,0.0000000803,-0.0000159865,0.0000015730,-0.0000020467,0.0004289544,23.5356994472,12.0192607922,0.0049036240,6.3108773571,-0.0001369396,0.0488479281
1784079625729313280,-124.924362656,238.174221468,-4.293282557,0.895554015,-0.010072439,0.016404979,0.444536196,0.0000022204,0.0000000509,-0.0000160790,0.0000015651,-0.0000012941,0.0004289472,23.5822413900,12.0131626756,0.0048966321,6.2927650389,-0.0001400104,0.0489202716
1784079625796167424,-124.686620956,238.405325354,-4.294815081,0.895902114,-0.010986411,0.016673411,0.443802545,0.0000022544,0.0000000724,-0.0000165302,0.0000015636,-0.0000019040,0.0004288271,23.6281689578,12.0097192753,0.0049390608,6.2773658044,-0.0001451765,0.0489831601
1784079625862772480,-124.484622540,238.639189930,-4.287946863,0.896143332,-0.011728381,0.016623268,0.443298140,0.0000022914,0.0000000975,-0.0000169658,0.0000015701,-0.0000025063,0.0004287878,23.6744016438,11.9975865124,0.0049549057,6.2534348428,-0.0001523419,0.0490718648
1784079625929366272,-124.301403152,238.869845090,-4.287125675,0.896153231,-0.011473825,0.017397518,0.443255078,0.0000023311,0.0000000806,-0.0000174158,0.0000015670,-0.0000020495,0.0004287458,23.7205316301,11.9891494133,0.0049847237,6.2333026620,-0.0001624835,0.0491597098
1784079625996132352,-124.102106748,239.100217270,-4.286136209,0.896315066,-0.011426094,0.018565171,0.442881565,0.0000024089,0.0000000653,-0.0000183110,0.0000015660,-0.0000015879,0.0004286923,23.7666408709,11.9820087125,0.0049944831,6.2146234022,-0.0001695338,0.0492463526
1784079626062585344,-123.895226553,239.333926266,-4.285684957,0.896523581,-0.010555670,0.018598133,0.442479554,0.0000023828,0.0000000400,-0.0000180132,0.0000015635,-0.0000009171,0.0004287205,23.8122826411,11.9733968319,0.0049902328,6.1946493191,-0.0001785769,0.0493344818
1784079626129430528,-123.706210453,239.562981434,-4.287454599,0.896720105,-0.010175068,0.019086949,0.442069236,0.0000024043,0.0000000229,-0.0000182435,0.0000015658,-0.0000004635,0.0004287149,23.8594630960,11.9642514566,0.0049893648,6.1738725664,-0.0001877116,0.0494273751
1784079626196060416,-123.535936125,239.796712458,-4.283095890,0.896876070,-0.009614889,0.018510991,0.441789784,0.0000023544,0.0000000128,-0.0000176240,0.0000015688,-0.0000002083,0.0004287678,23.9054192123,11.9568446590,0.0050070179,6.1551717318,-0.0001937642,0.0495171794
1784079626262508288,-123.328593141,240.024076058,-4.279196372,0.896947456,-0.009022597,0.018601484,0.441653529,0.0000023397,-0.0000000052,-0.0000174118,0.0000015720,0.0000002908,0.0004288038,23.9518042798,11.9513207108,0.0050191086,6.1383399152,-0.0001993226,0.0496067621
1784079626329399296,-123.111433403,240.253306455,-4.276662834,0.897176631,-0.007153475,0.017475165,0.441268103,0.0000022177,-0.0000000394,-0.0000158070,0.0000015798,0.0000013056,0.0004289428,23.9978425152,11.9415495970,0.0050319739,6.1174768417,-0.0002072757,0.0497021568
1784079626395969280,-122.905366415,240.485718034,-4.272499178,0.897473256,-0.007137208,0.019012677,0.440601104,0.0000023073,-0.0000000658,-0.0000169590,0.0000015873,0.0000019171,0.0004288450,24.0431481221,11.9309348371,0.0050565031,6.0959874830,-0.0002190015,0.0497920423
1784079626462440448,-122.706889826,240.717709286,-4.273631201,0.897489794,-0.007233163,0.019010218,0.440565957,0.0000023172,-0.0000000586,-0.0000170475,0.0000015891,0.0000017747,0.0004288581,24.0907026775,11.9216896449,0.0050709523,6.0754541632,-0.0002292237,0.0498890791
1784079626529291264,-122.496046231,240.948103666,-4.280412530,0.897670470,-0.006729527,0.019574789,0.440180949,0.0000023430,-0.0000000790,-0.0000173580,0.0000015962,0.0000022693,0.0004288465,24.1372777731,11.9131494778,0.0050828911,6.0559265124,-0.0002368075,0.0499750921
1784079626595911424,-122.275772095,241.176655824,-4.276825259,0.897777024,-0.006363324,0.020408087,0.439931169,0.0000023788,-0.0000001101,-0.0000177813,0.0000016086,0.0000030032,0.0004288110,24.1834058010,11.9032274326,0.0050753239,6.0352247917,-0.0002400539,0.0500651747
1784079626662509568,-122.074973470,241.408589396,-4.280353964,0.898016835,-0.005227366,0.020634414,0.439445854,0.0000023591,-0.0000001439,-0.0000175260,0.0000016245,0.0000038879,0.0004288275,24.2297064661,11.8921391985,0.0050820571,6.0134448201,-0.0002498945,0.0501585628
1784079626762594560,-121.784469110,241.759236165,-4.286945390,0.898278881,-0.005860069,0.020239417,0.438920354,0.0000023500,-0.0000001157,-0.0000173640,0.0000016183,0.0000032582,0.0004288803,24.3008140797,11.8792902418,0.0050878553,5.9842522330,-0.0002613593,0.0503007902
1784079626829206528,-121.596389139,241.988399576,-4.283368696,0.898408279,-0.004715735,0.020375885,0.438662912,0.0000023331,-0.0000001514,-0.0000171315,0.0000016376,0.0000042242,0.0004288995,24.3472922989,11.8709710591,0.0050976563,5.9653402650,-0.0002676585,0.0503937142
1784079626895691520,-121.387878606,242.214045909,-4.279476991,0.898602978,-0.004021122,0.020954393,0.438243577,0.0000023577,-0.0000001831,-0.0000174730,0.0000016462,0.0000048790,0.0004288666,24.3937096264,11.8629705492,0.0051057652,5.9468067269,-0.0002746206,0.0504678333
1784079626962519296,-121.208833674,242.445629329,-4.278298860,0.898648528,-0.002967963,0.020906072,0.438160872,0.0000023076,-0.0000002104,-0.0000168415,0.0000016692,0.0000057733,0.0004289092,24.4397518060,11.8527540427,0.0051112674,5.9263227988,-0.0002811185,0.0505581877
1784079627029120512,-121.009593377,242.672386864,-4.282282693,0.898789904,-0.004000990,0.021031098,0.437856591,0.0000023574,-0.0000001823,-0.0000174521,0.0000016450,0.0000048681,0.0004288979,24.4869799713,11.8458685362,0.0051277399,5.9088412144,-0.0002887284,0.0506438060
1784079627095624448,-120.818317980,242.900512447,-4.274044094,0.898893515,-0.003829653,0.020719918,0.437660220,0.0000023215,-0.0000001857,-0.0000170008,0.0000016500,0.0000050848,0.0004289469,24.5328142314,11.8368307558,0.0051398278,5.8897023225,-0.0002948146,0.0507314099
1784079627162500352,-120.624218653,243.132809043,-4.270670763,0.899034912,-0.002391336,0.020803705,0.437375941,0.0000022871,-0.0000002222,-0.0000165573,0.0000016772,0.0000061451,0.0004289690,24.5792109835,11.8282822141,0.0051472435,5.8709770637,-0.0003017693,0.0508183716
1784079627229083648,-120.422108451,243.361017585,-4.276064366,0.899404038,-0.001843555,0.020216674,0.436646611,0.0000022344,-0.0000002192,-0.0000158433,0.0000016814,0.0000063088,0.0004290353,24.6264560048,11.8195691912,0.0051445984,5.8519829896,-0.0003075552,0.0509063442
1784079627296640512,-120.199214931,243.587599164,-4.264835391,0.899614477,-0.002665984,0.021407473,0.436151815,0.0000023427,-0.0000002353,-0.0000172285,0.0000016792,0.0000061979,0.0004289501,24.6734678678,11.8098415429,0.0051402635,5.8321664079,-0.0003110886,0.0509959959
1784079627362382336,-120.016102149,243.816434891,-4.259326500,0.899709368,-0.002707691,0.021253130,0.435963331,0.0000023331,-0.0000002278,-0.0000170943,0.0000016767,0.0000060600,0.0004289820,24.7190690230,11.7984891139,0.0051387306,5.8112170834,-0.0003193612,0.0510886894
1784079627428889600,-119.833241693,244.043099428,-4.252041010,0.899814630,-0.002438941,0.021600427,0.435730541,0.0000023521,-0.0000002437,-0.0000173376,0.0000016863,0.0000063728,0.0004289672,24.7657364970,11.7908574001,0.0051302611,5.7936104859,-0.0003236629,0.0511708787
1784079627495721472,-119.653259564,244.278049047,-4.249352528,0.899896515,-0.003452067,0.020664624,0.435599954,0.0000023256,-0.0000001921,-0.0000169910,0.0000016565,0.0000052064,0.0004290497,24.8127120250,11.7829435788,0.0051324549,5.7757629766,-0.0003303428,0.0512621429
1784079627562355456,-119.484873452,244.511137832,-4.243012292,0.899979055,-0.002443711,0.020531854,0.435442500,0.0000022937,-0.0000002170,-0.0000165754,0.0000016781,0.0000059793,0.0004290718,24.8602398119,11.7757648623,0.0051271494,5.7585153727,-0.0003351995,0.0513513236
1784079627628787456,-119.306031302,244.734671481,-4.242810640,0.900121562,-0.001868239,0.019829313,0.435183274,0.0000022344,-0.0000002091,-0.0000157425,0.0000016866,0.0000061220,0.0004291521,24.9082158683,11.7696600811,0.0051313807,5.7422794263,-0.0003427915,0.0514488845
1784079627695680256,-119.175811407,244.977374033,-4.243806396,0.899957049,-0.002611990,0.019691341,0.435525818,0.0000022529,-0.0000001844,-0.0000159866,0.0000016703,0.0000054099,0.0004291523,24.9538413897,11.7620015088,0.0051433098,5.7251277876,-0.0003457986,0.0515392713
1784079627762238464,-118.992975984,245.207780861,-4.245122420,0.899949312,-0.002217744,0.020246829,0.435518522,0.0000022652,-0.0000002085,-0.0000161129,0.0000016908,0.0000060259,0.0004291477,25.0035730452,11.7602359004,0.0051478407,5.7126771262,-0.0003483523,0.0516307709
1784079627828753408,-118.794580266,245.442978612,-4.241968989,0.900242746,-0.001166712,0.019295293,0.434958996,0.0000021885,-0.0000002082,-0.0000150219,0.0000017086,0.0000064912,0.0004292346,25.0510667595,11.7524771322,0.0051549564,5.6952007935,-0.0003522518,0.0517280167
1784079627895573504,-118.623281002,245.676408835,-4.237662319,0.900335151,-0.002545501,0.020236914,0.434718994,0.0000022821,-0.0000001970,-0.0000162749,0.0000016909,0.0000057387,0.0004291791,25.0994922714,11.7433209514,0.0051601228,5.6762934812,-0.0003569481,0.0518283871
1784079627962235392,-118.437267195,245.911793574,-4.236287490,0.900562697,-0.003400719,0.018330416,0.434326213,0.0000021988,-0.0000001330,-0.0000151119,0.0000016587,0.0000043768,0.0004293054,25.1481716516,11.7370103091,0.0051549218,5.6600165381,-0.0003608483,0.0519197579
1784079628028654592,-118.271102770,246.143302828,-4.234576246,0.900599262,-0.004332392,0.018617903,0.434229863,0.0000022451,-0.0000001155,-0.0000157114,0.0000016502,0.0000037584,0.0004292871,25.1959463489,11.7289853965,0.0051572302,5.6424370203,-0.0003668903,0.0520182590
1784079628095604480,-118.066440847,246.372479647,-4.241659430,0.900862173,-0.004178415,0.018602704,0.433686321,0.0000022337,-0.0000001162,-0.0000155553,0.0000016475,0.0000037860,0.0004292580,25.2435591225,11.7225673103,0.0051828814,5.6263037523,-0.0003754096,0.0521059722
1784079628162047488,-117.918955631,246.604123079,-4.238572981,0.900891530,-0.003436427,0.018641029,0.433630205,0.0000022304,-0.0000001380,-0.0000154791,0.0000016618,0.0000044167,0.0004292526,25.2897330183,11.7122789567,0.0051907574,5.6070962315,-0.0003812146,0.0522027892
1784079628228838400,-117.748366376,246.835021867,-4.238197363,0.901046927,-0.003635289,0.018315989,0.433319449,0.0000022121,-0.0000001259,-0.0000152093,0.0000016580,0.0000041568,0.0004292719,25.3384256480,11.7078997183,0.0051969900,5.5928253054,-0.0003862035,0.0522945679
1784079628295478272,-117.557923312,247.064441782,-4.244447805,0.901078375,-0.003694616,0.017397295,0.433291410,0.0000021648,-0.0000001044,-0.0000144868,0.0000016517,0.0000037089,0.0004293435,25.3858985917,11.7012996585,0.0052084568,5.5768732962,-0.0003922089,0.0523874579
1784079628361929472,-117.386055446,247.293592496,-4.245045591,0.901079358,-0.004085288,0.017889308,0.433265824,0.0000022077,-0.0000001065,-0.0000150611,0.0000016519,0.0000036089,0.0004293174,25.4329883710,11.6924213788,0.0052226838,5.5589912787,-0.0003984754,0.0524826542
1784079628428768512,-117.211810122,247.526490093,-4.243289680,0.901249814,-0.003242541,0.016319502,0.432980291,0.0000021008,-0.0000000970,-0.0000134498,0.0000016563,0.0000037522,0.0004294126,25.4807499500,11.6852586258,0.0052259268,5.5425462998,-0.0004037190,0.0525726730
1784079628495371520,-117.030628366,247.758296742,-4.231605677,0.901379121,-0.003482231,0.017686320,0.432655462,0.0000021900,-0.0000001206,-0.0000147693,0.0000016634,0.0000040826,0.0004293319,25.5287345969,11.6781423582,0.0052399526,5.5262237370,-0.0004105457,0.0526644147
1784079628561911296,-116.831291368,247.987558362,-4.238471089,0.901511048,-0.003981675,0.017033064,0.432402418,0.0000021604,-0.0000000917,-0.0000142844,0.0000016529,0.0000033294,0.0004293986,25.5773899505,11.6704032946,0.0052494993,5.5092829710,-0.0004181218,0.0527613219
1784079628628697344,-116.644304010,248.216492118,-4.233684374,0.901648626,-0.004795327,0.016625427,0.432123080,0.0000021734,-0.0000000692,-0.0000144224,0.0000016452,0.0000025996,0.0004294200,25.6247014179,11.6602820592,0.0052608496,5.4905427334,-0.0004240914,0.0528599725
1784079628695362560,-116.475826700,248.449937510,-4.230648489,0.901821711,-0.004185343,0.017226130,0.431744537,0.0000021898,-0.0000000985,-0.0000146246,0.0000016533,0.0000033078,0.0004294139,25.6723209135,11.6514263987,0.0052726201,5.4729419715,-0.0004311254,0.0529486302
1784079628761789440,-116.293163174,248.677567806,-4.230221346,0.902004005,-0.004154963,0.017168567,0.431366147,0.0000021883,-0.0000000985,-0.0000145494,0.0000016547,0.0000032676,0.0004294409,25.7205908346,11.6447803751,0.0052836623,5.4572699980,-0.0004373875,0.0530419084
1784079628828629504,-116.122681102,248.908252082,-4.224525450,0.902095204,-0.004601590,0.016758053,0.431187009,0.0000021865,-0.0000000830,-0.0000144746,0.0000016505,0.0000027904,0.0004294727,25.7687982842,11.6363571685,0.0052956152,5.4400901051,-0.0004441820,0.0531390478
1784079628895142656,-115.949513588,249.136655921,-4.221607957,0.902046301,-0.005292399,0.016746316,0.431281836,0.0000022026,-0.0000000665,-0.0000146668,0.0000016458,0.0000022281,0.0004294833,25.8162776423,11.6295260963,0.0053097282,5.4245369618,-0.0004511744,0.0532315764
1784079628962043648,-115.771997765,249.366013871,-4.219378198,0.902215462,-0.004991798,0.015765743,0.430968425,0.0000021494,-0.0000000602,-0.0000138350,0.0000016461,0.0000021148,0.0004295501,25.8642445983,11.6216937101,0.0053224247,5.4080520321,-0.0004570296,0.0533249095
1784079629028583424,-115.586494959,249.593720990,-4.222449927,0.902251814,-0.004786108,0.015928509,0.430888662,0.0000021517,-0.0000000684,-0.0000138075,0.0000016451,0.0000023004,0.0004295571,25.9114813397,11.6138493233,0.0053365247,5.3917373310,-0.0004633652,0.0534162315
1784079629095077632,-115.399449069,249.821500142,-4.225341084,0.902325403,-0.004036968,0.015267934,0.430766133,0.0000021045,-0.0000000761,-0.0000129975,0.0000016497,0.0000026398,0.0004296207,25.9592806504,11.6049118473,0.0053530025,5.3744474336,-0.0004703474,0.0535123897
1784079629161918464,-115.209436842,250.049159372,-4.225479632,0.902457200,-0.004889419,0.015946034,0.430456524,0.0000021597,-0.0000000714,-0.0000138201,0.0000016461,0.0000022951,0.0004295867,26.0074420980,11.5959318068,0.0053723560,5.3571153739,-0.0004770882,0.0536095463
1784079629228494336,-114.964218602,250.277611679,-4.226243062,0.902767187,-0.004817455,0.015619883,0.429818820,0.0000021420,-0.0000000701,-0.0000135103,0.0000016453,0.0000022303,0.0004296042,26.0547832563,11.5864006932,0.0053999009,5.3394763095,-0.0004872019,0.0537045155
1784079629295002368,-114.783263501,250.504454369,-4.221861612,0.902910857,-0.005705160,0.016820045,0.429460733,0.0000022388,-0.0000000676,-0.0000148851,0.0000016456,0.0000019461,0.0004295426,26.1027850927,11.5713271144,0.0054100902,5.3170144088,-0.0004953666,0.0538155122
1784079629361849600,-114.577220554,250.729988470,-4.221625116,0.902968450,-0.006281427,0.016585786,0.429340696,0.0000022418,-0.0000000491,-0.0000148634,0.0000016424,0.0000013927,0.0004295505,26.1500792289,11.5626676029,0.0054308179,5.3003255224,-0.0005051212,0.0539136191
1784079629428427520,-114.373511752,250.957195634,-4.218197105,0.903275494,-0.006208601,0.017199719,0.428671208,0.0000022752,-0.0000000589,-0.0000153446,0.0000016445,0.0000016927,0.0004295134,26.1979159970,11.5513628966,0.0054581496,5.2812907000,-0.0005155506,0.0540137942
1784079629494966528,-114.174856673,251.188110439,-4.217038613,0.903358986,-0.006483604,0.016738654,0.428509420,0.0000022638,-0.0000000426,-0.0000151362,0.0000016417,0.0000012755,0.0004295485,26.2453112481,11.5403123676,0.0054750835,5.2626789970,-0.0005237365,0.0541153901
1784079629561788672,-113.991903408,251.416116622,-4.212357896,0.903463646,-0.006148554,0.015554903,0.428338277,0.0000021976,-0.0000000321,-0.0000141405,0.0000016415,0.0000010870,0.0004296174,26.2937762806,11.5299053123,0.0054840804,5.2444597869,-0.0005307214,0.0542169595
1784079629628269312,-113.832925137,251.634925867,-4.213564121,0.903471288,-0.005336803,0.014318129,0.428376167,0.0000021091,-0.0000000342,-0.0000126736,0.0000016444,0.0000012834,0.0004297245,26.3405626972,11.5209440822,0.0054874228,5.2279212833,-0.0005365539,0.0543145437
1784079629695083264,-113.614514322,251.856551509,-4.214698893,0.903732850,-0.004767058,0.012725624,0.427881139,0.0000020337,-0.0000000254,-0.0000113160,0.0000016442,0.0000011390,0.0004298008,26.3878858612,11.5140283204,0.0055034933,5.2130624591,-0.0005429989,0.0544071906
1784079629761682432,-113.427128466,252.089869169,-4.211839994,0.903610613,-0.005854647,0.013823132,0.428091701,0.0000021110,-0.0000000147,-0.0000126781,0.0000016442,0.0000006587,0.0004297224,26.4347872797,11.5015503667,0.0054929780,5.1935602500,-0.0005466433,0.0545072798
1784079629828203520,-113.239592423,252.317199732,-4.211673851,0.903712121,-0.005682449,0.012277353,0.427926838,0.0000020365,-0.0000000030,-0.0000112681,0.0000016462,0.0000002806,0.0004298237,26.4834087126,11.4922395575,0.0054915617,5.1765959261,-0.0005519188,0.0546107336
1784079629895044608,-113.083638344,252.548870930,-4.206343228,0.903816270,-0.005372207,0.011502727,0.427732366,0.0000020088,0.0000000006,-0.0000106996,0.0000016458,0.0000001950,0.0004298561,26.5316264851,11.4824988299,0.0054898523,5.1593610333,-0.0005564087,0.0547112348
1784079629961679360,-112.905128913,252.777477061,-4.207217524,0.903732412,-0.006404228,0.011699380,0.427889984,0.0000020369,0.0000000194,-0.0000111696,0.0000016484,-0.0000005454,0.0004298499,26.5804863216,11.4765022853,0.0054884290,5.1453095263,-0.0005604564,0.0548087878
1784079630028109568,-112.719990650,253.008762588,-4.199779582,0.903816877,-0.007322411,0.011667040,0.427697691,0.0000020547,0.0000000374,-0.0000114571,0.0000016531,-0.0000011926,0.0004298473,26.6298700192,11.4680391324,0.0054809556,5.1291112725,-0.0005625693,0.0549072039
1784079630095006464,-112.536450027,253.239964465,-4.192446916,0.903758328,-0.007134737,0.010354525,0.427858345,0.0000020029,0.0000000441,-0.0000104030,0.0000016562,-0.0000015440,0.0004299131,26.6786149561,11.4588775287,0.0054759903,5.1125040475,-0.0005662986,0.0550083224
1784079630161544448,-112.362059603,253.469201864,-4.190834809,0.903851211,-0.007669425,0.010896551,0.427639373,0.0000020353,0.0000000529,-0.0000110089,0.0000016598,-0.0000017920,0.0004298831,26.7270040116,11.4498947668,0.0054640319,5.0961546050,-0.0005690065,0.0551082525
1784079630228042240,-112.222400818,253.702246691,-4.188235327,0.903792139,-0.008216038,0.010183661,0.427771621,0.0000020140,0.0000000658,-0.0000105819,0.0000016687,-0.0000023289,0.0004298942,26.7759849178,11.4415047688,0.0054628848,5.0802333664,-0.0005723095,0.0552118710
1784079630294879488,-112.047533288,253.937717943,-4.196498601,0.903866023,-0.010601122,0.010188951,0.427562877,0.0000020563,0.0000001222,-0.0000113948,0.0000016998,-0.0000043148,0.0004298262,26.8261896172,11.4371285255,0.0054559590,5.0675626651,-0.0005732747,0.0553042939
1784079630361355520,-111.847289336,254.167435035,-4.190878336,0.903810036,-0.012230254,0.011012992,0.427617299,0.0000021360,0.0000001622,-0.0000127527,0.0000017219,-0.0000051982,0.0004297340,26.8762276796,11.4293940548,0.0054476715,5.0521595611,-0.0005742863,0.0554061030
1784079630428231424,-111.696829300,254.407035836,-4.184682795,0.903373748,-0.012796512,0.011391462,0.428511791,0.0000021749,0.0000001794,-0.0000133337,0.0000017329,-0.0000055300,0.0004296847,26.9249837803,11.4186415979,0.0054316459,5.0344829081,-0.0005778406,0.0555094987
1784079630494808320,-111.529280943,254.642370410,-4.179927071,0.903289099,-0.014706625,0.011145870,0.428635380,0.0000022116,0.0000002397,-0.0000138932,0.0000017827,-0.0000071286,0.0004295995,26.9763439364,11.4132150470,0.0054202474,5.0208883360,-0.0005796361,0.0556086029
1784079630561277440,-111.362923798,254.877062036,-4.183611107,0.903391189,-0.015675224,0.013593333,0.428315152,0.0000023693,0.0000002722,-0.0000161038,0.0000017816,-0.0000070070,0.0004294495,27.0261933449,11.4053070524,0.0054095146,5.0055511169,-0.0005812265,0.0557095538
1784079630628201472,-111.180283260,255.114233349,-4.184323082,0.903457238,-0.016443015,0.015858155,0.428069113,0.0000025251,0.0000002911,-0.0000180487,0.0000017727,-0.0000066707,0.0004292982,27.0766132234,11.3976729703,0.0054034180,4.9903876779,-0.0005824608,0.0558093816
1784079630694736384,-110.977137509,255.344456237,-4.181574378,0.903463562,-0.017019797,0.016307078,0.428016352,0.0000025750,0.0000003120,-0.0000186188,0.0000017829,-0.0000069334,0.0004292360,27.1264718496,11.3888303616,0.0053966461,4.9743799284,-0.0005848246,0.0559100357
1784079630761216512,-110.779391745,255.580219784,-4.182190408,0.903174767,-0.017311164,0.016097153,0.428621681,0.0000025667,0.0000003248,-0.0000185081,0.0000017966,-0.0000072788,0.0004291909,27.1753320802,11.3778407695,0.0053928794,4.9567419360,-0.0005891774,0.0560131826
1784079630828108544,-110.608388492,255.826285891,-4.188963968,0.903037608,-0.018627658,0.013977199,0.428929745,0.0000024681,0.0000003787,-0.0000173136,0.0000018684,-0.0000091190,0.0004292099,27.2275080502,11.3674410793,0.0053865799,4.9391811482,-0.0005925581,0.0561216031
1784079630894670592,-110.457062711,256.069649699,-4.192776274,0.902741419,-0.021190065,0.011840032,0.429498224,0.0000024170,0.0000004714,-0.0000166641,0.0000020040,-0.0000118647,0.0004291161,27.2795157710,11.3603283231,0.0053785721,4.9244213841,-0.0005939362,0.0562231850
1784079630961141248,-110.280047400,256.298878043,-4.191150932,0.902561897,-0.020613140,0.011552034,0.429911236,0.0000023888,0.0000004448,-0.0000162975,0.0000019820,-0.0000114455,0.0004291590,27.3303712911,11.3545887666,0.0053736920,4.9110450004,-0.0005935374,0.0563201159
1784079631028039424,-110.100381847,256.534303456,-4.188875502,0.902014619,-0.018576231,0.010040877,0.431188743,0.0000022519,0.0000003567,-0.0000144081,0.0000019273,-0.0000103604,0.0004293417,27.3794614424,11.3448422816,0.0053687109,4.8947382747,-0.0005952718,0.0564182772
1784079631094477312,-109.932818841,256.771766165,-4.196556608,0.901310100,-0.018367992,0.015399648,0.432510776,0.0000025724,0.0000003700,-0.0000185608,0.0000018402,-0.0000083337,0.0004291010,27.4303133883,11.3356615404,0.0053671248,4.8786668137,-0.0005988674,0.0565217176
1784079631194455296,-109.663865158,257.123646254,-4.189871129,0.901461963,-0.018615577,0.015162496,0.432191959,0.0000025644,0.0000003761,-0.0000184430,0.0000018514,-0.0000085184,0.0004291033,27.5070208726,11.3227155091,0.0053718421,4.8553233226,-0.0006048676,0.0566786496
1784079631227950592,-109.563241396,257.242713592,-4.182196737,0.901283946,-0.018719835,0.016411474,0.432512982,0.0000026462,0.0000003762,-0.0000193946,0.0000018333,-0.0000080949,0.0004290125,27.5325683781,11.3205278933,0.0053637644,4.8492404213,-0.0006051251,0.0567219487
1784079631294414592,-109.373815122,257.483395970,-4.183120343,0.900727372,-0.019071801,0.018730611,0.433561567,0.0000028244,0.0000003821,-0.0000212722,0.0000018119,-0.0000075140,0.0004288381,27.5836386470,11.3103602401,0.0053565891,4.8325030164,-0.0006089384,0.0568242859
1784079631361254400,-109.208352398,257.729741070,-4.188255202,0.900519601,-0.020629120,0.015203130,0.434059618,0.0000026245,0.0000004589,-0.0000191567,0.0000019186,-0.0000100731,0.0004289226,27.6356284215,11.3002283476,0.0053526214,4.8157395441,-0.0006118374,0.0569300238
1784079631428839424,-109.038611315,257.972157460,-4.188644460,0.900029315,-0.020791778,0.015733196,0.435048733,0.0000026731,0.0000004642,-0.0000196916,0.0000019122,-0.0000099241,0.0004288683,27.6890258843,11.2928437639,0.0053474574,4.8010191498,-0.0006125849,0.0570317833
1784079631527841536,-108.762688006,258.321465542,-4.204636606,0.898714447,-0.022465182,0.020698732,0.437469108,0.0000031316,0.0000005392,-0.0000241056,0.0000018931,-0.0000094128,0.0004284508,27.7658207828,11.2802273210,0.0053553783,4.7784356047,-0.0006185199,0.0571883612
1784079631561259520,-108.676535790,258.447547186,-4.208331627,0.898291803,-0.020447433,0.016607077,0.438609102,0.0000027327,0.0000004526,-0.0000202784,0.0000018898,-0.0000093293,0.0004288352,27.7915851533,11.2752977383,0.0053611893,4.7702706496,-0.0006192176,0.0572429948
1784079631627803648,-108.501815730,258.676793949,-4.214032445,0.897412655,-0.020830078,0.021757331,0.440162757,0.0000031616,0.0000004504,-0.0000243685,0.0000018243,-0.0000076552,0.0004284675,27.8426003720,11.2668011804,0.0053688040,4.7552504968,-0.0006224562,0.0573445923
1784079631694277632,-108.357188251,258.921477130,-4.214233554,0.896534618,-0.017853139,0.018931053,0.442208729,0.0000028073,0.0000003272,-0.0000210274,0.0000017825,-0.0000063090,0.0004288574,27.8920160115,11.2572999370,0.0053836428,4.7397319327,-0.0006273022,0.0574500459
1784079631794430464,-108.084359251,259.287495631,-4.219032661,0.895605048,-0.014858812,0.022875180,0.444012996,0.0000030076,0.0000001517,-0.0000229227,0.0000017104,-0.0000024906,0.0004287322,27.9721273508,11.2469490023,0.0054082358,4.7187042906,-0.0006364557,0.0576091051
1784079631927574272,-107.760934318,259.775134540,-4.224174926,0.894274973,-0.019041678,0.021982204,0.446571910,0.0000031154,0.0000003503,-0.0000238370,0.0000017863,-0.0000059116,0.0004285696,28.0780523469,11.2304812915,0.0054310948,4.6889734209,-0.0006431567,0.0578200677
1784079631961067520,-107.702688152,259.903105707,-4.226159014,0.893864243,-0.020406033,0.023257412,0.447268826,0.0000032988,0.0000004119,-0.0000254110,0.0000018074,-0.0000065715,0.0004283600,28.1063116592,11.2307322752,0.0054424627,4.6847139472,-0.0006447420,0.0578644817
1784079632061025280,-107.479820696,260.286428213,-4.236506800,0.893019556,-0.022566059,0.023736927,0.448824470,0.0000034483,0.0000005170,-0.0000265804,0.0000018612,-0.0000079567,0.0004281887,28.1890673265,11.2209645422,0.0054566793,4.6641726576,-0.0006456747,0.0580196376
1784079632094408448,-107.414999296,260.416723166,-4.241724363,0.892720773,-0.022852271,0.022994200,0.449442613,0.0000033935,0.0000005407,-0.0000261277,0.0000018822,-0.0000084779,0.0004282193,28.2182148890,11.2219598900,0.0054625378,4.6604057365,-0.0006406439,0.0580621243
1784079632194368256,-107.185976703,260.788044851,-4.248488626,0.891736904,-0.022062472,0.021828369,0.451488719,0.0000032641,0.0000005077,-0.0000249989,0.0000018786,-0.0000082910,0.0004283830,28.2980177699,11.2109884412,0.0054616011,4.6395246913,-0.0006350620,0.0582050717
1784079632327453440,-106.833009962,261.266742914,-4.265944973,0.890986216,-0.019374506,0.022609638,0.453052971,0.0000032164,0.0000003622,-0.0000245437,0.0000018046,-0.0000058928,0.0004285368,28.4054354579,11.1956308499,0.0054546277,4.6111310758,-0.0006226004,0.0583942143
1784079632360962304,-106.771236843,261.396028215,-4.265722088,0.890523549,-0.019534162,0.025316787,0.453811949,0.0000034738,0.0000003327,-0.0000266828,0.0000017809,-0.0000049323,0.0004282892,28.4317054602,11.1928388793,0.0054496397,4.6049155427,-0.0006210269,0.0584321955
1784079632460882432,-106.504842049,261.750927897,-4.269722936,0.889827387,-0.017526047,0.026518597,0.455188777,0.0000034818,0.0000002038,-0.0000267197,0.0000017435,-0.0000027950,0.0004283346,28.5136313488,11.1821640908,0.0054528513,4.5842557267,-0.0006135763,0.0585776173
1784079632527492608,-106.338021540,262.004128188,-4.286678193,0.889469630,-0.017426470,0.025559869,0.455946037,0.0000033941,0.0000002272,-0.0000260140,0.0000017510,-0.0000032729,0.0004283941,28.5645036842,11.1731832632,0.0054679055,4.5695818618,-0.0006284985,0.0586428638
1784079632594211584,-106.171102413,262.247942162,-4.296067416,0.889020955,-0.018569592,0.027769496,0.456646216,0.0000036678,0.0000002393,-0.0000281371,0.0000017539,-0.0000032037,0.0004281352,28.6200396967,11.1656248383,0.0054823507,4.5554704172,-0.0006328328,0.0587398322
1784079632627586304,-106.071097190,262.368037235,-4.302647019,0.888930548,-0.017602314,0.027481286,0.456877903,0.0000035879,0.0000001925,-0.0000275196,0.0000017463,-0.0000025491,0.0004282222,28.6470576572,11.1621970603,0.0054876838,4.5487896535,-0.0006355355,0.0587817858
1784079632727550464,-105.816590649,262.738262259,-4.308119969,0.888152998,-0.014445062,0.028378362,0.458443301,0.0000035330,0.0000000118,-0.0000270248,0.0000017387,0.0000002462,0.0004283404,28.7268632412,11.1466389669,0.0054936840,4.5251405523,-0.0006448221,0.0589354047
1784079632794144512,-105.644263861,262.976190814,-4.310182544,0.888063413,-0.013718213,0.029345078,0.458578294,0.0000035936,-0.0000000502,-0.0000274552,0.0000017455,0.0000012009,0.0004283044,28.7807664732,11.1388198287,0.0054914893,4.5112916488,-0.0006550275,0.0590256755
1784079632860622336,-105.472215752,263.219217519,-4.322406938,0.887924876,-0.011897996,0.027842160,0.458990921,0.0000033613,-0.0000000930,-0.0000255787,0.0000017542,0.0000019633,0.0004285599,28.8334480712,11.1298387287,0.0055047399,4.4967852072,-0.0006686745,0.0590967679
1784079632927471360,-105.305769064,263.463163925,-4.317617909,0.887658618,-0.012507225,0.031080678,0.459281764,0.0000037147,-0.0000001656,-0.0000283281,0.0000017688,0.0000028485,0.0004282271,28.8876122985,11.1211993856,0.0055025073,4.4823985156,-0.0006784015,0.0591874458
1784079632994079232,-105.098450438,263.682969133,-4.344472573,0.887623329,-0.010962025,0.030679462,0.459416402,0.0000035830,-0.0000002178,-0.0000273243,0.0000017825,0.0000036919,0.0004283534,28.9422544313,11.1131601201,0.0055509501,4.4683690522,-0.0007194727,0.0592360285
1784079633060551424,-104.921719714,263.916713087,-4.359544074,0.887809658,-0.010907134,0.031160343,0.459025139,0.0000036343,-0.0000002431,-0.0000276909,0.0000017919,0.0000040035,0.0004283261,28.9901400733,11.0995031912,0.0055557908,4.4512069194,-0.0007377394,0.0593153674
1784079633127403520,-104.748697461,264.159847117,-4.366325651,0.887850534,-0.009713819,0.031314696,0.458962374,0.0000035978,-0.0000003093,-0.0000274093,0.0000018099,0.0000049888,0.0004283615,29.0417693170,11.0895699289,0.0055618928,4.4363585351,-0.0007583077,0.0593832870
1784079633194015488,-104.576151369,264.392295742,-4.379321271,0.887976743,-0.007102080,0.030666898,0.458809771,0.0000034069,-0.0000003975,-0.0000258652,0.0000018571,0.0000066914,0.0004285287,29.0947281009,11.0799842984,0.0055477617,4.4216604368,-0.0007754708,0.0594549009
1784079633227412480,-104.510551504,264.514897721,-4.377915523,0.888089707,-0.006650516,0.031636544,0.458531975,0.0000034796,-0.0000004604,-0.0000264930,0.0000018758,0.0000074836,0.0004284189,29.1198690335,11.0757010272,0.0055656727,4.4148491991,-0.0007891077,0.0594704362
1784079633327351552,-104.242805063,264.866787320,-4.393774298,0.888305676,-0.003417873,0.031447416,0.458161984,0.0000032999,-0.0000005712,-0.0000249633,0.0000019728,0.0000097830,0.0004285524,29.2003463352,11.0631360004,0.0055802991,4.3941900062,-0.0008028589,0.0596048531
1784079633360716544,-104.167753359,264.982803200,-4.397686170,0.888270597,-0.003775870,0.032242235,0.458171940,0.0000034015,-0.0000005980,-0.0000258157,0.0000019767,0.0000098675,0.0004284593,29.2253053925,11.0586642265,0.0055834221,4.3873758457,-0.0008071917,0.0596334225
1784079633460665344,-103.919765807,265.334542316,-4.402468136,0.888601903,-0.002070029,0.030567272,0.457654908,0.0000031715,-0.0000005911,-0.0000238168,0.0000020116,0.0000105393,0.0004286996,29.3033116765,11.0450902626,0.0055919736,4.3664756824,-0.0008176616,0.0597673189
1784079633527315456,-103.774568239,265.571170779,-4.395962868,0.888855652,-0.001636232,0.030181466,0.457189274,0.0000031318,-0.0000005922,-0.0000234620,0.0000020156,0.0000106548,0.0004287534,29.3558678576,11.0368511683,0.0055849829,4.3531098986,-0.0008157201,0.0598378135
1784079633593741312,-103.598158938,265.812533032,-4.391332388,0.888961520,0.000051502,0.029033874,0.457060660,0.0000029699,-0.0000006032,-0.0000219240,0.0000020616,0.0000115571,0.0004288937,29.4088848908,11.0305186948,0.0055820117,4.3411492931,-0.0008168392,0.0599147825
1784079633660594432,-103.445712609,266.044638335,-4.382515092,0.888839714,0.000909497,0.030066647,0.457229847,0.0000030238,-0.0000006754,-0.0000224191,0.0000021218,0.0000126161,0.0004288025,29.4618552076,11.0207961462,0.0055823258,4.3267376041,-0.0008182006,0.0599989363
1784079633793681408,-103.143159600,266.516372308,-4.370394893,0.889186131,0.002405629,0.027700993,0.456700003,0.0000027920,-0.0000006175,-0.0000200553,0.0000021400,0.0000128396,0.0004290550,29.5649858869,11.0029451987,0.0056013397,4.2996283459,-0.0008342214,0.0601935336
1784079633860555520,-102.985399831,266.764091868,-4.367538953,0.889386203,0.002786581,0.026341816,0.456388569,0.0000026704,-0.0000005639,-0.0000187384,0.0000021204,0.0000125524,0.0004292001,29.6201625689,10.9992420341,0.0056144543,4.2894690611,-0.0008409743,0.0602965343
1784079633927140352,-102.805735383,266.991475964,-4.359781879,0.889524246,0.002631554,0.025749705,0.456154188,0.0000026322,-0.0000005390,-0.0000182985,0.0000021028,0.0000122412,0.0004292800,29.6750855620,10.9918932929,0.0056280351,4.2767643877,-0.0008376863,0.0603904741
1784079633993733376,-102.652844119,267.224353070,-4.344161063,0.889764563,0.001764641,0.026226714,0.455662230,0.0000027107,-0.0000005418,-0.0000191767,0.0000020740,0.0000117297,0.0004292508,29.7254165100,10.9811727251,0.0056485411,4.2622439527,-0.0008356533,0.0604879200
1784079634060457472,-102.479442196,267.460973875,-4.348612706,0.889997522,0.000545143,0.025214716,0.455267320,0.0000026722,-0.0000004687,-0.0000187122,0.0000020069,0.0000103804,0.0004293862,29.7785407696,10.9733469548,0.0056608819,4.2495350341,-0.0008415913,0.0605975001
1784079634126945536,-102.318444380,267.696394544,-4.345719536,0.890222123,0.000082939,0.023546009,0.454917741,0.0000025910,-0.0000004005,-0.0000177266,0.0000019638,0.0000093668,0.0004295354,29.8307406661,10.9638252595,0.0056816755,4.2357669868,-0.0008505859,0.0607137842
1784079634193787648,-102.163141487,267.936565159,-4.348433483,0.890310410,-0.000829746,0.025315946,0.454649082,0.0000027398,-0.0000004333,-0.0000194397,0.0000019660,0.0000093350,0.0004293964,29.8844610766,10.9551702972,0.0057134195,4.2224597791,-0.0008552837,0.0608280673
1784079634260418304,-102.000856734,268.173811150,-4.348509330,0.890674438,-0.001485273,0.023078570,0.454053102,0.0000026102,-0.0000003426,-0.0000179233,0.0000019164,0.0000080103,0.0004296062,29.9379959453,10.9473257504,0.0057343742,4.2098444841,-0.0008625781,0.0609424471
1784079634326869504,-101.829895780,268.409227176,-4.343853175,0.891047500,-0.001403377,0.022154729,0.453366906,0.0000025548,-0.0000003108,-0.0000172788,0.0000019011,0.0000076001,0.0004296616,29.9907936969,10.9387811840,0.0057638069,4.1967754519,-0.0008705705,0.0610487219
1784079634393722624,-101.680141915,268.638594683,-4.353210506,0.891214792,-0.002544564,0.022506763,0.453015634,0.0000026070,-0.0000002910,-0.0000179054,0.0000018794,0.0000068945,0.0004296484,30.0438190947,10.9287690731,0.0057796470,4.1827434417,-0.0008767404,0.0611548221
1784079634460342528,-101.577668416,268.888006554,-4.339559044,0.891454917,-0.002856266,0.021851637,0.452573175,0.0000025760,-0.0000002708,-0.0000175628,0.0000018698,0.0000065436,0.0004296819,30.0957098983,10.9213109134,0.0058334018,4.1706463880,-0.0008940591,0.0612492034
1784079634526855424,-101.422051456,269.128212523,-4.336435778,0.891568904,-0.004389175,0.022203645,0.452319159,0.0000026459,-0.0000002342,-0.0000183917,0.0000018399,0.0000054225,0.0004296537,30.1526112002,10.9200766582,0.0058487423,4.1624629048,-0.0008979850,0.0613491505
1784079634593653504,-101.247703310,269.361921987,-4.333155286,0.891816992,-0.005603649,0.021550726,0.451848003,0.0000026567,-0.0000001770,-0.0000185023,0.0000018126,0.0000040947,0.0004296877,30.2066883266,10.9122263066,0.0058716463,4.1499806953,-0.0009043075,0.0614587992
1784079634662713600,-101.071089838,269.609034688,-4.338085530,0.892066194,-0.006922350,0.021864779,0.451322411,0.0000027151,-0.0000001418,-0.0000191576,0.0000017976,0.0000032025,0.0004296536,30.2611084477,10.9012350634,0.0058868773,4.1352424485,-0.0009093307,0.0615713367
1784079634726860544,-100.937598643,269.841473637,-4.335411203,0.892349450,-0.007162711,0.021411029,0.450780126,0.0000026756,-0.0000001269,-0.0000187184,0.0000017941,0.0000029652,0.0004296992,30.3127714859,10.8918233446,0.0059021602,4.1220318544,-0.0009158185,0.0616788356
1784079634793584384,-100.764050221,270.086244869,-4.337082379,0.892565458,-0.007157528,0.021655564,0.450340659,0.0000026989,-0.0000001316,-0.0000189728,0.0000017977,0.0000030681,0.0004296877,30.3677426277,10.8854963560,0.0059126738,4.1106641071,-0.0009227105,0.0617900508
1784079634860083456,-100.596908365,270.324930664,-4.340527318,0.892898010,-0.007775108,0.021624868,0.449672166,0.0000027139,-0.0000001110,-0.0000191625,0.0000017924,0.0000026072,0.0004296858,30.4224325297,10.8755121226,0.0059283861,4.0967971639,-0.0009275967,0.0619032724
1784079634926933504,-100.425842653,270.561776197,-4.343673925,0.893143705,-0.008145553,0.021644374,0.449176461,0.0000027369,-0.0000000916,-0.0000194081,0.0000017889,0.0000021671,0.0004296658,30.4769813657,10.8660474379,0.0059444889,4.0833352337,-0.0009355384,0.0620201959
1784079634993524480,-100.266772204,270.806571417,-4.347660491,0.893458767,-0.007785478,0.019579061,0.448650731,0.0000025841,-0.0000000631,-0.0000176412,0.0000017865,0.0000017261,0.0004298271,30.5306991394,10.8561465733,0.0059556034,4.0697435787,-0.0009423943,0.0621362638
1784079635060002560,-100.096883322,271.046035738,-4.341020359,0.893837558,-0.008225438,0.020680511,0.447838229,0.0000026833,-0.0000000673,-0.0000188041,0.0000017876,0.0000017452,0.0004297319,30.5860974658,10.8479508334,0.0059684769,4.0571932971,-0.0009454322,0.0622515174
1784079635126847488,-99.936859029,271.288391456,-4.345311469,0.894013698,-0.008947937,0.020348611,0.447487849,0.0000026831,-0.0000000318,-0.0000187958,0.0000017844,0.0000009538,0.0004297389,30.6414697351,10.8379371967,0.0059805830,4.0434190841,-0.0009531123,0.0623708914
1784079635193446400,-99.755770340,271.522586447,-4.348095817,0.894482747,-0.009512917,0.020120489,0.446548190,0.0000026843,-0.0000000102,-0.0000188238,0.0000017845,0.0000004627,0.0004297363,30.6958954655,10.8292067930,0.0059879694,4.0306901866,-0.0009563558,0.0624830501
1784079635259950336,-99.579588682,271.758576191,-4.346855089,0.894683422,-0.009573243,0.020770804,0.446114897,0.0000027367,-0.0000000220,-0.0000193896,0.0000017877,0.0000007088,0.0004296971,30.7489417150,10.8174957916,0.0059981503,4.0161667904,-0.0009625340,0.0626019030
1784079635359914496,-99.314995697,272.113813844,-4.354399277,0.895124503,-0.008505651,0.020537718,0.445261699,0.0000026794,-0.0000000501,-0.0000187185,0.0000017936,0.0000013698,0.0004297452,30.8296935718,10.8011671364,0.0060255197,3.9951230253,-0.0009737115,0.0627822080
1784079635393386240,-99.230798517,272.234736690,-4.355179524,0.895068887,-0.008887523,0.021844735,0.445303836,0.0000027869,-0.0000000655,-0.0000199081,0.0000017946,0.0000016170,0.0004296352,30.8577109562,10.7964795393,0.0060320892,3.9885305354,-0.0009747193,0.0628407276
1784079635461017344,-99.046995011,272.472895256,-4.357442715,0.895418977,-0.010051549,0.022748277,0.444529345,0.0000029013,-0.0000000410,-0.0000210618,0.0000017937,0.0000010345,0.0004295397,30.9124175574,10.7854695304,0.0060471380,3.9744609791,-0.0009827826,0.0629642942
1784079635526712320,-98.867717232,272.708575718,-4.364207245,0.895707390,-0.009421950,0.021548898,0.444021557,0.0000027905,-0.0000000366,-0.0000198855,0.0000017947,0.0000010229,0.0004296626,30.9650406587,10.7740081661,0.0060632384,3.9603788671,-0.0009890506,0.0630837131
1784079635593233408,-98.646933541,272.934587106,-4.368252952,0.895908720,-0.008704217,0.021893793,0.443612967,0.0000027904,-0.0000000650,-0.0000198895,0.0000018000,0.0000016714,0.0004296590,31.0186336428,10.7626320102,0.0060855405,3.9462547230,-0.0009949350,0.0632049283
1784079635660044544,-98.446643603,273.166359579,-4.371092482,0.896306783,-0.007964729,0.020959811,0.442867250,0.0000026998,-0.0000000733,-0.0000188539,0.0000018069,0.0000019742,0.0004297649,31.0718302349,10.7460775035,0.0061064270,3.9287731114,-0.0010054340,0.0633386938
1784079635726642432,-98.259504957,273.390139044,-4.364316950,0.896447476,-0.008664051,0.022015995,0.442517970,0.0000028013,-0.0000000691,-0.0000199633,0.0000018084,0.0000018338,0.0004296652,31.1249262330,10.7324642724,0.0061088425,3.9133040939,-0.0010042064,0.0634603319
1784079635826613504,-97.905952486,273.711548828,-4.362026679,0.897426193,-0.009338619,0.020999749,0.440565578,0.0000027641,-0.0000000164,-0.0000195195,0.0000018076,0.0000007749,0.0004297239,31.2018834544,10.7136547069,0.0061298038,3.8916754979,-0.0010138687,0.0636403819
1784079635859976448,-97.791668496,273.822422362,-4.361560573,0.897614957,-0.009029414,0.019820395,0.440241992,0.0000026653,-0.0000000070,-0.0000184107,0.0000018078,0.0000006338,0.0004298227,31.2226340918,10.6973061546,0.0061398267,3.8782453039,-0.0010161328,0.0637063349
1784079635959959552,-97.483938577,274.176146425,-4.369497391,0.898439359,-0.008768814,0.019752500,0.438565463,0.0000026592,-0.0000000131,-0.0000182615,0.0000018166,0.0000008118,0.0004298656,31.3017490857,10.6758591679,0.0061660097,3.8548542146,-0.0010220445,0.0638949205
