u_a,v_real,v_ref,u_delta,delta_d,px,py,theta1,cte,cte_real,epsi,vx,vy,kappa,beta,steer
0.2000,0.0000,0.0200,-0.0084,-0.0173,33.6388,-6.9840,0.0000,0.1007,0.1007,-0.0424,0.0000,0.0000,-0.0104,-0.0042,0.0000
0.2000,0.0001,0.0400,0.0000,-0.0173,33.6373,-6.9846,0.0000,0.0998,0.0998,-0.0419,0.0000,0.0000,-0.0104,-0.0042,0.0000
0.2000,0.0001,0.0600,0.0084,-0.0173,33.6419,-6.9832,0.0000,0.1023,0.1023,-0.0421,0.0000,0.0000,-0.0104,-0.0042,0.0000
0.1999,0.0001,0.0800,0.0167,-0.0173,33.6375,-6.9824,0.0000,0.1019,0.1019,-0.0412,0.0000,0.0000,-0.0104,-0.0042,0.0000
0.1998,0.0001,0.1000,0.0251,-0.0173,33.6378,-6.9875,0.0000,0.0971,0.0971,-0.0425,0.0000,0.0000,-0.0104,-0.0042,0.0000
0.1998,0.0001,0.1200,0.0273,-0.0173,33.6329,-6.9827,0.0000,0.1005,0.1005,-0.0427,0.0000,0.0000,-0.0104,-0.0042,0.0000
0.1999,0.0561,0.1400,0.0223,-0.0173,33.6268,-6.9830,0.0000,0.0975,0.0975,-0.0409,0.0000,0.0000,-0.0104,-0.0042,0.0000
0.1999,0.0668,0.1600,0.0154,-0.0173,33.6350,-6.9859,0.0000,0.0965,0.0965,-0.0412,0.0000,0.0000,-0.0104,-0.0042,0.0000
0.1998,0.0589,0.1800,0.0116,-0.0173,33.6326,-6.9928,0.0000,0.0894,0.0894,-0.0418,0.0000,0.0000,-0.0104,-0.0042,0.0000
0.1998,0.0868,0.2000,0.0033,-0.0173,33.6339,-6.9889,0.0000,0.0930,0.0930,-0.0406,0.0000,0.0000,-0.0104,-0.0042,0.0000
0.2000,0.0752,0.2200,-0.0051,-0.0173,33.6367,-6.9845,0.0000,0.0982,0.0982,-0.0409,0.0000,0.0000,-0.0104,-0.0042,0.0000
0.2000,0.0001,0.2400,-0.0093,-0.0173,33.6356,-6.9841,0.0000,0.0998,0.0998,-0.0415,0.0000,0.0000,-0.0104,-0.0042,0.0000
0.2000,0.0501,0.2600,-0.0138,-0.0173,33.6306,-6.9855,0.0000,0.0961,0.0961,-0.0421,0.0000,0.0000,-0.0104,-0.0042,0.0000
0.2000,0.0001,0.2800,-0.0165,-0.0173,33.6362,-6.9904,0.0000,0.0939,0.0939,-0.0417,0.0000,0.0000,-0.0104,-0.0042,0.0000
0.2000,0.0530,0.3000,-0.0206,-0.0173,33.6382,-6.9869,0.0000,0.0967,0.0967,-0.0411,0.0000,0.0000,-0.0104,-0.0042,0.0000
0.2000,0.0728,0.3200,-0.0250,-0.0173,33.6368,-6.9845,0.0000,0.0982,0.0982,-0.0411,0.0000,0.0000,-0.0104,-0.0042,0.0000
0.2000,0.0001,0.3400,-0.0276,-0.0173,33.6405,-6.9832,0.0000,0.1019,0.1019,-0.0419,0.0000,0.0000,-0.0104,-0.0042,0.0000
0.2000,0.0001,0.3600,-0.0295,-0.0173,33.6439,-6.9851,0.0000,0.1010,0.1010,-0.0428,0.0000,0.0000,-0.0104,-0.0042,0.0000
0.2000,0.0001,0.3800,-0.0320,-0.0173,33.6452,-6.9795,0.0000,0.1067,0.1067,-0.0420,0.0000,0.0000,-0.0104,-0.0042,0.0000
0.2000,0.0001,0.4000,-0.0339,-0.0173,33.6492,-6.9812,0.0000,0.1060,0.1060,-0.0422,0.0000,0.0000,-0.0104,-0.0042,0.0000
0.2000,0.0610,0.4200,-0.0350,-0.0173,33.6555,-6.9867,0.0000,0.1010,0.1010,-0.0430,0.0000,0.0000,-0.0104,-0.0042,0.0000
0.2000,0.0001,0.4400,-0.0356,-0.0173,33.6684,-6.9894,0.0000,0.1028,0.1028,-0.0426,0.0000,0.0000,-0.0104,-0.0042,0.0000
0.2000,0.0845,0.4600,-0.0362,-0.0173,33.6768,-6.9916,0.0000,0.1011,0.1011,-0.0424,0.0000,0.0000,-0.0104,-0.0042,0.0000
0.2000,0.1313,0.4800,-0.0361,-0.0173,33.6887,-6.9980,0.0000,0.0968,0.0968,-0.0425,0.0000,0.0000,-0.0104,-0.0042,0.0000
0.1999,0.0856,0.5000,-0.0359,-0.0173,33.7010,-7.0020,0.0000,0.0969,0.0969,-0.0434,0.0000,0.0000,-0.0104,-0.0042,0.0000
0.2000,0.1339,0.5200,-0.0275,-0.0034,33.7187,-7.0052,0.0000,0.0973,0.0973,-0.0346,0.0000,0.0000,-0.0021,-0.0008,0.0000
0.2000,0.1286,0.5400,-0.0284,-0.0034,33.7324,-7.0082,0.0000,0.0980,0.0980,-0.0349,0.0000,0.0000,-0.0021,-0.0008,0.0000
0.2000,0.1780,0.5600,-0.0304,-0.0034,33.7500,-7.0080,0.0000,0.1019,0.1019,-0.0347,0.0000,0.0000,-0.0021,-0.0008,0.0000
0.2000,0.1396,0.5800,-0.0304,-0.0034,33.7656,-7.0124,0.0000,0.1023,0.1023,-0.0357,0.0000,0.0000,-0.0021,-0.0008,0.0000
0.1999,0.1743,0.6000,-0.0324,-0.0034,33.7832,-7.0167,0.0000,0.1020,0.1020,-0.0370,0.0000,0.0000,-0.0021,-0.0008,0.0000
0.1999,0.1613,0.6200,-0.0340,-0.0034,33.8058,-7.0214,0.0000,0.1035,0.1035,-0.0361,0.0000,0.0000,-0.0021,-0.0008,0.0000
0.1999,0.1788,0.6400,-0.0334,-0.0034,33.8238,-7.0271,0.0000,0.1023,0.1023,-0.0372,0.0000,0.0000,-0.0021,-0.0008,0.0000
0.1999,0.2299,0.6600,-0.0322,-0.0034,33.8436,-7.0329,0.0000,0.1007,0.1007,-0.0381,0.0000,0.0000,-0.0021,-0.0008,0.0000
0.1999,0.1873,0.6800,-0.0321,-0.0034,33.8713,-7.0333,0.0000,0.1082,0.1082,-0.0388,0.0000,0.0000,-0.0021,-0.0008,0.0000
0.1999,0.2043,0.7000,-0.0304,-0.0034,33.8972,-7.0412,0.0000,0.1068,0.1068,-0.0398,0.0000,0.0000,-0.0021,-0.0008,0.0000
0.1999,0.2731,0.7200,-0.0275,-0.0034,33.9275,-7.0511,0.0000,0.1035,0.1035,-0.0414,0.0000,0.0000,-0.0021,-0.0008,0.0000
0.1999,0.2686,0.7400,-0.0280,-0.0034,33.9718,-7.0632,0.0000,0.1039,0.1039,-0.0380,0.0000,0.0000,-0.0021,-0.0008,0.0000
0.1999,0.3167,0.7600,-0.0264,-0.0034,34.0050,-7.0687,0.0000,0.1056,0.1056,-0.0413,0.0000,0.0000,-0.0021,-0.0008,0.0000
0.1999,0.4563,0.7800,-0.0272,-0.0034,34.0447,-7.0760,0.0000,0.1057,0.1057,-0.0424,0.0000,0.0000,-0.0021,-0.0008,0.0000
0.1999,0.3319,0.8000,-0.0235,-0.0034,34.0804,-7.0841,0.0000,0.1093,0.1093,-0.0444,0.0000,0.0000,-0.0021,-0.0008,0.0000
0.1999,0.3989,0.8200,-0.0222,-0.0034,34.1226,-7.0920,0.0000,0.1111,0.1111,-0.0450,0.0000,0.0000,-0.0021,-0.0008,0.0000
0.1999,0.3627,0.8400,-0.0188,-0.0034,34.1606,-7.1043,0.0000,0.1096,0.1096,-0.0457,0.0000,0.0000,-0.0021,-0.0008,0.0000
0.1999,0.4254,0.8600,-0.0168,-0.0034,34.2061,-7.1156,0.0000,0.1090,0.1090,-0.0460,0.0000,0.0000,-0.0021,-0.0008,0.0000
0.2000,0.3965,0.8800,-0.0146,-0.0034,34.2594,-7.1332,0.0000,0.1072,0.1072,-0.0423,0.0000,0.0000,-0.0021,-0.0008,0.0000
0.2000,0.4639,0.9000,-0.0062,0.0014,34.2986,-7.1432,0.0000,0.1027,0.1027,-0.0822,0.0000,0.0000,0.0008,0.0003,0.0000
0.2000,0.5573,0.9200,0.0022,0.0014,34.3560,-7.1548,0.0000,0.1013,0.1013,-0.0792,0.0000,0.0000,0.0008,0.0003,0.0000
0.2000,0.4006,0.9400,0.0106,0.0014,34.4000,-7.1656,0.0000,0.1061,0.1061,-0.0827,0.0000,0.0000,0.0008,0.0003,0.0000
0.2000,0.5824,0.9600,0.0190,0.0014,34.4567,-7.1895,0.0000,0.0886,0.0886,-0.0801,0.0000,0.0000,0.0008,0.0003,0.0000
0.2000,0.4480,0.9800,0.0274,0.0014,34.5117,-7.1997,0.0000,0.0956,0.0956,-0.0831,0.0000,0.0000,0.0008,0.0003,0.0000
0.2000,0.6092,1.0000,0.0358,0.0014,34.5664,-7.2086,0.0000,0.0921,0.0921,-0.0842,0.0000,0.0000,0.0008,0.0003,0.0000
0.2000,0.5526,1.0200,0.0442,0.0014,34.6294,-7.2214,0.0000,0.0976,0.0976,-0.0789,0.0000,0.0000,0.0008,0.0003,0.0000
0.2000,0.5485,1.0400,0.0525,0.0014,34.6902,-7.2326,0.0000,0.0998,0.0998,-0.0813,0.0000,0.0000,0.0008,0.0003,0.0000
0.2000,0.6406,1.0600,0.0565,0.0014,34.7486,-7.2465,0.0000,0.0971,0.0971,-0.0762,0.0000,0.0000,0.0008,0.0003,0.0000
0.2000,0.6121,1.0800,0.0612,0.0014,34.8103,-7.2662,0.0000,0.0922,0.0922,-0.0781,0.0000,0.0000,0.0008,0.0003,0.0000
0.2000,0.5976,1.1000,0.0528,-0.0194,34.8914,-7.2852,0.0000,0.0965,0.0965,-0.0226,0.0000,0.0000,-0.0117,-0.0047,0.0000
0.1999,0.6420,1.1200,0.0444,-0.0194,34.9706,-7.3005,0.0000,0.1038,0.1038,-0.0192,0.0000,0.0000,-0.0117,-0.0047,0.0000
0.1999,0.8288,1.1400,0.0360,-0.0194,35.0532,-7.3167,0.0000,0.1096,0.1096,-0.0171,0.0000,0.0000,-0.0117,-0.0047,0.0000
0.1999,0.8016,1.1600,0.0276,-0.0194,35.1280,-7.3319,0.0000,0.1168,0.1168,-0.0139,0.0000,0.0000,-0.0117,-0.0047,0.0000
0.1999,0.7591,1.1800,0.0192,-0.0194,35.2075,-7.3504,0.0000,0.1215,0.1215,-0.0117,0.0000,0.0000,-0.0117,-0.0047,0.0000
0.1999,0.7591,1.2000,0.0108,-0.0194,35.2969,-7.3698,0.0000,0.1278,0.1278,-0.0097,0.0000,0.0000,-0.0117,-0.0047,0.0000
0.2000,0.8100,1.2200,0.0025,-0.0194,35.3739,-7.3829,0.0000,0.1341,0.1341,-0.0138,0.0000,0.0000,-0.0117,-0.0047,0.0000
0.2000,0.9075,1.2400,0.0109,0.0007,35.4625,-7.3993,0.0000,0.1420,0.1420,-0.0358,0.0000,0.0000,0.0004,0.0002,0.0000
0.2000,0.7726,1.2600,0.0025,0.0007,35.5444,-7.4214,0.0000,0.1421,0.1421,-0.0380,0.0000,0.0000,0.0004,0.0002,0.0000
0.2000,0.8965,1.2800,-0.0059,0.0007,35.6321,-7.4485,0.0000,0.1362,0.1362,-0.0350,0.0000,0.0000,0.0004,0.0002,0.0000
0.2000,0.8410,1.3000,-0.0143,0.0007,35.7269,-7.4665,0.0000,0.1435,0.1435,-0.0330,0.0000,0.0000,0.0004,0.0002,0.0000
0.2000,0.9098,1.3200,-0.0227,0.0007,35.8185,-7.4789,0.0000,0.1531,0.1531,-0.0322,0.0000,0.0000,0.0004,0.0002,0.0000
0.1999,0.9577,1.3400,-0.0271,0.0007,35.9023,-7.4995,0.0000,0.1505,0.1505,-0.0368,0.0000,0.0000,0.0004,0.0002,0.0000
0.1999,0.9176,1.3600,-0.0293,0.0007,36.0009,-7.5245,0.0000,0.1517,0.1517,-0.0353,0.0000,0.0000,0.0004,0.0002,0.0000
0.1999,0.8541,1.3800,-0.0377,-0.0160,36.0904,-7.5505,0.0000,0.1476,0.1476,-0.0451,0.0000,0.0000,-0.0096,-0.0038,0.0000
0.1999,1.0096,1.4000,-0.0310,-0.0160,36.1920,-7.5811,0.0000,0.1390,0.1390,-0.0441,0.0000,0.0000,-0.0096,-0.0038,0.0000
0.1999,0.9240,1.4200,-0.0282,-0.0160,36.2936,-7.6036,0.0000,0.1433,0.1433,-0.0439,0.0000,0.0000,-0.0096,-0.0038,0.0000
0.2000,1.0516,1.4400,-0.0211,-0.0160,36.3891,-7.6294,0.0000,0.1349,0.1349,-0.0503,0.0000,0.0000,-0.0096,-0.0038,0.0000
0.2000,1.0321,1.4600,-0.0150,-0.0160,36.4923,-7.6542,0.0000,0.1343,0.1343,-0.0534,0.0000,0.0000,-0.0096,-0.0038,0.0000
0.2000,0.9809,1.4800,-0.0073,-0.0160,36.5936,-7.6818,0.0000,0.1315,0.1315,-0.0560,0.0000,0.0000,-0.0096,-0.0038,0.0000
0.2000,1.0515,1.5000,-0.0157,-0.0250,36.6976,-7.7061,0.0000,0.1300,0.1300,-0.0484,0.0000,0.0000,-0.0151,-0.0060,0.0000
0.2000,1.0401,1.5200,-0.0163,-0.0250,36.8051,-7.7298,0.0000,0.1333,0.1333,-0.0497,0.0000,0.0000,-0.0151,-0.0060,0.0000
0.2000,1.0585,1.5400,-0.0163,-0.0250,36.9162,-7.7565,0.0000,0.1342,0.1342,-0.0500,0.0000,0.0000,-0.0151,-0.0060,0.0000
0.2000,1.0910,1.5600,-0.0200,-0.0250,37.0334,-7.7776,0.0000,0.1435,0.1435,-0.0472,0.0000,0.0000,-0.0151,-0.0060,0.0000
0.2000,1.1324,1.5800,-0.0197,-0.0250,37.1411,-7.7994,0.0000,0.1461,0.1461,-0.0506,0.0000,0.0000,-0.0151,-0.0060,0.0000
0.2000,1.1826,1.6000,-0.0194,-0.0250,37.2537,-7.8207,0.0000,0.1509,0.1509,-0.0526,0.0000,0.0000,-0.0151,-0.0060,0.0000
0.2000,1.0880,1.6200,-0.0278,-0.0261,37.3648,-7.8358,0.0000,0.1680,0.1680,-0.0327,0.0000,0.0000,-0.0157,-0.0063,0.0000
0.2000,1.1351,1.6400,-0.0362,-0.0261,37.4765,-7.8622,0.0000,0.1691,0.1691,-0.0365,0.0000,0.0000,-0.0157,-0.0063,0.0000
0.2000,1.1139,1.6600,-0.0385,-0.0261,37.5863,-7.8928,0.0000,0.1680,0.1680,-0.0384,0.0000,0.0000,-0.0157,-0.0063,0.0000
0.1999,1.1368,1.6800,-0.0378,-0.0261,37.7059,-7.9319,0.0000,0.1597,0.1597,-0.0413,0.0000,0.0000,-0.0157,-0.0063,0.0000
0.2000,1.1300,1.7000,-0.0341,-0.0261,37.8241,-7.9654,0.0000,0.1572,0.1572,-0.0442,0.0000,0.0000,-0.0157,-0.0063,0.0000
0.2000,1.2477,1.7200,-0.0380,-0.0240,37.9422,-8.0113,0.0000,0.1393,0.1393,-0.0271,0.0000,0.0000,-0.0144,-0.0058,0.0000
0.1999,1.2178,1.7400,-0.0401,-0.0240,38.0669,-8.0404,0.0000,0.1452,0.1452,-0.0305,0.0000,0.0000,-0.0144,-0.0058,0.0000
0.1999,1.2574,1.7600,-0.0425,-0.0240,38.2049,-8.0744,0.0000,0.1514,0.1514,-0.0302,0.0000,0.0000,-0.0144,-0.0058,0.0000
0.2000,1.2683,1.7800,-0.0390,-0.0240,38.3295,-8.1113,0.0000,0.1471,0.1471,-0.0367,0.0000,0.0000,-0.0144,-0.0058,0.0000
0.2000,1.4087,1.8000,-0.0360,-0.0240,38.4633,-8.1435,0.0000,0.1489,0.1489,-0.0405,0.0000,0.0000,-0.0144,-0.0058,0.0000
0.2000,1.2879,1.8200,-0.0305,-0.0240,38.5991,-8.1798,0.0000,0.1524,0.1524,-0.0447,0.0000,0.0000,-0.0144,-0.0058,0.0000
0.2000,1.3636,1.8400,-0.0221,-0.0208,38.7278,-8.2160,0.0000,0.1490,0.1490,-0.0520,0.0000,0.0000,-0.0125,-0.0050,0.0000
0.2000,1.3924,1.8600,-0.0142,-0.0208,38.8503,-8.2558,0.0000,0.1423,0.1423,-0.0551,0.0000,0.0000,-0.0125,-0.0050,0.0000
0.2000,1.3242,1.8800,-0.0062,-0.0208,38.9813,-8.3095,0.0000,0.1292,0.1292,-0.0554,0.0000,0.0000,-0.0125,-0.0050,0.0000
0.2000,1.2763,1.9000,0.0021,-0.0208,39.1238,-8.3494,0.0000,0.1286,0.1286,-0.0613,0.0000,0.0000,-0.0125,-0.0050,0.0000
0.2000,1.4040,1.9200,0.0026,-0.0287,39.2542,-8.3878,0.0000,0.1208,0.1208,-0.1002,0.0000,0.0000,-0.0173,-0.0069,0.0000
0.2000,1.4651,1.9400,0.0110,-0.0287,39.3933,-8.4315,0.0000,0.1088,0.1088,-0.1014,0.0000,0.0000,-0.0173,-0.0069,0.0000
0.2000,1.3467,1.9600,0.0194,-0.0287,39.5423,-8.4786,0.0000,0.1092,0.1092,-0.0963,0.0000,0.0000,-0.0173,-0.0069,0.0000
0.2000,1.4463,1.9800,0.0278,-0.0287,39.6929,-8.5275,0.0000,0.0955,0.0955,-0.0945,0.0000,0.0000,-0.0173,-0.0069,0.0000
0.1999,1.5502,2.0000,0.0194,-0.0552,39.8400,-8.5576,0.0000,0.0967,0.0967,-0.0537,0.0000,0.0000,-0.0333,-0.0133,0.0000
0.1999,1.5702,2.0200,0.0110,-0.0552,39.9908,-8.5934,0.0000,0.1060,0.1060,-0.0529,0.0000,0.0000,-0.0333,-0.0133,0.0000
0.2000,1.4873,2.0400,0.0026,-0.0552,40.1545,-8.6351,0.0000,0.1214,0.1214,-0.0451,0.0000,0.0000,-0.0333,-0.0133,0.0000
0.2000,1.5366,2.0600,-0.0058,-0.0552,40.3077,-8.6751,0.0000,0.1287,0.1287,-0.0416,0.0000,0.0000,-0.0333,-0.0133,0.0000
0.0162,1.6789,2.0416,-0.0032,-0.0441,40.4638,-8.7165,0.0000,0.1307,0.1307,-0.0022,0.0000,0.0000,-0.0266,-0.0106,0.0000
0.2003,1.5717,2.0616,-0.0115,-0.0441,40.6160,-8.7646,0.0000,0.1351,0.1351,-0.0025,0.0000,0.0000,-0.0266,-0.0106,0.0000
0.2000,1.6002,2.0816,-0.0199,-0.0441,40.7724,-8.8124,0.0000,0.1412,0.1412,-0.0024,0.0000,0.0000,-0.0266,-0.0106,0.0000
0.2000,1.5820,2.1016,-0.0283,-0.0441,40.9422,-8.8614,0.0000,0.1543,0.1543,0.0023,0.0000,0.0000,-0.0266,-0.0106,0.0000
0.2000,1.6219,2.1216,-0.0367,-0.0441,41.0985,-8.9029,0.0000,0.1632,0.1632,-0.0017,0.0000,0.0000,-0.0266,-0.0106,0.0000
-0.2000,1.7539,2.0816,-0.0333,-0.0323,41.2580,-8.9530,0.0000,0.1604,0.1604,-0.0292,0.0000,0.0000,-0.0195,-0.0078,0.0000
0.2000,1.6017,2.1016,-0.0417,-0.0323,41.4208,-8.9992,0.0000,0.1661,0.1661,-0.0320,0.0000,0.0000,-0.0195,-0.0078,0.0000
0.1839,1.6563,2.1000,-0.0500,-0.0323,41.5935,-9.0440,0.0000,0.1735,0.1735,-0.0340,0.0000,0.0000,-0.0195,-0.0078,0.0000
0.1866,1.6779,2.0786,-0.0510,-0.0323,41.7613,-9.0942,0.0000,0.1703,0.1703,-0.0416,0.0000,0.0000,-0.0195,-0.0078,0.0000
-0.2000,1.7679,2.0386,-0.0594,-0.0528,41.9335,-9.1441,0.0000,0.1789,0.1789,0.0045,0.0000,0.0000,-0.0318,-0.0127,0.0000
-0.2000,1.7351,1.9986,-0.0678,-0.0528,42.1209,-9.2131,0.0000,0.1780,0.1780,0.0014,0.0000,0.0000,-0.0318,-0.0127,0.0000
-0.2000,1.7759,1.9586,-0.0762,-0.0528,42.2941,-9.2769,0.0000,0.1719,0.1719,-0.0073,0.0000,0.0000,-0.0318,-0.0127,0.0000
-0.2000,1.9797,1.9186,-0.0678,-0.0356,42.4549,-9.3366,0.0000,0.1631,0.1631,-0.0209,0.0000,0.0000,-0.0214,-0.0086,0.0000
-0.2000,1.8301,1.8786,-0.0761,-0.0356,42.6163,-9.3967,0.0000,0.1570,0.1570,-0.0293,0.0000,0.0000,-0.0214,-0.0086,0.0000
-0.0298,1.7002,1.8547,-0.0797,-0.0356,42.7934,-9.4504,0.0000,0.1630,0.1630,-0.0380,0.0000,0.0000,-0.0214,-0.0086,0.0000
-0.2000,1.7069,1.8249,-0.0713,-0.0356,42.9407,-9.5209,0.0000,0.1398,0.1398,-0.0479,0.0000,0.0000,-0.0214,-0.0086,0.0000
-0.1999,1.8311,1.7849,-0.0738,-0.0450,43.1029,-9.5886,0.0000,0.1241,0.1241,-0.0306,0.0000,0.0000,-0.0272,-0.0109,0.0000
0.2000,1.6225,1.8049,-0.0658,-0.0450,43.2684,-9.6509,0.0000,0.1241,0.1241,-0.0395,0.0000,0.0000,-0.0272,-0.0109,0.0000
-0.2000,1.7427,1.7649,-0.0574,-0.0450,43.4285,-9.7151,0.0000,0.1141,0.1141,-0.0485,0.0000,0.0000,-0.0272,-0.0109,0.0000
-0.2000,1.7509,1.7249,-0.0490,-0.0450,43.5847,-9.7835,0.0000,0.1015,0.1015,-0.0569,0.0000,0.0000,-0.0272,-0.0109,0.0000
-0.1249,1.7087,1.7059,-0.0406,-0.0399,43.7415,-9.8533,0.0000,0.0906,0.0906,-0.0348,0.0000,0.0000,-0.0241,-0.0096,0.0000
0.0879,1.6904,1.7106,-0.0324,-0.0399,43.8874,-9.9303,0.0000,0.0732,0.0732,-0.0415,0.0000,0.0000,-0.0241,-0.0096,0.0000
-0.0735,1.7017,1.7017,-0.0240,-0.0399,44.0314,-10.0102,0.0000,0.0527,0.0527,-0.0470,0.0000,0.0000,-0.0241,-0.0096,0.0000
0.2000,1.6370,1.7217,-0.0156,-0.0399,44.1735,-10.0875,0.0000,0.0365,0.0365,-0.0515,0.0000,0.0000,-0.0241,-0.0096,0.0000
0.2000,1.6330,1.7417,-0.0072,-0.0399,44.3088,-10.1523,0.0000,0.0283,0.0283,-0.0551,0.0000,0.0000,-0.0241,-0.0096,0.0000
0.2000,1.6060,1.7617,0.0012,-0.0337,44.4356,-10.2142,0.0000,0.0234,0.0234,-0.0564,0.0000,0.0000,-0.0203,-0.0081,0.0000
0.2000,1.4872,1.7817,0.0095,-0.0337,44.5734,-10.2758,0.0000,0.0220,0.0220,-0.0606,0.0000,0.0000,-0.0203,-0.0081,0.0000
0.2000,1.3991,1.8017,0.0179,-0.0337,44.7001,-10.3315,0.0000,0.0254,0.0254,-0.0588,0.0000,0.0000,-0.0203,-0.0081,0.0000
0.2000,1.4955,1.8217,0.0263,-0.0337,44.8270,-10.3842,0.0000,0.0249,0.0249,-0.0586,0.0000,0.0000,-0.0203,-0.0081,0.0000
0.2000,1.3722,1.8417,0.0323,-0.0337,44.9563,-10.4419,0.0000,0.0258,0.0258,-0.0605,0.0000,0.0000,-0.0203,-0.0081,0.0000
0.2000,1.3628,1.8617,0.0348,-0.0337,45.0898,-10.5029,0.0000,0.0244,0.0244,-0.0589,0.0000,0.0000,-0.0203,-0.0081,0.0000
0.2000,1.4039,1.8817,0.0264,-0.0431,45.2038,-10.5512,0.0000,0.0315,0.0315,-0.0315,0.0000,0.0000,-0.0260,-0.0104,0.0000
0.2000,1.4550,1.9017,0.0180,-0.0431,45.3399,-10.6097,0.0000,0.0327,0.0327,-0.0335,0.0000,0.0000,-0.0260,-0.0104,0.0000
0.2000,1.2315,1.9217,0.0096,-0.0431,45.4758,-10.6652,0.0000,0.0431,0.0431,-0.0325,0.0000,0.0000,-0.0260,-0.0104,0.0000
0.2000,1.4674,1.9417,0.0012,-0.0431,45.6068,-10.7136,0.0000,0.0543,0.0543,-0.0264,0.0000,0.0000,-0.0260,-0.0104,0.0000
0.2000,1.4564,1.9617,-0.0072,-0.0431,45.7419,-10.7595,0.0000,0.0690,0.0690,-0.0263,0.0000,0.0000,-0.0260,-0.0104,0.0000
0.2000,1.3882,1.9817,-0.0146,-0.0421,45.8736,-10.8161,0.0000,0.0770,0.0770,0.0196,0.0000,0.0000,-0.0254,-0.0102,0.0000
0.2000,1.4142,2.0017,-0.0230,-0.0421,46.0087,-10.8719,0.0000,0.0891,0.0891,0.0191,0.0000,0.0000,-0.0254,-0.0102,0.0000
0.2000,1.4212,2.0217,-0.0314,-0.0421,46.1545,-10.9331,0.0000,0.1015,0.1015,0.0193,0.0000,0.0000,-0.0254,-0.0102,0.0000
0.2000,1.4490,2.0417,-0.0398,-0.0421,46.2945,-10.9922,0.0000,0.1124,0.1124,0.0183,0.0000,0.0000,-0.0254,-0.0102,0.0000
0.2000,1.5685,2.0617,-0.0326,-0.0265,46.4339,-11.0515,0.0000,0.1233,0.1233,0.0259,0.0000,0.0000,-0.0160,-0.0064,0.0000
0.2000,1.5063,2.0817,-0.0409,-0.0265,46.5829,-11.1158,0.0000,0.1319,0.1319,0.0217,0.0000,0.0000,-0.0160,-0.0064,0.0000
0.2000,1.5016,2.1017,-0.0493,-0.0265,46.7339,-11.1875,0.0000,0.1365,0.1365,0.0187,0.0000,0.0000,-0.0160,-0.0064,0.0000
0.2000,1.6074,2.1217,-0.0577,-0.0265,46.8842,-11.2564,0.0000,0.1424,0.1424,0.0135,0.0000,0.0000,-0.0160,-0.0064,0.0000
0.2000,1.6569,2.1396,-0.0661,-0.0291,47.0353,-11.3171,0.0000,0.1568,0.1568,0.0081,0.0000,0.0000,-0.0176,-0.0070,0.0000
0.2000,1.6390,2.1596,-0.0745,-0.0291,47.1939,-11.3910,0.0000,0.1585,0.1585,0.0003,0.0000,0.0000,-0.0176,-0.0070,0.0000
0.2000,1.6121,2.1796,-0.0829,-0.0291,47.3453,-11.4588,0.0000,0.1639,0.1639,-0.0055,0.0000,0.0000,-0.0176,-0.0070,0.0000
-0.2000,1.7347,2.1396,-0.0845,-0.0291,47.5039,-11.5341,0.0000,0.1636,0.1636,-0.0134,0.0000,0.0000,-0.0176,-0.0070,0.0000
0.2000,1.6429,2.1596,-0.0929,-0.0402,47.6554,-11.6138,0.0000,0.1578,0.1578,-0.0039,0.0000,0.0000,-0.0242,-0.0097,0.0000
-0.2000,1.7393,2.1196,-0.0901,-0.0402,47.8121,-11.6977,0.0000,0.1512,0.1512,-0.0131,0.0000,0.0000,-0.0242,-0.0097,0.0000
0.2000,1.6977,2.1074,-0.0838,-0.0402,47.9636,-11.7916,0.0000,0.1343,0.1343,-0.0217,0.0000,0.0000,-0.0242,-0.0097,0.0000
-0.2001,1.7618,2.0674,-0.0754,-0.0402,48.1315,-11.8792,0.0000,0.1293,0.1293,-0.0307,0.0000,0.0000,-0.0242,-0.0097,0.0000
-0.2000,1.7690,2.0274,-0.0670,-0.0393,48.2907,-11.9722,0.0000,0.1126,0.1126,-0.0526,0.0000,0.0000,-0.0237,-0.0095,0.0000
-0.2000,1.8759,1.9874,-0.0586,-0.0393,48.4469,-12.0609,0.0000,0.0955,0.0955,-0.0626,0.0000,0.0000,-0.0237,-0.0095,0.0000
-0.1999,1.8291,1.9474,-0.0502,-0.0393,48.6008,-12.1502,0.0000,0.0818,0.0818,-0.0721,0.0000,0.0000,-0.0237,-0.0095,0.0000
-0.1999,1.7801,1.9074,-0.0418,-0.0393,48.7509,-12.2481,0.0000,0.0602,0.0602,-0.0807,0.0000,0.0000,-0.0237,-0.0095,0.0000
-0.2000,1.7632,1.8674,-0.0479,-0.0539,48.9044,-12.3435,0.0000,0.0464,0.0464,-0.0586,0.0000,0.0000,-0.0325,-0.0130,0.0000
-0.2000,1.7772,1.8274,-0.0395,-0.0539,49.0577,-12.4422,0.0000,0.0299,0.0299,-0.0659,0.0000,0.0000,-0.0325,-0.0130,0.0000
-0.2000,1.7923,1.7874,-0.0311,-0.0539,49.2054,-12.5365,0.0000,0.0153,0.0153,-0.0721,0.0000,0.0000,-0.0325,-0.0130,0.0000
-0.2000,1.8075,1.7474,-0.0227,-0.0479,49.3549,-12.6298,0.0000,0.0027,0.0027,-0.0428,0.0000,0.0000,-0.0289,-0.0115,0.0000
-0.0576,1.7371,1.7359,-0.0143,-0.0479,49.5080,-12.7268,0.0000,-0.0017,-0.0017,-0.0478,0.0000,0.0000,-0.0289,-0.0115,0.0000
-0.2000,1.7463,1.7141,-0.0059,-0.0479,49.6582,-12.8210,0.0000,-0.0066,-0.0066,-0.0519,0.0000,0.0000,-0.0289,-0.0115,0.0000
-0.2001,1.7965,1.6741,0.0025,-0.0479,49.8058,-12.9151,0.0000,-0.0124,-0.0124,-0.0545,0.0000,0.0000,-0.0289,-0.0115,0.0000
-0.2000,1.7573,1.6439,0.0109,-0.0479,49.9537,-12.9947,0.0000,-0.0032,-0.0032,-0.0570,0.0000,0.0000,-0.0289,-0.0115,0.0000
-0.0575,1.7346,1.6458,0.0193,-0.0368,50.0927,-13.0856,0.0000,-0.0044,-0.0044,-0.0396,0.0000,0.0000,-0.0222,-0.0089,0.0000
0.1942,1.6635,1.6658,0.0196,-0.0368,50.2152,-13.1685,0.0000,-0.0032,-0.0032,-0.0359,0.0000,0.0000,-0.0222,-0.0089,0.0000
0.2000,1.6471,1.6858,0.0193,-0.0368,50.3483,-13.2492,0.0000,0.0007,0.0007,-0.0368,0.0000,0.0000,-0.0222,-0.0089,0.0000
0.1999,1.4669,1.7058,0.0140,-0.0368,50.4850,-13.3278,0.0000,0.0130,0.0130,-0.0354,0.0000,0.0000,-0.0222,-0.0089,0.0000
0.1999,1.5427,1.7258,0.0057,-0.0368,50.6077,-13.4025,0.0000,0.0197,0.0197,-0.0297,0.0000,0.0000,-0.0222,-0.0089,0.0000
0.1999,1.5646,1.7458,0.0001,-0.0339,50.7282,-13.4655,0.0000,0.0355,0.0355,-0.0154,0.0000,0.0000,-0.0204,-0.0082,0.0000
0.2000,1.4257,1.7658,-0.0083,-0.0339,50.8387,-13.5380,0.0000,0.0371,0.0371,-0.0152,0.0000,0.0000,-0.0204,-0.0082,0.0000
0.2000,1.3103,1.7858,-0.0167,-0.0339,50.9515,-13.6062,0.0000,0.0439,0.0439,-0.0140,0.0000,0.0000,-0.0204,-0.0082,0.0000
0.2000,1.3103,1.8058,-0.0251,-0.0339,51.0684,-13.6722,0.0000,0.0538,0.0538,-0.0132,0.0000,0.0000,-0.0204,-0.0082,0.0000
0.2000,1.3074,1.8258,-0.0326,-0.0339,51.1914,-13.7434,0.0000,0.0604,0.0604,-0.0159,0.0000,0.0000,-0.0204,-0.0082,0.0000
0.2000,1.3318,1.8458,-0.0342,-0.0339,51.3118,-13.8105,0.0000,0.0691,0.0691,-0.0180,0.0000,0.0000,-0.0204,-0.0082,0.0000
0.2000,1.4076,1.8658,-0.0366,-0.0338,51.4280,-13.8860,0.0000,0.0685,0.0685,-0.0150,0.0000,0.0000,-0.0203,-0.0081,0.0000
0.2000,1.3655,1.8858,-0.0381,-0.0338,51.5399,-13.9510,0.0000,0.0761,0.0761,-0.0161,0.0000,0.0000,-0.0203,-0.0081,0.0000
0.2000,1.3746,1.9058,-0.0357,-0.0338,51.6589,-14.0227,0.0000,0.0788,0.0788,-0.0215,0.0000,0.0000,-0.0203,-0.0081,0.0000
0.2000,1.2819,1.9258,-0.0319,-0.0338,51.7738,-14.0965,0.0000,0.0793,0.0793,-0.0260,0.0000,0.0000,-0.0203,-0.0081,0.0000
0.2000,1.3761,1.9458,-0.0269,-0.0338,51.8923,-14.1735,0.0000,0.0769,0.0769,-0.0303,0.0000,0.0000,-0.0203,-0.0081,0.0000
0.2000,1.3533,1.9658,-0.0353,-0.0358,52.0150,-14.2485,0.0000,0.0843,0.0843,0.0032,0.0000,0.0000,-0.0216,-0.0086,0.0000
0.2000,1.4000,1.9858,-0.0437,-0.0358,52.1443,-14.3255,0.0000,0.0952,0.0952,-0.0003,0.0000,0.0000,-0.0216,-0.0086,0.0000
0.2000,1.4253,2.0058,-0.0521,-0.0358,52.2697,-14.4132,0.0000,0.0954,0.0954,-0.0031,0.0000,0.0000,-0.0216,-0.0086,0.0000
0.2000,1.4906,2.0258,-0.0514,-0.0358,52.3972,-14.5119,0.0000,0.0863,0.0863,-0.0079,0.0000,0.0000,-0.0216,-0.0086,0.0000
0.2000,1.5171,2.0458,-0.0451,-0.0211,52.5224,-14.6026,0.0000,0.0855,0.0855,0.0311,0.0000,0.0000,-0.0127,-0.0051,0.0000
0.2000,1.5992,2.0658,-0.0535,-0.0211,52.6533,-14.6960,0.0000,0.0898,0.0898,0.0249,0.0000,0.0000,-0.0127,-0.0051,0.0000
0.2000,1.5331,2.0858,-0.0619,-0.0211,52.7864,-14.7925,0.0000,0.0916,0.0916,0.0192,0.0000,0.0000,-0.0127,-0.0051,0.0000
0.2000,1.5938,2.1058,-0.0703,-0.0211,52.9359,-14.8923,0.0000,0.1033,0.1033,0.0150,0.0000,0.0000,-0.0127,-0.0051,0.0000
0.2000,1.6295,2.1258,-0.0619,-0.0020,53.0693,-14.9920,0.0000,0.0990,0.0990,-0.0172,0.0000,0.0000,-0.0012,-0.0005,0.0000
-0.2000,1.7804,2.0858,-0.0535,-0.0020,53.2134,-15.1081,0.0000,0.0862,0.0862,-0.0233,0.0000,0.0000,-0.0012,-0.0005,0.0000
0.2000,1.6522,2.1058,-0.0451,-0.0020,53.3444,-15.2145,0.0000,0.0740,0.0740,-0.0323,0.0000,0.0000,-0.0012,-0.0005,0.0000
-0.2000,1.8355,2.0658,-0.0502,-0.0155,53.4837,-15.3145,0.0000,0.0679,0.0679,-0.0169,0.0000,0.0000,-0.0093,-0.0037,0.0000
0.2000,1.6739,2.0818,-0.0418,-0.0155,53.6382,-15.4204,0.0000,0.0775,0.0775,-0.0223,0.0000,0.0000,-0.0093,-0.0037,0.0000
0.1955,1.6982,2.0774,-0.0334,-0.0155,53.7771,-15.5304,0.0000,0.0712,0.0712,-0.0292,0.0000,0.0000,-0.0093,-0.0037,0.0000
-0.2000,1.8552,2.0374,-0.0251,-0.0155,53.9107,-15.6426,0.0000,0.0582,0.0582,-0.0353,0.0000,0.0000,-0.0093,-0.0037,0.0000
-0.2000,1.7558,1.9974,-0.0167,-0.0052,54.0438,-15.7584,0.0000,0.0465,0.0465,-0.0336,0.0000,0.0000,-0.0031,-0.0012,0.0000
0.0157,1.7303,1.9690,-0.0083,-0.0052,54.1711,-15.8772,0.0000,0.0296,0.0296,-0.0387,0.0000,0.0000,-0.0031,-0.0012,0.0000
-0.2000,1.7497,1.9290,0.0001,-0.0052,54.3064,-15.9869,0.0000,0.0254,0.0254,-0.0420,0.0000,0.0000,-0.0031,-0.0012,0.0000
0.1590,1.7267,1.9114,0.0085,-0.0052,54.4540,-16.0931,0.0000,0.0333,0.0333,-0.0447,0.0000,0.0000,-0.0031,-0.0012,0.0000
0.0903,1.7270,1.8952,0.0169,-0.0013,54.6003,-16.2152,0.0000,0.0278,0.0278,-0.0600,0.0000,0.0000,-0.0008,-0.0003,0.0000
-0.2000,1.8015,1.8552,0.0253,-0.0013,54.7429,-16.3279,0.0000,0.0237,0.0237,-0.0609,0.0000,0.0000,-0.0008,-0.0003,0.0000
-0.2000,1.8883,1.8152,0.0337,-0.0013,54.8889,-16.4377,0.0000,0.0254,0.0254,-0.0599,0.0000,0.0000,-0.0008,-0.0003,0.0000
-0.2000,1.8025,1.7752,0.0421,-0.0013,55.0346,-16.5446,0.0000,0.0353,0.0353,-0.0578,0.0000,0.0000,-0.0008,-0.0003,0.0000
-0.2000,1.8119,1.7352,0.0337,-0.0089,55.1776,-16.6478,0.0000,0.0457,0.0457,-0.0404,0.0000,0.0000,-0.0053,-0.0021,0.0000
-0.2000,1.7926,1.6952,0.0253,-0.0089,55.3230,-16.7462,0.0000,0.0669,0.0669,-0.0333,0.0000,0.0000,-0.0053,-0.0021,0.0000
-0.2000,1.7500,1.6701,0.0169,-0.0089,55.4593,-16.8506,0.0000,0.0736,0.0736,-0.0311,0.0000,0.0000,-0.0053,-0.0021,0.0000
-0.2000,1.7448,1.6544,0.0085,-0.0089,55.5908,-16.9544,0.0000,0.0774,0.0774,-0.0286,0.0000,0.0000,-0.0053,-0.0021,0.0000
0.1499,1.7038,1.6744,0.0073,-0.0017,55.7278,-17.0563,0.0000,0.0876,0.0876,-0.0251,0.0000,0.0000,-0.0010,-0.0004,0.0000
0.2000,1.6604,1.6944,-0.0010,-0.0017,55.8572,-17.1497,0.0000,0.0981,0.0981,-0.0231,0.0000,0.0000,-0.0010,-0.0004,0.0000
0.2000,1.6947,1.7144,-0.0094,-0.0017,55.9847,-17.2435,0.0000,0.1061,0.1061,-0.0212,0.0000,0.0000,-0.0010,-0.0004,0.0000
0.2000,1.5836,1.7344,-0.0178,-0.0017,56.0984,-17.3249,0.0000,0.1195,0.1195,-0.0155,0.0000,0.0000,-0.0010,-0.0004,0.0000
0.2000,1.5688,1.7544,-0.0262,-0.0017,56.2250,-17.4195,0.0000,0.1235,0.1235,-0.0178,0.0000,0.0000,-0.0010,-0.0004,0.0000
0.1999,1.3894,1.7744,-0.0308,-0.0017,56.3353,-17.4957,0.0000,0.1352,0.1352,-0.0172,0.0000,0.0000,-0.0010,-0.0004,0.0000
0.2000,1.5664,1.7944,-0.0388,-0.0014,56.4389,-17.5701,0.0000,0.1393,0.1393,-0.0213,0.0000,0.0000,-0.0008,-0.0003,0.0000
0.2000,1.3299,1.8144,-0.0345,-0.0014,56.5494,-17.6605,0.0000,0.1377,0.1377,-0.0251,0.0000,0.0000,-0.0008,-0.0003,0.0000
0.1999,1.2630,1.8344,-0.0281,-0.0014,56.6583,-17.7406,0.0000,0.1432,0.1432,-0.0263,0.0000,0.0000,-0.0008,-0.0003,0.0000
0.2000,1.4157,1.8544,-0.0234,-0.0014,56.7713,-17.8276,0.0000,0.1411,0.1411,-0.0301,0.0000,0.0000,-0.0008,-0.0003,0.0000
0.2000,1.3403,1.8744,-0.0197,-0.0014,56.8752,-17.9035,0.0000,0.1466,0.1466,-0.0320,0.0000,0.0000,-0.0008,-0.0003,0.0000
0.2000,1.4130,1.8944,-0.0123,-0.0011,56.9779,-17.9884,0.0000,0.1395,0.1395,-0.0394,0.0000,0.0000,-0.0006,-0.0003,0.0000
0.2000,1.2754,1.9144,-0.0044,-0.0011,57.0812,-18.0769,0.0000,0.1355,0.1355,-0.0420,0.0000,0.0000,-0.0006,-0.0003,0.0000
0.2000,1.3206,1.9344,0.0011,-0.0011,57.1888,-18.1588,0.0000,0.1359,0.1359,-0.0444,0.0000,0.0000,-0.0006,-0.0003,0.0000
0.2000,1.3492,1.9544,0.0045,-0.0011,57.3041,-18.2488,0.0000,0.1360,0.1360,-0.0453,0.0000,0.0000,-0.0006,-0.0003,0.0000
0.2000,1.3395,1.9744,0.0059,-0.0011,57.4226,-18.3429,0.0000,0.1362,0.1362,-0.0457,0.0000,0.0000,-0.0006,-0.0003,0.0000
0.2000,1.4501,1.9944,-0.0025,-0.0025,57.5444,-18.4377,0.0000,0.1373,0.1373,-0.0106,0.0000,0.0000,-0.0015,-0.0006,0.0000
0.2000,1.5007,2.0144,-0.0109,-0.0025,57.6668,-18.5431,0.0000,0.1367,0.1367,-0.0103,0.0000,0.0000,-0.0015,-0.0006,0.0000
0.2000,1.5303,2.0344,-0.0192,-0.0025,57.7870,-18.6460,0.0000,0.1371,0.1371,-0.0096,0.0000,0.0000,-0.0015,-0.0006,0.0000
0.1999,1.6009,2.0544,-0.0276,-0.0025,57.9120,-18.7462,0.0000,0.1418,0.1418,-0.0097,0.0000,0.0000,-0.0015,-0.0006,0.0000
0.2000,1.5690,2.0744,-0.0192,0.0160,58.0453,-18.8437,0.0000,0.1514,0.1514,-0.0376,0.0000,0.0000,0.0096,0.0039,0.0000
0.2000,1.5886,2.0944,-0.0115,0.0160,58.1803,-18.9502,0.0000,0.1542,0.1542,-0.0366,0.0000,0.0000,0.0096,0.0039,0.0000
0.2000,1.6364,2.1140,-0.0047,0.0160,58.3055,-19.0485,0.0000,0.1519,0.1519,-0.0414,0.0000,0.0000,0.0096,0.0039,0.0000
-0.1957,1.7053,2.0740,0.0026,0.0160,58.4391,-19.1701,0.0000,0.1393,0.1393,-0.0422,0.0000,0.0000,0.0096,0.0039,0.0000
-0.1957,1.5764,2.0940,0.0026,0.0041,58.5717,-19.2730,0.0000,0.1435,0.1435,-0.0372,0.0000,0.0000,0.0025,0.0010,0.0000
-0.1957,1.7916,2.0540,0.0026,0.0041,58.7084,-19.3808,0.0000,0.1420,0.1420,-0.0386,0.0000,0.0000,0.0025,0.0010,0.0000
0.2000,1.6630,2.0589,-0.0058,0.0041,58.8471,-19.4901,0.0000,0.1485,0.1485,-0.0385,0.0000,0.0000,0.0025,0.0010,0.0000
-0.2000,1.7256,2.0189,-0.0142,0.0041,58.9733,-19.6050,0.0000,0.1397,0.1397,-0.0377,0.0000,0.0000,0.0025,0.0010,0.0000
-0.2000,1.7511,1.9789,-0.0058,0.0087,59.1090,-19.7289,0.0000,0.1305,0.1305,-0.0514,0.0000,0.0000,0.0052,0.0021,0.0000
0.1762,1.6921,1.9641,0.0022,0.0087,59.2407,-19.8416,0.0000,0.1242,0.1242,-0.0533,0.0000,0.0000,0.0052,0.0021,0.0000
-0.2000,1.8217,1.9241,0.0106,0.0087,59.3874,-19.9597,0.0000,0.1187,0.1187,-0.0544,0.0000,0.0000,0.0052,0.0021,0.0000
-0.2000,1.7186,1.8841,0.0190,0.0087,59.5195,-20.0788,0.0000,0.1085,0.1085,-0.0568,0.0000,0.0000,0.0052,0.0021,0.0000
-0.2000,1.8671,1.8441,0.0108,0.0001,59.6628,-20.1825,0.0000,0.1154,0.1154,-0.0445,0.0000,0.0000,0.0000,0.0000,0.0000
-0.2000,1.7630,1.8041,0.0106,0.0001,59.7953,-20.2980,0.0000,0.1123,0.1123,-0.0442,0.0000,0.0000,0.0000,0.0000,0.0000
-0.2000,1.7538,1.7641,0.0024,0.0001,59.9424,-20.4012,0.0000,0.1310,0.1310,-0.0379,0.0000,0.0000,0.0000,0.0000,0.0000
-0.2000,1.7433,1.7241,-0.0010,0.0001,60.0851,-20.5075,0.0000,0.1385,0.1385,-0.0384,0.0000,0.0000,0.0000,0.0000,0.0000
-0.2000,1.7856,1.6841,0.0074,0.0074,60.2139,-20.6136,0.0000,0.1352,0.1352,-0.0514,0.0000,0.0000,0.0045,0.0018,0.0000
-0.2000,1.7640,1.6441,0.0110,0.0074,60.3487,-20.7159,0.0000,0.1400,0.1400,-0.0506,0.0000,0.0000,0.0045,0.0018,0.0000
0.2000,1.6544,1.6641,0.0094,0.0074,60.4795,-20.8120,0.0000,0.1517,0.1517,-0.0469,0.0000,0.0000,0.0045,0.0018,0.0000
0.2000,1.6780,1.6841,0.0011,0.0074,60.6063,-20.9227,0.0000,0.1428,0.1428,-0.0474,0.0000,0.0000,0.0045,0.0018,0.0000
0.2000,1.6108,1.7041,-0.0073,0.0034,60.7344,-21.0140,0.0000,0.1552,0.1552,-0.0442,0.0000,0.0000,0.0021,0.0008,0.0000
0.2000,1.6688,1.7241,-0.0157,0.0034,60.8565,-21.1129,0.0000,0.1514,0.1514,-0.0452,0.0000,0.0000,0.0021,0.0008,0.0000
0.2000,1.5608,1.7441,-0.0241,0.0034,60.9803,-21.1929,0.0000,0.1698,0.1698,-0.0429,0.0000,0.0000,0.0021,0.0008,0.0000
0.2000,1.5588,1.7641,-0.0325,0.0034,61.1004,-21.2760,0.0000,0.1788,0.1788,-0.0434,0.0000,0.0000,0.0021,0.0008,0.0000
0.2000,1.4627,1.7841,-0.0406,0.0034,61.2072,-21.3573,0.0000,0.1822,0.1822,-0.0452,0.0000,0.0000,0.0021,0.0008,0.0000
0.2000,1.4476,1.8041,-0.0322,0.0060,61.3219,-21.4535,0.0000,0.1753,0.1753,-0.0770,0.0000,0.0000,0.0036,0.0014,0.0000
0.1999,1.3300,1.8241,-0.0238,0.0060,61.4322,-21.5471,0.0000,0.1682,0.1682,-0.0810,0.0000,0.0000,0.0036,0.0014,0.0000
0.1999,1.4846,1.8441,-0.0154,0.0060,61.5311,-21.6297,0.0000,0.1529,0.1529,-0.0838,0.0000,0.0000,0.0036,0.0014,0.0000
0.1999,1.4342,1.8641,-0.0071,0.0060,61.6418,-21.7184,0.0000,0.1472,0.1472,-0.0882,0.0000,0.0000,0.0036,0.0014,0.0000
0.2000,1.2767,1.8841,0.0013,0.0060,61.7475,-21.8173,0.0000,0.1357,0.1357,-0.0920,0.0000,0.0000,0.0036,0.0014,0.0000
0.2000,1.4060,1.9041,0.0097,0.0060,61.8588,-21.9154,0.0000,0.1165,0.1165,-0.0941,0.0000,0.0000,0.0036,0.0014,0.0000
0.2000,1.4357,1.9241,0.0072,-0.0050,61.9664,-22.0133,0.0000,0.1064,0.1064,-0.0583,0.0000,0.0000,-0.0030,-0.0012,0.0000
0.2000,1.4706,1.9441,0.0156,-0.0050,62.0842,-22.1042,0.0000,0.1081,0.1081,-0.0588,0.0000,0.0000,-0.0030,-0.0012,0.0000
0.2000,1.4420,1.9641,0.0224,-0.0050,62.1967,-22.1940,0.0000,0.1095,0.1095,-0.0590,0.0000,0.0000,-0.0030,-0.0012,0.0000
0.2000,1.4757,1.9841,0.0195,-0.0050,62.3120,-22.2773,0.0000,0.1196,0.1196,-0.0542,0.0000,0.0000,-0.0030,-0.0012,0.0000
0.2000,1.4269,2.0041,0.0279,0.0176,62.4299,-22.3748,0.0000,0.1185,0.1185,-0.0557,0.0000,0.0000,0.0106,0.0043,0.0000
0.2000,1.4133,2.0241,0.0327,0.0176,62.5632,-22.4759,0.0000,0.1267,0.1267,-0.0513,0.0000,0.0000,0.0106,0.0043,0.0000
0.2000,1.5165,2.0441,0.0336,0.0176,62.6885,-22.5708,0.0000,0.1286,0.1286,-0.0513,0.0000,0.0000,0.0106,0.0043,0.0000
0.2000,1.6607,2.0518,0.0299,0.0176,62.8050,-22.6621,0.0000,0.1306,0.1306,-0.0466,0.0000,0.0000,0.0106,0.0043,0.0000
0.1999,1.5584,2.0718,0.0383,0.0225,62.9308,-22.7739,0.0000,0.1253,0.1253,-0.0542,0.0000,0.0000,0.0136,0.0054,0.0000
0.2000,1.4692,2.0918,0.0305,0.0225,63.0942,-22.8772,0.0000,0.1544,0.1544,-0.0454,0.0000,0.0000,0.0136,0.0054,0.0000
0.1657,1.6684,2.0884,0.0276,0.0225,63.2199,-22.9750,0.0000,0.1495,0.1495,-0.0474,0.0000,0.0000,0.0136,0.0054,0.0000
-0.2000,1.9241,2.0484,0.0217,0.0250,63.3485,-23.0835,0.0000,0.1429,0.1429,-0.0332,0.0000,0.0000,0.0151,0.0060,0.0000
0.2000,1.5784,2.0684,0.0133,0.0250,63.4977,-23.1893,0.0000,0.1655,0.1655,-0.0259,0.0000,0.0000,0.0151,0.0060,0.0000
-0.2000,1.6685,2.0284,0.0049,0.0250,63.6339,-23.2940,0.0000,0.1666,0.1666,-0.0279,0.0000,0.0000,0.0151,0.0060,0.0000
-0.2000,1.8174,1.9884,-0.0035,0.0250,63.7967,-23.4085,0.0000,0.1839,0.1839,-0.0209,0.0000,0.0000,0.0151,0.0060,0.0000
-0.2000,1.7025,1.9484,-0.0119,0.0250,63.9380,-23.5232,0.0000,0.1823,0.1823,-0.0233,0.0000,0.0000,0.0151,0.0060,0.0000
-0.2000,1.9774,1.9084,-0.0074,0.0379,64.0768,-23.6387,0.0000,0.1773,0.1773,-0.0205,0.0000,0.0000,0.0229,0.0091,0.0000
-0.2000,1.8041,1.8684,-0.0158,0.0379,64.2376,-23.7522,0.0000,0.1959,0.1959,-0.0163,0.0000,0.0000,0.0229,0.0091,0.0000
-0.2000,1.7906,1.8284,-0.0242,0.0379,64.3828,-23.8558,0.0000,0.2029,0.2029,-0.0207,0.0000,0.0000,0.0229,0.0091,0.0000
-0.2000,1.9532,1.7884,-0.0158,0.0487,64.5185,-23.9655,0.0000,0.1949,0.1949,-0.0526,0.0000,0.0000,0.0293,0.0117,0.0000
-0.1999,1.7668,1.7484,-0.0074,0.0487,64.6573,-24.0884,0.0000,0.1852,0.1852,-0.0537,0.0000,0.0000,0.0293,0.0117,0.0000
-0.2000,1.7294,1.7084,0.0010,0.0487,64.7938,-24.1966,0.0000,0.1803,0.1803,-0.0567,0.0000,0.0000,0.0293,0.0117,0.0000
-0.2000,1.8383,1.6684,0.0094,0.0487,64.9458,-24.2949,0.0000,0.1929,0.1929,-0.0548,0.0000,0.0000,0.0293,0.0117,0.0000
-0.2000,1.7271,1.6284,0.0144,0.0453,65.0828,-24.4091,0.0000,0.1843,0.1843,-0.0873,0.0000,0.0000,0.0273,0.0109,0.0000
-0.2000,1.7959,1.5884,0.0228,0.0453,65.2182,-24.5212,0.0000,0.1692,0.1692,-0.0872,0.0000,0.0000,0.0273,0.0109,0.0000
-0.2000,1.7679,1.5495,0.0312,0.0453,65.3513,-24.6284,0.0000,0.1612,0.1612,-0.0868,0.0000,0.0000,0.0273,0.0109,0.0000
-0.2000,1.7424,1.5146,0.0396,0.0453,65.4862,-24.7119,0.0000,0.1790,0.1790,-0.0799,0.0000,0.0000,0.0273,0.0109,0.0000
-0.2000,1.6953,1.4831,0.0443,0.0417,65.6191,-24.8187,0.0000,0.1711,0.1711,-0.0836,0.0000,0.0000,0.0251,0.0100,0.0000
-0.2000,1.6906,1.4548,0.0518,0.0417,65.7570,-24.9103,0.0000,0.1820,0.1820,-0.0772,0.0000,0.0000,0.0251,0.0100,0.0000
-0.1999,1.6906,1.4293,0.0535,0.0417,65.8829,-24.9991,0.0000,0.1849,0.1849,-0.0746,0.0000,0.0000,0.0251,0.0100,0.0000
-0.1999,1.6455,1.4064,0.0483,0.0417,66.0101,-25.0894,0.0000,0.1919,0.1919,-0.0683,0.0000,0.0000,0.0251,0.0100,0.0000
0.0294,1.5281,1.4264,0.0399,0.0417,66.1301,-25.1740,0.0000,0.1987,0.1987,-0.0655,0.0000,0.0000,0.0251,0.0100,0.0000
0.0276,1.5501,1.4464,0.0315,0.0417,66.2506,-25.2485,0.0000,0.2111,0.2111,-0.0603,0.0000,0.0000,0.0251,0.0100,0.0000
0.1999,1.4568,1.4664,0.0399,0.0519,66.3626,-25.3286,0.0000,0.2140,0.2140,-0.0765,0.0000,0.0000,0.0313,0.0125,0.0000
0.2000,1.4077,1.4864,0.0315,0.0519,66.4768,-25.4012,0.0000,0.2230,0.2230,-0.0727,0.0000,0.0000,0.0313,0.0125,0.0000
0.2000,1.3660,1.5064,0.0231,0.0519,66.5802,-25.4722,0.0000,0.2259,0.2259,-0.0703,0.0000,0.0000,0.0313,0.0125,0.0000
0.2000,1.3438,1.5264,0.0147,0.0519,66.6819,-25.5342,0.0000,0.2368,0.2368,-0.0645,0.0000,0.0000,0.0313,0.0125,0.0000
0.2000,1.2440,1.5464,0.0063,0.0519,66.7775,-25.6048,0.0000,0.2354,0.2354,-0.0647,0.0000,0.0000,0.0313,0.0125,0.0000
0.2000,1.1853,1.5664,0.0022,0.0519,66.8688,-25.6638,0.0000,0.2407,0.2407,-0.0638,0.0000,0.0000,0.0313,0.0125,0.0000
0.2000,1.1777,1.5864,0.0023,0.0519,66.9585,-25.7286,0.0000,0.2392,0.2392,-0.0619,0.0000,0.0000,0.0313,0.0125,0.0000
0.1999,1.0786,1.6064,0.0107,0.0544,67.0509,-25.7931,0.0000,0.2406,0.2406,-0.0864,0.0000,0.0000,0.0328,0.0131,0.0000
0.1999,1.0970,1.6264,0.0191,0.0544,67.1442,-25.8677,0.0000,0.2273,0.2273,-0.0874,0.0000,0.0000,0.0328,0.0131,0.0000
0.2000,1.1175,1.6464,0.0275,0.0544,67.2361,-25.9393,0.0000,0.2175,0.2175,-0.0850,0.0000,0.0000,0.0328,0.0131,0.0000
0.2000,1.1856,1.6664,0.0359,0.0544,67.3323,-25.9923,0.0000,0.2233,0.2233,-0.0837,0.0000,0.0000,0.0328,0.0131,0.0000
0.2000,1.1542,1.6864,0.0440,0.0544,67.4193,-26.0517,0.0000,0.2229,0.2229,-0.0821,0.0000,0.0000,0.0328,0.0131,0.0000
0.2000,1.0897,1.7064,0.0518,0.0544,67.5180,-26.1195,0.0000,0.2219,0.2219,-0.0828,0.0000,0.0000,0.0328,0.0131,0.0000
0.2000,1.0451,1.7264,0.0602,0.0554,67.6201,-26.1917,0.0000,0.2195,0.2195,-0.0790,0.0000,0.0000,0.0334,0.0134,0.0000
0.2000,1.1876,1.7464,0.0639,0.0554,67.7190,-26.2646,0.0000,0.2083,0.2083,-0.0763,0.0000,0.0000,0.0334,0.0134,0.0000
0.2000,1.2396,1.7664,0.0601,0.0554,67.8257,-26.3163,0.0000,0.2269,0.2269,-0.0670,0.0000,0.0000,0.0334,0.0134,0.0000
0.2000,1.2189,1.7864,0.0585,0.0554,67.9311,-26.3887,0.0000,0.2249,0.2249,-0.0661,0.0000,0.0000,0.0334,0.0134,0.0000
0.2000,1.1851,1.8064,0.0501,0.0554,68.0583,-26.4444,0.0000,0.2538,0.2538,-0.0574,0.0000,0.0000,0.0334,0.0134,0.0000
0.2000,1.2685,1.8264,0.0585,0.0703,68.1736,-26.5185,0.0000,0.2518,0.2518,-0.0886,0.0000,0.0000,0.0424,0.0170,0.0000
0.2000,1.3857,1.8464,0.0655,0.0703,68.2941,-26.5983,0.0000,0.2438,0.2438,-0.0836,0.0000,0.0000,0.0424,0.0170,0.0000
0.2000,1.3609,1.8664,0.0644,0.0703,68.4184,-26.6674,0.0000,0.2521,0.2521,-0.0800,0.0000,0.0000,0.0424,0.0170,0.0000
0.2000,1.4340,1.8864,0.0560,0.0703,68.5409,-26.7519,0.0000,0.2441,0.2441,-0.0742,0.0000,0.0000,0.0424,0.0170,0.0000
0.2000,1.4126,1.9064,0.0619,0.0679,68.6598,-26.8311,0.0000,0.2386,0.2386,-0.0952,0.0000,0.0000,0.0409,0.0164,0.0000
0.2000,1.4765,1.9264,0.0678,0.0679,68.7911,-26.8965,0.0000,0.2517,0.2517,-0.0846,0.0000,0.0000,0.0409,0.0164,0.0000
0.2000,1.4171,1.9464,0.0594,0.0679,68.9284,-26.9710,0.0000,0.2600,0.2600,-0.0812,0.0000,0.0000,0.0409,0.0164,0.0000
0.2000,1.4627,1.9664,0.0580,0.0679,69.0636,-27.0535,0.0000,0.2572,0.2572,-0.0763,0.0000,0.0000,0.0409,0.0164,0.0000
0.2000,1.5499,1.9784,0.0651,0.0698,69.2119,-27.1358,0.0000,0.2618,0.2618,-0.0891,0.0000,0.0000,0.0421,0.0168,0.0000
0.1814,1.5722,1.9686,0.0587,0.0698,69.3387,-27.2102,0.0000,0.2558,0.2558,-0.0892,0.0000,0.0000,0.0421,0.0168,0.0000
-0.2000,1.6860,1.9286,0.0503,0.0698,69.5163,-27.2905,0.0000,0.2768,0.2768,-0.0750,0.0000,0.0000,0.0421,0.0168,0.0000
0.2000,1.4571,1.9486,0.0453,0.0698,69.6493,-27.3707,0.0000,0.2787,0.2787,-0.0747,0.0000,0.0000,0.0421,0.0168,0.0000
-0.2000,1.9446,1.9086,0.0537,0.0722,69.8074,-27.4443,0.0000,0.2724,0.2724,-0.1080,0.0000,0.0000,0.0436,0.0174,0.0000
0.2000,1.5401,1.9286,0.0621,0.0722,69.9452,-27.5231,0.0000,0.2827,0.2827,-0.1092,0.0000,0.0000,0.0436,0.0174,0.0000
-0.2000,1.7373,1.8886,0.0705,0.0722,70.0783,-27.6041,0.0000,0.2598,0.2598,-0.1064,0.0000,0.0000,0.0436,0.0174,0.0000
0.2000,1.5735,1.8864,0.0621,0.0722,70.2458,-27.6830,0.0000,0.2806,0.2806,-0.0939,0.0000,0.0000,0.0436,0.0174,0.0000
0.2000,1.5454,1.9064,0.0621,0.0722,70.4006,-27.7386,0.0000,0.3047,0.3047,-0.0872,0.0000,0.0000,0.0436,0.0174,0.0000
-0.2000,1.8431,1.8664,0.0618,0.0636,70.5621,-27.8204,0.0000,0.2866,0.2866,-0.1063,0.0000,0.0000,0.0384,0.0153,0.0000
-0.2000,1.6380,1.8264,0.0534,0.0636,70.7299,-27.9082,0.0000,0.2920,0.2920,-0.1002,0.0000,0.0000,0.0384,0.0153,0.0000
-0.2000,1.7973,1.7864,0.0601,0.0636,70.8711,-27.9909,0.0000,0.2679,0.2679,-0.0994,0.0000,0.0000,0.0384,0.0153,0.0000
-0.2000,1.8796,1.7464,0.0679,0.0630,71.0252,-28.0571,0.0000,0.2725,0.2725,-0.1202,0.0000,0.0000,0.0380,0.0152,0.0000
-0.2000,1.6227,1.7064,0.0730,0.0630,71.1793,-28.1283,0.0000,0.2847,0.2847,-0.1160,0.0000,0.0000,0.0380,0.0152,0.0000
-0.2000,1.6699,1.6664,0.0646,0.0630,71.3467,-28.1911,0.0000,0.2966,0.2966,-0.1060,0.0000,0.0000,0.0380,0.0152,0.0000
-0.2000,1.6846,1.6264,0.0665,0.0630,71.5002,-28.2649,0.0000,0.2852,0.2852,-0.1076,0.0000,0.0000,0.0380,0.0152,0.0000
-0.2000,1.7804,1.5864,0.0716,0.0598,71.6458,-28.3472,0.0000,0.2604,0.2604,-0.1180,0.0000,0.0000,0.0360,0.0144,0.0000
-0.2000,1.6893,1.5478,0.0684,0.0598,71.8047,-28.3929,0.0000,0.2979,0.2979,-0.0996,0.0000,0.0000,0.0360,0.0144,0.0000
-0.2000,1.6577,1.5130,0.0600,0.0598,71.9572,-28.4606,0.0000,0.2933,0.2933,-0.0997,0.0000,0.0000,0.0360,0.0144,0.0000
-0.2000,1.6610,1.4817,0.0516,0.0598,72.1136,-28.5130,0.0000,0.3151,0.3151,-0.0846,0.0000,0.0000,0.0360,0.0144,0.0000
-0.2000,1.6545,1.4535,0.0600,0.0678,72.2520,-28.5793,0.0000,0.3037,0.3037,-0.1352,0.0000,0.0000,0.0409,0.0164,0.0000
-0.2000,1.6477,1.4282,0.0645,0.0678,72.3843,-28.6333,0.0000,0.3050,0.3050,-0.1243,0.0000,0.0000,0.0409,0.0164,0.0000
0.0813,1.5215,1.4482,0.0561,0.0678,72.5201,-28.6757,0.0000,0.3189,0.3189,-0.1218,0.0000,0.0000,0.0409,0.0164,0.0000
0.2000,1.4214,1.4682,0.0587,0.0678,72.6539,-28.7374,0.0000,0.3105,0.3105,-0.1213,0.0000,0.0000,0.0409,0.0164,0.0000
0.2000,1.4122,1.4882,0.0503,0.0678,72.7791,-28.7751,0.0000,0.3242,0.3242,-0.1100,0.0000,0.0000,0.0409,0.0164,0.0000
0.2000,1.4619,1.5082,0.0420,0.0678,72.9166,-28.8183,0.0000,0.3281,0.3281,-0.1061,0.0000,0.0000,0.0409,0.0164,0.0000
0.1999,1.3055,1.5282,0.0381,0.0556,73.0389,-28.8609,0.0000,0.3389,0.3389,-0.1227,0.0000,0.0000,0.0335,0.0134,0.0000
0.2000,1.4317,1.5482,0.0318,0.0556,73.1598,-28.8948,0.0000,0.3409,0.3409,-0.1154,0.0000,0.0000,0.0335,0.0134,0.0000
0.2000,1.2872,1.5682,0.0301,0.0556,73.2745,-28.9362,0.0000,0.3453,0.3453,-0.1148,0.0000,0.0000,0.0335,0.0134,0.0000
0.2000,1.2505,1.5882,0.0224,0.0556,73.3826,-28.9735,0.0000,0.3486,0.3486,-0.1087,0.0000,0.0000,0.0335,0.0134,0.0000
0.2000,1.2092,1.6082,0.0308,0.0556,73.4952,-29.0275,0.0000,0.3320,0.3320,-0.1119,0.0000,0.0000,0.0335,0.0134,0.0000
0.2000,1.1374,1.6282,0.0224,0.0556,73.6018,-29.0580,0.0000,0.3437,0.3437,-0.1044,0.0000,0.0000,0.0335,0.0134,0.0000
0.2000,1.2379,1.6482,0.0198,0.0556,73.7192,-29.0874,0.0000,0.3474,0.3474,-0.1028,0.0000,0.0000,0.0335,0.0134,0.0000
0.1999,1.1058,1.6682,0.0282,0.0598,73.8314,-29.1327,0.0000,0.3424,0.3424,-0.1405,0.0000,0.0000,0.0361,0.0144,0.0000
0.1999,1.2015,1.6882,0.0365,0.0598,73.9352,-29.1630,0.0000,0.3374,0.3374,-0.1360,0.0000,0.0000,0.0361,0.0144,0.0000
0.1999,1.1991,1.7082,0.0449,0.0598,74.0504,-29.2054,0.0000,0.3272,0.3272,-0.1373,0.0000,0.0000,0.0361,0.0144,0.0000
0.2000,1.0752,1.7282,0.0533,0.0598,74.1567,-29.2424,0.0000,0.3324,0.3324,-0.1306,0.0000,0.0000,0.0361,0.0144,0.0000
0.2000,1.2167,1.7482,0.0617,0.0598,74.2734,-29.2892,0.0000,0.3099,0.3099,-0.1305,0.0000,0.0000,0.0361,0.0144,0.0000
0.2000,1.1186,1.7682,0.0653,0.0598,74.4126,-29.3117,0.0000,0.3388,0.3388,-0.1189,0.0000,0.0000,0.0361,0.0144,0.0000
0.2000,1.2466,1.7882,0.0677,0.0588,74.5307,-29.3544,0.0000,0.3214,0.3214,-0.1169,0.0000,0.0000,0.0355,0.0142,0.0000
0.2000,1.4125,1.8082,0.0707,0.0588,74.6508,-29.4021,0.0000,0.3002,0.3002,-0.1152,0.0000,0.0000,0.0355,0.0142,0.0000
0.2000,1.2452,1.8282,0.0781,0.0588,74.7665,-29.4581,0.0000,0.2898,0.2898,-0.1120,0.0000,0.0000,0.0355,0.0142,0.0000
0.2000,1.2813,1.8482,0.0697,0.0588,74.9308,-29.4745,0.0000,0.3279,0.3279,-0.0951,0.0000,0.0000,0.0355,0.0142,0.0000
0.2000,1.2731,1.8682,0.0781,0.0770,75.0641,-29.5261,0.0000,0.3130,0.3130,-0.1181,0.0000,0.0000,0.0465,0.0186,0.0000
-0.2000,1.6623,1.8282,0.0865,0.0770,75.1885,-29.5767,0.0000,0.2748,0.2748,-0.1157,0.0000,0.0000,0.0465,0.0186,0.0000
0.2000,1.4175,1.8482,0.0781,0.0770,75.3479,-29.6068,0.0000,0.3127,0.3127,-0.0985,0.0000,0.0000,0.0465,0.0186,0.0000
0.2000,1.3313,1.8682,0.0741,0.0770,75.4783,-29.6490,0.0000,0.3088,0.3088,-0.0995,0.0000,0.0000,0.0465,0.0186,0.0000
-0.2000,1.6254,1.8282,0.0825,0.0863,75.6336,-29.6819,0.0000,0.3084,0.3084,-0.1306,0.0000,0.0000,0.0521,0.0208,0.0000
0.2000,1.3588,1.8482,0.0909,0.0863,75.7730,-29.7370,0.0000,0.3005,0.3005,-0.1318,0.0000,0.0000,0.0521,0.0208,0.0000
0.0803,1.5863,1.8362,0.0928,0.0863,75.9144,-29.7665,0.0000,0.2977,0.2977,-0.1175,0.0000,0.0000,0.0521,0.0208,0.0000
0.1999,1.4859,1.8562,0.1012,0.0863,76.0535,-29.8203,0.0000,0.2794,0.2794,-0.1189,0.0000,0.0000,0.0521,0.0208,0.0000
0.2000,1.4429,1.8762,0.0928,0.0863,76.2095,-29.8546,0.0000,0.2936,0.2936,-0.1019,0.0000,0.0000,0.0521,0.0208,0.0000
0.2000,1.4788,1.8962,0.0844,0.0802,76.3798,-29.8801,0.0000,0.3075,0.3075,-0.1032,0.0000,0.0000,0.0484,0.0194,0.0000
-0.0774,1.5955,1.8685,0.0761,0.0802,76.5401,-29.9195,0.0000,0.3015,0.3015,-0.0954,0.0000,0.0000,0.0484,0.0194,0.0000
-0.2000,1.7130,1.8285,0.0677,0.0802,76.6961,-29.9397,0.0000,0.3164,0.3164,-0.0852,0.0000,0.0000,0.0484,0.0194,0.0000
-0.2000,1.6403,1.7885,0.0593,0.0802,76.8382,-29.9865,0.0000,0.3009,0.3009,-0.0869,0.0000,0.0000,0.0484,0.0194,0.0000
0.2000,1.5686,1.7969,0.0677,0.0937,77.0004,-30.0085,0.0000,0.3230,0.3230,-0.1118,0.0000,0.0000,0.0566,0.0226,0.0000
0.2000,1.4835,1.8169,0.0761,0.0937,77.1521,-30.0538,0.0000,0.3051,0.3051,-0.1151,0.0000,0.0000,0.0566,0.0226,0.0000
-0.2000,1.6372,1.7769,0.0844,0.0937,77.3078,-30.1052,0.0000,0.2722,0.2722,-0.1132,0.0000,0.0000,0.0566,0.0226,0.0000
0.2000,1.5701,1.7894,0.0760,0.0937,77.4729,-30.1264,0.0000,0.2974,0.2974,-0.0931,0.0000,0.0000,0.0566,0.0226,0.0000
-0.2000,1.6256,1.7494,0.0807,0.0900,77.6307,-30.1692,0.0000,0.2704,0.2704,-0.1419,0.0000,0.0000,0.0544,0.0217,0.0000
-0.1999,1.6665,1.7094,0.0891,0.0900,77.7874,-30.2195,0.0000,0.2370,0.2370,-0.1403,0.0000,0.0000,0.0544,0.0217,0.0000
-0.2000,1.6220,1.6694,0.0968,0.0900,77.9683,-30.2182,0.0000,0.2822,0.2822,-0.1158,0.0000,0.0000,0.0544,0.0217,0.0000
-0.2000,1.6309,1.6294,0.1052,0.0900,78.1217,-30.2618,0.0000,0.2542,0.2542,-0.1182,0.0000,0.0000,0.0544,0.0217,0.0000
-0.2000,1.8278,1.5894,0.1024,0.0827,78.2856,-30.2831,0.0000,0.2556,0.2556,-0.1039,0.0000,0.0000,0.0499,0.0200,0.0000
0.2000,1.5811,1.6091,0.1008,0.0827,78.4492,-30.3159,0.0000,0.2536,0.2536,-0.1047,0.0000,0.0000,0.0499,0.0200,0.0000
-0.2009,1.6492,1.5691,0.1049,0.0827,78.5954,-30.3574,0.0000,0.2276,0.2276,-0.1020,0.0000,0.0000,0.0499,0.0200,0.0000
-0.2000,1.6542,1.5322,0.0965,0.0827,78.7665,-30.3527,0.0000,0.2745,0.2745,-0.0739,0.0000,0.0000,0.0499,0.0200,0.0000
0.2000,1.5061,1.5522,0.0882,0.0827,78.9035,-30.3631,0.0000,0.2875,0.2875,-0.0708,0.0000,0.0000,0.0499,0.0200,0.0000
-0.2000,1.7342,1.5170,0.0966,0.0960,79.0506,-30.3986,0.0000,0.2454,0.2454,-0.1417,0.0000,0.0000,0.0580,0.0232,0.0000
0.2000,1.3641,1.5370,0.0995,0.0960,79.1988,-30.3943,0.0000,0.2959,0.2959,-0.1210,0.0000,0.0000,0.0580,0.0232,0.0000
0.2000,1.5004,1.5570,0.1079,0.0960,79.3523,-30.4165,0.0000,0.2708,0.2708,-0.1223,0.0000,0.0000,0.0580,0.0232,0.0000
0.2000,1.4933,1.5770,0.0995,0.0960,79.4973,-30.4158,0.0000,0.2916,0.2916,-0.1038,0.0000,0.0000,0.0580,0.0232,0.0000
0.2000,1.5373,1.5970,0.0911,0.0754,79.6396,-30.4242,0.0000,0.2868,0.2868,-0.1713,0.0000,0.0000,0.0455,0.0182,0.0000
0.1999,1.4552,1.6170,0.0995,0.0754,79.7715,-30.4335,0.0000,0.2882,0.2882,-0.1605,0.0000,0.0000,0.0455,0.0182,0.0000
0.2000,1.4155,1.6370,0.1079,0.0754,79.9213,-30.4377,0.0000,0.2873,0.2873,-0.1538,0.0000,0.0000,0.0455,0.0182,0.0000
0.2000,1.3159,1.6570,0.1163,0.0754,80.0415,-30.4424,0.0000,0.2934,0.2934,-0.1433,0.0000,0.0000,0.0455,0.0182,0.0000
0.2000,1.4890,1.6770,0.1196,0.0754,80.1813,-30.4390,0.0000,0.2847,0.2847,-0.1372,0.0000,0.0000,0.0455,0.0182,0.0000
0.2000,1.1978,1.6970,0.1188,0.0754,80.3155,-30.4506,0.0000,0.2946,0.2946,-0.1279,0.0000,0.0000,0.0455,0.0182,0.0000
0.2000,1.3906,1.7170,0.1104,0.0527,80.4496,-30.4445,0.0000,0.2935,0.2935,-0.1139,0.0000,0.0000,0.0318,0.0127,0.0000
0.2000,1.3378,1.7370,0.1020,0.0527,80.5751,-30.4468,0.0000,0.2957,0.2957,-0.1060,0.0000,0.0000,0.0318,0.0127,0.0000
0.2000,1.3416,1.7570,0.0936,0.0527,80.7129,-30.4531,0.0000,0.2895,0.2895,-0.0996,0.0000,0.0000,0.0318,0.0127,0.0000
0.2000,1.2473,1.7770,0.0852,0.0527,80.8436,-30.4476,0.0000,0.3064,0.3064,-0.0825,0.0000,0.0000,0.0318,0.0127,0.0000
0.2000,1.3680,1.7970,0.0768,0.0527,80.9796,-30.4457,0.0000,0.3029,0.3029,-0.0773,0.0000,0.0000,0.0318,0.0127,0.0000
0.2000,1.3095,1.8170,0.0852,0.0644,81.1229,-30.4537,0.0000,0.2943,0.2943,-0.1429,0.0000,0.0000,0.0388,0.0155,0.0000
0.2000,1.3502,1.8370,0.0920,0.0644,81.2613,-30.4312,0.0000,0.3088,0.3088,-0.1293,0.0000,0.0000,0.0388,0.0155,0.0000
0.2000,1.4233,1.8570,0.0982,0.0644,81.4072,-30.4278,0.0000,0.2968,0.2968,-0.1233,0.0000,0.0000,0.0388,0.0155,0.0000
0.2000,1.4489,1.8770,0.0900,0.0644,81.5510,-30.4009,0.0000,0.3138,0.3138,-0.1142,0.0000,0.0000,0.0388,0.0155,0.0000
0.2000,1.4489,1.8970,0.0816,0.0644,81.6963,-30.3892,0.0000,0.3165,0.3165,-0.1061,0.0000,0.0000,0.0388,0.0155,0.0000
0.2000,1.4598,1.9170,0.0732,0.0376,81.8440,-30.3813,0.0000,0.3188,0.3188,-0.0764,0.0000,0.0000,0.0227,0.0091,0.0000
0.2000,1.4496,1.9370,0.0648,0.0376,82.0106,-30.3564,0.0000,0.3396,0.3396,-0.0635,0.0000,0.0000,0.0227,0.0091,0.0000
0.2000,1.4692,1.9570,0.0564,0.0376,82.1627,-30.3436,0.0000,0.3457,0.3457,-0.0547,0.0000,0.0000,0.0227,0.0091,0.0000
-0.2000,1.6801,1.9170,0.0648,0.0578,82.3290,-30.3330,0.0000,0.3402,0.3402,-0.1036,0.0000,0.0000,0.0348,0.0139,0.0000
0.2000,1.5168,1.9370,0.0564,0.0578,82.4957,-30.3219,0.0000,0.3430,0.3430,-0.0950,0.0000,0.0000,0.0348,0.0139,0.0000
-0.2000,1.6534,1.8970,0.0480,0.0578,82.6765,-30.3052,0.0000,0.3350,0.3350,-0.0865,0.0000,0.0000,0.0348,0.0139,0.0000
-0.2000,1.6583,1.8570,0.0396,0.0578,82.8475,-30.2768,0.0000,0.3458,0.3458,-0.0785,0.0000,0.0000,0.0348,0.0139,0.0000
-0.2000,1.8018,1.8170,0.0312,0.0410,83.0118,-30.2546,0.0000,0.3460,0.3460,-0.0708,0.0000,0.0000,0.0247,0.0099,0.0000
-0.2000,1.7242,1.7770,0.0228,0.0410,83.1814,-30.2361,0.0000,0.3496,0.3496,-0.0638,0.0000,0.0000,0.0247,0.0099,0.0000
-0.2000,1.6466,1.7370,0.0144,0.0410,83.3562,-30.2111,0.0000,0.3572,0.3572,-0.0583,0.0000,0.0000,0.0247,0.0099,0.0000
-0.2000,1.6936,1.6970,0.0061,0.0410,83.5307,-30.1884,0.0000,0.3579,0.3579,-0.0539,0.0000,0.0000,0.0247,0.0099,0.0000
-0.2000,1.7521,1.6570,0.0088,0.0521,83.7100,-30.1625,0.0000,0.3586,0.3586,-0.0668,0.0000,0.0000,0.0314,0.0126,0.0000
-0.2000,1.7458,1.6170,0.0004,0.0521,83.8854,-30.1427,0.0000,0.3548,0.3548,-0.0627,0.0000,0.0000,0.0314,0.0126,0.0000
-0.2000,1.7975,1.5770,-0.0080,0.0521,84.0557,-30.1177,0.0000,0.3516,0.3516,-0.0626,0.0000,0.0000,0.0314,0.0126,0.0000
-0.1999,1.7503,1.5393,-0.0164,0.0521,84.2220,-30.0964,0.0000,0.3510,0.3510,-0.0596,0.0000,0.0000,0.0314,0.0126,0.0000
-0.1999,1.7064,1.5054,-0.0158,0.0559,84.3890,-30.0699,0.0000,0.3519,0.3519,-0.0727,0.0000,0.0000,0.0337,0.0135,0.0000
-0.1999,1.6630,1.4748,-0.0161,0.0559,84.5477,-30.0495,0.0000,0.3470,0.3470,-0.0726,0.0000,0.0000,0.0337,0.0135,0.0000
-0.1999,1.6769,1.4473,-0.0149,0.0559,84.7002,-30.0307,0.0000,0.3387,0.3387,-0.0735,0.0000,0.0000,0.0337,0.0135,0.0000
0.0854,1.5866,1.4673,-0.0082,0.0559,84.8310,-30.0235,0.0000,0.3212,0.3212,-0.0810,0.0000,0.0000,0.0337,0.0135,0.0000
0.1348,1.5229,1.4873,-0.0059,0.0559,84.9824,-30.0135,0.0000,0.3098,0.3098,-0.0790,0.0000,0.0000,0.0337,0.0135,0.0000
0.1999,1.3006,1.5073,-0.0000,0.0559,85.1043,-29.9976,0.0000,0.3106,0.3106,-0.0838,0.0000,0.0000,0.0337,0.0135,0.0000
0.2000,1.5047,1.5273,0.0084,0.0619,85.2414,-29.9874,0.0000,0.2853,0.2853,-0.1254,0.0000,0.0000,0.0373,0.0149,0.0000
0.1999,1.2179,1.5473,0.0168,0.0619,85.3663,-29.9737,0.0000,0.2890,0.2890,-0.1273,0.0000,0.0000,0.0373,0.0149,0.0000
0.2000,1.3628,1.5673,0.0252,0.0619,85.4807,-29.9614,0.0000,0.2677,0.2677,-0.1273,0.0000,0.0000,0.0373,0.0149,0.0000
0.1999,1.2455,1.5873,0.0334,0.0619,85.5994,-29.9454,0.0000,0.2664,0.2664,-0.1260,0.0000,0.0000,0.0373,0.0149,0.0000
0.1999,1.1408,1.6073,0.0416,0.0619,85.7040,-29.9412,0.0000,0.2548,0.2548,-0.1263,0.0000,0.0000,0.0373,0.0149,0.0000
0.1999,1.1882,1.6273,0.0500,0.0619,85.8134,-29.9320,0.0000,0.2396,0.2396,-0.1230,0.0000,0.0000,0.0373,0.0149,0.0000
0.1999,1.0376,1.6473,0.0584,0.0619,85.9337,-29.9200,0.0000,0.2378,0.2378,-0.1178,0.0000,0.0000,0.0373,0.0149,0.0000
0.1999,1.0886,1.6673,0.0573,0.0523,86.0463,-29.9050,0.0000,0.2262,0.2262,-0.1442,0.0000,0.0000,0.0315,0.0126,0.0000
0.1999,1.1997,1.6873,0.0657,0.0523,86.1710,-29.8870,0.0000,0.2093,0.2093,-0.1381,0.0000,0.0000,0.0315,0.0126,0.0000
0.2000,1.1269,1.7073,0.0741,0.0523,86.2925,-29.8719,0.0000,0.2026,0.2026,-0.1330,0.0000,0.0000,0.0315,0.0126,0.0000
0.2000,1.2509,1.7273,0.0825,0.0523,86.4169,-29.8512,0.0000,0.1874,0.1874,-0.1284,0.0000,0.0000,0.0315,0.0126,0.0000
0.2000,1.2143,1.7473,0.0909,0.0523,86.5350,-29.8377,0.0000,0.1777,0.1777,-0.1230,0.0000,0.0000,0.0315,0.0126,0.0000
0.2000,1.2522,1.7673,0.0952,0.0482,86.6557,-29.8216,0.0000,0.1654,0.1654,-0.1197,0.0000,0.0000,0.0290,0.0116,0.0000
0.2000,1.1785,1.7873,0.1035,0.0482,86.7834,-29.7971,0.0000,0.1666,0.1666,-0.1127,0.0000,0.0000,0.0290,0.0116,0.0000
0.2000,1.2075,1.8073,0.1118,0.0482,86.8998,-29.7704,0.0000,0.1667,0.1667,-0.1059,0.0000,0.0000,0.0290,0.0116,0.0000
0.1999,1.2921,1.8273,0.1083,0.0482,87.0279,-29.7374,0.0000,0.1677,0.1677,-0.0987,0.0000,0.0000,0.0290,0.0116,0.0000
0.1999,1.1878,1.8473,0.1001,0.0482,87.1569,-29.7130,0.0000,0.1704,0.1704,-0.0899,0.0000,0.0000,0.0290,0.0116,0.0000
0.1999,1.3158,1.8673,0.1070,0.0599,87.3001,-29.6925,0.0000,0.1555,0.1555,-0.0840,0.0000,0.0000,0.0361,0.0145,0.0000
0.1999,1.3039,1.8873,0.0987,0.0599,87.4457,-29.6653,0.0000,0.1532,0.1532,-0.0737,0.0000,0.0000,0.0361,0.0145,0.0000
0.1999,1.4338,1.9073,0.0904,0.0599,87.5957,-29.6432,0.0000,0.1399,0.1399,-0.0640,0.0000,0.0000,0.0361,0.0145,0.0000
0.2000,1.4710,1.9273,0.0820,0.0599,87.7457,-29.6002,0.0000,0.1494,0.1494,-0.0559,0.0000,0.0000,0.0361,0.0145,0.0000
0.2000,1.5017,1.9473,0.0904,0.0725,87.8880,-29.5761,0.0000,0.1446,0.1446,-0.0788,0.0000,0.0000,0.0437,0.0175,0.0000
0.2000,1.5517,1.9673,0.0988,0.0725,88.0388,-29.5480,0.0000,0.1341,0.1341,-0.0702,0.0000,0.0000,0.0437,0.0175,0.0000
0.2000,1.4301,1.9873,0.0988,0.0725,88.1923,-29.5182,0.0000,0.1306,0.1306,-0.0611,0.0000,0.0000,0.0437,0.0175,0.0000
0.2000,1.5208,2.0073,0.0946,0.0725,88.3351,-29.4884,0.0000,0.1233,0.1233,-0.0521,0.0000,0.0000,0.0437,0.0175,0.0000
0.2000,1.5494,2.0273,0.0864,0.0725,88.4859,-29.4479,0.0000,0.1258,0.1258,-0.0437,0.0000,0.0000,0.0437,0.0175,0.0000
0.2000,1.4450,2.0473,0.0893,0.0670,88.6429,-29.4073,0.0000,0.1252,0.1252,-0.0863,0.0000,0.0000,0.0404,0.0162,0.0000
0.2000,1.5511,2.0673,0.0977,0.0670,88.8060,-29.3425,0.0000,0.1331,0.1331,-0.0800,0.0000,0.0000,0.0404,0.0162,0.0000
0.2000,1.6085,2.0708,0.1014,0.0670,88.9611,-29.2999,0.0000,0.1285,0.1285,-0.0696,0.0000,0.0000,0.0404,0.0162,0.0000
-0.2000,1.7444,2.0308,0.0930,0.0522,89.1319,-29.2493,0.0000,0.1213,0.1213,-0.0748,0.0000,0.0000,0.0315,0.0126,0.0000
0.2002,1.5956,2.0477,0.0869,0.0522,89.3032,-29.1930,0.0000,0.1295,0.1295,-0.0649,0.0000,0.0000,0.0315,0.0126,0.0000
-0.2001,1.7674,2.0077,0.0785,0.0522,89.4669,-29.1409,0.0000,0.1276,0.1276,-0.0532,0.0000,0.0000,0.0315,0.0126,0.0000
-0.2000,1.7906,1.9677,0.0701,0.0522,89.6349,-29.0919,0.0000,0.1246,0.1246,-0.0436,0.0000,0.0000,0.0315,0.0126,0.0000
-0.2000,1.7056,1.9277,0.0768,0.0539,89.8165,-29.0256,0.0000,0.1319,0.1319,-0.0643,0.0000,0.0000,0.0325,0.0130,0.0000
-0.2000,1.7342,1.8877,0.0734,0.0539,89.9823,-28.9526,0.0000,0.1442,0.1442,-0.0573,0.0000,0.0000,0.0325,0.0130,0.0000
-0.2000,1.9195,1.8477,0.0650,0.0539,90.1579,-28.8994,0.0000,0.1351,0.1351,-0.0459,0.0000,0.0000,0.0325,0.0130,0.0000
-0.2000,1.7997,1.8077,0.0566,0.0539,90.3362,-28.8361,0.0000,0.1398,0.1398,-0.0365,0.0000,0.0000,0.0325,0.0130,0.0000
-0.2000,1.8185,1.7677,0.0568,0.0484,90.5123,-28.7662,0.0000,0.1431,0.1431,-0.0558,0.0000,0.0000,0.0292,0.0117,0.0000
-0.2000,1.8769,1.7277,0.0567,0.0484,90.6846,-28.7004,0.0000,0.1410,0.1410,-0.0489,0.0000,0.0000,0.0292,0.0117,0.0000
-0.2000,1.8800,1.6877,0.0524,0.0484,90.8567,-28.6356,0.0000,0.1397,0.1397,-0.0417,0.0000,0.0000,0.0292,0.0117,0.0000
-0.2000,1.8299,1.6477,0.0524,0.0400,91.0273,-28.5712,0.0000,0.1384,0.1384,-0.0654,0.0000,0.0000,0.0241,0.0096,0.0000
-0.2000,1.8227,1.6077,0.0563,0.0400,91.1875,-28.5071,0.0000,0.1359,0.1359,-0.0585,0.0000,0.0000,0.0241,0.0096,0.0000
-0.2000,1.8084,1.5677,0.0553,0.0400,91.3478,-28.4439,0.0000,0.1316,0.1316,-0.0529,0.0000,0.0000,0.0241,0.0096,0.0000
-0.1999,1.7120,1.5310,0.0515,0.0400,91.5115,-28.3792,0.0000,0.1290,0.1290,-0.0474,0.0000,0.0000,0.0241,0.0096,0.0000
-0.1999,1.7089,1.4979,0.0434,0.0400,91.6604,-28.3203,0.0000,0.1255,0.1255,-0.0411,0.0000,0.0000,0.0241,0.0096,0.0000
-0.1999,1.7449,1.4681,0.0350,0.0292,91.8068,-28.2562,0.0000,0.1262,0.1262,-0.0356,0.0000,0.0000,0.0176,0.0070,0.0000
0.1117,1.5877,1.4881,0.0266,0.0292,91.9418,-28.1920,0.0000,0.1331,0.1331,-0.0327,0.0000,0.0000,0.0176,0.0070,0.0000
0.0731,1.5846,1.5081,0.0182,0.0292,92.0631,-28.1371,0.0000,0.1347,0.1347,-0.0294,0.0000,0.0000,0.0176,0.0070,0.0000
0.2000,1.4835,1.5281,0.0098,0.0292,92.1866,-28.0758,0.0000,0.1424,0.1424,-0.0263,0.0000,0.0000,0.0176,0.0070,0.0000
0.1999,1.3199,1.5481,0.0014,0.0292,92.3249,-28.0196,0.0000,0.1415,0.1415,-0.0204,0.0000,0.0000,0.0176,0.0070,0.0000
0.2000,1.3685,1.5681,-0.0070,0.0292,92.4332,-27.9670,0.0000,0.1414,0.1414,-0.0233,0.0000,0.0000,0.0176,0.0070,0.0000
0.2000,1.4791,1.5881,0.0014,0.0319,92.5634,-27.9129,0.0000,0.1315,0.1315,-0.0770,0.0000,0.0000,0.0192,0.0077,0.0000
0.2000,1.1935,1.6081,0.0098,0.0319,92.6667,-27.8629,0.0000,0.1352,0.1352,-0.0813,0.0000,0.0000,0.0192,0.0077,0.0000
0.1999,1.3975,1.6281,0.0182,0.0319,92.7715,-27.8099,0.0000,0.1256,0.1256,-0.0792,0.0000,0.0000,0.0192,0.0077,0.0000
0.2000,1.1380,1.6481,0.0266,0.0319,92.8701,-27.7570,0.0000,0.1354,0.1354,-0.0800,0.0000,0.0000,0.0192,0.0077,0.0000
0.2000,1.1649,1.6681,0.0350,0.0319,92.9802,-27.7123,0.0000,0.1233,0.1233,-0.0773,0.0000,0.0000,0.0192,0.0077,0.0000
0.2000,1.1078,1.6881,0.0434,0.0319,93.0984,-27.6657,0.0000,0.1134,0.1134,-0.0724,0.0000,0.0000,0.0192,0.0077,0.0000
0.2000,1.1785,1.7081,0.0518,0.0319,93.1922,-27.6209,0.0000,0.1057,0.1057,-0.0730,0.0000,0.0000,0.0192,0.0077,0.0000
0.2000,1.2591,1.7281,0.0434,0.0038,93.3040,-27.5682,0.0000,0.0965,0.0965,-0.0914,0.0000,0.0000,0.0023,0.0009,0.0000
0.2000,1.0307,1.7481,0.0518,0.0038,93.4175,-27.5186,0.0000,0.0962,0.0962,-0.0871,0.0000,0.0000,0.0023,0.0009,0.0000
0.2000,1.2257,1.7681,0.0602,0.0038,93.5377,-27.4535,0.0000,0.0874,0.0874,-0.0833,0.0000,0.0000,0.0023,0.0009,0.0000
0.2000,1.2282,1.7881,0.0686,0.0038,93.6579,-27.3961,0.0000,0.0801,0.0801,-0.0800,0.0000,0.0000,0.0023,0.0009,0.0000
0.1999,1.3567,1.8081,0.0602,-0.0098,93.7867,-27.3392,0.0000,0.0647,0.0647,-0.0495,0.0000,0.0000,-0.0059,-0.0024,0.0000
0.2000,1.3212,1.8281,0.0518,-0.0098,93.9118,-27.2795,0.0000,0.0627,0.0627,-0.0444,0.0000,0.0000,-0.0059,-0.0024,0.0000
0.2000,1.3958,1.8481,0.0434,-0.0098,94.0389,-27.2202,0.0000,0.0570,0.0570,-0.0394,0.0000,0.0000,-0.0059,-0.0024,0.0000
0.2000,1.3745,1.8681,0.0350,-0.0098,94.1683,-27.1610,0.0000,0.0518,0.0518,-0.0349,0.0000,0.0000,-0.0059,-0.0024,0.0000
0.2000,1.3899,1.8881,0.0266,-0.0098,94.2955,-27.0890,0.0000,0.0586,0.0586,-0.0299,0.0000,0.0000,-0.0059,-0.0024,0.0000
0.1999,1.4109,1.9081,0.0350,0.0022,94.4209,-27.0225,0.0000,0.0602,0.0602,-0.0470,0.0000,0.0000,0.0013,0.0005,0.0000
0.1999,1.4510,1.9281,0.0366,0.0022,94.5669,-26.9428,0.0000,0.0567,0.0567,-0.0476,0.0000,0.0000,0.0013,0.0005,0.0000
0.1999,1.4079,1.9481,0.0339,0.0022,94.7088,-26.8753,0.0000,0.0511,0.0511,-0.0418,0.0000,0.0000,0.0013,0.0005,0.0000
-0.0448,1.6490,1.9236,0.0314,0.0022,94.8469,-26.7908,0.0000,0.0527,0.0527,-0.0411,0.0000,0.0000,0.0013,0.0005,0.0000
0.1998,1.5579,1.9436,0.0230,-0.0106,94.9833,-26.7199,0.0000,0.0566,0.0566,-0.0131,0.0000,0.0000,-0.0064,-0.0025,0.0000
0.2000,1.6049,1.9623,0.0146,-0.0106,95.1236,-26.6427,0.0000,0.0620,0.0620,-0.0084,0.0000,0.0000,-0.0064,-0.0025,0.0000
0.2000,1.5253,1.9823,0.0062,-0.0106,95.2669,-26.5678,0.0000,0.0638,0.0638,-0.0045,0.0000,0.0000,-0.0064,-0.0025,0.0000
0.2000,1.5883,2.0023,-0.0022,-0.0106,95.4033,-26.4878,0.0000,0.0724,0.0724,-0.0013,0.0000,0.0000,-0.0064,-0.0025,0.0000
0.1999,1.6028,2.0168,0.0062,-0.0027,95.5463,-26.4074,0.0000,0.0768,0.0768,-0.0339,0.0000,0.0000,-0.0016,-0.0007,0.0000
0.1999,1.5691,2.0368,0.0087,-0.0027,95.6956,-26.3319,0.0000,0.0695,0.0695,-0.0316,0.0000,0.0000,-0.0016,-0.0007,0.0000
0.1031,1.6267,2.0271,0.0091,-0.0027,95.8581,-26.2529,0.0000,0.0525,0.0525,-0.0351,0.0000,0.0000,-0.0016,-0.0007,0.0000
-0.2000,1.6587,1.9871,0.0155,-0.0027,96.0104,-26.1688,0.0000,0.0483,0.0483,-0.0350,0.0000,0.0000,-0.0016,-0.0007,0.0000
-0.2000,1.7915,1.9471,0.0071,-0.0201,96.1595,-26.0923,0.0000,0.0449,0.0449,0.0037,0.0000,0.0000,-0.0121,-0.0048,0.0000
-0.2000,1.7254,1.9071,-0.0013,-0.0201,96.3215,-26.0051,0.0000,0.0449,0.0449,0.0032,0.0000,0.0000,-0.0121,-0.0048,0.0000
-0.2000,1.6612,1.8720,-0.0097,-0.0201,96.4903,-25.9105,0.0000,0.0502,0.0502,0.0053,0.0000,0.0000,-0.0121,-0.0048,0.0000
-0.2000,1.8240,1.8320,-0.0181,-0.0201,96.6496,-25.8191,0.0000,0.0596,0.0596,0.0091,0.0000,0.0000,-0.0121,-0.0048,0.0000
-0.2000,1.9191,1.7920,-0.0114,-0.0050,96.7969,-25.7242,0.0000,0.0746,0.0746,0.0053,0.0000,0.0000,-0.0030,-0.0012,0.0000
-0.2000,1.8210,1.7520,-0.0198,-0.0050,96.9490,-25.6370,0.0000,0.0785,0.0785,0.0053,0.0000,0.0000,-0.0030,-0.0012,0.0000
-0.2000,1.7377,1.7120,-0.0282,-0.0050,97.1046,-25.5577,0.0000,0.0723,0.0723,0.0035,0.0000,0.0000,-0.0030,-0.0012,0.0000
-0.2000,1.7389,1.6720,-0.0298,-0.0050,97.2572,-25.4708,0.0000,0.0706,0.0706,-0.0027,0.0000,0.0000,-0.0030,-0.0012,0.0000
-0.2000,1.7313,1.6320,-0.0382,-0.0103,97.4117,-25.3904,0.0000,0.0691,0.0691,0.0105,0.0000,0.0000,-0.0062,-0.0025,0.0000
-0.2000,1.7396,1.5920,-0.0466,-0.0103,97.5677,-25.3105,0.0000,0.0657,0.0657,0.0086,0.0000,0.0000,-0.0062,-0.0025,0.0000
-0.2000,1.7287,1.5528,-0.0407,-0.0103,97.7182,-25.2427,0.0000,0.0503,0.0503,0.0024,0.0000,0.0000,-0.0062,-0.0025,0.0000
-0.1999,1.7374,1.5176,-0.0340,-0.0103,97.8707,-25.1735,0.0000,0.0391,0.0391,0.0006,0.0000,0.0000,-0.0062,-0.0025,0.0000
0.1529,1.6393,1.5376,-0.0256,-0.0044,98.0122,-25.1003,0.0000,0.0300,0.0300,-0.0197,0.0000,0.0000,-0.0026,-0.0011,0.0000
0.1609,1.5802,1.5576,-0.0172,-0.0044,98.1356,-25.0354,0.0000,0.0235,0.0235,-0.0268,0.0000,0.0000,-0.0026,-0.0011,0.0000
0.1845,1.5802,1.5776,-0.0088,-0.0044,98.2815,-24.9683,0.0000,0.0136,0.0136,-0.0266,0.0000,0.0000,-0.0026,-0.0011,0.0000
0.2000,1.5914,1.5976,-0.0004,-0.0044,98.4218,-24.9041,0.0000,0.0028,0.0028,-0.0273,0.0000,0.0000,-0.0026,-0.0011,0.0000
0.2000,1.5914,1.6176,0.0079,-0.0044,98.5449,-24.8483,0.0000,-0.0110,-0.0110,-0.0329,0.0000,0.0000,-0.0026,-0.0011,0.0000
0.2000,1.5308,1.6376,0.0054,-0.0099,98.6875,-24.7838,0.0000,-0.0184,-0.0184,-0.0071,0.0000,0.0000,-0.0060,-0.0024,0.0000
0.2000,1.3411,1.6576,0.0107,-0.0099,98.8113,-24.7288,0.0000,-0.0270,-0.0270,-0.0102,0.0000,0.0000,-0.0060,-0.0024,0.0000
0.2000,1.5506,1.6776,0.0142,-0.0099,98.9290,-24.6659,0.0000,-0.0252,-0.0252,-0.0100,0.0000,0.0000,-0.0060,-0.0024,0.0000
0.1999,1.3450,1.6976,0.0157,-0.0099,99.0350,-24.6117,0.0000,-0.0256,-0.0256,-0.0125,0.0000,0.0000,-0.0060,-0.0024,0.0000
0.1999,1.3228,1.7176,0.0124,-0.0099,99.1303,-24.5585,0.0000,-0.0197,-0.0197,-0.0100,0.0000,0.0000,-0.0060,-0.0024,0.0000
0.2000,1.1802,1.7376,0.0064,-0.0099,99.2581,-24.4944,0.0000,-0.0168,-0.0168,-0.0049,0.0000,0.0000,-0.0060,-0.0024,0.0000
0.2000,1.0832,1.7576,0.0049,-0.0099,99.3806,-24.4362,0.0000,-0.0210,-0.0210,-0.0063,0.0000,0.0000,-0.0060,-0.0024,0.0000
0.2000,1.4174,1.7776,0.0133,0.0024,99.4910,-24.4002,0.0000,-0.0428,-0.0428,-0.0230,0.0000,0.0000,0.0015,0.0006,0.0000
0.2000,1.3441,1.7976,0.0217,0.0024,99.6139,-24.3432,0.0000,-0.0461,-0.0461,-0.0184,0.0000,0.0000,0.0015,0.0006,0.0000
0.2000,1.1520,1.8176,0.0301,0.0024,99.7346,-24.2836,0.0000,-0.0465,-0.0465,-0.0154,0.0000,0.0000,0.0015,0.0006,0.0000
0.1999,1.3425,1.8376,0.0318,0.0024,99.8631,-24.2135,0.0000,-0.0442,-0.0442,-0.0125,0.0000,0.0000,0.0015,0.0006,0.0000
0.1999,1.3346,1.8576,0.0291,0.0024,99.9906,-24.1397,0.0000,-0.0372,-0.0372,-0.0105,0.0000,0.0000,0.0015,0.0006,0.0000
0.2000,1.4515,1.8776,0.0207,-0.0051,100.1149,-24.0698,0.0000,-0.0284,-0.0284,0.0143,0.0000,0.0000,-0.0031,-0.0012,0.0000
0.2000,1.4616,1.8976,0.0123,-0.0051,100.2453,-23.9985,0.0000,-0.0216,-0.0216,0.0163,0.0000,0.0000,-0.0031,-0.0012,0.0000
0.2000,1.4144,1.9176,0.0039,-0.0051,100.3728,-23.9288,0.0000,-0.0153,-0.0153,0.0184,0.0000,0.0000,-0.0031,-0.0012,0.0000
0.2000,1.4731,1.9376,-0.0045,-0.0051,100.5049,-23.8619,0.0000,-0.0119,-0.0119,0.0215,0.0000,0.0000,-0.0031,-0.0012,0.0000
0.2000,1.4415,1.9576,-0.0019,0.0059,100.6460,-23.7961,0.0000,-0.0140,-0.0140,0.0371,0.0000,0.0000,0.0036,0.0014,0.0000
0.2000,1.4676,1.9776,-0.0103,0.0059,100.7810,-23.7269,0.0000,-0.0092,-0.0092,0.0383,0.0000,0.0000,0.0036,0.0014,0.0000
0.2000,1.5433,1.9976,-0.0187,0.0059,100.9252,-23.6582,0.0000,-0.0085,-0.0085,0.0387,0.0000,0.0000,0.0036,0.0014,0.0000
0.2000,1.5040,2.0176,-0.0271,0.0059,101.0743,-23.5822,0.0000,-0.0056,-0.0056,0.0392,0.0000,0.0000,0.0036,0.0014,0.0000
0.2000,1.5842,2.0376,-0.0187,0.0128,101.2260,-23.5036,0.0000,-0.0101,-0.0101,-0.0268,0.0000,0.0000,0.0077,0.0031,0.0000
-0.2000,1.6586,1.9976,-0.0103,0.0128,101.3881,-23.4311,0.0000,-0.0296,-0.0296,-0.0296,0.0000,0.0000,0.0077,0.0031,0.0000
-0.2000,1.6942,1.9576,-0.0019,0.0128,101.5331,-23.3609,0.0000,-0.0403,-0.0403,-0.0300,0.0000,0.0000,0.0077,0.0031,0.0000
-0.2000,1.7621,1.9176,-0.0103,-0.0175,101.6823,-23.2778,0.0000,-0.0422,-0.0422,0.0161,0.0000,0.0000,-0.0105,-0.0042,0.0000
0.2000,1.5972,1.9376,-0.0131,-0.0175,101.8357,-23.2067,0.0000,-0.0494,-0.0494,0.0155,0.0000,0.0000,-0.0105,-0.0042,0.0000
-0.2000,1.6927,1.8976,-0.0140,-0.0175,101.9942,-23.1328,0.0000,-0.0547,-0.0547,0.0143,0.0000,0.0000,-0.0105,-0.0042,0.0000
-0.2000,1.6769,1.8576,-0.0147,-0.0175,102.1423,-23.0550,0.0000,-0.0523,-0.0523,0.0137,0.0000,0.0000,-0.0105,-0.0042,0.0000
-0.2000,1.7345,1.8176,-0.0063,-0.0175,102.3177,-22.9752,0.0000,-0.0648,-0.0648,0.0074,0.0000,0.0000,-0.0105,-0.0042,0.0000
0.0050,1.6585,1.7948,0.0021,0.0058,102.4735,-22.8964,0.0000,-0.0610,-0.0610,0.0275,0.0000,0.0000,0.0035,0.0014,0.0000
-0.1999,1.9116,1.7548,0.0009,0.0058,102.6364,-22.8182,0.0000,-0.0614,-0.0614,0.0232,0.0000,0.0000,0.0035,0.0014,0.0000
-0.2000,1.7318,1.7148,-0.0009,0.0058,102.8005,-22.7367,0.0000,-0.0596,-0.0596,0.0248,0.0000,0.0000,0.0035,0.0014,0.0000
-0.2000,1.7921,1.6748,0.0075,0.0192,102.9673,-22.6483,0.0000,-0.0515,-0.0515,-0.0012,0.0000,0.0000,0.0115,0.0046,0.0000
-0.2000,1.8163,1.6348,0.0159,0.0192,103.1314,-22.5618,0.0000,-0.0490,-0.0490,-0.0006,0.0000,0.0000,0.0115,0.0046,0.0000
-0.2000,1.8718,1.5948,0.0243,0.0192,103.2812,-22.4811,0.0000,-0.0465,-0.0465,-0.0015,0.0000,0.0000,0.0115,0.0046,0.0000
-0.2000,1.8389,1.5554,0.0327,0.0192,103.4280,-22.4093,0.0000,-0.0485,-0.0485,-0.0002,0.0000,0.0000,0.0115,0.0046,0.0000
-0.1999,1.6874,1.5198,0.0380,0.0192,103.5703,-22.3441,0.0000,-0.0542,-0.0542,0.0014,0.0000,0.0000,0.0115,0.0046,0.0000
0.1554,1.6197,1.5398,0.0349,0.0078,103.7177,-22.2812,0.0000,-0.0657,-0.0657,-0.0102,0.0000,0.0000,0.0047,0.0019,0.0000
0.2000,1.5522,1.5598,0.0433,0.0078,103.8362,-22.2167,0.0000,-0.0634,-0.0634,-0.0095,0.0000,0.0000,0.0047,0.0019,0.0000
0.1917,1.5883,1.5798,0.0517,0.0078,103.9535,-22.1439,0.0000,-0.0523,-0.0523,-0.0071,0.0000,0.0000,0.0047,0.0019,0.0000
0.1999,1.3378,1.5998,0.0456,0.0078,104.0721,-22.0815,0.0000,-0.0493,-0.0493,-0.0034,0.0000,0.0000,0.0047,0.0019,0.0000
0.1999,1.3695,1.6198,0.0373,0.0078,104.2027,-22.0074,0.0000,-0.0409,-0.0409,0.0028,0.0000,0.0000,0.0047,0.0019,0.0000
0.2000,1.3288,1.6398,0.0290,0.0078,104.3143,-21.9424,0.0000,-0.0343,-0.0343,0.0052,0.0000,0.0000,0.0047,0.0019,0.0000
0.1999,1.4897,1.6598,0.0206,0.0019,104.4308,-21.8785,0.0000,-0.0300,-0.0300,0.0047,0.0000,0.0000,0.0012,0.0005,0.0000
0.2000,1.2813,1.6798,0.0122,0.0019,104.5400,-21.8143,0.0000,-0.0238,-0.0238,0.0073,0.0000,0.0000,0.0012,0.0005,0.0000
0.2000,1.3176,1.6998,0.0038,0.0019,104.6615,-21.7481,0.0000,-0.0194,-0.0194,0.0123,0.0000,0.0000,0.0012,0.0005,0.0000
0.2000,1.2568,1.7198,-0.0043,0.0019,104.7680,-21.6848,0.0000,-0.0141,-0.0141,0.0125,0.0000,0.0000,0.0012,0.0005,0.0000
0.2000,1.3718,1.7398,-0.0110,0.0019,104.8676,-21.6179,0.0000,-0.0009,-0.0009,0.0132,0.0000,0.0000,0.0012,0.0005,0.0000
0.2000,1.2277,1.7598,-0.0174,0.0019,104.9780,-21.5531,0.0000,0.0055,0.0055,0.0170,0.0000,0.0000,0.0012,0.0005,0.0000
0.2000,1.1909,1.7798,-0.0176,0.0015,105.0780,-21.4847,0.0000,0.0170,0.0170,0.0124,0.0000,0.0000,0.0009,0.0004,0.0000
0.2000,1.2695,1.7998,-0.0189,0.0015,105.1886,-21.4219,0.0000,0.0211,0.0211,0.0136,0.0000,0.0000,0.0009,0.0004,0.0000
0.2000,1.2002,1.8198,-0.0179,0.0015,105.3105,-21.3675,0.0000,0.0111,0.0111,0.0142,0.0000,0.0000,0.0009,0.0004,0.0000
0.2000,1.2610,1.8398,-0.0167,0.0015,105.4288,-21.3070,0.0000,0.0084,0.0084,0.0137,0.0000,0.0000,0.0009,0.0004,0.0000
0.2000,1.3231,1.8598,-0.0149,0.0015,105.5503,-21.2433,0.0000,0.0063,0.0063,0.0123,0.0000,0.0000,0.0009,0.0004,0.0000
0.2000,1.3173,1.8798,-0.0226,0.0021,105.6716,-21.1783,0.0000,0.0071,0.0071,0.0336,0.0000,0.0000,0.0013,0.0005,0.0000
0.2000,1.3610,1.8998,-0.0310,0.0021,105.8043,-21.1200,0.0000,-0.0011,-0.0011,0.0327,0.0000,0.0000,0.0013,0.0005,0.0000
0.1999,1.3638,1.9198,-0.0300,0.0021,105.9381,-21.0638,0.0000,-0.0124,-0.0124,0.0316,0.0000,0.0000,0.0013,0.0005,0.0000
0.1999,1.4378,1.9398,-0.0281,0.0021,106.0711,-21.0017,0.0000,-0.0170,-0.0170,0.0308,0.0000,0.0000,0.0013,0.0005,0.0000
0.1999,1.4381,1.9598,-0.0200,0.0140,106.2002,-20.9406,0.0000,-0.0220,-0.0220,0.0388,0.0000,0.0000,0.0084,0.0034,0.0000
0.1999,1.4559,1.9798,-0.0185,0.0140,106.3322,-20.8760,0.0000,-0.0249,-0.0249,0.0357,0.0000,0.0000,0.0084,0.0034,0.0000
0.1999,1.4175,1.9998,-0.0101,0.0140,106.4768,-20.7841,0.0000,-0.0195,-0.0195,0.0190,0.0000,0.0000,0.0084,0.0034,0.0000
0.2000,1.4582,2.0198,-0.0056,0.0140,106.6259,-20.7137,0.0000,-0.0206,-0.0206,0.0216,0.0000,0.0000,0.0084,0.0034,0.0000
-0.0718,1.6942,1.9926,0.0028,0.0208,106.7632,-20.6435,0.0000,-0.0181,-0.0181,-0.0004,0.0000,0.0000,0.0125,0.0050,0.0000
0.2000,1.6340,2.0126,0.0112,0.0208,106.9204,-20.5776,0.0000,-0.0369,-0.0369,-0.0053,0.0000,0.0000,0.0125,0.0050,0.0000
0.2000,1.5288,2.0326,0.0196,0.0208,107.0694,-20.5085,0.0000,-0.0432,-0.0432,-0.0032,0.0000,0.0000,0.0125,0.0050,0.0000
-0.0638,1.6924,2.0062,0.0280,0.0208,107.2290,-20.4371,0.0000,-0.0576,-0.0576,-0.0068,0.0000,0.0000,0.0125,0.0050,0.0000
0.2001,1.6276,2.0262,0.0268,0.0111,107.3886,-20.3546,0.0000,-0.0581,-0.0581,-0.0117,0.0000,0.0000,0.0067,0.0027,0.0000
-0.2000,1.7347,1.9862,0.0333,0.0111,107.5433,-20.2746,0.0000,-0.0561,-0.0561,-0.0062,0.0000,0.0000,0.0067,0.0027,0.0000
-0.2000,1.7818,1.9462,0.0338,0.0111,107.6994,-20.1883,0.0000,-0.0496,-0.0496,-0.0018,0.0000,0.0000,0.0067,0.0027,0.0000
-0.2000,1.7262,1.9062,0.0282,0.0111,107.8541,-20.0991,0.0000,-0.0405,-0.0405,0.0018,0.0000,0.0000,0.0067,0.0027,0.0000
-0.2000,1.7695,1.8662,0.0352,0.0097,107.9968,-20.0034,0.0000,-0.0280,-0.0280,-0.0418,0.0000,0.0000,0.0059,0.0023,0.0000
-0.2000,1.7713,1.8262,0.0436,0.0097,108.1584,-19.9248,0.0000,-0.0410,-0.0410,-0.0399,0.0000,0.0000,0.0059,0.0023,0.0000
-0.0325,1.7034,1.8078,0.0520,0.0097,108.3106,-19.8395,0.0000,-0.0384,-0.0384,-0.0337,0.0000,0.0000,0.0059,0.0023,0.0000
-0.2000,1.7813,1.7678,0.0604,0.0097,108.4764,-19.7504,0.0000,-0.0458,-0.0458,-0.0320,0.0000,0.0000,0.0059,0.0023,0.0000
-0.2000,1.7309,1.7278,0.0520,-0.0123,108.6327,-19.6668,0.0000,-0.0434,-0.0434,0.0042,0.0000,0.0000,-0.0074,-0.0030,0.0000
-0.2000,1.8659,1.6878,0.0437,-0.0123,108.7934,-19.5862,0.0000,-0.0447,-0.0447,0.0102,0.0000,0.0000,-0.0074,-0.0030,0.0000
-0.2000,1.7572,1.6478,0.0353,-0.0123,108.9402,-19.5000,0.0000,-0.0346,-0.0346,0.0170,0.0000,0.0000,-0.0074,-0.0030,0.0000
-0.2000,1.7815,1.6078,0.0269,-0.0123,109.0729,-19.3980,0.0000,-0.0067,-0.0067,0.0199,0.0000,0.0000,-0.0074,-0.0030,0.0000
0.2000,1.6886,1.6278,0.0329,0.0021,109.2163,-19.3100,0.0000,0.0063,0.0063,0.0350,0.0000,0.0000,0.0013,0.0005,0.0000
0.1892,1.6610,1.6478,0.0245,0.0021,109.3565,-19.2126,0.0000,0.0287,0.0287,0.0396,0.0000,0.0000,0.0013,0.0005,0.0000
0.1948,1.6694,1.6678,0.0161,0.0021,109.4874,-19.1253,0.0000,0.0468,0.0468,0.0437,0.0000,0.0000,0.0013,0.0005,0.0000
0.0699,1.6937,1.6764,0.0077,0.0021,109.6181,-19.0406,0.0000,0.0631,0.0631,0.0477,0.0000,0.0000,0.0013,0.0005,0.0000
0.2000,1.5622,1.6964,-0.0007,0.0021,109.7506,-18.9604,0.0000,0.0700,0.0700,0.0509,0.0000,0.0000,0.0013,0.0005,0.0000
0.1999,1.5442,1.7164,-0.0062,0.0051,109.8483,-18.8777,0.0000,0.0919,0.0919,0.0264,0.0000,0.0000,0.0031,0.0012,0.0000
0.1999,1.5356,1.7364,-0.0146,0.0051,109.9778,-18.8082,0.0000,0.0918,0.0918,0.0311,0.0000,0.0000,0.0031,0.0012,0.0000
0.2000,1.2672,1.7564,-0.0229,0.0051,110.1058,-18.7361,0.0000,0.0883,0.0883,0.0331,0.0000,0.0000,0.0031,0.0012,0.0000
0.2000,1.4569,1.7764,-0.0313,0.0051,110.2178,-18.6634,0.0000,0.0947,0.0947,0.0268,0.0000,0.0000,0.0031,0.0012,0.0000
0.2000,1.4555,1.7964,-0.0397,0.0051,110.3288,-18.5897,0.0000,0.1032,0.1032,0.0258,0.0000,0.0000,0.0031,0.0012,0.0000
0.2000,1.3234,1.8164,-0.0481,0.0051,110.4440,-18.5314,0.0000,0.0937,0.0937,0.0236,0.0000,0.0000,0.0031,0.0012,0.0000
0.1999,1.3208,1.8364,-0.0565,-0.0065,110.5732,-18.4645,0.0000,0.0872,0.0872,0.0109,0.0000,0.0000,-0.0039,-0.0016,0.0000
0.1999,1.2808,1.8564,-0.0515,-0.0065,110.6793,-18.3952,0.0000,0.0873,0.0873,0.0018,0.0000,0.0000,-0.0039,-0.0016,0.0000
0.1999,1.4427,1.8764,-0.0483,-0.0065,110.8012,-18.3252,0.0000,0.0871,0.0871,0.0032,0.0000,0.0000,-0.0039,-0.0016,0.0000
0.1999,1.2545,1.8964,-0.0422,-0.0065,110.9312,-18.2550,0.0000,0.0809,0.0809,0.0021,0.0000,0.0000,-0.0039,-0.0016,0.0000
0.2000,1.3940,1.9164,-0.0338,-0.0065,111.0523,-18.2011,0.0000,0.0578,0.0578,-0.0101,0.0000,0.0000,-0.0039,-0.0016,0.0000
0.2000,1.4645,1.9364,-0.0422,-0.0144,111.1914,-18.1316,0.0000,0.0540,0.0540,0.0301,0.0000,0.0000,-0.0087,-0.0035,0.0000
0.2000,1.3224,1.9564,-0.0506,-0.0144,111.3266,-18.0589,0.0000,0.0516,0.0516,0.0289,0.0000,0.0000,-0.0087,-0.0035,0.0000
0.2000,1.5420,1.9764,-0.0590,-0.0144,111.4568,-17.9907,0.0000,0.0526,0.0526,0.0276,0.0000,0.0000,-0.0087,-0.0035,0.0000
0.1999,1.5221,1.9964,-0.0607,-0.0144,111.5872,-17.9169,0.0000,0.0543,0.0543,0.0254,0.0000,0.0000,-0.0087,-0.0035,0.0000
0.2000,1.4574,2.0164,-0.0523,0.0052,111.7171,-17.8482,0.0000,0.0439,0.0439,0.0021,0.0000,0.0000,0.0031,0.0013,0.0000
0.2000,1.4861,2.0364,-0.0439,0.0052,111.8696,-17.7736,0.0000,0.0288,0.0288,-0.0074,0.0000,0.0000,0.0031,0.0013,0.0000
0.2000,1.4591,2.0564,-0.0355,0.0052,112.0175,-17.6994,0.0000,0.0172,0.0172,-0.0149,0.0000,0.0000,0.0031,0.0013,0.0000
-0.0124,1.6854,2.0352,-0.0271,0.0052,112.1634,-17.6388,0.0000,-0.0030,-0.0030,-0.0165,0.0000,0.0000,0.0031,0.0013,0.0000
0.2000,1.6424,2.0533,-0.0253,-0.0014,112.3230,-17.5772,0.0000,-0.0315,-0.0315,-0.0237,0.0000,0.0000,-0.0008,-0.0003,0.0000
0.2000,1.5675,2.0733,-0.0169,-0.0014,112.4701,-17.5040,0.0000,-0.0377,-0.0377,-0.0242,0.0000,0.0000,-0.0008,-0.0003,0.0000
-0.1964,1.7004,2.0337,-0.0085,-0.0014,112.6132,-17.4317,0.0000,-0.0453,-0.0453,-0.0247,0.0000,0.0000,-0.0008,-0.0003,0.0000
0.2000,1.6289,2.0537,-0.0001,-0.0014,112.7774,-17.3449,0.0000,-0.0534,-0.0534,-0.0320,0.0000,0.0000,-0.0008,-0.0003,0.0000
0.1999,1.5894,2.0737,0.0072,-0.0024,112.9407,-17.2697,0.0000,-0.0699,-0.0699,-0.0497,0.0000,0.0000,-0.0015,-0.0006,0.0000
-0.2000,1.8414,2.0337,0.0156,-0.0024,113.0999,-17.1961,0.0000,-0.0886,-0.0886,-0.0475,0.0000,0.0000,-0.0015,-0.0006,0.0000
-0.2000,1.7842,1.9937,0.0240,-0.0024,113.2579,-17.1202,0.0000,-0.0977,-0.0977,-0.0459,0.0000,0.0000,-0.0015,-0.0006,0.0000
-0.2000,1.7377,1.9537,0.0324,-0.0024,113.4150,-17.0269,0.0000,-0.0958,-0.0958,-0.0491,0.0000,0.0000,-0.0015,-0.0006,0.0000
-0.2000,1.7381,1.9137,0.0320,-0.0112,113.5784,-16.9263,0.0000,-0.0883,-0.0883,-0.0476,0.0000,0.0000,-0.0068,-0.0027,0.0000
-0.2000,1.8106,1.8737,0.0404,-0.0112,113.7409,-16.8425,0.0000,-0.0918,-0.0918,-0.0417,0.0000,0.0000,-0.0068,-0.0027,0.0000
-0.2000,1.9023,1.8337,0.0487,-0.0112,113.9064,-16.7596,0.0000,-0.0989,-0.0989,-0.0373,0.0000,0.0000,-0.0068,-0.0027,0.0000
-0.2000,1.8134,1.7937,0.0546,-0.0138,114.0672,-16.6804,0.0000,-0.1038,-0.1038,-0.0277,0.0000,0.0000,-0.0083,-0.0033,0.0000
-0.2000,1.8350,1.7537,0.0630,-0.0138,114.2184,-16.5967,0.0000,-0.1006,-0.1006,-0.0232,0.0000,0.0000,-0.0083,-0.0033,0.0000
-0.2000,1.7144,1.7289,0.0667,-0.0138,114.3715,-16.5047,0.0000,-0.0891,-0.0891,-0.0181,0.0000,0.0000,-0.0083,-0.0033,0.0000
-0.1999,1.7144,1.7065,0.0615,-0.0138,114.5221,-16.4119,0.0000,-0.0773,-0.0773,-0.0132,0.0000,0.0000,-0.0083,-0.0033,0.0000
-0.2000,1.7722,1.6665,0.0535,-0.0134,114.6717,-16.3208,0.0000,-0.0649,-0.0649,0.0263,0.0000,0.0000,-0.0081,-0.0032,0.0000
-0.2000,1.7556,1.6265,0.0453,-0.0134,114.8224,-16.2356,0.0000,-0.0533,-0.0533,0.0316,0.0000,0.0000,-0.0081,-0.0032,0.0000
-0.2000,1.7375,1.5865,0.0369,-0.0134,114.9623,-16.1581,0.0000,-0.0444,-0.0444,0.0365,0.0000,0.0000,-0.0081,-0.0032,0.0000
-0.1999,1.7176,1.5478,0.0285,-0.0134,115.0869,-16.0703,0.0000,-0.0211,-0.0211,0.0393,0.0000,0.0000,-0.0081,-0.0032,0.0000
0.1980,1.5859,1.5678,0.0201,-0.0134,115.2237,-15.9892,0.0000,-0.0091,-0.0091,0.0456,0.0000,0.0000,-0.0081,-0.0032,0.0000
0.2000,1.5127,1.5878,0.0275,0.0025,115.3584,-15.9149,0.0000,-0.0026,-0.0026,0.0350,0.0000,0.0000,0.0015,0.0006,0.0000
0.2000,1.5774,1.6078,0.0191,0.0025,115.4776,-15.8359,0.0000,0.0124,0.0124,0.0352,0.0000,0.0000,0.0015,0.0006,0.0000
0.2000,1.5251,1.6278,0.0108,0.0025,115.5914,-15.7580,0.0000,0.0284,0.0284,0.0377,0.0000,0.0000,0.0015,0.0006,0.0000
0.1999,1.4180,1.6478,0.0024,0.0025,115.7047,-15.6870,0.0000,0.0374,0.0374,0.0399,0.0000,0.0000,0.0015,0.0006,0.0000
0.1999,1.3677,1.6678,-0.0059,0.0025,115.8109,-15.6072,0.0000,0.0569,0.0569,0.0402,0.0000,0.0000,0.0015,0.0006,0.0000
0.1999,1.3262,1.6878,-0.0143,0.0025,115.9371,-15.5401,0.0000,0.0593,0.0593,0.0453,0.0000,0.0000,0.0015,0.0006,0.0000
0.2000,1.3176,1.7078,-0.0227,-0.0068,116.0333,-15.4830,0.0000,0.0621,0.0621,0.0306,0.0000,0.0000,-0.0041,-0.0016,0.0000
0.2000,1.4163,1.7278,-0.0311,-0.0068,116.1386,-15.4225,0.0000,0.0667,0.0667,0.0316,0.0000,0.0000,-0.0041,-0.0016,0.0000
0.2000,1.1091,1.7478,-0.0395,-0.0068,116.2627,-15.3554,0.0000,0.0626,0.0626,0.0344,0.0000,0.0000,-0.0041,-0.0016,0.0000
0.2000,1.2033,1.7678,-0.0479,-0.0068,116.3702,-15.2922,0.0000,0.0661,0.0661,0.0315,0.0000,0.0000,-0.0041,-0.0016,0.0000
0.2000,1.3988,1.7878,-0.0563,-0.0068,116.4795,-15.2322,0.0000,0.0661,0.0661,0.0271,0.0000,0.0000,-0.0041,-0.0016,0.0000
0.2000,1.2364,1.8078,-0.0647,-0.0068,116.5989,-15.1658,0.0000,0.0652,0.0652,0.0281,0.0000,0.0000,-0.0041,-0.0016,0.0000
0.2000,1.2372,1.8278,-0.0731,-0.0142,116.7224,-15.1003,0.0000,0.0631,0.0631,0.0276,0.0000,0.0000,-0.0086,-0.0034,0.0000
0.1999,1.3547,1.8478,-0.0690,-0.0142,116.8403,-15.0468,0.0000,0.0494,0.0494,0.0196,0.0000,0.0000,-0.0086,-0.0034,0.0000
0.1999,1.3854,1.8678,-0.0635,-0.0142,116.9644,-14.9897,0.0000,0.0392,0.0392,0.0184,0.0000,0.0000,-0.0086,-0.0034,0.0000
0.1999,1.2884,1.8878,-0.0558,-0.0142,117.0860,-14.9284,0.0000,0.0322,0.0322,0.0164,0.0000,0.0000,-0.0086,-0.0034,0.0000
0.1999,1.3554,1.9078,-0.0474,-0.0142,117.2091,-14.8707,0.0000,0.0223,0.0223,0.0138,0.0000,0.0000,-0.0086,-0.0034,0.0000
0.1999,1.3506,1.9278,-0.0462,-0.0188,117.3439,-14.8074,0.0000,0.0074,0.0074,0.0189,0.0000,0.0000,-0.0113,-0.0045,0.0000
0.1999,1.3493,1.9478,-0.0418,-0.0188,117.4708,-14.7319,0.0000,0.0122,0.0122,0.0150,0.0000,0.0000,-0.0113,-0.0045,0.0000
0.1999,1.4810,1.9678,-0.0334,-0.0188,117.6020,-14.6541,0.0000,0.0126,0.0126,0.0042,0.0000,0.0000,-0.0113,-0.0045,0.0000
0.2000,1.4633,1.9878,-0.0276,-0.0188,117.7331,-14.5862,0.0000,0.0101,0.0101,0.0026,0.0000,0.0000,-0.0113,-0.0045,0.0000
0.2000,1.5116,2.0078,-0.0192,-0.0164,117.8745,-14.5114,0.0000,0.0028,0.0028,-0.0022,0.0000,0.0000,-0.0099,-0.0040,0.0000
0.2000,1.4632,2.0278,-0.0141,-0.0164,118.0161,-14.4429,0.0000,-0.0028,-0.0028,-0.0034,0.0000,0.0000,-0.0099,-0.0040,0.0000
0.2000,1.5873,2.0478,0.0000,-0.0164,118.1565,-14.3741,0.0000,-0.0081,-0.0081,-0.0050,0.0000,0.0000,-0.0099,-0.0040,0.0000
0.2000,1.5601,2.0678,0.0000,-0.0164,118.3006,-14.2974,0.0000,-0.0140,-0.0140,-0.0142,0.0000,0.0000,-0.0099,-0.0040,0.0000
0.2000,1.5494,2.0878,0.0063,-0.0186,118.4574,-14.2445,0.0000,-0.0464,-0.0464,-0.0141,0.0000,0.0000,-0.0112,-0.0045,0.0000
0.2000,1.6190,2.0924,0.0050,-0.0186,118.6000,-14.1726,0.0000,-0.0438,-0.0438,-0.0095,0.0000,0.0000,-0.0112,-0.0045,0.0000
0.1426,1.6471,2.0712,0.0133,-0.0186,118.7543,-14.0911,0.0000,-0.0429,-0.0429,-0.0114,0.0000,0.0000,-0.0112,-0.0045,0.0000
0.1426,1.5846,2.0912,0.0133,-0.0186,118.9032,-14.0154,0.0000,-0.0395,-0.0395,-0.0074,0.0000,0.0000,-0.0112,-0.0045,0.0000
0.1426,1.7286,2.0512,0.0133,-0.0195,119.0556,-13.9413,0.0000,-0.0382,-0.0382,0.0103,0.0000,0.0000,-0.0118,-0.0047,0.0000
0.2003,1.6571,2.0237,0.0076,-0.0195,119.2223,-13.8554,0.0000,-0.0376,-0.0376,0.0073,0.0000,0.0000,-0.0118,-0.0047,0.0000
-0.1241,1.6798,1.9837,-0.0008,-0.0195,119.3816,-13.7796,0.0000,-0.0367,-0.0367,0.0109,0.0000,0.0000,-0.0118,-0.0047,0.0000
-0.1999,1.8591,1.9437,-0.0073,-0.0194,119.5460,-13.7034,0.0000,-0.0416,-0.0416,0.0043,0.0000,0.0000,-0.0117,-0.0047,0.0000
-0.2000,1.7489,1.9037,-0.0122,-0.0194,119.7049,-13.6245,0.0000,-0.0386,-0.0386,0.0083,0.0000,0.0000,-0.0117,-0.0047,0.0000
-0.2000,1.7974,1.8637,-0.0147,-0.0194,119.8644,-13.5355,0.0000,-0.0315,-0.0315,0.0063,0.0000,0.0000,-0.0117,-0.0047,0.0000
-0.2000,1.7587,1.8237,-0.0145,-0.0194,120.0329,-13.4499,0.0000,-0.0315,-0.0315,0.0047,0.0000,0.0000,-0.0117,-0.0047,0.0000
-0.2000,1.8106,1.7837,-0.0229,-0.0292,120.1935,-13.3647,0.0000,-0.0250,-0.0250,0.0040,0.0000,0.0000,-0.0176,-0.0070,0.0000
-0.2000,1.8746,1.7437,-0.0262,-0.0292,120.3484,-13.2811,0.0000,-0.0185,-0.0185,0.0051,0.0000,0.0000,-0.0176,-0.0070,0.0000
-0.2000,1.8022,1.7037,-0.0274,-0.0292,120.5052,-13.2092,0.0000,-0.0236,-0.0236,0.0063,0.0000,0.0000,-0.0176,-0.0070,0.0000
-0.2000,1.7456,1.6637,-0.0265,-0.0292,120.6564,-13.1402,0.0000,-0.0300,-0.0300,0.0061,0.0000,0.0000,-0.0176,-0.0070,0.0000
-0.2000,1.7097,1.6237,-0.0230,-0.0292,120.8170,-13.0657,0.0000,-0.0372,-0.0372,0.0039,0.0000,0.0000,-0.0176,-0.0070,0.0000
0.2000,1.6476,1.6437,-0.0240,-0.0386,120.9756,-12.9927,0.0000,-0.0511,-0.0511,0.0010,0.0000,0.0000,-0.0232,-0.0093,0.0000
-0.2000,1.7557,1.6037,-0.0163,-0.0386,121.1274,-12.9203,0.0000,-0.0538,-0.0538,0.0001,0.0000,0.0000,-0.0232,-0.0093,0.0000
-0.2000,1.7341,1.5637,-0.0166,-0.0386,121.2633,-12.8525,0.0000,-0.0536,-0.0536,-0.0007,0.0000,0.0000,-0.0232,-0.0093,0.0000
0.0622,1.6669,1.5699,-0.0082,-0.0386,121.3913,-12.7910,0.0000,-0.0610,-0.0610,-0.0082,0.0000,0.0000,-0.0232,-0.0093,0.0000
0.2000,1.5059,1.5899,0.0002,-0.0386,121.5372,-12.7292,0.0000,-0.0699,-0.0699,-0.0091,0.0000,0.0000,-0.0232,-0.0093,0.0000
0.2000,1.4092,1.6099,0.0034,-0.0437,121.6706,-12.6673,0.0000,-0.0739,-0.0739,-0.0207,0.0000,0.0000,-0.0263,-0.0105,0.0000
0.2000,1.5706,1.6299,0.0118,-0.0437,121.7995,-12.6087,0.0000,-0.0874,-0.0874,-0.0284,0.0000,0.0000,-0.0263,-0.0105,0.0000
0.2000,1.4584,1.6499,0.0201,-0.0437,121.9346,-12.5554,0.0000,-0.0979,-0.0979,-0.0267,0.0000,0.0000,-0.0263,-0.0105,0.0000
0.2000,1.4049,1.6699,0.0285,-0.0437,122.0458,-12.4993,0.0000,-0.0984,-0.0984,-0.0283,0.0000,0.0000,-0.0263,-0.0105,0.0000
0.2000,1.4397,1.6899,0.0369,-0.0437,122.1739,-12.4396,0.0000,-0.1008,-0.1008,-0.0248,0.0000,0.0000,-0.0263,-0.0105,0.0000
0.2000,1.2350,1.7099,0.0453,-0.0437,122.2906,-12.3897,0.0000,-0.1068,-0.1068,-0.0256,0.0000,0.0000,-0.0263,-0.0105,0.0000
0.2000,1.4006,1.7299,0.0369,-0.0577,122.4016,-12.3421,0.0000,-0.1071,-0.1071,0.0269,0.0000,0.0000,-0.0348,-0.0139,0.0000
0.2000,1.2591,1.7499,0.0285,-0.0577,122.5225,-12.2869,0.0000,-0.1039,-0.1039,0.0325,0.0000,0.0000,-0.0348,-0.0139,0.0000
0.2000,1.1966,1.7699,0.0201,-0.0577,122.6281,-12.2352,0.0000,-0.0998,-0.0998,0.0336,0.0000,0.0000,-0.0348,-0.0139,0.0000
0.2000,1.3173,1.7899,0.0118,-0.0577,122.7292,-12.1839,0.0000,-0.0894,-0.0894,0.0371,0.0000,0.0000,-0.0348,-0.0139,0.0000
0.2000,1.1663,1.8099,0.0034,-0.0577,122.8379,-12.1200,0.0000,-0.0751,-0.0751,0.0416,0.0000,0.0000,-0.0348,-0.0139,0.0000
0.1999,1.1248,1.8299,-0.0048,-0.0577,122.9684,-12.0576,0.0000,-0.0705,-0.0705,0.0438,0.0000,0.0000,-0.0348,-0.0139,0.0000
0.2000,1.2516,1.8499,0.0024,-0.0420,123.0908,-11.9989,0.0000,-0.0587,-0.0587,0.0706,0.0000,0.0000,-0.0253,-0.0101,0.0000
0.2000,1.4336,1.8699,-0.0060,-0.0420,123.2097,-11.9361,0.0000,-0.0387,-0.0387,0.0716,0.0000,0.0000,-0.0253,-0.0101,0.0000
0.1999,1.3460,1.8899,-0.0144,-0.0420,123.3287,-11.8759,0.0000,-0.0302,-0.0302,0.0737,0.0000,0.0000,-0.0253,-0.0101,0.0000
0.1999,1.3336,1.9099,-0.0228,-0.0420,123.4549,-11.8030,0.0000,-0.0145,-0.0145,0.0689,0.0000,0.0000,-0.0253,-0.0101,0.0000
0.1999,1.3223,1.9299,-0.0277,-0.0386,123.5861,-11.7357,0.0000,-0.0014,-0.0014,0.0732,0.0000,0.0000,-0.0232,-0.0093,0.0000
0.1999,1.4439,1.9499,-0.0359,-0.0386,123.7140,-11.6786,0.0000,0.0071,0.0071,0.0726,0.0000,0.0000,-0.0232,-0.0093,0.0000
0.2000,1.4624,1.9699,-0.0443,-0.0386,123.8512,-11.6172,0.0000,0.0085,0.0085,0.0670,0.0000,0.0000,-0.0232,-0.0093,0.0000
0.2000,1.3883,1.9899,-0.0527,-0.0386,123.9801,-11.5529,0.0000,0.0158,0.0158,0.0657,0.0000,0.0000,-0.0232,-0.0093,0.0000
0.1999,1.4916,2.0099,-0.0611,-0.0463,124.1306,-11.4789,0.0000,0.0257,0.0257,0.0815,0.0000,0.0000,-0.0279,-0.0112,0.0000
0.2000,1.4283,2.0299,-0.0695,-0.0463,124.2685,-11.4140,0.0000,0.0339,0.0339,0.0805,0.0000,0.0000,-0.0279,-0.0112,0.0000
-0.1557,1.6629,1.9943,-0.0779,-0.0463,124.4101,-11.3539,0.0000,0.0409,0.0409,0.0707,0.0000,0.0000,-0.0279,-0.0112,0.0000
0.2000,1.5113,2.0143,-0.0863,-0.0463,124.5669,-11.2809,0.0000,0.0414,0.0414,0.0622,0.0000,0.0000,-0.0279,-0.0112,0.0000
0.2000,1.5270,2.0343,-0.0932,-0.0448,124.7286,-11.2111,0.0000,0.0418,0.0418,0.0819,0.0000,0.0000,-0.0270,-0.0108,0.0000
-0.2000,1.7164,1.9943,-0.1016,-0.0448,124.8719,-11.1593,0.0000,0.0506,0.0506,0.0809,0.0000,0.0000,-0.0270,-0.0108,0.0000
-0.2000,1.7476,1.9543,-0.1100,-0.0448,125.0303,-11.1024,0.0000,0.0398,0.0398,0.0650,0.0000,0.0000,-0.0270,-0.0108,0.0000
0.2000,1.5108,1.9743,-0.1168,-0.0448,125.2065,-11.0520,0.0000,0.0137,0.0137,0.0540,0.0000,0.0000,-0.0270,-0.0108,0.0000
-0.2000,1.6762,1.9343,-0.1192,-0.0388,125.3885,-10.9915,0.0000,0.0072,0.0072,0.0572,0.0000,0.0000,-0.0234,-0.0094,0.0000
-0.1999,1.8236,1.8943,-0.1143,-0.0388,125.5728,-10.9496,0.0000,-0.0171,-0.0171,0.0457,0.0000,0.0000,-0.0234,-0.0094,0.0000
-0.2000,1.9061,1.8543,-0.1059,-0.0388,125.7547,-10.8949,0.0000,-0.0322,-0.0322,0.0334,0.0000,0.0000,-0.0234,-0.0094,0.0000
-0.2000,1.8824,1.8143,-0.1012,-0.0425,125.9178,-10.8439,0.0000,-0.0431,-0.0431,0.0339,0.0000,0.0000,-0.0256,-0.0102,0.0000
-0.2000,1.8889,1.7743,-0.0928,-0.0425,126.0903,-10.7922,0.0000,-0.0573,-0.0573,0.0224,0.0000,0.0000,-0.0256,-0.0102,0.0000
-0.2000,1.6964,1.7343,-0.0845,-0.0425,126.2592,-10.7570,0.0000,-0.0870,-0.0870,0.0113,0.0000,0.0000,-0.0256,-0.0102,0.0000
-0.2000,1.7894,1.6943,-0.0761,-0.0425,126.4427,-10.7053,0.0000,-0.1074,-0.1074,-0.0046,0.0000,0.0000,-0.0256,-0.0102,0.0000
-0.2000,1.7176,1.6543,-0.0677,-0.0425,126.6031,-10.6601,0.0000,-0.1151,-0.1151,-0.0068,0.0000,0.0000,-0.0256,-0.0102,0.0000
-0.2000,1.8949,1.6143,-0.0648,-0.0481,126.7616,-10.6230,0.0000,-0.1373,-0.1373,0.0005,0.0000,0.0000,-0.0290,-0.0116,0.0000
0.1871,1.6534,1.6310,-0.0565,-0.0481,126.9209,-10.5908,0.0000,-0.1547,-0.1547,-0.0028,0.0000,0.0000,-0.0290,-0.0116,0.0000
0.2000,1.6200,1.6510,-0.0482,-0.0481,127.0826,-10.5535,0.0000,-0.1758,-0.1758,-0.0163,0.0000,0.0000,-0.0290,-0.0116,0.0000
0.2000,1.6130,1.6710,-0.0398,-0.0481,127.2382,-10.5158,0.0000,-0.1862,-0.1862,-0.0192,0.0000,0.0000,-0.0290,-0.0116,0.0000
0.1769,1.6501,1.6857,-0.0324,-0.0491,127.4009,-10.4776,0.0000,-0.2012,-0.2012,-0.0351,0.0000,0.0000,-0.0296,-0.0119,0.0000
0.1999,1.5877,1.7057,-0.0240,-0.0491,127.5493,-10.4475,0.0000,-0.2193,-0.2193,-0.0403,0.0000,0.0000,-0.0296,-0.0119,0.0000
0.0644,1.6584,1.7077,-0.0156,-0.0491,127.6971,-10.4186,0.0000,-0.2467,-0.2467,-0.0522,0.0000,0.0000,-0.0296,-0.0119,0.0000
0.1999,1.5030,1.7277,-0.0072,-0.0491,127.8460,-10.3906,0.0000,-0.2595,-0.2595,-0.0519,0.0000,0.0000,-0.0296,-0.0119,0.0000
0.1999,1.4978,1.7477,0.0012,-0.0491,127.9761,-10.3610,0.0000,-0.2748,-0.2748,-0.0589,0.0000,0.0000,-0.0296,-0.0119,0.0000
0.1999,1.5016,1.7677,0.0096,-0.0491,128.1001,-10.3373,0.0000,-0.2900,-0.2900,-0.0605,0.0000,0.0000,-0.0296,-0.0119,0.0000
0.1999,1.3242,1.7877,0.0021,-0.0651,128.2358,-10.2986,0.0000,-0.2840,-0.2840,-0.0132,0.0000,0.0000,-0.0393,-0.0157,0.0000
0.1999,1.2526,1.8077,0.0105,-0.0651,128.3684,-10.2593,0.0000,-0.2785,-0.2785,-0.0125,0.0000,0.0000,-0.0393,-0.0157,0.0000
0.1999,1.3989,1.8277,0.0189,-0.0651,128.5020,-10.2231,0.0000,-0.2775,-0.2775,-0.0115,0.0000,0.0000,-0.0393,-0.0157,0.0000
0.1999,1.3719,1.8477,0.0273,-0.0651,128.6278,-10.1900,0.0000,-0.2793,-0.2793,-0.0148,0.0000,0.0000,-0.0393,-0.0157,0.0000
0.1999,1.3720,1.8677,0.0356,-0.0651,128.7730,-10.1591,0.0000,-0.2840,-0.2840,-0.0118,0.0000,0.0000,-0.0393,-0.0157,0.0000
0.2000,1.2903,1.8877,0.0382,-0.0542,128.9183,-10.1251,0.0000,-0.2837,-0.2837,0.0210,0.0000,0.0000,-0.0327,-0.0131,0.0000
0.2000,1.4710,1.9077,0.0298,-0.0542,129.0594,-10.0853,0.0000,-0.2720,-0.2720,0.0245,0.0000,0.0000,-0.0327,-0.0131,0.0000
0.1999,1.4781,1.9277,0.0234,-0.0542,129.2016,-10.0452,0.0000,-0.2618,-0.2618,0.0285,0.0000,0.0000,-0.0327,-0.0131,0.0000
0.1999,1.4556,1.9477,0.0180,-0.0542,129.3548,-10.0039,0.0000,-0.2533,-0.2533,0.0325,0.0000,0.0000,-0.0327,-0.0131,0.0000
0.1999,1.4649,1.9677,0.0135,-0.0503,129.5051,-9.9639,0.0000,-0.2454,-0.2454,0.0418,0.0000,0.0000,-0.0303,-0.0121,0.0000
0.2000,1.5740,1.9877,0.0052,-0.0503,129.6532,-9.9250,0.0000,-0.2356,-0.2356,0.0442,0.0000,0.0000,-0.0303,-0.0121,0.0000
0.2000,1.5419,2.0077,-0.0025,-0.0503,129.8016,-9.8862,0.0000,-0.2287,-0.2287,0.0468,0.0000,0.0000,-0.0303,-0.0121,0.0000
0.2000,1.5181,2.0277,-0.0085,-0.0503,129.9462,-9.8446,0.0000,-0.2195,-0.2195,0.0475,0.0000,0.0000,-0.0303,-0.0121,0.0000
0.2000,1.5207,2.0477,-0.0134,-0.0503,130.0973,-9.8048,0.0000,-0.2124,-0.2124,0.0491,0.0000,0.0000,-0.0303,-0.0121,0.0000
0.1999,1.4926,2.0677,-0.0218,-0.0565,130.2535,-9.7610,0.0000,-0.1982,-0.1982,0.0924,0.0000,0.0000,-0.0341,-0.0136,0.0000
0.1999,1.5485,2.0877,-0.0301,-0.0565,130.4104,-9.7178,0.0000,-0.1812,-0.1812,0.0917,0.0000,0.0000,-0.0341,-0.0136,0.0000
0.1999,1.6081,2.0981,-0.0385,-0.0565,130.5727,-9.6795,0.0000,-0.1707,-0.1707,0.0899,0.0000,0.0000,-0.0341,-0.0136,0.0000
0.1999,1.6136,2.1034,-0.0353,-0.0450,130.7400,-9.6414,0.0000,-0.1649,-0.1649,0.0888,0.0000,0.0000,-0.0271,-0.0108,0.0000
-0.1264,1.7016,2.0634,-0.0437,-0.0450,130.9138,-9.6047,0.0000,-0.1630,-0.1630,0.0795,0.0000,0.0000,-0.0271,-0.0108,0.0000
-0.2000,1.7016,2.0234,-0.0521,-0.0450,131.0760,-9.5666,0.0000,-0.1580,-0.1580,0.0745,0.0000,0.0000,-0.0271,-0.0108,0.0000
-0.2000,1.7640,1.9834,-0.0603,-0.0450,131.2486,-9.5285,0.0000,-0.1490,-0.1490,0.0734,0.0000,0.0000,-0.0271,-0.0108,0.0000
0.1870,1.6523,1.9644,-0.0687,-0.0546,131.4320,-9.4883,0.0000,-0.1523,-0.1523,0.1207,0.0000,0.0000,-0.0330,-0.0132,0.0000
-0.2000,1.7530,1.9244,-0.0771,-0.0546,131.6164,-9.4575,0.0000,-0.1398,-0.1398,0.1177,0.0000,0.0000,-0.0330,-0.0132,0.0000
-0.2000,1.8635,1.8844,-0.0855,-0.0546,131.8008,-9.4200,0.0000,-0.1290,-0.1290,0.1053,0.0000,0.0000,-0.0330,-0.0132,0.0000
-0.2000,1.8549,1.8444,-0.0938,-0.0546,131.9809,-9.3919,0.0000,-0.1253,-0.1253,0.1023,0.0000,0.0000,-0.0330,-0.0132,0.0000
-0.2000,1.8687,1.8044,-0.0854,-0.0379,132.1657,-9.3540,0.0000,-0.1221,-0.1221,0.0846,0.0000,0.0000,-0.0229,-0.0091,0.0000
-0.2000,1.8083,1.7644,-0.0784,-0.0379,132.3427,-9.3327,0.0000,-0.1361,-0.1361,0.0720,0.0000,0.0000,-0.0229,-0.0091,0.0000
-0.2000,1.8719,1.7244,-0.0700,-0.0379,132.5265,-9.3177,0.0000,-0.1521,-0.1521,0.0603,0.0000,0.0000,-0.0229,-0.0091,0.0000
-0.2000,1.7735,1.6844,-0.0616,-0.0379,132.7038,-9.2962,0.0000,-0.1590,-0.1590,0.0558,0.0000,0.0000,-0.0229,-0.0091,0.0000
-0.2000,1.8359,1.6444,-0.0700,-0.0514,132.8692,-9.2672,0.0000,-0.1526,-0.1526,0.0845,0.0000,0.0000,-0.0310,-0.0124,0.0000
-0.2000,1.7719,1.6044,-0.0760,-0.0514,133.0275,-9.2503,0.0000,-0.1601,-0.1601,0.0741,0.0000,0.0000,-0.0310,-0.0124,0.0000
0.0355,1.6658,1.6079,-0.0680,-0.0514,133.1637,-9.2215,0.0000,-0.1559,-0.1559,0.0621,0.0000,0.0000,-0.0310,-0.0124,0.0000
0.2000,1.5824,1.6279,-0.0596,-0.0514,133.3185,-9.2061,0.0000,-0.1570,-0.1570,0.0600,0.0000,0.0000,-0.0310,-0.0124,0.0000
0.2000,1.3781,1.6479,-0.0512,-0.0514,133.4813,-9.1999,0.0000,-0.1774,-0.1774,0.0488,0.0000,0.0000,-0.0310,-0.0124,0.0000
0.2000,1.5417,1.6679,-0.0428,-0.0405,133.6291,-9.1930,0.0000,-0.1865,-0.1865,0.0268,0.0000,0.0000,-0.0244,-0.0098,0.0000
0.2000,1.6226,1.6879,-0.0344,-0.0405,133.7790,-9.1798,0.0000,-0.1881,-0.1881,0.0241,0.0000,0.0000,-0.0244,-0.0098,0.0000
0.2000,1.4702,1.7079,-0.0260,-0.0405,133.9188,-9.1660,0.0000,-0.1953,-0.1953,0.0156,0.0000,0.0000,-0.0244,-0.0098,0.0000
0.2000,1.4926,1.7279,-0.0177,-0.0405,134.0371,-9.1617,0.0000,-0.2069,-0.2069,0.0085,0.0000,0.0000,-0.0244,-0.0098,0.0000
0.2000,1.3943,1.7479,-0.0093,-0.0405,134.1743,-9.1460,0.0000,-0.2045,-0.2045,0.0083,0.0000,0.0000,-0.0244,-0.0098,0.0000
0.2000,1.1770,1.7679,-0.0009,-0.0405,134.3099,-9.1300,0.0000,-0.2034,-0.2034,0.0058,0.0000,0.0000,-0.0244,-0.0098,0.0000
0.2000,1.3686,1.7879,-0.0093,-0.0582,134.4451,-9.1162,0.0000,-0.1986,-0.1986,0.0328,0.0000,0.0000,-0.0351,-0.0140,0.0000
0.2000,1.3538,1.8079,-0.0009,-0.0582,134.5649,-9.0984,0.0000,-0.1912,-0.1912,0.0289,0.0000,0.0000,-0.0351,-0.0140,0.0000
0.2000,1.3472,1.8279,-0.0008,-0.0582,134.6973,-9.0845,0.0000,-0.1844,-0.1844,0.0309,0.0000,0.0000,-0.0351,-0.0140,0.0000
0.2000,1.2002,1.8479,-0.0066,-0.0582,134.8333,-9.0679,0.0000,-0.1784,-0.1784,0.0313,0.0000,0.0000,-0.0351,-0.0140,0.0000
0.2000,1.3202,1.8679,-0.0085,-0.0582,134.9684,-9.0595,0.0000,-0.1765,-0.1765,0.0313,0.0000,0.0000,-0.0351,-0.0140,0.0000
0.2000,1.3585,1.8879,-0.0138,-0.0551,135.1035,-9.0414,0.0000,-0.1634,-0.1634,0.0557,0.0000,0.0000,-0.0332,-0.0133,0.0000
0.2000,1.3421,1.9079,-0.0221,-0.0551,135.2389,-9.0282,0.0000,-0.1555,-0.1555,0.0562,0.0000,0.0000,-0.0332,-0.0133,0.0000
0.2000,1.3507,1.9279,-0.0305,-0.0551,135.3826,-9.0169,0.0000,-0.1503,-0.1503,0.0552,0.0000,0.0000,-0.0332,-0.0133,0.0000
0.2000,1.3489,1.9479,-0.0389,-0.0551,135.5234,-9.0105,0.0000,-0.1501,-0.1501,0.0539,0.0000,0.0000,-0.0332,-0.0133,0.0000
0.2000,1.4295,1.9679,-0.0459,-0.0538,135.6714,-8.9946,0.0000,-0.1402,-0.1402,0.0460,0.0000,0.0000,-0.0325,-0.0130,0.0000
0.2000,1.3983,1.9879,-0.0538,-0.0538,135.8189,-8.9610,0.0000,-0.1191,-0.1191,0.0382,0.0000,0.0000,-0.0325,-0.0130,0.0000
0.2000,1.4756,2.0079,-0.0574,-0.0538,135.9677,-8.9434,0.0000,-0.1085,-0.1085,0.0353,0.0000,0.0000,-0.0325,-0.0130,0.0000
0.2000,1.4941,2.0279,-0.0559,-0.0538,136.1248,-8.9307,0.0000,-0.1069,-0.1069,0.0291,0.0000,0.0000,-0.0325,-0.0130,0.0000
0.2000,1.4861,2.0479,-0.0484,-0.0538,136.2841,-8.9198,0.0000,-0.1091,-0.1091,0.0211,0.0000,0.0000,-0.0325,-0.0130,0.0000
0.2000,1.5628,2.0495,-0.0568,-0.0692,136.4576,-8.9028,0.0000,-0.1031,-0.1031,0.0399,0.0000,0.0000,-0.0417,-0.0167,0.0000
0.2000,1.5832,2.0318,-0.0645,-0.0692,136.6232,-8.8865,0.0000,-0.0941,-0.0941,0.0326,0.0000,0.0000,-0.0417,-0.0167,0.0000
-0.2000,1.7270,1.9918,-0.0673,-0.0692,136.7974,-8.8785,0.0000,-0.0919,-0.0919,0.0256,0.0000,0.0000,-0.0417,-0.0167,0.0000
-0.2000,1.6488,1.9518,-0.0730,-0.0664,136.9636,-8.8728,0.0000,-0.0944,-0.0944,0.0576,0.0000,0.0000,-0.0401,-0.0160,0.0000
-0.2000,1.7286,1.9118,-0.0808,-0.0664,137.1409,-8.8687,0.0000,-0.0931,-0.0931,0.0461,0.0000,0.0000,-0.0401,-0.0160,0.0000
-0.2000,1.6494,1.8718,-0.0724,-0.0664,137.3147,-8.8698,0.0000,-0.0989,-0.0989,0.0365,0.0000,0.0000,-0.0401,-0.0160,0.0000
-0.2000,1.7589,1.8318,-0.0682,-0.0664,137.4894,-8.8635,0.0000,-0.0944,-0.0944,0.0267,0.0000,0.0000,-0.0401,-0.0160,0.0000
-0.2000,1.7250,1.7918,-0.0694,-0.0593,137.6662,-8.8574,0.0000,-0.0909,-0.0909,0.0719,0.0000,0.0000,-0.0358,-0.0143,0.0000
-0.2000,1.7322,1.7518,-0.0778,-0.0593,137.8462,-8.8700,0.0000,-0.0988,-0.0988,0.0588,0.0000,0.0000,-0.0358,-0.0143,0.0000
-0.2000,1.7529,1.7118,-0.0835,-0.0593,138.0156,-8.8659,0.0000,-0.0875,-0.0875,0.0496,0.0000,0.0000,-0.0358,-0.0143,0.0000
-0.2000,1.7929,1.6718,-0.0767,-0.0593,138.2059,-8.8761,0.0000,-0.0904,-0.0904,0.0383,0.0000,0.0000,-0.0358,-0.0143,0.0000
-0.2000,1.6782,1.6318,-0.0683,-0.0416,138.3839,-8.8888,0.0000,-0.0980,-0.0980,0.0409,0.0000,0.0000,-0.0251,-0.0100,0.0000
-0.2000,1.8911,1.5918,-0.0599,-0.0416,138.5630,-8.9091,0.0000,-0.1066,-0.1066,0.0295,0.0000,0.0000,-0.0251,-0.0100,0.0000
-0.2000,1.7712,1.5526,-0.0515,-0.0416,138.7459,-8.9348,0.0000,-0.1248,-0.1248,0.0192,0.0000,0.0000,-0.0251,-0.0100,0.0000
-0.2000,1.7903,1.5173,-0.0431,-0.0416,138.9167,-8.9464,0.0000,-0.1269,-0.1269,0.0104,0.0000,0.0000,-0.0251,-0.0100,0.0000
-0.2000,1.8356,1.4856,-0.0386,-0.0456,139.0673,-8.9570,0.0000,-0.1305,-0.1305,-0.0049,0.0000,0.0000,-0.0275,-0.0110,0.0000
-0.2000,1.6970,1.4570,-0.0302,-0.0456,139.2168,-8.9602,0.0000,-0.1263,-0.1263,-0.0129,0.0000,0.0000,-0.0275,-0.0110,0.0000
0.1761,1.4960,1.4770,-0.0218,-0.0456,139.3591,-8.9738,0.0000,-0.1284,-0.1284,-0.0171,0.0000,0.0000,-0.0275,-0.0110,0.0000
0.2000,1.4803,1.4970,-0.0135,-0.0456,139.4911,-8.9968,0.0000,-0.1414,-0.1414,-0.0203,0.0000,0.0000,-0.0275,-0.0110,0.0000
0.2000,1.4173,1.5170,-0.0051,-0.0456,139.6175,-9.0121,0.0000,-0.1479,-0.1479,-0.0255,0.0000,0.0000,-0.0275,-0.0110,0.0000
0.2000,1.3291,1.5370,0.0033,-0.0456,139.7569,-9.0207,0.0000,-0.1459,-0.1459,-0.0308,0.0000,0.0000,-0.0275,-0.0110,0.0000
0.1999,1.2629,1.5570,0.0117,-0.0456,139.8601,-9.0251,0.0000,-0.1374,-0.1374,-0.0270,0.0000,0.0000,-0.0275,-0.0110,0.0000
0.2000,1.3830,1.5770,0.0046,-0.0611,139.9994,-9.0352,0.0000,-0.1341,-0.1341,0.0027,0.0000,0.0000,-0.0369,-0.0148,0.0000
0.1999,1.0262,1.5970,0.0025,-0.0611,140.1150,-9.0519,0.0000,-0.1327,-0.1327,0.0100,0.0000,0.0000,-0.0369,-0.0148,0.0000
0.1999,1.3839,1.6170,0.0019,-0.0611,140.2361,-9.0449,0.0000,-0.1100,-0.1100,0.0081,0.0000,0.0000,-0.0369,-0.0148,0.0000
0.1999,1.1578,1.6370,-0.0040,-0.0611,140.3620,-9.0432,0.0000,-0.0950,-0.0950,0.0050,0.0000,0.0000,-0.0369,-0.0148,0.0000
0.1999,1.2006,1.6570,-0.0115,-0.0611,140.4751,-9.0587,0.0000,-0.0934,-0.0934,0.0091,0.0000,0.0000,-0.0369,-0.0148,0.0000
0.1999,1.2469,1.6770,-0.0195,-0.0611,140.5857,-9.0651,0.0000,-0.0858,-0.0858,0.0088,0.0000,0.0000,-0.0369,-0.0148,0.0000
0.2000,1.1320,1.6970,-0.0237,-0.0569,140.6963,-9.0747,0.0000,-0.0811,-0.0811,0.0234,0.0000,0.0000,-0.0343,-0.0137,0.0000
0.2000,1.0981,1.7170,-0.0321,-0.0569,140.8220,-9.0764,0.0000,-0.0673,-0.0673,0.0200,0.0000,0.0000,-0.0343,-0.0137,0.0000
0.2000,1.1003,1.7370,-0.0405,-0.0569,140.9473,-9.0746,0.0000,-0.0490,-0.0490,0.0181,0.0000,0.0000,-0.0343,-0.0137,0.0000
0.2000,1.2447,1.7570,-0.0489,-0.0569,141.0772,-9.0826,0.0000,-0.0391,-0.0391,0.0151,0.0000,0.0000,-0.0343,-0.0137,0.0000
0.2000,1.2411,1.7770,-0.0555,-0.0569,141.2048,-9.0927,0.0000,-0.0334,-0.0334,0.0117,0.0000,0.0000,-0.0343,-0.0137,0.0000
0.2000,1.2902,1.7970,-0.0639,-0.0626,141.3397,-9.1056,0.0000,-0.0287,-0.0287,0.0209,0.0000,0.0000,-0.0378,-0.0151,0.0000
0.2000,1.2682,1.8170,-0.0718,-0.0626,141.4729,-9.1117,0.0000,-0.0174,-0.0174,0.0164,0.0000,0.0000,-0.0378,-0.0151,0.0000
0.2000,1.3425,1.8370,-0.0732,-0.0626,141.6037,-9.1161,0.0000,-0.0040,-0.0040,0.0119,0.0000,0.0000,-0.0378,-0.0151,0.0000
0.2000,1.3207,1.8570,-0.0685,-0.0626,141.7449,-9.1301,0.0000,-0.0020,-0.0020,0.0033,0.0000,0.0000,-0.0378,-0.0151,0.0000
0.2000,1.2951,1.8770,-0.0601,-0.0626,141.8865,-9.1473,0.0000,-0.0034,-0.0034,-0.0063,0.0000,0.0000,-0.0378,-0.0151,0.0000
0.2000,1.4058,1.8970,-0.0685,-0.0704,142.0289,-9.1684,0.0000,-0.0026,-0.0026,0.0393,0.0000,0.0000,-0.0425,-0.0170,0.0000
0.2000,1.4136,1.9170,-0.0769,-0.0704,142.1692,-9.1953,0.0000,-0.0056,-0.0056,0.0312,0.0000,0.0000,-0.0425,-0.0170,0.0000
0.2000,1.4265,1.9370,-0.0853,-0.0704,142.3097,-9.2328,0.0000,-0.0176,-0.0176,0.0251,0.0000,0.0000,-0.0425,-0.0170,0.0000
0.2000,1.4182,1.9570,-0.0827,-0.0704,142.4614,-9.2538,0.0000,-0.0148,-0.0148,0.0143,0.0000,0.0000,-0.0425,-0.0170,0.0000
0.2000,1.4437,1.9770,-0.0743,-0.0572,142.6170,-9.2703,0.0000,-0.0058,-0.0058,0.0156,0.0000,0.0000,-0.0345,-0.0138,0.0000
0.2000,1.5172,1.9970,-0.0667,-0.0572,142.7663,-9.2923,0.0000,-0.0015,-0.0015,0.0062,0.0000,0.0000,-0.0345,-0.0138,0.0000
0.2000,1.5470,2.0020,-0.0583,-0.0572,142.9184,-9.3213,0.0000,-0.0038,-0.0038,-0.0029,0.0000,0.0000,-0.0345,-0.0138,0.0000
0.2000,1.4945,2.0220,-0.0499,-0.0572,143.0766,-9.3558,0.0000,-0.0086,-0.0086,-0.0102,0.0000,0.0000,-0.0345,-0.0138,0.0000
0.2000,1.5353,2.0341,-0.0583,-0.0626,143.2500,-9.3903,0.0000,-0.0117,-0.0117,0.0138,0.0000,0.0000,-0.0377,-0.0151,0.0000
-0.1208,1.6052,1.9941,-0.0644,-0.0626,143.4154,-9.4253,0.0000,-0.0094,-0.0094,0.0070,0.0000,0.0000,-0.0377,-0.0151,0.0000
-0.2000,1.7512,1.9541,-0.0608,-0.0626,143.5767,-9.4552,0.0000,-0.0054,-0.0054,-0.0017,0.0000,0.0000,-0.0377,-0.0151,0.0000
-0.2000,1.6761,1.9141,-0.0567,-0.0626,143.7538,-9.4928,0.0000,-0.0021,-0.0021,-0.0067,0.0000,0.0000,-0.0377,-0.0151,0.0000
-0.2000,1.6242,1.8741,-0.0614,-0.0588,143.9276,-9.5357,0.0000,-0.0049,-0.0049,0.0133,0.0000,0.0000,-0.0355,-0.0142,0.0000
-0.2000,1.7944,1.8341,-0.0627,-0.0588,144.0958,-9.5678,0.0000,0.0027,0.0027,0.0035,0.0000,0.0000,-0.0355,-0.0142,0.0000
-0.2000,1.7740,1.7941,-0.0580,-0.0588,144.2590,-9.6143,0.0000,-0.0023,-0.0023,-0.0023,0.0000,0.0000,-0.0355,-0.0142,0.0000
-0.2000,1.6942,1.7541,-0.0496,-0.0588,144.4281,-9.6541,0.0000,-0.0027,-0.0027,-0.0124,0.0000,0.0000,-0.0355,-0.0142,0.0000
-0.2000,1.6829,1.7141,-0.0546,-0.0569,144.6022,-9.6986,0.0000,-0.0016,-0.0016,0.0009,0.0000,0.0000,-0.0343,-0.0137,0.0000
-0.2000,1.7202,1.6741,-0.0488,-0.0569,144.7655,-9.7396,0.0000,-0.0007,-0.0007,-0.0082,0.0000,0.0000,-0.0343,-0.0137,0.0000
-0.2000,1.7803,1.6341,-0.0404,-0.0569,144.9234,-9.7863,0.0000,-0.0056,-0.0056,-0.0153,0.0000,0.0000,-0.0343,-0.0137,0.0000
-0.2000,1.6681,1.5941,-0.0320,-0.0569,145.0858,-9.8342,0.0000,-0.0084,-0.0084,-0.0218,0.0000,0.0000,-0.0343,-0.0137,0.0000
-0.2000,1.6322,1.5547,-0.0404,-0.0588,145.2449,-9.8705,0.0000,-0.0012,-0.0012,-0.0037,0.0000,0.0000,-0.0354,-0.0142,0.0000
-0.1999,1.6776,1.5192,-0.0433,-0.0588,145.3971,-9.9165,0.0000,-0.0018,-0.0018,-0.0097,0.0000,0.0000,-0.0354,-0.0142,0.0000
-0.1999,1.6151,1.4934,-0.0386,-0.0588,145.5472,-9.9658,0.0000,-0.0050,-0.0050,-0.0150,0.0000,0.0000,-0.0354,-0.0142,0.0000
0.1234,1.5757,1.5134,-0.0302,-0.0588,145.6807,-10.0140,0.0000,-0.0082,-0.0082,-0.0150,0.0000,0.0000,-0.0354,-0.0142,0.0000
0.1438,1.5663,1.5334,-0.0265,-0.0588,145.8074,-10.0542,0.0000,-0.0092,-0.0092,-0.0190,0.0000,0.0000,-0.0354,-0.0142,0.0000
0.2000,1.4075,1.5534,-0.0196,-0.0588,145.9357,-10.1064,0.0000,-0.0195,-0.0195,-0.0230,0.0000,0.0000,-0.0354,-0.0142,0.0000
0.2000,1.3178,1.5734,-0.0280,-0.0607,146.0699,-10.1479,0.0000,-0.0194,-0.0194,0.0037,0.0000,0.0000,-0.0366,-0.0146,0.0000
0.2000,1.3740,1.5934,-0.0364,-0.0607,146.1911,-10.1969,0.0000,-0.0236,-0.0236,0.0027,0.0000,0.0000,-0.0366,-0.0146,0.0000
0.1999,1.3914,1.6134,-0.0448,-0.0607,146.3081,-10.2365,0.0000,-0.0204,-0.0204,0.0020,0.0000,0.0000,-0.0366,-0.0146,0.0000
0.2000,1.2969,1.6334,-0.0473,-0.0607,146.4351,-10.2746,0.0000,-0.0161,-0.0161,-0.0044,0.0000,0.0000,-0.0366,-0.0146,0.0000
0.2000,1.2242,1.6534,-0.0478,-0.0607,146.5505,-10.3141,0.0000,-0.0140,-0.0140,-0.0063,0.0000,0.0000,-0.0366,-0.0146,0.0000
0.2000,1.3132,1.6734,-0.0427,-0.0607,146.6761,-10.3551,0.0000,-0.0132,-0.0132,-0.0129,0.0000,0.0000,-0.0366,-0.0146,0.0000
0.2000,1.2091,1.6934,-0.0460,-0.0556,146.7806,-10.3913,0.0000,-0.0106,-0.0106,0.0067,0.0000,0.0000,-0.0335,-0.0134,0.0000
0.2000,1.3081,1.7134,-0.0504,-0.0556,146.8954,-10.4277,0.0000,-0.0063,-0.0063,-0.0001,0.0000,0.0000,-0.0335,-0.0134,0.0000
0.2000,1.0963,1.7334,-0.0493,-0.0556,147.0139,-10.4702,0.0000,-0.0051,-0.0051,-0.0053,0.0000,0.0000,-0.0335,-0.0134,0.0000
0.2000,1.1926,1.7534,-0.0465,-0.0556,147.1341,-10.5058,0.0000,0.0024,0.0024,-0.0110,0.0000,0.0000,-0.0335,-0.0134,0.0000
0.2000,1.2479,1.7734,-0.0415,-0.0556,147.2494,-10.5454,0.0000,0.0047,0.0047,-0.0158,0.0000,0.0000,-0.0335,-0.0134,0.0000
0.2000,1.2402,1.7934,-0.0361,-0.0556,147.3620,-10.5879,0.0000,0.0040,0.0040,-0.0200,0.0000,0.0000,-0.0335,-0.0134,0.0000
0.2000,1.2066,1.8134,-0.0445,-0.0592,147.4858,-10.6430,0.0000,-0.0015,-0.0015,0.0197,0.0000,0.0000,-0.0357,-0.0143,0.0000
0.2000,1.1936,1.8334,-0.0529,-0.0592,147.6075,-10.6902,0.0000,0.0030,0.0030,0.0163,0.0000,0.0000,-0.0357,-0.0143,0.0000
0.2000,1.3440,1.8534,-0.0613,-0.0592,147.7350,-10.7366,0.0000,0.0112,0.0112,0.0122,0.0000,0.0000,-0.0357,-0.0143,0.0000
0.2000,1.2942,1.8734,-0.0677,-0.0592,147.8650,-10.7917,0.0000,0.0108,0.0108,0.0076,0.0000,0.0000,-0.0357,-0.0143,0.0000
0.2000,1.4000,1.8934,-0.0614,-0.0499,148.0015,-10.8536,0.0000,0.0075,0.0075,0.0105,0.0000,0.0000,-0.0301,-0.0120,0.0000
0.2000,1.4000,1.9134,-0.0588,-0.0499,148.1301,-10.9074,0.0000,0.0077,0.0077,0.0045,0.0000,0.0000,-0.0301,-0.0120,0.0000
0.2000,1.4866,1.9334,-0.0553,-0.0499,148.2740,-10.9773,0.0000,0.0025,0.0025,0.0025,0.0000,0.0000,-0.0301,-0.0120,0.0000
0.2000,1.3816,1.9534,-0.0469,-0.0499,148.4045,-11.0330,0.0000,-0.0000,-0.0000,-0.0062,0.0000,0.0000,-0.0301,-0.0120,0.0000
-0.1084,1.5859,1.9225,-0.0385,-0.0499,148.5376,-11.0902,0.0000,-0.0035,-0.0035,-0.0137,0.0000,0.0000,-0.0301,-0.0120,0.0000
0.2001,1.4062,1.9425,-0.0392,-0.0590,148.6899,-11.1589,0.0000,-0.0046,-0.0046,-0.0239,0.0000,0.0000,-0.0356,-0.0142,0.0000
0.2000,1.4361,1.9625,-0.0308,-0.0590,148.8360,-11.2253,0.0000,-0.0107,-0.0107,-0.0308,0.0000,0.0000,-0.0356,-0.0142,0.0000
-0.2000,1.6565,1.9225,-0.0224,-0.0590,148.9822,-11.2882,0.0000,-0.0164,-0.0164,-0.0368,0.0000,0.0000,-0.0356,-0.0142,0.0000
0.0354,1.5901,1.8896,-0.0140,-0.0590,149.1290,-11.3555,0.0000,-0.0206,-0.0206,-0.0418,0.0000,0.0000,-0.0356,-0.0142,0.0000
0.2000,1.5771,1.8753,-0.0224,-0.0751,149.2813,-11.4221,0.0000,-0.0166,-0.0166,0.0074,0.0000,0.0000,-0.0453,-0.0181,0.0000
-0.2000,1.6003,1.8353,-0.0307,-0.0751,149.4388,-11.4910,0.0000,-0.0049,-0.0049,0.0085,0.0000,0.0000,-0.0453,-0.0181,0.0000
-0.2000,1.6475,1.7953,-0.0391,-0.0751,149.5990,-11.5653,0.0000,0.0018,0.0018,0.0075,0.0000,0.0000,-0.0453,-0.0181,0.0000
-0.2000,1.7039,1.7553,-0.0475,-0.0751,149.7519,-11.6325,0.0000,0.0066,0.0066,0.0010,0.0000,0.0000,-0.0453,-0.0181,0.0000
-0.2000,1.7511,1.7153,-0.0411,-0.0604,149.9062,-11.7027,0.0000,0.0117,0.0117,0.0044,0.0000,0.0000,-0.0364,-0.0146,0.0000
-0.2000,1.6549,1.6753,-0.0495,-0.0604,150.0674,-11.7847,0.0000,0.0133,0.0133,0.0037,0.0000,0.0000,-0.0364,-0.0146,0.0000
-0.2000,1.6791,1.6353,-0.0579,-0.0604,150.2317,-11.8575,0.0000,0.0189,0.0189,-0.0039,0.0000,0.0000,-0.0364,-0.0146,0.0000
-0.2000,1.7936,1.5953,-0.0663,-0.0701,150.3919,-11.9274,0.0000,0.0271,0.0271,0.0160,0.0000,0.0000,-0.0423,-0.0169,0.0000
-0.2000,1.7794,1.5558,-0.0747,-0.0701,150.5427,-11.9931,0.0000,0.0381,0.0381,0.0103,0.0000,0.0000,-0.0423,-0.0169,0.0000
-0.2000,1.7307,1.5202,-0.0831,-0.0701,150.6920,-12.0686,0.0000,0.0397,0.0397,0.0043,0.0000,0.0000,-0.0423,-0.0169,0.0000
-0.1999,1.6290,1.4882,-0.0849,-0.0701,150.8337,-12.1384,0.0000,0.0419,0.0419,-0.0029,0.0000,0.0000,-0.0423,-0.0169,0.0000
-0.1999,1.6582,1.4594,-0.0785,-0.0701,150.9769,-12.2137,0.0000,0.0394,0.0394,-0.0108,0.0000,0.0000,-0.0423,-0.0169,0.0000
-0.2000,1.5643,1.4486,-0.0869,-0.0704,151.1044,-12.2829,0.0000,0.0358,0.0358,0.0504,0.0000,0.0000,-0.0425,-0.0170,0.0000
-0.2000,1.6035,1.4238,-0.0952,-0.0704,151.2225,-12.3719,0.0000,0.0240,0.0240,0.0467,0.0000,0.0000,-0.0425,-0.0170,0.0000
0.2000,1.4380,1.4438,-0.1036,-0.0704,151.3413,-12.4505,0.0000,0.0150,0.0150,0.0404,0.0000,0.0000,-0.0425,-0.0170,0.0000
0.1962,1.4677,1.4638,-0.1120,-0.0704,151.4645,-12.5103,0.0000,0.0272,0.0272,0.0324,0.0000,0.0000,-0.0425,-0.0170,0.0000
0.2000,1.4146,1.4838,-0.1204,-0.0704,151.5863,-12.5787,0.0000,0.0301,0.0301,0.0244,0.0000,0.0000,-0.0425,-0.0170,0.0000
0.2000,1.3547,1.5038,-0.1193,-0.0704,151.6876,-12.6393,0.0000,0.0298,0.0298,0.0181,0.0000,0.0000,-0.0425,-0.0170,0.0000
0.2000,1.3840,1.5238,-0.1109,-0.0458,151.7886,-12.6940,0.0000,0.0339,0.0339,-0.0078,0.0000,0.0000,-0.0276,-0.0110,0.0000
0.2000,1.1698,1.5438,-0.1025,-0.0458,151.8748,-12.7543,0.0000,0.0243,0.0243,-0.0167,0.0000,0.0000,-0.0276,-0.0110,0.0000
0.1999,1.1368,1.5638,-0.0942,-0.0458,151.9772,-12.8327,0.0000,0.0077,0.0077,-0.0255,0.0000,0.0000,-0.0276,-0.0110,0.0000
0.1999,1.0461,1.5838,-0.0858,-0.0458,152.0796,-12.9020,0.0000,-0.0005,-0.0005,-0.0357,0.0000,0.0000,-0.0276,-0.0110,0.0000
0.1999,1.2826,1.6038,-0.0774,-0.0458,152.1684,-12.9645,0.0000,-0.0141,-0.0141,-0.0416,0.0000,0.0000,-0.0276,-0.0110,0.0000
0.1999,1.2268,1.6238,-0.0690,-0.0458,152.2585,-13.0304,0.0000,-0.0253,-0.0253,-0.0488,0.0000,0.0000,-0.0276,-0.0110,0.0000
0.1999,1.0775,1.6438,-0.0606,-0.0458,152.3629,-13.0964,0.0000,-0.0260,-0.0260,-0.0566,0.0000,0.0000,-0.0276,-0.0110,0.0000
0.2000,1.1080,1.6638,-0.0690,-0.0653,152.4603,-13.1684,0.0000,-0.0395,-0.0395,0.0077,0.0000,0.0000,-0.0394,-0.0158,0.0000
0.2000,1.2237,1.6838,-0.0606,-0.0653,152.5410,-13.2288,0.0000,-0.0426,-0.0426,0.0036,0.0000,0.0000,-0.0394,-0.0158,0.0000
0.2000,1.2011,1.7038,-0.0522,-0.0653,152.6366,-13.2936,0.0000,-0.0421,-0.0421,-0.0026,0.0000,0.0000,-0.0394,-0.0158,0.0000
0.2000,0.9999,1.7238,-0.0438,-0.0653,152.7290,-13.3726,0.0000,-0.0540,-0.0540,-0.0088,0.0000,0.0000,-0.0394,-0.0158,0.0000
0.2000,1.1447,1.7438,-0.0354,-0.0653,152.8260,-13.4477,0.0000,-0.0610,-0.0610,-0.0140,0.0000,0.0000,-0.0394,-0.0158,0.0000
0.2000,1.2078,1.7638,-0.0270,-0.0653,152.9291,-13.5212,0.0000,-0.0617,-0.0617,-0.0173,0.0000,0.0000,-0.0394,-0.0158,0.0000
0.1999,1.2174,1.7838,-0.0186,-0.0389,153.0310,-13.5935,0.0000,-0.0616,-0.0616,-0.0112,0.0000,0.0000,-0.0235,-0.0094,0.0000
0.2000,1.2549,1.8038,-0.0102,-0.0389,153.1430,-13.6770,0.0000,-0.0651,-0.0651,-0.0168,0.0000,0.0000,-0.0235,-0.0094,0.0000
0.2000,1.2386,1.8238,-0.0018,-0.0389,153.2501,-13.7652,0.0000,-0.0734,-0.0734,-0.0200,0.0000,0.0000,-0.0235,-0.0094,0.0000
0.2000,1.3846,1.8438,0.0066,-0.0389,153.3596,-13.8689,0.0000,-0.0918,-0.0918,-0.0192,0.0000,0.0000,-0.0235,-0.0094,0.0000
0.1999,1.3762,1.8638,0.0002,-0.0409,153.4762,-13.9591,0.0000,-0.0952,-0.0952,0.0017,0.0000,0.0000,-0.0247,-0.0099,0.0000
0.1999,1.4946,1.8838,-0.0064,-0.0409,153.5964,-14.0400,0.0000,-0.0823,-0.0823,0.0047,0.0000,0.0000,-0.0247,-0.0099,0.0000
0.1999,1.4612,1.9024,-0.0138,-0.0409,153.7172,-14.1193,0.0000,-0.0716,-0.0716,0.0025,0.0000,0.0000,-0.0247,-0.0099,0.0000
0.1999,1.4385,1.9192,-0.0187,-0.0409,153.8373,-14.1987,0.0000,-0.0610,-0.0610,0.0011,0.0000,0.0000,-0.0247,-0.0099,0.0000
0.1999,1.4317,1.9342,-0.0254,-0.0409,153.9643,-14.2871,0.0000,-0.0499,-0.0499,0.0041,0.0000,0.0000,-0.0247,-0.0099,0.0000
0.2000,1.4265,1.9478,-0.0282,-0.0367,154.0866,-14.3671,0.0000,-0.0394,-0.0394,0.0068,0.0000,0.0000,-0.0221,-0.0088,0.0000
0.0346,1.5353,1.9248,-0.0198,-0.0367,154.2142,-14.4592,0.0000,-0.0336,-0.0336,0.0041,0.0000,0.0000,-0.0221,-0.0088,0.0000
0.0346,1.4476,1.9394,-0.0198,-0.0367,154.3564,-14.5597,0.0000,-0.0239,-0.0239,0.0042,0.0000,0.0000,-0.0221,-0.0088,0.0000
0.0346,1.5600,1.8994,-0.0198,-0.0367,154.4971,-14.6648,0.0000,-0.0195,-0.0195,0.0026,0.0000,0.0000,-0.0221,-0.0088,0.0000
-0.1654,1.7265,1.8594,-0.0282,-0.0382,154.6365,-14.7640,0.0000,-0.0108,-0.0108,0.0043,0.0000,0.0000,-0.0230,-0.0092,0.0000
-0.2000,1.7408,1.8194,-0.0323,-0.0382,154.7647,-14.8623,0.0000,-0.0112,-0.0112,-0.0001,0.0000,0.0000,-0.0230,-0.0092,0.0000
-0.2000,1.6959,1.7794,-0.0325,-0.0382,154.8900,-14.9521,0.0000,-0.0055,-0.0055,-0.0032,0.0000,0.0000,-0.0230,-0.0092,0.0000
-0.2000,1.6016,1.7394,-0.0322,-0.0382,155.0202,-15.0407,0.0000,0.0042,0.0042,-0.0065,0.0000,0.0000,-0.0230,-0.0092,0.0000
0.2000,1.5274,1.7460,-0.0406,-0.0409,155.1521,-15.1404,0.0000,0.0098,0.0098,0.0636,0.0000,0.0000,-0.0246,-0.0099,0.0000
-0.2000,1.5601,1.7124,-0.0490,-0.0409,155.2816,-15.2389,0.0000,0.0242,0.0242,0.0599,0.0000,0.0000,-0.0246,-0.0099,0.0000
-0.1999,1.6392,1.6724,-0.0574,-0.0409,155.4173,-15.3377,0.0000,0.0437,0.0437,0.0562,0.0000,0.0000,-0.0246,-0.0099,0.0000
-0.2000,1.6115,1.6324,-0.0658,-0.0409,155.5527,-15.4328,0.0000,0.0618,0.0618,0.0516,0.0000,0.0000,-0.0246,-0.0099,0.0000
-0.2000,1.6640,1.5924,-0.0574,-0.0050,155.6820,-15.5323,0.0000,0.0733,0.0733,0.0417,0.0000,0.0000,-0.0030,-0.0012,0.0000
-0.2000,1.6384,1.5532,-0.0658,-0.0050,155.8046,-15.6254,0.0000,0.0830,0.0830,0.0361,0.0000,0.0000,-0.0030,-0.0012,0.0000
-0.2000,1.6170,1.5179,-0.0742,-0.0050,155.9286,-15.7229,0.0000,0.0900,0.0900,0.0298,0.0000,0.0000,-0.0030,-0.0012,0.0000
0.2000,1.5242,1.5379,-0.0825,-0.0050,156.0486,-15.8233,0.0000,0.0915,0.0915,0.0234,0.0000,0.0000,-0.0030,-0.0012,0.0000
-0.2000,1.5629,1.5212,-0.0909,-0.0050,156.1699,-15.9219,0.0000,0.0959,0.0959,0.0158,0.0000,0.0000,-0.0030,-0.0012,0.0000
-0.0277,1.5510,1.5220,-0.0848,-0.0060,156.2811,-16.0201,0.0000,0.0923,0.0923,0.0009,0.0000,0.0000,-0.0036,-0.0014,0.0000
0.0081,1.5485,1.5258,-0.0764,-0.0060,156.3917,-16.1149,0.0000,0.0906,0.0906,-0.0068,0.0000,0.0000,-0.0036,-0.0014,0.0000
0.2000,1.4709,1.5458,-0.0680,-0.0060,156.5026,-16.2085,0.0000,0.0902,0.0902,-0.0153,0.0000,0.0000,-0.0036,-0.0014,0.0000
0.2000,1.4440,1.5658,-0.0596,-0.0060,156.5958,-16.3070,0.0000,0.0765,0.0765,-0.0206,0.0000,0.0000,-0.0036,-0.0014,0.0000
0.2000,1.4367,1.5858,-0.0513,-0.0060,156.7006,-16.3990,0.0000,0.0747,0.0747,-0.0269,0.0000,0.0000,-0.0036,-0.0014,0.0000
0.2000,1.3465,1.6058,-0.0429,-0.0060,156.7916,-16.4841,0.0000,0.0707,0.0707,-0.0322,0.0000,0.0000,-0.0036,-0.0014,0.0000
0.1999,1.3820,1.6258,-0.0371,-0.0079,156.8840,-16.5797,0.0000,0.0612,0.0612,-0.0079,0.0000,0.0000,-0.0048,-0.0019,0.0000
0.2000,1.2351,1.6458,-0.0288,-0.0079,156.9734,-16.6691,0.0000,0.0571,0.0571,-0.0123,0.0000,0.0000,-0.0048,-0.0019,0.0000
0.2000,1.3195,1.6658,-0.0204,-0.0079,157.0463,-16.7514,0.0000,0.0462,0.0462,-0.0153,0.0000,0.0000,-0.0048,-0.0019,0.0000
0.2000,1.2539,1.6858,-0.0120,-0.0079,157.1361,-16.8377,0.0000,0.0441,0.0441,-0.0205,0.0000,0.0000,-0.0048,-0.0019,0.0000
0.2000,1.0911,1.7058,-0.0036,-0.0079,157.2232,-16.9174,0.0000,0.0472,0.0472,-0.0239,0.0000,0.0000,-0.0048,-0.0019,0.0000
0.2000,1.2345,1.7258,0.0034,-0.0079,157.3120,-16.9945,0.0000,0.0497,0.0497,-0.0276,0.0000,0.0000,-0.0048,-0.0019,0.0000
0.2000,1.1698,1.7458,0.0118,0.0108,157.3917,-17.0841,0.0000,0.0409,0.0409,-0.0305,0.0000,0.0000,0.0065,0.0026,0.0000
0.2000,1.1645,1.7658,0.0201,0.0108,157.4824,-17.1645,0.0000,0.0460,0.0460,-0.0309,0.0000,0.0000,0.0065,0.0026,0.0000
0.2000,1.1894,1.7858,0.0253,0.0108,157.5789,-17.2502,0.0000,0.0512,0.0512,-0.0305,0.0000,0.0000,0.0065,0.0026,0.0000
0.2000,1.2011,1.8058,0.0267,0.0108,157.6699,-17.3432,0.0000,0.0480,0.0480,-0.0294,0.0000,0.0000,0.0065,0.0026,0.0000
0.2000,1.2795,1.8258,0.0250,0.0108,157.7736,-17.4305,0.0000,0.0571,0.0571,-0.0280,0.0000,0.0000,0.0065,0.0026,0.0000
0.2000,1.2908,1.8458,0.0221,0.0156,157.8812,-17.5144,0.0000,0.0725,0.0725,-0.0238,0.0000,0.0000,0.0094,0.0038,0.0000
0.2000,1.3443,1.8658,0.0137,0.0156,157.9958,-17.5980,0.0000,0.0951,0.0951,-0.0189,0.0000,0.0000,0.0094,0.0038,0.0000
0.2000,1.3546,1.8858,0.0081,0.0156,158.0994,-17.6898,0.0000,0.1015,0.1015,-0.0185,0.0000,0.0000,0.0094,0.0038,0.0000
0.1999,1.4103,1.9042,0.0059,0.0156,158.1989,-17.7855,0.0000,0.1024,0.1024,-0.0175,0.0000,0.0000,0.0094,0.0038,0.0000
0.1999,1.3726,1.9208,0.0043,0.0156,158.3076,-17.8875,0.0000,0.1057,0.1057,-0.0170,0.0000,0.0000,0.0094,0.0038,0.0000
0.2000,1.3686,1.9357,0.0036,0.0234,158.4200,-17.9858,0.0000,0.1175,0.1175,0.0108,0.0000,0.0000,0.0141,0.0056,0.0000
0.2000,1.4782,1.9491,-0.0048,0.0234,158.5345,-18.0805,0.0000,0.1360,0.1360,0.0138,0.0000,0.0000,0.0141,0.0056,0.0000
0.2000,1.4815,1.9612,-0.0132,0.0234,158.6477,-18.1809,0.0000,0.1463,0.1463,0.0132,0.0000,0.0000,0.0141,0.0056,0.0000
0.2000,1.4740,1.9720,-0.0216,0.0234,158.7636,-18.2834,0.0000,0.1573,0.1573,0.0131,0.0000,0.0000,0.0141,0.0056,0.0000
0.2000,1.5005,1.9814,-0.0132,0.0453,158.8809,-18.3861,0.0000,0.1660,0.1660,-0.0257,0.0000,0.0000,0.0273,0.0109,0.0000
0.0595,1.5339,1.9567,-0.0153,0.0453,159.0162,-18.4973,0.0000,0.1789,0.1789,-0.0244,0.0000,0.0000,0.0273,0.0109,0.0000
0.0280,1.5455,1.9208,-0.0111,0.0453,159.1356,-18.6284,0.0000,0.1647,0.1647,-0.0258,0.0000,0.0000,0.0273,0.0109,0.0000
-0.2000,1.7374,1.8808,-0.0132,0.0368,159.2653,-18.7480,0.0000,0.1632,0.1632,-0.0302,0.0000,0.0000,0.0222,0.0089,0.0000
-0.2000,1.7581,1.8408,-0.0099,0.0368,159.3825,-18.8617,0.0000,0.1581,0.1581,-0.0330,0.0000,0.0000,0.0222,0.0089,0.0000
-0.2000,1.7493,1.8008,-0.0055,0.0368,159.5021,-18.9680,0.0000,0.1603,0.1603,-0.0361,0.0000,0.0000,0.0222,0.0089,0.0000
-0.2000,1.6182,1.7608,-0.0057,0.0368,159.6273,-19.0784,0.0000,0.1669,0.1669,-0.0377,0.0000,0.0000,0.0222,0.0089,0.0000
-0.2000,1.5857,1.7208,-0.0141,0.0368,159.7576,-19.1898,0.0000,0.1767,0.1767,-0.0366,0.0000,0.0000,0.0222,0.0089,0.0000
-0.2000,1.6547,1.6808,-0.0057,0.0490,159.8882,-19.3063,0.0000,0.1754,0.1754,-0.0576,0.0000,0.0000,0.0295,0.0118,0.0000
-0.2000,1.7001,1.6408,0.0026,0.0490,160.0136,-19.4200,0.0000,0.1735,0.1735,-0.0586,0.0000,0.0000,0.0295,0.0118,0.0000
-0.2000,1.7336,1.6008,0.0110,0.0490,160.1409,-19.5369,0.0000,0.1703,0.1703,-0.0603,0.0000,0.0000,0.0295,0.0118,0.0000
-0.2000,1.6787,1.5608,0.0194,0.0490,160.2687,-19.6495,0.0000,0.1743,0.1743,-0.0606,0.0000,0.0000,0.0295,0.0118,0.0000
-0.2000,1.7117,1.5247,0.0278,0.0536,160.3857,-19.7584,0.0000,0.1705,0.1705,-0.0703,0.0000,0.0000,0.0323,0.0129,0.0000
-0.2000,1.6897,1.4922,0.0362,0.0536,160.4967,-19.8663,0.0000,0.1651,0.1651,-0.0696,0.0000,0.0000,0.0323,0.0129,0.0000
-0.2000,1.5848,1.4630,0.0444,0.0536,160.6104,-19.9727,0.0000,0.1666,0.1666,-0.0677,0.0000,0.0000,0.0323,0.0129,0.0000
0.1453,1.5348,1.4830,0.0380,0.0536,160.7152,-20.0727,0.0000,0.1652,0.1652,-0.0654,0.0000,0.0000,0.0323,0.0129,0.0000
0.0602,1.5443,1.4959,0.0296,0.0536,160.8262,-20.1646,0.0000,0.1723,0.1723,-0.0626,0.0000,0.0000,0.0323,0.0129,0.0000
0.2000,1.4362,1.5159,0.0380,0.0645,160.9368,-20.2567,0.0000,0.1826,0.1826,-0.0727,0.0000,0.0000,0.0389,0.0156,0.0000
0.2000,1.4306,1.5359,0.0357,0.0645,161.0358,-20.3427,0.0000,0.1878,0.1878,-0.0656,0.0000,0.0000,0.0389,0.0156,0.0000
0.2000,1.4287,1.5559,0.0393,0.0645,161.1309,-20.4313,0.0000,0.1832,0.1832,-0.0658,0.0000,0.0000,0.0389,0.0156,0.0000
0.2000,1.3032,1.5759,0.0419,0.0645,161.2261,-20.5203,0.0000,0.1840,0.1840,-0.0635,0.0000,0.0000,0.0389,0.0156,0.0000
0.2000,1.2885,1.5959,0.0335,0.0645,161.3158,-20.5905,0.0000,0.1944,0.1944,-0.0570,0.0000,0.0000,0.0389,0.0156,0.0000
0.2000,1.2924,1.6159,0.0252,0.0645,161.4162,-20.6737,0.0000,0.1980,0.1980,-0.0558,0.0000,0.0000,0.0389,0.0156,0.0000
0.2000,1.2927,1.6359,0.0336,0.0762,161.5065,-20.7413,0.0000,0.2093,0.2093,-0.0739,0.0000,0.0000,0.0460,0.0184,0.0000
0.2000,1.2927,1.6559,0.0420,0.0762,161.5920,-20.8222,0.0000,0.2021,0.2021,-0.0729,0.0000,0.0000,0.0460,0.0184,0.0000
0.2000,1.1224,1.6759,0.0504,0.0762,161.6793,-20.9001,0.0000,0.2048,0.2048,-0.0714,0.0000,0.0000,0.0460,0.0184,0.0000
0.2000,1.1666,1.6959,0.0572,0.0762,161.7709,-20.9687,0.0000,0.2119,0.2119,-0.0660,0.0000,0.0000,0.0460,0.0184,0.0000
0.2000,1.1611,1.7159,0.0635,0.0762,161.8566,-21.0428,0.0000,0.2102,0.2102,-0.0650,0.0000,0.0000,0.0460,0.0184,0.0000
0.2000,1.1373,1.7359,0.0663,0.0762,161.9477,-21.1168,0.0000,0.2137,0.2137,-0.0622,0.0000,0.0000,0.0460,0.0184,0.0000
0.1999,1.1240,1.7559,0.0673,0.0762,162.0394,-21.1935,0.0000,0.2154,0.2154,-0.0586,0.0000,0.0000,0.0460,0.0184,0.0000
0.2000,1.1641,1.7759,0.0757,0.0838,162.1393,-21.2768,0.0000,0.2137,0.2137,-0.0822,0.0000,0.0000,0.0506,0.0202,0.0000
0.2000,1.1872,1.7959,0.0768,0.0838,162.2661,-21.3600,0.0000,0.2323,0.2323,-0.0706,0.0000,0.0000,0.0506,0.0202,0.0000
0.2000,1.2904,1.8159,0.0772,0.0838,162.3828,-21.4494,0.0000,0.2301,0.2301,-0.0707,0.0000,0.0000,0.0506,0.0202,0.0000
0.2000,1.5143,1.8283,0.0856,0.0923,162.4889,-21.5357,0.0000,0.2232,0.2232,-0.0831,0.0000,0.0000,0.0558,0.0223,0.0000
0.2000,1.4570,1.8483,0.0786,0.0923,162.6028,-21.6078,0.0000,0.2436,0.2436,-0.0735,0.0000,0.0000,0.0558,0.0223,0.0000
0.2000,1.3579,1.8683,0.0702,0.0923,162.7266,-21.6935,0.0000,0.2579,0.2579,-0.0667,0.0000,0.0000,0.0558,0.0223,0.0000
0.2000,1.3451,1.8883,0.0619,0.0923,162.8544,-21.7865,0.0000,0.2671,0.2671,-0.0579,0.0000,0.0000,0.0558,0.0223,0.0000
0.2000,1.4963,1.9065,0.0535,0.0923,162.9704,-21.8628,0.0000,0.2726,0.2726,-0.0567,0.0000,0.0000,0.0558,0.0223,0.0000
-0.2000,1.5715,1.8665,0.0619,0.1068,163.0805,-21.9467,0.0000,0.2710,0.2710,-0.0888,0.0000,0.0000,0.0646,0.0258,0.0000
0.2000,1.3775,1.8865,0.0684,0.1068,163.2196,-22.0338,0.0000,0.2964,0.2964,-0.0765,0.0000,0.0000,0.0646,0.0258,0.0000
0.2000,1.3733,1.9048,0.0693,0.1068,163.3416,-22.1307,0.0000,0.2880,0.2880,-0.0752,0.0000,0.0000,0.0646,0.0258,0.0000
-0.2000,1.6366,1.8648,0.0639,0.1068,163.4753,-22.2343,0.0000,0.2759,0.2759,-0.0678,0.0000,0.0000,0.0646,0.0258,0.0000
0.1510,1.5439,1.8400,0.0723,0.1121,163.6160,-22.3284,0.0000,0.2894,0.2894,-0.0869,0.0000,0.0000,0.0678,0.0271,0.0000
-0.2000,1.6792,1.8000,0.0778,0.1121,163.7462,-22.4025,0.0000,0.2961,0.2961,-0.0834,0.0000,0.0000,0.0678,0.0271,0.0000
-0.2000,1.6823,1.7600,0.0694,0.1121,163.8870,-22.4913,0.0000,0.3037,0.3037,-0.0780,0.0000,0.0000,0.0678,0.0271,0.0000
0.2000,1.4877,1.7800,0.0610,0.1121,164.0178,-22.5747,0.0000,0.3159,0.3159,-0.0746,0.0000,0.0000,0.0678,0.0271,0.0000
-0.2000,1.6535,1.7400,0.0694,0.1212,164.1670,-22.6693,0.0000,0.3201,0.3201,-0.1451,0.0000,0.0000,0.0734,0.0293,0.0000
0.1082,1.5396,1.7287,0.0778,0.1212,164.3032,-22.7508,0.0000,0.3253,0.3253,-0.1407,0.0000,0.0000,0.0734,0.0293,0.0000
-0.2000,1.7582,1.6887,0.0861,0.1212,164.4577,-22.8415,0.0000,0.3113,0.3113,-0.1325,0.0000,0.0000,0.0734,0.0293,0.0000
-0.2000,1.5764,1.6487,0.0945,0.1212,164.5980,-22.9311,0.0000,0.3126,0.3126,-0.1314,0.0000,0.0000,0.0734,0.0293,0.0000
-0.2000,1.7810,1.6087,0.0861,0.1014,164.7450,-23.0129,0.0000,0.3053,0.3053,-0.1306,0.0000,0.0000,0.0613,0.0245,0.0000
-0.2000,1.6503,1.5687,0.0945,0.1014,164.8759,-23.0964,0.0000,0.3052,0.3052,-0.1264,0.0000,0.0000,0.0613,0.0245,0.0000
-0.2000,1.6740,1.5318,0.0973,0.1014,164.9991,-23.1669,0.0000,0.3083,0.3083,-0.1157,0.0000,0.0000,0.0613,0.0245,0.0000
0.1493,1.5411,1.5410,0.0896,0.1014,165.1283,-23.2386,0.0000,0.3167,0.3167,-0.1117,0.0000,0.0000,0.0613,0.0245,0.0000
0.2000,1.4135,1.5610,0.0812,0.1014,165.2562,-23.3156,0.0000,0.3202,0.3202,-0.1058,0.0000,0.0000,0.0613,0.0245,0.0000
0.2000,1.4666,1.5810,0.0729,0.1014,165.3813,-23.3710,0.0000,0.3388,0.3388,-0.0902,0.0000,0.0000,0.0613,0.0245,0.0000
0.2000,1.4824,1.6010,0.0813,0.1179,165.5058,-23.4445,0.0000,0.3259,0.3259,-0.1457,0.0000,0.0000,0.0713,0.0285,0.0000
0.2000,1.3715,1.6210,0.0897,0.1179,165.6267,-23.5155,0.0000,0.3227,0.3227,-0.1419,0.0000,0.0000,0.0713,0.0285,0.0000
0.1999,1.4343,1.6410,0.0978,0.1179,165.7449,-23.5794,0.0000,0.3166,0.3166,-0.1323,0.0000,0.0000,0.0713,0.0285,0.0000
0.1999,1.3904,1.6610,0.1062,0.1179,165.8701,-23.6352,0.0000,0.3273,0.3273,-0.1237,0.0000,0.0000,0.0713,0.0285,0.0000
0.2000,1.3375,1.6810,0.1057,0.1179,165.9869,-23.6871,0.0000,0.3363,0.3363,-0.1178,0.0000,0.0000,0.0713,0.0285,0.0000
0.2000,1.3658,1.7010,0.1057,0.1094,166.1082,-23.7510,0.0000,0.3255,0.3255,-0.1759,0.0000,0.0000,0.0662,0.0265,0.0000
0.1999,1.2705,1.7210,0.1141,0.1094,166.2289,-23.7942,0.0000,0.3441,0.3441,-0.1650,0.0000,0.0000,0.0662,0.0265,0.0000
0.1999,1.3608,1.7410,0.1225,0.1094,166.3547,-23.8396,0.0000,0.3450,0.3450,-0.1576,0.0000,0.0000,0.0662,0.0265,0.0000
0.2000,1.2825,1.7610,0.1308,0.1094,166.4738,-23.8939,0.0000,0.3456,0.3456,-0.1544,0.0000,0.0000,0.0662,0.0265,0.0000
0.2000,1.3342,1.7810,0.1388,0.1094,166.5723,-23.9474,0.0000,0.3346,0.3346,-0.1437,0.0000,0.0000,0.0662,0.0265,0.0000
0.2000,1.2994,1.8010,0.1392,0.1094,166.6782,-23.9965,0.0000,0.3358,0.3358,-0.1341,0.0000,0.0000,0.0662,0.0265,0.0000
0.2000,1.1132,1.8167,0.1365,0.0983,166.7967,-24.0423,0.0000,0.3538,0.3538,-0.1587,0.0000,0.0000,0.0594,0.0238,0.0000
0.2000,1.1623,1.8324,0.1440,0.0983,166.9202,-24.0924,0.0000,0.3464,0.3464,-0.1533,0.0000,0.0000,0.0594,0.0238,0.0000
0.2000,1.2668,1.8497,0.1425,0.0983,167.0383,-24.1516,0.0000,0.3312,0.3312,-0.1378,0.0000,0.0000,0.0594,0.0238,0.0000
-0.1728,1.3245,1.8097,0.1341,0.0983,167.1864,-24.2077,0.0000,0.3343,0.3343,-0.1208,0.0000,0.0000,0.0594,0.0238,0.0000
0.0272,1.3129,1.7697,0.1257,0.0983,167.3041,-24.2645,0.0000,0.3233,0.3233,-0.1159,0.0000,0.0000,0.0594,0.0238,0.0000
-0.1728,1.5817,1.7297,0.1341,0.0986,167.4506,-24.3137,0.0000,0.3041,0.3041,-0.1767,0.0000,0.0000,0.0596,0.0238,0.0000
-0.0157,1.2967,1.6897,0.1425,0.0986,167.5917,-24.3571,0.0000,0.3278,0.3278,-0.1684,0.0000,0.0000,0.0596,0.0238,0.0000
-0.2000,1.5483,1.6497,0.1509,0.0986,167.7325,-24.3893,0.0000,0.3178,0.3178,-0.1591,0.0000,0.0000,0.0596,0.0238,0.0000
-0.2000,1.4698,1.6097,0.1425,0.0986,167.8855,-24.4273,0.0000,0.3379,0.3379,-0.1421,0.0000,0.0000,0.0596,0.0238,0.0000
-0.2000,1.4418,1.5697,0.1341,0.0725,168.0316,-24.4645,0.0000,0.3409,0.3409,-0.1718,0.0000,0.0000,0.0438,0.0175,0.0000
-0.1999,1.5784,1.5327,0.1333,0.0725,168.1675,-24.4957,0.0000,0.3374,0.3374,-0.1595,0.0000,0.0000,0.0438,0.0175,0.0000
-0.2000,1.5002,1.4994,0.1249,0.0725,168.3176,-24.5308,0.0000,0.3509,0.3509,-0.1467,0.0000,0.0000,0.0438,0.0175,0.0000
-0.2000,1.3936,1.4695,0.1165,0.0725,168.4819,-24.5612,0.0000,0.3752,0.3752,-0.1307,0.0000,0.0000,0.0438,0.0175,0.0000
-0.2000,1.5382,1.4425,0.1081,0.0646,168.6138,-24.5933,0.0000,0.3660,0.3660,-0.1572,0.0000,0.0000,0.0390,0.0156,0.0000
-0.2000,1.6727,1.4183,0.0997,0.0646,168.7468,-24.6259,0.0000,0.3562,0.3562,-0.1463,0.0000,0.0000,0.0390,0.0156,0.0000
-0.1601,1.3501,1.3965,0.0913,0.0646,168.8840,-24.6564,0.0000,0.3762,0.3762,-0.1434,0.0000,0.0000,0.0390,0.0156,0.0000
-0.1622,1.3641,1.3768,0.0830,0.0646,169.0169,-24.6698,0.0000,0.3944,0.3944,-0.1307,0.0000,0.0000,0.0390,0.0156,0.0000
-0.2000,1.3952,1.3591,0.0746,0.0646,169.1482,-24.6915,0.0000,0.4007,0.4007,-0.1219,0.0000,0.0000,0.0390,0.0156,0.0000
-0.1656,1.3390,1.3432,0.0662,0.0646,169.2709,-24.7175,0.0000,0.4052,0.4052,-0.1147,0.0000,0.0000,0.0390,0.0156,0.0000
-0.1436,1.3264,1.3289,0.0578,0.0586,169.3903,-24.7342,0.0000,0.4116,0.4116,-0.1386,0.0000,0.0000,0.0353,0.0141,0.0000
-0.0467,1.2476,1.3160,0.0494,0.0586,169.5090,-24.7591,0.0000,0.4108,0.4108,-0.1376,0.0000,0.0000,0.0353,0.0141,0.0000
0.1190,1.1999,1.3044,0.0410,0.0586,169.6179,-24.7780,0.0000,0.4175,0.4175,-0.1282,0.0000,0.0000,0.0353,0.0141,0.0000
0.0583,1.2027,1.2940,0.0326,0.0586,169.7297,-24.7950,0.0000,0.4201,0.4201,-0.1236,0.0000,0.0000,0.0353,0.0141,0.0000
0.1999,1.1018,1.2846,0.0242,0.0586,169.8435,-24.8135,0.0000,0.4248,0.4248,-0.1242,0.0000,0.0000,0.0353,0.0141,0.0000
0.1780,1.1249,1.2761,0.0158,0.0586,169.9540,-24.8289,0.0000,0.4286,0.4286,-0.1173,0.0000,0.0000,0.0353,0.0141,0.0000
0.1271,1.1427,1.2685,0.0074,0.0586,170.0610,-24.8492,0.0000,0.4226,0.4226,-0.1189,0.0000,0.0000,0.0353,0.0141,0.0000
0.1585,1.1110,1.2617,0.0078,0.0555,170.1651,-24.8664,0.0000,0.4251,0.4251,-0.1323,0.0000,0.0000,0.0335,0.0134,0.0000
0.2001,1.0792,1.2555,0.0076,0.0555,170.2588,-24.8859,0.0000,0.4206,0.4206,-0.1314,0.0000,0.0000,0.0335,0.0134,0.0000
0.1998,1.0499,1.2499,0.0082,0.0555,170.3530,-24.9077,0.0000,0.4134,0.4134,-0.1309,0.0000,0.0000,0.0335,0.0134,0.0000
0.2000,0.9492,1.2449,0.0089,0.0555,170.4470,-24.9342,0.0000,0.4065,0.4065,-0.1297,0.0000,0.0000,0.0335,0.0134,0.0000
0.2000,0.9588,1.2404,0.0091,0.0555,170.5398,-24.9474,0.0000,0.4049,0.4049,-0.1299,0.0000,0.0000,0.0335,0.0134,0.0000
0.2000,0.9682,1.2364,0.0083,0.0555,170.6214,-24.9589,0.0000,0.4038,0.4038,-0.1292,0.0000,0.0000,0.0335,0.0134,0.0000
0.2000,0.9294,1.2328,0.0108,0.0555,170.7144,-24.9723,0.0000,0.4037,0.4037,-0.1322,0.0000,0.0000,0.0335,0.0134,0.0000
0.2000,0.8176,1.2295,0.0075,0.0555,170.7906,-24.9886,0.0000,0.4062,0.4062,-0.1291,0.0000,0.0000,0.0335,0.0134,0.0000
0.2000,0.9300,1.2265,0.0150,0.0546,170.8678,-25.0012,0.0000,0.3963,0.3963,-0.1621,0.0000,0.0000,0.0329,0.0132,0.0000
0.2000,0.7731,1.2239,0.0234,0.0546,170.9500,-25.0184,0.0000,0.3988,0.3988,-0.1646,0.0000,0.0000,0.0329,0.0132,0.0000
0.2000,0.7765,1.2215,0.0318,0.0546,171.0334,-25.0348,0.0000,0.3898,0.3898,-0.1656,0.0000,0.0000,0.0329,0.0132,0.0000
0.2000,0.8320,1.2193,0.0401,0.0546,171.1094,-25.0501,0.0000,0.3797,0.3797,-0.1599,0.0000,0.0000,0.0329,0.0132,0.0000
0.2000,0.8424,1.2174,0.0484,0.0546,171.1886,-25.0699,0.0000,0.3661,0.3661,-0.1616,0.0000,0.0000,0.0329,0.0132,0.0000
0.2000,0.7706,1.2157,0.0568,0.0546,171.2701,-25.0913,0.0000,0.3587,0.3587,-0.1610,0.0000,0.0000,0.0329,0.0132,0.0000
0.2000,0.8093,1.2141,0.0586,0.0546,171.3480,-25.1145,0.0000,0.3430,0.3430,-0.1534,0.0000,0.0000,0.0329,0.0132,0.0000
0.2000,0.8361,1.2127,0.0669,0.0546,171.4292,-25.1330,0.0000,0.3299,0.3299,-0.1546,0.0000,0.0000,0.0329,0.0132,0.0000
0.2000,0.8048,1.2114,0.0677,0.0546,171.5118,-25.1470,0.0000,0.3267,0.3267,-0.1535,0.0000,0.0000,0.0329,0.0132,0.0000
0.2000,0.8254,1.2103,0.0691,0.0474,171.6024,-25.1628,0.0000,0.3183,0.3183,-0.1720,0.0000,0.0000,0.0286,0.0114,0.0000
0.2000,0.8318,1.2093,0.0775,0.0474,171.6951,-25.1776,0.0000,0.3113,0.3113,-0.1689,0.0000,0.0000,0.0286,0.0114,0.0000
0.2000,0.9127,1.2083,0.0834,0.0474,171.7851,-25.1863,0.0000,0.3071,0.3071,-0.1591,0.0000,0.0000,0.0286,0.0114,0.0000
0.2000,0.9314,1.2075,0.0900,0.0474,171.8739,-25.2016,0.0000,0.2974,0.2974,-0.1584,0.0000,0.0000,0.0286,0.0114,0.0000
0.2000,0.9049,1.2067,0.0853,0.0474,171.9688,-25.2143,0.0000,0.2956,0.2956,-0.1549,0.0000,0.0000,0.0286,0.0114,0.0000
0.2000,0.8942,1.2061,0.0769,0.0474,172.0563,-25.2234,0.0000,0.2986,0.2986,-0.1445,0.0000,0.0000,0.0286,0.0114,0.0000
0.2000,0.9510,1.2055,0.0728,0.0474,172.1391,-25.2357,0.0000,0.2885,0.2885,-0.1446,0.0000,0.0000,0.0286,0.0114,0.0000
0.2000,0.8799,1.2049,0.0807,0.0468,172.2299,-25.2521,0.0000,0.2856,0.2856,-0.1874,0.0000,0.0000,0.0282,0.0113,0.0000
0.2000,0.8301,1.2044,0.0891,0.0468,172.3215,-25.2579,0.0000,0.2884,0.2884,-0.1843,0.0000,0.0000,0.0282,0.0113,0.0000
0.2000,0.9156,1.2040,0.0974,0.0468,172.4218,-25.2630,0.0000,0.2835,0.2835,-0.1730,0.0000,0.0000,0.0282,0.0113,0.0000
0.2000,0.9122,1.2036,0.1058,0.0468,172.5177,-25.2662,0.0000,0.2839,0.2839,-0.1719,0.0000,0.0000,0.0282,0.0113,0.0000
0.2000,1.0059,1.2032,0.1142,0.0468,172.6050,-25.2756,0.0000,0.2706,0.2706,-0.1689,0.0000,0.0000,0.0282,0.0113,0.0000
0.2000,0.9525,1.2029,0.1217,0.0468,172.6948,-25.2803,0.0000,0.2754,0.2754,-0.1640,0.0000,0.0000,0.0282,0.0113,0.0000
0.2000,0.8723,1.2026,0.1133,0.0468,172.7907,-25.2860,0.0000,0.2844,0.2844,-0.1516,0.0000,0.0000,0.0282,0.0113,0.0000
0.2000,0.8956,1.2024,0.1049,0.0468,172.8863,-25.2937,0.0000,0.2792,0.2792,-0.1482,0.0000,0.0000,0.0282,0.0113,0.0000
0.2000,0.9617,1.2021,0.0965,0.0324,172.9803,-25.3031,0.0000,0.2687,0.2687,-0.1558,0.0000,0.0000,0.0195,0.0078,0.0000
0.2000,0.9530,1.2019,0.0941,0.0324,173.0745,-25.3120,0.0000,0.2647,0.2647,-0.1503,0.0000,0.0000,0.0195,0.0078,0.0000
0.2000,0.9386,1.2017,0.0879,0.0324,173.1638,-25.3159,0.0000,0.2662,0.2662,-0.1443,0.0000,0.0000,0.0195,0.0078,0.0000
0.2000,0.9409,1.2015,0.0826,0.0324,173.2529,-25.3252,0.0000,0.2605,0.2605,-0.1393,0.0000,0.0000,0.0195,0.0078,0.0000
0.2000,0.8904,1.2014,0.0743,0.0324,173.3355,-25.3304,0.0000,0.2655,0.2655,-0.1274,0.0000,0.0000,0.0195,0.0078,0.0000
0.2000,0.8894,1.2013,0.0659,0.0324,173.4212,-25.3319,0.0000,0.2663,0.2663,-0.1256,0.0000,0.0000,0.0195,0.0078,0.0000
0.2000,0.8280,1.2011,0.0575,0.0324,173.5084,-25.3424,0.0000,0.2626,0.2626,-0.1219,0.0000,0.0000,0.0195,0.0078,0.0000
0.2000,0.8505,1.2010,0.0491,0.0324,173.6058,-25.3439,0.0000,0.2633,0.2633,-0.1175,0.0000,0.0000,0.0195,0.0078,0.0000
0.2000,0.8717,1.2009,0.0479,0.0348,173.6903,-25.3465,0.0000,0.2611,0.2611,-0.1286,0.0000,0.0000,0.0210,0.0084,0.0000
0.2000,0.9693,1.2008,0.0532,0.0348,173.7796,-25.3578,0.0000,0.2456,0.2456,-0.1247,0.0000,0.0000,0.0210,0.0084,0.0000
0.2000,0.8396,1.2007,0.0463,0.0348,173.8612,-25.3682,0.0000,0.2449,0.2449,-0.1214,0.0000,0.0000,0.0210,0.0084,0.0000
0.2000,0.8926,1.2007,0.0436,0.0348,173.9490,-25.3731,0.0000,0.2387,0.2387,-0.1177,0.0000,0.0000,0.0210,0.0084,0.0000
0.2000,0.8164,1.2006,0.0352,0.0348,174.0513,-25.3694,0.0000,0.2505,0.2505,-0.1093,0.0000,0.0000,0.0210,0.0084,0.0000
0.2000,0.8727,1.2005,0.0268,0.0348,174.1213,-25.3672,0.0000,0.2513,0.2513,-0.1061,0.0000,0.0000,0.0210,0.0084,0.0000
0.2000,1.0226,1.2005,0.0267,0.0348,174.2091,-25.3720,0.0000,0.2389,0.2389,-0.1058,0.0000,0.0000,0.0210,0.0084,0.0000
0.2000,0.8717,1.2004,0.0190,0.0348,174.2971,-25.3746,0.0000,0.2452,0.2452,-0.1042,0.0000,0.0000,0.0210,0.0084,0.0000
0.2000,0.8717,1.2004,0.0140,0.0382,174.3810,-25.3748,0.0000,0.2476,0.2476,-0.0770,0.0000,0.0000,0.0230,0.0092,0.0000
0.2000,0.8739,1.2004,0.0056,0.0382,174.4649,-25.3866,0.0000,0.2402,0.2402,-0.0722,0.0000,0.0000,0.0230,0.0092,0.0000
0.2000,0.8320,1.2003,-0.0028,0.0382,174.5515,-25.3870,0.0000,0.2434,0.2434,-0.0732,0.0000,0.0000,0.0230,0.0092,0.0000
0.2000,0.8400,1.2003,-0.0112,0.0382,174.6351,-25.3919,0.0000,0.2408,0.2408,-0.0725,0.0000,0.0000,0.0230,0.0092,0.0000
0.2000,0.8581,1.2003,-0.0196,0.0382,174.7223,-25.4047,0.0000,0.2300,0.2300,-0.0722,0.0000,0.0000,0.0230,0.0092,0.0000
0.2000,0.8297,1.2002,-0.0207,0.0382,174.8163,-25.4090,0.0000,0.2296,0.2296,-0.0717,0.0000,0.0000,0.0230,0.0092,0.0000
0.2000,0.8742,1.2002,-0.0168,0.0382,174.9068,-25.4166,0.0000,0.2226,0.2226,-0.0724,0.0000,0.0000,0.0230,0.0092,0.0000
0.2000,0.9328,1.2002,-0.0084,0.0644,174.9916,-25.4184,0.0000,0.2194,0.2194,-0.1251,0.0000,0.0000,0.0388,0.0155,0.0000
0.2000,0.9012,1.2002,0.0000,0.0644,175.0870,-25.4315,0.0000,0.2068,0.2068,-0.1240,0.0000,0.0000,0.0388,0.0155,0.0000
0.2000,0.8398,1.2002,0.0084,0.0644,175.1741,-25.4420,0.0000,0.1969,0.1969,-0.1270,0.0000,0.0000,0.0388,0.0155,0.0000
0.2000,0.9541,1.2001,0.0168,0.0644,175.2599,-25.4463,0.0000,0.1828,0.1828,-0.1282,0.0000,0.0000,0.0388,0.0155,0.0000
0.2000,0.8706,1.2001,0.0252,0.0644,175.3484,-25.4522,0.0000,0.1803,0.1803,-0.1283,0.0000,0.0000,0.0388,0.0155,0.0000
0.2000,0.8516,1.2001,0.0336,0.0644,175.4375,-25.4624,0.0000,0.1695,0.1695,-0.1281,0.0000,0.0000,0.0388,0.0155,0.0000
0.2000,0.8787,1.2001,0.0420,0.0644,175.5243,-25.4739,0.0000,0.1550,0.1550,-0.1264,0.0000,0.0000,0.0388,0.0155,0.0000
0.2000,0.8894,1.2001,0.0503,0.0644,175.6145,-25.4796,0.0000,0.1474,0.1474,-0.1249,0.0000,0.0000,0.0388,0.0155,0.0000
0.2000,0.8682,1.2001,0.0479,0.0535,175.7048,-25.4820,0.0000,0.1452,0.1452,-0.1545,0.0000,0.0000,0.0322,0.0129,0.0000
0.2000,0.8963,1.2001,0.0563,0.0535,175.7910,-25.4860,0.0000,0.1354,0.1354,-0.1520,0.0000,0.0000,0.0322,0.0129,0.0000
0.2000,0.8966,1.2001,0.0647,0.0535,175.8792,-25.4826,0.0000,0.1352,0.1352,-0.1495,0.0000,0.0000,0.0322,0.0129,0.0000
0.2000,0.8560,1.2001,0.0730,0.0535,175.9608,-25.4802,0.0000,0.1378,0.1378,-0.1458,0.0000,0.0000,0.0322,0.0129,0.0000
0.2000,0.8769,1.2001,0.0814,0.0535,176.0554,-25.4857,0.0000,0.1273,0.1273,-0.1419,0.0000,0.0000,0.0322,0.0129,0.0000
0.2000,0.8118,1.2000,0.0898,0.0535,176.1443,-25.4825,0.0000,0.1318,0.1318,-0.1381,0.0000,0.0000,0.0322,0.0129,0.0000
0.2000,0.9408,1.2000,0.0982,0.0535,176.2345,-25.4734,0.0000,0.1309,0.1309,-0.1301,0.0000,0.0000,0.0322,0.0129,0.0000
0.1999,0.8846,1.2000,0.1065,0.0535,176.3247,-25.4708,0.0000,0.1334,0.1334,-0.1275,0.0000,0.0000,0.0322,0.0129,0.0000
0.2000,0.9069,1.2000,0.1149,0.0554,176.4165,-25.4761,0.0000,0.1247,0.1247,-0.1008,0.0000,0.0000,0.0334,0.0134,0.0000
0.2000,0.8957,1.2000,0.1233,0.0554,176.5085,-25.4818,0.0000,0.1189,0.1189,-0.0956,0.0000,0.0000,0.0334,0.0134,0.0000
0.2000,0.9124,1.2000,0.1287,0.0554,176.5962,-25.4837,0.0000,0.1163,0.1163,-0.0893,0.0000,0.0000,0.0334,0.0134,0.0000
0.2000,0.9146,1.2000,0.1208,0.0554,176.6880,-25.4816,0.0000,0.1190,0.1190,-0.0812,0.0000,0.0000,0.0334,0.0134,0.0000
0.2000,0.8714,1.2000,0.1124,0.0554,176.7787,-25.4771,0.0000,0.1256,0.1256,-0.0735,0.0000,0.0000,0.0334,0.0134,0.0000
0.2000,0.9143,1.2000,0.1040,0.0554,176.8780,-25.4669,0.0000,0.1352,0.1352,-0.0642,0.0000,0.0000,0.0334,0.0134,0.0000
0.2000,0.9048,1.2000,0.0956,0.0554,176.9700,-25.4691,0.0000,0.1346,0.1346,-0.0551,0.0000,0.0000,0.0334,0.0134,0.0000
0.2000,0.9970,1.2000,0.1040,0.0866,177.0618,-25.4620,0.0000,0.1384,0.1384,-0.0919,0.0000,0.0000,0.0523,0.0209,0.0000
0.2000,0.9136,1.2000,0.1124,0.0866,177.1616,-25.4609,0.0000,0.1393,0.1393,-0.0843,0.0000,0.0000,0.0523,0.0209,0.0000
0.2000,0.9169,1.2000,0.1121,0.0866,177.2582,-25.4511,0.0000,0.1443,0.1443,-0.0781,0.0000,0.0000,0.0523,0.0209,0.0000
0.2000,0.9917,1.2000,0.1037,0.0866,177.3407,-25.4411,0.0000,0.1490,0.1490,-0.0702,0.0000,0.0000,0.0523,0.0209,0.0000
0.2000,0.9657,1.2000,0.0953,0.0866,177.4347,-25.4355,0.0000,0.1516,0.1516,-0.0631,0.0000,0.0000,0.0523,0.0209,0.0000
0.2000,0.8300,1.2000,0.0869,0.0866,177.5225,-25.4309,0.0000,0.1568,0.1568,-0.0559,0.0000,0.0000,0.0523,0.0209,0.0000
0.2000,0.9361,1.2000,0.0786,0.0866,177.6127,-25.4214,0.0000,0.1598,0.1598,-0.0487,0.0000,0.0000,0.0523,0.0209,0.0000
0.2000,0.8733,1.2000,0.0703,0.0866,177.7004,-25.4175,0.0000,0.1612,0.1612,-0.0424,0.0000,0.0000,0.0523,0.0209,0.0000
0.2000,0.9019,1.2000,0.0648,0.0896,177.7861,-25.4131,0.0000,0.1607,0.1607,-0.0572,0.0000,0.0000,0.0541,0.0217,0.0000
0.2000,0.8719,1.2000,0.0564,0.0896,177.8689,-25.4132,0.0000,0.1556,0.1556,-0.0520,0.0000,0.0000,0.0541,0.0217,0.0000
0.2000,0.8516,1.2000,0.0480,0.0896,177.9599,-25.4046,0.0000,0.1580,0.1580,-0.0473,0.0000,0.0000,0.0541,0.0217,0.0000
0.2000,0.8209,1.2000,0.0396,0.0896,178.0503,-25.3971,0.0000,0.1593,0.1593,-0.0427,0.0000,0.0000,0.0541,0.0217,0.0000
0.2000,0.9076,1.2000,0.0312,0.0896,178.1400,-25.3895,0.0000,0.1583,0.1583,-0.0385,0.0000,0.0000,0.0541,0.0217,0.0000
0.2000,0.9003,1.2000,0.0229,0.0896,178.2248,-25.3761,0.0000,0.1651,0.1651,-0.0351,0.0000,0.0000,0.0541,0.0217,0.0000
0.2000,0.8936,1.2000,0.0145,0.0896,178.3168,-25.3645,0.0000,0.1690,0.1690,-0.0324,0.0000,0.0000,0.0541,0.0217,0.0000
0.2000,0.8527,1.2000,0.0061,0.0896,178.4101,-25.3488,0.0000,0.1773,0.1773,-0.0301,0.0000,0.0000,0.0541,0.0217,0.0000
0.2000,0.9201,1.2000,0.0145,0.1059,178.4982,-25.3424,0.0000,0.1738,0.1738,-0.0478,0.0000,0.0000,0.0640,0.0256,0.0000
0.2000,0.9392,1.2000,0.0229,0.1059,178.5894,-25.3356,0.0000,0.1703,0.1703,-0.0460,0.0000,0.0000,0.0640,0.0256,0.0000
0.2000,0.8756,1.2000,0.0313,0.1059,178.6842,-25.3286,0.0000,0.1683,0.1683,-0.0449,0.0000,0.0000,0.0640,0.0256,0.0000
0.2000,0.9072,1.2000,0.0358,0.1059,178.7810,-25.3164,0.0000,0.1694,0.1694,-0.0431,0.0000,0.0000,0.0640,0.0256,0.0000
0.2000,0.9428,1.2000,0.0351,0.1059,178.8710,-25.3069,0.0000,0.1683,0.1683,-0.0418,0.0000,0.0000,0.0640,0.0256,0.0000
0.2000,0.9673,1.2000,0.0321,0.1059,178.9630,-25.2963,0.0000,0.1686,0.1686,-0.0398,0.0000,0.0000,0.0640,0.0256,0.0000
0.2000,0.8981,1.2000,0.0270,0.1059,179.0541,-25.2815,0.0000,0.1754,0.1754,-0.0371,0.0000,0.0000,0.0640,0.0256,0.0000
0.2000,0.9184,1.2000,0.0354,0.1253,179.1485,-25.2700,0.0000,0.1766,0.1766,-0.0606,0.0000,0.0000,0.0759,0.0303,0.0000
0.2000,0.9163,1.2000,0.0438,0.1253,179.2430,-25.2590,0.0000,0.1760,0.1760,-0.0566,0.0000,0.0000,0.0759,0.0303,0.0000
0.2000,0.9430,1.2000,0.0522,0.1253,179.3389,-25.2441,0.0000,0.1777,0.1777,-0.0540,0.0000,0.0000,0.0759,0.0303,0.0000
0.2000,0.9444,1.2000,0.0605,0.1253,179.4379,-25.2382,0.0000,0.1709,0.1709,-0.0511,0.0000,0.0000,0.0759,0.0303,0.0000
0.2000,0.9632,1.2000,0.0646,0.1253,179.5323,-25.2333,0.0000,0.1637,0.1637,-0.0474,0.0000,0.0000,0.0759,0.0303,0.0000
0.2000,0.9825,1.2000,0.0588,0.1253,179.6258,-25.2182,0.0000,0.1666,0.1666,-0.0441,0.0000,0.0000,0.0759,0.0303,0.0000
0.2000,0.9372,1.2000,0.0523,0.1253,179.7230,-25.2033,0.0000,0.1703,0.1703,-0.0407,0.0000,0.0000,0.0759,0.0303,0.0000
0.2000,0.9397,1.2000,0.0492,0.1253,179.7992,-25.1923,0.0000,0.1712,0.1712,-0.0389,0.0000,0.0000,0.0759,0.0303,0.0000
0.2000,0.9757,1.2000,0.0576,0.1437,179.8859,-25.1779,0.0000,0.1713,0.1713,-0.0819,0.0000,0.0000,0.0871,0.0348,0.0000
0.2000,0.7641,1.2000,0.0660,0.1437,179.9784,-25.1599,0.0000,0.1818,0.1818,-0.0778,0.0000,0.0000,0.0871,0.0348,0.0000
0.2000,0.8734,1.2000,0.0744,0.1437,180.0787,-25.1442,0.0000,0.1757,0.1757,-0.0738,0.0000,0.0000,0.0871,0.0348,0.0000
0.2000,0.9368,1.2000,0.0828,0.1437,180.1647,-25.1259,0.0000,0.1760,0.1760,-0.0718,0.0000,0.0000,0.0871,0.0348,0.0000
0.2000,1.0070,1.2000,0.0912,0.1437,180.2651,-25.1114,0.0000,0.1713,0.1713,-0.0665,0.0000,0.0000,0.0871,0.0348,0.0000
0.2000,0.8734,1.2000,0.0977,0.1437,180.3596,-25.0960,0.0000,0.1753,0.1753,-0.0612,0.0000,0.0000,0.0871,0.0348,0.0000
0.2000,1.0063,1.2000,0.0963,0.1437,180.4584,-25.0855,0.0000,0.1655,0.1655,-0.0560,0.0000,0.0000,0.0871,0.0348,0.0000
0.2000,0.9505,1.2000,0.1047,0.1535,180.5506,-25.0719,0.0000,0.1637,0.1637,-0.0952,0.0000,0.0000,0.0932,0.0373,0.0000
0.2000,0.9855,1.2000,0.1131,0.1535,180.6424,-25.0556,0.0000,0.1595,0.1595,-0.0890,0.0000,0.0000,0.0932,0.0373,0.0000
0.2000,0.9239,1.2000,0.1215,0.1535,180.7342,-25.0321,0.0000,0.1663,0.1663,-0.0833,0.0000,0.0000,0.0932,0.0373,0.0000
0.2000,0.9266,1.2000,0.1298,0.1535,180.8353,-25.0099,0.0000,0.1665,0.1665,-0.0781,0.0000,0.0000,0.0932,0.0373,0.0000
0.2000,0.9424,1.2000,0.1334,0.1535,180.9290,-24.9885,0.0000,0.1678,0.1678,-0.0719,0.0000,0.0000,0.0932,0.0373,0.0000
0.2000,1.0282,1.2000,0.1350,0.1535,181.0241,-24.9751,0.0000,0.1591,0.1591,-0.0648,0.0000,0.0000,0.0932,0.0373,0.0000
0.2000,0.9558,1.2000,0.1266,0.1535,181.1129,-24.9565,0.0000,0.1627,0.1627,-0.0567,0.0000,0.0000,0.0932,0.0373,0.0000
0.2000,0.9516,1.2000,0.1350,0.1640,181.1996,-24.9360,0.0000,0.1648,0.1648,-0.0859,0.0000,0.0000,0.0997,0.0399,0.0000
0.2000,0.9017,1.2000,0.1434,0.1640,181.2967,-24.9162,0.0000,0.1641,0.1641,-0.0766,0.0000,0.0000,0.0997,0.0399,0.0000
0.2000,0.8854,1.2000,0.1350,0.1640,181.3865,-24.8869,0.0000,0.1731,0.1731,-0.0672,0.0000,0.0000,0.0997,0.0399,0.0000
0.2000,0.9841,1.2000,0.1266,0.1640,181.4824,-24.8581,0.0000,0.1758,0.1758,-0.0594,0.0000,0.0000,0.0997,0.0399,0.0000
0.2000,0.9427,1.2000,0.1182,0.1640,181.5747,-24.8228,0.0000,0.1882,0.1882,-0.0554,0.0000,0.0000,0.0997,0.0399,0.0000
0.2000,0.9973,1.2000,0.1098,0.1640,181.6592,-24.7971,0.0000,0.1942,0.1942,-0.0446,0.0000,0.0000,0.0997,0.0399,0.0000
0.2000,0.9831,1.2000,0.1014,0.1640,181.7497,-24.7614,0.0000,0.2086,0.2086,-0.0366,0.0000,0.0000,0.0997,0.0399,0.0000
0.2000,0.8808,1.2000,0.0930,0.1640,181.8431,-24.7302,0.0000,0.2186,0.2186,-0.0295,0.0000,0.0000,0.0997,0.0399,0.0000
0.2000,0.9709,1.2000,0.1014,0.1832,181.9351,-24.7014,0.0000,0.2107,0.2107,-0.1309,0.0000,0.0000,0.1116,0.0446,0.0000
0.2000,0.9805,1.2000,0.1098,0.1832,182.0200,-24.6758,0.0000,0.2037,0.2037,-0.1282,0.0000,0.0000,0.1116,0.0446,0.0000
0.2000,0.9582,1.2000,0.1182,0.1832,182.1104,-24.6462,0.0000,0.2029,0.2029,-0.1206,0.0000,0.0000,0.1116,0.0446,0.0000
0.2000,0.8797,1.2000,0.1266,0.1832,182.1999,-24.6105,0.0000,0.2102,0.2102,-0.1148,0.0000,0.0000,0.1116,0.0446,0.0000
0.2000,0.9465,1.2000,0.1350,0.1832,182.2818,-24.5745,0.0000,0.2122,0.2122,-0.1090,0.0000,0.0000,0.1116,0.0446,0.0000
0.2000,0.9587,1.2000,0.1434,0.1832,182.3703,-24.5527,0.0000,0.2026,0.2026,-0.1014,0.0000,0.0000,0.1116,0.0446,0.0000
0.2000,0.8920,1.2000,0.1516,0.1832,182.4585,-24.5314,0.0000,0.1965,0.1965,-0.0940,0.0000,0.0000,0.1116,0.0446,0.0000
0.2000,0.9031,1.2000,0.1446,0.1674,182.5497,-24.5036,0.0000,0.1887,0.1887,-0.1381,0.0000,0.0000,0.1018,0.0407,0.0000
0.2000,0.8986,1.2000,0.1530,0.1674,182.6411,-24.4642,0.0000,0.1908,0.1908,-0.1286,0.0000,0.0000,0.1018,0.0407,0.0000
0.2000,0.9463,1.2000,0.1614,0.1674,182.7284,-24.4347,0.0000,0.1821,0.1821,-0.1203,0.0000,0.0000,0.1018,0.0407,0.0000
0.2000,0.9934,1.2000,0.1698,0.1674,182.8278,-24.3947,0.0000,0.1788,0.1788,-0.1109,0.0000,0.0000,0.1018,0.0407,0.0000
0.2000,0.9151,1.2000,0.1782,0.1674,182.9166,-24.3564,0.0000,0.1854,0.1854,-0.1010,0.0000,0.0000,0.1018,0.0407,0.0000
0.1994,1.0668,1.2000,0.1699,0.1674,183.0070,-24.3176,0.0000,0.1805,0.1805,-0.0913,0.0000,0.0000,0.1018,0.0407,0.0000
0.2000,0.9640,1.2000,0.1616,0.1674,183.0935,-24.2795,0.0000,0.1890,0.1890,-0.0804,0.0000,0.0000,0.1018,0.0407,0.0000
0.2000,0.9800,1.2000,0.1700,0.1779,183.1798,-24.2394,0.0000,0.1851,0.1851,-0.1706,0.0000,0.0000,0.1083,0.0433,0.0000
0.2000,0.9423,1.2000,0.1784,0.1779,183.2725,-24.1959,0.0000,0.1835,0.1835,-0.1604,0.0000,0.0000,0.1083,0.0433,0.0000
0.2000,0.9491,1.2000,0.1867,0.1779,183.3621,-24.1511,0.0000,0.1809,0.1809,-0.1504,0.0000,0.0000,0.1083,0.0433,0.0000
0.2000,1.0203,1.2000,0.1951,0.1779,183.4584,-24.1078,0.0000,0.1691,0.1691,-0.1403,0.0000,0.0000,0.1083,0.0433,0.0000
0.2000,0.9991,1.2000,0.2035,0.1779,183.5366,-24.0622,0.0000,0.1755,0.1755,-0.1299,0.0000,0.0000,0.1083,0.0433,0.0000
0.2000,1.0498,1.2000,0.2119,0.1779,183.6225,-24.0216,0.0000,0.1696,0.1696,-0.1185,0.0000,0.0000,0.1083,0.0433,0.0000
0.2000,0.9059,1.2000,0.2169,0.1779,183.7051,-23.9700,0.0000,0.1860,0.1860,-0.1068,0.0000,0.0000,0.1083,0.0433,0.0000
0.2000,0.9456,1.2000,0.2103,0.1629,183.7900,-23.9194,0.0000,0.1857,0.1857,-0.1533,0.0000,0.0000,0.0990,0.0396,0.0000
0.2000,0.9756,1.2000,0.2187,0.1629,183.8692,-23.8678,0.0000,0.1882,0.1882,-0.1408,0.0000,0.0000,0.0990,0.0396,0.0000
0.2000,0.9884,1.2000,0.2271,0.1629,183.9516,-23.8189,0.0000,0.1883,0.1883,-0.1280,0.0000,0.0000,0.0990,0.0396,0.0000
0.2000,0.9474,1.2000,0.2187,0.1629,184.0261,-23.7653,0.0000,0.1999,0.1999,-0.1153,0.0000,0.0000,0.0990,0.0396,0.0000
0.2000,0.9566,1.2000,0.2103,0.1629,184.1112,-23.7101,0.0000,0.2043,0.2043,-0.1017,0.0000,0.0000,0.0990,0.0396,0.0000
0.2000,0.9223,1.2000,0.2019,0.1629,184.1966,-23.6582,0.0000,0.2081,0.2081,-0.0877,0.0000,0.0000,0.0990,0.0396,0.0000
0.2000,1.0144,1.2000,0.2103,0.1701,184.2734,-23.6055,0.0000,0.2119,0.2119,-0.1411,0.0000,0.0000,0.1035,0.0414,0.0000
0.2000,0.9968,1.2000,0.2185,0.1701,184.3553,-23.5457,0.0000,0.2169,0.2169,-0.1279,0.0000,0.0000,0.1035,0.0414,0.0000
0.2000,0.9331,1.2000,0.2101,0.1701,184.4368,-23.4795,0.0000,0.2295,0.2295,-0.1148,0.0000,0.0000,0.1035,0.0414,0.0000
0.2000,1.0135,1.2000,0.2017,0.1701,184.5114,-23.4157,0.0000,0.2362,0.2362,-0.1018,0.0000,0.0000,0.1035,0.0414,0.0000
0.2000,1.0531,1.2000,0.1933,0.1701,184.5908,-23.3519,0.0000,0.2429,0.2429,-0.0888,0.0000,0.0000,0.1035,0.0414,0.0000
0.2000,1.0190,1.2000,0.1849,0.1701,184.6635,-23.2902,0.0000,0.2553,0.2553,-0.0758,0.0000,0.0000,0.1035,0.0414,0.0000
0.2000,1.0190,1.2000,0.1765,0.1701,184.7354,-23.2311,0.0000,0.2643,0.2643,-0.0636,0.0000,0.0000,0.1035,0.0414,0.0000
0.2000,0.9562,1.2000,0.1681,0.1701,184.8144,-23.1704,0.0000,0.2714,0.2714,-0.0521,0.0000,0.0000,0.1035,0.0414,0.0000
0.2000,0.9302,1.2000,0.1615,0.1719,184.8957,-23.1082,0.0000,0.2711,0.2711,-0.1100,0.0000,0.0000,0.1046,0.0418,0.0000
0.2000,0.9927,1.2000,0.1531,0.1719,184.9753,-23.0374,0.0000,0.2734,0.2734,-0.0982,0.0000,0.0000,0.1046,0.0418,0.0000
0.1999,1.0192,1.2000,0.1447,0.1719,185.0491,-22.9662,0.0000,0.2817,0.2817,-0.0872,0.0000,0.0000,0.1046,0.0418,0.0000
0.1998,1.0631,1.2000,0.1363,0.1719,185.1207,-22.8893,0.0000,0.2951,0.2951,-0.0767,0.0000,0.0000,0.1046,0.0418,0.0000
0.2000,1.0252,1.2000,0.1279,0.1719,185.2028,-22.8209,0.0000,0.2980,0.2980,-0.0668,0.0000,0.0000,0.1046,0.0418,0.0000
0.1997,1.0522,1.2000,0.1195,0.1719,185.2860,-22.7576,0.0000,0.2931,0.2931,-0.0591,0.0000,0.0000,0.1046,0.0418,0.0000
0.1910,1.0628,1.2000,0.1262,0.1702,185.3595,-22.6917,0.0000,0.2894,0.2894,-0.1385,0.0000,0.0000,0.1035,0.0414,0.0000
0.2000,1.0364,1.2000,0.1346,0.1702,185.4333,-22.6262,0.0000,0.2859,0.2859,-0.1313,0.0000,0.0000,0.1035,0.0414,0.0000
0.2000,0.9831,1.2000,0.1430,0.1702,185.5145,-22.5578,0.0000,0.2803,0.2803,-0.1245,0.0000,0.0000,0.1035,0.0414,0.0000
0.2000,0.9808,1.2000,0.1514,0.1702,185.5905,-22.4987,0.0000,0.2694,0.2694,-0.1163,0.0000,0.0000,0.1035,0.0414,0.0000
0.1995,1.0536,1.2000,0.1451,0.1702,185.6602,-22.4337,0.0000,0.2632,0.2632,-0.1078,0.0000,0.0000,0.1035,0.0414,0.0000
0.2000,0.9538,1.2000,0.1367,0.1702,185.7310,-22.3665,0.0000,0.2663,0.2663,-0.1007,0.0000,0.0000,0.1035,0.0414,0.0000
0.2000,0.9476,1.2000,0.1283,0.1702,185.8049,-22.2937,0.0000,0.2671,0.2671,-0.0908,0.0000,0.0000,0.1035,0.0414,0.0000
0.2000,0.9696,1.2000,0.1211,0.1548,185.8702,-22.2299,0.0000,0.2647,0.2647,-0.1111,0.0000,0.0000,0.0940,0.0376,0.0000
0.2001,1.0322,1.2000,0.1292,0.1548,185.9431,-22.1590,0.0000,0.2570,0.2570,-0.1043,0.0000,0.0000,0.0940,0.0376,0.0000
0.2000,0.9084,1.2000,0.1208,0.1548,186.0098,-22.0863,0.0000,0.2657,0.2657,-0.0954,0.0000,0.0000,0.0940,0.0376,0.0000
0.2000,1.0101,1.2000,0.1124,0.1548,186.0705,-22.0090,0.0000,0.2701,0.2701,-0.0883,0.0000,0.0000,0.0940,0.0376,0.0000
0.2000,0.9829,1.2000,0.1040,0.1548,186.1415,-21.9342,0.0000,0.2717,0.2717,-0.0800,0.0000,0.0000,0.0940,0.0376,0.0000
0.2000,0.9805,1.2000,0.0956,0.1548,186.2095,-21.8589,0.0000,0.2743,0.2743,-0.0726,0.0000,0.0000,0.0940,0.0376,0.0000
0.2000,1.0254,1.2000,0.1040,0.1669,186.2764,-21.7782,0.0000,0.2764,0.2764,-0.1836,0.0000,0.0000,0.1015,0.0406,0.0000
0.2000,1.0086,1.2000,0.1124,0.1669,186.3468,-21.7085,0.0000,0.2621,0.2621,-0.1792,0.0000,0.0000,0.1015,0.0406,0.0000
0.1999,1.0424,1.2000,0.1208,0.1669,186.4046,-21.6343,0.0000,0.2566,0.2566,-0.1740,0.0000,0.0000,0.1015,0.0406,0.0000
0.2000,0.9822,1.2000,0.1292,0.1669,186.4735,-21.5581,0.0000,0.2514,0.2514,-0.1687,0.0000,0.0000,0.1015,0.0406,0.0000
0.2000,0.9356,1.2000,0.1376,0.1669,186.5393,-21.4861,0.0000,0.2452,0.2452,-0.1625,0.0000,0.0000,0.1015,0.0406,0.0000
0.2000,1.0203,1.2000,0.1460,0.1669,186.6036,-21.4195,0.0000,0.2269,0.2269,-0.1560,0.0000,0.0000,0.1015,0.0406,0.0000
0.2000,0.9686,1.2000,0.1544,0.1669,186.6682,-21.3376,0.0000,0.2279,0.2279,-0.1494,0.0000,0.0000,0.1015,0.0406,0.0000
0.2000,0.9185,1.2000,0.1628,0.1669,186.7323,-21.2654,0.0000,0.2229,0.2229,-0.1432,0.0000,0.0000,0.1015,0.0406,0.0000
0.2000,1.0375,1.2000,0.1544,0.1330,186.7965,-21.1896,0.0000,0.1983,0.1983,-0.2166,0.0000,0.0000,0.0806,0.0322,0.0000
0.2000,0.9583,1.2000,0.1627,0.1330,186.8530,-21.1129,0.0000,0.2006,0.2006,-0.2077,0.0000,0.0000,0.0806,0.0322,0.0000
0.2000,0.9881,1.2000,0.1710,0.1330,186.9124,-21.0348,0.0000,0.1897,0.1897,-0.1988,0.0000,0.0000,0.0806,0.0322,0.0000
0.2000,0.9499,1.2000,0.1794,0.1330,186.9693,-20.9660,0.0000,0.1829,0.1829,-0.1900,0.0000,0.0000,0.0806,0.0322,0.0000
0.2000,0.9775,1.2000,0.1878,0.1330,187.0403,-20.8953,0.0000,0.1581,0.1581,-0.1822,0.0000,0.0000,0.0806,0.0322,0.0000
0.2000,0.8874,1.2000,0.1960,0.1330,187.0979,-20.8197,0.0000,0.1589,0.1589,-0.1719,0.0000,0.0000,0.0806,0.0322,0.0000
0.2000,0.9919,1.2000,0.1876,0.1101,187.1573,-20.7397,0.0000,0.1444,0.1444,-0.2101,0.0000,0.0000,0.0666,0.0266,0.0000
0.2000,0.9463,1.2000,0.1959,0.1101,187.2145,-20.6631,0.0000,0.1388,0.1388,-0.1985,0.0000,0.0000,0.0666,0.0266,0.0000
0.2000,0.9921,1.2000,0.2042,0.1101,187.2668,-20.5834,0.0000,0.1304,0.1304,-0.1860,0.0000,0.0000,0.0666,0.0266,0.0000
0.2000,0.9516,1.2000,0.2126,0.1101,187.3239,-20.4981,0.0000,0.1285,0.1285,-0.1732,0.0000,0.0000,0.0666,0.0266,0.0000
0.2000,0.9527,1.2000,0.2210,0.1101,187.3756,-20.4185,0.0000,0.1246,0.1246,-0.1612,0.0000,0.0000,0.0666,0.0266,0.0000
0.1999,1.0242,1.2000,0.2293,0.1101,187.4200,-20.3470,0.0000,0.1184,0.1184,-0.1490,0.0000,0.0000,0.0666,0.0266,0.0000
0.2000,0.9464,1.2000,0.2377,0.1101,187.4584,-20.2664,0.0000,0.1329,0.1329,-0.1362,0.0000,0.0000,0.0666,0.0266,0.0000
0.2000,0.8410,1.2000,0.2459,0.1101,187.4971,-20.1850,0.0000,0.1477,0.1477,-0.1249,0.0000,0.0000,0.0666,0.0266,0.0000
0.2000,0.8994,1.2000,0.2397,0.0955,187.5329,-20.1089,0.0000,0.1528,0.1528,-0.1676,0.0000,0.0000,0.0577,0.0231,0.0000
0.2000,0.9042,1.2000,0.2481,0.0955,187.5666,-20.0327,0.0000,0.1584,0.1584,-0.1548,0.0000,0.0000,0.0577,0.0231,0.0000
0.2000,0.8457,1.2000,0.2497,0.0955,187.6083,-19.9536,0.0000,0.1625,0.1625,-0.1418,0.0000,0.0000,0.0577,0.0231,0.0000
0.2000,0.8386,1.2000,0.2414,0.0955,187.6467,-19.8812,0.0000,0.1629,0.1629,-0.1289,0.0000,0.0000,0.0577,0.0231,0.0000
0.2000,0.8944,1.2000,0.2330,0.0955,187.6875,-19.8079,0.0000,0.1576,0.1576,-0.1162,0.0000,0.0000,0.0577,0.0231,0.0000
0.2000,0.8195,1.2000,0.2246,0.0955,187.7244,-19.7305,0.0000,0.1652,0.1652,-0.1031,0.0000,0.0000,0.0577,0.0231,0.0000
0.2000,0.8362,1.2000,0.2162,0.0955,187.7504,-19.6503,0.0000,0.1792,0.1792,-0.0890,0.0000,0.0000,0.0577,0.0231,0.0000
0.2000,0.8585,1.2000,0.2078,0.0955,187.7827,-19.5736,0.0000,0.1860,0.1860,-0.0748,0.0000,0.0000,0.0577,0.0231,0.0000
0.2000,0.8523,1.2000,0.1994,0.0955,187.8142,-19.4968,0.0000,0.1946,0.1946,-0.0614,0.0000,0.0000,0.0577,0.0231,0.0000
0.2000,0.8356,1.2000,0.1910,0.0745,187.8534,-19.4085,0.0000,0.1938,0.1938,-0.1578,0.0000,0.0000,0.0449,0.0180,0.0000
0.2000,0.8320,1.2000,0.1994,0.0745,187.8821,-19.3251,0.0000,0.1973,0.1973,-0.1455,0.0000,0.0000,0.0449,0.0180,0.0000
0.2000,0.9642,1.2000,0.1932,0.0745,187.9058,-19.2437,0.0000,0.1958,0.1958,-0.1335,0.0000,0.0000,0.0449,0.0180,0.0000
0.2000,0.8845,1.2000,0.1848,0.0745,187.9272,-19.1606,0.0000,0.2111,0.2111,-0.1220,0.0000,0.0000,0.0449,0.0180,0.0000
0.2000,0.8531,1.2000,0.1764,0.0745,187.9507,-19.0779,0.0000,0.2207,0.2207,-0.1108,0.0000,0.0000,0.0449,0.0180,0.0000
0.2000,0.8626,1.2000,0.1680,0.0745,187.9739,-18.9894,0.0000,0.2299,0.2299,-0.0996,0.0000,0.0000,0.0449,0.0180,0.0000
0.2000,0.8626,1.2000,0.1597,0.0745,187.9873,-18.9042,0.0000,0.2476,0.2476,-0.0891,0.0000,0.0000,0.0449,0.0180,0.0000
0.2000,0.9178,1.2000,0.1513,0.0210,188.0019,-18.8186,0.0000,0.2606,0.2606,-0.1240,0.0000,0.0000,0.0127,0.0051,0.0000
0.2000,0.8686,1.2000,0.1429,0.0210,188.0229,-18.7379,0.0000,0.2688,0.2688,-0.1140,0.0000,0.0000,0.0127,0.0051,0.0000
0.2000,0.8742,1.2000,0.1345,0.0210,188.0394,-18.6524,0.0000,0.2791,0.2791,-0.1045,0.0000,0.0000,0.0127,0.0051,0.0000
0.2000,0.8348,1.2000,0.1261,0.0210,188.0562,-18.5675,0.0000,0.2906,0.2906,-0.0963,0.0000,0.0000,0.0127,0.0051,0.0000
0.2000,0.8725,1.2000,0.1177,0.0210,188.0818,-18.4754,0.0000,0.2920,0.2920,-0.0877,0.0000,0.0000,0.0127,0.0051,0.0000
0.2000,0.8665,1.2000,0.1093,0.0210,188.1008,-18.3871,0.0000,0.3000,0.3000,-0.0810,0.0000,0.0000,0.0127,0.0051,0.0000
0.2000,0.9525,1.2000,0.1010,0.0210,188.1194,-18.3022,0.0000,0.3034,0.3034,-0.0756,0.0000,0.0000,0.0127,0.0051,0.0000
0.2000,0.9000,1.2000,0.0926,0.0210,188.1370,-18.2134,0.0000,0.3147,0.3147,-0.0692,0.0000,0.0000,0.0127,0.0051,0.0000
0.1999,0.8662,1.2000,0.0842,-0.0052,188.1572,-18.1181,0.0000,0.3235,0.3235,-0.0792,0.0000,0.0000,-0.0031,-0.0012,0.0000
0.2000,0.9024,1.2000,0.0758,-0.0052,188.1808,-18.0329,0.0000,0.3214,0.3214,-0.0765,0.0000,0.0000,-0.0031,-0.0012,0.0000
0.2000,0.9700,1.2000,0.0674,-0.0052,188.2015,-17.9441,0.0000,0.3227,0.3227,-0.0721,0.0000,0.0000,-0.0031,-0.0012,0.0000
0.2000,0.8772,1.2000,0.0590,-0.0052,188.2282,-17.8528,0.0000,0.3250,0.3250,-0.0670,0.0000,0.0000,-0.0031,-0.0012,0.0000
0.2000,0.9069,1.2000,0.0506,-0.0052,188.2512,-17.7636,0.0000,0.3262,0.3262,-0.0614,0.0000,0.0000,-0.0031,-0.0012,0.0000
0.2000,0.9445,1.2000,0.0422,-0.0052,188.2688,-17.6784,0.0000,0.3309,0.3309,-0.0572,0.0000,0.0000,-0.0031,-0.0012,0.0000
0.2000,0.9147,1.2000,0.0338,-0.0052,188.2897,-17.5763,0.0000,0.3390,0.3390,-0.0523,0.0000,0.0000,-0.0031,-0.0012,0.0000
0.2000,0.8652,1.2000,0.0254,-0.0052,188.2984,-17.4830,0.0000,0.3553,0.3553,-0.0511,0.0000,0.0000,-0.0031,-0.0012,0.0000
0.1999,1.0364,1.2000,0.0170,-0.0185,188.3340,-17.4263,0.0000,0.3304,0.3304,-0.0521,0.0000,0.0000,-0.0111,-0.0045,0.0000
0.2000,0.9303,1.2000,0.0086,-0.0185,188.3475,-17.3307,0.0000,0.3458,0.3458,-0.0470,0.0000,0.0000,-0.0111,-0.0045,0.0000
0.2000,0.6632,1.2000,0.0002,-0.0185,188.3669,-17.2554,0.0000,0.3520,0.3520,-0.0464,0.0000,0.0000,-0.0111,-0.0045,0.0000
0.2000,0.9610,1.2000,-0.0082,-0.0185,188.3935,-17.1629,0.0000,0.3427,0.3427,-0.0448,0.0000,0.0000,-0.0111,-0.0045,0.0000
0.2000,0.7715,1.2000,-0.0165,-0.0185,188.4052,-17.0672,0.0000,0.3595,0.3595,-0.0439,0.0000,0.0000,-0.0111,-0.0045,0.0000
0.2000,0.9545,1.2000,-0.0249,-0.0185,188.4242,-16.9771,0.0000,0.3592,0.3592,-0.0437,0.0000,0.0000,-0.0111,-0.0045,0.0000
0.2000,0.9570,1.2000,-0.0333,-0.0185,188.4522,-16.8858,0.0000,0.3546,0.3546,-0.0433,0.0000,0.0000,-0.0111,-0.0045,0.0000
0.2000,0.9124,1.2000,-0.0417,-0.0270,188.4848,-16.8036,0.0000,0.3430,0.3430,-0.0691,0.0000,0.0000,-0.0163,-0.0065,0.0000
0.2000,0.9468,1.2000,-0.0501,-0.0270,188.5150,-16.7149,0.0000,0.3313,0.3313,-0.0703,0.0000,0.0000,-0.0163,-0.0065,0.0000
0.2000,0.8778,1.2000,-0.0585,-0.0270,188.5346,-16.6186,0.0000,0.3352,0.3352,-0.0722,0.0000,0.0000,-0.0163,-0.0065,0.0000
0.2000,0.9293,1.2000,-0.0669,-0.0270,188.5640,-16.5237,0.0000,0.3240,0.3240,-0.0758,0.0000,0.0000,-0.0163,-0.0065,0.0000
0.2000,0.9736,1.2000,-0.0753,-0.0270,188.5936,-16.4303,0.0000,0.3128,0.3128,-0.0786,0.0000,0.0000,-0.0163,-0.0065,0.0000
0.2000,0.9849,1.2000,-0.0837,-0.0270,188.6228,-16.3393,0.0000,0.3022,0.3022,-0.0822,0.0000,0.0000,-0.0163,-0.0065,0.0000
0.2000,0.9715,1.2000,-0.0891,-0.0270,188.6523,-16.2460,0.0000,0.2927,0.2927,-0.0862,0.0000,0.0000,-0.0163,-0.0065,0.0000
0.2000,0.9478,1.2000,-0.0975,-0.0485,188.6804,-16.1598,0.0000,0.2832,0.2832,-0.0964,0.0000,0.0000,-0.0293,-0.0117,0.0000
0.2000,0.9705,1.2000,-0.0927,-0.0485,188.7066,-16.0830,0.0000,0.2726,0.2726,-0.0975,0.0000,0.0000,-0.0293,-0.0117,0.0000
0.2000,0.8996,1.2000,-0.0893,-0.0485,188.7218,-15.9956,0.0000,0.2782,0.2782,-0.1017,0.0000,0.0000,-0.0293,-0.0117,0.0000
0.2000,0.8042,1.2000,-0.0810,-0.0485,188.7683,-15.9053,0.0000,0.2539,0.2539,-0.1097,0.0000,0.0000,-0.0293,-0.0117,0.0000
0.2000,0.8769,1.2000,-0.0728,-0.0485,188.8101,-15.7981,0.0000,0.2288,0.2288,-0.1177,0.0000,0.0000,-0.0293,-0.0117,0.0000
0.2000,1.0141,1.2000,-0.0644,-0.0485,188.8666,-15.7176,0.0000,0.1801,0.1801,-0.1235,0.0000,0.0000,-0.0293,-0.0117,0.0000
0.1111,1.1427,1.2000,-0.0560,-0.0485,188.9028,-15.6358,0.0000,0.1535,0.1535,-0.1250,0.0000,0.0000,-0.0293,-0.0117,0.0000
0.2000,0.9834,1.2000,-0.0477,-0.0485,188.9417,-15.5480,0.0000,0.1421,0.1421,-0.1298,0.0000,0.0000,-0.0293,-0.0117,0.0000
0.2000,0.8877,1.2200,-0.0545,-0.0638,188.9684,-15.4634,0.0000,0.1391,0.1391,-0.1197,0.0000,0.0000,-0.0385,-0.0154,0.0000
0.1999,0.9536,1.2400,-0.0461,-0.0638,189.0014,-15.3741,0.0000,0.1221,0.1221,-0.1228,0.0000,0.0000,-0.0385,-0.0154,0.0000
0.1999,0.8790,1.2600,-0.0378,-0.0638,189.0411,-15.2922,0.0000,0.1055,0.1055,-0.1259,0.0000,0.0000,-0.0385,-0.0154,0.0000
0.1999,0.9440,1.2800,-0.0294,-0.0638,189.0815,-15.2057,0.0000,0.0803,0.0803,-0.1295,0.0000,0.0000,-0.0385,-0.0154,0.0000
0.1999,0.9046,1.3000,-0.0212,-0.0638,189.1242,-15.1187,0.0000,0.0597,0.0597,-0.1329,0.0000,0.0000,-0.0385,-0.0154,0.0000
0.1999,0.9475,1.3200,-0.0128,-0.0638,189.1497,-15.0429,0.0000,0.0488,0.0488,-0.1344,0.0000,0.0000,-0.0385,-0.0154,0.0000
0.1999,0.9630,1.3400,-0.0044,-0.0638,189.1805,-14.9526,0.0000,0.0371,0.0371,-0.1372,0.0000,0.0000,-0.0385,-0.0154,0.0000
0.1999,0.7924,1.3600,0.0040,-0.0638,189.2156,-14.8708,0.0000,0.0325,0.0325,-0.1396,0.0000,0.0000,-0.0385,-0.0154,0.0000
0.2000,0.9449,1.3800,0.0068,-0.0695,189.2528,-14.7876,0.0000,0.0099,0.0099,-0.0651,0.0000,0.0000,-0.0419,-0.0168,0.0000
0.2000,0.8834,1.4000,0.0152,-0.0695,189.2895,-14.6964,0.0000,0.0045,0.0045,-0.0650,0.0000,0.0000,-0.0419,-0.0168,0.0000
0.2000,0.9042,1.4200,0.0236,-0.0695,189.3178,-14.6028,0.0000,0.0056,0.0056,-0.0643,0.0000,0.0000,-0.0419,-0.0168,0.0000
0.2000,0.9744,1.4400,0.0320,-0.0695,189.3500,-14.5058,0.0000,0.0023,0.0023,-0.0637,0.0000,0.0000,-0.0419,-0.0168,0.0000
0.2000,0.9697,1.4600,0.0403,-0.0695,189.3836,-14.4059,0.0000,0.0008,0.0008,-0.0635,0.0000,0.0000,-0.0419,-0.0168,0.0000
0.1999,1.0134,1.4800,0.0412,-0.0695,189.4087,-14.3078,0.0000,0.0055,0.0055,-0.0629,0.0000,0.0000,-0.0419,-0.0168,0.0000
0.1999,1.0452,1.5000,0.0496,-0.0445,189.4366,-14.2071,0.0000,0.0102,0.0102,-0.0499,0.0000,0.0000,-0.0268,-0.0107,0.0000
0.1999,1.0042,1.5200,0.0428,-0.0445,189.4661,-14.1068,0.0000,0.0163,0.0163,-0.0463,0.0000,0.0000,-0.0268,-0.0107,0.0000
0.1999,1.0372,1.5400,0.0367,-0.0445,189.5020,-14.0080,0.0000,0.0135,0.0135,-0.0442,0.0000,0.0000,-0.0268,-0.0107,0.0000
0.1999,1.0389,1.5600,0.0306,-0.0445,189.5395,-13.9041,0.0000,0.0116,0.0116,-0.0416,0.0000,0.0000,-0.0268,-0.0107,0.0000
0.1999,1.0417,1.5800,0.0229,-0.0445,189.5716,-13.7927,0.0000,0.0172,0.0172,-0.0391,0.0000,0.0000,-0.0268,-0.0107,0.0000
0.1999,1.1503,1.6000,0.0145,-0.0445,189.6012,-13.6828,0.0000,0.0231,0.0231,-0.0360,0.0000,0.0000,-0.0268,-0.0107,0.0000
0.2000,1.1503,1.6200,0.0061,-0.0507,189.6415,-13.5872,0.0000,0.0167,0.0167,-0.0170,0.0000,0.0000,-0.0306,-0.0122,0.0000
0.2000,1.1298,1.6400,-0.0023,-0.0507,189.6822,-13.4836,0.0000,0.0134,0.0134,-0.0156,0.0000,0.0000,-0.0306,-0.0122,0.0000
0.2000,1.0279,1.6600,-0.0107,-0.0507,189.7088,-13.3630,0.0000,0.0285,0.0285,-0.0158,0.0000,0.0000,-0.0306,-0.0122,0.0000
0.2000,1.1039,1.6800,-0.0191,-0.0507,189.7497,-13.2508,0.0000,0.0273,0.0273,-0.0137,0.0000,0.0000,-0.0306,-0.0122,0.0000
0.2000,1.2244,1.7000,-0.0275,-0.0507,189.7933,-13.1364,0.0000,0.0234,0.0234,-0.0130,0.0000,0.0000,-0.0306,-0.0122,0.0000
0.2000,1.1837,1.7200,-0.0359,-0.0507,189.8286,-13.0246,0.0000,0.0269,0.0269,-0.0131,0.0000,0.0000,-0.0306,-0.0122,0.0000
0.2000,1.2137,1.7400,-0.0443,-0.0569,189.8730,-12.9196,0.0000,0.0198,0.0198,0.0063,0.0000,0.0000,-0.0343,-0.0137,0.0000
0.2000,1.1625,1.7600,-0.0527,-0.0569,189.9136,-12.7968,0.0000,0.0202,0.0202,-0.0008,0.0000,0.0000,-0.0343,-0.0137,0.0000
0.2000,1.1312,1.7800,-0.0563,-0.0569,189.9692,-12.6771,0.0000,0.0100,0.0100,-0.0006,0.0000,0.0000,-0.0343,-0.0137,0.0000
0.2000,1.2815,1.8000,-0.0509,-0.0569,190.0284,-12.5483,0.0000,-0.0043,-0.0043,-0.0065,0.0000,0.0000,-0.0343,-0.0137,0.0000
0.2000,1.3083,1.8200,-0.0457,-0.0569,190.0740,-12.4152,0.0000,-0.0034,-0.0034,-0.0106,0.0000,0.0000,-0.0343,-0.0137,0.0000
0.2000,1.4084,1.8400,-0.0398,-0.0594,190.1265,-12.2956,0.0000,-0.0159,-0.0159,-0.0194,0.0000,0.0000,-0.0358,-0.0143,0.0000
0.2000,1.3939,1.8600,-0.0314,-0.0594,190.1833,-12.1684,0.0000,-0.0271,-0.0271,-0.0224,0.0000,0.0000,-0.0358,-0.0143,0.0000
0.2000,1.2967,1.8800,-0.0230,-0.0594,190.2321,-12.0371,0.0000,-0.0306,-0.0306,-0.0288,0.0000,0.0000,-0.0358,-0.0143,0.0000
0.2000,1.3822,1.9000,-0.0146,-0.0594,190.2909,-11.8915,0.0000,-0.0403,-0.0403,-0.0342,0.0000,0.0000,-0.0358,-0.0143,0.0000
0.2000,1.3878,1.9200,-0.0230,-0.0752,190.3340,-11.7563,0.0000,-0.0359,-0.0359,0.0066,0.0000,0.0000,-0.0454,-0.0182,0.0000
-0.2000,1.5571,1.8800,-0.0314,-0.0752,190.3865,-11.6181,0.0000,-0.0295,-0.0295,0.0074,0.0000,0.0000,-0.0454,-0.0182,0.0000
0.2000,1.4059,1.9000,-0.0398,-0.0752,190.4369,-11.4740,0.0000,-0.0243,-0.0243,0.0022,0.0000,0.0000,-0.0454,-0.0182,0.0000
0.2000,1.4655,1.9200,-0.0482,-0.0752,190.4901,-11.3376,0.0000,-0.0204,-0.0204,0.0021,0.0000,0.0000,-0.0454,-0.0182,0.0000
-0.2000,1.5121,1.8800,-0.0566,-0.0752,190.5595,-11.2008,0.0000,-0.0327,-0.0327,0.0003,0.0000,0.0000,-0.0454,-0.0182,0.0000
0.0002,1.4515,1.8400,-0.0482,-0.0664,190.6269,-11.0734,0.0000,-0.0468,-0.0468,0.0100,0.0000,0.0000,-0.0401,-0.0160,0.0000
-0.1999,1.5217,1.8000,-0.0472,-0.0664,190.6880,-10.9319,0.0000,-0.0537,-0.0537,-0.0003,0.0000,0.0000,-0.0401,-0.0160,0.0000
-0.2000,1.4304,1.7600,-0.0388,-0.0664,190.7418,-10.7743,0.0000,-0.0433,-0.0433,-0.0050,0.0000,0.0000,-0.0401,-0.0160,0.0000
-0.2000,1.5295,1.7200,-0.0317,-0.0664,190.8024,-10.6380,0.0000,-0.0468,-0.0468,-0.0080,0.0000,0.0000,-0.0401,-0.0160,0.0000
-0.2000,1.6498,1.6800,-0.0401,-0.0728,190.8638,-10.4848,0.0000,-0.0422,-0.0422,0.0301,0.0000,0.0000,-0.0439,-0.0176,0.0000
-0.2000,1.4786,1.6400,-0.0485,-0.0728,190.9285,-10.3378,0.0000,-0.0422,-0.0422,0.0244,0.0000,0.0000,-0.0439,-0.0176,0.0000
-0.2000,1.6355,1.6000,-0.0569,-0.0728,190.9974,-10.1980,0.0000,-0.0403,-0.0403,0.0246,0.0000,0.0000,-0.0439,-0.0176,0.0000
-0.2000,1.5924,1.5600,-0.0653,-0.0728,191.0559,-10.0542,0.0000,-0.0349,-0.0349,0.0181,0.0000,0.0000,-0.0439,-0.0176,0.0000
-0.2000,1.5450,1.5240,-0.0642,-0.0632,191.1159,-9.9115,0.0000,-0.0280,-0.0280,0.0237,0.0000,0.0000,-0.0382,-0.0153,0.0000
-0.1999,1.5378,1.4916,-0.0671,-0.0632,191.1898,-9.7873,0.0000,-0.0423,-0.0423,0.0186,0.0000,0.0000,-0.0382,-0.0153,0.0000
-0.1999,1.5348,1.4624,-0.0590,-0.0632,191.2665,-9.6374,0.0000,-0.0491,-0.0491,0.0117,0.0000,0.0000,-0.0382,-0.0153,0.0000
-0.2000,1.4352,1.4362,-0.0506,-0.0632,191.3316,-9.4987,0.0000,-0.0495,-0.0495,0.0063,0.0000,0.0000,-0.0382,-0.0153,0.0000
-0.2000,1.6707,1.4126,-0.0422,-0.0632,191.4086,-9.3711,0.0000,-0.0701,-0.0701,-0.0054,0.0000,0.0000,-0.0382,-0.0153,0.0000
-0.2000,1.5186,1.3913,-0.0506,-0.0703,191.4827,-9.2387,0.0000,-0.0756,-0.0756,0.0439,0.0000,0.0000,-0.0424,-0.0170,0.0000
-0.2000,1.4835,1.3722,-0.0590,-0.0703,191.5413,-9.1125,0.0000,-0.0678,-0.0678,0.0400,0.0000,0.0000,-0.0424,-0.0170,0.0000
-0.2000,1.5050,1.3550,-0.0624,-0.0703,191.6226,-8.9984,0.0000,-0.0875,-0.0875,0.0321,0.0000,0.0000,-0.0424,-0.0170,0.0000
-0.2000,1.3787,1.3395,-0.0541,-0.0703,191.6650,-8.8955,0.0000,-0.0796,-0.0796,0.0262,0.0000,0.0000,-0.0424,-0.0170,0.0000
-0.2000,1.3951,1.3255,-0.0457,-0.0703,191.7186,-8.7826,0.0000,-0.0732,-0.0732,0.0218,0.0000,0.0000,-0.0424,-0.0170,0.0000
0.0134,1.1007,1.3130,-0.0373,-0.0703,191.7746,-8.6797,0.0000,-0.0766,-0.0766,0.0171,0.0000,0.0000,-0.0424,-0.0170,0.0000
0.0539,1.2383,1.3017,-0.0292,-0.0703,191.8364,-8.5842,0.0000,-0.0850,-0.0850,0.0121,0.0000,0.0000,-0.0424,-0.0170,0.0000
0.1332,1.1611,1.2915,-0.0208,-0.0548,191.8950,-8.4873,0.0000,-0.0904,-0.0904,0.0208,0.0000,0.0000,-0.0331,-0.0132,0.0000
0.2000,1.1308,1.2824,-0.0124,-0.0548,191.9563,-8.3849,0.0000,-0.0918,-0.0918,0.0206,0.0000,0.0000,-0.0331,-0.0132,0.0000
0.2000,1.1236,1.2741,-0.0040,-0.0548,192.0069,-8.2879,0.0000,-0.0888,-0.0888,0.0165,0.0000,0.0000,-0.0331,-0.0132,0.0000
0.1675,1.1829,1.2667,0.0040,-0.0548,192.0640,-8.2032,0.0000,-0.0966,-0.0966,0.0133,0.0000,0.0000,-0.0331,-0.0132,0.0000
0.1997,1.0843,1.2600,0.0124,-0.0548,192.1154,-8.1143,0.0000,-0.0971,-0.0971,0.0125,0.0000,0.0000,-0.0331,-0.0132,0.0000
0.2000,1.0139,1.2540,0.0083,-0.0548,192.1701,-8.0113,0.0000,-0.0914,-0.0914,0.0147,0.0000,0.0000,-0.0331,-0.0132,0.0000
0.2000,1.0190,1.2486,0.0079,-0.0548,192.2205,-7.9320,0.0000,-0.0958,-0.0958,0.0128,0.0000,0.0000,-0.0331,-0.0132,0.0000
0.1105,1.1561,1.2438,-0.0005,-0.0571,192.2706,-7.8581,0.0000,-0.0950,-0.0950,0.0848,0.0000,0.0000,-0.0344,-0.0138,0.0000
0.2000,0.9322,1.2394,-0.0089,-0.0571,192.3211,-7.7667,0.0000,-0.0932,-0.0932,0.0871,0.0000,0.0000,-0.0344,-0.0138,0.0000
0.2000,0.8852,1.2594,-0.0089,-0.0571,192.3391,-7.6930,0.0000,-0.0694,-0.0694,0.0844,0.0000,0.0000,-0.0344,-0.0138,0.0000
0.1406,1.0355,1.2535,-0.0173,-0.0571,192.3878,-7.6088,0.0000,-0.0541,-0.0541,0.0871,0.0000,0.0000,-0.0344,-0.0138,0.0000
0.2000,0.7486,1.2735,-0.0257,-0.0571,192.4273,-7.5349,0.0000,-0.0581,-0.0581,0.0846,0.0000,0.0000,-0.0344,-0.0138,0.0000
0.1265,0.9646,1.2661,-0.0341,-0.0571,192.4741,-7.4484,0.0000,-0.0375,-0.0375,0.0865,0.0000,0.0000,-0.0344,-0.0138,0.0000
0.1999,0.8312,1.2861,-0.0425,-0.0571,192.5092,-7.3750,0.0000,-0.0321,-0.0321,0.0830,0.0000,0.0000,-0.0344,-0.0138,0.0000
0.1138,0.9748,1.2775,-0.0509,-0.0571,192.5441,-7.2993,0.0000,-0.0132,-0.0132,0.0804,0.0000,0.0000,-0.0344,-0.0138,0.0000
0.1999,0.8054,1.2975,-0.0593,-0.0571,192.5881,-7.2183,0.0000,-0.0100,-0.0100,0.0811,0.0000,0.0000,-0.0344,-0.0138,0.0000
0.1024,0.8252,1.2877,-0.0509,-0.0269,192.6362,-7.1350,0.0000,-0.0025,-0.0025,0.0738,0.0000,0.0000,-0.0162,-0.0065,0.0000
0.2000,0.9140,1.2790,-0.0593,-0.0269,192.6797,-7.0701,0.0000,-0.0014,-0.0014,0.0680,0.0000,0.0000,-0.0162,-0.0065,0.0000
0.2000,0.9539,1.2711,-0.0677,-0.0269,192.7291,-6.9857,0.0000,0.0057,0.0057,0.0661,0.0000,0.0000,-0.0162,-0.0065,0.0000
0.2000,0.7768,1.2911,-0.0677,-0.0269,192.7838,-6.9247,0.0000,-0.0132,-0.0132,0.0606,0.0000,0.0000,-0.0162,-0.0065,0.0000
0.1089,0.9706,1.2820,-0.0761,-0.0269,192.8273,-6.8500,0.0000,-0.0019,-0.0019,0.0593,0.0000,0.0000,-0.0162,-0.0065,0.0000
0.2000,0.8172,1.2738,-0.0844,-0.0269,192.8890,-6.7855,0.0000,-0.0222,-0.0222,0.0566,0.0000,0.0000,-0.0162,-0.0065,0.0000
0.2000,0.8574,1.2664,-0.0928,-0.0269,192.9394,-6.7002,0.0000,-0.0164,-0.0164,0.0529,0.0000,0.0000,-0.0162,-0.0065,0.0000
0.2000,0.8883,1.2598,-0.1012,-0.0269,192.9880,-6.6196,0.0000,-0.0123,-0.0123,0.0485,0.0000,0.0000,-0.0162,-0.0065,0.0000
0.2000,0.9826,1.2538,-0.1096,-0.0343,193.0380,-6.5489,0.0000,-0.0102,-0.0102,0.0754,0.0000,0.0000,-0.0207,-0.0083,0.0000
0.2000,0.9326,1.2484,-0.1180,-0.0343,193.0909,-6.4713,0.0000,-0.0114,-0.0114,0.0707,0.0000,0.0000,-0.0207,-0.0083,0.0000
0.2000,0.8600,1.2436,-0.1264,-0.0343,193.1449,-6.3996,0.0000,-0.0177,-0.0177,0.0654,0.0000,0.0000,-0.0207,-0.0083,0.0000
0.2000,0.9328,1.2392,-0.1348,-0.0343,193.2080,-6.3220,0.0000,-0.0237,-0.0237,0.0592,0.0000,0.0000,-0.0207,-0.0083,0.0000
0.2000,0.8924,1.2353,-0.1324,-0.0343,193.2726,-6.2402,0.0000,-0.0319,-0.0319,0.0526,0.0000,0.0000,-0.0207,-0.0083,0.0000
0.2000,0.9954,1.2318,-0.1241,-0.0343,193.3286,-6.1640,0.0000,-0.0334,-0.0334,0.0453,0.0000,0.0000,-0.0207,-0.0083,0.0000
0.2000,1.0378,1.2286,-0.1157,-0.0223,193.3757,-6.0740,0.0000,-0.0237,-0.0237,0.0378,0.0000,0.0000,-0.0135,-0.0054,0.0000
0.2000,0.9395,1.2257,-0.1073,-0.0223,193.4399,-5.9992,0.0000,-0.0353,-0.0353,0.0331,0.0000,0.0000,-0.0135,-0.0054,0.0000
0.2000,1.0021,1.2231,-0.0989,-0.0223,193.5008,-5.9173,0.0000,-0.0382,-0.0382,0.0265,0.0000,0.0000,-0.0135,-0.0054,0.0000
0.2000,0.9811,1.2208,-0.0905,-0.0223,193.5575,-5.8564,0.0000,-0.0530,-0.0530,0.0166,0.0000,0.0000,-0.0135,-0.0054,0.0000
0.2001,1.0140,1.2188,-0.0821,-0.0223,193.6192,-5.7830,0.0000,-0.0607,-0.0607,0.0131,0.0000,0.0000,-0.0135,-0.0054,0.0000
0.2000,0.8328,1.2169,-0.0737,-0.0223,193.6860,-5.7049,0.0000,-0.0715,-0.0715,0.0086,0.0000,0.0000,-0.0135,-0.0054,0.0000
0.2000,0.9518,1.2152,-0.0653,-0.0223,193.7396,-5.6373,0.0000,-0.0762,-0.0762,0.0042,0.0000,0.0000,-0.0135,-0.0054,0.0000
0.2000,1.0218,1.2137,-0.0569,-0.0223,193.7988,-5.5744,0.0000,-0.0893,-0.0893,-0.0012,0.0000,0.0000,-0.0135,-0.0054,0.0000
0.2000,0.8557,1.2123,-0.0485,-0.0223,193.8400,-5.5105,0.0000,-0.0885,-0.0885,-0.0102,0.0000,0.0000,-0.0135,-0.0054,0.0000
0.2000,0.8604,1.2111,-0.0404,-0.0227,193.8935,-5.4414,0.0000,-0.0898,-0.0898,0.0099,0.0000,0.0000,-0.0137,-0.0055,0.0000
0.2000,0.7530,1.2100,-0.0320,-0.0227,193.9463,-5.3704,0.0000,-0.0902,-0.0902,0.0072,0.0000,0.0000,-0.0137,-0.0055,0.0000
0.2000,0.8657,1.2090,-0.0236,-0.0227,194.0033,-5.3038,0.0000,-0.0958,-0.0958,0.0042,0.0000,0.0000,-0.0137,-0.0055,0.0000
0.2000,0.8776,1.2081,-0.0153,-0.0227,194.0578,-5.2389,0.0000,-0.1007,-0.1007,0.0015,0.0000,0.0000,-0.0137,-0.0055,0.0000
0.2000,0.8703,1.2073,-0.0069,-0.0227,194.1221,-5.1710,0.0000,-0.1115,-0.1115,-0.0010,0.0000,0.0000,-0.0137,-0.0055,0.0000
0.2000,0.8409,1.2065,0.0015,-0.0227,194.1766,-5.0953,0.0000,-0.1093,-0.1093,-0.0028,0.0000,0.0000,-0.0137,-0.0055,0.0000
0.2000,0.9284,1.2059,0.0099,-0.0227,194.2247,-5.0180,0.0000,-0.1009,-0.1009,-0.0034,0.0000,0.0000,-0.0137,-0.0055,0.0000
0.2000,0.9251,1.2053,0.0183,-0.0143,194.2747,-4.9478,0.0000,-0.0981,-0.0981,0.0249,0.0000,0.0000,-0.0086,-0.0034,0.0000
0.2000,0.9021,1.2048,0.0267,-0.0143,194.3307,-4.8820,0.0000,-0.1005,-0.1005,0.0245,0.0000,0.0000,-0.0086,-0.0034,0.0000
0.2000,0.8542,1.2043,0.0351,-0.0143,194.3836,-4.8080,0.0000,-0.0950,-0.0950,0.0250,0.0000,0.0000,-0.0086,-0.0034,0.0000
0.2000,0.8565,1.2039,0.0308,-0.0143,194.4387,-4.7305,0.0000,-0.0883,-0.0883,0.0262,0.0000,0.0000,-0.0086,-0.0034,0.0000
0.2000,0.9020,1.2035,0.0247,-0.0143,194.4962,-4.6546,0.0000,-0.0834,-0.0834,0.0280,0.0000,0.0000,-0.0086,-0.0034,0.0000
0.2000,0.9431,1.2031,0.0237,-0.0143,194.5551,-4.5927,0.0000,-0.0891,-0.0891,0.0286,0.0000,0.0000,-0.0086,-0.0034,0.0000
0.2000,0.9442,1.2028,0.0154,-0.0143,194.5953,-4.5153,0.0000,-0.0704,-0.0704,0.0306,0.0000,0.0000,-0.0086,-0.0034,0.0000
0.2000,0.8473,1.2025,0.0071,-0.0143,194.6436,-4.4416,0.0000,-0.0619,-0.0619,0.0325,0.0000,0.0000,-0.0086,-0.0034,0.0000
0.2000,0.8668,1.2023,-0.0013,-0.0143,194.6954,-4.3721,0.0000,-0.0571,-0.0571,0.0342,0.0000,0.0000,-0.0086,-0.0034,0.0000
0.2000,0.8742,1.2021,0.0071,0.0037,194.7390,-4.3041,0.0000,-0.0485,-0.0485,0.0216,0.0000,0.0000,0.0022,0.0009,0.0000
0.2000,0.8589,1.2018,0.0083,0.0037,194.7933,-4.2432,0.0000,-0.0529,-0.0529,0.0226,0.0000,0.0000,0.0022,0.0009,0.0000
0.2000,0.8014,1.2017,0.0167,0.0037,194.8487,-4.1886,0.0000,-0.0631,-0.0631,0.0225,0.0000,0.0000,0.0022,0.0009,0.0000
0.2000,0.8082,1.2015,0.0251,0.0037,194.9010,-4.1209,0.0000,-0.0618,-0.0618,0.0229,0.0000,0.0000,0.0022,0.0009,0.0000
0.2000,0.7714,1.2013,0.0179,0.0037,194.9496,-4.0437,0.0000,-0.0523,-0.0523,0.0228,0.0000,0.0000,0.0022,0.0009,0.0000
0.2000,0.8486,1.2012,0.0109,0.0037,194.9993,-3.9770,0.0000,-0.0485,-0.0485,0.0238,0.0000,0.0000,0.0022,0.0009,0.0000
0.2000,0.9043,1.2011,0.0025,0.0037,195.0502,-3.9012,0.0000,-0.0400,-0.0400,0.0252,0.0000,0.0000,0.0022,0.0009,0.0000
0.2000,0.8252,1.2010,-0.0001,0.0037,195.1093,-3.8352,0.0000,-0.0461,-0.0461,0.0258,0.0000,0.0000,0.0022,0.0009,0.0000
0.2000,0.9054,1.2009,-0.0085,0.0030,195.1581,-3.7683,0.0000,-0.0393,-0.0393,0.0521,0.0000,0.0000,0.0018,0.0007,0.0000
0.2000,0.8786,1.2008,-0.0169,0.0030,195.2041,-3.7021,0.0000,-0.0326,-0.0326,0.0527,0.0000,0.0000,0.0018,0.0007,0.0000
0.2000,0.8210,1.2007,-0.0253,0.0030,195.2586,-3.6388,0.0000,-0.0352,-0.0352,0.0532,0.0000,0.0000,0.0018,0.0007,0.0000
0.2000,0.7983,1.2006,-0.0337,0.0030,195.3074,-3.5629,0.0000,-0.0247,-0.0247,0.0529,0.0000,0.0000,0.0018,0.0007,0.0000
0.2000,0.8286,1.2006,-0.0421,0.0030,195.3597,-3.5035,0.0000,-0.0265,-0.0265,0.0518,0.0000,0.0000,0.0018,0.0007,0.0000
0.2000,0.8943,1.2005,-0.0505,0.0030,195.4097,-3.4293,0.0000,-0.0164,-0.0164,0.0499,0.0000,0.0000,0.0018,0.0007,0.0000
0.2000,0.7854,1.2005,-0.0589,0.0030,195.4610,-3.3678,0.0000,-0.0198,-0.0198,0.0479,0.0000,0.0000,0.0018,0.0007,0.0000
0.2000,0.8865,1.2004,-0.0673,0.0030,195.5124,-3.3048,0.0000,-0.0178,-0.0178,0.0452,0.0000,0.0000,0.0018,0.0007,0.0000
0.2000,0.7950,1.2004,-0.0693,0.0030,195.5639,-3.2396,0.0000,-0.0188,-0.0188,0.0421,0.0000,0.0000,0.0018,0.0007,0.0000
0.2001,0.8068,1.2003,-0.0609,0.0242,195.6168,-3.1767,0.0000,-0.0205,-0.0205,0.0344,0.0000,0.0000,0.0146,0.0058,0.0000
0.2000,0.8232,1.2003,-0.0525,0.0242,195.6725,-3.1109,0.0000,-0.0227,-0.0227,0.0308,0.0000,0.0000,0.0146,0.0058,0.0000
0.2000,0.8156,1.2003,-0.0441,0.0242,195.7321,-3.0416,0.0000,-0.0262,-0.0262,0.0266,0.0000,0.0000,0.0146,0.0058,0.0000
0.2000,0.9068,1.2002,-0.0357,0.0242,195.7835,-2.9617,0.0000,-0.0152,-0.0152,0.0230,0.0000,0.0000,0.0146,0.0058,0.0000
0.2000,0.9068,1.2002,-0.0273,0.0242,195.8365,-2.8902,0.0000,-0.0118,-0.0118,0.0202,0.0000,0.0000,0.0146,0.0058,0.0000
0.2000,0.9405,1.2002,-0.0189,0.0242,195.8976,-2.8164,0.0000,-0.0129,-0.0129,0.0173,0.0000,0.0000,0.0146,0.0058,0.0000
0.2000,0.8828,1.2002,-0.0105,0.0242,195.9538,-2.7488,0.0000,-0.0147,-0.0147,0.0145,0.0000,0.0000,0.0146,0.0058,0.0000
0.2000,0.9496,1.2002,-0.0021,0.0333,196.0143,-2.6703,0.0000,-0.0125,-0.0125,0.0032,0.0000,0.0000,0.0200,0.0080,0.0000
0.2000,0.8718,1.2001,0.0063,0.0333,196.0780,-2.6018,0.0000,-0.0198,-0.0198,0.0013,0.0000,0.0000,0.0200,0.0080,0.0000
0.2000,0.9829,1.2001,0.0147,0.0333,196.1422,-2.5325,0.0000,-0.0260,-0.0260,0.0009,0.0000,0.0000,0.0200,0.0080,0.0000
0.2000,0.9285,1.2001,0.0230,0.0333,196.1991,-2.4608,0.0000,-0.0253,-0.0253,0.0003,0.0000,0.0000,0.0200,0.0080,0.0000
0.2000,0.9365,1.2001,0.0314,0.0333,196.2526,-2.3852,0.0000,-0.0191,-0.0191,0.0007,0.0000,0.0000,0.0200,0.0080,0.0000
0.2000,0.9079,1.2001,0.0346,0.0333,196.3021,-2.3074,0.0000,-0.0082,-0.0082,0.0013,0.0000,0.0000,0.0200,0.0080,0.0000
0.2000,0.9182,1.2001,0.0262,0.0333,196.3441,-2.2269,0.0000,0.0108,0.0108,0.0031,0.0000,0.0000,0.0200,0.0080,0.0000
0.2000,0.9146,1.2001,0.0296,0.0451,196.3938,-2.1577,0.0000,0.0165,0.0165,0.0111,0.0000,0.0000,0.0272,0.0109,0.0000
0.2000,0.9013,1.2001,0.0212,0.0451,196.4523,-2.0903,0.0000,0.0151,0.0151,0.0133,0.0000,0.0000,0.0272,0.0109,0.0000
0.2000,0.8463,1.2001,0.0128,0.0451,196.5031,-2.0241,0.0000,0.0181,0.0181,0.0146,0.0000,0.0000,0.0272,0.0109,0.0000
0.1999,0.8841,1.2001,0.0106,0.0451,196.5610,-1.9608,0.0000,0.0134,0.0134,0.0136,0.0000,0.0000,0.0272,0.0109,0.0000
0.2000,0.8278,1.2001,0.0022,0.0451,196.6100,-1.8839,0.0000,0.0256,0.0256,0.0174,0.0000,0.0000,0.0272,0.0109,0.0000
0.2000,0.8507,1.2000,-0.0062,0.0451,196.6667,-1.8013,0.0000,0.0352,0.0352,0.0192,0.0000,0.0000,0.0272,0.0109,0.0000
0.2000,0.9056,1.2000,-0.0145,0.0451,196.7204,-1.7289,0.0000,0.0407,0.0407,0.0201,0.0000,0.0000,0.0272,0.0109,0.0000
0.2000,0.9947,1.2000,-0.0217,0.0451,196.7830,-1.6605,0.0000,0.0367,0.0367,0.0202,0.0000,0.0000,0.0272,0.0109,0.0000
0.2000,0.8934,1.2000,-0.0133,0.0728,196.8393,-1.5933,0.0000,0.0344,0.0344,0.0137,0.0000,0.0000,0.0439,0.0176,0.0000
0.2000,0.9196,1.2000,-0.0090,0.0728,196.8860,-1.5264,0.0000,0.0397,0.0397,0.0118,0.0000,0.0000,0.0439,0.0176,0.0000
0.2000,0.8691,1.2000,-0.0114,0.0728,196.9296,-1.4510,0.0000,0.0532,0.0532,0.0120,0.0000,0.0000,0.0439,0.0176,0.0000
0.2000,0.8079,1.2000,-0.0153,0.0728,196.9781,-1.3770,0.0000,0.0616,0.0616,0.0112,0.0000,0.0000,0.0439,0.0176,0.0000
0.2000,0.8641,1.2000,-0.0147,0.0728,197.0488,-1.3037,0.0000,0.0531,0.0531,0.0106,0.0000,0.0000,0.0439,0.0176,0.0000
0.2000,0.8767,1.2000,-0.0145,0.0728,197.0986,-1.2394,0.0000,0.0548,0.0548,0.0099,0.0000,0.0000,0.0439,0.0176,0.0000
0.2000,1.0101,1.2000,-0.0135,0.0728,197.1503,-1.1675,0.0000,0.0599,0.0599,0.0084,0.0000,0.0000,0.0439,0.0176,0.0000
0.2000,0.8061,1.2000,-0.0161,0.0728,197.2001,-1.0942,0.0000,0.0662,0.0662,0.0074,0.0000,0.0000,0.0439,0.0176,0.0000
0.2000,0.8784,1.2000,-0.0077,0.1016,197.2585,-1.0214,0.0000,0.0669,0.0669,0.0069,0.0000,0.0000,0.0614,0.0246,0.0000
0.2000,0.8774,1.2000,0.0007,0.1016,197.3178,-0.9541,0.0000,0.0630,0.0630,0.0060,0.0000,0.0000,0.0614,0.0246,0.0000
0.2000,0.9261,1.2000,0.0091,0.1016,197.3763,-0.8911,0.0000,0.0571,0.0571,0.0051,0.0000,0.0000,0.0614,0.0246,0.0000
0.2000,0.8889,1.2000,0.0175,0.1016,197.4369,-0.8241,0.0000,0.0523,0.0523,0.0052,0.0000,0.0000,0.0614,0.0246,0.0000
0.2000,0.8526,1.2000,0.0213,0.1016,197.4953,-0.7471,0.0000,0.0553,0.0553,0.0048,0.0000,0.0000,0.0614,0.0246,0.0000
0.2000,0.8963,1.2000,0.0197,0.1016,197.5464,-0.6723,0.0000,0.0633,0.0633,0.0055,0.0000,0.0000,0.0614,0.0246,0.0000
0.2000,0.9574,1.2000,0.0139,0.1016,197.6040,-0.5999,0.0000,0.0649,0.0649,0.0065,0.0000,0.0000,0.0614,0.0246,0.0000
0.2000,0.8994,1.2000,0.0140,0.1016,197.6592,-0.5367,0.0000,0.0621,0.0621,0.0073,0.0000,0.0000,0.0614,0.0246,0.0000
0.2000,0.9169,1.2000,0.0224,0.1395,197.7116,-0.4699,0.0000,0.0647,0.0647,0.0079,0.0000,0.0000,0.0846,0.0338,0.0000
0.2000,0.8315,1.2000,0.0308,0.1395,197.7702,-0.4079,0.0000,0.0581,0.0581,0.0083,0.0000,0.0000,0.0846,0.0338,0.0000
0.2000,0.8428,1.2000,0.0392,0.1395,197.8247,-0.3405,0.0000,0.0589,0.0589,0.0100,0.0000,0.0000,0.0846,0.0338,0.0000
0.2000,0.8452,1.2000,0.0447,0.1395,197.8771,-0.2676,0.0000,0.0647,0.0647,0.0114,0.0000,0.0000,0.0846,0.0338,0.0000
0.2000,0.8592,1.2000,0.0421,0.1395,197.9345,-0.1938,0.0000,0.0672,0.0672,0.0125,0.0000,0.0000,0.0846,0.0338,0.0000
0.2000,0.8907,1.2000,0.0412,0.1395,197.9823,-0.1211,0.0000,0.0769,0.0769,0.0147,0.0000,0.0000,0.0846,0.0338,0.0000
0.2000,0.9269,1.2000,0.0371,0.1395,198.0385,-0.0558,0.0000,0.0759,0.0759,0.0175,0.0000,0.0000,0.0846,0.0338,0.0000
0.2000,0.8636,1.2000,0.0363,0.1395,198.0936,0.0149,0.0000,0.0778,0.0778,0.0191,0.0000,0.0000,0.0846,0.0338,0.0000
0.2000,0.8537,1.2000,0.0447,0.1840,198.1466,0.0876,0.0000,0.0804,0.0804,-0.0497,0.0000,0.0000,0.1121,0.0448,0.0000
0.2000,0.8883,1.2000,0.0531,0.1840,198.2019,0.1593,0.0000,0.0763,0.0763,-0.0477,0.0000,0.0000,0.1121,0.0448,0.0000
0.2000,0.8924,1.2000,0.0615,0.1840,198.2577,0.2407,0.0000,0.0788,0.0788,-0.0441,0.0000,0.0000,0.1121,0.0448,0.0000
0.2000,0.8984,1.2000,0.0699,0.1840,198.3110,0.3222,0.0000,0.0830,0.0830,-0.0415,0.0000,0.0000,0.1121,0.0448,0.0000
0.2000,0.9789,1.2000,0.0783,0.1840,198.3620,0.4046,0.0000,0.0881,0.0881,-0.0390,0.0000,0.0000,0.1121,0.0448,0.0000
0.2000,0.9671,1.2000,0.0867,0.1840,198.4166,0.4886,0.0000,0.0932,0.0932,-0.0361,0.0000,0.0000,0.1121,0.0448,0.0000
0.2000,0.9624,1.2000,0.0951,0.1840,198.4684,0.5612,0.0000,0.0943,0.0943,-0.0322,0.0000,0.0000,0.1121,0.0448,0.0000
0.2000,0.9946,1.2000,0.1035,0.1989,198.5297,0.6347,0.0000,0.0835,0.0835,-0.0788,0.0000,0.0000,0.1214,0.0485,0.0000
0.2000,0.8842,1.2000,0.1119,0.1989,198.5822,0.7099,0.0000,0.0850,0.0850,-0.0755,0.0000,0.0000,0.1214,0.0485,0.0000
0.2000,0.9478,1.2000,0.1203,0.1989,198.6302,0.7846,0.0000,0.0844,0.0844,-0.0697,0.0000,0.0000,0.1214,0.0485,0.0000
0.2000,0.9106,1.2000,0.1287,0.1989,198.6786,0.8645,0.0000,0.0897,0.0897,-0.0643,0.0000,0.0000,0.1214,0.0485,0.0000
0.2000,0.8828,1.2000,0.1371,0.1989,198.7253,0.9408,0.0000,0.0940,0.0940,-0.0590,0.0000,0.0000,0.1214,0.0485,0.0000
0.2000,0.9281,1.2000,0.1455,0.1989,198.7744,1.0193,0.0000,0.0956,0.0956,-0.0532,0.0000,0.0000,0.1214,0.0485,0.0000
0.2000,0.8898,1.2000,0.1537,0.1989,198.8296,1.0967,0.0000,0.0932,0.0932,-0.0483,0.0000,0.0000,0.1214,0.0485,0.0000
0.2000,0.9198,1.2000,0.1621,0.1989,198.8747,1.1726,0.0000,0.0986,0.0986,-0.0400,0.0000,0.0000,0.1214,0.0485,0.0000
0.2000,0.9426,1.2000,0.1705,0.2268,198.9220,1.2451,0.0000,0.0973,0.0973,-0.0705,0.0000,0.0000,0.1390,0.0555,0.0000
0.2000,0.8798,1.2000,0.1789,0.2268,198.9712,1.3276,0.0000,0.1018,0.1018,-0.0619,0.0000,0.0000,0.1390,0.0555,0.0000
0.2000,0.8597,1.2000,0.1873,0.2268,199.0197,1.4101,0.0000,0.1056,0.1056,-0.0528,0.0000,0.0000,0.1390,0.0555,0.0000
0.2000,0.9553,1.2000,0.1917,0.2268,199.0625,1.4906,0.0000,0.1109,0.1109,-0.0429,0.0000,0.0000,0.1390,0.0555,0.0000
0.2000,0.9524,1.2000,0.1833,0.2268,199.1012,1.5749,0.0000,0.1245,0.1245,-0.0325,0.0000,0.0000,0.1390,0.0555,0.0000
0.2000,0.9087,1.2000,0.1749,0.2268,199.1387,1.6574,0.0000,0.1390,0.1390,-0.0212,0.0000,0.0000,0.1390,0.0555,0.0000
0.2000,0.9278,1.2000,0.1665,0.2268,199.1743,1.7388,0.0000,0.1538,0.1538,-0.0101,0.0000,0.0000,0.1390,0.0555,0.0000
0.2000,0.9076,1.2000,0.1749,0.2629,199.2032,1.8288,0.0000,0.1781,0.1781,-0.0421,0.0000,0.0000,0.1621,0.0648,0.0000
0.2000,0.8892,1.2000,0.1796,0.2629,199.2384,1.9147,0.0000,0.1915,0.1915,-0.0319,0.0000,0.0000,0.1621,0.0648,0.0000
0.2000,0.9505,1.2000,0.1712,0.2629,199.2736,2.0066,0.0000,0.2062,0.2062,-0.0225,0.0000,0.0000,0.1621,0.0648,0.0000
0.2000,0.9285,1.2000,0.1628,0.2629,199.3071,2.0979,0.0000,0.2237,0.2237,-0.0120,0.0000,0.0000,0.1621,0.0648,0.0000
0.2000,0.9828,1.2000,0.1544,0.2629,199.3422,2.1803,0.0000,0.2351,0.2351,-0.0021,0.0000,0.0000,0.1621,0.0648,0.0000
0.2000,0.9728,1.2000,0.1460,0.2629,199.3752,2.2642,0.0000,0.2496,0.2496,0.0082,0.0000,0.0000,0.1621,0.0648,0.0000
0.2000,0.8946,1.2000,0.1376,0.2629,199.4001,2.3592,0.0000,0.2755,0.2755,0.0182,0.0000,0.0000,0.1621,0.0648,0.0000
0.2000,0.9002,1.2000,0.1292,0.2629,199.4332,2.4486,0.0000,0.2914,0.2914,0.0270,0.0000,0.0000,0.1621,0.0648,0.0000
0.2000,0.9850,1.2000,0.1376,0.2972,199.4633,2.5356,0.0000,0.2965,0.2965,-0.0731,0.0000,0.0000,0.1845,0.0737,0.0000
0.2000,0.9512,1.2000,0.1460,0.2972,199.4889,2.6167,0.0000,0.3070,0.3070,-0.0655,0.0000,0.0000,0.1845,0.0737,0.0000
0.2000,0.9180,1.2000,0.1544,0.2972,199.5191,2.6999,0.0000,0.3128,0.3128,-0.0595,0.0000,0.0000,0.1845,0.0737,0.0000
0.2000,0.8488,1.2000,0.1628,0.2972,199.5502,2.7891,0.0000,0.3218,0.3218,-0.0511,0.0000,0.0000,0.1845,0.0737,0.0000
0.2000,0.8809,1.2000,0.1712,0.2972,199.5800,2.8840,0.0000,0.3314,0.3314,-0.0428,0.0000,0.0000,0.1845,0.0737,0.0000
0.2000,0.9412,1.2000,0.1796,0.2972,199.6088,2.9687,0.0000,0.3375,0.3375,-0.0352,0.0000,0.0000,0.1845,0.0737,0.0000
0.2000,0.9923,1.2000,0.1880,0.3038,199.6265,3.0500,0.0000,0.3526,0.3526,-0.1763,0.0000,0.0000,0.1889,0.0754,0.0000
0.2000,0.8907,1.2000,0.1964,0.3038,199.6464,3.1367,0.0000,0.3653,0.3653,-0.1665,0.0000,0.0000,0.1889,0.0754,0.0000
0.2000,0.8352,1.2000,0.2048,0.3038,199.6630,3.2202,0.0000,0.3761,0.3761,-0.1565,0.0000,0.0000,0.1889,0.0754,0.0000
0.2000,0.8912,1.2000,0.2132,0.3038,199.6869,3.3091,0.0000,0.3723,0.3723,-0.1465,0.0000,0.0000,0.1889,0.0754,0.0000
0.2000,0.9199,1.2000,0.2216,0.3038,199.7089,3.3949,0.0000,0.3727,0.3727,-0.1350,0.0000,0.0000,0.1889,0.0754,0.0000
0.2000,0.9199,1.2000,0.2300,0.3038,199.7255,3.4851,0.0000,0.3816,0.3816,-0.1233,0.0000,0.0000,0.1889,0.0754,0.0000
0.2000,0.9199,1.2000,0.2384,0.3038,199.7412,3.5751,0.0000,0.3916,0.3916,-0.1109,0.0000,0.0000,0.1889,0.0754,0.0000
0.2000,0.9203,1.2000,0.2321,0.3038,199.7567,3.6630,0.0000,0.4015,0.4015,-0.0984,0.0000,0.0000,0.1889,0.0754,0.0000
0.2000,0.9184,1.2000,0.2237,0.2853,199.7723,3.7524,0.0000,0.4043,0.4043,-0.2218,0.0000,0.0000,0.1767,0.0706,0.0000
0.2000,0.8965,1.2000,0.2321,0.2853,199.7870,3.8444,0.0000,0.4055,0.4055,-0.2089,0.0000,0.0000,0.1767,0.0706,0.0000
0.2000,0.9111,1.2000,0.2405,0.2853,199.7988,3.9435,0.0000,0.4061,0.4061,-0.1964,0.0000,0.0000,0.1767,0.0706,0.0000
0.2000,0.9346,1.2000,0.2489,0.2853,199.8113,4.0340,0.0000,0.4047,0.4047,-0.1839,0.0000,0.0000,0.1767,0.0706,0.0000
0.2000,0.9168,1.2000,0.2573,0.2853,199.8173,4.1230,0.0000,0.4137,0.4137,-0.1709,0.0000,0.0000,0.1767,0.0706,0.0000
0.2000,0.9168,1.2000,0.2544,0.2853,199.8270,4.2148,0.0000,0.4178,0.4178,-0.1576,0.0000,0.0000,0.1767,0.0706,0.0000
0.2000,0.9168,1.2000,0.2461,0.2853,199.8360,4.3111,0.0000,0.4234,0.4234,-0.1433,0.0000,0.0000,0.1767,0.0706,0.0000
0.2000,0.8984,1.2000,0.2377,0.2676,199.8445,4.4064,0.0000,0.4225,0.4225,-0.2556,0.0000,0.0000,0.1652,0.0660,0.0000
0.2000,0.9715,1.2000,0.2461,0.2676,199.8455,4.4979,0.0000,0.4151,0.4151,-0.2412,0.0000,0.0000,0.1652,0.0660,0.0000
0.2000,0.9607,1.2000,0.2545,0.2676,199.8468,4.5934,0.0000,0.4176,0.4176,-0.2271,0.0000,0.0000,0.1652,0.0660,0.0000
0.2000,0.9240,1.2000,0.2629,0.2676,199.8429,4.6922,0.0000,0.4278,0.4278,-0.2130,0.0000,0.0000,0.1652,0.0660,0.0000
0.2000,0.9974,1.2000,0.2713,0.2676,199.8452,4.7787,0.0000,0.4204,0.4204,-0.1998,0.0000,0.0000,0.1652,0.0660,0.0000
0.2000,0.9974,1.2000,0.2694,0.2676,199.8400,4.8695,0.0000,0.4286,0.4286,-0.1859,0.0000,0.0000,0.1652,0.0660,0.0000
0.2000,0.9974,1.2000,0.2610,0.2493,199.8337,4.9683,0.0000,0.4304,0.4304,-0.3264,0.0000,0.0000,0.1534,0.0613,0.0000
0.2000,0.9178,1.2000,0.2694,0.2493,199.8401,5.0674,0.0000,0.4241,0.4241,-0.3111,0.0000,0.0000,0.1534,0.0613,0.0000
0.2000,0.9993,1.2000,0.2778,0.2493,199.8318,5.1609,0.0000,0.4084,0.4084,-0.2964,0.0000,0.0000,0.1534,0.0613,0.0000
0.2000,0.9913,1.2000,0.2862,0.2493,199.8249,5.2478,0.0000,0.4063,0.4063,-0.2815,0.0000,0.0000,0.1534,0.0613,0.0000
0.2000,0.9476,1.2000,0.2945,0.2493,199.8245,5.3393,0.0000,0.4026,0.4026,-0.2643,0.0000,0.0000,0.1534,0.0613,0.0000
0.2000,0.8790,1.2000,0.3029,0.2493,199.8118,5.4350,0.0000,0.4115,0.4115,-0.2495,0.0000,0.0000,0.1534,0.0613,0.0000
0.2000,0.9189,1.2000,0.3113,0.2493,199.7942,5.5414,0.0000,0.4103,0.4103,-0.2330,0.0000,0.0000,0.1534,0.0613,0.0000
0.2000,0.9733,1.2000,0.3029,0.2106,199.7789,5.6462,0.0000,0.3975,0.3975,-0.3254,0.0000,0.0000,0.1288,0.0515,0.0000
0.1628,1.0896,1.2000,0.3113,0.2106,199.7633,5.7504,0.0000,0.3721,0.3721,-0.3062,0.0000,0.0000,0.1288,0.0515,0.0000
0.2006,1.0680,1.2000,0.3197,0.2106,199.7439,5.8621,0.0000,0.3704,0.3704,-0.2860,0.0000,0.0000,0.1288,0.0515,0.0000
0.2001,1.0634,1.2000,0.3281,0.2106,199.7245,5.9729,0.0000,0.3661,0.3661,-0.2661,0.0000,0.0000,0.1288,0.0515,0.0000
0.1150,1.1445,1.2000,0.3364,0.2106,199.6976,6.0744,0.0000,0.3612,0.3612,-0.2465,0.0000,0.0000,0.1288,0.0515,0.0000
0.0976,1.1335,1.2000,0.3280,0.1872,199.6663,6.1793,0.0000,0.3634,0.3634,-0.3545,0.0000,0.0000,0.1141,0.0456,0.0000
0.2000,1.0649,1.2000,0.3364,0.1872,199.6294,6.2897,0.0000,0.3732,0.3732,-0.3326,0.0000,0.0000,0.1141,0.0456,0.0000
0.1459,1.1114,1.2000,0.3448,0.1872,199.5856,6.3983,0.0000,0.3736,0.3736,-0.3059,0.0000,0.0000,0.1141,0.0456,0.0000
0.0365,1.2022,1.2000,0.3531,0.1872,199.5391,6.4993,0.0000,0.3724,0.3724,-0.2833,0.0000,0.0000,0.1141,0.0456,0.0000
0.0121,1.2022,1.2000,0.3615,0.1872,199.4991,6.6051,0.0000,0.3756,0.3756,-0.2633,0.0000,0.0000,0.1141,0.0456,0.0000
0.0794,1.1454,1.2000,0.3531,0.1491,199.4482,6.7061,0.0000,0.4015,0.4015,-0.3458,0.0000,0.0000,0.0905,0.0362,0.0000
0.0751,1.1454,1.2000,0.3615,0.1491,199.4022,6.8095,0.0000,0.3983,0.3983,-0.3251,0.0000,0.0000,0.0905,0.0362,0.0000
0.0560,1.1669,1.2000,0.3699,0.1491,199.3475,6.9129,0.0000,0.4004,0.4004,-0.3027,0.0000,0.0000,0.0905,0.0362,0.0000
0.0660,1.1473,1.2000,0.3615,0.1491,199.2934,7.0129,0.0000,0.4142,0.4142,-0.2725,0.0000,0.0000,0.0905,0.0362,0.0000
0.0261,1.1919,1.2000,0.3531,0.1491,199.2540,7.0929,0.0000,0.4174,0.4174,-0.2431,0.0000,0.0000,0.0905,0.0362,0.0000
0.0323,1.1718,1.2000,0.3447,0.1491,199.1828,7.1961,0.0000,0.4406,0.4406,-0.2194,0.0000,0.0000,0.0905,0.0362,0.0000
0.2000,0.9204,1.2000,0.3363,0.1491,199.1340,7.2810,0.0000,0.4786,0.4786,-0.1903,0.0000,0.0000,0.0905,0.0362,0.0000
0.0000,1.2820,1.2000,0.3279,0.1127,199.0715,7.3727,0.0000,0.4523,0.4523,-0.2313,0.0000,0.0000,0.0682,0.0273,0.0000
0.2000,1.0067,1.2000,0.3195,0.1127,199.0004,7.4653,0.0000,0.5013,0.5013,-0.2063,0.0000,0.0000,0.0682,0.0273,0.0000
0.1191,1.1328,1.2000,0.3111,0.1127,198.9330,7.5647,0.0000,0.4970,0.4970,-0.1877,0.0000,0.0000,0.0682,0.0273,0.0000
0.0360,1.1955,1.2000,0.3027,0.1127,198.8760,7.6483,0.0000,0.5080,0.5080,-0.1569,0.0000,0.0000,0.0682,0.0273,0.0000
0.0000,1.2108,1.2000,0.2943,0.1127,198.8215,7.7267,0.0000,0.5194,0.5194,-0.1355,0.0000,0.0000,0.0682,0.0273,0.0000
0.1609,1.0380,1.2000,0.2859,0.1127,198.7548,7.8099,0.0000,0.5489,0.5489,-0.1143,0.0000,0.0000,0.0682,0.0273,0.0000
0.2000,0.9679,1.2000,0.2775,0.0944,198.6880,7.8723,0.0000,0.5768,0.5768,-0.2217,0.0000,0.0000,0.0570,0.0228,0.0000
0.1709,1.0818,1.2000,0.2691,0.0944,198.6271,7.9508,0.0000,0.5670,0.5670,-0.2017,0.0000,0.0000,0.0570,0.0228,0.0000
0.2000,0.9434,1.2000,0.2607,0.0944,198.5597,8.0351,0.0000,0.5803,0.5803,-0.1878,0.0000,0.0000,0.0570,0.0228,0.0000
0.2000,1.0032,1.2000,0.2523,0.0944,198.4782,8.1148,0.0000,0.5929,0.5929,-0.1645,0.0000,0.0000,0.0570,0.0228,0.0000
0.1715,1.0812,1.2000,0.2439,0.0944,198.4096,8.1894,0.0000,0.5971,0.5971,-0.1457,0.0000,0.0000,0.0570,0.0228,0.0000
0.0823,1.1627,1.2000,0.2355,0.0392,198.3266,8.2673,0.0000,0.6069,0.6069,-0.1514,0.0000,0.0000,0.0236,0.0095,0.0000
0.1942,1.0234,1.2000,0.2271,0.0392,198.2437,8.3512,0.0000,0.6312,0.6312,-0.1292,0.0000,0.0000,0.0236,0.0095,0.0000
0.1068,1.1441,1.2000,0.2187,0.0392,198.1616,8.4242,0.0000,0.6399,0.6399,-0.1171,0.0000,0.0000,0.0236,0.0095,0.0000
0.0369,1.1920,1.2000,0.2103,0.0392,198.0769,8.4950,0.0000,0.6623,0.6623,-0.0964,0.0000,0.0000,0.0236,0.0095,0.0000
0.1024,1.1031,1.2000,0.2019,0.0392,197.9992,8.5707,0.0000,0.6768,0.6768,-0.0860,0.0000,0.0000,0.0236,0.0095,0.0000
0.1003,1.1223,1.2000,0.1935,0.0392,197.9258,8.6588,0.0000,0.6832,0.6832,-0.0607,0.0000,0.0000,0.0236,0.0095,0.0000
0.1348,1.0830,1.2000,0.1851,0.0392,197.8460,8.7359,0.0000,0.6944,0.6944,-0.0514,0.0000,0.0000,0.0236,0.0095,0.0000
0.0889,1.1456,1.2000,0.1767,0.0347,197.7670,8.8073,0.0000,0.7083,0.7083,-0.0602,0.0000,0.0000,0.0209,0.0084,0.0000
0.1118,1.1049,1.2000,0.1683,0.0347,197.6869,8.8666,0.0000,0.7333,0.7333,-0.0443,0.0000,0.0000,0.0209,0.0084,0.0000
0.1527,1.0707,1.2000,0.1600,0.0347,197.5930,8.9189,0.0000,0.7731,0.7731,-0.0265,0.0000,0.0000,0.0209,0.0084,0.0000
0.2000,1.0069,1.2000,0.1516,0.0347,197.5097,8.9895,0.0000,0.7858,0.7858,-0.0216,0.0000,0.0000,0.0209,0.0084,0.0000
0.1535,1.0961,1.2000,0.1432,0.0347,197.4268,9.0612,0.0000,0.8016,0.8016,-0.0059,0.0000,0.0000,0.0209,0.0084,0.0000
0.1478,1.0857,1.2000,0.1348,0.0347,197.3217,9.1309,0.0000,0.8358,0.8358,0.0105,0.0000,0.0000,0.0209,0.0084,0.0000
0.1356,1.0962,1.2000,0.1264,0.0258,197.2376,9.2001,0.0000,0.8463,0.8463,-0.0201,0.0000,0.0000,0.0156,0.0062,0.0000
-0.0367,1.2687,1.2000,0.1180,0.0258,197.1421,9.2653,0.0000,0.8657,0.8657,-0.0147,0.0000,0.0000,0.0156,0.0062,0.0000
0.1230,1.0811,1.2000,0.1096,0.0258,197.0330,9.3529,0.0000,0.8902,0.8902,0.0080,0.0000,0.0000,0.0156,0.0062,0.0000
0.0799,1.1517,1.2000,0.1012,0.0258,196.9366,9.4356,0.0000,0.8975,0.8975,0.0104,0.0000,0.0000,0.0156,0.0062,0.0000
-0.1201,1.4015,1.2000,0.0928,0.0102,196.8441,9.5144,0.0000,0.9121,0.9121,0.0095,0.0000,0.0000,0.0061,0.0024,0.0000
-0.0894,1.2595,1.2000,0.0844,0.0102,196.7424,9.5730,0.0000,0.9429,0.9429,0.0190,0.0000,0.0000,0.0061,0.0024,0.0000
-0.0328,1.2080,1.2000,0.0760,0.0102,196.6583,9.6298,0.0000,0.9620,0.9620,0.0267,0.0000,0.0000,0.0061,0.0024,0.0000
0.0145,1.1744,1.2000,0.0676,0.0102,196.5641,9.6876,0.0000,0.9892,0.9892,0.0379,0.0000,0.0000,0.0061,0.0024,0.0000
0.1999,1.0115,1.2000,0.0592,0.0102,196.4654,9.7562,0.0000,1.0000,1.0014,0.0365,0.0000,0.0000,0.0061,0.0024,0.0000
0.1443,1.1059,1.2000,0.0508,0.0102,196.3702,9.8261,0.0000,1.0000,1.0212,0.0459,0.0000,0.0000,0.0061,0.0024,0.0000
0.0480,1.1905,1.2000,0.0424,0.0102,196.2699,9.8907,0.0000,1.0000,1.0435,0.0466,0.0000,0.0000,0.0061,0.0024,0.0000
0.0368,1.1752,1.2000,0.0340,0.0102,196.1855,9.9279,0.0000,1.0000,1.0812,0.0611,0.0000,0.0000,0.0061,0.0024,0.0000
0.0265,1.1830,1.2000,0.0256,0.0040,196.0856,9.9871,0.0000,1.0000,1.1017,0.0488,0.0000,0.0000,0.0024,0.0010,0.0000
0.2000,0.9364,1.2000,0.0172,0.0040,195.9941,10.0639,0.0000,1.0000,1.0992,0.0473,0.0000,0.0000,0.0024,0.0010,0.0000
0.1044,1.1479,1.2000,0.0088,0.0040,195.9075,10.1173,0.0000,1.0000,1.1311,0.0621,0.0000,0.0000,0.0024,0.0010,0.0000
0.0435,1.1847,1.2000,0.0005,0.0040,195.8242,10.1646,0.0000,1.0000,1.1518,0.0601,0.0000,0.0000,0.0024,0.0010,0.0000
0.1848,1.0206,1.2000,-0.0079,0.0040,195.7422,10.2242,0.0000,1.0000,1.1564,0.0580,0.0000,0.0000,0.0024,0.0010,0.0000
0.2000,0.9483,1.2000,-0.0163,0.0040,195.6282,10.2814,0.0000,1.0000,1.1928,0.0677,0.0000,0.0000,0.0024,0.0010,0.0000
0.2000,1.0048,1.2000,-0.0247,0.0040,195.5494,10.3359,0.0000,1.0000,1.2051,0.0638,0.0000,0.0000,0.0024,0.0010,0.0000
0.2000,1.2755,1.2200,-0.0331,-0.0000,195.4642,10.3962,0.0000,1.0000,1.2215,0.0508,0.0000,0.0000,-0.0000,-0.0000,0.0000
0.2000,0.9487,1.2400,-0.0415,-0.0000,195.3769,10.4421,0.0000,1.0000,1.2372,0.0519,0.0000,0.0000,-0.0000,-0.0000,0.0000
0.2000,1.0341,1.2600,-0.0499,-0.0000,195.2773,10.4950,0.0000,1.0000,1.2635,0.0470,0.0000,0.0000,-0.0000,-0.0000,0.0000
0.2000,0.9787,1.2800,-0.0583,-0.0000,195.1815,10.5606,0.0000,1.0000,1.2738,0.0412,0.0000,0.0000,-0.0000,-0.0000,0.0000
0.2000,1.1141,1.3000,-0.0667,-0.0000,195.0905,10.6266,0.0000,1.0000,1.2850,0.0367,0.0000,0.0000,-0.0000,-0.0000,0.0000
0.2000,1.1489,1.3200,-0.0751,-0.0000,194.9939,10.6801,0.0000,1.0000,1.3068,0.0317,0.0000,0.0000,-0.0000,-0.0000,0.0000
0.2000,1.1133,1.3400,-0.0835,-0.0059,194.9082,10.7345,0.0000,1.0000,1.3196,0.0331,0.0000,0.0000,-0.0036,-0.0014,0.0000
0.1999,1.0911,1.3600,-0.0919,-0.0059,194.8306,10.7825,0.0000,1.0000,1.3328,0.0281,0.0000,0.0000,-0.0036,-0.0014,0.0000
0.2000,1.0026,1.3800,-0.1002,-0.0059,194.7414,10.8422,0.0000,1.0000,1.3444,0.0235,0.0000,0.0000,-0.0036,-0.0014,0.0000
0.2000,0.9013,1.4000,-0.1086,-0.0059,194.6492,10.9218,0.0000,1.0000,1.3432,0.0178,0.0000,0.0000,-0.0036,-0.0014,0.0000
0.2000,1.0617,1.4200,-0.1170,-0.0059,194.5708,10.9931,0.0000,1.0000,1.3408,0.0117,0.0000,0.0000,-0.0036,-0.0014,0.0000
0.2000,1.2083,1.4400,-0.1254,-0.0059,194.4939,11.0617,0.0000,1.0000,1.3387,0.0060,0.0000,0.0000,-0.0036,-0.0014,0.0000
0.2000,1.0511,1.4600,-0.1338,-0.0059,194.4148,11.1231,0.0000,1.0000,1.3422,-0.0003,0.0000,0.0000,-0.0036,-0.0014,0.0000
0.2000,1.0226,1.4800,-0.1394,-0.0031,194.3290,11.1920,0.0000,1.0000,1.3448,-0.0105,0.0000,0.0000,-0.0019,-0.0008,0.0000
0.2000,0.9912,1.5000,-0.1478,-0.0031,194.2496,11.2655,0.0000,1.0000,1.3397,-0.0175,0.0000,0.0000,-0.0019,-0.0008,0.0000
0.2000,1.0894,1.5200,-0.1562,-0.0031,194.1764,11.3377,0.0000,1.0000,1.3296,-0.0250,0.0000,0.0000,-0.0019,-0.0008,0.0000
0.1999,1.0741,1.5400,-0.1645,-0.0031,194.1031,11.4068,0.0000,1.0000,1.3227,-0.0334,0.0000,0.0000,-0.0019,-0.0008,0.0000
0.2000,1.0205,1.5600,-0.1729,-0.0031,194.0205,11.4762,0.0000,1.0000,1.3229,-0.0411,0.0000,0.0000,-0.0019,-0.0008,0.0000
0.1999,0.9997,1.5790,-0.1800,-0.0031,193.9489,11.5501,0.0000,1.0000,1.3109,-0.0511,0.0000,0.0000,-0.0019,-0.0008,0.0000
0.2000,1.0676,1.5961,-0.1747,-0.0062,193.8660,11.6235,0.0000,1.0000,1.3044,-0.0633,0.0000,0.0000,-0.0037,-0.0015,0.0000
0.2000,1.0232,1.6115,-0.1663,-0.0062,193.7836,11.7063,0.0000,1.0000,1.2928,-0.0749,0.0000,0.0000,-0.0037,-0.0015,0.0000
0.2000,1.0957,1.6253,-0.1579,-0.0062,193.7006,11.7932,0.0000,1.0000,1.2727,-0.0887,0.0000,0.0000,-0.0037,-0.0015,0.0000
0.2000,1.1590,1.6378,-0.1495,-0.0062,193.6191,11.8844,0.0000,1.0000,1.2497,-0.0994,0.0000,0.0000,-0.0037,-0.0015,0.0000
0.2000,1.1934,1.6490,-0.1411,-0.0062,193.5431,11.9914,0.0000,1.0000,1.2120,-0.1104,0.0000,0.0000,-0.0037,-0.0015,0.0000
0.2000,1.2148,1.6591,-0.1327,-0.0062,193.4652,12.0852,0.0000,1.0000,1.1847,-0.1234,0.0000,0.0000,-0.0037,-0.0015,0.0000
0.2000,1.3087,1.6682,-0.1271,-0.0094,193.3878,12.1730,0.0000,1.0000,1.1586,-0.1249,0.0000,0.0000,-0.0057,-0.0023,0.0000
0.2000,1.2123,1.6764,-0.1187,-0.0094,193.3177,12.2620,0.0000,1.0000,1.1390,-0.1362,0.0000,0.0000,-0.0057,-0.0023,0.0000
0.2000,1.1623,1.6838,-0.1103,-0.0094,193.2450,12.3581,0.0000,1.0000,1.1135,-0.1477,0.0000,0.0000,-0.0057,-0.0023,0.0000
0.2000,1.1267,1.6904,-0.1019,-0.0094,193.1771,12.4692,0.0000,1.0000,1.0738,-0.1580,0.0000,0.0000,-0.0057,-0.0023,0.0000
0.2000,1.1985,1.6963,-0.0935,-0.0094,193.0973,12.5735,0.0000,1.0000,1.0388,-0.1678,0.0000,0.0000,-0.0057,-0.0023,0.0000
0.2000,1.2982,1.7017,-0.0851,-0.0044,193.0170,12.6805,0.0000,0.9982,0.9982,-0.1964,0.0000,0.0000,-0.0026,-0.0011,0.0000
0.2000,1.3042,1.7065,-0.0767,-0.0044,192.9349,12.7863,0.0000,0.9665,0.9665,-0.2049,0.0000,0.0000,-0.0026,-0.0011,0.0000
0.2000,1.3280,1.7109,-0.0683,-0.0044,192.8501,12.8971,0.0000,0.9306,0.9306,-0.2138,0.0000,0.0000,-0.0026,-0.0011,0.0000
0.2000,1.3280,1.7148,-0.0599,-0.0044,192.7549,13.0155,0.0000,0.9002,0.9002,-0.2195,0.0000,0.0000,-0.0026,-0.0011,0.0000
0.2000,1.3838,1.7183,-0.0515,-0.0044,192.6635,13.1399,0.0000,0.8560,0.8560,-0.2262,0.0000,0.0000,-0.0026,-0.0011,0.0000
0.2000,1.5057,1.7215,-0.0529,-0.0141,192.5692,13.2670,0.0000,0.8092,0.8092,-0.2034,0.0000,0.0000,-0.0085,-0.0034,0.0000
0.2000,1.5303,1.7243,-0.0454,-0.0141,192.4811,13.3966,0.0000,0.7670,0.7670,-0.2094,0.0000,0.0000,-0.0085,-0.0034,0.0000
0.2000,1.5693,1.7269,-0.0370,-0.0141,192.3997,13.5197,0.0000,0.7224,0.7224,-0.2165,0.0000,0.0000,-0.0085,-0.0034,0.0000
0.2000,1.5541,1.7292,-0.0286,-0.0141,192.3134,13.6542,0.0000,0.6805,0.6805,-0.2209,0.0000,0.0000,-0.0085,-0.0034,0.0000
0.2000,1.4642,1.7313,-0.0202,-0.0007,192.2236,13.7968,0.0000,0.6456,0.6456,-0.2200,0.0000,0.0000,-0.0004,-0.0002,0.0000
0.2000,1.5855,1.7348,-0.0118,-0.0007,192.1314,13.9296,0.0000,0.5936,0.5936,-0.2256,0.0000,0.0000,-0.0004,-0.0002,0.0000
0.0501,1.6717,1.7297,-0.0034,-0.0007,192.0330,14.0688,0.0000,0.5469,0.5469,-0.2281,0.0000,0.0000,-0.0004,-0.0002,0.0000
0.2000,1.6026,1.7497,0.0049,-0.0007,191.9465,14.1967,0.0000,0.5168,0.5168,-0.2322,0.0000,0.0000,-0.0004,-0.0002,0.0000
0.0572,1.6898,1.7498,0.0133,0.0005,191.8619,14.3261,0.0000,0.4670,0.4670,-0.2409,0.0000,0.0000,0.0003,0.0001,0.0000
0.2000,1.5316,1.7698,0.0217,0.0005,191.7696,14.4446,0.0000,0.4605,0.4605,-0.2416,0.0000,0.0000,0.0003,0.0001,0.0000
0.1999,1.5325,1.7898,0.0301,0.0005,191.6571,14.5672,0.0000,0.4479,0.4479,-0.2392,0.0000,0.0000,0.0003,0.0001,0.0000
0.1999,1.4891,1.8098,0.0385,0.0005,191.5402,14.6997,0.0000,0.4349,0.4349,-0.2387,0.0000,0.0000,0.0003,0.0001,0.0000
0.1999,1.6520,1.8298,0.0437,-0.0028,191.4323,14.8426,0.0000,0.3866,0.3866,-0.2193,0.0000,0.0000,-0.0017,-0.0007,0.0000
-0.2000,1.7519,1.7898,0.0520,-0.0028,191.3298,14.9845,0.0000,0.3443,0.3443,-0.2181,0.0000,0.0000,-0.0017,-0.0007,0.0000
-0.2000,1.7766,1.7498,0.0603,-0.0028,191.2232,15.1353,0.0000,0.3107,0.3107,-0.2121,0.0000,0.0000,-0.0017,-0.0007,0.0000
-0.0453,1.7355,1.7392,0.0686,-0.0028,191.1059,15.2820,0.0000,0.2931,0.2931,-0.2076,0.0000,0.0000,-0.0017,-0.0007,0.0000
-0.2000,1.8319,1.6992,0.0770,0.0047,190.9987,15.4219,0.0000,0.2557,0.2557,-0.2170,0.0000,0.0000,0.0029,0.0011,0.0000
-0.2000,1.8637,1.6592,0.0854,0.0047,190.8772,15.5612,0.0000,0.2392,0.2392,-0.2098,0.0000,0.0000,0.0029,0.0011,0.0000
-0.1771,1.7484,1.6415,0.0938,0.0047,190.7662,15.6920,0.0000,0.2336,0.2336,-0.2066,0.0000,0.0000,0.0029,0.0011,0.0000
-0.2000,1.8364,1.6015,0.1022,0.0047,190.6592,15.8303,0.0000,0.2013,0.2013,-0.2005,0.0000,0.0000,0.0029,0.0011,0.0000
0.2000,1.7028,1.6215,0.1038,-0.0020,190.5347,15.9568,0.0000,0.2197,0.2197,-0.1790,0.0000,0.0000,-0.0012,-0.0005,0.0000
-0.0764,1.7351,1.6241,0.1122,-0.0020,190.4333,16.0807,0.0000,0.2017,0.2017,-0.1721,0.0000,0.0000,-0.0012,-0.0005,0.0000
-0.0764,1.7724,1.5841,0.1122,-0.0020,190.3205,16.1994,0.0000,0.1986,0.1986,-0.1613,0.0000,0.0000,-0.0012,-0.0005,0.0000
-0.0764,1.5888,1.6041,0.1122,-0.0020,190.2225,16.3145,0.0000,0.2017,0.2017,-0.1546,0.0000,0.0000,-0.0012,-0.0005,0.0000
0.1169,1.6297,1.6241,0.1161,-0.0020,190.1123,16.4208,0.0000,0.2050,0.2050,-0.1441,0.0000,0.0000,-0.0012,-0.0005,0.0000
0.2000,1.5015,1.6441,0.1117,-0.0008,190.0148,16.5376,0.0000,0.1988,0.1988,-0.1280,0.0000,0.0000,-0.0005,-0.0002,0.0000
0.2000,1.5257,1.6641,0.1033,-0.0008,189.9051,16.6287,0.0000,0.2212,0.2212,-0.1104,0.0000,0.0000,-0.0005,-0.0002,0.0000
0.2000,1.5092,1.6841,0.0949,-0.0008,189.8074,16.7347,0.0000,0.2154,0.2154,-0.1079,0.0000,0.0000,-0.0005,-0.0002,0.0000
0.2000,1.4300,1.7041,0.0865,-0.0008,189.7111,16.8329,0.0000,0.2256,0.2256,-0.0940,0.0000,0.0000,-0.0005,-0.0002,0.0000
0.2000,1.4300,1.7241,0.0781,-0.0008,189.6087,16.9355,0.0000,0.2267,0.2267,-0.0883,0.0000,0.0000,-0.0005,-0.0002,0.0000
0.1999,1.4397,1.7441,0.0772,0.0066,189.5048,17.0302,0.0000,0.2358,0.2358,-0.1108,0.0000,0.0000,0.0040,0.0016,0.0000
0.1999,1.4397,1.7641,0.0688,0.0066,189.3986,17.1246,0.0000,0.2402,0.2402,-0.1062,0.0000,0.0000,0.0040,0.0016,0.0000
0.1999,1.4000,1.7841,0.0604,0.0066,189.3002,17.2105,0.0000,0.2486,0.2486,-0.1002,0.0000,0.0000,0.0040,0.0016,0.0000
0.1999,1.4124,1.8041,0.0520,0.0066,189.2134,17.3010,0.0000,0.2437,0.2437,-0.0934,0.0000,0.0000,0.0040,0.0016,0.0000
0.2000,1.2987,1.8241,0.0436,0.0066,189.1151,17.4078,0.0000,0.2372,0.2372,-0.0910,0.0000,0.0000,0.0040,0.0016,0.0000
0.2000,1.2441,1.8441,0.0352,0.0066,189.0050,17.4901,0.0000,0.2591,0.2591,-0.0803,0.0000,0.0000,0.0040,0.0016,0.0000
0.2000,1.4390,1.8641,0.0268,-0.0089,188.8944,17.5813,0.0000,0.2589,0.2589,-0.0845,0.0000,0.0000,-0.0054,-0.0021,0.0000
0.2000,1.3736,1.8841,0.0184,-0.0089,188.7867,17.6709,0.0000,0.2691,0.2691,-0.0803,0.0000,0.0000,-0.0054,-0.0021,0.0000
0.2000,1.4238,1.9041,0.0100,-0.0089,188.6675,17.7721,0.0000,0.2729,0.2729,-0.0772,0.0000,0.0000,-0.0054,-0.0021,0.0000
0.2000,1.3920,1.9241,0.0016,-0.0089,188.5592,17.8684,0.0000,0.2740,0.2740,-0.0773,0.0000,0.0000,-0.0054,-0.0021,0.0000
0.2000,1.5512,1.9441,-0.0068,-0.0152,188.4504,17.9611,0.0000,0.2784,0.2784,-0.0456,0.0000,0.0000,-0.0091,-0.0037,0.0000
0.2000,1.4372,1.9641,-0.0152,-0.0152,188.3523,18.0645,0.0000,0.2722,0.2722,-0.0461,0.0000,0.0000,-0.0091,-0.0037,0.0000
0.2000,1.4202,1.9841,-0.0236,-0.0152,188.2271,18.1754,0.0000,0.2798,0.2798,-0.0422,0.0000,0.0000,-0.0091,-0.0037,0.0000
0.2000,1.4129,2.0041,-0.0320,-0.0152,188.1057,18.2792,0.0000,0.2846,0.2846,-0.0460,0.0000,0.0000,-0.0091,-0.0037,0.0000
0.2000,1.6602,2.0127,-0.0284,-0.0032,187.9928,18.3863,0.0000,0.2755,0.2755,-0.0522,0.0000,0.0000,-0.0019,-0.0008,0.0000
0.2000,1.5817,2.0327,-0.0367,-0.0032,187.8736,18.4880,0.0000,0.2826,0.2826,-0.0543,0.0000,0.0000,-0.0019,-0.0008,0.0000
0.2000,1.5428,2.0527,-0.0451,-0.0032,187.7510,18.5945,0.0000,0.2864,0.2864,-0.0576,0.0000,0.0000,-0.0019,-0.0008,0.0000
0.2000,1.5527,2.0727,-0.0471,-0.0032,187.6288,18.7156,0.0000,0.2778,0.2778,-0.0612,0.0000,0.0000,-0.0019,-0.0008,0.0000
0.2000,1.6087,2.0927,-0.0427,-0.0056,187.5030,18.8290,0.0000,0.2748,0.2748,-0.0660,0.0000,0.0000,-0.0034,-0.0014,0.0000
-0.2000,1.7052,2.0527,-0.0343,-0.0056,187.3846,18.9560,0.0000,0.2540,0.2540,-0.0720,0.0000,0.0000,-0.0034,-0.0014,0.0000
0.2000,1.6781,2.0401,-0.0260,-0.0056,187.2708,19.0821,0.0000,0.2368,0.2368,-0.0758,0.0000,0.0000,-0.0034,-0.0014,0.0000
-0.2000,1.7210,2.0001,-0.0176,-0.0056,187.1523,19.2021,0.0000,0.2209,0.2209,-0.0840,0.0000,0.0000,-0.0034,-0.0014,0.0000
0.1912,1.6853,1.9857,-0.0134,-0.0071,187.0265,19.3346,0.0000,0.2088,0.2088,-0.0744,0.0000,0.0000,-0.0043,-0.0017,0.0000
0.2000,1.6711,1.9865,-0.0057,-0.0071,186.8952,19.4733,0.0000,0.1966,0.1966,-0.0779,0.0000,0.0000,-0.0043,-0.0017,0.0000
-0.2000,1.8104,1.9465,0.0027,-0.0071,186.7643,19.6025,0.0000,0.1835,0.1835,-0.0829,0.0000,0.0000,-0.0043,-0.0017,0.0000
-0.2000,1.8940,1.9065,0.0111,-0.0017,186.6216,19.7548,0.0000,0.1708,0.1708,-0.0690,0.0000,0.0000,-0.0010,-0.0004,0.0000
-0.2000,1.8216,1.8665,0.0145,-0.0017,186.4851,19.8872,0.0000,0.1721,0.1721,-0.0709,0.0000,0.0000,-0.0010,-0.0004,0.0000
-0.2000,2.0698,1.8265,0.0148,-0.0017,186.3420,20.0283,0.0000,0.1636,0.1636,-0.0696,0.0000,0.0000,-0.0010,-0.0004,0.0000
-0.2000,1.8841,1.7865,0.0108,-0.0017,186.1918,20.1792,0.0000,0.1696,0.1696,-0.0667,0.0000,0.0000,-0.0010,-0.0004,0.0000
-0.2000,1.9938,1.7465,0.0142,0.0044,186.0531,20.3201,0.0000,0.1636,0.1636,-0.0538,0.0000,0.0000,0.0027,0.0011,0.0000
-0.2000,2.1116,1.7065,0.0058,0.0044,185.9038,20.4653,0.0000,0.1693,0.1693,-0.0485,0.0000,0.0000,0.0027,0.0011,0.0000
-0.2000,1.9601,1.6665,0.0030,0.0044,185.7625,20.6031,0.0000,0.1758,0.1758,-0.0486,0.0000,0.0000,0.0027,0.0011,0.0000
-0.2000,2.0667,1.6265,0.0114,0.0107,185.6219,20.7388,0.0000,0.1761,0.1761,-0.0886,0.0000,0.0000,0.0065,0.0026,0.0000
-0.2000,1.9569,1.5865,0.0198,0.0107,185.4860,20.8736,0.0000,0.1720,0.1720,-0.0901,0.0000,0.0000,0.0065,0.0026,0.0000
-0.2000,1.9390,1.5479,0.0282,0.0107,185.3489,21.0009,0.0000,0.1722,0.1722,-0.0896,0.0000,0.0000,0.0065,0.0026,0.0000
-0.2000,1.8972,1.5131,0.0357,0.0107,185.2238,21.1090,0.0000,0.1840,0.1840,-0.0843,0.0000,0.0000,0.0065,0.0026,0.0000
-0.1999,1.8556,1.4818,0.0273,-0.0114,185.0931,21.2246,0.0000,0.1907,0.1907,-0.0863,0.0000,0.0000,-0.0069,-0.0027,0.0000
0.1131,1.6424,1.5018,0.0190,-0.0114,184.9715,21.3432,0.0000,0.1936,0.1936,-0.0868,0.0000,0.0000,-0.0069,-0.0027,0.0000
-0.1999,1.7309,1.4812,0.0106,-0.0114,184.8646,21.4474,0.0000,0.1919,0.1919,-0.0784,0.0000,0.0000,-0.0069,-0.0027,0.0000
0.0061,1.6841,1.5012,0.0022,-0.0114,184.7500,21.5472,0.0000,0.1989,0.1989,-0.0762,0.0000,0.0000,-0.0069,-0.0027,0.0000
0.1998,1.4813,1.5212,-0.0062,-0.0114,184.6324,21.6468,0.0000,0.2144,0.2144,-0.0733,0.0000,0.0000,-0.0069,-0.0027,0.0000
0.2000,1.5088,1.5412,-0.0146,-0.0114,184.5256,21.7319,0.0000,0.2252,0.2252,-0.0694,0.0000,0.0000,-0.0069,-0.0027,0.0000
0.2000,1.5296,1.5612,-0.0230,-0.0132,184.4176,21.8266,0.0000,0.2297,0.2297,-0.0337,0.0000,0.0000,-0.0079,-0.0032,0.0000
0.2000,1.3563,1.5812,-0.0314,-0.0132,184.3175,21.9189,0.0000,0.2363,0.2363,-0.0343,0.0000,0.0000,-0.0079,-0.0032,0.0000
0.2000,1.4242,1.6012,-0.0397,-0.0132,184.2217,22.0114,0.0000,0.2344,0.2344,-0.0367,0.0000,0.0000,-0.0079,-0.0032,0.0000
0.2000,1.3507,1.6212,-0.0481,-0.0132,184.1187,22.1101,0.0000,0.2346,0.2346,-0.0408,0.0000,0.0000,-0.0079,-0.0032,0.0000
0.2000,1.3197,1.6412,-0.0565,-0.0132,184.0279,22.1978,0.0000,0.2349,0.2349,-0.0427,0.0000,0.0000,-0.0079,-0.0032,0.0000
0.2000,1.4131,1.6612,-0.0649,-0.0132,183.9374,22.2849,0.0000,0.2313,0.2313,-0.0465,0.0000,0.0000,-0.0079,-0.0032,0.0000
0.2000,1.2513,1.6812,-0.0565,0.0045,183.8477,22.3738,0.0000,0.2310,0.2310,-0.0688,0.0000,0.0000,0.0027,0.0011,0.0000
0.1999,1.2444,1.7012,-0.0483,0.0045,183.7609,22.4695,0.0000,0.2173,0.2173,-0.0752,0.0000,0.0000,0.0027,0.0011,0.0000
0.1999,1.2516,1.7212,-0.0401,0.0045,183.6784,22.5644,0.0000,0.2011,0.2011,-0.0810,0.0000,0.0000,0.0027,0.0011,0.0000
0.2000,1.2809,1.7412,-0.0317,0.0045,183.6023,22.6425,0.0000,0.1932,0.1932,-0.0845,0.0000,0.0000,0.0027,0.0011,0.0000
0.1999,1.2477,1.7612,-0.0233,0.0045,183.5246,22.7229,0.0000,0.1864,0.1864,-0.0896,0.0000,0.0000,0.0027,0.0011,0.0000
0.2000,1.0812,1.7812,-0.0150,0.0045,183.4338,22.8177,0.0000,0.1842,0.1842,-0.0951,0.0000,0.0000,0.0027,0.0011,0.0000
0.1999,1.1076,1.8012,-0.0066,0.0045,183.3417,22.9068,0.0000,0.1791,0.1791,-0.0995,0.0000,0.0000,0.0027,0.0011,0.0000
0.1999,1.3009,1.8212,-0.0050,-0.0024,183.2562,22.9982,0.0000,0.1606,0.1606,-0.0996,0.0000,0.0000,-0.0015,-0.0006,0.0000
0.2000,1.2684,1.8412,0.0034,-0.0024,183.1726,23.0916,0.0000,0.1509,0.1509,-0.1014,0.0000,0.0000,-0.0015,-0.0006,0.0000
0.2000,1.2405,1.8612,0.0118,-0.0024,183.0875,23.1975,0.0000,0.1340,0.1340,-0.1017,0.0000,0.0000,-0.0015,-0.0006,0.0000
0.2000,1.2429,1.8812,0.0201,-0.0024,182.9917,23.3101,0.0000,0.1183,0.1183,-0.1014,0.0000,0.0000,-0.0015,-0.0006,0.0000
0.2000,1.3460,1.9012,0.0285,-0.0007,182.8870,23.4141,0.0000,0.1146,0.1146,-0.0797,0.0000,0.0000,-0.0004,-0.0002,0.0000
0.2000,1.4672,1.9212,0.0369,-0.0007,182.7821,23.5245,0.0000,0.1041,0.1041,-0.0803,0.0000,0.0000,-0.0004,-0.0002,0.0000
0.2000,1.4645,1.9412,0.0442,-0.0007,182.6673,23.6275,0.0000,0.1154,0.1154,-0.0746,0.0000,0.0000,-0.0004,-0.0002,0.0000
0.1999,1.5100,1.9612,0.0455,-0.0007,182.5591,23.7349,0.0000,0.1134,0.1134,-0.0739,0.0000,0.0000,-0.0004,-0.0002,0.0000
0.1999,1.5327,1.9812,0.0500,0.0076,182.4436,23.8539,0.0000,0.1131,0.1131,-0.0683,0.0000,0.0000,0.0046,0.0018,0.0000
0.1999,1.5116,2.0012,0.0475,0.0076,182.3357,23.9671,0.0000,0.1103,0.1103,-0.0661,0.0000,0.0000,0.0046,0.0018,0.0000
0.1999,1.6462,2.0208,0.0413,0.0076,182.2166,24.0906,0.0000,0.1079,0.1079,-0.0580,0.0000,0.0000,0.0046,0.0018,0.0000
0.2000,1.5511,2.0408,0.0329,0.0076,182.0918,24.1929,0.0000,0.1289,0.1289,-0.0531,0.0000,0.0000,0.0046,0.0018,0.0000
-0.1999,1.7028,2.0028,0.0350,0.0092,181.9647,24.3111,0.0000,0.1320,0.1320,-0.0621,0.0000,0.0000,0.0055,0.0022,0.0000
0.2002,1.6033,2.0228,0.0268,0.0092,181.8249,24.4389,0.0000,0.1446,0.1446,-0.0553,0.0000,0.0000,0.0055,0.0022,0.0000
-0.1999,1.7237,1.9828,0.0217,0.0092,181.7005,24.5489,0.0000,0.1494,0.1494,-0.0531,0.0000,0.0000,0.0055,0.0022,0.0000
-0.2000,1.8811,1.9428,0.0133,0.0033,181.5687,24.6555,0.0000,0.1649,0.1649,-0.0179,0.0000,0.0000,0.0020,0.0008,0.0000
0.2000,1.6468,1.9628,0.0049,0.0033,181.4181,24.7696,0.0000,0.1973,0.1973,-0.0143,0.0000,0.0000,0.0020,0.0008,0.0000
0.1109,1.6835,1.9539,-0.0035,0.0033,181.2921,24.8910,0.0000,0.2005,0.2005,-0.0157,0.0000,0.0000,0.0020,0.0008,0.0000
-0.2000,1.8764,1.9139,-0.0119,0.0033,181.1503,25.0262,0.0000,0.2127,0.2127,-0.0078,0.0000,0.0000,0.0020,0.0008,0.0000
-0.2000,1.7350,1.8739,-0.0042,0.0194,181.0195,25.1502,0.0000,0.2155,0.2155,-0.0442,0.0000,0.0000,0.0117,0.0047,0.0000
-0.2000,1.9440,1.8339,-0.0126,0.0194,180.8915,25.2875,0.0000,0.2030,0.2030,-0.0406,0.0000,0.0000,0.0117,0.0047,0.0000
-0.2000,1.7862,1.7939,-0.0210,0.0194,180.7459,25.4218,0.0000,0.2070,0.2070,-0.0431,0.0000,0.0000,0.0117,0.0047,0.0000
-0.2000,1.8610,1.7539,-0.0293,0.0194,180.6034,25.5584,0.0000,0.2061,0.2061,-0.0415,0.0000,0.0000,0.0117,0.0047,0.0000
-0.2000,1.9636,1.7139,-0.0346,0.0057,180.4583,25.6804,0.0000,0.2049,0.2049,-0.0701,0.0000,0.0000,0.0034,0.0014,0.0000
-0.2000,1.9566,1.6739,-0.0262,0.0057,180.3073,25.8153,0.0000,0.2049,0.2049,-0.0720,0.0000,0.0000,0.0034,0.0014,0.0000
-0.2000,1.8773,1.6339,-0.0179,0.0057,180.1571,25.9441,0.0000,0.2103,0.2103,-0.0751,0.0000,0.0000,0.0034,0.0014,0.0000
-0.2000,2.0068,1.5939,-0.0263,-0.0055,179.9991,26.0898,0.0000,0.2059,0.2059,-0.0460,0.0000,0.0000,-0.0033,-0.0013,0.0000
-0.2000,1.9599,1.5545,-0.0226,-0.0055,179.8711,26.2399,0.0000,0.1847,0.1847,-0.0495,0.0000,0.0000,-0.0033,-0.0013,0.0000
-0.2000,2.1308,1.5191,-0.0142,-0.0055,179.7504,26.3738,0.0000,0.1632,0.1632,-0.0542,0.0000,0.0000,-0.0033,-0.0013,0.0000
-0.2000,1.9565,1.4872,-0.0074,-0.0055,179.6340,26.4872,0.0000,0.1637,0.1637,-0.0579,0.0000,0.0000,-0.0033,-0.0013,0.0000
-0.2000,1.7874,1.4584,0.0010,0.0096,179.5279,26.5891,0.0000,0.1675,0.1675,-0.1016,0.0000,0.0000,0.0058,0.0023,0.0000
0.0872,1.6108,1.4784,0.0093,0.0096,179.4197,26.7035,0.0000,0.1598,0.1598,-0.1051,0.0000,0.0000,0.0058,0.0023,0.0000
0.2000,1.4588,1.4984,0.0177,0.0096,179.3132,26.8128,0.0000,0.1553,0.1553,-0.1069,0.0000,0.0000,0.0058,0.0023,0.0000
0.1663,1.5604,1.5184,0.0261,0.0096,179.1940,26.9209,0.0000,0.1517,0.1517,-0.1021,0.0000,0.0000,0.0058,0.0023,0.0000
0.2000,1.5129,1.5384,0.0344,0.0096,179.0858,27.0317,0.0000,0.1419,0.1419,-0.1035,0.0000,0.0000,0.0058,0.0023,0.0000
0.1526,1.5983,1.5584,0.0260,-0.0120,178.9744,27.1298,0.0000,0.1429,0.1429,-0.0722,0.0000,0.0000,-0.0073,-0.0029,0.0000
0.2000,1.5348,1.5784,0.0176,-0.0120,178.8657,27.2220,0.0000,0.1542,0.1542,-0.0692,0.0000,0.0000,-0.0073,-0.0029,0.0000
0.2000,1.4748,1.5984,0.0092,-0.0120,178.7617,27.3216,0.0000,0.1545,0.1545,-0.0692,0.0000,0.0000,-0.0073,-0.0029,0.0000
0.2000,1.4146,1.6184,0.0010,-0.0120,178.6654,27.4046,0.0000,0.1651,0.1651,-0.0642,0.0000,0.0000,-0.0073,-0.0029,0.0000
0.2000,1.4284,1.6384,-0.0073,-0.0120,178.5722,27.4926,0.0000,0.1657,0.1657,-0.0618,0.0000,0.0000,-0.0073,-0.0029,0.0000
0.2000,1.2634,1.6584,-0.0083,-0.0120,178.4829,27.5763,0.0000,0.1712,0.1712,-0.0606,0.0000,0.0000,-0.0073,-0.0029,0.0000
0.2000,1.2712,1.6784,-0.0058,-0.0120,178.3892,27.6656,0.0000,0.1679,0.1679,-0.0633,0.0000,0.0000,-0.0073,-0.0029,0.0000
0.2000,1.2145,1.6984,-0.0028,-0.0007,178.3035,27.7424,0.0000,0.1740,0.1740,-0.0400,0.0000,0.0000,-0.0004,-0.0002,0.0000
0.2000,1.2821,1.7184,-0.0070,-0.0007,178.2147,27.8287,0.0000,0.1710,0.1710,-0.0429,0.0000,0.0000,-0.0004,-0.0002,0.0000
0.2000,1.1424,1.7384,-0.0069,-0.0007,178.1277,27.9257,0.0000,0.1652,0.1652,-0.0429,0.0000,0.0000,-0.0004,-0.0002,0.0000
0.2000,1.2267,1.7584,-0.0054,-0.0007,178.0432,28.0194,0.0000,0.1556,0.1556,-0.0423,0.0000,0.0000,-0.0004,-0.0002,0.0000
0.2000,1.2922,1.7784,-0.0065,-0.0007,177.9494,28.1079,0.0000,0.1579,0.1579,-0.0398,0.0000,0.0000,-0.0004,-0.0002,0.0000
0.2000,1.2502,1.7984,-0.0057,-0.0007,177.8515,28.1919,0.0000,0.1647,0.1647,-0.0434,0.0000,0.0000,-0.0004,-0.0002,0.0000
0.2000,1.2799,1.8184,0.0027,0.0094,177.7573,28.2849,0.0000,0.1592,0.1592,-0.0712,0.0000,0.0000,0.0057,0.0023,0.0000
0.2000,1.2771,1.8384,0.0111,0.0094,177.6525,28.3795,0.0000,0.1605,0.1605,-0.0716,0.0000,0.0000,0.0057,0.0023,0.0000
0.2000,1.3123,1.8584,0.0192,0.0094,177.5368,28.4815,0.0000,0.1642,0.1642,-0.0694,0.0000,0.0000,0.0057,0.0023,0.0000
0.2000,1.3993,1.8784,0.0275,0.0094,177.4317,28.5828,0.0000,0.1570,0.1570,-0.0707,0.0000,0.0000,0.0057,0.0023,0.0000
0.2000,1.5308,1.8984,0.0196,-0.0044,177.3222,28.6779,0.0000,0.1570,0.1570,-0.0720,0.0000,0.0000,-0.0027,-0.0011,0.0000
0.2000,1.4474,1.9184,0.0182,-0.0044,177.2076,28.7805,0.0000,0.1659,0.1659,-0.0664,0.0000,0.0000,-0.0027,-0.0011,0.0000
0.2000,1.4379,1.9384,0.0172,-0.0044,177.1006,28.8747,0.0000,0.1690,0.1690,-0.0666,0.0000,0.0000,-0.0027,-0.0011,0.0000
0.2000,1.5276,1.9584,0.0088,-0.0044,176.9663,28.9931,0.0000,0.1771,0.1771,-0.0569,0.0000,0.0000,-0.0027,-0.0011,0.0000
0.2000,1.4133,1.9784,0.0004,-0.0066,176.8574,29.0979,0.0000,0.1752,0.1752,-0.0313,0.0000,0.0000,-0.0040,-0.0016,0.0000
-0.2000,1.7805,1.9384,-0.0080,-0.0066,176.7534,29.2045,0.0000,0.1667,0.1667,-0.0298,0.0000,0.0000,-0.0040,-0.0016,0.0000
0.2000,1.4770,1.9584,-0.0163,-0.0066,176.6084,29.3228,0.0000,0.1942,0.1942,-0.0209,0.0000,0.0000,-0.0040,-0.0016,0.0000
0.2000,1.4770,1.9784,-0.0247,-0.0066,176.4883,29.4250,0.0000,0.2004,0.2004,-0.0266,0.0000,0.0000,-0.0040,-0.0016,0.0000
0.2000,1.5607,1.9984,-0.0163,0.0082,176.3327,29.5429,0.0000,0.2228,0.2228,-0.0723,0.0000,0.0000,0.0049,0.0020,0.0000
0.2000,1.5607,2.0184,-0.0079,0.0082,176.2239,29.6561,0.0000,0.2047,0.2047,-0.0786,0.0000,0.0000,0.0049,0.0020,0.0000
-0.2000,1.9397,1.9784,0.0005,0.0082,176.1089,29.7707,0.0000,0.1758,0.1758,-0.0826,0.0000,0.0000,0.0049,0.0020,0.0000
0.2000,1.5573,1.9984,0.0089,0.0082,175.9856,29.9007,0.0000,0.1760,0.1760,-0.0817,0.0000,0.0000,0.0049,0.0020,0.0000
0.2000,1.6095,2.0184,0.0005,-0.0183,175.8554,30.0294,0.0000,0.1639,0.1639,-0.0653,0.0000,0.0000,-0.0110,-0.0044,0.0000
-0.2000,1.7756,1.9784,-0.0024,-0.0183,175.6997,30.1655,0.0000,0.1651,0.1651,-0.0623,0.0000,0.0000,-0.0110,-0.0044,0.0000
-0.2000,1.8159,1.9384,0.0001,-0.0183,175.5796,30.2865,0.0000,0.1525,0.1525,-0.0652,0.0000,0.0000,-0.0110,-0.0044,0.0000
-0.2000,2.0517,1.8984,0.0000,-0.0100,175.4201,30.4239,0.0000,0.1625,0.1625,-0.0251,0.0000,0.0000,-0.0060,-0.0024,0.0000
0.1999,1.6900,1.8892,-0.0084,-0.0100,175.2655,30.5512,0.0000,0.1837,0.1837,-0.0253,0.0000,0.0000,-0.0060,-0.0024,0.0000
-0.2000,2.0901,1.8492,-0.0168,-0.0100,175.1420,30.6789,0.0000,0.1703,0.1703,-0.0283,0.0000,0.0000,-0.0060,-0.0024,0.0000
-0.2000,1.9853,1.8092,-0.0084,0.0072,175.0078,30.8068,0.0000,0.1732,0.1732,-0.0607,0.0000,0.0000,0.0043,0.0017,0.0000
-0.2000,1.7609,1.7692,-0.0042,0.0072,174.8712,30.9321,0.0000,0.1793,0.1793,-0.0611,0.0000,0.0000,0.0043,0.0017,0.0000
-0.2000,1.8386,1.7292,0.0025,0.0072,174.7282,31.0472,0.0000,0.1866,0.1866,-0.0630,0.0000,0.0000,0.0043,0.0017,0.0000
-0.2000,1.8377,1.6892,0.0100,0.0072,174.5981,31.1795,0.0000,0.1756,0.1756,-0.0642,0.0000,0.0000,0.0043,0.0017,0.0000
-0.2000,1.8190,1.6492,0.0142,0.0072,174.4643,31.3037,0.0000,0.1742,0.1742,-0.0649,0.0000,0.0000,0.0043,0.0017,0.0000
-0.2000,1.8391,1.6092,0.0058,-0.0090,174.3345,31.4331,0.0000,0.1708,0.1708,-0.0355,0.0000,0.0000,-0.0054,-0.0022,0.0000
-0.2000,1.8104,1.5692,-0.0026,-0.0090,174.1837,31.5589,0.0000,0.1922,0.1922,-0.0285,0.0000,0.0000,-0.0054,-0.0022,0.0000
-0.2000,1.8169,1.5323,-0.0110,-0.0090,174.0476,31.6842,0.0000,0.1956,0.1956,-0.0298,0.0000,0.0000,-0.0054,-0.0022,0.0000
-0.2000,1.9510,1.4990,-0.0037,0.0068,173.9201,31.7955,0.0000,0.2033,0.2033,-0.0253,0.0000,0.0000,0.0041,0.0016,0.0000
-0.2000,1.8342,1.4691,-0.0120,0.0068,173.7979,31.9065,0.0000,0.2142,0.2142,-0.0216,0.0000,0.0000,0.0041,0.0016,0.0000
0.0989,1.6783,1.4891,-0.0204,0.0068,173.6742,32.0154,0.0000,0.2214,0.2214,-0.0251,0.0000,0.0000,0.0041,0.0016,0.0000
-0.0335,1.6381,1.5091,-0.0288,0.0068,173.5622,32.1194,0.0000,0.2277,0.2277,-0.0227,0.0000,0.0000,0.0041,0.0016,0.0000
0.0431,1.6324,1.5291,-0.0372,0.0068,173.4519,32.2283,0.0000,0.2242,0.2242,-0.0260,0.0000,0.0000,0.0041,0.0016,0.0000
0.2000,1.5158,1.5491,-0.0456,0.0068,173.3379,32.3243,0.0000,0.2367,0.2367,-0.0260,0.0000,0.0000,0.0041,0.0016,0.0000
0.2000,1.5366,1.5691,-0.0510,0.0097,173.2284,32.4202,0.0000,0.2392,0.2392,-0.0452,0.0000,0.0000,0.0059,0.0023,0.0000
0.2000,1.4776,1.5891,-0.0570,0.0097,173.1377,32.5099,0.0000,0.2362,0.2362,-0.0474,0.0000,0.0000,0.0059,0.0023,0.0000
0.2000,1.4418,1.6091,-0.0486,0.0097,173.0373,32.6088,0.0000,0.2300,0.2300,-0.0535,0.0000,0.0000,0.0059,0.0023,0.0000
0.2000,1.2642,1.6291,-0.0402,0.0097,172.9372,32.7088,0.0000,0.2275,0.2275,-0.0591,0.0000,0.0000,0.0059,0.0023,0.0000
0.1999,1.3965,1.6491,-0.0318,0.0097,172.8402,32.8080,0.0000,0.2148,0.2148,-0.0644,0.0000,0.0000,0.0059,0.0023,0.0000
0.2000,1.4017,1.6691,-0.0303,0.0032,172.7487,32.9021,0.0000,0.2063,0.2063,-0.0634,0.0000,0.0000,0.0019,0.0008,0.0000
0.2000,1.3763,1.6891,-0.0260,0.0032,172.6651,32.9848,0.0000,0.2043,0.2043,-0.0646,0.0000,0.0000,0.0019,0.0008,0.0000
0.2000,1.2998,1.7091,-0.0176,0.0032,172.5800,33.0789,0.0000,0.1945,0.1945,-0.0697,0.0000,0.0000,0.0019,0.0008,0.0000
0.2000,1.1657,1.7291,-0.0092,0.0032,172.5010,33.1737,0.0000,0.1834,0.1834,-0.0730,0.0000,0.0000,0.0019,0.0008,0.0000
0.2000,1.2586,1.7491,-0.0008,0.0032,172.4202,33.2652,0.0000,0.1684,0.1684,-0.0756,0.0000,0.0000,0.0019,0.0008,0.0000
0.2000,1.2242,1.7691,0.0076,0.0032,172.3389,33.3569,0.0000,0.1588,0.1588,-0.0771,0.0000,0.0000,0.0019,0.0008,0.0000
0.2000,1.2106,1.7891,0.0160,0.0032,172.2571,33.4465,0.0000,0.1510,0.1510,-0.0776,0.0000,0.0000,0.0019,0.0008,0.0000
0.2000,1.2154,1.8091,0.0244,0.0064,172.1596,33.5455,0.0000,0.1455,0.1455,-0.0920,0.0000,0.0000,0.0038,0.0015,0.0000
0.2000,1.2027,1.8291,0.0327,0.0064,172.0558,33.6409,0.0000,0.1490,0.1490,-0.0888,0.0000,0.0000,0.0038,0.0015,0.0000
0.2000,1.3778,1.8491,0.0411,0.0064,171.9531,33.7366,0.0000,0.1407,0.1407,-0.0895,0.0000,0.0000,0.0038,0.0015,0.0000
0.2000,1.3991,1.8691,0.0495,0.0064,171.8599,33.8326,0.0000,0.1343,0.1343,-0.0877,0.0000,0.0000,0.0038,0.0015,0.0000
0.1999,1.3914,1.8891,0.0411,-0.0009,171.7636,33.9311,0.0000,0.1307,0.1307,-0.0698,0.0000,0.0000,-0.0006,-0.0002,0.0000
0.1999,1.3276,1.9091,0.0327,-0.0009,171.6496,34.0494,0.0000,0.1323,0.1323,-0.0610,0.0000,0.0000,-0.0006,-0.0002,0.0000
0.2000,1.3667,1.9291,0.0288,-0.0009,171.5471,34.1497,0.0000,0.1297,0.1297,-0.0610,0.0000,0.0000,-0.0006,-0.0002,0.0000
0.0688,1.6299,1.9160,0.0205,-0.0009,171.4459,34.2547,0.0000,0.1191,0.1191,-0.0571,0.0000,0.0000,-0.0006,-0.0002,0.0000
0.1999,1.4220,1.9360,0.0121,-0.0009,171.3117,34.3599,0.0000,0.1482,0.1482,-0.0485,0.0000,0.0000,-0.0006,-0.0002,0.0000
0.2000,1.4464,1.9560,0.0205,0.0072,171.1767,34.4673,0.0000,0.1618,0.1618,-0.0743,0.0000,0.0000,0.0044,0.0017,0.0000
-0.2000,1.6980,1.9160,0.0289,0.0072,171.0720,34.5695,0.0000,0.1456,0.1456,-0.0758,0.0000,0.0000,0.0044,0.0017,0.0000
-0.2000,1.7124,1.8760,0.0371,0.0072,170.9612,34.6796,0.0000,0.1385,0.1385,-0.0748,0.0000,0.0000,0.0044,0.0017,0.0000
0.2000,1.4509,1.8960,0.0332,0.0072,170.8207,34.8170,0.0000,0.1464,0.1464,-0.0666,0.0000,0.0000,0.0044,0.0017,0.0000
0.2000,1.5490,1.9160,0.0248,-0.0084,170.7068,34.9349,0.0000,0.1361,0.1361,-0.0391,0.0000,0.0000,-0.0051,-0.0020,0.0000
-0.2000,1.9499,1.8760,0.0164,-0.0084,170.5838,35.0478,0.0000,0.1379,0.1379,-0.0328,0.0000,0.0000,-0.0051,-0.0020,0.0000
-0.2000,1.6253,1.8365,0.0081,-0.0084,170.4451,35.1633,0.0000,0.1601,0.1601,-0.0273,0.0000,0.0000,-0.0051,-0.0020,0.0000
-0.2000,1.6570,1.7965,0.0149,0.0069,170.3103,35.2737,0.0000,0.1744,0.1744,-0.0356,0.0000,0.0000,0.0041,0.0017,0.0000
-0.2000,1.7926,1.7565,0.0065,0.0069,170.1604,35.3970,0.0000,0.1878,0.1878,-0.0320,0.0000,0.0000,0.0041,0.0017,0.0000
-0.2000,1.7289,1.7165,-0.0019,0.0069,170.0236,35.5211,0.0000,0.1919,0.1919,-0.0319,0.0000,0.0000,0.0041,0.0017,0.0000
-0.2000,1.9262,1.6765,-0.0103,0.0028,169.8645,35.6331,0.0000,0.2196,0.2196,-0.0459,0.0000,0.0000,0.0017,0.0007,0.0000
-0.2000,1.8307,1.6365,-0.0186,0.0028,169.7382,35.7488,0.0000,0.2200,0.2200,-0.0465,0.0000,0.0000,0.0017,0.0007,0.0000
-0.2000,1.9345,1.5965,-0.0218,0.0028,169.6084,35.8582,0.0000,0.2202,0.2202,-0.0498,0.0000,0.0000,0.0017,0.0007,0.0000
-0.2000,1.6980,1.5569,-0.0281,0.0028,169.4773,35.9711,0.0000,0.2291,0.2291,-0.0511,0.0000,0.0000,0.0017,0.0007,0.0000
-0.1999,1.6821,1.5212,-0.0299,0.0028,169.3546,36.0836,0.0000,0.2266,0.2266,-0.0531,0.0000,0.0000,0.0017,0.0007,0.0000
-0.2000,1.7142,1.4891,-0.0383,-0.0064,169.2274,36.1991,0.0000,0.2259,0.2259,-0.0369,0.0000,0.0000,-0.0038,-0.0015,0.0000
-0.1999,1.6504,1.4602,-0.0467,-0.0064,169.1036,36.3106,0.0000,0.2281,0.2281,-0.0396,0.0000,0.0000,-0.0038,-0.0015,0.0000
-0.2000,1.7026,1.4341,-0.0551,-0.0064,168.9870,36.4209,0.0000,0.2236,0.2236,-0.0426,0.0000,0.0000,-0.0038,-0.0015,0.0000
-0.2000,1.6513,1.4107,-0.0635,-0.0064,168.8713,36.5288,0.0000,0.2209,0.2209,-0.0475,0.0000,0.0000,-0.0038,-0.0015,0.0000
0.0341,1.5912,1.4307,-0.0691,-0.0064,168.7618,36.6382,0.0000,0.2134,0.2134,-0.0524,0.0000,0.0000,-0.0038,-0.0015,0.0000
0.0087,1.5670,1.4507,-0.0607,0.0031,168.6529,36.7332,0.0000,0.2150,0.2150,-0.0587,0.0000,0.0000,0.0019,0.0007,0.0000
0.0893,1.5351,1.4707,-0.0523,0.0031,168.5473,36.8285,0.0000,0.2141,0.2141,-0.0641,0.0000,0.0000,0.0019,0.0007,0.0000
0.2000,1.4304,1.4907,-0.0439,0.0031,168.4478,36.9232,0.0000,0.2117,0.2117,-0.0703,0.0000,0.0000,0.0019,0.0007,0.0000
0.2000,1.4089,1.5107,-0.0355,0.0031,168.3620,37.0168,0.0000,0.2005,0.2005,-0.0733,0.0000,0.0000,0.0019,0.0007,0.0000
0.1999,1.3604,1.5307,-0.0271,0.0031,168.2697,37.1109,0.0000,0.1923,0.1923,-0.0795,0.0000,0.0000,0.0019,0.0007,0.0000
0.2000,1.2591,1.5507,-0.0187,0.0031,168.1879,37.2049,0.0000,0.1810,0.1810,-0.0833,0.0000,0.0000,0.0019,0.0007,0.0000
0.1999,1.3057,1.5707,-0.0103,0.0036,168.1132,37.2876,0.0000,0.1689,0.1689,-0.0815,0.0000,0.0000,0.0022,0.0009,0.0000
0.2000,1.2361,1.5907,-0.0019,0.0036,168.0362,37.3669,0.0000,0.1651,0.1651,-0.0839,0.0000,0.0000,0.0022,0.0009,0.0000
0.2000,1.1047,1.6107,0.0065,0.0036,167.9553,37.4502,0.0000,0.1634,0.1634,-0.0873,0.0000,0.0000,0.0022,0.0009,0.0000
0.2000,1.0963,1.6307,0.0148,0.0036,167.8763,37.5310,0.0000,0.1583,0.1583,-0.0885,0.0000,0.0000,0.0022,0.0009,0.0000
0.2000,1.1503,1.6507,0.0232,0.0036,167.8054,37.5998,0.0000,0.1558,0.1558,-0.0860,0.0000,0.0000,0.0022,0.0009,0.0000
0.2000,1.1205,1.6707,0.0316,0.0036,167.7323,37.6829,0.0000,0.1456,0.1456,-0.0877,0.0000,0.0000,0.0022,0.0009,0.0000
0.2000,0.9802,1.6907,0.0400,0.0036,167.6511,37.7632,0.0000,0.1494,0.1494,-0.0867,0.0000,0.0000,0.0022,0.0009,0.0000
0.2000,1.0979,1.7107,0.0457,0.0086,167.5571,37.8473,0.0000,0.1503,0.1503,-0.0783,0.0000,0.0000,0.0052,0.0021,0.0000
0.2000,1.1321,1.7307,0.0427,0.0086,167.4529,37.9284,0.0000,0.1630,0.1630,-0.0758,0.0000,0.0000,0.0052,0.0021,0.0000
0.2000,1.2540,1.7507,0.0420,0.0086,167.3705,38.0134,0.0000,0.1541,0.1541,-0.0745,0.0000,0.0000,0.0052,0.0021,0.0000
0.2000,1.3115,1.7707,0.0336,0.0086,167.2435,38.1041,0.0000,0.1796,0.1796,-0.0648,0.0000,0.0000,0.0052,0.0021,0.0000
0.2000,1.1729,1.7907,0.0291,0.0086,167.1480,38.2053,0.0000,0.1758,0.1758,-0.0654,0.0000,0.0000,0.0052,0.0021,0.0000
0.2000,1.5591,1.8107,0.0375,0.0138,167.0549,38.3066,0.0000,0.1525,0.1525,-0.0757,0.0000,0.0000,0.0083,0.0033,0.0000
0.2000,1.3791,1.8307,0.0352,0.0138,166.9344,38.4020,0.0000,0.1757,0.1757,-0.0684,0.0000,0.0000,0.0083,0.0033,0.0000
0.2000,1.3640,1.8507,0.0336,0.0138,166.8309,38.5025,0.0000,0.1738,0.1738,-0.0663,0.0000,0.0000,0.0083,0.0033,0.0000
0.2000,1.5293,1.8707,0.0252,0.0138,166.7306,38.5963,0.0000,0.1704,0.1704,-0.0621,0.0000,0.0000,0.0083,0.0033,0.0000
0.2000,1.4318,1.8907,0.0168,0.0097,166.6156,38.7052,0.0000,0.1759,0.1759,-0.0391,0.0000,0.0000,0.0059,0.0023,0.0000
0.2000,1.3622,1.9107,0.0084,0.0097,166.5060,38.7979,0.0000,0.1881,0.1881,-0.0360,0.0000,0.0000,0.0059,0.0023,0.0000
0.2000,1.5715,1.9258,0.0000,0.0097,166.3808,38.9002,0.0000,0.2001,0.2001,-0.0318,0.0000,0.0000,0.0059,0.0023,0.0000
0.1999,1.4244,1.9458,-0.0083,0.0097,166.2565,39.0074,0.0000,0.2114,0.2114,-0.0310,0.0000,0.0000,0.0059,0.0023,0.0000
-0.0328,1.6064,1.9225,-0.0038,0.0226,166.1303,39.1053,0.0000,0.2250,0.2250,-0.0565,0.0000,0.0000,0.0136,0.0055,0.0000
-0.2000,1.6267,1.8825,-0.0122,0.0226,166.0145,39.2090,0.0000,0.2223,0.2223,-0.0598,0.0000,0.0000,0.0136,0.0055,0.0000
0.2000,1.5860,1.8872,-0.0176,0.0226,165.8882,39.3174,0.0000,0.2292,0.2292,-0.0577,0.0000,0.0000,0.0136,0.0055,0.0000
0.2000,1.5406,1.9072,-0.0188,0.0226,165.7654,39.4254,0.0000,0.2327,0.2327,-0.0575,0.0000,0.0000,0.0136,0.0055,0.0000
-0.2000,1.6515,1.8672,-0.0272,0.0133,165.6410,39.5469,0.0000,0.2219,0.2219,-0.0537,0.0000,0.0000,0.0080,0.0032,0.0000
-0.2000,1.6210,1.8341,-0.0217,0.0133,165.5302,39.6625,0.0000,0.2082,0.2082,-0.0582,0.0000,0.0000,0.0080,0.0032,0.0000
-0.2000,1.7243,1.7941,-0.0205,0.0133,165.4120,39.7681,0.0000,0.2071,0.2071,-0.0578,0.0000,0.0000,0.0080,0.0032,0.0000
0.2001,1.5879,1.8057,-0.0132,0.0133,165.3012,39.8747,0.0000,0.2031,0.2031,-0.0625,0.0000,0.0000,0.0080,0.0032,0.0000
0.2000,1.5718,1.8257,-0.0089,0.0133,165.1727,39.9959,0.0000,0.1992,0.1992,-0.0642,0.0000,0.0000,0.0080,0.0032,0.0000
0.2000,1.5234,1.8457,-0.0114,0.0190,165.0235,40.1151,0.0000,0.2123,0.2123,-0.0649,0.0000,0.0000,0.0114,0.0046,0.0000
-0.2000,1.7512,1.8057,-0.0030,0.0190,164.8960,40.2305,0.0000,0.2010,0.2010,-0.0701,0.0000,0.0000,0.0114,0.0046,0.0000
-0.2000,1.8927,1.7657,0.0042,0.0190,164.7608,40.3508,0.0000,0.1999,0.1999,-0.0682,0.0000,0.0000,0.0114,0.0046,0.0000
-0.2000,1.7037,1.7257,0.0126,0.0257,164.6183,40.4922,0.0000,0.1965,0.1965,-0.0768,0.0000,0.0000,0.0155,0.0062,0.0000
-0.2000,1.7947,1.6857,0.0210,0.0257,164.4904,40.6058,0.0000,0.1907,0.1907,-0.0803,0.0000,0.0000,0.0155,0.0062,0.0000
-0.2000,1.9901,1.6457,0.0294,0.0257,164.3661,40.7229,0.0000,0.1798,0.1798,-0.0791,0.0000,0.0000,0.0155,0.0062,0.0000
-0.2000,1.6948,1.6057,0.0373,0.0257,164.2490,40.8378,0.0000,0.1853,0.1853,-0.0777,0.0000,0.0000,0.0155,0.0062,0.0000
-0.2000,1.6935,1.5657,0.0386,0.0266,164.1168,40.9514,0.0000,0.1931,0.1931,-0.0742,0.0000,0.0000,0.0160,0.0064,0.0000
-0.1059,1.6269,1.5551,0.0303,0.0266,164.0023,41.0579,0.0000,0.1932,0.1932,-0.0733,0.0000,0.0000,0.0160,0.0064,0.0000
-0.2000,1.7303,1.5196,0.0219,0.0266,163.8817,41.1522,0.0000,0.2048,0.2048,-0.0672,0.0000,0.0000,0.0160,0.0064,0.0000
0.1992,1.5511,1.5396,0.0135,0.0266,163.7665,41.2534,0.0000,0.2133,0.2133,-0.0656,0.0000,0.0000,0.0160,0.0064,0.0000
0.2000,1.5219,1.5596,0.0051,0.0266,163.6446,41.3574,0.0000,0.2238,0.2238,-0.0580,0.0000,0.0000,0.0160,0.0064,0.0000
0.2000,1.5200,1.5796,0.0135,0.0323,163.5347,41.4509,0.0000,0.2241,0.2241,-0.0997,0.0000,0.0000,0.0195,0.0078,0.0000
0.2000,1.5931,1.5996,0.0219,0.0323,163.4285,41.5362,0.0000,0.2250,0.2250,-0.0960,0.0000,0.0000,0.0195,0.0078,0.0000
0.2000,1.4306,1.6196,0.0303,0.0323,163.3264,41.6243,0.0000,0.2292,0.2292,-0.0968,0.0000,0.0000,0.0195,0.0078,0.0000
0.2000,1.3523,1.6396,0.0384,0.0323,163.2241,41.7175,0.0000,0.2268,0.2268,-0.0958,0.0000,0.0000,0.0195,0.0078,0.0000
0.2000,1.3372,1.6596,0.0435,0.0323,163.1240,41.8012,0.0000,0.2296,0.2296,-0.0912,0.0000,0.0000,0.0195,0.0078,0.0000
0.2000,1.3718,1.6796,0.0483,0.0323,163.0197,41.8930,0.0000,0.2238,0.2238,-0.0906,0.0000,0.0000,0.0195,0.0078,0.0000
0.2000,1.3781,1.6996,0.0399,0.0197,162.9158,41.9749,0.0000,0.2305,0.2305,-0.0877,0.0000,0.0000,0.0119,0.0047,0.0000
0.2000,1.3781,1.7196,0.0315,0.0197,162.8057,42.0609,0.0000,0.2359,0.2359,-0.0844,0.0000,0.0000,0.0119,0.0047,0.0000
0.2000,1.3154,1.7396,0.0237,0.0197,162.7056,42.1457,0.0000,0.2370,0.2370,-0.0833,0.0000,0.0000,0.0119,0.0047,0.0000
0.2000,1.3870,1.7596,0.0153,0.0197,162.6101,42.2325,0.0000,0.2320,0.2320,-0.0764,0.0000,0.0000,0.0119,0.0047,0.0000
0.2000,1.3005,1.7796,0.0193,0.0197,162.5165,42.3108,0.0000,0.2338,0.2338,-0.0766,0.0000,0.0000,0.0119,0.0047,0.0000
0.2000,1.2815,1.7996,0.0152,0.0240,162.4181,42.3862,0.0000,0.2418,0.2418,-0.0536,0.0000,0.0000,0.0145,0.0058,0.0000
0.1999,1.2098,1.8196,0.0071,0.0240,162.3181,42.4651,0.0000,0.2476,0.2476,-0.0545,0.0000,0.0000,0.0145,0.0058,0.0000
0.2000,1.2323,1.8396,-0.0013,0.0240,162.2139,42.5498,0.0000,0.2507,0.2507,-0.0531,0.0000,0.0000,0.0145,0.0058,0.0000
0.2000,1.2622,1.8596,-0.0097,0.0240,162.1067,42.6305,0.0000,0.2616,0.2616,-0.0471,0.0000,0.0000,0.0145,0.0058,0.0000
0.2000,1.3318,1.8796,-0.0179,0.0240,161.9963,42.7217,0.0000,0.2607,0.2607,-0.0487,0.0000,0.0000,0.0145,0.0058,0.0000
0.2000,1.3341,1.8996,-0.0095,0.0431,161.8861,42.8117,0.0000,0.2632,0.2632,-0.0674,0.0000,0.0000,0.0260,0.0104,0.0000
0.2000,1.4189,1.9196,-0.0011,0.0431,161.7600,42.9139,0.0000,0.2622,0.2622,-0.0656,0.0000,0.0000,0.0260,0.0104,0.0000
0.2000,1.4115,1.9396,0.0073,0.0431,161.6391,43.0099,0.0000,0.2616,0.2616,-0.0697,0.0000,0.0000,0.0260,0.0104,0.0000
-0.0698,1.6101,1.9126,0.0133,0.0431,161.5334,43.1089,0.0000,0.2435,0.2435,-0.0713,0.0000,0.0000,0.0260,0.0104,0.0000
0.2001,1.5282,1.9326,0.0217,0.0433,161.4191,43.2061,0.0000,0.2425,0.2425,-0.1053,0.0000,0.0000,0.0261,0.0105,0.0000
0.2000,1.4368,1.9526,0.0300,0.0433,161.3026,43.3100,0.0000,0.2364,0.2364,-0.1034,0.0000,0.0000,0.0261,0.0105,0.0000
0.2000,1.4871,1.9726,0.0384,0.0433,161.1717,43.4109,0.0000,0.2365,0.2365,-0.0984,0.0000,0.0000,0.0261,0.0105,0.0000
0.2000,1.5479,1.9926,0.0468,0.0433,161.0192,43.5202,0.0000,0.2427,0.2427,-0.0934,0.0000,0.0000,0.0261,0.0105,0.0000
-0.2000,1.6414,1.9526,0.0384,0.0372,160.8821,43.6338,0.0000,0.2338,0.2338,-0.0667,0.0000,0.0000,0.0224,0.0090,0.0000
-0.2000,1.8636,1.9126,0.0300,0.0372,160.7447,43.7383,0.0000,0.2354,0.2354,-0.0618,0.0000,0.0000,0.0224,0.0090,0.0000
-0.2000,1.7660,1.8726,0.0216,0.0372,160.6036,43.8454,0.0000,0.2478,0.2478,-0.0565,0.0000,0.0000,0.0224,0.0090,0.0000
-0.2000,1.7133,1.8326,0.0132,0.0372,160.4728,43.9494,0.0000,0.2509,0.2509,-0.0554,0.0000,0.0000,0.0224,0.0090,0.0000
-0.1999,1.7589,1.7926,0.0216,0.0610,160.3318,44.0577,0.0000,0.2507,0.2507,-0.1120,0.0000,0.0000,0.0368,0.0147,0.0000
-0.2000,1.6566,1.7526,0.0300,0.0610,160.1934,44.1643,0.0000,0.2500,0.2500,-0.1106,0.0000,0.0000,0.0368,0.0147,0.0000
-0.2000,1.7651,1.7126,0.0384,0.0610,160.0531,44.2822,0.0000,0.2332,0.2332,-0.1049,0.0000,0.0000,0.0368,0.0147,0.0000
-0.2000,1.7332,1.6726,0.0467,0.0610,159.9109,44.3948,0.0000,0.2243,0.2243,-0.1052,0.0000,0.0000,0.0368,0.0147,0.0000
-0.2000,1.8181,1.6326,0.0383,0.0421,159.7578,44.5048,0.0000,0.2299,0.2299,-0.0687,0.0000,0.0000,0.0254,0.0101,0.0000
-0.2000,1.7982,1.5926,0.0334,0.0421,159.6075,44.6148,0.0000,0.2368,0.2368,-0.0640,0.0000,0.0000,0.0254,0.0101,0.0000
-0.2000,1.8728,1.5533,0.0251,0.0421,159.4599,44.7201,0.0000,0.2436,0.2436,-0.0586,0.0000,0.0000,0.0254,0.0101,0.0000
-0.2000,1.8480,1.5180,0.0335,0.0686,159.3126,44.8205,0.0000,0.2546,0.2546,-0.0877,0.0000,0.0000,0.0414,0.0166,0.0000
-0.2000,1.8002,1.4862,0.0412,0.0686,159.1832,44.9151,0.0000,0.2540,0.2540,-0.0867,0.0000,0.0000,0.0414,0.0166,0.0000
-0.2000,1.7701,1.4576,0.0449,0.0686,159.0644,45.0040,0.0000,0.2526,0.2526,-0.0842,0.0000,0.0000,0.0414,0.0166,0.0000
0.0862,1.5896,1.4776,0.0365,0.0686,158.9449,45.1035,0.0000,0.2487,0.2487,-0.0819,0.0000,0.0000,0.0414,0.0166,0.0000
0.2000,1.4718,1.4976,0.0281,0.0686,158.8263,45.1824,0.0000,0.2625,0.2625,-0.0739,0.0000,0.0000,0.0414,0.0166,0.0000
0.1806,1.5421,1.5176,0.0197,0.0686,158.7099,45.2463,0.0000,0.2773,0.2773,-0.0697,0.0000,0.0000,0.0414,0.0166,0.0000
0.2000,1.4163,1.5376,0.0234,0.0639,158.6005,45.3247,0.0000,0.2792,0.2792,-0.1141,0.0000,0.0000,0.0385,0.0154,0.0000
0.1999,1.3205,1.5576,0.0318,0.0639,158.4908,45.3880,0.0000,0.2939,0.2939,-0.1078,0.0000,0.0000,0.0385,0.0154,0.0000
0.1999,1.3344,1.5776,0.0402,0.0639,158.3853,45.4645,0.0000,0.2862,0.2862,-0.1059,0.0000,0.0000,0.0385,0.0154,0.0000
0.2000,1.2604,1.5976,0.0486,0.0639,158.2726,45.5351,0.0000,0.2903,0.2903,-0.1066,0.0000,0.0000,0.0385,0.0154,0.0000
0.2000,1.2930,1.6176,0.0407,0.0639,158.1671,45.6061,0.0000,0.2896,0.2896,-0.0992,0.0000,0.0000,0.0385,0.0154,0.0000
0.2000,1.3181,1.6376,0.0394,0.0639,158.0634,45.6799,0.0000,0.2843,0.2843,-0.0949,0.0000,0.0000,0.0385,0.0154,0.0000
0.2000,1.2636,1.6576,0.0310,0.0541,157.9563,45.7433,0.0000,0.2926,0.2926,-0.0844,0.0000,0.0000,0.0326,0.0130,0.0000
0.2000,1.2634,1.6776,0.0226,0.0541,157.8544,45.8084,0.0000,0.2949,0.2949,-0.0813,0.0000,0.0000,0.0326,0.0130,0.0000
0.2000,1.2357,1.6976,0.0143,0.0541,157.7610,45.8671,0.0000,0.2985,0.2985,-0.0792,0.0000,0.0000,0.0326,0.0130,0.0000
0.2000,1.2005,1.7176,0.0074,0.0541,157.6649,45.9284,0.0000,0.3018,0.3018,-0.0766,0.0000,0.0000,0.0326,0.0130,0.0000
0.2000,1.0940,1.7376,0.0036,0.0541,157.5716,45.9908,0.0000,0.3054,0.3054,-0.0738,0.0000,0.0000,0.0326,0.0130,0.0000
0.2000,1.1318,1.7576,0.0063,0.0541,157.4786,46.0470,0.0000,0.3058,0.3058,-0.0760,0.0000,0.0000,0.0326,0.0130,0.0000
0.2000,1.1137,1.7776,0.0070,0.0541,157.3902,46.1155,0.0000,0.2982,0.2982,-0.0733,0.0000,0.0000,0.0326,0.0130,0.0000
0.2000,1.0762,1.7976,0.0154,0.0699,157.2876,46.1914,0.0000,0.2871,0.2871,-0.1444,0.0000,0.0000,0.0422,0.0169,0.0000
0.2000,1.1088,1.8176,0.0238,0.0699,157.1663,46.2561,0.0000,0.2887,0.2887,-0.1404,0.0000,0.0000,0.0422,0.0169,0.0000
0.2000,1.2655,1.8376,0.0322,0.0699,157.0482,46.3359,0.0000,0.2651,0.2651,-0.1396,0.0000,0.0000,0.0422,0.0169,0.0000
0.2000,1.3666,1.8576,0.0406,0.0699,156.9334,46.4169,0.0000,0.2415,0.2415,-0.1411,0.0000,0.0000,0.0422,0.0169,0.0000
0.2000,1.4125,1.8776,0.0322,0.0478,156.8094,46.4976,0.0000,0.2322,0.2322,-0.1286,0.0000,0.0000,0.0288,0.0115,0.0000
0.1999,1.3933,1.8976,0.0406,0.0478,156.6906,46.5800,0.0000,0.2187,0.2187,-0.1294,0.0000,0.0000,0.0288,0.0115,0.0000
0.1999,1.4693,1.9176,0.0488,0.0478,156.5677,46.6572,0.0000,0.2117,0.2117,-0.1218,0.0000,0.0000,0.0288,0.0115,0.0000
0.2000,1.4331,1.9376,0.0572,0.0478,156.4399,46.7319,0.0000,0.2142,0.2142,-0.1172,0.0000,0.0000,0.0288,0.0115,0.0000
0.2000,1.4425,1.9576,0.0656,0.0478,156.3185,46.8114,0.0000,0.2029,0.2029,-0.1177,0.0000,0.0000,0.0288,0.0115,0.0000
0.2000,1.4700,1.9776,0.0740,0.0615,156.1894,46.8997,0.0000,0.1866,0.1866,-0.1545,0.0000,0.0000,0.0371,0.0148,0.0000
0.1999,1.4387,1.9976,0.0824,0.0615,156.0478,46.9787,0.0000,0.1860,0.1860,-0.1482,0.0000,0.0000,0.0371,0.0148,0.0000
0.2000,1.5529,2.0176,0.0908,0.0615,155.8878,47.0442,0.0000,0.1974,0.1974,-0.1389,0.0000,0.0000,0.0371,0.0148,0.0000
-0.1605,1.6111,1.9815,0.0872,0.0495,155.7481,47.1211,0.0000,0.1871,0.1871,-0.1492,0.0000,0.0000,0.0299,0.0119,0.0000
-0.2000,1.7241,1.9415,0.0956,0.0495,155.5885,47.2042,0.0000,0.1889,0.1889,-0.1312,0.0000,0.0000,0.0299,0.0119,0.0000
0.2000,1.5813,1.9448,0.1040,0.0495,155.4547,47.2764,0.0000,0.1919,0.1919,-0.1308,0.0000,0.0000,0.0299,0.0119,0.0000
-0.2000,1.7960,1.9048,0.1105,0.0495,155.2818,47.3505,0.0000,0.2017,0.2017,-0.1139,0.0000,0.0000,0.0299,0.0119,0.0000
0.2000,1.5083,1.9248,0.1035,0.0495,155.1275,47.4403,0.0000,0.2110,0.2110,-0.1054,0.0000,0.0000,0.0299,0.0119,0.0000
-0.2000,1.8808,1.8848,0.1119,0.0547,154.9663,47.5164,0.0000,0.1878,0.1878,-0.1390,0.0000,0.0000,0.0330,0.0132,0.0000
-0.2000,1.7719,1.8448,0.1203,0.0547,154.7788,47.5967,0.0000,0.2074,0.2074,-0.1257,0.0000,0.0000,0.0330,0.0132,0.0000
-0.2000,1.7739,1.8048,0.1119,0.0424,154.5959,47.6697,0.0000,0.2224,0.2224,-0.1161,0.0000,0.0000,0.0256,0.0102,0.0000
-0.2000,2.0324,1.7648,0.1035,0.0424,154.4168,47.7534,0.0000,0.2147,0.2147,-0.1026,0.0000,0.0000,0.0256,0.0102,0.0000
-0.2000,1.9615,1.7248,0.0951,0.0424,154.2414,47.8333,0.0000,0.2260,0.2260,-0.0904,0.0000,0.0000,0.0256,0.0102,0.0000
-0.2000,1.9658,1.6848,0.0867,0.0424,154.0559,47.8980,0.0000,0.2511,0.2511,-0.0785,0.0000,0.0000,0.0256,0.0102,0.0000
-0.2000,1.9168,1.6448,0.0877,0.0518,153.8607,47.9679,0.0000,0.2745,0.2745,-0.0774,0.0000,0.0000,0.0312,0.0125,0.0000
-0.2000,1.9571,1.6048,0.0793,0.0518,153.6844,48.0336,0.0000,0.2883,0.2883,-0.0690,0.0000,0.0000,0.0312,0.0125,0.0000
-0.2000,2.0643,1.5648,0.0709,0.0518,153.5021,48.1029,0.0000,0.2993,0.2993,-0.0609,0.0000,0.0000,0.0312,0.0125,0.0000
-0.2000,1.8705,1.5283,0.0679,0.0572,153.3387,48.1646,0.0000,0.3187,0.3187,-0.0997,0.0000,0.0000,0.0345,0.0138,0.0000
-0.2000,1.9375,1.4955,0.0595,0.0572,153.1686,48.2272,0.0000,0.3226,0.3226,-0.0910,0.0000,0.0000,0.0345,0.0138,0.0000
-0.2000,1.7371,1.4802,0.0512,0.0572,153.0070,48.2713,0.0000,0.3515,0.3515,-0.0839,0.0000,0.0000,0.0345,0.0138,0.0000
-0.1999,1.8004,1.4522,0.0428,0.0572,152.8641,48.3199,0.0000,0.3569,0.3569,-0.0782,0.0000,0.0000,0.0345,0.0138,0.0000
0.0803,1.6683,1.4722,0.0344,0.0572,152.7145,48.3725,0.0000,0.3689,0.3689,-0.0717,0.0000,0.0000,0.0345,0.0138,0.0000
0.1547,1.4996,1.4922,0.0261,0.0572,152.5723,48.4263,0.0000,0.3760,0.3760,-0.0674,0.0000,0.0000,0.0345,0.0138,0.0000
0.1274,1.5745,1.5122,0.0177,0.0419,152.4534,48.4686,0.0000,0.3760,0.3760,-0.0742,0.0000,0.0000,0.0253,0.0101,0.0000
0.2000,1.5092,1.5322,0.0093,0.0419,152.3113,48.5157,0.0000,0.3830,0.3830,-0.0714,0.0000,0.0000,0.0253,0.0101,0.0000
0.1999,1.2526,1.5522,0.0009,0.0419,152.1749,48.5560,0.0000,0.4004,0.4004,-0.0693,0.0000,0.0000,0.0253,0.0101,0.0000
0.2000,1.4853,1.5722,-0.0075,0.0419,152.0384,48.5912,0.0000,0.4053,0.4053,-0.0678,0.0000,0.0000,0.0253,0.0101,0.0000
0.2000,1.4108,1.5922,-0.0159,0.0419,151.9107,48.6356,0.0000,0.4096,0.4096,-0.0657,0.0000,0.0000,0.0253,0.0101,0.0000
0.1999,1.4000,1.6122,-0.0168,0.0440,151.7836,48.6850,0.0000,0.4048,0.4048,-0.0979,0.0000,0.0000,0.0265,0.0106,0.0000
0.1999,1.3406,1.6322,-0.0134,0.0440,151.6575,48.7270,0.0000,0.4035,0.4035,-0.1004,0.0000,0.0000,0.0265,0.0106,0.0000
0.1999,1.3519,1.6522,-0.0111,0.0440,151.5377,48.7655,0.0000,0.4012,0.4012,-0.1013,0.0000,0.0000,0.0265,0.0106,0.0000
0.1999,1.3175,1.6722,-0.0027,0.0440,151.4230,48.8120,0.0000,0.3889,0.3889,-0.1072,0.0000,0.0000,0.0265,0.0106,0.0000
0.2000,1.2470,1.6922,-0.0048,0.0440,151.2997,48.8523,0.0000,0.3941,0.3941,-0.1020,0.0000,0.0000,0.0265,0.0106,0.0000
0.2000,1.2266,1.7122,-0.0002,0.0440,151.1887,48.8890,0.0000,0.3915,0.3915,-0.1049,0.0000,0.0000,0.0265,0.0106,0.0000
0.2000,1.2890,1.7322,-0.0038,0.0346,151.0796,48.9419,0.0000,0.3709,0.3709,-0.1038,0.0000,0.0000,0.0209,0.0083,0.0000
0.2000,1.1583,1.7522,-0.0010,0.0346,150.9679,48.9869,0.0000,0.3681,0.3681,-0.1035,0.0000,0.0000,0.0209,0.0083,0.0000
0.2000,1.2020,1.7722,0.0074,0.0346,150.8452,49.0419,0.0000,0.3478,0.3478,-0.1070,0.0000,0.0000,0.0209,0.0083,0.0000
0.2000,1.1938,1.7922,0.0072,0.0346,150.7184,49.0867,0.0000,0.3452,0.3452,-0.1036,0.0000,0.0000,0.0209,0.0083,0.0000
0.2000,1.3334,1.8122,0.0041,0.0346,150.5780,49.1297,0.0000,0.3415,0.3415,-0.0994,0.0000,0.0000,0.0209,0.0083,0.0000
0.2000,1.3349,1.8322,0.0125,0.0414,150.4492,49.1758,0.0000,0.3308,0.3308,-0.1334,0.0000,0.0000,0.0249,0.0100,0.0000
0.1999,1.4579,1.8522,0.0208,0.0414,150.3212,49.2253,0.0000,0.3130,0.3130,-0.1288,0.0000,0.0000,0.0249,0.0100,0.0000
0.2000,1.3547,1.8722,0.0292,0.0414,150.1812,49.2675,0.0000,0.3177,0.3177,-0.1274,0.0000,0.0000,0.0249,0.0100,0.0000
0.2000,1.3624,1.8922,0.0376,0.0414,150.0404,49.3118,0.0000,0.3135,0.3135,-0.1262,0.0000,0.0000,0.0249,0.0100,0.0000
0.2000,1.4507,1.9122,0.0460,0.0414,149.9050,49.3546,0.0000,0.3060,0.3060,-0.1225,0.0000,0.0000,0.0249,0.0100,0.0000
0.2000,1.4632,1.9322,0.0471,0.0339,149.7568,49.4044,0.0000,0.2967,0.2967,-0.1407,0.0000,0.0000,0.0205,0.0082,0.0000
0.2000,1.4100,1.9522,0.0554,0.0339,149.6195,49.4518,0.0000,0.2919,0.2919,-0.1362,0.0000,0.0000,0.0205,0.0082,0.0000
0.2000,1.5517,1.9722,0.0638,0.0339,149.4687,49.5000,0.0000,0.2773,0.2773,-0.1310,0.0000,0.0000,0.0205,0.0082,0.0000
0.2000,1.4416,1.9922,0.0717,0.0339,149.3044,49.5410,0.0000,0.2908,0.2908,-0.1239,0.0000,0.0000,0.0205,0.0082,0.0000
0.2000,1.5717,2.0122,0.0752,0.0291,149.1497,49.5868,0.0000,0.2778,0.2778,-0.1318,0.0000,0.0000,0.0175,0.0070,0.0000
0.2000,1.6832,2.0322,0.0753,0.0291,148.9859,49.6334,0.0000,0.2728,0.2728,-0.1217,0.0000,0.0000,0.0175,0.0070,0.0000
0.1999,1.6011,2.0522,0.0707,0.0291,148.8196,49.6819,0.0000,0.2766,0.2766,-0.1140,0.0000,0.0000,0.0175,0.0070,0.0000
0.2000,1.6944,2.0722,0.0779,0.0279,148.6508,49.7259,0.0000,0.2720,0.2720,-0.1384,0.0000,0.0000,0.0168,0.0067,0.0000
0.2000,1.7209,2.0839,0.0863,0.0279,148.4878,49.7771,0.0000,0.2609,0.2609,-0.1309,0.0000,0.0000,0.0168,0.0067,0.0000
0.2000,1.7318,2.0862,0.0843,0.0279,148.3081,49.8209,0.0000,0.2613,0.2613,-0.1238,0.0000,0.0000,0.0168,0.0067,0.0000
0.2001,1.6961,2.1062,0.0759,0.0279,148.1206,49.8546,0.0000,0.2813,0.2813,-0.1105,0.0000,0.0000,0.0168,0.0067,0.0000
-0.1999,1.8372,2.0662,0.0675,0.0177,147.9268,49.8956,0.0000,0.2813,0.2813,-0.1111,0.0000,0.0000,0.0106,0.0043,0.0000
-0.2000,1.8998,2.0262,0.0591,0.0177,147.7340,49.9289,0.0000,0.2939,0.2939,-0.1006,0.0000,0.0000,0.0106,0.0043,0.0000
-0.2000,1.9476,1.9862,0.0507,0.0177,147.5570,49.9721,0.0000,0.2927,0.2927,-0.0925,0.0000,0.0000,0.0106,0.0043,0.0000
-0.2000,1.9476,1.9462,0.0423,0.0160,147.3703,50.0136,0.0000,0.2971,0.2971,-0.0817,0.0000,0.0000,0.0097,0.0039,0.0000
-0.2000,1.8091,1.9062,0.0339,0.0160,147.1830,50.0471,0.0000,0.3131,0.3131,-0.0764,0.0000,0.0000,0.0097,0.0039,0.0000
-0.2000,1.8989,1.8662,0.0255,0.0160,146.9869,50.0794,0.0000,0.3250,0.3250,-0.0691,0.0000,0.0000,0.0097,0.0039,0.0000
-0.2000,1.8895,1.8262,0.0171,0.0160,146.8033,50.1193,0.0000,0.3294,0.3294,-0.0630,0.0000,0.0000,0.0097,0.0039,0.0000
-0.2000,1.9755,1.7862,0.0134,0.0207,146.5990,50.1591,0.0000,0.3339,0.3339,-0.0646,0.0000,0.0000,0.0125,0.0050,0.0000
-0.2000,1.8645,1.7462,0.0050,0.0207,146.3963,50.2014,0.0000,0.3415,0.3415,-0.0586,0.0000,0.0000,0.0125,0.0050,0.0000
-0.2000,2.0667,1.7062,-0.0034,0.0207,146.2161,50.2392,0.0000,0.3301,0.3301,-0.0624,0.0000,0.0000,0.0125,0.0050,0.0000
-0.2000,2.0544,1.6662,-0.0118,0.0193,146.0142,50.2749,0.0000,0.3428,0.3428,-0.0739,0.0000,0.0000,0.0116,0.0047,0.0000
-0.2000,1.8250,1.6292,-0.0201,0.0193,145.8201,50.3141,0.0000,0.3464,0.3464,-0.0744,0.0000,0.0000,0.0116,0.0047,0.0000
-0.2000,2.0367,1.5966,-0.0285,0.0193,145.6372,50.3440,0.0000,0.3409,0.3409,-0.0747,0.0000,0.0000,0.0116,0.0047,0.0000
-0.1999,1.9637,1.5695,-0.0317,0.0193,145.4616,50.3890,0.0000,0.3252,0.3252,-0.0798,0.0000,0.0000,0.0116,0.0047,0.0000
-0.2000,1.8370,1.5460,-0.0401,0.0103,145.2862,50.4305,0.0000,0.3180,0.3180,-0.0854,0.0000,0.0000,0.0062,0.0025,0.0000
-0.2000,1.7974,1.5285,-0.0431,0.0103,145.1271,50.4606,0.0000,0.3174,0.3174,-0.0854,0.0000,0.0000,0.0062,0.0025,0.0000
-0.2000,1.7872,1.5278,-0.0347,0.0103,144.9686,50.4971,0.0000,0.3053,0.3053,-0.0898,0.0000,0.0000,0.0062,0.0025,0.0000
0.0916,1.6050,1.5478,-0.0263,0.0103,144.8124,50.5343,0.0000,0.2972,0.2972,-0.0981,0.0000,0.0000,0.0062,0.0025,0.0000
0.1295,1.6120,1.5678,-0.0179,0.0103,144.6654,50.5674,0.0000,0.2881,0.2881,-0.0999,0.0000,0.0000,0.0062,0.0025,0.0000
0.1741,1.5915,1.5878,-0.0097,0.0102,144.5128,50.5959,0.0000,0.2833,0.2833,-0.1197,0.0000,0.0000,0.0062,0.0025,0.0000
0.2000,1.4935,1.6078,-0.0013,0.0102,144.3718,50.6214,0.0000,0.2845,0.2845,-0.1220,0.0000,0.0000,0.0062,0.0025,0.0000
0.2000,1.5374,1.6278,0.0071,0.0102,144.2341,50.6511,0.0000,0.2727,0.2727,-0.1239,0.0000,0.0000,0.0062,0.0025,0.0000
0.1999,1.4196,1.6478,0.0155,0.0102,144.0956,50.6859,0.0000,0.2668,0.2668,-0.1248,0.0000,0.0000,0.0062,0.0025,0.0000
0.2000,1.3958,1.6678,0.0238,0.0102,143.9573,50.7199,0.0000,0.2571,0.2571,-0.1239,0.0000,0.0000,0.0062,0.0025,0.0000
0.2000,1.4154,1.6878,0.0322,0.0102,143.8281,50.7532,0.0000,0.2445,0.2445,-0.1222,0.0000,0.0000,0.0062,0.0025,0.0000
0.2000,1.4122,1.7078,0.0334,0.0031,143.6982,50.7832,0.0000,0.2364,0.2364,-0.1278,0.0000,0.0000,0.0019,0.0007,0.0000
0.2000,1.3229,1.7278,0.0418,0.0031,143.5641,50.8245,0.0000,0.2203,0.2203,-0.1294,0.0000,0.0000,0.0019,0.0007,0.0000
0.2000,1.3224,1.7478,0.0502,0.0031,143.4316,50.8480,0.0000,0.2208,0.2208,-0.1235,0.0000,0.0000,0.0019,0.0007,0.0000
0.2000,1.3914,1.7678,0.0586,0.0031,143.3012,50.8737,0.0000,0.2133,0.2133,-0.1197,0.0000,0.0000,0.0019,0.0007,0.0000
0.2000,1.3372,1.7878,0.0630,0.0031,143.1715,50.9000,0.0000,0.2125,0.2125,-0.1158,0.0000,0.0000,0.0019,0.0007,0.0000
0.1999,1.3201,1.8078,0.0546,-0.0022,143.0352,50.9221,0.0000,0.2153,0.2153,-0.0952,0.0000,0.0000,-0.0013,-0.0005,0.0000
0.1999,1.3131,1.8278,0.0462,-0.0022,142.9054,50.9451,0.0000,0.2177,0.2177,-0.0902,0.0000,0.0000,-0.0013,-0.0005,0.0000
0.1999,1.3717,1.8478,0.0378,-0.0022,142.7689,50.9718,0.0000,0.2149,0.2149,-0.0849,0.0000,0.0000,-0.0013,-0.0005,0.0000
0.2000,1.3090,1.8678,0.0294,-0.0022,142.6380,50.9946,0.0000,0.2205,0.2205,-0.0791,0.0000,0.0000,-0.0013,-0.0005,0.0000
0.2000,1.3813,1.8878,0.0210,-0.0022,142.4993,51.0091,0.0000,0.2266,0.2266,-0.0788,0.0000,0.0000,-0.0013,-0.0005,0.0000
0.2000,1.3197,1.9078,0.0212,0.0053,142.3511,51.0261,0.0000,0.2423,0.2423,-0.0913,0.0000,0.0000,0.0032,0.0013,0.0000
0.2000,1.3829,1.9278,0.0246,0.0053,142.2074,51.0516,0.0000,0.2347,0.2347,-0.0916,0.0000,0.0000,0.0032,0.0013,0.0000
0.2000,1.4852,1.9478,0.0162,0.0053,142.0379,51.0801,0.0000,0.2338,0.2338,-0.0818,0.0000,0.0000,0.0032,0.0013,0.0000
0.2000,1.4467,1.9678,0.0187,0.0053,141.8767,51.0969,0.0000,0.2393,0.2393,-0.0856,0.0000,0.0000,0.0032,0.0013,0.0000
0.2000,1.7079,1.9878,0.0103,-0.0046,141.7170,51.1326,0.0000,0.2213,0.2213,-0.0809,0.0000,0.0000,-0.0028,-0.0011,0.0000
0.2000,1.6042,2.0078,0.0019,-0.0046,141.5471,51.1669,0.0000,0.2207,0.2207,-0.0748,0.0000,0.0000,-0.0028,-0.0011,0.0000
0.2000,1.6237,2.0278,-0.0064,-0.0046,141.3785,51.1886,0.0000,0.2225,0.2225,-0.0751,0.0000,0.0000,-0.0028,-0.0011,0.0000
0.2000,1.7197,2.0448,-0.0030,-0.0046,141.2075,51.2065,0.0000,0.2275,0.2275,-0.0730,0.0000,0.0000,-0.0028,-0.0011,0.0000
0.2000,1.6849,2.0648,-0.0114,-0.0072,141.0404,51.2323,0.0000,0.2282,0.2282,-0.0698,0.0000,0.0000,-0.0043,-0.0017,0.0000
0.2000,1.7061,2.0848,-0.0198,-0.0072,140.8544,51.2577,0.0000,0.2292,0.2292,-0.0699,0.0000,0.0000,-0.0043,-0.0017,0.0000
0.2000,1.6763,2.1048,-0.0282,-0.0072,140.6778,51.2788,0.0000,0.2345,0.2345,-0.0705,0.0000,0.0000,-0.0043,-0.0017,0.0000
-0.2000,1.8611,2.0648,-0.0282,-0.0087,140.4957,51.3104,0.0000,0.2219,0.2219,-0.0618,0.0000,0.0000,-0.0052,-0.0021,0.0000
0.1169,1.7631,2.0395,-0.0363,-0.0087,140.3114,51.3415,0.0000,0.2206,0.2206,-0.0645,0.0000,0.0000,-0.0052,-0.0021,0.0000
-0.2000,1.8322,1.9995,-0.0280,-0.0087,140.1170,51.3781,0.0000,0.2094,0.2094,-0.0679,0.0000,0.0000,-0.0052,-0.0021,0.0000
-0.1999,1.8526,1.9595,-0.0196,-0.0087,139.9331,51.4022,0.0000,0.2088,0.2088,-0.0731,0.0000,0.0000,-0.0052,-0.0021,0.0000
-0.2000,1.9610,1.9195,-0.0112,-0.0052,139.7242,51.4344,0.0000,0.2002,0.2002,-0.0809,0.0000,0.0000,-0.0031,-0.0013,0.0000
-0.2000,1.8365,1.8795,-0.0029,-0.0052,139.5309,51.4847,0.0000,0.1824,0.1824,-0.0839,0.0000,0.0000,-0.0031,-0.0013,0.0000
-0.2000,2.0934,1.8395,0.0055,-0.0052,139.3512,51.5171,0.0000,0.1576,0.1576,-0.0932,0.0000,0.0000,-0.0031,-0.0013,0.0000
-0.2000,1.9808,1.7995,0.0101,-0.0090,139.1523,51.5579,0.0000,0.1560,0.1560,-0.0975,0.0000,0.0000,-0.0054,-0.0022,0.0000
-0.2000,1.8085,1.7595,0.0185,-0.0090,138.9734,51.5941,0.0000,0.1500,0.1500,-0.1026,0.0000,0.0000,-0.0054,-0.0022,0.0000
-0.2000,2.0139,1.7195,0.0269,-0.0090,138.7791,51.6297,0.0000,0.1369,0.1369,-0.0982,0.0000,0.0000,-0.0054,-0.0022,0.0000
-0.2000,1.8084,1.6835,0.0353,-0.0090,138.5882,51.6671,0.0000,0.1394,0.1394,-0.0962,0.0000,0.0000,-0.0054,-0.0022,0.0000
-0.2000,1.9597,1.6511,0.0354,-0.0173,138.4101,51.6959,0.0000,0.1288,0.1288,-0.0882,0.0000,0.0000,-0.0104,-0.0042,0.0000
-0.1999,1.9294,1.6219,0.0324,-0.0173,138.2403,51.7263,0.0000,0.1340,0.1340,-0.0803,0.0000,0.0000,-0.0104,-0.0042,0.0000
-0.2001,1.7872,1.6126,0.0269,-0.0173,138.0623,51.7477,0.0000,0.1459,0.1459,-0.0806,0.0000,0.0000,-0.0104,-0.0042,0.0000
0.0732,1.7137,1.6326,0.0185,-0.0173,137.8919,51.7756,0.0000,0.1550,0.1550,-0.0722,0.0000,0.0000,-0.0104,-0.0042,0.0000
-0.1855,1.7773,1.6344,0.0101,-0.0184,137.7318,51.7961,0.0000,0.1613,0.1613,-0.0417,0.0000,0.0000,-0.0111,-0.0044,0.0000
0.0820,1.7162,1.6544,0.0017,-0.0184,137.5726,51.8141,0.0000,0.1777,0.1777,-0.0370,0.0000,0.0000,-0.0111,-0.0044,0.0000
0.2000,1.6022,1.6744,-0.0067,-0.0184,137.4183,51.8394,0.0000,0.1852,0.1852,-0.0342,0.0000,0.0000,-0.0111,-0.0044,0.0000
0.2000,1.5912,1.6944,-0.0151,-0.0184,137.2669,51.8553,0.0000,0.1946,0.1946,-0.0373,0.0000,0.0000,-0.0111,-0.0044,0.0000
0.2000,1.5513,1.7144,-0.0235,-0.0184,137.1134,51.8774,0.0000,0.2060,0.2060,-0.0315,0.0000,0.0000,-0.0111,-0.0044,0.0000
0.2000,1.5071,1.7344,-0.0319,-0.0184,136.9617,51.8964,0.0000,0.2119,0.2119,-0.0362,0.0000,0.0000,-0.0111,-0.0044,0.0000
0.2000,1.5397,1.7544,-0.0327,-0.0108,136.8244,51.9213,0.0000,0.2118,0.2118,-0.0487,0.0000,0.0000,-0.0065,-0.0026,0.0000
0.2000,1.5147,1.7744,-0.0410,-0.0108,136.6795,51.9495,0.0000,0.2041,0.2041,-0.0548,0.0000,0.0000,-0.0065,-0.0026,0.0000
0.2000,1.3840,1.7944,-0.0381,-0.0108,136.5370,51.9724,0.0000,0.2060,0.2060,-0.0589,0.0000,0.0000,-0.0065,-0.0026,0.0000
0.2000,1.4627,1.8144,-0.0465,-0.0108,136.4000,51.9902,0.0000,0.2110,0.2110,-0.0560,0.0000,0.0000,-0.0065,-0.0026,0.0000
0.2000,1.4296,1.8344,-0.0382,-0.0108,136.2547,52.0120,0.0000,0.2076,0.2076,-0.0660,0.0000,0.0000,-0.0065,-0.0026,0.0000
0.2000,1.3712,1.8544,-0.0432,-0.0241,136.1255,52.0480,0.0000,0.1940,0.1940,-0.0874,0.0000,0.0000,-0.0145,-0.0058,0.0000
0.1999,1.4540,1.8744,-0.0349,-0.0241,135.9820,52.0807,0.0000,0.1730,0.1730,-0.0957,0.0000,0.0000,-0.0145,-0.0058,0.0000
0.1999,1.3295,1.8944,-0.0265,-0.0241,135.8341,52.1109,0.0000,0.1672,0.1672,-0.1009,0.0000,0.0000,-0.0145,-0.0058,0.0000
0.1999,1.4592,1.9144,-0.0181,-0.0241,135.6944,52.1418,0.0000,0.1465,0.1465,-0.1065,0.0000,0.0000,-0.0145,-0.0058,0.0000
0.2000,1.4959,1.9344,-0.0097,-0.0241,135.5500,52.1715,0.0000,0.1331,0.1331,-0.1110,0.0000,0.0000,-0.0145,-0.0058,0.0000
0.2000,1.4179,1.9544,-0.0176,-0.0404,135.4023,52.2082,0.0000,0.1233,0.1233,-0.0860,0.0000,0.0000,-0.0244,-0.0098,0.0000
0.2000,1.4605,1.9744,-0.0092,-0.0404,135.2644,52.2334,0.0000,0.1188,0.1188,-0.0886,0.0000,0.0000,-0.0244,-0.0098,0.0000
0.2000,1.5095,1.9944,-0.0008,-0.0404,135.1182,52.2649,0.0000,0.1100,0.1100,-0.0901,0.0000,0.0000,-0.0244,-0.0098,0.0000
0.2000,1.3888,2.0144,0.0076,-0.0404,134.9448,52.2906,0.0000,0.1252,0.1252,-0.0830,0.0000,0.0000,-0.0244,-0.0098,0.0000
0.1999,1.4827,2.0344,0.0109,-0.0330,134.7843,52.3207,0.0000,0.1159,0.1159,-0.0704,0.0000,0.0000,-0.0199,-0.0080,0.0000
0.1843,1.7421,2.0328,0.0165,-0.0330,134.6381,52.3616,0.0000,0.0936,0.0936,-0.0719,0.0000,0.0000,-0.0199,-0.0080,0.0000
0.1999,1.6164,2.0528,0.0081,-0.0330,134.4553,52.3938,0.0000,0.1115,0.1115,-0.0598,0.0000,0.0000,-0.0199,-0.0080,0.0000
0.1999,1.5057,2.0728,0.0061,-0.0330,134.2961,52.4220,0.0000,0.1126,0.1126,-0.0668,0.0000,0.0000,-0.0199,-0.0080,0.0000
-0.2000,1.8456,2.0328,0.0049,-0.0296,134.1014,52.4539,0.0000,0.1163,0.1163,-0.0620,0.0000,0.0000,-0.0178,-0.0071,0.0000
0.2000,1.6011,2.0528,0.0023,-0.0296,133.9055,52.4931,0.0000,0.1212,0.1212,-0.0630,0.0000,0.0000,-0.0178,-0.0071,0.0000
-0.2000,1.9620,2.0128,0.0072,-0.0296,133.7389,52.5236,0.0000,0.1067,0.1067,-0.0673,0.0000,0.0000,-0.0178,-0.0071,0.0000
-0.2000,1.9803,1.9728,-0.0012,-0.0401,133.5762,52.5646,0.0000,0.0971,0.0971,-0.0554,0.0000,0.0000,-0.0241,-0.0097,0.0000
0.2000,1.6778,1.9928,-0.0096,-0.0401,133.3931,52.5977,0.0000,0.1174,0.1174,-0.0459,0.0000,0.0000,-0.0241,-0.0097,0.0000
0.1999,1.6639,2.0128,-0.0170,-0.0401,133.2169,52.6300,0.0000,0.1169,0.1169,-0.0510,0.0000,0.0000,-0.0241,-0.0097,0.0000
-0.2000,1.8491,1.9728,-0.0253,-0.0401,133.0195,52.6732,0.0000,0.1159,0.1159,-0.0437,0.0000,0.0000,-0.0241,-0.0097,0.0000
-0.1024,1.7739,1.9447,-0.0337,-0.0413,132.8412,52.7086,0.0000,0.1135,0.1135,-0.0219,0.0000,0.0000,-0.0249,-0.0099,0.0000
-0.2000,2.0051,1.9047,-0.0421,-0.0413,132.6380,52.7535,0.0000,0.1171,0.1171,-0.0186,0.0000,0.0000,-0.0249,-0.0099,0.0000
-0.2000,1.7998,1.8647,-0.0504,-0.0413,132.4521,52.7897,0.0000,0.1165,0.1165,-0.0294,0.0000,0.0000,-0.0249,-0.0099,0.0000
-0.2000,2.0641,1.8247,-0.0517,-0.0342,132.2801,52.8368,0.0000,0.1034,0.1034,0.0010,0.0000,0.0000,-0.0206,-0.0082,0.0000
-0.2000,1.8757,1.7847,-0.0601,-0.0342,132.0843,52.8894,0.0000,0.1012,0.1012,-0.0022,0.0000,0.0000,-0.0206,-0.0082,0.0000
0.0845,1.7680,1.7821,-0.0685,-0.0342,131.8969,52.9423,0.0000,0.0905,0.0905,-0.0126,0.0000,0.0000,-0.0206,-0.0082,0.0000
-0.1999,2.0109,1.7421,-0.0601,-0.0342,131.7023,52.9942,0.0000,0.0860,0.0860,-0.0168,0.0000,0.0000,-0.0206,-0.0082,0.0000
-0.1999,1.9314,1.7038,-0.0517,-0.0236,131.5226,53.0343,0.0000,0.0855,0.0855,-0.0194,0.0000,0.0000,-0.0142,-0.0057,0.0000
-0.2000,1.9966,1.6693,-0.0434,-0.0236,131.3494,53.0845,0.0000,0.0749,0.0749,-0.0282,0.0000,0.0000,-0.0142,-0.0057,0.0000
-0.2000,1.8225,1.6383,-0.0350,-0.0236,131.1831,53.1378,0.0000,0.0631,0.0631,-0.0370,0.0000,0.0000,-0.0142,-0.0057,0.0000
-0.2000,1.7879,1.6266,-0.0266,-0.0236,131.0042,53.1881,0.0000,0.0587,0.0587,-0.0429,0.0000,0.0000,-0.0142,-0.0057,0.0000
0.0692,1.7320,1.6466,-0.0204,-0.0254,130.8353,53.2387,0.0000,0.0536,0.0536,-0.0357,0.0000,0.0000,-0.0153,-0.0061,0.0000
0.0692,1.8416,1.6178,-0.0204,-0.0254,130.6796,53.2950,0.0000,0.0380,0.0380,-0.0397,0.0000,0.0000,-0.0153,-0.0061,0.0000
0.0692,1.7474,1.6378,-0.0204,-0.0254,130.5199,53.3420,0.0000,0.0405,0.0405,-0.0391,0.0000,0.0000,-0.0153,-0.0061,0.0000
0.2000,1.6422,1.6578,-0.0120,-0.0254,130.3659,53.3881,0.0000,0.0370,0.0370,-0.0452,0.0000,0.0000,-0.0153,-0.0061,0.0000
0.2000,1.6504,1.6778,-0.0036,-0.0254,130.2100,53.4387,0.0000,0.0293,0.0293,-0.0489,0.0000,0.0000,-0.0153,-0.0061,0.0000
0.2000,1.5936,1.6978,0.0045,-0.0257,130.0593,53.4783,0.0000,0.0383,0.0383,-0.0565,0.0000,0.0000,-0.0155,-0.0062,0.0000
0.2000,1.6241,1.7178,0.0129,-0.0257,129.9179,53.5132,0.0000,0.0410,0.0410,-0.0579,0.0000,0.0000,-0.0155,-0.0062,0.0000
0.2000,1.5474,1.7378,0.0213,-0.0257,129.7806,53.5505,0.0000,0.0426,0.0426,-0.0604,0.0000,0.0000,-0.0155,-0.0062,0.0000
0.2000,1.4427,1.7578,0.0297,-0.0257,129.6337,53.5943,0.0000,0.0442,0.0442,-0.0593,0.0000,0.0000,-0.0155,-0.0062,0.0000
0.1999,1.4100,1.7778,0.0290,-0.0257,129.4820,53.6339,0.0000,0.0494,0.0494,-0.0575,0.0000,0.0000,-0.0155,-0.0062,0.0000
0.1999,1.5203,1.7978,0.0206,-0.0393,129.3272,53.6683,0.0000,0.0582,0.0582,-0.0422,0.0000,0.0000,-0.0237,-0.0095,0.0000
0.1999,1.5556,1.8178,0.0122,-0.0393,129.1884,53.7081,0.0000,0.0574,0.0574,-0.0438,0.0000,0.0000,-0.0237,-0.0095,0.0000
0.1999,1.5733,1.8378,0.0038,-0.0393,129.0530,53.7434,0.0000,0.0670,0.0670,-0.0367,0.0000,0.0000,-0.0237,-0.0095,0.0000
0.2000,1.4318,1.8578,-0.0046,-0.0393,128.9125,53.7803,0.0000,0.0759,0.0759,-0.0340,0.0000,0.0000,-0.0237,-0.0095,0.0000
0.2000,1.3896,1.8778,-0.0130,-0.0393,128.7724,53.8088,0.0000,0.0904,0.0904,-0.0320,0.0000,0.0000,-0.0237,-0.0095,0.0000
0.2000,1.4189,1.8978,-0.0214,-0.0413,128.6342,53.8430,0.0000,0.0977,0.0977,-0.0173,0.0000,0.0000,-0.0249,-0.0100,0.0000
0.2000,1.4189,1.9178,-0.0298,-0.0413,128.4919,53.8626,0.0000,0.1211,0.1211,-0.0171,0.0000,0.0000,-0.0249,-0.0100,0.0000
0.2000,1.4120,1.9378,-0.0382,-0.0413,128.3551,53.9022,0.0000,0.1199,0.1199,-0.0228,0.0000,0.0000,-0.0249,-0.0100,0.0000
0.2000,1.4238,1.9578,-0.0459,-0.0413,128.2060,53.9476,0.0000,0.1185,0.1185,-0.0257,0.0000,0.0000,-0.0249,-0.0100,0.0000
0.2000,1.4115,1.9778,-0.0543,-0.0413,128.0394,53.9830,0.0000,0.1372,0.1372,-0.0213,0.0000,0.0000,-0.0249,-0.0100,0.0000
0.2000,1.5443,1.9978,-0.0627,-0.0423,127.8847,54.0226,0.0000,0.1406,0.1406,-0.0042,0.0000,0.0000,-0.0255,-0.0102,0.0000
0.0684,1.6920,1.9848,-0.0709,-0.0423,127.7254,54.0727,0.0000,0.1426,0.1426,-0.0061,0.0000,0.0000,-0.0255,-0.0102,0.0000
0.1996,1.5803,2.0048,-0.0793,-0.0423,127.5562,54.1254,0.0000,0.1420,0.1420,-0.0133,0.0000,0.0000,-0.0255,-0.0102,0.0000
0.2000,1.6550,2.0233,-0.0811,-0.0357,127.3959,54.1811,0.0000,0.1316,0.1316,-0.0145,0.0000,0.0000,-0.0215,-0.0086,0.0000
-0.2001,1.7557,1.9833,-0.0748,-0.0357,127.2220,54.2345,0.0000,0.1328,0.1328,-0.0207,0.0000,0.0000,-0.0215,-0.0086,0.0000
0.2000,1.6832,1.9803,-0.0669,-0.0357,127.0446,54.2932,0.0000,0.1291,0.1291,-0.0300,0.0000,0.0000,-0.0215,-0.0086,0.0000
-0.2000,1.8022,1.9403,-0.0585,-0.0357,126.8817,54.3493,0.0000,0.1172,0.1172,-0.0426,0.0000,0.0000,-0.0215,-0.0086,0.0000
-0.2000,1.8507,1.9003,-0.0602,-0.0382,126.6922,54.4240,0.0000,0.1083,0.1083,-0.0209,0.0000,0.0000,-0.0230,-0.0092,0.0000
0.0994,1.7070,1.8806,-0.0675,-0.0382,126.5231,54.4795,0.0000,0.1071,0.1071,-0.0342,0.0000,0.0000,-0.0230,-0.0092,0.0000
-0.2000,2.0188,1.8406,-0.0591,-0.0382,126.3548,54.5378,0.0000,0.0999,0.0999,-0.0419,0.0000,0.0000,-0.0230,-0.0092,0.0000
-0.2000,1.7610,1.8006,-0.0512,-0.0312,126.1589,54.6121,0.0000,0.1031,0.1031,-0.0196,0.0000,0.0000,-0.0188,-0.0075,0.0000
-0.2000,1.7640,1.7606,-0.0429,-0.0312,125.9818,54.6893,0.0000,0.0894,0.0894,-0.0309,0.0000,0.0000,-0.0188,-0.0075,0.0000
-0.2000,2.0761,1.7206,-0.0345,-0.0312,125.8018,54.7633,0.0000,0.0775,0.0775,-0.0379,0.0000,0.0000,-0.0188,-0.0075,0.0000
-0.2000,1.9165,1.6806,-0.0261,-0.0312,125.6139,54.8413,0.0000,0.0732,0.0732,-0.0451,0.0000,0.0000,-0.0188,-0.0075,0.0000
-0.2000,1.9289,1.6406,-0.0177,-0.0240,125.4345,54.9207,0.0000,0.0611,0.0611,-0.0562,0.0000,0.0000,-0.0145,-0.0058,0.0000
-0.2000,2.0156,1.6006,-0.0093,-0.0240,125.2623,54.9954,0.0000,0.0468,0.0468,-0.0637,0.0000,0.0000,-0.0145,-0.0058,0.0000
-0.2000,1.9443,1.5606,-0.0009,-0.0240,125.0864,55.0754,0.0000,0.0407,0.0407,-0.0644,0.0000,0.0000,-0.0145,-0.0058,0.0000
-0.2000,1.8597,1.5245,0.0075,-0.0240,124.9219,55.1524,0.0000,0.0295,0.0295,-0.0693,0.0000,0.0000,-0.0145,-0.0058,0.0000
-0.2000,1.9161,1.4921,0.0077,-0.0323,124.7613,55.2278,0.0000,0.0191,0.0191,-0.0604,0.0000,0.0000,-0.0195,-0.0078,0.0000
-0.2000,1.8009,1.4629,0.0161,-0.0323,124.6042,55.3000,0.0000,0.0169,0.0169,-0.0602,0.0000,0.0000,-0.0195,-0.0078,0.0000
-0.2000,1.7591,1.4366,0.0245,-0.0323,124.4442,55.3664,0.0000,0.0242,0.0242,-0.0538,0.0000,0.0000,-0.0195,-0.0078,0.0000
0.0466,1.7140,1.4550,0.0329,-0.0323,124.2996,55.4399,0.0000,0.0104,0.0104,-0.0574,0.0000,0.0000,-0.0195,-0.0078,0.0000
-0.1998,1.7199,1.4642,0.0260,-0.0331,124.1578,55.4983,0.0000,0.0182,0.0182,-0.0267,0.0000,0.0000,-0.0200,-0.0080,0.0000
0.0098,1.6087,1.4842,0.0176,-0.0331,124.0200,55.5453,0.0000,0.0357,0.0357,-0.0234,0.0000,0.0000,-0.0200,-0.0080,0.0000
0.1231,1.5223,1.5042,0.0092,-0.0331,123.8751,55.6065,0.0000,0.0415,0.0415,-0.0216,0.0000,0.0000,-0.0200,-0.0080,0.0000
0.2000,1.4456,1.5242,0.0008,-0.0331,123.7452,55.6390,0.0000,0.0699,0.0699,-0.0160,0.0000,0.0000,-0.0200,-0.0080,0.0000
0.1860,1.5600,1.5442,-0.0076,-0.0331,123.6051,55.6879,0.0000,0.0815,0.0815,-0.0161,0.0000,0.0000,-0.0200,-0.0080,0.0000
0.2000,1.3338,1.5642,-0.0160,-0.0331,123.4772,55.7343,0.0000,0.0935,0.0935,-0.0159,0.0000,0.0000,-0.0200,-0.0080,0.0000
0.2000,1.4706,1.5842,-0.0180,-0.0268,123.3560,55.7913,0.0000,0.0914,0.0914,0.0007,0.0000,0.0000,-0.0161,-0.0064,0.0000
0.2000,1.3494,1.6042,-0.0264,-0.0268,123.2427,55.8323,0.0000,0.1023,0.1023,0.0007,0.0000,0.0000,-0.0161,-0.0064,0.0000
0.2000,1.3283,1.6242,-0.0348,-0.0268,123.1322,55.8746,0.0000,0.1102,0.1102,-0.0003,0.0000,0.0000,-0.0161,-0.0064,0.0000
0.2000,1.1938,1.6442,-0.0432,-0.0268,123.0219,55.9089,0.0000,0.1251,0.1251,-0.0019,0.0000,0.0000,-0.0161,-0.0064,0.0000
0.2000,1.1726,1.6642,-0.0516,-0.0268,122.9058,55.9566,0.0000,0.1293,0.1293,-0.0050,0.0000,0.0000,-0.0161,-0.0064,0.0000
0.2000,1.1445,1.6842,-0.0600,-0.0268,122.7964,55.9994,0.0000,0.1343,0.1343,-0.0098,0.0000,0.0000,-0.0161,-0.0064,0.0000
0.1999,1.2444,1.7042,-0.0646,-0.0268,122.6824,56.0436,0.0000,0.1401,0.1401,-0.0131,0.0000,0.0000,-0.0161,-0.0064,0.0000
0.1999,1.1632,1.7242,-0.0580,-0.0239,122.5727,56.0987,0.0000,0.1331,0.1331,-0.0174,0.0000,0.0000,-0.0144,-0.0058,0.0000
0.1999,1.2104,1.7442,-0.0522,-0.0239,122.4628,56.1595,0.0000,0.1233,0.1233,-0.0197,0.0000,0.0000,-0.0144,-0.0058,0.0000
0.2000,1.2180,1.7642,-0.0452,-0.0239,122.3483,56.2124,0.0000,0.1199,0.1199,-0.0269,0.0000,0.0000,-0.0144,-0.0058,0.0000
0.2000,1.2456,1.7842,-0.0381,-0.0239,122.2142,56.2577,0.0000,0.1312,0.1312,-0.0343,0.0000,0.0000,-0.0144,-0.0058,0.0000
0.2000,1.2512,1.8042,-0.0300,-0.0239,122.0935,56.3234,0.0000,0.1201,0.1201,-0.0394,0.0000,0.0000,-0.0144,-0.0058,0.0000
0.2000,1.3980,1.8242,-0.0329,-0.0276,121.9708,56.3849,0.0000,0.1132,0.1132,-0.0320,0.0000,0.0000,-0.0166,-0.0067,0.0000
0.2000,1.3630,1.8442,-0.0269,-0.0276,121.8510,56.4508,0.0000,0.1044,0.1044,-0.0356,0.0000,0.0000,-0.0166,-0.0067,0.0000
0.2000,1.3614,1.8642,-0.0236,-0.0276,121.7156,56.5138,0.0000,0.1064,0.1064,-0.0364,0.0000,0.0000,-0.0166,-0.0067,0.0000
0.2000,1.3551,1.8842,-0.0156,-0.0276,121.5901,56.5732,0.0000,0.1027,0.1027,-0.0442,0.0000,0.0000,-0.0166,-0.0067,0.0000
0.2000,1.4809,1.9042,-0.0239,-0.0275,121.4497,56.6399,0.0000,0.1042,0.1042,-0.0187,0.0000,0.0000,-0.0166,-0.0066,0.0000
0.2000,1.3753,1.9242,-0.0323,-0.0275,121.3138,56.7113,0.0000,0.1023,0.1023,-0.0212,0.0000,0.0000,-0.0166,-0.0066,0.0000
0.2000,1.5407,1.9442,-0.0294,-0.0275,121.1782,56.7887,0.0000,0.0898,0.0898,-0.0266,0.0000,0.0000,-0.0166,-0.0066,0.0000
0.2000,1.5224,1.9642,-0.0299,-0.0275,121.0207,56.8607,0.0000,0.1000,0.1000,-0.0244,0.0000,0.0000,-0.0166,-0.0066,0.0000
0.2000,1.5488,1.9842,-0.0236,-0.0216,120.8667,56.9284,0.0000,0.1052,0.1052,-0.0269,0.0000,0.0000,-0.0130,-0.0052,0.0000
-0.2000,1.7183,1.9442,-0.0261,-0.0216,120.7115,56.9917,0.0000,0.1159,0.1159,-0.0300,0.0000,0.0000,-0.0130,-0.0052,0.0000
0.2001,1.6644,1.9617,-0.0236,-0.0216,120.5633,57.0642,0.0000,0.1143,0.1143,-0.0381,0.0000,0.0000,-0.0130,-0.0052,0.0000
0.2000,1.6604,1.9805,-0.0174,-0.0216,120.4035,57.1536,0.0000,0.1084,0.1084,-0.0389,0.0000,0.0000,-0.0130,-0.0052,0.0000
0.2000,1.6338,2.0005,-0.0163,-0.0261,120.2531,57.2330,0.0000,0.1026,0.1026,-0.0421,0.0000,0.0000,-0.0157,-0.0063,0.0000
-0.2000,1.8152,1.9605,-0.0119,-0.0261,120.0988,57.3272,0.0000,0.0880,0.0880,-0.0414,0.0000,0.0000,-0.0157,-0.0063,0.0000
0.2000,1.6858,1.9573,-0.0122,-0.0261,119.9364,57.4063,0.0000,0.0948,0.0948,-0.0433,0.0000,0.0000,-0.0157,-0.0063,0.0000
-0.2000,1.7923,1.9173,-0.0206,-0.0317,119.7715,57.4912,0.0000,0.0921,0.0921,-0.0312,0.0000,0.0000,-0.0191,-0.0076,0.0000
-0.2000,1.7897,1.8773,-0.0213,-0.0317,119.6110,57.5735,0.0000,0.0927,0.0927,-0.0358,0.0000,0.0000,-0.0191,-0.0076,0.0000
-0.2000,1.8387,1.8373,-0.0243,-0.0317,119.4331,57.6622,0.0000,0.1008,0.1008,-0.0340,0.0000,0.0000,-0.0191,-0.0076,0.0000
-0.2000,1.7871,1.7973,-0.0246,-0.0317,119.2601,57.7512,0.0000,0.1040,0.1040,-0.0366,0.0000,0.0000,-0.0191,-0.0076,0.0000
-0.2000,1.9712,1.7573,-0.0270,-0.0321,119.0836,57.8386,0.0000,0.1062,0.1062,-0.0336,0.0000,0.0000,-0.0193,-0.0077,0.0000
-0.2000,1.9282,1.7173,-0.0221,-0.0321,118.9249,57.9330,0.0000,0.0951,0.0951,-0.0400,0.0000,0.0000,-0.0193,-0.0077,0.0000
-0.2000,1.9519,1.6773,-0.0160,-0.0321,118.7617,58.0262,0.0000,0.0879,0.0879,-0.0442,0.0000,0.0000,-0.0193,-0.0077,0.0000
-0.2000,1.8313,1.6373,-0.0147,-0.0321,118.5889,58.1223,0.0000,0.0907,0.0907,-0.0436,0.0000,0.0000,-0.0193,-0.0077,0.0000
-0.2000,1.8622,1.5973,-0.0226,-0.0355,118.4241,58.2151,0.0000,0.0857,0.0857,-0.0335,0.0000,0.0000,-0.0214,-0.0086,0.0000
-0.2000,1.9605,1.5576,-0.0226,-0.0355,118.2737,58.3030,0.0000,0.0805,0.0805,-0.0360,0.0000,0.0000,-0.0214,-0.0086,0.0000
-0.1999,1.8742,1.5218,-0.0310,-0.0355,118.1188,58.3682,0.0000,0.1062,0.1062,-0.0322,0.0000,0.0000,-0.0214,-0.0086,0.0000
-0.1100,1.7271,1.5151,-0.0317,-0.0355,117.9750,58.4465,0.0000,0.1061,0.1061,-0.0395,0.0000,0.0000,-0.0214,-0.0086,0.0000
-0.0308,1.6696,1.5351,-0.0401,-0.0360,117.8396,58.5292,0.0000,0.1048,0.1048,-0.0249,0.0000,0.0000,-0.0217,-0.0087,0.0000
0.0758,1.6214,1.5551,-0.0358,-0.0360,117.7038,58.6187,0.0000,0.0912,0.0912,-0.0327,0.0000,0.0000,-0.0217,-0.0087,0.0000
0.1770,1.5729,1.5751,-0.0372,-0.0360,117.5751,58.6907,0.0000,0.0962,0.0962,-0.0320,0.0000,0.0000,-0.0217,-0.0087,0.0000
0.1743,1.6140,1.5951,-0.0327,-0.0360,117.4484,58.7660,0.0000,0.0890,0.0890,-0.0399,0.0000,0.0000,-0.0217,-0.0087,0.0000
0.1999,1.4621,1.6151,-0.0294,-0.0360,117.3305,58.8300,0.0000,0.0971,0.0971,-0.0397,0.0000,0.0000,-0.0217,-0.0087,0.0000
0.1999,1.4600,1.6351,-0.0216,-0.0360,117.2143,58.9094,0.0000,0.0855,0.0855,-0.0434,0.0000,0.0000,-0.0217,-0.0087,0.0000
0.2000,1.3308,1.6551,-0.0193,-0.0383,117.0938,58.9789,0.0000,0.0857,0.0857,-0.0446,0.0000,0.0000,-0.0231,-0.0092,0.0000
0.2000,1.3952,1.6751,-0.0217,-0.0383,116.9742,59.0358,0.0000,0.0982,0.0982,-0.0429,0.0000,0.0000,-0.0231,-0.0092,0.0000
0.2000,1.3780,1.6951,-0.0183,-0.0383,116.8666,59.1026,0.0000,0.0936,0.0936,-0.0472,0.0000,0.0000,-0.0231,-0.0092,0.0000
0.2000,1.3142,1.7151,-0.0146,-0.0383,116.7614,59.1703,0.0000,0.0899,0.0899,-0.0491,0.0000,0.0000,-0.0231,-0.0092,0.0000
0.2000,1.2555,1.7351,-0.0063,-0.0383,116.6513,59.2451,0.0000,0.0806,0.0806,-0.0542,0.0000,0.0000,-0.0231,-0.0092,0.0000
0.2000,1.2404,1.7551,-0.0071,-0.0383,116.5463,59.3012,0.0000,0.0877,0.0877,-0.0529,0.0000,0.0000,-0.0231,-0.0092,0.0000
0.2000,1.3195,1.7751,-0.0155,-0.0438,116.4273,59.3558,0.0000,0.1007,0.1007,-0.0438,0.0000,0.0000,-0.0264,-0.0105,0.0000
0.2000,1.1817,1.7951,-0.0189,-0.0438,116.3148,59.4271,0.0000,0.0990,0.0990,-0.0483,0.0000,0.0000,-0.0264,-0.0105,0.0000
0.2000,1.2975,1.8151,-0.0184,-0.0438,116.1979,59.5041,0.0000,0.0907,0.0907,-0.0497,0.0000,0.0000,-0.0264,-0.0105,0.0000
0.2000,1.3205,1.8351,-0.0213,-0.0438,116.0805,59.5668,0.0000,0.0998,0.0998,-0.0469,0.0000,0.0000,-0.0264,-0.0105,0.0000
0.2000,1.3868,1.8551,-0.0158,-0.0438,115.9624,59.6501,0.0000,0.0855,0.0855,-0.0517,0.0000,0.0000,-0.0264,-0.0105,0.0000
0.2000,1.3212,1.8751,-0.0242,-0.0476,115.8377,59.7228,0.0000,0.0917,0.0917,-0.0206,0.0000,0.0000,-0.0287,-0.0115,0.0000
0.2000,1.4335,1.8951,-0.0326,-0.0476,115.7151,59.8056,0.0000,0.0874,0.0874,-0.0229,0.0000,0.0000,-0.0287,-0.0115,0.0000
0.2000,1.4307,1.9151,-0.0410,-0.0476,115.5951,59.8744,0.0000,0.0941,0.0941,-0.0257,0.0000,0.0000,-0.0287,-0.0115,0.0000
0.2000,1.4663,1.9351,-0.0428,-0.0476,115.4688,59.9572,0.0000,0.0920,0.0920,-0.0286,0.0000,0.0000,-0.0287,-0.0115,0.0000
0.2000,1.3706,1.9551,-0.0430,-0.0394,115.3386,60.0316,0.0000,0.1007,0.1007,-0.0111,0.0000,0.0000,-0.0238,-0.0095,0.0000
0.2000,1.4963,1.9751,-0.0469,-0.0394,115.2126,60.1247,0.0000,0.0919,0.0919,-0.0152,0.0000,0.0000,-0.0238,-0.0095,0.0000
0.2000,1.4861,1.9951,-0.0451,-0.0394,115.0792,60.2149,0.0000,0.0901,0.0901,-0.0199,0.0000,0.0000,-0.0238,-0.0095,0.0000
0.2000,1.5540,2.0151,-0.0430,-0.0394,114.9411,60.2951,0.0000,0.0983,0.0983,-0.0246,0.0000,0.0000,-0.0238,-0.0095,0.0000
0.2000,1.5960,2.0351,-0.0466,-0.0347,114.8105,60.3911,0.0000,0.0892,0.0892,-0.0095,0.0000,0.0000,-0.0209,-0.0084,0.0000
0.2000,1.5814,2.0551,-0.0442,-0.0347,114.6755,60.4858,0.0000,0.0870,0.0870,-0.0154,0.0000,0.0000,-0.0209,-0.0084,0.0000
0.2000,1.6071,2.0751,-0.0420,-0.0347,114.5328,60.5852,0.0000,0.0878,0.0878,-0.0177,0.0000,0.0000,-0.0209,-0.0084,0.0000
0.2000,1.6342,2.0951,-0.0345,-0.0347,114.3941,60.6863,0.0000,0.0797,0.0797,-0.0265,0.0000,0.0000,-0.0209,-0.0084,0.0000
-0.1999,1.7240,2.0551,-0.0296,-0.0302,114.2534,60.7922,0.0000,0.0720,0.0720,-0.0201,0.0000,0.0000,-0.0182,-0.0073,0.0000
0.1062,1.7019,2.0257,-0.0379,-0.0302,114.0959,60.9088,0.0000,0.0696,0.0696,-0.0230,0.0000,0.0000,-0.0182,-0.0073,0.0000
-0.1998,1.7460,1.9857,-0.0295,-0.0302,113.9382,61.0290,0.0000,0.0626,0.0626,-0.0272,0.0000,0.0000,-0.0182,-0.0073,0.0000
-0.2000,1.9427,1.9457,-0.0211,-0.0298,113.7902,61.1397,0.0000,0.0514,0.0514,-0.0440,0.0000,0.0000,-0.0180,-0.0072,0.0000
-0.2000,1.9656,1.9057,-0.0127,-0.0298,113.6467,61.2476,0.0000,0.0420,0.0420,-0.0498,0.0000,0.0000,-0.0180,-0.0072,0.0000
-0.2000,1.8318,1.8657,-0.0043,-0.0298,113.4790,61.3639,0.0000,0.0497,0.0497,-0.0496,0.0000,0.0000,-0.0180,-0.0072,0.0000
-0.2000,1.7798,1.8257,0.0041,-0.0298,113.3117,61.4729,0.0000,0.0568,0.0568,-0.0542,0.0000,0.0000,-0.0180,-0.0072,0.0000
-0.2000,2.0226,1.7857,-0.0043,-0.0408,113.1619,61.5865,0.0000,0.0513,0.0513,-0.0094,0.0000,0.0000,-0.0246,-0.0098,0.0000
-0.2000,1.9784,1.7457,-0.0127,-0.0408,112.9937,61.7046,0.0000,0.0674,0.0674,-0.0066,0.0000,0.0000,-0.0246,-0.0098,0.0000
-0.2000,1.8632,1.7057,-0.0211,-0.0408,112.8286,61.8219,0.0000,0.0804,0.0804,-0.0058,0.0000,0.0000,-0.0246,-0.0098,0.0000
-0.2000,2.0391,1.6657,-0.0127,-0.0194,112.6808,61.9290,0.0000,0.0882,0.0882,0.0116,0.0000,0.0000,-0.0117,-0.0047,0.0000
-0.2000,2.0079,1.6257,-0.0211,-0.0194,112.5323,62.0412,0.0000,0.0951,0.0951,0.0095,0.0000,0.0000,-0.0117,-0.0047,0.0000
-0.2000,1.8087,1.5857,-0.0295,-0.0194,112.3928,62.1604,0.0000,0.0898,0.0898,0.0070,0.0000,0.0000,-0.0117,-0.0047,0.0000
-0.2000,1.8454,1.5471,-0.0379,-0.0194,112.2553,62.2784,0.0000,0.0847,0.0847,0.0038,0.0000,0.0000,-0.0117,-0.0047,0.0000
-0.2000,1.8194,1.5124,-0.0369,-0.0100,112.1127,62.3828,0.0000,0.0938,0.0938,-0.0028,0.0000,0.0000,-0.0060,-0.0024,0.0000
-0.2000,1.7973,1.4812,-0.0453,-0.0100,111.9624,62.4683,0.0000,0.1239,0.1239,-0.0028,0.0000,0.0000,-0.0060,-0.0024,0.0000
-0.2000,1.7510,1.4530,-0.0537,-0.0100,111.8282,62.5732,0.0000,0.1222,0.1222,-0.0104,0.0000,0.0000,-0.0060,-0.0024,0.0000
0.0809,1.6881,1.4730,-0.0620,-0.0100,111.6987,62.6687,0.0000,0.1304,0.1304,-0.0117,0.0000,0.0000,-0.0060,-0.0024,0.0000
-0.1189,1.6881,1.4930,-0.0704,-0.0100,111.5766,62.7541,0.0000,0.1378,0.1378,-0.0173,0.0000,0.0000,-0.0060,-0.0024,0.0000
0.0354,1.5953,1.5130,-0.0722,-0.0101,111.4552,62.8573,0.0000,0.1308,0.1308,-0.0077,0.0000,0.0000,-0.0061,-0.0024,0.0000
0.2000,1.4750,1.5330,-0.0708,-0.0101,111.3418,62.9600,0.0000,0.1228,0.1228,-0.0137,0.0000,0.0000,-0.0061,-0.0024,0.0000
0.1787,1.5794,1.5530,-0.0670,-0.0101,111.2377,63.0543,0.0000,0.1144,0.1144,-0.0184,0.0000,0.0000,-0.0061,-0.0024,0.0000
0.2000,1.5177,1.5730,-0.0587,-0.0101,111.1368,63.1447,0.0000,0.1074,0.1074,-0.0245,0.0000,0.0000,-0.0061,-0.0024,0.0000
0.1999,1.3923,1.5930,-0.0503,-0.0101,111.0379,63.2301,0.0000,0.1038,0.1038,-0.0313,0.0000,0.0000,-0.0061,-0.0024,0.0000
0.2000,1.3446,1.6130,-0.0419,-0.0101,110.9351,63.3143,0.0000,0.1037,0.1037,-0.0369,0.0000,0.0000,-0.0061,-0.0024,0.0000
0.2000,1.2952,1.6330,-0.0335,-0.0101,110.8444,63.4021,0.0000,0.0935,0.0935,-0.0423,0.0000,0.0000,-0.0061,-0.0024,0.0000
0.1999,1.3160,1.6530,-0.0251,0.0003,110.7470,63.4894,0.0000,0.0904,0.0904,-0.0220,0.0000,0.0000,0.0002,0.0001,0.0000
0.2000,1.2524,1.6730,-0.0178,0.0003,110.6464,63.5672,0.0000,0.0985,0.0985,-0.0254,0.0000,0.0000,0.0002,0.0001,0.0000
0.2000,1.2965,1.6930,-0.0107,0.0003,110.5513,63.6477,0.0000,0.0997,0.0997,-0.0284,0.0000,0.0000,0.0002,0.0001,0.0000
0.2000,1.2594,1.7130,-0.0038,0.0003,110.4569,63.7336,0.0000,0.0969,0.0969,-0.0326,0.0000,0.0000,0.0002,0.0001,0.0000
0.2000,1.2349,1.7330,0.0041,0.0003,110.3647,63.8245,0.0000,0.0900,0.0900,-0.0349,0.0000,0.0000,0.0002,0.0001,0.0000
0.2000,1.2644,1.7530,0.0125,0.0144,110.2700,63.9204,0.0000,0.0800,0.0800,-0.0665,0.0000,0.0000,0.0087,0.0035,0.0000
0.2000,1.2837,1.7730,0.0209,0.0144,110.1702,64.0066,0.0000,0.0775,0.0775,-0.0674,0.0000,0.0000,0.0087,0.0035,0.0000
0.2000,1.3365,1.7930,0.0292,0.0144,110.0640,64.1030,0.0000,0.0709,0.0709,-0.0671,0.0000,0.0000,0.0087,0.0035,0.0000
0.2000,1.3082,1.8130,0.0376,0.0144,109.9554,64.2053,0.0000,0.0647,0.0647,-0.0658,0.0000,0.0000,0.0087,0.0035,0.0000
0.2000,1.4211,1.8330,0.0460,0.0144,109.8503,64.3036,0.0000,0.0554,0.0554,-0.0636,0.0000,0.0000,0.0087,0.0035,0.0000
0.2000,1.4799,1.8530,0.0376,0.0023,109.7310,64.3880,0.0000,0.0778,0.0778,-0.0243,0.0000,0.0000,0.0014,0.0006,0.0000
0.2000,1.4269,1.8730,0.0292,0.0023,109.6243,64.4824,0.0000,0.0785,0.0785,-0.0257,0.0000,0.0000,0.0014,0.0006,0.0000
0.2000,1.4559,1.8930,0.0209,0.0023,109.4998,64.5773,0.0000,0.0978,0.0978,-0.0160,0.0000,0.0000,0.0014,0.0006,0.0000
0.2000,1.4126,1.9130,0.0125,0.0023,109.3673,64.6675,0.0000,0.1211,0.1211,-0.0139,0.0000,0.0000,0.0014,0.0006,0.0000
0.2000,1.5576,1.9330,0.0209,0.0204,109.2383,64.7656,0.0000,0.1350,0.1350,-0.0125,0.0000,0.0000,0.0123,0.0049,0.0000
0.2000,1.5913,1.9530,0.0125,0.0204,109.1107,64.8603,0.0000,0.1479,0.1479,-0.0144,0.0000,0.0000,0.0123,0.0049,0.0000
0.2000,1.6081,1.9730,0.0041,0.0204,108.9773,64.9638,0.0000,0.1646,0.1646,-0.0085,0.0000,0.0000,0.0123,0.0049,0.0000
0.2000,1.5740,1.9930,-0.0043,0.0204,108.8596,65.0690,0.0000,0.1641,0.1641,-0.0096,0.0000,0.0000,0.0123,0.0049,0.0000
0.2000,1.6764,2.0081,-0.0068,0.0263,108.7173,65.1818,0.0000,0.1836,0.1836,0.0142,0.0000,0.0000,0.0158,0.0063,0.0000
0.2000,1.5654,2.0281,-0.0152,0.0263,108.5958,65.2877,0.0000,0.1850,0.1850,0.0108,0.0000,0.0000,0.0158,0.0063,0.0000
-0.2000,1.8041,1.9881,-0.0236,0.0263,108.4517,65.3984,0.0000,0.2053,0.2053,0.0135,0.0000,0.0000,0.0158,0.0063,0.0000
0.2000,1.5980,2.0081,-0.0320,0.0263,108.3205,65.4988,0.0000,0.2166,0.2166,0.0101,0.0000,0.0000,0.0158,0.0063,0.0000
-0.2000,1.8016,1.9681,-0.0274,0.0393,108.1770,65.6053,0.0000,0.2310,0.2310,-0.0237,0.0000,0.0000,0.0237,0.0095,0.0000
0.2000,1.6367,1.9881,-0.0321,0.0393,108.0313,65.7130,0.0000,0.2435,0.2435,-0.0275,0.0000,0.0000,0.0237,0.0095,0.0000
-0.2000,1.7727,1.9481,-0.0320,0.0393,107.8830,65.8207,0.0000,0.2534,0.2534,-0.0315,0.0000,0.0000,0.0237,0.0095,0.0000
-0.2000,1.7949,1.9081,-0.0338,0.0292,107.7481,65.9381,0.0000,0.2469,0.2469,-0.0526,0.0000,0.0000,0.0176,0.0070,0.0000
-0.2000,1.8141,1.8681,-0.0254,0.0292,107.5989,66.0649,0.0000,0.2432,0.2432,-0.0546,0.0000,0.0000,0.0176,0.0070,0.0000
-0.2000,1.7731,1.8281,-0.0170,0.0292,107.4661,66.1893,0.0000,0.2281,0.2281,-0.0614,0.0000,0.0000,0.0176,0.0070,0.0000
-0.2000,1.9405,1.7881,-0.0087,0.0292,107.3273,66.3078,0.0000,0.2168,0.2168,-0.0659,0.0000,0.0000,0.0176,0.0070,0.0000
-0.2000,1.8047,1.7481,-0.0018,0.0276,107.1943,66.4399,0.0000,0.1983,0.1983,-0.1120,0.0000,0.0000,0.0166,0.0067,0.0000
-0.2000,1.8082,1.7081,0.0066,0.0276,107.0556,66.5679,0.0000,0.1790,0.1790,-0.1144,0.0000,0.0000,0.0166,0.0067,0.0000
-0.2000,1.8580,1.6681,0.0150,0.0276,106.9201,66.7020,0.0000,0.1511,0.1511,-0.1157,0.0000,0.0000,0.0166,0.0067,0.0000
-0.2000,1.8722,1.6281,0.0067,0.0110,106.7637,66.8354,0.0000,0.1453,0.1453,-0.1012,0.0000,0.0000,0.0066,0.0026,0.0000
-0.2000,1.8897,1.5881,0.0151,0.0110,106.6296,66.9527,0.0000,0.1316,0.1316,-0.1045,0.0000,0.0000,0.0066,0.0026,0.0000
-0.2000,2.0409,1.5493,0.0235,0.0110,106.4995,67.0710,0.0000,0.1118,0.1118,-0.1033,0.0000,0.0000,0.0066,0.0026,0.0000
-0.2000,1.7654,1.5143,0.0319,0.0110,106.3701,67.1795,0.0000,0.1203,0.1203,-0.1032,0.0000,0.0000,0.0066,0.0026,0.0000
-0.1240,1.7432,1.5070,0.0402,0.0110,106.2444,67.2915,0.0000,0.1121,0.1121,-0.1016,0.0000,0.0000,0.0066,0.0026,0.0000
-0.0506,1.6745,1.5270,0.0406,0.0198,106.1154,67.3857,0.0000,0.1295,0.1295,-0.0743,0.0000,0.0000,0.0119,0.0048,0.0000
-0.0064,1.6697,1.5470,0.0482,0.0198,105.9957,67.4877,0.0000,0.1242,0.1242,-0.0763,0.0000,0.0000,0.0119,0.0048,0.0000
0.1148,1.5906,1.5670,0.0494,0.0198,105.8852,67.5731,0.0000,0.1366,0.1366,-0.0688,0.0000,0.0000,0.0119,0.0048,0.0000
0.2000,1.5581,1.5870,0.0410,0.0198,105.7657,67.6471,0.0000,0.1612,0.1612,-0.0614,0.0000,0.0000,0.0119,0.0048,0.0000
0.2000,1.3893,1.6070,0.0326,0.0198,105.6402,67.7490,0.0000,0.1648,0.1648,-0.0635,0.0000,0.0000,0.0119,0.0048,0.0000
0.2000,1.4008,1.6270,0.0242,0.0198,105.5319,67.8367,0.0000,0.1699,0.1699,-0.0559,0.0000,0.0000,0.0119,0.0048,0.0000
0.2000,1.6019,1.6470,0.0326,0.0340,105.4214,67.9108,0.0000,0.1747,0.1747,-0.0770,0.0000,0.0000,0.0205,0.0082,0.0000
0.2000,1.3845,1.6670,0.0322,0.0340,105.3134,67.9839,0.0000,0.1954,0.1954,-0.0707,0.0000,0.0000,0.0205,0.0082,0.0000
0.2000,1.3220,1.6870,0.0371,0.0340,105.2056,68.0684,0.0000,0.1964,0.1964,-0.0709,0.0000,0.0000,0.0205,0.0082,0.0000
0.2000,1.2972,1.7070,0.0378,0.0340,105.1196,68.1514,0.0000,0.1863,0.1863,-0.0674,0.0000,0.0000,0.0205,0.0082,0.0000
0.2000,1.3583,1.7270,0.0370,0.0340,105.0152,68.2383,0.0000,0.1812,0.1812,-0.0643,0.0000,0.0000,0.0205,0.0082,0.0000
0.2000,1.1847,1.7470,0.0409,0.0340,104.9080,68.3269,0.0000,0.1816,0.1816,-0.0652,0.0000,0.0000,0.0205,0.0082,0.0000
0.2000,1.3472,1.7670,0.0325,0.0275,104.8006,68.3944,0.0000,0.1948,0.1948,-0.0557,0.0000,0.0000,0.0166,0.0066,0.0000
0.2000,1.3784,1.7870,0.0243,0.0275,104.6937,68.4793,0.0000,0.1909,0.1909,-0.0571,0.0000,0.0000,0.0166,0.0066,0.0000
0.2000,1.2665,1.8070,0.0159,0.0275,104.5837,68.5461,0.0000,0.2138,0.2138,-0.0485,0.0000,0.0000,0.0166,0.0066,0.0000
0.2000,1.3530,1.8270,0.0075,0.0275,104.4721,68.6280,0.0000,0.2133,0.2133,-0.0510,0.0000,0.0000,0.0166,0.0066,0.0000
0.2000,1.2837,1.8470,-0.0009,0.0275,104.3557,68.7157,0.0000,0.2203,0.2203,-0.0453,0.0000,0.0000,0.0166,0.0066,0.0000
0.1999,1.3716,1.8670,0.0075,0.0343,104.2412,68.8035,0.0000,0.2100,0.2100,-0.0933,0.0000,0.0000,0.0206,0.0083,0.0000
0.1999,1.4468,1.8870,0.0158,0.0343,104.1240,68.8880,0.0000,0.2052,0.2052,-0.0922,0.0000,0.0000,0.0206,0.0083,0.0000
0.2000,1.4300,1.9070,0.0242,0.0343,103.9995,68.9674,0.0000,0.2178,0.2178,-0.0844,0.0000,0.0000,0.0206,0.0083,0.0000
0.2000,1.4337,1.9270,0.0326,0.0343,103.8781,69.0555,0.0000,0.2123,0.2123,-0.0882,0.0000,0.0000,0.0206,0.0083,0.0000
0.2000,1.4685,1.9470,0.0242,0.0172,103.7555,69.1379,0.0000,0.2206,0.2206,-0.0536,0.0000,0.0000,0.0104,0.0041,0.0000
0.2000,1.4867,1.9670,0.0158,0.0172,103.6165,69.2306,0.0000,0.2323,0.2323,-0.0486,0.0000,0.0000,0.0104,0.0041,0.0000
0.2000,1.4679,1.9870,0.0074,0.0172,103.4730,69.3291,0.0000,0.2430,0.2430,-0.0437,0.0000,0.0000,0.0104,0.0041,0.0000
0.2000,1.6584,2.0070,0.0158,0.0374,103.3230,69.4101,0.0000,0.2661,0.2661,-0.0814,0.0000,0.0000,0.0225,0.0090,0.0000
-0.2000,1.7278,1.9699,0.0226,0.0374,103.1942,69.5084,0.0000,0.2522,0.2522,-0.0841,0.0000,0.0000,0.0225,0.0090,0.0000
0.2000,1.6937,1.9726,0.0290,0.0374,103.0544,69.6234,0.0000,0.2410,0.2410,-0.0796,0.0000,0.0000,0.0225,0.0090,0.0000
0.2001,1.6069,1.9926,0.0347,0.0374,102.9174,69.7345,0.0000,0.2317,0.2317,-0.0773,0.0000,0.0000,0.0225,0.0090,0.0000
-0.2000,1.7945,1.9526,0.0263,0.0233,102.7618,69.8295,0.0000,0.2369,0.2369,-0.0813,0.0000,0.0000,0.0140,0.0056,0.0000
-0.2000,1.7483,1.9126,0.0179,0.0233,102.6184,69.9142,0.0000,0.2497,0.2497,-0.0796,0.0000,0.0000,0.0140,0.0056,0.0000
-0.2000,1.8108,1.8726,0.0095,0.0233,102.4513,70.0109,0.0000,0.2667,0.2667,-0.0718,0.0000,0.0000,0.0140,0.0056,0.0000
0.2000,1.6526,1.8926,0.0011,0.0233,102.2886,70.1070,0.0000,0.2837,0.2837,-0.0709,0.0000,0.0000,0.0140,0.0056,0.0000
-0.2000,1.9202,1.8526,-0.0054,0.0251,102.1334,70.2115,0.0000,0.2766,0.2766,-0.0658,0.0000,0.0000,0.0151,0.0061,0.0000
-0.2000,1.8740,1.8126,-0.0138,0.0251,101.9844,70.3105,0.0000,0.2768,0.2768,-0.0683,0.0000,0.0000,0.0151,0.0061,0.0000
-0.2000,1.8566,1.7726,-0.0222,0.0251,101.8187,70.4223,0.0000,0.2832,0.2832,-0.0615,0.0000,0.0000,0.0151,0.0061,0.0000
-0.2000,1.7723,1.7326,-0.0306,0.0251,101.6585,70.5304,0.0000,0.2835,0.2835,-0.0637,0.0000,0.0000,0.0151,0.0061,0.0000
-0.2000,1.9839,1.6926,-0.0222,0.0333,101.5025,70.6320,0.0000,0.2700,0.2700,-0.0861,0.0000,0.0000,0.0201,0.0080,0.0000
-0.2000,1.9152,1.6526,-0.0138,0.0333,101.3556,70.7303,0.0000,0.2673,0.2673,-0.0891,0.0000,0.0000,0.0201,0.0080,0.0000
-0.2000,1.8439,1.6126,-0.0056,0.0333,101.2053,70.8422,0.0000,0.2537,0.2537,-0.0939,0.0000,0.0000,0.0201,0.0080,0.0000
0.0234,1.7520,1.6150,0.0011,0.0317,101.0457,70.9416,0.0000,0.2617,0.2617,-0.0944,0.0000,0.0000,0.0191,0.0076,0.0000
-0.1999,1.8575,1.5750,0.0095,0.0317,100.9004,71.0501,0.0000,0.2414,0.2414,-0.0975,0.0000,0.0000,0.0191,0.0076,0.0000
-0.2000,1.8648,1.5375,0.0179,0.0317,100.7629,71.1501,0.0000,0.2298,0.2298,-0.0993,0.0000,0.0000,0.0191,0.0076,0.0000
-0.2000,1.7971,1.5037,0.0263,0.0317,100.6320,71.2526,0.0000,0.2188,0.2188,-0.0983,0.0000,0.0000,0.0191,0.0076,0.0000
0.1375,1.6856,1.5237,0.0273,0.0317,100.5033,71.3398,0.0000,0.2244,0.2244,-0.0939,0.0000,0.0000,0.0191,0.0076,0.0000
0.0578,1.6483,1.5437,0.0357,0.0385,100.3814,71.4101,0.0000,0.2355,0.2355,-0.1042,0.0000,0.0000,0.0232,0.0093,0.0000
0.2000,1.5440,1.5637,0.0441,0.0385,100.2554,71.4932,0.0000,0.2348,0.2348,-0.1071,0.0000,0.0000,0.0232,0.0093,0.0000
0.2000,1.3982,1.5837,0.0396,0.0385,100.1442,71.5720,0.0000,0.2384,0.2384,-0.1016,0.0000,0.0000,0.0232,0.0093,0.0000
0.2000,1.4953,1.6037,0.0363,0.0385,100.0359,71.6367,0.0000,0.2382,0.2382,-0.0985,0.0000,0.0000,0.0232,0.0093,0.0000
0.2000,1.3528,1.6237,0.0308,0.0385,99.9263,71.7001,0.0000,0.2524,0.2524,-0.0941,0.0000,0.0000,0.0232,0.0093,0.0000
0.2000,1.2521,1.6437,0.0323,0.0385,99.8131,71.7774,0.0000,0.2536,0.2536,-0.0907,0.0000,0.0000,0.0232,0.0093,0.0000
0.2000,1.2588,1.6637,0.0339,0.0385,99.7099,71.8487,0.0000,0.2490,0.2490,-0.0880,0.0000,0.0000,0.0232,0.0093,0.0000
0.2000,1.3599,1.6837,0.0423,0.0390,99.6035,71.9224,0.0000,0.2350,0.2350,-0.1151,0.0000,0.0000,0.0235,0.0094,0.0000
0.2000,1.2440,1.7037,0.0507,0.0390,99.4978,71.9962,0.0000,0.2330,0.2330,-0.1121,0.0000,0.0000,0.0235,0.0094,0.0000
0.2000,1.2837,1.7237,0.0591,0.0390,99.3776,72.0621,0.0000,0.2364,0.2364,-0.1089,0.0000,0.0000,0.0235,0.0094,0.0000
0.2000,1.2787,1.7437,0.0669,0.0390,99.2683,72.1277,0.0000,0.2376,0.2376,-0.1050,0.0000,0.0000,0.0235,0.0094,0.0000
0.2000,1.3616,1.7637,0.0685,0.0321,99.1559,72.2025,0.0000,0.2253,0.2253,-0.1159,0.0000,0.0000,0.0194,0.0077,0.0000
0.2000,1.2655,1.7837,0.0730,0.0321,99.0480,72.2710,0.0000,0.2303,0.2303,-0.1068,0.0000,0.0000,0.0194,0.0077,0.0000
0.2000,1.3388,1.8037,0.0706,0.0321,98.9262,72.3344,0.0000,0.2352,0.2352,-0.1011,0.0000,0.0000,0.0194,0.0077,0.0000
0.2000,1.2714,1.8237,0.0693,0.0321,98.8025,72.4110,0.0000,0.2337,0.2337,-0.1003,0.0000,0.0000,0.0194,0.0077,0.0000
0.2000,1.3650,1.8437,0.0624,0.0321,98.6842,72.4783,0.0000,0.2359,0.2359,-0.0900,0.0000,0.0000,0.0194,0.0077,0.0000
0.2000,1.4431,1.8637,0.0568,0.0349,98.5569,72.5477,0.0000,0.2396,0.2396,-0.0806,0.0000,0.0000,0.0210,0.0084,0.0000
0.2000,1.3552,1.8837,0.0484,0.0349,98.4170,72.6119,0.0000,0.2627,0.2627,-0.0722,0.0000,0.0000,0.0210,0.0084,0.0000
0.2000,1.4408,1.9037,0.0400,0.0349,98.2924,72.6881,0.0000,0.2543,0.2543,-0.0736,0.0000,0.0000,0.0210,0.0084,0.0000
0.2000,1.4485,1.9237,0.0316,0.0349,98.1588,72.7586,0.0000,0.2663,0.2663,-0.0637,0.0000,0.0000,0.0210,0.0084,0.0000
0.2000,1.4485,1.9437,0.0232,0.0349,98.0242,72.8413,0.0000,0.2623,0.2623,-0.0625,0.0000,0.0000,0.0210,0.0084,0.0000
0.2000,1.4485,1.9637,0.0316,0.0436,97.8857,72.9191,0.0000,0.2626,0.2626,-0.0875,0.0000,0.0000,0.0263,0.0105,0.0000
0.2000,1.5762,1.9837,0.0233,0.0436,97.7387,72.9927,0.0000,0.2691,0.2691,-0.0779,0.0000,0.0000,0.0263,0.0105,0.0000
0.2000,1.5762,2.0037,0.0182,0.0436,97.5888,73.0720,0.0000,0.2692,0.2692,-0.0787,0.0000,0.0000,0.0263,0.0105,0.0000
0.2000,1.6357,2.0237,0.0200,0.0375,97.4395,73.1560,0.0000,0.2704,0.2704,-0.0855,0.0000,0.0000,0.0226,0.0090,0.0000
0.2000,1.6809,2.0437,0.0135,0.0375,97.2893,73.2312,0.0000,0.2742,0.2742,-0.0809,0.0000,0.0000,0.0226,0.0090,0.0000
0.2000,1.7016,2.0637,0.0106,0.0375,97.1353,73.3145,0.0000,0.2721,0.2721,-0.0782,0.0000,0.0000,0.0226,0.0090,0.0000
0.2000,1.6679,2.0837,0.0068,0.0375,96.9734,73.3949,0.0000,0.2789,0.2789,-0.0748,0.0000,0.0000,0.0226,0.0090,0.0000
0.1999,1.7368,2.1037,0.0152,0.0377,96.8072,73.4803,0.0000,0.2767,0.2767,-0.0915,0.0000,0.0000,0.0227,0.0091,0.0000
-0.0678,1.7937,2.0770,0.0229,0.0377,96.6350,73.5670,0.0000,0.2746,0.2746,-0.0889,0.0000,0.0000,0.0227,0.0091,0.0000
-0.1461,1.8533,2.0461,0.0303,0.0377,96.4782,73.6505,0.0000,0.2640,0.2640,-0.0912,0.0000,0.0000,0.0227,0.0091,0.0000
-0.0733,1.9129,2.0240,0.0353,0.0361,96.2971,73.7415,0.0000,0.2657,0.2657,-0.0962,0.0000,0.0000,0.0218,0.0087,0.0000
0.2000,1.7593,2.0404,0.0334,0.0361,96.1231,73.8320,0.0000,0.2696,0.2696,-0.0924,0.0000,0.0000,0.0218,0.0087,0.0000
-0.2000,2.0140,2.0189,0.0251,0.0361,95.9409,73.9264,0.0000,0.2557,0.2557,-0.0876,0.0000,0.0000,0.0218,0.0087,0.0000
-0.1269,1.9458,1.9995,0.0167,0.0361,95.7612,74.0122,0.0000,0.2639,0.2639,-0.0820,0.0000,0.0000,0.0218,0.0087,0.0000
-0.2000,2.0365,1.9821,0.0251,0.0383,95.5758,74.0941,0.0000,0.2671,0.2671,-0.0928,0.0000,0.0000,0.0231,0.0092,0.0000
-0.1744,1.9768,1.9664,0.0305,0.0383,95.3835,74.1854,0.0000,0.2717,0.2717,-0.0878,0.0000,0.0000,0.0231,0.0092,0.0000
-0.2000,2.0114,1.9523,0.0221,0.0383,95.1907,74.2699,0.0000,0.2746,0.2746,-0.0867,0.0000,0.0000,0.0231,0.0092,0.0000
-0.2000,2.1127,1.9396,0.0264,0.0375,95.0110,74.3470,0.0000,0.2777,0.2777,-0.0940,0.0000,0.0000,0.0226,0.0090,0.0000
-0.2000,2.0875,1.9282,0.0180,0.0375,94.8169,74.4318,0.0000,0.2863,0.2863,-0.0879,0.0000,0.0000,0.0226,0.0090,0.0000
-0.1505,1.9410,1.9179,0.0104,0.0375,94.6429,74.5067,0.0000,0.2969,0.2969,-0.0856,0.0000,0.0000,0.0226,0.0090,0.0000
-0.2000,2.1035,1.9086,0.0188,0.0382,94.4700,74.5844,0.0000,0.2869,0.2869,-0.1129,0.0000,0.0000,0.0230,0.0092,0.0000
-0.0969,1.8796,1.8998,0.0272,0.0382,94.2850,74.6640,0.0000,0.3027,0.3027,-0.1058,0.0000,0.0000,0.0230,0.0092,0.0000
-0.0668,1.8799,1.8923,0.0354,0.0382,94.1167,74.7430,0.0000,0.2916,0.2916,-0.1080,0.0000,0.0000,0.0230,0.0092,0.0000
-0.1728,2.0000,1.8856,0.0356,0.0382,93.9420,74.8277,0.0000,0.2812,0.2812,-0.0999,0.0000,0.0000,0.0230,0.0092,0.0000
-0.0514,1.8424,1.8796,0.0364,0.0306,93.7761,74.9077,0.0000,0.2769,0.2769,-0.1260,0.0000,0.0000,0.0185,0.0074,0.0000
-0.1009,1.9277,1.8741,0.0448,0.0306,93.6161,74.9942,0.0000,0.2562,0.2562,-0.1173,0.0000,0.0000,0.0185,0.0074,0.0000
-0.0120,1.8259,1.8693,0.0434,0.0306,93.4475,75.0549,0.0000,0.2693,0.2693,-0.1130,0.0000,0.0000,0.0185,0.0074,0.0000
0.0296,1.8030,1.8649,0.0403,0.0306,93.2943,75.1146,0.0000,0.2731,0.2731,-0.1090,0.0000,0.0000,0.0185,0.0074,0.0000
0.2000,1.7802,1.8803,0.0374,0.0306,93.1289,75.1764,0.0000,0.2764,0.2764,-0.1080,0.0000,0.0000,0.0185,0.0074,0.0000
0.2000,1.6318,1.9003,0.0290,0.0228,92.9844,75.2396,0.0000,0.2867,0.2867,-0.0807,0.0000,0.0000,0.0137,0.0055,0.0000
0.2000,1.7510,1.9203,0.0206,0.0228,92.8272,75.3000,0.0000,0.2882,0.2882,-0.0763,0.0000,0.0000,0.0137,0.0055,0.0000
0.2000,1.5672,1.9403,0.0122,0.0228,92.6616,75.3561,0.0000,0.3059,0.3059,-0.0750,0.0000,0.0000,0.0137,0.0055,0.0000
0.2000,1.6727,1.9603,0.0038,0.0228,92.5092,75.4168,0.0000,0.3087,0.3087,-0.0672,0.0000,0.0000,0.0137,0.0055,0.0000
0.2000,1.7344,1.9803,0.0095,0.0352,92.3483,75.4601,0.0000,0.3248,0.3248,-0.0941,0.0000,0.0000,0.0212,0.0085,0.0000
0.2000,1.6294,2.0003,0.0031,0.0352,92.1903,75.5032,0.0000,0.3455,0.3455,-0.0920,0.0000,0.0000,0.0212,0.0085,0.0000
0.2000,1.6534,2.0203,0.0100,0.0352,92.0403,75.5669,0.0000,0.3339,0.3339,-0.0952,0.0000,0.0000,0.0212,0.0085,0.0000
0.2000,1.6258,2.0403,0.0041,0.0352,91.8921,75.6277,0.0000,0.3342,0.3342,-0.0891,0.0000,0.0000,0.0212,0.0085,0.0000
0.1999,1.6155,2.0603,0.0029,0.0254,91.7398,75.6897,0.0000,0.3261,0.3261,-0.1166,0.0000,0.0000,0.0153,0.0061,0.0000
0.2000,1.5902,2.0803,0.0112,0.0254,91.5825,75.7513,0.0000,0.3214,0.3214,-0.1149,0.0000,0.0000,0.0153,0.0061,0.0000
0.2000,1.6296,2.1003,0.0196,0.0254,91.4448,75.8075,0.0000,0.3148,0.3148,-0.1094,0.0000,0.0000,0.0153,0.0061,0.0000
0.2000,1.6749,2.1203,0.0280,0.0254,91.2955,75.8649,0.0000,0.3044,0.3044,-0.1115,0.0000,0.0000,0.0153,0.0061,0.0000
0.2000,1.4768,2.1403,0.0360,0.0254,91.1411,75.9243,0.0000,0.3091,0.3091,-0.1113,0.0000,0.0000,0.0153,0.0061,0.0000
0.2000,1.5851,2.1603,0.0345,0.0165,90.9866,75.9797,0.0000,0.3051,0.3051,-0.1155,0.0000,0.0000,0.0099,0.0040,0.0000
0.2000,1.6401,2.1803,0.0421,0.0165,90.8352,76.0440,0.0000,0.2873,0.2873,-0.1163,0.0000,0.0000,0.0099,0.0040,0.0000
0.2000,1.6310,2.2003,0.0431,0.0165,90.6647,76.1095,0.0000,0.2859,0.2859,-0.1074,0.0000,0.0000,0.0099,0.0040,0.0000
0.2000,1.6296,2.2203,0.0439,0.0165,90.4982,76.1665,0.0000,0.2838,0.2838,-0.1074,0.0000,0.0000,0.0099,0.0040,0.0000
-0.1951,1.8149,2.1808,0.0474,0.0119,90.3408,76.2294,0.0000,0.2671,0.2671,-0.1209,0.0000,0.0000,0.0072,0.0029,0.0000
0.2000,1.7456,2.1906,0.0547,0.0119,90.1779,76.2888,0.0000,0.2611,0.2611,-0.1214,0.0000,0.0000,0.0072,0.0029,0.0000
0.1999,1.6831,2.2106,0.0517,0.0119,90.0069,76.3400,0.0000,0.2740,0.2740,-0.1110,0.0000,0.0000,0.0072,0.0029,0.0000
0.2000,1.7190,2.2306,0.0458,0.0119,89.8502,76.3925,0.0000,0.2712,0.2712,-0.1062,0.0000,0.0000,0.0072,0.0029,0.0000
0.0162,1.7770,2.2123,0.0374,0.0009,89.6841,76.4528,0.0000,0.2617,0.2617,-0.0926,0.0000,0.0000,0.0006,0.0002,0.0000
0.1998,1.6405,2.2323,0.0290,0.0009,89.5187,76.5000,0.0000,0.2811,0.2811,-0.0825,0.0000,0.0000,0.0006,0.0002,0.0000
0.2000,1.7520,2.2329,0.0206,0.0009,89.3457,76.5569,0.0000,0.2808,0.2808,-0.0752,0.0000,0.0000,0.0006,0.0002,0.0000
0.2000,1.7119,2.2330,0.0186,0.0074,89.1708,76.6130,0.0000,0.2814,0.2814,-0.0855,0.0000,0.0000,0.0045,0.0018,0.0000
-0.0006,1.8078,2.1930,0.0102,0.0074,88.9908,76.6659,0.0000,0.2874,0.2874,-0.0765,0.0000,0.0000,0.0045,0.0018,0.0000
-0.2000,1.8218,2.1530,0.0018,0.0074,88.8254,76.7120,0.0000,0.2946,0.2946,-0.0724,0.0000,0.0000,0.0045,0.0018,0.0000
-0.2000,1.8645,2.1130,-0.0066,0.0074,88.6397,76.7507,0.0000,0.3119,0.3119,-0.0707,0.0000,0.0000,0.0045,0.0018,0.0000
0.2000,1.7048,2.1264,-0.0150,0.0029,88.4675,76.8048,0.0000,0.3139,0.3139,-0.0807,0.0000,0.0000,0.0018,0.0007,0.0000
-0.2000,1.8814,2.0864,-0.0234,0.0029,88.2969,76.8568,0.0000,0.3097,0.3097,-0.0761,0.0000,0.0000,0.0018,0.0007,0.0000
-0.2000,1.7891,2.0464,-0.0317,0.0029,88.1115,76.9075,0.0000,0.3162,0.3162,-0.0774,0.0000,0.0000,0.0018,0.0007,0.0000
-0.2000,1.7705,2.0079,-0.0309,0.0029,87.9312,76.9494,0.0000,0.3221,0.3221,-0.0839,0.0000,0.0000,0.0018,0.0007,0.0000
-0.2000,1.9050,1.9679,-0.0266,-0.0011,87.7523,77.0045,0.0000,0.3105,0.3105,-0.0907,0.0000,0.0000,-0.0006,-0.0003,0.0000
-0.2000,1.8308,1.9279,-0.0234,-0.0011,87.5730,77.0773,0.0000,0.2947,0.2947,-0.0905,0.0000,0.0000,-0.0006,-0.0003,0.0000
-0.2000,1.8545,1.8879,-0.0150,-0.0011,87.3971,77.1327,0.0000,0.2829,0.2829,-0.0980,0.0000,0.0000,-0.0006,-0.0003,0.0000
-0.2000,1.9189,1.8479,-0.0130,-0.0040,87.2188,77.2098,0.0000,0.2557,0.2557,-0.0870,0.0000,0.0000,-0.0024,-0.0010,0.0000
-0.2000,1.8256,1.8079,-0.0047,-0.0040,87.0524,77.2668,0.0000,0.2474,0.2474,-0.0940,0.0000,0.0000,-0.0024,-0.0010,0.0000
-0.2000,1.9268,1.7679,0.0034,-0.0040,86.8746,77.3352,0.0000,0.2323,0.2323,-0.0908,0.0000,0.0000,-0.0024,-0.0010,0.0000
0.2000,1.7416,1.7879,0.0094,-0.0040,86.7032,77.4058,0.0000,0.2210,0.2210,-0.0935,0.0000,0.0000,-0.0024,-0.0010,0.0000
-0.2000,1.8896,1.7479,0.0178,0.0013,86.5259,77.4589,0.0000,0.2093,0.2093,-0.1165,0.0000,0.0000,0.0008,0.0003,0.0000
-0.2000,1.8381,1.7079,0.0262,0.0013,86.3681,77.5185,0.0000,0.2041,0.2041,-0.1103,0.0000,0.0000,0.0008,0.0003,0.0000
-0.2000,1.8328,1.6693,0.0346,0.0013,86.2041,77.5744,0.0000,0.1971,0.1971,-0.1089,0.0000,0.0000,0.0008,0.0003,0.0000
0.2000,1.6731,1.6893,0.0426,0.0013,86.0454,77.6199,0.0000,0.2082,0.2082,-0.1060,0.0000,0.0000,0.0008,0.0003,0.0000
0.1874,1.7187,1.7093,0.0342,0.0013,85.8860,77.6717,0.0000,0.2025,0.2025,-0.1028,0.0000,0.0000,0.0008,0.0003,0.0000
0.2000,1.6386,1.7293,0.0258,-0.0086,85.7267,77.7181,0.0000,0.2091,0.2091,-0.0959,0.0000,0.0000,-0.0052,-0.0021,0.0000
0.2000,1.6626,1.7493,0.0174,-0.0086,85.5717,77.7568,0.0000,0.2180,0.2180,-0.0909,0.0000,0.0000,-0.0052,-0.0021,0.0000
0.2000,1.6471,1.7693,0.0090,-0.0086,85.4178,77.7959,0.0000,0.2278,0.2278,-0.0862,0.0000,0.0000,-0.0052,-0.0021,0.0000
0.2000,1.5868,1.7893,0.0007,-0.0086,85.2629,77.8434,0.0000,0.2304,0.2304,-0.0831,0.0000,0.0000,-0.0052,-0.0021,0.0000
0.2000,1.5780,1.8093,-0.0076,-0.0086,85.1204,77.8882,0.0000,0.2319,0.2319,-0.0774,0.0000,0.0000,-0.0052,-0.0021,0.0000
0.2000,1.6074,1.8293,-0.0160,-0.0089,84.9588,77.9376,0.0000,0.2272,0.2272,-0.0638,0.0000,0.0000,-0.0054,-0.0021,0.0000
0.2000,1.4827,1.8493,-0.0244,-0.0089,84.8241,77.9857,0.0000,0.2290,0.2290,-0.0587,0.0000,0.0000,-0.0054,-0.0021,0.0000
0.2000,1.6737,1.8693,-0.0328,-0.0089,84.6693,78.0232,0.0000,0.2292,0.2292,-0.0638,0.0000,0.0000,-0.0054,-0.0021,0.0000
0.2000,1.4196,1.8893,-0.0411,-0.0089,84.5339,78.0712,0.0000,0.2330,0.2330,-0.0618,0.0000,0.0000,-0.0054,-0.0021,0.0000
0.2000,1.5763,1.9093,-0.0327,0.0003,84.3908,78.1091,0.0000,0.2317,0.2317,-0.0770,0.0000,0.0000,0.0002,0.0001,0.0000
0.2000,1.4244,1.9293,-0.0243,0.0003,84.2620,78.1564,0.0000,0.2261,0.2261,-0.0809,0.0000,0.0000,0.0002,0.0001,0.0000
0.2000,1.4659,1.9493,-0.0159,0.0003,84.1128,78.2085,0.0000,0.2111,0.2111,-0.0889,0.0000,0.0000,0.0002,0.0001,0.0000
0.2000,1.3605,1.9693,-0.0076,0.0003,83.9770,78.2604,0.0000,0.2047,0.2047,-0.0889,0.0000,0.0000,0.0002,0.0001,0.0000
0.2000,1.5653,1.9893,0.0008,0.0003,83.8447,78.3127,0.0000,0.1813,0.1813,-0.0913,0.0000,0.0000,0.0002,0.0001,0.0000
0.2000,1.4417,2.0093,0.0035,-0.0054,83.6976,78.3562,0.0000,0.1832,0.1832,-0.0873,0.0000,0.0000,-0.0033,-0.0013,0.0000
0.2000,1.4105,2.0293,0.0119,-0.0054,83.5491,78.4016,0.0000,0.1872,0.1872,-0.0838,0.0000,0.0000,-0.0033,-0.0013,0.0000
0.2000,1.5184,2.0493,0.0203,-0.0054,83.3859,78.4497,0.0000,0.1817,0.1817,-0.0878,0.0000,0.0000,-0.0033,-0.0013,0.0000
0.2000,1.5413,2.0693,0.0280,-0.0054,83.2305,78.5086,0.0000,0.1738,0.1738,-0.0829,0.0000,0.0000,-0.0033,-0.0013,0.0000
0.2000,1.6855,2.0893,0.0364,-0.0006,83.0746,78.5483,0.0000,0.1770,0.1770,-0.0901,0.0000,0.0000,-0.0003,-0.0001,0.0000
0.2000,1.6481,2.1093,0.0387,-0.0006,82.9115,78.6016,0.0000,0.1762,0.1762,-0.0874,0.0000,0.0000,-0.0003,-0.0001,0.0000
0.1999,1.5967,2.1293,0.0374,-0.0006,82.7395,78.6588,0.0000,0.1757,0.1757,-0.0835,0.0000,0.0000,-0.0003,-0.0001,0.0000
0.1999,1.7016,2.1461,0.0341,-0.0006,82.5708,78.7101,0.0000,0.1741,0.1741,-0.0790,0.0000,0.0000,-0.0003,-0.0001,0.0000
-0.1999,1.7984,2.1061,0.0257,-0.0055,82.3980,78.7607,0.0000,0.1752,0.1752,-0.0702,0.0000,0.0000,-0.0033,-0.0013,0.0000
0.1999,1.7507,2.0867,0.0173,-0.0055,82.2205,78.8080,0.0000,0.1881,0.1881,-0.0644,0.0000,0.0000,-0.0033,-0.0013,0.0000
-0.2001,1.7863,2.0467,0.0089,-0.0055,82.0440,78.8740,0.0000,0.1794,0.1794,-0.0592,0.0000,0.0000,-0.0033,-0.0013,0.0000
-0.2000,1.8246,2.0067,0.0024,-0.0036,81.8481,78.9146,0.0000,0.1993,0.1993,-0.0370,0.0000,0.0000,-0.0022,-0.0009,0.0000
-0.2000,1.8682,1.9667,-0.0060,-0.0036,81.6701,78.9675,0.0000,0.2055,0.2055,-0.0343,0.0000,0.0000,-0.0022,-0.0009,0.0000
-0.2000,1.9859,1.9267,-0.0144,-0.0036,81.4879,79.0293,0.0000,0.1977,0.1977,-0.0374,0.0000,0.0000,-0.0022,-0.0009,0.0000
-0.2000,1.8416,1.8867,-0.0227,-0.0036,81.3114,79.0840,0.0000,0.2087,0.2087,-0.0309,0.0000,0.0000,-0.0022,-0.0009,0.0000
-0.2000,1.9074,1.8467,-0.0208,0.0066,81.1368,79.1317,0.0000,0.2110,0.2110,-0.0445,0.0000,0.0000,0.0040,0.0016,0.0000
-0.2000,1.8344,1.8067,-0.0292,0.0066,80.9477,79.1840,0.0000,0.2211,0.2211,-0.0424,0.0000,0.0000,0.0040,0.0016,0.0000
-0.2000,1.7925,1.7667,-0.0376,0.0066,80.7636,79.2389,0.0000,0.2186,0.2186,-0.0491,0.0000,0.0000,0.0040,0.0016,0.0000
-0.2000,1.9462,1.7267,-0.0375,0.0026,80.5770,79.2956,0.0000,0.2120,0.2120,-0.0540,0.0000,0.0000,0.0016,0.0006,0.0000
-0.2000,1.9028,1.6867,-0.0338,0.0026,80.3984,79.3515,0.0000,0.2137,0.2137,-0.0534,0.0000,0.0000,0.0016,0.0006,0.0000
-0.2000,1.9315,1.6467,-0.0254,0.0026,80.2179,79.4226,0.0000,0.1926,0.1926,-0.0599,0.0000,0.0000,0.0016,0.0006,0.0000
-0.2000,1.8563,1.6067,-0.0170,0.0026,80.0502,79.4792,0.0000,0.1841,0.1841,-0.0673,0.0000,0.0000,0.0016,0.0006,0.0000
-0.2000,1.9243,1.5667,-0.0095,0.0021,79.8800,79.5348,0.0000,0.1748,0.1748,-0.0581,0.0000,0.0000,0.0013,0.0005,0.0000
-0.1999,1.7543,1.5301,-0.0037,0.0021,79.7206,79.5990,0.0000,0.1703,0.1703,-0.0560,0.0000,0.0000,0.0013,0.0005,0.0000
-0.2000,1.7738,1.4971,0.0026,0.0021,79.5572,79.6485,0.0000,0.1684,0.1684,-0.0622,0.0000,0.0000,0.0013,0.0005,0.0000
-0.1999,1.7031,1.4674,0.0018,0.0021,79.4120,79.6973,0.0000,0.1724,0.1724,-0.0591,0.0000,0.0000,0.0013,0.0005,0.0000
-0.1999,1.6909,1.4406,-0.0022,0.0021,79.2612,79.7367,0.0000,0.1821,0.1821,-0.0594,0.0000,0.0000,0.0013,0.0005,0.0000
0.1099,1.5199,1.4606,-0.0106,0.0021,79.0995,79.7972,0.0000,0.1774,0.1774,-0.0631,0.0000,0.0000,0.0013,0.0005,0.0000
0.1031,1.5448,1.4806,-0.0031,0.0110,78.9575,79.8383,0.0000,0.1853,0.1853,-0.0763,0.0000,0.0000,0.0066,0.0027,0.0000
-0.2001,1.7112,1.4526,0.0053,0.0110,78.8269,79.8859,0.0000,0.1699,0.1699,-0.0783,0.0000,0.0000,0.0066,0.0027,0.0000
0.2000,1.4708,1.4726,0.0132,0.0110,78.6941,79.9367,0.0000,0.1690,0.1690,-0.0791,0.0000,0.0000,0.0066,0.0027,0.0000
0.2000,1.3772,1.4926,0.0048,0.0110,78.5574,79.9804,0.0000,0.1728,0.1728,-0.0765,0.0000,0.0000,0.0066,0.0027,0.0000
0.2000,1.4099,1.5126,0.0115,0.0110,78.4247,80.0253,0.0000,0.1673,0.1673,-0.0766,0.0000,0.0000,0.0066,0.0027,0.0000
0.2000,1.4239,1.5326,0.0109,0.0020,78.3055,80.0764,0.0000,0.1528,0.1528,-0.0868,0.0000,0.0000,0.0012,0.0005,0.0000
0.2000,1.2860,1.5526,0.0193,0.0020,78.1827,80.1120,0.0000,0.1609,0.1609,-0.0843,0.0000,0.0000,0.0012,0.0005,0.0000
0.2000,1.2860,1.5726,0.0276,0.0020,78.0545,80.1481,0.0000,0.1620,0.1620,-0.0849,0.0000,0.0000,0.0012,0.0005,0.0000
0.2000,1.2681,1.5926,0.0301,0.0020,77.9426,80.1732,0.0000,0.1728,0.1728,-0.0808,0.0000,0.0000,0.0012,0.0005,0.0000
0.2000,1.3203,1.6126,0.0334,0.0020,77.8301,80.2120,0.0000,0.1645,0.1645,-0.0819,0.0000,0.0000,0.0012,0.0005,0.0000
0.2000,1.1407,1.6326,0.0328,0.0020,77.7240,80.2454,0.0000,0.1716,0.1716,-0.0785,0.0000,0.0000,0.0012,0.0005,0.0000
0.2000,1.1795,1.6526,0.0267,0.0020,77.6134,80.2647,0.0000,0.1860,0.1860,-0.0731,0.0000,0.0000,0.0012,0.0005,0.0000
0.2000,1.1043,1.6726,0.0183,-0.0036,77.4967,80.2960,0.0000,0.1915,0.1915,-0.0660,0.0000,0.0000,-0.0022,-0.0009,0.0000
0.2000,1.1184,1.6926,0.0099,-0.0036,77.3819,80.3269,0.0000,0.1964,0.1964,-0.0630,0.0000,0.0000,-0.0022,-0.0009,0.0000
0.2000,1.1976,1.7126,0.0031,-0.0036,77.2692,80.3606,0.0000,0.1958,0.1958,-0.0603,0.0000,0.0000,-0.0022,-0.0009,0.0000
0.2000,1.1805,1.7326,0.0016,-0.0036,77.1423,80.4033,0.0000,0.1904,0.1904,-0.0632,0.0000,0.0000,-0.0022,-0.0009,0.0000
0.2000,1.1668,1.7526,-0.0009,-0.0036,77.0238,80.4375,0.0000,0.1961,0.1961,-0.0571,0.0000,0.0000,-0.0022,-0.0009,0.0000
0.2000,1.3271,1.7551,-0.0006,0.0023,76.8982,80.4765,0.0000,0.1877,0.1877,-0.0598,0.0000,0.0000,0.0014,0.0005,0.0000
0.2001,1.2256,1.7751,-0.0053,0.0023,76.7792,80.5101,0.0000,0.1960,0.1960,-0.0554,0.0000,0.0000,0.0014,0.0005,0.0000
0.2007,1.3028,1.7754,-0.0075,0.0023,76.6420,80.5286,0.0000,0.2181,0.2181,-0.0523,0.0000,0.0000,0.0014,0.0005,0.0000
0.1989,1.2282,1.7954,-0.0147,0.0023,76.5003,80.5734,0.0000,0.2174,0.2174,-0.0541,0.0000,0.0000,0.0014,0.0005,0.0000
0.1814,1.3758,1.7936,-0.0105,0.0023,76.3733,80.6207,0.0000,0.2020,0.2020,-0.0587,0.0000,0.0000,0.0014,0.0005,0.0000
0.2000,1.4730,1.7921,-0.0170,0.0041,76.2426,80.6484,0.0000,0.2156,0.2156,-0.0484,0.0000,0.0000,0.0025,0.0010,0.0000
0.2000,1.3437,1.7907,-0.0254,0.0041,76.1106,80.6890,0.0000,0.2136,0.2136,-0.0564,0.0000,0.0000,0.0025,0.0010,0.0000
0.2000,1.3295,1.7894,-0.0250,0.0041,75.9700,80.7388,0.0000,0.2059,0.2059,-0.0595,0.0000,0.0000,0.0025,0.0010,0.0000
0.2000,1.3678,1.7882,-0.0226,0.0041,75.8306,80.7830,0.0000,0.2020,0.2020,-0.0620,0.0000,0.0000,0.0025,0.0010,0.0000
0.2000,1.4784,1.7872,-0.0142,0.0089,75.6840,80.8296,0.0000,0.1952,0.1952,-0.0711,0.0000,0.0000,0.0054,0.0022,0.0000
0.2000,1.4491,1.7863,-0.0058,0.0089,75.5448,80.8766,0.0000,0.1899,0.1899,-0.0734,0.0000,0.0000,0.0054,0.0022,0.0000
-0.0593,1.5245,1.7561,0.0026,0.0089,75.4010,80.9204,0.0000,0.1843,0.1843,-0.0767,0.0000,0.0000,0.0054,0.0022,0.0000
0.2000,1.4567,1.7583,-0.0058,0.0089,75.2511,80.9675,0.0000,0.1902,0.1902,-0.0698,0.0000,0.0000,0.0054,0.0022,0.0000
0.2000,1.4889,1.7602,0.0026,0.0089,75.1007,81.0201,0.0000,0.1772,0.1772,-0.0766,0.0000,0.0000,0.0054,0.0022,0.0000
-0.2000,1.5607,1.7202,0.0101,0.0088,74.9565,81.0729,0.0000,0.1689,0.1689,-0.0720,0.0000,0.0000,0.0053,0.0021,0.0000
-0.2000,1.5794,1.6802,0.0185,0.0088,74.8190,81.1138,0.0000,0.1648,0.1648,-0.0772,0.0000,0.0000,0.0053,0.0021,0.0000
0.0380,1.5228,1.6628,0.0132,0.0088,74.6753,81.1665,0.0000,0.1620,0.1620,-0.0723,0.0000,0.0000,0.0053,0.0021,0.0000
0.2001,1.4207,1.6743,0.0203,0.0088,74.5220,81.2170,0.0000,0.1634,0.1634,-0.0700,0.0000,0.0000,0.0053,0.0021,0.0000
0.1810,1.5177,1.6639,0.0159,0.0128,74.3744,81.2547,0.0000,0.1709,0.1709,-0.0494,0.0000,0.0000,0.0077,0.0031,0.0000
-0.1999,1.6013,1.6239,0.0085,0.0128,74.2189,81.2955,0.0000,0.1768,0.1768,-0.0500,0.0000,0.0000,0.0077,0.0031,0.0000
0.2008,1.5136,1.6235,0.0003,0.0128,74.0638,81.3382,0.0000,0.1875,0.1875,-0.0475,0.0000,0.0000,0.0077,0.0031,0.0000
-0.2000,1.5936,1.5835,-0.0081,0.0128,73.9013,81.3745,0.0000,0.2047,0.2047,-0.0422,0.0000,0.0000,0.0077,0.0031,0.0000
-0.2000,1.5963,1.5452,0.0003,0.0253,73.7442,81.4229,0.0000,0.2010,0.2010,-0.0741,0.0000,0.0000,0.0152,0.0061,0.0000
-0.2000,1.6535,1.5106,0.0073,0.0253,73.5861,81.4720,0.0000,0.1999,0.1999,-0.0694,0.0000,0.0000,0.0152,0.0061,0.0000
-0.2000,1.6285,1.4796,0.0122,0.0253,73.4360,81.5165,0.0000,0.2003,0.2003,-0.0691,0.0000,0.0000,0.0152,0.0061,0.0000
-0.2000,1.6433,1.4516,0.0175,0.0253,73.2938,81.5697,0.0000,0.1889,0.1889,-0.0685,0.0000,0.0000,0.0152,0.0061,0.0000
-0.2000,1.5519,1.4265,0.0091,0.0253,73.1524,81.6062,0.0000,0.2002,0.2002,-0.0640,0.0000,0.0000,0.0152,0.0061,0.0000
-0.2000,1.5054,1.4038,0.0007,0.0185,73.0135,81.6432,0.0000,0.2046,0.2046,-0.0694,0.0000,0.0000,0.0111,0.0045,0.0000
-0.2000,1.4506,1.3834,-0.0076,0.0185,72.8772,81.6902,0.0000,0.1960,0.1960,-0.0733,0.0000,0.0000,0.0111,0.0045,0.0000
-0.2000,1.4246,1.3651,-0.0159,0.0185,72.7479,81.7330,0.0000,0.1953,0.1953,-0.0677,0.0000,0.0000,0.0111,0.0045,0.0000
-0.2000,1.4299,1.3486,-0.0075,0.0185,72.6188,81.7798,0.0000,0.1827,0.1827,-0.0718,0.0000,0.0000,0.0111,0.0045,0.0000
0.2000,1.3513,1.3686,-0.0140,0.0185,72.4972,81.8163,0.0000,0.1870,0.1870,-0.0673,0.0000,0.0000,0.0111,0.0045,0.0000
0.2000,1.3613,1.3886,-0.0128,0.0185,72.3778,81.8439,0.0000,0.1916,0.1916,-0.0693,0.0000,0.0000,0.0111,0.0045,0.0000
0.2000,1.2604,1.4086,-0.0118,0.0185,72.2688,81.8768,0.0000,0.1933,0.1933,-0.0696,0.0000,0.0000,0.0111,0.0045,0.0000
0.2000,1.2145,1.4286,-0.0173,0.0214,72.1601,81.9099,0.0000,0.1932,0.1932,-0.0584,0.0000,0.0000,0.0129,0.0052,0.0000
0.2000,1.1290,1.4486,-0.0102,0.0214,72.0460,81.9502,0.0000,0.1865,0.1865,-0.0642,0.0000,0.0000,0.0129,0.0052,0.0000
0.2000,1.1252,1.4686,-0.0077,0.0214,71.9332,81.9822,0.0000,0.1907,0.1907,-0.0601,0.0000,0.0000,0.0129,0.0052,0.0000
0.2000,1.2004,1.4886,-0.0055,0.0214,71.8180,82.0165,0.0000,0.1884,0.1884,-0.0609,0.0000,0.0000,0.0129,0.0052,0.0000
0.2000,1.1639,1.5086,-0.0010,0.0214,71.7096,82.0477,0.0000,0.1897,0.1897,-0.0625,0.0000,0.0000,0.0129,0.0052,0.0000
0.2000,1.1920,1.5286,0.0052,0.0214,71.5991,82.0908,0.0000,0.1789,0.1789,-0.0632,0.0000,0.0000,0.0129,0.0052,0.0000
0.1999,1.1174,1.5486,0.0136,0.0338,71.4956,82.1165,0.0000,0.1853,0.1853,-0.1001,0.0000,0.0000,0.0204,0.0081,0.0000
0.1999,1.1758,1.5686,0.0219,0.0338,71.3799,82.1510,0.0000,0.1785,0.1785,-0.0995,0.0000,0.0000,0.0204,0.0081,0.0000
0.2000,1.0572,1.5886,0.0302,0.0338,71.2820,82.1757,0.0000,0.1875,0.1875,-0.0951,0.0000,0.0000,0.0204,0.0081,0.0000
0.2000,1.1979,1.6075,0.0386,0.0338,71.1775,82.2160,0.0000,0.1645,0.1645,-0.1011,0.0000,0.0000,0.0204,0.0081,0.0000
0.2000,1.0038,1.6246,0.0470,0.0338,71.0713,82.2435,0.0000,0.1775,0.1775,-0.0950,0.0000,0.0000,0.0204,0.0081,0.0000
0.2000,1.1112,1.6399,0.0554,0.0338,70.9600,82.2781,0.0000,0.1660,0.1660,-0.0968,0.0000,0.0000,0.0204,0.0081,0.0000
0.2000,1.0908,1.6537,0.0638,0.0338,70.8588,82.3018,0.0000,0.1740,0.1740,-0.0886,0.0000,0.0000,0.0204,0.0081,0.0000
-0.1378,1.1551,1.6137,0.0554,0.0217,70.7398,82.3362,0.0000,0.1737,0.1737,-0.0618,0.0000,0.0000,0.0131,0.0052,0.0000
-0.1378,1.0366,1.6301,0.0470,0.0217,70.6282,82.3646,0.0000,0.1796,0.1796,-0.0635,0.0000,0.0000,0.0131,0.0052,0.0000
-0.1378,1.2291,1.5901,0.0432,0.0217,70.4884,82.3882,0.0000,0.1988,0.1988,-0.0475,0.0000,0.0000,0.0131,0.0052,0.0000
0.0721,1.1412,1.5511,0.0348,0.0217,70.3688,82.4155,0.0000,0.2040,0.2040,-0.0533,0.0000,0.0000,0.0131,0.0052,0.0000
-0.0888,1.4214,1.5160,0.0432,0.0384,70.2470,82.4418,0.0000,0.2105,0.2105,-0.0710,0.0000,0.0000,0.0231,0.0093,0.0000
0.0065,1.2139,1.4844,0.0348,0.0384,70.1052,82.4718,0.0000,0.2242,0.2242,-0.0698,0.0000,0.0000,0.0231,0.0093,0.0000
-0.0213,1.2431,1.4560,0.0264,0.0384,69.9698,82.5069,0.0000,0.2248,0.2248,-0.0657,0.0000,0.0000,0.0231,0.0093,0.0000
-0.1928,1.4369,1.4304,0.0181,0.0384,69.8316,82.5332,0.0000,0.2317,0.2317,-0.0588,0.0000,0.0000,0.0231,0.0093,0.0000
-0.2000,1.3888,1.4073,0.0097,0.0384,69.7001,82.5679,0.0000,0.2293,0.2293,-0.0622,0.0000,0.0000,0.0231,0.0093,0.0000
-0.2000,1.3996,1.3866,0.0013,0.0335,69.5533,82.5929,0.0000,0.2486,0.2486,-0.0583,0.0000,0.0000,0.0202,0.0081,0.0000
-0.1665,1.3476,1.3679,-0.0071,0.0335,69.4188,82.6387,0.0000,0.2341,0.2341,-0.0632,0.0000,0.0000,0.0202,0.0081,0.0000
-0.2000,1.4852,1.3511,-0.0155,0.0335,69.2706,82.6717,0.0000,0.2382,0.2382,-0.0559,0.0000,0.0000,0.0202,0.0081,0.0000
-0.2000,1.4094,1.3360,-0.0239,0.0335,69.1363,82.7052,0.0000,0.2351,0.2351,-0.0622,0.0000,0.0000,0.0202,0.0081,0.0000
-0.2000,1.5090,1.3224,-0.0155,0.0384,68.9917,82.7401,0.0000,0.2349,0.2349,-0.0749,0.0000,0.0000,0.0232,0.0093,0.0000
-0.1958,1.3711,1.3102,-0.0138,0.0384,68.8624,82.7608,0.0000,0.2472,0.2472,-0.0765,0.0000,0.0000,0.0232,0.0093,0.0000
-0.2000,1.4764,1.2992,-0.0055,0.0384,68.7348,82.7956,0.0000,0.2330,0.2330,-0.0824,0.0000,0.0000,0.0232,0.0093,0.0000
-0.1329,1.2967,1.2892,-0.0078,0.0384,68.6077,82.8272,0.0000,0.2396,0.2396,-0.0794,0.0000,0.0000,0.0232,0.0093,0.0000
-0.1269,1.3109,1.2803,-0.0040,0.0384,68.4974,82.8556,0.0000,0.2346,0.2346,-0.0809,0.0000,0.0000,0.0232,0.0093,0.0000
-0.1164,1.2993,1.2723,-0.0050,0.0384,68.3861,82.8799,0.0000,0.2361,0.2361,-0.0807,0.0000,0.0000,0.0232,0.0093,0.0000
0.0661,1.1296,1.2651,-0.0093,0.0384,68.2844,82.9019,0.0000,0.2435,0.2435,-0.0815,0.0000,0.0000,0.0232,0.0093,0.0000
0.1484,1.1291,1.2586,-0.0073,0.0384,68.1777,82.9282,0.0000,0.2412,0.2412,-0.0818,0.0000,0.0000,0.0232,0.0093,0.0000
0.2000,1.0309,1.2527,0.0011,0.0403,68.0792,82.9503,0.0000,0.2456,0.2456,-0.0935,0.0000,0.0000,0.0243,0.0097,0.0000
0.1697,1.0899,1.2474,0.0095,0.0403,67.9785,82.9718,0.0000,0.2397,0.2397,-0.0990,0.0000,0.0000,0.0243,0.0097,0.0000
0.2000,1.0018,1.2427,0.0113,0.0403,67.8742,82.9962,0.0000,0.2440,0.2440,-0.0949,0.0000,0.0000,0.0243,0.0097,0.0000
0.2000,1.0183,1.2384,0.0196,0.0403,67.7722,83.0247,0.0000,0.2346,0.2346,-0.0987,0.0000,0.0000,0.0243,0.0097,0.0000
0.2001,1.0638,1.2346,0.0145,0.0403,67.6779,83.0501,0.0000,0.2303,0.2303,-0.0927,0.0000,0.0000,0.0243,0.0097,0.0000
0.2000,1.0501,1.2311,0.0229,0.0403,67.5823,83.0742,0.0000,0.2251,0.2251,-0.0968,0.0000,0.0000,0.0243,0.0097,0.0000
0.2000,0.9695,1.2280,0.0145,0.0403,67.4886,83.0902,0.0000,0.2374,0.2374,-0.0876,0.0000,0.0000,0.0243,0.0097,0.0000
0.2000,0.9766,1.2252,0.0138,0.0403,67.3944,83.1124,0.0000,0.2324,0.2324,-0.0929,0.0000,0.0000,0.0243,0.0097,0.0000
0.2000,0.9498,1.2227,0.0222,0.0482,67.2972,83.1398,0.0000,0.2274,0.2274,-0.1129,0.0000,0.0000,0.0290,0.0116,0.0000
0.2000,0.9575,1.2204,0.0305,0.0482,67.2023,83.1540,0.0000,0.2308,0.2308,-0.1120,0.0000,0.0000,0.0290,0.0116,0.0000
0.2000,1.0030,1.2184,0.0389,0.0482,67.1160,83.1707,0.0000,0.2284,0.2284,-0.1105,0.0000,0.0000,0.0290,0.0116,0.0000
0.2000,0.9520,1.2165,0.0463,0.0482,67.0274,83.1873,0.0000,0.2320,0.2320,-0.1087,0.0000,0.0000,0.0290,0.0116,0.0000
0.2000,0.8723,1.2149,0.0396,0.0482,66.9435,83.2026,0.0000,0.2376,0.2376,-0.1064,0.0000,0.0000,0.0290,0.0116,0.0000
0.2000,0.8949,1.2134,0.0399,0.0482,66.8574,83.2281,0.0000,0.2284,0.2284,-0.1036,0.0000,0.0000,0.0290,0.0116,0.0000
0.2000,0.8466,1.2121,0.0448,0.0482,66.7669,83.2496,0.0000,0.2255,0.2255,-0.1055,0.0000,0.0000,0.0290,0.0116,0.0000
0.2000,0.8908,1.2109,0.0374,0.0482,66.6821,83.2716,0.0000,0.2200,0.2200,-0.0990,0.0000,0.0000,0.0290,0.0116,0.0000
0.2000,0.9212,1.2098,0.0331,0.0465,66.6022,83.2818,0.0000,0.2245,0.2245,-0.0992,0.0000,0.0000,0.0280,0.0112,0.0000
0.2000,0.8702,1.2088,0.0249,0.0465,66.5029,83.2903,0.0000,0.2373,0.2373,-0.0972,0.0000,0.0000,0.0280,0.0112,0.0000
0.2000,0.8022,1.2079,0.0219,0.0465,66.3924,83.3215,0.0000,0.2308,0.2308,-0.0944,0.0000,0.0000,0.0280,0.0112,0.0000
0.2000,0.9903,1.2071,0.0293,0.0465,66.3153,83.3464,0.0000,0.2122,0.2122,-0.0923,0.0000,0.0000,0.0280,0.0112,0.0000
0.1192,1.1375,1.2064,0.0337,0.0465,66.2368,83.3661,0.0000,0.2010,0.2010,-0.0907,0.0000,0.0000,0.0280,0.0112,0.0000
0.2000,0.8039,1.2058,0.0369,0.0465,66.1443,83.3901,0.0000,0.2079,0.2079,-0.0936,0.0000,0.0000,0.0280,0.0112,0.0000
0.2000,0.8019,1.2052,0.0285,0.0465,66.0580,83.3953,0.0000,0.2224,0.2224,-0.0835,0.0000,0.0000,0.0280,0.0112,0.0000
0.2000,0.9480,1.2047,0.0369,0.0561,65.9629,83.4106,0.0000,0.2146,0.2146,-0.1008,0.0000,0.0000,0.0339,0.0135,0.0000
0.2000,0.8685,1.2042,0.0320,0.0561,65.8677,83.4312,0.0000,0.2188,0.2188,-0.0904,0.0000,0.0000,0.0339,0.0135,0.0000
0.2000,0.9525,1.2038,0.0404,0.0561,65.7721,83.4631,0.0000,0.1973,0.1973,-0.0953,0.0000,0.0000,0.0339,0.0135,0.0000
0.2000,0.9699,1.2034,0.0320,0.0561,65.6800,83.4718,0.0000,0.2084,0.2084,-0.0849,0.0000,0.0000,0.0339,0.0135,0.0000
0.2000,1.0003,1.2031,0.0389,0.0561,65.5957,83.4860,0.0000,0.2050,0.2050,-0.0896,0.0000,0.0000,0.0339,0.0135,0.0000
0.2000,0.9277,1.2028,0.0306,0.0561,65.4891,83.5020,0.0000,0.2153,0.2153,-0.0792,0.0000,0.0000,0.0339,0.0135,0.0000
0.2000,0.8459,1.2025,0.0231,0.0561,65.3931,83.5186,0.0000,0.2162,0.2162,-0.0842,0.0000,0.0000,0.0339,0.0135,0.0000
0.1780,1.0753,1.2022,0.0315,0.0650,65.3076,83.5396,0.0000,0.2025,0.2025,-0.0932,0.0000,0.0000,0.0392,0.0157,0.0000
0.2000,0.9644,1.2020,0.0399,0.0650,65.2062,83.5547,0.0000,0.2091,0.2091,-0.0912,0.0000,0.0000,0.0392,0.0157,0.0000
0.2000,0.8741,1.2018,0.0483,0.0650,65.1072,83.5790,0.0000,0.2033,0.2033,-0.0936,0.0000,0.0000,0.0392,0.0157,0.0000
0.2000,1.0110,1.2016,0.0399,0.0650,65.0162,83.5861,0.0000,0.2090,0.2090,-0.0831,0.0000,0.0000,0.0392,0.0157,0.0000
0.2000,1.0110,1.2015,0.0418,0.0650,64.9189,83.5955,0.0000,0.2120,0.2120,-0.0883,0.0000,0.0000,0.0392,0.0157,0.0000
0.2000,1.0110,1.2013,0.0334,0.0650,64.8244,83.6174,0.0000,0.2086,0.2086,-0.0806,0.0000,0.0000,0.0392,0.0157,0.0000
0.2000,0.9666,1.2012,0.0364,0.0650,64.7325,83.6350,0.0000,0.2061,0.2061,-0.0826,0.0000,0.0000,0.0392,0.0157,0.0000
0.2000,0.9272,1.2011,0.0280,0.0650,64.6366,83.6576,0.0000,0.2037,0.2037,-0.0744,0.0000,0.0000,0.0392,0.0157,0.0000
0.2000,0.9272,1.2010,0.0262,0.0715,64.5399,83.6683,0.0000,0.2095,0.2095,-0.0683,0.0000,0.0000,0.0431,0.0172,0.0000
0.2000,0.9781,1.2009,0.0241,0.0715,64.4492,83.6851,0.0000,0.2042,0.2042,-0.0705,0.0000,0.0000,0.0431,0.0172,0.0000
0.2000,0.9666,1.2008,0.0158,0.0715,64.3496,83.6994,0.0000,0.2110,0.2110,-0.0601,0.0000,0.0000,0.0431,0.0172,0.0000
0.2000,0.9143,1.2007,0.0128,0.0715,64.2661,83.7129,0.0000,0.2101,0.2101,-0.0648,0.0000,0.0000,0.0431,0.0172,0.0000
0.2000,1.0024,1.2006,0.0058,0.0715,64.1792,83.7301,0.0000,0.2071,0.2071,-0.0583,0.0000,0.0000,0.0431,0.0172,0.0000
0.2000,0.8379,1.2006,0.0057,0.0715,64.0850,83.7399,0.0000,0.2156,0.2156,-0.0613,0.0000,0.0000,0.0431,0.0172,0.0000
0.2000,0.8793,1.2005,-0.0024,0.0715,63.9838,83.7467,0.0000,0.2261,0.2261,-0.0552,0.0000,0.0000,0.0431,0.0172,0.0000
0.2000,0.9377,1.2005,0.0060,0.0906,63.8934,83.7587,0.0000,0.2202,0.2202,-0.1385,0.0000,0.0000,0.0547,0.0219,0.0000
0.2000,1.0103,1.2004,0.0144,0.0906,63.7977,83.7662,0.0000,0.2174,0.2174,-0.1336,0.0000,0.0000,0.0547,0.0219,0.0000
0.2000,0.9032,1.2004,0.0228,0.0906,63.6972,83.7862,0.0000,0.2124,0.2124,-0.1334,0.0000,0.0000,0.0547,0.0219,0.0000
0.2000,0.9559,1.2003,0.0312,0.0906,63.6089,83.8056,0.0000,0.1947,0.1947,-0.1366,0.0000,0.0000,0.0547,0.0219,0.0000
0.2000,1.0152,1.2003,0.0396,0.0906,63.5171,83.8243,0.0000,0.1797,0.1797,-0.1351,0.0000,0.0000,0.0547,0.0219,0.0000
0.2000,0.8971,1.2003,0.0480,0.0906,63.4109,83.8269,0.0000,0.1977,0.1977,-0.1247,0.0000,0.0000,0.0547,0.0219,0.0000
0.2000,0.9294,1.2002,0.0564,0.0906,63.3203,83.8386,0.0000,0.1889,0.1889,-0.1292,0.0000,0.0000,0.0547,0.0219,0.0000
0.1911,1.0628,1.2002,0.0480,0.0631,63.2349,83.8462,0.0000,0.1797,0.1797,-0.1335,0.0000,0.0000,0.0380,0.0152,0.0000
0.2000,0.9049,1.2002,0.0564,0.0631,63.1455,83.8558,0.0000,0.1882,0.1882,-0.1307,0.0000,0.0000,0.0380,0.0152,0.0000
0.2000,0.8511,1.2002,0.0648,0.0631,63.0519,83.8603,0.0000,0.1976,0.1976,-0.1213,0.0000,0.0000,0.0380,0.0152,0.0000
0.2000,0.8931,1.2002,0.0732,0.0631,62.9487,83.8748,0.0000,0.1900,0.1900,-0.1163,0.0000,0.0000,0.0380,0.0152,0.0000
0.2000,0.9371,1.2001,0.0815,0.0631,62.8548,83.8804,0.0000,0.1880,0.1880,-0.1171,0.0000,0.0000,0.0380,0.0152,0.0000
0.2000,1.0343,1.2001,0.0899,0.0631,62.7626,83.8950,0.0000,0.1757,0.1757,-0.1141,0.0000,0.0000,0.0380,0.0152,0.0000
0.2000,0.9326,1.2001,0.0983,0.0631,62.6600,83.9145,0.0000,0.1734,0.1734,-0.1050,0.0000,0.0000,0.0380,0.0152,0.0000
0.2000,0.9254,1.2001,0.1067,0.0756,62.5610,83.9215,0.0000,0.1753,0.1753,-0.1328,0.0000,0.0000,0.0456,0.0183,0.0000
0.2000,1.0362,1.2001,0.1151,0.0756,62.4750,83.9328,0.0000,0.1605,0.1605,-0.1316,0.0000,0.0000,0.0456,0.0183,0.0000
0.2000,0.9864,1.2001,0.1235,0.0756,62.3829,83.9401,0.0000,0.1652,0.1652,-0.1209,0.0000,0.0000,0.0456,0.0183,0.0000
0.2000,0.8612,1.2001,0.1318,0.0756,62.2889,83.9433,0.0000,0.1734,0.1734,-0.1199,0.0000,0.0000,0.0456,0.0183,0.0000
0.2000,0.9216,1.2001,0.1306,0.0756,62.1978,83.9413,0.0000,0.1805,0.1805,-0.1083,0.0000,0.0000,0.0456,0.0183,0.0000
0.2000,0.9334,1.2001,0.1270,0.0756,62.1016,83.9457,0.0000,0.1803,0.1803,-0.1055,0.0000,0.0000,0.0456,0.0183,0.0000
0.2000,0.9149,1.2001,0.1186,0.0756,62.0050,83.9475,0.0000,0.1887,0.1887,-0.0932,0.0000,0.0000,0.0456,0.0183,0.0000
0.2000,0.9562,1.2001,0.1102,0.0756,61.9129,83.9495,0.0000,0.1901,0.1901,-0.0893,0.0000,0.0000,0.0456,0.0183,0.0000
0.2000,0.9667,1.2000,0.1164,0.0733,61.8201,83.9386,0.0000,0.2032,0.2032,-0.1632,0.0000,0.0000,0.0443,0.0177,0.0000
0.2000,0.9152,1.2000,0.1248,0.0733,61.7265,83.9390,0.0000,0.2024,0.2024,-0.1626,0.0000,0.0000,0.0443,0.0177,0.0000
0.2000,0.9465,1.2000,0.1332,0.0733,61.6353,83.9415,0.0000,0.1951,0.1951,-0.1576,0.0000,0.0000,0.0443,0.0177,0.0000
0.2000,0.9293,1.2000,0.1416,0.0733,61.5440,83.9347,0.0000,0.2033,0.2033,-0.1471,0.0000,0.0000,0.0443,0.0177,0.0000
0.2000,0.9060,1.2000,0.1500,0.0733,61.4520,83.9274,0.0000,0.2094,0.2094,-0.1429,0.0000,0.0000,0.0443,0.0177,0.0000
0.2000,0.9187,1.2000,0.1534,0.0733,61.3579,83.9229,0.0000,0.2118,0.2118,-0.1349,0.0000,0.0000,0.0443,0.0177,0.0000
0.2000,0.9189,1.2000,0.1450,0.0733,61.2737,83.9128,0.0000,0.2235,0.2235,-0.1218,0.0000,0.0000,0.0443,0.0177,0.0000
0.2000,0.9402,1.2000,0.1366,0.0417,61.1787,83.9140,0.0000,0.2208,0.2208,-0.0767,0.0000,0.0000,0.0251,0.0101,0.0000
0.2000,0.8555,1.2000,0.1282,0.0417,61.0885,83.8986,0.0000,0.2458,0.2458,-0.0586,0.0000,0.0000,0.0251,0.0101,0.0000
0.2000,0.9456,1.2000,0.1199,0.0417,60.9933,83.8930,0.0000,0.2501,0.2501,-0.0531,0.0000,0.0000,0.0251,0.0101,0.0000
0.2000,0.9310,1.2000,0.1115,0.0417,60.8967,83.8916,0.0000,0.2541,0.2541,-0.0452,0.0000,0.0000,0.0251,0.0101,0.0000
0.2000,0.9482,1.2000,0.1031,0.0417,60.7975,83.8806,0.0000,0.2675,0.2675,-0.0363,0.0000,0.0000,0.0251,0.0101,0.0000
0.2000,0.9602,1.2000,0.0948,0.0417,60.7115,83.8621,0.0000,0.2910,0.2910,-0.0230,0.0000,0.0000,0.0251,0.0101,0.0000
0.2000,0.9972,1.2000,0.0864,0.0417,60.6128,83.8574,0.0000,0.2968,0.2968,-0.0172,0.0000,0.0000,0.0251,0.0101,0.0000
0.2000,0.8889,1.2000,0.0780,0.0417,60.5221,83.8437,0.0000,0.3139,0.3139,-0.0086,0.0000,0.0000,0.0251,0.0101,0.0000
0.2000,0.9823,1.2000,0.0864,0.0764,60.4236,83.8440,0.0000,0.3115,0.3115,-0.0307,0.0000,0.0000,0.0461,0.0185,0.0000
0.2000,0.9169,1.2000,0.0780,0.0764,60.3321,83.8431,0.0000,0.3121,0.3121,-0.0252,0.0000,0.0000,0.0461,0.0185,0.0000
0.2000,0.9763,1.2000,0.0696,0.0764,60.2427,83.8313,0.0000,0.3225,0.3225,-0.0189,0.0000,0.0000,0.0461,0.0185,0.0000
0.2000,0.9078,1.2000,0.0612,0.0764,60.1433,83.8107,0.0000,0.3422,0.3422,-0.0132,0.0000,0.0000,0.0461,0.0185,0.0000
0.2000,0.8978,1.2000,0.0529,0.0764,60.0499,83.7993,0.0000,0.3518,0.3518,-0.0086,0.0000,0.0000,0.0461,0.0185,0.0000
0.2000,1.0117,1.2000,0.0445,0.0764,59.9572,83.7835,0.0000,0.3658,0.3658,-0.0035,0.0000,0.0000,0.0461,0.0185,0.0000
0.2000,0.9352,1.2000,0.0361,0.0764,59.8640,83.7671,0.0000,0.3805,0.3805,0.0009,0.0000,0.0000,0.0461,0.0185,0.0000
0.2000,0.9365,1.2000,0.0300,0.0786,59.7675,83.7595,0.0000,0.3832,0.3832,-0.0493,0.0000,0.0000,0.0475,0.0190,0.0000
0.2000,0.9407,1.2000,0.0216,0.0786,59.6732,83.7479,0.0000,0.3874,0.3874,-0.0454,0.0000,0.0000,0.0475,0.0190,0.0000
0.2000,0.9611,1.2000,0.0132,0.0786,59.5793,83.7414,0.0000,0.3860,0.3860,-0.0419,0.0000,0.0000,0.0475,0.0190,0.0000
0.2000,0.9438,1.2000,0.0049,0.0786,59.4743,83.7295,0.0000,0.3892,0.3892,-0.0397,0.0000,0.0000,0.0475,0.0190,0.0000
0.2000,0.9337,1.2000,-0.0035,0.0786,59.3771,83.7178,0.0000,0.3926,0.3926,-0.0376,0.0000,0.0000,0.0475,0.0190,0.0000
0.2000,1.0486,1.2000,-0.0119,0.0786,59.2853,83.7101,0.0000,0.3897,0.3897,-0.0368,0.0000,0.0000,0.0475,0.0190,0.0000
0.2000,0.9707,1.2000,-0.0203,0.0786,59.1942,83.7026,0.0000,0.3902,0.3902,-0.0359,0.0000,0.0000,0.0475,0.0190,0.0000
0.2000,0.9142,1.2000,-0.0287,0.0670,59.1001,83.6913,0.0000,0.3928,0.3928,-0.0534,0.0000,0.0000,0.0404,0.0162,0.0000
0.2000,0.9063,1.2000,-0.0351,0.0670,59.0082,83.6815,0.0000,0.3926,0.3926,-0.0529,0.0000,0.0000,0.0404,0.0162,0.0000
0.2000,0.9394,1.2000,-0.0310,0.0670,58.9234,83.6661,0.0000,0.3951,0.3951,-0.0578,0.0000,0.0000,0.0404,0.0162,0.0000
0.2000,0.9159,1.2000,-0.0308,0.0670,58.8371,83.6600,0.0000,0.3922,0.3922,-0.0573,0.0000,0.0000,0.0404,0.0162,0.0000
0.2000,0.8523,1.2000,-0.0271,0.0670,58.7548,83.6493,0.0000,0.3936,0.3936,-0.0614,0.0000,0.0000,0.0404,0.0162,0.0000
0.2000,0.8576,1.2000,-0.0249,0.0670,58.6634,83.6522,0.0000,0.3798,0.3798,-0.0621,0.0000,0.0000,0.0404,0.0162,0.0000
0.2000,0.8217,1.2000,-0.0201,0.0670,58.5790,83.6474,0.0000,0.3735,0.3735,-0.0686,0.0000,0.0000,0.0404,0.0162,0.0000
0.2000,0.9077,1.2000,-0.0196,0.0670,58.4927,83.6441,0.0000,0.3648,0.3648,-0.0668,0.0000,0.0000,0.0404,0.0162,0.0000
0.2000,0.8380,1.2000,-0.0112,0.0748,58.3972,83.6424,0.0000,0.3564,0.3564,-0.1336,0.0000,0.0000,0.0452,0.0181,0.0000
0.2000,0.8564,1.2000,-0.0028,0.0748,58.3165,83.6369,0.0000,0.3445,0.3445,-0.1377,0.0000,0.0000,0.0452,0.0181,0.0000
0.2000,0.9470,1.2000,0.0056,0.0748,58.2218,83.6376,0.0000,0.3216,0.3216,-0.1360,0.0000,0.0000,0.0452,0.0181,0.0000
0.2000,0.8019,1.2000,0.0140,0.0748,58.1332,83.6269,0.0000,0.3252,0.3252,-0.1382,0.0000,0.0000,0.0452,0.0181,0.0000
0.2000,0.9380,1.2000,0.0224,0.0748,58.0497,83.6102,0.0000,0.3173,0.3173,-0.1385,0.0000,0.0000,0.0452,0.0181,0.0000
0.2000,0.8848,1.2000,0.0308,0.0748,57.9568,83.6110,0.0000,0.3040,0.3040,-0.1376,0.0000,0.0000,0.0452,0.0181,0.0000
0.2000,0.8435,1.2000,0.0392,0.0748,57.8948,83.5945,0.0000,0.3117,0.3117,-0.1385,0.0000,0.0000,0.0452,0.0181,0.0000
0.2000,0.9212,1.2000,0.0476,0.0748,57.8025,83.5952,0.0000,0.2906,0.2906,-0.1352,0.0000,0.0000,0.0452,0.0181,0.0000
0.1999,0.6349,1.2000,0.0558,0.0748,57.7316,83.5917,0.0000,0.3009,0.3009,-0.1349,0.0000,0.0000,0.0452,0.0181,0.0000
0.2000,0.9149,1.2000,0.0474,0.0580,57.6448,83.5926,0.0000,0.2732,0.2732,-0.0747,0.0000,0.0000,0.0350,0.0140,0.0000
0.2000,0.7040,1.2000,0.0390,0.0580,57.5667,83.5839,0.0000,0.2811,0.2811,-0.0720,0.0000,0.0000,0.0350,0.0140,0.0000
0.2000,0.8598,1.2000,0.0306,0.0580,57.4765,83.5717,0.0000,0.2779,0.2779,-0.0689,0.0000,0.0000,0.0350,0.0140,0.0000
0.2000,0.7805,1.2000,0.0222,0.0580,57.3781,83.5658,0.0000,0.2761,0.2761,-0.0647,0.0000,0.0000,0.0350,0.0140,0.0000
0.2000,0.9031,1.2000,0.0138,0.0580,57.2852,83.5471,0.0000,0.2800,0.2800,-0.0633,0.0000,0.0000,0.0350,0.0140,0.0000
0.2000,0.9778,1.2000,0.0055,0.0580,57.2019,83.5502,0.0000,0.2657,0.2657,-0.0605,0.0000,0.0000,0.0350,0.0140,0.0000
0.2000,0.9409,1.2000,-0.0029,0.0580,57.1149,83.5544,0.0000,0.2527,0.2527,-0.0591,0.0000,0.0000,0.0350,0.0140,0.0000
0.2000,0.8251,1.2000,-0.0113,0.0580,57.0304,83.5436,0.0000,0.2572,0.2572,-0.0574,0.0000,0.0000,0.0350,0.0140,0.0000
0.2000,0.8624,1.2000,-0.0029,0.1019,56.9327,83.5357,0.0000,0.2420,0.2420,-0.1611,0.0000,0.0000,0.0616,0.0246,0.0000
0.2000,0.8452,1.2000,0.0055,0.1019,56.8335,83.5287,0.0000,0.2277,0.2277,-0.1616,0.0000,0.0000,0.0616,0.0246,0.0000
0.2000,0.9717,1.2000,0.0139,0.1019,56.7433,83.5198,0.0000,0.2056,0.2056,-0.1622,0.0000,0.0000,0.0616,0.0246,0.0000
0.2000,0.9863,1.2000,0.0223,0.1019,56.6496,83.5187,0.0000,0.1854,0.1854,-0.1600,0.0000,0.0000,0.0616,0.0246,0.0000
0.2000,0.8991,1.2000,0.0307,0.1019,56.5696,83.4950,0.0000,0.1966,0.1966,-0.1619,0.0000,0.0000,0.0616,0.0246,0.0000
0.2000,0.9286,1.2000,0.0391,0.1019,56.4628,83.4925,0.0000,0.1739,0.1739,-0.1591,0.0000,0.0000,0.0616,0.0246,0.0000
0.2000,0.8250,1.2000,0.0475,0.1019,56.3851,83.4762,0.0000,0.1809,0.1809,-0.1583,0.0000,0.0000,0.0616,0.0246,0.0000
0.1996,1.0586,1.2000,0.0391,0.0665,56.2951,83.4859,0.0000,0.1378,0.1378,-0.1355,0.0000,0.0000,0.0401,0.0161,0.0000
0.2000,0.8935,1.2000,0.0475,0.0665,56.2111,83.4689,0.0000,0.1487,0.1487,-0.1341,0.0000,0.0000,0.0401,0.0161,0.0000
0.2000,0.8935,1.2000,0.0559,0.0665,56.1274,83.4665,0.0000,0.1355,0.1355,-0.1301,0.0000,0.0000,0.0401,0.0161,0.0000
0.2000,0.8935,1.2000,0.0642,0.0665,56.0394,83.4580,0.0000,0.1267,0.1267,-0.1274,0.0000,0.0000,0.0401,0.0161,0.0000
0.2000,0.8295,1.2000,0.0725,0.0665,55.9460,83.4536,0.0000,0.1179,0.1179,-0.1222,0.0000,0.0000,0.0401,0.0161,0.0000
0.2000,0.8772,1.2000,0.0809,0.0665,55.8672,83.4316,0.0000,0.1210,0.1210,-0.1203,0.0000,0.0000,0.0401,0.0161,0.0000
0.2000,0.9264,1.2000,0.0893,0.0665,55.7678,83.4206,0.0000,0.1108,0.1108,-0.1144,0.0000,0.0000,0.0401,0.0161,0.0000
0.2000,0.8130,1.2000,0.0977,0.0665,55.6669,83.4190,0.0000,0.1005,0.1005,-0.1080,0.0000,0.0000,0.0401,0.0161,0.0000
0.2000,0.9928,1.2000,0.1061,0.0933,55.5679,83.4026,0.0000,0.0822,0.0822,-0.1462,0.0000,0.0000,0.0564,0.0225,0.0000
0.2000,0.9981,1.2000,0.1145,0.0933,55.4660,83.3894,0.0000,0.0723,0.0723,-0.1401,0.0000,0.0000,0.0564,0.0225,0.0000
0.2000,0.9962,1.2000,0.1229,0.0933,55.3645,83.3676,0.0000,0.0712,0.0712,-0.1345,0.0000,0.0000,0.0564,0.0225,0.0000
0.2000,1.0203,1.2000,0.1313,0.0933,55.2632,83.3539,0.0000,0.0619,0.0619,-0.1262,0.0000,0.0000,0.0564,0.0225,0.0000
0.2000,1.0317,1.2000,0.1397,0.0933,55.1675,83.3276,0.0000,0.0658,0.0658,-0.1206,0.0000,0.0000,0.0564,0.0225,0.0000
0.2000,1.0152,1.2000,0.1481,0.0933,55.0742,83.3132,0.0000,0.0625,0.0625,-0.1108,0.0000,0.0000,0.0564,0.0225,0.0000
0.2000,0.9878,1.2000,0.1542,0.0910,54.9762,83.2935,0.0000,0.0594,0.0594,-0.1891,0.0000,0.0000,0.0550,0.0220,0.0000
0.2000,0.9389,1.2000,0.1626,0.0910,54.8878,83.2630,0.0000,0.0666,0.0666,-0.1825,0.0000,0.0000,0.0550,0.0220,0.0000
0.2000,0.9944,1.2000,0.1709,0.0910,54.7933,83.2321,0.0000,0.0636,0.0636,-0.1735,0.0000,0.0000,0.0550,0.0220,0.0000
0.2000,0.9334,1.2000,0.1793,0.0910,54.6997,83.2117,0.0000,0.0631,0.0631,-0.1607,0.0000,0.0000,0.0550,0.0220,0.0000
0.2000,0.9941,1.2000,0.1877,0.0910,54.5957,83.1786,0.0000,0.0588,0.0588,-0.1526,0.0000,0.0000,0.0550,0.0220,0.0000
0.2000,0.9543,1.2000,0.1961,0.0910,54.4932,83.1592,0.0000,0.0535,0.0535,-0.1370,0.0000,0.0000,0.0550,0.0220,0.0000
0.1752,1.0881,1.2000,0.1877,0.0650,54.3930,83.1194,0.0000,0.0544,0.0544,-0.1170,0.0000,0.0000,0.0392,0.0157,0.0000
0.1966,1.0365,1.2000,0.1960,0.0650,54.2956,83.0855,0.0000,0.0657,0.0657,-0.1022,0.0000,0.0000,0.0392,0.0157,0.0000
0.1951,1.0793,1.2000,0.1940,0.0650,54.1959,83.0552,0.0000,0.0689,0.0689,-0.0857,0.0000,0.0000,0.0392,0.0157,0.0000
0.2000,1.0336,1.2000,0.1856,0.0650,54.0929,83.0171,0.0000,0.0798,0.0798,-0.0736,0.0000,0.0000,0.0392,0.0157,0.0000
0.1999,1.0414,1.2000,0.1772,0.0650,53.9876,82.9939,0.0000,0.0771,0.0771,-0.0551,0.0000,0.0000,0.0392,0.0157,0.0000
0.1851,1.0683,1.2000,0.1688,0.0650,53.8896,82.9581,0.0000,0.0858,0.0858,-0.0417,0.0000,0.0000,0.0392,0.0157,0.0000
0.1997,1.0683,1.2000,0.1604,0.0650,53.7910,82.9185,0.0000,0.0992,0.0992,-0.0271,0.0000,0.0000,0.0392,0.0157,0.0000
0.2001,1.0407,1.2000,0.1688,0.0881,53.6830,82.8754,0.0000,0.1111,0.1111,-0.0530,0.0000,0.0000,0.0532,0.0213,0.0000
0.1907,1.0631,1.2000,0.1604,0.0881,53.5824,82.8329,0.0000,0.1217,0.1217,-0.0383,0.0000,0.0000,0.0532,0.0213,0.0000
0.0921,1.1599,1.2000,0.1520,0.0881,53.4858,82.7904,0.0000,0.1318,0.1318,-0.0259,0.0000,0.0000,0.0532,0.0213,0.0000
0.1610,1.0911,1.2000,0.1436,0.0881,53.3940,82.7408,0.0000,0.1517,0.1517,-0.0151,0.0000,0.0000,0.0532,0.0213,0.0000
0.2001,1.0529,1.2000,0.1352,0.0881,53.2993,82.6844,0.0000,0.1769,0.1769,-0.0028,0.0000,0.0000,0.0532,0.0213,0.0000
0.2000,1.0435,1.2000,0.1268,0.0881,53.2153,82.6262,0.0000,0.2065,0.2065,0.0080,0.0000,0.0000,0.0532,0.0213,0.0000
0.2000,1.1052,1.2200,0.1203,0.0900,53.1098,82.5812,0.0000,0.2163,0.2163,-0.0297,0.0000,0.0000,0.0543,0.0217,0.0000
0.1999,1.0269,1.2400,0.1119,0.0900,53.0107,82.5302,0.0000,0.2288,0.2288,-0.0199,0.0000,0.0000,0.0543,0.0217,0.0000
0.2000,1.1402,1.2600,0.1036,0.0900,52.9062,82.4725,0.0000,0.2404,0.2404,-0.0154,0.0000,0.0000,0.0543,0.0217,0.0000
0.1999,1.1100,1.2800,0.0952,0.0900,52.8062,82.4340,0.0000,0.2415,0.2415,-0.0038,0.0000,0.0000,0.0543,0.0217,0.0000
0.2000,1.1855,1.3000,0.0870,0.0900,52.7087,82.3890,0.0000,0.2472,0.2472,0.0040,0.0000,0.0000,0.0543,0.0217,0.0000
0.1999,1.0618,1.3200,0.0786,0.0900,52.6104,82.3310,0.0000,0.2612,0.2612,0.0063,0.0000,0.0000,0.0543,0.0217,0.0000
0.1999,1.0661,1.3400,0.0702,0.0900,52.5230,82.2696,0.0000,0.2850,0.2850,0.0126,0.0000,0.0000,0.0543,0.0217,0.0000
0.1999,1.1329,1.3600,0.0618,0.0850,52.4272,82.2209,0.0000,0.2926,0.2926,-0.0050,0.0000,0.0000,0.0513,0.0205,0.0000
0.1999,1.0654,1.3800,0.0535,0.0850,52.3363,82.1729,0.0000,0.2977,0.2977,-0.0037,0.0000,0.0000,0.0513,0.0205,0.0000
0.1999,1.0670,1.4000,0.0451,0.0850,52.2417,82.1198,0.0000,0.3071,0.3071,0.0006,0.0000,0.0000,0.0513,0.0205,0.0000
0.1999,1.0201,1.4200,0.0367,0.0850,52.1533,82.0617,0.0000,0.3231,0.3231,0.0040,0.0000,0.0000,0.0513,0.0205,0.0000
0.1999,1.0773,1.4400,0.0283,0.0850,52.0587,82.0116,0.0000,0.3314,0.3314,0.0111,0.0000,0.0000,0.0513,0.0205,0.0000
0.1999,1.0507,1.4600,0.0199,0.0850,51.9734,81.9585,0.0000,0.3421,0.3421,0.0103,0.0000,0.0000,0.0513,0.0205,0.0000
0.1999,1.0636,1.4800,0.0179,0.0914,51.8740,81.9109,0.0000,0.3457,0.3457,0.0137,0.0000,0.0000,0.0552,0.0221,0.0000
0.1999,0.9958,1.5000,0.0095,0.0914,51.7867,81.8636,0.0000,0.3490,0.3490,0.0119,0.0000,0.0000,0.0552,0.0221,0.0000
0.1999,1.0924,1.5200,0.0011,0.0914,51.6936,81.8237,0.0000,0.3484,0.3484,0.0180,0.0000,0.0000,0.0552,0.0221,0.0000
0.1999,0.9845,1.5400,-0.0073,0.0914,51.6036,81.7726,0.0000,0.3535,0.3535,0.0160,0.0000,0.0000,0.0552,0.0221,0.0000
0.1999,1.0030,1.5600,-0.0156,0.0914,51.5149,81.7360,0.0000,0.3510,0.3510,0.0219,0.0000,0.0000,0.0552,0.0221,0.0000
0.2000,1.0257,1.5790,-0.0240,0.0914,51.4218,81.6907,0.0000,0.3497,0.3497,0.0178,0.0000,0.0000,0.0552,0.0221,0.0000
0.2000,0.9495,1.5942,-0.0295,0.0914,51.3265,81.6323,0.0000,0.3598,0.3598,0.0169,0.0000,0.0000,0.0552,0.0221,0.0000
0.2000,1.0265,1.6142,-0.0211,0.1099,51.2199,81.5865,0.0000,0.3528,0.3528,-0.0314,0.0000,0.0000,0.0664,0.0266,0.0000
0.2000,1.1082,1.6342,-0.0127,0.1099,51.1253,81.5445,0.0000,0.3452,0.3452,-0.0282,0.0000,0.0000,0.0664,0.0266,0.0000
0.2000,1.1502,1.6542,-0.0043,0.1099,51.0294,81.4889,0.0000,0.3407,0.3407,-0.0407,0.0000,0.0000,0.0664,0.0266,0.0000
0.2000,1.0256,1.6742,0.0041,0.1099,50.9062,81.4465,0.0000,0.3222,0.3222,-0.0401,0.0000,0.0000,0.0664,0.0266,0.0000
0.2000,1.0975,1.6942,0.0124,0.1099,50.8002,81.4060,0.0000,0.3080,0.3080,-0.0362,0.0000,0.0000,0.0664,0.0266,0.0000
0.2000,1.2917,1.7142,0.0187,0.1076,50.6988,81.3523,0.0000,0.2959,0.2959,-0.1033,0.0000,0.0000,0.0651,0.0260,0.0000
0.2000,1.1225,1.7342,0.0271,0.1076,50.5848,81.2964,0.0000,0.2918,0.2918,-0.1032,0.0000,0.0000,0.0651,0.0260,0.0000
0.2000,1.1378,1.7542,0.0355,0.1076,50.4715,81.2509,0.0000,0.2731,0.2731,-0.0972,0.0000,0.0000,0.0651,0.0260,0.0000
0.2000,1.2587,1.7742,0.0439,0.1076,50.3543,81.1960,0.0000,0.2507,0.2507,-0.0992,0.0000,0.0000,0.0651,0.0260,0.0000
0.2000,1.2083,1.7942,0.0523,0.1076,50.2382,81.1432,0.0000,0.2382,0.2382,-0.0966,0.0000,0.0000,0.0651,0.0260,0.0000
0.2000,1.2836,1.8142,0.0607,0.1076,50.1229,81.0958,0.0000,0.2188,0.2188,-0.0887,0.0000,0.0000,0.0651,0.0260,0.0000
0.2000,1.2642,1.8342,0.0588,0.0974,50.0134,81.0283,0.0000,0.2163,0.2163,-0.1130,0.0000,0.0000,0.0589,0.0235,0.0000
0.1999,1.2338,1.8542,0.0670,0.0974,49.8980,80.9730,0.0000,0.2054,0.2054,-0.1056,0.0000,0.0000,0.0589,0.0235,0.0000
0.2000,1.2759,1.8742,0.0753,0.0974,49.7726,80.9067,0.0000,0.1908,0.1908,-0.1039,0.0000,0.0000,0.0589,0.0235,0.0000
0.2000,1.2675,1.8942,0.0836,0.0974,49.6425,80.8315,0.0000,0.1857,0.1857,-0.0990,0.0000,0.0000,0.0589,0.0235,0.0000
0.1999,1.4066,1.9142,0.0920,0.1038,49.5074,80.7539,0.0000,0.1686,0.1686,-0.1468,0.0000,0.0000,0.0628,0.0251,0.0000
0.1999,1.4918,1.9342,0.1004,0.1038,49.3779,80.6895,0.0000,0.1466,0.1466,-0.1347,0.0000,0.0000,0.0628,0.0251,0.0000
-0.0490,1.5449,1.9094,0.1088,0.1038,49.2461,80.6199,0.0000,0.1251,0.1251,-0.1297,0.0000,0.0000,0.0628,0.0251,0.0000
0.1998,1.4339,1.9294,0.1172,0.1038,49.1083,80.5544,0.0000,0.1089,0.1089,-0.1222,0.0000,0.0000,0.0628,0.0251,0.0000
0.2000,1.4770,1.9490,0.1176,0.0959,48.9744,80.4840,0.0000,0.0928,0.0928,-0.1616,0.0000,0.0000,0.0580,0.0232,0.0000
0.2000,1.5109,1.9575,0.1260,0.0959,48.8439,80.4140,0.0000,0.0693,0.0693,-0.1514,0.0000,0.0000,0.0580,0.0232,0.0000
0.1999,1.4994,1.9743,0.1344,0.0959,48.7076,80.3202,0.0000,0.0623,0.0623,-0.1438,0.0000,0.0000,0.0580,0.0232,0.0000
0.1999,1.4672,1.9894,0.1427,0.0959,48.5702,80.2275,0.0000,0.0576,0.0576,-0.1327,0.0000,0.0000,0.0580,0.0232,0.0000
-0.2000,1.6434,1.9494,0.1411,0.0862,48.4294,80.1301,0.0000,0.0391,0.0391,-0.2021,0.0000,0.0000,0.0520,0.0208,0.0000
-0.2000,1.6473,1.9094,0.1494,0.0862,48.2930,80.0263,0.0000,0.0297,0.0297,-0.1887,0.0000,0.0000,0.0520,0.0208,0.0000
-0.2000,1.7011,1.8694,0.1578,0.0862,48.1577,79.9357,0.0000,0.0105,0.0105,-0.1715,0.0000,0.0000,0.0520,0.0208,0.0000
-0.2000,1.7059,1.8294,0.1662,0.0862,48.0183,79.8266,0.0000,0.0037,0.0037,-0.1576,0.0000,0.0000,0.0520,0.0208,0.0000
-0.2000,1.6165,1.7894,0.1578,0.0606,47.8756,79.7181,0.0000,0.0032,0.0032,-0.1518,0.0000,0.0000,0.0366,0.0146,0.0000
-0.2000,1.7611,1.7494,0.1662,0.0606,47.7384,79.5906,0.0000,0.0025,0.0025,-0.1339,0.0000,0.0000,0.0366,0.0146,0.0000
-0.2000,1.7822,1.7094,0.1745,0.0606,47.6091,79.4720,0.0000,0.0117,0.0117,-0.1150,0.0000,0.0000,0.0366,0.0146,0.0000
-0.2000,1.8690,1.6694,0.1829,0.0606,47.4821,79.3626,0.0000,0.0124,0.0124,-0.0968,0.0000,0.0000,0.0366,0.0146,0.0000
-0.2000,1.7506,1.6294,0.1913,0.0669,47.3510,79.2350,0.0000,0.0300,0.0300,-0.1053,0.0000,0.0000,0.0403,0.0161,0.0000
-0.2000,1.6679,1.5894,0.1875,0.0669,47.2239,79.1189,0.0000,0.0402,0.0402,-0.0849,0.0000,0.0000,0.0403,0.0161,0.0000
-0.2000,1.8229,1.5505,0.1792,0.0669,47.1014,78.9779,0.0000,0.0620,0.0620,-0.0643,0.0000,0.0000,0.0403,0.0161,0.0000
-0.2000,1.7133,1.5154,0.1708,0.0669,46.9724,78.8353,0.0000,0.0902,0.0902,-0.0425,0.0000,0.0000,0.0403,0.0161,0.0000
-0.1999,1.8666,1.4839,0.1624,0.0650,46.8674,78.7014,0.0000,0.1193,0.1193,-0.0479,0.0000,0.0000,0.0392,0.0157,0.0000
-0.2000,1.9193,1.4555,0.1540,0.0650,46.7631,78.5597,0.0000,0.1555,0.1555,-0.0280,0.0000,0.0000,0.0392,0.0157,0.0000
-0.2000,1.7043,1.4299,0.1456,0.0650,46.6680,78.4388,0.0000,0.1850,0.1850,-0.0102,0.0000,0.0000,0.0392,0.0157,0.0000
-0.1999,1.7619,1.4070,0.1372,0.0650,46.5759,78.3204,0.0000,0.2096,0.2096,0.0048,0.0000,0.0000,0.0392,0.0157,0.0000
0.1075,1.5355,1.4270,0.1288,0.0650,46.4815,78.2014,0.0000,0.2308,0.2308,0.0195,0.0000,0.0000,0.0392,0.0157,0.0000
0.1297,1.4955,1.4470,0.1204,0.0622,46.4094,78.0881,0.0000,0.2593,0.2593,-0.0130,0.0000,0.0000,0.0375,0.0150,0.0000
0.1407,1.5116,1.4670,0.1121,0.0622,46.3359,77.9783,0.0000,0.2810,0.2810,-0.0023,0.0000,0.0000,0.0375,0.0150,0.0000
0.2000,1.3421,1.4870,0.1037,0.0622,46.2628,77.8713,0.0000,0.2999,0.2999,0.0071,0.0000,0.0000,0.0375,0.0150,0.0000
0.2000,1.3163,1.5070,0.0953,0.0622,46.1928,77.7674,0.0000,0.3184,0.3184,0.0162,0.0000,0.0000,0.0375,0.0150,0.0000
0.2000,1.2904,1.5270,0.0869,0.0622,46.1216,77.6652,0.0000,0.3340,0.3340,0.0240,0.0000,0.0000,0.0375,0.0150,0.0000
0.1999,1.2466,1.5470,0.0785,0.0622,46.0473,77.5609,0.0000,0.3484,0.3484,0.0324,0.0000,0.0000,0.0375,0.0150,0.0000
0.2000,1.2389,1.5670,0.0701,0.0476,45.9767,77.4708,0.0000,0.3548,0.3548,0.0019,0.0000,0.0000,0.0287,0.0115,0.0000
0.1999,1.2721,1.5870,0.0617,0.0476,45.9153,77.3798,0.0000,0.3653,0.3653,0.0073,0.0000,0.0000,0.0287,0.0115,0.0000
0.1999,1.1345,1.6070,0.0533,0.0476,45.8619,77.2797,0.0000,0.3867,0.3867,0.0123,0.0000,0.0000,0.0287,0.0115,0.0000
0.1999,1.0908,1.6270,0.0450,0.0476,45.7958,77.1792,0.0000,0.3993,0.3993,0.0189,0.0000,0.0000,0.0287,0.0115,0.0000
0.1999,1.1290,1.6470,0.0366,0.0476,45.7287,77.0810,0.0000,0.4092,0.4092,0.0236,0.0000,0.0000,0.0287,0.0115,0.0000
0.1999,1.1952,1.6670,0.0282,0.0476,45.6649,76.9892,0.0000,0.4183,0.4183,0.0279,0.0000,0.0000,0.0287,0.0115,0.0000
0.1999,1.1804,1.6870,0.0198,0.0476,45.5928,76.9008,0.0000,0.4179,0.4179,0.0325,0.0000,0.0000,0.0287,0.0115,0.0000
0.1999,1.1088,1.7070,0.0114,0.0367,45.5217,76.8103,0.0000,0.4174,0.4174,0.0256,0.0000,0.0000,0.0221,0.0088,0.0000
0.1999,1.1303,1.7270,0.0031,0.0367,45.4515,76.7139,0.0000,0.4217,0.4217,0.0288,0.0000,0.0000,0.0221,0.0088,0.0000
0.1999,1.1404,1.7470,-0.0053,0.0367,45.3831,76.6134,0.0000,0.4290,0.4290,0.0307,0.0000,0.0000,0.0221,0.0088,0.0000
0.1999,1.1823,1.7670,-0.0137,0.0367,45.3152,76.5111,0.0000,0.4371,0.4371,0.0307,0.0000,0.0000,0.0221,0.0088,0.0000
0.1999,1.2050,1.7870,-0.0221,0.0367,45.2498,76.4084,0.0000,0.4481,0.4481,0.0320,0.0000,0.0000,0.0221,0.0088,0.0000
0.1999,1.2177,1.8070,-0.0305,0.0354,45.1745,76.3091,0.0000,0.4473,0.4473,0.0106,0.0000,0.0000,0.0213,0.0085,0.0000
0.1999,1.2072,1.8270,-0.0388,0.0354,45.1016,76.2113,0.0000,0.4451,0.4451,0.0099,0.0000,0.0000,0.0213,0.0085,0.0000
0.1999,1.2357,1.8470,-0.0472,0.0354,45.0265,76.1109,0.0000,0.4428,0.4428,0.0091,0.0000,0.0000,0.0213,0.0085,0.0000
0.2000,1.2092,1.8670,-0.0556,0.0354,44.9467,76.0083,0.0000,0.4367,0.4367,0.0067,0.0000,0.0000,0.0213,0.0085,0.0000
0.1999,1.2438,1.8870,-0.0640,0.0354,44.8717,75.9114,0.0000,0.4309,0.4309,0.0036,0.0000,0.0000,0.0213,0.0085,0.0000
0.2000,1.2886,1.9070,-0.0670,0.0285,44.7855,75.8080,0.0000,0.4193,0.4193,-0.0203,0.0000,0.0000,0.0171,0.0069,0.0000
0.2000,1.2165,1.9270,-0.0635,0.0285,44.6978,75.7007,0.0000,0.4061,0.4061,-0.0252,0.0000,0.0000,0.0171,0.0069,0.0000
0.2000,1.3358,1.9470,-0.0576,0.0285,44.5975,75.5780,0.0000,0.3852,0.3852,-0.0356,0.0000,0.0000,0.0171,0.0069,0.0000
0.1999,1.3758,1.9670,-0.0535,0.0285,44.5050,75.4641,0.0000,0.3708,0.3708,-0.0393,0.0000,0.0000,0.0171,0.0069,0.0000
0.2000,1.5747,1.9870,-0.0502,0.0233,44.4058,75.3319,0.0000,0.3488,0.3488,-0.1004,0.0000,0.0000,0.0141,0.0056,0.0000
0.2000,1.4555,2.0070,-0.0418,0.0233,44.3060,75.2125,0.0000,0.3310,0.3310,-0.1032,0.0000,0.0000,0.0141,0.0056,0.0000
0.2000,1.6390,2.0270,-0.0334,0.0233,44.1952,75.0863,0.0000,0.2867,0.2867,-0.1120,0.0000,0.0000,0.0141,0.0056,0.0000
0.2000,1.5435,2.0470,-0.0250,0.0233,44.1001,74.9615,0.0000,0.2753,0.2753,-0.1144,0.0000,0.0000,0.0141,0.0056,0.0000
0.1977,1.6682,2.0467,-0.0334,-0.0013,43.9970,74.8362,0.0000,0.2442,0.2442,-0.1009,0.0000,0.0000,-0.0008,-0.0003,0.0000
0.2000,1.5557,2.0667,-0.0251,-0.0013,43.8791,74.7029,0.0000,0.2170,0.2170,-0.1089,0.0000,0.0000,-0.0008,-0.0003,0.0000
0.1999,1.6094,2.0867,-0.0167,-0.0013,43.7673,74.5768,0.0000,0.1856,0.1856,-0.1127,0.0000,0.0000,-0.0008,-0.0003,0.0000
-0.2000,1.7656,2.0467,-0.0083,-0.0013,43.6492,74.4431,0.0000,0.1467,0.1467,-0.1166,0.0000,0.0000,-0.0008,-0.0003,0.0000
0.2000,1.6726,2.0426,0.0001,0.0070,43.5381,74.3021,0.0000,0.1321,0.1321,-0.1307,0.0000,0.0000,0.0042,0.0017,0.0000
-0.2000,1.7695,2.0026,0.0085,0.0070,43.4187,74.1580,0.0000,0.1001,0.1001,-0.1325,0.0000,0.0000,0.0042,0.0017,0.0000
-0.2000,1.7793,1.9626,0.0169,0.0070,43.2989,74.0293,0.0000,0.0688,0.0688,-0.1303,0.0000,0.0000,0.0042,0.0017,0.0000
-0.1999,1.8552,1.9226,0.0253,0.0070,43.1760,73.8961,0.0000,0.0323,0.0323,-0.1288,0.0000,0.0000,0.0042,0.0017,0.0000
-0.2000,1.7423,1.8826,0.0293,0.0026,43.0569,73.7619,0.0000,0.0107,0.0107,-0.1416,0.0000,0.0000,0.0016,0.0006,0.0000
-0.2000,1.7967,1.8426,0.0377,0.0026,42.9439,73.6135,0.0000,-0.0121,-0.0121,-0.1414,0.0000,0.0000,0.0016,0.0006,0.0000
-0.2000,1.7791,1.8026,0.0461,0.0026,42.8309,73.4765,0.0000,-0.0311,-0.0311,-0.1358,0.0000,0.0000,0.0016,0.0006,0.0000
-0.2000,1.8498,1.7626,0.0545,0.0026,42.7225,73.3356,0.0000,-0.0519,-0.0519,-0.1325,0.0000,0.0000,0.0016,0.0006,0.0000
-0.2000,1.7602,1.7226,0.0542,-0.0061,42.6044,73.1929,0.0000,-0.0658,-0.0658,-0.1067,0.0000,0.0000,-0.0037,-0.0015,0.0000
-0.2000,1.7627,1.6826,0.0625,-0.0061,42.4894,73.0538,0.0000,-0.0826,-0.0826,-0.1008,0.0000,0.0000,-0.0037,-0.0015,0.0000
-0.2000,1.8371,1.6426,0.0709,-0.0061,42.3764,72.9040,0.0000,-0.0960,-0.0960,-0.0955,0.0000,0.0000,-0.0037,-0.0015,0.0000
-0.2000,1.7885,1.6026,0.0793,-0.0061,42.2693,72.7615,0.0000,-0.1016,-0.1016,-0.0894,0.0000,0.0000,-0.0037,-0.0015,0.0000
-0.2000,1.8618,1.5626,0.0877,0.0044,42.1603,72.6122,0.0000,-0.1164,-0.1164,-0.1121,0.0000,0.0000,0.0026,0.0011,0.0000
-0.1999,1.7683,1.5263,0.0961,0.0044,42.0564,72.4720,0.0000,-0.1223,-0.1223,-0.1054,0.0000,0.0000,0.0026,0.0011,0.0000
-0.2000,1.7308,1.5072,0.1045,0.0044,41.9521,72.3293,0.0000,-0.1299,-0.1299,-0.0977,0.0000,0.0000,0.0026,0.0011,0.0000
-0.1999,1.7308,1.4899,0.1129,0.0044,41.8526,72.1942,0.0000,-0.1390,-0.1390,-0.0897,0.0000,0.0000,0.0026,0.0011,0.0000
-0.1999,1.7535,1.4609,0.1060,-0.0109,41.7542,72.0568,0.0000,-0.1404,-0.1404,-0.0457,0.0000,0.0000,-0.0066,-0.0026,0.0000
0.0899,1.6631,1.4809,0.1052,-0.0109,41.6558,71.9316,0.0000,-0.1463,-0.1463,-0.0378,0.0000,0.0000,-0.0066,-0.0026,0.0000
-0.0665,1.6767,1.5009,0.0982,-0.0109,41.5798,71.8008,0.0000,-0.1327,-0.1327,-0.0298,0.0000,0.0000,-0.0066,-0.0026,0.0000
0.0719,1.5773,1.5209,0.0914,-0.0109,41.5049,71.6751,0.0000,-0.1187,-0.1187,-0.0208,0.0000,0.0000,-0.0066,-0.0026,0.0000
0.2000,1.5035,1.5409,0.0840,-0.0109,41.4336,71.5525,0.0000,-0.1052,-0.1052,-0.0129,0.0000,0.0000,-0.0066,-0.0026,0.0000
0.2000,1.4544,1.5609,0.0924,0.0063,41.3584,71.4303,0.0000,-0.0956,-0.0956,-0.0102,0.0000,0.0000,0.0038,0.0015,0.0000
0.2000,1.4092,1.5809,0.0840,0.0063,41.3016,71.3227,0.0000,-0.0811,-0.0811,-0.0041,0.0000,0.0000,0.0038,0.0015,0.0000
0.2000,1.4248,1.6009,0.0756,0.0063,41.2405,71.2063,0.0000,-0.0655,-0.0655,0.0022,0.0000,0.0000,0.0038,0.0015,0.0000
0.1999,1.2088,1.6209,0.0672,0.0063,41.1867,71.0881,0.0000,-0.0436,-0.0436,0.0086,0.0000,0.0000,0.0038,0.0015,0.0000
0.1999,1.3069,1.6409,0.0588,0.0063,41.1299,70.9764,0.0000,-0.0277,-0.0277,0.0137,0.0000,0.0000,0.0038,0.0015,0.0000
0.2000,1.2920,1.6609,0.0504,0.0063,41.0690,70.8641,0.0000,-0.0148,-0.0148,0.0196,0.0000,0.0000,0.0038,0.0015,0.0000
0.2000,1.2450,1.6809,0.0421,0.0063,41.0070,70.7646,0.0000,-0.0116,-0.0116,0.0234,0.0000,0.0000,0.0038,0.0015,0.0000
0.1999,1.2689,1.7009,0.0337,0.0038,40.9492,70.6475,0.0000,0.0003,0.0003,-0.0178,0.0000,0.0000,0.0023,0.0009,0.0000
0.1999,1.1620,1.7209,0.0253,0.0038,40.9004,70.5430,0.0000,0.0135,0.0135,-0.0136,0.0000,0.0000,0.0023,0.0009,0.0000
0.2000,1.2972,1.7409,0.0169,0.0038,40.8378,70.4392,0.0000,0.0126,0.0126,-0.0096,0.0000,0.0000,0.0023,0.0009,0.0000
0.2000,1.1454,1.7609,0.0092,0.0038,40.7774,70.3324,0.0000,0.0161,0.0161,-0.0061,0.0000,0.0000,0.0023,0.0009,0.0000
0.2000,1.2025,1.7809,0.0033,0.0038,40.7182,70.2243,0.0000,0.0202,0.0202,-0.0033,0.0000,0.0000,0.0023,0.0009,0.0000
0.2000,1.2165,1.8009,-0.0051,-0.0207,40.6577,70.1104,0.0000,0.0261,0.0261,0.0462,0.0000,0.0000,-0.0125,-0.0050,0.0000
0.2000,1.2228,1.8209,-0.0135,-0.0207,40.5955,70.0033,0.0000,0.0320,0.0320,0.0468,0.0000,0.0000,-0.0125,-0.0050,0.0000
0.2000,1.2785,1.8409,-0.0218,-0.0207,40.5285,69.8899,0.0000,0.0384,0.0384,0.0473,0.0000,0.0000,-0.0125,-0.0050,0.0000
0.2000,1.2280,1.8609,-0.0301,-0.0207,40.4643,69.7790,0.0000,0.0436,0.0436,0.0482,0.0000,0.0000,-0.0125,-0.0050,0.0000
0.2000,1.3065,1.8809,-0.0385,-0.0207,40.4090,69.6578,0.0000,0.0639,0.0639,0.0475,0.0000,0.0000,-0.0125,-0.0050,0.0000
0.2000,1.2703,1.9009,-0.0469,-0.0207,40.3463,69.5385,0.0000,0.0728,0.0728,0.0447,0.0000,0.0000,-0.0125,-0.0050,0.0000
0.2000,1.3202,1.9209,-0.0385,0.0024,40.2763,69.4198,0.0000,0.0788,0.0788,0.0490,0.0000,0.0000,0.0014,0.0006,0.0000
0.2000,1.3356,1.9409,-0.0469,0.0024,40.2036,69.2948,0.0000,0.0842,0.0842,0.0459,0.0000,0.0000,0.0014,0.0006,0.0000
0.2000,1.3661,1.9609,-0.0553,0.0024,40.1221,69.1681,0.0000,0.0825,0.0825,0.0412,0.0000,0.0000,0.0014,0.0006,0.0000
0.2000,1.4339,1.9809,-0.0637,0.0024,40.0411,69.0175,0.0000,0.0931,0.0931,0.0344,0.0000,0.0000,0.0014,0.0006,0.0000
0.1999,1.4953,2.0009,-0.0553,0.0059,39.9640,68.8714,0.0000,0.0994,0.0994,-0.0007,0.0000,0.0000,0.0035,0.0014,0.0000
0.1049,1.6932,1.9914,-0.0469,0.0059,39.8711,68.7449,0.0000,0.0804,0.0804,-0.0071,0.0000,0.0000,0.0035,0.0014,0.0000
0.1999,1.6370,2.0114,-0.0385,0.0059,39.7687,68.6043,0.0000,0.0614,0.0614,-0.0132,0.0000,0.0000,0.0035,0.0014,0.0000
0.1999,1.5588,2.0314,-0.0438,-0.0077,39.6689,68.4692,0.0000,0.0404,0.0404,0.0097,0.0000,0.0000,-0.0046,-0.0019,0.0000
-0.2000,1.7269,1.9914,-0.0370,-0.0077,39.5852,68.3369,0.0000,0.0415,0.0415,0.0075,0.0000,0.0000,-0.0046,-0.0019,0.0000
0.2000,1.6690,2.0045,-0.0297,-0.0077,39.4914,68.1934,0.0000,0.0359,0.0359,0.0009,0.0000,0.0000,-0.0046,-0.0019,0.0000
0.1999,1.5511,2.0245,-0.0214,-0.0077,39.3974,68.0556,0.0000,0.0306,0.0306,-0.0016,0.0000,0.0000,-0.0046,-0.0019,0.0000
-0.0050,1.7016,2.0040,-0.0130,0.0082,39.2865,67.9094,0.0000,0.0097,0.0097,-0.0265,0.0000,0.0000,0.0049,0.0020,0.0000
0.2001,1.6535,2.0240,-0.0046,0.0082,39.1922,67.7703,0.0000,0.0040,0.0040,-0.0273,0.0000,0.0000,0.0049,0.0020,0.0000
-0.2000,1.8218,1.9840,0.0038,0.0082,39.0934,67.6423,0.0000,-0.0153,-0.0153,-0.0293,0.0000,0.0000,0.0049,0.0020,0.0000
0.2000,1.6676,1.9989,0.0122,0.0082,38.9875,67.5051,0.0000,-0.0305,-0.0305,-0.0304,0.0000,0.0000,0.0049,0.0020,0.0000
0.2000,1.6036,2.0189,0.0206,0.0082,38.8870,67.3587,0.0000,-0.0369,-0.0369,-0.0310,0.0000,0.0000,0.0049,0.0020,0.0000
-0.2000,1.7186,1.9789,0.0205,-0.0003,38.7823,67.2019,0.0000,-0.0445,-0.0445,-0.0297,0.0000,0.0000,-0.0002,-0.0001,0.0000
-0.2000,1.7603,1.9389,0.0289,-0.0003,38.6802,67.0518,0.0000,-0.0474,-0.0474,-0.0259,0.0000,0.0000,-0.0002,-0.0001,0.0000
-0.2000,1.8695,1.8989,0.0373,-0.0003,38.5806,66.8993,0.0000,-0.0482,-0.0482,-0.0227,0.0000,0.0000,-0.0002,-0.0001,0.0000
-0.2000,1.8002,1.8589,0.0457,0.0011,38.4736,66.7391,0.0000,-0.0519,-0.0519,-0.0283,0.0000,0.0000,0.0006,0.0003,0.0000
-0.2000,1.8064,1.8189,0.0494,0.0011,38.3724,66.5757,0.0000,-0.0478,-0.0478,-0.0246,0.0000,0.0000,0.0006,0.0003,0.0000
-0.2000,1.9091,1.7789,0.0448,0.0011,38.2723,66.4063,0.0000,-0.0390,-0.0390,-0.0192,0.0000,0.0000,0.0006,0.0003,0.0000
-0.2000,1.9054,1.7389,0.0364,-0.0032,38.1827,66.2489,0.0000,-0.0247,-0.0247,-0.0099,0.0000,0.0000,-0.0019,-0.0008,0.0000
-0.2000,1.9534,1.6989,0.0280,-0.0032,38.0836,66.0852,0.0000,-0.0169,-0.0169,-0.0049,0.0000,0.0000,-0.0019,-0.0008,0.0000
-0.2000,1.7989,1.6589,0.0196,-0.0032,37.9955,65.9270,0.0000,-0.0018,-0.0018,0.0008,0.0000,0.0000,-0.0019,-0.0008,0.0000
-0.2000,1.8976,1.6189,0.0112,-0.0032,37.9019,65.7658,0.0000,0.0093,0.0093,0.0055,0.0000,0.0000,-0.0019,-0.0008,0.0000
-0.2000,1.7966,1.5789,0.0028,-0.0036,37.8085,65.6123,0.0000,0.0129,0.0129,0.0142,0.0000,0.0000,-0.0022,-0.0009,0.0000
-0.2000,1.8486,1.5410,-0.0056,-0.0036,37.7192,65.4594,0.0000,0.0245,0.0245,0.0187,0.0000,0.0000,-0.0022,-0.0009,0.0000
-0.2000,1.7827,1.5069,-0.0139,-0.0036,37.6247,65.3184,0.0000,0.0224,0.0224,0.0212,0.0000,0.0000,-0.0022,-0.0009,0.0000
-0.2000,1.7553,1.4762,-0.0223,-0.0036,37.5365,65.1714,0.0000,0.0278,0.0278,0.0222,0.0000,0.0000,-0.0022,-0.0009,0.0000
0.1071,1.6833,1.4962,-0.0307,-0.0036,37.4561,65.0264,0.0000,0.0365,0.0365,0.0213,0.0000,0.0000,-0.0022,-0.0009,0.0000
-0.2000,1.6989,1.4957,-0.0358,-0.0003,37.3723,64.8973,0.0000,0.0347,0.0347,0.0191,0.0000,0.0000,-0.0002,-0.0001,0.0000
-0.0291,1.6440,1.5157,-0.0442,-0.0003,37.2920,64.7748,0.0000,0.0307,0.0307,0.0174,0.0000,0.0000,-0.0002,-0.0001,0.0000
0.1709,1.5264,1.5357,-0.0368,-0.0003,37.2142,64.6608,0.0000,0.0208,0.0208,0.0114,0.0000,0.0000,-0.0002,-0.0001,0.0000
0.2000,1.4520,1.5557,-0.0290,-0.0003,37.1308,64.5416,0.0000,0.0131,0.0131,0.0101,0.0000,0.0000,-0.0002,-0.0001,0.0000
0.1999,1.3705,1.5757,-0.0206,-0.0003,37.0477,64.4209,0.0000,0.0055,0.0055,0.0072,0.0000,0.0000,-0.0002,-0.0001,0.0000
0.2000,1.4425,1.5957,-0.0122,-0.0003,36.9741,64.3195,0.0000,-0.0067,-0.0067,0.0007,0.0000,0.0000,-0.0002,-0.0001,0.0000
0.2000,1.4533,1.6157,-0.0059,-0.0024,36.8998,64.2164,0.0000,-0.0156,-0.0156,-0.0034,0.0000,0.0000,-0.0015,-0.0006,0.0000
0.2000,1.2455,1.6357,0.0025,-0.0024,36.8350,64.1106,0.0000,-0.0148,-0.0148,-0.0058,0.0000,0.0000,-0.0015,-0.0006,0.0000
0.2000,1.2599,1.6557,0.0101,-0.0024,36.7720,64.0127,0.0000,-0.0166,-0.0166,-0.0073,0.0000,0.0000,-0.0015,-0.0006,0.0000
0.2000,1.2303,1.6757,0.0121,-0.0024,36.7068,63.9205,0.0000,-0.0222,-0.0222,-0.0071,0.0000,0.0000,-0.0015,-0.0006,0.0000
0.2000,1.1543,1.6957,0.0101,-0.0024,36.6567,63.8221,0.0000,-0.0110,-0.0110,-0.0062,0.0000,0.0000,-0.0015,-0.0006,0.0000
0.2000,1.1197,1.7157,0.0073,-0.0024,36.5912,63.7178,0.0000,-0.0090,-0.0090,-0.0037,0.0000,0.0000,-0.0015,-0.0006,0.0000
0.2000,1.0950,1.7357,0.0049,-0.0024,36.5222,63.6202,0.0000,-0.0134,-0.0134,-0.0007,0.0000,0.0000,-0.0015,-0.0006,0.0000
0.2000,1.2216,1.7557,0.0094,-0.0063,36.4560,63.5251,0.0000,-0.0207,-0.0207,-0.0193,0.0000,0.0000,-0.0038,-0.0015,0.0000
0.2000,1.1842,1.7757,0.0178,-0.0063,36.3865,63.4268,0.0000,-0.0278,-0.0278,-0.0177,0.0000,0.0000,-0.0038,-0.0015,0.0000
0.2000,1.1494,1.7957,0.0213,-0.0063,36.3245,63.3327,0.0000,-0.0314,-0.0314,-0.0173,0.0000,0.0000,-0.0038,-0.0015,0.0000
0.1999,1.1923,1.8157,0.0238,-0.0063,36.2539,63.2281,0.0000,-0.0372,-0.0372,-0.0163,0.0000,0.0000,-0.0038,-0.0015,0.0000
0.1999,1.1175,1.8357,0.0233,-0.0063,36.1884,63.1315,0.0000,-0.0409,-0.0409,-0.0138,0.0000,0.0000,-0.0038,-0.0015,0.0000
0.2000,1.2516,1.8557,0.0149,-0.0208,36.1245,63.0245,0.0000,-0.0388,-0.0388,0.0047,0.0000,0.0000,-0.0125,-0.0050,0.0000
0.2000,1.1566,1.8757,0.0065,-0.0208,36.0546,62.9157,0.0000,-0.0392,-0.0392,0.0065,0.0000,0.0000,-0.0125,-0.0050,0.0000
0.2000,1.2359,1.8957,-0.0018,-0.0208,35.9913,62.7978,0.0000,-0.0284,-0.0284,0.0085,0.0000,0.0000,-0.0125,-0.0050,0.0000
0.2000,1.2821,1.9157,-0.0102,-0.0208,35.9276,62.6721,0.0000,-0.0137,-0.0137,0.0108,0.0000,0.0000,-0.0125,-0.0050,0.0000
0.2000,1.3276,1.9357,-0.0186,-0.0208,35.8550,62.5508,0.0000,-0.0094,-0.0094,0.0119,0.0000,0.0000,-0.0125,-0.0050,0.0000
0.2000,1.3977,1.9557,-0.0239,-0.0177,35.7736,62.4331,0.0000,-0.0134,-0.0134,0.0251,0.0000,0.0000,-0.0106,-0.0043,0.0000
0.2000,1.4020,1.9757,-0.0323,-0.0177,35.6941,62.3074,0.0000,-0.0122,-0.0122,0.0242,0.0000,0.0000,-0.0106,-0.0043,0.0000
0.2000,1.4179,1.9957,-0.0375,-0.0177,35.6168,62.1714,0.0000,-0.0048,-0.0048,0.0217,0.0000,0.0000,-0.0106,-0.0043,0.0000
0.2000,1.4750,2.0157,-0.0373,-0.0177,35.5331,62.0366,0.0000,-0.0023,-0.0023,0.0201,0.0000,0.0000,-0.0106,-0.0043,0.0000
0.2000,1.5502,2.0357,-0.0289,-0.0134,35.4424,61.8965,0.0000,-0.0074,-0.0074,0.0048,0.0000,0.0000,-0.0081,-0.0032,0.0000
0.2000,1.5737,2.0557,-0.0205,-0.0134,35.3540,61.7578,0.0000,-0.0111,-0.0111,0.0003,0.0000,0.0000,-0.0081,-0.0032,0.0000
0.1179,1.6557,2.0474,-0.0121,-0.0134,35.2563,61.6050,0.0000,-0.0154,-0.0154,-0.0042,0.0000,0.0000,-0.0081,-0.0032,0.0000
0.2000,1.6312,2.0605,-0.0066,-0.0134,35.1668,61.4665,0.0000,-0.0169,-0.0169,-0.0046,0.0000,0.0000,-0.0081,-0.0032,0.0000
-0.2000,1.7980,2.0205,-0.0150,-0.0224,35.0674,61.3255,0.0000,-0.0265,-0.0265,0.0045,0.0000,0.0000,-0.0135,-0.0054,0.0000
0.2000,1.6349,2.0335,-0.0147,-0.0224,34.9621,61.1666,0.0000,-0.0293,-0.0293,0.0030,0.0000,0.0000,-0.0135,-0.0054,0.0000
-0.2004,1.7117,1.9935,-0.0153,-0.0224,34.8625,61.0288,0.0000,-0.0364,-0.0364,0.0039,0.0000,0.0000,-0.0135,-0.0054,0.0000
-0.2000,1.8904,1.9535,-0.0205,-0.0197,34.7718,60.8843,0.0000,-0.0322,-0.0322,0.0141,0.0000,0.0000,-0.0119,-0.0048,0.0000
0.0696,1.6853,1.9240,-0.0122,-0.0197,34.6733,60.7450,0.0000,-0.0391,-0.0391,0.0129,0.0000,0.0000,-0.0119,-0.0048,0.0000
-0.1677,1.6909,1.8908,-0.0150,-0.0197,34.5685,60.5853,0.0000,-0.0404,-0.0404,0.0092,0.0000,0.0000,-0.0119,-0.0048,0.0000
-0.2000,1.6923,1.8592,-0.0147,-0.0197,34.4745,60.4427,0.0000,-0.0397,-0.0397,0.0086,0.0000,0.0000,-0.0119,-0.0048,0.0000
-0.2000,1.8936,1.8192,-0.0065,-0.0199,34.3758,60.2821,0.0000,-0.0377,-0.0377,-0.0140,0.0000,0.0000,-0.0120,-0.0048,0.0000
-0.1716,1.6935,1.7932,0.0019,-0.0199,34.2746,60.1339,0.0000,-0.0406,-0.0406,-0.0132,0.0000,0.0000,-0.0120,-0.0048,0.0000
-0.1999,1.8687,1.7532,0.0103,-0.0199,34.1739,59.9857,0.0000,-0.0473,-0.0473,-0.0142,0.0000,0.0000,-0.0120,-0.0048,0.0000
-0.2000,1.7797,1.7132,0.0157,-0.0199,34.0768,59.8371,0.0000,-0.0488,-0.0488,-0.0152,0.0000,0.0000,-0.0120,-0.0048,0.0000
-0.2000,1.7762,1.6732,0.0073,-0.0369,33.9787,59.6971,0.0000,-0.0534,-0.0534,0.0090,0.0000,0.0000,-0.0222,-0.0089,0.0000
-0.2000,1.7602,1.6332,-0.0011,-0.0369,33.8722,59.5469,0.0000,-0.0559,-0.0559,0.0109,0.0000,0.0000,-0.0222,-0.0089,0.0000
-0.0833,1.6942,1.6249,-0.0069,-0.0369,33.7694,59.3985,0.0000,-0.0566,-0.0566,0.0128,0.0000,0.0000,-0.0222,-0.0089,0.0000
-0.2000,1.8251,1.5849,-0.0153,-0.0369,33.6711,59.2521,0.0000,-0.0547,-0.0547,0.0134,0.0000,0.0000,-0.0222,-0.0089,0.0000
-0.2000,1.7902,1.5464,-0.0194,-0.0326,33.5794,59.1036,0.0000,-0.0448,-0.0448,0.0384,0.0000,0.0000,-0.0197,-0.0079,0.0000
-0.2000,1.7480,1.5118,-0.0278,-0.0326,33.4887,58.9589,0.0000,-0.0353,-0.0353,0.0386,0.0000,0.0000,-0.0197,-0.0079,0.0000
-0.2000,1.7312,1.4806,-0.0362,-0.0326,33.3921,58.8185,0.0000,-0.0350,-0.0350,0.0360,0.0000,0.0000,-0.0197,-0.0079,0.0000
-0.0077,1.6934,1.4886,-0.0446,-0.0326,33.3045,58.6854,0.0000,-0.0310,-0.0310,0.0346,0.0000,0.0000,-0.0197,-0.0079,0.0000
-0.1669,1.6894,1.5007,-0.0530,-0.0326,33.2192,58.5573,0.0000,-0.0286,-0.0286,0.0317,0.0000,0.0000,-0.0197,-0.0079,0.0000
0.0605,1.5797,1.5207,-0.0557,-0.0269,33.1351,58.4356,0.0000,-0.0280,-0.0280,0.0597,0.0000,0.0000,-0.0162,-0.0065,0.0000
0.2000,1.5262,1.5407,-0.0641,-0.0269,33.0643,58.3248,0.0000,-0.0247,-0.0247,0.0519,0.0000,0.0000,-0.0162,-0.0065,0.0000
0.2000,1.4672,1.5607,-0.0725,-0.0269,32.9802,58.2159,0.0000,-0.0299,-0.0299,0.0484,0.0000,0.0000,-0.0162,-0.0065,0.0000
0.1999,1.3031,1.5807,-0.0705,-0.0269,32.9082,58.1129,0.0000,-0.0333,-0.0333,0.0413,0.0000,0.0000,-0.0162,-0.0065,0.0000
0.1999,1.3657,1.6007,-0.0651,-0.0269,32.8370,58.0193,0.0000,-0.0353,-0.0353,0.0365,0.0000,0.0000,-0.0162,-0.0065,0.0000
0.1999,1.2463,1.6207,-0.0574,-0.0269,32.7533,57.9119,0.0000,-0.0411,-0.0411,0.0329,0.0000,0.0000,-0.0162,-0.0065,0.0000
0.2000,1.1673,1.6407,-0.0490,-0.0269,32.6750,57.8178,0.0000,-0.0529,-0.0529,0.0242,0.0000,0.0000,-0.0162,-0.0065,0.0000
0.2000,1.3510,1.6607,-0.0406,-0.0170,32.6033,57.7237,0.0000,-0.0543,-0.0543,0.0185,0.0000,0.0000,-0.0102,-0.0041,0.0000
0.2000,1.1742,1.6807,-0.0322,-0.0170,32.5321,57.6218,0.0000,-0.0540,-0.0540,0.0133,0.0000,0.0000,-0.0102,-0.0041,0.0000
0.2000,1.1742,1.7007,-0.0238,-0.0170,32.4597,57.5316,0.0000,-0.0596,-0.0596,0.0089,0.0000,0.0000,-0.0102,-0.0041,0.0000
0.2000,1.2318,1.7207,-0.0154,-0.0170,32.3732,57.4402,0.0000,-0.0730,-0.0730,0.0086,0.0000,0.0000,-0.0102,-0.0041,0.0000
0.2000,1.1477,1.7407,-0.0070,-0.0170,32.2916,57.3518,0.0000,-0.0856,-0.0856,0.0072,0.0000,0.0000,-0.0102,-0.0041,0.0000
0.2000,1.2476,1.7607,-0.0027,-0.0211,32.2338,57.2622,0.0000,-0.0811,-0.0811,-0.0405,0.0000,0.0000,-0.0127,-0.0051,0.0000
0.2000,1.1936,1.7807,0.0057,-0.0211,32.1605,57.1672,0.0000,-0.0852,-0.0852,-0.0393,0.0000,0.0000,-0.0127,-0.0051,0.0000
0.2000,1.0554,1.8007,0.0141,-0.0211,32.0901,57.0722,0.0000,-0.0861,-0.0861,-0.0396,0.0000,0.0000,-0.0127,-0.0051,0.0000
0.2000,1.1902,1.8207,0.0225,-0.0211,32.0169,56.9738,0.0000,-0.0920,-0.0920,-0.0388,0.0000,0.0000,-0.0127,-0.0051,0.0000
0.2000,1.1721,1.8407,0.0309,-0.0211,31.9377,56.8780,0.0000,-0.1036,-0.1036,-0.0416,0.0000,0.0000,-0.0127,-0.0051,0.0000
0.2000,1.2160,1.8607,0.0393,-0.0211,31.8536,56.7755,0.0000,-0.1132,-0.1132,-0.0387,0.0000,0.0000,-0.0127,-0.0051,0.0000
0.1999,1.2335,1.8807,0.0309,-0.0498,31.7809,56.6734,0.0000,-0.1119,-0.1119,0.0075,0.0000,0.0000,-0.0300,-0.0120,0.0000
0.1999,1.3134,1.9007,0.0225,-0.0498,31.6986,56.5569,0.0000,-0.1046,-0.1046,0.0100,0.0000,0.0000,-0.0300,-0.0120,0.0000
0.2000,1.2429,1.9207,0.0141,-0.0498,31.6230,56.4408,0.0000,-0.0923,-0.0923,0.0135,0.0000,0.0000,-0.0300,-0.0120,0.0000
0.2000,1.4147,1.9407,0.0057,-0.0498,31.5418,56.3193,0.0000,-0.0798,-0.0798,0.0164,0.0000,0.0000,-0.0300,-0.0120,0.0000
0.2000,1.3749,1.9607,0.0105,-0.0366,31.4553,56.1825,0.0000,-0.0658,-0.0658,0.0131,0.0000,0.0000,-0.0220,-0.0088,0.0000
0.2000,1.4495,1.9807,0.0021,-0.0366,31.3632,56.0474,0.0000,-0.0559,-0.0559,0.0145,0.0000,0.0000,-0.0220,-0.0088,0.0000
0.2000,1.6049,2.0007,-0.0063,-0.0366,31.2596,55.9135,0.0000,-0.0553,-0.0553,0.0158,0.0000,0.0000,-0.0220,-0.0088,0.0000
0.2000,1.6216,2.0207,-0.0147,-0.0366,31.1652,55.7921,0.0000,-0.0558,-0.0558,0.0172,0.0000,0.0000,-0.0220,-0.0088,0.0000
-0.0792,1.6782,1.9928,-0.0231,-0.0454,31.0775,55.6614,0.0000,-0.0409,-0.0409,0.0580,0.0000,0.0000,-0.0274,-0.0109,0.0000
0.2002,1.5245,2.0128,-0.0315,-0.0454,30.9886,55.5356,0.0000,-0.0340,-0.0340,0.0580,0.0000,0.0000,-0.0274,-0.0109,0.0000
0.2000,1.5609,2.0328,-0.0398,-0.0454,30.8996,55.4099,0.0000,-0.0226,-0.0226,0.0570,0.0000,0.0000,-0.0274,-0.0109,0.0000
0.2000,1.5273,2.0528,-0.0482,-0.0454,30.7936,55.2729,0.0000,-0.0227,-0.0227,0.0513,0.0000,0.0000,-0.0274,-0.0109,0.0000
0.2000,1.5270,2.0728,-0.0566,-0.0454,30.6940,55.1278,0.0000,-0.0103,-0.0103,0.0475,0.0000,0.0000,-0.0274,-0.0109,0.0000
-0.2000,1.7189,2.0328,-0.0526,-0.0330,30.5832,55.0031,0.0000,-0.0038,-0.0038,0.0847,0.0000,0.0000,-0.0199,-0.0079,0.0000
-0.2000,1.7441,1.9928,-0.0610,-0.0330,30.4708,54.8831,0.0000,-0.0106,-0.0106,0.0804,0.0000,0.0000,-0.0199,-0.0079,0.0000
0.2000,1.6544,1.9920,-0.0694,-0.0330,30.3549,54.7427,0.0000,-0.0164,-0.0164,0.0697,0.0000,0.0000,-0.0199,-0.0079,0.0000
0.2000,1.6328,2.0094,-0.0647,-0.0199,30.2329,54.6026,0.0000,-0.0213,-0.0213,0.0614,0.0000,0.0000,-0.0120,-0.0048,0.0000
-0.2001,1.8072,1.9694,-0.0731,-0.0199,30.1128,54.4635,0.0000,-0.0193,-0.0193,0.0548,0.0000,0.0000,-0.0120,-0.0048,0.0000
-0.2000,1.8442,1.9294,-0.0698,-0.0199,29.9887,54.3254,0.0000,-0.0273,-0.0273,0.0461,0.0000,0.0000,-0.0120,-0.0048,0.0000
-0.2000,1.8245,1.8894,-0.0632,-0.0199,29.8751,54.1827,0.0000,-0.0251,-0.0251,0.0383,0.0000,0.0000,-0.0120,-0.0048,0.0000
-0.2000,1.8427,1.8494,-0.0592,-0.0244,29.7502,54.0552,0.0000,-0.0402,-0.0402,0.0346,0.0000,0.0000,-0.0147,-0.0059,0.0000
-0.2000,1.8093,1.8094,-0.0508,-0.0244,29.6227,53.9038,0.0000,-0.0457,-0.0457,0.0225,0.0000,0.0000,-0.0147,-0.0059,0.0000
-0.2000,1.7732,1.7694,-0.0424,-0.0244,29.5059,53.7743,0.0000,-0.0480,-0.0480,0.0207,0.0000,0.0000,-0.0147,-0.0059,0.0000
-0.2000,1.9635,1.7294,-0.0413,-0.0276,29.3877,53.6644,0.0000,-0.0653,-0.0653,0.0280,0.0000,0.0000,-0.0166,-0.0066,0.0000
-0.2000,1.7289,1.6894,-0.0329,-0.0276,29.2631,53.5206,0.0000,-0.0753,-0.0753,0.0137,0.0000,0.0000,-0.0166,-0.0066,0.0000
0.2000,1.6034,1.7094,-0.0245,-0.0276,29.1338,53.3909,0.0000,-0.0866,-0.0866,0.0099,0.0000,0.0000,-0.0166,-0.0066,0.0000
-0.2000,1.8867,1.6694,-0.0161,-0.0276,29.0091,53.2674,0.0000,-0.0940,-0.0940,0.0091,0.0000,0.0000,-0.0166,-0.0066,0.0000
-0.2000,1.8176,1.6294,-0.0077,-0.0257,28.8739,53.1394,0.0000,-0.1102,-0.1102,-0.0149,0.0000,0.0000,-0.0155,-0.0062,0.0000
-0.2000,1.7398,1.5894,0.0007,-0.0257,28.7418,53.0099,0.0000,-0.1263,-0.1263,-0.0186,0.0000,0.0000,-0.0155,-0.0062,0.0000
-0.2000,1.8471,1.5505,0.0091,-0.0257,28.6252,52.8683,0.0000,-0.1272,-0.1272,-0.0253,0.0000,0.0000,-0.0155,-0.0062,0.0000
-0.2000,1.8359,1.5154,0.0175,-0.0257,28.5095,52.7510,0.0000,-0.1343,-0.1343,-0.0232,0.0000,0.0000,-0.0155,-0.0062,0.0000
-0.1999,1.8165,1.4839,0.0091,-0.0417,28.3948,52.6272,0.0000,-0.1362,-0.1362,0.0318,0.0000,0.0000,-0.0251,-0.0100,0.0000
0.1155,1.6336,1.5039,0.0098,-0.0417,28.2839,52.5084,0.0000,-0.1337,-0.1337,0.0333,0.0000,0.0000,-0.0251,-0.0100,0.0000
-0.0216,1.6733,1.5239,0.0032,-0.0417,28.1737,52.3892,0.0000,-0.1264,-0.1264,0.0353,0.0000,0.0000,-0.0251,-0.0100,0.0000
0.0747,1.6117,1.5439,-0.0052,-0.0417,28.0689,52.2724,0.0000,-0.1187,-0.1187,0.0373,0.0000,0.0000,-0.0251,-0.0100,0.0000
0.1113,1.6089,1.5639,-0.0096,-0.0417,27.9607,52.1516,0.0000,-0.1103,-0.1103,0.0384,0.0000,0.0000,-0.0251,-0.0100,0.0000
0.2000,1.5567,1.5839,-0.0175,-0.0417,27.8697,52.0420,0.0000,-0.1013,-0.1013,0.0358,0.0000,0.0000,-0.0251,-0.0100,0.0000
0.1972,1.6074,1.6039,-0.0091,-0.0197,27.7720,51.9340,0.0000,-0.0888,-0.0888,0.0629,0.0000,0.0000,-0.0119,-0.0047,0.0000
0.2000,1.4112,1.6239,-0.0175,-0.0197,27.6865,51.8330,0.0000,-0.0843,-0.0843,0.0593,0.0000,0.0000,-0.0119,-0.0047,0.0000
0.2000,1.4440,1.6439,-0.0259,-0.0197,27.5880,51.7355,0.0000,-0.0808,-0.0808,0.0607,0.0000,0.0000,-0.0119,-0.0047,0.0000
0.2000,1.3114,1.6639,-0.0343,-0.0197,27.5053,51.6440,0.0000,-0.0794,-0.0794,0.0563,0.0000,0.0000,-0.0119,-0.0047,0.0000
0.2000,1.3743,1.6839,-0.0426,-0.0197,27.4222,51.5451,0.0000,-0.0658,-0.0658,0.0540,0.0000,0.0000,-0.0119,-0.0047,0.0000
0.2000,1.2228,1.7039,-0.0510,-0.0197,27.3307,51.4554,0.0000,-0.0686,-0.0686,0.0546,0.0000,0.0000,-0.0119,-0.0047,0.0000
0.2000,1.2810,1.7239,-0.0426,-0.0095,27.2464,51.3728,0.0000,-0.0711,-0.0711,0.0338,0.0000,0.0000,-0.0057,-0.0023,0.0000
0.2000,1.2702,1.7439,-0.0342,-0.0095,27.1538,51.2843,0.0000,-0.0739,-0.0739,0.0337,0.0000,0.0000,-0.0057,-0.0023,0.0000
0.2000,1.1712,1.7639,-0.0259,-0.0095,27.0753,51.2019,0.0000,-0.0770,-0.0770,0.0263,0.0000,0.0000,-0.0057,-0.0023,0.0000
0.2000,1.2700,1.7839,-0.0175,-0.0095,26.9875,51.1191,0.0000,-0.0787,-0.0787,0.0265,0.0000,0.0000,-0.0057,-0.0023,0.0000
0.2000,1.1291,1.8039,-0.0091,-0.0095,26.8979,51.0371,0.0000,-0.0898,-0.0898,0.0194,0.0000,0.0000,-0.0057,-0.0023,0.0000
0.2000,1.1965,1.8239,-0.0064,-0.0095,26.8107,50.9523,0.0000,-0.0900,-0.0900,0.0203,0.0000,0.0000,-0.0057,-0.0023,0.0000
0.2000,1.2075,1.8439,-0.0148,-0.0183,26.7297,50.8675,0.0000,-0.0884,-0.0884,0.0344,0.0000,0.0000,-0.0110,-0.0044,0.0000
0.2000,1.2052,1.8639,-0.0232,-0.0183,26.6336,50.7765,0.0000,-0.0880,-0.0880,0.0368,0.0000,0.0000,-0.0110,-0.0044,0.0000
0.2000,1.1635,1.8839,-0.0276,-0.0183,26.5404,50.6865,0.0000,-0.0882,-0.0882,0.0370,0.0000,0.0000,-0.0110,-0.0044,0.0000
0.2000,1.3111,1.9039,-0.0266,-0.0183,26.4487,50.5993,0.0000,-0.0897,-0.0897,0.0317,0.0000,0.0000,-0.0110,-0.0044,0.0000
0.2000,1.2842,1.9239,-0.0272,-0.0183,26.3514,50.5020,0.0000,-0.0867,-0.0867,0.0326,0.0000,0.0000,-0.0110,-0.0044,0.0000
0.2000,1.2568,1.9439,-0.0279,-0.0105,26.2527,50.4070,0.0000,-0.0867,-0.0867,0.0517,0.0000,0.0000,-0.0063,-0.0025,0.0000
0.2000,1.3645,1.9639,-0.0305,-0.0105,26.1447,50.3015,0.0000,-0.0848,-0.0848,0.0441,0.0000,0.0000,-0.0063,-0.0025,0.0000
0.2000,1.3580,1.9839,-0.0319,-0.0105,26.0391,50.2043,0.0000,-0.0846,-0.0846,0.0449,0.0000,0.0000,-0.0063,-0.0025,0.0000
0.2000,1.4974,2.0039,-0.0329,-0.0105,25.9335,50.1004,0.0000,-0.0778,-0.0778,0.0436,0.0000,0.0000,-0.0063,-0.0025,0.0000
0.2000,1.4232,2.0239,-0.0245,-0.0012,25.8163,49.9777,0.0000,-0.0755,-0.0755,0.0147,0.0000,0.0000,-0.0008,-0.0003,0.0000
0.2000,1.4688,2.0439,-0.0161,-0.0012,25.6884,49.8506,0.0000,-0.0772,-0.0772,0.0079,0.0000,0.0000,-0.0008,-0.0003,0.0000
-0.1454,1.6819,2.0094,-0.0078,-0.0012,25.5609,49.7394,0.0000,-0.0856,-0.0856,0.0066,0.0000,0.0000,-0.0008,-0.0003,0.0000
-0.2000,1.7884,1.9694,-0.0162,-0.0115,25.4488,49.6322,0.0000,-0.0842,-0.0842,0.0354,0.0000,0.0000,-0.0069,-0.0028,0.0000
0.2000,1.6769,1.9743,-0.0078,-0.0115,25.3142,49.5139,0.0000,-0.0941,-0.0941,0.0295,0.0000,0.0000,-0.0069,-0.0028,0.0000
0.2000,1.5386,1.9943,-0.0135,-0.0115,25.1940,49.3986,0.0000,-0.0899,-0.0899,0.0318,0.0000,0.0000,-0.0069,-0.0028,0.0000
-0.2000,1.7778,1.9543,-0.0124,-0.0115,25.0604,49.2752,0.0000,-0.0886,-0.0886,0.0273,0.0000,0.0000,-0.0069,-0.0028,0.0000
0.2000,1.6516,1.9743,-0.0136,-0.0115,24.9349,49.1541,0.0000,-0.0830,-0.0830,0.0300,0.0000,0.0000,-0.0069,-0.0028,0.0000
-0.2000,1.8032,1.9343,-0.0052,0.0027,24.8034,49.0278,0.0000,-0.0822,-0.0822,0.0166,0.0000,0.0000,0.0016,0.0007,0.0000
-0.2000,1.7300,1.8943,0.0032,0.0027,24.6747,48.9161,0.0000,-0.0858,-0.0858,0.0193,0.0000,0.0000,0.0016,0.0007,0.0000
-0.2000,1.8077,1.8543,0.0071,0.0027,24.5459,48.8015,0.0000,-0.0884,-0.0884,0.0191,0.0000,0.0000,0.0016,0.0007,0.0000
0.2000,1.6890,1.8592,0.0155,0.0027,24.4140,48.6713,0.0000,-0.0881,-0.0881,0.0136,0.0000,0.0000,0.0016,0.0007,0.0000
-0.0405,1.7092,1.8362,0.0095,-0.0020,24.2871,48.5507,0.0000,-0.0802,-0.0802,0.0272,0.0000,0.0000,-0.0012,-0.0005,0.0000
-0.2000,1.8371,1.7962,0.0021,-0.0020,24.1574,48.4224,0.0000,-0.0731,-0.0731,0.0244,0.0000,0.0000,-0.0012,-0.0005,0.0000
-0.2000,1.7359,1.7562,-0.0063,-0.0020,24.0337,48.3009,0.0000,-0.0622,-0.0622,0.0304,0.0000,0.0000,-0.0012,-0.0005,0.0000
-0.2000,1.8089,1.7162,-0.0101,0.0026,23.9047,48.1688,0.0000,-0.0502,-0.0502,0.0442,0.0000,0.0000,0.0016,0.0006,0.0000
-0.2000,1.7188,1.6956,-0.0185,0.0026,23.7738,48.0529,0.0000,-0.0486,-0.0486,0.0478,0.0000,0.0000,0.0016,0.0006,0.0000
-0.2001,1.8305,1.6556,-0.0269,0.0026,23.6440,47.9369,0.0000,-0.0436,-0.0436,0.0489,0.0000,0.0000,0.0016,0.0006,0.0000
-0.1999,1.7330,1.6220,-0.0334,0.0026,23.5190,47.8154,0.0000,-0.0411,-0.0411,0.0445,0.0000,0.0000,0.0016,0.0006,0.0000
-0.2000,1.7255,1.6020,-0.0250,0.0111,23.3872,47.7023,0.0000,-0.0426,-0.0426,0.0341,0.0000,0.0000,0.0067,0.0027,0.0000
-0.2000,1.7290,1.5793,-0.0176,0.0111,23.2614,47.5933,0.0000,-0.0471,-0.0471,0.0324,0.0000,0.0000,0.0067,0.0027,0.0000
-0.2001,1.7215,1.5688,-0.0092,0.0111,23.1272,47.4896,0.0000,-0.0625,-0.0625,0.0296,0.0000,0.0000,0.0067,0.0027,0.0000
0.1015,1.6506,1.5888,-0.0008,0.0111,23.0078,47.3704,0.0000,-0.0599,-0.0599,0.0235,0.0000,0.0000,0.0067,0.0027,0.0000
0.0778,1.6836,1.6088,0.0076,0.0111,22.8843,47.2564,0.0000,-0.0570,-0.0570,0.0242,0.0000,0.0000,0.0067,0.0027,0.0000
0.1256,1.6721,1.6288,0.0107,0.0059,22.7627,47.1497,0.0000,-0.0617,-0.0617,0.0071,0.0000,0.0000,0.0036,0.0014,0.0000
0.1503,1.6665,1.6488,0.0191,0.0059,22.6416,47.0425,0.0000,-0.0655,-0.0655,0.0076,0.0000,0.0000,0.0036,0.0014,0.0000
0.2000,1.6023,1.6688,0.0272,0.0059,22.5297,46.9388,0.0000,-0.0653,-0.0653,0.0086,0.0000,0.0000,0.0036,0.0014,0.0000
0.2000,1.6056,1.6888,0.0297,0.0059,22.4161,46.8310,0.0000,-0.0636,-0.0636,0.0090,0.0000,0.0000,0.0036,0.0014,0.0000
0.1999,1.5117,1.7088,0.0232,0.0059,22.3219,46.7213,0.0000,-0.0493,-0.0493,0.0072,0.0000,0.0000,0.0036,0.0014,0.0000
0.1999,1.5527,1.7288,0.0148,-0.0007,22.2101,46.6245,0.0000,-0.0498,-0.0498,0.0131,0.0000,0.0000,-0.0004,-0.0002,0.0000
0.2000,1.4329,1.7488,0.0087,-0.0007,22.1197,46.5292,0.0000,-0.0453,-0.0453,0.0093,0.0000,0.0000,-0.0004,-0.0002,0.0000
0.2000,1.4652,1.7688,0.0006,-0.0007,22.0105,46.4249,0.0000,-0.0376,-0.0376,0.0171,0.0000,0.0000,-0.0004,-0.0002,0.0000
0.2000,1.3012,1.7888,-0.0077,-0.0007,21.9054,46.3293,0.0000,-0.0385,-0.0385,0.0207,0.0000,0.0000,-0.0004,-0.0002,0.0000
0.2000,1.4983,1.8088,-0.0119,-0.0007,21.7979,46.2320,0.0000,-0.0372,-0.0372,0.0226,0.0000,0.0000,-0.0004,-0.0002,0.0000
0.2000,1.4079,1.8288,-0.0188,0.0008,21.6987,46.1437,0.0000,-0.0399,-0.0399,0.0324,0.0000,0.0000,0.0005,0.0002,0.0000
0.2000,1.4370,1.8488,-0.0183,0.0008,21.6162,46.0599,0.0000,-0.0368,-0.0368,0.0277,0.0000,0.0000,0.0005,0.0002,0.0000
0.2000,1.3171,1.8688,-0.0177,0.0008,21.5319,45.9705,0.0000,-0.0309,-0.0309,0.0257,0.0000,0.0000,0.0005,0.0002,0.0000
0.2000,1.1657,1.8888,-0.0186,0.0008,21.4387,45.8810,0.0000,-0.0288,-0.0288,0.0277,0.0000,0.0000,0.0005,0.0002,0.0000
0.2000,1.2179,1.9088,-0.0174,0.0008,21.3504,45.7909,0.0000,-0.0239,-0.0239,0.0233,0.0000,0.0000,0.0005,0.0002,0.0000
0.2000,1.2808,1.9288,-0.0177,0.0008,21.2488,45.7041,0.0000,-0.0264,-0.0264,0.0256,0.0000,0.0000,0.0005,0.0002,0.0000
0.2000,1.2498,1.9488,-0.0093,0.0043,21.1379,45.6091,0.0000,-0.0320,-0.0320,0.0139,0.0000,0.0000,0.0026,0.0010,0.0000
0.2000,1.3238,1.9688,-0.0023,0.0043,21.0260,45.5096,0.0000,-0.0361,-0.0361,0.0132,0.0000,0.0000,0.0026,0.0010,0.0000
0.2000,1.4487,1.9888,0.0006,0.0043,20.9196,45.4101,0.0000,-0.0370,-0.0370,0.0114,0.0000,0.0000,0.0026,0.0010,0.0000
0.2000,1.4851,2.0088,0.0035,0.0043,20.8129,45.3163,0.0000,-0.0425,-0.0425,0.0100,0.0000,0.0000,0.0026,0.0010,0.0000
0.2000,1.4440,2.0288,0.0037,-0.0024,20.7054,45.2070,0.0000,-0.0405,-0.0405,0.0023,0.0000,0.0000,-0.0014,-0.0006,0.0000
0.2000,1.4087,2.0488,0.0040,-0.0024,20.5851,45.1056,0.0000,-0.0472,-0.0472,0.0055,0.0000,0.0000,-0.0014,-0.0006,0.0000
0.2000,1.5195,2.0688,0.0058,-0.0024,20.4648,44.9902,0.0000,-0.0478,-0.0478,0.0026,0.0000,0.0000,-0.0014,-0.0006,0.0000
0.2000,1.5591,2.0888,0.0043,-0.0024,20.3478,44.8801,0.0000,-0.0455,-0.0455,0.0058,0.0000,0.0000,-0.0014,-0.0006,0.0000
-0.2000,1.6527,2.0488,-0.0041,-0.0037,20.2282,44.7638,0.0000,-0.0427,-0.0427,0.0298,0.0000,0.0000,-0.0022,-0.0009,0.0000
0.1999,1.5929,2.0595,-0.0125,-0.0037,20.0994,44.6466,0.0000,-0.0425,-0.0425,0.0293,0.0000,0.0000,-0.0022,-0.0009,0.0000
-0.1219,1.6537,2.0195,-0.0209,-0.0037,19.9750,44.5360,0.0000,-0.0381,-0.0381,0.0343,0.0000,0.0000,-0.0022,-0.0009,0.0000
-0.1999,1.6500,1.9795,-0.0240,-0.0037,19.8492,44.4174,0.0000,-0.0368,-0.0368,0.0304,0.0000,0.0000,-0.0022,-0.0009,0.0000
-0.2000,1.6500,1.9402,-0.0156,0.0108,19.7194,44.3071,0.0000,-0.0399,-0.0399,0.0215,0.0000,0.0000,0.0065,0.0026,0.0000
-0.2000,1.7144,1.9002,-0.0072,0.0108,19.5837,44.1835,0.0000,-0.0443,-0.0443,0.0161,0.0000,0.0000,0.0065,0.0026,0.0000
-0.2000,1.6880,1.8602,0.0012,0.0108,19.4617,44.0586,0.0000,-0.0378,-0.0378,0.0126,0.0000,0.0000,0.0065,0.0026,0.0000
-0.2000,1.8207,1.8202,0.0042,0.0054,19.3241,43.9289,0.0000,-0.0366,-0.0366,0.0048,0.0000,0.0000,0.0033,0.0013,0.0000
-0.2000,1.7308,1.7802,0.0126,0.0054,19.1822,43.8177,0.0000,-0.0519,-0.0519,0.0044,0.0000,0.0000,0.0033,0.0013,0.0000
-0.2000,1.8735,1.7402,0.0132,0.0054,19.0455,43.6989,0.0000,-0.0537,-0.0537,0.0082,0.0000,0.0000,0.0033,0.0013,0.0000
-0.2000,1.7887,1.7002,0.0149,0.0054,18.9139,43.5707,0.0000,-0.0514,-0.0514,0.0059,0.0000,0.0000,0.0033,0.0013,0.0000
-0.2000,1.7943,1.6602,0.0115,0.0051,18.7749,43.4648,0.0000,-0.0633,-0.0633,0.0162,0.0000,0.0000,0.0031,0.0012,0.0000
-0.2000,1.8223,1.6202,0.0091,0.0051,18.6409,43.3497,0.0000,-0.0663,-0.0663,0.0189,0.0000,0.0000,0.0031,0.0012,0.0000
-0.2000,1.7296,1.5802,0.0071,0.0051,18.5125,43.2348,0.0000,-0.0673,-0.0673,0.0211,0.0000,0.0000,0.0031,0.0012,0.0000
-0.1999,1.7502,1.5422,0.0065,0.0051,18.3909,43.1118,0.0000,-0.0607,-0.0607,0.0185,0.0000,0.0000,0.0031,0.0012,0.0000
-0.1999,1.7088,1.5080,-0.0007,0.0051,18.2732,42.9868,0.0000,-0.0446,-0.0446,0.0229,0.0000,0.0000,0.0031,0.0012,0.0000
-0.2000,1.7140,1.4772,0.0077,0.0094,18.1525,42.8762,0.0000,-0.0464,-0.0464,-0.0082,0.0000,0.0000,0.0057,0.0023,0.0000
-0.2000,1.7039,1.4495,0.0161,0.0094,18.0369,42.7584,0.0000,-0.0450,-0.0450,-0.0103,0.0000,0.0000,0.0057,0.0023,0.0000
-0.2000,1.6231,1.4245,0.0245,0.0094,17.9283,42.6505,0.0000,-0.0439,-0.0439,-0.0105,0.0000,0.0000,0.0057,0.0023,0.0000
-0.1999,1.6361,1.4021,0.0329,0.0094,17.8006,42.5485,0.0000,-0.0564,-0.0564,-0.0055,0.0000,0.0000,0.0057,0.0023,0.0000
0.0879,1.5184,1.4221,0.0411,0.0094,17.6960,42.4384,0.0000,-0.0517,-0.0517,-0.0067,0.0000,0.0000,0.0057,0.0023,0.0000
-0.2000,1.6182,1.3999,0.0329,-0.0072,17.5852,42.3333,0.0000,-0.0516,-0.0516,-0.0072,0.0000,0.0000,-0.0043,-0.0017,0.0000
0.0399,1.5052,1.4199,0.0413,-0.0072,17.5029,42.2323,0.0000,-0.0375,-0.0375,-0.0073,0.0000,0.0000,-0.0043,-0.0017,0.0000
0.0909,1.5139,1.4399,0.0329,-0.0072,17.4195,42.1344,0.0000,-0.0244,-0.0244,-0.0041,0.0000,0.0000,-0.0043,-0.0017,0.0000
0.2000,1.2911,1.4599,0.0245,-0.0072,17.3401,42.0453,0.0000,-0.0147,-0.0147,-0.0013,0.0000,0.0000,-0.0043,-0.0017,0.0000
0.2000,1.2772,1.4799,0.0161,-0.0072,17.2486,41.9539,0.0000,-0.0121,-0.0121,0.0020,0.0000,0.0000,-0.0043,-0.0017,0.0000
0.2000,1.1846,1.4999,0.0078,-0.0072,17.1621,41.8628,0.0000,-0.0064,-0.0064,0.0055,0.0000,0.0000,-0.0043,-0.0017,0.0000
0.1999,1.2818,1.5199,-0.0006,-0.0093,17.0739,41.7635,0.0000,0.0091,0.0091,0.0605,0.0000,0.0000,-0.0056,-0.0022,0.0000
0.1999,1.2468,1.5399,-0.0089,-0.0093,17.0070,41.6710,0.0000,0.0312,0.0312,0.0589,0.0000,0.0000,-0.0056,-0.0022,0.0000
0.1999,1.3182,1.5599,-0.0173,-0.0093,16.9306,41.6000,0.0000,0.0350,0.0350,0.0589,0.0000,0.0000,-0.0056,-0.0022,0.0000
0.1999,1.1302,1.5799,-0.0256,-0.0093,16.8582,41.5198,0.0000,0.0409,0.0409,0.0592,0.0000,0.0000,-0.0056,-0.0022,0.0000
0.2000,1.0342,1.5999,-0.0340,-0.0093,16.7787,41.4518,0.0000,0.0353,0.0353,0.0588,0.0000,0.0000,-0.0056,-0.0022,0.0000
0.2000,1.0714,1.6199,-0.0423,-0.0093,16.7049,41.3769,0.0000,0.0420,0.0420,0.0573,0.0000,0.0000,-0.0056,-0.0022,0.0000
0.2000,1.0380,1.6399,-0.0507,-0.0093,16.6444,41.3116,0.0000,0.0468,0.0468,0.0528,0.0000,0.0000,-0.0056,-0.0022,0.0000
0.2000,1.0416,1.6599,-0.0590,-0.0093,16.5747,41.2358,0.0000,0.0564,0.0564,0.0523,0.0000,0.0000,-0.0056,-0.0022,0.0000
0.2000,0.8824,1.6799,-0.0506,0.0183,16.4912,41.1579,0.0000,0.0556,0.0556,0.0484,0.0000,0.0000,0.0110,0.0044,0.0000
0.2000,1.0211,1.6999,-0.0590,0.0183,16.4052,41.0814,0.0000,0.0571,0.0571,0.0475,0.0000,0.0000,0.0110,0.0044,0.0000
0.2000,1.1317,1.7199,-0.0674,0.0183,16.3133,41.0088,0.0000,0.0500,0.0500,0.0448,0.0000,0.0000,0.0110,0.0044,0.0000
0.1999,1.1411,1.7399,-0.0654,0.0183,16.2358,40.9358,0.0000,0.0459,0.0459,0.0341,0.0000,0.0000,0.0110,0.0044,0.0000
0.1999,1.1636,1.7599,-0.0613,0.0183,16.1379,40.8582,0.0000,0.0369,0.0369,0.0325,0.0000,0.0000,0.0110,0.0044,0.0000
0.1999,1.0579,1.7799,-0.0529,0.0183,16.0530,40.7715,0.0000,0.0363,0.0363,0.0215,0.0000,0.0000,0.0110,0.0044,0.0000
0.2000,1.2393,1.7999,-0.0445,0.0198,15.9599,40.6920,0.0000,0.0269,0.0269,-0.0018,0.0000,0.0000,0.0119,0.0048,0.0000
0.2000,1.2034,1.8199,-0.0361,0.0198,15.8581,40.6089,0.0000,0.0177,0.0177,-0.0019,0.0000,0.0000,0.0119,0.0048,0.0000
0.2000,1.2154,1.8399,-0.0277,0.0198,15.7600,40.5167,0.0000,0.0118,0.0118,-0.0115,0.0000,0.0000,0.0119,0.0048,0.0000
0.2000,1.3026,1.8599,-0.0193,0.0198,15.6519,40.4286,0.0000,0.0009,0.0009,-0.0121,0.0000,0.0000,0.0119,0.0048,0.0000
0.1999,1.3361,1.8799,-0.0122,0.0184,15.5511,40.3276,0.0000,-0.0008,-0.0008,-0.0267,0.0000,0.0000,0.0111,0.0044,0.0000
0.2000,1.3824,1.8999,-0.0038,0.0184,15.4397,40.2369,0.0000,-0.0122,-0.0122,-0.0261,0.0000,0.0000,0.0111,0.0044,0.0000
0.2000,1.4135,1.9199,0.0046,0.0184,15.3231,40.1472,0.0000,-0.0289,-0.0289,-0.0272,0.0000,0.0000,0.0111,0.0044,0.0000
0.2000,1.4238,1.9399,0.0130,0.0184,15.2116,40.0531,0.0000,-0.0381,-0.0381,-0.0277,0.0000,0.0000,0.0111,0.0044,0.0000
0.2000,1.4593,1.9599,0.0214,0.0225,15.1048,39.9577,0.0000,-0.0429,-0.0429,-0.0104,0.0000,0.0000,0.0136,0.0054,0.0000
0.2000,1.4466,1.9799,0.0298,0.0225,14.9950,39.8427,0.0000,-0.0361,-0.0361,-0.0154,0.0000,0.0000,0.0136,0.0054,0.0000
0.2000,1.4199,1.9999,0.0382,0.0225,14.8771,39.7404,0.0000,-0.0372,-0.0372,-0.0107,0.0000,0.0000,0.0136,0.0054,0.0000
-0.2000,1.5745,1.9599,0.0466,0.0225,14.7553,39.6270,0.0000,-0.0377,-0.0377,-0.0116,0.0000,0.0000,0.0136,0.0054,0.0000
0.0998,1.5471,1.9298,0.0550,0.0396,14.6227,39.5122,0.0000,-0.0415,-0.0415,-0.0521,0.0000,0.0000,0.0239,0.0096,0.0000
-0.1998,1.6503,1.8898,0.0634,0.0396,14.5003,39.4025,0.0000,-0.0477,-0.0477,-0.0451,0.0000,0.0000,0.0239,0.0096,0.0000
-0.2000,1.7389,1.8498,0.0718,0.0396,14.3734,39.2786,0.0000,-0.0496,-0.0496,-0.0422,0.0000,0.0000,0.0239,0.0096,0.0000
-0.2000,1.6302,1.8098,0.0802,0.0396,14.2353,39.1565,0.0000,-0.0545,-0.0545,-0.0367,0.0000,0.0000,0.0239,0.0096,0.0000
-0.2000,1.7580,1.7698,0.0755,0.0265,14.1103,39.0316,0.0000,-0.0510,-0.0510,-0.0222,0.0000,0.0000,0.0160,0.0064,0.0000
-0.2000,1.8278,1.7298,0.0697,0.0265,13.9868,38.9111,0.0000,-0.0440,-0.0440,-0.0126,0.0000,0.0000,0.0160,0.0064,0.0000
-0.2000,1.7531,1.6898,0.0614,0.0265,13.8593,38.7967,0.0000,-0.0443,-0.0443,-0.0042,0.0000,0.0000,0.0160,0.0064,0.0000
-0.2000,1.7120,1.6498,0.0531,0.0265,13.7430,38.6735,0.0000,-0.0313,-0.0313,0.0037,0.0000,0.0000,0.0160,0.0064,0.0000
-0.2000,1.6969,1.6098,0.0561,0.0380,13.6223,38.5469,0.0000,-0.0191,-0.0191,0.0195,0.0000,0.0000,0.0229,0.0091,0.0000
-0.2000,1.6817,1.5698,0.0477,0.0380,13.5097,38.4263,0.0000,-0.0065,-0.0065,0.0249,0.0000,0.0000,0.0229,0.0091,0.0000
-0.2000,1.7359,1.5328,0.0393,0.0380,13.3964,38.3003,0.0000,0.0111,0.0111,0.0310,0.0000,0.0000,0.0229,0.0091,0.0000
-0.2000,1.6366,1.4995,0.0309,0.0380,13.2808,38.1712,0.0000,0.0264,0.0264,0.0365,0.0000,0.0000,0.0229,0.0091,0.0000
-0.2000,1.6810,1.4696,0.0377,0.0531,13.1668,38.0427,0.0000,0.0430,0.0430,0.0216,0.0000,0.0000,0.0320,0.0128,0.0000
-0.2000,1.7195,1.4426,0.0293,0.0531,13.0579,37.9324,0.0000,0.0478,0.0478,0.0263,0.0000,0.0000,0.0320,0.0128,0.0000
-0.2000,1.7040,1.4184,0.0210,0.0531,12.9567,37.8209,0.0000,0.0580,0.0580,0.0307,0.0000,0.0000,0.0320,0.0128,0.0000
0.0848,1.5372,1.4384,0.0126,0.0531,12.8564,37.7033,0.0000,0.0698,0.0698,0.0341,0.0000,0.0000,0.0320,0.0128,0.0000
0.1319,1.4930,1.4584,0.0042,0.0531,12.7544,37.5950,0.0000,0.0722,0.0722,0.0332,0.0000,0.0000,0.0320,0.0128,0.0000
0.1236,1.5332,1.4784,-0.0019,0.0555,12.6467,37.4883,0.0000,0.0744,0.0744,0.0142,0.0000,0.0000,0.0335,0.0134,0.0000
0.2000,1.4750,1.4984,-0.0103,0.0555,12.5488,37.3790,0.0000,0.0803,0.0803,0.0175,0.0000,0.0000,0.0335,0.0134,0.0000
0.2000,1.5020,1.5184,-0.0187,0.0555,12.4556,37.2753,0.0000,0.0846,0.0846,0.0182,0.0000,0.0000,0.0335,0.0134,0.0000
0.2000,1.4551,1.5384,-0.0256,0.0555,12.3671,37.1844,0.0000,0.0803,0.0803,0.0155,0.0000,0.0000,0.0335,0.0134,0.0000
0.1999,1.3832,1.5584,-0.0294,0.0555,12.2685,37.0854,0.0000,0.0778,0.0778,0.0179,0.0000,0.0000,0.0335,0.0134,0.0000
0.1999,1.2576,1.5784,-0.0263,0.0555,12.1873,36.9960,0.0000,0.0762,0.0762,0.0133,0.0000,0.0000,0.0335,0.0134,0.0000
0.1999,1.3852,1.5984,-0.0179,0.0574,12.0994,36.9043,0.0000,0.0759,0.0759,0.0032,0.0000,0.0000,0.0346,0.0138,0.0000
0.2000,1.1977,1.6184,-0.0095,0.0574,12.0106,36.8232,0.0000,0.0626,0.0626,-0.0016,0.0000,0.0000,0.0346,0.0138,0.0000
0.2000,1.2593,1.6384,-0.0012,0.0574,11.9347,36.7328,0.0000,0.0660,0.0660,-0.0051,0.0000,0.0000,0.0346,0.0138,0.0000
0.2000,1.1943,1.6584,0.0072,0.0574,11.8452,36.6463,0.0000,0.0607,0.0607,-0.0025,0.0000,0.0000,0.0346,0.0138,0.0000
0.2000,1.1697,1.6784,0.0156,0.0574,11.7697,36.5669,0.0000,0.0570,0.0570,-0.0063,0.0000,0.0000,0.0346,0.0138,0.0000
0.1999,1.2333,1.6984,0.0240,0.0574,11.6920,36.4854,0.0000,0.0565,0.0565,-0.0038,0.0000,0.0000,0.0346,0.0138,0.0000
0.2000,1.0870,1.7184,0.0324,0.0574,11.6163,36.4114,0.0000,0.0504,0.0504,-0.0058,0.0000,0.0000,0.0346,0.0138,0.0000
0.2000,1.1164,1.7384,0.0408,0.0668,11.5362,36.3283,0.0000,0.0476,0.0476,-0.0522,0.0000,0.0000,0.0403,0.0161,0.0000
0.2000,1.0494,1.7584,0.0492,0.0668,11.4712,36.2457,0.0000,0.0519,0.0519,-0.0530,0.0000,0.0000,0.0403,0.0161,0.0000
0.2000,1.1442,1.7784,0.0576,0.0668,11.3934,36.1628,0.0000,0.0455,0.0455,-0.0484,0.0000,0.0000,0.0403,0.0161,0.0000
0.2000,1.0423,1.7984,0.0660,0.0668,11.3082,36.0676,0.0000,0.0457,0.0457,-0.0444,0.0000,0.0000,0.0403,0.0161,0.0000
0.2000,1.1276,1.8184,0.0744,0.0668,11.2338,35.9775,0.0000,0.0464,0.0464,-0.0409,0.0000,0.0000,0.0403,0.0161,0.0000
0.2000,1.2673,1.8384,0.0700,0.0540,11.1555,35.8772,0.0000,0.0504,0.0504,-0.0577,0.0000,0.0000,0.0326,0.0130,0.0000
0.2000,1.1591,1.8584,0.0784,0.0540,11.0701,35.7794,0.0000,0.0503,0.0503,-0.0535,0.0000,0.0000,0.0326,0.0130,0.0000
0.2000,1.2631,1.8784,0.0868,0.0540,10.9770,35.6668,0.0000,0.0490,0.0490,-0.0475,0.0000,0.0000,0.0326,0.0130,0.0000
0.1999,1.2877,1.8984,0.0853,0.0540,10.8829,35.5542,0.0000,0.0492,0.0492,-0.0414,0.0000,0.0000,0.0326,0.0130,0.0000
0.1999,1.4503,1.9184,0.0786,0.0540,10.7961,35.4377,0.0000,0.0556,0.0556,-0.0348,0.0000,0.0000,0.0326,0.0130,0.0000
0.2000,1.4563,1.9384,0.0855,0.0576,10.6973,35.3111,0.0000,0.0592,0.0592,-0.0442,0.0000,0.0000,0.0348,0.0139,0.0000
0.1999,1.4429,1.9570,0.0805,0.0576,10.6080,35.1997,0.0000,0.0628,0.0628,-0.0364,0.0000,0.0000,0.0348,0.0139,0.0000
-0.2000,1.5940,1.9170,0.0731,0.0576,10.5124,35.0685,0.0000,0.0694,0.0694,-0.0307,0.0000,0.0000,0.0348,0.0139,0.0000
0.2000,1.4163,1.9370,0.0647,0.0576,10.4211,34.9499,0.0000,0.0790,0.0790,-0.0219,0.0000,0.0000,0.0348,0.0139,0.0000
-0.2000,1.6119,1.8970,0.0731,0.0667,10.3208,34.8259,0.0000,0.0775,0.0775,-0.0326,0.0000,0.0000,0.0402,0.0161,0.0000
0.2000,1.4861,1.9170,0.0693,0.0667,10.2238,34.7043,0.0000,0.0794,0.0794,-0.0260,0.0000,0.0000,0.0402,0.0161,0.0000
-0.2000,1.5810,1.8770,0.0667,0.0667,10.1172,34.5629,0.0000,0.0812,0.0812,-0.0212,0.0000,0.0000,0.0402,0.0161,0.0000
0.2000,1.5429,1.8601,0.0583,0.0667,10.0209,34.4358,0.0000,0.0867,0.0867,-0.0130,0.0000,0.0000,0.0402,0.0161,0.0000
-0.2000,1.7567,1.8201,0.0586,0.0754,9.9221,34.2921,0.0000,0.0992,0.0992,0.0049,0.0000,0.0000,0.0455,0.0182,0.0000
-0.2000,1.5814,1.7801,0.0502,0.0754,9.8195,34.1572,0.0000,0.1060,0.1060,0.0133,0.0000,0.0000,0.0455,0.0182,0.0000
-0.2000,1.7313,1.7401,0.0418,0.0754,9.7184,34.0216,0.0000,0.1150,0.1150,0.0199,0.0000,0.0000,0.0455,0.0182,0.0000
-0.2000,1.6798,1.7001,0.0334,0.0754,9.6221,33.8700,0.0000,0.1347,0.1347,0.0253,0.0000,0.0000,0.0455,0.0182,0.0000
-0.2000,1.6773,1.6601,0.0418,0.1008,9.5222,33.7357,0.0000,0.1353,0.1353,-0.0302,0.0000,0.0000,0.0609,0.0244,0.0000
-0.2000,1.7826,1.6201,0.0494,0.1008,9.4302,33.6006,0.0000,0.1361,0.1361,-0.0263,0.0000,0.0000,0.0609,0.0244,0.0000
-0.2000,1.6593,1.5801,0.0513,0.1008,9.3408,33.4612,0.0000,0.1449,0.1449,-0.0218,0.0000,0.0000,0.0609,0.0244,0.0000
-0.1999,1.6211,1.5421,0.0494,0.1008,9.2502,33.3299,0.0000,0.1470,0.1470,-0.0172,0.0000,0.0000,0.0609,0.0244,0.0000
-0.2000,1.6434,1.5079,0.0475,0.0905,9.1603,33.2041,0.0000,0.1455,0.1455,-0.0427,0.0000,0.0000,0.0547,0.0219,0.0000
-0.1999,1.5819,1.4771,0.0532,0.0905,9.0657,33.0587,0.0000,0.1478,0.1478,-0.0378,0.0000,0.0000,0.0547,0.0219,0.0000
0.1573,1.5330,1.4971,0.0449,0.0905,8.9812,32.9214,0.0000,0.1540,0.1540,-0.0325,0.0000,0.0000,0.0547,0.0219,0.0000
-0.2000,1.7202,1.4674,0.0395,0.0905,8.9006,32.7965,0.0000,0.1530,0.1530,-0.0277,0.0000,0.0000,0.0547,0.0219,0.0000
-0.2000,1.5997,1.4406,0.0311,0.0905,8.8247,32.6723,0.0000,0.1603,0.1603,-0.0227,0.0000,0.0000,0.0547,0.0219,0.0000
0.1831,1.4743,1.4606,0.0395,0.0943,8.7549,32.5439,0.0000,0.1696,0.1696,-0.0770,0.0000,0.0000,0.0570,0.0228,0.0000
0.2000,1.4444,1.4806,0.0478,0.0943,8.6838,32.4248,0.0000,0.1692,0.1692,-0.0723,0.0000,0.0000,0.0570,0.0228,0.0000
0.2000,1.4508,1.5006,0.0561,0.0943,8.6125,32.3031,0.0000,0.1675,0.1675,-0.0690,0.0000,0.0000,0.0570,0.0228,0.0000
0.2000,1.3761,1.5206,0.0644,0.0943,8.5371,32.1877,0.0000,0.1621,0.1621,-0.0654,0.0000,0.0000,0.0570,0.0228,0.0000
0.2000,1.3988,1.5406,0.0728,0.0943,8.4681,32.0783,0.0000,0.1563,0.1563,-0.0616,0.0000,0.0000,0.0570,0.0228,0.0000
0.2000,1.2821,1.5606,0.0796,0.0943,8.4007,31.9686,0.0000,0.1565,0.1565,-0.0570,0.0000,0.0000,0.0570,0.0228,0.0000
0.1999,1.2821,1.5806,0.0790,0.0853,8.3315,31.8618,0.0000,0.1482,0.1482,-0.0867,0.0000,0.0000,0.0515,0.0206,0.0000
0.2000,1.2767,1.6006,0.0873,0.0853,8.2672,31.7472,0.0000,0.1462,0.1462,-0.0813,0.0000,0.0000,0.0515,0.0206,0.0000
0.2000,1.2615,1.6206,0.0957,0.0853,8.2032,31.6320,0.0000,0.1452,0.1452,-0.0757,0.0000,0.0000,0.0515,0.0206,0.0000
0.2000,1.3044,1.6406,0.1040,0.0853,8.1470,31.5279,0.0000,0.1438,0.1438,-0.0704,0.0000,0.0000,0.0515,0.0206,0.0000
0.2000,1.3079,1.6606,0.1069,0.0853,8.0822,31.4231,0.0000,0.1372,0.1372,-0.0642,0.0000,0.0000,0.0515,0.0206,0.0000
0.2000,1.1748,1.6806,0.1036,0.0853,8.0316,31.3156,0.0000,0.1484,0.1484,-0.0581,0.0000,0.0000,0.0515,0.0206,0.0000
0.2000,1.2218,1.7006,0.0992,0.0894,7.9841,31.2190,0.0000,0.1527,0.1527,-0.0332,0.0000,0.0000,0.0540,0.0216,0.0000
0.2000,1.1810,1.7206,0.0909,0.0894,7.9241,31.1217,0.0000,0.1503,0.1503,-0.0260,0.0000,0.0000,0.0540,0.0216,0.0000
0.2000,1.0692,1.7406,0.0825,0.0894,7.8695,31.0186,0.0000,0.1556,0.1556,-0.0190,0.0000,0.0000,0.0540,0.0216,0.0000
0.2000,1.1329,1.7606,0.0741,0.0894,7.8130,30.9126,0.0000,0.1582,0.1582,-0.0130,0.0000,0.0000,0.0540,0.0216,0.0000
0.2000,1.1571,1.7806,0.0657,0.0894,7.7703,30.8042,0.0000,0.1745,0.1745,-0.0071,0.0000,0.0000,0.0540,0.0216,0.0000
0.2000,1.1925,1.8006,0.0573,0.0894,7.7215,30.6925,0.0000,0.1869,0.1869,-0.0017,0.0000,0.0000,0.0540,0.0216,0.0000
0.2000,1.1590,1.8206,0.0657,0.1191,7.6690,30.5738,0.0000,0.1947,0.1947,-0.0715,0.0000,0.0000,0.0721,0.0288,0.0000
0.2000,1.2110,1.8406,0.0740,0.1191,7.6140,30.4539,0.0000,0.1938,0.1938,-0.0661,0.0000,0.0000,0.0721,0.0288,0.0000
0.2000,1.2885,1.8606,0.0824,0.1191,7.5589,30.3349,0.0000,0.1915,0.1915,-0.0615,0.0000,0.0000,0.0721,0.0288,0.0000
0.2000,1.3095,1.8806,0.0907,0.1191,7.4981,30.2067,0.0000,0.1901,0.1901,-0.0559,0.0000,0.0000,0.0721,0.0288,0.0000
0.2000,1.3018,1.9006,0.0978,0.1191,7.4407,30.0808,0.0000,0.1914,0.1914,-0.0511,0.0000,0.0000,0.0721,0.0288,0.0000
0.1999,1.4082,1.9206,0.0911,0.1040,7.3738,29.9514,0.0000,0.1728,0.1728,-0.1018,0.0000,0.0000,0.0629,0.0252,0.0000
0.2000,1.3726,1.9406,0.0995,0.1040,7.3066,29.8137,0.0000,0.1646,0.1646,-0.0945,0.0000,0.0000,0.0629,0.0252,0.0000
0.2000,1.4441,1.9590,0.1079,0.1040,7.2434,29.6588,0.0000,0.1626,0.1626,-0.0850,0.0000,0.0000,0.0629,0.0252,0.0000
0.2000,1.5198,1.9582,0.1074,0.0952,7.1922,29.4912,0.0000,0.1733,0.1733,-0.1237,0.0000,0.0000,0.0575,0.0230,0.0000
-0.2000,1.6617,1.9182,0.1157,0.0952,7.1271,29.3510,0.0000,0.1522,0.1522,-0.1153,0.0000,0.0000,0.0575,0.0230,0.0000
-0.2000,1.7434,1.8782,0.1241,0.0952,7.0599,29.1921,0.0000,0.1402,0.1402,-0.1055,0.0000,0.0000,0.0575,0.0230,0.0000
0.2000,1.5327,1.8725,0.1325,0.0952,6.9973,29.0282,0.0000,0.1488,0.1488,-0.0959,0.0000,0.0000,0.0575,0.0230,0.0000
-0.2000,1.7114,1.8325,0.1367,0.0910,6.9469,28.8661,0.0000,0.1469,0.1469,-0.1150,0.0000,0.0000,0.0550,0.0220,0.0000
-0.2000,1.7429,1.7925,0.1451,0.0910,6.9094,28.7070,0.0000,0.1644,0.1644,-0.1016,0.0000,0.0000,0.0550,0.0220,0.0000
-0.2000,1.6896,1.7525,0.1417,0.0910,6.8519,28.5513,0.0000,0.1638,0.1638,-0.0908,0.0000,0.0000,0.0550,0.0220,0.0000
-0.2000,1.6317,1.7125,0.1333,0.0910,6.7943,28.3625,0.0000,0.1766,0.1766,-0.0741,0.0000,0.0000,0.0550,0.0220,0.0000
-0.2000,1.6480,1.6725,0.1417,0.0942,6.7479,28.2114,0.0000,0.1778,0.1778,-0.1155,0.0000,0.0000,0.0569,0.0228,0.0000
-0.2000,1.9641,1.6325,0.1435,0.0942,6.7069,28.0329,0.0000,0.1767,0.1767,-0.0980,0.0000,0.0000,0.0569,0.0228,0.0000
-0.2000,1.5709,1.6045,0.1351,0.0942,6.6641,27.8628,0.0000,0.2019,0.2019,-0.0858,0.0000,0.0000,0.0569,0.0228,0.0000
-0.1999,1.8270,1.5645,0.1267,0.0834,6.6177,27.7050,0.0000,0.1918,0.1918,-0.0964,0.0000,0.0000,0.0504,0.0202,0.0000
-0.1999,1.7448,1.5281,0.1183,0.0834,6.5747,27.5379,0.0000,0.2006,0.2006,-0.0812,0.0000,0.0000,0.0504,0.0202,0.0000
-0.2000,1.6332,1.4953,0.1099,0.0834,6.5563,27.3742,0.0000,0.2327,0.2327,-0.0657,0.0000,0.0000,0.0504,0.0202,0.0000
-0.2000,1.7155,1.4657,0.1016,0.0834,6.5176,27.2199,0.0000,0.2306,0.2306,-0.0571,0.0000,0.0000,0.0504,0.0202,0.0000
-0.2000,1.6476,1.4392,0.0932,0.0834,6.4901,27.0516,0.0000,0.2500,0.2500,-0.0445,0.0000,0.0000,0.0504,0.0202,0.0000
-0.2000,1.5779,1.4207,0.0898,0.0884,6.4586,26.8955,0.0000,0.2580,0.2580,-0.0774,0.0000,0.0000,0.0534,0.0214,0.0000
-0.1999,1.6982,1.3986,0.0814,0.0884,6.4251,26.7406,0.0000,0.2522,0.2522,-0.0690,0.0000,0.0000,0.0534,0.0214,0.0000
-0.2000,1.5815,1.3790,0.0730,0.0884,6.4157,26.5831,0.0000,0.2804,0.2804,-0.0589,0.0000,0.0000,0.0534,0.0214,0.0000
-0.2000,1.5730,1.3734,0.0647,0.0884,6.3855,26.4337,0.0000,0.2798,0.2798,-0.0527,0.0000,0.0000,0.0534,0.0214,0.0000
-0.2000,1.5734,1.3680,0.0563,0.0884,6.3570,26.2907,0.0000,0.2798,0.2798,-0.0461,0.0000,0.0000,0.0534,0.0214,0.0000
-0.0013,1.5122,1.3880,0.0592,0.0829,6.3480,26.1454,0.0000,0.2962,0.2962,-0.1196,0.0000,0.0000,0.0501,0.0200,0.0000
0.1038,1.4464,1.4080,0.0665,0.0829,6.3261,26.0161,0.0000,0.2935,0.2935,-0.1129,0.0000,0.0000,0.0501,0.0200,0.0000
0.1471,1.4493,1.4280,0.0672,0.0829,6.3038,25.8816,0.0000,0.2843,0.2843,-0.1095,0.0000,0.0000,0.0501,0.0200,0.0000
0.2000,1.3018,1.4480,0.0594,0.0829,6.2845,25.7507,0.0000,0.2872,0.2872,-0.1038,0.0000,0.0000,0.0501,0.0200,0.0000
0.2000,1.3523,1.4680,0.0546,0.0829,6.2767,25.6405,0.0000,0.2887,0.2887,-0.0994,0.0000,0.0000,0.0501,0.0200,0.0000
0.2000,1.3134,1.4880,0.0503,0.0829,6.2599,25.5214,0.0000,0.2861,0.2861,-0.0952,0.0000,0.0000,0.0501,0.0200,0.0000
0.2000,1.0973,1.5080,0.0482,0.0829,6.2396,25.4022,0.0000,0.2872,0.2872,-0.0925,0.0000,0.0000,0.0501,0.0200,0.0000
0.2000,1.1935,1.5280,0.0398,0.0545,6.2197,25.2994,0.0000,0.2758,0.2758,-0.0700,0.0000,0.0000,0.0329,0.0132,0.0000
0.2000,1.1999,1.5480,0.0314,0.0545,6.2128,25.1929,0.0000,0.2815,0.2815,-0.0658,0.0000,0.0000,0.0329,0.0132,0.0000
0.2000,1.0376,1.5680,0.0230,0.0545,6.1961,25.0829,0.0000,0.2821,0.2821,-0.0634,0.0000,0.0000,0.0329,0.0132,0.0000
0.2000,1.0602,1.5880,0.0146,0.0545,6.1818,24.9657,0.0000,0.2800,0.2800,-0.0605,0.0000,0.0000,0.0329,0.0132,0.0000
0.2000,1.1032,1.6080,0.0062,0.0545,6.1753,24.8603,0.0000,0.2845,0.2845,-0.0569,0.0000,0.0000,0.0329,0.0132,0.0000
0.2000,1.1711,1.6280,-0.0022,0.0545,6.1564,24.7692,0.0000,0.2734,0.2734,-0.0554,0.0000,0.0000,0.0329,0.0132,0.0000
0.1999,1.0487,1.6480,-0.0044,0.0545,6.1421,24.6636,0.0000,0.2730,0.2730,-0.0551,0.0000,0.0000,0.0329,0.0132,0.0000
0.1999,0.9228,1.6680,-0.0036,0.0545,6.1242,24.5578,0.0000,0.2692,0.2692,-0.0543,0.0000,0.0000,0.0329,0.0132,0.0000
0.2000,1.0561,1.6880,0.0048,0.0745,6.1137,24.4489,0.0000,0.2526,0.2526,-0.1298,0.0000,0.0000,0.0450,0.0180,0.0000
0.2000,1.0640,1.7080,0.0132,0.0745,6.1019,24.3390,0.0000,0.2427,0.2427,-0.1298,0.0000,0.0000,0.0450,0.0180,0.0000
0.2000,1.0844,1.7280,0.0216,0.0745,6.0785,24.2227,0.0000,0.2209,0.2209,-0.1289,0.0000,0.0000,0.0450,0.0180,0.0000
0.2000,1.0959,1.7480,0.0300,0.0745,6.0562,24.1053,0.0000,0.2015,0.2015,-0.1270,0.0000,0.0000,0.0450,0.0180,0.0000
0.2000,1.1768,1.7680,0.0216,0.0474,6.0407,23.9798,0.0000,0.1833,0.1833,-0.1375,0.0000,0.0000,0.0285,0.0114,0.0000
0.2000,1.1838,1.7880,0.0300,0.0474,6.0230,23.8556,0.0000,0.1677,0.1677,-0.1356,0.0000,0.0000,0.0285,0.0114,0.0000
0.1999,1.2540,1.8080,0.0383,0.0474,6.0090,23.7263,0.0000,0.1516,0.1516,-0.1336,0.0000,0.0000,0.0285,0.0114,0.0000
0.2000,1.2435,1.8280,0.0466,0.0474,5.9949,23.5867,0.0000,0.1411,0.1411,-0.1314,0.0000,0.0000,0.0285,0.0114,0.0000
0.1999,1.2906,1.8480,0.0549,0.0474,5.9877,23.4407,0.0000,0.1350,0.1350,-0.1273,0.0000,0.0000,0.0285,0.0114,0.0000
0.1999,1.3909,1.8680,0.0633,0.0509,5.9737,23.2966,0.0000,0.1134,0.1134,-0.1662,0.0000,0.0000,0.0307,0.0123,0.0000
0.1999,1.4519,1.8880,0.0717,0.0509,5.9526,23.1573,0.0000,0.0857,0.0857,-0.1625,0.0000,0.0000,0.0307,0.0123,0.0000
0.1999,1.4356,1.9080,0.0801,0.0509,5.9455,22.9941,0.0000,0.0807,0.0807,-0.1546,0.0000,0.0000,0.0307,0.0123,0.0000
0.1999,1.3972,1.9280,0.0885,0.0509,5.9303,22.8465,0.0000,0.0664,0.0664,-0.1510,0.0000,0.0000,0.0307,0.0123,0.0000
-0.2000,1.6231,1.8880,0.0852,0.0392,5.9098,22.6973,0.0000,0.0262,0.0262,-0.1656,0.0000,0.0000,0.0236,0.0095,0.0000
0.2000,1.4712,1.9080,0.0936,0.0392,5.8956,22.5345,0.0000,0.0230,0.0230,-0.1565,0.0000,0.0000,0.0236,0.0095,0.0000
0.1999,1.4936,1.9280,0.1019,0.0392,5.8889,22.3682,0.0000,0.0119,0.0119,-0.1489,0.0000,0.0000,0.0236,0.0095,0.0000
-0.2000,1.6213,1.8880,0.1103,0.0392,5.8928,22.1850,0.0000,0.0058,0.0058,-0.1381,0.0000,0.0000,0.0236,0.0095,0.0000
-0.2000,1.6536,1.8480,0.1147,0.0353,5.8948,22.0137,0.0000,0.0042,0.0042,-0.1268,0.0000,0.0000,0.0213,0.0085,0.0000
-0.2000,1.8237,1.8080,0.1231,0.0353,5.8911,21.8480,0.0000,-0.0115,-0.0115,-0.1196,0.0000,0.0000,0.0213,0.0085,0.0000
-0.2000,1.7023,1.7680,0.1315,0.0353,5.9007,21.6772,0.0000,0.0075,0.0075,-0.1077,0.0000,0.0000,0.0213,0.0085,0.0000
-0.2000,1.6458,1.7280,0.1399,0.0353,5.9104,21.5093,0.0000,0.0205,0.0205,-0.0977,0.0000,0.0000,0.0213,0.0085,0.0000
-0.2000,1.7047,1.6880,0.1483,0.0413,5.9114,21.3543,0.0000,0.0114,0.0114,-0.1404,0.0000,0.0000,0.0249,0.0100,0.0000
-0.2000,1.6733,1.6480,0.1567,0.0413,5.9061,21.1961,0.0000,0.0016,0.0016,-0.1301,0.0000,0.0000,0.0249,0.0100,0.0000
0.2000,1.5389,1.6680,0.1650,0.0413,5.9511,21.0096,0.0000,0.0556,0.0556,-0.1058,0.0000,0.0000,0.0249,0.0100,0.0000
0.1773,1.5712,1.6759,0.1679,0.0413,5.9480,20.8563,0.0000,0.0412,0.0412,-0.0995,0.0000,0.0000,0.0249,0.0100,0.0000
-0.1999,1.9359,1.6359,0.1595,0.0213,5.9457,20.7069,0.0000,0.0152,0.0152,-0.0985,0.0000,0.0000,0.0129,0.0051,0.0000
0.2001,1.5200,1.6559,0.1511,0.0213,5.9847,20.5598,0.0000,0.0795,0.0795,-0.0712,0.0000,0.0000,0.0129,0.0051,0.0000
0.2000,1.4812,1.6759,0.1427,0.0213,6.0084,20.4212,0.0000,0.0995,0.0995,-0.0579,0.0000,0.0000,0.0129,0.0051,0.0000
0.2000,1.5465,1.6959,0.1343,0.0213,6.0133,20.2680,0.0000,0.0928,0.0928,-0.0494,0.0000,0.0000,0.0129,0.0051,0.0000
0.2000,1.4044,1.7159,0.1259,0.0213,6.0573,20.1153,0.0000,0.1408,0.1408,-0.0253,0.0000,0.0000,0.0129,0.0051,0.0000
-0.2000,1.5192,1.6759,0.1175,0.0207,6.0712,19.9680,0.0000,0.1411,0.1411,-0.0281,0.0000,0.0000,0.0125,0.0050,0.0000
-0.2000,1.6048,1.6359,0.1091,0.0207,6.0791,19.8154,0.0000,0.1375,0.1375,-0.0191,0.0000,0.0000,0.0125,0.0050,0.0000
0.2000,1.4672,1.6559,0.1007,0.0207,6.1331,19.6624,0.0000,0.1915,0.1915,0.0032,0.0000,0.0000,0.0125,0.0050,0.0000
-0.2000,1.5148,1.6159,0.0923,0.0207,6.1467,19.5194,0.0000,0.1909,0.1909,0.0060,0.0000,0.0000,0.0125,0.0050,0.0000
-0.2000,1.6370,1.5759,0.0839,0.0207,6.1999,19.3792,0.0000,0.2405,0.2405,0.0211,0.0000,0.0000,0.0125,0.0050,0.0000
-0.2000,1.4240,1.5383,0.0755,0.0190,6.2240,19.2422,0.0000,0.2473,0.2473,0.0047,0.0000,0.0000,0.0114,0.0046,0.0000
-0.2000,1.5063,1.5045,0.0671,0.0190,6.2335,19.0989,0.0000,0.2421,0.2421,0.0101,0.0000,0.0000,0.0114,0.0046,0.0000
0.2000,1.3795,1.5245,0.0587,0.0190,6.2538,18.9555,0.0000,0.2470,0.2470,0.0163,0.0000,0.0000,0.0114,0.0046,0.0000
-0.2000,1.4214,1.4920,0.0504,0.0190,6.2965,18.8348,0.0000,0.2845,0.2845,0.0314,0.0000,0.0000,0.0114,0.0046,0.0000
-0.2000,1.4369,1.4628,0.0420,0.0190,6.3256,18.6977,0.0000,0.2962,0.2962,0.0323,0.0000,0.0000,0.0114,0.0046,0.0000
0.2000,1.2850,1.4828,0.0336,0.0190,6.3587,18.5791,0.0000,0.3149,0.3149,0.0385,0.0000,0.0000,0.0114,0.0046,0.0000
-0.2000,1.3897,1.4545,0.0252,0.0121,6.3818,18.4472,0.0000,0.3223,0.3223,0.0317,0.0000,0.0000,0.0073,0.0029,0.0000
0.2000,1.2243,1.4745,0.0168,0.0121,6.4014,18.3205,0.0000,0.3234,0.3234,0.0349,0.0000,0.0000,0.0073,0.0029,0.0000
-0.2000,1.3280,1.4471,0.0085,0.0121,6.4424,18.2014,0.0000,0.3546,0.3546,0.0431,0.0000,0.0000,0.0073,0.0029,0.0000
0.2000,1.2701,1.4671,0.0001,0.0121,6.4686,18.0727,0.0000,0.3614,0.3614,0.0432,0.0000,0.0000,0.0073,0.0029,0.0000
0.2000,1.2564,1.4871,-0.0083,0.0121,6.4927,17.9501,0.0000,0.3684,0.3684,0.0441,0.0000,0.0000,0.0073,0.0029,0.0000
-0.1696,1.3021,1.4584,-0.0167,0.0094,6.5222,17.8440,0.0000,0.3858,0.3858,0.0365,0.0000,0.0000,0.0057,0.0023,0.0000
0.0431,1.2390,1.4325,-0.0251,0.0094,6.5442,17.7233,0.0000,0.3878,0.3878,0.0356,0.0000,0.0000,0.0057,0.0023,0.0000
0.0431,1.0928,1.4525,-0.0251,0.0094,6.5666,17.6130,0.0000,0.3901,0.3901,0.0345,0.0000,0.0000,0.0057,0.0023,0.0000
0.0431,1.2162,1.4273,-0.0251,0.0094,6.5842,17.5003,0.0000,0.3920,0.3920,0.0332,0.0000,0.0000,0.0057,0.0023,0.0000
0.0431,1.1160,1.4473,-0.0251,0.0094,6.6084,17.3915,0.0000,0.3970,0.3970,0.0316,0.0000,0.0000,0.0057,0.0023,0.0000
0.2000,1.1311,1.4673,-0.0335,0.0094,6.6347,17.2766,0.0000,0.4047,0.4047,0.0291,0.0000,0.0000,0.0057,0.0023,0.0000
0.1999,1.1053,1.4873,-0.0419,0.0094,6.6637,17.1584,0.0000,0.4141,0.4141,0.0271,0.0000,0.0000,0.0057,0.0023,0.0000
-0.0874,1.1675,1.4586,-0.0503,0.0041,6.6856,17.0478,0.0000,0.4176,0.4176,-0.0022,0.0000,0.0000,0.0025,0.0010,0.0000
0.1267,1.2069,1.4327,-0.0587,0.0041,6.7019,16.9396,0.0000,0.4132,0.4132,-0.0043,0.0000,0.0000,0.0025,0.0010,0.0000
0.2000,1.1177,1.4094,-0.0671,0.0041,6.7236,16.8408,0.0000,0.4153,0.4153,-0.0075,0.0000,0.0000,0.0025,0.0010,0.0000
0.2000,1.0847,1.4294,-0.0671,0.0041,6.7467,16.7481,0.0000,0.4206,0.4206,-0.0096,0.0000,0.0000,0.0025,0.0010,0.0000
0.1999,1.0022,1.4494,-0.0755,0.0041,6.7625,16.6499,0.0000,0.4164,0.4164,-0.0150,0.0000,0.0000,0.0025,0.0010,0.0000
0.1999,0.9462,1.4694,-0.0839,0.0041,6.7709,16.5529,0.0000,0.4054,0.4054,-0.0202,0.0000,0.0000,0.0025,0.0010,0.0000
0.1999,0.9669,1.4894,-0.0923,0.0041,6.7846,16.4583,0.0000,0.3997,0.3997,-0.0248,0.0000,0.0000,0.0025,0.0010,0.0000
0.1999,0.9669,1.5094,-0.0985,0.0041,6.8053,16.3600,0.0000,0.4005,0.4005,-0.0294,0.0000,0.0000,0.0025,0.0010,0.0000
0.2000,0.9491,1.5294,-0.1069,-0.0077,6.8224,16.2595,0.0000,0.3980,0.3980,-0.0096,0.0000,0.0000,-0.0047,-0.0019,0.0000
0.1999,0.9942,1.5494,-0.1153,-0.0077,6.8389,16.1609,0.0000,0.3963,0.3963,-0.0153,0.0000,0.0000,-0.0047,-0.0019,0.0000
-0.1491,1.0109,1.5145,-0.1139,-0.0077,6.8514,16.0584,0.0000,0.3900,0.3900,-0.0213,0.0000,0.0000,-0.0047,-0.0019,0.0000
0.2002,0.9908,1.5345,-0.1080,-0.0077,6.8664,15.9440,0.0000,0.3837,0.3837,-0.0291,0.0000,0.0000,-0.0047,-0.0019,0.0000
-0.1341,1.0250,1.5010,-0.1033,-0.0077,6.8761,15.8317,0.0000,0.3720,0.3720,-0.0365,0.0000,0.0000,-0.0047,-0.0019,0.0000
0.0993,1.1444,1.4709,-0.0995,-0.0077,6.8927,15.7149,0.0000,0.3646,0.3646,-0.0433,0.0000,0.0000,-0.0047,-0.0019,0.0000
0.1993,1.1190,1.4438,-0.0922,0.0058,6.9008,15.5937,0.0000,0.3524,0.3524,-0.0325,0.0000,0.0000,0.0035,0.0014,0.0000
0.1752,1.1695,1.4195,-0.0872,0.0058,6.9099,15.4772,0.0000,0.3407,0.3407,-0.0398,0.0000,0.0000,0.0035,0.0014,0.0000
0.0926,1.2065,1.3975,-0.0818,0.0058,6.9195,15.3543,0.0000,0.3286,0.3286,-0.0472,0.0000,0.0000,0.0035,0.0014,0.0000
0.1928,1.1591,1.3778,-0.0760,0.0058,6.9239,15.2289,0.0000,0.3132,0.3132,-0.0541,0.0000,0.0000,0.0035,0.0014,0.0000
0.0576,1.2235,1.3600,-0.0698,0.0058,6.9266,15.1156,0.0000,0.2954,0.2954,-0.0601,0.0000,0.0000,0.0035,0.0014,0.0000
0.0011,1.2464,1.3440,-0.0614,0.0174,6.9290,14.9997,0.0000,0.2767,0.2767,-0.0935,0.0000,0.0000,0.0105,0.0042,0.0000
0.0975,1.1257,1.3296,-0.0530,0.0174,6.9377,14.8732,0.0000,0.2670,0.2670,-0.0997,0.0000,0.0000,0.0105,0.0042,0.0000
0.1026,1.1505,1.3166,-0.0446,0.0174,6.9517,14.7514,0.0000,0.2568,0.2568,-0.1052,0.0000,0.0000,0.0105,0.0042,0.0000
-0.0033,1.2574,1.3050,-0.0362,0.0174,6.9536,14.6343,0.0000,0.2309,0.2309,-0.1104,0.0000,0.0000,0.0105,0.0042,0.0000
-0.0009,1.2149,1.2945,-0.0278,0.0174,6.9499,14.5142,0.0000,0.2076,0.2076,-0.1148,0.0000,0.0000,0.0105,0.0042,0.0000
0.0499,1.1625,1.2850,-0.0194,0.0174,6.9457,14.4011,0.0000,0.1861,0.1861,-0.1185,0.0000,0.0000,0.0105,0.0042,0.0000
0.0351,1.1933,1.2765,-0.0234,0.0050,6.9427,14.2861,0.0000,0.1606,0.1606,-0.1431,0.0000,0.0000,0.0030,0.0012,0.0000
0.0993,1.1235,1.2689,-0.0150,0.0050,6.9451,14.1700,0.0000,0.1461,0.1461,-0.1441,0.0000,0.0000,0.0030,0.0012,0.0000
0.1005,1.1416,1.2620,-0.0066,0.0050,6.9441,14.0608,0.0000,0.1221,0.1221,-0.1470,0.0000,0.0000,0.0030,0.0012,0.0000
0.0860,1.1514,1.2558,0.0018,0.0050,6.9519,13.9470,0.0000,0.1066,0.1066,-0.1498,0.0000,0.0000,0.0030,0.0012,0.0000
0.2010,1.0841,1.2502,0.0102,0.0050,6.9593,13.8381,0.0000,0.0983,0.0983,-0.1510,0.0000,0.0000,0.0030,0.0012,0.0000
0.1317,1.1302,1.2452,0.0186,0.0050,6.9677,13.7360,0.0000,0.0838,0.0838,-0.1520,0.0000,0.0000,0.0030,0.0012,0.0000
0.1997,1.0814,1.2407,0.0270,0.0050,6.9708,13.6347,0.0000,0.0721,0.0721,-0.1518,0.0000,0.0000,0.0030,0.0012,0.0000
0.2000,1.0156,1.2366,0.0353,0.0050,6.9764,13.5320,0.0000,0.0639,0.0639,-0.1514,0.0000,0.0000,0.0030,0.0012,0.0000
0.2000,1.0054,1.2329,0.0337,-0.0051,6.9838,13.4278,0.0000,0.0562,0.0562,-0.1183,0.0000,0.0000,-0.0030,-0.0012,0.0000
0.2000,1.0187,1.2296,0.0421,-0.0051,6.9910,13.3218,0.0000,0.0472,0.0472,-0.1170,0.0000,0.0000,-0.0030,-0.0012,0.0000
0.1999,1.0366,1.2267,0.0505,-0.0051,6.9920,13.2211,0.0000,0.0328,0.0328,-0.1153,0.0000,0.0000,-0.0030,-0.0012,0.0000
0.1996,1.0532,1.2240,0.0588,-0.0051,7.0014,13.1202,0.0000,0.0271,0.0271,-0.1127,0.0000,0.0000,-0.0030,-0.0012,0.0000
0.2000,0.9986,1.2216,0.0672,-0.0051,7.0077,13.0206,0.0000,0.0227,0.0227,-0.1101,0.0000,0.0000,-0.0030,-0.0012,0.0000
0.2000,1.0052,1.2195,0.0756,-0.0051,7.0088,12.9195,0.0000,0.0097,0.0097,-0.1069,0.0000,0.0000,-0.0030,-0.0012,0.0000
0.2000,0.9907,1.2175,0.0840,-0.0051,7.0357,12.8288,0.0000,0.0268,0.0268,-0.0999,0.0000,0.0000,-0.0030,-0.0012,0.0000
0.2000,1.0020,1.2158,0.0924,0.0152,7.0462,12.7282,0.0000,0.0206,0.0206,-0.1100,0.0000,0.0000,0.0092,0.0037,0.0000
0.2000,0.9463,1.2142,0.1008,0.0152,7.0522,12.6349,0.0000,0.0158,0.0158,-0.1072,0.0000,0.0000,0.0092,0.0037,0.0000
0.2000,1.0035,1.2128,0.1091,0.0152,7.0534,12.5370,0.0000,0.0001,0.0001,-0.1034,0.0000,0.0000,0.0092,0.0037,0.0000
0.2000,0.9268,1.2115,0.1174,0.0152,7.0616,12.4360,0.0000,-0.0021,-0.0021,-0.0987,0.0000,0.0000,0.0092,0.0037,0.0000
0.2000,0.9697,1.2103,0.1258,0.0152,7.0740,12.3463,0.0000,-0.0041,-0.0041,-0.0939,0.0000,0.0000,0.0092,0.0037,0.0000
0.2000,1.0055,1.2093,0.1342,0.0152,7.1004,12.2655,0.0000,0.0127,0.0127,-0.0828,0.0000,0.0000,0.0092,0.0037,0.0000
0.2000,0.9002,1.2084,0.1426,0.0152,7.1177,12.1774,0.0000,0.0209,0.0209,-0.0805,0.0000,0.0000,0.0092,0.0037,0.0000
0.2000,0.8572,1.2075,0.1448,0.0152,7.1252,12.0927,0.0000,0.0185,0.0185,-0.0757,0.0000,0.0000,0.0092,0.0037,0.0000
0.2000,0.8921,1.2068,0.1376,0.0159,7.1404,12.0126,0.0000,0.0235,0.0235,-0.0658,0.0000,0.0000,0.0096,0.0038,0.0000
0.2000,0.8429,1.2061,0.1292,0.0159,7.1773,11.9201,0.0000,0.0509,0.0509,-0.0558,0.0000,0.0000,0.0096,0.0038,0.0000
0.2000,0.8148,1.2055,0.1208,0.0159,7.1944,11.8316,0.0000,0.0554,0.0554,-0.0530,0.0000,0.0000,0.0096,0.0038,0.0000
0.2000,1.0024,1.2049,0.1124,0.0159,7.2066,11.7519,0.0000,0.0522,0.0522,-0.0477,0.0000,0.0000,0.0096,0.0038,0.0000
0.2000,0.8945,1.2044,0.1041,0.0159,7.2301,11.6670,0.0000,0.0689,0.0689,-0.0374,0.0000,0.0000,0.0096,0.0038,0.0000
0.2000,0.8008,1.2040,0.0958,0.0159,7.2478,11.5863,0.0000,0.0762,0.0762,-0.0343,0.0000,0.0000,0.0096,0.0038,0.0000
0.2000,0.8823,1.2036,0.0876,0.0159,7.2607,11.5037,0.0000,0.0761,0.0761,-0.0302,0.0000,0.0000,0.0096,0.0038,0.0000
0.2000,0.8209,1.2032,0.0792,0.0159,7.2810,11.4157,0.0000,0.0849,0.0849,-0.0251,0.0000,0.0000,0.0096,0.0038,0.0000
0.2000,0.8292,1.2029,0.0783,0.0235,7.2900,11.3307,0.0000,0.0824,0.0824,-0.0040,0.0000,0.0000,0.0142,0.0057,0.0000
0.2000,0.8983,1.2026,0.0701,0.0235,7.3024,11.2394,0.0000,0.0831,0.0831,0.0003,0.0000,0.0000,0.0142,0.0057,0.0000
0.2000,0.8474,1.2024,0.0617,0.0235,7.3197,11.1583,0.0000,0.0903,0.0903,0.0046,0.0000,0.0000,0.0142,0.0057,0.0000
0.2000,0.9131,1.2021,0.0533,0.0235,7.3348,11.0631,0.0000,0.0936,0.0936,0.0092,0.0000,0.0000,0.0142,0.0057,0.0000
0.2000,0.8238,1.2019,0.0449,0.0235,7.3533,10.9683,0.0000,0.0995,0.0995,0.0135,0.0000,0.0000,0.0142,0.0057,0.0000
0.2000,0.9565,1.2017,0.0366,0.0235,7.3698,10.8803,0.0000,0.1052,0.1052,0.0162,0.0000,0.0000,0.0142,0.0057,0.0000
0.2000,0.9585,1.2016,0.0282,0.0235,7.3912,10.7854,0.0000,0.1139,0.1139,0.0191,0.0000,0.0000,0.0142,0.0057,0.0000
0.2000,0.8882,1.2014,0.0366,0.0407,7.4094,10.6885,0.0000,0.1177,0.1177,-0.0353,0.0000,0.0000,0.0245,0.0098,0.0000
0.2000,0.9652,1.2013,0.0282,0.0407,7.4331,10.5894,0.0000,0.1210,0.1210,-0.0324,0.0000,0.0000,0.0245,0.0098,0.0000
0.2000,0.9778,1.2011,0.0198,0.0407,7.4928,10.4830,0.0000,0.1635,0.1635,-0.0209,0.0000,0.0000,0.0245,0.0098,0.0000
0.2000,1.0118,1.2010,0.0114,0.0407,7.5206,10.3804,0.0000,0.1681,0.1681,-0.0241,0.0000,0.0000,0.0245,0.0098,0.0000
0.0240,1.2292,1.2009,0.0030,0.0407,7.5388,10.2877,0.0000,0.1638,0.1638,-0.0253,0.0000,0.0000,0.0245,0.0098,0.0000
0.1811,1.0528,1.2008,-0.0054,0.0407,7.5531,10.2265,0.0000,0.1716,0.1716,-0.0179,0.0000,0.0000,0.0245,0.0098,0.0000
0.2000,0.9366,1.2007,-0.0138,0.0407,7.5726,10.1389,0.0000,0.1730,0.1730,-0.0202,0.0000,0.0000,0.0245,0.0098,0.0000
0.1999,0.6264,1.2007,-0.0222,0.0407,7.5984,10.0497,0.0000,0.1833,0.1833,-0.0207,0.0000,0.0000,0.0245,0.0098,0.0000
0.2000,0.8893,1.2006,-0.0306,0.0228,7.6150,9.9578,0.0000,0.1803,0.1803,0.0066,0.0000,0.0000,0.0137,0.0055,0.0000
0.2000,0.9205,1.2005,-0.0390,0.0228,7.6327,9.8632,0.0000,0.1805,0.1805,0.0050,0.0000,0.0000,0.0137,0.0055,0.0000
0.2000,0.9255,1.2005,-0.0474,0.0228,7.6521,9.7727,0.0000,0.1832,0.1832,0.0034,0.0000,0.0000,0.0137,0.0055,0.0000
0.2000,0.9540,1.2004,-0.0558,0.0228,7.6651,9.6787,0.0000,0.1789,0.1789,0.0019,0.0000,0.0000,0.0137,0.0055,0.0000
0.2000,0.9174,1.2004,-0.0642,0.0228,7.6811,9.5893,0.0000,0.1779,0.1779,-0.0005,0.0000,0.0000,0.0137,0.0055,0.0000
0.2000,0.9419,1.2004,-0.0725,0.0228,7.6976,9.4994,0.0000,0.1770,0.1770,-0.0034,0.0000,0.0000,0.0137,0.0055,0.0000
0.2000,0.9004,1.2003,-0.0787,0.0228,7.7218,9.3985,0.0000,0.1812,0.1812,-0.0080,0.0000,0.0000,0.0137,0.0055,0.0000
0.2000,0.9064,1.2003,-0.0703,0.0466,7.7411,9.3010,0.0000,0.1806,0.1806,-0.0270,0.0000,0.0000,0.0281,0.0112,0.0000
0.2000,1.0269,1.2003,-0.0619,0.0466,7.7560,9.2047,0.0000,0.1742,0.1742,-0.0295,0.0000,0.0000,0.0281,0.0112,0.0000
0.2000,0.9854,1.2002,-0.0535,0.0466,7.7712,9.1089,0.0000,0.1684,0.1684,-0.0358,0.0000,0.0000,0.0281,0.0112,0.0000
0.2000,0.9661,1.2002,-0.0451,0.0466,7.7868,9.0111,0.0000,0.1626,0.1626,-0.0418,0.0000,0.0000,0.0281,0.0112,0.0000
0.2000,0.9621,1.2002,-0.0367,0.0466,7.8054,8.9136,0.0000,0.1601,0.1601,-0.0470,0.0000,0.0000,0.0281,0.0112,0.0000
0.2000,0.9826,1.2002,-0.0283,0.0466,7.8322,8.8057,0.0000,0.1645,0.1645,-0.0488,0.0000,0.0000,0.0281,0.0112,0.0000
0.2000,0.9828,1.2002,-0.0199,0.0466,7.8170,8.6994,0.0000,0.1285,0.1285,-0.0508,0.0000,0.0000,0.0281,0.0112,0.0000
0.1502,1.1019,1.2001,-0.0115,0.0556,7.8202,8.5815,0.0000,0.1043,0.1043,-0.0456,0.0000,0.0000,0.0335,0.0134,0.0000
0.1999,1.0674,1.2001,-0.0031,0.0556,7.8433,8.5167,0.0000,0.1172,0.1172,-0.0439,0.0000,0.0000,0.0335,0.0134,0.0000
0.0804,1.1739,1.2001,0.0053,0.0556,7.8466,8.4291,0.0000,0.1006,0.1006,-0.0475,0.0000,0.0000,0.0335,0.0134,0.0000
0.2000,0.6842,1.2001,0.0137,0.0556,7.8602,8.3348,0.0000,0.1083,0.1083,-0.0491,0.0000,0.0000,0.0335,0.0134,0.0000
0.2000,0.8710,1.2001,0.0220,0.0556,7.8709,8.2408,0.0000,0.0981,0.0981,-0.0482,0.0000,0.0000,0.0335,0.0134,0.0000
0.2000,0.9442,1.2001,0.0304,0.0556,7.8864,8.1275,0.0000,0.0913,0.0913,-0.0487,0.0000,0.0000,0.0335,0.0134,0.0000
0.2000,0.9381,1.2001,0.0388,0.0556,7.9072,8.0087,0.0000,0.0925,0.0925,-0.0453,0.0000,0.0000,0.0335,0.0134,0.0000
0.1178,1.1342,1.2001,0.0472,0.0768,7.9291,7.9060,0.0000,0.0881,0.0881,-0.0629,0.0000,0.0000,0.0464,0.0185,0.0000
0.0348,1.1965,1.2001,0.0556,0.0768,7.9387,7.8101,0.0000,0.0771,0.0771,-0.0628,0.0000,0.0000,0.0464,0.0185,0.0000
0.1727,1.0406,1.2001,0.0639,0.0768,7.9463,7.7232,0.0000,0.0732,0.0732,-0.0618,0.0000,0.0000,0.0464,0.0185,0.0000
0.2000,0.9552,1.2000,0.0723,0.0768,7.9549,7.6363,0.0000,0.0682,0.0682,-0.0603,0.0000,0.0000,0.0464,0.0185,0.0000
0.2000,0.8652,1.2000,0.0807,0.0768,7.9651,7.5502,0.0000,0.0650,0.0650,-0.0587,0.0000,0.0000,0.0464,0.0185,0.0000
0.2000,0.8659,1.2000,0.0891,0.0768,7.9835,7.4632,0.0000,0.0675,0.0675,-0.0558,0.0000,0.0000,0.0464,0.0185,0.0000
0.2000,0.8592,1.2000,0.0928,0.0768,8.0108,7.3830,0.0000,0.0823,0.0823,-0.0481,0.0000,0.0000,0.0464,0.0185,0.0000
0.2000,0.8833,1.2000,0.0910,0.0768,8.0297,7.2900,0.0000,0.0834,0.0834,-0.0456,0.0000,0.0000,0.0464,0.0185,0.0000
0.2000,0.8469,1.2000,0.0994,0.0890,8.0419,7.2016,0.0000,0.0786,0.0786,-0.0910,0.0000,0.0000,0.0537,0.0215,0.0000
0.2000,0.9417,1.2000,0.1078,0.0890,8.0524,7.1108,0.0000,0.0643,0.0643,-0.0876,0.0000,0.0000,0.0537,0.0215,0.0000
0.2000,0.8845,1.2000,0.1162,0.0890,8.0620,7.0199,0.0000,0.0561,0.0561,-0.0831,0.0000,0.0000,0.0537,0.0215,0.0000
0.2000,0.9061,1.2000,0.1246,0.0890,8.0957,6.9335,0.0000,0.0721,0.0721,-0.0721,0.0000,0.0000,0.0537,0.0215,0.0000
0.2000,0.9055,1.2000,0.1330,0.0890,8.1210,6.8466,0.0000,0.0763,0.0763,-0.0709,0.0000,0.0000,0.0537,0.0215,0.0000
0.2000,0.9321,1.2000,0.1414,0.0890,8.1421,6.7616,0.0000,0.0771,0.0771,-0.0672,0.0000,0.0000,0.0537,0.0215,0.0000
0.2000,0.8979,1.2000,0.1418,0.0890,8.1624,6.6743,0.0000,0.0790,0.0790,-0.0623,0.0000,0.0000,0.0537,0.0215,0.0000
0.2000,0.8695,1.2000,0.1371,0.0890,8.1798,6.5847,0.0000,0.0777,0.0777,-0.0567,0.0000,0.0000,0.0537,0.0215,0.0000
0.2000,0.8903,1.2000,0.1455,0.0933,8.1993,6.5009,0.0000,0.0761,0.0761,-0.0779,0.0000,0.0000,0.0564,0.0226,0.0000
0.2000,0.9059,1.2000,0.1539,0.0933,8.2149,6.4076,0.0000,0.0690,0.0690,-0.0704,0.0000,0.0000,0.0564,0.0226,0.0000
0.2000,0.8542,1.2000,0.1455,0.0933,8.3027,6.2963,0.0000,0.1356,0.1356,-0.0472,0.0000,0.0000,0.0564,0.0226,0.0000
0.2000,0.9381,1.2000,0.1372,0.0933,8.3275,6.1965,0.0000,0.1318,0.1318,-0.0452,0.0000,0.0000,0.0564,0.0226,0.0000
0.0000,1.4595,1.2000,0.1456,0.1080,8.3252,6.0970,0.0000,0.0942,0.0942,-0.0701,0.0000,0.0000,0.0653,0.0261,0.0000
0.2000,1.0198,1.2000,0.1372,0.0933,8.3492,6.0233,0.0000,0.1148,0.1148,-0.0251,0.0000,0.0000,0.0564,0.0226,0.0000
0.2000,0.9761,1.2000,0.1435,0.1080,8.3471,5.9556,0.0000,0.0974,0.0974,-0.0541,0.0000,0.0000,0.0653,0.0261,0.0000
0.2000,0.6642,1.2000,0.1351,0.0933,8.4180,5.8827,0.0000,0.1535,0.1535,-0.0088,0.0000,0.0000,0.0564,0.0226,0.0000
0.2000,0.6642,1.2000,0.1412,0.1080,8.4555,5.8154,0.0000,0.1706,0.1706,-0.0440,0.0000,0.0000,0.0653,0.0261,0.0000
0.2000,0.6642,1.2000,0.1328,0.1080,8.4811,5.7411,0.0000,0.1739,0.1739,-0.0405,0.0000,0.0000,0.0653,0.0261,0.0000
0.2000,0.7627,1.2000,0.1245,0.1080,8.4932,5.6468,0.0000,0.1588,0.1588,-0.0311,0.0000,0.0000,0.0653,0.0261,0.0000
0.2000,0.7805,1.2000,0.1161,0.1080,8.5177,5.5640,0.0000,0.1582,0.1582,-0.0281,0.0000,0.0000,0.0653,0.0261,0.0000
0.2000,0.8556,1.2000,0.1077,0.1080,8.5960,5.4794,0.0000,0.2149,0.2149,-0.0085,0.0000,0.0000,0.0653,0.0261,0.0000
0.2000,0.8556,1.2000,0.0993,0.1080,8.6227,5.4033,0.0000,0.2174,0.2174,-0.0089,0.0000,0.0000,0.0653,0.0261,0.0000
0.2000,0.7991,1.2000,0.0909,0.1080,8.6520,5.3278,0.0000,0.2238,0.2238,-0.0066,0.0000,0.0000,0.0653,0.0261,0.0000
0.2000,0.7991,1.2000,0.0935,0.1191,8.6743,5.2518,0.0000,0.2238,0.2238,-0.0226,0.0000,0.0000,0.0721,0.0288,0.0000
0.2000,0.8037,1.2000,0.0851,0.1191,8.7016,5.1884,0.0000,0.2329,0.2329,-0.0140,0.0000,0.0000,0.0721,0.0288,0.0000
0.2000,0.7862,1.2000,0.0767,0.1191,8.7282,5.1114,0.0000,0.2348,0.2348,-0.0111,0.0000,0.0000,0.0721,0.0288,0.0000
0.2000,0.6894,1.2000,0.0683,0.1191,8.7584,5.0359,0.0000,0.2413,0.2413,-0.0071,0.0000,0.0000,0.0721,0.0288,0.0000
0.2000,0.8086,1.2000,0.0599,0.1191,8.7923,4.9546,0.0000,0.2486,0.2486,-0.0035,0.0000,0.0000,0.0721,0.0288,0.0000
0.2000,0.8075,1.2000,0.0515,0.1191,8.8628,4.8498,0.0000,0.2878,0.2878,0.0110,0.0000,0.0000,0.0721,0.0288,0.0000
0.2000,0.8752,1.2000,0.0435,0.1191,8.9086,4.7689,0.0000,0.3051,0.3051,0.0096,0.0000,0.0000,0.0721,0.0288,0.0000
-0.0001,1.2726,1.2000,0.0519,0.1444,8.9446,4.6860,0.0000,0.3072,0.3072,-0.0387,0.0000,0.0000,0.0876,0.0350,0.0000
0.1999,0.9201,1.2000,0.0436,0.1444,8.9747,4.6072,0.0000,0.3142,0.3142,-0.0365,0.0000,0.0000,0.0876,0.0350,0.0000
0.2000,0.8962,1.2000,0.0428,0.1444,8.9999,4.5270,0.0000,0.3099,0.3099,-0.0341,0.0000,0.0000,0.0876,0.0350,0.0000
0.2000,0.8369,1.2000,0.0413,0.1444,9.0281,4.4450,0.0000,0.3082,0.3082,-0.0319,0.0000,0.0000,0.0876,0.0350,0.0000
0.2000,0.8339,1.2000,0.0397,0.1444,9.0546,4.3717,0.0000,0.3071,0.3071,-0.0294,0.0000,0.0000,0.0876,0.0350,0.0000
0.2000,0.8591,1.2000,0.0378,0.1444,9.0833,4.2953,0.0000,0.3067,0.3067,-0.0267,0.0000,0.0000,0.0876,0.0350,0.0000
0.2000,0.7731,1.2000,0.0367,0.1444,9.1109,4.2088,0.0000,0.3028,0.3028,-0.0241,0.0000,0.0000,0.0876,0.0350,0.0000
0.2000,0.8099,1.2000,0.0349,0.1444,9.1395,4.1296,0.0000,0.3012,0.3012,-0.0215,0.0000,0.0000,0.0876,0.0350,0.0000
0.2000,0.8991,1.2000,0.0326,0.1444,9.1681,4.0472,0.0000,0.2984,0.2984,-0.0177,0.0000,0.0000,0.0876,0.0350,0.0000
0.2000,0.8350,1.2000,0.0410,0.1581,9.2030,3.9669,0.0000,0.3029,0.3029,-0.0225,0.0000,0.0000,0.0960,0.0384,0.0000
0.2000,0.8650,1.2000,0.0474,0.1581,9.2351,3.8861,0.0000,0.3032,0.3032,-0.0204,0.0000,0.0000,0.0960,0.0384,0.0000
0.2000,0.8684,1.2000,0.0467,0.1581,9.2706,3.8065,0.0000,0.3075,0.3075,-0.0182,0.0000,0.0000,0.0960,0.0384,0.0000
0.2000,0.8630,1.2000,0.0435,0.1581,9.3048,3.7245,0.0000,0.3097,0.3097,-0.0161,0.0000,0.0000,0.0960,0.0384,0.0000
0.2000,0.8642,1.2000,0.0437,0.1581,9.3381,3.6458,0.0000,0.3121,0.3121,-0.0142,0.0000,0.0000,0.0960,0.0384,0.0000
0.2000,0.8815,1.2000,0.0398,0.1581,9.3743,3.5668,0.0000,0.3169,0.3169,-0.0125,0.0000,0.0000,0.0960,0.0384,0.0000
0.2000,0.8474,1.2000,0.0384,0.1581,9.4100,3.4926,0.0000,0.3233,0.3233,-0.0111,0.0000,0.0000,0.0960,0.0384,0.0000
0.2000,0.8622,1.2000,0.0300,0.1581,9.4669,3.4133,0.0000,0.3497,0.3497,-0.0037,0.0000,0.0000,0.0960,0.0384,0.0000
0.2000,0.8172,1.2000,0.0384,0.1937,9.5041,3.3317,0.0000,0.3486,0.3486,-0.1188,0.0000,0.0000,0.1182,0.0472,0.0000
0.2000,0.9770,1.2000,0.0468,0.1937,9.5403,3.2485,0.0000,0.3318,0.3318,-0.1182,0.0000,0.0000,0.1182,0.0472,0.0000
0.2000,0.8889,1.2000,0.0552,0.1937,9.5838,3.1664,0.0000,0.3365,0.3365,-0.1176,0.0000,0.0000,0.1182,0.0472,0.0000
0.2000,0.9003,1.2000,0.0636,0.1937,9.6211,3.0859,0.0000,0.3313,0.3313,-0.1157,0.0000,0.0000,0.1182,0.0472,0.0000
0.2000,0.9209,1.2000,0.0720,0.1937,9.6599,3.0033,0.0000,0.3259,0.3259,-0.1137,0.0000,0.0000,0.1182,0.0472,0.0000
0.2000,0.8803,1.2000,0.0804,0.1937,9.6979,2.9243,0.0000,0.3253,0.3253,-0.1110,0.0000,0.0000,0.1182,0.0472,0.0000
0.2000,0.9056,1.2000,0.0888,0.1937,9.7367,2.8412,0.0000,0.3198,0.3198,-0.1084,0.0000,0.0000,0.1182,0.0472,0.0000
0.2000,0.8699,1.2000,0.0804,0.1767,9.7704,2.7630,0.0000,0.3161,0.3161,-0.0755,0.0000,0.0000,0.1076,0.0430,0.0000
0.2000,0.9107,1.2000,0.0888,0.1767,9.8084,2.6784,0.0000,0.3121,0.3121,-0.0723,0.0000,0.0000,0.1076,0.0430,0.0000
0.2000,0.8445,1.2000,0.0972,0.1767,9.8473,2.6043,0.0000,0.3173,0.3173,-0.0691,0.0000,0.0000,0.1076,0.0430,0.0000
0.2000,0.9200,1.2000,0.0888,0.1767,9.9030,2.5473,0.0000,0.3450,0.3450,-0.0556,0.0000,0.0000,0.1076,0.0430,0.0000
0.2000,0.8314,1.2000,0.0843,0.1767,9.9381,2.4745,0.0000,0.3461,0.3461,-0.0560,0.0000,0.0000,0.1076,0.0430,0.0000
0.2000,0.8165,1.2000,0.0852,0.1767,9.9676,2.4010,0.0000,0.3406,0.3406,-0.0541,0.0000,0.0000,0.1076,0.0430,0.0000
0.2000,0.8007,1.2000,0.0797,0.1767,9.9956,2.3146,0.0000,0.3304,0.3304,-0.0463,0.0000,0.0000,0.1076,0.0430,0.0000
0.2000,0.7858,1.2000,0.0798,0.1767,10.0312,2.2377,0.0000,0.3289,0.3289,-0.0442,0.0000,0.0000,0.1076,0.0430,0.0000
0.2000,0.8971,1.2000,0.0882,0.2291,10.0539,2.1548,0.0000,0.3100,0.3100,-0.1488,0.0000,0.0000,0.1405,0.0561,0.0000
0.2000,0.8400,1.2000,0.0966,0.2291,10.0914,2.0679,0.0000,0.3002,0.3002,-0.1449,0.0000,0.0000,0.1405,0.0561,0.0000
0.2000,0.8493,1.2000,0.1050,0.2291,10.1354,1.9821,0.0000,0.2919,0.2919,-0.1401,0.0000,0.0000,0.1405,0.0561,0.0000
0.2000,0.9387,1.2000,0.1134,0.2291,10.1800,1.8964,0.0000,0.2788,0.2788,-0.1353,0.0000,0.0000,0.1405,0.0561,0.0000
0.2000,0.9576,1.2000,0.1218,0.2291,10.2263,1.8070,0.0000,0.2702,0.2702,-0.1305,0.0000,0.0000,0.1405,0.0561,0.0000
0.2000,0.9594,1.2000,0.1302,0.2291,10.2918,1.7393,0.0000,0.2954,0.2954,-0.1155,0.0000,0.0000,0.1405,0.0561,0.0000
0.2000,0.9984,1.2000,0.1386,0.2291,10.3495,1.6690,0.0000,0.3056,0.3056,-0.1112,0.0000,0.0000,0.1405,0.0561,0.0000
0.2000,0.9605,1.2000,0.1302,0.2120,10.4018,1.5946,0.0000,0.3019,0.3019,-0.3004,0.0000,0.0000,0.1296,0.0518,0.0000
0.2000,0.9067,1.2000,0.1386,0.2120,10.4576,1.5262,0.0000,0.3067,0.3067,-0.2914,0.0000,0.0000,0.1296,0.0518,0.0000
0.2000,0.9033,1.2000,0.1470,0.2120,10.5062,1.4490,0.0000,0.2902,0.2902,-0.2880,0.0000,0.0000,0.1296,0.0518,0.0000
0.2000,0.8853,1.2000,0.1554,0.2120,10.5690,1.3800,0.0000,0.2947,0.2947,-0.2778,0.0000,0.0000,0.1296,0.0518,0.0000
0.2000,0.9064,1.2000,0.1638,0.2120,10.6299,1.3006,0.0000,0.2823,0.2823,-0.2741,0.0000,0.0000,0.1296,0.0518,0.0000
0.2000,0.9395,1.2000,0.1722,0.2120,10.6833,1.2220,0.0000,0.2646,0.2646,-0.2682,0.0000,0.0000,0.1296,0.0518,0.0000
0.2000,0.9948,1.2000,0.1806,0.2120,10.7432,1.1558,0.0000,0.2629,0.2629,-0.2508,0.0000,0.0000,0.1296,0.0518,0.0000
0.2000,0.9462,1.2000,0.1722,0.1472,10.7977,1.0747,0.0000,0.2528,0.2528,-0.2764,0.0000,0.0000,0.0893,0.0357,0.0000
0.2000,0.9083,1.2000,0.1806,0.1472,10.8650,1.0030,0.0000,0.2609,0.2609,-0.2608,0.0000,0.0000,0.0893,0.0357,0.0000
0.2000,0.9705,1.2000,0.1890,0.1472,10.9192,0.9324,0.0000,0.2433,0.2433,-0.2549,0.0000,0.0000,0.0893,0.0357,0.0000
0.2000,0.9952,1.2000,0.1973,0.1472,10.9717,0.8600,0.0000,0.2289,0.2289,-0.2473,0.0000,0.0000,0.0893,0.0357,0.0000
0.2000,0.8865,1.2000,0.2057,0.1472,11.0277,0.7946,0.0000,0.2420,0.2420,-0.2304,0.0000,0.0000,0.0893,0.0357,0.0000
0.2000,0.8905,1.2000,0.2141,0.1472,11.0835,0.7240,0.0000,0.2325,0.2325,-0.2253,0.0000,0.0000,0.0893,0.0357,0.0000
0.2000,0.8704,1.2000,0.2225,0.1472,11.1376,0.6445,0.0000,0.2188,0.2188,-0.2188,0.0000,0.0000,0.0893,0.0357,0.0000
0.2000,0.8949,1.2000,0.2309,0.1472,11.1885,0.6064,0.0000,0.2343,0.2343,-0.1965,0.0000,0.0000,0.0893,0.0357,0.0000
0.2000,0.9550,1.2000,0.2393,0.1571,11.2321,0.5548,0.0000,0.2263,0.2263,-0.2160,0.0000,0.0000,0.0954,0.0382,0.0000
0.2000,0.6747,1.2000,0.2378,0.1472,11.2851,0.4958,0.0000,0.2497,0.2497,-0.1809,0.0000,0.0000,0.0893,0.0357,0.0000
0.2000,0.6774,1.2000,0.2462,0.1571,11.3374,0.4416,0.0000,0.2526,0.2526,-0.1913,0.0000,0.0000,0.0954,0.0382,0.0000
0.2000,0.7900,1.2000,0.2545,0.1571,11.3954,0.3705,0.0000,0.2310,0.2310,-0.1862,0.0000,0.0000,0.0954,0.0382,0.0000
0.2000,0.7667,1.2000,0.2629,0.1571,11.4596,0.3065,0.0000,0.2353,0.2353,-0.1712,0.0000,0.0000,0.0954,0.0382,0.0000
0.2000,0.9119,1.2000,0.2713,0.1571,11.5224,0.2403,0.0000,0.2212,0.2212,-0.1618,0.0000,0.0000,0.0954,0.0382,0.0000
0.2000,0.9122,1.2000,0.2629,0.1571,11.5924,0.1808,0.0000,0.2353,0.2353,-0.1388,0.0000,0.0000,0.0954,0.0382,0.0000
0.2000,0.9098,1.2000,0.2545,0.1571,11.6701,0.1350,0.0000,0.2620,0.2620,-0.1222,0.0000,0.0000,0.0954,0.0382,0.0000
0.2000,0.9396,1.2000,0.2629,0.1662,11.7353,0.0731,0.0000,0.2535,0.2535,-0.2787,0.0000,0.0000,0.1010,0.0404,0.0000
0.2000,0.9251,1.2000,0.2713,0.1662,11.8063,0.0118,0.0000,0.2510,0.2510,-0.2615,0.0000,0.0000,0.1010,0.0404,0.0000
0.2000,0.8961,1.2000,0.2797,0.1662,11.8960,-0.0353,0.0000,0.2728,0.2728,-0.2428,0.0000,0.0000,0.1010,0.0404,0.0000
0.2000,0.9460,1.2000,0.2881,0.1662,11.9764,-0.0996,0.0000,0.2603,0.2603,-0.2364,0.0000,0.0000,0.1010,0.0404,0.0000
0.2000,1.0399,1.2000,0.2965,0.1662,12.0487,-0.1567,0.0000,0.2502,0.2502,-0.2190,0.0000,0.0000,0.1010,0.0404,0.0000
0.2000,1.0259,1.2000,0.3049,0.1662,12.1087,-0.1932,0.0000,0.2642,0.2642,-0.1989,0.0000,0.0000,0.1010,0.0404,0.0000
0.2000,0.9295,1.2000,0.2978,0.1662,12.1878,-0.2325,0.0000,0.2909,0.2909,-0.1849,0.0000,0.0000,0.1010,0.0404,0.0000
0.1999,0.7262,1.2000,0.2896,0.1662,12.2675,-0.2799,0.0000,0.3197,0.3197,-0.1681,0.0000,0.0000,0.1010,0.0404,0.0000
0.2000,0.9000,1.2000,0.2812,0.1041,12.3281,-0.3382,0.0000,0.2870,0.2870,-0.2472,0.0000,0.0000,0.0629,0.0252,0.0000
0.2000,0.9404,1.2000,0.2896,0.1041,12.3968,-0.3792,0.0000,0.2878,0.2878,-0.2258,0.0000,0.0000,0.0629,0.0252,0.0000
0.2000,0.8367,1.2000,0.2867,0.1041,12.4705,-0.4225,0.0000,0.3010,0.3010,-0.2126,0.0000,0.0000,0.0629,0.0252,0.0000
0.2000,0.8193,1.2000,0.2783,0.1041,12.5467,-0.4555,0.0000,0.3152,0.3152,-0.1979,0.0000,0.0000,0.0629,0.0252,0.0000
0.2000,0.8611,1.2000,0.2699,0.1041,12.6253,-0.4836,0.0000,0.3295,0.3295,-0.1828,0.0000,0.0000,0.0629,0.0252,0.0000
0.2000,0.8463,1.2000,0.2615,0.1041,12.6991,-0.5160,0.0000,0.3432,0.3432,-0.1672,0.0000,0.0000,0.0629,0.0252,0.0000
0.2000,0.8551,1.2000,0.2531,0.1041,12.7782,-0.5655,0.0000,0.3395,0.3395,-0.1583,0.0000,0.0000,0.0629,0.0252,0.0000
0.2000,0.8217,1.2000,0.2447,0.1041,12.8539,-0.6118,0.0000,0.3450,0.3450,-0.1378,0.0000,0.0000,0.0629,0.0252,0.0000
0.2000,0.9301,1.2000,0.2363,0.0692,12.9333,-0.6532,0.0000,0.3349,0.3349,-0.1831,0.0000,0.0000,0.0418,0.0167,0.0000
0.2000,0.8940,1.2000,0.2279,0.0692,13.0096,-0.6850,0.0000,0.3527,0.3527,-0.1572,0.0000,0.0000,0.0418,0.0167,0.0000
0.2000,0.8951,1.2000,0.2195,0.0692,13.0899,-0.7192,0.0000,0.3609,0.3609,-0.1446,0.0000,0.0000,0.0418,0.0167,0.0000
0.2000,0.8556,1.2000,0.2111,0.0692,13.1762,-0.7501,0.0000,0.3777,0.3777,-0.1309,0.0000,0.0000,0.0418,0.0167,0.0000
0.2000,0.8782,1.2000,0.2027,0.0692,13.2580,-0.7822,0.0000,0.3847,0.3847,-0.1232,0.0000,0.0000,0.0418,0.0167,0.0000
0.2000,0.9273,1.2000,0.1943,0.0692,13.3362,-0.8118,0.0000,0.3962,0.3962,-0.1045,0.0000,0.0000,0.0418,0.0167,0.0000
0.2000,0.8791,1.2000,0.1859,0.0692,13.4157,-0.8341,0.0000,0.4181,0.4181,-0.0900,0.0000,0.0000,0.0418,0.0167,0.0000
0.2000,0.8509,1.2000,0.1775,0.0515,13.5033,-0.8574,0.0000,0.4369,0.4369,-0.1298,0.0000,0.0000,0.0311,0.0124,0.0000
0.2000,0.8399,1.2000,0.1691,0.0515,13.5889,-0.8856,0.0000,0.4505,0.4505,-0.1134,0.0000,0.0000,0.0311,0.0124,0.0000
0.2000,0.9083,1.2000,0.1607,0.0515,13.6803,-0.9102,0.0000,0.4615,0.4615,-0.1060,0.0000,0.0000,0.0311,0.0124,0.0000
0.2000,0.9115,1.2000,0.1523,0.0515,13.7605,-0.9349,0.0000,0.4753,0.4753,-0.0914,0.0000,0.0000,0.0311,0.0124,0.0000
0.2000,0.9479,1.2000,0.1439,0.0515,13.8512,-0.9590,0.0000,0.4883,0.4883,-0.0854,0.0000,0.0000,0.0311,0.0124,0.0000
0.2000,0.8487,1.2000,0.1355,0.0515,13.9368,-0.9915,0.0000,0.5010,0.5010,-0.0704,0.0000,0.0000,0.0311,0.0124,0.0000
0.2000,0.9372,1.2000,0.1271,0.0515,14.0254,-1.0191,0.0000,0.5075,0.5075,-0.0664,0.0000,0.0000,0.0311,0.0124,0.0000
0.2000,0.9179,1.2000,0.1187,0.0318,14.1122,-1.0458,0.0000,0.5180,0.5180,-0.1083,0.0000,0.0000,0.0192,0.0077,0.0000
0.2000,0.9236,1.2000,0.1103,0.0318,14.1916,-1.0701,0.0000,0.5246,0.5246,-0.1009,0.0000,0.0000,0.0192,0.0077,0.0000
0.2000,0.9057,1.2000,0.1019,0.0318,14.2825,-1.0958,0.0000,0.5342,0.5342,-0.0944,0.0000,0.0000,0.0192,0.0077,0.0000
0.2000,0.8291,1.2000,0.0935,0.0318,14.3676,-1.1234,0.0000,0.5429,0.5429,-0.0872,0.0000,0.0000,0.0192,0.0077,0.0000
0.2000,0.9421,1.2000,0.0852,0.0318,14.4586,-1.1549,0.0000,0.5409,0.5409,-0.0819,0.0000,0.0000,0.0192,0.0077,0.0000
0.2000,0.8918,1.2000,0.0768,0.0318,14.5548,-1.1867,0.0000,0.5470,0.5470,-0.0771,0.0000,0.0000,0.0192,0.0077,0.0000
0.2000,0.9579,1.2000,0.0685,0.0318,14.6529,-1.2136,0.0000,0.5538,0.5538,-0.0724,0.0000,0.0000,0.0192,0.0077,0.0000
0.2000,1.0069,1.2000,0.0601,0.0104,14.7451,-1.2385,0.0000,0.5624,0.5624,-0.0437,0.0000,0.0000,0.0062,0.0025,0.0000
0.2000,1.0126,1.2000,0.0517,0.0104,14.8313,-1.2647,0.0000,0.5704,0.5704,-0.0396,0.0000,0.0000,0.0062,0.0025,0.0000
0.2000,0.9499,1.2000,0.0434,0.0104,14.9201,-1.2900,0.0000,0.5810,0.5810,-0.0362,0.0000,0.0000,0.0062,0.0025,0.0000
0.2000,0.8960,1.2000,0.0351,0.0104,15.0045,-1.3161,0.0000,0.5889,0.5889,-0.0329,0.0000,0.0000,0.0062,0.0025,0.0000
0.2000,0.9173,1.2000,0.0267,0.0104,15.0917,-1.3394,0.0000,0.5990,0.5990,-0.0297,0.0000,0.0000,0.0062,0.0025,0.0000
0.2000,0.8784,1.2000,0.0183,0.0104,15.1717,-1.3671,0.0000,0.6031,0.6031,-0.0270,0.0000,0.0000,0.0062,0.0025,0.0000
0.2000,0.8966,1.2000,0.0099,0.0104,15.2567,-1.3914,0.0000,0.6112,0.6112,-0.0249,0.0000,0.0000,0.0062,0.0025,0.0000
0.2000,0.8403,1.2000,0.0015,0.0104,15.3468,-1.4128,0.0000,0.6246,0.6246,-0.0228,0.0000,0.0000,0.0062,0.0025,0.0000
0.2000,0.9193,1.2000,0.0047,0.0220,15.4309,-1.4393,0.0000,0.6292,0.6292,-0.0439,0.0000,0.0000,0.0133,0.0053,0.0000
0.2000,0.9193,1.2000,-0.0037,0.0220,15.5111,-1.4696,0.0000,0.6277,0.6277,-0.0431,0.0000,0.0000,0.0133,0.0053,0.0000
0.2000,0.8753,1.2000,-0.0121,0.0220,15.5961,-1.5006,0.0000,0.6284,0.6284,-0.0416,0.0000,0.0000,0.0133,0.0053,0.0000
0.2000,0.8491,1.2000,-0.0205,0.0220,15.6786,-1.5239,0.0000,0.6343,0.6343,-0.0418,0.0000,0.0000,0.0133,0.0053,0.0000
0.2000,0.8976,1.2000,-0.0289,0.0220,15.7642,-1.5561,0.0000,0.6315,0.6315,-0.0413,0.0000,0.0000,0.0133,0.0053,0.0000
0.2000,0.8500,1.2000,-0.0373,0.0220,15.8505,-1.5830,0.0000,0.6360,0.6360,-0.0409,0.0000,0.0000,0.0133,0.0053,0.0000
0.2000,0.9067,1.2000,-0.0457,0.0220,15.9390,-1.6092,0.0000,0.6388,0.6388,-0.0425,0.0000,0.0000,0.0133,0.0053,0.0000
0.2000,0.8966,1.2000,-0.0541,0.0220,16.0165,-1.6305,0.0000,0.6439,0.6439,-0.0443,0.0000,0.0000,0.0133,0.0053,0.0000
0.2000,0.9144,1.2200,-0.0625,0.0135,16.1002,-1.6571,0.0000,0.6450,0.6450,-0.0649,0.0000,0.0000,0.0081,0.0032,0.0000
0.1999,0.7958,1.2400,-0.0708,0.0135,16.1805,-1.6835,0.0000,0.6481,0.6481,-0.0674,0.0000,0.0000,0.0081,0.0032,0.0000
0.1999,0.8703,1.2600,-0.0792,0.0135,16.2585,-1.7153,0.0000,0.6385,0.6385,-0.0708,0.0000,0.0000,0.0081,0.0032,0.0000
0.1999,0.8372,1.2800,-0.0876,0.0135,16.3324,-1.7482,0.0000,0.6302,0.6302,-0.0744,0.0000,0.0000,0.0081,0.0032,0.0000
0.1999,0.8353,1.3000,-0.0960,0.0135,16.4128,-1.7801,0.0000,0.6235,0.6235,-0.0789,0.0000,0.0000,0.0081,0.0032,0.0000
0.1999,0.8027,1.3200,-0.0908,0.0135,16.4956,-1.8148,0.0000,0.6160,0.6160,-0.0836,0.0000,0.0000,0.0081,0.0032,0.0000
0.1999,0.8571,1.3400,-0.0847,0.0135,16.5786,-1.8464,0.0000,0.6077,0.6077,-0.0887,0.0000,0.0000,0.0081,0.0032,0.0000
0.1999,0.8909,1.3600,-0.0792,0.0135,16.6594,-1.8735,0.0000,0.6035,0.6035,-0.0941,0.0000,0.0000,0.0081,0.0032,0.0000
0.1999,0.8796,1.3800,-0.0731,0.0135,16.7394,-1.9076,0.0000,0.5944,0.5944,-0.0999,0.0000,0.0000,0.0081,0.0032,0.0000
0.2000,0.8428,1.4000,-0.0724,0.0058,16.8292,-1.9373,0.0000,0.5921,0.5921,-0.1303,0.0000,0.0000,0.0035,0.0014,0.0000
0.2000,0.8625,1.4200,-0.0640,0.0058,16.9190,-1.9709,0.0000,0.5827,0.5827,-0.1352,0.0000,0.0000,0.0035,0.0014,0.0000
0.2000,0.9349,1.4400,-0.0557,0.0058,17.0116,-2.0135,0.0000,0.5619,0.5619,-0.1400,0.0000,0.0000,0.0035,0.0014,0.0000
0.2000,0.9494,1.4600,-0.0473,0.0058,17.1059,-2.0557,0.0000,0.5455,0.5455,-0.1453,0.0000,0.0000,0.0035,0.0014,0.0000
0.2000,1.0111,1.4800,-0.0392,0.0058,17.1938,-2.0983,0.0000,0.5238,0.5238,-0.1497,0.0000,0.0000,0.0035,0.0014,0.0000
0.1999,1.0242,1.5000,-0.0348,0.0058,17.2890,-2.1355,0.0000,0.5128,0.5128,-0.1539,0.0000,0.0000,0.0035,0.0014,0.0000
0.1999,0.9683,1.5200,-0.0432,-0.0056,17.3869,-2.1753,0.0000,0.5062,0.5062,-0.1532,0.0000,0.0000,-0.0033,-0.0013,0.0000
0.1999,1.0119,1.5400,-0.0380,-0.0056,17.4944,-2.2299,0.0000,0.4827,0.4827,-0.1527,0.0000,0.0000,-0.0033,-0.0013,0.0000
0.1999,1.0466,1.5600,-0.0296,-0.0056,17.6005,-2.2668,0.0000,0.4731,0.4731,-0.1587,0.0000,0.0000,-0.0033,-0.0013,0.0000
0.1999,1.1960,1.5800,-0.0213,-0.0056,17.7057,-2.3111,0.0000,0.4477,0.4477,-0.1628,0.0000,0.0000,-0.0033,-0.0013,0.0000
0.2000,1.1109,1.6000,-0.0129,-0.0056,17.8071,-2.3490,0.0000,0.4468,0.4468,-0.1655,0.0000,0.0000,-0.0033,-0.0013,0.0000
0.2000,1.1308,1.6200,-0.0045,-0.0056,17.9216,-2.4016,0.0000,0.4290,0.4290,-0.1650,0.0000,0.0000,-0.0033,-0.0013,0.0000
0.2000,1.0715,1.6400,0.0039,-0.0038,18.0264,-2.4452,0.0000,0.4203,0.4203,-0.1734,0.0000,0.0000,-0.0023,-0.0009,0.0000
-0.2000,1.2500,1.6000,0.0123,-0.0038,18.1445,-2.4995,0.0000,0.3887,0.3887,-0.1714,0.0000,0.0000,-0.0023,-0.0009,0.0000
0.2000,1.1236,1.6200,0.0206,-0.0038,18.2466,-2.5433,0.0000,0.3857,0.3857,-0.1745,0.0000,0.0000,-0.0023,-0.0009,0.0000
-0.2000,1.2891,1.5800,0.0290,-0.0038,18.3554,-2.5886,0.0000,0.3593,0.3593,-0.1752,0.0000,0.0000,-0.0023,-0.0009,0.0000
0.1999,1.1005,1.6000,0.0374,-0.0038,18.4744,-2.6497,0.0000,0.3548,0.3548,-0.1702,0.0000,0.0000,-0.0023,-0.0009,0.0000
-0.2000,1.1683,1.5600,0.0458,-0.0023,18.5881,-2.7001,0.0000,0.3327,0.3327,-0.1870,0.0000,0.0000,-0.0014,-0.0006,0.0000
-0.2000,1.3268,1.5240,0.0541,-0.0023,18.7036,-2.7462,0.0000,0.3070,0.3070,-0.1851,0.0000,0.0000,-0.0014,-0.0006,0.0000
0.0243,1.2329,1.4916,0.0625,-0.0023,18.8362,-2.7989,0.0000,0.3061,0.3061,-0.1778,0.0000,0.0000,-0.0014,-0.0006,0.0000
-0.0203,1.2337,1.4624,0.0708,-0.0023,18.9712,-2.8499,0.0000,0.2981,0.2981,-0.1717,0.0000,0.0000,-0.0014,-0.0006,0.0000
-0.1911,1.4182,1.4362,0.0792,-0.0023,19.0866,-2.8930,0.0000,0.2730,0.2730,-0.1718,0.0000,0.0000,-0.0014,-0.0006,0.0000
-0.2000,1.4339,1.4126,0.0708,-0.0058,19.2162,-2.9429,0.0000,0.2729,0.2729,-0.1071,0.0000,0.0000,-0.0035,-0.0014,0.0000
0.0238,1.2212,1.3913,0.0624,-0.0058,19.3410,-2.9711,0.0000,0.3032,0.3032,-0.1003,0.0000,0.0000,-0.0035,-0.0014,0.0000
-0.1270,1.3800,1.3722,0.0540,-0.0058,19.4641,-3.0049,0.0000,0.3051,0.3051,-0.0989,0.0000,0.0000,-0.0035,-0.0014,0.0000
-0.0815,1.2762,1.3550,0.0456,-0.0058,19.5871,-3.0354,0.0000,0.3245,0.3245,-0.0954,0.0000,0.0000,-0.0035,-0.0014,0.0000
-0.0503,1.2673,1.3395,0.0372,-0.0058,19.7063,-3.0796,0.0000,0.3257,0.3257,-0.0909,0.0000,0.0000,-0.0035,-0.0014,0.0000
-0.0446,1.2597,1.3255,0.0289,-0.0058,19.8297,-3.1150,0.0000,0.3364,0.3364,-0.0864,0.0000,0.0000,-0.0035,-0.0014,0.0000
-0.0479,1.2626,1.3130,0.0373,0.0272,19.9483,-3.1483,0.0000,0.3437,0.3437,-0.1092,0.0000,0.0000,0.0164,0.0065,0.0000
-0.0631,1.2757,1.3017,0.0289,0.0272,20.0607,-3.1835,0.0000,0.3456,0.3456,-0.1064,0.0000,0.0000,0.0164,0.0065,0.0000
0.0442,1.2246,1.2915,0.0205,0.0272,20.1703,-3.2249,0.0000,0.3435,0.3435,-0.1047,0.0000,0.0000,0.0164,0.0065,0.0000
0.1021,1.1698,1.2824,0.0121,0.0272,20.2514,-3.2729,0.0000,0.3322,0.3322,-0.0932,0.0000,0.0000,0.0164,0.0065,0.0000
0.0777,1.1626,1.2741,0.0037,0.0272,20.3624,-3.3153,0.0000,0.3245,0.3245,-0.0960,0.0000,0.0000,0.0164,0.0065,0.0000
0.2000,0.9284,1.2667,-0.0047,0.0272,20.4679,-3.3470,0.0000,0.3378,0.3378,-0.0961,0.0000,0.0000,0.0164,0.0065,0.0000
-0.1401,1.1782,1.2429,-0.0131,0.0186,20.5548,-3.3891,0.0000,0.3185,0.3185,-0.0442,0.0000,0.0000,0.0112,0.0045,0.0000
0.0358,1.0916,1.2215,-0.0215,0.0186,20.6514,-3.4174,0.0000,0.3253,0.3253,-0.0482,0.0000,0.0000,0.0112,0.0045,0.0000
0.2003,0.9560,1.2022,-0.0299,0.0186,20.7509,-3.4491,0.0000,0.3324,0.3324,-0.0502,0.0000,0.0000,0.0112,0.0045,0.0000
0.1010,0.9965,1.1849,-0.0382,0.0186,20.8530,-3.4861,0.0000,0.3318,0.3318,-0.0507,0.0000,0.0000,0.0112,0.0045,0.0000
0.0449,1.0346,1.1693,-0.0466,0.0186,20.9347,-3.5450,0.0000,0.3065,0.3065,-0.0456,0.0000,0.0000,0.0112,0.0045,0.0000
-0.0073,1.0757,1.1553,-0.0550,0.0186,21.0262,-3.5709,0.0000,0.3097,0.3097,-0.0519,0.0000,0.0000,0.0112,0.0045,0.0000
0.2000,0.9939,1.1426,-0.0634,0.0186,21.1198,-3.5910,0.0000,0.3233,0.3233,-0.0562,0.0000,0.0000,0.0112,0.0045,0.0000
0.1849,0.9397,1.1312,-0.0712,0.0186,21.1997,-3.6282,0.0000,0.3171,0.3171,-0.0574,0.0000,0.0000,0.0112,0.0045,0.0000
0.1664,0.9448,1.1210,-0.0678,0.0186,21.2859,-3.6553,0.0000,0.3189,0.3189,-0.0627,0.0000,0.0000,0.0112,0.0045,0.0000
0.1383,0.8740,1.0964,-0.0594,0.0448,21.3728,-3.6970,0.0000,0.3072,0.3072,-0.1250,0.0000,0.0000,0.0270,0.0108,0.0000
0.1006,0.8937,1.0742,-0.0510,0.0448,21.4380,-3.7434,0.0000,0.2814,0.2814,-0.1233,0.0000,0.0000,0.0270,0.0108,0.0000
-0.0191,0.9557,1.0543,-0.0426,0.0448,21.5184,-3.7704,0.0000,0.2719,0.2719,-0.1305,0.0000,0.0000,0.0270,0.0108,0.0000
0.2004,0.7929,1.0363,-0.0342,0.0448,21.5890,-3.7979,0.0000,0.2759,0.2759,-0.1330,0.0000,0.0000,0.0270,0.0108,0.0000
0.1086,0.8377,1.0202,-0.0258,0.0448,21.6543,-3.8230,0.0000,0.2670,0.2670,-0.1355,0.0000,0.0000,0.0270,0.0108,0.0000
0.2001,0.7505,1.0056,-0.0174,0.0448,21.7353,-3.8481,0.0000,0.2704,0.2704,-0.1413,0.0000,0.0000,0.0270,0.0108,0.0000
0.2001,0.6930,1.0256,-0.0174,0.0448,21.8120,-3.8774,0.0000,0.2680,0.2680,-0.1440,0.0000,0.0000,0.0270,0.0108,0.0000
0.0493,0.8372,1.0106,-0.0090,0.0448,21.8850,-3.9112,0.0000,0.2460,0.2460,-0.1457,0.0000,0.0000,0.0270,0.0108,0.0000
0.2011,0.8133,0.9970,-0.0006,0.0448,21.9386,-3.9582,0.0000,0.2205,0.2205,-0.1405,0.0000,0.0000,0.0270,0.0108,0.0000
0.0154,0.7979,0.9710,-0.0090,0.0214,22.0170,-3.9831,0.0000,0.2187,0.2187,-0.1429,0.0000,0.0000,0.0129,0.0052,0.0000
0.1866,0.7003,0.9476,-0.0006,0.0214,22.0901,-4.0026,0.0000,0.2278,0.2278,-0.1453,0.0000,0.0000,0.0129,0.0052,0.0000
0.0120,0.8122,0.9265,0.0078,0.0214,22.1430,-4.0270,0.0000,0.2136,0.2136,-0.1413,0.0000,0.0000,0.0129,0.0052,0.0000
0.0791,0.7479,0.9076,0.0162,0.0214,22.2083,-4.0478,0.0000,0.2163,0.2163,-0.1447,0.0000,0.0000,0.0129,0.0052,0.0000
0.0791,0.5784,0.9276,0.0162,0.0214,22.2616,-4.0717,0.0000,0.2220,0.2220,-0.1428,0.0000,0.0000,0.0129,0.0052,0.0000
-0.1116,0.6771,0.9085,0.0246,0.0214,22.3225,-4.0939,0.0000,0.2110,0.2110,-0.1451,0.0000,0.0000,0.0129,0.0052,0.0000
0.1999,0.5799,0.9285,0.0330,0.0214,22.3735,-4.1129,0.0000,0.2160,0.2160,-0.1416,0.0000,0.0000,0.0129,0.0052,0.0000
0.0084,0.6418,0.9093,0.0413,0.0214,22.4345,-4.1318,0.0000,0.2108,0.2108,-0.1440,0.0000,0.0000,0.0129,0.0052,0.0000
0.2000,0.5409,0.9293,0.0497,0.0214,22.4931,-4.1558,0.0000,0.2122,0.2122,-0.1446,0.0000,0.0000,0.0129,0.0052,0.0000
0.0075,0.6320,0.9101,0.0581,0.0214,22.5556,-4.1784,0.0000,0.2026,0.2026,-0.1444,0.0000,0.0000,0.0129,0.0052,0.0000
0.2000,0.6275,0.8928,0.0665,0.0214,22.6068,-4.2091,0.0000,0.1908,0.1908,-0.1380,0.0000,0.0000,0.0129,0.0052,0.0000
0.1444,0.6593,0.8772,0.0749,0.0214,22.6720,-4.2321,0.0000,0.1853,0.1853,-0.1394,0.0000,0.0000,0.0129,0.0052,0.0000
0.1444,0.5891,0.8972,0.0749,0.0214,22.7307,-4.2503,0.0000,0.1905,0.1905,-0.1383,0.0000,0.0000,0.0129,0.0052,0.0000
-0.1384,0.6846,0.8689,0.0833,0.0275,22.7900,-4.2699,0.0000,0.1826,0.1826,-0.1454,0.0000,0.0000,0.0166,0.0066,0.0000
0.0899,0.6102,0.8435,0.0917,0.0275,22.8479,-4.2860,0.0000,0.1898,0.1898,-0.1433,0.0000,0.0000,0.0166,0.0066,0.0000
0.1106,0.6205,0.8206,0.1001,0.0275,22.9085,-4.3109,0.0000,0.1832,0.1832,-0.1415,0.0000,0.0000,0.0166,0.0066,0.0000
0.1525,0.5979,0.7999,0.1085,0.0275,22.9687,-4.3350,0.0000,0.1799,0.1799,-0.1382,0.0000,0.0000,0.0166,0.0066,0.0000
0.0353,0.6498,0.7814,0.1169,0.0275,23.0318,-4.3639,0.0000,0.1677,0.1677,-0.1354,0.0000,0.0000,0.0166,0.0066,0.0000
0.0053,0.6434,0.7647,0.1250,0.0275,23.0828,-4.3796,0.0000,0.1687,0.1687,-0.1326,0.0000,0.0000,0.0166,0.0066,0.0000
-0.0341,0.6883,0.7497,0.1334,0.0275,23.1405,-4.4063,0.0000,0.1577,0.1577,-0.1295,0.0000,0.0000,0.0166,0.0066,0.0000
0.1809,0.5317,0.7361,0.1250,0.0275,23.1946,-4.4270,0.0000,0.1641,0.1641,-0.1272,0.0000,0.0000,0.0166,0.0066,0.0000
0.0678,0.6299,0.7240,0.1248,0.0275,23.2458,-4.4458,0.0000,0.1560,0.1560,-0.1227,0.0000,0.0000,0.0166,0.0066,0.0000
0.1116,0.5756,0.7130,0.1164,0.0275,23.2994,-4.4551,0.0000,0.1668,0.1668,-0.1193,0.0000,0.0000,0.0166,0.0066,0.0000
0.1605,0.5427,0.7031,0.1080,0.0275,23.3532,-4.4798,0.0000,0.1619,0.1619,-0.1141,0.0000,0.0000,0.0166,0.0066,0.0000
0.1493,0.5434,0.6943,0.0997,0.0275,23.3976,-4.4967,0.0000,0.1615,0.1615,-0.1030,0.0000,0.0000,0.0166,0.0066,0.0000
-0.0414,0.5868,0.6755,0.0926,0.0289,23.4496,-4.5140,0.0000,0.1580,0.1580,-0.0921,0.0000,0.0000,0.0174,0.0070,0.0000
0.1551,0.4761,0.6585,0.0842,0.0289,23.4975,-4.5268,0.0000,0.1655,0.1655,-0.0907,0.0000,0.0000,0.0174,0.0070,0.0000
0.0443,0.5432,0.6433,0.0758,0.0289,23.5484,-4.5364,0.0000,0.1689,0.1689,-0.0888,0.0000,0.0000,0.0174,0.0070,0.0000
0.0572,0.4926,0.6296,0.0674,0.0289,23.5794,-4.5590,0.0000,0.1610,0.1610,-0.0803,0.0000,0.0000,0.0174,0.0070,0.0000
0.0269,0.5159,0.6173,0.0590,0.0289,23.6174,-4.5691,0.0000,0.1613,0.1613,-0.0816,0.0000,0.0000,0.0174,0.0070,0.0000
0.2001,0.3719,0.6373,0.0506,0.0289,23.6623,-4.5749,0.0000,0.1753,0.1753,-0.0809,0.0000,0.0000,0.0174,0.0070,0.0000
0.2000,0.3895,0.6573,0.0422,0.0289,23.7029,-4.5890,0.0000,0.1734,0.1734,-0.0795,0.0000,0.0000,0.0174,0.0070,0.0000
0.0490,0.4501,0.6422,0.0338,0.0289,23.7442,-4.6012,0.0000,0.1721,0.1721,-0.0778,0.0000,0.0000,0.0174,0.0070,0.0000
0.1956,0.4262,0.6286,0.0254,0.0289,23.7884,-4.6210,0.0000,0.1675,0.1675,-0.0768,0.0000,0.0000,0.0174,0.0070,0.0000
0.1536,0.4275,0.6163,0.0170,0.0289,23.8271,-4.6385,0.0000,0.1626,0.1626,-0.0752,0.0000,0.0000,0.0174,0.0070,0.0000
0.0983,0.4802,0.6053,0.0089,0.0289,23.8653,-4.6540,0.0000,0.1574,0.1574,-0.0743,0.0000,0.0000,0.0174,0.0070,0.0000
0.1957,0.4208,0.5954,0.0005,0.0289,23.9039,-4.6642,0.0000,0.1614,0.1614,-0.0741,0.0000,0.0000,0.0174,0.0070,0.0000
0.1704,0.4090,0.5865,-0.0079,0.0289,23.9430,-4.6763,0.0000,0.1622,0.1622,-0.0732,0.0000,0.0000,0.0174,0.0070,0.0000
0.1704,0.3958,0.6065,-0.0080,0.0289,23.9802,-4.6874,0.0000,0.1631,0.1631,-0.0732,0.0000,0.0000,0.0174,0.0070,0.0000
0.0704,0.4064,0.5965,-0.0164,0.0289,24.0153,-4.7014,0.0000,0.1598,0.1598,-0.0735,0.0000,0.0000,0.0174,0.0070,0.0000
0.2001,0.3847,0.6165,-0.0248,0.0289,24.0563,-4.7151,0.0000,0.1598,0.1598,-0.0727,0.0000,0.0000,0.0174,0.0070,0.0000
0.1999,0.3749,0.6365,-0.0232,0.0289,24.0966,-4.7300,0.0000,0.1581,0.1581,-0.0726,0.0000,0.0000,0.0174,0.0070,0.0000
0.0696,0.4284,0.6235,-0.0243,0.0289,24.1316,-4.7438,0.0000,0.1532,0.1532,-0.0733,0.0000,0.0000,0.0174,0.0070,0.0000
0.0973,0.4261,0.6023,-0.0159,0.0384,24.1662,-4.7533,0.0000,0.1529,0.1529,-0.1399,0.0000,0.0000,0.0232,0.0093,0.0000
0.1940,0.3727,0.5832,-0.0075,0.0384,24.2062,-4.7624,0.0000,0.1571,0.1571,-0.1405,0.0000,0.0000,0.0232,0.0093,0.0000
0.1540,0.3558,0.5660,0.0009,0.0384,24.2436,-4.7727,0.0000,0.1570,0.1570,-0.1407,0.0000,0.0000,0.0232,0.0093,0.0000
0.0716,0.4063,0.5506,0.0083,0.0384,24.2781,-4.7846,0.0000,0.1498,0.1498,-0.1413,0.0000,0.0000,0.0232,0.0093,0.0000
0.0718,0.3848,0.5367,0.0167,0.0384,24.3131,-4.7975,0.0000,0.1469,0.1469,-0.1414,0.0000,0.0000,0.0232,0.0093,0.0000
0.1075,0.3697,0.5242,0.0251,0.0384,24.3489,-4.8119,0.0000,0.1425,0.1425,-0.1411,0.0000,0.0000,0.0232,0.0093,0.0000
0.0902,0.3697,0.5129,0.0334,0.0384,24.3798,-4.8261,0.0000,0.1359,0.1359,-0.1409,0.0000,0.0000,0.0232,0.0093,0.0000
0.0722,0.3825,0.5028,0.0418,0.0384,24.4081,-4.8431,0.0000,0.1252,0.1252,-0.1405,0.0000,0.0000,0.0232,0.0093,0.0000
0.1774,0.3378,0.4937,0.0502,0.0384,24.4452,-4.8544,0.0000,0.1261,0.1261,-0.1400,0.0000,0.0000,0.0232,0.0093,0.0000
0.1533,0.3271,0.4855,0.0584,0.0384,24.4790,-4.8689,0.0000,0.1209,0.1209,-0.1390,0.0000,0.0000,0.0232,0.0093,0.0000
0.0810,0.3847,0.4781,0.0668,0.0384,24.5127,-4.8816,0.0000,0.1125,0.1125,-0.1382,0.0000,0.0000,0.0232,0.0093,0.0000
0.1060,0.3639,0.4714,0.0752,0.0384,24.5468,-4.8922,0.0000,0.1118,0.1118,-0.1377,0.0000,0.0000,0.0232,0.0093,0.0000
0.0921,0.3577,0.4655,0.0836,0.0384,24.5813,-4.8948,0.0000,0.1180,0.1180,-0.1364,0.0000,0.0000,0.0232,0.0093,0.0000
0.0973,0.3537,0.4601,0.0920,0.0384,24.6110,-4.9019,0.0000,0.1186,0.1186,-0.1349,0.0000,0.0000,0.0232,0.0093,0.0000
0.1101,0.3456,0.4552,0.1004,0.0384,24.6439,-4.9091,0.0000,0.1201,0.1201,-0.1330,0.0000,0.0000,0.0232,0.0093,0.0000
0.1878,0.3030,0.4509,0.1088,0.0384,24.6780,-4.9200,0.0000,0.1205,0.1205,-0.1315,0.0000,0.0000,0.0232,0.0093,0.0000
0.1306,0.3361,0.4469,0.1172,0.0384,24.7070,-4.9240,0.0000,0.1217,0.1217,-0.1296,0.0000,0.0000,0.0232,0.0093,0.0000
0.0966,0.3549,0.4434,0.1256,0.0384,24.7297,-4.9279,0.0000,0.1222,0.1222,-0.1281,0.0000,0.0000,0.0232,0.0093,0.0000
0.2000,0.2931,0.4634,0.1340,0.0384,24.7527,-4.9315,0.0000,0.1283,0.1283,-0.1265,0.0000,0.0000,0.0232,0.0093,0.0000
0.2000,0.2302,0.4834,0.1408,0.0384,24.7708,-4.9320,0.0000,0.1361,0.1361,-0.1253,0.0000,0.0000,0.0232,0.0093,0.0000
0.2000,0.2325,0.5034,0.1456,0.0384,24.7851,-4.9376,0.0000,0.1340,0.1340,-0.1241,0.0000,0.0000,0.0232,0.0093,0.0000
0.2000,0.1813,0.5234,0.1462,0.0384,24.7905,-4.9453,0.0000,0.1316,0.1316,-0.1178,0.0000,0.0000,0.0232,0.0093,0.0000
0.2000,0.1518,0.5434,0.1457,0.0384,24.8075,-4.9438,0.0000,0.1385,0.1385,-0.1203,0.0000,0.0000,0.0232,0.0093,0.0000
0.2000,0.0796,0.5634,0.1445,0.0384,24.8186,-4.9476,0.0000,0.1417,0.1417,-0.1205,0.0000,0.0000,0.0232,0.0093,0.0000
0.2000,0.1645,0.5834,0.1443,0.0384,24.8295,-4.9492,0.0000,0.1376,0.1376,-0.1205,0.0000,0.0000,0.0232,0.0093,0.0000
0.2000,0.1163,0.6034,0.1426,0.0384,24.8409,-4.9528,0.0000,0.1398,0.1398,-0.1188,0.0000,0.0000,0.0232,0.0093,0.0000
0.2000,0.1094,0.6234,0.1400,0.0384,24.8549,-4.9541,0.0000,0.1423,0.1423,-0.1176,0.0000,0.0000,0.0232,0.0093,0.0000
0.2000,0.1192,0.6434,0.1368,0.0384,24.8786,-4.9585,0.0000,0.1431,0.1431,-0.1157,0.0000,0.0000,0.0232,0.0093,0.0000
0.2000,0.1409,0.6634,0.1316,0.0384,24.9077,-4.9570,0.0000,0.1503,0.1503,-0.1136,0.0000,0.0000,0.0232,0.0093,0.0000
-0.1343,0.2407,0.6300,0.1232,0.0092,24.9382,-4.9638,0.0000,0.1441,0.1441,-0.1442,0.0000,0.0000,0.0055,0.0022,0.0000
0.0992,0.2932,0.6000,0.1316,0.0092,24.9786,-4.9774,0.0000,0.1367,0.1367,-0.1339,0.0000,0.0000,0.0055,0.0022,0.0000
0.1259,0.3116,0.5729,0.1399,0.0092,25.0206,-4.9851,0.0000,0.1364,0.1364,-0.1340,0.0000,0.0000,0.0055,0.0022,0.0000
-0.0373,0.4262,0.5486,0.1395,0.0092,25.0652,-4.9955,0.0000,0.1293,0.1293,-0.1257,0.0000,0.0000,0.0055,0.0022,0.0000
-0.0456,0.4231,0.5267,0.1427,0.0092,25.1085,-4.9962,0.0000,0.1375,0.1375,-0.1261,0.0000,0.0000,0.0055,0.0022,0.0000
-0.1048,0.4608,0.5070,0.1379,0.0092,25.1510,-4.9999,0.0000,0.1405,0.1405,-0.1246,0.0000,0.0000,0.0055,0.0022,0.0000
-0.0930,0.4290,0.4892,0.1295,0.0092,25.2026,-5.0117,0.0000,0.1434,0.1434,-0.1149,0.0000,0.0000,0.0055,0.0022,0.0000
-0.0879,0.4242,0.4733,0.1211,0.0092,25.2362,-5.0202,0.0000,0.1423,0.1423,-0.1146,0.0000,0.0000,0.0055,0.0022,0.0000
-0.2000,0.5324,0.4589,0.1127,0.0092,25.2902,-5.0492,0.0000,0.1219,0.1219,-0.1018,0.0000,0.0000,0.0055,0.0022,0.0000
0.0143,0.3437,0.4460,0.1044,0.0092,25.3384,-5.0459,0.0000,0.1440,0.1440,-0.1048,0.0000,0.0000,0.0055,0.0022,0.0000
-0.1729,0.5995,0.4343,0.1016,0.0092,25.3683,-5.0457,0.0000,0.1366,0.1366,-0.1057,0.0000,0.0000,0.0055,0.0022,0.0000
-0.1775,0.4736,0.4238,0.0932,0.0092,25.4016,-5.0485,0.0000,0.1474,0.1474,-0.1047,0.0000,0.0000,0.0055,0.0022,0.0000
0.0330,0.2954,0.4144,0.0848,0.0092,25.4371,-5.0540,0.0000,0.1587,0.1587,-0.1039,0.0000,0.0000,0.0055,0.0022,0.0000
0.0226,0.3317,0.4059,0.0764,0.0092,25.4707,-5.0609,0.0000,0.1572,0.1572,-0.1013,0.0000,0.0000,0.0055,0.0022,0.0000
-0.0056,0.3573,0.3983,0.0680,0.0092,25.5077,-5.0656,0.0000,0.1592,0.1592,-0.0992,0.0000,0.0000,0.0055,0.0022,0.0000
-0.0001,0.3412,0.3914,0.0598,0.0092,25.5269,-5.0759,0.0000,0.1541,0.1541,-0.0980,0.0000,0.0000,0.0055,0.0022,0.0000
-0.1038,0.3722,0.3782,0.0514,-0.0087,25.5521,-5.0776,0.0000,0.1570,0.1570,-0.0685,0.0000,0.0000,-0.0053,-0.0021,0.0000
0.1565,0.2151,0.3733,0.0598,0.0092,25.5741,-5.0821,0.0000,0.1639,0.1639,-0.0960,0.0000,0.0000,0.0055,0.0022,0.0000
0.0636,0.2517,0.3619,0.0514,-0.0087,25.5865,-5.0948,0.0000,0.1532,0.1532,-0.0610,0.0000,0.0000,-0.0053,-0.0021,0.0000
0.0844,0.2227,0.3516,0.0430,-0.0087,25.6037,-5.0997,0.0000,0.1530,0.1530,-0.0638,0.0000,0.0000,-0.0053,-0.0021,0.0000
0.2001,0.1626,0.3716,0.0514,0.0092,25.6252,-5.0951,0.0000,0.1643,0.1643,-0.0921,0.0000,0.0000,0.0055,0.0022,0.0000
0.0875,0.1781,0.3604,0.0430,-0.0087,25.6287,-5.1041,0.0000,0.1564,0.1564,-0.0578,0.0000,0.0000,-0.0053,-0.0021,0.0000
0.0846,0.2180,0.3503,0.0346,-0.0087,25.6498,-5.1103,0.0000,0.1537,0.1537,-0.0608,0.0000,0.0000,-0.0053,-0.0021,0.0000
0.2001,0.0753,0.3690,0.0264,-0.0087,25.6700,-5.1062,0.0000,0.1667,0.1667,-0.0616,0.0000,0.0000,-0.0053,-0.0021,0.0000
0.0826,0.2186,0.3580,0.0180,-0.0087,25.6827,-5.1127,0.0000,0.1588,0.1588,-0.0617,0.0000,0.0000,-0.0053,-0.0021,0.0000
0.1321,0.2028,0.3481,0.0097,-0.0087,25.6914,-5.1230,0.0000,0.1514,0.1514,-0.0615,0.0000,0.0000,-0.0053,-0.0021,0.0000
0.1999,0.1408,0.3392,0.0013,-0.0087,25.7048,-5.1234,0.0000,0.1559,0.1559,-0.0621,0.0000,0.0000,-0.0053,-0.0021,0.0000
0.2005,0.1328,0.3312,-0.0071,-0.0087,25.7212,-5.1203,0.0000,0.1630,0.1630,-0.0610,0.0000,0.0000,-0.0053,-0.0021,0.0000
