u_a,v_real,v_ref,u_delta,delta_d,px,py,theta1,cte,cte_real,epsi,vx,vy,kappa,beta,steer
0.2,0.0001,0.0201,-0.0071,-0.0183,43.4976,-9.7743,0,-0.0834,-0.0834,-0.0502,0,0,-0.011,-0.0044,-0.0001
0.2,0.0001,0.0401,-0.0002,-0.0183,43.499,-9.7756,0,-0.0842,-0.0842,-0.0494,0,0,-0.011,-0.0044,-0.0001
0.2,0.0001,0.0601,0.0062,-0.0183,43.4981,-9.779,0,-0.0877,-0.0877,-0.0501,0,0,-0.011,-0.0044,-0.0001
0.2,0.0001,0.0801,0.0125,-0.0183,43.4987,-9.7755,0,-0.0841,-0.0841,-0.0493,0,0,-0.011,-0.0044,-0.0001
0.2,0.0001,0.1001,0.0188,-0.0183,43.4991,-9.7697,0,-0.0786,-0.0786,-0.0498,0,0,-0.011,-0.0044,-0.0047
0.2,0.0001,0.1201,0.0255,-0.0183,43.5,-9.7718,0,-0.0803,-0.0803,-0.0501,0,0,-0.011,-0.0044,-0.0018
0.2,0.0553,0.1401,0.0327,-0.0183,43.4974,-9.7769,0,-0.0872,-0.0872,-0.0493,0,0,-0.011,-0.0044,0.0041
0.2,0.0001,0.1601,0.0398,-0.0183,43.496,-9.7752,0,-0.0848,-0.0848,-0.0496,0,0,-0.011,-0.0044,0.01
0.2,0.0523,0.1801,0.0464,-0.0183,43.4969,-9.7763,0,-0.0868,-0.0868,-0.049,0,0,-0.011,-0.0044,0.0142
0.2,0.0001,0.2001,0.0535,-0.0183,43.4999,-9.7776,0,-0.0857,-0.0857,-0.0489,0,0,-0.011,-0.0044,0.0186
0.2,0.0001,0.2201,0.0606,-0.0183,43.5011,-9.7765,0,-0.0843,-0.0843,-0.0491,0,0,-0.011,-0.0044,0.0269
0.2,0.0001,0.2401,0.0677,-0.0183,43.4998,-9.778,0,-0.0861,-0.0861,-0.0491,0,0,-0.011,-0.0044,0.0337
0.2,0.0001,0.2601,0.0748,-0.0183,43.4966,-9.7729,0,-0.0824,-0.0824,-0.0486,0,0,-0.011,-0.0044,0.0403
0.2,0.0001,0.2801,0.0819,-0.0183,43.4996,-9.7764,0,-0.0848,-0.0848,-0.0483,0,0,-0.011,-0.0044,0.0467
0.2,0.0614,0.3001,0.089,-0.0183,43.5057,-9.7797,0,-0.0871,-0.0871,-0.047,0,0,-0.011,-0.0044,0.0533
0.2,0.0001,0.3201,0.0961,-0.0183,43.5101,-9.7844,0,-0.0885,-0.0885,-0.048,0,0,-0.011,-0.0044,0.0613
0.2,0.0682,0.3401,0.1032,-0.0183,43.5221,-9.7885,0,-0.0898,-0.0898,-0.0459,0,0,-0.011,-0.0044,0.0697
0.2,0.064,0.3601,0.1104,-0.0183,43.5329,-9.7948,0,-0.0919,-0.0919,-0.0454,0,0,-0.011,-0.0044,0.0783
0.2,0.1264,0.3801,0.1175,-0.0183,43.5484,-9.796,0,-0.089,-0.089,-0.0426,0,0,-0.011,-0.0044,0.0851
0.2,0.123,0.4001,0.1246,-0.0183,43.5685,-9.8002,0,-0.0858,-0.0858,-0.0412,0,0,-0.011,-0.0044,0.0912
0.1999,0.1562,0.4201,0.1317,-0.0183,43.5891,-9.8084,0,-0.0869,-0.0869,-0.0381,0,0,-0.011,-0.0044,0.0979
0.1999,0.2047,0.4401,0.1389,-0.0183,43.6142,-9.815,0,-0.0851,-0.0851,-0.0345,0,0,-0.011,-0.0044,0.1045
0.2,0.2208,0.4601,0.146,-0.0183,43.6439,-9.8188,0,-0.0781,-0.0781,-0.0284,0,0,-0.011,-0.0044,0.111
0.2,0.2582,0.4801,0.1451,-0.0183,43.6743,-9.8236,0,-0.0727,-0.0727,-0.0267,0,0,-0.011,-0.0044,0.1173
0.1999,0.3042,0.5001,0.1381,-0.0183,43.7153,-9.8374,0,-0.071,-0.071,-0.0178,0,0,-0.011,-0.0044,0.1235
0.1999,0.3055,0.5201,0.131,-0.0183,43.7546,-9.8485,0,-0.0677,-0.0677,-0.0173,0,0,-0.011,-0.0044,0.1296
0.2,0.4327,0.5401,0.1238,-0.0183,43.8102,-9.8625,0,-0.061,-0.061,-0.005,0,0,-0.011,-0.0044,0.1359
0.1999,0.404,0.5601,0.1167,-0.0183,43.8534,-9.8752,0,-0.058,-0.058,-0.0057,0,0,-0.011,-0.0044,0.1379
0.2,0.5742,0.5801,0.1095,-0.0417,43.8952,-9.8939,0,-0.0586,-0.0586,0.0388,0,0,-0.0251,-0.01,0.1336
0.1999,0.446,0.6001,0.1024,-0.0417,43.9404,-9.9067,0,-0.055,-0.055,0.0362,0,0,-0.0251,-0.01,0.1276
0.1999,0.4536,0.6201,0.0953,-0.0417,43.9846,-9.9253,0,-0.0548,-0.0548,0.0387,0,0,-0.0251,-0.01,0.1216
0.1999,0.4674,0.6401,0.0881,-0.0417,44.0262,-9.9334,0,-0.0456,-0.0456,0.0413,0,0,-0.0251,-0.01,0.1156
0.1999,0.4762,0.6601,0.081,-0.0417,44.0757,-9.941,0,-0.0321,-0.0321,0.048,0,0,-0.0251,-0.01,0.1109
0.2,0.4229,0.6801,0.0738,-0.0417,44.1203,-9.9526,0,-0.0275,-0.0275,0.0444,0,0,-0.0251,-0.01,0.1044
0.1999,0.5046,0.7001,0.0667,-0.0417,44.1755,-9.9705,0,-0.0209,-0.0209,0.0482,0,0,-0.0251,-0.01,0.0977
0.1999,0.4562,0.7201,0.0596,-0.0417,44.2241,-9.9798,0,-0.0116,-0.0116,0.0489,0,0,-0.0251,-0.01,0.0932
0.1999,0.5757,0.7401,0.0524,-0.0417,44.2801,-9.9974,0,-0.0032,-0.0032,0.0539,0,0,-0.0251,-0.01,0.0914
0.1999,0.4938,0.7601,0.0453,-0.0417,44.3393,-10.0138,0,0.0024,0.0024,0.0538,0,0,-0.0251,-0.01,0.0894
0.1999,0.5827,0.7801,0.0381,-0.0417,44.396,-10.0323,0,0.0099,0.0099,0.0582,0,0,-0.0251,-0.01,0.0889
0.1999,0.6096,0.8001,0.031,-0.0417,44.4623,-10.0443,0,0.0251,0.0251,0.0599,0,0,-0.0251,-0.01,0.0838
0.1999,0.5918,0.8201,0.0324,-0.0311,44.5221,-10.0586,0,0.034,0.034,0.0628,0,0,-0.0188,-0.0075,0.0645
0.1999,0.6698,0.8401,0.0253,-0.0311,44.5839,-10.0759,0,0.0443,0.0443,0.0625,0,0,-0.0188,-0.0075,0.0487
0.1999,0.6104,0.8601,0.0181,-0.0311,44.6464,-10.0907,0,0.053,0.053,0.062,0,0,-0.0188,-0.0075,0.0415
0.1999,0.6371,0.8801,0.011,-0.0311,44.7204,-10.1031,0,0.0722,0.0722,0.0659,0,0,-0.0188,-0.0075,0.0315
0.1999,0.6378,0.9001,0.0039,-0.0311,44.79,-10.1173,0,0.0848,0.0848,0.0628,0,0,-0.0188,-0.0075,0.0302
0.1999,0.7487,0.9201,-0.0033,-0.0311,44.8683,-10.136,0,0.101,0.101,0.063,0,0,-0.0188,-0.0075,0.0251
0.1999,0.7029,0.9401,-0.0104,-0.0311,44.9469,-10.1483,0,0.1195,0.1195,0.0654,0,0,-0.0188,-0.0075,0.0182
0.1999,0.7985,0.9601,-0.0175,-0.0311,45.0195,-10.1677,0,0.1308,0.1308,0.061,0,0,-0.0188,-0.0075,0.0134
0.2,0.7929,0.9801,-0.0246,-0.0311,45.1034,-10.2004,0,0.1333,0.1333,0.0619,0,0,-0.0188,-0.0075,0.0062
0.1999,0.7439,1.0001,-0.0317,-0.0375,45.1823,-10.2249,0,0.138,0.138,0.06,0,0,-0.0226,-0.009,-0.0003
0.1999,0.8184,1.0201,-0.0389,-0.0375,45.2708,-10.2571,0,0.1447,0.1447,0.059,0,0,-0.0226,-0.009,-0.0087
0.1999,0.8184,1.0401,-0.046,-0.0375,45.3493,-10.2745,0,0.1569,0.1569,0.0534,0,0,-0.0226,-0.009,-0.0135
0.1999,0.8184,1.0601,-0.0531,-0.0375,45.4361,-10.3011,0,0.1646,0.1646,0.049,0,0,-0.0226,-0.009,-0.0219
0.1999,0.9,1.0801,-0.0602,-0.0375,45.5219,-10.3259,0,0.1749,0.1749,0.0431,0,0,-0.0226,-0.009,-0.0292
0.1999,0.9,1.1001,-0.0674,-0.0375,45.6099,-10.3524,0,0.1827,0.1827,0.0383,0,0,-0.0226,-0.009,-0.035
0.1999,0.8849,1.1201,-0.0744,-0.0375,45.6951,-10.379,0,0.1885,0.1885,0.0319,0,0,-0.0226,-0.009,-0.0459
0.1999,0.9102,1.1401,-0.0816,-0.0441,45.779,-10.4066,0,0.1949,0.1949,0.0521,0,0,-0.0266,-0.0106,-0.0553
0.1999,0.8838,1.1601,-0.0887,-0.0441,45.8644,-10.4366,0,0.1997,0.1997,0.0464,0,0,-0.0266,-0.0106,-0.0622
0.1999,0.875,1.1801,-0.0958,-0.0441,45.9585,-10.4687,0,0.2064,0.2064,0.0396,0,0,-0.0266,-0.0106,-0.069
0.1999,0.8978,1.2,-0.1029,-0.0441,46.0462,-10.5005,0,0.2113,0.2113,0.0322,0,0,-0.0266,-0.0106,-0.0751
0.2005,0.9853,1.2,-0.1101,-0.0441,46.1439,-10.535,0,0.2182,0.2182,0.0226,0,0,-0.0266,-0.0106,-0.0821
0.2,0.9241,1.2,-0.1172,-0.0441,46.2394,-10.5696,0,0.2219,0.2219,0.0159,0,0,-0.0266,-0.0106,-0.0885
0.2001,1.0275,1.2,-0.1199,-0.0388,46.3406,-10.6106,0,0.2226,0.2226,0.0156,0,0,-0.0234,-0.0094,-0.0944
0.2,1.0062,1.2,-0.127,-0.0388,46.4398,-10.6561,0,0.2191,0.2191,0.0072,0,0,-0.0234,-0.0094,-0.1011
0.1834,1.0832,1.2,-0.1341,-0.0388,46.5494,-10.7048,0,0.2182,0.2182,-0.0025,0,0,-0.0234,-0.0094,-0.1075
0.1799,1.0838,1.2,-0.14,-0.0388,46.6417,-10.7424,0,0.2173,0.2173,-0.0141,0,0,-0.0234,-0.0094,-0.1137
0.0578,1.1896,1.2,-0.1329,-0.0388,46.7424,-10.7872,0,0.2128,0.2128,-0.0279,0,0,-0.0234,-0.0094,-0.1164
0.2,0.988,1.2,-0.1279,-0.0388,46.8447,-10.8322,0,0.2125,0.2125,-0.0322,0,0,-0.0234,-0.0094,-0.1226
0.1704,1.0938,1.2,-0.1305,-0.0428,46.9472,-10.8801,0,0.2052,0.2052,-0.0305,0,0,-0.0258,-0.0103,-0.1294
0.1349,1.1087,1.2,-0.1244,-0.0428,47.0466,-10.9322,0,0.1976,0.1976,-0.0394,0,0,-0.0258,-0.0103,-0.1339
0.1118,1.1226,1.2,-0.1185,-0.0428,47.1495,-10.9743,0,0.1996,0.1996,-0.0479,0,0,-0.0258,-0.0103,-0.1285
0.1175,1.1147,1.2,-0.1113,-0.0428,47.2488,-11.031,0,0.1885,0.1885,-0.0534,0,0,-0.0258,-0.0103,-0.1236
0.1608,1.1001,1.2,-0.1042,-0.0428,47.346,-11.0826,0,0.1799,0.1799,-0.0626,0,0,-0.0258,-0.0103,-0.1246
0.1049,1.1366,1.2,-0.0971,-0.0428,47.4491,-11.1372,0,0.1703,0.1703,-0.0709,0,0,-0.0258,-0.0103,-0.1189
0.168,1.0924,1.2,-0.0899,-0.0428,47.561,-11.1869,0,0.1725,0.1725,-0.0751,0,0,-0.0258,-0.0103,-0.1124
0.0881,1.1585,1.2,-0.0852,-0.0444,47.6663,-11.244,0,0.1639,0.1639,-0.0609,0,0,-0.0267,-0.0107,-0.1059
0.0127,1.2115,1.2,-0.0781,-0.0444,47.7622,-11.3054,0,0.1483,0.1483,-0.0669,0,0,-0.0267,-0.0107,-0.0997
0.0147,1.188,1.2,-0.071,-0.0444,47.8607,-11.3644,0,0.1387,0.1387,-0.07,0,0,-0.0267,-0.0107,-0.093
0.0678,1.1318,1.2,-0.0638,-0.0444,47.9654,-11.4217,0,0.1344,0.1344,-0.073,0,0,-0.0267,-0.0107,-0.087
0.0754,1.1401,1.2,-0.0567,-0.0444,48.0609,-11.478,0,0.1244,0.1244,-0.0785,0,0,-0.0267,-0.0107,-0.0834
0.052,1.1835,1.2,-0.0624,-0.0428,48.1563,-11.5295,0,0.119,0.119,-0.0524,0,0,-0.0258,-0.0103,-0.0773
0.162,1.1,1.2,-0.0622,-0.0428,48.2562,-11.5892,0,0.1145,0.1145,-0.0542,0,0,-0.0258,-0.0103,-0.0702
0.2003,1.0741,1.2,-0.0592,-0.0428,48.3536,-11.6425,0,0.114,0.114,-0.0558,0,0,-0.0258,-0.0103,-0.0632
0.1046,1.1541,1.2,-0.0521,-0.0428,48.4547,-11.7002,0,0.1071,0.1071,-0.0612,0,0,-0.0258,-0.0103,-0.0568
0.1771,1.1007,1.2,-0.045,-0.0428,48.5475,-11.7597,0,0.0988,0.0988,-0.0661,0,0,-0.0258,-0.0103,-0.0612
0.0927,1.1537,1.2,-0.0378,-0.0428,48.6501,-11.8218,0,0.0893,0.0893,-0.0724,0,0,-0.0258,-0.0103,-0.0615
0.2,1.0938,1.2,-0.0307,-0.0428,48.7418,-11.8811,0,0.0814,0.0814,-0.0752,0,0,-0.0258,-0.0103,-0.0586
0.0636,1.1893,1.2,-0.0236,-0.0374,48.8356,-11.9378,0,0.0705,0.0705,-0.0896,0,0,-0.0225,-0.009,-0.0539
0.1811,1.0831,1.2,-0.0164,-0.0374,48.9283,-11.9944,0,0.0686,0.0686,-0.0874,0,0,-0.0225,-0.009,-0.041
0.1598,1.0863,1.2,-0.0093,-0.0374,49.0228,-12.0443,0,0.0683,0.0683,-0.0881,0,0,-0.0225,-0.009,-0.0333
0.1908,1.0767,1.2,-0.0021,-0.0374,49.1188,-12.1058,0,0.0592,0.0592,-0.0888,0,0,-0.0225,-0.009,-0.0277
0.1998,1.0584,1.2,0.005,-0.0374,49.2046,-12.1525,0,0.0589,0.0589,-0.0891,0,0,-0.0225,-0.009,-0.0215
0.1313,1.1303,1.2,0.0121,-0.0374,49.2982,-12.2029,0,0.0559,0.0559,-0.0879,0,0,-0.0225,-0.009,-0.0133
0.2,0.9678,1.2,0.0193,-0.0374,49.3941,-12.2602,0,0.0579,0.0579,-0.0867,0,0,-0.0225,-0.009,-0.0068
0.2001,1.0541,1.2,0.0134,-0.0527,49.487,-12.3062,0,0.0594,0.0594,-0.0716,0,0,-0.0318,-0.0127,-0.0008
0.1518,1.1067,1.2,0.0205,-0.0527,49.5788,-12.3602,0,0.0564,0.0564,-0.0679,0,0,-0.0318,-0.0127,0.0071
0.1998,1.0279,1.2,0.0215,-0.0527,49.6761,-12.4069,0,0.0667,0.0667,-0.0649,0,0,-0.0318,-0.0127,0.0133
0.2004,1.0559,1.2,0.0182,-0.0527,49.7719,-12.4579,0,0.0683,0.0683,-0.0627,0,0,-0.0318,-0.0127,0.0193
0.1992,1.0711,1.2,0.0152,-0.0527,49.8675,-12.5108,0,0.0685,0.0685,-0.0627,0,0,-0.0318,-0.0127,0.0147
0.1997,1.076,1.2,0.008,-0.0527,49.9717,-12.5653,0,0.0729,0.0729,-0.0587,0,0,-0.0318,-0.0127,0.0205
0.169,1.0835,1.2,0.0009,-0.054,50.0749,-12.6157,0,0.0824,0.0824,-0.0069,0,0,-0.0326,-0.013,0.0212
0.0772,1.1672,1.2,-0.0062,-0.054,50.1694,-12.6712,0,0.0854,0.0854,-0.0064,0,0,-0.0326,-0.013,0.0185
0.0789,1.1398,1.2,-0.0134,-0.054,50.2693,-12.7243,0,0.0936,0.0936,-0.0066,0,0,-0.0326,-0.013,0.0162
0.1792,1.0867,1.2,-0.0205,-0.054,50.3724,-12.7771,0,0.1035,0.1035,-0.0078,0,0,-0.0326,-0.013,0.0128
0.1242,1.1215,1.2,-0.0277,-0.054,50.4701,-12.8309,0,0.1081,0.1081,-0.0111,0,0,-0.0326,-0.013,0.0067
0.0842,1.1491,1.2,-0.0348,-0.054,50.5633,-12.8895,0,0.1058,0.1058,-0.0156,0,0,-0.0326,-0.013,-0.0016
0.1813,1.1051,1.2,-0.0276,-0.0348,50.6596,-12.9431,0,0.1101,0.1101,-0.0232,0,0,-0.0209,-0.0084,-0.0067
0.1546,1.0914,1.2,-0.0348,-0.0348,50.7508,-13.0047,0,0.104,0.104,-0.0279,0,0,-0.0209,-0.0084,-0.0136
0.1756,1.0918,1.2,-0.0419,-0.0348,50.8433,-13.0521,0,0.1101,0.1101,-0.0335,0,0,-0.0209,-0.0084,-0.0217
0.1999,1.0921,1.2,-0.0489,-0.0348,50.9307,-13.1125,0,0.1035,0.1035,-0.0368,0,0,-0.0209,-0.0084,-0.0288
0.2003,1.029,1.2,-0.056,-0.0348,51.0221,-13.1696,0,0.1024,0.1024,-0.0394,0,0,-0.0209,-0.0084,-0.0262
0.2,1.053,1.2,-0.0553,-0.0348,51.115,-13.229,0,0.0977,0.0977,-0.0449,0,0,-0.0209,-0.0084,-0.0291
0.1851,1.0683,1.2,-0.0481,-0.0348,51.2047,-13.2858,0,0.0935,0.0935,-0.0512,0,0,-0.0209,-0.0084,-0.0336
0.1996,1.0933,1.2,-0.0553,-0.0427,51.3041,-13.3401,0,0.0976,0.0976,-0.04,0,0,-0.0257,-0.0103,-0.0436
0.1998,1.0522,1.2,-0.0559,-0.0427,51.3867,-13.389,0,0.0983,0.0983,-0.0486,0,0,-0.0257,-0.0103,-0.0544
0.1373,1.1213,1.2,-0.0488,-0.0427,51.4779,-13.4554,0,0.0882,0.0882,-0.0533,0,0,-0.0257,-0.0103,-0.0549
0.2,0.9507,1.2,-0.0416,-0.0427,51.5656,-13.5138,0,0.089,0.089,-0.0541,0,0,-0.0257,-0.0103,-0.0499
0.1424,1.1186,1.2,-0.0345,-0.0427,51.6586,-13.5684,0,0.0858,0.0858,-0.0627,0,0,-0.0257,-0.0103,-0.0544
0.1999,1.0442,1.2,-0.0274,-0.0427,51.7521,-13.623,0,0.0911,0.0911,-0.0653,0,0,-0.0257,-0.0103,-0.0556
0.1862,1.0674,1.2,-0.0314,-0.0391,51.839,-13.6867,0,0.083,0.083,-0.0192,0,0,-0.0236,-0.0094,-0.05
0.1781,1.0729,1.2,-0.0386,-0.0391,51.9238,-13.7423,0,0.086,0.086,-0.0192,0,0,-0.0236,-0.0094,-0.039
0.1993,1.0681,1.2,-0.0457,-0.0391,52.0135,-13.806,0,0.0862,0.0862,-0.0184,0,0,-0.0236,-0.0094,-0.0314
0.2,1.0046,1.2,-0.0528,-0.0391,52.1003,-13.8698,0,0.0842,0.0842,-0.0191,0,0,-0.0236,-0.0094,-0.0248
0.1998,1.0907,1.2,-0.06,-0.0391,52.1882,-13.9363,0,0.0782,0.0782,-0.0242,0,0,-0.0236,-0.0094,-0.0274
0.2003,1.0686,1.2,-0.0671,-0.0391,52.2841,-13.9967,0,0.0832,0.0832,-0.0285,0,0,-0.0236,-0.0094,-0.0324
0.1704,1.0928,1.2,-0.0611,-0.0391,52.3752,-14.0645,0,0.077,0.077,-0.0367,0,0,-0.0236,-0.0094,-0.0415
0.1336,1.123,1.2,-0.0539,-0.0183,52.4628,-14.1236,0,0.0779,0.0779,-0.0288,0,0,-0.011,-0.0044,-0.0497
0.108,1.1261,1.2,-0.0468,-0.0183,52.545,-14.186,0,0.0722,0.0722,-0.0375,0,0,-0.011,-0.0044,-0.0566
0.1998,1.0469,1.2,-0.0397,-0.0183,52.6288,-14.2491,0,0.07,0.07,-0.0424,0,0,-0.011,-0.0044,-0.0643
0.2,1.0238,1.2,-0.0325,-0.0183,52.7095,-14.3098,0,0.0668,0.0668,-0.0473,0,0,-0.011,-0.0044,-0.0649
0.2,1.0396,1.2,-0.0254,-0.0183,52.787,-14.3671,0,0.0642,0.0642,-0.0507,0,0,-0.011,-0.0044,-0.0579
0.2,1.0017,1.2,-0.0183,-0.0183,52.8778,-14.4325,0,0.0655,0.0655,-0.0507,0,0,-0.011,-0.0044,-0.0511
0.2,0.9546,1.2,-0.0111,-0.0183,52.968,-14.5048,0,0.0613,0.0613,-0.0499,0,0,-0.011,-0.0044,-0.0402
0.1524,1.1092,1.2,-0.004,-0.0129,53.0523,-14.5704,0,0.055,0.055,-0.0434,0,0,-0.0078,-0.0031,-0.0325
0.0961,1.1466,1.2,0.003,-0.0129,53.1388,-14.6359,0,0.0528,0.0528,-0.0443,0,0,-0.0078,-0.0031,-0.0271
0.1996,1.0586,1.2,0.0045,-0.0129,53.2233,-14.6958,0,0.0571,0.0571,-0.0432,0,0,-0.0078,-0.0031,-0.0184
0.1997,1.0752,1.2,-0.0026,-0.0129,53.3135,-14.7642,0,0.0565,0.0565,-0.0414,0,0,-0.0078,-0.0031,-0.0109
0.1999,1.0267,1.2,0.0045,-0.0129,53.4067,-14.8304,0,0.0607,0.0607,-0.0397,0,0,-0.0078,-0.0031,-0.004
0.2001,1.1227,1.2,-0.0026,-0.0129,53.4965,-14.8981,0,0.059,0.059,-0.0379,0,0,-0.0078,-0.0031,0.0024
0.1225,1.1327,1.2,-0.0081,-0.0109,53.5799,-14.9646,0,0.0582,0.0582,-0.0147,0,0,-0.0066,-0.0026,0.006
0.134,1.1153,1.2,-0.0152,-0.0109,53.6723,-15.0195,0,0.0715,0.0715,-0.0166,0,0,-0.0066,-0.0026,0.0022
0.2001,1.0577,1.2,-0.0222,-0.0109,53.7628,-15.0836,0,0.077,0.077,-0.0171,0,0,-0.0066,-0.0026,0.0042
0.1995,1.0648,1.2,-0.0293,-0.0109,53.8467,-15.1495,0,0.0762,0.0762,-0.0188,0,0,-0.0066,-0.0026,0.0019
0.2001,1.0992,1.2,-0.0364,-0.0109,53.9314,-15.215,0,0.0759,0.0759,-0.0208,0,0,-0.0066,-0.0026,-0.0024
0.2003,1.0577,1.2,-0.0376,-0.0109,54.0177,-15.2843,0,0.073,0.073,-0.0258,0,0,-0.0066,-0.0026,-0.0094
0.1993,1.0611,1.2,-0.0372,-0.0019,54.0967,-15.354,0,0.0654,0.0654,-0.0011,0,0,-0.0011,-0.0005,-0.0142
0.2001,1.0978,1.2,-0.0443,-0.0019,54.1827,-15.419,0,0.0683,0.0683,-0.0061,0,0,-0.0011,-0.0005,-0.0211
0.1999,1.0449,1.2,-0.0514,-0.0019,54.2565,-15.4838,0,0.0637,0.0637,-0.011,0,0,-0.0011,-0.0005,-0.028
0.1996,1.0689,1.2,-0.0525,-0.0019,54.3371,-15.5464,0,0.0642,0.0642,-0.0172,0,0,-0.0011,-0.0005,-0.033
0.2,0.9741,1.2,-0.0454,-0.0019,54.4187,-15.6139,0,0.0632,0.0632,-0.0207,0,0,-0.0011,-0.0005,-0.0339
0.2,1.0105,1.2,-0.0383,-0.0019,54.5038,-15.685,0,0.0611,0.0611,-0.0241,0,0,-0.0011,-0.0005,-0.0354
0.2,1.0504,1.2,-0.0311,-0.0019,54.5856,-15.7567,0,0.0542,0.0542,-0.0332,0,0,-0.0011,-0.0005,-0.0467
0.1526,1.0994,1.2,-0.024,0.0101,54.6687,-15.8215,0,0.0513,0.0513,-0.0826,0,0,0.0061,0.0024,-0.0526
0.1998,1.0791,1.2,-0.0168,0.0101,54.7511,-15.885,0,0.0495,0.0495,-0.0857,0,0,0.0061,0.0024,-0.0498
0.2,1.0444,1.2,-0.0098,0.0101,54.8315,-15.9559,0,0.0425,0.0425,-0.0847,0,0,0.0061,0.0024,-0.0378
0.2001,1.0302,1.2,-0.0026,0.0101,54.9149,-16.0265,0,0.0372,0.0372,-0.0839,0,0,0.0061,0.0024,-0.0311
0.1912,1.0627,1.2,0.0045,0.0101,55.0022,-16.095,0,0.0336,0.0336,-0.0842,0,0,0.0061,0.0024,-0.0235
0.1646,1.0835,1.2,0.0116,0.0101,55.0901,-16.1669,0,0.0282,0.0282,-0.0848,0,0,0.0061,0.0024,-0.0193
0.1434,1.0992,1.2,0.0045,-0.0106,55.1812,-16.2323,0,0.0311,0.0311,-0.0838,0,0,-0.0064,-0.0026,-0.0092
0.1114,1.1262,1.2,0.0116,-0.0106,55.2676,-16.2944,0,0.0329,0.0329,-0.0825,0,0,-0.0064,-0.0026,-0.0025
0.1104,1.1106,1.2,0.0187,-0.0106,55.3541,-16.3649,0,0.0306,0.0306,-0.0799,0,0,-0.0064,-0.0026,0.0033
0.2004,1.0549,1.2,0.0258,-0.0106,55.4377,-16.4364,0,0.0273,0.0273,-0.077,0,0,-0.0064,-0.0026,0.0114
0.1562,1.1064,1.2,0.0329,-0.0106,55.5262,-16.5061,0,0.0233,0.0233,-0.0775,0,0,-0.0064,-0.0026,0.0083
0.1549,1.0906,1.2,0.04,-0.0106,55.6121,-16.5695,0,0.0261,0.0261,-0.0755,0,0,-0.0064,-0.0026,0.0123
0.1228,1.1174,1.2,0.0471,-0.0106,55.6922,-16.6316,0,0.0254,0.0254,-0.0724,0,0,-0.0064,-0.0026,0.0172
0.1997,1.0585,1.2,0.0529,-0.0123,55.7692,-16.698,0,0.0235,0.0235,-0.0519,0,0,-0.0074,-0.003,0.0225
0.2,1.0052,1.2,0.0562,-0.0123,55.8583,-16.7717,0,0.024,0.024,-0.0472,0,0,-0.0074,-0.003,0.0301
0.2,1.0089,1.2,0.0524,-0.0123,55.943,-16.8307,0,0.0318,0.0318,-0.0421,0,0,-0.0074,-0.003,0.0387
0.1149,1.147,1.2,0.0455,-0.0123,56.0255,-16.8915,0,0.0341,0.0341,-0.0361,0,0,-0.0074,-0.003,0.0451
0.2,1.017,1.2,0.0383,-0.0123,56.1156,-16.9506,0,0.0478,0.0478,-0.0331,0,0,-0.0074,-0.003,0.0501
0.2,1.017,1.2,0.0312,-0.0123,56.1974,-17.0169,0,0.048,0.048,-0.0293,0,0,-0.0074,-0.003,0.0531
0.1947,1.0704,1.2,0.03,-0.0053,56.2825,-17.0881,0,0.0452,0.0452,-0.0237,0,0,-0.0032,-0.0013,0.0495
0.2,1.0442,1.2,0.0229,-0.0053,56.3651,-17.1525,0,0.0476,0.0476,-0.0226,0,0,-0.0032,-0.0013,0.0435
0.1561,1.1018,1.2,0.0158,-0.0053,56.4516,-17.2085,0,0.0593,0.0593,-0.0184,0,0,-0.0032,-0.0013,0.0355
0.1906,1.0387,1.2,0.0087,-0.0053,56.534,-17.2719,0,0.0613,0.0613,-0.02,0,0,-0.0032,-0.0013,0.03
0.2,1.026,1.2,0.0015,-0.0053,56.6259,-17.3318,0,0.0717,0.0717,-0.02,0,0,-0.0032,-0.0013,0.0284
0.2,1.0309,1.2,-0.0056,-0.0053,56.7106,-17.3894,0,0.0787,0.0787,-0.0216,0,0,-0.0032,-0.0013,0.0216
0.1643,1.0881,1.2,-0.0127,-0.0053,56.7865,-17.4373,0,0.0895,0.0895,-0.0189,0,0,-0.0032,-0.0013,0.0154
0.2,1.0159,1.2,-0.0198,-0.0053,56.8669,-17.498,0,0.0913,0.0913,-0.0225,0,0,-0.0032,-0.0013,0.0092
0.2,0.8929,1.2,-0.0185,-0.0043,56.9546,-17.5641,0,0.0938,0.0938,-0.0375,0,0,-0.0026,-0.001,0.0041
0.2,0.9984,1.2,-0.0126,-0.0043,57.0386,-17.6176,0,0.0995,0.0995,-0.0412,0,0,-0.0026,-0.001,-0.0037
0.182,1.0891,1.2,-0.0162,-0.0043,57.1196,-17.6813,0,0.095,0.095,-0.0456,0,0,-0.0026,-0.001,-0.0104
0.2,0.9858,1.2,-0.0093,-0.0043,57.2017,-17.7527,0,0.0898,0.0898,-0.0486,0,0,-0.0026,-0.001,-0.016
0.2,1.0215,1.2,-0.0024,-0.0043,57.286,-17.8105,0,0.0943,0.0943,-0.0494,0,0,-0.0026,-0.001,-0.0142
0.1894,1.0788,1.2,-0.002,-0.0043,57.3653,-17.8727,0,0.0917,0.0917,-0.0497,0,0,-0.0026,-0.001,-0.0096
0.2,1.013,1.2,-0.0048,-0.0114,57.4475,-17.941,0,0.0893,0.0893,-0.0423,0,0,-0.0069,-0.0028,-0.0114
0.2,0.9991,1.2,-0.0089,-0.0114,57.5351,-18.0025,0,0.096,0.096,-0.0401,0,0,-0.0069,-0.0028,-0.0052
0.2004,1.0593,1.2,-0.0161,-0.0114,57.6198,-18.0632,0,0.0993,0.0993,-0.0394,0,0,-0.0069,-0.0028,0.0007
0.2006,1.0616,1.2,-0.0232,-0.0114,57.7059,-18.1315,0,0.098,0.098,-0.041,0,0,-0.0069,-0.0028,0
0.2,1.0323,1.2,-0.0235,-0.0114,57.7856,-18.1945,0,0.0976,0.0976,-0.0426,0,0,-0.0069,-0.0028,-0.0027
0.1999,1.0898,1.2,-0.03,-0.0114,57.8626,-18.255,0,0.095,0.095,-0.0458,0,0,-0.0069,-0.0028,-0.0061
0.2,1.0065,1.2,-0.0229,-0.0114,57.9441,-18.3247,0,0.0908,0.0908,-0.05,0,0,-0.0069,-0.0028,-0.0133
0.2,0.9711,1.2,-0.0158,-0.0085,58.0274,-18.391,0,0.0901,0.0901,-0.0386,0,0,-0.0051,-0.0021,-0.0195
0.1998,1.063,1.2,-0.0227,-0.0085,58.1035,-18.4522,0,0.0868,0.0868,-0.0426,0,0,-0.0051,-0.0021,-0.0196
0.2003,1.0555,1.2,-0.0171,-0.0085,58.1836,-18.519,0,0.0839,0.0839,-0.0464,0,0,-0.0051,-0.0021,-0.0255
0.2,0.9674,1.2,-0.0099,-0.0085,58.2617,-18.5844,0,0.084,0.084,-0.0455,0,0,-0.0051,-0.0021,-0.0196
0.2,1.0343,1.2,-0.0028,-0.0085,58.3421,-18.6532,0,0.0789,0.0789,-0.0461,0,0,-0.0051,-0.0021,-0.0124
0.2,1.0094,1.2,0.0043,-0.0085,58.4196,-18.7266,0,0.0701,0.0701,-0.0491,0,0,-0.0051,-0.0021,-0.0182
0.2001,1.0496,1.2,0.0096,-0.0085,58.506,-18.7959,0,0.0694,0.0694,-0.0489,0,0,-0.0051,-0.0021,-0.0128
0.2001,1.058,1.2,0.0081,-0.0021,58.5895,-18.8599,0,0.0724,0.0724,-0.041,0,0,-0.0012,-0.0005,-0.0062
0.2,1.0982,1.2,0.001,-0.0021,58.674,-18.9186,0,0.08,0.08,-0.0399,0,0,-0.0012,-0.0005,0.0004
0.2001,1.0426,1.2,-0.0061,-0.0021,58.7602,-18.9879,0,0.0827,0.0827,-0.038,0,0,-0.0012,-0.0005,0.0069
0.1999,1.0194,1.2,-0.0022,-0.0021,58.8409,-19.0525,0,0.0847,0.0847,-0.0371,0,0,-0.0012,-0.0005,0.0114
0.1999,1.0969,1.2,-0.0093,-0.0021,58.9181,-19.1165,0,0.0826,0.0826,-0.0373,0,0,-0.0012,-0.0005,0.0102
0.2,1.0251,1.2,-0.0022,-0.0021,58.9879,-19.1841,0,0.0757,0.0757,-0.0394,0,0,-0.0012,-0.0005,0.0039
0.2,0.9941,1.2,0.0049,-0.0021,59.0623,-19.2628,0,0.0619,0.0619,-0.0418,0,0,-0.0012,-0.0005,-0.0021
0.2,0.9636,1.2,-0.0001,0.0004,59.1467,-19.3293,0,0.0675,0.0675,-0.006,0,0,0.0003,0.0001,0.0004
0.1951,1.0739,1.2,-0.0073,0.0004,59.2269,-19.3964,0,0.0689,0.0689,-0.0089,0,0,0.0003,0.0001,-0.0051
0.1968,1.065,1.2,-0.0143,0.0004,59.3054,-19.4596,0,0.074,0.074,-0.0076,0,0,0.0003,0.0001,-0.0003
0.2001,1.0367,1.2,-0.0215,0.0004,59.3837,-19.5216,0,0.0802,0.0802,-0.0053,0,0,0.0003,0.0001,0.0059
0.2,0.9989,1.2,-0.0286,0.0004,59.4667,-19.5896,0,0.0835,0.0835,-0.0074,0,0,0.0003,0.0001,0.0034
0.2,0.9898,1.2,-0.0356,0.0004,59.5423,-19.6614,0,0.0786,0.0786,-0.0107,0,0,0.0003,0.0001,-0.0035
0.1896,1.0642,1.2,-0.0285,0.0189,59.6196,-19.7271,0,0.0753,0.0753,-0.0815,0,0,0.0114,0.0046,-0.0099
0.2,1.0335,1.2,-0.0213,0.0189,59.701,-19.7857,0,0.0782,0.0782,-0.0858,0,0,0.0114,0.0046,-0.0169
0.2,1.0063,1.2,-0.0142,0.0189,59.7877,-19.8511,0,0.0784,0.0784,-0.0909,0,0,0.0114,0.0046,-0.0237
0.2,0.9929,1.2,-0.0071,0.0189,59.8652,-19.9205,0,0.0694,0.0694,-0.0959,0,0,0.0114,0.0046,-0.0306
0.1781,1.075,1.2,0.0001,0.0189,59.939,-19.9976,0,0.0496,0.0496,-0.0954,0,0,0.0114,0.0046,-0.0243
0.2,1.0322,1.2,0.0071,0.0189,60.0193,-20.07,0,0.0432,0.0432,-0.094,0,0,0.0114,0.0046,-0.0175
0.1999,1.0576,1.2,0.0143,0.0189,60.0952,-20.134,0,0.0377,0.0377,-0.0931,0,0,0.0114,0.0046,-0.011
0.181,1.0722,1.2,0.0071,-0.0129,60.1769,-20.2004,0,0.0357,0.0357,-0.0787,0,0,-0.0078,-0.0031,-0.0043
0.2,0.9842,1.2,0.0142,-0.0129,60.2555,-20.2657,0,0.0372,0.0372,-0.0767,0,0,-0.0078,-0.0031,0.0023
0.2,1.044,1.2,0.0214,-0.0129,60.3392,-20.3313,0,0.0362,0.0362,-0.0743,0,0,-0.0078,-0.0031,0.0087
0.2,1.0127,1.2,0.0285,-0.0129,60.4249,-20.3979,0,0.0394,0.0394,-0.0714,0,0,-0.0078,-0.0031,0.0149
0.1999,1.0549,1.2,0.0356,-0.0129,60.5011,-20.4696,0,0.0288,0.0288,-0.0724,0,0,-0.0078,-0.0031,0.0105
0.177,1.076,1.2,0.0428,-0.0129,60.5826,-20.5405,0,0.0237,0.0237,-0.0702,0,0,-0.0078,-0.0031,0.0149
0.2001,1.0369,1.2,0.0499,-0.0065,60.6711,-20.6033,0,0.0344,0.0344,-0.0444,0,0,-0.0039,-0.0016,0.0209
0.1953,1.0717,1.2,0.049,-0.0065,60.7556,-20.6714,0,0.0354,0.0354,-0.0418,0,0,-0.0039,-0.0016,0.0271
0.1993,1.0796,1.2,0.0522,-0.0065,60.8351,-20.7408,0,0.0334,0.0334,-0.0386,0,0,-0.0039,-0.0016,0.0335
0.1921,1.0761,1.2,0.0451,-0.0065,60.9175,-20.8086,0,0.0351,0.0351,-0.0345,0,0,-0.0039,-0.0016,0.0405
0.2,1.0468,1.2,0.0379,-0.0065,61.0015,-20.8691,0,0.0459,0.0459,-0.0268,0,0,-0.0039,-0.0016,0.0472
0.1997,1.0583,1.2,0.0308,-0.0065,61.0976,-20.9146,0,0.0751,0.0751,-0.0202,0,0,-0.0039,-0.0016,0.0473
0.2,1.0304,1.2,0.0237,-0.0065,61.1755,-20.9776,0,0.0759,0.0759,-0.0207,0,0,-0.0039,-0.0016,0.0506
0.2005,1.0631,1.2,0.0268,0.0056,61.2541,-21.0497,0,0.0691,0.0691,-0.0351,0,0,0.0034,0.0014,0.0447
0.2,0.9931,1.2,0.0205,0.0056,61.3369,-21.1126,0,0.0731,0.0731,-0.0367,0,0,0.0034,0.0014,0.0378
0.2001,1.0575,1.2,0.0134,0.0056,61.4233,-21.1745,0,0.0775,0.0775,-0.0372,0,0,0.0034,0.0014,0.0313
0.1999,1.0314,1.2,0.0063,0.0056,61.5178,-21.2434,0,0.0852,0.0852,-0.0343,0,0,0.0034,0.0014,0.0272
0.2,1.0536,1.2,-0.0009,0.0056,61.5986,-21.3164,0,0.0777,0.0777,-0.0351,0,0,0.0034,0.0014,0.0264
0.0906,1.1622,1.2,0.0039,0.0056,61.6782,-21.3838,0,0.0725,0.0725,-0.0358,0,0,0.0034,0.0014,0.0217
0.1983,1.0799,1.2,-0.0032,-0.0003,61.7666,-21.4448,0,0.0827,0.0827,-0.0213,0,0,-0.0002,-0.0001,0.0158
0.2002,1.0342,1.2,-0.0104,-0.0003,61.8476,-21.5126,0,0.0809,0.0809,-0.0251,0,0,-0.0002,-0.0001,0.0109
0.2,1.066,1.2,-0.0173,-0.0003,61.9386,-21.5654,0,0.0981,0.0981,-0.0249,0,0,-0.0002,-0.0001,0.0058
0.2005,1.0476,1.2,-0.0245,-0.0003,62.0261,-21.6304,0,0.1021,0.1021,-0.0285,0,0,-0.0002,-0.0001,0.0036
0.1998,1.0446,1.2,-0.0314,-0.0003,62.103,-21.6969,0,0.0984,0.0984,-0.0309,0,0,-0.0002,-0.0001,0.0022
0.1837,1.0799,1.2,-0.0315,-0.0003,62.1763,-21.7695,0,0.0873,0.0873,-0.0338,0,0,-0.0002,-0.0001,-0.004
0.2,1.0082,1.2,-0.0244,-0.0003,62.2659,-21.8372,0,0.0912,0.0912,-0.0385,0,0,-0.0002,-0.0001,-0.0088
0.2,1.0228,1.2,-0.0173,0.0098,62.345,-21.9086,0,0.0836,0.0836,-0.0499,0,0,0.0059,0.0024,-0.0177
0.139,1.1128,1.2,-0.0102,0.0098,62.4267,-21.9784,0,0.0768,0.0768,-0.055,0,0,0.0059,0.0024,-0.0244
0.2,1.0565,1.2,-0.003,0.0098,62.5093,-22.0408,0,0.0808,0.0808,-0.0575,0,0,0.0059,0.0024,-0.0271
0.1882,1.0655,1.2,0.0041,0.0098,62.5852,-22.1064,0,0.0767,0.0767,-0.0585,0,0,0.0059,0.0024,-0.0229
0.2,1.0252,1.2,0.0112,0.0098,62.6702,-22.1756,0,0.0779,0.0779,-0.0572,0,0,0.0059,0.0024,-0.0162
0.2,0.9939,1.2,0.0184,0.0098,62.7525,-22.2339,0,0.087,0.087,-0.0529,0,0,0.0059,0.0024,-0.0094
0.1728,1.0867,1.2,0.0232,0.0098,62.8311,-22.2942,0,0.0869,0.0869,-0.053,0,0,0.0059,0.0024,-0.0024
0.2,1.0011,1.2,0.0186,0.011,62.9127,-22.3612,0,0.0892,0.0892,-0.043,0,0,0.0066,0.0026,0.0041
0.2,0.9819,1.2,0.0163,0.011,62.9913,-22.4332,0,0.0853,0.0853,-0.0401,0,0,0.0066,0.0026,0.0104
0.2002,1.0467,1.2,0.0099,0.011,63.0679,-22.4843,0,0.0956,0.0956,-0.0348,0,0,0.0066,0.0026,0.0165
0.1999,1.0562,1.2,0.0028,0.011,63.1468,-22.5594,0,0.0881,0.0881,-0.0336,0,0,0.0066,0.0026,0.0215
0.2,0.9155,1.2,0.0025,0.011,63.2288,-22.6337,0,0.0856,0.0856,-0.0346,0,0,0.0066,0.0026,0.0207
0.1995,1.0805,1.2,-0.0046,0.011,63.3129,-22.7041,0,0.082,0.082,-0.0344,0,0,0.0066,0.0026,0.0183
0.2002,1.0964,1.2,-0.0042,0.02,63.4,-22.7709,0,0.0856,0.0856,-0.0207,0,0,0.012,0.0048,0.0156
0.1737,1.0878,1.2,-0.0111,0.02,63.4945,-22.8261,0,0.1061,0.1061,-0.02,0,0,0.012,0.0048,0.0079
0.1844,1.0889,1.2,-0.0182,0.02,63.5824,-22.894,0,0.1099,0.1099,-0.0234,0,0,0.012,0.0048,0.0053
0.201,1.0881,1.2,-0.0254,0.02,63.6627,-22.9665,0,0.1059,0.1059,-0.0258,0,0,0.012,0.0048,0.0011
0.1992,1.0999,1.2,-0.0325,0.02,63.7419,-23.0389,0,0.1014,0.1014,-0.0274,0,0,0.012,0.0048,-0.0007
0.1854,1.0722,1.2,-0.0302,0.02,63.8174,-23.1055,0,0.0989,0.0989,-0.0302,0,0,0.012,0.0048,-0.0035
0.1998,1.0651,1.2,-0.0235,0.02,63.8986,-23.1724,0,0.0988,0.0988,-0.0352,0,0,0.012,0.0048,-0.0098
0.2,0.9973,1.2,-0.0164,0.0324,63.9724,-23.2392,0,0.0948,0.0948,-0.0478,0,0,0.0195,0.0078,-0.0168
0.2,1.0426,1.2,-0.0093,0.0324,64.0531,-23.3082,0,0.0911,0.0911,-0.0522,0,0,0.0195,0.0078,-0.022
0.2,0.9874,1.2,-0.0021,0.0324,64.1281,-23.3798,0,0.0847,0.0847,-0.055,0,0,0.0195,0.0078,-0.0266
0.2,1.0522,1.2,0.005,0.0324,64.2024,-23.4428,0,0.0814,0.0814,-0.0572,0,0,0.0195,0.0078,-0.0236
0.2,1.0283,1.2,0.012,0.0324,64.2813,-23.5155,0,0.0769,0.0769,-0.0568,0,0,0.0195,0.0078,-0.0172
0.2,0.9658,1.2,0.0191,0.0324,64.3611,-23.589,0,0.0737,0.0737,-0.0555,0,0,0.0195,0.0078,-0.0106
0.1908,1.063,1.2,0.0262,0.0324,64.443,-23.6623,0,0.0682,0.0682,-0.0537,0,0,0.0195,0.0078,-0.003
0.1755,1.076,1.2,0.0334,0.0357,64.5342,-23.727,0,0.0745,0.0745,-0.0937,0,0,0.0215,0.0086,0.0045
0.1556,1.0893,1.2,0.0405,0.0357,64.618,-23.7973,0,0.0689,0.0689,-0.093,0,0,0.0215,0.0086,0.0097
0.1297,1.1108,1.2,0.0476,0.0357,64.6917,-23.8776,0,0.05,0.05,-0.0904,0,0,0.0215,0.0086,0.0154
0.2005,1.0841,1.2,0.0548,0.0357,64.7764,-23.9508,0,0.0461,0.0461,-0.0866,0,0,0.0215,0.0086,0.023
0.1883,1.0805,1.2,0.0619,0.0357,64.8676,-24.0045,0,0.0641,0.0641,-0.0764,0,0,0.0215,0.0086,0.0289
0.1392,1.1101,1.2,0.069,0.0357,64.953,-24.0716,0,0.0618,0.0618,-0.0746,0,0,0.0215,0.0086,0.0364
0.2,1.0589,1.2,0.0619,0.0181,65.0483,-24.139,0,0.0731,0.0731,-0.0532,0,0,0.0109,0.0044,0.0447
0.2,1.0761,1.2,0.0633,0.0181,65.1219,-24.2156,0,0.0587,0.0587,-0.0506,0,0,0.0109,0.0044,0.0511
0.0958,1.162,1.2,0.0561,0.0181,65.2045,-24.2709,0,0.0692,0.0692,-0.039,0,0,0.0109,0.0044,0.0605
0.2003,1.053,1.2,0.049,0.0181,65.2846,-24.3423,0,0.0657,0.0657,-0.0377,0,0,0.0109,0.0044,0.07
0.2,0.9911,1.2,0.0486,0.0181,65.3631,-24.4229,0,0.0526,0.0526,-0.0391,0,0,0.0109,0.0044,0.0626
0.1424,1.1149,1.2,0.0414,0.0181,65.4591,-24.4763,0,0.0732,0.0732,-0.0264,0,0,0.0109,0.0044,0.0659
0.1234,1.1149,1.2,0.0486,0.0302,65.5508,-24.5334,0,0.0834,0.0834,-0.0687,0,0,0.0182,0.0073,0.054
0.1654,1.0999,1.2,0.0557,0.0302,65.637,-24.6079,0,0.074,0.074,-0.0705,0,0,0.0182,0.0073,0.0476
0.1974,1.0718,1.2,0.0628,0.0302,65.723,-24.6751,0,0.0716,0.0716,-0.0702,0,0,0.0182,0.0073,0.0459
0.1493,1.1293,1.2,0.0663,0.0302,65.82,-24.7364,0,0.0816,0.0816,-0.0622,0,0,0.0182,0.0073,0.0397
0.1997,1.0823,1.2,0.0592,0.0302,65.9063,-24.8004,0,0.0821,0.0821,-0.0614,0,0,0.0182,0.0073,0.0454
0.2,1.1452,1.2,0.052,0.0302,66.0056,-24.8585,0,0.0966,0.0966,-0.0503,0,0,0.0182,0.0073,0.0524
0.1998,1.0649,1.2,0.0449,0.0302,66.0913,-24.9209,0,0.099,0.099,-0.0485,0,0,0.0182,0.0073,0.065
0.1042,1.1481,1.2,0.0378,0.0168,66.1769,-24.9758,0,0.1107,0.1107,-0.0074,0,0,0.0101,0.004,0.0672
0.2,1.051,1.2,0.0306,0.0168,66.2683,-25.047,0,0.1095,0.1095,-0.0134,0,0,0.0101,0.004,0.0565
0.2,1.0137,1.2,0.0235,0.0168,66.3538,-25.1184,0,0.1058,0.1058,-0.0149,0,0,0.0101,0.004,0.0493
0.1038,1.1486,1.2,0.0163,0.0168,66.4483,-25.1744,0,0.121,0.121,-0.0095,0,0,0.0101,0.004,0.0426
0.1658,1.1043,1.2,0.0092,0.0168,66.535,-25.2358,0,0.1248,0.1248,-0.0132,0,0,0.0101,0.004,0.0351
0.1492,1.0938,1.2,0.0021,0.0168,66.6249,-25.2937,0,0.1338,0.1338,-0.015,0,0,0.0101,0.004,0.0282
0.2,1.0526,1.2,0.0092,0.0405,66.7111,-25.3575,0,0.1358,0.1358,-0.0511,0,0,0.0244,0.0098,0.0224
0.2,1.0603,1.2,0.0061,0.0405,66.7995,-25.4255,0,0.132,0.132,-0.0519,0,0,0.0244,0.0098,0.0175
0.1973,1.0637,1.2,0.0061,0.0405,66.8938,-25.4871,0,0.1364,0.1364,-0.0542,0,0,0.0244,0.0098,0.0104
0.1509,1.1063,1.2,0.0071,0.0405,66.9842,-25.551,0,0.1362,0.1362,-0.0549,0,0,0.0244,0.0098,0.0057
0.1933,1.1164,1.2,0,0.0405,67.0727,-25.6062,0,0.1456,0.1456,-0.0493,0,0,0.0244,0.0098,0.0101
0.2,1.098,1.2,-0.0051,0.0405,67.1635,-25.6677,0,0.148,0.148,-0.0519,0,0,0.0244,0.0098,0.0083
0.2,1.037,1.2,0.002,0.0405,67.2426,-25.7356,0,0.1403,0.1403,-0.053,0,0,0.0244,0.0098,0.008
0.1664,1.0861,1.2,0.0043,0.0349,67.3242,-25.7937,0,0.1378,0.1378,-0.0672,0,0,0.021,0.0084,0.0082
0.1958,1.034,1.2,0.0114,0.0349,67.4077,-25.8601,0,0.1321,0.1321,-0.0703,0,0,0.021,0.0084,0.0019
0.2,0.9928,1.2,0.0185,0.0349,67.4907,-25.9252,0,0.1274,0.1274,-0.0717,0,0,0.021,0.0084,-0.0012
0.2001,1.058,1.2,0.0256,0.0349,67.5698,-25.9785,0,0.127,0.127,-0.0702,0,0,0.021,0.0084,0.0042
0.1999,1.0456,1.2,0.0328,0.0349,67.6565,-26.0426,0,0.1249,0.1249,-0.0695,0,0,0.021,0.0084,0.0073
0.2,0.9456,1.2,0.039,0.0349,67.7394,-26.108,0,0.1231,0.1231,-0.0669,0,0,0.021,0.0084,0.0137
0.1958,1.0689,1.2,0.0461,0.0406,67.8251,-26.1603,0,0.1283,0.1283,-0.0724,0,0,0.0245,0.0098,0.0192
0.2,1.047,1.2,0.0492,0.0406,67.905,-26.2223,0,0.1231,0.1231,-0.0712,0,0,0.0245,0.0098,0.0249
0.2,0.9985,1.2,0.056,0.0406,67.9882,-26.2826,0,0.1225,0.1225,-0.0695,0,0,0.0245,0.0098,0.0299
0.2,1.0031,1.2,0.062,0.0406,68.0681,-26.3411,0,0.1205,0.1205,-0.0652,0,0,0.0245,0.0098,0.0375
0.2,1.0183,1.2,0.059,0.0406,68.1531,-26.398,0,0.1227,0.1227,-0.0603,0,0,0.0245,0.0098,0.0441
0.2,0.983,1.2,0.0518,0.0406,68.2323,-26.445,0,0.1333,0.1333,-0.0526,0,0,0.0245,0.0098,0.0471
0.2,1.0154,1.2,0.0447,0.0406,68.3271,-26.5093,0,0.1333,0.1333,-0.0501,0,0,0.0245,0.0098,0.0527
0.2,0.918,1.2,0.0376,0.0406,68.4168,-26.5645,0,0.1425,0.1425,-0.0457,0,0,0.0245,0.0098,0.0647
0.1205,1.1359,1.2,0.0354,0.0464,68.507,-26.6302,0,0.1361,0.1361,-0.0339,0,0,0.028,0.0112,0.0566
0.2002,1.0456,1.2,0.0283,0.0464,68.6063,-26.6697,0,0.1664,0.1664,-0.0275,0,0,0.028,0.0112,0.0503
0.1446,1.1074,1.2,0.0211,0.0464,68.6926,-26.7289,0,0.1652,0.1652,-0.0294,0,0,0.028,0.0112,0.0437
0.198,1.0731,1.2,0.014,0.0464,68.7815,-26.7761,0,0.1788,0.1788,-0.0286,0,0,0.028,0.0112,0.0364
0.2002,1.0385,1.2,0.007,0.0464,68.8626,-26.8399,0,0.1723,0.1723,-0.0308,0,0,0.028,0.0112,0.0341
0.2,1.0005,1.2,-0.0002,0.0464,68.9497,-26.8999,0,0.1731,0.1731,-0.0324,0,0,0.028,0.0112,0.0277
0.2001,1.023,1.2,0.007,0.0654,69.0428,-26.9586,0,0.1759,0.1759,-0.0706,0,0,0.0395,0.0158,0.0217
0.2,1.0479,1.2,0.0141,0.0654,69.1318,-27.0169,0,0.1734,0.1734,-0.0722,0,0,0.0395,0.0158,0.0158
0.1592,1.093,1.2,0.0212,0.0654,69.2162,-27.0746,0,0.1676,0.1676,-0.0748,0,0,0.0395,0.0158,0.0098
0.1986,1.0541,1.2,0.0284,0.0654,69.2998,-27.1326,0,0.1658,0.1658,-0.0748,0,0,0.0395,0.0158,0.0039
0.2,1.014,1.2,0.0355,0.0654,69.3846,-27.1964,0,0.1588,0.1588,-0.0749,0,0,0.0395,0.0158,0.0094
0.2,1.0089,1.2,0.0426,0.0654,69.4648,-27.2589,0,0.15,0.15,-0.0729,0,0,0.0395,0.0158,0.0157
0.1998,1.0523,1.2,0.0497,0.0654,69.5478,-27.3214,0,0.1413,0.1413,-0.0703,0,0,0.0395,0.0158,0.0219
0.2,1.008,1.2,0.0472,0.0619,69.6288,-27.3834,0,0.1362,0.1362,-0.0535,0,0,0.0373,0.0149,0.028
0.2,1.0308,1.2,0.0401,0.0619,69.7425,-27.4194,0,0.1757,0.1757,-0.0376,0,0,0.0373,0.0149,0.0346
0.2,1.0106,1.2,0.0329,0.0619,69.8299,-27.481,0,0.1721,0.1721,-0.0382,0,0,0.0373,0.0149,0.0412
0.0459,1.2069,1.2,0.0258,0.0619,69.9083,-27.5397,0,0.1627,0.1627,-0.0345,0,0,0.0373,0.0149,0.0472
0.1882,1.0596,1.2,0.0187,0.0619,70.006,-27.586,0,0.1849,0.1849,-0.0282,0,0,0.0373,0.0149,0.0459
0.2,0.9712,1.2,0.0115,0.0619,70.0969,-27.6507,0,0.1812,0.1812,-0.0324,0,0,0.0373,0.0149,0.0401
0.1717,1.081,1.2,0.0187,0.0853,70.1791,-27.7135,0,0.1702,0.1702,-0.0646,0,0,0.0515,0.0206,0.0333
0.1385,1.1054,1.2,0.0258,0.0853,70.2619,-27.7733,0,0.1611,0.1611,-0.0669,0,0,0.0515,0.0206,0.0269
0.2001,1.0257,1.2,0.0329,0.0853,70.3508,-27.8272,0,0.1642,0.1642,-0.0691,0,0,0.0515,0.0206,0.0206
0.2,1.0132,1.2,0.0399,0.0853,70.4331,-27.8837,0,0.1591,0.1591,-0.0711,0,0,0.0515,0.0206,0.0142
0.2,1.0307,1.2,0.0418,0.0853,70.5337,-27.9356,0,0.1717,0.1717,-0.0611,0,0,0.0515,0.0206,0.0184
0.2,0.9897,1.2,0.0439,0.0853,70.6219,-27.9932,0,0.1695,0.1695,-0.0618,0,0,0.0515,0.0206,0.0247
0.1225,1.1295,1.2,0.051,0.0876,70.7075,-28.0557,0,0.1576,0.1576,-0.0805,0,0,0.0529,0.0212,0.0311
0.1988,1.0447,1.2,0.0582,0.0876,70.7923,-28.11,0,0.1583,0.1583,-0.0778,0,0,0.0529,0.0212,0.0379
0.2002,1.0501,1.2,0.0514,0.0876,70.9122,-28.1363,0,0.2034,0.2034,-0.0629,0,0,0.0529,0.0212,0.0404
0.2,0.999,1.2,0.0442,0.0876,70.9983,-28.1872,0,0.2031,0.2031,-0.0659,0,0,0.0529,0.0212,0.0428
0,1.2453,1.2,0.0373,0.0876,71.0876,-28.2537,0,0.1837,0.1837,-0.0605,0,0,0.0529,0.0212,0.048
0.2,0.991,1.2,0.0301,0.0876,71.1981,-28.2992,0,0.2142,0.2142,-0.0506,0,0,0.0529,0.0212,0.0548
0.1523,1.1032,1.2,0.023,0.0876,71.2872,-28.3542,0,0.2074,0.2074,-0.0524,0,0,0.0529,0.0212,0.0506
0.0422,1.1981,1.2,0.0301,0.0958,71.3787,-28.413,0,0.1962,0.1962,-0.0915,0,0,0.0579,0.0231,0.0442
0.1763,1.0382,1.2,0.0373,0.0958,71.4686,-28.4658,0,0.1995,0.1995,-0.0942,0,0,0.0579,0.0231,0.0381
0.1714,1.0779,1.2,0.0444,0.0958,71.5595,-28.523,0,0.1896,0.1896,-0.0956,0,0,0.0579,0.0231,0.0308
0.1968,1.0344,1.2,0.0515,0.0958,71.6502,-28.5697,0,0.1955,0.1955,-0.0923,0,0,0.0579,0.0231,0.0249
0.1888,1.0645,1.2,0.0587,0.0958,71.7378,-28.6255,0,0.1863,0.1863,-0.0911,0,0,0.0579,0.0231,0.0291
0.2001,1.0155,1.2,0.0657,0.0958,71.8297,-28.6831,0,0.1821,0.1821,-0.0882,0,0,0.0579,0.0231,0.0356
0.2,1.0297,1.2,0.0728,0.0958,71.9243,-28.7373,0,0.1798,0.1798,-0.0839,0,0,0.0579,0.0231,0.0424
0.1777,1.0753,1.2,0.0797,0.0955,72.0311,-28.7862,0,0.1839,0.1839,-0.1403,0,0,0.0577,0.0231,0.0477
0.167,1.0821,1.2,0.0869,0.0955,72.1254,-28.8376,0,0.1753,0.1753,-0.1387,0,0,0.0577,0.0231,0.0542
0.0705,1.1734,1.2,0.094,0.0955,72.2212,-28.8926,0,0.1602,0.1602,-0.1312,0,0,0.0577,0.0231,0.0657
0.2002,1.0655,1.2,0.1011,0.0955,72.3239,-28.9242,0,0.1884,0.1884,-0.117,0,0,0.0577,0.0231,0.0728
0.1571,1.0951,1.2,0.1082,0.0955,72.4202,-28.9769,0,0.178,0.178,-0.1151,0,0,0.0577,0.0231,0.0791
0.1809,1.0861,1.2,0.1154,0.0955,72.5247,-29.0272,0,0.18,0.18,-0.1056,0,0,0.0577,0.0231,0.0853
0.1575,1.0884,1.2,0.1103,0.0812,72.6212,-29.0776,0,0.1715,0.1715,-0.1429,0,0,0.049,0.0196,0.0918
0.0871,1.1544,1.2,0.1174,0.0812,72.7363,-29.1042,0,0.1947,0.1947,-0.1223,0,0,0.049,0.0196,0.0988
0.1957,1.0799,1.2,0.1246,0.0812,72.8349,-29.1464,0,0.1964,0.1964,-0.1236,0,0,0.049,0.0196,0.1053
0.0964,1.1991,1.2,0.1175,0.0812,72.9306,-29.1811,0,0.1995,0.1995,-0.107,0,0,0.049,0.0196,0.1095
0.2001,1.0624,1.2,0.1104,0.0812,73.0271,-29.2314,0,0.1965,0.1965,-0.11,0,0,0.049,0.0196,0.1126
0.2,1.0215,1.2,0.1174,0.0812,73.1205,-29.2855,0,0.1847,0.1847,-0.108,0,0,0.049,0.0196,0.1137
0.1998,1.0792,1.2,0.1103,0.0774,73.227,-29.3229,0,0.1966,0.1966,-0.0915,0,0,0.0467,0.0187,0.1197
0.1995,1.0704,1.2,0.1032,0.0774,73.319,-29.3644,0,0.1913,0.1913,-0.0931,0,0,0.0467,0.0187,0.1182
0.1162,1.1384,1.2,0.0961,0.0774,73.4241,-29.3862,0,0.2152,0.2152,-0.0757,0,0,0.0467,0.0187,0.1125
0.2,1.0003,1.2,0.0889,0.0774,73.5206,-29.421,0,0.2237,0.2237,-0.0794,0,0,0.0467,0.0187,0.1142
0.1637,1.0915,1.2,0.0819,0.0774,73.6094,-29.4728,0,0.2048,0.2048,-0.0756,0,0,0.0467,0.0187,0.1122
0.2,1.017,1.2,0.0747,0.0774,73.7182,-29.5101,0,0.2184,0.2184,-0.0674,0,0,0.0467,0.0187,0.1069
0.2,1.0198,1.2,0.0676,0.0774,73.8166,-29.5469,0,0.2211,0.2211,-0.0657,0,0,0.0467,0.0187,0.1015
0.106,1.1509,1.2,0.0747,0.0937,73.9149,-29.5879,0,0.2073,0.2073,-0.1172,0,0,0.0566,0.0226,0.0952
0.1883,1.0437,1.2,0.0819,0.0937,74.0127,-29.6324,0,0.2028,0.2028,-0.1201,0,0,0.0566,0.0226,0.0885
0.2002,1.0553,1.2,0.089,0.0937,74.1217,-29.6473,0,0.2287,0.2287,-0.1081,0,0,0.0566,0.0226,0.0838
0.1999,1.0666,1.2,0.0961,0.0937,74.2145,-29.6954,0,0.2102,0.2102,-0.1119,0,0,0.0566,0.0226,0.0754
0.1454,1.1126,1.2,0.094,0.0937,74.3109,-29.7261,0,0.2134,0.2134,-0.103,0,0,0.0566,0.0226,0.0726
0.2,1.0372,1.2,0.097,0.0937,74.4053,-29.7662,0,0.2089,0.2089,-0.1037,0,0,0.0566,0.0226,0.0789
0.2,1.0086,1.2,0.0898,0.0937,74.5021,-29.7918,0,0.2223,0.2223,-0.0919,0,0,0.0566,0.0226,0.0858
0.2,1.0181,1.2,0.0914,0.0871,74.6025,-29.8332,0,0.2122,0.2122,-0.111,0,0,0.0526,0.021,0.0921
0.2,1.0036,1.2,0.0985,0.0871,74.6962,-29.8776,0,0.1997,0.1997,-0.108,0,0,0.0526,0.021,0.0955
0.177,1.0759,1.2,0.1057,0.0871,74.7903,-29.9277,0,0.1774,0.1774,-0.1026,0,0,0.0526,0.021,0.097
0.2,1.0279,1.2,0.0986,0.0871,74.8991,-29.9312,0,0.2174,0.2174,-0.0873,0,0,0.0526,0.021,0.0931
0.1997,1.0565,1.2,0.0915,0.0871,75,-29.9712,0,0.2067,0.2067,-0.0886,0,0,0.0526,0.021,0.0921
0.2005,1.1155,1.2,0.0847,0.0871,75.0966,-30.0223,0,0.1852,0.1852,-0.0843,0,0,0.0526,0.021,0.0934
0.1766,1.0764,1.2,0.0919,0.0961,75.2039,-30.0506,0,0.1975,0.1975,-0.1064,0,0,0.0581,0.0232,0.1044
0.1666,1.0823,1.2,0.099,0.0961,75.3021,-30.0893,0,0.1837,0.1837,-0.1091,0,0,0.0581,0.0232,0.1022
0.1289,1.1137,1.2,0.1062,0.0961,75.3894,-30.1307,0,0.1647,0.1647,-0.1088,0,0,0.0581,0.0232,0.0955
0.2,1.0462,1.2,0.1004,0.0961,75.499,-30.1407,0,0.1941,0.1941,-0.0982,0,0,0.0581,0.0232,0.0881
0.2,0.9574,1.2,0.1072,0.0961,75.601,-30.1721,0,0.1938,0.1938,-0.1017,0,0,0.0581,0.0232,0.0902
0.2,1.1154,1.2,0.1003,0.0961,75.697,-30.1963,0,0.1941,0.1941,-0.0839,0,0,0.0581,0.0232,0.0979
0.1999,1.058,1.2,0.0932,0.0961,75.8015,-30.2313,0,0.1898,0.1898,-0.0843,0,0,0.0581,0.0232,0.1036
0.2,0.9903,1.2,0.1001,0.0958,75.8934,-30.2698,0,0.178,0.178,-0.1187,0,0,0.0579,0.0232,0.1012
0.2,0.9885,1.2,0.1072,0.0958,75.988,-30.2921,0,0.1869,0.1869,-0.0992,0,0,0.0579,0.0232,0.1068
0.2,0.9885,1.2,0.1144,0.0958,76.0911,-30.3246,0,0.1772,0.1772,-0.1025,0,0,0.0579,0.0232,0.102
0.2,0.9885,1.2,0.1214,0.0958,76.1882,-30.3675,0,0.1577,0.1577,-0.1027,0,0,0.0579,0.0232,0.0947
0.1816,1.0716,1.2,0.1286,0.0958,76.2846,-30.4075,0,0.1386,0.1386,-0.0947,0,0,0.0579,0.0232,0.1012
0.2004,1.0343,1.2,0.1215,0.0958,76.3963,-30.4285,0,0.1554,0.1554,-0.0746,0,0,0.0579,0.0232,0.1084
0.2,1.0343,1.2,0.1286,0.0974,76.5028,-30.4577,0,0.1491,0.1491,-0.1297,0,0,0.0589,0.0235,0.1116
0.1066,1.1457,1.2,0.1358,0.0974,76.6166,-30.4815,0,0.1482,0.1482,-0.1065,0,0,0.0589,0.0235,0.1191
0.197,1.0943,1.2,0.1429,0.0974,76.7111,-30.5068,0,0.1415,0.1415,-0.1087,0,0,0.0589,0.0235,0.1252
0.0892,1.1656,1.2,0.15,0.0974,76.8063,-30.5489,0,0.1138,0.1138,-0.1047,0,0,0.0589,0.0235,0.1203
0.2,0.9689,1.2,0.1429,0.0974,76.9233,-30.5478,0,0.1565,0.1565,-0.0881,0,0,0.0589,0.0235,0.1256
0.2,1.0312,1.2,0.1384,0.0974,77.013,-30.5816,0,0.1358,0.1358,-0.0847,0,0,0.0589,0.0235,0.1321
0.0582,1.1987,1.2,0.1312,0.0868,77.1138,-30.589,0,0.1487,0.1487,-0.087,0,0,0.0524,0.021,0.1399
0.2,0.9502,1.2,0.125,0.0868,77.213,-30.6106,0,0.1533,0.1533,-0.0959,0,0,0.0524,0.021,0.1456
0.2,1.0245,1.2,0.1209,0.0868,77.3246,-30.6352,0,0.1485,0.1485,-0.0797,0,0,0.0524,0.021,0.1391
0.2,1.0059,1.2,0.1259,0.0868,77.43,-30.6639,0,0.1358,0.1358,-0.0813,0,0,0.0524,0.021,0.1346
0.1436,1.1396,1.2,0.1188,0.0868,77.5306,-30.6973,0,0.1135,0.1135,-0.0738,0,0,0.0524,0.021,0.1291
0.189,1.0833,1.2,0.1116,0.0868,77.6446,-30.6988,0,0.1419,0.1419,-0.0557,0,0,0.0524,0.021,0.1235
0.2001,1.0505,1.2,0.1045,0.0868,77.754,-30.7204,0,0.1362,0.1362,-0.0589,0,0,0.0524,0.021,0.121
0.0943,1.1607,1.2,0.1116,0.0888,77.8472,-30.7433,0,0.1191,0.1191,-0.1265,0,0,0.0536,0.0215,0.1241
0.2003,1.1045,1.2,0.1188,0.0888,77.9573,-30.7549,0,0.128,0.128,-0.1123,0,0,0.0536,0.0215,0.1181
0.2,0.9529,1.2,0.1259,0.0888,78.0623,-30.7694,0,0.1283,0.1283,-0.121,0,0,0.0536,0.0215,0.112
0.1395,1.1124,1.2,0.133,0.0888,78.176,-30.7793,0,0.1243,0.1243,-0.1028,0,0,0.0536,0.0215,0.1068
0.2001,1.0501,1.2,0.1402,0.0888,78.2757,-30.7978,0,0.1153,0.1153,-0.1047,0,0,0.0536,0.0215,0.113
0.1124,1.1433,1.2,0.1473,0.0888,78.3735,-30.823,0,0.0947,0.0947,-0.0956,0,0,0.0536,0.0215,0.1199
0.2,1.0053,1.2,0.1494,0.0888,78.482,-30.8425,0,0.1006,0.1006,-0.0773,0,0,0.0536,0.0215,0.1259
0.2,1,1.2,0.1423,0.0658,78.5877,-30.8407,0,0.1129,0.1129,-0.0621,0,0,0.0397,0.0159,0.1321
0.1515,1.1005,1.2,0.1351,0.0658,78.6937,-30.848,0,0.1165,0.1165,-0.0466,0,0,0.0397,0.0159,0.1386
0.2001,1.0521,1.2,0.128,0.0658,78.7979,-30.87,0,0.1063,0.1063,-0.0429,0,0,0.0397,0.0159,0.1444
0.2002,1.0595,1.2,0.1209,0.0658,78.918,-30.8622,0,0.1353,0.1353,-0.0194,0,0,0.0397,0.0159,0.1462
0.2,1.0556,1.2,0.1137,0.0658,79.0274,-30.8663,0,0.1399,0.1399,-0.0203,0,0,0.0397,0.0159,0.1399
0.0326,1.2223,1.2,0.1209,0.0836,79.1353,-30.8839,0,0.1299,0.1299,-0.0816,0,0,0.0505,0.0202,0.1348
0.1739,1.0863,1.2,0.1162,0.0836,79.2426,-30.8997,0,0.1239,0.1239,-0.082,0,0,0.0505,0.0202,0.1287
0.1656,1.0829,1.2,0.109,0.0836,79.3713,-30.8779,0,0.1585,0.1585,-0.0613,0,0,0.0505,0.0202,0.1212
0.195,1.0757,1.2,0.1019,0.0836,79.4838,-30.8796,0,0.1594,0.1594,-0.0592,0,0,0.0505,0.0202,0.1155
-0.0048,1.3313,1.2,0.0948,0.0836,79.5922,-30.8845,0,0.1503,0.1503,-0.046,0,0,0.0505,0.0202,0.1211
0.1059,1.1184,1.2,0.0877,0.0836,79.7008,-30.8888,0,0.1549,0.1549,-0.0493,0,0,0.0505,0.0202,0.1175
0.1942,1.0762,1.2,0.0805,0.0836,79.8167,-30.8933,0,0.1551,0.1551,-0.0464,0,0,0.0505,0.0202,0.1116
0.2006,1.0798,1.2,0.0734,0.0618,79.9098,-30.8822,0,0.1731,0.1731,-0.0683,0,0,0.0373,0.0149,0.1064
0.191,1.1515,1.2,0.0663,0.0618,80.03,-30.8858,0,0.1647,0.1647,-0.0652,0,0,0.0373,0.0149,0.0992
0.2,0.9478,1.2,0.0592,0.0618,80.1484,-30.8908,0,0.1646,0.1646,-0.0692,0,0,0.0373,0.0149,0.0922
0.1072,1.193,1.2,0.052,0.0618,80.2642,-30.8833,0,0.1634,0.1634,-0.0591,0,0,0.0373,0.0149,0.085
0.0907,1.1758,1.2,0.0453,0.0618,80.3796,-30.8754,0,0.1708,0.1708,-0.0566,0,0,0.0373,0.0149,0.0785
0.0722,1.1542,1.2,0.0381,0.0618,80.4937,-30.8683,0,0.1772,0.1772,-0.0545,0,0,0.0373,0.0149,0.0732
0.0678,1.1512,1.2,0.0359,0.0576,80.6122,-30.8582,0,0.1835,0.1835,-0.0786,0,0,0.0347,0.0139,0.0658
0.092,1.1361,1.2,0.0359,0.0576,80.7239,-30.8528,0,0.1841,0.1841,-0.0796,0,0,0.0347,0.0139,0.0533
0.0451,1.1821,1.2,0.0377,0.0576,80.8347,-30.8509,0,0.1794,0.1794,-0.0775,0,0,0.0347,0.0139,0.0473
0.1768,1.1104,1.2,0.0344,0.0576,80.9494,-30.8471,0,0.1812,0.1812,-0.0772,0,0,0.0347,0.0139,0.0394
0.1676,1.1005,1.2,0.0273,0.0576,81.0674,-30.8373,0,0.1865,0.1865,-0.0746,0,0,0.0347,0.0139,0.0367
0.1605,1.1389,1.2,0.021,0.0576,81.174,-30.8327,0,0.1856,0.1856,-0.0709,0,0,0.0347,0.0139,0.0364
0.0658,1.1764,1.2,0.0274,0.0567,81.2888,-30.8277,0,0.1828,0.1828,-0.0944,0,0,0.0342,0.0137,0.0381
0.188,1.0593,1.2,0.0345,0.0567,81.4048,-30.8247,0,0.1829,0.1829,-0.0939,0,0,0.0342,0.0137,0.0354
0.1086,1.1404,1.2,0.0417,0.0567,81.5131,-30.8171,0,0.1777,0.1777,-0.094,0,0,0.0342,0.0137,0.0289
0.0786,1.1514,1.2,0.0487,0.0567,81.6251,-30.8078,0,0.1779,0.1779,-0.0935,0,0,0.0342,0.0137,0.0234
0.1861,1.0768,1.2,0.0528,0.0567,81.7408,-30.8004,0,0.1814,0.1814,-0.0889,0,0,0.0342,0.0137,0.028
0.1462,1.1149,1.2,0.0456,0.0567,81.8559,-30.7961,0,0.1773,0.1773,-0.0824,0,0,0.0342,0.0137,0.0344
0.0862,1.1519,1.2,0.0523,0.0562,81.9743,-30.7883,0,0.1742,0.1742,-0.1009,0,0,0.0339,0.0136,0.0412
0.0795,1.1428,1.2,0.0595,0.0562,82.0826,-30.7903,0,0.1649,0.1649,-0.0931,0,0,0.0339,0.0136,0.0478
0.0474,1.1771,1.2,0.0631,0.0562,82.1992,-30.7686,0,0.1742,0.1742,-0.0888,0,0,0.0339,0.0136,0.0518
0.1975,1.0739,1.2,0.056,0.0562,82.3125,-30.759,0,0.1781,0.1781,-0.0878,0,0,0.0339,0.0136,0.0474
0.0822,1.1784,1.2,0.0489,0.0562,82.4316,-30.7563,0,0.1667,0.1667,-0.0803,0,0,0.0339,0.0136,0.0505
0.1261,1.1294,1.2,0.0417,0.0562,82.539,-30.754,0,0.1632,0.1632,-0.0732,0,0,0.0339,0.0136,0.0573
0.0577,1.1818,1.2,0.0443,0.0567,82.6517,-30.7481,0,0.1584,0.1584,-0.0753,0,0,0.0342,0.0137,0.0666
0.1994,1.0657,1.2,0.0444,0.0567,82.764,-30.7333,0,0.1649,0.1649,-0.0777,0,0,0.0342,0.0137,0.0578
0.134,1.1194,1.2,0.048,0.0567,82.879,-30.7237,0,0.1601,0.1601,-0.0759,0,0,0.0342,0.0137,0.05
0.1096,1.1247,1.2,0.0535,0.0567,82.9981,-30.7191,0,0.1521,0.1521,-0.0734,0,0,0.0342,0.0137,0.0457
0.1012,1.1458,1.2,0.0464,0.0567,83.1043,-30.7129,0,0.1473,0.1473,-0.0693,0,0,0.0342,0.0137,0.0438
0.0484,1.1823,1.2,0.0392,0.0567,83.2071,-30.7065,0,0.1425,0.1425,-0.0647,0,0,0.0342,0.0137,0.0445
0.2,1.0554,1.2,0.0321,0.0567,83.3243,-30.6862,0,0.155,0.155,-0.0621,0,0,0.0342,0.0137,0.0473
0.2,1.0219,1.2,0.0392,0.0645,83.4306,-30.6749,0,0.1544,0.1544,-0.0949,0,0,0.0389,0.0156,0.0521
0.0732,1.1814,1.2,0.0463,0.0645,83.5363,-30.6642,0,0.1424,0.1424,-0.091,0,0,0.0389,0.0156,0.047
0.1981,1.0612,1.2,0.0534,0.0645,83.6415,-30.6551,0,0.1416,0.1416,-0.0919,0,0,0.0389,0.0156,0.0403
0.2,1.0537,1.2,0.0606,0.0645,83.7542,-30.6515,0,0.1293,0.1293,-0.0904,0,0,0.0389,0.0156,0.0335
0.2,1.0484,1.2,0.0677,0.0645,83.8641,-30.6481,0,0.1183,0.1183,-0.0852,0,0,0.0389,0.0156,0.0381
0.1341,1.1177,1.2,0.0749,0.0645,83.9722,-30.633,0,0.1159,0.1159,-0.0793,0,0,0.0389,0.0156,0.0427
0.183,1.0896,1.2,0.0775,0.0592,84.0927,-30.6155,0,0.1178,0.1178,-0.0856,0,0,0.0357,0.0143,0.0515
0.1627,1.0837,1.2,0.0847,0.0592,84.2009,-30.5964,0,0.1226,0.1226,-0.0776,0,0,0.0357,0.0143,0.0575
0.0615,1.2089,1.2,0.078,0.0592,84.309,-30.574,0,0.1263,0.1263,-0.066,0,0,0.0357,0.0143,0.0674
0.2,1.0928,1.2,0.0709,0.0592,84.4216,-30.5532,0,0.1352,0.1352,-0.0611,0,0,0.0357,0.0143,0.0741
0.2,1.0989,1.2,0.0646,0.0592,84.5273,-30.5427,0,0.1316,0.1316,-0.053,0,0,0.0357,0.0143,0.0787
0.1868,1.1379,1.2,0.0577,0.0592,84.6386,-30.5373,0,0.1211,0.1211,-0.0445,0,0,0.0357,0.0143,0.0827
0.2,1.0539,1.2,0.055,0.0647,84.7456,-30.525,0,0.1196,0.1196,-0.0496,0,0,0.039,0.0156,0.0843
0.1992,1.1039,1.2,0.0479,0.0647,84.8506,-30.5092,0,0.1175,0.1175,-0.0455,0,0,0.039,0.0156,0.0787
0.2008,1.0682,1.2,0.0408,0.0647,84.9598,-30.4903,0,0.1192,0.1192,-0.0448,0,0,0.039,0.0156,0.0722
0.2003,1.0541,1.2,0.0337,0.0647,85.0586,-30.4713,0,0.1224,0.1224,-0.0437,0,0,0.039,0.0156,0.0611
0.2009,1.1005,1.2,0.0266,0.0647,85.168,-30.4543,0,0.1211,0.1211,-0.0401,0,0,0.039,0.0156,0.0541
0.2,0.9997,1.2,0.0302,0.0647,85.2721,-30.4407,0,0.1193,0.1193,-0.0404,0,0,0.039,0.0156,0.0492
0.1684,1.0989,1.2,0.0234,0.0647,85.3817,-30.429,0,0.1106,0.1106,-0.0379,0,0,0.039,0.0156,0.0436
0.2,1.0409,1.2,0.0306,0.0737,85.4843,-30.4156,0,0.1051,0.1051,-0.083,0,0,0.0445,0.0178,0.0355
0.159,1.0932,1.2,0.0377,0.0737,85.5894,-30.3983,0,0.0974,0.0974,-0.0822,0,0,0.0445,0.0178,0.0292
0.2,1.0253,1.2,0.0448,0.0737,85.6944,-30.3882,0,0.0877,0.0877,-0.0815,0,0,0.0445,0.0178,0.0292
0.2002,1.0565,1.2,0.0519,0.0737,85.7904,-30.3739,0,0.0802,0.0802,-0.0801,0,0,0.0445,0.0178,0.0257
0.2,1.0463,1.2,0.0591,0.0737,85.8929,-30.365,0,0.0685,0.0685,-0.0765,0,0,0.0445,0.0178,0.0279
0.2,0.962,1.2,0.0662,0.0737,85.9923,-30.3482,0,0.0682,0.0682,-0.0723,0,0,0.0445,0.0178,0.0342
0.1999,1.0195,1.2,0.0734,0.0737,86.0995,-30.3288,0,0.0638,0.0638,-0.0664,0,0,0.0445,0.0178,0.0386
0.2,1.0004,1.2,0.0731,0.0649,86.2054,-30.3047,0,0.0642,0.0642,-0.1095,0,0,0.0391,0.0157,0.0469
0.172,1.0808,1.2,0.0802,0.0649,86.3096,-30.2827,0,0.0561,0.0561,-0.1018,0,0,0.0391,0.0157,0.0537
0.1689,1.0796,1.2,0.0874,0.0649,86.4126,-30.2622,0,0.0514,0.0514,-0.094,0,0,0.0391,0.0157,0.0651
0.1998,1.0566,1.2,0.0945,0.0649,86.5165,-30.2427,0,0.0467,0.0467,-0.0868,0,0,0.0391,0.0157,0.073
0.2,1.0432,1.2,0.1016,0.0649,86.6244,-30.2238,0,0.0395,0.0395,-0.081,0,0,0.0391,0.0157,0.0753
0.2,1.049,1.2,0.1088,0.0649,86.7292,-30.2027,0,0.0344,0.0344,-0.0749,0,0,0.0391,0.0157,0.0782
0.1898,1.0861,1.2,0.1047,0.0518,86.8279,-30.1746,0,0.0368,0.0368,-0.0687,0,0,0.0312,0.0125,0.084
0.1999,1.0612,1.2,0.1118,0.0518,86.9303,-30.1509,0,0.0366,0.0366,-0.0614,0,0,0.0312,0.0125,0.0893
0.2,1.0202,1.2,0.1189,0.0518,87.0327,-30.1313,0,0.0329,0.0329,-0.0538,0,0,0.0312,0.0125,0.0956
0.2001,1.0442,1.2,0.1215,0.0518,87.1389,-30.1041,0,0.0336,0.0336,-0.0448,0,0,0.0312,0.0125,0.1026
0.2,1.0346,1.2,0.1144,0.0518,87.2428,-30.0773,0,0.0352,0.0352,-0.0373,0,0,0.0312,0.0125,0.1072
0.1668,1.0894,1.2,0.1072,0.0518,87.3404,-30.0499,0,0.0381,0.0381,-0.0286,0,0,0.0312,0.0125,0.1052
0.1999,1.0653,1.2,0.1001,0.0518,87.4379,-30.023,0,0.0429,0.0429,-0.0188,0,0,0.0312,0.0125,0.1134
0.2,1.0083,1.2,0.1072,0.0631,87.54,-29.9936,0,0.0453,0.0453,-0.0636,0,0,0.038,0.0152,0.1186
0.2,1.0061,1.2,0.1143,0.0631,87.6456,-29.9666,0,0.0406,0.0406,-0.0574,0,0,0.038,0.0152,0.1168
0.2004,1.0554,1.2,0.1215,0.0631,87.755,-29.9386,0,0.0336,0.0336,-0.0514,0,0,0.038,0.0152,0.1107
0.1764,1.0816,1.2,0.1286,0.0631,87.8621,-29.9104,0,0.0283,0.0283,-0.0464,0,0,0.038,0.0152,0.1046
0.1896,1.1207,1.2,0.1358,0.0631,87.9646,-29.8821,0,0.0251,0.0251,-0.0392,0,0,0.038,0.0152,0.1019
0.1557,1.0995,1.2,0.1286,0.0631,88.0677,-29.8536,0,0.0249,0.0249,-0.029,0,0,0.038,0.0152,0.1109
0.1999,1.0554,1.2,0.1215,0.048,88.1684,-29.8251,0,0.0246,0.0246,-0.0272,0,0,0.0289,0.0116,0.1153
0.1918,1.0621,1.2,0.1144,0.048,88.2731,-29.7989,0,0.0201,0.0201,-0.0165,0,0,0.0289,0.0116,0.1247
0.2,1.0387,1.2,0.1072,0.048,88.3699,-29.763,0,0.0278,0.0278,-0.0068,0,0,0.0289,0.0116,0.1315
0.1838,1.0695,1.2,0.1001,0.048,88.47,-29.7233,0,0.0364,0.0364,0.0002,0,0,0.0289,0.0116,0.126
0.1999,1.0275,1.2,0.093,0.048,88.5673,-29.6976,0,0.032,0.032,0.0031,0,0,0.0289,0.0116,0.1191
0.1806,1.0726,1.2,0.0858,0.048,88.6679,-29.6709,0,0.0271,0.0271,0.0082,0,0,0.0289,0.0116,0.1139
0.2,0.9964,1.2,0.0787,0.048,88.7631,-29.6422,0,0.0253,0.0253,0.0094,0,0,0.0289,0.0116,0.1091
0.2003,1.031,1.2,0.0758,0.0529,88.8625,-29.6026,0,0.0312,0.0312,-0.0249,0,0,0.0319,0.0128,0.1019
0.2002,1.0629,1.2,0.069,0.0529,88.955,-29.573,0,0.0268,0.0268,-0.022,0,0,0.0319,0.0128,0.0946
0.1999,1.0629,1.2,0.0638,0.0529,89.0484,-29.5429,0,0.0233,0.0233,-0.019,0,0,0.0319,0.0128,0.0886
0.2,0.963,1.2,0.0672,0.0529,89.1412,-29.51,0,0.0233,0.0233,-0.0194,0,0,0.0319,0.0128,0.0806
0.2,0.973,1.2,0.0647,0.0529,89.2411,-29.4714,0,0.0248,0.0248,-0.0162,0,0,0.0319,0.0128,0.0779
0.2,0.9769,1.2,0.0628,0.0529,89.3365,-29.4404,0,0.021,0.021,-0.0137,0,0,0.0319,0.0128,0.0715
0.1999,1.0626,1.2,0.0556,0.0529,89.4436,-29.4035,0,0.0177,0.0177,-0.0096,0,0,0.0319,0.0128,0.0686
0.2,0.9948,1.2,0.0537,0.0422,89.5442,-29.3532,0,0.0287,0.0287,-0.0303,0,0,0.0255,0.0102,0.0699
0.2001,1.1231,1.2,0.0466,0.0422,89.6482,-29.3087,0,0.0322,0.0322,-0.0212,0,0,0.0255,0.0102,0.0674
0.2001,1.1163,1.2,0.0394,0.0422,89.7548,-29.2711,0,0.0291,0.0291,-0.0173,0,0,0.0255,0.0102,0.0654
0.2,1.1239,1.2,0.0323,0.0422,89.8532,-29.223,0,0.0373,0.0373,-0.0168,0,0,0.0255,0.0102,0.055
0.2,1.1209,1.2,0.0252,0.0422,89.9515,-29.1868,0,0.0337,0.0337,-0.0168,0,0,0.0255,0.0102,0.0514
0.1737,1.0883,1.2,0.0299,0.0422,90.0501,-29.1417,0,0.0388,0.0388,-0.0175,0,0,0.0255,0.0102,0.0445
0.2003,1.0387,1.2,0.0306,0.0374,90.1436,-29.107,0,0.0365,0.0365,-0.0182,0,0,0.0226,0.009,0.0375
0.1989,1.0761,1.2,0.034,0.0374,90.2399,-29.0604,0,0.0408,0.0408,-0.0224,0,0,0.0226,0.009,0.0308
0.2,0.988,1.2,0.0411,0.0374,90.3394,-29.048,0,0.0158,0.0158,-0.023,0,0,0.0226,0.009,0.026
0.2004,1.06,1.2,0.0482,0.0374,90.4417,-29.0182,0,0.0066,0.0066,-0.0163,0,0,0.0226,0.009,0.0294
0.2,0.9924,1.2,0.0518,0.0374,90.549,-28.9739,0,0.009,0.009,-0.0134,0,0,0.0226,0.009,0.0309
0.2,1.0552,1.2,0.0482,0.0374,90.6526,-28.9307,0,0.0107,0.0107,-0.0094,0,0,0.0226,0.009,0.0336
0.1013,1.1513,1.2,0.0553,0.0442,90.7448,-28.9003,0,0.0052,0.0052,-0.0346,0,0,0.0267,0.0107,0.0409
0.153,1.113,1.2,0.0624,0.0442,90.8467,-28.8705,0,-0.0063,-0.0063,-0.0296,0,0,0.0267,0.0107,0.048
0.2,0.9618,1.2,0.0695,0.0442,90.9458,-28.8323,0,-0.0076,-0.0076,-0.0274,0,0,0.0267,0.0107,0.0495
0.2,1.0522,1.2,0.0766,0.0442,91.0524,-28.7836,0,-0.0071,-0.0071,-0.0243,0,0,0.0267,0.0107,0.0479
0.1997,1.0525,1.2,0.0837,0.0442,91.1499,-28.744,0,-0.0083,-0.0083,-0.0186,0,0,0.0267,0.0107,0.0543
0.1032,1.1624,1.2,0.081,0.0442,91.2504,-28.6984,0,-0.0051,-0.0051,-0.0084,0,0,0.0267,0.0107,0.0655
0.2002,1.0436,1.2,0.0743,0.0442,91.3568,-28.651,0,-0.0019,-0.0019,-0.0042,0,0,0.0267,0.0107,0.0721
0.1566,1.0956,1.2,0.0728,0.034,91.4611,-28.6098,0,-0.0061,-0.0061,-0.0306,0,0,0.0205,0.0082,0.0784
0.1054,1.1555,1.2,0.0798,0.034,91.5645,-28.559,0,-0.0035,-0.0035,-0.0222,0,0,0.0205,0.0082,0.0851
0.1325,1.112,1.2,0.0868,0.034,91.6635,-28.5208,0,-0.0104,-0.0104,-0.0204,0,0,0.0205,0.0082,0.0822
0.1512,1.1433,1.2,0.094,0.034,91.7526,-28.4778,0,-0.0095,-0.0095,-0.0175,0,0,0.0205,0.0082,0.0761
0.2003,1.0519,1.2,0.0936,0.034,91.8488,-28.4266,0,-0.0027,-0.0027,-0.0155,0,0,0.0205,0.0082,0.0745
0.2,0.9815,1.2,0.0864,0.034,91.9467,-28.3807,0,-0.0015,-0.0015,-0.0109,0,0,0.0205,0.0082,0.0811
0.17,1.0826,1.2,0.0793,0.034,92.0424,-28.338,0,-0.0025,-0.0025,-0.0015,0,0,0.0205,0.0082,0.0875
0.1994,1.0728,1.2,0.0762,0.0218,92.1338,-28.3009,0,-0.0076,-0.0076,-0.0135,0,0,0.0131,0.0053,0.0944
0.2001,1.0389,1.2,0.0691,0.0218,92.2217,-28.2567,0,-0.0055,-0.0055,-0.0092,0,0,0.0131,0.0053,0.094
0.2,0.9777,1.2,0.0619,0.0218,92.315,-28.2091,0,-0.0033,-0.0033,-0.0073,0,0,0.0131,0.0053,0.0888
0.2,0.9768,1.2,0.0548,0.0218,92.4102,-28.1546,0,0.0035,0.0035,-0.0045,0,0,0.0131,0.0053,0.0824
0.2,1.0388,1.2,0.0477,0.0218,92.5088,-28.1079,0,0.0016,0.0016,-0.0002,0,0,0.0131,0.0053,0.0782
0.168,1.0902,1.2,0.0405,0.0218,92.5996,-28.0589,0,0.0052,0.0052,0.0028,0,0,0.0131,0.0053,0.0717
0.1814,1.0816,1.2,0.0415,0.0145,92.6966,-28.0061,0,0.0078,0.0078,-0.0276,0,0,0.0087,0.0035,0.0605
0.2001,1.0242,1.2,0.0486,0.0145,92.7941,-27.9558,0,0.0062,0.0062,-0.0284,0,0,0.0087,0.0035,0.0525
0.1823,1.0958,1.2,0.0558,0.0145,92.8866,-27.8999,0,0.0103,0.0103,-0.0267,0,0,0.0087,0.0035,0.0458
0.2,1.0877,1.2,0.0629,0.0145,92.9871,-27.8414,0,0.0143,0.0143,-0.0255,0,0,0.0087,0.0035,0.0392
0.1985,1.0736,1.2,0.0562,0.0145,93.0807,-27.7866,0,0.019,0.019,-0.0223,0,0,0.0087,0.0035,0.04
0.1311,1.154,1.2,0.0497,0.0145,93.1768,-27.7411,0,0.014,0.014,-0.0157,0,0,0.0087,0.0035,0.046
0.193,1.0759,1.2,0.0432,0.0145,93.2889,-27.6897,0,0.008,0.008,-0.011,0,0,0.0087,0.0035,0.0524
0.1997,1.0545,1.2,0.0361,0.0001,93.3838,-27.635,0,0.0137,0.0137,0.0049,0,0,0.0001,0,0.0636
0.0303,1.2217,1.2,0.0289,0.0001,93.4853,-27.5761,0,0.0185,0.0185,0.0076,0,0,0.0001,0,0.0541
0.1728,1.087,1.2,0.0218,0.0001,93.5837,-27.5142,0,0.0266,0.0266,0.0058,0,0,0.0001,0,0.0475
0.0815,1.1639,1.2,0.0147,0.0001,93.6808,-27.4591,0,0.0298,0.0298,0.0073,0,0,0.0001,0,0.0418
0.0706,1.1535,1.2,0.0076,0.0001,93.7756,-27.4049,0,0.0328,0.0328,0.007,0,0,0.0001,0,0.0361
0.1719,1.1079,1.2,0.0004,0.0001,93.8757,-27.356,0,0.0282,0.0282,0.0055,0,0,0.0001,0,0.0296
0.1657,1.0825,1.2,-0.0034,0.004,93.9741,-27.3021,0,0.0308,0.0308,0.026,0,0,0.0024,0.001,0.0236
0.1378,1.1049,1.2,-0.0106,0.004,94.0681,-27.2527,0,0.0321,0.0321,0.0254,0,0,0.0024,0.001,0.0188
0.1253,1.1127,1.2,-0.0177,0.004,94.1713,-27.2061,0,0.0259,0.0259,0.0234,0,0,0.0024,0.001,0.0127
0.2001,1.0521,1.2,-0.0248,0.004,94.279,-27.1464,0,0.0284,0.0284,0.0204,0,0,0.0024,0.001,0.0044
0.138,1.1229,1.2,-0.0318,0.004,94.3745,-27.0906,0,0.0338,0.0338,0.0176,0,0,0.0024,0.001,0.0007
0.0144,1.2204,1.2,-0.0247,0.0146,94.4786,-27.0393,0,0.0301,0.0301,-0.0223,0,0,0.0088,0.0035,-0.0059
0.1541,1.0969,1.2,-0.0176,0.0146,94.5842,-26.9924,0,0.0196,0.0196,-0.0252,0,0,0.0088,0.0035,-0.0111
0.089,1.1511,1.2,-0.0104,0.0146,94.6856,-26.9441,0,0.0094,0.0094,-0.0299,0,0,0.0088,0.0035,-0.017
0.0799,1.1458,1.2,-0.0033,0.0146,94.7758,-26.8848,0,0.012,0.012,-0.0406,0,0,0.0088,0.0035,-0.0261
0.1556,1.1142,1.2,0.0038,0.0146,94.8745,-26.8337,0,0.0099,0.0099,-0.0381,0,0,0.0088,0.0035,-0.0221
0.2003,1.0673,1.2,0.011,0.0146,94.9729,-26.7823,0,0.0081,0.0081,-0.0356,0,0,0.0088,0.0035,-0.0151
0.1505,1.1016,1.2,0.0181,0.0146,95.0629,-26.7312,0,0.0085,0.0085,-0.0339,0,0,0.0088,0.0035,-0.008
0.1772,1.1005,1.2,0.011,-0.0041,95.1629,-26.6873,0,-0.0007,-0.0007,-0.0123,0,0,-0.0025,-0.001,-0.0012
0.2001,1.0264,1.2,0.018,-0.0041,95.2649,-26.6402,0,-0.0058,-0.0058,-0.0093,0,0,-0.0025,-0.001,0.0053
0.1995,1.0826,1.2,0.0251,-0.0041,95.3613,-26.6002,0,-0.0153,-0.0153,-0.0065,0,0,-0.0025,-0.001,0.0115
0.2002,1.1135,1.2,0.0322,-0.0041,95.4513,-26.5517,0,-0.0141,-0.0141,-0.0036,0,0,-0.0025,-0.001,0.0174
0.2,1.0346,1.2,0.0291,-0.0041,95.5442,-26.5038,0,-0.0149,-0.0149,-0.0036,0,0,-0.0025,-0.001,0.0137
0.2,1.0147,1.2,0.022,-0.0041,95.6396,-26.454,0,-0.0151,-0.0151,-0.0013,0,0,-0.0025,-0.001,0.0179
0.2001,1.0351,1.2,0.0148,-0.0041,95.7328,-26.4099,0,-0.0186,-0.0186,0.0027,0,0,-0.0025,-0.001,0.0242
0.1863,1.0672,1.2,0.022,0.0045,95.823,-26.3553,0,-0.0132,-0.0132,-0.0244,0,0,0.0027,0.0011,0.0305
0.2,1.0223,1.2,0.0291,0.0045,95.9262,-26.2999,0,-0.0152,-0.0152,-0.0233,0,0,0.0027,0.0011,0.0288
0.1999,1.0454,1.2,0.0362,0.0045,96.0234,-26.241,0,-0.0129,-0.0129,-0.0234,0,0,0.0027,0.0011,0.0255
0.1058,1.1624,1.2,0.0434,0.0045,96.1165,-26.1866,0,-0.0132,-0.0132,-0.0232,0,0,0.0027,0.0011,0.0187
0.1023,1.1268,1.2,0.0505,0.0045,96.2058,-26.1463,0,-0.023,-0.023,-0.0241,0,0,0.0027,0.0011,0.0203
0.1999,1.0693,1.2,0.0573,0.0045,96.3031,-26.0905,0,-0.0195,-0.0195,-0.018,0,0,0.0027,0.0011,0.0263
0.2,0.9712,1.2,0.0534,0.0045,96.3998,-26.0353,0,-0.0167,-0.0167,-0.0131,0,0,0.0027,0.0011,0.0326
0.1429,1.1133,1.2,0.0463,-0.0124,96.4944,-25.9774,0,-0.01,-0.01,0.0068,0,0,-0.0075,-0.003,0.0393
0.1353,1.104,1.2,0.0391,-0.0124,96.5886,-25.9224,0,-0.0053,-0.0053,0.0126,0,0,-0.0075,-0.003,0.046
0.1408,1.1014,1.2,0.032,-0.0124,96.6848,-25.8692,0,-0.0035,-0.0035,0.0179,0,0,-0.0075,-0.003,0.0524
0.1946,1.0823,1.2,0.0248,-0.0124,96.7772,-25.813,0,0.0018,0.0018,0.0202,0,0,-0.0075,-0.003,0.0518
0.1589,1.0899,1.2,0.0177,-0.0124,96.8676,-25.7617,0,0.0035,0.0035,0.0214,0,0,-0.0075,-0.003,0.047
0.1995,1.0726,1.2,0.0106,-0.0124,96.9534,-25.7115,0,0.0061,0.0061,0.0216,0,0,-0.0075,-0.003,0.0403
0.2001,1.0305,1.2,0.0064,-0.0089,97.0417,-25.659,0,0.0079,0.0079,0.0003,0,0,-0.0053,-0.0021,0.0335
0.2,0.9856,1.2,-0.0007,-0.0089,97.1271,-25.6046,0,0.0119,0.0119,-0.0007,0,0,-0.0053,-0.0021,0.0269
0.2,1.0187,1.2,-0.006,-0.0089,97.2166,-25.5585,0,0.0062,0.0062,-0.002,0,0,-0.0053,-0.0021,0.0205
0.2,1.0043,1.2,-0.0065,-0.0089,97.3059,-25.5046,0,0.0069,0.0069,-0.0041,0,0,-0.0053,-0.0021,0.0145
0.2,0.9982,1.2,-0.0065,-0.0089,97.3952,-25.4501,0,0.0088,0.0088,-0.0049,0,0,-0.0053,-0.0021,0.0097
0.2005,1.034,1.2,-0.0065,-0.0089,97.4877,-25.3967,0,0.0075,0.0075,-0.0063,0,0,-0.0053,-0.0021,0.0068
0.2004,1.0376,1.2,-0.0065,-0.0089,97.5828,-25.344,0,0.0042,0.0042,-0.009,0,0,-0.0053,-0.0021,-0.0014
0.1994,1.0592,1.2,-0.0065,-0.0224,97.6752,-25.2934,0,0.0019,0.0019,0.0084,0,0,-0.0135,-0.0054,-0.0034
0.1853,1.0778,1.2,-0.0065,-0.0224,97.7685,-25.2419,0,0.0009,0.0009,0.0075,0,0,-0.0135,-0.0054,-0.0034
0.1999,1.0447,1.2,-0.0065,-0.0224,97.872,-25.1856,0,-0.0011,-0.0011,0.0069,0,0,-0.0135,-0.0054,-0.0034
0.1995,1.057,1.2,-0.0065,-0.0224,97.9581,-25.1335,0,0.002,0.002,0.0063,0,0,-0.0135,-0.0054,-0.0033
0.0924,1.1674,1.2,-0.0065,-0.0224,98.047,-25.0819,0,0.0039,0.0039,0.0063,0,0,-0.0135,-0.0054,-0.0033
0.2,0.9981,1.2,-0.0065,-0.0224,98.1404,-25.0283,0,0.0043,0.0043,0.006,0,0,-0.0135,-0.0054,-0.0033
0.2,1.0192,1.2,-0.0065,-0.0149,98.2332,-24.9743,0,0.0057,0.0057,0.0128,0,0,-0.009,-0.0036,-0.0033
0.1983,1.0681,1.2,-0.0065,-0.0149,98.3312,-24.931,0,-0.0038,-0.0038,0.0118,0,0,-0.009,-0.0036,-0.0033
0.2003,1.0642,1.2,-0.0065,-0.0149,98.423,-24.8843,0,-0.0078,-0.0078,0.0107,0,0,-0.009,-0.0036,-0.0033
0.2001,1.0624,1.2,-0.0065,-0.0149,98.5086,-24.8351,0,-0.0062,-0.0062,0.0104,0,0,-0.009,-0.0036,-0.0033
0.2,1.0217,1.2,-0.0065,-0.0149,98.5919,-24.7862,0,-0.0045,-0.0045,0.0087,0,0,-0.009,-0.0036,-0.0033
0.2,0.9787,1.2,-0.0065,-0.0149,98.68,-24.7346,0,-0.0026,-0.0026,0.0075,0,0,-0.009,-0.0036,-0.0033
0.2,0.9583,1.2,-0.0065,-0.0149,98.7829,-24.6884,0,-0.0119,-0.0119,0.0074,0,0,-0.009,-0.0036,-0.0033
0.2,1.0122,1.2,-0.0065,-0.0115,98.8731,-24.6368,0,-0.0096,-0.0096,0.025,0,0,-0.0069,-0.0028,-0.0033
0.1342,1.1176,1.2,-0.0065,-0.0115,98.9598,-24.5822,0,-0.0011,-0.0011,0.0238,0,0,-0.0069,-0.0028,-0.0033
0.2003,1.0305,1.2,-0.0065,-0.0115,99.0503,-24.5293,0,0.0021,0.0021,0.0232,0,0,-0.0069,-0.0028,-0.0033
0.2,1.0158,1.2,-0.0065,-0.0115,99.1332,-24.4795,0,0.0065,0.0065,0.0215,0,0,-0.0069,-0.0028,-0.0033
0.2,1.0396,1.2,-0.0065,-0.0115,99.2252,-24.4327,0,0.0049,0.0049,0.0208,0,0,-0.0069,-0.0028,-0.0033
0.2,0.9578,1.2,-0.0065,-0.0115,99.3114,-24.3877,0,0.0032,0.0032,0.0202,0,0,-0.0069,-0.0028,-0.0033
0.2,1.024,1.2,-0.0065,-0.0115,99.3981,-24.3385,0,0.0064,0.0064,0.019,0,0,-0.0069,-0.0028,-0.0033
0.2,0.9642,1.2,-0.0065,-0.0031,99.493,-24.2913,0,0.0031,0.0031,0.0202,0,0,-0.0019,-0.0008,-0.0033
0.2,0.9886,1.2,-0.0065,-0.0031,99.5821,-24.2404,0,0.0068,0.0068,0.0199,0,0,-0.0019,-0.0008,-0.0033
0.1997,1.05,1.2,-0.0065,-0.0031,99.6748,-24.1886,0,0.0098,0.0098,0.0192,0,0,-0.0019,-0.0008,-0.0033
0.2,1.0178,1.2,-0.0065,-0.0031,99.7694,-24.1388,0,0.0096,0.0096,0.0191,0,0,-0.0019,-0.0008,-0.0033
0.1997,1.0524,1.2,-0.0065,-0.0031,99.8643,-24.0896,0,0.0088,0.0088,0.0182,0,0,-0.0019,-0.0008,-0.0033
0.2004,1.0607,1.2,-0.0065,-0.0031,99.9603,-24.0471,0,0.0017,0.0017,0.0177,0,0,-0.0019,-0.0008,-0.0033
0.1999,1.0412,1.2,-0.0065,-0.0031,100.058,-23.9958,0,0.001,0.001,0.0169,0,0,-0.0019,-0.0008,-0.0033
0.2,1.0412,1.2,-0.0065,-0.0028,100.1557,-23.9459,0,0,0,0.0202,0,0,-0.0017,-0.0007,-0.0033
0.1603,1.0946,1.2,-0.0065,-0.0028,100.2589,-23.8948,0,-0.002,-0.002,0.0198,0,0,-0.0017,-0.0007,-0.0033
0.1846,1.0874,1.2,-0.0065,-0.0028,100.3632,-23.8414,0,-0.0032,-0.0032,0.0192,0,0,-0.0017,-0.0007,-0.0033
0.1556,1.1422,1.2,-0.0065,-0.0028,100.4682,-23.7949,0,-0.01,-0.01,0.0189,0,0,-0.0017,-0.0007,-0.0033
0.0814,1.1616,1.2,-0.0065,-0.0028,100.5686,-23.745,0,-0.0121,-0.0121,0.0185,0,0,-0.0017,-0.0007,-0.0033
0.0985,1.1389,1.2,-0.0065,-0.0009,100.6651,-23.6961,0,-0.0138,-0.0138,0.0188,0,0,-0.0005,-0.0002,-0.0033
0.1999,1.1114,1.2,-0.0065,-0.0009,100.7657,-23.6496,0,-0.0202,-0.0202,0.017,0,0,-0.0005,-0.0002,-0.0034
0.1996,1.0724,1.2,-0.0065,-0.0009,100.8609,-23.6035,0,-0.0245,-0.0245,0.0154,0,0,-0.0005,-0.0002,-0.0034
0.2,1.0994,1.2,-0.0065,-0.0009,100.9588,-23.5518,0,-0.0238,-0.0238,0.0148,0,0,-0.0005,-0.0002,-0.0031
0.2001,1.0492,1.2,-0.0065,-0.0009,101.0525,-23.4951,0,-0.0174,-0.0174,0.0143,0,0,-0.0005,-0.0002,-0.0032
0.2,1.0975,1.2,-0.0065,-0.0009,101.1493,-23.445,0,-0.0176,-0.0176,0.0136,0,0,-0.0005,-0.0002,-0.0034
0.2,1.0862,1.2,-0.0065,-0.0009,101.2432,-23.3985,0,-0.0198,-0.0198,0.0136,0,0,-0.0005,-0.0002,-0.0034
0.1998,1.0811,1.2,-0.0065,-0.0004,101.3375,-23.3505,0,-0.0218,-0.0218,0.0083,0,0,-0.0002,-0.0001,-0.0034
0.2004,1.0384,1.2,-0.0065,-0.0004,101.4414,-23.2984,0,-0.0245,-0.0245,0.0076,0,0,-0.0002,-0.0001,-0.0033
0.2,1.0499,1.2,-0.0065,-0.0004,101.5353,-23.2508,0,-0.0263,-0.0263,0.0068,0,0,-0.0002,-0.0001,-0.0033
0.1902,1.1518,1.2,-0.0065,-0.0004,101.6308,-23.1982,0,-0.0241,-0.0241,0.006,0,0,-0.0002,-0.0001,-0.0033
0.2001,1.0444,1.2,-0.0065,-0.0004,101.7275,-23.1514,0,-0.0285,-0.0285,0.005,0,0,-0.0002,-0.0001,-0.0033
0.1885,1.081,1.2,-0.0065,-0.0004,101.8251,-23.102,0,-0.0303,-0.0303,0.0043,0,0,-0.0002,-0.0001,-0.0033
0.2004,1.0646,1.2,0.0007,-0.0004,101.9224,-23.0597,0,-0.0388,-0.0388,0.003,0,0,-0.0002,-0.0001,-0.0033
0.2,1.0847,1.2,0.0061,-0.0025,102.0185,-23.0075,0,-0.0355,-0.0355,0.0225,0,0,-0.0015,-0.0006,-0.0033
0.2003,1.0527,1.2,0.0017,-0.0025,102.1144,-22.9572,0,-0.0341,-0.0341,0.0217,0,0,-0.0015,-0.0006,-0.0033
0.1872,1.0847,1.2,-0.0033,-0.0025,102.2216,-22.9062,0,-0.0356,-0.0356,0.0222,0,0,-0.0015,-0.0006,-0.0032
0.2,1.0736,1.2,0.0038,-0.0025,102.3204,-22.8663,0,-0.0436,-0.0436,0.0244,0,0,-0.0015,-0.0006,0.0043
0.0756,1.177,1.2,-0.0027,-0.0025,102.4258,-22.8174,0,-0.0453,-0.0453,0.0256,0,0,-0.0015,-0.0006,0.0073
0.1999,1.0559,1.2,0.0044,-0.0025,102.5301,-22.7693,0,-0.0507,-0.0507,0.0241,0,0,-0.0015,-0.0006,0.0041
0.1014,1.1527,1.2,0.0082,0.0098,102.6398,-22.7126,0,-0.0474,-0.0474,0.0286,0,0,0.0059,0.0024,-0.0002
0.167,1.1387,1.2,0.0154,0.0098,102.7439,-22.6661,0,-0.0513,-0.0513,0.0303,0,0,0.0059,0.0024,0.0057
0.034,1.2238,1.2,0.0225,0.0098,102.8418,-22.6047,0,-0.0415,-0.0415,0.0239,0,0,0.0059,0.0024,0.0013
0.1437,1.1308,1.2,0.0207,0.0098,102.9476,-22.5537,0,-0.0416,-0.0416,0.0282,0,0,0.0059,0.0024,0.0065
0.0934,1.144,1.2,0.0136,0.0098,103.0492,-22.4987,0,-0.0357,-0.0357,0.0306,0,0,0.0059,0.0024,0.0101
0.1137,1.1647,1.2,0.0207,0.0145,103.1521,-22.4474,0,-0.0339,-0.0339,0.0077,0,0,0.0087,0.0035,0.0161
0.1609,1.1454,1.2,0.0279,0.0145,103.2563,-22.3892,0,-0.0299,-0.0299,0.0101,0,0,0.0087,0.0035,0.0209
0.1942,1.1395,1.2,0.035,0.0145,103.3508,-22.3354,0,-0.0252,-0.0252,0.0115,0,0,0.0087,0.0035,0.0207
0.1248,1.1838,1.2,0.0422,0.0145,103.4404,-22.2891,0,-0.0271,-0.0271,0.0081,0,0,0.0087,0.0035,0.016
0.2,1.0781,1.2,0.0426,0.0145,103.5404,-22.2379,0,-0.0262,-0.0262,0.0128,0,0,0.0087,0.0035,0.0209
0.2,1.0002,1.2,0.0355,0.0145,103.6364,-22.1882,0,-0.0253,-0.0253,0.017,0,0,0.0087,0.0035,0.0272
0.1479,1.1138,1.2,0.0283,0.0145,103.7328,-22.1387,0,-0.0233,-0.0233,0.0222,0,0,0.0087,0.0035,0.0323
0.198,1.0717,1.2,0.0212,0.0037,103.8251,-22.0848,0,-0.0177,-0.0177,0.0104,0,0,0.0022,0.0009,0.0394
0.1788,1.074,1.2,0.0141,0.0037,103.9206,-22.0268,0,-0.0108,-0.0108,0.0135,0,0,0.0022,0.0009,0.0409
0.2003,1.0603,1.2,0.0069,0.0037,104.0268,-21.9698,0,-0.011,-0.011,0.0134,0,0,0.0022,0.0009,0.0343
0.1514,1.1082,1.2,-0.0002,0.0037,104.1244,-21.9109,0,-0.0051,-0.0051,0.0135,0,0,0.0022,0.0009,0.028
0.0474,1.1952,1.2,-0.0073,0.0037,104.2281,-21.8454,0,0.0032,0.0032,0.0126,0,0,0.0022,0.0009,0.0218
0.1432,1.131,1.2,-0.0145,0.0037,104.3252,-21.7899,0,0.0046,0.0046,0.0102,0,0,0.0022,0.0009,0.0157
0.0216,1.2158,1.2,-0.0216,-0.0032,104.4192,-21.7422,0,0.0026,0.0026,0.0225,0,0,-0.002,-0.0008,0.0099
0.1567,1.1088,1.2,-0.0287,-0.0032,104.5142,-21.6908,0,0.0015,0.0015,0.0191,0,0,-0.002,-0.0008,0.0032
0.1998,1.0455,1.2,-0.0356,-0.0032,104.6071,-21.6448,0,-0.0051,-0.0051,0.0112,0,0,-0.002,-0.0008,-0.0032
0.1998,1.0705,1.2,-0.0325,-0.0032,104.7076,-21.5872,0,-0.0015,-0.0015,0.0087,0,0,-0.002,-0.0008,-0.0098
0.2,1.0294,1.2,-0.0256,-0.0032,104.808,-21.5328,0,-0.0012,-0.0012,0.006,0,0,-0.002,-0.0008,-0.0162
0.1085,1.1487,1.2,-0.0185,-0.0032,104.901,-21.4867,0,-0.0054,-0.0054,0.0005,0,0,-0.002,-0.0008,-0.023
0.1791,1.1324,1.2,-0.0113,0.004,104.9993,-21.4394,0,-0.0111,-0.0111,0.0058,0,0,0.0024,0.001,-0.0291
0.1999,1.0298,1.2,-0.0042,0.004,105.1016,-21.3979,0,-0.0221,-0.0221,0.0051,0,0,0.0024,0.001,-0.0281
0.1987,1.0814,1.2,0.0029,0.004,105.2004,-21.3589,0,-0.0356,-0.0356,-0.0002,0,0,0.0024,0.001,-0.0222
0.1746,1.0956,1.2,0.01,0.004,105.2996,-21.3097,0,-0.036,-0.036,0.003,0,0,0.0024,0.001,-0.0152
0.2002,1.0573,1.2,0.0172,0.004,105.4017,-21.2606,0,-0.0386,-0.0386,0.0046,0,0,0.0024,0.001,-0.0108
0.2002,1.098,1.2,0.0243,0.004,105.4993,-21.2067,0,-0.0348,-0.0348,0.0062,0,0,0.0024,0.001,-0.0036
0.1997,1.1238,1.2,0.0314,0.004,105.5935,-21.1566,0,-0.0319,-0.0319,0.0098,0,0,0.0024,0.001,0.005
0.1995,1.1049,1.2,0.0385,0.0101,105.6918,-21.1077,0,-0.0332,-0.0332,0.0023,0,0,0.0061,0.0024,0.0112
0.1996,1.0583,1.2,0.0456,0.0101,105.783,-21.0689,0,-0.0399,-0.0399,0.0057,0,0,0.0061,0.0024,0.0167
0.1994,1.088,1.2,0.0527,0.0101,105.8801,-21.0298,0,-0.0489,-0.0489,0.0098,0,0,0.0061,0.0024,0.023
0.2,0.982,1.2,0.0462,0.0101,105.9774,-20.978,0,-0.0471,-0.0471,0.0137,0,0,0.0061,0.0024,0.0294
0.2,1.0367,1.2,0.039,0.0101,106.0725,-20.9194,0,-0.0371,-0.0371,0.0189,0,0,0.0061,0.0024,0.036
0.1593,1.0929,1.2,0.0319,0.0101,106.161,-20.8692,0,-0.0316,-0.0316,0.0241,0,0,0.0061,0.0024,0.0436
0.1323,1.109,1.2,0.0248,0.0101,106.2551,-20.8134,0,-0.0231,-0.0231,0.0304,0,0,0.0061,0.0024,0.0503
0.2,1.0088,1.2,0.0176,0.0066,106.3445,-20.7642,0,-0.0216,-0.0216,0.0315,0,0,0.004,0.0016,0.0459
0.1668,1.0857,1.2,0.0105,0.0066,106.4407,-20.7173,0,-0.0233,-0.0233,0.0318,0,0,0.004,0.0016,0.0392
0.2,1.0122,1.2,0.0034,0.0066,106.5336,-20.6618,0,-0.0183,-0.0183,0.0305,0,0,0.004,0.0016,0.0329
0.1988,1.0602,1.2,-0.0036,0.0066,106.6353,-20.6093,0,-0.0179,-0.0179,0.0305,0,0,0.004,0.0016,0.0259
0.2005,1.0734,1.2,-0.0108,0.0066,106.7312,-20.5586,0,-0.0175,-0.0175,0.0291,0,0,0.004,0.0016,0.0196
0.1308,1.1348,1.2,-0.0179,0.0066,106.8201,-20.5123,0,-0.0173,-0.0173,0.0279,0,0,0.004,0.0016,0.0143
0.1997,1.0756,1.2,-0.0241,0.0077,106.9023,-20.4636,0,-0.0152,-0.0152,0.029,0,0,0.0046,0.0018,0.0091
0.2,0.9935,1.2,-0.0238,0.0077,107.0053,-20.4194,0,-0.0245,-0.0245,0.0276,0,0,0.0046,0.0018,0.0024
0.2,0.9471,1.2,-0.0187,0.0077,107.1098,-20.3726,0,-0.0318,-0.0318,0.0258,0,0,0.0046,0.0018,-0.0041
0.1466,1.1103,1.2,-0.0116,0.0077,107.2114,-20.3324,0,-0.0423,-0.0423,0.0214,0,0,0.0046,0.0018,-0.011
0.1323,1.1361,1.2,-0.0044,0.0077,107.3078,-20.2831,0,-0.0437,-0.0437,0.018,0,0,0.0046,0.0018,-0.0173
0.2006,1.0838,1.2,0.0027,0.0077,107.4002,-20.2382,0,-0.05,-0.05,0.0118,0,0,0.0046,0.0018,-0.0197
0.1996,1.0737,1.2,0.0098,0.0077,107.4997,-20.1868,0,-0.0491,-0.0491,0.0142,0,0,0.0046,0.0018,-0.0159
0.2,1.0203,1.2,0.017,0.0113,107.5979,-20.1322,0,-0.0471,-0.0471,-0.014,0,0,0.0068,0.0027,-0.0103
0.1416,1.1103,1.2,0.0241,0.0113,107.6851,-20.0784,0,-0.042,-0.042,-0.0112,0,0,0.0068,0.0027,-0.0035
0.1242,1.1141,1.2,0.0312,0.0113,107.7825,-20.0232,0,-0.0401,-0.0401,-0.0082,0,0,0.0068,0.0027,0.0031
0.2,1.016,1.2,0.0384,0.0113,107.8797,-19.9738,0,-0.0426,-0.0426,-0.0053,0,0,0.0068,0.0027,0.0095
0.1566,1.1105,1.2,0.0453,0.0113,107.9762,-19.9187,0,-0.0408,-0.0408,-0.0026,0,0,0.0068,0.0027,0.0157
0.2003,1.081,1.2,0.0525,0.0113,108.0717,-19.863,0,-0.0378,-0.0378,-0.0007,0,0,0.0068,0.0027,0.0197
0.1502,1.1018,1.2,0.0453,-0.0045,108.165,-19.8054,0,-0.0304,-0.0304,0.0193,0,0,-0.0027,-0.0011,0.026
0.1445,1.0963,1.2,0.0382,-0.0045,108.2535,-19.7526,0,-0.0232,-0.0232,0.0252,0,0,-0.0027,-0.0011,0.035
0.1698,1.0868,1.2,0.0311,-0.0045,108.3403,-19.7004,0,-0.0161,-0.0161,0.03,0,0,-0.0027,-0.0011,0.0419
0.2001,1.0231,1.2,0.024,-0.0045,108.4276,-19.6451,0,-0.0078,-0.0078,0.0335,0,0,-0.0027,-0.0011,0.0485
0.2,1.0045,1.2,0.0168,-0.0045,108.5216,-19.5905,0,-0.0033,-0.0033,0.035,0,0,-0.0027,-0.0011,0.0466
0.2,1.0258,1.2,0.0097,-0.0045,108.6148,-19.5365,0,0.0012,0.0012,0.0352,0,0,-0.0027,-0.0011,0.0401
0.1757,1.0772,1.2,0.0026,-0.0045,108.7091,-19.487,0,0.0011,0.0011,0.0346,0,0,-0.0027,-0.0011,0.0333
0.2005,1.0682,1.2,0.0049,0.0067,108.8042,-19.4371,0,-0.0016,-0.0016,0.0126,0,0,0.004,0.0016,0.0268
0.2001,1.056,1.2,-0.0022,0.0067,108.9017,-19.3829,0,-0.0022,-0.0022,0.0116,0,0,0.004,0.0016,0.0208
0.1998,1.0642,1.2,-0.0093,0.0067,108.9987,-19.3326,0,-0.0059,-0.0059,0.0104,0,0,0.004,0.0016,0.0146
0.2001,1.1065,1.2,-0.0145,0.0067,109.0933,-19.2789,0,-0.0056,-0.0056,0.0089,0,0,0.004,0.0016,0.0085
0.2,1.0828,1.2,-0.0216,0.0067,109.1827,-19.2258,0,-0.003,-0.003,0.0091,0,0,0.004,0.0016,0.008
0.2004,1.0792,1.2,-0.0234,0.0067,109.2845,-19.1675,0,-0.0023,-0.0023,0.008,0,0,0.004,0.0016,0.004
0.2001,1.0305,1.2,-0.0255,-0.0042,109.3818,-19.1145,0,-0.0046,-0.0046,0.0086,0,0,-0.0025,-0.001,-0.0006
0.0894,1.1634,1.2,-0.0184,-0.0042,109.4807,-19.0667,0,-0.0115,-0.0115,0.0058,0,0,-0.0025,-0.001,-0.007
0.1876,1.0986,1.2,-0.0113,-0.0042,109.58,-19.0121,0,-0.0136,-0.0136,0.0027,0,0,-0.0025,-0.001,-0.0124
0.1752,1.0895,1.2,-0.0042,-0.0042,109.6764,-18.9589,0,-0.0154,-0.0154,-0.0004,0,0,-0.0025,-0.001,-0.0178
0.2001,1.1231,1.2,0.003,-0.0042,109.7767,-18.9041,0,-0.0178,-0.0178,-0.0034,0,0,-0.0025,-0.001,-0.0199
0.1854,1.0919,1.2,0.0101,-0.0042,109.8752,-18.8549,0,-0.0235,-0.0235,-0.0041,0,0,-0.0025,-0.001,-0.0179
0.2,1.1335,1.2,0.0173,-0.0028,109.975,-18.8084,0,-0.0311,-0.0311,0.0137,0,0,-0.0017,-0.0007,-0.0107
0.1968,1.0916,1.2,0.0163,-0.0028,110.0724,-18.7581,0,-0.0332,-0.0332,0.0146,0,0,-0.0017,-0.0007,-0.0038
0.1728,1.0928,1.2,0.0099,-0.0028,110.1692,-18.7036,0,-0.0303,-0.0303,0.017,0,0,-0.0017,-0.0007,0.0038
0.1682,1.0869,1.2,0.0028,-0.0028,110.2666,-18.644,0,-0.0237,-0.0237,0.0181,0,0,-0.0017,-0.0007,0.0102
0.1704,1.1011,1.2,-0.0044,-0.0028,110.3486,-18.5873,0,-0.014,-0.014,0.0164,0,0,-0.0017,-0.0007,0.0168
0.1159,1.132,1.2,-0.0114,-0.0028,110.4348,-18.5359,0,-0.0075,-0.0075,0.0198,0,0,-0.0017,-0.0007,0.018
0.2,0.9868,1.2,-0.0185,-0.0028,110.5279,-18.4838,0,-0.0064,-0.0064,0.0196,0,0,-0.0017,-0.0007,0.0133
0.2,0.9961,1.2,-0.0114,0.0052,110.6177,-18.4375,0,-0.008,-0.008,0.0066,0,0,0.0031,0.0013,0.0104
0.2,1.0571,1.2,-0.0042,0.0052,110.7128,-18.3851,0,-0.0086,-0.0086,0.0039,0,0,0.0031,0.0013,0.0003
0.2,1.0018,1.2,0.0029,0.0052,110.8125,-18.3375,0,-0.0157,-0.0157,0.0024,0,0,0.0031,0.0013,-0.0031
0.1912,1.0769,1.2,0.01,0.0052,110.9155,-18.2869,0,-0.0232,-0.0232,-0.0028,0,0,0.0031,0.0013,-0.0125
0.2001,1.0953,1.2,0.017,0.0052,111.02,-18.2352,0,-0.0288,-0.0288,-0.0024,0,0,0.0031,0.0013,-0.0064
0.1534,1.1387,1.2,0.0239,0.0052,111.1154,-18.1884,0,-0.033,-0.033,0.0005,0,0,0.0031,0.0013,0.0005
0.1185,1.1558,1.2,0.0261,-0.0006,111.2194,-18.128,0,-0.0303,-0.0303,-0.001,0,0,-0.0004,-0.0001,0.0039
0.1998,1.0536,1.2,0.0333,-0.0006,111.3116,-18.0735,0,-0.026,-0.026,0.0031,0,0,-0.0004,-0.0001,0.0135
0.2,1.0611,1.2,0.0298,-0.0006,111.4057,-18.0196,0,-0.0232,-0.0232,0.0067,0,0,-0.0004,-0.0001,0.0187
0.2001,1.0611,1.2,0.0227,-0.0006,111.4985,-17.9645,0,-0.0187,-0.0187,0.0101,0,0,-0.0004,-0.0001,0.0237
0.1944,1.0764,1.2,0.0156,-0.0006,111.5885,-17.914,0,-0.0166,-0.0166,0.0138,0,0,-0.0004,-0.0001,0.0274
0.1914,1.0693,1.2,0.0085,-0.0006,111.6803,-17.8609,0,-0.0132,-0.0132,0.0179,0,0,-0.0004,-0.0001,0.0331
0.2,1.0241,1.2,0.0014,-0.0006,111.7742,-17.8051,0,-0.01,-0.01,0.0177,0,0,-0.0004,-0.0001,0.0301
0.2,1.0513,1.2,-0.0057,-0.0023,111.8733,-17.7527,0,-0.0104,-0.0104,0.035,0,0,-0.0014,-0.0006,0.0234
0.1698,1.0828,1.2,-0.0129,-0.0023,111.9688,-17.6967,0,-0.0053,-0.0053,0.0347,0,0,-0.0014,-0.0006,0.018
0.1315,1.1119,1.2,-0.02,-0.0023,112.062,-17.6487,0,-0.006,-0.006,0.0344,0,0,-0.0014,-0.0006,0.0109
0.1635,1.0972,1.2,-0.0272,-0.0023,112.1563,-17.6027,0,-0.0104,-0.0104,0.0327,0,0,-0.0014,-0.0006,0.0048
0.1977,1.0391,1.2,-0.0343,-0.0023,112.2529,-17.5513,0,-0.0118,-0.0118,0.0308,0,0,-0.0014,-0.0006,-0.0021
0.2001,1.0408,1.2,-0.0414,-0.0023,112.3436,-17.5082,0,-0.0169,-0.0169,0.0289,0,0,-0.0014,-0.0006,-0.009
0.2003,1.0845,1.2,-0.0343,0.0065,112.4382,-17.4682,0,-0.0261,-0.0261,0.0272,0,0,0.0039,0.0016,-0.016
0.2,0.9952,1.2,-0.0271,0.0065,112.5356,-17.4329,0,-0.0426,-0.0426,0.0255,0,0,0.0039,0.0016,-0.0227
0.2,1.0185,1.2,-0.02,0.0065,112.641,-17.3877,0,-0.0532,-0.0532,0.022,0,0,0.0039,0.0016,-0.0295
0.2,1.0273,1.2,-0.0129,0.0065,112.7527,-17.3463,0,-0.0702,-0.0702,0.0188,0,0,0.0039,0.0016,-0.0344
0.1168,1.1381,1.2,-0.0058,0.0065,112.8129,-17.2469,0,-0.0281,-0.0281,-0.0135,0,0,0.0039,0.0016,-0.0284
0.0489,1.1818,1.2,0.0013,0.0065,112.9001,-17.2005,0,-0.0244,-0.0244,-0.0056,0,0,0.0039,0.0016,-0.021
0.1896,1.0792,1.2,0.0084,0.0065,112.9983,-17.1567,0,-0.0292,-0.0292,0.0007,0,0,0.0039,0.0016,-0.0141
0.2,0.9802,1.2,0.0101,0.0048,113.1008,-17.1094,0,-0.0341,-0.0341,0.0105,0,0,0.0029,0.0012,-0.0078
0.2,1.0648,1.2,0.0173,0.0048,113.2007,-17.0686,0,-0.0429,-0.0429,0.0135,0,0,0.0029,0.0012,-0.0014
0.1999,1.1187,1.2,0.0244,0.0048,113.2975,-17.0228,0,-0.0463,-0.0463,0.016,0,0,0.0029,0.0012,0.0053
0.2002,1.0696,1.2,0.0315,0.0048,113.3963,-16.9757,0,-0.0504,-0.0504,0.0181,0,0,0.0029,0.0012,0.0115
0.1998,1.0618,1.2,0.0332,0.0048,113.4971,-16.9034,0,-0.0354,-0.0354,0.0145,0,0,0.0029,0.0012,0.0127
0.1783,1.0851,1.2,0.0261,0.0048,113.5911,-16.8488,0,-0.0282,-0.0282,0.0202,0,0,0.0029,0.0012,0.0188
0.0191,1.227,1.2,0.0332,0.0071,113.686,-16.7895,0,-0.0244,-0.0244,-0.0491,0,0,0.0043,0.0017,0.0255
0.173,1.0789,1.2,0.0403,0.0071,113.7764,-16.7295,0,-0.0165,-0.0165,-0.0467,0,0,0.0043,0.0017,0.0317
0.1346,1.1095,1.2,0.0475,0.0071,113.8705,-16.6753,0,-0.0204,-0.0204,-0.0448,0,0,0.0043,0.0017,0.033
0.1998,1.0771,1.2,0.0546,0.0071,113.9432,-16.6216,0,-0.0168,-0.0168,-0.0536,0,0,0.0043,0.0017,0.0271
0.1767,1.0762,1.2,0.0618,0.0071,114.0327,-16.5696,0,-0.0168,-0.0168,-0.0465,0,0,0.0043,0.0017,0.0333
0.2,0.8919,1.2,0.0689,0.0071,114.129,-16.5179,0,-0.0178,-0.0178,-0.0429,0,0,0.0043,0.0017,0.0404
0.2,1.0283,1.2,0.076,0.0071,114.2195,-16.4606,0,-0.0179,-0.0179,-0.0359,0,0,0.0043,0.0017,0.0472
0.1694,1.0832,1.2,0.0688,-0.0331,114.3132,-16.4014,0,-0.0106,-0.0106,0.0394,0,0,-0.0199,-0.008,0.0537
0.1748,1.063,1.2,0.0617,-0.0331,114.4043,-16.3475,0,-0.0036,-0.0036,0.0462,0,0,-0.0199,-0.008,0.0652
0.1437,1.1008,1.2,0.0545,-0.0331,114.4986,-16.2959,0,0.0011,0.0011,0.0529,0,0,-0.0199,-0.008,0.0722
0.1905,1.0489,1.2,0.0474,-0.0331,114.5906,-16.2421,0,0.0066,0.0066,0.0578,0,0,-0.0199,-0.008,0.0782
0.1895,1.0666,1.2,0.0403,-0.0331,114.6845,-16.1793,0,0.02,0.02,0.0605,0,0,-0.0199,-0.008,0.0724
0.1999,1.0567,1.2,0.0331,-0.0331,114.7828,-16.1191,0,0.0277,0.0277,0.0615,0,0,-0.0199,-0.008,0.0661
0.1301,1.1217,1.2,0.0403,-0.0018,114.8695,-16.0596,0,0.0408,0.0408,0.0425,0,0,-0.0011,-0.0004,0.0538
0.0912,1.1433,1.2,0.0332,-0.0018,114.9582,-15.9968,0,0.054,0.054,0.0436,0,0,-0.0011,-0.0004,0.0465
0.1846,1.0429,1.2,0.026,-0.0018,115.0531,-15.9414,0,0.0546,0.0546,0.0423,0,0,-0.0011,-0.0004,0.0396
0.1999,1.0793,1.2,0.0189,-0.0018,115.1494,-15.8881,0,0.056,0.056,0.0436,0,0,-0.0011,-0.0004,0.0344
0.1627,1.0896,1.2,0.0118,-0.0018,115.2464,-15.8323,0,0.0591,0.0591,0.0469,0,0,-0.0011,-0.0004,0.0381
0.1518,1.0909,1.2,0.0046,-0.0018,115.3449,-15.7702,0,0.0659,0.0659,0.0471,0,0,-0.0011,-0.0004,0.0327
0.1309,1.109,1.2,-0.0025,-0.0138,115.4307,-15.7078,0,0.0791,0.0791,0.061,0,0,-0.0083,-0.0033,0.0261
0.0792,1.1551,1.2,-0.0096,-0.0138,115.5234,-15.6428,0,0.0937,0.0937,0.0604,0,0,-0.0083,-0.0033,0.0214
0.1991,1.0515,1.2,-0.0168,-0.0138,115.6192,-15.5849,0,0.0958,0.0958,0.0581,0,0,-0.0083,-0.0033,0.0147
0.1351,1.1235,1.2,-0.0239,-0.0138,115.7174,-15.5269,0,0.1022,0.1022,0.0567,0,0,-0.0083,-0.0033,0.0077
0.1289,1.1091,1.2,-0.0311,-0.0138,115.8153,-15.4717,0,0.103,0.103,0.0539,0,0,-0.0083,-0.0033,0.0014
0.1023,1.1311,1.2,-0.0382,-0.0138,115.9117,-15.4181,0,0.1042,0.1042,0.0515,0,0,-0.0083,-0.0033,-0.0046
0.1446,1.1139,1.2,-0.0453,-0.0138,116.0144,-15.3536,0,0.1104,0.1104,0.0478,0,0,-0.0083,-0.0033,-0.0112
0.179,1.0945,1.2,-0.0485,-0.0092,116.1133,-15.2969,0,0.1101,0.1101,0.0294,0,0,-0.0056,-0.0022,-0.0181
0.0461,1.2017,1.2,-0.0557,-0.0092,116.2101,-15.2402,0,0.1116,0.1116,0.0235,0,0,-0.0056,-0.0022,-0.0251
0.1544,1.131,1.2,-0.0628,-0.0092,116.3121,-15.1913,0,0.098,0.098,0.013,0,0,-0.0056,-0.0022,-0.0295
0.1276,1.1126,1.2,-0.07,-0.0092,116.4082,-15.1363,0,0.0981,0.0981,0.0101,0,0,-0.0056,-0.0022,-0.0367
0.1064,1.1268,1.2,-0.0771,-0.0092,116.5112,-15.0795,0,0.0957,0.0957,0.0046,0,0,-0.0056,-0.0022,-0.0476
0.1998,1.0974,1.2,-0.0842,-0.0092,116.6164,-15.023,0,0.0921,0.0921,0.0009,0,0,-0.0056,-0.0022,-0.0541
0.0879,1.1665,1.2,-0.0914,-0.0217,116.7152,-14.9764,0,0.0841,0.0841,0.0065,0,0,-0.0131,-0.0052,-0.0609
0.0444,1.1846,1.2,-0.0928,-0.0217,116.8072,-14.9316,0,0.0721,0.0721,-0.0077,0,0,-0.0131,-0.0052,-0.0676
0.1628,1.0837,1.2,-0.0868,-0.0217,116.9082,-14.8805,0,0.0671,0.0671,-0.0105,0,0,-0.0131,-0.0052,-0.0742
0.1999,1.0202,1.2,-0.0797,-0.0217,117.0043,-14.829,0,0.0651,0.0651,-0.0136,0,0,-0.0131,-0.0052,-0.0809
0.1285,1.1234,1.2,-0.0725,-0.0217,117.1014,-14.7751,0,0.0581,0.0581,-0.0303,0,0,-0.0131,-0.0052,-0.0865
0.1937,1.0808,1.2,-0.0654,-0.0217,117.196,-14.7241,0,0.0564,0.0564,-0.0333,0,0,-0.0131,-0.0052,-0.0893
0.1484,1.1022,1.2,-0.0583,-0.0205,117.2943,-14.6747,0,0.0512,0.0512,-0.0423,0,0,-0.0123,-0.0049,-0.0853
0.2002,1.0663,1.2,-0.0511,-0.0205,117.3843,-14.6346,0,0.0376,0.0376,-0.0517,0,0,-0.0123,-0.0049,-0.0794
0.1614,1.0909,1.2,-0.044,-0.0205,117.4804,-14.5869,0,0.0315,0.0315,-0.0526,0,0,-0.0123,-0.0049,-0.0721
0.2,0.9827,1.2,-0.0368,-0.0205,117.5682,-14.5453,0,0.0233,0.0233,-0.0593,0,0,-0.0123,-0.0049,-0.0651
0.1895,1.0642,1.2,-0.0297,-0.0205,117.6573,-14.5016,0,0.0159,0.0159,-0.0603,0,0,-0.0123,-0.0049,-0.0589
0.2,0.9657,1.2,-0.0226,-0.0205,117.7603,-14.4599,0,0.0052,0.0052,-0.0586,0,0,-0.0123,-0.0049,-0.0538
0.2,0.9845,1.2,-0.0155,-0.0205,117.8553,-14.4101,0,0.0017,0.0017,-0.059,0,0,-0.0123,-0.0049,-0.0452
0.1999,1.1018,1.2,-0.0163,-0.0299,117.9492,-14.3659,0,-0.0063,-0.0063,-0.0079,0,0,-0.018,-0.0072,-0.0353
0.2008,1.0632,1.2,-0.0092,-0.0299,118.0453,-14.317,0,-0.0049,-0.0049,-0.0077,0,0,-0.018,-0.0072,-0.0273
0.2001,1.0302,1.2,-0.0021,-0.0299,118.1402,-14.2752,0,-0.009,-0.009,-0.0072,0,0,-0.018,-0.0072,-0.0206
0.1998,1.0688,1.2,0.005,-0.0299,118.2356,-14.235,0,-0.0147,-0.0147,-0.0064,0,0,-0.018,-0.0072,-0.0139
0.2,1.0282,1.2,0.0029,-0.0299,118.3355,-14.1958,0,-0.0235,-0.0235,-0.0071,0,0,-0.018,-0.0072,-0.0117
0.1999,1.0266,1.2,0.0037,-0.0299,118.4351,-14.1539,0,-0.0293,-0.0293,-0.0066,0,0,-0.018,-0.0072,-0.0074
0.2004,1.0643,1.2,0.0109,-0.0299,118.5298,-14.1115,0,-0.0319,-0.0319,-0.0043,0,0,-0.018,-0.0072,-0.0016
0.1813,1.072,1.2,0.018,-0.0083,118.6221,-14.0705,0,-0.0373,-0.0373,-0.0321,0,0,-0.005,-0.002,0.0045
0.2,1.0281,1.2,0.0251,-0.0083,118.7102,-14.0265,0,-0.0389,-0.0389,-0.033,0,0,-0.005,-0.002,0.0064
0.2,1.0017,1.2,0.0321,-0.0083,118.8054,-13.9831,0,-0.0441,-0.0441,-0.0332,0,0,-0.005,-0.002,0.0067
0.2,0.9766,1.2,0.0392,-0.0083,118.9025,-13.9383,0,-0.0481,-0.0481,-0.031,0,0,-0.005,-0.002,0.0108
0.2,1.0374,1.2,0.0463,-0.0083,118.9953,-13.8909,0,-0.0489,-0.0489,-0.028,0,0,-0.005,-0.002,0.0168
0.1999,1.0598,1.2,0.0535,-0.0083,119.09,-13.8445,0,-0.0512,-0.0512,-0.0258,0,0,-0.005,-0.002,0.0208
0.2,1.0332,1.2,0.0606,-0.0083,119.1909,-13.8013,0,-0.0571,-0.0571,-0.0206,0,0,-0.005,-0.002,0.0293
0.2,1.0463,1.2,0.0535,-0.0266,119.2878,-13.7606,0,-0.0629,-0.0629,-0.0067,0,0,-0.016,-0.0064,0.0358
0.1994,1.0874,1.2,0.0557,-0.0266,119.3925,-13.7099,0,-0.0638,-0.0638,-0.0019,0,0,-0.016,-0.0064,0.0427
0.2,1.0411,1.2,0.0485,-0.0266,119.4838,-13.6635,0,-0.0617,-0.0617,0.003,0,0,-0.016,-0.0064,0.0495
0.1022,1.1533,1.2,0.0414,-0.0266,119.5768,-13.6098,0,-0.0537,-0.0537,0.0099,0,0,-0.016,-0.0064,0.0571
0.2,1.0154,1.2,0.0343,-0.0266,119.6754,-13.5591,0,-0.0527,-0.0527,0.0098,0,0,-0.016,-0.0064,0.0549
0.1994,1.0663,1.2,0.0271,-0.0266,119.7675,-13.5084,0,-0.0481,-0.0481,0.0125,0,0,-0.016,-0.0064,0.0537
0.1524,1.0996,1.2,0.02,-0.0293,119.8574,-13.4641,0,-0.0473,-0.0473,0.028,0,0,-0.0177,-0.0071,0.0495
0.2,1.0425,1.2,0.0129,-0.0293,119.9496,-13.4181,0,-0.0464,-0.0464,0.0286,0,0,-0.0177,-0.0071,0.0429
0.2,0.9933,1.2,0.0058,-0.0293,120.0428,-13.366,0,-0.0413,-0.0413,0.0276,0,0,-0.0177,-0.0071,0.036
0.2,1.0218,1.2,-0.0013,-0.0293,120.1361,-13.3228,0,-0.0433,-0.0433,0.0273,0,0,-0.0177,-0.0071,0.0293
0.1989,1.0592,1.2,-0.0085,-0.0293,120.2316,-13.27,0,-0.0378,-0.0378,0.0267,0,0,-0.0177,-0.0071,0.023
0.2,1.0191,1.2,-0.0156,-0.0293,120.3249,-13.2172,0,-0.0324,-0.0324,0.0252,0,0,-0.0177,-0.0071,0.0171
0.1756,1.0823,1.2,-0.0228,-0.0293,120.4199,-13.1741,0,-0.0347,-0.0347,0.0258,0,0,-0.0177,-0.0071,0.0139
0.2003,1.0633,1.2,-0.0299,-0.0302,120.5115,-13.1263,0,-0.0322,-0.0322,0.0331,0,0,-0.0182,-0.0073,0.0063
0.2,1.0337,1.2,-0.037,-0.0302,120.6094,-13.0794,0,-0.0339,-0.0339,0.0306,0,0,-0.0182,-0.0073,-0.0002
0.2,1.0239,1.2,-0.0442,-0.0302,120.7004,-13.0324,0,-0.0319,-0.0319,0.0286,0,0,-0.0182,-0.0073,-0.0045
0.1997,1.077,1.2,-0.0506,-0.0302,120.7896,-12.9802,0,-0.0247,-0.0247,0.0237,0,0,-0.0182,-0.0073,-0.0139
0.2,1.0156,1.2,-0.0434,-0.0302,120.8992,-12.9284,0,-0.0351,-0.0351,0.0056,0,0,-0.0182,-0.0073,-0.0218
0.2,1.0239,1.2,-0.0363,-0.0302,120.9927,-12.8857,0,-0.0373,-0.0373,0.0043,0,0,-0.0182,-0.0073,-0.0283
0.0458,1.2062,1.2,-0.0322,-0.0337,121.0872,-12.8451,0,-0.0426,-0.0426,0.0016,0,0,-0.0203,-0.0081,-0.0347
0.2,1.0194,1.2,-0.025,-0.0337,121.1974,-12.8147,0,-0.0708,-0.0708,-0.013,0,0,-0.0203,-0.0081,-0.0444
0.2,1.0203,1.2,-0.0179,-0.0337,121.2996,-12.7742,0,-0.0782,-0.0782,-0.0122,0,0,-0.0203,-0.0081,-0.043
0.1122,1.1477,1.2,-0.0108,-0.0337,121.4045,-12.7225,0,-0.0796,-0.0796,-0.0152,0,0,-0.0203,-0.0081,-0.0326
0.1987,1.0899,1.2,-0.0037,-0.0337,121.5078,-12.6795,0,-0.0841,-0.0841,-0.0122,0,0,-0.0203,-0.0081,-0.0285
0.0991,1.1588,1.2,0.0034,-0.0337,121.6025,-12.6361,0,-0.0861,-0.0861,-0.0111,0,0,-0.0203,-0.0081,-0.0222
0.1485,1.1093,1.2,-0.0037,-0.0418,121.6986,-12.5933,0,-0.0877,-0.0877,0.0373,0,0,-0.0252,-0.0101,-0.0151
0.1995,1.0337,1.2,-0.0108,-0.0418,121.7987,-12.5475,0,-0.0856,-0.0856,0.0398,0,0,-0.0252,-0.0101,-0.0073
0.2,1.0426,1.2,-0.018,-0.0418,121.8866,-12.5031,0,-0.079,-0.079,0.0407,0,0,-0.0252,-0.0101,-0.0018
0.1741,1.0909,1.2,-0.0251,-0.0418,121.9793,-12.455,0,-0.0703,-0.0703,0.0414,0,0,-0.0252,-0.0101,0.0056
0.2,0.9766,1.2,-0.0311,-0.0418,122.0838,-12.4096,0,-0.0751,-0.0751,0.0336,0,0,-0.0252,-0.0101,0
0.2001,1.0349,1.2,-0.0382,-0.0418,122.1816,-12.3613,0,-0.0683,-0.0683,0.032,0,0,-0.0252,-0.0101,-0.0064
0.2,1.131,1.2,-0.0311,-0.0418,122.2817,-12.3191,0,-0.0681,-0.0681,0.029,0,0,-0.0252,-0.0101,-0.0128
0.1759,1.077,1.2,-0.0239,-0.0257,122.3849,-12.2833,0,-0.0825,-0.0825,0.0022,0,0,-0.0155,-0.0062,-0.0205
0.1723,1.077,1.2,-0.0168,-0.0257,122.4864,-12.24,0,-0.0846,-0.0846,0.0005,0,0,-0.0155,-0.0062,-0.0249
0.1558,1.0886,1.2,-0.0097,-0.0257,122.586,-12.191,0,-0.0813,-0.0813,-0.0023,0,0,-0.0155,-0.0062,-0.0297
0.1473,1.0942,1.2,-0.0026,-0.0257,122.6863,-12.1497,0,-0.0849,-0.0849,-0.003,0,0,-0.0155,-0.0062,-0.0262
0.1393,1.1007,1.2,0.0046,-0.0257,122.7807,-12.1075,0,-0.085,-0.085,-0.0025,0,0,-0.0155,-0.0062,-0.0189
0.1974,1.0754,1.2,0.0117,-0.0257,122.881,-12.0657,0,-0.0881,-0.0881,-0.0031,0,0,-0.0155,-0.0062,-0.0151
0.2,1.0246,1.2,0.0188,-0.0257,122.9847,-12.0264,0,-0.0941,-0.0941,-0.0013,0,0,-0.0155,-0.0062,-0.0055
0.1834,1.0783,1.2,0.0117,-0.04,123.0882,-11.9853,0,-0.0949,-0.0949,0.029,0,0,-0.0241,-0.0097,0.0011
0.1554,1.0998,1.2,0.0047,-0.04,123.1868,-11.9412,0,-0.0904,-0.0904,0.0315,0,0,-0.0241,-0.0097,0.0079
0.1366,1.1041,1.2,-0.0025,-0.04,123.2803,-11.8994,0,-0.086,-0.086,0.0345,0,0,-0.0241,-0.0097,0.0137
0.2007,1.0707,1.2,0.0031,-0.04,123.3937,-11.8536,0,-0.0893,-0.0893,0.0313,0,0,-0.0241,-0.0097,0.0186
0.2,1.0153,1.2,-0.004,-0.04,123.502,-11.8105,0,-0.0904,-0.0904,0.0321,0,0,-0.0241,-0.0097,0.0137
0.0379,1.2139,1.2,-0.0031,-0.0357,123.599,-11.769,0,-0.0856,-0.0856,0.0317,0,0,-0.0215,-0.0086,0.0084
0.0573,1.1554,1.2,0.004,-0.0357,123.7006,-11.7246,0,-0.0872,-0.0872,0.0249,0,0,-0.0215,-0.0086,0.002
0.1997,1.0456,1.2,0.0112,-0.0357,123.7968,-11.6849,0,-0.0871,-0.0871,0.0276,0,0,-0.0215,-0.0086,0.0049
0.1992,1.1003,1.2,0.0181,-0.0357,123.8948,-11.6445,0,-0.0887,-0.0887,0.0224,0,0,-0.0215,-0.0086,0.0011
0.1999,1.0313,1.2,0.0111,-0.0357,123.9904,-11.6004,0,-0.0839,-0.0839,0.0242,0,0,-0.0215,-0.0086,0.0003
0.2001,1.0514,1.2,0.0077,-0.0357,124.0836,-11.5575,0,-0.0784,-0.0784,0.0268,0,0,-0.0215,-0.0086,0.0055
0.2,1.0447,1.2,0.0005,-0.0357,124.1793,-11.5166,0,-0.0754,-0.0754,0.0311,0,0,-0.0215,-0.0086,0.013
0.2,1.0165,1.2,-0.0066,-0.0357,124.2797,-11.4776,0,-0.0772,-0.0772,0.0331,0,0,-0.0215,-0.0086,0.0186
0.1998,1.0324,1.2,-0.007,-0.0447,124.3895,-11.4271,0,-0.0749,-0.0749,0.02,0,0,-0.027,-0.0108,0.0129
0.2,1.0679,1.2,0.0001,-0.0447,124.4851,-11.3846,0,-0.0716,-0.0716,0.0211,0,0,-0.027,-0.0108,0.01
0.0563,1.1982,1.2,0.0009,-0.0447,124.5793,-11.3421,0,-0.0677,-0.0677,0.02,0,0,-0.027,-0.0108,0.0037
0.2001,1.0372,1.2,0.008,-0.0447,124.6797,-11.2986,0,-0.0709,-0.0709,0.0134,0,0,-0.027,-0.0108,-0.0025
0.1999,1.0241,1.2,0.0031,-0.0447,124.7812,-11.2603,0,-0.0738,-0.0738,0.0155,0,0,-0.027,-0.0108,-0.0031
0.201,1.0852,1.2,0.0102,-0.0447,124.8823,-11.2241,0,-0.0786,-0.0786,0.0173,0,0,-0.027,-0.0108,0.0035
0.1774,1.0758,1.2,0.003,-0.0592,124.986,-11.1754,0,-0.0696,-0.0696,0.0701,0,0,-0.0357,-0.0143,0.0037
0.2,1.0643,1.2,-0.0041,-0.0592,125.0917,-11.1411,0,-0.0728,-0.0728,0.0722,0,0,-0.0357,-0.0143,0.0099
0.116,1.136,1.2,-0.0113,-0.0592,125.1994,-11.0981,0,-0.0661,-0.0661,0.0719,0,0,-0.0357,-0.0143,0.0065
0.1371,1.1022,1.2,-0.0184,-0.0592,125.3024,-11.0587,0,-0.0645,-0.0645,0.0738,0,0,-0.0357,-0.0143,0.0119
0.0861,1.1497,1.2,-0.0255,-0.0592,125.4076,-11.0133,0,-0.0573,-0.0573,0.07,0,0,-0.0357,-0.0143,0.006
0.1781,1.093,1.2,-0.0326,-0.0592,125.506,-10.9693,0,-0.0523,-0.0523,0.0667,0,0,-0.0357,-0.0143,-0.0004
0.1109,1.1357,1.2,-0.0261,-0.0431,125.606,-10.9271,0,-0.0446,-0.0446,0.0862,0,0,-0.026,-0.0104,-0.007
0.1944,1.0687,1.2,-0.0332,-0.0431,125.7082,-10.8908,0,-0.0472,-0.0472,0.0818,0,0,-0.026,-0.0104,-0.0141
0.1755,1.0765,1.2,-0.0404,-0.0431,125.8152,-10.8531,0,-0.0465,-0.0465,0.0777,0,0,-0.026,-0.0104,-0.0208
0.1767,1.0765,1.2,-0.0475,-0.0431,125.9149,-10.8092,0,-0.0409,-0.0409,0.0682,0,0,-0.026,-0.0104,-0.0276
0.1196,1.1256,1.2,-0.0547,-0.0431,126.0156,-10.7745,0,-0.0376,-0.0376,0.0697,0,0,-0.026,-0.0104,-0.0223
0.1934,1.0799,1.2,-0.0618,-0.0431,126.1159,-10.7387,0,-0.0386,-0.0386,0.0661,0,0,-0.026,-0.0104,-0.0282
0.2,1.0558,1.2,-0.0689,-0.0431,126.2112,-10.7081,0,-0.0427,-0.0427,0.0612,0,0,-0.026,-0.0104,-0.0344
0.2001,1.0569,1.2,-0.0744,-0.0411,126.3184,-10.6719,0,-0.0459,-0.0459,0.0718,0,0,-0.0248,-0.0099,-0.0461
0.2,0.9932,1.2,-0.0815,-0.0411,126.4175,-10.6408,0,-0.0483,-0.0483,0.0698,0,0,-0.0248,-0.0099,-0.0542
0.1294,1.1259,1.2,-0.0886,-0.0411,126.515,-10.6023,0,-0.0383,-0.0383,0.0617,0,0,-0.0248,-0.0099,-0.061
0.2001,1.03,1.2,-0.0958,-0.0411,126.6136,-10.5573,0,-0.0342,-0.0342,0.0489,0,0,-0.0248,-0.0099,-0.0681
0.2002,1.0396,1.2,-0.098,-0.0411,126.7217,-10.5122,0,-0.0273,-0.0273,0.0389,0,0,-0.0248,-0.0099,-0.0734
0.1959,1.0738,1.2,-0.0917,-0.0411,126.8168,-10.4885,0,-0.0327,-0.0327,0.0354,0,0,-0.0248,-0.0099,-0.0798
0.0969,1.1598,1.2,-0.0975,-0.0399,126.9152,-10.4734,0,-0.0467,-0.0467,0.0505,0,0,-0.024,-0.0096,-0.0854
0.2,0.9728,1.2,-0.0904,-0.0399,127.0288,-10.4396,0,-0.0559,-0.0559,0.0421,0,0,-0.024,-0.0096,-0.0919
0.2,0.991,1.2,-0.0832,-0.0399,127.132,-10.4056,0,-0.0531,-0.0531,0.0367,0,0,-0.024,-0.0096,-0.0938
0.0751,1.1802,1.2,-0.0761,-0.0399,127.2352,-10.3788,0,-0.0579,-0.0579,0.0228,0,0,-0.024,-0.0096,-0.0886
0.2008,1.077,1.2,-0.069,-0.0399,127.3417,-10.3494,0,-0.0615,-0.0615,0.0214,0,0,-0.024,-0.0096,-0.0935
0.1951,1.063,1.2,-0.0619,-0.0399,127.45,-10.32,0,-0.0645,-0.0645,0.0193,0,0,-0.024,-0.0096,-0.0882
0.1546,1.0966,1.2,-0.0548,-0.0389,127.5562,-10.2961,0,-0.0726,-0.0726,-0.0067,0,0,-0.0234,-0.0094,-0.082
0.1258,1.1144,1.2,-0.0476,-0.0389,127.6663,-10.2624,0,-0.0797,-0.0797,-0.0187,0,0,-0.0234,-0.0094,-0.0757
0.192,1.0811,1.2,-0.0405,-0.0389,127.7684,-10.2386,0,-0.0867,-0.0867,-0.0171,0,0,-0.0234,-0.0094,-0.0689
0.1057,1.1444,1.2,-0.0334,-0.0389,127.8754,-10.2078,0,-0.0904,-0.0904,-0.0193,0,0,-0.0234,-0.0094,-0.062
0.2,1.0401,1.2,-0.0262,-0.0389,127.9714,-10.1867,0,-0.0996,-0.0996,-0.0209,0,0,-0.0234,-0.0094,-0.0577
0.1537,1.1051,1.2,-0.0191,-0.0389,128.0696,-10.1619,0,-0.1065,-0.1065,-0.0225,0,0,-0.0234,-0.0094,-0.0485
0.2,0.9761,1.2,-0.012,-0.0389,128.1668,-10.1319,0,-0.1058,-0.1058,-0.0207,0,0,-0.0234,-0.0094,-0.0366
0.2,1.0057,1.2,-0.0191,-0.0612,128.2684,-10.0994,0,-0.1053,-0.1053,-0.0089,0,0,-0.0369,-0.0148,-0.0296
0.2,1.0081,1.2,-0.012,-0.0612,128.3769,-10.076,0,-0.1144,-0.1144,-0.0099,0,0,-0.0369,-0.0148,-0.0232
0.1997,1.0577,1.2,-0.0048,-0.0612,128.4816,-10.0485,0,-0.1185,-0.1185,-0.0107,0,0,-0.0369,-0.0148,-0.0174
0.1665,1.1011,1.2,0.0023,-0.0612,128.5893,-10.0303,0,-0.1315,-0.1315,-0.0095,0,0,-0.0369,-0.0148,-0.0088
0.1873,1.0744,1.2,0.0094,-0.0612,128.6911,-10.0039,0,-0.1357,-0.1357,-0.0118,0,0,-0.0369,-0.0148,-0.0117
0.1641,1.0832,1.2,0.0166,-0.0612,128.8069,-9.9727,0,-0.1392,-0.1392,-0.0131,0,0,-0.0369,-0.0148,-0.0093
0.2,1.0429,1.2,0.0094,-0.0674,128.9177,-9.9359,0,-0.1341,-0.1341,0.0602,0,0,-0.0406,-0.0163,-0.0021
0.0636,1.1894,1.2,0.0023,-0.0674,129.0253,-9.9019,0,-0.1186,-0.1186,0.0624,0,0,-0.0406,-0.0163,0.0042
0.0572,1.1574,1.2,-0.0048,-0.0674,129.1372,-9.8749,0,-0.1157,-0.1157,0.0659,0,0,-0.0406,-0.0163,0.0106
0.0925,1.1192,1.2,-0.012,-0.0674,129.2476,-9.8513,0,-0.1161,-0.1161,0.069,0,0,-0.0406,-0.0163,0.0167
0.0832,1.1413,1.2,-0.0191,-0.0674,129.3574,-9.8247,0,-0.1131,-0.1131,0.0679,0,0,-0.0406,-0.0163,0.0141
0.1017,1.1187,1.2,-0.0262,-0.0674,129.4631,-9.7976,0,-0.1112,-0.1112,0.0641,0,0,-0.0406,-0.0163,0.006
0.1279,1.1202,1.2,-0.0191,-0.0432,129.5691,-9.7698,0,-0.1077,-0.1077,0.0555,0,0,-0.026,-0.0104,0.0009
0.2002,1.0816,1.2,-0.022,-0.0432,129.6777,-9.7435,0,-0.1085,-0.1085,0.0512,0,0,-0.026,-0.0104,-0.0055
0.1782,1.0865,1.2,-0.0194,-0.0432,129.7657,-9.7116,0,-0.1007,-0.1007,0.0423,0,0,-0.026,-0.0104,-0.0124
0.1694,1.1086,1.2,-0.0123,-0.0432,129.8699,-9.6957,0,-0.108,-0.108,0.0402,0,0,-0.026,-0.0104,-0.0193
0.2,0.926,1.2,-0.0051,-0.0432,129.9763,-9.668,0,-0.1087,-0.1087,0.0399,0,0,-0.026,-0.0104,-0.0175
0.1997,1.0457,1.2,0.0003,-0.0432,130.0828,-9.6442,0,-0.1072,-0.1072,0.0377,0,0,-0.026,-0.0104,-0.0176
0.1733,1.0895,1.2,0.0028,-0.0432,130.1816,-9.6249,0,-0.1094,-0.1094,0.0371,0,0,-0.026,-0.0104,-0.016
0.1658,1.0826,1.2,-0.0044,-0.0563,130.2794,-9.5853,0,-0.0948,-0.0948,0.0573,0,0,-0.0339,-0.0136,-0.0122
0.2,0.9987,1.2,-0.0115,-0.0563,130.3885,-9.5555,0,-0.0872,-0.0872,0.0625,0,0,-0.0339,-0.0136,-0.0052
0.2,1.0426,1.2,-0.0186,-0.0563,130.4944,-9.5314,0,-0.0819,-0.0819,0.0649,0,0,-0.0339,-0.0136,0.0011
0.1344,1.121,1.2,-0.0257,-0.0563,130.6027,-9.5094,0,-0.0786,-0.0786,0.0658,0,0,-0.0339,-0.0136,0.005
0.1917,1.0768,1.2,-0.0328,-0.0563,130.7124,-9.4866,0,-0.0793,-0.0793,0.0642,0,0,-0.0339,-0.0136,0.0014
0.1526,1.0956,1.2,-0.04,-0.0563,130.82,-9.4692,0,-0.084,-0.084,0.0602,0,0,-0.0339,-0.0136,-0.005
0.1289,1.111,1.2,-0.0453,-0.0541,130.9291,-9.4455,0,-0.0833,-0.0833,0.0698,0,0,-0.0326,-0.0131,-0.0119
0.2001,1.0817,1.2,-0.0525,-0.0541,131.0314,-9.4184,0,-0.0786,-0.0786,0.0638,0,0,-0.0326,-0.0131,-0.0188
0.1553,1.1076,1.2,-0.0596,-0.0541,131.1362,-9.3933,0,-0.0753,-0.0753,0.0564,0,0,-0.0326,-0.0131,-0.0256
0.2003,1.0498,1.2,-0.0637,-0.0541,131.2492,-9.3681,0,-0.0748,-0.0748,0.0512,0,0,-0.0326,-0.0131,-0.0312
0.2,1.0682,1.2,-0.0566,-0.0541,131.3614,-9.3499,0,-0.0788,-0.0788,0.0455,0,0,-0.0326,-0.0131,-0.038
0.1961,1.1488,1.2,-0.0495,-0.0541,131.4716,-9.333,0,-0.0845,-0.0845,0.0349,0,0,-0.0326,-0.0131,-0.0495
0.2,1.1287,1.2,-0.0425,-0.0541,131.5774,-9.314,0,-0.0887,-0.0887,0.0277,0,0,-0.0326,-0.0131,-0.056
0.1616,1.1075,1.2,-0.0496,-0.0594,131.6817,-9.2903,0,-0.0854,-0.0854,0.048,0,0,-0.0358,-0.0143,-0.0621
0.2002,1.0682,1.2,-0.0483,-0.0594,131.7913,-9.2673,0,-0.0829,-0.0829,0.0445,0,0,-0.0358,-0.0143,-0.0589
0.2002,1.0599,1.2,-0.048,-0.0594,131.9033,-9.2444,0,-0.079,-0.079,0.0424,0,0,-0.0358,-0.0143,-0.0547
0.1995,1.1114,1.2,-0.041,-0.0594,131.9974,-9.2238,0,-0.0775,-0.0775,0.0336,0,0,-0.0358,-0.0143,-0.0425
0.1656,1.1342,1.2,-0.0339,-0.0594,132.1069,-9.2056,0,-0.0756,-0.0756,0.0329,0,0,-0.0358,-0.0143,-0.0463
0.2,0.9562,1.2,-0.0323,-0.0594,132.2168,-9.1945,0,-0.0863,-0.0863,0.0311,0,0,-0.0358,-0.0143,-0.0494
0.1515,1.1006,1.2,-0.0393,-0.0592,132.3237,-9.182,0,-0.0884,-0.0884,0.0711,0,0,-0.0357,-0.0143,-0.049
0.1584,1.097,1.2,-0.0464,-0.0592,132.4283,-9.1682,0,-0.0872,-0.0872,0.0696,0,0,-0.0357,-0.0143,-0.0444
0.2,1.0686,1.2,-0.0536,-0.0592,132.5344,-9.1498,0,-0.0817,-0.0817,0.0708,0,0,-0.0357,-0.0143,-0.0345
0.2,1.047,1.2,-0.0607,-0.0592,132.6401,-9.1306,0,-0.0761,-0.0761,0.0692,0,0,-0.0357,-0.0143,-0.0288
0.1856,1.0679,1.2,-0.0678,-0.0592,132.738,-9.1011,0,-0.0625,-0.0625,0.0576,0,0,-0.0357,-0.0143,-0.0313
0.2002,1.0652,1.2,-0.075,-0.0592,132.8421,-9.0886,0,-0.0626,-0.0626,0.0542,0,0,-0.0357,-0.0143,-0.0368
0.2,1.0092,1.2,-0.0821,-0.0592,132.9517,-9.075,0,-0.0654,-0.0654,0.0468,0,0,-0.0357,-0.0143,-0.05
0.2,1.0406,1.2,-0.0788,-0.0469,133.0583,-9.0681,0,-0.0717,-0.0717,0.0582,0,0,-0.0283,-0.0113,-0.0572
0.1993,1.096,1.2,-0.0717,-0.0469,133.1668,-9.0628,0,-0.0784,-0.0784,0.0486,0,0,-0.0283,-0.0113,-0.0648
0.1999,1.0619,1.2,-0.0645,-0.0469,133.2769,-9.0517,0,-0.0814,-0.0814,0.0413,0,0,-0.0283,-0.0113,-0.0716
0.1998,1.0812,1.2,-0.0575,-0.0469,133.3805,-9.0427,0,-0.0852,-0.0852,0.0322,0,0,-0.0283,-0.0113,-0.0782
0.1651,1.0988,1.2,-0.0504,-0.0469,133.4929,-9.0306,0,-0.0862,-0.0862,0.0255,0,0,-0.0283,-0.0113,-0.0778
0.1962,1.0328,1.2,-0.0433,-0.0469,133.5999,-9.0181,0,-0.0868,-0.0868,0.0224,0,0,-0.0283,-0.0113,-0.0723
0.1798,1.123,1.2,-0.0369,-0.0478,133.6727,-8.9808,0,-0.0642,-0.0642,0.0188,0,0,-0.0288,-0.0115,-0.0644
0.1992,1.0695,1.2,-0.0299,-0.0478,133.774,-8.9684,0,-0.0592,-0.0592,0.0221,0,0,-0.0288,-0.0115,-0.0576
0.2,0.7843,1.2,-0.0349,-0.0478,133.8791,-8.9595,0,-0.062,-0.062,0.0269,0,0,-0.0288,-0.0115,-0.0513
0.2,1.0127,1.2,-0.042,-0.0478,133.9825,-8.9475,0,-0.0552,-0.0552,0.0243,0,0,-0.0288,-0.0115,-0.0394
0.1999,1.0456,1.2,-0.0349,-0.0478,134.09,-8.9398,0,-0.0555,-0.0555,0.0243,0,0,-0.0288,-0.0115,-0.0312
0.2002,1.0319,1.2,-0.0278,-0.0478,134.2019,-8.9375,0,-0.0637,-0.0637,0.0212,0,0,-0.0288,-0.0115,-0.0259
0.1915,1.0692,1.2,-0.0206,-0.0478,134.3104,-8.9417,0,-0.0789,-0.0789,0.0139,0,0,-0.0288,-0.0115,-0.031
0.1941,1.112,1.2,-0.0172,-0.0524,134.417,-8.9314,0,-0.078,-0.078,0.0252,0,0,-0.0316,-0.0126,-0.0365
0.2,1.0624,1.2,-0.0101,-0.0524,134.5231,-8.9222,0,-0.0765,-0.0765,0.0248,0,0,-0.0316,-0.0126,-0.0295
0.2005,1.0624,1.2,-0.0093,-0.0524,134.6364,-8.9119,0,-0.0736,-0.0736,0.0239,0,0,-0.0316,-0.0126,-0.023
0.2,1.0567,1.2,-0.0119,-0.0524,134.7471,-8.8975,0,-0.0659,-0.0659,0.0241,0,0,-0.0316,-0.0126,-0.0168
0.1309,1.1273,1.2,-0.019,-0.0524,134.859,-8.8815,0,-0.0559,-0.0559,0.0237,0,0,-0.0316,-0.0126,-0.0124
0.1313,1.1062,1.2,-0.0258,-0.0524,134.969,-8.8722,0,-0.0539,-0.0539,0.0233,0,0,-0.0316,-0.0126,-0.006
0.1131,1.1208,1.2,-0.0329,-0.0533,135.0922,-8.8614,0,-0.05,-0.05,0.0404,0,0,-0.0322,-0.0129,-0.0066
0.1894,1.0946,1.2,-0.0401,-0.0533,135.2033,-8.854,0,-0.0481,-0.0481,0.0386,0,0,-0.0322,-0.0129,-0.0092
0.0225,1.2258,1.2,-0.0472,-0.0533,135.3118,-8.8486,0,-0.0461,-0.0461,0.0339,0,0,-0.0322,-0.0129,-0.0161
0.1553,1.1048,1.2,-0.0401,-0.0533,135.42,-8.8464,0,-0.0528,-0.0528,0.0283,0,0,-0.0322,-0.0129,-0.0228
0.1997,1.0768,1.2,-0.0329,-0.0533,135.5318,-8.8501,0,-0.0636,-0.0636,0.0227,0,0,-0.0322,-0.0129,-0.0293
0.1997,1.074,1.2,-0.026,-0.0533,135.6317,-8.8477,0,-0.0683,-0.0683,0.0155,0,0,-0.0322,-0.0129,-0.0361
0.1839,1.1115,1.2,-0.0188,-0.0533,135.7429,-8.8393,0,-0.0675,-0.0675,0.0066,0,0,-0.0322,-0.0129,-0.0459
0.2,0.9922,1.2,-0.026,-0.0552,135.849,-8.8262,0,-0.06,-0.06,0.0194,0,0,-0.0333,-0.0133,-0.0347
0.1642,1.1057,1.2,-0.0233,-0.0552,135.9513,-8.8204,0,-0.0564,-0.0564,0.018,0,0,-0.0333,-0.0133,-0.0273
0.1998,1.058,1.2,-0.0162,-0.0552,136.0549,-8.8188,0,-0.0586,-0.0586,0.0179,0,0,-0.0333,-0.0133,-0.0211
0.2,1.0167,1.2,-0.0231,-0.0552,136.1598,-8.8156,0,-0.0597,-0.0597,0.0164,0,0,-0.0333,-0.0133,-0.0161
0.2001,1.0279,1.2,-0.0297,-0.0552,136.2713,-8.8026,0,-0.0511,-0.0511,0.0121,0,0,-0.0333,-0.0133,-0.021
0.2005,1.041,1.2,-0.0227,-0.0552,136.3756,-8.7998,0,-0.0521,-0.0521,0.0101,0,0,-0.0333,-0.0133,-0.0186
0.1397,1.1123,1.2,-0.0298,-0.0632,136.4735,-8.792,0,-0.0474,-0.0474,0.0309,0,0,-0.0381,-0.0152,-0.0134
0.2,1.034,1.2,-0.0369,-0.0632,136.5811,-8.7762,0,-0.0354,-0.0354,0.0255,0,0,-0.0381,-0.0152,-0.0195
0.2,0.974,1.2,-0.0441,-0.0632,136.6882,-8.7684,0,-0.0314,-0.0314,0.0195,0,0,-0.0381,-0.0152,-0.0245
0.1994,1.0764,1.2,-0.0512,-0.0632,136.7905,-8.7566,0,-0.0196,-0.0196,0.0179,0,0,-0.0381,-0.0152,-0.0195
0.2001,1.0635,1.2,-0.0537,-0.0632,136.8964,-8.7488,0,-0.0158,-0.0158,0.0101,0,0,-0.0381,-0.0152,-0.0259
0.1999,1.0195,1.2,-0.0578,-0.0632,137.0002,-8.745,0,-0.0147,-0.0147,0.0048,0,0,-0.0381,-0.0152,-0.0323
0.2001,1.0519,1.2,-0.0507,-0.0632,137.1056,-8.7346,0,-0.0072,-0.0072,-0.0017,0,0,-0.0381,-0.0152,-0.0372
0.2001,1.03,1.2,-0.0578,-0.0639,137.2117,-8.7335,0,-0.0093,-0.0093,0.0416,0,0,-0.0385,-0.0154,-0.0497
0.2,1.0485,1.2,-0.0649,-0.0639,137.3272,-8.7304,0,-0.0034,-0.0034,0.0341,0,0,-0.0385,-0.0154,-0.0534
0.2,1.0523,1.2,-0.0721,-0.0639,137.4288,-8.7258,0,0.0026,0.0026,0.0263,0,0,-0.0385,-0.0154,-0.0576
0.1083,1.1448,1.2,-0.0792,-0.0639,137.538,-8.7318,0,0.0011,0.0011,0.0214,0,0,-0.0385,-0.0154,-0.052
0.2,1.0078,1.2,-0.0863,-0.0639,137.6388,-8.7345,0,-0.0011,-0.0011,0.0167,0,0,-0.0385,-0.0154,-0.0569
0.1998,1.0854,1.2,-0.0826,-0.0639,137.7435,-8.739,0,-0.0042,-0.0042,0.0058,0,0,-0.0385,-0.0154,-0.0636
0.2,1.0008,1.2,-0.0755,-0.0639,137.8449,-8.7438,0,-0.0082,-0.0082,-0.0019,0,0,-0.0385,-0.0154,-0.0706
0.2001,1.0407,1.2,-0.0696,-0.0486,137.9555,-8.7467,0,-0.0077,-0.0077,0.0217,0,0,-0.0293,-0.0117,-0.0771
0.2,1.0075,1.2,-0.0675,-0.0486,138.0652,-8.7507,0,-0.0071,-0.0071,0.0127,0,0,-0.0293,-0.0117,-0.0833
0.2012,1.0971,1.2,-0.0603,-0.0486,138.174,-8.7591,0,-0.0097,-0.0097,0.0035,0,0,-0.0293,-0.0117,-0.0811
0.1771,1.0892,1.2,-0.0532,-0.0486,138.2795,-8.7777,0,-0.0224,-0.0224,-0.0012,0,0,-0.0293,-0.0117,-0.0755
0.1661,1.0829,1.2,-0.0461,-0.0486,138.3886,-8.7948,0,-0.0334,-0.0334,-0.0061,0,0,-0.0293,-0.0117,-0.0695
0.2001,1.0668,1.2,-0.039,-0.0486,138.5025,-8.8026,0,-0.0347,-0.0347,-0.0115,0,0,-0.0293,-0.0117,-0.0668
0.1534,1.0988,1.2,-0.0318,-0.0437,138.5996,-8.8117,0,-0.0388,-0.0388,-0.0317,0,0,-0.0263,-0.0105,-0.0607
0.1079,1.1317,1.2,-0.0247,-0.0437,138.7058,-8.8218,0,-0.045,-0.045,-0.0363,0,0,-0.0263,-0.0105,-0.0547
0.2,0.9679,1.2,-0.0175,-0.0437,138.8129,-8.8337,0,-0.0488,-0.0488,-0.0382,0,0,-0.0263,-0.0105,-0.0533
0.1999,1.0587,1.2,-0.0104,-0.0437,138.9213,-8.8433,0,-0.0542,-0.0542,-0.041,0,0,-0.0263,-0.0105,-0.0442
0.199,1.0688,1.2,-0.0033,-0.0437,139.0363,-8.8515,0,-0.0551,-0.0551,-0.0396,0,0,-0.0263,-0.0105,-0.0283
0.1729,1.0797,1.2,0.0039,-0.0437,139.1466,-8.855,0,-0.0523,-0.0523,-0.0406,0,0,-0.0263,-0.0105,-0.0218
0.1676,1.1429,1.2,-0.0033,-0.0622,139.2631,-8.8535,0,-0.0432,-0.0432,-0.0037,0,0,-0.0375,-0.015,-0.015
0.1998,1.0925,1.2,0.0038,-0.0622,139.3741,-8.8587,0,-0.0367,-0.0367,-0.0026,0,0,-0.0375,-0.015,-0.008
0.1131,1.1545,1.2,-0.002,-0.0622,139.4791,-8.8631,0,-0.0297,-0.0297,-0.0011,0,0,-0.0375,-0.015,-0.0012
0.1586,1.1016,1.2,-0.0091,-0.0622,139.568,-8.8667,0,-0.0223,-0.0223,0.0027,0,0,-0.0375,-0.015,0.0052
0.2001,1.0416,1.2,-0.0127,-0.0622,139.6723,-8.879,0,-0.0248,-0.0248,-0.0006,0,0,-0.0375,-0.015,0.0008
0.2,0.8827,1.2,-0.0199,-0.0622,139.7771,-8.8789,0,-0.0141,-0.0141,-0.0013,0,0,-0.0375,-0.015,0.0055
0.2,1.0406,1.2,-0.027,-0.0622,139.8817,-8.8774,0,-0.0027,-0.0027,-0.0038,0,0,-0.0375,-0.015,0.0016
0.1999,1.0388,1.2,-0.0309,-0.0584,139.9963,-8.8826,0,0.0032,0.0032,0.0223,0,0,-0.0352,-0.0141,-0.0048
0.2,1.0361,1.2,-0.0381,-0.0584,140.1088,-8.8956,0,0.0044,0.0044,0.0194,0,0,-0.0352,-0.0141,-0.0088
0.1231,1.1371,1.2,-0.0452,-0.0584,140.2247,-8.9021,0,0.0137,0.0137,0.0161,0,0,-0.0352,-0.0141,-0.0153
0.1096,1.123,1.2,-0.0523,-0.0584,140.3341,-8.9088,0,0.0191,0.0191,0.0106,0,0,-0.0352,-0.0141,-0.0202
0.0899,1.15,1.2,-0.0595,-0.0584,140.4417,-8.915,0,0.0243,0.0243,0.0033,0,0,-0.0352,-0.0141,-0.026
0.1869,1.0859,1.2,-0.0666,-0.0584,140.5463,-8.9288,0,0.0239,0.0239,0.0014,0,0,-0.0352,-0.0141,-0.0322
0.2,1.0676,1.2,-0.0736,-0.0584,140.6525,-8.9277,0,0.0351,0.0351,-0.008,0,0,-0.0352,-0.0141,-0.0411
0.1999,1.0456,1.2,-0.0665,-0.0575,140.7661,-8.9336,0,0.0387,0.0387,-0.0337,0,0,-0.0347,-0.0139,-0.0511
0.2,1.0495,1.2,-0.0594,-0.0575,140.8762,-8.9439,0,0.0384,0.0384,-0.0413,0,0,-0.0347,-0.0139,-0.0579
0.1326,1.1247,1.2,-0.0522,-0.0575,140.991,-8.9552,0,0.035,0.035,-0.0512,0,0,-0.0347,-0.0139,-0.0611
0.1712,1.0955,1.2,-0.0451,-0.0575,141.0961,-8.9674,0,0.033,0.033,-0.0581,0,0,-0.0347,-0.0139,-0.0703
0.102,1.1429,1.2,-0.038,-0.0575,141.2002,-8.9764,0,0.0317,0.0317,-0.065,0,0,-0.0347,-0.0139,-0.0683
0.2001,1.0485,1.2,-0.0308,-0.0575,141.3129,-8.9893,0,0.033,0.033,-0.067,0,0,-0.0347,-0.0139,-0.0617
0.2002,1.0342,1.2,-0.038,-0.0799,141.4258,-8.9996,0,0.037,0.037,-0.0237,0,0,-0.0482,-0.0193,-0.0549
0.1555,1.1235,1.2,-0.0451,-0.0799,141.5338,-9.0103,0,0.041,0.041,-0.0283,0,0,-0.0482,-0.0193,-0.0491
0.1232,1.1216,1.2,-0.0522,-0.0799,141.6373,-9.0184,0,0.0501,0.0501,-0.0263,0,0,-0.0482,-0.0193,-0.0361
0.1999,1.0748,1.2,-0.0593,-0.0799,141.7452,-9.0336,0,0.0523,0.0523,-0.027,0,0,-0.0482,-0.0193,-0.0293
0.2001,1.028,1.2,-0.0589,-0.0799,141.8555,-9.0557,0,0.047,0.047,-0.0319,0,0,-0.0482,-0.0193,-0.0313
0.1901,1.0801,1.2,-0.0517,-0.0799,141.9689,-9.0741,0,0.0437,0.0437,-0.0391,0,0,-0.0482,-0.0193,-0.0372
0.1343,1.1153,1.2,-0.052,-0.0718,142.0836,-9.0903,0,0.0447,0.0447,0.0237,0,0,-0.0433,-0.0173,-0.0494
0.0965,1.1388,1.2,-0.0592,-0.0718,142.1987,-9.1103,0,0.0489,0.0489,0.0148,0,0,-0.0433,-0.0173,-0.0566
0.0806,1.147,1.2,-0.0662,-0.0718,142.3031,-9.1277,0,0.0537,0.0537,0.0088,0,0,-0.0433,-0.0173,-0.0587
0.0646,1.1578,1.2,-0.0734,-0.0718,142.4124,-9.1485,0,0.0567,0.0567,0.004,0,0,-0.0433,-0.0173,-0.0561
0.1999,1.0481,1.2,-0.0805,-0.0718,142.514,-9.1871,0,0.0428,0.0428,0.0059,0,0,-0.0433,-0.0173,-0.0528
0.1851,1.1036,1.2,-0.0877,-0.0718,142.6135,-9.2028,0,0.0466,0.0466,-0.0046,0,0,-0.0433,-0.0173,-0.0569
0.1996,1.0782,1.2,-0.0947,-0.0718,142.7175,-9.2254,0,0.0447,0.0447,-0.014,0,0,-0.0433,-0.0173,-0.0636
0.2,0.9964,1.2,-0.0875,-0.0465,142.8279,-9.2443,0,0.0484,0.0484,-0.0421,0,0,-0.028,-0.0112,-0.0704
0.1998,1.0563,1.2,-0.0804,-0.0465,142.9341,-9.2641,0,0.0463,0.0463,-0.0531,0,0,-0.028,-0.0112,-0.0762
0.1502,1.108,1.2,-0.0734,-0.0465,143.0342,-9.2991,0,0.03,0.03,-0.0601,0,0,-0.028,-0.0112,-0.0827
0.1996,1.0698,1.2,-0.0662,-0.0465,143.1464,-9.3132,0,0.0366,0.0366,-0.0699,0,0,-0.028,-0.0112,-0.0888
0.2003,1.0528,1.2,-0.0591,-0.0465,143.2606,-9.3389,0,0.0332,0.0332,-0.0765,0,0,-0.028,-0.0112,-0.0887
0.1475,1.1165,1.2,-0.052,-0.0465,143.3631,-9.3685,0,0.0216,0.0216,-0.0818,0,0,-0.028,-0.0112,-0.0819
0.0827,1.1599,1.2,-0.0591,-0.0678,143.4648,-9.39,0,0.0196,0.0196,-0.0701,0,0,-0.0409,-0.0164,-0.0755
0.2,1.0584,1.2,-0.052,-0.0678,143.5696,-9.4163,0,0.0195,0.0195,-0.0715,0,0,-0.0409,-0.0164,-0.0695
0.2,1.0287,1.2,-0.0449,-0.0678,143.6757,-9.4418,0,0.0188,0.0188,-0.0734,0,0,-0.0409,-0.0164,-0.0629
0.1981,1.0704,1.2,-0.0377,-0.0678,143.7819,-9.476,0,0.0068,0.0068,-0.0768,0,0,-0.0409,-0.0164,-0.0556
0.1716,1.0808,1.2,-0.0306,-0.0678,143.8904,-9.5067,0,-0.0002,-0.0002,-0.0809,0,0,-0.0409,-0.0164,-0.0552
0.1361,1.1077,1.2,-0.0234,-0.0678,143.9927,-9.533,0,-0.0049,-0.0049,-0.0848,0,0,-0.0409,-0.0164,-0.0545
0.1317,1.1176,1.2,-0.0194,-0.0715,144.0941,-9.5595,0,-0.0087,-0.0087,-0.0223,0,0,-0.0432,-0.0173,-0.0484
0.1996,1.0464,1.2,-0.0124,-0.0715,144.198,-9.5908,0,-0.0075,-0.0075,-0.0209,0,0,-0.0432,-0.0173,-0.0386
0.2003,1.0384,1.2,-0.0053,-0.0715,144.2971,-9.6198,0,-0.0063,-0.0063,-0.0204,0,0,-0.0432,-0.0173,-0.0293
0.1995,1.0761,1.2,0.0018,-0.0715,144.3963,-9.6492,0,-0.0061,-0.0061,-0.0212,0,0,-0.0432,-0.0173,-0.0228
0.2001,1.0232,1.2,-0.0054,-0.0715,144.514,-9.674,0,0.0048,0.0048,-0.0218,0,0,-0.0432,-0.0173,-0.0184
0.2,1.0254,1.2,-0.0125,-0.0715,144.6144,-9.7067,0,0.0035,0.0035,-0.0204,0,0,-0.0432,-0.0173,-0.0119
0.0627,1.1911,1.2,-0.0194,-0.0715,144.7157,-9.7305,0,0.0098,0.0098,-0.019,0,0,-0.0432,-0.0173,-0.0067
0.2,1.047,1.2,-0.0122,-0.0499,144.8201,-9.7566,0,0.0165,0.0165,-0.0421,0,0,-0.0301,-0.012,-0.0005
0.2,1.032,1.2,-0.0051,-0.0499,144.9218,-9.7846,0,0.0171,0.0171,-0.043,0,0,-0.0301,-0.012,0.0012
0.2009,1.0667,1.2,0.002,-0.0499,145.0325,-9.8071,0,0.0234,0.0234,-0.0471,0,0,-0.0301,-0.012,-0.005
0.1999,1.0457,1.2,0.0091,-0.0499,145.1295,-9.8367,0,0.0235,0.0235,-0.0448,0,0,-0.0301,-0.012,-0.0101
0.1383,1.1184,1.2,0.0162,-0.0499,145.2234,-9.8528,0,0.029,0.029,-0.0512,0,0,-0.0301,-0.012,-0.0155
0.2,1.0066,1.2,0.0189,-0.0499,145.327,-9.8749,0,0.0388,0.0388,-0.0498,0,0,-0.0301,-0.012,-0.0063
0.2,0.9415,1.2,0.0134,-0.0499,145.4316,-9.8946,0,0.0499,0.0499,-0.0488,0,0,-0.0301,-0.012,0.0002
0.2,1.048,1.2,0.0063,-0.0736,145.5398,-9.9169,0,0.0617,0.0617,0.0446,0,0,-0.0444,-0.0178,0.0068
0.2,1.0561,1.2,-0.0008,-0.0736,145.6467,-9.9437,0,0.0756,0.0756,0.0466,0,0,-0.0444,-0.0178,0.0147
0.1569,1.0952,1.2,-0.008,-0.0736,145.7569,-9.9751,0,0.0873,0.0873,0.0481,0,0,-0.0444,-0.0178,0.0184
0.1528,1.0918,1.2,-0.0151,-0.0736,145.8638,-10.0067,0,0.0962,0.0962,0.0474,0,0,-0.0444,-0.0178,0.0152
0.1029,1.1366,1.2,-0.0223,-0.0736,145.9629,-10.0385,0,0.1023,0.1023,0.0451,0,0,-0.0444,-0.0178,0.01
0.1189,1.1053,1.2,-0.0294,-0.0736,146.0602,-10.067,0,0.109,0.109,0.0421,0,0,-0.0444,-0.0178,0.0032
0.2,1.0313,1.2,-0.0365,-0.0736,146.1627,-10.0974,0,0.1151,0.1151,0.0398,0,0,-0.0444,-0.0178,0
0.2,1.0061,1.2,-0.0294,-0.0383,146.2677,-10.1344,0,0.1178,0.1178,0.0549,0,0,-0.0231,-0.0092,-0.0107
0.1983,1.0597,1.2,-0.0365,-0.0383,146.3688,-10.1633,0,0.1287,0.1287,0.0499,0,0,-0.0231,-0.0092,-0.0162
0.1594,1.1033,1.2,-0.0437,-0.0383,146.4743,-10.2043,0,0.1297,0.1297,0.0443,0,0,-0.0231,-0.0092,-0.0246
0.2002,1.0417,1.2,-0.0508,-0.0383,146.5867,-10.2382,0,0.1375,0.1375,0.0396,0,0,-0.0231,-0.0092,-0.0315
0.1289,1.123,1.2,-0.058,-0.0383,146.6811,-10.2684,0,0.1451,0.1451,0.0366,0,0,-0.0231,-0.0092,-0.026
0.0743,1.1637,1.2,-0.0641,-0.0371,146.7914,-10.2918,0,0.1632,0.1632,0.0508,0,0,-0.0223,-0.0089,-0.0329
0.1503,1.1153,1.2,-0.0712,-0.0371,146.8923,-10.3233,0,0.1709,0.1709,0.0463,0,0,-0.0223,-0.0089,-0.0375
0.124,1.1153,1.2,-0.0784,-0.0371,146.9969,-10.3585,0,0.1765,0.1765,0.037,0,0,-0.0223,-0.0089,-0.0512
0.2,1.0474,1.2,-0.0855,-0.0371,147.0986,-10.3922,0,0.1812,0.1812,0.0303,0,0,-0.0223,-0.0089,-0.0582
0.164,1.0944,1.2,-0.0926,-0.0371,147.2062,-10.4309,0,0.1859,0.1859,0.022,0,0,-0.0223,-0.0089,-0.0647
0.2002,1.0615,1.2,-0.0997,-0.0371,147.3081,-10.4732,0,0.1837,0.1837,0.0146,0,0,-0.0223,-0.0089,-0.0718
0.1254,1.1332,1.2,-0.1069,-0.0371,147.4131,-10.5091,0,0.1889,0.1889,0.0046,0,0,-0.0223,-0.0089,-0.0784
0.1662,1.0949,1.2,-0.1139,-0.0369,147.5164,-10.5474,0,0.1917,0.1917,0.0107,0,0,-0.0222,-0.0089,-0.0846
0.1434,1.0994,1.2,-0.121,-0.0369,147.6094,-10.5857,0,0.1907,0.1907,0.0019,0,0,-0.0222,-0.0089,-0.0905
0.1701,1.0918,1.2,-0.1282,-0.0369,147.7057,-10.6261,0,0.1883,0.1883,-0.0083,0,0,-0.0222,-0.0089,-0.0971
0.2,0.9982,1.2,-0.1331,-0.0369,147.8078,-10.6664,0,0.1894,0.1894,-0.0153,0,0,-0.0222,-0.0089,-0.1028
0.2,1.0365,1.2,-0.126,-0.0369,147.9093,-10.7118,0,0.1846,0.1846,-0.0265,0,0,-0.0222,-0.0089,-0.1087
0.1648,1.0876,1.2,-0.1188,-0.0369,148.0102,-10.7589,0,0.1773,0.1773,-0.0388,0,0,-0.0222,-0.0089,-0.1164
0.1391,1.1034,1.2,-0.1117,-0.0369,148.1029,-10.8249,0,0.1514,0.1514,-0.0467,0,0,-0.0222,-0.0089,-0.1224
0.1335,1.1052,1.2,-0.1064,-0.0391,148.208,-10.874,0,0.1438,0.1438,-0.0584,0,0,-0.0236,-0.0094,-0.1261
0.1021,1.1336,1.2,-0.0993,-0.0391,148.3054,-10.9204,0,0.1363,0.1363,-0.0659,0,0,-0.0236,-0.0094,-0.1193
0.0756,1.1521,1.2,-0.0921,-0.0391,148.4,-10.9663,0,0.1285,0.1285,-0.0724,0,0,-0.0236,-0.0094,-0.1124
0.1998,1.0701,1.2,-0.085,-0.0391,148.5009,-11.0161,0,0.1246,0.1246,-0.0738,0,0,-0.0236,-0.0094,-0.1056
0.2,1.0432,1.2,-0.0779,-0.0391,148.605,-11.0668,0,0.1183,0.1183,-0.0793,0,0,-0.0236,-0.0094,-0.1012
0.1357,1.1162,1.2,-0.0708,-0.0391,148.7098,-11.1194,0,0.1069,0.1069,-0.0865,0,0,-0.0236,-0.0094,-0.0944
0.0873,1.1481,1.2,-0.0722,-0.0492,148.8187,-11.1741,0,0.0988,0.0988,-0.0759,0,0,-0.0297,-0.0119,-0.088
0.0635,1.1624,1.2,-0.0651,-0.0492,148.9107,-11.2213,0,0.0915,0.0915,-0.0804,0,0,-0.0297,-0.0119,-0.0818
0.0134,1.2084,1.2,-0.058,-0.0492,149.0134,-11.2705,0,0.0858,0.0858,-0.0853,0,0,-0.0297,-0.0119,-0.0758
0.2001,1.0255,1.2,-0.0508,-0.0492,149.1182,-11.3221,0,0.0886,0.0886,-0.0853,0,0,-0.0297,-0.0119,-0.0698
0.124,1.1279,1.2,-0.0437,-0.0492,149.2184,-11.3722,0,0.0789,0.0789,-0.0919,0,0,-0.0297,-0.0119,-0.0703
0.0746,1.158,1.2,-0.0365,-0.0492,149.317,-11.4238,0,0.0699,0.0699,-0.0961,0,0,-0.0297,-0.0119,-0.0638
0.1674,1.1099,1.2,-0.0329,-0.0533,149.4146,-11.4784,0,0.0635,0.0635,-0.0818,0,0,-0.0321,-0.0129,-0.057
0.1403,1.1027,1.2,-0.0257,-0.0533,149.5144,-11.5292,0,0.0602,0.0602,-0.0834,0,0,-0.0321,-0.0129,-0.0502
0.1428,1.1087,1.2,-0.0186,-0.0533,149.6181,-11.5824,0,0.0562,0.0562,-0.0843,0,0,-0.0321,-0.0129,-0.0389
0.1483,1.1096,1.2,-0.0114,-0.0533,149.7193,-11.6333,0,0.0536,0.0536,-0.0853,0,0,-0.0321,-0.0129,-0.0313
0.0836,1.155,1.2,-0.0043,-0.0533,149.8177,-11.6846,0,0.0473,0.0473,-0.0875,0,0,-0.0321,-0.0129,-0.0277
0.1377,1.122,1.2,0.0028,-0.0533,149.9154,-11.743,0,0.0384,0.0384,-0.0874,0,0,-0.0321,-0.0129,-0.0218
0.1433,1.0994,1.2,0.007,-0.0567,150.0162,-11.8023,0,0.0312,0.0312,-0.065,0,0,-0.0342,-0.0137,-0.0147
0.1091,1.1285,1.2,0.0142,-0.0567,150.1201,-11.8569,0,0.0291,0.0291,-0.0643,0,0,-0.0342,-0.0137,-0.0079
0.0702,1.1598,1.2,0.0213,-0.0567,150.2228,-11.9125,0,0.0258,0.0258,-0.0628,0,0,-0.0342,-0.0137,-0.0012
0.0568,1.1629,1.2,0.0284,-0.0567,150.3321,-11.9587,0,0.0348,0.0348,-0.0613,0,0,-0.0342,-0.0137,0.0058
0.0561,1.1585,1.2,0.035,-0.0567,150.4341,-12.0085,0,0.0373,0.0373,-0.0606,0,0,-0.0342,-0.0137,0.0098
0.0418,1.1757,1.2,0.0422,-0.0567,150.5331,-12.0641,0,0.0335,0.0335,-0.0581,0,0,-0.0342,-0.0137,0.0157
0.0818,1.1255,1.2,0.035,-0.0578,150.6402,-12.1211,0,0.0357,0.0357,-0.0227,0,0,-0.0349,-0.0139,0.0218
0.0948,1.1251,1.2,0.0279,-0.0578,150.7483,-12.1706,0,0.0468,0.0468,-0.0187,0,0,-0.0349,-0.0139,0.028
0.0227,1.203,1.2,0.0208,-0.0578,150.8474,-12.2211,0,0.0524,0.0524,-0.0132,0,0,-0.0349,-0.0139,0.0343
0.0242,1.1805,1.2,0.0137,-0.0578,150.9514,-12.2543,0,0.0793,0.0793,-0.0035,0,0,-0.0349,-0.0139,0.041
0.1006,1.1036,1.2,0.0066,-0.0578,151.0577,-12.2964,0,0.0936,0.0936,-0.0068,0,0,-0.0349,-0.0139,0.0349
0.1706,1.0911,1.2,-0.0005,-0.0578,151.1581,-12.3442,0,0.1003,0.1003,-0.009,0,0,-0.0349,-0.0139,0.0283
0.1107,1.1332,1.2,-0.0049,-0.0545,151.2524,-12.401,0,0.0967,0.0967,0.0027,0,0,-0.0329,-0.0131,0.0217
0.1598,1.1027,1.2,-0.012,-0.0545,151.3476,-12.4509,0,0.1004,0.1004,0.0008,0,0,-0.0329,-0.0131,0.016
0.1544,1.0913,1.2,-0.0192,-0.0545,151.4478,-12.505,0,0.1032,0.1032,-0.0003,0,0,-0.0329,-0.0131,0.0103
0.1996,1.0658,1.2,-0.0263,-0.0545,151.5478,-12.5467,0,0.1161,0.1161,-0.0024,0,0,-0.0329,-0.0131,0.0042
0.1225,1.1293,1.2,-0.0334,-0.0545,151.6521,-12.5907,0,0.129,0.129,-0.0044,0,0,-0.0329,-0.0131,-0.0004
0.2001,1.0738,1.2,-0.0406,-0.0545,151.759,-12.6365,0,0.1416,0.1416,-0.0071,0,0,-0.0329,-0.0131,-0.0064
0.1358,1.1223,1.2,-0.0477,-0.0545,151.864,-12.6942,0,0.1416,0.1416,-0.0117,0,0,-0.0329,-0.0131,-0.0121
0.0915,1.1522,1.2,-0.0548,-0.0607,151.9643,-12.7465,0,0.1468,0.1468,0.0129,0,0,-0.0366,-0.0146,-0.0191
0.0395,1.1875,1.2,-0.062,-0.0607,152.0597,-12.7962,0,0.1519,0.1519,0.0068,0,0,-0.0366,-0.0146,-0.0259
0.1312,1.1211,1.2,-0.0691,-0.0607,152.1528,-12.8555,0,0.1473,0.1473,0.0014,0,0,-0.0366,-0.0146,-0.0332
0.1995,1.0655,1.2,-0.0762,-0.0607,152.2465,-12.9134,0,0.1433,0.1433,-0.0068,0,0,-0.0366,-0.0146,-0.0438
0.1683,1.0955,1.2,-0.0834,-0.0607,152.3393,-12.9734,0,0.1368,0.1368,-0.0156,0,0,-0.0366,-0.0146,-0.0525
0.1505,1.0929,1.2,-0.0905,-0.0607,152.4313,-13.03,0,0.1338,0.1338,-0.0222,0,0,-0.0366,-0.0146,-0.0596
0.1444,1.0963,1.2,-0.0958,-0.0586,152.5242,-13.0893,0,0.1301,0.1301,0.0151,0,0,-0.0353,-0.0141,-0.0658
0.1994,1.0707,1.2,-0.103,-0.0586,152.6198,-13.1521,0,0.1277,0.1277,0.0071,0,0,-0.0353,-0.0141,-0.0733
0.1701,1.0935,1.2,-0.1101,-0.0586,152.7132,-13.2088,0,0.1291,0.1291,-0.0022,0,0,-0.0353,-0.0141,-0.0797
0.1092,1.1356,1.2,-0.1172,-0.0586,152.8071,-13.265,0,0.1315,0.1315,-0.0109,0,0,-0.0353,-0.0141,-0.0857
0.2002,1.0832,1.2,-0.1244,-0.0586,152.8977,-13.3282,0,0.1251,0.1251,-0.0201,0,0,-0.0353,-0.0141,-0.0909
0.1717,1.0845,1.2,-0.1209,-0.0586,152.9842,-13.3925,0,0.1159,0.1159,-0.0296,0,0,-0.0353,-0.0141,-0.0963
0.1464,1.0976,1.2,-0.1137,-0.0586,153.0644,-13.4603,0,0.0999,0.0999,-0.0394,0,0,-0.0353,-0.0141,-0.1014
0.2,1.0707,1.2,-0.1066,-0.0464,153.1532,-13.5256,0,0.0904,0.0904,-0.063,0,0,-0.028,-0.0112,-0.1097
0.2,1.0458,1.2,-0.0995,-0.0464,153.2478,-13.5873,0,0.0865,0.0865,-0.0731,0,0,-0.028,-0.0112,-0.1162
0.1579,1.0944,1.2,-0.0923,-0.0464,153.3364,-13.6481,0,0.0792,0.0792,-0.0805,0,0,-0.028,-0.0112,-0.1143
0.1216,1.1191,1.2,-0.0852,-0.0464,153.4195,-13.7181,0,0.0612,0.0612,-0.0879,0,0,-0.028,-0.0112,-0.1083
0.2009,1.0653,1.2,-0.078,-0.0464,153.5059,-13.7858,0,0.0513,0.0513,-0.0909,0,0,-0.028,-0.0112,-0.1019
0.1717,1.0812,1.2,-0.0709,-0.0464,153.5877,-13.8554,0,0.0344,0.0344,-0.0958,0,0,-0.028,-0.0112,-0.0952
0.1549,1.0893,1.2,-0.078,-0.064,153.6777,-13.9201,0,0.0292,0.0292,-0.0699,0,0,-0.0386,-0.0154,-0.089
0.1967,1.0677,1.2,-0.0709,-0.064,153.7718,-13.9863,0,0.027,0.027,-0.0733,0,0,-0.0386,-0.0154,-0.0828
0.1526,1.0988,1.2,-0.0638,-0.064,153.8572,-14.0543,0,0.0152,0.0152,-0.0803,0,0,-0.0386,-0.0154,-0.0777
0.0999,1.1396,1.2,-0.0566,-0.064,153.9485,-14.1249,0,0.0053,0.0053,-0.0849,0,0,-0.0386,-0.0154,-0.0711
0.1949,1.0834,1.2,-0.0495,-0.064,154.0418,-14.1906,0,0.0046,0.0046,-0.0888,0,0,-0.0386,-0.0154,-0.073
0.1126,1.1452,1.2,-0.0425,-0.064,154.1239,-14.2578,0,-0.009,-0.009,-0.0947,0,0,-0.0386,-0.0154,-0.0705
0.1011,1.1295,1.2,-0.0354,-0.06,154.2065,-14.326,0,-0.0163,-0.0163,-0.044,0,0,-0.0362,-0.0145,-0.064
0.2,1.0526,1.2,-0.0282,-0.06,154.2968,-14.3943,0,-0.0142,-0.0142,-0.0438,0,0,-0.0362,-0.0145,-0.0571
0.1918,1.0621,1.2,-0.0211,-0.06,154.3816,-14.4636,0,-0.0185,-0.0185,-0.0462,0,0,-0.0362,-0.0145,-0.0524
0.134,1.122,1.2,-0.0139,-0.06,154.4692,-14.5276,0,-0.0177,-0.0177,-0.0471,0,0,-0.0362,-0.0145,-0.0393
0.1784,1.0866,1.2,-0.0068,-0.06,154.547,-14.5895,0,-0.0192,-0.0192,-0.0483,0,0,-0.0362,-0.0145,-0.0341
0.1993,1.0745,1.2,0.0003,-0.06,154.623,-14.6583,0,-0.0266,-0.0266,-0.0472,0,0,-0.0362,-0.0145,-0.025
0.2,0.9851,1.2,0.0075,-0.06,154.6998,-14.729,0,-0.0331,-0.0331,-0.0456,0,0,-0.0362,-0.0145,-0.0183
0.2,1.0165,1.2,0.0146,-0.0424,154.7843,-14.7955,0,-0.0344,-0.0344,-0.0481,0,0,-0.0255,-0.0102,-0.0113
0.1999,1.0356,1.2,0.0217,-0.0424,154.871,-14.8562,0,-0.0296,-0.0296,-0.0468,0,0,-0.0255,-0.0102,-0.0042
0.1997,1.0658,1.2,0.0288,-0.0424,154.9654,-14.9282,0,-0.0287,-0.0287,-0.0445,0,0,-0.0255,-0.0102,0.0026
0.2001,1.0488,1.2,0.036,-0.0424,155.0542,-14.9922,0,-0.0237,-0.0237,-0.042,0,0,-0.0255,-0.0102,0.0081
0.0749,1.1779,1.2,0.0431,-0.0424,155.1393,-15.0716,0,-0.0358,-0.0358,-0.0383,0,0,-0.0255,-0.0102,0.015
0.1745,1.0846,1.2,0.0502,-0.0424,155.23,-15.1324,0,-0.0252,-0.0252,-0.0356,0,0,-0.0255,-0.0102,0.0199
0.0916,1.1541,1.2,0.0431,-0.0509,155.3154,-15.1973,0,-0.0217,-0.0217,-0.005,0,0,-0.0307,-0.0123,0.0261
0.1359,1.0836,1.2,0.0359,-0.0509,155.4244,-15.2568,0,0.0066,0.0066,0.0053,0,0,-0.0307,-0.0123,0.0326
0.1994,1.0636,1.2,0.0288,-0.0509,155.5097,-15.3058,0,0.0225,0.0225,0.0061,0,0,-0.0307,-0.0123,0.0395
0.0091,1.2414,1.2,0.0217,-0.0509,155.5943,-15.3676,0,0.0301,0.0301,0.0116,0,0,-0.0307,-0.0123,0.0457
0.2,0.9742,1.2,0.0145,-0.0509,155.6798,-15.425,0,0.0394,0.0394,0.0099,0,0,-0.0307,-0.0123,0.0454
0.2,1.0387,1.2,0.0074,-0.0509,155.7647,-15.4874,0,0.0458,0.0458,0.0116,0,0,-0.0307,-0.0123,0.0416
0.2,1.0218,1.2,0.0003,-0.0509,155.8517,-15.5435,0,0.0577,0.0577,0.0112,0,0,-0.0307,-0.0123,0.0349
0.1999,1.0456,1.2,-0.0007,-0.0437,155.9427,-15.6006,0,0.0745,0.0745,0.0684,0,0,-0.0263,-0.0105,0.028
0.2001,1.0279,1.2,-0.0079,-0.0437,156.0295,-15.6628,0,0.0864,0.0864,0.0666,0,0,-0.0263,-0.0105,0.0215
0.1996,1.0658,1.2,-0.015,-0.0437,156.1142,-15.7338,0,0.0918,0.0918,0.0644,0,0,-0.0263,-0.0105,0.015
0.1994,1.0587,1.2,-0.0221,-0.0437,156.2047,-15.7966,0,0.106,0.106,0.0627,0,0,-0.0263,-0.0105,0.0088
0.1561,1.0959,1.2,-0.0293,-0.0437,156.2914,-15.86,0,0.1179,0.1179,0.0599,0,0,-0.0263,-0.0105,0.0043
0.1529,1.0924,1.2,-0.0364,-0.0437,156.3737,-15.9274,0,0.1223,0.1223,0.0569,0,0,-0.0263,-0.0105,0.0011
0.1958,1.0648,1.2,-0.0293,-0.0188,156.4624,-15.9911,0,0.1328,0.1328,0.0603,0,0,-0.0113,-0.0045,-0.0061
0.1999,1.0543,1.2,-0.0364,-0.0188,156.5488,-16.0519,0,0.1451,0.1451,0.056,0,0,-0.0113,-0.0045,-0.0128
0.1862,1.0822,1.2,-0.0435,-0.0188,156.6377,-16.1153,0,0.1577,0.1577,0.0508,0,0,-0.0113,-0.0045,-0.0176
0.2,1.0469,1.2,-0.0507,-0.0188,156.7212,-16.1792,0,0.1648,0.1648,0.0457,0,0,-0.0113,-0.0045,-0.0254
0.1707,1.082,1.2,-0.0578,-0.0188,156.7927,-16.2466,0,0.1634,0.1634,0.0425,0,0,-0.0113,-0.0045,-0.0257
0.2,1.0414,1.2,-0.0649,-0.0188,156.8713,-16.3094,0,0.1677,0.1677,0.0377,0,0,-0.0113,-0.0045,-0.029
0.2,0.9753,1.2,-0.072,-0.0188,156.9597,-16.3844,0,0.1697,0.1697,0.033,0,0,-0.0113,-0.0045,-0.0354
0.2,0.9976,1.2,-0.0769,-0.016,157.0532,-16.4519,0,0.1816,0.1816,0.0613,0,0,-0.0097,-0.0039,-0.0461
0.1047,1.1494,1.2,-0.084,-0.016,157.1359,-16.5199,0,0.1931,0.1931,0.0514,0,0,-0.0097,-0.0039,-0.0549
0.0874,1.1418,1.2,-0.0912,-0.016,157.219,-16.5837,0,0.2038,0.2038,0.0457,0,0,-0.0097,-0.0039,-0.0605
0.2,1.0607,1.2,-0.0983,-0.016,157.296,-16.65,0,0.2057,0.2057,0.0383,0,0,-0.0097,-0.0039,-0.0697
0.2001,1.0375,1.2,-0.1054,-0.016,157.3747,-16.7187,0,0.2095,0.2095,0.0323,0,0,-0.0097,-0.0039,-0.0748
0.2,1.0075,1.2,-0.1126,-0.016,157.454,-16.7915,0,0.2095,0.2095,0.0239,0,0,-0.0097,-0.0039,-0.0793
0.2001,1.0353,1.2,-0.1197,-0.016,157.5323,-16.8662,0,0.2082,0.2082,0.0139,0,0,-0.0097,-0.0039,-0.0872
0.1788,1.0743,1.2,-0.1126,0.0041,157.6088,-16.9318,0,0.2104,0.2104,-0.0108,0,0,0.0025,0.001,-0.0936
0.1795,1.0743,1.2,-0.1054,0.0041,157.6881,-17.0033,0,0.2107,0.2107,-0.0189,0,0,0.0025,0.001,-0.1003
0.2,0.9985,1.2,-0.0983,0.0041,157.7725,-17.0835,0,0.2087,0.2087,-0.0253,0,0,0.0025,0.001,-0.1032
0.2002,1.058,1.2,-0.0912,0.0041,157.8472,-17.1585,0,0.2014,0.2014,-0.0378,0,0,0.0025,0.001,-0.1115
0.1025,1.1549,1.2,-0.084,0.0041,157.9292,-17.2333,0,0.2004,0.2004,-0.0448,0,0,0.0025,0.001,-0.1049
0.1837,1.0515,1.2,-0.0769,0.0041,158.0127,-17.305,0,0.2064,0.2064,-0.0463,0,0,0.0025,0.001,-0.0981
0.1474,1.099,1.2,-0.077,0.0013,158.0945,-17.384,0,0.2022,0.2022,-0.0434,0,0,0.0008,0.0003,-0.0918
0.1747,1.0892,1.2,-0.0758,0.0013,158.174,-17.4515,0,0.2082,0.2082,-0.0467,0,0,0.0008,0.0003,-0.0855
0.1174,1.1274,1.2,-0.0706,0.0013,158.2435,-17.5273,0,0.1992,0.1992,-0.0527,0,0,0.0008,0.0003,-0.0795
0.1896,1.0317,1.2,-0.0659,0.0013,158.3159,-17.6053,0,0.1949,0.1949,-0.0545,0,0,0.0008,0.0003,-0.0739
0.2,1.0214,1.2,-0.0588,0.0013,158.3905,-17.6836,0,0.1892,0.1892,-0.0603,0,0,0.0008,0.0003,-0.0737
0.1999,1.0554,1.2,-0.0516,0.0013,158.4732,-17.7575,0,0.1924,0.1924,-0.0642,0,0,0.0008,0.0003,-0.072
0.1804,1.0727,1.2,-0.0445,0.0013,158.5475,-17.8345,0,0.1877,0.1877,-0.0676,0,0,0.0008,0.0003,-0.0669
0.1643,1.0985,1.2,-0.0374,0.0121,158.6192,-17.9109,0,0.181,0.181,-0.0661,0,0,0.0073,0.0029,-0.0623
0.2001,1.06,1.2,-0.0302,0.0121,158.686,-17.9877,0,0.1733,0.1733,-0.0689,0,0,0.0073,0.0029,-0.0568
0.2,1.0392,1.2,-0.0231,0.0121,158.7534,-18.0705,0,0.162,0.162,-0.0705,0,0,0.0073,0.0029,-0.0487
0.2,1.0103,1.2,-0.0159,0.0121,158.8247,-18.1536,0,0.1546,0.1546,-0.0693,0,0,0.0073,0.0029,-0.0369
0.1986,1.0595,1.2,-0.0088,0.0121,158.9015,-18.2333,0,0.1499,0.1499,-0.0715,0,0,0.0073,0.0029,-0.0298
0.1667,1.0856,1.2,-0.0017,0.0121,158.9775,-18.3137,0,0.1456,0.1456,-0.0722,0,0,0.0073,0.0029,-0.0235
0.1748,1.0968,1.2,0.0017,0.0243,159.0518,-18.3969,0,0.1392,0.1392,-0.0624,0,0,0.0146,0.0058,-0.0165
0.172,1.0962,1.2,0.003,0.0243,159.1289,-18.4828,0,0.1349,0.1349,-0.0609,0,0,0.0146,0.0058,-0.0093
0.1381,1.1058,1.2,0.0101,0.0243,159.2023,-18.5753,0,0.1232,0.1232,-0.059,0,0,0.0146,0.0058,-0.0026
0.1081,1.1446,1.2,0.0084,0.0243,159.2777,-18.6592,0,0.1179,0.1179,-0.0574,0,0,0.0146,0.0058,0.0042
0.0587,1.1712,1.2,0.0149,0.0243,159.3511,-18.7397,0,0.1137,0.1137,-0.057,0,0,0.0146,0.0058,0.0068
0.1506,1.1183,1.2,0.0078,0.0243,159.4308,-18.8149,0,0.1201,0.1201,-0.0565,0,0,0.0146,0.0058,0.0081
0.1943,1.0792,1.2,0.0149,0.0389,159.5119,-18.8945,0,0.1243,0.1243,-0.0642,0,0,0.0234,0.0094,0.0128
0.1618,1.0869,1.2,0.0221,0.0389,159.5956,-18.973,0,0.1284,0.1284,-0.0642,0,0,0.0234,0.0094,0.012
0.1147,1.1269,1.2,0.0289,0.0389,159.6707,-19.0495,0,0.1273,0.1273,-0.062,0,0,0.0234,0.0094,0.0166
0.0929,1.1382,1.2,0.0342,0.0389,159.7508,-19.1281,0,0.1287,0.1287,-0.0627,0,0,0.0234,0.0094,0.0118
0.2002,1.0628,1.2,0.0271,0.0389,159.8244,-19.2146,0,0.1235,0.1235,-0.0601,0,0,0.0234,0.0094,0.0174
0.1462,1.1136,1.2,0.0256,0.0389,159.9052,-19.2979,0,0.1221,0.1221,-0.0568,0,0,0.0234,0.0094,0.022
0.1127,1.1255,1.2,0.0327,0.0471,159.984,-19.3788,0,0.1224,0.1224,-0.0666,0,0,0.0284,0.0113,0.0279
0.0795,1.1512,1.2,0.0393,0.0471,160.0663,-19.4528,0,0.128,0.128,-0.0626,0,0,0.0284,0.0113,0.0343
0.1347,1.12,1.2,0.0359,0.0471,160.1454,-19.5337,0,0.1271,0.1271,-0.0633,0,0,0.0284,0.0113,0.0278
0.1824,1.0983,1.2,0.0362,0.0471,160.224,-19.6164,0,0.1242,0.1242,-0.0629,0,0,0.0284,0.0113,0.0264
0.1277,1.1221,1.2,0.0421,0.0471,160.2966,-19.7032,0,0.1143,0.1143,-0.0584,0,0,0.0284,0.0113,0.0325
0.1773,1.1317,1.2,0.035,0.0471,160.3768,-19.7754,0,0.1204,0.1204,-0.0543,0,0,0.0284,0.0113,0.0383
0.1396,1.1214,1.2,0.0281,0.0471,160.4542,-19.848,0,0.1239,0.1239,-0.0533,0,0,0.0284,0.0113,0.0361
0.1996,1.0711,1.2,0.0275,0.0546,160.5276,-19.9277,0,0.1211,0.1211,-0.045,0,0,0.0329,0.0132,0.0365
0.2003,1.0535,1.2,0.0204,0.0546,160.6104,-20.0051,0,0.1267,0.1267,-0.0414,0,0,0.0329,0.0132,0.042
0.1995,1.0741,1.2,0.0133,0.0546,160.6963,-20.0876,0,0.1291,0.1291,-0.0409,0,0,0.0329,0.0132,0.0357
0.2,1.1248,1.2,0.0062,0.0546,160.7811,-20.168,0,0.1315,0.1315,-0.0405,0,0,0.0329,0.0132,0.0291
0.1106,1.1819,1.2,-0.0008,0.0546,160.8687,-20.245,0,0.1385,0.1385,-0.0386,0,0,0.0329,0.0132,0.0282
0.0705,1.1597,1.2,-0.0034,0.0546,160.9497,-20.3234,0,0.1405,0.1405,-0.0399,0,0,0.0329,0.0132,0.0223
0.061,1.157,1.2,0.0038,0.0755,161.0275,-20.3921,0,0.1446,0.1446,-0.0587,0,0,0.0456,0.0182,0.0164
0.0946,1.1181,1.2,0.0109,0.0755,161.105,-20.476,0,0.1382,0.1382,-0.0612,0,0,0.0456,0.0182,0.0114
0.193,1.0289,1.2,0.0181,0.0755,161.1791,-20.5605,0,0.1306,0.1306,-0.0644,0,0,0.0456,0.0182,0.005
0.118,1.1322,1.2,0.0252,0.0755,161.2525,-20.635,0,0.1242,0.1242,-0.0655,0,0,0.0456,0.0182,0.0016
0.1204,1.1146,1.2,0.0323,0.0755,161.3305,-20.7038,0,0.1297,0.1297,-0.0641,0,0,0.0456,0.0182,0.0063
0.1876,1.0367,1.2,0.0394,0.0755,161.4097,-20.7801,0,0.1332,0.1332,-0.0616,0,0,0.0456,0.0182,0.0115
0.2,1.0314,1.2,0.0466,0.0755,161.4845,-20.8573,0,0.1305,0.1305,-0.0589,0,0,0.0456,0.0182,0.017
0.1619,1.0905,1.2,0.0537,0.087,161.5659,-20.9319,0,0.1292,0.1292,-0.0864,0,0,0.0526,0.021,0.0234
0.1994,1.0657,1.2,0.0608,0.087,161.6433,-21.0062,0,0.1292,0.1292,-0.0813,0,0,0.0526,0.021,0.0309
0.1562,1.0959,1.2,0.068,0.087,161.7184,-21.0793,0,0.126,0.126,-0.0762,0,0,0.0526,0.021,0.0386
0.2004,1.0647,1.2,0.0751,0.087,161.7963,-21.1581,0,0.1231,0.1231,-0.0716,0,0,0.0526,0.021,0.045
0.2,1.0387,1.2,0.0822,0.087,161.873,-21.2324,0,0.1227,0.1227,-0.0663,0,0,0.0526,0.021,0.0515
0.1597,1.1002,1.2,0.0812,0.087,161.9542,-21.3081,0,0.1215,0.1215,-0.0586,0,0,0.0526,0.021,0.0641
0.1999,1.0599,1.2,0.0883,0.0923,162.0318,-21.3833,0,0.1193,0.1193,-0.0871,0,0,0.0557,0.0223,0.0708
0.1607,1.1014,1.2,0.0955,0.0923,162.1094,-21.4627,0,0.1098,0.1098,-0.0803,0,0,0.0557,0.0223,0.0749
0.2003,1.0725,1.2,0.1026,0.0923,162.1916,-21.5383,0,0.1089,0.1089,-0.0748,0,0,0.0557,0.0223,0.0823
0.1535,1.1013,1.2,0.1062,0.0923,162.2854,-21.6123,0,0.1169,0.1169,-0.0644,0,0,0.0557,0.0223,0.0841
0.1999,1.1081,1.2,0.0992,0.0923,162.3817,-21.6809,0,0.1304,0.1304,-0.0561,0,0,0.0557,0.0223,0.0898
0.0659,1.1915,1.2,0.1017,0.0975,162.4639,-21.7464,0,0.1331,0.1331,-0.0733,0,0,0.0589,0.0236,0.0963
0.0435,1.1774,1.2,0.104,0.0975,162.5434,-21.8182,0,0.1307,0.1307,-0.067,0,0,0.0589,0.0236,0.1026
0.2,1.0437,1.2,0.0969,0.0975,162.6264,-21.891,0,0.1339,0.1339,-0.0642,0,0,0.0589,0.0236,0.107
0.2002,1.0634,1.2,0.0899,0.0975,162.7215,-21.9586,0,0.1466,0.1466,-0.0521,0,0,0.0589,0.0236,0.1018
0.1998,1.0969,1.2,0.0831,0.0975,162.8086,-22.0247,0,0.1496,0.1496,-0.0495,0,0,0.0589,0.0236,0.1028
0.0934,1.1682,1.2,0.076,0.0975,162.8937,-22.0923,0,0.1511,0.1511,-0.0426,0,0,0.0589,0.0236,0.1045
0.1845,1.0851,1.2,0.0688,0.0975,162.9784,-22.1668,0,0.1503,0.1503,-0.0415,0,0,0.0589,0.0236,0.1006
0.1706,1.0797,1.2,0.076,0.1068,163.0687,-22.2317,0,0.1588,0.1588,-0.0929,0,0,0.0646,0.0258,0.095
0.1248,1.1188,1.2,0.0831,0.1068,163.1553,-22.3031,0,0.1494,0.1494,-0.0925,0,0,0.0646,0.0258,0.0878
0.1276,1.1088,1.2,0.0903,0.1068,163.2351,-22.3683,0,0.1443,0.1443,-0.0916,0,0,0.0646,0.0258,0.0821
0.1203,1.113,1.2,0.0974,0.1068,163.3242,-22.4211,0,0.1566,0.1566,-0.086,0,0,0.0646,0.0258,0.0743
0.2001,1.023,1.2,0.1045,0.1068,163.4032,-22.4823,0,0.1575,0.1575,-0.0858,0,0,0.0646,0.0258,0.0768
0.1999,1.036,1.2,0.1116,0.1068,163.4908,-22.5506,0,0.1549,0.1549,-0.0793,0,0,0.0646,0.0258,0.0823
0.2,0.9911,1.2,0.1045,0.1068,163.5869,-22.6153,0,0.1648,0.1648,-0.0692,0,0,0.0646,0.0258,0.0891
0.1996,1.103,1.2,0.0974,0.099,163.6729,-22.6718,0,0.1663,0.1663,-0.0688,0,0,0.0599,0.0239,0.0955
0.1811,1.1554,1.2,0.0902,0.099,163.7594,-22.7335,0,0.1668,0.1668,-0.0611,0,0,0.0599,0.0239,0.1004
0.2,1.0211,1.2,0.0831,0.099,163.8735,-22.7925,0,0.196,0.196,-0.0488,0,0,0.0599,0.0239,0.1086
0.1999,1.056,1.2,0.076,0.099,163.9605,-22.8594,0,0.1907,0.1907,-0.0471,0,0,0.0599,0.0239,0.1085
-0.0002,1.2906,1.2,0.0688,0.099,164.0459,-22.922,0,0.1843,0.1843,-0.0392,0,0,0.0599,0.0239,0.1023
0.1999,1.088,1.2,0.0617,0.099,164.134,-22.9875,0,0.1874,0.1874,-0.0433,0,0,0.0599,0.0239,0.0958
0.2002,1.0506,1.2,0.0688,0.1184,164.2206,-23.0436,0,0.1914,0.1914,-0.1041,0,0,0.0716,0.0287,0.0889
0.1617,1.0906,1.2,0.076,0.1184,164.3107,-23.0969,0,0.1925,0.1925,-0.1015,0,0,0.0716,0.0287,0.0826
0.2,1.0248,1.2,0.0831,0.1184,164.3971,-23.1498,0,0.1972,0.1972,-0.1015,0,0,0.0716,0.0287,0.0755
0.2001,1.0409,1.2,0.0902,0.1184,164.5017,-23.2065,0,0.2072,0.2072,-0.0933,0,0,0.0716,0.0287,0.0701
0.2,1.0068,1.2,0.0973,0.1184,164.5849,-23.2597,0,0.2073,0.2073,-0.0937,0,0,0.0716,0.0287,0.0686
0.0636,1.1894,1.2,0.0984,0.1184,164.6671,-23.3182,0,0.1944,0.1944,-0.0846,0,0,0.0716,0.0287,0.0758
0.2,0.9789,1.2,0.0939,0.1184,164.7524,-23.3774,0,0.2001,0.2001,-0.0834,0,0,0.0716,0.0287,0.0821
0.2,1.0012,1.2,0.0956,0.1119,164.8363,-23.4328,0,0.1966,0.1966,-0.12,0,0,0.0677,0.0271,0.0888
0.2,1.0307,1.2,0.1027,0.1119,164.9282,-23.4841,0,0.1973,0.1973,-0.1125,0,0,0.0677,0.0271,0.0966
0.2,0.999,1.2,0.1099,0.1119,165.0167,-23.5316,0,0.2059,0.2059,-0.1019,0,0,0.0677,0.0271,0.0999
0.2003,1.0469,1.2,0.1122,0.1119,165.1043,-23.5829,0,0.2019,0.2019,-0.099,0,0,0.0677,0.0271,0.097
0.2,1.0051,1.2,0.1128,0.1119,165.1884,-23.6279,0,0.2075,0.2075,-0.0961,0,0,0.0677,0.0271,0.097
0.2,1.0081,1.2,0.1058,0.1119,165.2716,-23.6765,0,0.2078,0.2078,-0.0902,0,0,0.0677,0.0271,0.1006
0.2,0.9485,1.2,0.0986,0.1119,165.355,-23.7235,0,0.2124,0.2124,-0.0856,0,0,0.0677,0.0271,0.1061
0.2,0.9579,1.2,0.1058,0.113,165.4427,-23.7783,0,0.2073,0.2073,-0.1338,0,0,0.0684,0.0273,0.1115
0.2,0.9519,1.2,0.1129,0.113,165.5645,-23.8374,0,0.2156,0.2156,-0.1164,0,0,0.0684,0.0273,0.1131
0.2,1.0282,1.2,0.1201,0.113,165.6573,-23.8862,0,0.2069,0.2069,-0.1152,0,0,0.0684,0.0273,0.1127
0.0002,1.3572,1.2,0.1272,0.113,165.7481,-23.9327,0,0.1876,0.1876,-0.1033,0,0,0.0684,0.0273,0.1073
0.1577,1.039,1.2,0.1343,0.113,165.8451,-23.9855,0,0.2015,0.2015,-0.1103,0,0,0.0684,0.0273,0.1025
0.2,1.013,1.2,0.1306,0.113,165.9369,-24.0322,0,0.2043,0.2043,-0.103,0,0,0.0684,0.0273,0.1098
0.1542,1.0979,1.2,0.1342,0.1089,166.0301,-24.0764,0,0.2035,0.2035,-0.1379,0,0,0.0659,0.0263,0.1163
0.2,1.0253,1.2,0.1414,0.1089,166.1268,-24.1281,0,0.2008,0.2008,-0.1345,0,0,0.0659,0.0263,0.1215
0.2,1.0325,1.2,0.1485,0.1089,166.2228,-24.1707,0,0.202,0.202,-0.1258,0,0,0.0659,0.0263,0.128
0.2001,1.0894,1.2,0.1417,0.1089,166.3205,-24.214,0,0.2039,0.2039,-0.1094,0,0,0.0659,0.0263,0.1291
0.2001,1.0462,1.2,0.1351,0.1089,166.421,-24.2591,0,0.2058,0.2058,-0.1067,0,0,0.0659,0.0263,0.1293
0.1996,1.0716,1.2,0.1288,0.1089,166.5113,-24.2937,0,0.215,0.215,-0.0907,0,0,0.0659,0.0263,0.1347
0.1577,1.0944,1.2,0.1336,0.1062,166.6046,-24.3362,0,0.2124,0.2124,-0.1311,0,0,0.0642,0.0257,0.1443
0.2,0.9726,1.2,0.1407,0.1062,166.697,-24.3686,0,0.2244,0.2244,-0.1312,0,0,0.0642,0.0257,0.1417
0.2,1.0192,1.2,0.1445,0.1062,166.7828,-24.4069,0,0.2205,0.2205,-0.1189,0,0,0.0642,0.0257,0.1335
0.2,0.976,1.2,0.1499,0.1062,166.8755,-24.4524,0,0.2134,0.2134,-0.1185,0,0,0.0642,0.0257,0.1281
0.2,0.9403,1.2,0.1428,0.1062,166.9732,-24.489,0,0.2225,0.2225,-0.102,0,0,0.0642,0.0257,0.1324
0.2,1.0249,1.2,0.1357,0.1062,167.071,-24.5325,0,0.2123,0.2123,-0.0948,0,0,0.0642,0.0257,0.1377
0.2,1.0483,1.2,0.1285,0.1062,167.1561,-24.5739,0,0.2048,0.2048,-0.0864,0,0,0.0642,0.0257,0.1425
0.1999,1.0628,1.2,0.1344,0.1048,167.2475,-24.6182,0,0.1963,0.1963,-0.129,0,0,0.0634,0.0253,0.1474
0.2,1.0081,1.2,0.1368,0.1048,167.3634,-24.6555,0,0.2092,0.2092,-0.1101,0,0,0.0634,0.0253,0.1411
0.2,1.0081,1.2,0.1328,0.1048,167.4787,-24.6867,0,0.2145,0.2145,-0.1081,0,0,0.0634,0.0253,0.1353
0.0292,1.2297,1.2,0.1257,0.1048,167.575,-24.7134,0,0.2094,0.2094,-0.0943,0,0,0.0634,0.0253,0.1283
0.0232,1.1879,1.2,0.1186,0.1048,167.6604,-24.7508,0,0.2025,0.2025,-0.0919,0,0,0.0634,0.0253,0.1327
0.2004,0.9981,1.2,0.1116,0.1048,167.7774,-24.7799,0,0.2257,0.2257,-0.0835,0,0,0.0634,0.0253,0.1351
0.2,0.925,1.2,0.1045,0.1048,167.8817,-24.8035,0,0.237,0.237,-0.086,0,0,0.0634,0.0253,0.1344
0.0669,1.2112,1.2,0.0973,0.0997,167.9858,-24.835,0,0.2248,0.2248,-0.0869,0,0,0.0603,0.0241,0.1253
0.2,1.0611,1.2,0.0902,0.0997,168.0859,-24.8581,0,0.2421,0.2421,-0.0845,0,0,0.0603,0.0241,0.1193
0.1937,1.0807,1.2,0.0831,0.0997,168.1857,-24.8872,0,0.2425,0.2425,-0.0824,0,0,0.0603,0.0241,0.114
0.2001,1.0288,1.2,0.076,0.0997,168.2897,-24.9214,0,0.2422,0.2422,-0.0827,0,0,0.0603,0.0241,0.1081
0.1999,1.0323,1.2,0.0689,0.0997,168.3853,-24.9614,0,0.2322,0.2322,-0.0802,0,0,0.0603,0.0241,0.1011
0.1694,1.0868,1.2,0.0619,0.0997,168.4985,-24.9974,0,0.2321,0.2321,-0.0706,0,0,0.0603,0.0241,0.095
0.2003,1.0282,1.2,0.069,0.1148,168.599,-25.0328,0,0.2267,0.2267,-0.1092,0,0,0.0695,0.0278,0.0881
0.0706,1.1825,1.2,0.0762,0.1148,168.6981,-25.0581,0,0.219,0.219,-0.105,0,0,0.0695,0.0278,0.0811
0.1864,1.0566,1.2,0.0833,0.1148,168.8055,-25.0989,0,0.2135,0.2135,-0.1076,0,0,0.0695,0.0278,0.0738
0.2001,1.016,1.2,0.0904,0.1148,168.9135,-25.1287,0,0.2175,0.2175,-0.1011,0,0,0.0695,0.0278,0.0679
0.1161,1.1403,1.2,0.0974,0.1148,169.0238,-25.1621,0,0.2072,0.2072,-0.0958,0,0,0.0695,0.0278,0.0728
0.1425,1.1162,1.2,0.0952,0.1148,169.1328,-25.1899,0,0.2104,0.2104,-0.0912,0,0,0.0695,0.0278,0.0785
0.094,1.143,1.2,0.1023,0.1186,169.2373,-25.2239,0,0.1996,0.1996,-0.156,0,0,0.0718,0.0287,0.0871
0.1052,1.1174,1.2,0.1094,0.1186,169.3466,-25.2564,0,0.1918,0.1918,-0.1498,0,0,0.0718,0.0287,0.0935
0.1813,1.091,1.2,0.1166,0.1186,169.4507,-25.2873,0,0.1847,0.1847,-0.1436,0,0,0.0718,0.0287,0.0997
0.1213,1.1316,1.2,0.1237,0.1186,169.5633,-25.3164,0,0.1798,0.1798,-0.1301,0,0,0.0718,0.0287,0.0986
0.1933,1.0789,1.2,0.1309,0.1186,169.6728,-25.3461,0,0.1747,0.1747,-0.1276,0,0,0.0718,0.0287,0.1038
0.0994,1.1605,1.2,0.138,0.1186,169.7775,-25.3757,0,0.1621,0.1621,-0.1181,0,0,0.0718,0.0287,0.1096
0.0972,1.1259,1.2,0.1311,0.1019,169.8809,-25.3992,0,0.1598,0.1598,-0.1699,0,0,0.0616,0.0246,0.1158
0.2002,1.0805,1.2,0.1383,0.1019,169.9869,-25.4147,0,0.1684,0.1684,-0.1557,0,0,0.0616,0.0246,0.1219
0.2,1.055,1.2,0.1454,0.1019,170.0923,-25.4391,0,0.1608,0.1608,-0.1509,0,0,0.0616,0.0246,0.1294
0.1771,1.0759,1.2,0.1525,0.1019,170.1915,-25.4611,0,0.1571,0.1571,-0.1337,0,0,0.0616,0.0246,0.1353
0.18,1.0738,1.2,0.1597,0.1019,170.3134,-25.4802,0,0.1569,0.1569,-0.1264,0,0,0.0616,0.0246,0.1298
0.2001,1.0162,1.2,0.1668,0.1019,170.425,-25.4992,0,0.1561,0.1561,-0.1249,0,0,0.0616,0.0246,0.1344
0.022,1.2297,1.2,0.1632,0.0893,170.5335,-25.5176,0,0.1446,0.1446,-0.132,0,0,0.054,0.0216,0.1412
0.1457,1.1244,1.2,0.1703,0.0893,170.6372,-25.5348,0,0.1468,0.1468,-0.1287,0,0,0.054,0.0216,0.1489
0.1556,1.1006,1.2,0.1763,0.0893,170.7449,-25.5513,0,0.1505,0.1505,-0.1112,0,0,0.054,0.0216,0.155
0.2,1.0447,1.2,0.1693,0.0893,170.852,-25.5606,0,0.1617,0.1617,-0.0959,0,0,0.054,0.0216,0.1657
0.1751,1.0918,1.2,0.1622,0.0893,170.9608,-25.5784,0,0.1537,0.1537,-0.0893,0,0,0.054,0.0216,0.1601
0.189,1.0791,1.2,0.155,0.0893,171.0635,-25.5945,0,0.1568,0.1568,-0.0695,0,0,0.054,0.0216,0.1707
0.1512,1.0964,1.2,0.1479,0.0893,171.1619,-25.6056,0,0.1617,0.1617,-0.0524,0,0,0.054,0.0216,0.1767
0.2001,1.0389,1.2,0.1408,0.0892,171.2798,-25.6056,0,0.1763,0.1763,-0.1071,0,0,0.0539,0.0215,0.1722
0.2,0.9905,1.2,0.1361,0.0892,171.3998,-25.6077,0,0.184,0.184,-0.1023,0,0,0.0539,0.0215,0.1587
0.0712,1.1821,1.2,0.1289,0.0892,171.5085,-25.6107,0,0.1803,0.1803,-0.0832,0,0,0.0539,0.0215,0.1535
0.0231,1.2002,1.2,0.1218,0.0892,171.6253,-25.6116,0,0.1869,0.1869,-0.074,0,0,0.0539,0.0215,0.1458
0.1612,1.088,1.2,0.1147,0.0892,171.7346,-25.6177,0,0.1892,0.1892,-0.0767,0,0,0.0539,0.0215,0.1393
0.0752,1.1672,1.2,0.1075,0.0892,171.8466,-25.6193,0,0.1936,0.1936,-0.0628,0,0,0.0539,0.0215,0.1349
0.18,1.0878,1.2,0.1004,0.0721,171.9567,-25.6177,0,0.1994,0.1994,-0.1057,0,0,0.0435,0.0174,0.1283
0.1999,1.12,1.2,0.0933,0.0721,172.0698,-25.6152,0,0.2049,0.2049,-0.0925,0,0,0.0435,0.0174,0.1231
0.1999,1.0945,1.2,0.0866,0.0721,172.1794,-25.6188,0,0.2022,0.2022,-0.0905,0,0,0.0435,0.0174,0.1177
0.1999,1.134,1.2,0.0799,0.0721,172.2898,-25.6228,0,0.1966,0.1966,-0.0859,0,0,0.0435,0.0174,0.1113
0.2,1.0887,1.2,0.0733,0.0721,172.395,-25.6235,0,0.1987,0.1987,-0.0828,0,0,0.0435,0.0174,0.105
0.1999,1.0976,1.2,0.0667,0.0721,172.5081,-25.6166,0,0.2055,0.2055,-0.0787,0,0,0.0435,0.0174,0.099
0.2,1.0469,1.2,0.0671,0.0642,172.6183,-25.6172,0,0.206,0.206,-0.1179,0,0,0.0387,0.0155,0.0921
0.1235,1.1284,1.2,0.0742,0.0642,172.7291,-25.615,0,0.2015,0.2015,-0.108,0,0,0.0387,0.0155,0.086
0.1769,1.0943,1.2,0.0813,0.0642,172.8395,-25.6192,0,0.1934,0.1934,-0.108,0,0,0.0387,0.0155,0.08
0.1398,1.1051,1.2,0.0885,0.0642,172.9477,-25.6266,0,0.1804,0.1804,-0.1058,0,0,0.0387,0.0155,0.0739
0.1763,1.0955,1.2,0.0876,0.0642,173.0562,-25.6255,0,0.1782,0.1782,-0.101,0,0,0.0387,0.0155,0.0722
0.1992,1.0756,1.2,0.0804,0.0642,173.1599,-25.6212,0,0.1808,0.1808,-0.0939,0,0,0.0387,0.0155,0.0758
0.1999,1.0785,1.2,0.0734,0.0642,173.2607,-25.6212,0,0.178,0.178,-0.0858,0,0,0.0387,0.0155,0.0837
0.2,1.0329,1.2,0.0719,0.0577,173.363,-25.6191,0,0.1786,0.1786,-0.0883,0,0,0.0348,0.0139,0.0889
0.2,1.0008,1.2,0.07,0.0577,173.4578,-25.6203,0,0.1749,0.1749,-0.0834,0,0,0.0348,0.0139,0.0909
0.2,1.0175,1.2,0.0637,0.0577,173.5583,-25.6113,0,0.1784,0.1784,-0.0791,0,0,0.0348,0.0139,0.0853
0.2,0.9412,1.2,0.0565,0.0577,173.6616,-25.601,0,0.1867,0.1867,-0.0772,0,0,0.0348,0.0139,0.0788
0.2,1.0037,1.2,0.0494,0.0577,173.7689,-25.5939,0,0.1861,0.1861,-0.0716,0,0,0.0348,0.0139,0.0769
0.1997,1.0333,1.2,0.0422,0.0577,173.8674,-25.5888,0,0.1852,0.1852,-0.0671,0,0,0.0348,0.0139,0.0751
0.1992,1.0694,1.2,0.0351,0.0577,173.9622,-25.5844,0,0.1834,0.1834,-0.064,0,0,0.0348,0.0139,0.0702
0.2,0.9789,1.2,0.0422,0.0672,174.0597,-25.5774,0,0.1856,0.1856,-0.1155,0,0,0.0405,0.0162,0.0641
0.2,0.9424,1.2,0.0494,0.0672,174.1658,-25.5755,0,0.178,0.178,-0.1155,0,0,0.0405,0.0162,0.0511
0.2,0.9709,1.2,0.0564,0.0672,174.277,-25.568,0,0.1714,0.1714,-0.1133,0,0,0.0405,0.0162,0.0464
0.2,1.053,1.2,0.0636,0.0672,174.3832,-25.5694,0,0.1546,0.1546,-0.1094,0,0,0.0405,0.0162,0.0392
0.1461,1.1059,1.2,0.0707,0.0672,174.4852,-25.5713,0,0.1388,0.1388,-0.1064,0,0,0.0405,0.0162,0.0396
0.2001,1.0533,1.2,0.0779,0.0672,174.59,-25.5628,0,0.1398,0.1398,-0.1009,0,0,0.0405,0.0162,0.0486
0.2,1.0111,1.2,0.0758,0.0563,174.7087,-25.5571,0,0.136,0.136,-0.118,0,0,0.034,0.0136,0.0552
0.2,1.0445,1.2,0.0829,0.0563,174.8104,-25.5519,0,0.1279,0.1279,-0.1091,0,0,0.034,0.0136,0.0666
0.0795,1.1797,1.2,0.09,0.0563,174.9169,-25.5469,0,0.1141,0.1141,-0.0986,0,0,0.034,0.0136,0.0725
0.2,1.0107,1.2,0.0971,0.0563,175.0287,-25.5398,0,0.1165,0.1165,-0.095,0,0,0.034,0.0136,0.0796
0.2003,1.0583,1.2,0.1042,0.0563,175.1391,-25.53,0,0.111,0.111,-0.0882,0,0,0.034,0.0136,0.0791
0.153,1.1118,1.2,0.1097,0.0563,175.2446,-25.5171,0,0.1097,0.1097,-0.0802,0,0,0.034,0.0136,0.0809
0.1913,1.1013,1.2,0.1026,0.0563,175.3469,-25.5061,0,0.1107,0.1107,-0.0709,0,0,0.034,0.0136,0.088
0.1998,1.0565,1.2,0.1076,0.0582,175.4536,-25.4959,0,0.11,0.11,-0.0794,0,0,0.0351,0.014,0.0948
0.2,1.0226,1.2,0.1035,0.0582,175.5636,-25.482,0,0.112,0.112,-0.0705,0,0,0.0351,0.014,0.0998
0.1994,1.0657,1.2,0.0964,0.0582,175.67,-25.4676,0,0.112,0.112,-0.0596,0,0,0.0351,0.014,0.1077
0.1527,1.1028,1.2,0.0893,0.0582,175.7736,-25.4513,0,0.1146,0.1146,-0.05,0,0,0.0351,0.014,0.11
0.2001,1.067,1.2,0.0822,0.0582,175.8732,-25.4344,0,0.1196,0.1196,-0.0454,0,0,0.0351,0.014,0.1046
0.2,1.044,1.2,0.0751,0.0582,175.9718,-25.4223,0,0.1198,0.1198,-0.039,0,0,0.0351,0.014,0.1071
0.2,1.0056,1.2,0.068,0.0582,176.0647,-25.4135,0,0.1171,0.1171,-0.0349,0,0,0.0351,0.014,0.1032
0.2,0.9869,1.2,0.0663,0.0647,176.1656,-25.3959,0,0.1204,0.1204,-0.0396,0,0,0.039,0.0156,0.097
0.2,0.9259,1.2,0.0592,0.0647,176.2699,-25.3775,0,0.1237,0.1237,-0.0389,0,0,0.039,0.0156,0.09
0.2,1.0182,1.2,0.0521,0.0647,176.3749,-25.366,0,0.118,0.118,-0.0324,0,0,0.039,0.0156,0.0833
0.2003,1.0511,1.2,0.045,0.0647,176.4768,-25.3523,0,0.1156,0.1156,-0.0291,0,0,0.039,0.0156,0.0765
0.1998,1.0479,1.2,0.038,0.0647,176.5852,-25.3387,0,0.1127,0.1127,-0.0262,0,0,0.039,0.0156,0.072
0.2,1.0199,1.2,0.0309,0.0647,176.6917,-25.3218,0,0.1132,0.1132,-0.0242,0,0,0.039,0.0156,0.0699
0.169,1.0836,1.2,0.038,0.0765,176.7945,-25.3014,0,0.1143,0.1143,-0.0588,0,0,0.0462,0.0185,0.0572
0.1999,1.0705,1.2,0.0451,0.0765,176.9021,-25.2932,0,0.1025,0.1025,-0.0566,0,0,0.0462,0.0185,0.0512
0.2,1.04,1.2,0.0523,0.0765,177.0122,-25.274,0,0.1002,0.1002,-0.0569,0,0,0.0462,0.0185,0.0444
0.184,1.0694,1.2,0.0594,0.0765,177.1118,-25.2514,0,0.1002,0.1002,-0.0594,0,0,0.0462,0.0185,0.0353
0.1479,1.1089,1.2,0.0665,0.0765,177.2196,-25.2295,0,0.1011,0.1011,-0.0545,0,0,0.0462,0.0185,0.0335
0.2,1.0126,1.2,0.0715,0.0765,177.3243,-25.2096,0,0.1043,0.1043,-0.0493,0,0,0.0462,0.0185,0.0401
0.1748,1.092,1.2,0.0761,0.0768,177.4325,-25.1919,0,0.0999,0.0999,-0.0557,0,0,0.0464,0.0186,0.047
0.2002,1.058,1.2,0.0774,0.0768,177.5381,-25.1801,0,0.0922,0.0922,-0.0498,0,0,0.0464,0.0186,0.0536
0.2,1.0876,1.2,0.0702,0.0768,177.637,-25.1657,0,0.0876,0.0876,-0.0406,0,0,0.0464,0.0186,0.0655
0.2005,1.0532,1.2,0.0631,0.0768,177.7378,-25.1451,0,0.089,0.089,-0.0354,0,0,0.0464,0.0186,0.0719
0.2,0.9906,1.2,0.0641,0.0768,177.841,-25.1286,0,0.0864,0.0864,-0.0305,0,0,0.0464,0.0186,0.0764
0.2,1.0203,1.2,0.0594,0.0768,177.9468,-25.1063,0,0.0871,0.0871,-0.0246,0,0,0.0464,0.0186,0.079
0.1998,1.0369,1.2,0.0525,0.0768,178.0495,-25.0909,0,0.0818,0.0818,-0.0202,0,0,0.0464,0.0186,0.077
0.1804,1.0728,1.2,0.0596,0.0897,178.1601,-25.0662,0,0.0816,0.0816,-0.0482,0,0,0.0542,0.0217,0.0706
0.2001,1.0296,1.2,0.0668,0.0897,178.2647,-25.0443,0,0.0798,0.0798,-0.0459,0,0,0.0542,0.0217,0.0679
0.1328,1.1242,1.2,0.0737,0.0897,178.3778,-25.013,0,0.0815,0.0815,-0.0422,0,0,0.0542,0.0217,0.0617
0.1994,1.0611,1.2,0.073,0.0897,178.4727,-24.9812,0,0.0897,0.0897,-0.0454,0,0,0.0542,0.0217,0.0538
0.0925,1.1644,1.2,0.0699,0.0897,178.5841,-24.9534,0,0.0906,0.0906,-0.0371,0,0,0.0542,0.0217,0.0543
0.2,0.9933,1.2,0.0628,0.0897,178.6887,-24.9403,0,0.0847,0.0847,-0.0299,0,0,0.0542,0.0217,0.0653
0.1124,1.1397,1.2,0.0699,0.097,178.8029,-24.921,0,0.0743,0.0743,-0.0726,0,0,0.0586,0.0234,0.074
0.1972,1.0442,1.2,0.077,0.097,178.9049,-24.8872,0,0.0826,0.0826,-0.0687,0,0,0.0586,0.0234,0.0751
0.1102,1.1472,1.2,0.0842,0.097,179.008,-24.8559,0,0.0803,0.0803,-0.0631,0,0,0.0586,0.0234,0.0727
0.1989,1.069,1.2,0.0913,0.097,179.1176,-24.8229,0,0.0836,0.0836,-0.0622,0,0,0.0586,0.0234,0.0657
0.1995,1.0699,1.2,0.0984,0.097,179.2297,-24.7953,0,0.0797,0.0797,-0.0551,0,0,0.0586,0.0234,0.0708
0.1187,1.1371,1.2,0.1055,0.097,179.3434,-24.7737,0,0.0679,0.0679,-0.0466,0,0,0.0586,0.0234,0.0778
0.0858,1.1459,1.2,0.1109,0.0948,179.4508,-24.7487,0,0.063,0.063,-0.0659,0,0,0.0573,0.0229,0.0847
0.0787,1.1462,1.2,0.118,0.0948,179.5628,-24.7197,0,0.0585,0.0585,-0.0568,0,0,0.0573,0.0229,0.0917
0.1998,1.0941,1.2,0.1133,0.0948,179.6678,-24.6856,0,0.0623,0.0623,-0.0492,0,0,0.0573,0.0229,0.0982
0.1981,1.1477,1.2,0.1063,0.0948,179.7741,-24.6494,0,0.0654,0.0654,-0.0384,0,0,0.0573,0.0229,0.1039
0.2001,1.1161,1.2,0.0992,0.0948,179.8827,-24.6193,0,0.0637,0.0637,-0.0303,0,0,0.0573,0.0229,0.1094
0.2,1.1161,1.2,0.0922,0.0948,179.9887,-24.5829,0,0.0684,0.0684,-0.0208,0,0,0.0573,0.0229,0.1147
0.1772,1.1181,1.2,0.0852,0.0948,180.0975,-24.5473,0,0.0699,0.0699,-0.0154,0,0,0.0573,0.0229,0.1121
0.13,1.1151,1.2,0.0923,0.1068,180.2053,-24.5056,0,0.0728,0.0728,-0.0536,0,0,0.0646,0.0258,0.1076
0.0983,1.1368,1.2,0.0994,0.1068,180.3168,-24.4611,0,0.0756,0.0756,-0.0497,0,0,0.0646,0.0258,0.0989
0.0791,1.1489,1.2,0.1066,0.1068,180.4262,-24.4247,0,0.0716,0.0716,-0.0464,0,0,0.0646,0.0258,0.0928
0.032,1.1929,1.2,0.1137,0.1068,180.5313,-24.392,0,0.0655,0.0655,-0.0414,0,0,0.0646,0.0258,0.087
0.1059,1.1442,1.2,0.1066,0.1068,180.6324,-24.3578,0,0.0649,0.0649,-0.0357,0,0,0.0646,0.0258,0.0928
0.2,1.092,1.2,0.0994,0.1068,180.7402,-24.3247,0,0.0614,0.0614,-0.0285,0,0,0.0646,0.0258,0.1005
0.1997,1.0584,1.2,0.1066,0.1149,180.8449,-24.2843,0,0.0645,0.0645,-0.0423,0,0,0.0695,0.0278,0.1063
0.1402,1.118,1.2,0.1097,0.1149,180.9493,-24.2431,0,0.0653,0.0653,-0.0317,0,0,0.0695,0.0278,0.1124
0.1995,1.1156,1.2,0.1026,0.1149,181.0578,-24.2026,0,0.0636,0.0636,-0.028,0,0,0.0695,0.0278,0.1065
0.2,1.1149,1.2,0.0954,0.1149,181.1674,-24.1594,0,0.0647,0.0647,-0.0229,0,0,0.0695,0.0278,0.1012
0.1937,1.149,1.2,0.0883,0.1149,181.2689,-24.1194,0,0.0659,0.0659,-0.0139,0,0,0.0695,0.0278,0.1082
0.0968,1.17,1.2,0.0812,0.1149,181.3674,-24.0731,0,0.0745,0.0745,-0.0062,0,0,0.0695,0.0278,0.1099
0.1821,1.0828,1.2,0.0883,0.1338,181.48,-24.027,0,0.0744,0.0744,-0.046,0,0,0.0811,0.0324,0.103
0.1635,1.0828,1.2,0.0954,0.1338,181.5793,-23.9847,0,0.0733,0.0733,-0.0426,0,0,0.0811,0.0324,0.0963
0.0344,1.2078,1.2,0.1026,0.1338,181.6861,-23.94,0,0.0686,0.0686,-0.0362,0,0,0.0811,0.0324,0.0896
0.1869,1.0716,1.2,0.1097,0.1338,181.7925,-23.8956,0,0.0684,0.0684,-0.037,0,0,0.0811,0.0324,0.0844
0.1051,1.1497,1.2,0.1114,0.1338,181.9002,-23.852,0,0.0649,0.0649,-0.0272,0,0,0.0811,0.0324,0.0911
0.1424,1.1438,1.2,0.1043,0.1338,182.0106,-23.8052,0,0.0648,0.0648,-0.0191,0,0,0.0811,0.0324,0.0979
0.0852,1.1519,1.2,0.1114,0.146,182.1118,-23.759,0,0.0661,0.0661,-0.0418,0,0,0.0886,0.0354,0.1041
0.0357,1.1903,1.2,0.1186,0.146,182.216,-23.7072,0,0.0691,0.0691,-0.032,0,0,0.0886,0.0354,0.1096
0.189,1.1048,1.2,0.1122,0.146,182.3254,-23.6584,0,0.0682,0.0682,-0.0279,0,0,0.0886,0.0354,0.1111
0.1536,1.1567,1.2,0.105,0.146,182.4258,-23.6124,0,0.0665,0.0665,-0.0215,0,0,0.0886,0.0354,0.1055
0.0829,1.1881,1.2,0.098,0.146,182.5125,-23.5618,0,0.0753,0.0753,-0.0145,0,0,0.0886,0.0354,0.11
0.1901,1.0968,1.2,0.0909,0.146,182.6126,-23.5078,0,0.0843,0.0843,-0.0066,0,0,0.0886,0.0354,0.1172
0.2,0.9983,1.2,0.0837,0.146,182.7152,-23.4551,0,0.0882,0.0882,-0.0052,0,0,0.0886,0.0354,0.1132
0.1206,1.1313,1.2,0.0909,0.1649,182.8104,-23.4027,0,0.0827,0.0827,-0.0701,0,0,0.1003,0.0401,0.1074
0.0866,1.1452,1.2,0.098,0.1649,182.9217,-23.3535,0,0.0706,0.0706,-0.0644,0,0,0.1003,0.0401,0.1014
0.1437,1.0794,1.2,0.1051,0.1649,183.034,-23.3036,0,0.0601,0.0601,-0.0632,0,0,0.1003,0.0401,0.0949
0.0313,1.2061,1.2,0.1123,0.1649,183.1363,-23.2522,0,0.0502,0.0502,-0.0568,0,0,0.1003,0.0401,0.0872
-0.0074,1.2191,1.2,0.1194,0.1649,183.2416,-23.1911,0,0.052,0.052,-0.0488,0,0,0.1003,0.0401,0.0929
0.0618,1.1357,1.2,0.1264,0.1648,183.3387,-23.1372,0,0.0518,0.0518,-0.0879,0,0,0.1002,0.04,0.0999
0.0111,1.2087,1.2,0.1335,0.1648,183.4407,-23.0922,0,0.0346,0.0346,-0.0764,0,0,0.1002,0.04,0.1067
0.0971,1.1028,1.2,0.1406,0.1648,183.5354,-23.0393,0,0.0351,0.0351,-0.0703,0,0,0.1002,0.04,0.1127
0.1645,1.1044,1.2,0.1478,0.1648,183.6373,-22.9872,0,0.0271,0.0271,-0.0604,0,0,0.1002,0.04,0.1186
0.1977,1.0774,1.2,0.1549,0.1648,183.7335,-22.9292,0,0.0279,0.0279,-0.0514,0,0,0.1002,0.04,0.1242
0.1163,1.1351,1.2,0.162,0.1648,183.8251,-22.8681,0,0.0321,0.0321,-0.0388,0,0,0.1002,0.04,0.1306
0.1182,1.1164,1.2,0.1692,0.1793,183.9193,-22.8093,0,0.0341,0.0341,-0.1059,0,0,0.1092,0.0436,0.137
0.1633,1.0959,1.2,0.1763,0.1793,184.017,-22.7445,0,0.0323,0.0323,-0.0941,0,0,0.1092,0.0436,0.1434
0.1379,1.1043,1.2,0.1834,0.1793,184.1094,-22.6821,0,0.0308,0.0308,-0.0805,0,0,0.1092,0.0436,0.1498
0.0686,1.1675,1.2,0.1906,0.1793,184.2022,-22.617,0,0.03,0.03,-0.0635,0,0,0.1092,0.0436,0.1561
0.1609,1.1107,1.2,0.1977,0.1793,184.2927,-22.5456,0,0.0404,0.0404,-0.0499,0,0,0.1092,0.0436,0.1657
0.2,1.1289,1.2,0.1905,0.1793,184.3932,-22.4699,0,0.0464,0.0464,-0.0319,0,0,0.1092,0.0436,0.1754
0.1034,1.1526,1.2,0.1953,0.1765,184.4832,-22.3926,0,0.0571,0.0571,-0.0896,0,0,0.1075,0.043,0.182
-0.0272,1.2541,1.2,0.2025,0.1765,184.5773,-22.3184,0,0.054,0.054,-0.0671,0,0,0.1075,0.043,0.1881
-0.0007,1.1881,1.2,0.2096,0.1765,184.6662,-22.2366,0,0.0664,0.0664,-0.0534,0,0,0.1075,0.043,0.1957
0.0077,1.1954,1.2,0.2025,0.1765,184.7542,-22.159,0,0.0722,0.0722,-0.0407,0,0,0.1075,0.043,0.1895
-0.0042,1.2099,1.2,0.1953,0.1765,184.8457,-22.0859,0,0.0734,0.0734,-0.0241,0,0,0.1075,0.043,0.1938
0.0198,1.1732,1.2,0.1882,0.1765,184.9271,-22.0043,0,0.0881,0.0881,-0.0102,0,0,0.1075,0.043,0.1992
0.0549,1.1656,1.2,0.1906,0.1715,185.0128,-21.9223,0,0.0955,0.0955,-0.0657,0,0,0.1043,0.0417,0.2063
0.0943,1.1541,1.2,0.1835,0.1715,185.1014,-21.8374,0,0.098,0.098,-0.0534,0,0,0.1043,0.0417,0.2024
0.0735,1.1856,1.2,0.1763,0.1715,185.1916,-21.7483,0,0.1007,0.1007,-0.0398,0,0,0.1043,0.0417,0.1962
-0.0025,1.2244,1.2,0.1692,0.1715,185.2761,-21.66,0,0.1068,0.1068,-0.0269,0,0,0.1043,0.0417,0.1887
-0.0924,1.2651,1.2,0.162,0.1715,185.3648,-21.5679,0,0.1137,0.1137,-0.0112,0,0,0.1043,0.0417,0.1896
-0.0473,1.2201,1.2,0.1646,0.1661,185.4441,-21.4828,0,0.1198,0.1198,-0.1003,0,0,0.101,0.0404,0.1863
-0.1157,1.275,1.2,0.1717,0.1661,185.5313,-21.3984,0,0.1067,0.1067,-0.0881,0,0,0.101,0.0404,0.1801
0.0098,1.1598,1.2,0.1788,0.1661,185.6059,-21.3098,0,0.1131,0.1131,-0.0861,0,0,0.101,0.0404,0.1734
-0.0005,1.2063,1.2,0.1854,0.1661,185.6674,-21.2191,0,0.1242,0.1242,-0.076,0,0,0.101,0.0404,0.1627
0.0556,1.1557,1.2,0.1783,0.1661,185.745,-21.1309,0,0.1261,0.1261,-0.067,0,0,0.101,0.0404,0.1593
0.1759,1.0994,1.2,0.1711,0.1661,185.8224,-21.0408,0,0.1297,0.1297,-0.0549,0,0,0.101,0.0404,0.1679
0.0768,1.1709,1.2,0.164,0.145,185.8914,-20.9512,0,0.1365,0.1365,-0.0836,0,0,0.088,0.0352,0.1737
0.0701,1.183,1.2,0.1568,0.145,185.9601,-20.8608,0,0.1398,0.1398,-0.0684,0,0,0.088,0.0352,0.1801
0.1594,1.1331,1.2,0.1497,0.145,186.0343,-20.7771,0,0.136,0.136,-0.0599,0,0,0.088,0.0352,0.1764
0.1681,1.1331,1.2,0.1426,0.145,186.1036,-20.6859,0,0.138,0.138,-0.0492,0,0,0.088,0.0352,0.1764
0.1318,1.1331,1.2,0.1354,0.145,186.1682,-20.6007,0,0.139,0.139,-0.0431,0,0,0.088,0.0352,0.164
0.0939,1.1409,1.2,0.1283,0.145,186.2344,-20.5116,0,0.1414,0.1414,-0.0352,0,0,0.088,0.0352,0.1553
0.1999,1.0646,1.2,0.1212,0.145,186.3106,-20.4227,0,0.1363,0.1363,-0.031,0,0,0.088,0.0352,0.1517
0.1463,1.1057,1.2,0.1283,0.145,186.3853,-20.3256,0,0.1288,0.1288,-0.1037,0,0,0.088,0.0352,0.145
0.0808,1.1619,1.2,0.1354,0.145,186.4602,-20.2301,0,0.1139,0.1139,-0.0952,0,0,0.088,0.0352,0.1386
0.0057,1.2175,1.2,0.1425,0.145,186.5296,-20.1352,0,0.1035,0.1035,-0.0877,0,0,0.088,0.0352,0.1318
-0.0016,1.2043,1.2,0.1497,0.145,186.6034,-20.0365,0,0.0948,0.0948,-0.0824,0,0,0.088,0.0352,0.1263
0.0265,1.1675,1.2,0.1568,0.145,186.6644,-19.944,0,0.0943,0.0943,-0.0782,0,0,0.088,0.0352,0.1215
-0.0146,1.2238,1.2,0.1497,0.123,186.7165,-19.8534,0,0.0962,0.0962,-0.1515,0,0,0.0745,0.0298,0.1276
0.09,1.1014,1.2,0.1568,0.123,186.7723,-19.7567,0,0.1023,0.1023,-0.1456,0,0,0.0745,0.0298,0.1337
0.2,1.0423,1.2,0.1639,0.123,186.8269,-19.6645,0,0.1027,0.1027,-0.1361,0,0,0.0745,0.0298,0.141
0.1393,1.1126,1.2,0.1711,0.123,186.8798,-19.5748,0,0.0951,0.0951,-0.1208,0,0,0.0745,0.0298,0.1476
0.2002,1.0686,1.2,0.1782,0.123,186.9383,-19.4832,0,0.0898,0.0898,-0.112,0,0,0.0745,0.0298,0.1535
0.2001,1.0372,1.2,0.1854,0.123,186.987,-19.3882,0,0.0932,0.0932,-0.1055,0,0,0.0745,0.0298,0.1478
0.1722,1.0806,1.2,0.1925,0.123,187.0502,-19.2958,0,0.0801,0.0801,-0.091,0,0,0.0745,0.0298,0.1538
0.2003,1.0662,1.2,0.1854,0.0946,187.1053,-19.2072,0,0.0752,0.0752,-0.1401,0,0,0.0572,0.0229,0.1602
0.1506,1.1103,1.2,0.1925,0.0946,187.1573,-19.1086,0,0.0688,0.0688,-0.1213,0,0,0.0572,0.0229,0.1731
0.2,1.0385,1.2,0.1996,0.0946,187.1984,-19.0107,0,0.0792,0.0792,-0.1086,0,0,0.0572,0.0229,0.1851
0.141,1.1108,1.2,0.2068,0.0946,187.2475,-18.9129,0,0.0735,0.0735,-0.0916,0,0,0.0572,0.0229,0.1862
0.1995,1.0653,1.2,0.2092,0.0946,187.2941,-18.8124,0,0.0771,0.0771,-0.0799,0,0,0.0572,0.0229,0.1916
0.1674,1.0912,1.2,0.202,0.0946,187.3351,-18.7215,0,0.079,0.079,-0.0656,0,0,0.0572,0.0229,0.1908
0.136,1.1069,1.2,0.1949,0.0946,187.3732,-18.6286,0,0.0856,0.0856,-0.0505,0,0,0.0572,0.0229,0.193
0.2,0.9966,1.2,0.1877,0.0716,187.4157,-18.5359,0,0.0881,0.0881,-0.126,0,0,0.0432,0.0173,0.2007
0.2,1.0053,1.2,0.1948,0.0716,187.4544,-18.4398,0,0.0857,0.0857,-0.1106,0,0,0.0432,0.0173,0.2069
0.2001,1.0348,1.2,0.202,0.0716,187.4954,-18.3388,0,0.0808,0.0808,-0.0978,0,0,0.0432,0.0173,0.2012
0.2001,1.0348,1.2,0.1975,0.0716,187.5357,-18.2372,0,0.0787,0.0787,-0.0853,0,0,0.0432,0.0173,0.2012
0.2001,1.0348,1.2,0.1903,0.0716,187.5738,-18.1345,0,0.0784,0.0784,-0.0749,0,0,0.0432,0.0173,0.1956
0.1597,1.0926,1.2,0.1832,0.0716,187.594,-18.0455,0,0.0905,0.0905,-0.0578,0,0,0.0432,0.0173,0.1959
0.1693,1.0926,1.2,0.176,0.0336,187.6241,-17.943,0,0.0986,0.0986,-0.0833,0,0,0.0203,0.0081,0.2011
0.1511,1.0926,1.2,0.1689,0.0336,187.6584,-17.8259,0,0.1023,0.1023,-0.0706,0,0,0.0203,0.0081,0.2011
0.2,0.9209,1.2,0.1618,0.0336,187.6829,-17.7208,0,0.1174,0.1174,-0.0699,0,0,0.0203,0.0081,0.1971
0.0329,1.2187,1.2,0.1546,0.0336,187.7132,-17.6235,0,0.1104,0.1104,-0.0429,0,0,0.0203,0.0081,0.1899
0.1282,1.081,1.2,0.1475,0.0336,187.7472,-17.5093,0,0.1159,0.1159,-0.0408,0,0,0.0203,0.0081,0.1838
0.046,1.1877,1.2,0.1404,0.0336,187.7577,-17.4025,0,0.136,0.136,-0.0291,0,0,0.0203,0.0081,0.1698
0.0246,1.1877,1.2,0.1332,0.0155,187.795,-17.3145,0,0.1264,0.1264,-0.0291,0,0,0.0094,0.0037,0.1697
0.1999,0.9467,1.2,0.1261,0.0155,187.8175,-17.2209,0,0.136,0.136,-0.0362,0,0,0.0094,0.0037,0.1507
0.2,0.9467,1.2,0.1189,0.0155,187.8459,-17.1352,0,0.1338,0.1338,-0.0281,0,0,0.0094,0.0037,0.1502
0.2,0.9467,1.2,0.1118,0.0155,187.8735,-17.0361,0,0.1344,0.1344,-0.0235,0,0,0.0094,0.0037,0.1435
0.2,0.8962,1.2,0.1047,0.0155,187.8887,-16.9341,0,0.1494,0.1494,-0.0186,0,0,0.0094,0.0037,0.1358
0.2,1.0224,1.2,0.0975,0.0155,187.9237,-16.8286,0,0.1434,0.1434,-0.0094,0,0,0.0094,0.0037,0.1287
0.2001,1.0301,1.2,0.0904,0.0155,187.9585,-16.7219,0,0.1396,0.1396,-0.0037,0,0,0.0094,0.0037,0.1225
0.1498,1.1022,1.2,0.0832,0.0093,187.9822,-16.6166,0,0.1458,0.1458,-0.0333,0,0,0.0056,0.0022,0.1189
0.1265,1.1128,1.2,0.0761,0.0093,188.0055,-16.5033,0,0.1498,0.1498,-0.0291,0,0,0.0056,0.0022,0.1117
0.1903,1.0732,1.2,0.069,0.0093,188.0279,-16.3986,0,0.153,0.153,-0.0273,0,0,0.0056,0.0022,0.1056
0.1119,1.1492,1.2,0.0618,0.0093,188.0548,-16.2886,0,0.1512,0.1512,-0.0224,0,0,0.0056,0.0022,0.0987
0.2,1.0638,1.2,0.0547,0.0093,188.0678,-16.1773,0,0.1652,0.1652,-0.022,0,0,0.0056,0.0022,0.0935
0.1469,1.1146,1.2,0.0476,0.0093,188.0945,-16.0695,0,0.162,0.162,-0.0218,0,0,0.0056,0.0022,0.0811
0.1241,1.1146,1.2,0.0404,0.0093,188.1111,-15.9573,0,0.1718,0.1718,-0.019,0,0,0.0056,0.0022,0.075
0.1181,1.1146,1.2,0.0333,-0.0135,188.1149,-15.8731,0,0.1846,0.1846,-0.0382,0,0,-0.0081,-0.0033,0.0682
0.2,0.8375,1.2,0.0262,-0.0135,188.1441,-15.7521,0,0.1875,0.1875,-0.0399,0,0,-0.0081,-0.0033,0.0572
0.2,0.8375,1.2,0.0191,-0.0135,188.1832,-15.6439,0,0.1708,0.1708,-0.0399,0,0,-0.0081,-0.0033,0.0484
0.0177,1.2343,1.2,0.0119,-0.0135,188.2112,-15.5539,0,0.1541,0.1541,-0.0345,0,0,-0.0081,-0.0033,0.0416
0.0869,1.1402,1.2,0.0048,-0.0135,188.2356,-15.4464,0,0.1533,0.1533,-0.036,0,0,-0.0081,-0.0033,0.0341
0.2,0.9338,1.2,-0.0024,-0.0135,188.2472,-15.3409,0,0.1661,0.1661,-0.0397,0,0,-0.0081,-0.0033,0.0274
0.1593,1.093,1.2,-0.0095,-0.0278,188.2653,-15.2296,0,0.1665,0.1665,-0.0496,0,0,-0.0168,-0.0067,0.0213
0.1999,1.0526,1.2,-0.0166,-0.0278,188.285,-15.1199,0,0.1685,0.1685,-0.0509,0,0,-0.0168,-0.0067,0.0151
0.1401,1.1186,1.2,-0.0237,-0.0278,188.3131,-15.0187,0,0.1566,0.1566,-0.0541,0,0,-0.0168,-0.0067,0.0084
0.1998,1.1051,1.2,-0.0309,-0.0278,188.3397,-14.9025,0,0.151,0.151,-0.0577,0,0,-0.0168,-0.0067,0.0022
0.2004,1.0418,1.2,-0.038,-0.0278,188.3574,-14.8016,0,0.1533,0.1533,-0.0605,0,0,-0.0168,-0.0067,-0.0047
0.0945,1.1813,1.2,-0.0452,-0.0278,188.3753,-14.7017,0,0.1486,0.1486,-0.0644,0,0,-0.0168,-0.0067,-0.0116
0.2001,1.0159,1.2,-0.038,-0.0278,188.4097,-14.602,0,0.136,0.136,-0.07,0,0,-0.0168,-0.0067,-0.0184
0.2,1.0058,1.2,-0.0452,-0.0433,188.4427,-14.5047,0,0.1208,0.1208,-0.0501,0,0,-0.0261,-0.0104,-0.0251
0.1998,1.0477,1.2,-0.0448,-0.0433,188.4696,-14.3972,0,0.1138,0.1138,-0.0556,0,0,-0.0261,-0.0104,-0.0309
0.2,1.0198,1.2,-0.0377,-0.0433,188.5108,-14.2922,0,0.094,0.094,-0.0605,0,0,-0.0261,-0.0104,-0.0364
0.1585,1.0986,1.2,-0.0306,-0.0433,188.5282,-14.1851,0,0.0959,0.0959,-0.063,0,0,-0.0261,-0.0104,-0.0323
0.1204,1.1205,1.2,-0.0235,-0.0433,188.5503,-14.0939,0,0.0896,0.0896,-0.0697,0,0,-0.0261,-0.0104,-0.0377
0.1948,1.0744,1.2,-0.0164,-0.0433,188.5807,-13.9832,0,0.0821,0.0821,-0.0739,0,0,-0.0261,-0.0104,-0.0384
0.2,0.9301,1.2,-0.0093,-0.0433,188.616,-13.8711,0,0.0758,0.0758,-0.0726,0,0,-0.0261,-0.0104,-0.0312
0.1141,1.1379,1.2,-0.0025,-0.0437,188.6507,-13.787,0,0.0496,0.0496,-0.0718,0,0,-0.0264,-0.0105,-0.0242
0.0645,1.1664,1.2,0.0046,-0.0437,188.685,-13.6763,0,0.0408,0.0408,-0.0679,0,0,-0.0264,-0.0105,-0.0179
0.2,0.9061,1.2,0.0117,-0.0437,188.7123,-13.571,0,0.0457,0.0457,-0.0657,0,0,-0.0264,-0.0105,-0.0106
0.104,1.1484,1.2,0.0189,-0.0437,188.7406,-13.4739,0,0.0312,0.0312,-0.0651,0,0,-0.0264,-0.0105,-0.0038
0.1861,1.0792,1.2,0.026,-0.0437,188.7634,-13.3694,0,0.0342,0.0342,-0.0634,0,0,-0.0264,-0.0105,0.0026
0.2,1.0025,1.2,0.0331,-0.0437,188.7938,-13.281,0,0.0264,0.0264,-0.062,0,0,-0.0264,-0.0105,0.0089
0.2001,1.0603,1.2,0.026,-0.0545,188.8171,-13.1788,0,0.0255,0.0255,-0.0203,0,0,-0.0329,-0.0132,0.0149
0.2,0.9271,1.2,0.0189,-0.0545,188.8535,-13.0718,0,0.02,0.02,-0.018,0,0,-0.0329,-0.0132,0.0207
0.1999,1.0387,1.2,0.0117,-0.0545,188.8813,-12.9625,0,0.0221,0.0221,-0.0125,0,0,-0.0329,-0.0132,0.0262
0.1313,1.1205,1.2,0.0046,-0.0545,188.8921,-12.8545,0,0.0391,0.0391,-0.0101,0,0,-0.0329,-0.0132,0.0334
0.1157,1.1182,1.2,-0.0025,-0.0545,188.9294,-12.742,0,0.0319,0.0319,-0.0108,0,0,-0.0329,-0.0132,0.0284
0.1998,1.0764,1.2,-0.0097,-0.0545,188.9559,-12.6313,0,0.0348,0.0348,-0.0124,0,0,-0.0329,-0.0132,0.0208
0.0808,1.1745,1.2,-0.0111,-0.0479,188.9715,-12.5145,0,0.0486,0.0486,-0.0143,0,0,-0.0289,-0.0115,0.0146
0.1186,1.1289,1.2,-0.0182,-0.0479,188.9974,-12.4293,0,0.045,0.045,-0.0164,0,0,-0.0289,-0.0115,0.0087
0.0769,1.1691,1.2,-0.0253,-0.0479,189.0414,-12.3247,0,0.0277,0.0277,-0.0194,0,0,-0.0289,-0.0115,0.0023
0.2001,0.8825,1.2,-0.0194,-0.0479,189.0803,-12.2263,0,0.0158,0.0158,-0.0253,0,0,-0.0289,-0.0115,-0.0044
0.193,1.1261,1.2,-0.014,-0.0479,189.0959,-12.1203,0,0.0242,0.0242,-0.0264,0,0,-0.0289,-0.0115,-0.006
0.2005,1.0507,1.2,-0.021,-0.0479,189.1041,-12.0069,0,0.045,0.045,-0.0295,0,0,-0.0289,-0.0115,-0.0125
0.2008,1.0616,1.2,-0.0175,-0.0479,189.1326,-11.9166,0,0.0383,0.0383,-0.0342,0,0,-0.0289,-0.0115,-0.0194
0.1257,1.1264,1.2,-0.0246,-0.0649,189.1778,-11.8173,0,0.0176,0.0176,-0.0505,0,0,-0.0391,-0.0157,-0.0148
0.2,0.9394,1.2,-0.0175,-0.0649,189.2164,-11.7195,0,0.0066,0.0066,-0.0517,0,0,-0.0391,-0.0157,-0.0088
0.1707,1.082,1.2,-0.0103,-0.0649,189.2442,-11.6264,0,-0.003,-0.003,-0.0553,0,0,-0.0391,-0.0157,-0.0151
0.2,1.0447,1.2,-0.0032,-0.0649,189.2628,-11.5152,0,0.006,0.006,-0.0557,0,0,-0.0391,-0.0157,-0.0126
0.2,0.9631,1.2,0.004,-0.0649,189.2932,-11.4061,0,0.0029,0.0029,-0.0601,0,0,-0.0391,-0.0157,-0.0186
0.1502,1.1165,1.2,0.0111,-0.0649,189.3282,-11.3053,0,-0.0119,-0.0119,-0.0601,0,0,-0.0391,-0.0157,-0.0124
0.1158,1.1232,1.2,0.004,-0.0918,189.3643,-11.2119,0,-0.0238,-0.0238,0.0129,0,0,-0.0554,-0.0222,-0.0051
0.1851,1.0581,1.2,-0.0032,-0.0918,189.3964,-11.1046,0,-0.0221,-0.0221,0.0136,0,0,-0.0554,-0.0222,0.0001
0.2,0.9927,1.2,-0.0103,-0.0918,189.4284,-11.0144,0,-0.0242,-0.0242,0.0172,0,0,-0.0554,-0.0222,0.0081
0.1417,1.1102,1.2,-0.0175,-0.0918,189.4612,-10.9023,0,-0.0198,-0.0198,0.019,0,0,-0.0554,-0.0222,0.0137
0.2,0.9489,1.2,-0.0246,-0.0918,189.4909,-10.8086,0,-0.0214,-0.0214,0.0165,0,0,-0.0554,-0.0222,0.0084
0.0963,1.1583,1.2,-0.0317,-0.0918,189.5209,-10.7114,0,-0.0193,-0.0193,0.0146,0,0,-0.0554,-0.0222,0.0027
0.2,0.9745,1.2,-0.0388,-0.0918,189.5507,-10.6077,0,-0.0186,-0.0186,0.0109,0,0,-0.0554,-0.0222,-0.0023
0.2,1.0084,1.2,-0.046,-0.0918,189.5745,-10.4959,0,-0.0086,-0.0086,0.0062,0,0,-0.0554,-0.0222,-0.0108
0.1994,1.0695,1.2,-0.0388,-0.0743,189.6128,-10.3913,0,-0.0155,-0.0155,-0.0041,0,0,-0.0448,-0.0179,-0.0176
0.1998,1.1326,1.2,-0.0318,-0.0743,189.6387,-10.2983,0,-0.0146,-0.0146,-0.0095,0,0,-0.0448,-0.0179,-0.0245
0.201,1.1055,1.2,-0.025,-0.0743,189.6787,-10.1894,0,-0.0213,-0.0213,-0.0131,0,0,-0.0448,-0.0179,-0.0313
0.2,0.9565,1.2,-0.0178,-0.0743,189.7212,-10.0812,0,-0.0306,-0.0306,-0.0175,0,0,-0.0448,-0.0179,-0.0378
0.1148,1.1499,1.2,-0.0107,-0.0743,189.7431,-9.9941,0,-0.03,-0.03,-0.0241,0,0,-0.0448,-0.0179,-0.0338
0.1126,1.1547,1.2,-0.0178,-0.0948,189.7579,-9.8751,0,-0.0088,-0.0088,-0.023,0,0,-0.0573,-0.0229,-0.027
0.2,0.8886,1.2,-0.0107,-0.0743,189.7801,-9.7731,0,0.0042,0.0042,-0.0196,0,0,-0.0448,-0.0179,-0.0204
0.071,1.1869,1.2,-0.0178,-0.0948,189.8119,-9.6862,0,-0.0019,-0.0019,-0.0179,0,0,-0.0573,-0.0229,-0.0136
0.1733,1.0357,1.2,-0.0249,-0.0948,189.8459,-9.5813,0,-0.002,-0.002,-0.0176,0,0,-0.0573,-0.0229,-0.0068
0.2,0.9176,1.2,-0.0269,-0.0948,189.8889,-9.4848,0,-0.0137,-0.0137,-0.0199,0,0,-0.0573,-0.0229,-0.0113
0.2005,1.0931,1.2,-0.0198,-0.0948,189.9234,-9.3796,0,-0.017,-0.017,-0.0206,0,0,-0.0573,-0.0229,-0.0067
0.2001,1.0479,1.2,-0.0127,-0.0948,189.9556,-9.2816,0,-0.0188,-0.0188,-0.0232,0,0,-0.0573,-0.0229,-0.0116
0.1544,1.0978,1.2,-0.0199,-0.1126,189.9824,-9.1766,0,-0.0135,-0.0135,0.0556,0,0,-0.0681,-0.0272,-0.0183
0.2,1.0221,1.2,-0.027,-0.1126,190.0209,-9.0709,0,-0.0138,-0.0138,0.05,0,0,-0.0681,-0.0272,-0.0216
0.1789,1.0742,1.2,-0.0341,-0.1126,190.0523,-8.9668,0,-0.0008,-0.0008,0.0528,0,0,-0.0681,-0.0272,-0.0163
0.1299,1.1156,1.2,-0.0413,-0.1126,190.0899,-8.8585,0,0.0067,0.0067,0.0537,0,0,-0.0681,-0.0272,-0.0091
0.151,1.079,1.2,-0.0484,-0.1126,190.1333,-8.7552,0,0.0032,0.0032,0.05,0,0,-0.0681,-0.0272,-0.0129
0.1032,1.1359,1.2,-0.0555,-0.1126,190.1786,-8.6515,0,-0.0001,-0.0001,0.0447,0,0,-0.0681,-0.0272,-0.0187
0.1137,1.1121,1.2,-0.0627,-0.1126,190.2201,-8.5533,0,-0.0043,-0.0043,0.0386,0,0,-0.0681,-0.0272,-0.0268
0.104,1.1235,1.2,-0.0555,-0.0899,190.256,-8.4397,0,0.0092,0.0092,0.0836,0,0,-0.0543,-0.0217,-0.0336
0.1823,1.0578,1.2,-0.0627,-0.0899,190.2987,-8.3326,0,0.0112,0.0112,0.0783,0,0,-0.0543,-0.0217,-0.0412
0.0673,1.1808,1.2,-0.0698,-0.0899,190.3404,-8.2388,0,0.0143,0.0143,0.0682,0,0,-0.0543,-0.0217,-0.051
0.074,1.1439,1.2,-0.077,-0.0899,190.3796,-8.1275,0,0.0217,0.0217,0.0618,0,0,-0.0543,-0.0217,-0.0555
0.2001,1.0195,1.2,-0.0841,-0.0899,190.4228,-8.019,0,0.023,0.023,0.0594,0,0,-0.0543,-0.0217,-0.0564
0.0841,1.1696,1.2,-0.0817,-0.0787,190.4689,-7.9113,0,0.0292,0.0292,0.0976,0,0,-0.0475,-0.019,-0.0587
0.0661,1.1588,1.2,-0.0888,-0.0787,190.5117,-7.8132,0,0.0336,0.0336,0.0908,0,0,-0.0475,-0.019,-0.0652
0.0557,1.1627,1.2,-0.0959,-0.0787,190.5544,-7.7251,0,0.0305,0.0305,0.0777,0,0,-0.0475,-0.019,-0.0721
0.1985,1.062,1.2,-0.1031,-0.0787,190.5991,-7.6254,0,0.0315,0.0315,0.0745,0,0,-0.0475,-0.019,-0.0786
0.2,0.9759,1.2,-0.1102,-0.0787,190.6504,-7.5215,0,0.0289,0.0289,0.0709,0,0,-0.0475,-0.019,-0.0791
0.1832,1.0842,1.2,-0.1173,-0.0787,190.6969,-7.4219,0,0.0345,0.0345,0.0606,0,0,-0.0475,-0.019,-0.0831
0.0965,1.1515,1.2,-0.1245,-0.0787,190.7396,-7.3186,0,0.0427,0.0427,0.0499,0,0,-0.0475,-0.019,-0.0888
0.1812,1.0908,1.2,-0.1215,-0.0668,190.7865,-7.22,0,0.0417,0.0417,0.0448,0,0,-0.0403,-0.0161,-0.0954
0.1369,1.1091,1.2,-0.1286,-0.0668,190.8265,-7.1426,0,0.0361,0.0361,0.0303,0,0,-0.0403,-0.0161,-0.1018
0.198,1.0839,1.2,-0.1357,-0.0668,190.8894,-7.0406,0,0.0249,0.0249,0.0238,0,0,-0.0403,-0.0161,-0.1082
0.1999,0.8694,1.2,-0.1318,-0.0668,190.9491,-6.9495,0,0.0088,0.0088,0.0219,0,0,-0.0403,-0.0161,-0.115
0.0612,1.1912,1.2,-0.1249,-0.0668,190.9811,-6.8509,0,0.0219,0.0219,-0.0026,0,0,-0.0403,-0.0161,-0.1164
0.1998,1.0853,1.2,-0.1177,-0.0668,191.0371,-6.75,0,0.0165,0.0165,-0.0057,0,0,-0.0403,-0.0161,-0.1185
0.2,1.022,1.2,-0.1107,-0.0668,191.091,-6.6551,0,0.0097,0.0097,-0.0125,0,0,-0.0403,-0.0161,-0.1252
0.1105,1.1463,1.2,-0.1178,-0.079,191.1542,-6.562,0,0.002,0.002,0.0548,0,0,-0.0477,-0.0191,-0.1267
0.1852,1.0843,1.2,-0.1249,-0.079,191.1937,-6.4713,0,0.008,0.008,0.0436,0,0,-0.0477,-0.0191,-0.1209
0.1277,1.1207,1.2,-0.1321,-0.079,191.2565,-6.3808,0,0.0035,0.0035,0.0412,0,0,-0.0477,-0.0191,-0.114
0.2,0.9779,1.2,-0.1392,-0.079,191.3241,-6.2806,0,-0.005,-0.005,0.0413,0,0,-0.0477,-0.0191,-0.109
0.1998,1.0949,1.2,-0.1464,-0.079,191.3699,-6.1876,0,0.0023,0.0023,0.0258,0,0,-0.0477,-0.0191,-0.1072
0.0507,1.2016,1.2,-0.1392,-0.079,191.4333,-6.0932,0,-0.0027,-0.0027,0.0146,0,0,-0.0477,-0.0191,-0.1137
0.2001,1.0268,1.2,-0.1321,-0.0505,191.4978,-6.0103,0,-0.0205,-0.0205,0.0399,0,0,-0.0304,-0.0122,-0.1207
0.125,1.1292,1.2,-0.1251,-0.0505,191.5546,-5.9172,0,-0.0167,-0.0167,0.0273,0,0,-0.0304,-0.0122,-0.1275
0.1999,1.0526,1.2,-0.1179,-0.0505,191.6112,-5.8426,0,-0.0288,-0.0288,0.0163,0,0,-0.0304,-0.0122,-0.1339
0.1698,1.0829,1.2,-0.1108,-0.0505,191.6727,-5.7492,0,-0.029,-0.029,0.0092,0,0,-0.0304,-0.0122,-0.1362
0.2,0.9367,1.2,-0.1037,-0.0505,191.741,-5.6599,0,-0.0384,-0.0384,0.0097,0,0,-0.0304,-0.0122,-0.1298
0.1424,1.1095,1.2,-0.0965,-0.0505,191.8046,-5.5719,0,-0.0431,-0.0431,-0.0011,0,0,-0.0304,-0.0122,-0.1226
0.119,1.1189,1.2,-0.0894,-0.0505,191.8462,-5.4852,0,-0.036,-0.036,-0.0143,0,0,-0.0304,-0.0122,-0.1143
0.1893,1.0789,1.2,-0.0823,-0.0439,191.915,-5.3932,0,-0.0404,-0.0404,-0.0062,0,0,-0.0264,-0.0106,-0.1081
0.2,0.9466,1.2,-0.0751,-0.0439,191.9697,-5.31,0,-0.0425,-0.0425,-0.0125,0,0,-0.0264,-0.0106,-0.102
0.115,1.1404,1.2,-0.0681,-0.0439,192.0387,-5.2111,0,-0.0444,-0.0444,-0.0188,0,0,-0.0264,-0.0106,-0.0968
0.2,0.9884,1.2,-0.0609,-0.0439,192.0982,-5.127,0,-0.0449,-0.0449,-0.0157,0,0,-0.0264,-0.0106,-0.0884
0.0562,1.1966,1.2,-0.0538,-0.0439,192.1722,-5.0324,0,-0.0581,-0.0581,-0.0283,0,0,-0.0264,-0.0106,-0.081
0.2,1.0217,1.2,-0.0467,-0.0439,192.2339,-4.941,0,-0.0546,-0.0546,-0.0248,0,0,-0.0264,-0.0106,-0.0755
0.0581,1.1942,1.2,-0.0447,-0.0501,192.3026,-4.8525,0,-0.0593,-0.0593,0.0105,0,0,-0.0302,-0.0121,-0.0664
0.2002,1.0931,1.2,-0.0375,-0.0501,192.3574,-4.7896,0,-0.0705,-0.0705,0.0039,0,0,-0.0302,-0.0121,-0.0611
0.1463,1.1118,1.2,-0.0305,-0.0501,192.4331,-4.6956,0,-0.0734,-0.0734,0.0054,0,0,-0.0302,-0.0121,-0.053
0.2,0.8338,1.2,-0.0234,-0.0501,192.4995,-4.6142,0,-0.0786,-0.0786,0.0097,0,0,-0.0302,-0.0121,-0.0414
0.0561,1.1963,1.2,-0.0163,-0.0501,192.5582,-4.5321,0,-0.0784,-0.0784,-0.0013,0,0,-0.0302,-0.0121,-0.0388
0.2,1.0429,1.2,-0.0092,-0.0501,192.6339,-4.4467,0,-0.0868,-0.0868,0.0013,0,0,-0.0302,-0.0121,-0.0324
0.2,1.0012,1.2,-0.002,-0.0501,192.6935,-4.3592,0,-0.0814,-0.0814,0.0022,0,0,-0.0302,-0.0121,-0.0284
0.1354,1.1315,1.2,0.0051,-0.0407,192.7572,-4.2759,0,-0.0816,-0.0816,0.0054,0,0,-0.0245,-0.0098,-0.0185
0.2002,1.04,1.2,0.0123,-0.0407,192.8274,-4.1891,0,-0.0846,-0.0846,0.0069,0,0,-0.0245,-0.0098,-0.0125
0.2,1.04,1.2,0.0194,-0.0407,192.886,-4.1003,0,-0.0762,-0.0762,0.0094,0,0,-0.0245,-0.0098,-0.0047
0.2005,1.107,1.2,0.0264,-0.0407,192.954,-4.0287,0,-0.0865,-0.0865,0.0102,0,0,-0.0245,-0.0098,0.0025
0.1996,1.0548,1.2,0.0304,-0.0407,193.0244,-3.9393,0,-0.0872,-0.0872,0.0128,0,0,-0.0245,-0.0098,0.0085
0.2,0.9806,1.2,0.0239,-0.0407,193.0879,-3.8478,0,-0.0814,-0.0814,0.0156,0,0,-0.0245,-0.0098,0.0154
0.1238,1.1281,1.2,0.0167,-0.0455,193.1526,-3.7614,0,-0.075,-0.075,0.0739,0,0,-0.0274,-0.011,0.0215
0.122,1.104,1.2,0.0096,-0.0455,193.2127,-3.6843,0,-0.0694,-0.0694,0.078,0,0,-0.0274,-0.011,0.0274
0.1963,1.0701,1.2,0.0024,-0.0455,193.2788,-3.5963,0,-0.0627,-0.0627,0.0793,0,0,-0.0274,-0.011,0.0295
0.2,0.9689,1.2,-0.0047,-0.0455,193.3392,-3.5091,0,-0.0556,-0.0556,0.0778,0,0,-0.0274,-0.011,0.0242
0.1611,1.0912,1.2,-0.0118,-0.0455,193.3932,-3.4292,0,-0.0398,-0.0398,0.0772,0,0,-0.0274,-0.011,0.0174
0.2,1.0516,1.2,-0.019,-0.0455,193.4571,-3.3487,0,-0.038,-0.038,0.0749,0,0,-0.0274,-0.011,0.0114
0.2,0.9565,1.2,-0.0261,-0.0455,193.5222,-3.2582,0,-0.0324,-0.0324,0.0727,0,0,-0.0274,-0.011,0.0064
0.1999,1.0193,1.2,-0.0189,-0.0228,193.5793,-3.1748,0,-0.021,-0.021,0.0484,0,0,-0.0137,-0.0055,-0.0006
0.1469,1.105,1.2,-0.0261,-0.0228,193.6404,-3.0974,0,-0.0181,-0.0181,0.0448,0,0,-0.0137,-0.0055,-0.0076
0.2001,1.0018,1.2,-0.0332,-0.0228,193.7098,-3.0121,0,-0.0216,-0.0216,0.0403,0,0,-0.0137,-0.0055,-0.0144
0.2,0.9785,1.2,-0.0404,-0.0228,193.7707,-2.9171,0,-0.0101,-0.0101,0.0362,0,0,-0.0137,-0.0055,-0.0208
0.162,1.0903,1.2,-0.0475,-0.0228,193.8295,-2.8333,0,-0.0011,-0.0011,0.0347,0,0,-0.0137,-0.0055,-0.0152
0.1234,1.1183,1.2,-0.0546,-0.0228,193.8926,-2.7542,0,-0.0013,-0.0013,0.0294,0,0,-0.0137,-0.0055,-0.0221
0.1998,1.0144,1.2,-0.0618,-0.0228,193.9641,-2.6645,0,-0.0026,-0.0026,0.0257,0,0,-0.0137,-0.0055,-0.0282
0.2,1.0041,1.2,-0.0624,-0.0319,194.0347,-2.5739,0,-0.0029,-0.0029,0.0093,0,0,-0.0192,-0.0077,-0.0337
0.1198,1.1375,1.2,-0.0553,-0.0319,194.102,-2.4935,0,-0.0081,-0.0081,-0.001,0,0,-0.0192,-0.0077,-0.0468
0.093,1.139,1.2,-0.0482,-0.0319,194.1559,-2.4166,0,-0.0074,-0.0074,-0.0122,0,0,-0.0192,-0.0077,-0.0545
0.2001,1.0407,1.2,-0.041,-0.0319,194.2174,-2.3219,0,0.003,0.003,-0.0151,0,0,-0.0192,-0.0077,-0.0609
0.2,0.9297,1.2,-0.0339,-0.0319,194.2879,-2.2506,0,-0.01,-0.01,-0.021,0,0,-0.0192,-0.0077,-0.0604
0.1332,1.1186,1.2,-0.0268,-0.0319,194.365,-2.1762,0,-0.0251,-0.0251,-0.0229,0,0,-0.0192,-0.0077,-0.0544
0.2,0.9985,1.2,-0.0328,-0.0306,194.4406,-2.093,0,-0.031,-0.031,0.0423,0,0,-0.0184,-0.0074,-0.0479
0.1909,1.0629,1.2,-0.0399,-0.0306,194.5074,-2.0155,0,-0.0266,-0.0266,0.043,0,0,-0.0184,-0.0074,-0.0358
0.1433,1.1156,1.2,-0.047,-0.0306,194.5672,-1.9337,0,-0.0152,-0.0152,0.0417,0,0,-0.0184,-0.0074,-0.0289
0.2,1.014,1.2,-0.0541,-0.0306,194.6429,-1.8555,0,-0.0215,-0.0215,0.041,0,0,-0.0184,-0.0074,-0.0225
0.2,1.0039,1.2,-0.0612,-0.0306,194.7119,-1.7822,0,-0.0252,-0.0252,0.0356,0,0,-0.0184,-0.0074,-0.028
0.2009,1.0806,1.2,-0.0579,-0.0306,194.7916,-1.7053,0,-0.0331,-0.0331,0.0291,0,0,-0.0184,-0.0074,-0.0344
0.2,0.9993,1.2,-0.0507,-0.0306,194.8615,-1.6236,0,-0.0335,-0.0335,0.0223,0,0,-0.0184,-0.0074,-0.0457
0.2002,1.0998,1.2,-0.0436,0.0168,194.9371,-1.5347,0,-0.0308,-0.0308,0.0173,0,0,0.0101,0.0041,-0.0531
0.1864,1.0671,1.2,-0.0365,0.0168,195.0175,-1.4555,0,-0.0393,-0.0393,0.011,0,0,0.0101,0.0041,-0.0603
0.0922,1.1567,1.2,-0.0293,0.0168,195.0884,-1.3806,0,-0.0443,-0.0443,0.0024,0,0,0.0101,0.0041,-0.0574
0.1351,1.1209,1.2,-0.0222,0.0168,195.1696,-1.3016,0,-0.0512,-0.0512,0.0026,0,0,0.0101,0.0041,-0.0509
0.2,1.0245,1.2,-0.0151,0.0168,195.2438,-1.2167,0,-0.0489,-0.0489,0.0037,0,0,0.0101,0.0041,-0.0428
0.1267,1.1252,1.2,-0.008,0.0168,195.3216,-1.1298,0,-0.0478,-0.0478,0.0027,0,0,0.0101,0.0041,-0.032
0.1158,1.1174,1.2,-0.0008,0.0403,195.3906,-1.0491,0,-0.0406,-0.0406,0.0424,0,0,0.0243,0.0097,-0.027
0.0812,1.1566,1.2,-0.008,0.0403,195.4678,-0.9657,0,-0.0359,-0.0359,0.0424,0,0,0.0243,0.0097,-0.0189
0.2002,1.0526,1.2,-0.0151,0.0403,195.5383,-0.896,0,-0.0383,-0.0383,0.0449,0,0,0.0243,0.0097,-0.0116
0.1351,1.1266,1.2,-0.0222,0.0403,195.6169,-0.8091,0,-0.031,-0.031,0.0451,0,0,0.0243,0.0097,-0.0065
0.2,0.9835,1.2,-0.0269,0.0403,195.6919,-0.7304,0,-0.032,-0.032,0.0459,0,0,0.0243,0.0097,0.0017
0.1015,1.1612,1.2,-0.0315,0.0403,195.7643,-0.6494,0,-0.0236,-0.0236,0.0418,0,0,0.0243,0.0097,-0.0045
0.195,1.0783,1.2,-0.0244,0.0883,195.8467,-0.5674,0,-0.0268,-0.0268,0.0485,0,0,0.0533,0.0213,-0.011
0.1749,1.0772,1.2,-0.0172,0.0883,195.9234,-0.4853,0,-0.0239,-0.0239,0.0435,0,0,0.0533,0.0213,-0.0182
0.0947,1.1535,1.2,-0.0101,0.0883,195.9902,-0.401,0,-0.0123,-0.0123,0.0362,0,0,0.0533,0.0213,-0.022
0.1057,1.114,1.2,-0.003,0.0883,196.0685,-0.3235,0,-0.0128,-0.0128,0.0351,0,0,0.0533,0.0213,-0.0262
0.1875,1.064,1.2,0.0037,0.0883,196.1445,-0.2477,0,-0.0146,-0.0146,0.0327,0,0,0.0533,0.0213,-0.0221
0.1997,1.0925,1.2,-0.0034,0.0883,196.2204,-0.1655,0,-0.0073,-0.0073,0.0361,0,0,0.0533,0.0213,-0.0136
0.2,1.0649,1.2,-0.0106,0.0883,196.2859,-0.0841,0,0.0049,0.0049,0.038,0,0,0.0533,0.0213,-0.0077
0.1603,1.1096,1.2,-0.0034,0.1277,196.3641,-0.0054,0,0.0114,0.0114,0.0724,0,0,0.0774,0.0309,-0.0028
0.1996,1.0356,1.2,-0.0021,0.1277,196.4372,0.0693,0,0.0124,0.0124,0.0701,0,0,0.0774,0.0309,0.0046
0.1569,1.1002,1.2,-0.0034,0.1277,196.5105,0.1435,0,0.02,0.02,0.0703,0,0,0.0774,0.0309,0.0032
0.1976,1.037,1.2,-0.0038,0.1277,196.5864,0.2298,0,0.0298,0.0298,0.0687,0,0,0.0774,0.0309,-0.0031
0.2,1.0342,1.2,-0.0055,0.1277,196.657,0.3141,0,0.0438,0.0438,0.0684,0,0,0.0774,0.0309,-0.0024
0.1154,1.14,1.2,-0.0075,0.1277,196.7308,0.3915,0,0.0544,0.0544,0.0685,0,0,0.0774,0.0309,0.0009
0.1359,1.0897,1.2,-0.0003,0.1869,196.8072,0.468,0,0.0548,0.0548,0.0179,0,0,0.1139,0.0455,0.0004
0.1698,1.0598,1.2,0.0068,0.1869,196.8854,0.5486,0,0.055,0.055,0.0169,0,0,0.1139,0.0455,-0.0003
0.168,1.0723,1.2,0.0139,0.1869,196.9578,0.6325,0,0.0621,0.0621,0.0161,0,0,0.1139,0.0455,-0.0018
0.1291,1.1131,1.2,0.0211,0.1869,197.0329,0.7155,0,0.0671,0.0671,0.0155,0,0,0.1139,0.0455,-0.0037
0.1292,1.0991,1.2,0.0282,0.1869,197.1078,0.7941,0,0.0693,0.0693,0.0168,0,0,0.1139,0.0455,-0.0004
0.12,1.1098,1.2,0.0354,0.1869,197.1839,0.8765,0,0.0741,0.0741,0.0199,0,0,0.1139,0.0455,0.0062
0.1491,1.0761,1.2,0.0425,0.1869,197.2551,0.9535,0,0.078,0.078,0.0225,0,0,0.1139,0.0455,0.0126
0.1262,1.1125,1.2,0.0496,0.215,197.3328,1.0383,0,0.0836,0.0836,0.0252,0,0,0.1315,0.0526,0.0183
0.1878,1.0395,1.2,0.0568,0.215,197.4031,1.1253,0,0.0953,0.0953,0.0287,0,0,0.1315,0.0526,0.0243
0.1081,1.1408,1.2,0.0639,0.215,197.4756,1.1981,0,0.0984,0.0984,0.0344,0,0,0.1315,0.0526,0.0307
0.1156,1.1094,1.2,0.0711,0.215,197.555,1.2779,0,0.0993,0.0993,0.0388,0,0,0.1315,0.0526,0.0376
0.2,1.0183,1.2,0.0782,0.215,197.6285,1.35,0,0.0983,0.0983,0.044,0,0,0.1315,0.0526,0.0455
0.1463,1.1162,1.2,0.0851,0.215,197.7012,1.4236,0,0.1027,0.1027,0.0507,0,0,0.1315,0.0526,0.0527
0.2,1.0193,1.2,0.0922,0.2718,197.7558,1.5099,0,0.1219,0.1219,-0.0462,0,0,0.1679,0.067,0.0642
0.2,1.026,1.2,0.0994,0.2718,197.8243,1.6007,0,0.1285,0.1285,-0.0386,0,0,0.1679,0.067,0.0695
0.2,1.0148,1.2,0.1065,0.2718,197.8929,1.683,0,0.1296,0.1296,-0.0325,0,0,0.1679,0.067,0.0742
0.1218,1.1302,1.2,0.1137,0.2718,197.96,1.7643,0,0.1302,0.1302,-0.0223,0,0,0.1679,0.067,0.0814
0.1627,1.0639,1.2,0.1208,0.2718,198.0291,1.8472,0,0.1316,0.1316,-0.0176,0,0,0.1679,0.067,0.0893
0.1866,1.0464,1.2,0.1279,0.2718,198.0937,1.9326,0,0.1385,0.1385,-0.0101,0,0,0.1679,0.067,0.0953
0.1716,1.0709,1.2,0.1351,0.2832,198.1569,2.0204,0,0.1467,0.1467,-0.1183,0,0,0.1753,0.07,0.1003
0.1731,1.0643,1.2,0.1422,0.2832,198.2203,2.104,0,0.1418,0.1418,-0.1095,0,0,0.1753,0.07,0.1073
0.1639,1.0757,1.2,0.1494,0.2832,198.2858,2.1978,0,0.1399,0.1399,-0.0998,0,0,0.1753,0.07,0.1134
0.1922,1.0427,1.2,0.1565,0.2832,198.3514,2.2886,0,0.1388,0.1388,-0.0909,0,0,0.1753,0.07,0.1196
0.1115,1.1385,1.2,0.1636,0.2832,198.4186,2.3834,0,0.1333,0.1333,-0.0768,0,0,0.1753,0.07,0.1257
0.1102,1.114,1.2,0.1708,0.2832,198.4821,2.4795,0,0.137,0.137,-0.0666,0,0,0.1753,0.07,0.1316
0.0725,1.1562,1.2,0.1779,0.2877,198.5386,2.5667,0,0.1347,0.1347,-0.1889,0,0,0.1783,0.0712,0.1406
0.0696,1.1464,1.2,0.1851,0.2877,198.591,2.662,0,0.1333,0.1333,-0.177,0,0,0.1783,0.0712,0.1465
0.173,1.0361,1.2,0.1922,0.2877,198.6514,2.7627,0,0.1357,0.1357,-0.1682,0,0,0.1783,0.0712,0.1531
0.0744,1.1711,1.2,0.1993,0.2877,198.7131,2.8563,0,0.1155,0.1155,-0.1435,0,0,0.1783,0.0712,0.1703
0.0485,1.1711,1.2,0.2065,0.2877,198.7658,2.9496,0,0.1128,0.1128,-0.1312,0,0,0.1783,0.0712,0.1703
0.0404,1.1711,1.2,0.2136,0.2877,198.8171,3.0371,0,0.1099,0.1099,-0.1155,0,0,0.1783,0.0712,0.179
0.2004,1.0127,1.2,0.2208,0.2877,198.8536,3.1325,0,0.1321,0.1321,-0.109,0,0,0.1783,0.0712,0.188
0.2,1.0127,1.2,0.2237,0.2824,198.8949,3.2248,0,0.1349,0.1349,-0.1831,0,0,0.1748,0.0698,0.1889
0.2,1.0152,1.2,0.2308,0.2824,198.9384,3.3177,0,0.1319,0.1319,-0.1659,0,0,0.1748,0.0698,0.1995
0.2,1.0152,1.2,0.238,0.2824,198.9856,3.4168,0,0.1274,0.1274,-0.1491,0,0,0.1748,0.0698,0.2082
0.2,1.0152,1.2,0.2451,0.2824,199.028,3.5194,0,0.1286,0.1286,-0.1338,0,0,0.1748,0.0698,0.2095
0.2,1.0281,1.2,0.2522,0.2824,199.0724,3.6087,0,0.1228,0.1228,-0.1171,0,0,0.1748,0.0698,0.2147
0.1371,1.1148,1.2,0.2594,0.2824,199.1173,3.7065,0,0.1165,0.1165,-0.0946,0,0,0.1748,0.0698,0.2186
0.2,0.9955,1.2,0.2665,0.2824,199.1497,3.8079,0,0.1329,0.1329,-0.0858,0,0,0.1748,0.0698,0.2251
0.1773,1.0757,1.2,0.2736,0.2987,199.1804,3.9194,0,0.1295,0.1295,-0.1744,0,0,0.1855,0.0741,0.23
0.1818,1.0717,1.2,0.2808,0.2987,199.2138,4.0242,0,0.1295,0.1295,-0.1562,0,0,0.1855,0.0741,0.238
0.0821,1.1657,1.2,0.2879,0.2987,199.2481,4.1279,0,0.1218,0.1218,-0.1307,0,0,0.1855,0.0741,0.2442
0.1135,1.1056,1.2,0.2951,0.2987,199.2739,4.2381,0,0.1351,0.1351,-0.1155,0,0,0.1855,0.0741,0.2506
0.181,1.0964,1.2,0.3022,0.2987,199.2936,4.343,0,0.1503,0.1503,-0.0953,0,0,0.1855,0.0741,0.2573
0.1145,1.1427,1.2,0.3093,0.3013,199.3139,4.4459,0,0.1578,0.1578,-0.1604,0,0,0.1872,0.0748,0.2638
0.1981,1.0824,1.2,0.3165,0.3013,199.339,4.5497,0,0.1631,0.1631,-0.1411,0,0,0.1872,0.0748,0.2775
0.2,1.0617,1.2,0.3236,0.3013,199.366,4.6611,0,0.1632,0.1632,-0.1215,0,0,0.1872,0.0748,0.2844
0.2002,1.0761,1.2,0.3234,0.3013,199.3889,4.7632,0,0.1648,0.1648,-0.0975,0,0,0.1872,0.0748,0.2902
0.1017,1.1522,1.2,0.3163,0.3013,199.4003,4.8735,0,0.177,0.177,-0.0671,0,0,0.1872,0.0748,0.2991
0.2,1.0538,1.2,0.3091,0.3013,199.409,4.9844,0,0.1986,0.1986,-0.0527,0,0,0.1872,0.0748,0.3037
0.1262,1.1256,1.2,0.3163,0.3088,199.4243,5.0902,0,0.2042,0.2042,-0.1829,0,0,0.1922,0.0767,0.3108
0.1018,1.1312,1.2,0.3234,0.3088,199.4325,5.1958,0,0.2051,0.2051,-0.1584,0,0,0.1922,0.0767,0.3166
0.1999,1.0802,1.2,0.3305,0.3088,199.4406,5.3049,0,0.2092,0.2092,-0.1427,0,0,0.1922,0.0767,0.3124
0.1794,1.0737,1.2,0.3377,0.3088,199.4464,5.4133,0,0.212,0.212,-0.1229,0,0,0.1922,0.0767,0.3077
0.1523,1.1079,1.2,0.3306,0.3088,199.4381,5.5265,0,0.2273,0.2273,-0.097,0,0,0.1922,0.0767,0.3081
0.1423,1.0985,1.2,0.3235,0.3088,199.4315,5.6419,0,0.2446,0.2446,-0.0718,0,0,0.1922,0.0767,0.3145
0.0791,1.1581,1.2,0.3163,0.2736,199.4253,5.7643,0,0.2461,0.2461,-0.2275,0,0,0.169,0.0675,0.3217
0.0467,1.1778,1.2,0.3235,0.2736,199.4146,5.8908,0,0.2415,0.2415,-0.1986,0,0,0.169,0.0675,0.3273
-0.0253,1.2444,1.2,0.3306,0.2736,199.4059,6.0022,0,0.2337,0.2337,-0.1687,0,0,0.169,0.0675,0.3249
0.0518,1.134,1.2,0.3377,0.2736,199.3963,6.1211,0,0.239,0.239,-0.1595,0,0,0.169,0.0675,0.317
0.1517,1.134,1.2,0.3306,0.2736,199.3883,6.2513,0,0.2338,0.2338,-0.1333,0,0,0.169,0.0675,0.3106
0.0348,1.2051,1.2,0.3235,0.2201,199.3701,6.3742,0,0.2249,0.2249,-0.2458,0,0,0.1347,0.0538,0.3153
-0.1171,1.3148,1.2,0.3306,0.2201,199.3317,6.4939,0,0.222,0.222,-0.2069,0,0,0.1347,0.0538,0.3226
-0.0856,1.2542,1.2,0.3377,0.2201,199.2868,6.6126,0,0.2443,0.2443,-0.1853,0,0,0.1347,0.0538,0.3288
-0.1432,1.2882,1.2,0.3306,0.2201,199.2426,6.736,0,0.2537,0.2537,-0.1592,0,0,0.1347,0.0538,0.3235
-0.1466,1.303,1.2,0.3235,0.2201,199.2214,6.8614,0,0.2495,0.2495,-0.1252,0,0,0.1347,0.0538,0.3172
-0.1995,1.3399,1.2,0.3163,0.1745,199.1846,6.9938,0,0.2375,0.2375,-0.2002,0,0,0.1062,0.0424,0.3238
-0.1492,1.2867,1.2,0.3234,0.1745,199.1274,7.119,0,0.253,0.253,-0.18,0,0,0.1062,0.0424,0.3287
-0.2,1.3839,1.2,0.3163,0.1745,199.0686,7.2431,0,0.257,0.257,-0.148,0,0,0.1062,0.0424,0.3233
-0.2,1.4014,1.2,0.3092,0.1745,199.0333,7.3579,0,0.2603,0.2603,-0.1116,0,0,0.1062,0.0424,0.3175
-0.2,1.4,1.2,0.302,0.1438,198.9782,7.4599,0,0.2771,0.2771,-0.2129,0,0,0.0872,0.0349,0.3114
-0.0757,1.2231,1.2,0.304,0.1438,198.9066,7.5785,0,0.3051,0.3051,-0.2043,0,0,0.0872,0.0349,0.3163
-0.0052,1.1839,1.2,0.2969,0.1438,198.8512,7.6871,0,0.3053,0.3053,-0.1915,0,0,0.0872,0.0349,0.3101
-0.2,1.4129,1.2,0.2898,0.1438,198.7855,7.8074,0,0.2912,0.2912,-0.1442,0,0,0.0872,0.0349,0.3035
-0.0852,1.2308,1.2,0.2826,0.1438,198.744,7.9148,0,0.2959,0.2959,-0.1363,0,0,0.0872,0.0349,0.2976
-0.2,1.3946,1.2,0.2755,0.0996,198.6735,8.0253,0,0.2971,0.2971,-0.2172,0,0,0.0602,0.0241,0.2988
-0.0084,1.1552,1.2,0.2825,0.0996,198.5948,8.1398,0,0.3183,0.3183,-0.2255,0,0,0.0602,0.0241,0.2931
-0.1272,1.3263,1.2,0.2754,0.0996,198.5334,8.2473,0,0.2967,0.2967,-0.1809,0,0,0.0602,0.0241,0.2861
-0.2,1.3984,1.2,0.2683,0.0996,198.4733,8.341,0,0.2862,0.2862,-0.1601,0,0,0.0602,0.0241,0.2793
-0.1098,1.2576,1.2,0.2611,0.0996,198.3915,8.4426,0,0.3053,0.3053,-0.1565,0,0,0.0602,0.0241,0.2696
0.0592,1.1206,1.2,0.254,0.0996,198.3138,8.5467,0,0.3204,0.3204,-0.1442,0,0,0.0602,0.0241,0.2776
-0.1181,1.3199,1.2,0.2468,0.0517,198.2264,8.6519,0,0.3116,0.3116,-0.1891,0,0,0.0312,0.0125,0.2692
-0.1372,1.3113,1.2,0.2397,0.0517,198.1436,8.7453,0,0.3204,0.3204,-0.1675,0,0,0.0312,0.0125,0.2619
-0.2,1.383,1.2,0.2326,0.0517,198.0595,8.8343,0,0.3212,0.3212,-0.1484,0,0,0.0312,0.0125,0.2552
-0.1239,1.272,1.2,0.2254,0.0517,197.9694,8.9243,0,0.3401,0.3401,-0.142,0,0,0.0312,0.0125,0.2485
-0.0674,1.235,1.2,0.2183,0.0517,197.8754,9.0217,0,0.3507,0.3507,-0.1294,0,0,0.0312,0.0125,0.2417
-0.1021,1.2879,1.2,0.2111,0.0203,197.7832,9.1224,0,0.3454,0.3454,-0.1691,0,0,0.0122,0.0049,0.2338
-0.1826,1.3632,1.2,0.204,0.0203,197.6988,9.2219,0,0.3428,0.3428,-0.1338,0,0,0.0122,0.0049,0.2275
-0.2,1.3647,1.2,0.1969,0.0203,197.6031,9.3205,0,0.3381,0.3381,-0.1282,0,0,0.0122,0.0049,0.223
-0.1744,1.3215,1.2,0.1897,0.0203,197.5007,9.4236,0,0.3446,0.3446,-0.1149,0,0,0.0122,0.0049,0.2167
-0.2001,1.369,1.2,0.1826,0.0203,197.3888,9.5175,0,0.3593,0.3593,-0.0955,0,0,0.0122,0.0049,0.2094
-0.2,1.459,1.2,0.1754,-0.0032,197.2919,9.6133,0,0.3627,0.3627,-0.0634,0,0,-0.0019,-0.0008,0.2026
-0.2,1.4731,1.2,0.1683,-0.0032,197.1943,9.7075,0,0.3644,0.3644,-0.0568,0,0,-0.0019,-0.0008,0.1971
-0.2,1.3652,1.2,0.1612,-0.0032,197.1042,9.8016,0,0.3798,0.3798,-0.0357,0,0,-0.0019,-0.0008,0.1888
-0.1961,1.3506,1.2,0.154,-0.0032,197.0033,9.8983,0,0.38,0.38,-0.0338,0,0,-0.0019,-0.0008,0.1834
-0.1608,1.3117,1.2,0.1469,-0.0032,196.8933,9.9771,0,0.4057,0.4057,-0.025,0,0,-0.0019,-0.0008,0.1758
-0.2,1.3881,1.2,0.1449,0.0029,196.7681,10.0665,0,0.4393,0.4393,0.05,0,0,0.0017,0.0007,0.1709
-0.2,1.3594,1.2,0.1378,0.0029,196.6597,10.1499,0,0.4659,0.4659,0.0563,0,0,0.0017,0.0007,0.1582
-0.2,1.5432,1.2,0.1307,0.0029,196.5596,10.2342,0,0.4941,0.4941,0.0752,0,0,0.0017,0.0007,0.1513
-0.2,1.3682,1.2,0.1235,0.0029,196.4585,10.3159,0,0.5113,0.5113,0.0766,0,0,0.0017,0.0007,0.1453
-0.1551,1.306,1.2,0.1164,0.0029,196.357,10.3848,0,0.54,0.54,0.082,0,0,0.0017,0.0007,0.1412
-0.1329,1.297,1.2,0.1093,0.0029,196.2545,10.4624,0,0.5655,0.5655,0.0896,0,0,0.0017,0.0007,0.1358
-0.0608,1.2257,1.2,0.1164,0.035,196.1432,10.5408,0,0.5793,0.5793,-0.0061,0,0,0.0211,0.0084,0.1292
-0.0941,1.2819,1.2,0.1093,0.035,196.0334,10.6206,0,0.5914,0.5914,-0.0037,0,0,0.0211,0.0084,0.1225
-0.1732,1.3518,1.2,0.1021,0.035,195.938,10.7053,0,0.6031,0.6031,0.0179,0,0,0.0211,0.0084,0.1166
-0.1812,1.3464,1.2,0.095,0.035,195.831,10.7693,0,0.6278,0.6278,0.0214,0,0,0.0211,0.0084,0.1105
-0.1193,1.2724,1.2,0.0879,0.035,195.731,10.8396,0,0.6441,0.6441,0.0277,0,0,0.0211,0.0084,0.1161
-0.074,1.2432,1.2,0.0807,-0.0111,195.6229,10.912,0,0.6625,0.6625,0.1229,0,0,-0.0067,-0.0027,0.1107
-0.0366,1.2162,1.2,0.0736,-0.0111,195.5181,10.9787,0,0.696,0.696,0.1297,0,0,-0.0067,-0.0027,0.1057
-0.0942,1.2895,1.2,0.0665,-0.0111,195.4038,11.0403,0,0.7461,0.7461,0.1387,0,0,-0.0067,-0.0027,0.0994
-0.0646,1.2399,1.2,0.0593,-0.0111,195.3026,11.1063,0,0.774,0.774,0.142,0,0,-0.0067,-0.0027,0.0943
-0.1075,1.2985,1.2,0.0522,-0.0111,195.1983,11.1603,0,0.8181,0.8181,0.1444,0,0,-0.0067,-0.0027,0.0854
-0.0326,1.2026,1.2,0.0451,-0.0111,195.0854,11.2208,0,0.8536,0.8536,0.1443,0,0,-0.0067,-0.0027,0.0786
0.0185,1.1697,1.2,0.0522,0.0373,194.978,11.2844,0,0.8831,0.8831,0.0919,0,0,0.0225,0.009,0.0719
-0.0686,1.2749,1.2,0.0451,0.0373,194.8679,11.3608,0,0.9077,0.9077,0.0909,0,0,0.0225,0.009,0.0636
-0.0531,1.2362,1.2,0.0379,0.0373,194.7757,11.4282,0,0.9276,0.9276,0.0995,0,0,0.0225,0.009,0.0546
-0.1411,1.3291,1.2,0.0308,0.0373,194.6888,11.5049,0,0.9374,0.9374,0.1002,0,0,0.0225,0.009,0.046
0.0295,1.1374,1.2,0.0236,0.0373,194.5946,11.5701,0,0.9477,0.9477,0.1017,0,0,0.0225,0.009,0.0502
0.0556,1.1483,1.2,0.0165,0.0373,194.4891,11.6345,0,0.9728,0.9728,0.0983,0,0,0.0225,0.009,0.0474
0.0714,1.1372,1.2,0.0094,0.0142,194.3914,11.6994,0,0.9945,0.9945,0.0792,0,0,0.0085,0.0034,0.0407
-0.0034,1.2242,1.2,0.0022,0.0142,194.2968,11.7615,0,1,1.0172,0.0814,0,0,0.0085,0.0034,0.0342
0.0298,1.166,1.2,-0.0049,0.0142,194.1969,11.8117,0,1,1.0452,0.0797,0,0,0.0085,0.0034,0.0279
0.0816,1.1234,1.2,-0.012,0.0142,194.0975,11.8705,0,1,1.0665,0.0773,0,0,0.0085,0.0034,0.0219
0.1065,1.1098,1.2,-0.0192,0.0142,194.0028,11.9348,0,1,1.0792,0.0701,0,0,0.0085,0.0034,0.0135
0.0818,1.1443,1.2,-0.0263,0.0142,193.9055,12.0054,0,1,1.0909,0.0641,0,0,0.0085,0.0034,0.0072
0.0809,1.1342,1.2,-0.0335,0.0019,193.8128,12.0733,0,1,1.104,0.0478,0,0,0.0011,0.0005,0.0025
0.0312,1.1909,1.2,-0.0406,0.0019,193.724,12.1311,0,1,1.1195,0.045,0,0,0.0011,0.0005,-0.0035
0.0654,1.1403,1.2,-0.0477,0.0019,193.6258,12.1955,0,1,1.1304,0.0358,0,0,0.0011,0.0005,-0.0106
0.1662,1.051,1.2,-0.0549,0.0019,193.5336,12.263,0,1,1.135,0.0272,0,0,0.0011,0.0005,-0.02
0.0825,1.161,1.2,-0.062,0.0019,193.4492,12.3354,0,1,1.1343,0.0196,0,0,0.0011,0.0005,-0.0258
0.0843,1.1317,1.2,-0.0692,0.0019,193.3561,12.4116,0,1,1.1351,0.013,0,0,0.0011,0.0005,-0.0331
0.1437,1.1035,1.2,-0.0763,-0.0088,193.2763,12.4745,0,1,1.1349,-0.0525,0,0,-0.0053,-0.0021,-0.0434
0.0476,1.1932,1.2,-0.0834,-0.0088,193.1841,12.5447,0,1,1.1293,-0.0628,0,0,-0.0053,-0.0021,-0.0509
0.2,1.0067,1.2,-0.0906,-0.0088,193.0912,12.6131,0,1,1.1355,-0.0661,0,0,-0.0053,-0.0021,-0.0552
0.1091,1.1474,1.2,-0.0977,-0.0088,193.0063,12.6842,0,1,1.1228,-0.0771,0,0,-0.0053,-0.0021,-0.0623
0.0884,1.1417,1.2,-0.1049,-0.0088,192.9208,12.7523,0,1,1.1181,-0.085,0,0,-0.0053,-0.0021,-0.0694
0.1999,1.0978,1.2,-0.112,-0.0088,192.8381,12.8249,0,1,1.1095,-0.093,0,0,-0.0053,-0.0021,-0.0772
0.1488,1.0827,1.2,-0.1191,-0.0088,192.7547,12.9025,0,1,1.0964,-0.1021,0,0,-0.0053,-0.0021,-0.0837
0.1719,1.0917,1.2,-0.1263,-0.041,192.673,12.9825,0,1,1.0843,-0.0608,0,0,-0.0247,-0.0099,-0.0897
0.1132,1.1309,1.2,-0.1334,-0.041,192.5856,13.0606,0,1,1.0761,-0.0721,0,0,-0.0247,-0.0099,-0.0962
0.0955,1.1353,1.2,-0.1406,-0.041,192.4926,13.1372,0,1,1.0741,-0.0822,0,0,-0.0247,-0.0099,-0.1031
0.0654,1.1623,1.2,-0.1477,-0.041,192.4074,13.2276,0,1,1.0551,-0.0933,0,0,-0.0247,-0.0099,-0.1077
0.0292,1.1922,1.2,-0.1548,-0.041,192.3207,13.3094,0,1,1.0426,-0.1057,0,0,-0.0247,-0.0099,-0.1148
-0.0215,1.2341,1.2,-0.1477,-0.0176,192.2372,13.4054,0,1,1.0168,-0.103,0,0,-0.0106,-0.0042,-0.1213
0.0089,1.1823,1.2,-0.1548,-0.0176,192.1614,13.4987,0,0.9939,0.9939,-0.1138,0,0,-0.0106,-0.0042,-0.1285
-0.0572,1.2657,1.2,-0.1549,-0.0176,192.0782,13.5908,0,0.9687,0.9687,-0.13,0,0,-0.0106,-0.0042,-0.1345
-0.0151,1.1969,1.2,-0.1478,-0.0176,192.0127,13.6733,0,0.9488,0.9488,-0.1394,0,0,-0.0106,-0.0042,-0.1411
-0.0361,1.2339,1.2,-0.1407,-0.0176,191.9389,13.7623,0,0.9219,0.9219,-0.1541,0,0,-0.0106,-0.0042,-0.1477
0.1617,1.0499,1.2,-0.1335,-0.0176,191.8639,13.85,0,0.915,0.915,-0.1563,0,0,-0.0106,-0.0042,-0.1481
0.0923,1.1502,1.2,-0.1264,-0.0176,191.7981,13.9311,0,0.8843,0.8843,-0.1727,0,0,-0.0106,-0.0042,-0.1518
0.0761,1.1467,1.2,-0.1193,-0.0108,191.7333,14.0099,0,0.8632,0.8632,-0.1961,0,0,-0.0065,-0.0026,-0.143
0.1777,1.039,1.2,-0.1121,-0.0108,191.6647,14.0939,0,0.8506,0.8506,-0.1995,0,0,-0.0065,-0.0026,-0.1394
0.2,1.0137,1.2,-0.105,-0.0108,191.5883,14.1786,0,0.8363,0.8363,-0.2029,0,0,-0.0065,-0.0026,-0.1329
0.1754,1.0775,1.2,-0.0978,-0.0108,191.5175,14.2598,0,0.8111,0.8111,-0.2112,0,0,-0.0065,-0.0026,-0.1261
0.1153,1.1308,1.2,-0.0907,-0.0108,191.4413,14.3501,0,0.7834,0.7834,-0.2186,0,0,-0.0065,-0.0026,-0.1178
0.1621,1.0679,1.2,-0.0836,-0.0108,191.3691,14.4363,0,0.7703,0.7703,-0.2191,0,0,-0.0065,-0.0026,-0.1111
0.0717,1.1709,1.2,-0.0865,-0.0226,191.297,14.519,0,0.7421,0.7421,-0.1869,0,0,-0.0136,-0.0055,-0.1058
0.1011,1.1149,1.2,-0.0801,-0.0226,191.2248,14.6102,0,0.7274,0.7274,-0.1891,0,0,-0.0136,-0.0055,-0.0986
0.1997,1.086,1.2,-0.074,-0.0226,191.1566,14.7027,0,0.7067,0.7067,-0.1925,0,0,-0.0136,-0.0055,-0.0928
0.1009,1.154,1.2,-0.0669,-0.0226,191.0835,14.7935,0,0.6813,0.6813,-0.1984,0,0,-0.0136,-0.0055,-0.0859
0.0867,1.1405,1.2,-0.0598,-0.0226,191.0155,14.8821,0,0.662,0.662,-0.2022,0,0,-0.0136,-0.0055,-0.0827
0.0688,1.1548,1.2,-0.0527,-0.0226,190.9508,14.9706,0,0.6365,0.6365,-0.2091,0,0,-0.0136,-0.0055,-0.0803
0.1068,1.1077,1.2,-0.0456,-0.0226,190.8832,15.0646,0,0.6167,0.6167,-0.2117,0,0,-0.0136,-0.0055,-0.0748
0.2003,1.0872,1.2,-0.0384,-0.0023,190.8175,15.163,0,0.5925,0.5925,-0.1836,0,0,-0.0014,-0.0006,-0.0681
0.1075,1.1487,1.2,-0.0363,-0.0023,190.7503,15.2549,0,0.5687,0.5687,-0.1851,0,0,-0.0014,-0.0006,-0.0614
0.0552,1.1744,1.2,-0.0307,-0.0023,190.6871,15.3418,0,0.5468,0.5468,-0.1891,0,0,-0.0014,-0.0006,-0.054
0.0826,1.1293,1.2,-0.0269,-0.0023,190.6277,15.4263,0,0.5315,0.5315,-0.1898,0,0,-0.0014,-0.0006,-0.043
0.1829,1.0654,1.2,-0.0251,-0.0023,190.5672,15.5062,0,0.5223,0.5223,-0.1904,0,0,-0.0014,-0.0006,-0.0345
0.2001,1.0242,1.2,-0.0221,-0.0023,190.5003,15.5888,0,0.5142,0.5142,-0.1911,0,0,-0.0014,-0.0006,-0.031
0.2,0.9933,1.2,-0.0191,-0.0023,190.4251,15.6817,0,0.5033,0.5033,-0.193,0,0,-0.0014,-0.0006,-0.0262
0.2,1.0532,1.2,-0.012,0.0131,190.3612,15.7652,0,0.4807,0.4807,-0.2136,0,0,0.0079,0.0032,-0.022
0.0713,1.1831,1.2,-0.0049,0.0131,190.2872,15.8473,0,0.4572,0.4572,-0.2173,0,0,0.0079,0.0032,-0.0201
0.1744,1.0421,1.2,0.0023,0.0131,190.2267,15.934,0,0.4517,0.4517,-0.2164,0,0,0.0079,0.0032,-0.0172
0.1509,1.0936,1.2,0.0094,0.0131,190.161,16.0235,0,0.4253,0.4253,-0.22,0,0,0.0079,0.0032,-0.0143
0.1994,1.0482,1.2,0.0166,0.0131,190.1029,16.1175,0,0.403,0.403,-0.2188,0,0,0.0079,0.0032,-0.0095
0.152,1.0999,1.2,0.0237,0.0131,190.046,16.2075,0,0.373,0.373,-0.2155,0,0,0.0079,0.0032,0.0004
0.1999,1.0551,1.2,0.0224,0.0031,189.9749,16.2915,0,0.3673,0.3673,-0.2084,0,0,0.0019,0.0008,0.0077
0.1999,1.0551,1.2,0.0295,0.0031,189.908,16.387,0,0.3462,0.3462,-0.2061,0,0,0.0019,0.0008,0.0141
0.1605,1.0918,1.2,0.0366,0.0031,189.8382,16.4758,0,0.329,0.329,-0.2024,0,0,0.0019,0.0008,0.0185
0.0864,1.1558,1.2,0.0438,0.0031,189.7733,16.5683,0,0.3025,0.3025,-0.1994,0,0,0.0019,0.0008,0.0231
0.128,1.1207,1.2,0.0509,0.0031,189.7081,16.6594,0,0.2872,0.2872,-0.1975,0,0,0.0019,0.0008,0.0245
0.1134,1.12,1.2,0.058,0.0031,189.6404,16.753,0,0.2693,0.2693,-0.1932,0,0,0.0019,0.0008,0.031
0.13,1.1115,1.2,0.0652,0.0065,189.5769,16.8492,0,0.2463,0.2463,-0.2049,0,0,0.0039,0.0016,0.0381
0.0888,1.1454,1.2,0.0723,0.0065,189.5081,16.9411,0,0.2257,0.2257,-0.1989,0,0,0.0039,0.0016,0.0451
0.0802,1.1428,1.2,0.0794,0.0065,189.4468,17.0288,0,0.2068,0.2068,-0.1932,0,0,0.0039,0.0016,0.0509
0.0845,1.1388,1.2,0.0865,0.0065,189.3849,17.1115,0,0.1927,0.1927,-0.1856,0,0,0.0039,0.0016,0.0617
0.2,1.0613,1.2,0.0936,0.0065,189.3127,17.1882,0,0.1984,0.1984,-0.1764,0,0,0.0039,0.0016,0.0691
0.2,1.0255,1.2,0.1008,0.0065,189.2469,17.2776,0,0.1834,0.1834,-0.1727,0,0,0.0039,0.0016,0.0755
0.2003,1.051,1.2,0.1079,0.0065,189.1828,17.3675,0,0.1625,0.1625,-0.1653,0,0,0.0039,0.0016,0.0832
0.1518,1.1004,1.2,0.1076,-0.0023,189.1051,17.4544,0,0.1537,0.1537,-0.1553,0,0,-0.0014,-0.0005,0.0899
0.1457,1.0953,1.2,0.1147,-0.0023,189.0337,17.5398,0,0.1428,0.1428,-0.1506,0,0,-0.0014,-0.0005,0.0952
0.0815,1.1608,1.2,0.1218,-0.0023,188.9637,17.6262,0,0.1267,0.1267,-0.1404,0,0,-0.0014,-0.0005,0.1031
0.2007,1.1052,1.2,0.129,-0.0023,188.8843,17.7088,0,0.1303,0.1303,-0.1309,0,0,-0.0014,-0.0005,0.1085
0.1484,1.1038,1.2,0.1361,-0.0023,188.8064,17.789,0,0.1273,0.1273,-0.1269,0,0,-0.0014,-0.0005,0.1086
0.0961,1.1424,1.2,0.142,-0.0038,188.711,17.8771,0,0.1321,0.1321,-0.1335,0,0,-0.0023,-0.0009,0.1156
0.1092,1.1104,1.2,0.1422,-0.0038,188.6222,17.9627,0,0.135,0.135,-0.1244,0,0,-0.0023,-0.0009,0.1216
-0.0778,1.2984,1.2,0.1351,-0.0038,188.5442,18.045,0,0.1213,0.1213,-0.1057,0,0,-0.0023,-0.0009,0.1278
-0.0508,1.2282,1.2,0.1298,-0.0038,188.4691,18.1364,0,0.1114,0.1114,-0.1004,0,0,-0.0023,-0.0009,0.1342
0.0556,1.1288,1.2,0.1227,-0.0038,188.3794,18.2237,0,0.1196,0.1196,-0.0892,0,0,-0.0023,-0.0009,0.1389
0.0421,1.173,1.2,0.1155,-0.0038,188.2868,18.2935,0,0.1332,0.1332,-0.0778,0,0,-0.0023,-0.0009,0.1389
-0.0389,1.2503,1.2,0.1084,-0.0158,188.1901,18.3683,0,0.1451,0.1451,-0.0508,0,0,-0.0095,-0.0038,0.1328
0.0294,1.1606,1.2,0.1012,-0.0158,188.1009,18.4481,0,0.1515,0.1515,-0.0525,0,0,-0.0095,-0.0038,0.1283
-0.0128,1.2205,1.2,0.0941,-0.0158,188.0028,18.5308,0,0.1627,0.1627,-0.0406,0,0,-0.0095,-0.0038,0.1223
0.0069,1.189,1.2,0.087,-0.0158,187.9099,18.6101,0,0.1731,0.1731,-0.0353,0,0,-0.0095,-0.0038,0.1165
-0.0792,1.2811,1.2,0.0798,-0.0158,187.8208,18.703,0,0.1654,0.1654,-0.0315,0,0,-0.0095,-0.0038,0.1109
-0.0389,1.2175,1.2,0.0727,-0.0158,187.7254,18.7792,0,0.1809,0.1809,-0.0263,0,0,-0.0095,-0.0038,0.1045
-0.0862,1.2767,1.2,0.0739,-0.0059,187.6353,18.8575,0,0.1895,0.1895,0.0086,0,0,-0.0036,-0.0014,0.0979
-0.0412,1.2186,1.2,0.0668,-0.0059,187.5517,18.9417,0,0.1899,0.1899,0.0077,0,0,-0.0036,-0.0014,0.0911
0.0045,1.1845,1.2,0.0596,-0.0059,187.4535,19.0155,0,0.2144,0.2144,0.0182,0,0,-0.0036,-0.0014,0.0835
0.0235,1.1766,1.2,0.0525,-0.0059,187.3637,19.0964,0,0.2195,0.2195,0.0154,0,0,-0.0036,-0.0014,0.0773
-0.0245,1.2306,1.2,0.0453,-0.0059,187.2754,19.1744,0,0.2282,0.2282,0.0189,0,0,-0.0036,-0.0014,0.078
-0.0066,1.1988,1.2,0.0516,0.0098,187.1725,19.2476,0,0.2545,0.2545,-0.0135,0,0,0.0059,0.0024,0.0715
0.0263,1.1688,1.2,0.0445,0.0098,187.0858,19.3227,0,0.2564,0.2564,-0.018,0,0,0.0059,0.0024,0.0647
-0.0486,1.2629,1.2,0.0374,0.0098,186.995,19.4039,0,0.2564,0.2564,-0.0198,0,0,0.0059,0.0024,0.0527
0.0471,1.1366,1.2,0.0302,0.0098,186.8907,19.4735,0,0.2824,0.2824,-0.0134,0,0,0.0059,0.0024,0.0457
0.0087,1.2077,1.2,0.0231,0.0098,186.7992,19.5541,0,0.2835,0.2835,-0.0131,0,0,0.0059,0.0024,0.0511
-0.05,1.2546,1.2,0.016,0.0098,186.6957,19.6307,0,0.3012,0.3012,-0.0067,0,0,0.0059,0.0024,0.0444
-0.024,1.2078,1.2,0.0088,-0.0117,186.591,19.7013,0,0.3208,0.3208,0.0141,0,0,-0.0071,-0.0028,0.0381
-0.0847,1.2837,1.2,0.0017,-0.0117,186.4942,19.7793,0,0.3328,0.3328,0.0144,0,0,-0.0071,-0.0028,0.0308
-0.0755,1.2519,1.2,-0.0054,-0.0117,186.3991,19.8639,0,0.3357,0.3357,0.0102,0,0,-0.0071,-0.0028,0.0261
-0.0566,1.2338,1.2,-0.0126,-0.0117,186.3046,19.9489,0,0.3389,0.3389,0.0077,0,0,-0.0071,-0.0028,0.0211
-0.0756,1.2615,1.2,-0.0197,-0.0117,186.1933,20.0252,0,0.3631,0.3631,0.0094,0,0,-0.0071,-0.0028,0.0133
-0.0805,1.2602,1.2,-0.0181,-0.0012,186.0918,20.1024,0,0.375,0.375,0.0245,0,0,-0.0007,-0.0003,0.007
-0.1834,1.341,1.2,-0.0252,-0.0012,185.9918,20.1914,0,0.3824,0.3824,0.0215,0,0,-0.0007,-0.0003,0.003
-0.1228,1.2638,1.2,-0.0324,-0.0012,185.8931,20.2789,0,0.3872,0.3872,0.0162,0,0,-0.0007,-0.0003,-0.0036
-0.1925,1.3259,1.2,-0.0395,-0.0012,185.8028,20.3627,0,0.3903,0.3903,0.0112,0,0,-0.0007,-0.0003,-0.0123
-0.1555,1.3071,1.2,-0.0466,-0.0012,185.701,20.4474,0,0.4,0.4,0.0074,0,0,-0.0007,-0.0003,-0.0128
-0.0631,1.2223,1.2,-0.0538,-0.0012,185.6064,20.5236,0,0.4102,0.4102,0.0024,0,0,-0.0007,-0.0003,-0.0187
-0.1918,1.3111,1.2,-0.0534,0.0077,185.5267,20.615,0,0.3961,0.3961,-0.0366,0,0,0.0046,0.0018,-0.0229
-0.053,1.2029,1.2,-0.0605,0.0077,185.4418,20.6946,0,0.3941,0.3941,-0.0441,0,0,0.0046,0.0018,-0.0314
-0.0216,1.2036,1.2,-0.0676,0.0077,185.3572,20.7754,0,0.3897,0.3897,-0.0507,0,0,0.0046,0.0018,-0.0367
0.0352,1.1538,1.2,-0.0747,0.0077,185.2671,20.8548,0,0.3911,0.3911,-0.0585,0,0,0.0046,0.0018,-0.0493
0.0473,1.1589,1.2,-0.0818,0.0077,185.165,20.9336,0,0.3998,0.3998,-0.0652,0,0,0.0046,0.0018,-0.0518
0.0247,1.1899,1.2,-0.0799,0.0077,185.0765,21.0088,0,0.4,0.4,-0.074,0,0,0.0046,0.0018,-0.056
-0.0646,1.2756,1.2,-0.0871,-0.0095,184.9999,21.099,0,0.3803,0.3803,-0.0634,0,0,-0.0057,-0.0023,-0.0634
0.0391,1.1483,1.2,-0.0942,-0.0095,184.9165,21.192,0,0.3717,0.3717,-0.0698,0,0,-0.0057,-0.0023,-0.0692
0.0352,1.1752,1.2,-0.0879,-0.0095,184.8339,21.2796,0,0.3614,0.3614,-0.0796,0,0,-0.0057,-0.0023,-0.0765
-0.0277,1.2398,1.2,-0.0807,-0.0095,184.7515,21.3695,0,0.348,0.348,-0.0881,0,0,-0.0057,-0.0023,-0.0776
-0.0031,1.1938,1.2,-0.0743,-0.0095,184.6579,21.4494,0,0.353,0.353,-0.097,0,0,-0.0057,-0.0023,-0.0828
-0.0104,1.2097,1.2,-0.0672,-0.0095,184.5717,21.5404,0,0.3438,0.3438,-0.1047,0,0,-0.0057,-0.0023,-0.0884
-0.0173,1.2152,1.2,-0.0601,0.0016,184.4967,21.6343,0,0.3244,0.3244,-0.1263,0,0,0.0009,0.0004,-0.0851
-0.0454,1.2427,1.2,-0.0529,0.0016,184.4226,21.7246,0,0.3051,0.3051,-0.1308,0,0,0.0009,0.0004,-0.0804
-0.0069,1.1935,1.2,-0.0458,0.0016,184.3366,21.8142,0,0.3002,0.3002,-0.1318,0,0,0.0009,0.0004,-0.0732
0.0369,1.1584,1.2,-0.0386,0.0016,184.2574,21.8979,0,0.2939,0.2939,-0.1338,0,0,0.0009,0.0004,-0.0665
-0.0192,1.2304,1.2,-0.0315,0.0016,184.1834,21.9796,0,0.2779,0.2779,-0.1383,0,0,0.0009,0.0004,-0.0594
0.0512,1.1416,1.2,-0.0244,0.0016,184.1116,22.072,0,0.2646,0.2646,-0.1387,0,0,0.0009,0.0004,-0.0542
0.1537,1.0917,1.2,-0.0261,-0.0089,184.0362,22.159,0,0.2561,0.2561,-0.1234,0,0,-0.0054,-0.0021,-0.042
0.079,1.1614,1.2,-0.019,-0.0089,183.9568,22.2413,0,0.2469,0.2469,-0.1248,0,0,-0.0054,-0.0021,-0.0336
0.0783,1.1408,1.2,-0.0118,-0.0089,183.8848,22.3285,0,0.2351,0.2351,-0.1258,0,0,-0.0054,-0.0021,-0.031
0.085,1.1328,1.2,-0.0047,-0.0089,183.819,22.4292,0,0.2088,0.2088,-0.1254,0,0,-0.0054,-0.0021,-0.0231
0.1313,1.1205,1.2,0.0024,-0.0089,183.7551,22.5269,0,0.1834,0.1834,-0.1262,0,0,-0.0054,-0.0021,-0.0199
0.0398,1.1946,1.2,0.0096,-0.0089,183.6813,22.6096,0,0.1703,0.1703,-0.1275,0,0,-0.0054,-0.0021,-0.018
0.0488,1.1586,1.2,0.0167,-0.002,183.593,22.688,0,0.1757,0.1757,-0.1734,0,0,-0.0012,-0.0005,-0.0097
0.1091,1.0983,1.2,0.0238,-0.002,183.508,22.7644,0,0.1801,0.1801,-0.1725,0,0,-0.0012,-0.0005,-0.0052
0.0602,1.1699,1.2,0.0309,-0.002,183.4312,22.8436,0,0.1664,0.1664,-0.1698,0,0,-0.0012,-0.0005,0.0018
0.0822,1.1327,1.2,0.0381,-0.002,183.3521,22.9241,0,0.1623,0.1623,-0.1675,0,0,-0.0012,-0.0005,0.0084
0.1999,1.0938,1.2,0.0452,-0.002,183.2702,22.9929,0,0.1709,0.1709,-0.1617,0,0,-0.0012,-0.0005,0.0144
0.1419,1.1187,1.2,0.0523,-0.002,183.1972,23.0751,0,0.156,0.156,-0.1601,0,0,-0.0012,-0.0005,0.0206
0.1998,1.0649,1.2,0.0595,-0.002,183.1283,23.1687,0,0.1376,0.1376,-0.1564,0,0,-0.0012,-0.0005,0.0264
0.1985,1.0895,1.2,0.0523,-0.0274,183.0534,23.2571,0,0.1279,0.1279,-0.0897,0,0,-0.0165,-0.0066,0.0331
0.116,1.1521,1.2,0.0452,-0.0274,182.9745,23.3446,0,0.1213,0.1213,-0.0837,0,0,-0.0165,-0.0066,0.0401
0.093,1.149,1.2,0.0381,-0.0274,182.8875,23.4261,0,0.1307,0.1307,-0.0731,0,0,-0.0165,-0.0066,0.0471
0.0584,1.1689,1.2,0.0309,-0.0274,182.7939,23.5114,0,0.1392,0.1392,-0.0653,0,0,-0.0165,-0.0066,0.0551
0.0316,1.1875,1.2,0.0238,-0.0274,182.7035,23.5833,0,0.1538,0.1538,-0.061,0,0,-0.0165,-0.0066,0.0574
-0.0431,1.2588,1.2,0.0309,0.0013,182.6089,23.6637,0,0.1638,0.1638,-0.0556,0,0,0.0008,0.0003,0.0506
0.0418,1.1485,1.2,0.0238,0.0013,182.5387,23.7529,0,0.152,0.152,-0.0613,0,0,0.0008,0.0003,0.0432
-0.0171,1.2342,1.2,0.0167,0.0013,182.4612,23.8362,0,0.1464,0.1464,-0.0603,0,0,0.0008,0.0003,0.0361
0.1351,1.1264,1.2,0.0102,0.0013,182.3875,23.9238,0,0.1392,0.1392,-0.0642,0,0,0.0008,0.0003,0.0282
0.1972,1.1287,1.2,0.0031,0.0013,182.3111,24.0148,0,0.1299,0.1299,-0.0627,0,0,0.0008,0.0003,0.0281
0.1999,1.1346,1.2,-0.0041,0.0013,182.2213,24.0868,0,0.1449,0.1449,-0.0582,0,0,0.0008,0.0003,0.0288
0.0746,1.1781,1.2,0.0031,0.0037,182.1445,24.1636,0,0.1421,0.1421,-0.0739,0,0,0.0022,0.0009,0.0246
0.0772,1.1448,1.2,0.0102,0.0037,182.0635,24.2622,0,0.1285,0.1285,-0.0771,0,0,0.0022,0.0009,0.0168
0.2,1.0773,1.2,0.0173,0.0037,181.996,24.3589,0,0.1085,0.1085,-0.0794,0,0,0.0022,0.0009,0.0126
0,1.2644,1.2,0.0245,0.0037,181.923,24.4431,0,0.0928,0.0928,-0.0784,0,0,0.0022,0.0009,0.0064
0.0315,1.1695,1.2,0.0316,0.0037,181.8363,24.4993,0,0.1167,0.1167,-0.0801,0,0,0.0022,0.0009,0.0009
0.1636,1.1056,1.2,0.0249,0.0037,181.7482,24.5736,0,0.1277,0.1277,-0.0789,0,0,0.0022,0.0009,0.0071
0.1999,1.0248,1.2,0.0319,0.0037,181.67,24.654,0,0.1286,0.1286,-0.0768,0,0,0.0022,0.0009,0.0153
0.1098,1.1423,1.2,0.0247,-0.0039,181.5841,24.7281,0,0.1382,0.1382,-0.0376,0,0,-0.0024,-0.0009,0.0221
0.1499,1.1114,1.2,0.0176,-0.0039,181.51,24.8139,0,0.1325,0.1325,-0.0373,0,0,-0.0024,-0.0009,0.0283
0.1106,1.1283,1.2,0.0105,-0.0039,181.4231,24.8884,0,0.1453,0.1453,-0.0334,0,0,-0.0024,-0.0009,0.0282
0.1061,1.124,1.2,0.0033,-0.0039,181.3317,24.9638,0,0.1606,0.1606,-0.0305,0,0,-0.0024,-0.0009,0.0296
0.0909,1.1386,1.2,-0.0038,-0.0039,181.2617,25.0466,0,0.1542,0.1542,-0.0295,0,0,-0.0024,-0.0009,0.0274
0.0503,1.1767,1.2,-0.0109,-0.0039,181.1946,25.1388,0,0.1369,0.1369,-0.0321,0,0,-0.0024,-0.0009,0.0219
0.1997,1.0746,1.2,-0.0043,0.0124,181.1224,25.2218,0,0.1309,0.1309,-0.0611,0,0,0.0075,0.003,0.0152
0.1374,1.1314,1.2,-0.0114,0.0124,181.0349,25.296,0,0.1388,0.1388,-0.06,0,0,0.0075,0.003,0.0107
0.1714,1.0905,1.2,-0.0106,0.0124,180.9487,25.3619,0,0.1508,0.1508,-0.0669,0,0,0.0075,0.003,0.0023
0.1057,1.1393,1.2,-0.0035,0.0124,180.8787,25.4559,0,0.1301,0.1301,-0.0708,0,0,0.0075,0.003,-0.0052
0.2002,1.0726,1.2,0.0037,0.0124,180.8193,25.5392,0,0.1149,0.1149,-0.0703,0,0,0.0075,0.003,-0.0026
0.0905,1.1622,1.2,0.0107,0.0124,180.7476,25.6249,0,0.1002,0.1002,-0.0727,0,0,0.0075,0.003,-0.0054
0.1999,1.0145,1.2,0.0178,0.0124,180.6597,25.7053,0,0.11,0.11,-0.0727,0,0,0.0075,0.003,-0.0054
0.1529,1.1081,1.2,0.0156,0.0013,180.5648,25.7791,0,0.1192,0.1192,-0.0893,0,0,0.0008,0.0003,0.0008
0.0595,1.1807,1.2,0.0227,0.0013,180.4815,25.8645,0,0.1106,0.1106,-0.0894,0,0,0.0008,0.0003,0.0073
0.0261,1.1937,1.2,0.0299,0.0013,180.3976,25.9502,0,0.1069,0.1069,-0.0861,0,0,0.0008,0.0003,0.0134
0.027,1.1823,1.2,0.037,0.0013,180.3175,26.0436,0,0.0992,0.0992,-0.0777,0,0,0.0008,0.0003,0.0197
0.0209,1.1889,1.2,0.0439,0.0013,180.2198,26.1229,0,0.1095,0.1095,-0.0765,0,0,0.0008,0.0003,0.0184
-0.0106,1.2204,1.2,0.0367,-0.0095,180.1145,26.2164,0,0.1215,0.1215,-0.0298,0,0,-0.0057,-0.0023,0.0243
-0.0491,1.2493,1.2,0.0296,-0.0095,180.0329,26.2968,0,0.1238,0.1238,-0.0283,0,0,-0.0057,-0.0023,0.0302
-0.2,1.3976,1.2,0.0225,-0.0095,179.9578,26.3829,0,0.1178,0.1178,-0.0225,0,0,-0.0057,-0.0023,0.0375
0.0001,1.1354,1.2,0.0153,-0.0095,179.8827,26.4621,0,0.1219,0.1219,-0.0205,0,0,-0.0057,-0.0023,0.0438
0.0857,1.1331,1.2,0.0082,-0.0095,179.8031,26.5434,0,0.1231,0.1231,-0.0207,0,0,-0.0057,-0.0023,0.0364
0.1906,1.0822,1.2,0.001,-0.0095,179.7145,26.6145,0,0.1395,0.1395,-0.0191,0,0,-0.0057,-0.0023,0.0296
0.158,1.1283,1.2,0.0082,0.012,179.6317,26.6922,0,0.141,0.141,-0.0515,0,0,0.0072,0.0029,0.0245
0.1994,1.13,1.2,0.001,0.012,179.5521,26.7745,0,0.1367,0.1367,-0.0539,0,0,0.0072,0.0029,0.0173
0.2002,1.1259,1.2,-0.006,0.012,179.4721,26.8526,0,0.1355,0.1355,-0.0567,0,0,0.0072,0.0029,0.0114
0.1975,1.1346,1.2,-0.0131,0.012,179.3719,26.9478,0,0.1389,0.1389,-0.0539,0,0,0.0072,0.0029,0.0061
0.1577,1.1085,1.2,-0.0199,0.012,179.2789,27.035,0,0.1398,0.1398,-0.0567,0,0,0.0072,0.0029,0.0111
-0.0423,1.3724,1.2,-0.0271,-0.0018,179.1782,27.1167,0,0.1442,0.1442,-0.0532,0,0,-0.0011,-0.0004,0.005
-0.0891,1.262,1.2,-0.0342,-0.0018,179.0842,27.1942,0,0.1542,0.1542,-0.0597,0,0,-0.0011,-0.0004,-0.0006
-0.1414,1.2863,1.2,-0.0271,-0.0018,179.001,27.2814,0,0.1471,0.1471,-0.0644,0,0,-0.0011,-0.0004,-0.0067
-0.043,1.2052,1.2,-0.0199,-0.0018,178.9212,27.3629,0,0.1451,0.1451,-0.0692,0,0,-0.0011,-0.0004,-0.0133
-0.0106,1.1954,1.2,-0.0128,-0.0018,178.8435,27.4516,0,0.1332,0.1332,-0.0761,0,0,-0.0011,-0.0004,-0.0218
0.0613,1.1298,1.2,-0.0057,-0.0018,178.7596,27.5458,0,0.1252,0.1252,-0.0799,0,0,-0.0011,-0.0004,-0.027
0.0498,1.1694,1.2,0.0015,0.0005,178.676,27.6275,0,0.1229,0.1229,-0.0703,0,0,0.0003,0.0001,-0.0202
-0.0341,1.2513,1.2,0.0086,0.0005,178.5922,27.7127,0,0.1187,0.1187,-0.0701,0,0,0.0003,0.0001,-0.0131
0.0271,1.1577,1.2,0.0148,0.0005,178.5128,27.8017,0,0.1156,0.1156,-0.0679,0,0,0.0003,0.0001,-0.0058
0.0245,1.1845,1.2,0.0205,0.0005,178.4288,27.8988,0,0.1062,0.1062,-0.0654,0,0,0.0003,0.0001,0.0011
0.0263,1.1824,1.2,0.0209,0.0005,178.3485,27.9837,0,0.104,0.104,-0.0626,0,0,0.0003,0.0001,0.0073
-0.0667,1.273,1.2,0.0204,0.0005,178.2685,28.0675,0,0.0996,0.0996,-0.0598,0,0,0.0003,0.0001,0.0128
0.0216,1.1586,1.2,0.0275,0.0065,178.1819,28.147,0,0.1079,0.1079,-0.0803,0,0,0.0039,0.0016,0.0178
0.08,1.1488,1.2,0.0347,0.0065,178.0972,28.2274,0,0.1096,0.1096,-0.0782,0,0,0.0039,0.0016,0.0224
0.0583,1.1659,1.2,0.0418,0.0065,178.0103,28.3137,0,0.1072,0.1072,-0.0769,0,0,0.0039,0.0016,0.0227
0.0573,1.1585,1.2,0.0485,0.0065,177.9226,28.396,0,0.1102,0.1102,-0.0743,0,0,0.0039,0.0016,0.0226
0.0038,1.2145,1.2,0.0508,0.0065,177.8456,28.4875,0,0.097,0.097,-0.07,0,0,0.0039,0.0016,0.028
0.0076,1.1931,1.2,0.0436,0.0065,177.7435,28.5817,0,0.1063,0.1063,-0.0588,0,0,0.0039,0.0016,0.0356
0.0148,1.1858,1.2,0.0365,-0.0055,177.6524,28.655,0,0.1201,0.1201,-0.0197,0,0,-0.0033,-0.0013,0.0426
-0.1852,1.3821,1.2,0.0294,-0.0055,177.5502,28.7471,0,0.134,0.134,-0.0067,0,0,-0.0033,-0.0013,0.0491
-0.0034,1.1582,1.2,0.0222,-0.0055,177.4608,28.826,0,0.1435,0.1435,-0.0109,0,0,-0.0033,-0.0013,0.0511
-0.1748,1.3689,1.2,0.0151,-0.0055,177.3741,28.9031,0,0.1537,0.1537,-0.0051,0,0,-0.0033,-0.0013,0.0444
-0.0256,1.1811,1.2,0.0079,-0.0055,177.2842,28.9904,0,0.1572,0.1572,-0.0105,0,0,-0.0033,-0.0013,0.0374
0.0344,1.1531,1.2,0.0008,-0.0055,177.1984,29.0732,0,0.161,0.161,-0.0124,0,0,-0.0033,-0.0013,0.0311
-0.0275,1.2428,1.2,0.0079,0.0131,177.1101,29.1539,0,0.1634,0.1634,-0.0381,0,0,0.0079,0.0032,0.025
0.004,1.1826,1.2,0.0008,0.0131,177.0212,29.232,0,0.1707,0.1707,-0.0402,0,0,0.0079,0.0032,0.0189
0.0126,1.186,1.2,-0.0063,0.0131,176.9335,29.3136,0,0.1733,0.1733,-0.0421,0,0,0.0079,0.0032,0.0129
0.0291,1.1729,1.2,-0.0134,0.0131,176.8468,29.3966,0,0.1755,0.1755,-0.0426,0,0,0.0079,0.0032,0.0078
0.0216,1.1884,1.2,-0.0206,0.0131,176.7591,29.4781,0,0.1783,0.1783,-0.0419,0,0,0.0079,0.0032,0.0118
0.0203,1.1905,1.2,-0.0277,0.0033,176.6766,29.5565,0,0.1784,0.1784,-0.0604,0,0,0.002,0.0008,0.0062
0.0193,1.1861,1.2,-0.0348,0.0033,176.5662,29.6351,0,0.1983,0.1983,-0.0607,0,0,0.002,0.0008,-0.0004
0.0724,1.1287,1.2,-0.0419,0.0033,176.4818,29.7189,0,0.1943,0.1943,-0.0677,0,0,0.002,0.0008,-0.0071
-0.1276,1.3455,1.2,-0.0348,0.0033,176.4036,29.8022,0,0.1774,0.1774,-0.0741,0,0,0.002,0.0008,-0.014
-0.0117,1.1781,1.2,-0.0277,0.0033,176.3167,29.8881,0,0.178,0.178,-0.0802,0,0,0.002,0.0008,-0.0209
0.0579,1.1324,1.2,-0.0205,0.0033,176.2239,29.9733,0,0.1797,0.1797,-0.0853,0,0,0.002,0.0008,-0.0269
0.0064,1.2115,1.2,-0.0277,-0.0048,176.1366,30.0599,0,0.173,0.173,-0.0696,0,0,-0.0029,-0.0012,-0.0316
-0.042,1.2475,1.2,-0.0266,-0.0048,176.0656,30.1394,0,0.1639,0.1639,-0.0719,0,0,-0.0029,-0.0012,-0.0288
-0.0316,1.2184,1.2,-0.0235,-0.0048,175.9919,30.2254,0,0.1557,0.1557,-0.0707,0,0,-0.0029,-0.0012,-0.0224
0.1459,1.057,1.2,-0.0214,-0.0048,175.9181,30.3054,0,0.1552,0.1552,-0.0717,0,0,-0.0029,-0.0012,-0.0181
0.1152,1.123,1.2,-0.0143,-0.0048,175.84,30.3878,0,0.1482,0.1482,-0.0743,0,0,-0.0029,-0.0012,-0.0184
0.1885,1.0787,1.2,-0.0071,-0.0048,175.7661,30.4656,0,0.145,0.145,-0.0774,0,0,-0.0029,-0.0012,-0.0202
0.1237,1.1254,1.2,0,-0.0048,175.6902,30.5469,0,0.1379,0.1379,-0.0797,0,0,-0.0029,-0.0012,-0.0183
0.2001,1.0635,1.2,0.0071,0.0064,175.6167,30.6299,0,0.1313,0.1313,-0.0983,0,0,0.0039,0.0016,-0.0158
0.1623,1.1022,1.2,0.0142,0.0064,175.5342,30.7197,0,0.1216,0.1216,-0.0978,0,0,0.0039,0.0016,-0.0113
0.1431,1.0991,1.2,0.0214,0.0064,175.4546,30.8122,0,0.111,0.111,-0.0946,0,0,0.0039,0.0016,-0.0024
0.0286,1.2094,1.2,0.0285,0.0064,175.3776,30.8998,0,0.097,0.097,-0.0914,0,0,0.0039,0.0016,0.0043
0.003,1.2098,1.2,0.0356,0.0064,175.2959,30.9873,0,0.0916,0.0916,-0.0885,0,0,0.0039,0.0016,0.0088
0.0583,1.156,1.2,0.0357,-0.0019,175.217,31.065,0,0.0937,0.0937,-0.0865,0,0,-0.0011,-0.0005,0.0146
0.0319,1.1872,1.2,0.0428,-0.0019,175.1324,31.147,0,0.0935,0.0935,-0.0817,0,0,-0.0011,-0.0005,0.0226
0.165,1.0986,1.2,0.0499,-0.0019,175.0498,31.2289,0,0.0967,0.0967,-0.0782,0,0,-0.0011,-0.0005,0.0285
0.0836,1.1689,1.2,0.0542,-0.0019,174.9752,31.3041,0,0.0932,0.0932,-0.0727,0,0,-0.0011,-0.0005,0.0351
0.0687,1.1541,1.2,0.0471,-0.0019,174.8916,31.367,0,0.1094,0.1094,-0.0668,0,0,-0.0011,-0.0005,0.0364
0.2002,1.051,1.2,0.0399,-0.0019,174.812,31.4512,0,0.1081,0.1081,-0.065,0,0,-0.0011,-0.0005,0.0423
0.1906,1.0435,1.2,0.0334,-0.0019,174.7354,31.5224,0,0.1118,0.1118,-0.0606,0,0,-0.0011,-0.0005,0.0467
0.1046,1.1491,1.2,0.0262,-0.0031,174.6536,31.5945,0,0.1178,0.1178,-0.0445,0,0,-0.0019,-0.0008,0.0538
0.2,1.0377,1.2,0.0191,-0.0031,174.5702,31.668,0,0.1248,0.1248,-0.0484,0,0,-0.0019,-0.0008,0.0482
0.1782,1.0856,1.2,0.012,-0.0031,174.494,31.7385,0,0.1263,0.1263,-0.0482,0,0,-0.0019,-0.0008,0.0415
0.149,1.102,1.2,0.0048,-0.0031,174.4036,31.8253,0,0.1293,0.1293,-0.0433,0,0,-0.0019,-0.0008,0.0368
0.2,1.0298,1.2,-0.0023,-0.0031,174.3311,31.8907,0,0.1324,0.1324,-0.0486,0,0,-0.0019,-0.0008,0.0318
0.0046,1.2448,1.2,-0.0094,-0.0031,174.2527,31.9799,0,0.1172,0.1172,-0.0487,0,0,-0.0019,-0.0008,0.0249
0.2,0.9668,1.2,-0.0166,-0.0031,174.1698,32.0569,0,0.1257,0.1257,-0.0532,0,0,-0.0019,-0.0008,0.0173
0.1264,1.1777,1.2,-0.0197,0.0014,174.0876,32.1382,0,0.1184,0.1184,-0.0532,0,0,0.0008,0.0003,0.0111
0.1118,1.1213,1.2,-0.0126,0.0014,174.0049,32.2235,0,0.1149,0.1149,-0.0568,0,0,0.0008,0.0003,0.0049
0.0842,1.1464,1.2,-0.0055,0.0014,173.9219,32.3047,0,0.1119,0.1119,-0.0607,0,0,0.0008,0.0003,0.0002
0.0481,1.1775,1.2,0.0016,0.0014,173.8534,32.3773,0,0.1046,0.1046,-0.0649,0,0,0.0008,0.0003,-0.0059
0.0736,1.1508,1.2,0.0088,0.0014,173.7731,32.4483,0,0.1087,0.1087,-0.0692,0,0,0.0008,0.0003,-0.0137
0.2,0.9892,1.2,0.0159,0.0014,173.693,32.533,0,0.1091,0.1091,-0.0681,0,0,0.0008,0.0003,-0.0102
0.1999,1.0623,1.2,0.0102,0.0033,173.6137,32.6147,0,0.1052,0.1052,-0.048,0,0,0.002,0.0008,-0.0033
0.1823,1.1559,1.2,0.0032,0.0033,173.5431,32.6834,0,0.1054,0.1054,-0.0455,0,0,0.002,0.0008,0.0034
0.1999,1.1291,1.2,-0.0038,0.0033,173.466,32.7631,0,0.1054,0.1054,-0.0428,0,0,0.002,0.0008,0.0097
0.2,0.9763,1.2,-0.0109,0.0033,173.3773,32.8423,0,0.1178,0.1178,-0.0384,0,0,0.002,0.0008,0.0138
0.2,1.0996,1.2,-0.0181,0.0033,173.2997,32.9285,0,0.1084,0.1084,-0.0397,0,0,0.002,0.0008,0.0169
0.0718,1.1809,1.2,-0.0109,0.0142,173.2278,33.0109,0,0.0986,0.0986,-0.0434,0,0,0.0085,0.0034,0.0096
0.1013,1.1505,1.2,-0.0181,0.0142,173.1294,33.0974,0,0.1093,0.1093,-0.0422,0,0,0.0085,0.0034,0.0035
0.1969,1.0835,1.2,-0.0109,0.0142,173.049,33.1812,0,0.1054,0.1054,-0.0492,0,0,0.0085,0.0034,-0.0029
-0.0031,1.3014,1.2,-0.0038,0.0142,172.9752,33.2656,0,0.0911,0.0911,-0.0532,0,0,0.0085,0.0034,-0.0099
0.0437,1.151,1.2,0.0034,0.0142,172.8945,33.3534,0,0.089,0.089,-0.0546,0,0,0.0085,0.0034,-0.0081
0.1486,1.1117,1.2,0.0105,0.0142,172.813,33.4285,0,0.0939,0.0939,-0.0566,0,0,0.0085,0.0034,-0.0103
0.0588,1.1828,1.2,0.0176,0.0164,172.745,33.5138,0,0.0793,0.0793,-0.1049,0,0,0.0099,0.0039,-0.0097
0.163,1.0976,1.2,0.0248,0.0164,172.6698,33.5955,0,0.0747,0.0747,-0.1026,0,0,0.0099,0.0039,-0.0038
0.1693,1.0819,1.2,0.0319,0.0164,172.5977,33.6796,0,0.063,0.063,-0.0998,0,0,0.0099,0.0039,0.0018
0.1427,1.1007,1.2,0.039,0.0164,172.5202,33.7595,0,0.0564,0.0564,-0.0967,0,0,0.0099,0.0039,0.0085
0.1453,1.0981,1.2,0.0462,0.0164,172.4097,33.8342,0,0.0795,0.0795,-0.0887,0,0,0.0099,0.0039,0.016
0.1353,1.1043,1.2,0.0533,0.0164,172.3149,33.9229,0,0.0785,0.0785,-0.0862,0,0,0.0099,0.0039,0.0207
-0.065,1.3298,1.2,0.0462,-0.0057,172.2329,33.9982,0,0.0726,0.0726,-0.043,0,0,-0.0034,-0.0014,0.0283
-0.1511,1.2871,1.2,0.0391,-0.0057,172.1519,34.0781,0,0.0766,0.0766,-0.0374,0,0,-0.0034,-0.0014,0.0349
0.0488,1.1034,1.2,0.032,-0.0057,172.0689,34.1642,0,0.0796,0.0796,-0.0336,0,0,-0.0034,-0.0014,0.0417
0.1199,1.1296,1.2,0.0248,-0.0057,171.9814,34.2391,0,0.0915,0.0915,-0.0246,0,0,-0.0034,-0.0014,0.0494
0.0459,1.1857,1.2,0.0177,-0.0057,171.8878,34.3162,0,0.1032,0.1032,-0.0209,0,0,-0.0034,-0.0014,0.0502
0.0969,1.1461,1.2,0.0106,-0.0057,171.8103,34.3929,0,0.1028,0.1028,-0.0239,0,0,-0.0034,-0.0014,0.0435
0.0397,1.2037,1.2,0.0177,0.0141,171.7278,34.4746,0,0.1014,0.1014,-0.0445,0,0,0.0085,0.0034,0.0352
0.1782,1.0811,1.2,0.0109,0.0141,171.6452,34.5601,0,0.0993,0.0993,-0.0463,0,0,0.0085,0.0034,0.0289
0.179,1.1521,1.2,0.0039,0.0141,171.5494,34.6463,0,0.1025,0.1025,-0.0444,0,0,0.0085,0.0034,0.0218
0.0741,1.178,1.2,-0.0025,0.0141,171.4653,34.7252,0,0.1024,0.1024,-0.0457,0,0,0.0085,0.0034,0.0148
-0.0662,1.2799,1.2,-0.002,0.0141,171.3745,34.811,0,0.0998,0.0998,-0.0452,0,0,0.0085,0.0034,0.0191
0.0455,1.1437,1.2,-0.008,0.0141,171.2783,34.9046,0,0.1024,0.1024,-0.0447,0,0,0.0085,0.0034,0.0148
-0.0195,1.238,1.2,-0.0108,0.0049,171.1849,34.987,0,0.1042,0.1042,-0.0477,0,0,0.003,0.0012,0.012
-0.1816,1.3312,1.2,-0.0037,0.0049,171.1013,35.0751,0,0.093,0.093,-0.052,0,0,0.003,0.0012,0.0067
-0.099,1.2346,1.2,0.0028,0.0049,171.0204,35.1516,0,0.0941,0.0941,-0.0551,0,0,0.003,0.0012,0.0024
-0.0316,1.2049,1.2,0.0099,0.0049,170.9335,35.2297,0,0.097,0.097,-0.0571,0,0,0.003,0.0012,-0.0005
0.0967,1.1033,1.2,0.0126,0.0049,170.8466,35.3102,0,0.1001,0.1001,-0.0597,0,0,0.003,0.0012,-0.0054
0.0795,1.1584,1.2,0.009,0.0049,170.7606,35.3877,0,0.1016,0.1016,-0.058,0,0,0.003,0.0012,0
0.0503,1.1741,1.2,0.0019,0.0047,170.6746,35.4659,0,0.105,0.105,-0.0357,0,0,0.0029,0.0011,0.0068
0.0921,1.1477,1.2,-0.0052,0.0047,170.5978,35.5454,0,0.1032,0.1032,-0.0341,0,0,0.0029,0.0011,0.0106
0.1268,1.1527,1.2,-0.0119,0.0047,170.5138,35.624,0,0.1066,0.1066,-0.0321,0,0,0.0029,0.0011,0.015
0.1993,1.0954,1.2,-0.0188,0.0047,170.4257,35.7073,0,0.1098,0.1098,-0.0331,0,0,0.0029,0.0011,0.0118
0.197,1.141,1.2,-0.0259,0.0047,170.3219,35.7983,0,0.1173,0.1173,-0.0333,0,0,0.0029,0.0011,0.0053
0.0531,1.202,1.2,-0.0329,0.0047,170.2389,35.8832,0,0.1109,0.1109,-0.0395,0,0,0.0029,0.0011,-0.0009
-0.1471,1.3701,1.2,-0.0258,0.0166,170.1528,35.9686,0,0.0972,0.0972,-0.0862,0,0,0.01,0.004,-0.0074
-0.0136,1.1768,1.2,-0.0187,0.0166,170.0671,36.046,0,0.1028,0.1028,-0.0917,0,0,0.01,0.004,-0.0142
-0.0057,1.2017,1.2,-0.0115,0.0166,169.9825,36.1302,0,0.0932,0.0932,-0.0977,0,0,0.01,0.004,-0.021
0.053,1.1438,1.2,-0.0044,0.0166,169.905,36.2289,0,0.0728,0.0728,-0.1016,0,0,0.01,0.004,-0.0256
0.033,1.1831,1.2,0.0027,0.0166,169.8233,36.3058,0,0.0691,0.0691,-0.1,0,0,0.01,0.004,-0.02
-0.0305,1.2451,1.2,0.0099,0.0166,169.7397,36.3851,0,0.0618,0.0618,-0.1013,0,0,0.01,0.004,-0.012
0.0756,1.1121,1.2,0.0027,-0.0036,169.6507,36.4706,0,0.0656,0.0656,-0.0904,0,0,-0.0022,-0.0009,-0.0049
0.0841,1.1411,1.2,0.0099,-0.0036,169.5698,36.5555,0,0.0572,0.0572,-0.0882,0,0,-0.0022,-0.0009,0.0018
-0.0006,1.2233,1.2,0.017,-0.0036,169.4809,36.6418,0,0.0509,0.0509,-0.0861,0,0,-0.0022,-0.0009,0.0067
0.0328,1.1632,1.2,0.0241,-0.0036,169.4012,36.7261,0,0.0464,0.0464,-0.0836,0,0,-0.0022,-0.0009,0.0126
-0.0145,1.2279,1.2,0.0312,-0.0036,169.3066,36.8059,0,0.0504,0.0504,-0.082,0,0,-0.0022,-0.0009,0.0075
0.0401,1.1504,1.2,0.0384,-0.0036,169.2183,36.8922,0,0.05,0.05,-0.0808,0,0,-0.0022,-0.0009,0.0141
-0.0132,1.2294,1.2,0.0455,0.0015,169.1374,36.9705,0,0.0462,0.0462,-0.072,0,0,0.0009,0.0004,0.0203
-0.0516,1.2239,1.2,0.0526,0.0015,169.0626,37.0539,0,0.0382,0.0382,-0.0676,0,0,0.0009,0.0004,0.0266
0.0691,1.1169,1.2,0.0598,0.0015,168.9843,37.1374,0,0.0361,0.0361,-0.0635,0,0,0.0009,0.0004,0.0325
0.1944,1.1111,1.2,0.0669,0.0015,168.9038,37.2176,0,0.0346,0.0346,-0.0582,0,0,0.0009,0.0004,0.0398
0.1731,1.1352,1.2,0.0665,0.0015,168.8102,37.2937,0,0.0466,0.0466,-0.0485,0,0,0.0009,0.0004,0.0463
0.195,1.1267,1.2,0.0696,0.0015,168.7401,37.3709,0,0.0396,0.0396,-0.0443,0,0,0.0009,0.0004,0.0532
0.0524,1.2013,1.2,0.066,0.0057,168.6288,37.4491,0,0.0612,0.0612,-0.0426,0,0,0.0034,0.0014,0.0634
0.2001,1.0341,1.2,0.059,0.0057,168.5427,37.5255,0,0.0662,0.0662,-0.0444,0,0,0.0034,0.0014,0.071
0,1.3572,1.2,0.0519,0.0057,168.464,37.6019,0,0.0586,0.0586,-0.0336,0,0,0.0034,0.0014,0.0706
0.0689,1.1398,1.2,0.0447,0.0057,168.36,37.6718,0,0.0859,0.0859,-0.0285,0,0,0.0034,0.0014,0.0731
0.1975,1.0894,1.2,0.0376,0.0057,168.2791,37.7404,0,0.0898,0.0898,-0.0307,0,0,0.0034,0.0014,0.0706
-0.0018,1.2511,1.2,0.0304,0.0032,168.1965,37.8198,0,0.0844,0.0844,-0.0361,0,0,0.0019,0.0008,0.0594
0.1618,1.0519,1.2,0.0233,0.0032,168.1146,37.896,0,0.0862,0.0862,-0.0403,0,0,0.0019,0.0008,0.0516
0.1085,1.1366,1.2,0.0162,0.0032,168.0172,37.9696,0,0.0973,0.0973,-0.0354,0,0,0.0019,0.0008,0.0451
0.1392,1.1092,1.2,0.0091,0.0032,167.9196,38.0388,0,0.1118,0.1118,-0.036,0,0,0.0019,0.0008,0.0374
0.0236,1.2144,1.2,0.002,0.0032,167.839,38.1067,0,0.1116,0.1116,-0.0382,0,0,0.0019,0.0008,0.0323
0.033,1.1884,1.2,-0.0052,0.0032,167.7556,38.1821,0,0.1114,0.1114,-0.04,0,0,0.0019,0.0008,0.0254
0.176,1.0439,1.2,-0.0122,0.0032,167.6546,38.2482,0,0.1345,0.1345,-0.0378,0,0,0.0019,0.0008,0.0199
0.1292,1.1156,1.2,-0.0193,0.0025,167.5719,38.3247,0,0.1295,0.1295,-0.0198,0,0,0.0015,0.0006,0.0127
0.0315,1.2021,1.2,-0.0265,0.0025,167.4862,38.4041,0,0.1275,0.1275,-0.0236,0,0,0.0015,0.0006,0.0065
0.1694,1.1163,1.2,-0.0336,0.0025,167.3873,38.4721,0,0.1457,0.1457,-0.0264,0,0,0.0015,0.0006,0.0004
0.0992,1.158,1.2,-0.0408,0.0025,167.3034,38.5452,0,0.1468,0.1468,-0.0318,0,0,0.0015,0.0006,-0.0065
0.0523,1.1896,1.2,-0.0478,0.0025,167.2302,38.6208,0,0.1387,0.1387,-0.0373,0,0,0.0015,0.0006,-0.0136
0.1504,1.1024,1.2,-0.0497,0.0025,167.1521,38.7018,0,0.1327,0.1327,-0.0417,0,0,0.0015,0.0006,-0.02
0.2,1.0437,1.2,-0.0426,0.0025,167.0692,38.7863,0,0.1265,0.1265,-0.0473,0,0,0.0015,0.0006,-0.0266
0.1409,1.1163,1.2,-0.0354,0.0183,166.9881,38.8607,0,0.1233,0.1233,-0.0507,0,0,0.011,0.0044,-0.034
0.0639,1.1732,1.2,-0.0283,0.0183,166.906,38.9349,0,0.1213,0.1213,-0.0576,0,0,0.011,0.0044,-0.0409
0.1999,1.0905,1.2,-0.0212,0.0183,166.8272,39.0112,0,0.1196,0.1196,-0.063,0,0,0.011,0.0044,-0.0479
0.156,1.0962,1.2,-0.014,0.0183,166.7527,39.0943,0,0.1095,0.1095,-0.0628,0,0,0.011,0.0044,-0.0371
0.1632,1.0867,1.2,-0.0069,0.0183,166.6776,39.176,0,0.1013,0.1013,-0.0632,0,0,0.011,0.0044,-0.0312
0.1349,1.1072,1.2,0.0002,0.0183,166.5852,39.2513,0,0.1101,0.1101,-0.0609,0,0,0.011,0.0044,-0.0244
0.1413,1.1008,1.2,0.0073,0.0253,166.4983,39.3312,0,0.1088,0.1088,-0.0796,0,0,0.0153,0.0061,-0.0196
0.0554,1.1817,1.2,0.0145,0.0253,166.4133,39.4129,0,0.1032,0.1032,-0.0776,0,0,0.0153,0.0061,-0.0099
0.0458,1.1697,1.2,0.0216,0.0253,166.3396,39.4885,0,0.0979,0.0979,-0.0761,0,0,0.0153,0.0061,-0.0051
0.0442,1.1684,1.2,0.0287,0.0253,166.2489,39.5718,0,0.1007,0.1007,-0.0697,0,0,0.0153,0.0061,0.0031
0.1995,1.0471,1.2,0.0359,0.0253,166.1711,39.6454,0,0.1028,0.1028,-0.0694,0,0,0.0153,0.0061,0.0093
0.0293,1.222,1.2,0.0409,0.023,166.0917,39.7212,0,0.0955,0.0955,-0.0791,0,0,0.0139,0.0056,0.014
0.1778,1.0612,1.2,0.0481,0.023,166.0107,39.7993,0,0.0989,0.0989,-0.0755,0,0,0.0139,0.0056,0.0218
0.1563,1.089,1.2,0.0552,0.023,165.9311,39.876,0,0.0953,0.0953,-0.0711,0,0,0.0139,0.0056,0.0279
0.1656,1.1158,1.2,0.0481,0.023,165.8375,39.9475,0,0.1077,0.1077,-0.0619,0,0,0.0139,0.0056,0.0333
0.2,1.0968,1.2,0.0409,0.023,165.7588,40.0133,0,0.1115,0.1115,-0.061,0,0,0.0139,0.0056,0.0398
0.1487,1.1733,1.2,0.0338,0.023,165.6744,40.0808,0,0.1206,0.1206,-0.0493,0,0,0.0139,0.0056,0.0461
0.2,1.0176,1.2,0.0266,0.023,165.5946,40.1547,0,0.1221,0.1221,-0.0512,0,0,0.0139,0.0056,0.0503
0.1757,1.0772,1.2,0.0195,0.0224,165.5054,40.2314,0,0.1263,0.1263,-0.0249,0,0,0.0135,0.0054,0.05
0.1719,1.0773,1.2,0.0124,0.0224,165.4129,40.3045,0,0.1356,0.1356,-0.026,0,0,0.0135,0.0054,0.043
0.0759,1.1696,1.2,0.0053,0.0224,165.3261,40.3796,0,0.137,0.137,-0.0286,0,0,0.0135,0.0054,0.0354
0.054,1.1692,1.2,-0.0018,0.0224,165.2347,40.4518,0,0.1481,0.1481,-0.0261,0,0,0.0135,0.0054,0.03
0.1058,1.1376,1.2,-0.0089,0.0224,165.1456,40.5341,0,0.1477,0.1477,-0.0296,0,0,0.0135,0.0054,0.0236
0.0722,1.1574,1.2,-0.0161,0.0224,165.0612,40.612,0,0.1467,0.1467,-0.0324,0,0,0.0135,0.0054,0.0164
0.0204,1.2031,1.2,-0.0089,0.0383,164.9613,40.6962,0,0.1498,0.1498,-0.0576,0,0,0.0231,0.0092,0.0113
0.0633,1.1382,1.2,-0.0018,0.0383,164.8761,40.7686,0,0.151,0.151,-0.0636,0,0,0.0231,0.0092,0.0049
-0.0816,1.2962,1.2,0.0053,0.0383,164.7879,40.8474,0,0.1427,0.1427,-0.0687,0,0,0.0231,0.0092,-0.0026
0.0712,1.1078,1.2,0.0125,0.0383,164.6987,40.9202,0,0.1524,0.1524,-0.0716,0,0,0.0231,0.0092,-0.0094
0.0497,1.1724,1.2,0.0196,0.0383,164.6101,41.0026,0,0.1473,0.1473,-0.0701,0,0,0.0231,0.0092,-0.0058
0.0816,1.1402,1.2,0.0201,0.0383,164.5198,41.0792,0,0.1509,0.1509,-0.0692,0,0,0.0231,0.0092,-0.0017
0.0254,1.1999,1.2,0.0223,0.0325,164.4389,41.1627,0,0.1394,0.1394,-0.0785,0,0,0.0196,0.0078,0.0037
0.0316,1.1739,1.2,0.0294,0.0325,164.3525,41.241,0,0.1388,0.1388,-0.0747,0,0,0.0196,0.0078,0.0114
0.0723,1.1527,1.2,0.0223,0.0325,164.2491,41.321,0,0.1492,0.1492,-0.0686,0,0,0.0196,0.0078,0.0171
0.0652,1.1565,1.2,0.0193,0.0325,164.1503,41.3973,0,0.1555,0.1555,-0.068,0,0,0.0196,0.0078,0.0211
-0.102,1.2983,1.2,0.0121,0.0325,164.0659,41.4767,0,0.1471,0.1471,-0.0644,0,0,0.0196,0.0078,0.0221
-0.0662,1.2373,1.2,0.0193,0.0336,163.9645,41.5581,0,0.1552,0.1552,-0.0872,0,0,0.0203,0.0081,0.0258
0.0316,1.1498,1.2,0.0264,0.0336,163.871,41.6354,0,0.1575,0.1575,-0.0883,0,0,0.0203,0.0081,0.0275
-0.0793,1.2915,1.2,0.0335,0.0336,163.7734,41.7126,0,0.1521,0.1521,-0.0891,0,0,0.0203,0.0081,0.022
-0.0277,1.2028,1.2,0.0406,0.0336,163.6836,41.7946,0,0.1492,0.1492,-0.0896,0,0,0.0203,0.0081,0.0188
-0.0419,1.2345,1.2,0.0478,0.0336,163.5908,41.8761,0,0.1442,0.1442,-0.0877,0,0,0.0203,0.0081,0.0176
-0.0202,1.2051,1.2,0.0508,0.0336,163.4971,41.9535,0,0.1467,0.1467,-0.0827,0,0,0.0203,0.0081,0.0243
-0.0322,1.2251,1.2,0.0436,0.027,163.4034,42.0271,0,0.1499,0.1499,-0.0798,0,0,0.0163,0.0065,0.0282
-0.0187,1.206,1.2,0.0365,0.027,163.3039,42.102,0,0.1595,0.1595,-0.0711,0,0,0.0163,0.0065,0.0351
0.0068,1.1836,1.2,0.0294,0.027,163.1975,42.1695,0,0.1773,0.1773,-0.0655,0,0,0.0163,0.0065,0.0425
-0.0318,1.239,1.2,0.0222,0.027,163.0923,42.2559,0,0.1771,0.1771,-0.0592,0,0,0.0163,0.0065,0.0486
-0.0829,1.2526,1.2,0.0151,0.027,162.9987,42.3371,0,0.1722,0.1722,-0.0593,0,0,0.0163,0.0065,0.0485
-0.1992,1.3509,1.2,0.0141,0.0341,162.9056,42.4152,0,0.1668,0.1668,-0.0697,0,0,0.0206,0.0082,0.0417
-0.127,1.2278,1.2,0.0072,0.0341,162.7984,42.4914,0,0.1793,0.1793,-0.0698,0,0,0.0206,0.0082,0.0344
-0.0402,1.206,1.2,0.0079,0.0341,162.7047,42.5656,0,0.178,0.178,-0.0743,0,0,0.0206,0.0082,0.0279
-0.1998,1.3067,1.2,0.0092,0.0341,162.608,42.6457,0,0.1723,0.1723,-0.0733,0,0,0.0206,0.0082,0.0199
-0.0367,1.1846,1.2,0.0088,0.0341,162.5129,42.7168,0,0.1796,0.1796,-0.075,0,0,0.0206,0.0082,0.0169
-0.0525,1.246,1.2,0.0159,0.0341,162.4246,42.8034,0,0.1632,0.1632,-0.0762,0,0,0.0206,0.0082,0.0161
0.003,1.1775,1.2,0.0231,0.0382,162.3375,42.8707,0,0.166,0.166,-0.0818,0,0,0.023,0.0092,0.0109
-0.0234,1.2263,1.2,0.0302,0.0382,162.2425,42.9475,0,0.1626,0.1626,-0.0807,0,0,0.023,0.0092,0.012
0.1768,1.0916,1.2,0.0234,0.0382,162.1406,43.0212,0,0.175,0.175,-0.0774,0,0,0.023,0.0092,0.0122
0.0351,1.2105,1.2,0.0241,0.0382,162.0403,43.1028,0,0.1678,0.1678,-0.0773,0,0,0.023,0.0092,0.0127
-0.0747,1.2501,1.2,0.017,0.0382,161.9416,43.1775,0,0.1702,0.1702,-0.0726,0,0,0.023,0.0092,0.0205
-0.1099,1.2813,1.2,0.0241,0.046,161.8523,43.2546,0,0.1657,0.1657,-0.1013,0,0,0.0277,0.0111,0.025
-0.0587,1.2286,1.2,0.0313,0.046,161.7622,43.3284,0,0.163,0.163,-0.0994,0,0,0.0277,0.0111,0.0283
0.0087,1.17,1.2,0.0384,0.046,161.6682,43.4033,0,0.1616,0.1616,-0.0991,0,0,0.0277,0.0111,0.0255
0.0447,1.155,1.2,0.0455,0.046,161.5689,43.4769,0,0.1636,0.1636,-0.0962,0,0,0.0277,0.0111,0.0226
0.0235,1.192,1.2,0.0526,0.046,161.473,43.5462,0,0.1625,0.1625,-0.0961,0,0,0.0277,0.0111,0.0221
-0.0163,1.2276,1.2,0.0598,0.046,161.384,43.6259,0,0.1511,0.1511,-0.0917,0,0,0.0277,0.0111,0.0271
0.0172,1.1736,1.2,0.0568,0.046,161.2804,43.7034,0,0.1576,0.1576,-0.0817,0,0,0.0277,0.0111,0.0344
0.0214,1.1838,1.2,0.0589,0.04,161.19,43.774,0,0.1523,0.1523,-0.0912,0,0,0.0241,0.0096,0.0436
-0.0872,1.2871,1.2,0.0517,0.04,161.1016,43.836,0,0.1538,0.1538,-0.0804,0,0,0.0241,0.0096,0.0495
0.081,1.1371,1.2,0.0451,0.04,161.0068,43.9024,0,0.1626,0.1626,-0.0787,0,0,0.0241,0.0096,0.0567
0.2002,1.0747,1.2,0.038,0.04,160.9116,43.9656,0,0.1727,0.1727,-0.0728,0,0,0.0241,0.0096,0.0578
0.1935,1.1488,1.2,0.0309,0.04,160.8145,44.0407,0,0.1666,0.1666,-0.0683,0,0,0.0241,0.0096,0.0643
0.1458,1.1371,1.2,0.0238,0.04,160.7163,44.1155,0,0.1635,0.1635,-0.07,0,0,0.0241,0.0096,0.0538
0.0279,1.2178,1.2,0.0224,0.0461,160.6228,44.1844,0,0.1606,0.1606,-0.0618,0,0,0.0278,0.0111,0.0477
-0.0203,1.224,1.2,0.0153,0.0461,160.5341,44.2471,0,0.162,0.162,-0.0628,0,0,0.0278,0.0111,0.0389
0.1429,1.0778,1.2,0.0109,0.0461,160.4478,44.3078,0,0.1682,0.1682,-0.0657,0,0,0.0278,0.0111,0.0312
0.1996,1.0778,1.2,0.0115,0.0461,160.3538,44.3769,0,0.168,0.168,-0.0655,0,0,0.0278,0.0111,0.0254
0.2003,1.0469,1.2,0.0091,0.0461,160.257,44.4436,0,0.1721,0.1721,-0.0655,0,0,0.0278,0.0111,0.0237
0.0993,1.1576,1.2,0.0139,0.0461,160.169,44.5143,0,0.1627,0.1627,-0.066,0,0,0.0278,0.0111,0.0181
0.0629,1.1655,1.2,0.0211,0.0629,160.0755,44.5875,0,0.1558,0.1558,-0.0932,0,0,0.038,0.0152,0.0143
0.097,1.12,1.2,0.0282,0.0629,159.9842,44.662,0,0.1488,0.1488,-0.0923,0,0,0.038,0.0152,0.014
0.0504,1.1776,1.2,0.0353,0.0629,159.8937,44.7318,0,0.1399,0.1399,-0.0918,0,0,0.038,0.0152,0.0136
0.0452,1.1676,1.2,0.0424,0.0629,159.8079,44.7994,0,0.1347,0.1347,-0.0885,0,0,0.038,0.0152,0.0176
0.0765,1.1335,1.2,0.0495,0.0629,159.7257,44.8625,0,0.1326,0.1326,-0.0844,0,0,0.038,0.0152,0.0237
0.1912,1.0832,1.2,0.0567,0.0629,159.6363,44.9264,0,0.1343,0.1343,-0.0804,0,0,0.038,0.0152,0.0301
0.2,1.0281,1.2,0.0638,0.0629,159.5449,44.9943,0,0.1338,0.1338,-0.0768,0,0,0.038,0.0152,0.037
0.1622,1.0901,1.2,0.071,0.0632,159.4476,45.0622,0,0.1292,0.1292,-0.0963,0,0,0.0381,0.0153,0.0439
0.1121,1.1296,1.2,0.0781,0.0632,159.356,45.1235,0,0.1289,0.1289,-0.0892,0,0,0.0381,0.0153,0.0509
0.0523,1.1772,1.2,0.0852,0.0632,159.2704,45.1839,0,0.1258,0.1258,-0.0816,0,0,0.0381,0.0153,0.0604
0.1873,1.0955,1.2,0.0781,0.0632,159.176,45.2437,0,0.1364,0.1364,-0.0708,0,0,0.0381,0.0153,0.0693
0.2001,1.0392,1.2,0.0709,0.0632,159.0881,45.3013,0,0.1391,0.1391,-0.0688,0,0,0.0381,0.0153,0.0759
0.1997,1.1144,1.2,0.0638,0.0632,158.9987,45.3585,0,0.1426,0.1426,-0.0565,0,0,0.0381,0.0153,0.0823
0.2,1.0426,1.2,0.0709,0.0657,158.9147,45.4196,0,0.1385,0.1385,-0.0842,0,0,0.0397,0.0159,0.0872
0.1997,1.0567,1.2,0.0746,0.0657,158.8215,45.4755,0,0.1427,0.1427,-0.0775,0,0,0.0397,0.0159,0.0808
0.2,1.03,1.2,0.0806,0.0657,158.7324,45.531,0,0.1444,0.1444,-0.0762,0,0,0.0397,0.0159,0.0741
0.2006,1.0835,1.2,0.0735,0.0657,158.6406,45.5878,0,0.1417,0.1417,-0.076,0,0,0.0397,0.0159,0.0691
0.1995,1.0424,1.2,0.0664,0.0657,158.5346,45.6446,0,0.1545,0.1545,-0.0671,0,0,0.0397,0.0159,0.0756
0.1997,1.0711,1.2,0.0592,0.0657,158.4374,45.6995,0,0.1581,0.1581,-0.0647,0,0,0.0397,0.0159,0.0789
0.0558,1.1988,1.2,0.0521,0.0612,158.3533,45.7564,0,0.1529,0.1529,-0.0727,0,0,0.0369,0.0148,0.0827
0.1526,1.1068,1.2,0.051,0.0612,158.2626,45.8033,0,0.1608,0.1608,-0.0772,0,0,0.0369,0.0148,0.0764
0.2,1.0094,1.2,0.0461,0.0612,158.1641,45.8568,0,0.1712,0.1712,-0.074,0,0,0.0369,0.0148,0.0701
0.2,1.0123,1.2,0.0512,0.0612,158.0703,45.9129,0,0.1687,0.1687,-0.0777,0,0,0.0369,0.0148,0.0597
0.1934,1.1167,1.2,0.0442,0.0612,157.9783,45.9672,0,0.1673,0.1673,-0.0712,0,0,0.0369,0.0148,0.052
0.1952,1.0833,1.2,0.0404,0.0612,157.8894,46.0176,0,0.1688,0.1688,-0.0739,0,0,0.0369,0.0148,0.0504
0.2007,1.063,1.2,0.0335,0.0612,157.7975,46.0644,0,0.1786,0.1786,-0.0687,0,0,0.0369,0.0148,0.0455
0.2,1.0118,1.2,0.0401,0.0605,157.7133,46.1146,0,0.1796,0.1796,-0.106,0,0,0.0365,0.0146,0.05
0.2,1.0285,1.2,0.0471,0.0605,157.6356,46.1607,0,0.1733,0.1733,-0.1089,0,0,0.0365,0.0146,0.044
0.2,0.9726,1.2,0.0542,0.0605,157.5519,46.2101,0,0.1719,0.1719,-0.1103,0,0,0.0365,0.0146,0.0397
0.2,0.8959,1.2,0.0614,0.0605,157.4677,46.2666,0,0.1688,0.1688,-0.1047,0,0,0.0365,0.0146,0.0334
0.2,0.9633,1.2,0.0684,0.0605,157.3803,46.3169,0,0.1616,0.1616,-0.1035,0,0,0.0365,0.0146,0.0395
0.2,1.0074,1.2,0.0756,0.0605,157.2847,46.3702,0,0.1609,0.1609,-0.0944,0,0,0.0365,0.0146,0.0444
0.2,0.9982,1.2,0.0827,0.0605,157.1836,46.4261,0,0.159,0.159,-0.094,0,0,0.0365,0.0146,0.0511
0.2001,1.0893,1.2,0.0756,0.0505,157.0825,46.4794,0,0.1614,0.1614,-0.0761,0,0,0.0305,0.0122,0.0645
0.2,1.145,1.2,0.0684,0.0505,156.9854,46.5382,0,0.157,0.157,-0.0673,0,0,0.0305,0.0122,0.0704
0.2,1.1391,1.2,0.062,0.0505,156.8857,46.5921,0,0.1571,0.1571,-0.0651,0,0,0.0305,0.0122,0.0782
0.1297,1.1268,1.2,0.055,0.0505,156.7844,46.6457,0,0.1633,0.1633,-0.0548,0,0,0.0305,0.0122,0.0844
0.1109,1.1228,1.2,0.0478,0.0505,156.6786,46.7039,0,0.1643,0.1643,-0.0517,0,0,0.0305,0.0122,0.0775
0.089,1.1414,1.2,0.055,0.0602,156.5845,46.7537,0,0.1629,0.1629,-0.0982,0,0,0.0363,0.0145,0.0717
0.0259,1.1997,1.2,0.0621,0.0602,156.4943,46.8154,0,0.1473,0.1473,-0.0915,0,0,0.0363,0.0145,0.0662
0.1996,1.0549,1.2,0.0693,0.0602,156.3893,46.8617,0,0.1586,0.1586,-0.0942,0,0,0.0363,0.0145,0.0537
0.1871,1.083,1.2,0.0706,0.0602,156.2797,46.9007,0,0.1712,0.1712,-0.0917,0,0,0.0363,0.0145,0.0469
0.1166,1.1412,1.2,0.0756,0.0602,156.1928,46.9535,0,0.1587,0.1587,-0.0895,0,0,0.0363,0.0145,0.053
0.1357,1.1575,1.2,0.0685,0.0602,156.1004,47.0018,0,0.1598,0.1598,-0.0775,0,0,0.0363,0.0145,0.0644
0.2,1.0085,1.2,0.0613,0.0602,155.9832,47.0469,0,0.1785,0.1785,-0.0739,0,0,0.0363,0.0145,0.07
0.1999,1.0366,1.2,0.0583,0.0481,155.8698,47.0958,0,0.1831,0.1831,-0.1084,0,0,0.029,0.0116,0.0728
0.003,1.2499,1.2,0.0654,0.0481,155.7715,47.1413,0,0.1719,0.1719,-0.098,0,0,0.029,0.0116,0.0768
-0.0218,1.2282,1.2,0.0725,0.0481,155.6775,47.1872,0,0.1665,0.1665,-0.1015,0,0,0.029,0.0116,0.0724
0.1516,1.0757,1.2,0.0762,0.0481,155.579,47.2437,0,0.1652,0.1652,-0.0983,0,0,0.029,0.0116,0.0659
0.2,1.0367,1.2,0.0691,0.0481,155.4549,47.282,0,0.1845,0.1845,-0.0933,0,0,0.029,0.0116,0.0575
0.1998,1.1271,1.2,0.0619,0.0481,155.3449,47.3271,0,0.1841,0.1841,-0.0874,0,0,0.029,0.0116,0.063
-0.0006,1.2978,1.2,0.0595,0.0371,155.2502,47.3635,0,0.1748,0.1748,-0.1201,0,0,0.0224,0.009,0.0717
0.0153,1.1808,1.2,0.0667,0.0371,155.1408,47.417,0,0.1798,0.1798,-0.1068,0,0,0.0224,0.009,0.0772
0.1999,1.0043,1.2,0.0738,0.0371,155.0408,47.4624,0,0.1806,0.1806,-0.1162,0,0,0.0224,0.009,0.0726
0.0616,1.2137,1.2,0.0668,0.0371,154.9295,47.5014,0,0.178,0.178,-0.1032,0,0,0.0224,0.009,0.0666
0.1862,1.0876,1.2,0.061,0.0371,154.8071,47.5493,0,0.1854,0.1854,-0.1038,0,0,0.0224,0.009,0.0582
0.0719,1.1781,1.2,0.057,0.0242,154.708,47.5946,0,0.1742,0.1742,-0.1048,0,0,0.0146,0.0058,0.0671
-0.1279,1.3075,1.2,0.0499,0.0242,154.6029,47.6326,0,0.1755,0.1755,-0.0914,0,0,0.0146,0.0058,0.0729
0.072,1.0791,1.2,0.0428,0.0242,154.4675,47.6898,0,0.1844,0.1844,-0.0901,0,0,0.0146,0.0058,0.0688
0.1637,1.115,1.2,0.0356,0.0242,154.3592,47.7247,0,0.1866,0.1866,-0.0935,0,0,0.0146,0.0058,0.0652
-0.0363,1.4605,1.2,0.0291,0.0242,154.2475,47.7767,0,0.1653,0.1653,-0.0845,0,0,0.0146,0.0058,0.0546
0.0653,1.1259,1.2,0.028,0.0242,154.1368,47.8155,0,0.1819,0.1819,-0.0924,0,0,0.0146,0.0058,0.0508
-0.0023,1.2234,1.2,0.0351,0.0294,154.013,47.8701,0,0.1687,0.1687,-0.1439,0,0,0.0177,0.0071,0.0439
0.0335,1.1626,1.2,0.0422,0.0294,153.9032,47.9193,0,0.157,0.157,-0.1501,0,0,0.0177,0.0071,0.035
-0.1492,1.3438,1.2,0.0493,0.0294,153.7876,47.9593,0,0.1443,0.1443,-0.143,0,0,0.0177,0.0071,0.0291
-0.032,1.1923,1.2,0.0565,0.0294,153.6686,47.9962,0,0.1548,0.1548,-0.1464,0,0,0.0177,0.0071,0.0273
-0.0268,1.2179,1.2,0.0636,0.0294,153.552,48.045,0,0.1463,0.1463,-0.1375,0,0,0.0177,0.0071,0.0313
-0.0391,1.2338,1.2,0.0707,0.0294,153.4438,48.0918,0,0.1333,0.1333,-0.136,0,0,0.0177,0.0071,0.0373
-0.0887,1.2565,1.2,0.0636,0.0065,153.3299,48.1354,0,0.1399,0.1399,-0.0502,0,0,0.0039,0.0016,0.0424
0.0084,1.168,1.2,0.0564,0.0065,153.2064,48.1715,0,0.159,0.159,-0.0422,0,0,0.0039,0.0016,0.0516
-0.0091,1.214,1.2,0.0493,0.0065,153.0893,48.2116,0,0.168,0.168,-0.0347,0,0,0.0039,0.0016,0.0559
-0.1091,1.2802,1.2,0.0421,0.0065,152.9702,48.2562,0,0.1734,0.1734,-0.0253,0,0,0.0039,0.0016,0.0691
-0.0602,1.2301,1.2,0.035,0.0065,152.8556,48.2968,0,0.1788,0.1788,-0.0262,0,0,0.0039,0.0016,0.0716
-0.1101,1.2621,1.2,0.0421,0.052,152.7395,48.3407,0,0.1832,0.1832,-0.0479,0,0,0.0314,0.0125,0.0626
-0.0347,1.2057,1.2,0.035,0.052,152.628,48.3806,0,0.1838,0.1838,-0.0542,0,0,0.0314,0.0125,0.0523
-0.0468,1.234,1.2,0.0279,0.052,152.5138,48.4184,0,0.1904,0.1904,-0.0503,0,0,0.0314,0.0125,0.0432
0.008,1.1739,1.2,0.0207,0.052,152.3987,48.4585,0,0.1926,0.1926,-0.0548,0,0,0.0314,0.0125,0.0376
0.0064,1.1961,1.2,0.0136,0.052,152.2691,48.5072,0,0.1969,0.1969,-0.0457,0,0,0.0314,0.0125,0.0351
-0.0041,1.2077,1.2,0.0065,0.052,152.1447,48.5469,0,0.2001,0.2001,-0.049,0,0,0.0314,0.0125,0.0388
-0.2001,1.3765,1.2,0.0096,0.0473,152.0087,48.5926,0,0.1964,0.1964,-0.0836,0,0,0.0285,0.0114,0.0321
-0.1443,1.2924,1.2,0.0167,0.0473,151.8996,48.6305,0,0.1934,0.1934,-0.0924,0,0,0.0285,0.0114,0.0247
-0.2,1.4259,1.2,0.0239,0.0473,151.7864,48.672,0,0.1809,0.1809,-0.0953,0,0,0.0285,0.0114,0.0176
0.0001,1.143,1.2,0.0308,0.0473,151.6599,48.7177,0,0.1918,0.1918,-0.0946,0,0,0.0285,0.0114,0.012
0.0039,1.1955,1.2,0.0379,0.0473,151.5336,48.7575,0,0.1912,0.1912,-0.0934,0,0,0.0285,0.0114,0.0106
-0.1959,1.3344,1.2,0.0308,0.0357,151.421,48.8038,0,0.1765,0.1765,-0.0727,0,0,0.0215,0.0086,0.0133
-0.1725,1.3144,1.2,0.0238,0.0357,151.2908,48.8543,0,0.1808,0.1808,-0.0585,0,0,0.0215,0.0086,0.0199
-0.0598,1.2071,1.2,0.0167,0.0357,151.1719,48.8905,0,0.1902,0.1902,-0.0556,0,0,0.0215,0.0086,0.0275
-0.2,1.3875,1.2,0.0095,0.0357,151.068,48.928,0,0.1826,0.1826,-0.0545,0,0,0.0215,0.0086,0.0337
-0.0866,1.2328,1.2,0.0024,0.0357,150.951,48.9724,0,0.1889,0.1889,-0.0467,0,0,0.0215,0.0086,0.0359
0.1128,1.095,1.2,-0.0046,0.0357,150.8411,49.0084,0,0.1908,0.1908,-0.0557,0,0,0.0215,0.0086,0.0293
-0.0135,1.2431,1.2,0.0025,0.0547,150.7195,49.0506,0,0.183,0.183,-0.1063,0,0,0.033,0.0132,0.021
0.0513,1.1448,1.2,0.0097,0.0547,150.6026,49.0851,0,0.1851,0.1851,-0.1121,0,0,0.033,0.0132,0.0168
-0.063,1.2777,1.2,0.0168,0.0547,150.473,49.1327,0,0.1698,0.1698,-0.1094,0,0,0.033,0.0132,0.0114
-0.0252,1.2066,1.2,0.0239,0.0547,150.3584,49.1765,0,0.1625,0.1625,-0.1123,0,0,0.033,0.0132,0.0058
-0.181,1.3698,1.2,0.0311,0.0547,150.2462,49.2062,0,0.1555,0.1555,-0.1138,0,0,0.033,0.0132,0.0004
-0.0657,1.2158,1.2,0.0239,0.0375,150.1248,49.2469,0,0.1601,0.1601,-0.1498,0,0,0.0226,0.009,0.0067
0.0303,1.1509,1.2,0.0311,0.0375,150.0106,49.2791,0,0.1626,0.1626,-0.1456,0,0,0.0226,0.009,0.0146
-0.0622,1.2709,1.2,0.0382,0.0375,149.8963,49.3181,0,0.1428,0.1428,-0.1446,0,0,0.0226,0.009,0.0212
0.0006,1.1774,1.2,0.0453,0.0375,149.787,49.3627,0,0.1363,0.1363,-0.1371,0,0,0.0226,0.009,0.028
0.0034,1.1966,1.2,0.0525,0.0375,149.6688,49.3937,0,0.135,0.135,-0.1337,0,0,0.0226,0.009,0.0281
0.0281,1.1706,1.2,0.0596,0.0375,149.5597,49.4234,0,0.1326,0.1326,-0.136,0,0,0.0226,0.009,0.029
-0.0007,1.2138,1.2,0.0546,0.0232,149.4453,49.4606,0,0.1263,0.1263,-0.1007,0,0,0.014,0.0056,0.0351
0.1125,1.1198,1.2,0.0618,0.0232,149.3193,49.4927,0,0.1367,0.1367,-0.0945,0,0,0.014,0.0056,0.0426
0.0346,1.1951,1.2,0.0689,0.0232,149.2095,49.5292,0,0.127,0.127,-0.0922,0,0,0.014,0.0056,0.049
-0.1133,1.2929,1.2,0.0619,0.0232,149.0918,49.5733,0,0.118,0.118,-0.0779,0,0,0.014,0.0056,0.0609
0.0391,1.1465,1.2,0.0547,0.0232,148.9677,49.6018,0,0.1311,0.1311,-0.0779,0,0,0.014,0.0056,0.0546
-0.0464,1.2477,1.2,0.0476,0.0232,148.8569,49.6382,0,0.1262,0.1262,-0.0662,0,0,0.014,0.0056,0.0659
-0.1111,1.2665,1.2,0.0547,0.042,148.7395,49.6818,0,0.1138,0.1138,-0.1021,0,0,0.0253,0.0101,0.0726
0.0172,1.1575,1.2,0.0618,0.042,148.621,49.712,0,0.1178,0.1178,-0.1028,0,0,0.0253,0.0101,0.0666
-0.032,1.242,1.2,0.069,0.042,148.5063,49.7366,0,0.116,0.116,-0.1016,0,0,0.0253,0.0101,0.0543
-0.0248,1.2138,1.2,0.0761,0.042,148.3764,49.7616,0,0.1233,0.1233,-0.1009,0,0,0.0253,0.0101,0.0483
0.0216,1.1669,1.2,0.0832,0.042,148.2631,49.7967,0,0.1164,0.1164,-0.101,0,0,0.0253,0.0101,0.0536
0.0406,1.175,1.2,0.0904,0.042,148.1391,49.832,0,0.1163,0.1163,-0.0863,0,0,0.0253,0.0101,0.0662
0.0374,1.175,1.2,0.0832,0.0264,148.0215,49.8537,0,0.1222,0.1222,-0.0786,0,0,0.0159,0.0064,0.0722
-0.0751,1.2823,1.2,0.0761,0.0264,147.8968,49.8799,0,0.1289,0.1289,-0.0622,0,0,0.0159,0.0064,0.0803
-0.0091,1.1861,1.2,0.069,0.0264,147.7802,49.9123,0,0.1319,0.1319,-0.0551,0,0,0.0159,0.0064,0.0855
-0.097,1.2705,1.2,0.0619,0.0264,147.6647,49.9412,0,0.1318,0.1318,-0.0454,0,0,0.0159,0.0064,0.0913
-0.0292,1.2028,1.2,0.0547,0.0264,147.5598,49.9697,0,0.1321,0.1321,-0.0444,0,0,0.0159,0.0064,0.0843
0.0052,1.1823,1.2,0.0536,0.0335,147.4417,49.988,0,0.1435,0.1435,-0.0729,0,0,0.0202,0.0081,0.0777
0.2,1.0791,1.2,0.0465,0.0335,147.3279,50.0117,0,0.1481,0.1481,-0.0735,0,0,0.0202,0.0081,0.0715
0.1168,1.1886,1.2,0.0394,0.0335,147.2004,50.0314,0,0.1516,0.1516,-0.0703,0,0,0.0202,0.0081,0.0617
0.138,1.1539,1.2,0.0322,0.0335,147.0864,50.0536,0,0.1548,0.1548,-0.0704,0,0,0.0202,0.0081,0.0529
-0.0621,1.2824,1.2,0.0253,0.0335,146.9702,50.0791,0,0.1504,0.1504,-0.0656,0,0,0.0202,0.0081,0.051
0.031,1.154,1.2,0.0249,0.0335,146.8583,50.1087,0,0.1461,0.1461,-0.0718,0,0,0.0202,0.0081,0.0443
0.0314,1.1801,1.2,0.0177,0.0217,146.7429,50.1324,0,0.1484,0.1484,-0.0635,0,0,0.0131,0.0052,0.037
0.078,1.1481,1.2,0.0106,0.0217,146.6281,50.1451,0,0.1579,0.1579,-0.0686,0,0,0.0131,0.0052,0.0304
0.0828,1.1711,1.2,0.0035,0.0217,146.5053,50.1798,0,0.1506,0.1506,-0.0645,0,0,0.0131,0.0052,0.0248
0.1229,1.1436,1.2,-0.0036,0.0217,146.382,50.1985,0,0.1587,0.1587,-0.0638,0,0,0.0131,0.0052,0.0238
-0.0363,1.2652,1.2,0.0035,0.0217,146.2707,50.2257,0,0.1477,0.1477,-0.0687,0,0,0.0131,0.0052,0.0176
-0.0477,1.2378,1.2,0.0065,0.0217,146.1493,50.2578,0,0.1431,0.1431,-0.0677,0,0,0.0131,0.0052,0.0112
0.049,1.135,1.2,0.0137,0.0255,146.0355,50.2751,0,0.1486,0.1486,-0.1132,0,0,0.0154,0.0061,0.005
-0.0284,1.2457,1.2,0.0208,0.0255,145.928,50.3081,0,0.1306,0.1306,-0.1086,0,0,0.0154,0.0061,0.0001
0.0465,1.1387,1.2,0.0279,0.0255,145.8142,50.3376,0,0.1257,0.1257,-0.1079,0,0,0.0154,0.0061,0.0068
0.1282,1.1151,1.2,0.0351,0.0255,145.699,50.3656,0,0.1188,0.1188,-0.1061,0,0,0.0154,0.0061,0.0096
0.0687,1.1648,1.2,0.0422,0.0255,145.5858,50.3785,0,0.1234,0.1234,-0.1023,0,0,0.0154,0.0061,0.0157
0.0455,1.1761,1.2,0.0493,0.0255,145.4845,50.4015,0,0.1154,0.1154,-0.1033,0,0,0.0154,0.0061,0.022
0.1487,1.1302,1.2,0.0422,0.0086,145.3602,50.4309,0,0.1139,0.1139,-0.0941,0,0,0.0052,0.0021,0.0282
0.2,1.0294,1.2,0.0493,0.0086,145.2439,50.4471,0,0.1238,0.1238,-0.0895,0,0,0.0052,0.0021,0.0349
0,1.2681,1.2,0.0498,0.0086,145.1428,50.4642,0,0.1158,0.1158,-0.0813,0,0,0.0052,0.0021,0.0418
0.0411,1.1664,1.2,0.0497,0.0086,145.0255,50.486,0,0.1169,0.1169,-0.0826,0,0,0.0052,0.0021,0.0478
0.1997,1.0183,1.2,0.0451,0.0086,144.9325,50.506,0,0.1222,0.1222,-0.0786,0,0,0.0052,0.0021,0.0413
0.0947,1.1823,1.2,0.0379,0.0086,144.8275,50.5162,0,0.1255,0.1255,-0.0711,0,0,0.0052,0.0021,0.0474
0.2,0.9462,1.2,0.0361,0.0086,144.7221,50.5339,0,0.133,0.133,-0.0759,0,0,0.0052,0.0021,0.0484
0.2,1.0484,1.2,0.0426,0.0079,144.6129,50.5507,0,0.1336,0.1336,-0.0988,0,0,0.0048,0.0019,0.0482
0.1998,1.0587,1.2,0.0498,0.0079,144.5083,50.563,0,0.133,0.133,-0.1025,0,0,0.0048,0.0019,0.0433
0.1518,1.1002,1.2,0.0569,0.0079,144.4084,50.5891,0,0.1214,0.1214,-0.0971,0,0,0.0048,0.0019,0.0367
0.2,1.0425,1.2,0.064,0.0079,144.3066,50.5995,0,0.1292,0.1292,-0.0944,0,0,0.0048,0.0019,0.035
0.2,1.0245,1.2,0.0712,0.0079,144.203,50.6158,0,0.127,0.127,-0.0947,0,0,0.0048,0.0019,0.041
0.2,1.0172,1.2,0.064,0.0079,144.0921,50.6284,0,0.1344,0.1344,-0.0838,0,0,0.0048,0.0019,0.0479
0.2,1.0393,1.2,0.0579,0.0079,143.9844,50.643,0,0.1333,0.1333,-0.082,0,0,0.0048,0.0019,0.0546
0.1557,1.1124,1.2,0.0508,-0.0088,143.868,50.6562,0,0.1405,0.1405,-0.0534,0,0,-0.0053,-0.0021,0.0659
0.1996,1.0776,1.2,0.0436,-0.0088,143.7563,50.6684,0,0.1485,0.1485,-0.0476,0,0,-0.0053,-0.0021,0.0731
0.0851,1.1673,1.2,0.0365,-0.0088,143.6492,50.6902,0,0.1393,0.1393,-0.0485,0,0,-0.0053,-0.0021,0.0668
0.1441,1.1168,1.2,0.0294,-0.0088,143.5356,50.7039,0,0.1466,0.1466,-0.0459,0,0,-0.0053,-0.0021,0.0558
0.1831,1.0828,1.2,0.0222,-0.0088,143.4288,50.7189,0,0.1468,0.1468,-0.05,0,0,-0.0053,-0.0021,0.0485
0.1092,1.1386,1.2,0.0151,-0.0088,143.3081,50.7297,0,0.1552,0.1552,-0.0452,0,0,-0.0053,-0.0021,0.0417
0.2,1.0688,1.2,0.0128,-0.0031,143.1938,50.7447,0,0.157,0.157,-0.0501,0,0,-0.0019,-0.0007,0.0351
0.0482,1.2058,1.2,0.0058,-0.0031,143.0868,50.7553,0,0.1584,0.1584,-0.0502,0,0,-0.0019,-0.0007,0.0291
0.1029,1.1421,1.2,-0.0013,-0.0031,142.9743,50.7762,0,0.1559,0.1559,-0.0517,0,0,-0.0019,-0.0007,0.0225
0.1998,1.0671,1.2,-0.0085,-0.0031,142.8652,50.7951,0,0.1549,0.1549,-0.0534,0,0,-0.0019,-0.0007,0.0166
0.1566,1.1344,1.2,-0.0153,-0.0031,142.7487,50.8045,0,0.161,0.161,-0.053,0,0,-0.0019,-0.0007,0.0144
0.2,1.0984,1.2,-0.0219,-0.0031,142.639,50.8151,0,0.1669,0.1669,-0.055,0,0,-0.0019,-0.0007,0.0087
0.103,1.1588,1.2,-0.0264,-0.0037,142.5304,50.8259,0,0.1697,0.1697,-0.0721,0,0,-0.0022,-0.0009,0.0028
0.2,1.0924,1.2,-0.0193,-0.0037,142.4241,50.8367,0,0.1713,0.1713,-0.0798,0,0,-0.0022,-0.0009,-0.0032
0.1688,1.0838,1.2,-0.0121,-0.0037,142.3233,50.8556,0,0.1631,0.1631,-0.0855,0,0,-0.0022,-0.0009,-0.0081
0.2001,1.057,1.2,-0.005,-0.0037,142.2173,50.8818,0,0.15,0.15,-0.0904,0,0,-0.0022,-0.0009,-0.0163
0.2,1.0168,1.2,0.0021,-0.0037,142.1032,50.9036,0,0.1456,0.1456,-0.0892,0,0,-0.0022,-0.0009,-0.0214
0.1703,1.0824,1.2,0.0093,-0.0037,141.9866,50.9217,0,0.1374,0.1374,-0.0931,0,0,-0.0022,-0.0009,-0.0173
0.1739,1.1525,1.2,0.0021,-0.0145,141.8482,50.9388,0,0.14,0.14,-0.066,0,0,-0.0087,-0.0035,-0.0092
0.1439,1.1687,1.2,-0.005,-0.0145,141.7438,50.9555,0,0.1359,0.1359,-0.0693,0,0,-0.0087,-0.0035,-0.0036
-0.0558,1.3849,1.2,-0.0084,-0.0145,141.6335,50.983,0,0.1184,0.1184,-0.0664,0,0,-0.0087,-0.0035,0.0041
0.1445,1.0476,1.2,-0.0116,-0.0145,141.5237,51.0035,0,0.1257,0.1257,-0.0656,0,0,-0.0087,-0.0035,0.0105
0.1223,1.1263,1.2,-0.014,-0.0145,141.4024,51.026,0,0.1202,0.1202,-0.0635,0,0,-0.0087,-0.0035,0.0061
0.1718,1.1075,1.2,-0.0166,-0.0145,141.2696,51.0409,0,0.1245,0.1245,-0.0668,0,0,-0.0087,-0.0035,-0.0001
0.0189,1.2245,1.2,-0.0094,-0.0053,141.1495,51.0599,0,0.1167,0.1167,-0.0694,0,0,-0.0032,-0.0013,-0.0038
-0.116,1.324,1.2,-0.0023,-0.0053,141.027,51.089,0,0.1038,0.1038,-0.0689,0,0,-0.0032,-0.0013,-0.0075
-0.0341,1.2033,1.2,0.0048,-0.0053,140.9148,51.1048,0,0.1059,0.1059,-0.0748,0,0,-0.0032,-0.0013,-0.0096
-0.0797,1.2495,1.2,0.0119,-0.0053,140.8045,51.1243,0,0.1001,0.1001,-0.0774,0,0,-0.0032,-0.0013,-0.0118
0.0639,1.1215,1.2,0.0191,-0.0053,140.6914,51.1438,0,0.1031,0.1031,-0.0757,0,0,-0.0032,-0.0013,-0.0071
0.1755,1.1102,1.2,0.0119,-0.0053,140.558,51.1671,0,0.1054,0.1054,-0.0658,0,0,-0.0032,-0.0013,-0.0004
0.2,1.1374,1.2,0.0053,-0.0046,140.4436,51.1799,0,0.1078,0.1078,-0.0597,0,0,-0.0027,-0.0011,0.0061
0,1.3455,1.2,-0.0019,-0.0046,140.3134,51.208,0,0.1015,0.1015,-0.0477,0,0,-0.0027,-0.0011,0.0131
0.0818,1.1386,1.2,-0.009,-0.0046,140.2103,51.2243,0,0.1038,0.1038,-0.0528,0,0,-0.0027,-0.0011,0.0192
-0.1053,1.3216,1.2,-0.0031,-0.0046,140.1,51.2412,0,0.0985,0.0985,-0.0544,0,0,-0.0027,-0.0011,0.0161
0.0942,1.0338,1.2,-0.0033,-0.0046,139.9869,51.2639,0,0.1014,0.1014,-0.0578,0,0,-0.0027,-0.0011,0.011
0.1641,1.1058,1.2,-0.0104,-0.0046,139.8398,51.2818,0,0.1073,0.1073,-0.0546,0,0,-0.0027,-0.0011,0.0045
0.0994,1.1431,1.2,-0.0033,-0.0008,139.7071,51.2943,0,0.1093,0.1093,-0.0828,0,0,-0.0005,-0.0002,-0.0012
-0.1006,1.4725,1.2,0.0039,-0.0008,139.6066,51.3177,0,0.083,0.083,-0.0871,0,0,-0.0005,-0.0002,-0.0008
-0.1914,1.3195,1.2,0.011,-0.0008,139.4844,51.3303,0,0.096,0.096,-0.0837,0,0,-0.0005,-0.0002,0.0005
0.0083,1.0238,1.2,0.0179,-0.0008,139.3631,51.3395,0,0.1131,0.1131,-0.0897,0,0,-0.0005,-0.0002,-0.0038
-0.0123,1.2197,1.2,0.0251,-0.0008,139.2482,51.3545,0,0.108,0.108,-0.0848,0,0,-0.0005,-0.0002,-0.0016
-0.0083,1.2028,1.2,0.0179,-0.0141,139.1172,51.3722,0,0.1136,0.1136,-0.0397,0,0,-0.0085,-0.0034,0.0046
0.0414,1.1505,1.2,0.0108,-0.0141,138.9968,51.3879,0,0.1195,0.1195,-0.0405,0,0,-0.0085,-0.0034,0.0108
-0.1106,1.312,1.2,0.0037,-0.0141,138.8853,51.4141,0,0.1117,0.1117,-0.0365,0,0,-0.0085,-0.0034,0.017
-0.0318,1.2026,1.2,-0.0034,-0.0141,138.7569,51.4382,0,0.1172,0.1172,-0.0286,0,0,-0.0085,-0.0034,0.0231
0.0485,1.1354,1.2,-0.0105,-0.0141,138.65,51.4559,0,0.1176,0.1176,-0.0332,0,0,-0.0085,-0.0034,0.0214
-0.1515,1.296,1.2,-0.0033,0.0038,138.5364,51.473,0,0.1165,0.1165,-0.0557,0,0,0.0023,0.0009,0.0156
0.0485,1.0741,1.2,-0.0096,0.0038,138.4217,51.4903,0,0.1226,0.1226,-0.0599,0,0,0.0023,0.0009,0.0097
0.1092,1.138,1.2,-0.0049,0.0038,138.3075,51.5064,0,0.1215,0.1215,-0.0631,0,0,0.0023,0.0009,0.0033
0.0803,1.1498,1.2,0.0023,0.0038,138.1938,51.5307,0,0.114,0.114,-0.0661,0,0,0.0023,0.0009,-0.0034
0.0804,1.1431,1.2,0.0094,0.0038,138.0867,51.553,0,0.1083,0.1083,-0.0671,0,0,0.0023,0.0009,-0.0017
0.0712,1.1526,1.2,0.0165,0.0038,137.975,51.5716,0,0.1066,0.1066,-0.0687,0,0,0.0023,0.0009,-0.0036
0.1969,1.0851,1.2,0.0123,0.0038,137.8597,51.5804,0,0.1179,0.1179,-0.0692,0,0,0.0023,0.0009,-0.0018
0.2,1.1218,1.2,0.0052,-0.0075,137.7483,51.5912,0,0.124,0.124,-0.0606,0,0,-0.0045,-0.0018,0.0033
0.2,1.1459,1.2,-0.0019,-0.0075,137.6254,51.6125,0,0.1273,0.1273,-0.0511,0,0,-0.0045,-0.0018,0.0095
0.2,1.1096,1.2,-0.0091,-0.0075,137.5148,51.6328,0,0.1249,0.1249,-0.0529,0,0,-0.0045,-0.0018,0.0158
0.01,1.2389,1.2,-0.0162,-0.0075,137.4147,51.6473,0,0.1239,0.1239,-0.0519,0,0,-0.0045,-0.0018,0.0165
0.1655,1.1145,1.2,-0.0233,-0.0075,137.2892,51.6688,0,0.1285,0.1285,-0.0499,0,0,-0.0045,-0.0018,0.0107
0.2,1.0025,1.2,-0.0247,-0.0075,137.1587,51.692,0,0.129,0.129,-0.0528,0,0,-0.0045,-0.0018,0.0067
0.0005,1.2647,1.2,-0.0176,-0.0068,137.0537,51.7094,0,0.1177,0.1177,-0.0673,0,0,-0.0041,-0.0016,0.0009
-0.1459,1.3131,1.2,-0.0105,-0.0068,136.9431,51.7337,0,0.1067,0.1067,-0.0727,0,0,-0.0041,-0.0016,-0.0052
0.0539,1.0545,1.2,-0.0033,-0.0068,136.834,51.7668,0,0.1007,0.1007,-0.0734,0,0,-0.0041,-0.0016,-0.0142
0.1292,1.1229,1.2,0.0038,-0.0068,136.7245,51.7882,0,0.0907,0.0907,-0.0809,0,0,-0.0041,-0.0016,-0.0194
0.1039,1.1295,1.2,0.011,-0.0068,136.6128,51.8002,0,0.0953,0.0953,-0.082,0,0,-0.0041,-0.0016,-0.0174
0.1606,1.1054,1.2,0.0181,-0.0068,136.5078,51.8145,0,0.0988,0.0988,-0.0807,0,0,-0.0041,-0.0016,-0.0107
0.1288,1.1126,1.2,0.0252,-0.0068,136.4002,51.8309,0,0.0992,0.0992,-0.0796,0,0,-0.0041,-0.0016,-0.0052
0.2,1.0505,1.2,0.0181,-0.0144,136.2923,51.8472,0,0.1044,0.1044,-0.0624,0,0,-0.0087,-0.0035,0.0043
0.2004,1.0785,1.2,0.0109,-0.0144,136.1849,51.8684,0,0.102,0.102,-0.0593,0,0,-0.0087,-0.0035,0.0112
0.1998,1.0823,1.2,0.0042,-0.0144,136.0628,51.8874,0,0.1085,0.1085,-0.0503,0,0,-0.0087,-0.0035,0.0153
0.1999,1.0856,1.2,-0.0029,-0.0144,135.9478,51.9044,0,0.1105,0.1105,-0.0507,0,0,-0.0087,-0.0035,0.0217
0.0308,1.2288,1.2,-0.0099,-0.0144,135.8333,51.9161,0,0.1148,0.1148,-0.0499,0,0,-0.0087,-0.0035,0.0227
0.0853,1.151,1.2,-0.0171,-0.0144,135.7218,51.9376,0,0.1139,0.1139,-0.0528,0,0,-0.0087,-0.0035,0.0147
0.0801,1.1417,1.2,-0.0099,-0.0086,135.6099,51.962,0,0.1062,0.1062,-0.0756,0,0,-0.0052,-0.0021,0.0079
0.1225,1.1251,1.2,-0.0028,-0.0086,135.5042,51.9844,0,0.0993,0.0993,-0.0788,0,0,-0.0052,-0.0021,0.0028
0.0962,1.1362,1.2,0.0043,-0.0086,135.3966,51.999,0,0.0996,0.0996,-0.0816,0,0,-0.0052,-0.0021,-0.0017
0.1998,1.0709,1.2,0.0115,-0.0086,135.2888,52.017,0,0.0996,0.0996,-0.0849,0,0,-0.0052,-0.0021,-0.0079
0.1767,1.0763,1.2,0.0186,-0.0086,135.168,52.0308,0,0.1062,0.1062,-0.0806,0,0,-0.0052,-0.0021,-0.0061
0.1661,1.0828,1.2,0.0257,-0.0086,135.0642,52.0528,0,0.0982,0.0982,-0.0834,0,0,-0.0052,-0.0021,-0.003
0.0409,1.2076,1.2,0.0186,-0.0201,134.9548,52.0698,0,0.0946,0.0946,-0.0661,0,0,-0.0121,-0.0048,0.0045
0.1854,1.0518,1.2,0.0118,-0.0201,134.8448,52.0933,0,0.0956,0.0956,-0.0643,0,0,-0.0121,-0.0048,0.0087
0.1364,1.1145,1.2,0.0047,-0.0201,134.7124,52.1033,0,0.1138,0.1138,-0.0477,0,0,-0.0121,-0.0048,0.0195
0.2,1.1145,1.2,-0.0024,-0.0201,134.6095,52.1217,0,0.1097,0.1097,-0.0531,0,0,-0.0121,-0.0048,0.0213
-0.0001,1.3281,1.2,-0.0096,-0.0201,134.5044,52.1437,0,0.0991,0.0991,-0.0531,0,0,-0.0121,-0.0048,0.0201
0.2,1.0354,1.2,-0.0167,-0.0201,134.4049,52.1622,0,0.1048,0.1048,-0.0569,0,0,-0.0121,-0.0048,0.0141
0.2,1.0642,1.2,-0.015,-0.0201,134.2934,52.1819,0,0.1021,0.1021,-0.0597,0,0,-0.0121,-0.0048,0.0077
0.2,1.0036,1.2,-0.0079,-0.0146,134.1878,52.2014,0,0.1014,0.1014,-0.0626,0,0,-0.0088,-0.0035,0.0004
0.1607,1.1224,1.2,-0.015,-0.0146,134.0629,52.2123,0,0.1104,0.1104,-0.059,0,0,-0.0088,-0.0035,-0.0062
0.1972,1.0644,1.2,-0.0079,-0.0146,133.9534,52.2292,0,0.109,0.109,-0.0687,0,0,-0.0088,-0.0035,-0.0119
-0.0009,1.2476,1.2,-0.0061,-0.0146,133.8324,52.2475,0,0.1075,0.1075,-0.0645,0,0,-0.0088,-0.0035,-0.0109
0.1294,1.0964,1.2,0.001,-0.0146,133.7272,52.2724,0,0.1016,0.1016,-0.0696,0,0,-0.0088,-0.0035,-0.0041
0.0178,1.2151,1.2,0.0031,-0.017,133.6244,52.2946,0,0.0916,0.0916,-0.0569,0,0,-0.0102,-0.0041,-0.0103
0.1585,1.0722,1.2,-0.004,-0.017,133.5202,52.3146,0,0.0944,0.0944,-0.0568,0,0,-0.0102,-0.0041,-0.004
0.2,1.0427,1.2,-0.0111,-0.017,133.4283,52.3386,0,0.0909,0.0909,-0.0517,0,0,-0.0102,-0.0041,-0.002
0.1998,1.052,1.2,-0.0182,-0.017,133.3037,52.3539,0,0.0989,0.0989,-0.0497,0,0,-0.0102,-0.0041,0.0041
0.2,0.9419,1.2,-0.0115,-0.017,133.1979,52.3728,0,0.1002,0.1002,-0.0544,0,0,-0.0102,-0.0041,0.0061
0.0054,1.2442,1.2,-0.0047,-0.017,133.0935,52.3921,0,0.09,0.09,-0.0585,0,0,-0.0102,-0.0041,-0.0002
0.1744,1.0645,1.2,0.0008,-0.017,132.9869,52.4146,0,0.0911,0.0911,-0.0625,0,0,-0.0102,-0.0041,-0.0064
0.2001,1.0514,1.2,-0.0032,-0.0136,132.8813,52.447,0,0.0804,0.0804,-0.0364,0,0,-0.0082,-0.0033,-0.0133
0.1998,1.0807,1.2,-0.0103,-0.0136,132.7746,52.4653,0,0.0839,0.0839,-0.036,0,0,-0.0082,-0.0033,-0.0077
0.2,1.0942,1.2,-0.0174,-0.0136,132.6754,52.4729,0,0.0967,0.0967,-0.0352,0,0,-0.0082,-0.0033,-0.001
0.2003,1.0727,1.2,-0.0244,-0.0136,132.5715,52.4926,0,0.0975,0.0975,-0.0379,0,0,-0.0082,-0.0033,0.0042
0.2,0.9853,1.2,-0.0251,-0.0136,132.4621,52.5191,0,0.0965,0.0965,-0.0376,0,0,-0.0082,-0.0033,0.0008
0.2,1.0473,1.2,-0.0217,-0.0136,132.3646,52.5464,0,0.0851,0.0851,-0.0455,0,0,-0.0082,-0.0033,-0.0047
0.1515,1.1163,1.2,-0.0146,-0.0136,132.263,52.5722,0,0.0769,0.0769,-0.0514,0,0,-0.0082,-0.0033,-0.0111
0.2,1.0052,1.2,-0.0075,-0.0049,132.1521,52.5941,0,0.0815,0.0815,-0.0674,0,0,-0.003,-0.0012,-0.0194
0.2001,1.039,1.2,-0.0004,-0.0049,132.043,52.6226,0,0.0699,0.0699,-0.0743,0,0,-0.003,-0.0012,-0.0206
0.133,1.1219,1.2,0.0066,-0.0049,131.9335,52.6436,0,0.0696,0.0696,-0.0699,0,0,-0.003,-0.0012,-0.0179
0.1156,1.1186,1.2,0.0137,-0.0049,131.8376,52.6781,0,0.0509,0.0509,-0.0746,0,0,-0.003,-0.0012,-0.0107
0.1578,1.1065,1.2,0.0209,-0.0049,131.742,52.7101,0,0.0374,0.0374,-0.0754,0,0,-0.003,-0.0012,-0.0054
0.2,1.0145,1.2,0.028,-0.0049,131.6446,52.7342,0,0.039,0.039,-0.0677,0,0,-0.003,-0.0012,0.0014
0.2,0.9998,1.2,0.0351,-0.0049,131.5448,52.7468,0,0.0476,0.0476,-0.0641,0,0,-0.003,-0.0012,0.0081
0.2,0.9959,1.2,0.028,-0.0193,131.4428,52.7669,0,0.0474,0.0474,-0.0412,0,0,-0.0116,-0.0046,0.0145
0.2,0.9985,1.2,0.0208,-0.0193,131.3443,52.7871,0,0.0529,0.0529,-0.0324,0,0,-0.0116,-0.0046,0.0207
0.1998,1.0298,1.2,0.0137,-0.0193,131.2435,52.8098,0,0.0509,0.0509,-0.0335,0,0,-0.0116,-0.0046,0.0264
0.2,0.9996,1.2,0.0066,-0.0193,131.1364,52.8235,0,0.0648,0.0648,-0.0253,0,0,-0.0116,-0.0046,0.033
0.2,1.0237,1.2,-0.0006,-0.0193,131.0217,52.8531,0,0.0607,0.0607,-0.0252,0,0,-0.0116,-0.0046,0.0288
0.2,1.0754,1.2,-0.0077,-0.0193,130.8998,52.8728,0,0.067,0.067,-0.026,0,0,-0.0116,-0.0046,0.0232
0.1462,1.1745,1.2,-0.0107,-0.0146,130.7944,52.9026,0,0.0575,0.0575,-0.0193,0,0,-0.0088,-0.0035,0.0159
0.0235,1.2244,1.2,-0.0178,-0.0146,130.6873,52.9293,0,0.0538,0.0538,-0.0229,0,0,-0.0088,-0.0035,0.0111
0.2,1.0863,1.2,-0.025,-0.0146,130.568,52.9518,0,0.0624,0.0624,-0.0214,0,0,-0.0088,-0.0035,0.0049
0.1801,1.095,1.2,-0.0265,-0.0146,130.4537,52.9775,0,0.0604,0.0604,-0.0281,0,0,-0.0088,-0.0035,-0.0015
0.0433,1.205,1.2,-0.0262,-0.0146,130.339,53.0047,0,0.0594,0.0594,-0.0275,0,0,-0.0088,-0.0035,-0.0057
0.0551,1.1605,1.2,-0.0191,-0.0146,130.2315,53.0278,0,0.0571,0.0571,-0.0373,0,0,-0.0088,-0.0035,-0.0118
0.047,1.1697,1.2,-0.0138,-0.0169,130.113,53.0485,0,0.0596,0.0596,-0.0826,0,0,-0.0102,-0.0041,-0.0185
0.1994,1.0888,1.2,-0.0067,-0.0169,130.0103,53.0869,0,0.0403,0.0403,-0.0897,0,0,-0.0102,-0.0041,-0.0215
0.0594,1.1933,1.2,0.0004,-0.0169,129.8979,53.1046,0,0.0399,0.0399,-0.0889,0,0,-0.0102,-0.0041,-0.0218
0.1682,1.091,1.2,0.0076,-0.0169,129.7852,53.1312,0,0.0364,0.0364,-0.0924,0,0,-0.0102,-0.0041,-0.0176
0.114,1.1291,1.2,0.0147,-0.0169,129.6767,53.1556,0,0.0301,0.0301,-0.0924,0,0,-0.0102,-0.0041,-0.0097
0.0839,1.147,1.2,0.0218,-0.0169,129.5543,53.1791,0,0.0338,0.0338,-0.0824,0,0,-0.0102,-0.0041,-0.0033
0.1998,1.1024,1.2,0.0147,-0.0487,129.4327,53.2057,0,0.0297,0.0297,-0.0782,0,0,-0.0294,-0.0118,0.0014
0.0108,1.2397,1.2,0.0218,-0.0487,129.3043,53.2405,0,0.019,0.019,-0.0704,0,0,-0.0294,-0.0118,0.0091
-0.0219,1.2322,1.2,0.029,-0.0487,129.1856,53.2609,0,0.0205,0.0205,-0.072,0,0,-0.0294,-0.0118,0.0158
-0.1695,1.3193,1.2,0.0361,-0.0487,129.0605,53.2799,0,0.0295,0.0295,-0.0602,0,0,-0.0294,-0.0118,0.022
-0.0386,1.1928,1.2,0.0431,-0.0487,128.9395,53.3021,0,0.0315,0.0315,-0.0674,0,0,-0.0294,-0.0118,0.019
-0.0684,1.2597,1.2,0.0428,-0.0575,128.8178,53.3304,0,0.0295,0.0295,-0.0563,0,0,-0.0347,-0.0139,0.0203
-0.0677,1.2178,1.2,0.0409,-0.0575,128.6923,53.3497,0,0.0395,0.0395,-0.0507,0,0,-0.0347,-0.0139,0.0263
-0.0584,1.2409,1.2,0.0337,-0.0575,128.5624,53.3691,0,0.0487,0.0487,-0.0443,0,0,-0.0347,-0.0139,0.0318
-0.0715,1.2605,1.2,0.0266,-0.0575,128.4289,53.3846,0,0.0637,0.0637,-0.0359,0,0,-0.0347,-0.0139,0.0387
-0.1558,1.3049,1.2,0.0195,-0.0575,128.317,53.4046,0,0.0636,0.0636,-0.0374,0,0,-0.0347,-0.0139,0.042
-0.2,1.3366,1.2,0.0123,-0.0703,128.1995,53.4395,0,0.0573,0.0573,-0.0171,0,0,-0.0424,-0.017,0.0406
-0.0001,1.1257,1.2,0.0052,-0.0703,128.0587,53.4562,0,0.075,0.075,-0.0159,0,0,-0.0424,-0.017,0.0362
-0.0126,1.2149,1.2,-0.0018,-0.0703,127.9308,53.4767,0,0.0777,0.0777,-0.0218,0,0,-0.0424,-0.017,0.0295
-0.2,1.4085,1.2,-0.0089,-0.0703,127.7982,53.4938,0,0.0889,0.0889,-0.0184,0,0,-0.0424,-0.017,0.0235
-0.1434,1.283,1.2,-0.0161,-0.0703,127.6721,53.5079,0,0.1,0.1,-0.0251,0,0,-0.0424,-0.017,0.0158
-0.1996,1.3282,1.2,-0.0232,-0.0802,127.5361,53.5421,0,0.0966,0.0966,0.0399,0,0,-0.0484,-0.0194,0.0112
-0.1148,1.256,1.2,-0.0303,-0.0802,127.4058,53.5637,0,0.1062,0.1062,0.0328,0,0,-0.0484,-0.0194,0.005
-0.2,1.3902,1.2,-0.0375,-0.0802,127.2757,53.5927,0,0.1127,0.1127,0.0271,0,0,-0.0484,-0.0194,-0.0022
-0.1603,1.308,1.2,-0.0446,-0.0802,127.15,53.6224,0,0.1141,0.1141,0.0213,0,0,-0.0484,-0.0194,-0.008
-0.1818,1.3222,1.2,-0.0517,-0.0802,127.0217,53.6502,0,0.1191,0.1191,0.015,0,0,-0.0484,-0.0194,-0.0148
-0.1346,1.2797,1.2,-0.0589,-0.0802,126.8849,53.6796,0,0.1275,0.1275,0.0138,0,0,-0.0484,-0.0194,-0.0216
-0.1676,1.3011,1.2,-0.0519,-0.0636,126.7544,53.7133,0,0.1243,0.1243,-0.0007,0,0,-0.0384,-0.0153,-0.0267
-0.2,1.3878,1.2,-0.059,-0.0636,126.629,53.7505,0,0.1166,0.1166,-0.0108,0,0,-0.0384,-0.0153,-0.0344
-0.1907,1.3369,1.2,-0.0662,-0.0636,126.4938,53.7758,0,0.1261,0.1261,-0.0162,0,0,-0.0384,-0.0153,-0.0441
-0.145,1.297,1.2,-0.0733,-0.0636,126.3716,53.7965,0,0.1322,0.1322,-0.028,0,0,-0.0384,-0.0153,-0.0527
-0.2,1.3634,1.2,-0.0804,-0.0636,126.2547,53.8181,0,0.1372,0.1372,-0.0365,0,0,-0.0384,-0.0153,-0.0566
-0.0983,1.2252,1.2,-0.0874,-0.0636,126.1383,53.8489,0,0.1377,0.1377,-0.0391,0,0,-0.0384,-0.0153,-0.0533
0.0012,1.176,1.2,-0.0946,-0.0795,126.0234,53.8809,0,0.1371,0.1371,-0.0047,0,0,-0.048,-0.0192,-0.06
0.0101,1.1929,1.2,-0.1017,-0.0795,125.9108,53.9143,0,0.1369,0.1369,-0.0115,0,0,-0.048,-0.0192,-0.0672
0.0195,1.1825,1.2,-0.1088,-0.0795,125.7966,53.9504,0,0.1307,0.1307,-0.0247,0,0,-0.048,-0.0192,-0.0742
0.039,1.1651,1.2,-0.116,-0.0795,125.6857,53.9823,0,0.1293,0.1293,-0.0348,0,0,-0.048,-0.0192,-0.0804
0.0289,1.188,1.2,-0.1195,-0.0795,125.5706,54.0198,0,0.123,0.123,-0.0462,0,0,-0.048,-0.0192,-0.0865
0.0614,1.1439,1.2,-0.1123,-0.0795,125.4461,54.0662,0,0.115,0.115,-0.0518,0,0,-0.048,-0.0192,-0.0925
0.0252,1.2003,1.2,-0.1117,-0.0706,125.3299,54.1039,0,0.1103,0.1103,-0.0246,0,0,-0.0426,-0.017,-0.1007
-0.1363,1.3184,1.2,-0.1124,-0.0706,125.2071,54.153,0,0.1009,0.1009,-0.0364,0,0,-0.0426,-0.017,-0.1056
-0.0516,1.2115,1.2,-0.1053,-0.0706,125.0967,54.1886,0,0.1004,0.1004,-0.0469,0,0,-0.0426,-0.017,-0.1127
-0.2002,1.3117,1.2,-0.0982,-0.0706,124.9767,54.2347,0,0.0933,0.0933,-0.0554,0,0,-0.0426,-0.017,-0.1119
-0.0003,1.149,1.2,-0.091,-0.0706,124.8594,54.2643,0,0.1072,0.1072,-0.0554,0,0,-0.0426,-0.017,-0.1064
-0.1411,1.2754,1.2,-0.0901,-0.0611,124.7526,54.3089,0,0.0938,0.0938,-0.0369,0,0,-0.0368,-0.0147,-0.1069
-0.032,1.195,1.2,-0.0868,-0.0611,124.6428,54.3509,0,0.0938,0.0938,-0.0414,0,0,-0.0368,-0.0147,-0.1053
0.0446,1.1492,1.2,-0.08,-0.0611,124.5357,54.3991,0,0.0878,0.0878,-0.0446,0,0,-0.0368,-0.0147,-0.0978
0.0455,1.1659,1.2,-0.0729,-0.0611,124.4322,54.4481,0,0.0779,0.0779,-0.0503,0,0,-0.0368,-0.0147,-0.0925
0.0461,1.1658,1.2,-0.0657,-0.0611,124.326,54.4988,0,0.0683,0.0683,-0.0551,0,0,-0.0368,-0.0147,-0.0871
0.0996,1.1372,1.2,-0.0586,-0.0611,124.2199,54.5363,0,0.0717,0.0717,-0.0594,0,0,-0.0368,-0.0147,-0.0844
0.0604,1.1681,1.2,-0.0515,-0.0611,124.1198,54.5853,0,0.0602,0.0602,-0.0656,0,0,-0.0368,-0.0147,-0.0818
0.1543,1.1136,1.2,-0.0443,-0.0547,124.0188,54.6271,0,0.0589,0.0589,-0.0741,0,0,-0.033,-0.0132,-0.0736
0.1337,1.1067,1.2,-0.0372,-0.0547,123.919,54.669,0,0.0546,0.0546,-0.0793,0,0,-0.033,-0.0132,-0.0704
0.1999,1.0826,1.2,-0.0301,-0.0547,123.8194,54.7072,0,0.0554,0.0554,-0.0816,0,0,-0.033,-0.0132,-0.0637
0.1952,1.0725,1.2,-0.0229,-0.0547,123.7101,54.7472,0,0.0582,0.0582,-0.083,0,0,-0.033,-0.0132,-0.0565
0.1998,1.056,1.2,-0.0158,-0.0547,123.609,54.7829,0,0.0648,0.0648,-0.079,0,0,-0.033,-0.0132,-0.0468
0.1053,1.1523,1.2,-0.0086,-0.0547,123.5008,54.8271,0,0.0576,0.0576,-0.0841,0,0,-0.033,-0.0132,-0.0377
0.2,1.0637,1.2,-0.0158,-0.0671,123.3996,54.8679,0,0.0609,0.0609,-0.0282,0,0,-0.0405,-0.0162,-0.0291
0.1008,1.1566,1.2,-0.0229,-0.0671,123.2865,54.9087,0,0.0706,0.0706,-0.0283,0,0,-0.0405,-0.0162,-0.022
0.1854,1.0807,1.2,-0.0301,-0.0671,123.186,54.9459,0,0.08,0.08,-0.028,0,0,-0.0405,-0.0162,-0.0151
0.0574,1.1912,1.2,-0.0372,-0.0671,123.0898,54.9921,0,0.08,0.08,-0.0233,0,0,-0.0405,-0.0162,-0.0077
0.2007,1.0614,1.2,-0.0443,-0.0671,123,55.038,0,0.0758,0.0758,-0.0276,0,0,-0.0405,-0.0162,-0.0062
0.2001,1.058,1.2,-0.0514,-0.0671,122.9118,55.086,0,0.0696,0.0696,-0.0296,0,0,-0.0405,-0.0162,-0.0133
0.2,1.0011,1.2,-0.0586,-0.0671,122.8188,55.1176,0,0.0795,0.0795,-0.0345,0,0,-0.0405,-0.0162,-0.0208
0.2,0.9948,1.2,-0.0514,-0.0467,122.7191,55.1533,0,0.0857,0.0857,-0.0102,0,0,-0.0282,-0.0113,-0.0278
0.2,0.9723,1.2,-0.0585,-0.0467,122.6235,55.1929,0,0.0905,0.0905,-0.0189,0,0,-0.0282,-0.0113,-0.0362
0.2004,1.0459,1.2,-0.0657,-0.0467,122.5266,55.2439,0,0.0855,0.0855,-0.0277,0,0,-0.0282,-0.0113,-0.0474
0.2,1.0238,1.2,-0.0588,-0.0467,122.4301,55.2914,0,0.0847,0.0847,-0.0347,0,0,-0.0282,-0.0113,-0.0561
0.1721,1.0853,1.2,-0.0544,-0.0467,122.347,55.3479,0,0.0713,0.0713,-0.0351,0,0,-0.0282,-0.0113,-0.0515
0.2001,1.0658,1.2,-0.0529,-0.0467,122.2465,55.3969,0,0.071,0.071,-0.041,0,0,-0.0282,-0.0113,-0.0542
0.2,0.9972,1.2,-0.0458,-0.0467,122.1413,55.4537,0,0.0647,0.0647,-0.0513,0,0,-0.0282,-0.0113,-0.0612
0.0661,1.1865,1.2,-0.0424,-0.0343,122.0386,55.4925,0,0.0807,0.0807,-0.0077,0,0,-0.0207,-0.0083,-0.0587
0.0349,1.1865,1.2,-0.0495,-0.0343,121.9414,55.5513,0,0.0731,0.0731,-0.0157,0,0,-0.0207,-0.0083,-0.0586
0.2,1.0899,1.2,-0.0566,-0.0343,121.8584,55.6023,0,0.068,0.068,-0.0181,0,0,-0.0207,-0.0083,-0.0526
0.1999,1.128,1.2,-0.0638,-0.0343,121.755,55.6711,0,0.0598,0.0598,-0.0159,0,0,-0.0207,-0.0083,-0.0407
0.2,0.9667,1.2,-0.0575,-0.0343,121.6566,55.7238,0,0.0606,0.0606,-0.0205,0,0,-0.0207,-0.0083,-0.0375
0.0188,1.2327,1.2,-0.0503,-0.0143,121.5614,55.7665,0,0.064,0.064,-0.0218,0,0,-0.0086,-0.0034,-0.0482
0.1453,1.1063,1.2,-0.056,-0.0143,121.4622,55.821,0,0.0672,0.0672,-0.0233,0,0,-0.0086,-0.0034,-0.0555
0.2001,1.0319,1.2,-0.0489,-0.0143,121.3632,55.8851,0,0.0598,0.0598,-0.0292,0,0,-0.0086,-0.0034,-0.0626
0.1298,1.1221,1.2,-0.0418,-0.0143,121.2596,55.9429,0,0.0588,0.0588,-0.0337,0,0,-0.0086,-0.0034,-0.0568
0.0634,1.1706,1.2,-0.0346,-0.0143,121.1725,55.9884,0,0.059,0.059,-0.0398,0,0,-0.0086,-0.0034,-0.0514
0.0438,1.1753,1.2,-0.0276,-0.0143,121.0847,56.0457,0,0.0513,0.0513,-0.0449,0,0,-0.0086,-0.0034,-0.0549
0.2,0.9724,1.2,-0.0205,-0.0143,120.9845,56.1045,0,0.0542,0.0542,-0.0436,0,0,-0.0086,-0.0034,-0.0483
0.2001,1.0407,1.2,-0.0133,-0.0111,120.8819,56.1689,0,0.048,0.048,-0.0382,0,0,-0.0067,-0.0027,-0.0362
0.1032,1.151,1.2,-0.0063,-0.0111,120.7881,56.2313,0,0.04,0.04,-0.0387,0,0,-0.0067,-0.0027,-0.0294
0.0255,1.2016,1.2,0.0009,-0.0111,120.6961,56.2945,0,0.0312,0.0312,-0.0388,0,0,-0.0067,-0.0027,-0.0227
0.1391,1.1167,1.2,0.008,-0.0111,120.5933,56.3597,0,0.029,0.029,-0.0377,0,0,-0.0067,-0.0027,-0.0158
0.146,1.107,1.2,0.0152,-0.0111,120.4937,56.4121,0,0.0351,0.0351,-0.0364,0,0,-0.0067,-0.0027,-0.009
0.0376,1.207,1.2,0.0212,-0.0111,120.3987,56.4657,0,0.0365,0.0365,-0.0344,0,0,-0.0067,-0.0027,-0.0022
0.1727,1.1152,1.2,0.0169,-0.0108,120.2945,56.5164,0,0.0479,0.0479,-0.0407,0,0,-0.0065,-0.0026,0.0043
0.1909,1.0816,1.2,0.0216,-0.0108,120.1943,56.5802,0,0.0445,0.0445,-0.0387,0,0,-0.0065,-0.0026,0.0105
0.1288,1.1493,1.2,0.0145,-0.0108,120.0771,56.6348,0,0.0591,0.0591,-0.0306,0,0,-0.0065,-0.0026,0.0156
0.1056,1.1777,1.2,0.0073,-0.0108,119.9746,56.6878,0,0.0635,0.0635,-0.0315,0,0,-0.0065,-0.0026,0.0206
-0.0945,1.2856,1.2,0.0003,-0.0108,119.8724,56.7517,0,0.0614,0.0614,-0.0264,0,0,-0.0065,-0.0026,0.0177
0.0652,1.1428,1.2,-0.0067,-0.0108,119.7685,56.8027,0,0.0706,0.0706,-0.0283,0,0,-0.0065,-0.0026,0.021
0.0255,1.1961,1.2,-0.0138,-0.0181,119.6508,56.8588,0,0.0872,0.0872,0.0142,0,0,-0.0109,-0.0044,0.0147
0.0774,1.1467,1.2,-0.0209,-0.0181,119.542,56.9177,0,0.0933,0.0933,0.0084,0,0,-0.0109,-0.0044,0.0082
-0.0752,1.2947,1.2,-0.0281,-0.0181,119.436,56.9725,0,0.1028,0.1028,0.0046,0,0,-0.0109,-0.0044,0.0031
-0.0486,1.2253,1.2,-0.0352,-0.0181,119.321,57.0303,0,0.1165,0.1165,0.0044,0,0,-0.0109,-0.0044,-0.0036
-0.0004,1.1824,1.2,-0.0423,-0.0181,119.2176,57.0907,0,0.1174,0.1174,-0.0034,0,0,-0.0109,-0.0044,-0.0102
-0.0967,1.2766,1.2,-0.0357,-0.0018,119.1151,57.1481,0,0.1212,0.1212,-0.0027,0,0,-0.0011,-0.0004,-0.0173
-0.0131,1.1876,1.2,-0.0428,-0.0018,119.0142,57.1992,0,0.1307,0.1307,-0.008,0,0,-0.0011,-0.0004,-0.0235
0.0278,1.1635,1.2,-0.05,-0.0018,118.9131,57.265,0,0.1274,0.1274,-0.0149,0,0,-0.0011,-0.0004,-0.0307
0.1642,1.1192,1.2,-0.0571,-0.0018,118.7865,57.3408,0,0.1338,0.1338,-0.0143,0,0,-0.0011,-0.0004,-0.0369
0.05,1.1966,1.2,-0.0643,-0.0018,118.6843,57.4121,0,0.1243,0.1243,-0.0224,0,0,-0.0011,-0.0004,-0.0316
-0.1497,1.4638,1.2,-0.0572,-0.0018,118.5825,57.4842,0,0.1091,0.1091,-0.0508,0,0,-0.0011,-0.0004,-0.038
-0.0766,1.2371,1.2,-0.0501,-0.0018,118.4756,57.5539,0,0.1073,0.1073,-0.0588,0,0,-0.0011,-0.0004,-0.0498
-0.06,1.2383,1.2,-0.0429,-0.0018,118.3655,57.6188,0,0.1063,0.1063,-0.0673,0,0,-0.0011,-0.0004,-0.0572
-0.0789,1.2649,1.2,-0.0358,-0.0018,118.2602,57.6875,0,0.0992,0.0992,-0.0751,0,0,-0.0011,-0.0004,-0.0638
-0.0829,1.2654,1.2,-0.0287,-0.0018,118.1552,57.7635,0,0.0883,0.0883,-0.0775,0,0,-0.0011,-0.0004,-0.0579
-0.07,1.2463,1.2,-0.0215,-0.0018,118.052,57.8388,0,0.0778,0.0778,-0.0796,0,0,-0.0011,-0.0004,-0.0509
-0.1303,1.2854,1.2,-0.0241,-0.0132,117.9502,57.9073,0,0.0713,0.0713,-0.0825,0,0,-0.0079,-0.0032,-0.039
-0.1003,1.2668,1.2,-0.017,-0.0132,117.844,57.9706,0,0.0731,0.0731,-0.083,0,0,-0.0079,-0.0032,-0.0318
-0.0448,1.2167,1.2,-0.0099,-0.0132,117.7457,58.035,0,0.0711,0.0711,-0.0838,0,0,-0.0079,-0.0032,-0.0267
-0.0365,1.2239,1.2,-0.0028,-0.0132,117.6509,58.1097,0,0.0564,0.0564,-0.0841,0,0,-0.0079,-0.0032,-0.0198
0.0203,1.1643,1.2,0.0044,-0.0132,117.5517,58.1764,0,0.0535,0.0535,-0.0861,0,0,-0.0079,-0.0032,-0.0207
0.0095,1.1981,1.2,0.0115,-0.0132,117.4524,58.2463,0,0.0449,0.0449,-0.0855,0,0,-0.0079,-0.0032,-0.0157
0.0174,1.1848,1.2,0.0107,-0.0224,117.3576,58.3137,0,0.039,0.039,-0.0892,0,0,-0.0135,-0.0054,-0.0073
0.004,1.2039,1.2,0.0179,-0.0224,117.2491,58.3863,0,0.0333,0.0333,-0.0877,0,0,-0.0135,-0.0054,-0.0022
0.0556,1.1533,1.2,0.025,-0.0224,117.1474,58.4551,0,0.0312,0.0312,-0.0843,0,0,-0.0135,-0.0054,0.0046
-0.0912,1.2937,1.2,0.032,-0.0224,117.0433,58.5207,0,0.0251,0.0251,-0.0806,0,0,-0.0135,-0.0054,0.0118
-0.0449,1.2178,1.2,0.0391,-0.0224,116.9324,58.5818,0,0.0368,0.0368,-0.0763,0,0,-0.0135,-0.0054,0.0114
-0.0341,1.2198,1.2,0.0463,-0.0224,116.8371,58.6414,0,0.0354,0.0354,-0.0757,0,0,-0.0135,-0.0054,0.017
-0.1268,1.2596,1.2,0.0447,-0.0327,116.7438,58.7065,0,0.0277,0.0277,-0.0821,0,0,-0.0197,-0.0079,0.023
0.0592,1.113,1.2,0.0518,-0.0327,116.6345,58.7641,0,0.0464,0.0464,-0.0715,0,0,-0.0197,-0.0079,0.0291
0.1115,1.1287,1.2,0.059,-0.0327,116.5271,58.8224,0,0.0496,0.0496,-0.0729,0,0,-0.0197,-0.0079,0.0336
-0.0123,1.2329,1.2,0.0518,-0.0327,116.4199,58.8725,0,0.0643,0.0643,-0.0601,0,0,-0.0197,-0.0079,0.0406
-0.0121,1.2096,1.2,0.0477,-0.0327,116.3285,58.9259,0,0.0652,0.0652,-0.0617,0,0,-0.0197,-0.0079,0.042
0.0172,1.1822,1.2,0.0423,-0.0327,116.2325,58.9918,0,0.0607,0.0607,-0.0576,0,0,-0.0197,-0.0079,0.0479
0.1851,1.0487,1.2,0.0351,-0.0327,116.131,59.0559,0,0.0669,0.0669,-0.0487,0,0,-0.0197,-0.0079,0.0544
0.0933,1.1552,1.2,0.028,-0.047,116.0106,59.1135,0,0.0849,0.0849,-0.0152,0,0,-0.0284,-0.0113,0.0496
0.0344,1.1923,1.2,0.0209,-0.047,115.907,59.1725,0,0.0888,0.0888,-0.0179,0,0,-0.0284,-0.0113,0.0454
-0.1245,1.3293,1.2,0.0137,-0.047,115.8006,59.2348,0,0.0917,0.0917,-0.0177,0,0,-0.0284,-0.0113,0.0404
-0.0122,1.1809,1.2,0.0066,-0.047,115.6772,59.2936,0,0.1151,0.1151,-0.0112,0,0,-0.0284,-0.0113,0.0346
-0.0234,1.2228,1.2,0.0028,-0.0431,115.5848,59.3605,0,0.1038,0.1038,0.0076,0,0,-0.026,-0.0104,0.0279
-0.166,1.3643,1.2,-0.0044,-0.0431,115.4909,59.4262,0,0.101,0.101,0.0061,0,0,-0.026,-0.0104,0.0235
0.0282,1.1319,1.2,-0.0115,-0.0431,115.3822,59.493,0,0.1045,0.1045,0.0014,0,0,-0.026,-0.0104,0.0174
0.0775,1.1368,1.2,-0.0186,-0.0431,115.2775,59.5648,0,0.1033,0.1033,-0.0003,0,0,-0.026,-0.0104,0.0096
-0.0454,1.264,1.2,-0.0258,-0.0431,115.1698,59.6281,0,0.1095,0.1095,-0.0027,0,0,-0.026,-0.0104,0.0058
-0.0927,1.259,1.2,-0.0329,-0.0431,115.0679,59.6853,0,0.1171,0.1171,-0.0069,0,0,-0.026,-0.0104,-0.0004
-0.0651,1.238,1.2,-0.0358,-0.0381,114.964,59.7482,0,0.1216,0.1216,-0.0125,0,0,-0.023,-0.0092,-0.007
0.023,1.1574,1.2,-0.043,-0.0381,114.8595,59.815,0,0.122,0.122,-0.0182,0,0,-0.023,-0.0092,-0.0138
0.0058,1.2049,1.2,-0.05,-0.0381,114.7619,59.876,0,0.1225,0.1225,-0.0242,0,0,-0.023,-0.0092,-0.0208
-0.022,1.2285,1.2,-0.0572,-0.0381,114.6672,59.9448,0,0.1149,0.1149,-0.0301,0,0,-0.023,-0.0092,-0.0269
0.0917,1.141,1.2,-0.064,-0.0381,114.5674,60.0008,0,0.1227,0.1227,-0.0344,0,0,-0.023,-0.0092,-0.0307
0.1077,1.1604,1.2,-0.071,-0.0381,114.4738,60.065,0,0.1181,0.1181,-0.0401,0,0,-0.023,-0.0092,-0.0326
0.096,1.1337,1.2,-0.0649,-0.0381,114.3793,60.1272,0,0.1153,0.1153,-0.05,0,0,-0.023,-0.0092,-0.0473
0.1089,1.1249,1.2,-0.072,-0.0481,114.2848,60.1914,0,0.1146,0.1146,-0.0209,0,0,-0.029,-0.0116,-0.052
0.1672,1.1206,1.2,-0.0792,-0.0481,114.1868,60.2666,0,0.107,0.107,-0.0296,0,0,-0.029,-0.0116,-0.0612
0.1346,1.1326,1.2,-0.0863,-0.0481,114.0877,60.3358,0,0.105,0.105,-0.0378,0,0,-0.029,-0.0116,-0.0679
0.0073,1.2258,1.2,-0.0793,-0.0481,113.9975,60.4046,0,0.0971,0.0971,-0.0448,0,0,-0.029,-0.0116,-0.0663
0.0046,1.1977,1.2,-0.0721,-0.0481,113.8987,60.4722,0,0.0965,0.0965,-0.052,0,0,-0.029,-0.0116,-0.0693
0.0956,1.1255,1.2,-0.065,-0.0481,113.8007,60.5434,0,0.0951,0.0951,-0.0569,0,0,-0.029,-0.0116,-0.0756
0.0421,1.1855,1.2,-0.0578,-0.0396,113.7019,60.6199,0,0.0864,0.0864,-0.0519,0,0,-0.0239,-0.0096,-0.0821
0.0149,1.2004,1.2,-0.0507,-0.0396,113.6062,60.6886,0,0.0845,0.0845,-0.0584,0,0,-0.0239,-0.0096,-0.0811
-0.0315,1.2398,1.2,-0.0436,-0.0396,113.5233,60.7656,0,0.0683,0.0683,-0.0635,0,0,-0.0239,-0.0096,-0.0768
0.0197,1.167,1.2,-0.0365,-0.0396,113.4385,60.8407,0,0.0598,0.0598,-0.0628,0,0,-0.0239,-0.0096,-0.068
0.1461,1.1236,1.2,-0.0293,-0.0396,113.3458,60.9084,0,0.0609,0.0609,-0.0636,0,0,-0.0239,-0.0096,-0.061
0.1139,1.1243,1.2,-0.0222,-0.0396,113.2462,60.9684,0,0.0705,0.0705,-0.0659,0,0,-0.0239,-0.0096,-0.0534
0.0931,1.1379,1.2,-0.0151,-0.0375,113.1462,61.0363,0,0.0725,0.0725,-0.0833,0,0,-0.0226,-0.0091,-0.0441
0.0773,1.1495,1.2,-0.0079,-0.0375,113.0533,61.1053,0,0.07,0.07,-0.0827,0,0,-0.0226,-0.0091,-0.0345
0.0274,1.1972,1.2,-0.0008,-0.0375,112.9608,61.1724,0,0.0673,0.0673,-0.0829,0,0,-0.0226,-0.0091,-0.0278
0.0956,1.1467,1.2,0.0063,-0.0375,112.8674,61.2388,0,0.0702,0.0702,-0.0813,0,0,-0.0226,-0.0091,-0.021
0.0952,1.1317,1.2,0.0135,-0.0375,112.7757,61.3079,0,0.0681,0.0681,-0.081,0,0,-0.0226,-0.0091,-0.0144
0.091,1.1359,1.2,0.0206,-0.0375,112.6802,61.3813,0,0.0647,0.0647,-0.0791,0,0,-0.0226,-0.0091,-0.0075
0.0873,1.1383,1.2,0.0135,-0.0506,112.5907,61.4528,0,0.0678,0.0678,-0.0034,0,0,-0.0305,-0.0122,-0.0006
0.0331,1.1933,1.2,0.0063,-0.0506,112.5024,61.5222,0,0.0723,0.0723,-0.0006,0,0,-0.0305,-0.0122,0.0056
0.0693,1.1363,1.2,-0.0008,-0.0506,112.4123,61.5964,0,0.0749,0.0749,0.0028,0,0,-0.0305,-0.0122,0.0119
0.1344,1.1135,1.2,-0.0079,-0.0506,112.3155,61.6699,0,0.0816,0.0816,0.0048,0,0,-0.0305,-0.0122,0.0166
0.078,1.1571,1.2,-0.015,-0.0506,112.2239,61.7334,0,0.0928,0.0928,0.0065,0,0,-0.0305,-0.0122,0.0182
0.0181,1.2058,1.2,-0.0079,-0.0198,112.1278,61.7925,0,0.1106,0.1106,-0.0075,0,0,-0.0119,-0.0048,0.0126
0.1796,1.1052,1.2,-0.015,-0.0198,112.0383,61.8671,0,0.107,0.107,-0.014,0,0,-0.0119,-0.0048,0.0062
0.1327,1.1209,1.2,-0.0221,-0.0198,111.9444,61.9396,0,0.1079,0.1079,-0.0187,0,0,-0.0119,-0.0048,-0.0005
0.0793,1.1554,1.2,-0.0293,-0.0198,111.85,62.0126,0,0.1117,0.1117,-0.018,0,0,-0.0119,-0.0048,-0.0073
0.0483,1.1761,1.2,-0.0364,-0.0198,111.7611,62.085,0,0.1086,0.1086,-0.0232,0,0,-0.0119,-0.0048,-0.0081
0.0335,1.1838,1.2,-0.0436,-0.0198,111.6679,62.1528,0,0.1128,0.1128,-0.0265,0,0,-0.0119,-0.0048,-0.0082
0.1119,1.1357,1.2,-0.0507,-0.0198,111.5773,62.2211,0,0.1154,0.1154,-0.0317,0,0,-0.0119,-0.0048,-0.0147
0.0892,1.1414,1.2,-0.0578,-0.0291,111.4815,62.2917,0,0.1216,0.1216,-0.0033,0,0,-0.0175,-0.007,-0.0222
0.1284,1.1245,1.2,-0.065,-0.0291,111.3961,62.3629,0,0.1213,0.1213,-0.0094,0,0,-0.0175,-0.007,-0.0283
0.0567,1.179,1.2,-0.0721,-0.0291,111.3118,62.4303,0,0.1221,0.1221,-0.0174,0,0,-0.0175,-0.007,-0.0358
0.1591,1.1016,1.2,-0.0792,-0.0291,111.2208,62.5059,0,0.1217,0.1217,-0.0261,0,0,-0.0175,-0.007,-0.0484
0.1999,1.0692,1.2,-0.0828,-0.0291,111.1336,62.5875,0,0.1142,0.1142,-0.0339,0,0,-0.0175,-0.007,-0.056
0.0804,1.1726,1.2,-0.0756,-0.0291,111.0401,62.6626,0,0.1131,0.1131,-0.0444,0,0,-0.0175,-0.007,-0.064
0.044,1.1848,1.2,-0.0685,-0.0138,110.9515,62.7387,0,0.1112,0.1112,-0.0382,0,0,-0.0083,-0.0033,-0.0693
0.0257,1.1881,1.2,-0.0614,-0.0138,110.8528,62.8233,0,0.1114,0.1114,-0.0444,0,0,-0.0083,-0.0033,-0.0764
0.0476,1.1574,1.2,-0.0542,-0.0138,110.7709,62.9072,0,0.1003,0.1003,-0.0517,0,0,-0.0083,-0.0033,-0.0809
-0.0743,1.2877,1.2,-0.0471,-0.0138,110.6922,62.9823,0,0.0899,0.0899,-0.0596,0,0,-0.0083,-0.0033,-0.0756
0.0187,1.1646,1.2,-0.04,-0.0138,110.614,63.0639,0,0.0828,0.0828,-0.0597,0,0,-0.0083,-0.0033,-0.0684
0.1731,1.0793,1.2,-0.0329,-0.0138,110.516,63.139,0,0.0933,0.0933,-0.0598,0,0,-0.0083,-0.0033,-0.0611
0.0221,1.2218,1.2,-0.0257,-0.0047,110.4313,63.2151,0,0.0871,0.0871,-0.0627,0,0,-0.0028,-0.0011,-0.0579
-0.0126,1.2218,1.2,-0.0186,-0.0047,110.3381,63.2925,0,0.0908,0.0908,-0.0631,0,0,-0.0028,-0.0011,-0.0474
0.0617,1.1283,1.2,-0.0114,-0.0047,110.2483,63.377,0,0.0906,0.0906,-0.0617,0,0,-0.0028,-0.0011,-0.0388
0.0223,1.1985,1.2,-0.0043,-0.0047,110.166,63.4596,0,0.0823,0.0823,-0.0606,0,0,-0.0028,-0.0011,-0.027
-0.0121,1.223,1.2,0.0028,-0.0047,110.0832,63.5455,0,0.0728,0.0728,-0.0607,0,0,-0.0028,-0.0011,-0.0205
0.0355,1.1556,1.2,0.01,-0.0047,109.9943,63.6273,0,0.0734,0.0734,-0.0598,0,0,-0.0028,-0.0011,-0.0135
0.0495,1.1833,1.2,0.0065,-0.0003,109.9109,63.7104,0,0.0709,0.0709,-0.0324,0,0,-0.0002,-0.0001,-0.0069
0.0288,1.1975,1.2,-0.0006,-0.0003,109.8217,63.7946,0,0.0717,0.0717,-0.0303,0,0,-0.0002,-0.0001,-0.0001
0.0722,1.1675,1.2,-0.0078,-0.0003,109.732,63.8795,0,0.073,0.073,-0.0284,0,0,-0.0002,-0.0001,0.0063
0.0019,1.2165,1.2,-0.0149,-0.0003,109.6469,63.9546,0,0.0772,0.0772,-0.0263,0,0,-0.0002,-0.0001,0.0109
-0.0415,1.2234,1.2,-0.022,-0.0003,109.5529,64.0356,0,0.083,0.083,-0.0273,0,0,-0.0002,-0.0001,0.0079
0.0912,1.126,1.2,-0.0291,-0.0003,109.4701,64.1135,0,0.0832,0.0832,-0.0318,0,0,-0.0002,-0.0001,0.0013
-0.0102,1.2305,1.2,-0.0236,0.0143,109.3904,64.1987,0,0.0774,0.0774,-0.0086,0,0,0.0086,0.0035,-0.0053
0.1309,1.1268,1.2,-0.0308,0.0143,109.3031,64.2797,0,0.0809,0.0809,-0.0127,0,0,0.0086,0.0035,-0.0122
0.1282,1.1567,1.2,-0.0377,0.0143,109.2078,64.3558,0,0.0919,0.0919,-0.0187,0,0,0.0086,0.0035,-0.0188
0.0777,1.1804,1.2,-0.043,0.0143,109.1257,64.4406,0,0.0884,0.0884,-0.0226,0,0,0.0086,0.0035,-0.0243
0.0163,1.2074,1.2,-0.0443,0.0143,109.034,64.5158,0,0.0982,0.0982,-0.0251,0,0,0.0086,0.0035,-0.0206
0.0328,1.17,1.2,-0.0372,0.0353,108.9489,64.5981,0,0.0971,0.0971,-0.068,0,0,0.0213,0.0085,-0.027
0.0325,1.1743,1.2,-0.0301,0.0353,108.8673,64.6766,0,0.0921,0.0921,-0.0746,0,0,0.0213,0.0085,-0.0333
0.0338,1.1727,1.2,-0.0229,0.0353,108.7838,64.7555,0,0.0885,0.0885,-0.0805,0,0,0.0213,0.0085,-0.0379
0.0869,1.1221,1.2,-0.0158,0.0353,108.7003,64.8338,0,0.0882,0.0882,-0.0835,0,0,0.0213,0.0085,-0.038
0.0837,1.1379,1.2,-0.0086,0.0353,108.6196,64.9114,0,0.0849,0.0849,-0.0844,0,0,0.0213,0.0085,-0.0319
0.0876,1.1332,1.2,-0.0015,0.0353,108.5366,64.9922,0,0.082,0.082,-0.0843,0,0,0.0213,0.0085,-0.0254
0.1109,1.1097,1.2,0.0056,0.0353,108.4585,65.0695,0,0.0793,0.0793,-0.0837,0,0,0.0213,0.0085,-0.0185
0.0812,1.1481,1.2,0.003,0.0239,108.3853,65.1488,0,0.067,0.067,-0.1089,0,0,0.0144,0.0057,-0.0115
0.1668,1.0888,1.2,0.0102,0.0239,108.3036,65.2344,0,0.0607,0.0607,-0.1067,0,0,0.0144,0.0057,-0.0041
0.1987,1.0703,1.2,0.0173,0.0239,108.2209,65.3186,0,0.0538,0.0538,-0.1052,0,0,0.0144,0.0057,0.0016
0.0819,1.1726,1.2,0.0245,0.0239,108.1369,65.3949,0,0.0474,0.0474,-0.1035,0,0,0.0144,0.0057,0.0075
0.0547,1.1701,1.2,0.0316,0.0239,108.0615,65.4704,0,0.0406,0.0406,-0.1043,0,0,0.0144,0.0057,0.0057
0.1045,1.1251,1.2,0.0387,0.0239,107.9693,65.5389,0,0.0557,0.0557,-0.0981,0,0,0.0144,0.0057,0.0112
0.1999,1.0581,1.2,0.0392,0.016,107.8907,65.6229,0,0.0506,0.0506,-0.0486,0,0,0.0096,0.0039,0.0178
0.1154,1.1435,1.2,0.0463,0.016,107.8173,65.7167,0,0.0343,0.0343,-0.0442,0,0,0.0096,0.0039,0.0247
0.1675,1.1402,1.2,0.0391,0.016,107.7338,65.7752,0,0.0553,0.0553,-0.035,0,0,0.0096,0.0039,0.0309
0.1028,1.1798,1.2,0.032,0.016,107.6473,65.8618,0,0.0528,0.0528,-0.0339,0,0,0.0096,0.0039,0.0372
0.2,1.0187,1.2,0.0249,0.016,107.5654,65.9453,0,0.0543,0.0543,-0.0328,0,0,0.0096,0.0039,0.0384
0.0612,1.2138,1.2,0.0178,0.016,107.4847,66.0252,0,0.0526,0.0526,-0.0256,0,0,0.0096,0.0039,0.0449
0.0564,1.1599,1.2,0.0249,0.0485,107.4089,66.1079,0,0.0431,0.0431,-0.0783,0,0,0.0292,0.0117,0.0383
0.0865,1.1263,1.2,0.0321,0.0485,107.3151,66.1692,0,0.0636,0.0636,-0.074,0,0,0.0292,0.0117,0.0314
0.1522,1.1121,1.2,0.0392,0.0485,107.2344,66.2436,0,0.0594,0.0594,-0.0792,0,0,0.0292,0.0117,0.025
0.12,1.1196,1.2,0.0464,0.0485,107.1437,66.3069,0,0.0735,0.0735,-0.0765,0,0,0.0292,0.0117,0.0189
0.1998,1.0877,1.2,0.0535,0.0485,107.0571,66.3819,0,0.0758,0.0758,-0.0755,0,0,0.0292,0.0117,0.0248
0.1513,1.1007,1.2,0.0606,0.0485,106.9765,66.463,0,0.0693,0.0693,-0.0713,0,0,0.0292,0.0117,0.0314
0.1033,1.1359,1.2,0.0535,0.0315,106.8976,66.5468,0,0.0601,0.0601,-0.0487,0,0,0.019,0.0076,0.0383
0.1788,1.1336,1.2,0.0463,0.0315,106.8043,66.6214,0,0.0741,0.0741,-0.0365,0,0,0.019,0.0076,0.0453
0.1993,1.1419,1.2,0.0392,0.0315,106.718,66.6977,0,0.0756,0.0756,-0.0352,0,0,0.019,0.0076,0.052
0.0628,1.1909,1.2,0.0321,0.0315,106.6323,66.7648,0,0.0875,0.0875,-0.0247,0,0,0.019,0.0076,0.0629
0.1385,1.1424,1.2,0.0251,0.0315,106.545,66.845,0,0.0863,0.0863,-0.0301,0,0,0.019,0.0076,0.052
0.2,1.0825,1.2,0.0181,0.0315,106.4608,66.9166,0,0.0914,0.0914,-0.0313,0,0,0.019,0.0076,0.0452
0.0773,1.1753,1.2,0.0252,0.0471,106.3757,66.9941,0,0.0881,0.0881,-0.0779,0,0,0.0284,0.0114,0.0383
0.1676,1.0965,1.2,0.0323,0.0471,106.2935,67.0638,0,0.0907,0.0907,-0.0784,0,0,0.0284,0.0114,0.0323
0.102,1.1421,1.2,0.0395,0.0471,106.2054,67.1375,0,0.0881,0.0881,-0.0793,0,0,0.0284,0.0114,0.0261
0.2002,1.069,1.2,0.0466,0.0471,106.1123,67.2091,0,0.0977,0.0977,-0.0762,0,0,0.0284,0.0114,0.0198
0.1125,1.1397,1.2,0.0538,0.0471,106.0272,67.2827,0,0.0923,0.0923,-0.0755,0,0,0.0284,0.0114,0.0241
0.0701,1.1681,1.2,0.0513,0.0471,105.9242,67.3422,0,0.1163,0.1163,-0.0651,0,0,0.0284,0.0114,0.0306
0.1542,1.1142,1.2,0.0445,0.0307,105.8391,67.4225,0,0.1108,0.1108,-0.0755,0,0,0.0185,0.0074,0.0374
0.0502,1.1903,1.2,0.0516,0.0307,105.7547,67.5061,0,0.0977,0.0977,-0.0705,0,0,0.0185,0.0074,0.0444
0.0566,1.1593,1.2,0.0445,0.0307,105.6527,67.5727,0,0.1175,0.1175,-0.0586,0,0,0.0185,0.0074,0.0512
0.0471,1.178,1.2,0.0374,0.0307,105.5641,67.6493,0,0.1114,0.1114,-0.0611,0,0,0.0185,0.0074,0.0498
-0.0122,1.2179,1.2,0.0303,0.0307,105.4706,67.7177,0,0.119,0.119,-0.0563,0,0,0.0185,0.0074,0.0443
0.0327,1.1609,1.2,0.0231,0.0307,105.3772,67.7871,0,0.1257,0.1257,-0.0556,0,0,0.0185,0.0074,0.0492
0.1041,1.1529,1.2,0.016,0.03,105.2775,67.8663,0,0.1311,0.1311,-0.024,0,0,0.0181,0.0072,0.0443
0.0756,1.1537,1.2,0.0088,0.03,105.1892,67.9364,0,0.134,0.134,-0.0272,0,0,0.0181,0.0072,0.0383
-0.0522,1.2648,1.2,0.0017,0.03,105.0981,68.013,0,0.1326,0.1326,-0.0285,0,0,0.0181,0.0072,0.0317
0.0916,1.1179,1.2,-0.0052,0.03,104.9997,68.0887,0,0.141,0.141,-0.0312,0,0,0.0181,0.0072,0.0254
0.0507,1.1799,1.2,-0.0123,0.03,104.914,68.1624,0,0.1397,0.1397,-0.0318,0,0,0.0181,0.0072,0.0194
-0.0294,1.2311,1.2,-0.0194,0.03,104.8208,68.2437,0,0.1372,0.1372,-0.0332,0,0,0.0181,0.0072,0.0133
0.071,1.1212,1.2,-0.0123,0.0514,104.7234,68.3281,0,0.1332,0.1332,-0.1073,0,0,0.031,0.0124,0.0064
-0.0063,1.2255,1.2,-0.0051,0.0514,104.6273,68.4181,0,0.1108,0.1108,-0.1107,0,0,0.031,0.0124,0.0002
-0.0787,1.278,1.2,0.002,0.0514,104.5404,68.4926,0,0.0975,0.0975,-0.1154,0,0,0.031,0.0124,-0.0063
-0.1252,1.3055,1.2,0.0091,0.0514,104.4517,68.5697,0,0.0842,0.0842,-0.1204,0,0,0.031,0.0124,-0.0132
0.0375,1.1348,1.2,0.0163,0.0514,104.3425,68.6244,0,0.117,0.117,-0.1159,0,0,0.031,0.0124,-0.0087
0.0427,1.1643,1.2,0.0234,0.0514,104.2536,68.7076,0,0.1007,0.1007,-0.1156,0,0,0.031,0.0124,-0.002
-0.0011,1.2146,1.2,0.0163,0.0222,104.1741,68.7822,0,0.0853,0.0853,-0.1157,0,0,0.0134,0.0054,0.0044
-0.0071,1.208,1.2,0.0234,0.0222,104.0893,68.8558,0,0.0784,0.0784,-0.1119,0,0,0.0134,0.0054,0.0097
0.1364,1.0804,1.2,0.0306,0.0222,103.9947,68.9235,0,0.0884,0.0884,-0.1088,0,0,0.0134,0.0054,0.0157
0.1396,1.1137,1.2,0.0377,0.0222,103.8925,68.9846,0,0.101,0.101,-0.1019,0,0,0.0134,0.0054,0.022
0.0816,1.1548,1.2,0.0448,0.0222,103.8155,69.0529,0,0.0888,0.0888,-0.1032,0,0,0.0134,0.0054,0.0204
0.0395,1.1857,1.2,0.052,0.0222,103.7288,69.1299,0,0.0777,0.0777,-0.1007,0,0,0.0134,0.0054,0.0213
0.2001,1.0191,1.2,0.0591,0.0269,103.6314,69.1954,0,0.0952,0.0952,-0.0905,0,0,0.0162,0.0065,0.0284
0.1017,1.1508,1.2,0.0663,0.0269,103.5359,69.2616,0,0.0938,0.0938,-0.0864,0,0,0.0162,0.0065,0.0352
0.0602,1.1686,1.2,0.0734,0.0269,103.4407,69.3268,0,0.0989,0.0989,-0.0818,0,0,0.0162,0.0065,0.0421
0.0655,1.153,1.2,0.0798,0.0269,103.3472,69.3936,0,0.1038,0.1038,-0.0766,0,0,0.0162,0.0065,0.0489
0.101,1.1456,1.2,0.0727,0.0269,103.2497,69.4628,0,0.1121,0.1121,-0.0654,0,0,0.0162,0.0065,0.0555
0.1018,1.1403,1.2,0.0656,0.0269,103.1527,69.5389,0,0.1102,0.1102,-0.0607,0,0,0.0162,0.0065,0.0677
0.036,1.1913,1.2,0.0727,0.0346,103.0602,69.6162,0,0.0992,0.0992,-0.1014,0,0,0.0209,0.0084,0.0733
-0.0082,1.2223,1.2,0.0798,0.0346,102.9595,69.6882,0,0.1002,0.1002,-0.0888,0,0,0.0209,0.0084,0.0793
-0.0008,1.1961,1.2,0.087,0.0346,102.8654,69.7496,0,0.1026,0.1026,-0.0893,0,0,0.0209,0.0084,0.0796
-0.0383,1.2325,1.2,0.0892,0.0346,102.7625,69.8143,0,0.1087,0.1087,-0.0826,0,0,0.0209,0.0084,0.073
0.0797,1.1141,1.2,0.0821,0.0346,102.6608,69.863,0,0.1326,0.1326,-0.0801,0,0,0.0209,0.0084,0.0712
0.011,1.2119,1.2,0.0749,0.0169,102.5676,69.9347,0,0.1227,0.1227,-0.076,0,0,0.0102,0.0041,0.0771
0.1097,1.1252,1.2,0.0678,0.0169,102.4649,70.0057,0,0.1297,0.1297,-0.0661,0,0,0.0102,0.0041,0.0851
0.0638,1.1662,1.2,0.0607,0.0169,102.3607,70.0561,0,0.1479,0.1479,-0.0576,0,0,0.0102,0.0041,0.0895
-0.0303,1.2423,1.2,0.0535,0.0169,102.2616,70.1213,0,0.146,0.146,-0.0564,0,0,0.0102,0.0041,0.0875
0.0313,1.1546,1.2,0.0464,0.0169,102.1622,70.1974,0,0.1443,0.1443,-0.0527,0,0,0.0102,0.0041,0.0806
0.0341,1.1767,1.2,0.0393,0.0169,102.0629,70.2611,0,0.1439,0.1439,-0.0563,0,0,0.0102,0.0041,0.0743
-0.0273,1.2425,1.2,0.0358,0.0212,101.9615,70.3256,0,0.1494,0.1494,-0.0359,0,0,0.0128,0.0051,0.0685
0.0201,1.1679,1.2,0.0286,0.0212,101.8656,70.3891,0,0.1511,0.1511,-0.0418,0,0,0.0128,0.0051,0.0566
0.0116,1.197,1.2,0.0216,0.0212,101.7703,70.453,0,0.1514,0.1514,-0.0426,0,0,0.0128,0.0051,0.0493
0.0848,1.1399,1.2,0.0144,0.0212,101.6756,70.5216,0,0.1503,0.1503,-0.0431,0,0,0.0128,0.0051,0.0424
0.0859,1.1385,1.2,0.0073,0.0212,101.5805,70.5894,0,0.1486,0.1486,-0.0432,0,0,0.0128,0.0051,0.0363
0.066,1.1594,1.2,0.0002,0.0212,101.4798,70.6477,0,0.1603,0.1603,-0.0379,0,0,0.0128,0.0051,0.0317
0.0612,1.1591,1.2,-0.007,0.0212,101.3828,70.7109,0,0.1614,0.1614,-0.0415,0,0,0.0128,0.0051,0.0253
0.06,1.1579,1.2,0.0002,0.0343,101.2903,70.7645,0,0.1657,0.1657,-0.0701,0,0,0.0207,0.0083,0.0197
0.0662,1.1473,1.2,0.0073,0.0343,101.1852,70.8282,0,0.168,0.168,-0.0739,0,0,0.0207,0.0083,0.0132
0.1795,1.0593,1.2,0.0144,0.0343,101.0857,70.8953,0,0.1676,0.1676,-0.0774,0,0,0.0207,0.0083,0.0073
0.0282,1.2183,1.2,0.0207,0.0343,100.9876,70.9632,0,0.1594,0.1594,-0.0752,0,0,0.0207,0.0083,0.0017
0.0199,1.1892,1.2,0.0279,0.0343,100.8963,71.0345,0,0.1482,0.1482,-0.0785,0,0,0.0207,0.0083,0.0018
0.027,1.1837,1.2,0.0207,0.0276,100.7947,71.1099,0,0.1412,0.1412,-0.0628,0,0,0.0167,0.0067,0.0077
0.0782,1.1487,1.2,0.0136,0.0276,100.6999,71.1744,0,0.1419,0.1419,-0.0604,0,0,0.0167,0.0067,0.0138
-0.0691,1.255,1.2,0.0067,0.0276,100.6042,71.2385,0,0.1401,0.1401,-0.0561,0,0,0.0167,0.0067,0.0191
0.0874,1.1371,1.2,0,0.0276,100.5038,71.2927,0,0.1579,0.1579,-0.0489,0,0,0.0167,0.0067,0.0236
0.1151,1.1414,1.2,-0.0068,0.0276,100.4008,71.3513,0,0.1646,0.1646,-0.0513,0,0,0.0167,0.0067,0.0236
0.1319,1.1369,1.2,-0.014,0.0276,100.3075,71.4127,0,0.1641,0.1641,-0.0546,0,0,0.0167,0.0067,0.0159
0.0607,1.1739,1.2,-0.0068,0.0424,100.2181,71.4817,0,0.1543,0.1543,-0.0955,0,0,0.0256,0.0102,0.0101
0.1051,1.1068,1.2,0.0003,0.0424,100.1159,71.5338,0,0.1652,0.1652,-0.0984,0,0,0.0256,0.0102,0.0047
0.1071,1.1194,1.2,0.0075,0.0424,100.0174,71.5894,0,0.167,0.167,-0.1022,0,0,0.0256,0.0102,-0.0024
0.107,1.1208,1.2,0.0146,0.0424,99.9269,71.6511,0,0.1621,0.1621,-0.1019,0,0,0.0256,0.0102,-0.0089
0.1108,1.1208,1.2,0.0217,0.0424,99.8246,71.7181,0,0.1569,0.1569,-0.1028,0,0,0.0256,0.0102,-0.0014
0.1998,1.0867,1.2,0.0288,0.0424,99.7496,71.7864,0,0.1423,0.1423,-0.0962,0,0,0.0256,0.0102,0.0058
0.0407,1.2111,1.2,0.0359,0.0424,99.659,71.854,0,0.1246,0.1246,-0.0971,0,0,0.0256,0.0102,0.0109
0.2,1.0044,1.2,0.0323,0.0298,99.56,71.9192,0,0.1311,0.1311,-0.0918,0,0,0.018,0.0072,0.0159
0.1309,1.121,1.2,0.0395,0.0298,99.461,71.9868,0,0.1218,0.1218,-0.0867,0,0,0.018,0.0072,0.0235
0.0592,1.1753,1.2,0.0466,0.0298,99.3553,72.0529,0,0.1203,0.1203,-0.0824,0,0,0.018,0.0072,0.0291
0.0305,1.1889,1.2,0.0537,0.0298,99.263,72.1209,0,0.1149,0.1149,-0.0735,0,0,0.018,0.0072,0.0348
-0.0233,1.2367,1.2,0.0604,0.0298,99.1651,72.1815,0,0.1126,0.1126,-0.0739,0,0,0.018,0.0072,0.0324
0.0499,1.1369,1.2,0.0622,0.0298,99.0718,72.2412,0,0.1162,0.1162,-0.0707,0,0,0.018,0.0072,0.0385
0.1026,1.1418,1.2,0.0693,0.0395,98.9685,72.294,0,0.1253,0.1253,-0.0921,0,0,0.0238,0.0095,0.0452
0.1825,1.0997,1.2,0.0765,0.0395,98.8707,72.3512,0,0.129,0.129,-0.0872,0,0,0.0238,0.0095,0.0534
0.1213,1.1523,1.2,0.0693,0.0395,98.7778,72.4087,0,0.1265,0.1265,-0.0794,0,0,0.0238,0.0095,0.0639
0.1073,1.1249,1.2,0.0694,0.0395,98.6916,72.475,0,0.1192,0.1192,-0.0691,0,0,0.0238,0.0095,0.0665
0.1951,1.0846,1.2,0.0623,0.0395,98.5942,72.5304,0,0.1218,0.1218,-0.0682,0,0,0.0238,0.0095,0.0725
0.1997,1.0774,1.2,0.0552,0.0395,98.4973,72.583,0,0.1271,0.1271,-0.0638,0,0,0.0238,0.0095,0.0782
0.1436,1.1103,1.2,0.0545,0.0337,98.3954,72.6471,0,0.1256,0.1256,-0.0715,0,0,0.0203,0.0081,0.0727
0.1999,1.0954,1.2,0.0473,0.0337,98.2957,72.6958,0,0.1321,0.1321,-0.072,0,0,0.0203,0.0081,0.0725
0.1005,1.197,1.2,0.0404,0.0337,98.2087,72.7508,0,0.1263,0.1263,-0.0652,0,0,0.0203,0.0081,0.0653
0.1703,1.1004,1.2,0.0333,0.0337,98.1016,72.7993,0,0.1381,0.1381,-0.0713,0,0,0.0203,0.0081,0.053
0.2,1.0219,1.2,0.0357,0.0337,98.0019,72.8511,0,0.1455,0.1455,-0.0704,0,0,0.0203,0.0081,0.0521
0.1607,1.1662,1.2,0.0289,0.0337,97.9018,72.902,0,0.1457,0.1457,-0.0677,0,0,0.0203,0.0081,0.0448
0.2,1.1153,1.2,0.0218,0.0324,97.7903,72.9496,0,0.164,0.164,-0.0716,0,0,0.0195,0.0078,0.0385
0.1453,1.1152,1.2,0.0199,0.0324,97.6903,73.0021,0,0.1637,0.1637,-0.0764,0,0,0.0195,0.0078,0.0327
0.0277,1.2099,1.2,0.0142,0.0324,97.5875,73.0489,0,0.1683,0.1683,-0.0751,0,0,0.0195,0.0078,0.0334
0.1217,1.1187,1.2,0.0071,0.0324,97.4909,73.1088,0,0.1689,0.1689,-0.0707,0,0,0.0195,0.0078,0.0281
0.1123,1.12,1.2,0.0141,0.0324,97.3967,73.1636,0,0.164,0.164,-0.0748,0,0,0.0195,0.0078,0.0233
0.1231,1.1282,1.2,0.0091,0.0324,97.2973,73.2233,0,0.1617,0.1617,-0.0702,0,0,0.0195,0.0078,0.0203
0.1994,1.0803,1.2,0.0163,0.0324,97.2019,73.2756,0,0.161,0.161,-0.0754,0,0,0.0195,0.0078,0.0153
0.1049,1.1503,1.2,0.0234,0.0338,97.1097,73.332,0,0.1538,0.1538,-0.0864,0,0,0.0204,0.0081,0.0095
0.2002,1.078,1.2,0.0306,0.0338,97.0095,73.3813,0,0.1585,0.1585,-0.0884,0,0,0.0204,0.0081,0.0152
0.1975,1.0728,1.2,0.0285,0.0338,96.8938,73.4294,0,0.1726,0.1726,-0.0842,0,0,0.0204,0.0081,0.0116
0.1494,1.1055,1.2,0.0313,0.0338,96.7859,73.4815,0,0.1743,0.1743,-0.0851,0,0,0.0204,0.0081,0.0162
-0.0149,1.2472,1.2,0.0241,0.0338,96.6817,73.536,0,0.1704,0.1704,-0.0801,0,0,0.0204,0.0081,0.0238
0.0063,1.1866,1.2,0.0309,0.0334,96.5732,73.5866,0,0.1793,0.1793,-0.0934,0,0,0.0201,0.0081,0.0301
0.0407,1.1667,1.2,0.0261,0.0334,96.4586,73.6477,0,0.1814,0.1814,-0.0868,0,0,0.0201,0.0081,0.0286
0.0257,1.1882,1.2,0.0307,0.0334,96.3542,73.7011,0,0.1785,0.1785,-0.0884,0,0,0.0201,0.0081,0.031
-0.1471,1.2906,1.2,0.0235,0.0334,96.2485,73.752,0,0.1796,0.1796,-0.0831,0,0,0.0201,0.0081,0.0261
0.0027,1.1615,1.2,0.025,0.0334,96.1468,73.8089,0,0.179,0.179,-0.0852,0,0,0.0201,0.0081,0.0304
0.031,1.1672,1.2,0.0309,0.0334,96.042,73.8705,0,0.171,0.171,-0.0858,0,0,0.0201,0.0081,0.0265
0.0604,1.1546,1.2,0.0238,0.0319,95.9369,73.9272,0,0.1729,0.1729,-0.0797,0,0,0.0192,0.0077,0.0305
0.015,1.2058,1.2,0.0235,0.0319,95.8225,73.984,0,0.172,0.172,-0.0792,0,0,0.0192,0.0077,0.0245
0.0176,1.1868,1.2,0.0187,0.0319,95.714,74.0328,0,0.1769,0.1769,-0.0805,0,0,0.0192,0.0077,0.0256
-0.1154,1.2673,1.2,0.0117,0.0319,95.6038,74.0953,0,0.171,0.171,-0.0729,0,0,0.0192,0.0077,0.0299
-0.0069,1.1781,1.2,0.0124,0.0319,95.4949,74.145,0,0.1767,0.1767,-0.0781,0,0,0.0192,0.0077,0.0246
-0.055,1.2576,1.2,0.0195,0.0373,95.3841,74.2041,0,0.1725,0.1725,-0.1106,0,0,0.0225,0.009,0.0243
-0.0045,1.185,1.2,0.0267,0.0373,95.275,74.2553,0,0.1729,0.1729,-0.1156,0,0,0.0225,0.009,0.0203
-0.0448,1.2473,1.2,0.0338,0.0373,95.1756,74.3129,0,0.1607,0.1607,-0.112,0,0,0.0225,0.009,0.0141
-0.0098,1.194,1.2,0.0409,0.0373,95.0715,74.3639,0,0.1585,0.1585,-0.1152,0,0,0.0225,0.009,0.0142
0.0529,1.1388,1.2,0.0481,0.0373,94.9608,74.4023,0,0.1763,0.1763,-0.1077,0,0,0.0225,0.009,0.0198
0.0752,1.1482,1.2,0.0552,0.0373,94.8473,74.4615,0,0.1706,0.1706,-0.1036,0,0,0.0225,0.009,0.0254
0.0549,1.1681,1.2,0.0481,0.0255,94.7304,74.5079,0,0.1756,0.1756,-0.0942,0,0,0.0153,0.0061,0.0323
-0.1107,1.2708,1.2,0.0413,0.0255,94.6195,74.5537,0,0.1812,0.1812,-0.0836,0,0,0.0153,0.0061,0.0391
-0.1411,1.2456,1.2,0.0345,0.0255,94.5016,74.6091,0,0.1853,0.1853,-0.0769,0,0,0.0153,0.0061,0.0461
-0.0571,1.1947,1.2,0.0273,0.0255,94.3874,74.6706,0,0.1833,0.1833,-0.07,0,0,0.0153,0.0061,0.0528
-0.193,1.2939,1.2,0.0202,0.0255,94.2662,74.7242,0,0.1832,0.1832,-0.068,0,0,0.0153,0.0061,0.048
-0.1411,1.2874,1.2,0.0273,0.0381,94.1467,74.7773,0,0.1859,0.1859,-0.0963,0,0,0.0229,0.0092,0.0415
-0.193,1.3148,1.2,0.0345,0.0381,94.0361,74.8397,0,0.1716,0.1716,-0.0965,0,0,0.0229,0.0092,0.0349
-0.1485,1.298,1.2,0.0416,0.0381,93.9252,74.8843,0,0.1717,0.1717,-0.1034,0,0,0.0229,0.0092,0.0287
-0.0971,1.2586,1.2,0.0487,0.0381,93.8243,74.9476,0,0.1616,0.1616,-0.0953,0,0,0.0229,0.0092,0.0223
-0.0067,1.1827,1.2,0.0524,0.0381,93.7208,74.9855,0,0.1717,0.1717,-0.0944,0,0,0.0229,0.0092,0.0265
0.0145,1.18,1.2,0.0453,0.0381,93.6044,75.0148,0,0.1902,0.1902,-0.0947,0,0,0.0229,0.0092,0.0328
0.2001,1.0932,1.2,0.0385,0.0381,93.4929,75.0692,0,0.1952,0.1952,-0.0821,0,0,0.0229,0.0092,0.0396
0.0661,1.1865,1.2,0.0314,0.0294,93.3846,75.1155,0,0.1914,0.1914,-0.0928,0,0,0.0177,0.0071,0.0466
-0.034,1.2343,1.2,0.0244,0.0294,93.2702,75.1709,0,0.185,0.185,-0.0859,0,0,0.0177,0.0071,0.0509
0.0407,1.1683,1.2,0.0173,0.0294,93.1575,75.2141,0,0.1917,0.1917,-0.0865,0,0,0.0177,0.0071,0.0454
-0.0461,1.2613,1.2,0.017,0.0294,93.0525,75.2623,0,0.1843,0.1843,-0.0848,0,0,0.0177,0.0071,0.0389
-0.0143,1.1982,1.2,0.0219,0.0294,92.9452,75.3157,0,0.1789,0.1789,-0.0863,0,0,0.0177,0.0071,0.0322
0.0445,1.1463,1.2,0.0206,0.0294,92.8233,75.3613,0,0.1857,0.1857,-0.0875,0,0,0.0177,0.0071,0.0259
0.026,1.1886,1.2,0.0277,0.0299,92.712,75.4143,0,0.1771,0.1771,-0.0901,0,0,0.018,0.0072,0.0196
-0.093,1.2909,1.2,0.0328,0.0299,92.6141,75.4654,0,0.1647,0.1647,-0.0863,0,0,0.018,0.0072,0.0182
-0.0501,1.2227,1.2,0.0359,0.0299,92.5045,75.5078,0,0.1709,0.1709,-0.0847,0,0,0.018,0.0072,0.0213
0.1228,1.0952,1.2,0.0288,0.0299,92.3895,75.5481,0,0.1807,0.1807,-0.0893,0,0,0.018,0.0072,0.0217
0.1152,1.1659,1.2,0.0217,0.0299,92.2799,75.5991,0,0.1774,0.1774,-0.0793,0,0,0.018,0.0072,0.0231
0.0363,1.2057,1.2,0.0189,0.0354,92.1599,75.6352,0,0.1864,0.1864,-0.083,0,0,0.0213,0.0085,0.031
0.0131,1.2006,1.2,0.0118,0.0354,92.0397,75.6796,0,0.1949,0.1949,-0.0759,0,0,0.0213,0.0085,0.0337
-0.0317,1.2394,1.2,0.0046,0.0354,91.9343,75.7265,0,0.191,0.191,-0.0739,0,0,0.0213,0.0085,0.0309
-0.106,1.275,1.2,0.0087,0.0354,91.8426,75.7813,0,0.1744,0.1744,-0.0734,0,0,0.0213,0.0085,0.0249
0.0299,1.1445,1.2,0.0144,0.0354,91.7198,75.8224,0,0.1843,0.1843,-0.0806,0,0,0.0213,0.0085,0.0208
0.1648,1.0578,1.2,0.0133,0.0354,91.6318,75.8737,0,0.1761,0.1761,-0.0768,0,0,0.0213,0.0085,0.0161
-0.0351,1.281,1.2,0.0204,0.0427,91.5236,75.905,0,0.1729,0.1729,-0.1162,0,0,0.0258,0.0103,0.0103
0.1649,1.0094,1.2,0.0276,0.0427,91.4313,75.9548,0,0.1775,0.1775,-0.11,0,0,0.0258,0.0103,0.0106
0.1303,1.112,1.2,0.0347,0.0427,91.3439,76.0034,0,0.1573,0.1573,-0.1077,0,0,0.0258,0.0103,0.0147
0.2,1.0395,1.2,0.0418,0.0427,91.2288,76.036,0,0.1683,0.1683,-0.1122,0,0,0.0258,0.0103,0.0153
0.2,0.9917,1.2,0.0488,0.0427,91.1331,76.0843,0,0.1627,0.1627,-0.1043,0,0,0.0258,0.0103,0.017
0.0715,1.1811,1.2,0.0558,0.0427,91.0284,76.1183,0,0.1556,0.1556,-0.1048,0,0,0.0258,0.0103,0.0252
0.1954,1.064,1.2,0.0617,0.0427,90.928,76.1603,0,0.1631,0.1631,-0.0933,0,0,0.0258,0.0103,0.0314
0.1602,1.0887,1.2,0.0603,0.0327,90.8121,76.1869,0,0.1752,0.1752,-0.1027,0,0,0.0197,0.0079,0.0382
0.2,1.0825,1.2,0.0532,0.0327,90.7076,76.2343,0,0.173,0.173,-0.0894,0,0,0.0197,0.0079,0.0447
0.1438,1.175,1.2,0.0463,0.0327,90.607,76.2878,0,0.1554,0.1554,-0.0822,0,0,0.0197,0.0079,0.0518
0.1806,1.1406,1.2,0.0394,0.0327,90.4907,76.3337,0,0.1553,0.1553,-0.0769,0,0,0.0197,0.0079,0.0635
0.2005,1.1296,1.2,0.0326,0.0327,90.3797,76.3731,0,0.1582,0.1582,-0.0735,0,0,0.0197,0.0079,0.0649
0.0082,1.2404,1.2,0.0256,0.0327,90.2916,76.4068,0,0.1545,0.1545,-0.0698,0,0,0.0197,0.0079,0.055
0.0312,1.1691,1.2,0.0327,0.035,90.1809,76.4544,0,0.149,0.149,-0.081,0,0,0.0211,0.0084,0.0505
0.2,0.9381,1.2,0.0399,0.035,90.0771,76.5043,0,0.1463,0.1463,-0.0843,0,0,0.0211,0.0084,0.0435
0.0589,1.1942,1.2,0.047,0.035,89.971,76.542,0,0.1323,0.1323,-0.087,0,0,0.0211,0.0084,0.0368
0.094,1.1415,1.2,0.0541,0.035,89.8653,76.5803,0,0.1365,0.1365,-0.0832,0,0,0.0211,0.0084,0.031
0.15,1.115,1.2,0.0568,0.035,89.7588,76.6054,0,0.1471,0.1471,-0.0877,0,0,0.0211,0.0084,0.026
0.2,1.1179,1.2,0.0497,0.035,89.6525,76.6422,0,0.1526,0.1526,-0.0774,0,0,0.0211,0.0084,0.0329
0.171,1.0817,1.2,0.0569,0.0358,89.544,76.679,0,0.1576,0.1576,-0.0991,0,0,0.0216,0.0086,0.0401
0.1228,1.1209,1.2,0.064,0.0358,89.441,76.7213,0,0.1496,0.1496,-0.0922,0,0,0.0216,0.0086,0.0483
0.0946,1.1378,1.2,0.0705,0.0358,89.3378,76.7639,0,0.1421,0.1421,-0.0864,0,0,0.0216,0.0086,0.0542
0.1702,1.1049,1.2,0.0634,0.0358,89.2312,76.8029,0,0.1415,0.1415,-0.0822,0,0,0.0216,0.0086,0.0531
0.2,1.1072,1.2,0.0567,0.0358,89.1251,76.8367,0,0.1447,0.1447,-0.0763,0,0,0.0216,0.0086,0.053
0.1999,1.1276,1.2,0.0495,0.0358,89.0116,76.8684,0,0.1475,0.1475,-0.0758,0,0,0.0216,0.0086,0.0609
0.1451,1.1069,1.2,0.0484,0.0261,88.9163,76.9095,0,0.1457,0.1457,-0.0997,0,0,0.0157,0.0063,0.0704
0.0714,1.1668,1.2,0.0555,0.0261,88.7976,76.9426,0,0.1398,0.1398,-0.1028,0,0,0.0157,0.0063,0.0712
0.2,1.0304,1.2,0.0626,0.0261,88.6976,76.99,0,0.1326,0.1326,-0.0987,0,0,0.0157,0.0063,0.0573
0.0328,1.2196,1.2,0.0697,0.0261,88.6001,77.0199,0,0.1204,0.1204,-0.0966,0,0,0.0157,0.0063,0.0524
0.173,1.0959,1.2,0.0769,0.0261,88.4855,77.0393,0,0.1396,0.1396,-0.097,0,0,0.0157,0.0063,0.0471
0.2,1.0109,1.2,0.0794,0.0261,88.3652,77.0554,0,0.1593,0.1593,-0.0999,0,0,0.0157,0.0063,0.0509
0.1024,1.1561,1.2,0.0723,0.007,88.2535,77.0893,0,0.1569,0.1569,-0.0334,0,0,0.0042,0.0017,0.0625
0.0263,1.2007,1.2,0.0651,0.007,88.1521,77.1262,0,0.1574,0.1574,-0.0239,0,0,0.0042,0.0017,0.0706
0.0428,1.1628,1.2,0.058,0.007,88.0449,77.1593,0,0.1634,0.1634,-0.0176,0,0,0.0042,0.0017,0.0778
0.0929,1.1141,1.2,0.0509,0.007,87.9403,77.2062,0,0.1573,0.1573,-0.0092,0,0,0.0042,0.0017,0.0803
0.1619,1.1141,1.2,0.0437,0.007,87.8404,77.2358,0,0.1606,0.1606,-0.0103,0,0,0.0042,0.0017,0.0737
0.1952,1.0331,1.2,0.0366,0.007,87.7316,77.2687,0,0.1655,0.1655,-0.0101,0,0,0.0042,0.0017,0.0682
0.2,1.0331,1.2,0.0294,0.007,87.6223,77.2963,0,0.1743,0.1743,-0.0104,0,0,0.0042,0.0017,0.0568
0.2,1.1287,1.2,0.0366,0.0324,87.5086,77.321,0,0.1783,0.1783,-0.087,0,0,0.0195,0.0078,0.0525
0.2001,1.1191,1.2,0.0299,0.0324,87.4062,77.3563,0,0.174,0.174,-0.0807,0,0,0.0195,0.0078,0.0412
0.1029,1.1517,1.2,0.0369,0.0324,87.2975,77.389,0,0.1635,0.1635,-0.088,0,0,0.0195,0.0078,0.0355
0.2006,1.0758,1.2,0.031,0.0324,87.1893,77.4199,0,0.1665,0.1665,-0.0838,0,0,0.0195,0.0078,0.0291
0.1526,1.1245,1.2,0.0333,0.0324,87.0758,77.4471,0,0.1643,0.1643,-0.0848,0,0,0.0195,0.0078,0.0348
0.1991,1.1187,1.2,0.0263,0.0324,86.9715,77.4777,0,0.1663,0.1663,-0.0748,0,0,0.0195,0.0078,0.0297
0.1202,1.155,1.2,0.0192,-0.0053,86.8504,77.5053,0,0.1666,0.1666,-0.0547,0,0,-0.0032,-0.0013,0.0354
0.1941,1.0828,1.2,0.0121,-0.0053,86.7543,77.5401,0,0.1658,0.1658,-0.0467,0,0,-0.0032,-0.0013,0.0305
0.0225,1.2282,1.2,0.005,-0.0053,86.6367,77.5593,0,0.1719,0.1719,-0.0505,0,0,-0.0032,-0.0013,0.0325
0.2,1.0136,1.2,-0.0022,-0.0053,86.5287,77.601,0,0.1697,0.1697,-0.0464,0,0,-0.0032,-0.0013,0.0263
0.0757,1.177,1.2,-0.0091,-0.0053,86.4143,77.6203,0,0.1739,0.1739,-0.0528,0,0,-0.0032,-0.0013,0.0203
0.0728,1.1468,1.2,-0.0163,-0.0053,86.3147,77.6514,0,0.1747,0.1747,-0.0478,0,0,-0.0032,-0.0013,0.0141
0.0715,1.1464,1.2,-0.0091,0.0046,86.1993,77.6747,0,0.1754,0.1754,-0.1066,0,0,0.0027,0.0011,0.0081
0.1733,1.0357,1.2,-0.002,0.0046,86.0801,77.6994,0,0.1808,0.1808,-0.1127,0,0,0.0027,0.0011,0.0014
0.0884,1.1629,1.2,0.0051,0.0046,85.984,77.7422,0,0.1561,0.1561,-0.1085,0,0,0.0027,0.0011,-0.0064
0.02,1.205,1.2,0.0123,0.0046,85.8831,77.7771,0,0.1394,0.1394,-0.1136,0,0,0.0027,0.0011,-0.0119
0.1602,1.0405,1.2,0.0194,0.0046,85.7759,77.8045,0,0.1455,0.1455,-0.1117,0,0,0.0027,0.0011,-0.0046
0.2,1.0588,1.2,0.0265,0.0046,85.6499,77.8268,0,0.1482,0.1482,-0.1146,0,0,0.0027,0.0011,0.0023
0.1763,1.0968,1.2,0.0194,-0.0235,85.5356,77.8646,0,0.1379,0.1379,-0.0807,0,0,-0.0142,-0.0057,0.0072
-0.0237,1.2648,1.2,0.0123,-0.0235,85.4182,77.8919,0,0.1326,0.1326,-0.0802,0,0,-0.0142,-0.0057,0.0149
-0.0048,1.1942,1.2,0.0052,-0.0235,85.3149,77.9176,0,0.1429,0.1429,-0.0679,0,0,-0.0142,-0.0057,0.0199
0.0038,1.1933,1.2,-0.002,-0.0235,85.2004,77.9383,0,0.1479,0.1479,-0.0719,0,0,-0.0142,-0.0057,0.0258
0.1494,1.0613,1.2,-0.0091,-0.0235,85.0959,77.963,0,0.1581,0.1581,-0.0664,0,0,-0.0142,-0.0057,0.0216
0.1674,1.1501,1.2,-0.0162,-0.0235,84.9765,77.9914,0,0.1521,0.1521,-0.0756,0,0,-0.0142,-0.0057,0.0141
0.1996,1.0686,1.2,-0.0234,-0.0235,84.8694,78.029,0,0.1471,0.1471,-0.0728,0,0,-0.0142,-0.0057,0.0094
0.0377,1.2141,1.2,-0.0162,-0.0122,84.7536,78.0604,0,0.1323,0.1323,-0.0972,0,0,-0.0073,-0.0029,0.0026
0.1138,1.1256,1.2,-0.0091,-0.0122,84.6443,78.0909,0,0.1323,0.1323,-0.0979,0,0,-0.0073,-0.0029,-0.005
0.0421,1.1879,1.2,-0.002,-0.0122,84.5328,78.1148,0,0.1269,0.1269,-0.1068,0,0,-0.0073,-0.0029,-0.0106
0.1089,1.1261,1.2,0.0052,-0.0122,84.4336,78.1629,0,0.1088,0.1088,-0.103,0,0,-0.0073,-0.0029,-0.0171
0.1034,1.1264,1.2,0.0123,-0.0122,84.3184,78.1856,0,0.109,0.109,-0.1098,0,0,-0.0073,-0.0029,-0.014
0.1979,1.0903,1.2,0.0195,-0.0122,84.2018,78.2236,0,0.1004,0.1004,-0.109,0,0,-0.0073,-0.0029,-0.0065
0.0927,1.1593,1.2,0.0173,-0.0231,84.0919,78.2604,0,0.091,0.091,-0.0937,0,0,-0.0139,-0.0056,-0.0003
0.0091,1.2153,1.2,0.0245,-0.0231,83.9748,78.2854,0,0.0906,0.0906,-0.0945,0,0,-0.0139,-0.0056,0.0063
0.0659,1.1501,1.2,0.0316,-0.0231,83.8601,78.3151,0,0.0962,0.0962,-0.0863,0,0,-0.0139,-0.0056,0.0126
0.0363,1.1849,1.2,0.0388,-0.0231,83.739,78.3402,0,0.0969,0.0969,-0.0885,0,0,-0.0139,-0.0056,0.0186
0.0348,1.1779,1.2,0.0459,-0.0231,83.6348,78.374,0,0.0927,0.0927,-0.0823,0,0,-0.0139,-0.0056,0.0185
-0.0101,1.2238,1.2,0.053,-0.0202,83.5136,78.4011,0,0.0926,0.0926,-0.0798,0,0,-0.0122,-0.0049,0.0244
0.1674,1.0873,1.2,0.046,-0.0202,83.4115,78.4307,0,0.1,0.1,-0.0681,0,0,-0.0122,-0.0049,0.031
0.0117,1.2297,1.2,0.0388,-0.0202,83.298,78.4535,0,0.0985,0.0985,-0.0683,0,0,-0.0122,-0.0049,0.0379
0.1707,1.0575,1.2,0.0317,-0.0202,83.1824,78.4869,0,0.1061,0.1061,-0.0571,0,0,-0.0122,-0.0049,0.0445
0.1104,1.146,1.2,0.0245,-0.0202,83.0593,78.5051,0,0.1137,0.1137,-0.0576,0,0,-0.0122,-0.0049,0.0508
0.0329,1.1962,1.2,0.0174,-0.0202,82.951,78.5393,0,0.1104,0.1104,-0.0488,0,0,-0.0122,-0.0049,0.0449
-0.017,1.2306,1.2,0.0103,-0.0211,82.8261,78.5668,0,0.113,0.113,-0.0133,0,0,-0.0127,-0.0051,0.0381
0.061,1.1272,1.2,0.0031,-0.0211,82.7026,78.5977,0,0.1208,0.1208,-0.0115,0,0,-0.0127,-0.0051,0.0317
-0.0501,1.2666,1.2,-0.004,-0.0211,82.5834,78.6324,0,0.12,0.12,-0.0113,0,0,-0.0127,-0.0051,0.0265
-0.1042,1.2638,1.2,-0.0112,-0.0211,82.475,78.6509,0,0.1328,0.1328,-0.0119,0,0,-0.0127,-0.0051,0.0212
-0.0602,1.2311,1.2,-0.0183,-0.0211,82.3573,78.6826,0,0.135,0.135,-0.014,0,0,-0.0127,-0.0051,0.0141
0.1066,1.0913,1.2,-0.0254,-0.0211,82.2367,78.7189,0,0.1336,0.1336,-0.0179,0,0,-0.0127,-0.0051,0.0072
0.0193,1.2083,1.2,-0.0183,-0.0016,82.1134,78.7432,0,0.1397,0.1397,-0.0225,0,0,-0.001,-0.0004,0.0026
-0.0392,1.2494,1.2,-0.0254,-0.0016,81.9988,78.7866,0,0.1303,0.1303,-0.0235,0,0,-0.001,-0.0004,-0.0054
-0.0729,1.2431,1.2,-0.0325,-0.0016,81.8834,78.8147,0,0.1311,0.1311,-0.0322,0,0,-0.001,-0.0004,-0.0106
-0.0541,1.2139,1.2,-0.0395,-0.0016,81.7624,78.8494,0,0.1324,0.1324,-0.0336,0,0,-0.001,-0.0004,-0.0186
0.0082,1.176,1.2,-0.0467,-0.0016,81.6512,78.8848,0,0.1286,0.1286,-0.0364,0,0,-0.001,-0.0004,-0.0178
-0.0729,1.2482,1.2,-0.0522,0.0004,81.5403,78.9134,0,0.1295,0.1295,-0.0335,0,0,0.0002,0.0001,-0.0181
0.0334,1.1566,1.2,-0.0487,0.0004,81.4191,78.9466,0,0.1289,0.1289,-0.0431,0,0,0.0002,0.0001,-0.0245
0.0713,1.1344,1.2,-0.0416,0.0004,81.2965,78.9788,0,0.1298,0.1298,-0.0512,0,0,0.0002,0.0001,-0.0315
-0.0248,1.2444,1.2,-0.0344,0.0004,81.1935,79.0156,0,0.1203,0.1203,-0.0554,0,0,0.0002,0.0001,-0.0393
-0.0589,1.2551,1.2,-0.0273,0.0004,81.0943,79.0452,0,0.1151,0.1151,-0.066,0,0,0.0002,0.0001,-0.051
0.1167,1.0849,1.2,-0.0202,0.0004,80.9869,79.0795,0,0.1148,0.1148,-0.0703,0,0,0.0002,0.0001,-0.0495
0.2,1.026,1.2,-0.013,0.0004,80.8725,79.1114,0,0.1178,0.1178,-0.0704,0,0,0.0002,0.0001,-0.0384
0.1414,1.1164,1.2,-0.0059,0.0029,80.7724,79.1505,0,0.1078,0.1078,-0.0612,0,0,0.0017,0.0007,-0.0333
0.0647,1.1763,1.2,0.0012,0.0029,80.6637,79.1824,0,0.1073,0.1073,-0.061,0,0,0.0017,0.0007,-0.0268
0.2,1.0655,1.2,-0.0006,0.0029,80.5507,79.2067,0,0.1182,0.1182,-0.0637,0,0,0.0017,0.0007,-0.0202
0.1779,1.1223,1.2,-0.0077,0.0029,80.4545,79.2412,0,0.116,0.116,-0.0553,0,0,0.0017,0.0007,-0.0131
0.1199,1.142,1.2,-0.0078,0.0029,80.3418,79.2698,0,0.1181,0.1181,-0.0598,0,0,0.0017,0.0007,-0.0058
0.2,1.0147,1.2,-0.0101,0.0029,80.2285,79.3001,0,0.125,0.125,-0.0609,0,0,0.0017,0.0007,0.001
0.1905,1.1499,1.2,-0.0131,0.0073,80.1221,79.3309,0,0.1262,0.1262,-0.0429,0,0,0.0044,0.0018,0.0027
0.1158,1.1611,1.2,-0.0202,0.0073,80.019,79.3731,0,0.1166,0.1166,-0.0451,0,0,0.0044,0.0018,-0.0009
0.1759,1.0997,1.2,-0.0183,0.0073,79.9155,79.4206,0,0.1036,0.1036,-0.0471,0,0,0.0044,0.0018,-0.0038
0.1479,1.105,1.2,-0.0112,0.0073,79.8106,79.4455,0,0.1081,0.1081,-0.0544,0,0,0.0044,0.0018,-0.0057
0.1092,1.1292,1.2,-0.004,0.0073,79.6928,79.4831,0,0.1053,0.1053,-0.0593,0,0,0.0044,0.0018,-0.0092
0.2001,1.0658,1.2,0.0031,0.0073,79.5896,79.528,0,0.0976,0.0976,-0.0566,0,0,0.0044,0.0018,-0.0114
0.027,1.2249,1.2,0.0102,0.014,79.4876,79.5634,0,0.0848,0.0848,-0.0986,0,0,0.0084,0.0034,-0.0144
0.1119,1.1152,1.2,0.0174,0.014,79.3777,79.5988,0,0.0887,0.0887,-0.0934,0,0,0.0084,0.0034,-0.0126
0.2,1.0696,1.2,0.0245,0.014,79.2716,79.628,0,0.0925,0.0925,-0.0904,0,0,0.0084,0.0034,-0.0059
0.1055,1.1468,1.2,0.0316,0.014,79.1731,79.6566,0,0.0898,0.0898,-0.0871,0,0,0.0084,0.0034,0.0009
0.1885,1.0906,1.2,0.0388,0.014,79.0653,79.6919,0,0.0892,0.0892,-0.0835,0,0,0.0084,0.0034,0.0074
0.2,1.0175,1.2,0.0459,0.014,78.9577,79.7226,0,0.0911,0.0911,-0.0841,0,0,0.0084,0.0034,0.0161
0.1268,1.1251,1.2,0.053,0.014,78.8445,79.7595,0,0.0867,0.0867,-0.0744,0,0,0.0084,0.0034,0.0204
0.1397,1.108,1.2,0.0459,-0.0042,78.738,79.7881,0,0.0893,0.0893,-0.0608,0,0,-0.0026,-0.001,0.0262
0.0557,1.1832,1.2,0.0388,-0.0042,78.6274,79.8188,0,0.0952,0.0952,-0.0491,0,0,-0.0026,-0.001,0.0328
0.1765,1.0921,1.2,0.0316,-0.0042,78.5161,79.8606,0,0.0917,0.0917,-0.0446,0,0,-0.0026,-0.001,0.0396
0.105,1.1429,1.2,0.0245,-0.0042,78.3968,79.8934,0,0.0925,0.0925,-0.0443,0,0,-0.0026,-0.001,0.0466
0.0542,1.1788,1.2,0.0174,-0.0042,78.2884,79.9243,0,0.0984,0.0984,-0.0345,0,0,-0.0026,-0.001,0.0495
-0.0051,1.2253,1.2,0.0245,0.0022,78.1784,79.9566,0,0.0936,0.0936,-0.0775,0,0,0.0013,0.0005,0.0434
0.1025,1.1209,1.2,0.0317,0.0022,78.0743,79.9823,0,0.1022,0.1022,-0.0747,0,0,0.0013,0.0005,0.0338
0.0924,1.1362,1.2,0.0388,0.0022,77.9746,80.0107,0,0.1003,0.1003,-0.0732,0,0,0.0013,0.0005,0.0296
0.2002,1.0666,1.2,0.0316,0.0022,77.8677,80.0281,0,0.1135,0.1135,-0.074,0,0,0.0013,0.0005,0.0226
0.2,1.0295,1.2,0.0388,0.0022,77.7537,80.0572,0,0.1158,0.1158,-0.0736,0,0,0.0013,0.0005,0.0202
0.1995,1.0751,1.2,0.0371,0.0022,77.6407,80.0867,0,0.1132,0.1132,-0.0739,0,0,0.0013,0.0005,0.0265
0.1343,1.1676,1.2,0.03,0.0022,77.5289,80.1148,0,0.1153,0.1153,-0.0643,0,0,0.0013,0.0005,0.0316
0.0782,1.1568,1.2,0.0229,-0.017,77.4227,80.1327,0,0.1296,0.1296,-0.0321,0,0,-0.0102,-0.0041,0.0376
0.0737,1.1466,1.2,0.0157,-0.017,77.3129,80.1595,0,0.1353,0.1353,-0.0316,0,0,-0.0102,-0.0041,0.0318
0.2001,1.0706,1.2,0.0086,-0.017,77.2075,80.198,0,0.1304,0.1304,-0.0284,0,0,-0.0102,-0.0041,0.0371
0.1308,1.1211,1.2,0.0015,-0.017,77.0984,80.2295,0,0.1269,0.1269,-0.033,0,0,-0.0102,-0.0041,0.036
0.1246,1.1125,1.2,-0.0057,-0.017,76.9914,80.2552,0,0.1368,0.1368,-0.0255,0,0,-0.0102,-0.0041,0.0291
0.1074,1.1254,1.2,-0.0128,-0.017,76.8786,80.2836,0,0.1358,0.1358,-0.035,0,0,-0.0102,-0.0041,0.0232
0.1726,1.0961,1.2,-0.0103,-0.0055,76.7676,80.3179,0,0.1318,0.1318,-0.0349,0,0,-0.0033,-0.0013,0.0171
0.094,1.1512,1.2,-0.0174,-0.0055,76.6665,80.3354,0,0.1479,0.1479,-0.0264,0,0,-0.0033,-0.0013,0.0106
0.0752,1.1519,1.2,-0.0245,-0.0055,76.56,80.3763,0,0.1334,0.1334,-0.037,0,0,-0.0033,-0.0013,0.0042
0.2001,1.0262,1.2,-0.0317,-0.0055,76.4435,80.3969,0,0.1492,0.1492,-0.0378,0,0,-0.0033,-0.0013,-0.0044
0.2,1.1331,1.2,-0.0388,-0.0055,76.3382,80.4361,0,0.1386,0.1386,-0.0396,0,0,-0.0033,-0.0013,-0.006
0.1233,1.1747,1.2,-0.0459,-0.0055,76.2216,80.4612,0,0.142,0.142,-0.0483,0,0,-0.0033,-0.0013,-0.0094
0.1929,1.1146,1.2,-0.05,-0.0055,76.1264,80.4901,0,0.1423,0.1423,-0.0502,0,0,-0.0033,-0.0013,-0.0173
0.0721,1.1786,1.2,-0.0429,-0.0015,76.0231,80.5219,0,0.1323,0.1323,-0.0732,0,0,-0.0009,-0.0004,-0.0241
0.2,0.9864,1.2,-0.0358,-0.0015,75.911,80.5606,0,0.129,0.129,-0.0798,0,0,-0.0009,-0.0004,-0.0313
0.1826,1.0707,1.2,-0.0287,-0.0015,75.8086,80.6023,0,0.1098,0.1098,-0.088,0,0,-0.0009,-0.0004,-0.0376
0.0751,1.1758,1.2,-0.0216,-0.0015,75.7117,80.6139,0,0.1218,0.1218,-0.0885,0,0,-0.0009,-0.0004,-0.0486
0.1559,1.098,1.2,-0.0144,-0.0015,75.6073,80.6476,0,0.1161,0.1161,-0.0952,0,0,-0.0009,-0.0004,-0.0416
0.2,0.973,1.2,-0.0073,-0.0015,75.4968,80.6838,0,0.1153,0.1153,-0.0961,0,0,-0.0009,-0.0004,-0.0337
0.1653,1.0872,1.2,-0.0061,-0.0085,75.3914,80.7223,0,0.1054,0.1054,-0.0654,0,0,-0.0051,-0.0021,-0.0242
0.0922,1.1512,1.2,0.001,-0.0085,75.2854,80.7616,0,0.094,0.094,-0.0698,0,0,-0.0051,-0.0021,-0.0171
0.1367,1.1207,1.2,0.0065,-0.0085,75.1746,80.7963,0,0.0971,0.0971,-0.0641,0,0,-0.0051,-0.0021,-0.0105
0.114,1.1207,1.2,0.0137,-0.0085,75.0653,80.8271,0,0.0972,0.0972,-0.0678,0,0,-0.0051,-0.0021,-0.0036
0.0781,1.1528,1.2,0.0208,-0.0085,74.9573,80.8671,0,0.0923,0.0923,-0.0631,0,0,-0.0051,-0.0021,-0.0012
0.1296,1.1237,1.2,0.0138,-0.0085,74.8677,80.8967,0,0.0929,0.0929,-0.0595,0,0,-0.0051,-0.0021,0.0045
0.0926,1.142,1.2,0.0209,0.005,74.7683,80.9145,0,0.1071,0.1071,-0.0771,0,0,0.003,0.0012,0.0094
0.2,0.936,1.2,0.028,0.005,74.6673,80.9471,0,0.1106,0.1106,-0.078,0,0,0.003,0.0012,0.0152
0.2,1.0061,1.2,0.0352,0.005,74.5606,80.9853,0,0.0981,0.0981,-0.0807,0,0,0.003,0.0012,0.0214
0.2,1.0514,1.2,0.0423,0.005,74.4618,81.0233,0,0.0892,0.0892,-0.0765,0,0,0.003,0.0012,0.0165
0.1303,1.1238,1.2,0.0494,0.005,74.3598,81.0411,0,0.0985,0.0985,-0.0723,0,0,0.003,0.0012,0.0225
0.2,1.0498,1.2,0.0423,0.005,74.2528,81.0668,0,0.1076,0.1076,-0.0679,0,0,0.003,0.0012,0.0289
0.2,1.0282,1.2,0.0469,0.005,74.1453,81.0998,0,0.1046,0.1046,-0.0694,0,0,0.003,0.0012,0.0354
0.1596,1.0926,1.2,0.0397,-0.0056,74.0389,81.1226,0,0.1193,0.1193,-0.0277,0,0,-0.0034,-0.0014,0.0425
0.1276,1.1136,1.2,0.0326,-0.0056,73.9357,81.1477,0,0.126,0.126,-0.0256,0,0,-0.0034,-0.0014,0.0474
0.172,1.0903,1.2,0.0255,-0.0056,73.8315,81.1812,0,0.1262,0.1262,-0.0248,0,0,-0.0034,-0.0014,0.0425
0.2002,1.0536,1.2,0.0184,-0.0056,73.7241,81.2163,0,0.1264,0.1264,-0.022,0,0,-0.0034,-0.0014,0.0449
0.1668,1.0857,1.2,0.0112,-0.0056,73.6149,81.2393,0,0.1369,0.1369,-0.0218,0,0,-0.0034,-0.0014,0.0381
0.1225,1.1202,1.2,0.0041,-0.0056,73.5183,81.2625,0,0.1437,0.1437,-0.0212,0,0,-0.0034,-0.0014,0.0311
0.1311,1.1086,1.2,0.0086,0.0081,73.4073,81.3015,0,0.1364,0.1364,-0.0208,0,0,0.0049,0.002,0.0248
0.2,0.986,1.2,0.0015,0.0081,73.3013,81.3328,0,0.1422,0.1422,-0.0183,0,0,0.0049,0.002,0.0186
0.0902,1.1671,1.2,-0.0057,0.0081,73.2013,81.3598,0,0.1445,0.1445,-0.0193,0,0,0.0049,0.002,0.0127
0.178,1.0971,1.2,-0.0128,0.0081,73.0963,81.3909,0,0.1443,0.1443,-0.0258,0,0,0.0049,0.002,0.0079
0.2001,1.0269,1.2,-0.0199,0.0081,72.9843,81.4172,0,0.1559,0.1559,-0.022,0,0,0.0049,0.002,0.0102
0.1671,1.0854,1.2,-0.027,0.0081,72.879,81.4479,0,0.1544,0.1544,-0.0295,0,0,0.0049,0.002,0.004
0.1053,1.1425,1.2,-0.0285,0.0149,72.778,81.4817,0,0.1551,0.1551,-0.0336,0,0,0.009,0.0036,-0.0028
0.2,1.0859,1.2,-0.0356,0.0149,72.6751,81.5209,0,0.1437,0.1437,-0.0443,0,0,0.009,0.0036,-0.0097
0.2005,1.0566,1.2,-0.0356,0.0149,72.5669,81.5602,0,0.1386,0.1386,-0.0456,0,0,0.009,0.0036,-0.0166
0.1589,1.0935,1.2,-0.0285,0.0149,72.4614,81.585,0,0.1406,0.1406,-0.0549,0,0,0.009,0.0036,-0.0232
0.1063,1.1419,1.2,-0.0253,0.0149,72.3582,81.6063,0,0.1491,0.1491,-0.056,0,0,0.009,0.0036,-0.0244
0.1881,1.0711,1.2,-0.0181,0.0149,72.253,81.6484,0,0.137,0.137,-0.0654,0,0,0.009,0.0036,-0.0301
0.1997,1.0447,1.2,-0.0149,0.0149,72.1536,81.6727,0,0.1462,0.1462,-0.0609,0,0,0.009,0.0036,-0.0301
0.1262,1.1256,1.2,-0.0088,0.0137,72.0511,81.7091,0,0.1353,0.1353,-0.0812,0,0,0.0082,0.0033,-0.0243
0.2,1.0169,1.2,-0.0016,0.0137,71.9428,81.7497,0,0.1283,0.1283,-0.0851,0,0,0.0082,0.0033,-0.0205
0.1745,1.0783,1.2,0.0055,0.0137,71.8377,81.7913,0,0.1136,0.1136,-0.0873,0,0,0.0082,0.0033,-0.014
0.0986,1.147,1.2,0.0126,0.0137,71.7335,81.8263,0,0.1089,0.1089,-0.0824,0,0,0.0082,0.0033,-0.0106
0.1171,1.1209,1.2,0.0198,0.0137,71.6301,81.8601,0,0.1046,0.1046,-0.0845,0,0,0.0082,0.0033,-0.0045
0.1999,1.0905,1.2,0.0269,0.0137,71.5217,81.9,0,0.1015,0.1015,-0.0768,0,0,0.0082,0.0033,0.0018
0.2001,1.078,1.2,0.0198,0.0107,71.4151,81.9391,0,0.0931,0.0931,-0.0558,0,0,0.0064,0.0026,0.0071
0.2,1.1463,1.2,0.0126,0.0107,71.3012,81.9766,0,0.094,0.094,-0.0471,0,0,0.0064,0.0026,0.0144
0.1998,1.1258,1.2,0.0057,0.0107,71.1881,82.0038,0,0.1047,0.1047,-0.0425,0,0,0.0064,0.0026,0.0206
0.1116,1.191,1.2,-0.0014,0.0107,71.0758,82.0307,0,0.1093,0.1093,-0.0448,0,0,0.0064,0.0026,0.0264
0.0849,1.1541,1.2,-0.0084,0.0107,70.9681,82.0608,0,0.1125,0.1125,-0.0484,0,0,0.0064,0.0026,0.0206
0.1273,1.1423,1.2,-0.0155,0.0107,70.8662,82.0941,0,0.1151,0.1151,-0.0436,0,0,0.0064,0.0026,0.0145
0.1281,1.1087,1.2,-0.0084,0.0275,70.7545,82.1283,0,0.1131,0.1131,-0.094,0,0,0.0166,0.0066,0.0084
0.1999,1.0647,1.2,-0.0013,0.0275,70.6499,82.1613,0,0.1083,0.1083,-0.0993,0,0,0.0166,0.0066,0.0021
0.0956,1.1569,1.2,0.0059,0.0275,70.5354,82.1875,0,0.1093,0.1093,-0.0984,0,0,0.0166,0.0066,-0.0045
0.1684,1.0872,1.2,0.013,0.0275,70.4184,82.2306,0,0.1006,0.1006,-0.1011,0,0,0.0166,0.0066,-0.0109
0.0783,1.1659,1.2,0.0202,0.0275,70.3122,82.2615,0,0.0922,0.0922,-0.1041,0,0,0.0166,0.0066,-0.0047
-0.0155,1.2364,1.2,0.0273,0.0275,70.2059,82.2974,0,0.082,0.082,-0.1022,0,0,0.0166,0.0066,0.0021
0.1157,1.0947,1.2,0.0202,0.0093,70.0845,82.3297,0,0.0941,0.0941,-0.0595,0,0,0.0056,0.0022,0.0086
0.1213,1.1133,1.2,0.027,0.0093,69.9731,82.362,0,0.0938,0.0938,-0.061,0,0,0.0056,0.0022,0.0149
-0.0365,1.2491,1.2,0.0198,0.0093,69.8621,82.3907,0,0.0994,0.0994,-0.0516,0,0,0.0056,0.0022,0.0205
0.0823,1.1485,1.2,0.0127,0.0093,69.7515,82.4148,0,0.1096,0.1096,-0.054,0,0,0.0056,0.0022,0.0265
0.1511,1.1407,1.2,0.0055,0.0093,69.6393,82.4491,0,0.1132,0.1132,-0.0487,0,0,0.0056,0.0022,0.0223
0.2005,1.1201,1.2,-0.0015,0.0093,69.5232,82.4838,0,0.1126,0.1126,-0.0516,0,0,0.0056,0.0022,0.0254
0.0865,1.1662,1.2,0.0056,0.0349,69.4214,82.5198,0,0.1094,0.1094,-0.0713,0,0,0.0211,0.0084,0.0213
0.0257,1.1997,1.2,0.0128,0.0349,69.3019,82.5444,0,0.1135,0.1135,-0.0773,0,0,0.0211,0.0084,0.0155
0.1652,1.0718,1.2,0.0199,0.0349,69.1787,82.5768,0,0.1184,0.1184,-0.0822,0,0,0.0211,0.0084,0.0099
0.0364,1.2069,1.2,0.027,0.0349,69.0772,82.6231,0,0.0981,0.0981,-0.0784,0,0,0.0211,0.0084,0.0037
-0.0477,1.2619,1.2,0.0342,0.0349,68.9604,82.6522,0,0.0972,0.0972,-0.0809,0,0,0.0211,0.0084,0.0067
0.0874,1.1038,1.2,0.0413,0.0349,68.8427,82.679,0,0.1136,0.1136,-0.0725,0,0,0.0211,0.0084,0.0127
0.0343,1.192,1.2,0.0453,0.0312,68.7321,82.7059,0,0.1159,0.1159,-0.0791,0,0,0.0188,0.0075,0.0195
0.0118,1.2015,1.2,0.0524,0.0312,68.6165,82.7388,0,0.1154,0.1154,-0.0744,0,0,0.0188,0.0075,0.0257
0.0991,1.1298,1.2,0.0595,0.0312,68.505,82.7742,0,0.1111,0.1111,-0.0761,0,0,0.0188,0.0075,0.0321
0.0621,1.1927,1.2,0.053,0.0312,68.398,82.7949,0,0.1219,0.1219,-0.0642,0,0,0.0188,0.0075,0.039
0.1076,1.16,1.2,0.0459,0.0312,68.2915,82.8209,0,0.1284,0.1284,-0.058,0,0,0.0188,0.0075,0.0437
0.1972,1.0879,1.2,0.0387,0.0312,68.1781,82.8478,0,0.1363,0.1363,-0.0527,0,0,0.0188,0.0075,0.0498
0.1661,1.0888,1.2,0.0316,0.0312,68.0685,82.8637,0,0.151,0.151,-0.0478,0,0,0.0188,0.0075,0.0563
0.0885,1.1581,1.2,0.0284,0.0358,67.9548,82.8928,0,0.1495,0.1495,-0.0446,0,0,0.0216,0.0086,0.0522
0.1799,1.1006,1.2,0.0213,0.0358,67.8326,82.9277,0,0.1526,0.1526,-0.0399,0,0,0.0216,0.0086,0.0456
0.1061,1.1628,1.2,0.0143,0.0358,67.7121,82.9613,0,0.1482,0.1482,-0.044,0,0,0.0216,0.0086,0.0388
-0.0428,1.2627,1.2,0.0071,0.0358,67.5913,82.9921,0,0.152,0.152,-0.0376,0,0,0.0216,0.0086,0.032
-0.0522,1.2395,1.2,0,0.0358,67.4712,83.0234,0,0.1512,0.1512,-0.0422,0,0,0.0216,0.0086,0.0285
-0.0713,1.2397,1.2,0.0054,0.0504,67.3482,83.0529,0,0.1561,0.1561,-0.056,0,0,0.0304,0.0122,0.0228
-0.0508,1.2291,1.2,0.0125,0.0504,67.2287,83.0788,0,0.1567,0.1567,-0.0631,0,0,0.0304,0.0122,0.017
-0.0789,1.2567,1.2,0.011,0.0504,67.107,83.1052,0,0.162,0.162,-0.0606,0,0,0.0304,0.0122,0.0121
-0.0355,1.2107,1.2,0.0181,0.0504,66.9948,83.1309,0,0.1631,0.1631,-0.0663,0,0,0.0304,0.0122,0.0059
-0.0459,1.2363,1.2,0.0152,0.0504,66.8731,83.1704,0,0.157,0.157,-0.0607,0,0,0.0304,0.0122,0.0069
0.0437,1.1401,1.2,0.0207,0.0504,66.761,83.202,0,0.1543,0.1543,-0.064,0,0,0.0304,0.0122,0.0119
-0.0874,1.2692,1.2,0.0191,0.053,66.6399,83.2367,0,0.1496,0.1496,-0.0603,0,0,0.032,0.0128,0.0133
0.0451,1.1535,1.2,0.0119,0.053,66.5264,83.2564,0,0.1626,0.1626,-0.0578,0,0,0.032,0.0128,0.0171
-0.0643,1.2512,1.2,0.0061,0.053,66.401,83.2849,0,0.1634,0.1634,-0.0553,0,0,0.032,0.0128,0.0172
0.0444,1.1433,1.2,0.0089,0.053,66.2852,83.3128,0,0.165,0.165,-0.059,0,0,0.032,0.0128,0.0205
-0.1063,1.2753,1.2,0.0037,0.053,66.1783,83.3446,0,0.1596,0.1596,-0.0526,0,0,0.032,0.0128,0.0206
-0.0067,1.1794,1.2,0.0108,0.0656,66.0653,83.3685,0,0.1655,0.1655,-0.094,0,0,0.0396,0.0158,0.0167
0.0903,1.1065,1.2,0.018,0.0656,65.9506,83.4025,0,0.1586,0.1586,-0.0956,0,0,0.0396,0.0158,0.0113
0.0772,1.1461,1.2,0.0251,0.0656,65.8396,83.4245,0,0.1546,0.1546,-0.1005,0,0,0.0396,0.0158,0.0115
0.0369,1.1863,1.2,0.0322,0.0656,65.7208,83.4558,0,0.1484,0.1484,-0.0966,0,0,0.0396,0.0158,0.0086
0.0858,1.1195,1.2,0.0394,0.0656,65.6034,83.4793,0,0.1507,0.1507,-0.0991,0,0,0.0396,0.0158,0.0112
0.0039,1.2193,1.2,0.0465,0.0656,65.4816,83.5062,0,0.1483,0.1483,-0.0904,0,0,0.0396,0.0158,0.0171
0.0146,1.1854,1.2,0.0487,0.0597,65.3652,83.5355,0,0.1432,0.1432,-0.1054,0,0,0.036,0.0144,0.0235
-0.0311,1.2393,1.2,0.0558,0.0597,65.2495,83.5696,0,0.1337,0.1337,-0.0953,0,0,0.036,0.0144,0.03
-0.0009,1.1892,1.2,0.0629,0.0597,65.1405,83.5953,0,0.1344,0.1344,-0.0893,0,0,0.036,0.0144,0.0367
0.0017,1.1975,1.2,0.07,0.0597,65.0222,83.616,0,0.1386,0.1386,-0.0832,0,0,0.036,0.0144,0.0436
0.1257,1.1111,1.2,0.0664,0.0597,64.901,83.6387,0,0.1451,0.1451,-0.0793,0,0,0.036,0.0144,0.048
0.0429,1.1931,1.2,0.0595,0.0597,64.7823,83.6645,0,0.1419,0.1419,-0.0719,0,0,0.036,0.0144,0.0528
-0.0081,1.2248,1.2,0.0608,0.0697,64.6688,83.6845,0,0.1482,0.1482,-0.0321,0,0,0.042,0.0168,0.0632
-0.0081,1.2055,1.2,0.0537,0.0697,64.5623,83.719,0,0.1417,0.1417,-0.0251,0,0,0.042,0.0168,0.0694
0.0462,1.1457,1.2,0.0466,0.0697,64.4395,83.7343,0,0.157,0.157,-0.0212,0,0,0.042,0.0168,0.0719
0.1681,1.1091,1.2,0.0394,0.0697,64.3374,83.7546,0,0.1629,0.1629,-0.0167,0,0,0.042,0.0168,0.0703
0.0146,1.2296,1.2,0.0325,0.0697,64.2197,83.7786,0,0.1662,0.1662,-0.0122,0,0,0.042,0.0168,0.0639
0.1645,1.0351,1.2,0.0253,0.0697,64.1094,83.7959,0,0.1761,0.1761,-0.0138,0,0,0.042,0.0168,0.0588
0.0518,1.192,1.2,0.0325,0.1036,63.9992,83.8117,0,0.1803,0.1803,-0.1198,0,0,0.0627,0.0251,0.0499
0.1033,1.1089,1.2,0.0396,0.1036,63.8844,83.8282,0,0.1825,0.1825,-0.1206,0,0,0.0627,0.0251,0.043
0.1166,1.1059,1.2,0.0468,0.1036,63.7671,83.8546,0,0.1676,0.1676,-0.1249,0,0,0.0627,0.0251,0.0364
0.079,1.1515,1.2,0.0539,0.1036,63.6523,83.8686,0,0.1669,0.1669,-0.1196,0,0,0.0627,0.0251,0.0296
0.0296,1.1912,1.2,0.061,0.1036,63.5377,83.8888,0,0.156,0.156,-0.1214,0,0,0.0627,0.0251,0.0287
0.0538,1.1519,1.2,0.0682,0.1036,63.428,83.9094,0,0.1557,0.1557,-0.1104,0,0,0.0627,0.0251,0.0364
0.0604,1.1531,1.2,0.061,0.0669,63.3164,83.9159,0,0.1654,0.1654,-0.0991,0,0,0.0404,0.0161,0.0432
0.1806,1.1095,1.2,0.0682,0.0669,63.2056,83.9296,0,0.1667,0.1667,-0.0983,0,0,0.0404,0.0161,0.0503
0.1513,1.1139,1.2,0.0611,0.0669,63.0981,83.9438,0,0.1726,0.1726,-0.0819,0,0,0.0404,0.0161,0.062
0.1585,1.1065,1.2,0.054,0.0669,62.9762,83.9625,0,0.1697,0.1697,-0.0779,0,0,0.0404,0.0161,0.0695
0.1897,1.0822,1.2,0.0575,0.0669,62.8696,83.9809,0,0.1643,0.1643,-0.0794,0,0,0.0404,0.0161,0.0658
0.0255,1.2236,1.2,0.0503,0.0669,62.7622,84.0057,0,0.1523,0.1523,-0.0661,0,0,0.0404,0.0161,0.0702
0.1845,1.0725,1.2,0.0457,0.0669,62.6396,84.0247,0,0.1537,0.1537,-0.0678,0,0,0.0404,0.0161,0.0655
0.1539,1.0927,1.2,0.0529,0.0876,62.5256,84.0348,0,0.1484,0.1484,-0.1287,0,0,0.0529,0.0212,0.0535
0.0077,1.2306,1.2,0.06,0.0876,62.4153,84.0517,0,0.1343,0.1343,-0.1177,0,0,0.0529,0.0212,0.0557
0.0661,1.1345,1.2,0.0671,0.0876,62.2956,84.0606,0,0.1401,0.1401,-0.117,0,0,0.0529,0.0212,0.0491
0.0277,1.1932,1.2,0.0743,0.0876,62.1937,84.0628,0,0.1425,0.1425,-0.1132,0,0,0.0529,0.0212,0.0452
0.0154,1.1932,1.2,0.0814,0.0876,62.0917,84.0755,0,0.1357,0.1357,-0.1122,0,0,0.0529,0.0212,0.052
0.2,1.0193,1.2,0.0886,0.0876,61.9749,84.0685,0,0.166,0.166,-0.1001,0,0,0.0529,0.0212,0.0631
0.1999,1.0193,1.2,0.0871,0.0774,61.8656,84.0889,0,0.151,0.151,-0.1189,0,0,0.0467,0.0187,0.0708
0.0829,1.1744,1.2,0.0943,0.0774,61.7689,84.1088,0,0.1279,0.1279,-0.1108,0,0,0.0467,0.0187,0.0771
0.2,1.1028,1.2,0.1014,0.0774,61.6657,84.1197,0,0.1313,0.1313,-0.1006,0,0,0.0467,0.0187,0.0807
0.2,0.9792,1.2,0.1086,0.0774,61.5556,84.1141,0,0.1506,0.1506,-0.0958,0,0,0.0467,0.0187,0.0895
0.2005,1.0336,1.2,0.1014,0.0774,61.4535,84.1114,0,0.158,0.158,-0.0882,0,0,0.0467,0.0187,0.0893
0.2,1.0988,1.2,0.0943,0.0774,61.3518,84.1143,0,0.1602,0.1602,-0.078,0,0,0.0467,0.0187,0.0959
0.2,1.0188,1.2,0.09,0.0774,61.249,84.1211,0,0.1622,0.1622,-0.0761,0,0,0.0467,0.0187,0.103
0.1999,1.0123,1.2,0.0908,0.0867,61.1471,84.1217,0,0.1717,0.1717,-0.0673,0,0,0.0524,0.021,0.1078
0.2001,1.0229,1.2,0.0837,0.0867,61.025,84.1313,0,0.1713,0.1713,-0.0578,0,0,0.0524,0.021,0.1014
0.1999,1.0195,1.2,0.0765,0.0867,60.9165,84.1381,0,0.1682,0.1682,-0.0594,0,0,0.0524,0.021,0.095
0.0381,1.2182,1.2,0.0699,0.0867,60.8113,84.1457,0,0.1617,0.1617,-0.0493,0,0,0.0524,0.021,0.0919
0.1793,1.0778,1.2,0.0628,0.0867,60.7018,84.1443,0,0.1741,0.1741,-0.0467,0,0,0.0524,0.021,0.0914
0.2,1.0476,1.2,0.0556,0.0867,60.596,84.1335,0,0.1935,0.1935,-0.0407,0,0,0.0524,0.021,0.0847
0.1614,1.0909,1.2,0.0628,0.1052,60.4919,84.1445,0,0.1824,0.1824,-0.1037,0,0,0.0636,0.0254,0.0779
0.1999,1.0646,1.2,0.0699,0.1052,60.3858,84.1517,0,0.1755,0.1755,-0.1017,0,0,0.0636,0.0254,0.072
0.2001,1.0376,1.2,0.0769,0.1052,60.2848,84.1506,0,0.1785,0.1785,-0.0968,0,0,0.0636,0.0254,0.064
0.2,1.0549,1.2,0.084,0.1052,60.1772,84.1592,0,0.1664,0.1664,-0.0971,0,0,0.0636,0.0254,0.0548
0.2,1.0062,1.2,0.0911,0.1052,60.0796,84.1599,0,0.1682,0.1682,-0.0904,0,0,0.0636,0.0254,0.0664
0.1883,1.0703,1.2,0.0983,0.1052,59.9724,84.1583,0,0.1668,0.1668,-0.0824,0,0,0.0636,0.0254,0.0734
0.2,0.9701,1.2,0.0989,0.1052,59.8649,84.1673,0,0.1625,0.1625,-0.0764,0,0,0.0636,0.0254,0.0798
0.2004,1.0656,1.2,0.0935,0.0929,59.7526,84.1706,0,0.1553,0.1553,-0.0805,0,0,0.0561,0.0224,0.0865
0.2007,1.0693,1.2,0.0863,0.0929,59.6527,84.1692,0,0.1565,0.1565,-0.0712,0,0,0.0561,0.0224,0.0929
0.1997,1.1156,1.2,0.0792,0.0929,59.5448,84.1599,0,0.1656,0.1656,-0.0578,0,0,0.0561,0.0224,0.099
0.2,0.9938,1.2,0.0721,0.0929,59.428,84.1446,0,0.1827,0.1827,-0.0548,0,0,0.0561,0.0224,0.0979
0.1756,1.0815,1.2,0.0651,0.0929,59.3211,84.1415,0,0.1805,0.1805,-0.0496,0,0,0.0561,0.0224,0.0938
0.0721,1.1744,1.2,0.058,0.0929,59.217,84.1299,0,0.1875,0.1875,-0.0443,0,0,0.0561,0.0224,0.0872
0.1698,1.0621,1.2,0.0651,0.1053,59.109,84.1284,0,0.1851,0.1851,-0.1313,0,0,0.0637,0.0255,0.0807
0.2,1.0429,1.2,0.0723,0.1053,59.0045,84.1213,0,0.1822,0.1822,-0.128,0,0,0.0637,0.0255,0.0742
0.1819,1.0714,1.2,0.0794,0.1053,58.8903,84.121,0,0.1671,0.1671,-0.1258,0,0,0.0637,0.0255,0.0677
0.2,1.0415,1.2,0.0865,0.1053,58.7788,84.1182,0,0.1592,0.1592,-0.1243,0,0,0.0637,0.0255,0.056
0.119,1.1329,1.2,0.0937,0.1053,58.6791,84.1112,0,0.1506,0.1506,-0.1152,0,0,0.0637,0.0255,0.0668
0.1463,1.1074,1.2,0.1008,0.1053,58.5782,84.1052,0,0.1483,0.1483,-0.1084,0,0,0.0637,0.0255,0.0734
0.2,0.9926,1.2,0.1079,0.1053,58.4749,84.096,0,0.1532,0.1532,-0.1039,0,0,0.0637,0.0255,0.0803
0.2,1.0042,1.2,0.1008,0.0823,58.3654,84.093,0,0.1441,0.1441,-0.1114,0,0,0.0497,0.0199,0.0867
0.2,1.0305,1.2,0.1079,0.0823,58.2568,84.0897,0,0.1342,0.1342,-0.101,0,0,0.0497,0.0199,0.0936
0.1651,1.0873,1.2,0.115,0.0823,58.1495,84.0831,0,0.1268,0.1268,-0.0897,0,0,0.0497,0.0199,0.1003
0.1766,1.0791,1.2,0.1189,0.0823,58.041,84.0744,0,0.1241,0.1241,-0.0808,0,0,0.0497,0.0199,0.1065
0.1955,1.0681,1.2,0.1117,0.0823,57.9217,84.0541,0,0.131,0.131,-0.0747,0,0,0.0497,0.0199,0.101
0.1998,1.0815,1.2,0.1055,0.0823,57.8299,84.0388,0,0.1368,0.1368,-0.0644,0,0,0.0497,0.0199,0.1072
0.078,1.206,1.2,0.1073,0.0932,57.7298,84.034,0,0.1259,0.1259,-0.0719,0,0,0.0563,0.0225,0.1134
0.2,0.9277,1.2,0.1107,0.0932,57.6211,84.0201,0,0.1359,0.1359,-0.0724,0,0,0.0563,0.0225,0.1166
0.2,0.9948,1.2,0.1105,0.0932,57.5132,84.0099,0,0.1288,0.1288,-0.0641,0,0,0.0563,0.0225,0.1109
0.2,1.0897,1.2,0.1034,0.0932,57.3942,84.0036,0,0.1158,0.1158,-0.0544,0,0,0.0563,0.0225,0.107
0.1997,1.0759,1.2,0.0965,0.0932,57.2844,83.9818,0,0.1226,0.1226,-0.0487,0,0,0.0563,0.0225,0.1054
0.0903,1.181,1.2,0.0893,0.0932,57.1748,83.9717,0,0.1173,0.1173,-0.0347,0,0,0.0563,0.0225,0.1097
0.127,1.1141,1.2,0.0965,0.1023,57.0809,83.9442,0,0.1299,0.1299,-0.113,0,0,0.0618,0.0247,0.1097
0.179,1.0929,1.2,0.1036,0.1023,56.9658,83.9306,0,0.1201,0.1201,-0.1065,0,0,0.0618,0.0247,0.1042
0.2,0.9743,1.2,0.1108,0.1023,56.8543,83.9163,0,0.1158,0.1158,-0.1048,0,0,0.0618,0.0247,0.098
0.106,1.1503,1.2,0.1179,0.1023,56.7415,83.8903,0,0.1064,0.1064,-0.0967,0,0,0.0618,0.0247,0.0917
0.1402,1.1156,1.2,0.125,0.1023,56.6331,83.858,0,0.1159,0.1159,-0.0908,0,0,0.0618,0.0247,0.0966
0.086,1.1506,1.2,0.1322,0.1023,56.5217,83.8434,0,0.1075,0.1075,-0.077,0,0,0.0618,0.0247,0.103
0.1191,1.1262,1.2,0.125,0.0817,56.4115,83.8282,0,0.1009,0.1009,-0.0646,0,0,0.0494,0.0197,0.1095
0.1161,1.1156,1.2,0.1179,0.0817,56.3062,83.8018,0,0.1055,0.1055,-0.0559,0,0,0.0494,0.0197,0.1157
0.1772,1.1031,1.2,0.1108,0.0817,56.1953,83.7704,0,0.1148,0.1148,-0.0452,0,0,0.0494,0.0197,0.1218
0.1899,1.0797,1.2,0.1037,0.0817,56.0937,83.7504,0,0.1161,0.1161,-0.0333,0,0,0.0494,0.0197,0.1281
0.0998,1.1498,1.2,0.0966,0.0817,55.987,83.715,0,0.1263,0.1263,-0.0258,0,0,0.0494,0.0197,0.1242
0.2,1.0293,1.2,0.0895,0.0817,55.8847,83.6881,0,0.1328,0.1328,-0.0241,0,0,0.0494,0.0197,0.1183
0.1322,1.1196,1.2,0.0823,0.0817,55.7712,83.6708,0,0.1245,0.1245,-0.0152,0,0,0.0494,0.0197,0.1122
0.2001,1.0517,1.2,0.0895,0.1005,55.6579,83.6399,0,0.1257,0.1257,-0.0771,0,0,0.0608,0.0243,0.1061
0.1258,1.1377,1.2,0.0966,0.1005,55.5424,83.6046,0,0.1239,0.1239,-0.07,0,0,0.0608,0.0243,0.0992
0.0694,1.167,1.2,0.1016,0.1005,55.4235,83.5796,0,0.1145,0.1145,-0.0629,0,0,0.0608,0.0243,0.0928
0.0219,1.2014,1.2,0.1029,0.1005,55.3063,83.5495,0,0.1074,0.1074,-0.0614,0,0,0.0608,0.0243,0.0869
0.0027,1.2051,1.2,0.0958,0.1005,55.1852,83.5216,0,0.1015,0.1015,-0.0528,0,0,0.0608,0.0243,0.0901
0.0005,1.2005,1.2,0.0913,0.0868,55.0724,83.4879,0,0.1031,0.1031,-0.0832,0,0,0.0524,0.021,0.0963
-0.0269,1.2326,1.2,0.0984,0.0868,54.9643,83.4619,0,0.0942,0.0942,-0.0725,0,0,0.0524,0.021,0.1022
0.018,1.1701,1.2,0.1055,0.0868,54.861,83.4211,0,0.1003,0.1003,-0.0719,0,0,0.0524,0.021,0.1042
0.1796,1.1039,1.2,0.1124,0.0868,54.7404,83.3801,0,0.1019,0.1019,-0.0708,0,0,0.0524,0.021,0.0985
0.1587,1.1016,1.2,0.1165,0.0868,54.6166,83.3455,0,0.0955,0.0955,-0.0646,0,0,0.0524,0.021,0.0946
-0.0413,1.2659,1.2,0.1093,0.0868,54.5084,83.3206,0,0.0839,0.0839,-0.0472,0,0,0.0524,0.021,0.0994
-0.1597,1.2759,1.2,0.1022,0.0817,54.3955,83.2746,0,0.0899,0.0899,-0.0553,0,0,0.0493,0.0197,0.1044
0.0402,1.1002,1.2,0.0951,0.0817,54.2707,83.2345,0,0.0924,0.0924,-0.051,0,0,0.0493,0.0197,0.1106
0.0035,1.2112,1.2,0.088,0.0817,54.1559,83.1969,0,0.0906,0.0906,-0.0347,0,0,0.0493,0.0197,0.1157
-0.1277,1.3012,1.2,0.0808,0.0817,54.0416,83.1565,0,0.0897,0.0897,-0.0259,0,0,0.0493,0.0197,0.1126
-0.0404,1.2,1.2,0.0737,0.0817,53.9367,83.1064,0,0.1,0.1,-0.0307,0,0,0.0493,0.0197,0.1067
-0.0199,1.2049,1.2,0.0665,0.0817,53.8173,83.0681,0,0.0965,0.0965,-0.0255,0,0,0.0493,0.0197,0.1003
0.0364,1.1529,1.2,0.0737,0.0924,53.697,83.0318,0,0.0856,0.0856,-0.0794,0,0,0.0558,0.0223,0.0938
-0.0281,1.2442,1.2,0.0808,0.0924,53.5944,82.9893,0,0.0808,0.0808,-0.0747,0,0,0.0558,0.0223,0.0868
-0.0493,1.2456,1.2,0.0879,0.0924,53.4917,82.9367,0,0.0892,0.0892,-0.0715,0,0,0.0558,0.0223,0.0801
0.0869,1.1037,1.2,0.0951,0.0924,53.3785,82.8841,0,0.0983,0.0983,-0.0716,0,0,0.0558,0.0223,0.0737
0.0769,1.1484,1.2,0.1022,0.0924,53.2567,82.8419,0,0.0884,0.0884,-0.0646,0,0,0.0558,0.0223,0.0751
-0.0202,1.2405,1.2,0.1004,0.0819,53.1384,82.802,0,0.0759,0.0759,-0.1062,0,0,0.0495,0.0198,0.0809
-0.1557,1.2787,1.2,0.1076,0.0819,53.0234,82.765,0,0.0617,0.0617,-0.0918,0,0,0.0495,0.0198,0.0878
-0.0792,1.2382,1.2,0.1147,0.0819,52.9179,82.7139,0,0.0643,0.0643,-0.0859,0,0,0.0495,0.0198,0.095
-0.0223,1.1973,1.2,0.1219,0.0819,52.7997,82.6506,0,0.0728,0.0728,-0.0782,0,0,0.0495,0.0198,0.1014
0.0246,1.1644,1.2,0.129,0.0819,52.6821,82.6026,0,0.0694,0.0694,-0.0678,0,0,0.0495,0.0198,0.1025
-0.1473,1.3338,1.2,0.129,0.0737,52.5599,82.5708,0,0.0423,0.0423,-0.0838,0,0,0.0445,0.0178,0.1064
-0.1003,1.2621,1.2,0.1361,0.0737,52.4565,82.5205,0,0.0424,0.0424,-0.0797,0,0,0.0445,0.0178,0.1126
-0.0759,1.2474,1.2,0.1433,0.0737,52.3581,82.4662,0,0.0493,0.0493,-0.0684,0,0,0.0445,0.0178,0.1187
0.048,1.141,1.2,0.1479,0.0737,52.246,82.4124,0,0.0526,0.0526,-0.0587,0,0,0.0445,0.0178,0.1248
0.1379,1.1206,1.2,0.1408,0.0737,52.143,82.3527,0,0.0594,0.0594,-0.0518,0,0,0.0445,0.0178,0.1272
-0.0042,1.2366,1.2,0.1337,0.0737,52.0324,82.2941,0,0.0604,0.0604,-0.0361,0,0,0.0445,0.0178,0.1313
0.0108,1.1856,1.2,0.1266,0.0737,51.9261,82.2431,0,0.0627,0.0627,-0.0227,0,0,0.0445,0.0178,0.1378
-0.0364,1.245,1.2,0.1202,0.0746,51.8201,82.1848,0,0.065,0.065,-0.0383,0,0,0.045,0.018,0.1438
0.0132,1.172,1.2,0.1131,0.0746,51.7162,82.1175,0,0.0744,0.0744,-0.036,0,0,0.045,0.018,0.1426
0.0023,1.2038,1.2,0.106,0.0746,51.6048,82.0629,0,0.0696,0.0696,-0.0259,0,0,0.045,0.018,0.1361
-0.0267,1.2313,1.2,0.0988,0.0746,51.5047,82.0085,0,0.0691,0.0691,-0.0188,0,0,0.045,0.018,0.1305
-0.0405,1.231,1.2,0.0917,0.0746,51.4055,81.9472,0,0.0723,0.0723,-0.0178,0,0,0.045,0.018,0.124
0.0631,1.1311,1.2,0.0846,0.0746,51.2977,81.8917,0,0.0709,0.0709,-0.0134,0,0,0.045,0.018,0.1193
0.0616,1.1579,1.2,0.0917,0.0763,51.1989,81.8253,0,0.0743,0.0743,-0.0589,0,0,0.0461,0.0184,0.1129
0.0179,1.2032,1.2,0.0989,0.0763,51.096,81.7662,0,0.0701,0.0701,-0.0507,0,0,0.0461,0.0184,0.1071
0.0297,1.1823,1.2,0.0996,0.0763,51.0102,81.7078,0,0.0719,0.0719,-0.0528,0,0,0.0461,0.0184,0.0991
0.0307,1.1781,1.2,0.0979,0.0763,50.9182,81.6485,0,0.0755,0.0755,-0.0461,0,0,0.0461,0.0184,0.0922
0.1998,1.0297,1.2,0.0908,0.0763,50.8206,81.5849,0,0.0817,0.0817,-0.0431,0,0,0.0461,0.0184,0.0934
0.2,1.0896,1.2,0.0836,0.0763,50.7115,81.5154,0,0.0798,0.0798,-0.0377,0,0,0.0461,0.0184,0.098
0.1103,1.1583,1.2,0.0765,0.0683,50.6078,81.4673,0,0.068,0.068,-0.0169,0,0,0.0412,0.0165,0.1026
-0.0618,1.2828,1.2,0.0694,0.0683,50.5124,81.404,0,0.0697,0.0697,-0.0106,0,0,0.0412,0.0165,0.1015
0.0606,1.1298,1.2,0.0622,0.0683,50.4103,81.3518,0,0.0633,0.0633,-0.0081,0,0,0.0412,0.0165,0.0972
0.107,1.1358,1.2,0.0551,0.0683,50.3123,81.2946,0,0.0574,0.0574,-0.0098,0,0,0.0412,0.0165,0.0884
0.1067,1.1356,1.2,0.0479,0.0683,50.2171,81.2295,0,0.062,0.062,-0.0073,0,0,0.0412,0.0165,0.0826
0.1037,1.1256,1.2,0.0408,0.0683,50.1156,81.1781,0,0.0532,0.0532,-0.0026,0,0,0.0412,0.0165,0.0766
0.0844,1.1447,1.2,0.0479,0.0884,50.0153,81.1257,0,0.0416,0.0416,-0.0442,0,0,0.0534,0.0213,0.0685
0.0927,1.1256,1.2,0.055,0.0884,49.9287,81.0581,0,0.0448,0.0448,-0.0499,0,0,0.0534,0.0213,0.0559
0.1182,1.1207,1.2,0.0622,0.0884,49.8459,80.9959,0,0.0482,0.0482,-0.0497,0,0,0.0534,0.0213,0.0485
0.1819,1.0888,1.2,0.0693,0.0884,49.7478,80.9279,0,0.0477,0.0477,-0.0504,0,0,0.0534,0.0213,0.0417
0.2,1.0283,1.2,0.0765,0.0884,49.6517,80.8664,0,0.0479,0.0479,-0.0414,0,0,0.0534,0.0213,0.0472
0.0686,1.1839,1.2,0.0835,0.0884,49.5551,80.8077,0,0.0398,0.0398,-0.0325,0,0,0.0534,0.0213,0.0524
0.1209,1.1324,1.2,0.0856,0.0824,49.4565,80.7515,0,0.0319,0.0319,-0.0341,0,0,0.0498,0.0199,0.0633
0.1244,1.1203,1.2,0.0928,0.0824,49.3566,80.6925,0,0.025,0.025,-0.0255,0,0,0.0498,0.0199,0.0736
0.1997,1.1244,1.2,0.0856,0.0824,49.2711,80.6215,0,0.033,0.033,-0.0225,0,0,0.0498,0.0199,0.0803
0.1949,1.1493,1.2,0.0785,0.0824,49.1765,80.5594,0,0.0323,0.0323,-0.0119,0,0,0.0498,0.0199,0.0867
0.1999,1.1027,1.2,0.0713,0.0824,49.0813,80.5048,0,0.024,0.024,-0.0069,0,0,0.0498,0.0199,0.0885
0.2,1.1221,1.2,0.0642,0.0824,48.9928,80.4533,0,0.0169,0.0169,0.0006,0,0,0.0498,0.0199,0.0944
0.1998,1.0864,1.2,0.0571,0.0824,48.9051,80.3989,0,0.0113,0.0113,0.0024,0,0,0.0498,0.0199,0.0876
0.2,1.0146,1.2,0.0643,0.0949,48.8231,80.3368,0,0.0109,0.0109,-0.08,0,0,0.0574,0.0229,0.0815
0.2,1.0222,1.2,0.0714,0.0949,48.7393,80.2814,0,0.0014,0.0014,-0.0745,0,0,0.0574,0.0229,0.0745
0.2,1.0201,1.2,0.0785,0.0949,48.6569,80.2204,0,-0.004,-0.004,-0.072,0,0,0.0574,0.0229,0.068
0.2,0.9959,1.2,0.0856,0.0949,48.5685,80.1618,0,-0.015,-0.015,-0.0719,0,0,0.0574,0.0229,0.0571
0.2,1.0169,1.2,0.0928,0.0949,48.4887,80.0978,0,-0.016,-0.016,-0.0636,0,0,0.0574,0.0229,0.0687
0.2,1.0507,1.2,0.0999,0.0949,48.4028,80.0324,0,-0.02,-0.02,-0.0556,0,0,0.0574,0.0229,0.0755
0.2001,1.0157,1.2,0.107,0.0949,48.316,79.9696,0,-0.0249,-0.0249,-0.0498,0,0,0.0574,0.0229,0.0821
0.2009,1.0712,1.2,0.0999,0.0716,48.226,79.8975,0,-0.0278,-0.0278,-0.0559,0,0,0.0432,0.0173,0.0892
0.1999,1.0624,1.2,0.107,0.0716,48.1455,79.8342,0,-0.0296,-0.0296,-0.0479,0,0,0.0432,0.0173,0.0955
0.1076,1.1452,1.2,0.1142,0.0716,48.0607,79.7703,0,-0.0358,-0.0358,-0.0371,0,0,0.0432,0.0173,0.1021
0.2,1.0166,1.2,0.1213,0.0716,47.9794,79.7002,0,-0.0331,-0.0331,-0.0374,0,0,0.0432,0.0173,0.1069
0.2,1.0532,1.2,0.1285,0.0716,47.8954,79.6381,0,-0.039,-0.039,-0.0295,0,0,0.0432,0.0173,0.1023
0.2002,1.0648,1.2,0.1356,0.0716,47.8182,79.5686,0,-0.0339,-0.0339,-0.0199,0,0,0.0432,0.0173,0.1087
0.1999,1.0364,1.2,0.1427,0.0787,47.7358,79.4988,0,-0.0323,-0.0323,-0.0764,0,0,0.0475,0.019,0.1149
0.2001,1.0323,1.2,0.1499,0.0787,47.6561,79.4304,0,-0.036,-0.036,-0.0669,0,0,0.0475,0.019,0.1207
0.2008,1.0725,1.2,0.157,0.0787,47.5762,79.3552,0,-0.0359,-0.0359,-0.0549,0,0,0.0475,0.019,0.1268
0.2,1.0435,1.2,0.1642,0.0787,47.4982,79.2788,0,-0.0315,-0.0315,-0.0452,0,0,0.0475,0.019,0.1331
0.1615,1.0908,1.2,0.1713,0.0787,47.4192,79.2069,0,-0.0325,-0.0325,-0.0322,0,0,0.0475,0.019,0.1398
0.1701,1.0873,1.2,0.1681,0.0787,47.342,79.133,0,-0.0287,-0.0287,-0.0194,0,0,0.0475,0.019,0.1459
0.1998,1.061,1.2,0.161,0.0787,47.2636,79.0553,0,-0.0228,-0.0228,-0.0072,0,0,0.0475,0.019,0.1523
0.1995,1.0636,1.2,0.1538,0.0606,47.1905,78.9752,0,-0.0133,-0.0133,-0.0177,0,0,0.0365,0.0146,0.159
0.1533,1.0986,1.2,0.1467,0.0606,47.1175,78.899,0,-0.0075,-0.0075,-0.0014,0,0,0.0365,0.0146,0.1709
0.1987,1.0826,1.2,0.1396,0.0606,47.0469,78.8148,0,0.0048,0.0048,0.0076,0,0,0.0365,0.0146,0.1677
0.2,1.05,1.2,0.1324,0.0606,46.9804,78.7261,0,0.0213,0.0213,0.0116,0,0,0.0365,0.0146,0.1563
0.1555,1.0967,1.2,0.1253,0.0606,46.914,78.644,0,0.0347,0.0347,0.0217,0,0,0.0365,0.0146,0.1496
0.1325,1.1081,1.2,0.1182,0.0606,46.8452,78.5624,0,0.0455,0.0455,0.0293,0,0,0.0365,0.0146,0.143
0.2,1.053,1.2,0.111,0.0604,46.7763,78.4787,0,0.0554,0.0554,0.0068,0,0,0.0364,0.0146,0.1365
0.2003,1.0636,1.2,0.1039,0.0604,46.7081,78.3925,0,0.0658,0.0658,0.0131,0,0,0.0364,0.0146,0.1305
0.1738,1.079,1.2,0.0967,0.0604,46.6418,78.3071,0,0.0768,0.0768,0.0186,0,0,0.0364,0.0146,0.1246
0.1509,1.0936,1.2,0.0896,0.0604,46.5735,78.2182,0,0.088,0.088,0.0224,0,0,0.0364,0.0146,0.1186
0.1999,1.0758,1.2,0.0825,0.0604,46.5035,78.1275,0,0.0986,0.0986,0.0253,0,0,0.0364,0.0146,0.1127
0.1372,1.1146,1.2,0.0754,0.0604,46.4354,78.0394,0,0.1098,0.1098,0.03,0,0,0.0364,0.0146,0.1064
0.0969,1.1391,1.2,0.0682,0.0588,46.3623,77.9566,0,0.1126,0.1126,0.0143,0,0,0.0354,0.0142,0.0999
0.1589,1.1065,1.2,0.0611,0.0588,46.2916,77.8686,0,0.1187,0.1187,0.0161,0,0,0.0354,0.0142,0.0932
0.1462,1.0956,1.2,0.0539,0.0588,46.2248,77.7861,0,0.1235,0.1235,0.0174,0,0,0.0354,0.0142,0.0865
0.1175,1.1208,1.2,0.0468,0.0588,46.1518,77.7035,0,0.1248,0.1248,0.0211,0,0,0.0354,0.0142,0.0795
0.2,1.0533,1.2,0.0397,0.0588,46.0807,77.6205,0,0.1256,0.1256,0.0204,0,0,0.0354,0.0142,0.0732
0.1674,1.0935,1.2,0.0325,0.0588,46.0101,77.5445,0,0.1238,0.1238,0.0228,0,0,0.0354,0.0142,0.0665
0.1835,1.0833,1.2,0.0254,0.0588,45.9425,77.4562,0,0.1315,0.1315,0.0229,0,0,0.0354,0.0142,0.0549
0.1999,1.0281,1.2,0.0182,0.0588,45.8821,77.3666,0,0.143,0.143,-0.0113,0,0,0.0355,0.0142,0.0481
0.1601,1.1038,1.2,0.0111,0.0588,45.8144,77.2798,0,0.145,0.145,-0.0104,0,0,0.0355,0.0142,0.0411
0.1959,1.0728,1.2,0.004,0.0588,45.7463,77.1885,0,0.1501,0.1501,-0.011,0,0,0.0355,0.0142,0.0343
0.1739,1.0915,1.2,-0.0032,0.0588,45.6764,77.0993,0,0.1519,0.1519,-0.0114,0,0,0.0355,0.0142,0.0277
0.1233,1.1301,1.2,-0.0103,0.0588,45.5993,77.0129,0,0.1462,0.1462,-0.0116,0,0,0.0355,0.0142,0.0214
0.1085,1.1241,1.2,-0.0174,0.0588,45.5207,76.9291,0,0.1377,0.1377,-0.0128,0,0,0.0355,0.0142,0.0152
0.0819,1.1481,1.2,-0.0246,0.0517,45.4525,76.8427,0,0.1372,0.1372,-0.0262,0,0,0.0312,0.0125,0.0091
0.0804,1.1387,1.2,-0.02,0.0517,45.3768,76.756,0,0.1305,0.1305,-0.0292,0,0,0.0312,0.0125,0.0028
0.1588,1.0912,1.2,-0.0128,0.0517,45.3064,76.674,0,0.1254,0.1254,-0.0326,0,0,0.0312,0.0125,-0.0038
0.1035,1.1414,1.2,-0.0058,0.0517,45.2396,76.5894,0,0.1223,0.1223,-0.0378,0,0,0.0312,0.0125,-0.0105
0.1898,1.0713,1.2,0.0013,0.0517,45.1635,76.5099,0,0.1115,0.1115,-0.0418,0,0,0.0312,0.0125,-0.0176
0.1836,1.0684,1.2,0.0085,0.0517,45.083,76.4313,0,0.0962,0.0962,-0.0427,0,0,0.0312,0.0125,-0.0147
0.1539,1.0926,1.2,0.0156,0.0547,45.0089,76.3475,0,0.0885,0.0885,-0.0826,0,0,0.033,0.0132,-0.0085
0.1243,1.1157,1.2,0.0227,0.0547,44.9401,76.2677,0,0.079,0.079,-0.081,0,0,0.033,0.0132,-0.0018
0.1269,1.1094,1.2,0.0298,0.0547,44.8706,76.1903,0,0.0691,0.0691,-0.0787,0,0,0.033,0.0132,0.0047
0.2,1.0446,1.2,0.037,0.0547,44.8044,76.1143,0,0.0634,0.0634,-0.0764,0,0,0.033,0.0132,0.0108
0.2001,1.032,1.2,0.0441,0.0547,44.7348,76.0323,0,0.057,0.057,-0.0728,0,0,0.033,0.0132,0.0171
0.2,0.9987,1.2,0.0512,0.0547,44.6627,75.9511,0,0.0492,0.0492,-0.0687,0,0,0.033,0.0132,0.0232
0.187,1.0666,1.2,0.0583,0.0547,44.5881,75.8646,0,0.0391,0.0391,-0.0637,0,0,0.033,0.0132,0.0293
0.1747,1.0762,1.2,0.0543,0.0415,44.5191,75.7762,0,0.0352,0.0352,-0.0887,0,0,0.025,0.01,0.036
0.125,1.133,1.2,0.0614,0.0415,44.4475,75.6926,0,0.0228,0.0228,-0.0826,0,0,0.025,0.01,0.043
0.124,1.1123,1.2,0.0685,0.0415,44.3786,75.6022,0,0.0201,0.0201,-0.0771,0,0,0.025,0.01,0.0498
0.2005,1.0908,1.2,0.0757,0.0415,44.313,75.5167,0,0.0169,0.0169,-0.0723,0,0,0.025,0.01,0.0563
0.1394,1.1277,1.2,0.0828,0.0415,44.2488,75.4399,0,0.0078,0.0078,-0.0684,0,0,0.025,0.01,0.0539
0.1999,1.0699,1.2,0.09,0.0415,44.1792,75.3537,0,0.0036,0.0036,-0.0624,0,0,0.025,0.01,0.0629
0.2,0.9923,1.2,0.0971,0.0415,44.1134,75.2594,0,0.0074,0.0074,-0.0574,0,0,0.025,0.01,0.0689
0.173,1.0985,1.2,0.0927,0.0279,44.0492,75.1707,0,0.0002,0.0002,-0.0773,0,0,0.0168,0.0067,0.0752
0.1039,1.1415,1.2,0.0998,0.0279,43.9833,75.0804,0,-0.0046,-0.0046,-0.0687,0,0,0.0168,0.0067,0.0801
0.1986,1.0872,1.2,0.1069,0.0279,43.9202,74.995,0,-0.0065,-0.0065,-0.062,0,0,0.0168,0.0067,0.0893
0.1418,1.1098,1.2,0.1141,0.0279,43.8541,74.9072,0,-0.0117,-0.0117,-0.0533,0,0,0.0168,0.0067,0.0961
0.2001,1.0538,1.2,0.1212,0.0279,43.7917,74.8115,0,-0.0079,-0.0079,-0.0485,0,0,0.0168,0.0067,0.0959
0.169,1.09,1.2,0.1284,0.0279,43.7266,74.7168,0,-0.0091,-0.0091,-0.0408,0,0,0.0168,0.0067,0.0974
0.1072,1.1363,1.2,0.1252,0.0158,43.6699,74.6258,0,-0.0073,-0.0073,-0.0525,0,0,0.0095,0.0038,0.1029
0.089,1.1407,1.2,0.124,0.0158,43.6153,74.5293,0,0.0008,0.0008,-0.0426,0,0,0.0095,0.0038,0.1115
0.1889,1.0664,1.2,0.1169,0.0158,43.5581,74.4405,0,0.0036,0.0036,-0.0373,0,0,0.0095,0.0038,0.1158
0.1442,1.1035,1.2,0.1097,0.0158,43.4964,74.3474,0,0.0035,0.0035,-0.0261,0,0,0.0095,0.0038,0.1214
0.2,1.0493,1.2,0.1026,0.0158,43.4369,74.2521,0,0.0071,0.0071,-0.0199,0,0,0.0095,0.0038,0.1244
0.1488,1.1096,1.2,0.0954,0.0158,43.3786,74.1577,0,0.0093,0.0093,-0.0114,0,0,0.0095,0.0038,0.1227
0.1228,1.1162,1.2,0.0883,0.0043,43.3289,74.0653,0,0.0181,0.0181,-0.0096,0,0,0.0026,0.001,0.121
0.1557,1.102,1.2,0.0812,0.0043,43.2715,73.9748,0,0.0175,0.0175,-0.0084,0,0,0.0026,0.001,0.1128
0.2,1.0443,1.2,0.074,0.0043,43.2125,73.8828,0,0.0172,0.0172,-0.0066,0,0,0.0026,0.001,0.1064
0.1908,1.063,1.2,0.0669,0.0043,43.1574,73.7964,0,0.017,0.017,-0.0023,0,0,0.0026,0.001,0.0998
0.1633,1.0846,1.2,0.0598,0.0043,43.1002,73.7026,0,0.0181,0.0181,0.0006,0,0,0.0026,0.001,0.0936
0.2,1.017,1.2,0.0526,0.0043,43.0445,73.6067,0,0.0215,0.0215,0.001,0,0,0.0026,0.001,0.088
0.1628,1.0896,1.2,0.0455,0.0004,42.9938,73.5143,0,0.0284,0.0284,-0.0069,0,0,0.0003,0.0001,0.0822
0.1406,1.1016,1.2,0.0384,0.0004,42.944,73.4237,0,0.0318,0.0318,-0.0066,0,0,0.0003,0.0001,0.0737
0.2,1.0463,1.2,0.0313,0.0004,42.8955,73.3355,0,0.036,0.036,-0.006,0,0,0.0003,0.0001,0.067
0.2,1.0265,1.2,0.0241,0.0004,42.843,73.2406,0,0.0388,0.0388,-0.008,0,0,0.0003,0.0001,0.0548
0.2,0.9991,1.2,0.017,0.0004,42.7921,73.1498,0,0.0413,0.0413,-0.008,0,0,0.0003,0.0001,0.0499
0.2004,1.0757,1.2,0.0099,0.0004,42.7397,73.0695,0,0.0372,0.0372,-0.0064,0,0,0.0003,0.0001,0.0424
0.2,1.0325,1.2,0.0027,0.0004,42.6846,72.9762,0,0.037,0.037,-0.0076,0,0,0.0003,0.0001,0.0353
0.2,0.9506,1.2,-0.0037,0.0004,42.6287,72.889,0,0.0326,0.0326,-0.0104,0,0,0.0003,0.0001,0.0286
0.1993,1.0747,1.2,-0.0108,-0.0077,42.5763,72.8001,0,0.0325,0.0325,0.0007,0,0,-0.0046,-0.0019,0.0222
0.1999,1.0266,1.2,-0.018,-0.0077,42.5179,72.7193,0,0.0243,0.0243,0.0001,0,0,-0.0046,-0.0019,0.0163
0.2,1.0225,1.2,-0.0196,-0.0077,42.4682,72.6292,0,0.0268,0.0268,-0.0036,0,0,-0.0046,-0.0019,0.0097
0.2,0.9885,1.2,-0.017,-0.0077,42.4066,72.5369,0,0.0212,0.0212,-0.0049,0,0,-0.0046,-0.0019,0.0051
0.2,1.0198,1.2,-0.0099,-0.0077,42.3407,72.4473,0,0.0096,0.0096,-0.0081,0,0,-0.0046,-0.0019,-0.0012
0.196,1.1004,1.2,-0.0027,-0.0077,42.2801,72.359,0,0.0013,0.0013,-0.0119,0,0,-0.0046,-0.0019,-0.0082
0.1479,1.1032,1.2,0.0044,-0.0047,42.234,72.2716,0,0.0031,0.0031,-0.0438,0,0,-0.0028,-0.0011,-0.0145
0.2002,1.0623,1.2,0.0116,-0.0047,42.1806,72.1868,0,-0.0021,-0.0021,-0.0454,0,0,-0.0028,-0.0011,-0.0126
0.2,0.9789,1.2,0.0187,-0.0047,42.1321,72.0969,0,0.0017,0.0017,-0.0443,0,0,-0.0028,-0.0011,-0.0075
0.2,0.9942,1.2,0.0258,-0.0047,42.0761,72.0085,0,-0.0039,-0.0039,-0.0429,0,0,-0.0028,-0.0011,-0.0001
0.2,1.0119,1.2,0.033,-0.0047,42.0165,71.9212,0,-0.0128,-0.0128,-0.0408,0,0,-0.0028,-0.0011,0.0066
0.2,1.0377,1.2,0.0401,-0.0047,41.9647,71.8362,0,-0.0157,-0.0157,-0.0378,0,0,-0.0028,-0.0011,0.0128
0.2001,1.0487,1.2,0.0472,-0.0047,41.918,71.7494,0,-0.012,-0.012,-0.0329,0,0,-0.0028,-0.0011,0.0192
0.2,0.986,1.2,0.041,-0.0204,41.8658,71.6545,0,-0.0083,-0.0083,-0.0339,0,0,-0.0123,-0.0049,0.0263
0.2,0.979,1.2,0.0466,-0.0204,41.8086,71.5623,0,-0.012,-0.012,-0.0308,0,0,-0.0123,-0.0049,0.0286
0.2002,1.0743,1.2,0.0537,-0.0204,41.7531,71.4718,0,-0.0154,-0.0154,-0.0234,0,0,-0.0123,-0.0049,0.0397
0.1997,1.0761,1.2,0.06,-0.0204,41.7007,71.3802,0,-0.0151,-0.0151,-0.0194,0,0,-0.0123,-0.0049,0.0459
0.1999,1.0524,1.2,0.058,-0.0204,41.6448,71.2883,0,-0.0175,-0.0175,-0.0177,0,0,-0.0123,-0.0049,0.0409
0.1996,1.0663,1.2,0.0509,-0.0204,41.5968,71.1892,0,-0.009,-0.009,-0.0123,0,0,-0.0123,-0.0049,0.0463
0.2,1.0663,1.2,0.0437,-0.0254,41.5569,71.0933,0,0.005,0.005,-0.0007,0,0,-0.0153,-0.0061,0.052
0.1584,1.0938,1.2,0.0366,-0.0254,41.5091,70.9994,0,0.0124,0.0124,0.0067,0,0,-0.0153,-0.0061,0.0625
0.2,1.0319,1.2,0.0295,-0.0254,41.4577,70.9137,0,0.0096,0.0096,0.005,0,0,-0.0153,-0.0061,0.0602
0.1999,1.0455,1.2,0.0223,-0.0254,41.409,70.8253,0,0.0121,0.0121,0.0062,0,0,-0.0153,-0.0061,0.0488
0.2,0.9914,1.2,0.0153,-0.0254,41.3595,70.7308,0,0.0159,0.0159,0.0053,0,0,-0.0153,-0.0061,0.0418
0.2,1.0012,1.2,0.0081,-0.0254,41.3076,70.6375,0,0.0172,0.0172,0.0056,0,0,-0.0153,-0.0061,0.0364
0.1995,1.0587,1.2,0.001,-0.0254,41.2643,70.5465,0,0.0248,0.0248,0.0059,0,0,-0.0153,-0.0061,0.0292
0.2,1.0582,1.2,-0.0056,-0.0249,41.2149,70.4618,0,0.0254,0.0254,0.0731,0,0,-0.015,-0.006,0.0231
0.2,0.9998,1.2,-0.0127,-0.0249,41.156,70.3737,0,0.0223,0.0223,0.0713,0,0,-0.015,-0.006,0.0171
0.2,0.9718,1.2,-0.0198,-0.0249,41.0988,70.2823,0,0.0232,0.0232,0.069,0,0,-0.015,-0.006,0.0114
0.2,1.0514,1.2,-0.0269,-0.0249,41.0438,70.1867,0,0.0313,0.0313,0.0659,0,0,-0.015,-0.006,0.0051
0.1848,1.0686,1.2,-0.0341,-0.0249,40.9882,70.0865,0,0.0396,0.0396,0.0632,0,0,-0.015,-0.006,-0.0011
0.1532,1.0935,1.2,-0.0412,-0.0249,40.9354,69.9877,0,0.0488,0.0488,0.0591,0,0,-0.015,-0.006,-0.0063
0.1032,1.1365,1.2,-0.0341,0.0089,40.8773,69.8941,0,0.0499,0.0499,0.0127,0,0,0.0054,0.0021,-0.0151
0.1551,1.1095,1.2,-0.0412,0.0089,40.8175,69.8018,0,0.0437,0.0437,0.0075,0,0,0.0054,0.0021,-0.0219
0.2005,1.0933,1.2,-0.0484,0.0089,40.7565,69.7121,0,0.0353,0.0353,0.0025,0,0,0.0054,0.0021,-0.0279
0.1809,1.0918,1.2,-0.0487,0.0089,40.7062,69.6157,0,0.0397,0.0397,-0.0025,0,0,0.0054,0.0021,-0.0346
0.1858,1.0759,1.2,-0.0484,0.0089,40.6554,69.5126,0,0.0474,0.0474,-0.0051,0,0,0.0054,0.0021,-0.0299
0.1725,1.0781,1.2,-0.0413,0.0089,40.5976,69.4218,0,0.0417,0.0417,-0.0112,0,0,0.0054,0.0021,-0.0344
0.107,1.1382,1.2,-0.0341,0.0089,40.5346,69.3244,0,0.0326,0.0326,-0.0227,0,0,0.0054,0.0021,-0.0468
0.1999,1.0672,1.2,-0.0413,-0.0115,40.4708,69.2259,0,0.0298,0.0298,0.002,0,0,-0.0069,-0.0028,-0.0483
0.1824,1.152,1.2,-0.0484,-0.0115,40.4118,69.1322,0,0.0289,0.0289,-0.002,0,0,-0.0069,-0.0028,-0.048
0.094,1.1642,1.2,-0.0486,-0.0115,40.3486,69.0224,0,0.0319,0.0319,-0.0052,0,0,-0.0069,-0.0028,-0.0383
0.194,1.0978,1.2,-0.0558,-0.0115,40.2848,68.9255,0,0.0303,0.0303,-0.0034,0,0,-0.0069,-0.0028,-0.0307
-0.0034,1.2559,1.2,-0.0486,-0.0115,40.2144,68.8323,0,0.0179,0.0179,-0.0104,0,0,-0.0069,-0.0028,-0.0356
0.0455,1.1496,1.2,-0.0415,-0.0115,40.1493,68.7448,0,0.0076,0.0076,-0.016,0,0,-0.0069,-0.0028,-0.0444
0.0507,1.1602,1.2,-0.0344,0.0024,40.0783,68.6585,0,-0.0083,-0.0083,-0.0159,0,0,0.0014,0.0006,-0.0483
0.1808,1.0826,1.2,-0.0272,0.0024,40.0132,68.5694,0,-0.0163,-0.0163,-0.0204,0,0,0.0014,0.0006,-0.0549
0.1349,1.111,1.2,-0.0201,0.0024,39.9558,68.4688,0,-0.0119,-0.0119,-0.0231,0,0,0.0014,0.0006,-0.0488
0.1595,1.0955,1.2,-0.013,0.0024,39.884,68.3828,0,-0.0263,-0.0263,-0.0227,0,0,0.0014,0.0006,-0.0367
0.0941,1.1473,1.2,-0.0058,0.0024,39.8185,68.2907,0,-0.0325,-0.0325,-0.023,0,0,0.0014,0.0006,-0.0294
0.1388,1.113,1.2,0.0013,0.0024,39.7483,68.1972,0,-0.0416,-0.0416,-0.0242,0,0,0.0014,0.0006,-0.0234
0.1166,1.1208,1.2,0.0085,0.0056,39.6886,68.1005,0,-0.0408,-0.0408,-0.0383,0,0,0.0034,0.0014,-0.0161
0.0712,1.1605,1.2,0.0156,0.0056,39.6241,68.0029,0,-0.0445,-0.0445,-0.0377,0,0,0.0034,0.0014,-0.009
0.133,1.1265,1.2,0.0227,0.0056,39.5545,67.9112,0,-0.0537,-0.0537,-0.0361,0,0,0.0034,0.0014,-0.0042
0.0751,1.1597,1.2,0.0299,0.0056,39.4881,67.8197,0,-0.0606,-0.0606,-0.0326,0,0,0.0034,0.0014,0.0022
0.0804,1.1417,1.2,0.037,0.0056,39.4206,67.7302,0,-0.0694,-0.0694,-0.0301,0,0,0.0034,0.0014,0.0107
0.1499,1.1201,1.2,0.0442,0.0056,39.3614,67.6314,0,-0.065,-0.065,-0.0264,0,0,0.0034,0.0014,0.0152
0.1993,1.1116,1.2,0.0455,-0.0012,39.3018,67.5405,0,-0.0636,-0.0636,0.0106,0,0,-0.0007,-0.0003,0.0227
0.1798,1.1424,1.2,0.0525,-0.0012,39.2373,67.456,0,-0.0691,-0.0691,0.0132,0,0,-0.0007,-0.0003,0.029
0.1943,1.0781,1.2,0.048,-0.0012,39.1727,67.3614,0,-0.0671,-0.0671,0.0196,0,0,-0.0007,-0.0003,0.0357
0.1999,1.0537,1.2,0.0409,-0.0012,39.1127,67.2655,0,-0.0617,-0.0617,0.0242,0,0,-0.0007,-0.0003,0.0427
0.1196,1.1352,1.2,0.0338,-0.0012,39.0531,67.1632,0,-0.0503,-0.0503,0.0303,0,0,-0.0007,-0.0003,0.0441
0.109,1.1229,1.2,0.0267,-0.0012,38.9868,67.0609,0,-0.0463,-0.0463,0.035,0,0,-0.0007,-0.0003,0.0503
0.0595,1.1756,1.2,0.0338,0.0172,38.9259,66.9551,0,-0.0375,-0.0375,0.0077,0,0,0.0103,0.0041,0.0465
0.0116,1.2082,1.2,0.0409,0.0172,38.8557,66.8557,0,-0.0431,-0.0431,0.008,0,0,0.0103,0.0041,0.0396
-0.0146,1.2114,1.2,0.048,0.0172,38.7875,66.7554,0,-0.048,-0.048,0.0058,0,0,0.0103,0.0041,0.0327
-0.0154,1.2062,1.2,0.0551,0.0172,38.7388,66.6582,0,-0.036,-0.036,0.007,0,0,0.0103,0.0041,0.0265
-0.0078,1.2024,1.2,0.048,0.0172,38.6864,66.5534,0,-0.0223,-0.0223,0.0115,0,0,0.0103,0.0041,0.0324
0.1358,1.0797,1.2,0.0408,0.0172,38.6277,66.4543,0,-0.0182,-0.0182,0.0143,0,0,0.0103,0.0041,0.0386
0.0758,1.1633,1.2,0.0337,0.0012,38.5655,66.3616,0,-0.0183,-0.0183,0.0173,0,0,0.0007,0.0003,0.0454
0.08,1.1423,1.2,0.0266,0.0012,38.5126,66.257,0,-0.0051,-0.0051,0.0226,0,0,0.0007,0.0003,0.0498
0.1671,1.1063,1.2,0.0194,0.0012,38.4568,66.152,0,0.0042,0.0042,0.0243,0,0,0.0007,0.0003,0.0473
0.0801,1.1637,1.2,0.0123,0.0012,38.4009,66.0443,0,0.0155,0.0155,0.0257,0,0,0.0007,0.0003,0.0406
0.0448,1.1799,1.2,0.0052,0.0012,38.3425,65.9386,0,0.0223,0.0223,0.0248,0,0,0.0007,0.0003,0.0338
0.0118,1.204,1.2,-0.002,0.0012,38.2874,65.8364,0,0.0287,0.0287,0.0218,0,0,0.0007,0.0003,0.0272
0.0066,1.1984,1.2,-0.0091,-0.0015,38.2332,65.7387,0,0.0347,0.0347,0.0253,0,0,-0.0009,-0.0004,0.0209
0.067,1.1498,1.2,-0.0162,-0.0015,38.171,65.6366,0,0.0354,0.0354,0.0229,0,0,-0.0009,-0.0004,0.0147
0.1751,1.1081,1.2,-0.0234,-0.0015,38.1162,65.5408,0,0.0386,0.0386,0.0198,0,0,-0.0009,-0.0004,0.0088
0.0601,1.1862,1.2,-0.0305,-0.0015,38.0529,65.4409,0,0.0379,0.0379,0.0167,0,0,-0.0009,-0.0004,0.0024
0.1783,1.0937,1.2,-0.0377,-0.0015,37.9974,65.3423,0,0.0412,0.0412,0.0125,0,0,-0.0009,-0.0004,-0.0042
0.0893,1.1725,1.2,-0.0448,-0.0015,37.9366,65.2535,0,0.0364,0.0364,0.009,0,0,-0.0009,-0.0004,-0.011
0.1263,1.1214,1.2,-0.0431,-0.0003,37.8745,65.1604,0,0.0309,0.0309,-0.0069,0,0,-0.0002,-0.0001,-0.0181
0.2004,1.0678,1.2,-0.0359,-0.0003,37.8041,65.0678,0,0.0174,0.0174,-0.0121,0,0,-0.0002,-0.0001,-0.0248
0.1413,1.1106,1.2,-0.0288,-0.0003,37.7364,64.9737,0,0.0061,0.0061,-0.0184,0,0,-0.0002,-0.0001,-0.0313
0.0825,1.1544,1.2,-0.0217,-0.0003,37.6703,64.8728,0,-0.0006,-0.0006,-0.025,0,0,-0.0002,-0.0001,-0.0381
0.0717,1.1503,1.2,-0.0145,-0.0003,37.6026,64.7728,0,-0.0076,-0.0076,-0.028,0,0,-0.0002,-0.0001,-0.0377
0.026,1.1973,1.2,-0.0074,-0.0003,37.5324,64.6809,0,-0.0207,-0.0207,-0.0291,0,0,-0.0002,-0.0001,-0.0322
0.0128,1.1976,1.2,-0.0068,-0.0079,37.459,64.5857,0,-0.0335,-0.0335,-0.0231,0,0,-0.0048,-0.0019,-0.028
0.1041,1.1479,1.2,0.0003,-0.0079,37.3885,64.4903,0,-0.0422,-0.0422,-0.0213,0,0,-0.0048,-0.0019,-0.019
0.0355,1.1919,1.2,0.0075,-0.0079,37.3271,64.3903,0,-0.042,-0.042,-0.021,0,0,-0.0048,-0.0019,-0.0144
0.0341,1.1767,1.2,0.0146,-0.0079,37.2705,64.3031,0,-0.0434,-0.0434,-0.0189,0,0,-0.0048,-0.0019,-0.0051
0.0639,1.1633,1.2,0.0217,-0.0079,37.2172,64.2106,0,-0.0398,-0.0398,-0.0191,0,0,-0.0048,-0.0019,-0.0036
0.2004,1.0315,1.2,0.0287,-0.0079,37.1509,64.1152,0,-0.0442,-0.0442,-0.0185,0,0,-0.0048,-0.0019,-0.002
0.2,1.058,1.2,0.0359,-0.0079,37.0887,64.0239,0,-0.0477,-0.0477,-0.015,0,0,-0.0048,-0.0019,0.0062
0.1028,1.1517,1.2,0.043,-0.0067,37.0285,63.9303,0,-0.0496,-0.0496,-0.0209,0,0,-0.004,-0.0016,0.011
0.2,1.0951,1.2,0.0502,-0.0067,36.9726,63.8365,0,-0.0469,-0.0469,-0.0183,0,0,-0.004,-0.0016,0.0172
0.173,1.1037,1.2,0.0573,-0.0067,36.9115,63.7397,0,-0.0466,-0.0466,-0.0137,0,0,-0.004,-0.0016,0.0233
0.2007,1.0825,1.2,0.0644,-0.0067,36.8527,63.6443,0,-0.0444,-0.0444,-0.0082,0,0,-0.004,-0.0016,0.0297
0.1192,1.1353,1.2,0.0574,-0.0067,36.8035,63.551,0,-0.035,-0.035,-0.0012,0,0,-0.004,-0.0016,0.0377
0.1281,1.1108,1.2,0.0502,-0.0067,36.7506,63.4599,0,-0.0302,-0.0302,0.0036,0,0,-0.004,-0.0016,0.0428
0.2001,1.0484,1.2,0.0431,-0.0153,36.6912,63.3636,0,-0.0271,-0.0271,0.0297,0,0,-0.0092,-0.0037,0.0496
0.2,1.0442,1.2,0.036,-0.0153,36.6352,63.2642,0,-0.0183,-0.0183,0.0355,0,0,-0.0092,-0.0037,0.057
0.129,1.1229,1.2,0.0289,-0.0153,36.5817,63.1761,0,-0.0128,-0.0128,0.0406,0,0,-0.0092,-0.0037,0.0629
0.1013,1.1321,1.2,0.0218,-0.0153,36.5287,63.0822,0,-0.0062,-0.0062,0.04,0,0,-0.0092,-0.0037,0.053
0.2,1.0219,1.2,0.0147,-0.0153,36.4735,62.9942,0,-0.007,-0.007,0.038,0,0,-0.0092,-0.0037,0.0462
0.1845,1.0689,1.2,0.0075,-0.0153,36.419,62.8971,0,0.001,0.001,0.039,0,0,-0.0092,-0.0037,0.0396
0.2,1.0302,1.2,0.0004,-0.0153,36.3592,62.7983,0,0.0036,0.0036,0.038,0,0,-0.0092,-0.0037,0.0306
0.1502,1.1046,1.2,-0.0013,-0.009,36.2982,62.7015,0,0.0041,0.0041,0.0276,0,0,-0.0054,-0.0022,0.0245
0.0942,1.1448,1.2,-0.0084,-0.009,36.2485,62.6,0,0.0161,0.0161,0.0261,0,0,-0.0054,-0.0022,0.0182
0.0918,1.1348,1.2,-0.0155,-0.009,36.1916,62.5153,0,0.0122,0.0122,0.0244,0,0,-0.0054,-0.0022,0.014
0.1348,1.1197,1.2,-0.0227,-0.009,36.1249,62.4295,0,0,0,0.0212,0,0,-0.0054,-0.0022,0.0063
0.2,1.0127,1.2,-0.0298,-0.009,36.059,62.3385,0,-0.0092,-0.0092,0.0194,0,0,-0.0054,-0.0022,0.0021
0.1996,1.0774,1.2,-0.037,-0.009,36.0093,62.25,0,-0.0042,-0.0042,0.018,0,0,-0.0054,-0.0022,0.0002
0.1373,1.1145,1.2,-0.0375,-0.018,35.9542,62.1621,0,-0.0087,-0.0087,-0.0154,0,0,-0.0109,-0.0043,-0.0068
0.2,1.0064,1.2,-0.0304,-0.018,35.9,62.064,0,-0.0069,-0.0069,-0.0201,0,0,-0.0109,-0.0043,-0.0123
0.2,1.0288,1.2,-0.0232,-0.018,35.8579,61.9619,0,0.0063,0.0063,-0.0254,0,0,-0.0109,-0.0043,-0.0192
0.1412,1.1107,1.2,-0.0161,-0.018,35.7989,61.8684,0,-0.0022,-0.0022,-0.0342,0,0,-0.0109,-0.0043,-0.0258
0.1903,1.0919,1.2,-0.009,-0.018,35.7323,61.7838,0,-0.0173,-0.0173,-0.0369,0,0,-0.0109,-0.0043,-0.0325
0.1507,1.0972,1.2,-0.0019,-0.018,35.6748,61.6977,0,-0.0242,-0.0242,-0.0388,0,0,-0.0109,-0.0043,-0.0319
0.2004,1.0684,1.2,-0.009,-0.0378,35.6162,61.6034,0,-0.026,-0.026,0.0248,0,0,-0.0228,-0.0091,-0.0248
0.2,1.0266,1.2,-0.0161,-0.0378,35.5632,61.5085,0,-0.017,-0.017,0.0267,0,0,-0.0228,-0.0091,-0.0171
0.1511,1.101,1.2,-0.0233,-0.0378,35.5033,61.4161,0,-0.0136,-0.0136,0.0282,0,0,-0.0228,-0.0091,-0.0084
0.1986,1.0773,1.2,-0.0304,-0.0378,35.4412,61.3243,0,-0.0139,-0.0139,0.0294,0,0,-0.0228,-0.0091,-0.0016
0.1682,1.0921,1.2,-0.0375,-0.0378,35.3766,61.2339,0,-0.0172,-0.0172,0.0283,0,0,-0.0228,-0.0091,-0.0007
0.1567,1.0985,1.2,-0.0446,-0.0378,35.3143,61.1484,0,-0.0227,-0.0227,0.0234,0,0,-0.0228,-0.0091,-0.0085
0.2,1.1023,1.2,-0.0375,-0.0378,35.2459,61.058,0,-0.0307,-0.0307,0.0181,0,0,-0.0228,-0.0091,-0.017
0.1998,1.0493,1.2,-0.0304,-0.0129,35.1862,60.965,0,-0.0318,-0.0318,-0.0083,0,0,-0.0078,-0.0031,-0.0216
0.1266,1.1252,1.2,-0.0232,-0.0129,35.123,60.868,0,-0.0355,-0.0355,-0.0149,0,0,-0.0078,-0.0031,-0.0282
0.1649,1.096,1.2,-0.0161,-0.0129,35.0679,60.7814,0,-0.0372,-0.0372,-0.0204,0,0,-0.0078,-0.0031,-0.035
0.096,1.1474,1.2,-0.009,-0.0129,35.0069,60.6958,0,-0.0447,-0.0447,-0.0249,0,0,-0.0078,-0.0031,-0.0384
0.2,1.0181,1.2,-0.0018,-0.0129,34.9444,60.6114,0,-0.0505,-0.0505,-0.0232,0,0,-0.0078,-0.0031,-0.0291
0.2,1.0427,1.2,0.0053,-0.0129,34.8827,60.529,0,-0.0587,-0.0587,-0.0235,0,0,-0.0078,-0.0031,-0.0222
0.1999,1.0415,1.2,-0.0018,-0.0319,34.815,60.4333,0,-0.063,-0.063,-0.0094,0,0,-0.0193,-0.0077,-0.0165
0.2,1.0213,1.2,0.0053,-0.0319,34.7582,60.3425,0,-0.0599,-0.0599,-0.007,0,0,-0.0193,-0.0077,-0.006
0.2005,1.0617,1.2,0.0124,-0.0319,34.7006,60.2538,0,-0.0588,-0.0588,-0.006,0,0,-0.0193,-0.0077,-0.0026
0.1994,1.0617,1.2,0.0195,-0.0319,34.639,60.169,0,-0.0632,-0.0632,-0.0043,0,0,-0.0193,-0.0077,0.0057
0.2,1.0489,1.2,0.0267,-0.0319,34.579,60.0864,0,-0.0682,-0.0682,-0.0059,0,0,-0.0193,-0.0077,0.0022
0.2,1.0392,1.2,0.0338,-0.0319,34.5147,59.9987,0,-0.072,-0.072,-0.0025,0,0,-0.0193,-0.0077,0.0071
0.2,1.0118,1.2,0.0354,-0.0319,34.4585,59.9098,0,-0.0689,-0.0689,0.0003,0,0,-0.0193,-0.0077,0.0144
0.1745,1.0784,1.2,0.0282,-0.034,34.4075,59.8216,0,-0.0601,-0.0601,0.0174,0,0,-0.0205,-0.0082,0.0195
0.2,1.0428,1.2,0.0211,-0.034,34.3523,59.7326,0,-0.0548,-0.0548,0.0206,0,0,-0.0205,-0.0082,0.0267
0.2,1.0115,1.2,0.014,-0.034,34.2949,59.6516,0,-0.0554,-0.0554,0.0244,0,0,-0.0205,-0.0082,0.032
0.2,1.0379,1.2,0.0069,-0.034,34.2423,59.5686,0,-0.0507,-0.0507,0.0272,0,0,-0.0205,-0.0082,0.0336
0.2,0.9845,1.2,-0.0003,-0.034,34.1928,59.4878,0,-0.0465,-0.0465,0.0264,0,0,-0.0205,-0.0082,0.0278
0.2,0.9735,1.2,-0.0074,-0.034,34.1363,59.4035,0,-0.0465,-0.0465,0.0243,0,0,-0.0205,-0.0082,0.0217
0.2,0.9409,1.2,-0.0145,-0.034,34.075,59.3157,0,-0.0484,-0.0484,0.023,0,0,-0.0205,-0.0082,0.0156
0.2,1.0052,1.2,-0.0217,-0.0357,34.0219,59.2257,0,-0.0417,-0.0417,0.014,0,0,-0.0215,-0.0086,0.009
0.2001,1.062,1.2,-0.0145,-0.0357,33.9644,59.1347,0,-0.0398,-0.0398,0.0105,0,0,-0.0215,-0.0086,0.002
0.1998,1.0359,1.2,-0.0075,-0.0357,33.9065,59.0464,0,-0.0403,-0.0403,0.0066,0,0,-0.0215,-0.0086,-0.0045
0.2003,1.0673,1.2,-0.0003,-0.0357,33.8474,58.9595,0,-0.042,-0.042,0.0038,0,0,-0.0215,-0.0086,-0.01
0.1999,1.0465,1.2,0.0068,-0.0357,33.7856,58.8808,0,-0.0508,-0.0508,0.0004,0,0,-0.0215,-0.0086,-0.0168
0.1998,1.0422,1.2,0.0139,-0.0357,33.726,58.7934,0,-0.0516,-0.0516,0.0017,0,0,-0.0215,-0.0086,-0.0096
0.2,0.9927,1.2,0.0114,-0.0357,33.6686,58.7077,0,-0.0516,-0.0516,0.0029,0,0,-0.0215,-0.0086,-0.0026
0.1999,1.0492,1.2,0.0043,-0.0465,33.6155,58.6229,0,-0.045,-0.045,0.0412,0,0,-0.0281,-0.0112,0.0034
0.2,1.0229,1.2,-0.0028,-0.0465,33.5603,58.5376,0,-0.0391,-0.0391,0.044,0,0,-0.0281,-0.0112,0.0099
0.2,0.9916,1.2,-0.0099,-0.0465,33.5016,58.4563,0,-0.0392,-0.0392,0.0454,0,0,-0.0281,-0.0112,0.0149
0.2,1.0078,1.2,-0.017,-0.0465,33.4462,58.3764,0,-0.0364,-0.0364,0.046,0,0,-0.0281,-0.0112,0.0134
0.2,0.9941,1.2,-0.0241,-0.0465,33.3973,58.2936,0,-0.0281,-0.0281,0.0439,0,0,-0.0281,-0.0112,0.0065
0.2,0.9635,1.2,-0.0313,-0.0465,33.3401,58.206,0,-0.0247,-0.0247,0.0405,0,0,-0.0281,-0.0112,0.0001
0.2,0.9539,1.2,-0.0384,-0.0465,33.2821,58.1189,0,-0.0219,-0.0219,0.0374,0,0,-0.0281,-0.0112,-0.0054
0.2,1.0373,1.2,-0.036,-0.0353,33.2178,58.0284,0,-0.0201,-0.0201,0.0385,0,0,-0.0213,-0.0085,-0.012
0.2,1.0374,1.2,-0.0431,-0.0353,33.1495,57.941,0,-0.0255,-0.0255,0.0336,0,0,-0.0213,-0.0085,-0.0186
0.1782,1.1006,1.2,-0.0503,-0.0353,33.0906,57.8564,0,-0.0245,-0.0245,0.0276,0,0,-0.0213,-0.0085,-0.0249
0.2,1.1005,1.2,-0.0431,-0.0353,33.0239,57.7734,0,-0.0314,-0.0314,0.0223,0,0,-0.0213,-0.0085,-0.0315
0.2001,1.023,1.2,-0.0473,-0.0353,32.9636,57.6805,0,-0.0276,-0.0276,0.0201,0,0,-0.0213,-0.0085,-0.031
0.2001,1.057,1.2,-0.0401,-0.0353,32.9071,57.5991,0,-0.0275,-0.0275,0.0134,0,0,-0.0213,-0.0085,-0.0361
0.2001,1.0978,1.2,-0.0383,-0.0415,32.8423,57.515,0,-0.0318,-0.0318,0.0193,0,0,-0.025,-0.01,-0.0471
0.2,0.9828,1.2,-0.0453,-0.0415,32.7846,57.4321,0,-0.0305,-0.0305,0.0193,0,0,-0.025,-0.01,-0.0383
0.2001,1.0538,1.2,-0.0383,-0.0415,32.7274,57.3496,0,-0.0281,-0.0281,0.0128,0,0,-0.025,-0.01,-0.0459
0.2,1.0009,1.2,-0.0395,-0.0415,32.6581,57.2609,0,-0.0314,-0.0314,0.0125,0,0,-0.025,-0.01,-0.0375
0.2,0.9955,1.2,-0.035,-0.0415,32.586,57.1689,0,-0.0354,-0.0354,0.0094,0,0,-0.025,-0.01,-0.034
0.1685,1.1174,1.2,-0.0279,-0.0415,32.5212,57.0758,0,-0.0352,-0.0352,-0.0014,0,0,-0.025,-0.01,-0.0405
0.1585,1.1596,1.2,-0.0211,-0.0419,32.4521,56.9864,0,-0.036,-0.036,0.012,0,0,-0.0253,-0.0101,-0.0351
0.2008,1.1248,1.2,-0.014,-0.0419,32.3798,56.8969,0,-0.0397,-0.0397,0.0102,0,0,-0.0253,-0.0101,-0.034
0.1997,1.1199,1.2,-0.0069,-0.0419,32.3103,56.8106,0,-0.0448,-0.0448,0.0054,0,0,-0.0253,-0.0101,-0.0304
0.1895,1.1417,1.2,0.0001,-0.0419,32.2377,56.7292,0,-0.0519,-0.0519,0.0066,0,0,-0.0253,-0.0101,-0.0255
0.2008,1.1001,1.2,0.0073,-0.0419,32.1694,56.647,0,-0.0555,-0.0555,0.0083,0,0,-0.0253,-0.0101,-0.0186
0.1873,1.0813,1.2,0.0102,-0.0419,32.104,56.5624,0,-0.0555,-0.0555,0.0093,0,0,-0.0253,-0.0101,-0.0123
0.1999,1.0598,1.2,0.0123,-0.0419,32.0406,56.4759,0,-0.0524,-0.0524,0.011,0,0,-0.0253,-0.0101,-0.0055
0.1981,1.0599,1.2,0.0054,-0.0416,31.9714,56.379,0,-0.0457,-0.0457,0.0407,0,0,-0.0251,-0.01,0.0012
0.1901,1.0635,1.2,-0.0018,-0.0416,31.9011,56.2895,0,-0.041,-0.041,0.0453,0,0,-0.0251,-0.01,0.0078
0.0699,1.1801,1.2,-0.0089,-0.0416,31.8327,56.2043,0,-0.0359,-0.0359,0.0482,0,0,-0.0251,-0.01,0.0121
0.0859,1.1281,1.2,-0.0161,-0.0416,31.7646,56.113,0,-0.0314,-0.0314,0.0485,0,0,-0.0251,-0.01,0.0137
0.2004,1.084,1.2,-0.0232,-0.0416,31.6991,56.0206,0,-0.0249,-0.0249,0.0467,0,0,-0.0251,-0.01,0.0108
0.1321,1.1292,1.2,-0.0303,-0.0416,31.635,55.9282,0,-0.0158,-0.0158,0.0435,0,0,-0.0251,-0.01,0.0048
0.1117,1.1223,1.2,-0.0302,-0.0331,31.5651,55.8365,0,-0.0094,-0.0094,0.0783,0,0,-0.0199,-0.008,-0.0016
0.1226,1.1148,1.2,-0.0373,-0.0331,31.4982,55.7539,0,-0.007,-0.007,0.0727,0,0,-0.0199,-0.008,-0.0107
0.0887,1.1435,1.2,-0.0444,-0.0331,31.4295,55.6729,0,-0.0055,-0.0055,0.0679,0,0,-0.0199,-0.008,-0.0156
0.2,1.0541,1.2,-0.0516,-0.0331,31.3585,55.5792,0,-0.0008,-0.0008,0.0641,0,0,-0.0199,-0.008,-0.0227
0.1999,1.0539,1.2,-0.0587,-0.0331,31.2865,55.4939,0,0.0002,0.0002,0.0596,0,0,-0.0199,-0.008,-0.0258
0.0912,1.1652,1.2,-0.0658,-0.0331,31.2201,55.4079,0,0.0082,0.0082,0.0532,0,0,-0.0199,-0.008,-0.029
0.1997,1.1079,1.2,-0.0604,-0.0183,31.1482,55.3322,0,0.0003,0.0003,0.0526,0,0,-0.011,-0.0044,-0.0357
0.1754,1.0774,1.2,-0.0675,-0.0183,31.0758,55.2543,0,-0.0054,-0.0054,0.0449,0,0,-0.011,-0.0044,-0.0468
0.196,1.0374,1.2,-0.0747,-0.0183,31.0058,55.1803,0,-0.0116,-0.0116,0.0385,0,0,-0.011,-0.0044,-0.055
0.2004,1.0563,1.2,-0.0795,-0.0183,30.9308,55.0935,0,-0.014,-0.014,0.0272,0,0,-0.011,-0.0044,-0.0622
0.2,1.0125,1.2,-0.0723,-0.0183,30.854,55.02,0,-0.0233,-0.0233,0.0264,0,0,-0.011,-0.0044,-0.0605
0.1152,1.1391,1.2,-0.0653,-0.0183,30.7834,54.9429,0,-0.0281,-0.0281,0.013,0,0,-0.011,-0.0044,-0.0661
0.1999,1.0554,1.2,-0.0581,-0.0183,30.709,54.8647,0,-0.0337,-0.0337,0.0094,0,0,-0.011,-0.0044,-0.0729
0.1999,1.0403,1.2,-0.0523,-0.0198,30.633,54.7836,0,-0.0398,-0.0398,0.0115,0,0,-0.012,-0.0048,-0.077
0.1962,1.0706,1.2,-0.0453,-0.0198,30.5515,54.7139,0,-0.0523,-0.0523,0.0111,0,0,-0.012,-0.0048,-0.0736
0.1457,1.1055,1.2,-0.0381,-0.0198,30.472,54.6404,0,-0.0622,-0.0622,0.0087,0,0,-0.012,-0.0048,-0.0671
0.2,1.0627,1.2,-0.031,-0.0198,30.3996,54.5625,0,-0.0642,-0.0642,0.0079,0,0,-0.012,-0.0048,-0.0604
0.1908,1.0758,1.2,-0.0239,-0.0198,30.3286,54.482,0,-0.0627,-0.0627,0.0069,0,0,-0.012,-0.0048,-0.0528
0.1996,1.0555,1.2,-0.0168,-0.0198,30.2552,54.4082,0,-0.0674,-0.0674,0.0072,0,0,-0.012,-0.0048,-0.0422
0.1894,1.0643,1.2,-0.0096,-0.0174,30.1862,54.3285,0,-0.0649,-0.0649,-0.0082,0,0,-0.0105,-0.0042,-0.0342
0.2,1.0335,1.2,-0.0025,-0.0174,30.122,54.2501,0,-0.0615,-0.0615,-0.0096,0,0,-0.0105,-0.0042,-0.031
0.2,1.0449,1.2,0.0046,-0.0174,30.0449,54.1755,0,-0.0687,-0.0687,-0.0076,0,0,-0.0105,-0.0042,-0.0226
0.2,1.0043,1.2,0.0117,-0.0174,29.9723,54.095,0,-0.0694,-0.0694,-0.0077,0,0,-0.0105,-0.0042,-0.0184
0.19,1.0637,1.2,0.0189,-0.0174,29.8975,54.014,0,-0.071,-0.071,-0.006,0,0,-0.0105,-0.0042,-0.009
0.1766,1.0748,1.2,0.026,-0.0174,29.8308,53.9392,0,-0.0706,-0.0706,-0.0045,0,0,-0.0105,-0.0042,-0.0022
0.1826,1.0933,1.2,0.0332,-0.0174,29.7574,53.8593,0,-0.0711,-0.0711,-0.0019,0,0,-0.0105,-0.0042,0.004
0.2,0.9933,1.2,0.026,-0.0295,29.6826,53.7768,0,-0.07,-0.07,0.023,0,0,-0.0178,-0.0071,0.0108
0.1769,1.0761,1.2,0.0189,-0.0295,29.6122,53.6981,0,-0.0653,-0.0653,0.0269,0,0,-0.0178,-0.0071,0.0168
0.1521,1.1038,1.2,0.0118,-0.0295,29.5489,53.6165,0,-0.0559,-0.0559,0.0265,0,0,-0.0178,-0.0071,0.0207
0.2,1.0471,1.2,0.0046,-0.0295,29.4766,53.5389,0,-0.0539,-0.0539,0.0321,0,0,-0.0178,-0.0071,0.0271
0.2,1.0235,1.2,-0.0025,-0.0295,29.4076,53.4625,0,-0.0511,-0.0511,0.0348,0,0,-0.0178,-0.0071,0.0302
0.2,1.0513,1.2,-0.0097,-0.0295,29.336,53.3824,0,-0.0481,-0.0481,0.034,0,0,-0.0178,-0.0071,0.0224
0.2,1.0207,1.2,-0.0168,-0.0295,29.2676,53.3057,0,-0.0465,-0.0465,0.0321,0,0,-0.0178,-0.0071,0.0165
0.1883,1.0653,1.2,-0.02,-0.0248,29.1952,53.2285,0,-0.0423,-0.0423,0.0745,0,0,-0.015,-0.006,0.0101
0.2,1.0185,1.2,-0.027,-0.0248,29.1213,53.1546,0,-0.0433,-0.0433,0.0725,0,0,-0.015,-0.006,0.0056
0.2,1.0495,1.2,-0.0342,-0.0248,29.0352,53.0782,0,-0.0488,-0.0488,0.0695,0,0,-0.015,-0.006,-0.0011
0.1999,1.0358,1.2,-0.0412,-0.0248,28.9586,52.9952,0,-0.0449,-0.0449,0.0656,0,0,-0.015,-0.006,-0.008
0.1102,1.1419,1.2,-0.0484,-0.0248,28.8839,52.9134,0,-0.0377,-0.0377,0.0597,0,0,-0.015,-0.006,-0.0148
0.1095,1.1204,1.2,-0.0555,-0.0248,28.8004,52.8406,0,-0.0465,-0.0465,0.056,0,0,-0.015,-0.006,-0.0177
0.192,1.099,1.2,-0.0484,-0.006,28.7265,52.7502,0,-0.0415,-0.0415,0.024,0,0,-0.0036,-0.0014,-0.0263
0.155,1.0993,1.2,-0.0412,-0.006,28.652,52.6807,0,-0.0465,-0.0465,0.022,0,0,-0.0036,-0.0014,-0.0311
0.0912,1.1565,1.2,-0.0342,-0.006,28.5783,52.6124,0,-0.0539,-0.0539,0.0136,0,0,-0.0036,-0.0014,-0.0437
0.2,1.0103,1.2,-0.0271,-0.006,28.5025,52.5366,0,-0.0582,-0.0582,0.0097,0,0,-0.0036,-0.0014,-0.0526
0.2,0.9973,1.2,-0.02,-0.006,28.4326,52.4546,0,-0.055,-0.055,0.0013,0,0,-0.0036,-0.0014,-0.0511
0.1899,1.0638,1.2,-0.0128,-0.006,28.3631,52.3882,0,-0.0572,-0.0572,0.003,0,0,-0.0036,-0.0014,-0.0425
0.1894,1.0666,1.2,-0.0057,-0.006,28.2927,52.3171,0,-0.0579,-0.0579,0.0035,0,0,-0.0036,-0.0014,-0.0357
0.2,0.9534,1.2,-0.0099,-0.0194,28.2207,52.2425,0,-0.0576,-0.0576,0.0007,0,0,-0.0117,-0.0047,-0.0279
0.2,0.9919,1.2,-0.0028,-0.0194,28.1506,52.1645,0,-0.0537,-0.0537,0.0008,0,0,-0.0117,-0.0047,-0.0211
0.2,1.0282,1.2,0.0043,-0.0194,28.0752,52.0869,0,-0.0535,-0.0535,0.0015,0,0,-0.0117,-0.0047,-0.0156
0.2,1.0391,1.2,0.0115,-0.0194,27.9983,52.0094,0,-0.0548,-0.0548,0.0023,0,0,-0.0117,-0.0047,-0.007
0.1829,1.0737,1.2,0.0185,-0.0194,27.9273,51.9175,0,-0.0441,-0.0441,-0.0025,0,0,-0.0117,-0.0047,-0.005
0.1994,1.0822,1.2,0.0255,-0.0194,27.8512,51.843,0,-0.0452,-0.0452,0.0004,0,0,-0.0117,-0.0047,-0.0038
0.1042,1.149,1.2,0.0184,-0.0263,27.7698,51.7646,0,-0.0458,-0.0458,0.0266,0,0,-0.0158,-0.0063,0.0024
0.2001,1.0556,1.2,0.0112,-0.0263,27.7001,51.6894,0,-0.0404,-0.0404,0.031,0,0,-0.0158,-0.0063,0.0107
0.1319,1.1199,1.2,0.0041,-0.0263,27.633,51.6097,0,-0.0281,-0.0281,0.0347,0,0,-0.0158,-0.0063,0.017
0.2,1.0175,1.2,-0.0031,-0.0263,27.5589,51.5327,0,-0.0258,-0.0258,0.0369,0,0,-0.0158,-0.0063,0.0231
0.2,1.0328,1.2,-0.0102,-0.0263,27.4809,51.4514,0,-0.0218,-0.0218,0.0374,0,0,-0.0158,-0.0063,0.0211
0.1982,1.0599,1.2,-0.0173,-0.0263,27.408,51.3732,0,-0.0168,-0.0168,0.0357,0,0,-0.0158,-0.0063,0.0138
0.1342,1.1173,1.2,-0.0175,-0.0181,27.3298,51.2923,0,-0.0137,-0.0137,0.0341,0,0,-0.0109,-0.0044,0.0086
0.2,1.0601,1.2,-0.0246,-0.0181,27.249,51.2167,0,-0.0179,-0.0179,0.0315,0,0,-0.0109,-0.0044,0.0018
0.1399,1.1152,1.2,-0.0318,-0.0181,27.1683,51.1411,0,-0.0212,-0.0212,0.0272,0,0,-0.0109,-0.0044,-0.0052
0.2,1.0971,1.2,-0.0308,-0.0181,27.0947,51.0648,0,-0.0222,-0.0222,0.0193,0,0,-0.0109,-0.0044,-0.0114
0.2001,1.0977,1.2,-0.0362,-0.0181,27.0202,50.9877,0,-0.0192,-0.0192,0.0189,0,0,-0.0109,-0.0044,-0.0141
0.2,1.0627,1.2,-0.0291,-0.0181,26.9448,50.9046,0,-0.0171,-0.0171,0.01,0,0,-0.0109,-0.0044,-0.0207
0.1999,1.0627,1.2,-0.022,-0.0181,26.8607,50.8324,0,-0.0241,-0.0241,0.0095,0,0,-0.0109,-0.0044,-0.0261
0.154,1.0981,1.2,-0.0291,-0.0201,26.7829,50.7574,0,-0.0244,-0.0244,0.0306,0,0,-0.0121,-0.0048,-0.0271
0.1552,1.0981,1.2,-0.0362,-0.0201,26.7036,50.6873,0,-0.029,-0.029,0.0267,0,0,-0.0121,-0.0048,-0.0315
0.2005,1.0721,1.2,-0.0431,-0.0201,26.6265,50.6143,0,-0.029,-0.029,0.0271,0,0,-0.0121,-0.0048,-0.0249
0.2004,1.0494,1.2,-0.0415,-0.0201,26.5492,50.5459,0,-0.0328,-0.0328,0.0267,0,0,-0.0121,-0.0048,-0.019
0.1998,1.0535,1.2,-0.0345,-0.0201,26.4723,50.4646,0,-0.0308,-0.0308,0.0162,0,0,-0.0121,-0.0048,-0.0259
0.1999,1.0243,1.2,-0.0273,-0.0201,26.3892,50.3966,0,-0.0384,-0.0384,0.0148,0,0,-0.0121,-0.0048,-0.0326
0.1509,1.1091,1.2,-0.0202,-0.0112,26.3051,50.3331,0,-0.0509,-0.0509,-0.0082,0,0,-0.0068,-0.0027,-0.0377
0.2,1.0644,1.2,-0.013,-0.0112,26.2255,50.2508,0,-0.0506,-0.0506,-0.0143,0,0,-0.0068,-0.0027,-0.0359
0.2,1.0463,1.2,-0.0059,-0.0112,26.1454,50.1818,0,-0.0557,-0.0557,-0.0114,0,0,-0.0068,-0.0027,-0.029
0.1177,1.1343,1.2,0.0012,-0.0112,26.0637,50.1018,0,-0.0588,-0.0588,-0.017,0,0,-0.0068,-0.0027,-0.0228
0.1999,1.0483,1.2,0.0083,-0.0112,25.9854,50.0242,0,-0.0551,-0.0551,-0.0123,0,0,-0.0068,-0.0027,-0.0159
0.1239,1.1337,1.2,0.0155,-0.0112,25.9023,49.9527,0,-0.0612,-0.0612,-0.0101,0,0,-0.0068,-0.0027,-0.009
0.1722,1.0933,1.2,0.0226,-0.0112,25.821,49.871,0,-0.0584,-0.0584,-0.0082,0,0,-0.0068,-0.0027,-0.002
0.1705,1.0874,1.2,0.0154,-0.0227,25.7369,49.7991,0,-0.0621,-0.0621,0.0177,0,0,-0.0137,-0.0055,0.0048
0.1055,1.1421,1.2,0.0112,-0.0227,25.6543,49.7231,0,-0.0608,-0.0608,0.0208,0,0,-0.0137,-0.0055,0.0107
0.1895,1.0969,1.2,0.0115,-0.0227,25.5775,49.6446,0,-0.0549,-0.0549,0.0231,0,0,-0.0137,-0.0055,0.0166
0.1455,1.1119,1.2,0.0045,-0.0227,25.4965,49.5679,0,-0.0524,-0.0524,0.0257,0,0,-0.0137,-0.0055,0.0209
0.1779,1.0901,1.2,0.0029,-0.0227,25.4179,49.4957,0,-0.0532,-0.0532,0.0242,0,0,-0.0137,-0.0055,0.015
0.1537,1.1053,1.2,-0.0026,-0.0227,25.3458,49.4244,0,-0.0496,-0.0496,0.0238,0,0,-0.0137,-0.0055,0.0121
0.1999,1.0585,1.2,-0.0013,-0.0128,25.2656,49.3481,0,-0.0477,-0.0477,0.0594,0,0,-0.0077,-0.0031,0.0114
0.2,1.005,1.2,-0.0084,-0.0128,25.1808,49.2778,0,-0.0512,-0.0512,0.0583,0,0,-0.0077,-0.0031,0.0058
0.1539,1.0982,1.2,-0.0155,-0.0128,25.1021,49.2045,0,-0.0447,-0.0447,0.0575,0,0,-0.0077,-0.0031,0.0038
0.1542,1.0911,1.2,-0.0227,-0.0128,25.02,49.1154,0,-0.0342,-0.0342,0.0509,0,0,-0.0077,-0.0031,0.0002
0.1998,1.0657,1.2,-0.0298,-0.0128,24.9335,49.0379,0,-0.0311,-0.0311,0.0533,0,0,-0.0077,-0.0031,-0.0001
0.0518,1.201,1.2,-0.0369,-0.0128,24.8485,48.9608,0,-0.0257,-0.0257,0.0502,0,0,-0.0077,-0.0031,-0.0066
0.1189,1.1507,1.2,-0.0298,0.0053,24.7634,48.8893,0,-0.031,-0.031,0.0241,0,0,0.0032,0.0013,-0.0127
0.0936,1.1382,1.2,-0.0227,0.0053,24.6917,48.8136,0,-0.028,-0.028,0.0138,0,0,0.0032,0.0013,-0.0195
0.169,1.1032,1.2,-0.0155,0.0053,24.609,48.742,0,-0.0308,-0.0308,0.0121,0,0,0.0032,0.0013,-0.0263
0.2,1.0315,1.2,-0.0084,0.0053,24.5163,48.6701,0,-0.0438,-0.0438,0.0039,0,0,0.0032,0.0013,-0.0329
0.1675,1.085,1.2,-0.0012,0.0053,24.4358,48.6039,0,-0.0476,-0.0476,0.0058,0,0,0.0032,0.0013,-0.0261
0.0777,1.1663,1.2,0.0059,0.0053,24.3616,48.5313,0,-0.0452,-0.0452,0.0024,0,0,0.0032,0.0013,-0.0198
0.2001,1.0333,1.2,0.013,0.0053,24.2753,48.4608,0,-0.0489,-0.0489,0.0079,0,0,0.0032,0.0013,-0.0128
0.2001,1.0292,1.2,0.0104,-0.0061,24.1831,48.3964,0,-0.0615,-0.0615,0.0219,0,0,-0.0037,-0.0015,-0.0057
0.2002,1.1038,1.2,0.0175,-0.0061,24.1046,48.3124,0,-0.0511,-0.0511,0.0198,0,0,-0.0037,-0.0015,0.0009
0.1427,1.1146,1.2,0.0109,-0.0061,24.0219,48.2435,0,-0.0512,-0.0512,0.0255,0,0,-0.0037,-0.0015,0.0067
0.1082,1.1389,1.2,0.0053,-0.0061,23.9407,48.1756,0,-0.0521,-0.0521,0.029,0,0,-0.0037,-0.0015,0.0128
0.2,1.0662,1.2,0.0042,-0.0061,23.8597,48.0992,0,-0.0486,-0.0486,0.0297,0,0,-0.0037,-0.0015,0.0112
0.2,1.049,1.2,-0.003,-0.0061,23.7821,48.0268,0,-0.0449,-0.0449,0.032,0,0,-0.0037,-0.0015,0.0169
0.1476,1.1044,1.2,-0.0042,0.0009,23.6972,47.9513,0,-0.0428,-0.0428,0.0437,0,0,0.0005,0.0002,0.0115
0.1992,1.0519,1.2,-0.0113,0.0009,23.6161,47.8611,0,-0.0312,-0.0312,0.0373,0,0,0.0005,0.0002,0.0068
0.135,1.1264,1.2,-0.0184,0.0009,23.5413,47.7907,0,-0.0238,-0.0238,0.0394,0,0,0.0005,0.0002,0.0056
0.0349,1.2003,1.2,-0.0255,0.0009,23.4531,47.7178,0,-0.0242,-0.0242,0.0389,0,0,0.0005,0.0002,-0.0007
0.1999,1.0195,1.2,-0.0327,0.0009,23.3738,47.6488,0,-0.0276,-0.0276,0.0373,0,0,0.0005,0.0002,-0.0019
0.1497,1.1338,1.2,-0.0398,0.0009,23.2972,47.5789,0,-0.0238,-0.0238,0.0334,0,0,0.0005,0.0002,-0.0085
0.2001,1.0422,1.2,-0.0393,0.0009,23.2142,47.5117,0,-0.0297,-0.0297,0.0299,0,0,0.0005,0.0002,-0.0154
0.2,1.0284,1.2,-0.0322,0.0085,23.1309,47.4285,0,-0.0269,-0.0269,0.0054,0,0,0.0051,0.002,-0.0223
0.1994,1.0588,1.2,-0.025,0.0085,23.0397,47.3572,0,-0.0339,-0.0339,0.0037,0,0,0.0051,0.002,-0.0288
0.0856,1.1668,1.2,-0.0179,0.0085,22.9445,47.2927,0,-0.0497,-0.0497,-0.0006,0,0,0.0051,0.002,-0.0353
0.0752,1.1474,1.2,-0.0107,0.0085,22.8603,47.2286,0,-0.059,-0.059,-0.0032,0,0,0.0051,0.002,-0.0351
0.0848,1.1404,1.2,-0.0036,0.0085,22.7853,47.1438,0,-0.0517,-0.0517,-0.0141,0,0,0.0051,0.002,-0.0299
0.2,1.0509,1.2,0.0035,0.0085,22.696,47.0788,0,-0.0586,-0.0586,-0.0069,0,0,0.0051,0.002,-0.0231
0.1353,1.1166,1.2,0.0075,0.0047,22.6127,47.0133,0,-0.0646,-0.0646,-0.0112,0,0,0.0028,0.0011,-0.0163
0.168,1.0934,1.2,0.0146,0.0047,22.5277,46.9408,0,-0.0661,-0.0661,-0.0084,0,0,0.0028,0.0011,-0.0094
0.2,1.0494,1.2,0.0217,0.0047,22.4444,46.8708,0,-0.069,-0.069,-0.0065,0,0,0.0028,0.0011,-0.0027
0.1431,1.1088,1.2,0.0289,0.0047,22.363,46.8074,0,-0.0755,-0.0755,-0.0042,0,0,0.0028,0.0011,0.0039
0.1915,1.0795,1.2,0.036,0.0047,22.2836,46.7374,0,-0.0753,-0.0753,-0.0018,0,0,0.0028,0.0011,0.0084
0.2,1.0223,1.2,0.0432,0.0047,22.2005,46.6633,0,-0.074,-0.074,0.0014,0,0,0.0028,0.0011,0.0138
0.2,1.0497,1.2,0.036,0.004,22.1171,46.5891,0,-0.0729,-0.0729,0.0291,0,0,0.0024,0.001,0.0195
0.1573,1.1039,1.2,0.0289,0.004,22.0383,46.5122,0,-0.0629,-0.0629,0.0336,0,0,0.0024,0.001,0.0257
0.1346,1.1064,1.2,0.0218,0.004,21.9593,46.4333,0,-0.0526,-0.0526,0.0373,0,0,0.0024,0.001,0.032
0.1729,1.0923,1.2,0.0147,0.004,21.8832,46.3616,0,-0.0458,-0.0458,0.0414,0,0,0.0024,0.001,0.0388
0.1368,1.1072,1.2,0.0075,0.004,21.8101,46.2819,0,-0.0341,-0.0341,0.0374,0,0,0.0024,0.001,0.0341
0.2001,1.0369,1.2,0.0004,0.004,21.7221,46.2127,0,-0.0375,-0.0375,0.04,0,0,0.0024,0.001,0.0278
0.1816,1.0716,1.2,-0.0067,0.004,21.6437,46.1391,0,-0.031,-0.031,0.0405,0,0,0.0024,0.001,0.0217
0.1376,1.1084,1.2,0.0002,0.0206,21.5575,46.0708,0,-0.034,-0.034,0.0367,0,0,0.0124,0.005,0.0158
0.2,1.0659,1.2,-0.0053,0.0206,21.4734,46.0032,0,-0.0389,-0.0389,0.0342,0,0,0.0124,0.005,0.0099
0.2,1.0902,1.2,0.0018,0.0206,21.3895,45.937,0,-0.0437,-0.0437,0.0317,0,0,0.0124,0.005,0.0035
0.2,1.0698,1.2,0.0089,0.0206,21.2983,45.8601,0,-0.0483,-0.0483,0.0247,0,0,0.0124,0.005,-0.0029
0.2,1.0599,1.2,0.016,0.0206,21.2166,45.7902,0,-0.0468,-0.0468,0.0286,0,0,0.0124,0.005,0.0013
0.127,1.1844,1.2,0.0232,0.0206,21.1314,45.7166,0,-0.044,-0.044,0.0291,0,0,0.0124,0.005,-0.0024
0.2001,1.0657,1.2,0.0303,0.0235,21.0468,45.64,0,-0.0426,-0.0426,0.0086,0,0,0.0141,0.0057,0.0027
0.2,1.1151,1.2,0.0375,0.0235,20.963,45.5686,0,-0.0444,-0.0444,0.0115,0,0,0.0141,0.0057,0.0091
0.1999,1.132,1.2,0.0446,0.0235,20.8758,45.4949,0,-0.0465,-0.0465,0.0146,0,0,0.0141,0.0057,0.0139
0.1677,1.0917,1.2,0.0397,0.0235,20.7941,45.4158,0,-0.0416,-0.0416,0.0173,0,0,0.0141,0.0057,0.02
0.1232,1.1314,1.2,0.0326,0.0235,20.7379,45.3317,0,-0.0183,-0.0183,0.015,0,0,0.0141,0.0057,0.0262
0.1046,1.128,1.2,0.0254,0.0235,20.665,45.2517,0,-0.0051,-0.0051,0.0204,0,0,0.0141,0.0057,0.0327
0.2001,0.997,1.2,0.0183,0.0235,20.581,45.1808,0,-0.0062,-0.0062,0.0275,0,0,0.0141,0.0057,0.0398
0.1782,1.0748,1.2,0.0112,0.0134,20.4866,45.1098,0,-0.0139,-0.0139,0.0304,0,0,0.0081,0.0032,0.0388
0.1564,1.089,1.2,0.004,0.0134,20.3944,45.0309,0,-0.0158,-0.0158,0.0315,0,0,0.0081,0.0032,0.0335
0.0739,1.1692,1.2,-0.0031,0.0134,20.324,44.9509,0,-0.0049,-0.0049,0.0265,0,0,0.0081,0.0032,0.0268
0.0208,1.2032,1.2,-0.0103,0.0134,20.2402,44.8734,0,-0.0013,-0.0013,0.0285,0,0,0.0081,0.0032,0.0207
0.1708,1.0546,1.2,-0.0174,0.0134,20.1524,44.8029,0,-0.0095,-0.0095,0.0271,0,0,0.0081,0.0032,0.0145
0.1117,1.1322,1.2,-0.0227,0.0156,20.0635,44.7328,0,-0.0162,-0.0162,0.0434,0,0,0.0094,0.0038,0.0085
0.1373,1.1152,1.2,-0.0298,0.0156,19.9789,44.6684,0,-0.0246,-0.0246,0.0402,0,0,0.0094,0.0038,0.0023
0.1399,1.1227,1.2,-0.035,0.0156,19.891,44.5943,0,-0.028,-0.028,0.036,0,0,0.0094,0.0038,-0.0045
0.1998,1.0547,1.2,-0.0278,0.0156,19.808,44.5288,0,-0.0358,-0.0358,0.0321,0,0,0.0094,0.0038,-0.0112
0.1244,1.1404,1.2,-0.0207,0.0156,19.7429,44.453,0,-0.0277,-0.0277,0.017,0,0,0.0094,0.0038,-0.0177
0.1999,1.0495,1.2,-0.0136,0.0156,19.6563,44.383,0,-0.0311,-0.0311,0.0191,0,0,0.0094,0.0038,-0.0235
0.2,0.9854,1.2,-0.0065,0.0156,19.5871,44.314,0,-0.0279,-0.0279,0.0131,0,0,0.0094,0.0038,-0.029
0.1492,1.1028,1.2,0.0007,0.0255,19.5006,44.2433,0,-0.0309,-0.0309,-0.0188,0,0,0.0154,0.0062,-0.0267
0.2,0.9679,1.2,0.0078,0.0255,19.4099,44.1709,0,-0.0378,-0.0378,-0.0155,0,0,0.0154,0.0062,-0.0204
0.1441,1.1078,1.2,0.015,0.0255,19.3182,44.1014,0,-0.0498,-0.0498,-0.0141,0,0,0.0154,0.0062,-0.0133
0.0869,1.1506,1.2,0.0221,0.0255,19.2327,44.0237,0,-0.0511,-0.0511,-0.0124,0,0,0.0154,0.0062,-0.0063
0.0816,1.1406,1.2,0.0292,0.0255,19.1549,43.9423,0,-0.0468,-0.0468,-0.0155,0,0,0.0154,0.0062,0.0004
0.076,1.1451,1.2,0.0362,0.0255,19.0706,43.8663,0,-0.0457,-0.0457,-0.0093,0,0,0.0154,0.0062,0.007
0.1605,1.1149,1.2,0.0316,0.0117,19.0027,43.7832,0,-0.0311,-0.0311,-0.0024,0,0,0.0071,0.0028,0.0132
0.2002,1.1257,1.2,0.0388,0.0117,18.9203,43.705,0,-0.0259,-0.0259,0.0044,0,0,0.0071,0.0028,0.0174
0.1995,1.0622,1.2,0.0356,0.0117,18.8271,43.6274,0,-0.0297,-0.0297,0.0088,0,0,0.0071,0.0028,0.0228
0.1383,1.1278,1.2,0.032,0.0117,18.7529,43.5548,0,-0.0268,-0.0268,0.0091,0,0,0.0071,0.0028,0.029
0.0372,1.2009,1.2,0.0259,0.0117,18.6686,43.4864,0,-0.0292,-0.0292,0.0166,0,0,0.0071,0.0028,0.0325
0.2006,1.0299,1.2,0.0241,0.0117,18.58,43.4142,0,-0.0354,-0.0354,0.0185,0,0,0.0071,0.0028,0.0315
0.1936,1.0746,1.2,0.0174,0.0117,18.5022,43.3459,0,-0.0354,-0.0354,0.0228,0,0,0.0071,0.0028,0.0345
0.1186,1.1318,1.2,0.0246,0.0142,18.4338,43.2658,0,-0.0277,-0.0277,-0.0166,0,0,0.0086,0.0034,0.0313
0.2,1.026,1.2,0.0317,0.0142,18.3542,43.1902,0,-0.0266,-0.0266,-0.0136,0,0,0.0086,0.0034,0.0274
0.2,1.0426,1.2,0.0389,0.0142,18.2776,43.1121,0,-0.0239,-0.0239,-0.012,0,0,0.0086,0.0034,0.0242
0.1926,1.089,1.2,0.0459,0.0142,18.1978,43.0404,0,-0.0279,-0.0279,-0.0105,0,0,0.0086,0.0034,0.0198
0.2003,1.0853,1.2,0.053,0.0142,18.1203,42.9641,0,-0.0265,-0.0265,-0.0075,0,0,0.0086,0.0034,0.0203
0.2007,1.0635,1.2,0.0601,0.0142,18.0405,42.8896,0,-0.0275,-0.0275,-0.0029,0,0,0.0086,0.0034,0.0263
0.1845,1.0789,1.2,0.053,-0.0036,17.9526,42.8078,0,-0.0283,-0.0283,0.0057,0,0,-0.0022,-0.0009,0.0365
0.1647,1.082,1.2,0.0459,-0.0036,17.8764,42.7281,0,-0.0226,-0.0226,0.0109,0,0,-0.0022,-0.0009,0.0427
0.0542,1.1902,1.2,0.0387,-0.0036,17.8062,42.6465,0,-0.0105,-0.0105,0.0171,0,0,-0.0022,-0.0009,0.0475
0.2002,1.0938,1.2,0.0316,-0.0036,17.7343,42.5687,0,-0.0046,-0.0046,0.0198,0,0,-0.0022,-0.0009,0.0538
0.1843,1.0692,1.2,0.0244,-0.0036,17.6495,42.4902,0,-0.0067,-0.0067,0.0219,0,0,-0.0022,-0.0009,0.0514
0.2,1.0509,1.2,0.0173,-0.0036,17.5752,42.414,0,-0.0028,-0.0028,0.0244,0,0,-0.0022,-0.0009,0.0483
0.1093,1.145,1.2,0.0114,-0.0021,17.504,42.3366,0,0.0032,0.0032,-0.0013,0,0,-0.0012,-0.0005,0.0363
0.2,1.0561,1.2,0.0043,-0.0021,17.4269,42.2512,0,0.0074,0.0074,-0.0032,0,0,-0.0012,-0.0005,0.0295
0.1913,1.0423,1.2,0.0019,-0.0021,17.3519,42.17,0,0.0098,0.0098,-0.0045,0,0,-0.0012,-0.0005,0.0238
0.2,1.1415,1.2,0.0034,-0.0021,17.2727,42.0963,0,0.0042,0.0042,-0.0045,0,0,-0.0012,-0.0005,0.0182
0.1996,1.073,1.2,0.0103,-0.0021,17.1929,42.0162,0,0.0029,0.0029,-0.0055,0,0,-0.0012,-0.0005,0.0127
0.1996,1.073,1.2,0.0163,-0.0021,17.1132,41.9313,0,0.0042,0.0042,-0.0074,0,0,-0.0012,-0.0005,0.0073
0.1999,1.1203,1.2,0.0217,-0.0021,17.0368,41.8525,0,0.0037,0.0037,-0.0079,0,0,-0.0012,-0.0005,0.0046
0.0985,1.1552,1.2,0.0145,-0.0134,16.9551,41.7727,0,0.0015,0.0015,-0.003,0,0,-0.0081,-0.0032,0.0057
0.2,1.0877,1.2,0.0074,-0.0134,16.8773,41.6929,0,0.0023,0.0023,-0.0009,0,0,-0.0081,-0.0032,0.0115
0.1327,1.1326,1.2,0.0003,-0.0134,16.8075,41.6094,0,0.0121,0.0121,0.0029,0,0,-0.0081,-0.0032,0.0176
0.1328,1.1051,1.2,-0.0068,-0.0134,16.7316,41.5325,0,0.0125,0.0125,0.0053,0,0,-0.0081,-0.0032,0.0217
0.1942,1.0792,1.2,-0.014,-0.0134,16.6552,41.4591,0,0.0086,0.0086,0.0034,0,0,-0.0081,-0.0032,0.0149
0.1996,1.0715,1.2,-0.0211,-0.0134,16.5802,41.3745,0,0.0129,0.0129,0.0004,0,0,-0.0081,-0.0032,0.0085
0.2,1.0501,1.2,-0.0273,-0.0123,16.5034,41.294,0,0.0146,0.0146,0.044,0,0,-0.0074,-0.003,0.0022
0.1307,1.1212,1.2,-0.0344,-0.0123,16.4277,41.2266,0,0.0123,0.0123,0.0405,0,0,-0.0074,-0.003,-0.0044
0.1388,1.1026,1.2,-0.0416,-0.0123,16.3512,41.1501,0,0.0138,0.0138,0.0362,0,0,-0.0074,-0.003,-0.0109
0.2,1.0056,1.2,-0.0487,-0.0123,16.2701,41.0806,0,0.006,0.006,0.0327,0,0,-0.0074,-0.003,-0.0176
0.1897,1.0727,1.2,-0.0557,-0.0123,16.1956,41.01,0,0.0023,0.0023,0.0211,0,0,-0.0074,-0.003,-0.0234
0.2006,1.0597,1.2,-0.0627,-0.0123,16.1182,40.9323,0,0.0054,0.0054,0.0189,0,0,-0.0074,-0.003,-0.0304
0.1999,1.0198,1.2,-0.0557,-0.0123,16.0389,40.8577,0,0.0039,0.0039,0.0152,0,0,-0.0074,-0.003,-0.0368
0.165,1.0875,1.2,-0.0485,0.0137,15.9533,40.7862,0,-0.0081,-0.0081,-0.0263,0,0,0.0083,0.0033,-0.0493
0.2002,1.0798,1.2,-0.0414,0.0137,15.8778,40.7198,0,-0.0211,-0.0211,-0.0397,0,0,0.0083,0.0033,-0.0551
0.1446,1.1073,1.2,-0.0343,0.0137,15.7905,40.654,0,-0.0375,-0.0375,-0.0426,0,0,0.0083,0.0033,-0.0619
0.2,1.0017,1.2,-0.0271,0.0137,15.7064,40.583,0,-0.0478,-0.0478,-0.0464,0,0,0.0083,0.0033,-0.0552
0.1684,1.0842,1.2,-0.02,0.0137,15.6246,40.5222,0,-0.0635,-0.0635,-0.0446,0,0,0.0083,0.0033,-0.0481
0.15,1.0935,1.2,-0.0129,0.0137,15.5543,40.4476,0,-0.0634,-0.0634,-0.0478,0,0,0.0083,0.0033,-0.0357
0.2,1.0106,1.2,-0.0057,0.0137,15.4736,40.3755,0,-0.0666,-0.0666,-0.0442,0,0,0.0083,0.0033,-0.0293
0.2,1.0139,1.2,-0.0089,0.0017,15.3916,40.3001,0,-0.0673,-0.0673,-0.0024,0,0,0.001,0.0004,-0.0236
0.1802,1.073,1.2,-0.0017,0.0017,15.3221,40.2357,0,-0.0703,-0.0703,-0.0078,0,0,0.001,0.0004,-0.0166
0.1409,1.1047,1.2,0.0054,0.0017,15.2453,40.1699,0,-0.0717,-0.0717,-0.0028,0,0,0.001,0.0004,-0.0096
0.2,0.9405,1.2,0.0125,0.0017,15.1705,40.1037,0,-0.0728,-0.0728,0,0,0,0.001,0.0004,-0.003
0.2,1.0015,1.2,0.0197,0.0017,15.0949,40.0332,0,-0.0749,-0.0749,-0.0061,0,0,0.001,0.0004,-0.0054
0.2,0.9908,1.2,0.0268,0.0017,15.0176,39.9676,0,-0.0768,-0.0768,-0.0008,0,0,0.001,0.0004,0.001
0.2,1.0252,1.2,0.034,0.0292,14.9349,39.8983,0,-0.0809,-0.0809,-0.0419,0,0,0.0176,0.007,0.0074
0.2,1.0044,1.2,0.0411,0.0292,14.8473,39.8307,0,-0.0941,-0.0941,-0.0394,0,0,0.0176,0.007,0.0133
0.1988,1.0698,1.2,0.0482,0.0292,14.765,39.7565,0,-0.1002,-0.1002,-0.036,0,0,0.0176,0.007,0.0186
0.1727,1.0962,1.2,0.0554,0.0292,14.6873,39.6872,0,-0.1053,-0.1053,-0.0318,0,0,0.0176,0.007,0.0257
0.1454,1.0987,1.2,0.0625,0.0292,14.6133,39.6124,0,-0.1035,-0.1035,-0.028,0,0,0.0176,0.007,0.0318
0.2002,1.032,1.2,0.0696,0.0292,14.5418,39.5349,0,-0.0967,-0.0967,-0.0239,0,0,0.0176,0.007,0.0382
0.2,1.0434,1.2,0.0768,0.0292,14.4574,39.4602,0,-0.1017,-0.1017,-0.0185,0,0,0.0176,0.007,0.0444
0.2,1.0475,1.2,0.0696,0.014,14.3828,39.3903,0,-0.0991,-0.0991,0.0443,0,0,0.0084,0.0034,0.0506
0.1355,1.1164,1.2,0.0625,0.014,14.3068,39.3191,0,-0.092,-0.092,0.0524,0,0,0.0084,0.0034,0.0597
0.2,1.0138,1.2,0.0554,0.014,14.218,39.2374,0,-0.0896,-0.0896,0.059,0,0,0.0084,0.0034,0.0707
0.2,1.0329,1.2,0.0483,0.014,14.1471,39.1508,0,-0.0694,-0.0694,0.0652,0,0,0.0084,0.0034,0.0774
0.0561,1.1961,1.2,0.0411,0.014,14.0774,39.0699,0,-0.0487,-0.0487,0.0704,0,0,0.0084,0.0034,0.0713
0.0999,1.1112,1.2,0.034,0.014,13.9988,38.9864,0,-0.0409,-0.0409,0.0691,0,0,0.0084,0.0034,0.0651
0.2001,1.0612,1.2,0.0411,0.0513,13.9173,38.9035,0,-0.0365,-0.0365,0.0335,0,0,0.0309,0.0124,0.0534
0.118,1.1372,1.2,0.034,0.0513,13.8343,38.8339,0,-0.0414,-0.0414,0.0351,0,0,0.0309,0.0124,0.0462
0.079,1.1525,1.2,0.0268,0.0513,13.7608,38.7553,0,-0.0342,-0.0342,0.036,0,0,0.0309,0.0124,0.0394
0.1992,1.0726,1.2,0.0292,0.0513,13.6795,38.6756,0,-0.0363,-0.0363,0.0302,0,0,0.0309,0.0124,0.0323
0.2,1.0683,1.2,0.0221,0.0513,13.591,38.5993,0,-0.0394,-0.0394,0.0369,0,0,0.0309,0.0124,0.0379
0.1462,1.1283,1.2,0.015,0.0513,13.5258,38.5212,0,-0.0282,-0.0282,0.0346,0,0,0.0309,0.0124,0.033
0.1063,1.1575,1.2,0.0156,0.0436,13.4523,38.4393,0,-0.019,-0.019,0.0153,0,0,0.0263,0.0105,0.0267
0.2,1.0087,1.2,0.0181,0.0436,13.3712,38.3529,0,-0.0147,-0.0147,0.0173,0,0,0.0263,0.0105,0.0277
0.1999,1.0919,1.2,0.015,0.0436,13.2888,38.2741,0,-0.0162,-0.0162,0.018,0,0,0.0263,0.0105,0.0223
0.1406,1.1753,1.2,0.0079,0.0436,13.2079,38.1866,0,-0.0108,-0.0108,0.0174,0,0,0.0263,0.0105,0.0165
0.1852,1.1304,1.2,0.0008,0.0436,13.1187,38.0951,0,-0.0087,-0.0087,0.0187,0,0,0.0263,0.0105,0.0159
0.1194,1.1812,1.2,-0.0063,0.0436,13.038,38.0114,0,-0.0053,-0.0053,0.0206,0,0,0.0263,0.0105,0.018
-0.0407,1.2668,1.2,0.0008,0.0446,12.9577,37.9331,0,-0.009,-0.009,-0.0068,0,0,0.0269,0.0108,0.0156
0.0295,1.1529,1.2,0.008,0.0446,12.8766,37.855,0,-0.0143,-0.0143,-0.0091,0,0,0.0269,0.0108,0.0103
0.1768,1.1124,1.2,0.0151,0.0446,12.7959,37.7757,0,-0.019,-0.019,-0.0116,0,0,0.0269,0.0108,0.0041
0.1291,1.1159,1.2,0.0222,0.0446,12.7147,37.6893,0,-0.0193,-0.0193,-0.0137,0,0,0.0269,0.0108,-0.0007
0.1124,1.1212,1.2,0.0293,0.0446,12.6338,37.6109,0,-0.0244,-0.0244,-0.0137,0,0,0.0269,0.0108,0.0005
0.0537,1.176,1.2,0.0365,0.0446,12.554,37.5282,0,-0.0246,-0.0246,-0.01,0,0,0.0269,0.0108,0.0087
0.1811,1.1173,1.2,0.0354,0.0405,12.4783,37.4512,0,-0.0244,-0.0244,0.0195,0,0,0.0244,0.0098,0.0143
0.1129,1.1393,1.2,0.0282,0.0405,12.3918,37.3623,0,-0.0206,-0.0206,0.0243,0,0,0.0244,0.0098,0.0206
0.2003,1.0706,1.2,0.0211,0.0405,12.3093,37.2833,0,-0.0222,-0.0222,0.0283,0,0,0.0244,0.0098,0.0267
0.0215,1.2296,1.2,0.014,0.0405,12.2308,37.2028,0,-0.0168,-0.0168,0.0338,0,0,0.0244,0.0098,0.0325
0.1085,1.132,1.2,0.0069,0.0405,12.1531,37.1181,0,-0.0119,-0.0119,0.036,0,0,0.0244,0.0098,0.033
0.1219,1.115,1.2,-0.0003,0.0405,12.0721,37.0295,0,-0.0064,-0.0064,0.0359,0,0,0.0244,0.0098,0.0277
0.0926,1.1396,1.2,0.0069,0.0671,11.995,36.9465,0,-0.0033,-0.0033,-0.0089,0,0,0.0405,0.0162,0.0217
0.036,1.1908,1.2,0.014,0.0671,11.9156,36.8738,0,-0.0135,-0.0135,-0.0103,0,0,0.0405,0.0162,0.0157
0.0827,1.1231,1.2,0.0211,0.0671,11.8392,36.7948,0,-0.0161,-0.0161,-0.0111,0,0,0.0405,0.0162,0.0106
0.1875,1.0667,1.2,0.0283,0.0671,11.761,36.7078,0,-0.0182,-0.0182,-0.0188,0,0,0.0405,0.0162,0.0034
0.1569,1.0904,1.2,0.0354,0.0671,11.6763,36.625,0,-0.0228,-0.0228,-0.0137,0,0,0.0405,0.0162,0.0079
0.0823,1.159,1.2,0.0425,0.0671,11.5982,36.5463,0,-0.026,-0.026,-0.0092,0,0,0.0405,0.0162,0.0139
0.0507,1.1744,1.2,0.0414,0.0573,11.5217,36.464,0,-0.0258,-0.0258,-0.0262,0,0,0.0345,0.0138,0.0185
0.2003,1.0986,1.2,0.0485,0.0573,11.4428,36.3814,0,-0.028,-0.028,-0.0224,0,0,0.0345,0.0138,0.0245
0.1374,1.1145,1.2,0.0556,0.0573,11.3678,36.2941,0,-0.0254,-0.0254,-0.0183,0,0,0.0345,0.0138,0.0309
0.1045,1.1317,1.2,0.0628,0.0573,11.3002,36.2139,0,-0.0214,-0.0214,-0.0129,0,0,0.0345,0.0138,0.0378
0.087,1.1422,1.2,0.0699,0.0573,11.229,36.1299,0,-0.0178,-0.0178,-0.0094,0,0,0.0345,0.0138,0.0393
0.2,1.0404,1.2,0.0771,0.0573,11.1583,36.0376,0,-0.0078,-0.0078,-0.0062,0,0,0.0345,0.0138,0.0438
0.1999,1.0927,1.2,0.0841,0.0573,11.0841,35.9551,0,-0.0072,-0.0072,-0.0003,0,0,0.0345,0.0138,0.0501
0.1027,1.1533,1.2,0.0912,0.0593,11.013,35.8698,0,-0.0056,-0.0056,-0.0347,0,0,0.0358,0.0143,0.0616
0.1828,1.1012,1.2,0.0984,0.0593,10.9432,35.7809,0,-0.0004,-0.0004,-0.0288,0,0,0.0358,0.0143,0.0688
0.1995,1.1015,1.2,0.1055,0.0593,10.8752,35.6887,0,0.0071,0.0071,-0.0228,0,0,0.0358,0.0143,0.0735
0.1332,1.1221,1.2,0.0983,0.0593,10.8082,35.5978,0,0.0147,0.0147,-0.0157,0,0,0.0358,0.0143,0.0796
0.1041,1.1378,1.2,0.0912,0.0593,10.7403,35.5113,0,0.0201,0.0201,-0.0067,0,0,0.0358,0.0143,0.086
0.1058,1.1229,1.2,0.0841,0.0593,10.6721,35.4236,0,0.0259,0.0259,0.0017,0,0,0.0358,0.0143,0.0947
0.1885,1.0913,1.2,0.0769,0.0513,10.601,35.3345,0,0.0293,0.0293,0.0012,0,0,0.0309,0.0124,0.1015
0.1441,1.1034,1.2,0.0698,0.0513,10.5354,35.2437,0,0.0374,0.0374,0.0071,0,0,0.0309,0.0124,0.0995
0.1062,1.1314,1.2,0.0627,0.0513,10.4706,35.1624,0,0.0394,0.0394,0.0109,0,0,0.0309,0.0124,0.0938
0.1374,1.1136,1.2,0.0556,0.0513,10.4019,35.0772,0,0.0398,0.0398,0.0117,0,0,0.0309,0.0124,0.0864
0.2003,1.0313,1.2,0.0484,0.0513,10.3325,34.9883,0,0.0418,0.0418,0.0117,0,0,0.0309,0.0124,0.0801
0.1668,1.0858,1.2,0.0413,0.0513,10.264,34.9041,0,0.042,0.042,0.0144,0,0,0.0309,0.0124,0.0735
0.1493,1.1182,1.2,0.0431,0.0621,10.1984,34.8173,0,0.0455,0.0455,-0.0012,0,0,0.0375,0.015,0.0681
0.1998,1.0766,1.2,0.036,0.0621,10.1308,34.7337,0,0.0439,0.0439,-0.0017,0,0,0.0375,0.015,0.055
0.1998,1.0799,1.2,0.0288,0.0621,10.0644,34.6425,0,0.0474,0.0474,-0.0011,0,0,0.0375,0.015,0.048
0.2,1.0661,1.2,0.0217,0.0621,9.9991,34.5452,0,0.0559,0.0559,0.0002,0,0,0.0375,0.015,0.043
0.1674,1.1183,1.2,0.0148,0.0621,9.9336,34.4596,0,0.057,0.057,0.0024,0,0,0.0375,0.015,0.0399
0.1001,1.1634,1.2,0.0077,0.0621,9.8621,34.3743,0,0.0531,0.0531,0.0046,0,0,0.0375,0.015,0.0382
0.2,1.069,1.2,0.0007,0.0621,9.7961,34.2791,0,0.0585,0.0585,0.0031,0,0,0.0375,0.015,0.0329
0.1989,1.1036,1.2,0.0014,0.0714,9.7285,34.1885,0,0.0594,0.0594,-0.0022,0,0,0.0431,0.0172,0.0259
0.1441,1.1479,1.2,-0.0007,0.0714,9.6627,34.0994,0,0.0605,0.0605,-0.0032,0,0,0.0431,0.0172,0.0198
0.1239,1.1213,1.2,0.0038,0.0714,9.596,34.0149,0,0.0579,0.0579,-0.0051,0,0,0.0431,0.0172,0.014
0.1604,1.0986,1.2,0.01,0.0714,9.5281,33.934,0,0.0521,0.0521,-0.0071,0,0,0.0431,0.0172,0.0089
0.2002,1.0672,1.2,0.0127,0.0714,9.4623,33.844,0,0.0535,0.0535,-0.0089,0,0,0.0431,0.0172,0.004
0.2002,1.0474,1.2,0.0137,0.0714,9.399,33.7597,0,0.0541,0.0541,-0.009,0,0,0.0431,0.0172,0.0022
0.1472,1.1048,1.2,0.0208,0.0859,9.3341,33.6787,0,0.0487,0.0487,-0.0817,0,0,0.0519,0.0208,0.0043
0.1916,1.0454,1.2,0.028,0.0859,9.2758,33.5973,0,0.0473,0.0473,-0.0791,0,0,0.0519,0.0208,0.0094
0.2,1.0289,1.2,0.0351,0.0859,9.2125,33.51,0,0.043,0.043,-0.0769,0,0,0.0519,0.0208,0.0135
0.2,0.9928,1.2,0.0422,0.0859,9.152,33.4262,0,0.0397,0.0397,-0.0755,0,0,0.0519,0.0208,0.0146
0.1838,1.0696,1.2,0.0494,0.0859,9.0836,33.3387,0,0.0281,0.0281,-0.0721,0,0,0.0519,0.0208,0.0197
0.2,1.0245,1.2,0.0565,0.0859,9.016,33.251,0,0.0225,0.0225,-0.0675,0,0,0.0519,0.0208,0.0267
0.151,1.101,1.2,0.0637,0.0859,8.9476,33.1589,0,0.0147,0.0147,-0.0617,0,0,0.0519,0.0208,0.0324
0.1423,1.0983,1.2,0.0565,0.068,8.8835,33.0802,0,0.0075,0.0075,-0.0413,0,0,0.041,0.0164,0.0405
0.0994,1.1377,1.2,0.0637,0.068,8.8207,32.9923,0,0.0051,0.0051,-0.0361,0,0,0.041,0.0164,0.0476
0.2,1.0055,1.2,0.0708,0.068,8.757,32.9037,0,0.0059,0.0059,-0.0328,0,0,0.041,0.0164,0.0525
0.1821,1.0712,1.2,0.0779,0.068,8.6996,32.8238,0,0.0046,0.0046,-0.0239,0,0,0.041,0.0164,0.0653
0.2,0.9763,1.2,0.085,0.068,8.6415,32.7393,0,0.0051,0.0051,-0.0255,0,0,0.041,0.0164,0.0559
0.2,0.9763,1.2,0.0922,0.068,8.5717,32.656,0,-0.0041,-0.0041,-0.0185,0,0,0.041,0.0164,0.066
0.2,1.0167,1.2,0.0924,0.068,8.5165,32.5684,0,-0.0001,-0.0001,-0.0139,0,0,0.041,0.0164,0.0694
0.1763,1.0766,1.2,0.0995,0.0929,8.4567,32.4763,0,-0.0038,-0.0038,-0.0757,0,0,0.0561,0.0225,0.0793
0.2001,1.0274,1.2,0.1067,0.0929,8.4017,32.3852,0,-0.0013,-0.0013,-0.069,0,0,0.0561,0.0225,0.0867
0.1832,1.0905,1.2,0.1138,0.0929,8.3444,32.2949,0,-0.005,-0.005,-0.0598,0,0,0.0561,0.0225,0.092
0.2,1.0573,1.2,0.1209,0.0929,8.2841,32.2034,0,-0.0083,-0.0083,-0.0551,0,0,0.0561,0.0225,0.0927
0.1999,1.0619,1.2,0.1281,0.0929,8.2299,32.1126,0,-0.0073,-0.0073,-0.0473,0,0,0.0561,0.0225,0.0999
0.1646,1.0878,1.2,0.1352,0.0929,8.1734,32.018,0,-0.0065,-0.0065,-0.0385,0,0,0.0561,0.0225,0.1065
0.2003,1.0501,1.2,0.1282,0.0762,8.1165,31.9281,0,-0.006,-0.006,-0.0185,0,0,0.046,0.0184,0.1126
0.1686,1.0946,1.2,0.121,0.0762,8.0619,31.8346,0,-0.0017,-0.0017,-0.0074,0,0,0.046,0.0184,0.1189
0.2001,1.0562,1.2,0.1139,0.0762,8.0059,31.74,0,0.0025,0.0025,0.0008,0,0,0.046,0.0184,0.1245
0.177,1.076,1.2,0.1068,0.0762,7.9568,31.6495,0,0.0105,0.0105,0.011,0,0,0.046,0.0184,0.1291
0.1536,1.0915,1.2,0.0996,0.0762,7.9053,31.551,0,0.0189,0.0189,0.0163,0,0,0.046,0.0184,0.1232
0.2,1.0249,1.2,0.0925,0.0762,7.8556,31.4524,0,0.0285,0.0285,0.019,0,0,0.046,0.0184,0.117
0.1501,1.105,1.2,0.0996,0.1038,7.8054,31.3564,0,0.0358,0.0358,-0.0123,0,0,0.0627,0.0251,0.111
0.2,1.0979,1.2,0.0927,0.1038,7.7549,31.256,0,0.0411,0.0411,-0.0093,0,0,0.0627,0.0251,0.1049
0.1999,1.0765,1.2,0.0859,0.1038,7.7015,31.1693,0,0.0378,0.0378,-0.0061,0,0,0.0627,0.0251,0.0984
0.193,1.1161,1.2,0.0787,0.1038,7.6452,31.0822,0,0.0323,0.0323,-0.0001,0,0,0.0627,0.0251,0.0934
0.2,1.0093,1.2,0.0716,0.1038,7.6033,30.9875,0,0.0433,0.0433,0.0036,0,0,0.0627,0.0251,0.0982
0.2,1.0271,1.2,0.0661,0.1038,7.5426,30.8865,0,0.0394,0.0394,0.007,0,0,0.0627,0.0251,0.0918
0.2001,1.0301,1.2,0.059,0.1038,7.494,30.7888,0,0.0446,0.0446,0.0097,0,0,0.0627,0.0251,0.086
0.0845,1.1681,1.2,0.0661,0.1073,7.4464,30.692,0,0.0461,0.0461,-0.0308,0,0,0.0649,0.0259,0.0798
0.1826,1.0831,1.2,0.0733,0.1073,7.3893,30.5846,0,0.0437,0.0437,-0.0308,0,0,0.0649,0.0259,0.0732
0.1837,1.0709,1.2,0.0804,0.1073,7.3407,30.4845,0,0.0447,0.0447,-0.0289,0,0,0.0649,0.0259,0.0683
0.042,1.2065,1.2,0.0875,0.1073,7.2817,30.3831,0,0.0346,0.0346,-0.026,0,0,0.0649,0.0259,0.0568
0.1674,1.1042,1.2,0.0829,0.1073,7.2344,30.2845,0,0.0388,0.0388,-0.0204,0,0,0.0649,0.0259,0.0676
0.1455,1.1624,1.2,0.0758,0.1073,7.1928,30.1869,0,0.0456,0.0456,-0.0127,0,0,0.0649,0.0259,0.0744
0.1917,1.0855,1.2,0.0817,0.1058,7.1419,30.0882,0,0.0434,0.0434,-0.0494,0,0,0.064,0.0256,0.0804
0.2001,1.0537,1.2,0.0888,0.1058,7.095,29.985,0,0.0445,0.0445,-0.0435,0,0,0.064,0.0256,0.0872
0.1509,1.1011,1.2,0.096,0.1058,7.038,29.8868,0,0.0315,0.0315,-0.0396,0,0,0.064,0.0256,0.0826
0.1139,1.1253,1.2,0.1031,0.1058,6.9934,29.789,0,0.0314,0.0314,-0.0348,0,0,0.064,0.0256,0.0765
0.1052,1.1256,1.2,0.1103,0.1058,6.9506,29.6814,0,0.038,0.038,-0.0273,0,0,0.064,0.0256,0.0817
0.2003,1.0669,1.2,0.1031,0.1058,6.9041,29.5759,0,0.0413,0.0413,-0.0207,0,0,0.064,0.0256,0.0877
0.1019,1.1507,1.2,0.1103,0.1067,6.86,29.464,0,0.0416,0.0416,-0.0948,0,0,0.0645,0.0258,0.0943
0.0839,1.1448,1.2,0.1173,0.1067,6.8218,29.3518,0,0.0452,0.0452,-0.086,0,0,0.0645,0.0258,0.1008
0.0302,1.1955,1.2,0.1245,0.1067,6.7797,29.2405,0,0.0426,0.0426,-0.0757,0,0,0.0645,0.0258,0.1073
0.0284,1.1792,1.2,0.1316,0.1067,6.7403,29.1307,0,0.0438,0.0438,-0.0707,0,0,0.0645,0.0258,0.1042
0.0268,1.1824,1.2,0.1387,0.1067,6.709,29.0205,0,0.0527,0.0527,-0.0631,0,0,0.0645,0.0258,0.1062
0.0784,1.1599,1.2,0.1458,0.1067,6.6639,28.911,0,0.0499,0.0499,-0.0542,0,0,0.0645,0.0258,0.1121
0.1167,1.141,1.2,0.1387,0.0872,6.6245,28.8004,0,0.0539,0.0539,-0.0339,0,0,0.0526,0.0211,0.1179
0.0548,1.1759,1.2,0.1316,0.0872,6.5823,28.6922,0,0.0542,0.0542,-0.022,0,0,0.0526,0.0211,0.1217
0.0481,1.167,1.2,0.1245,0.0872,6.5372,28.5819,0,0.0541,0.0541,-0.0095,0,0,0.0526,0.0211,0.1298
0.0571,1.1537,1.2,0.1174,0.0872,6.4978,28.4662,0,0.0598,0.0598,0.0006,0,0,0.0526,0.0211,0.1362
0.0347,1.1833,1.2,0.1103,0.0872,6.463,28.3517,0,0.0688,0.0688,0.0096,0,0,0.0526,0.0211,0.1345
-0.0005,1.2141,1.2,0.1174,0.1127,6.4309,28.2393,0,0.0786,0.0786,-0.0644,0,0,0.0682,0.0273,0.1307
0.007,1.1911,1.2,0.1245,0.1127,6.3948,28.1246,0,0.0763,0.0763,-0.0602,0,0,0.0682,0.0273,0.1234
0.0591,1.1626,1.2,0.1287,0.1127,6.362,28.0082,0,0.0773,0.0773,-0.0565,0,0,0.0682,0.0273,0.1179
0.0251,1.1947,1.2,0.1345,0.1127,6.3318,27.8923,0,0.0791,0.0791,-0.0503,0,0,0.0682,0.0273,0.112
0.0077,1.2023,1.2,0.1276,0.1127,6.3065,27.7859,0,0.085,0.085,-0.0424,0,0,0.0682,0.0273,0.1129
0.0124,1.191,1.2,0.1205,0.1127,6.2768,27.6773,0,0.0883,0.0883,-0.0328,0,0,0.0682,0.0273,0.1186
0.1617,1.0886,1.2,0.1134,0.1127,6.2512,27.5684,0,0.0969,0.0969,-0.0268,0,0,0.0682,0.0273,0.123
0.1222,1.1194,1.2,0.1062,0.0952,6.2219,27.4617,0,0.0988,0.0988,-0.0208,0,0,0.0575,0.023,0.1272
0.122,1.1137,1.2,0.0991,0.0952,6.1974,27.3542,0,0.105,0.105,-0.014,0,0,0.0575,0.023,0.1263
0.1633,1.099,1.2,0.092,0.0952,6.1638,27.2426,0,0.1028,0.1028,-0.0092,0,0,0.0575,0.023,0.1206
0.1452,1.0973,1.2,0.0848,0.0952,6.1342,27.1369,0,0.1028,0.1028,-0.0043,0,0,0.0575,0.023,0.1142
0.0816,1.1562,1.2,0.0777,0.0952,6.1042,27.0267,0,0.1024,0.1024,0.0006,0,0,0.0575,0.023,0.1081
0.182,1.089,1.2,0.0706,0.0952,6.0784,26.9155,0,0.1063,0.1063,0.0013,0,0,0.0575,0.023,0.1018
0.1164,1.1335,1.2,0.0777,0.1134,6.0489,26.8057,0,0.1033,0.1033,-0.042,0,0,0.0686,0.0274,0.0953
0.116,1.133,1.2,0.0763,0.1134,6.025,26.6959,0,0.1031,0.1031,-0.0396,0,0,0.0686,0.0274,0.0887
0.1034,1.1279,1.2,0.0786,0.1134,6.0023,26.5846,0,0.1046,0.1046,-0.0373,0,0,0.0686,0.0274,0.0819
0.1552,1.1159,1.2,0.0716,0.1134,5.9847,26.4663,0,0.1126,0.1126,-0.0352,0,0,0.0686,0.0274,0.0754
0.1842,1.1271,1.2,0.0647,0.1134,5.9664,26.3609,0,0.1176,0.1176,-0.0299,0,0,0.0686,0.0274,0.0772
0.0948,1.1887,1.2,0.0576,0.1134,5.9422,26.2553,0,0.1162,0.1162,-0.0238,0,0,0.0686,0.0274,0.078
0.1622,1.0628,1.2,0.0625,0.1108,5.9161,26.1506,0,0.1146,0.1146,-0.1028,0,0,0.067,0.0268,0.0796
0.2,1.075,1.2,0.0697,0.1108,5.8948,26.0507,0,0.1061,0.1061,-0.0996,0,0,0.067,0.0268,0.0759
0.1831,1.0702,1.2,0.0768,0.1108,5.8655,25.9377,0,0.0924,0.0924,-0.0966,0,0,0.067,0.0268,0.0699
0.2,1.0135,1.2,0.084,0.1108,5.8493,25.827,0,0.0924,0.0924,-0.0979,0,0,0.067,0.0268,0.0598
0.0972,1.157,1.2,0.0911,0.1108,5.8287,25.716,0,0.0805,0.0805,-0.0898,0,0,0.067,0.0268,0.0626
0.1447,1.1102,1.2,0.0982,0.1108,5.8141,25.6014,0,0.0838,0.0838,-0.0851,0,0,0.067,0.0268,0.0691
0.1172,1.1209,1.2,0.0911,0.0894,5.7904,25.493,0,0.0751,0.0751,-0.1043,0,0,0.054,0.0216,0.0755
0.0845,1.147,1.2,0.0982,0.0894,5.77,25.3817,0,0.0668,0.0668,-0.0965,0,0,0.054,0.0216,0.0819
0.1763,1.1013,1.2,0.1053,0.0894,5.753,25.2773,0,0.0647,0.0647,-0.09,0,0,0.054,0.0216,0.0887
0.1224,1.1226,1.2,0.1125,0.0894,5.7359,25.1769,0,0.059,0.059,-0.0822,0,0,0.054,0.0216,0.0952
0.1999,1.0507,1.2,0.1196,0.0894,5.7346,25.0647,0,0.074,0.074,-0.0781,0,0,0.054,0.0216,0.0933
0.2,1.0102,1.2,0.1267,0.0894,5.7174,24.9548,0,0.071,0.071,-0.073,0,0,0.054,0.0216,0.0956
0.1348,1.1197,1.2,0.1339,0.0894,5.6952,24.8533,0,0.0582,0.0582,-0.0611,0,0,0.054,0.0216,0.102
0.1341,1.1041,1.2,0.141,0.0929,5.6806,24.7544,0,0.0548,0.0548,-0.0918,0,0,0.0561,0.0224,0.1087
0.2,1.0299,1.2,0.1482,0.0929,5.6704,24.6465,0,0.0572,0.0572,-0.086,0,0,0.0561,0.0224,0.1147
0.2,0.9927,1.2,0.1553,0.0929,5.6565,24.5387,0,0.0543,0.0543,-0.0783,0,0,0.0561,0.0224,0.1191
0.1793,1.0771,1.2,0.1622,0.0929,5.6411,24.4261,0,0.0462,0.0462,-0.0647,0,0,0.0561,0.0224,0.1265
0.1749,1.0807,1.2,0.1633,0.0929,5.6315,24.3254,0,0.0466,0.0466,-0.0543,0,0,0.0561,0.0224,0.1324
0.1244,1.1282,1.2,0.1562,0.0929,5.6188,24.2198,0,0.0438,0.0438,-0.0407,0,0,0.0561,0.0224,0.1388
0.2,1.006,1.2,0.1491,0.0929,5.608,24.1129,0,0.0465,0.0465,-0.0336,0,0,0.0561,0.0224,0.1455
0.2004,1.0565,1.2,0.1518,0.0877,5.5976,24.012,0,0.0433,0.0433,-0.0529,0,0,0.053,0.0212,0.1519
0.1854,1.0682,1.2,0.1447,0.0877,5.6334,23.8851,0,0.0907,0.0907,-0.0335,0,0,0.053,0.0212,0.155
0.2,1.0076,1.2,0.1375,0.0877,5.6296,23.7746,0,0.0915,0.0915,-0.0335,0,0,0.053,0.0212,0.1513
0.0008,1.3434,1.2,0.1305,0.0877,5.6207,23.6683,0,0.0843,0.0843,-0.0128,0,0,0.053,0.0212,0.1452
0.1364,1.0979,1.2,0.1234,0.0877,5.6132,23.5632,0,0.0852,0.0852,-0.0156,0,0,0.053,0.0212,0.1449
0.2,1.0586,1.2,0.1162,0.0877,5.6422,23.4447,0,0.1244,0.1244,-0.003,0,0,0.053,0.0212,0.1409
0.2,1.0454,1.2,0.1219,0.086,5.6345,23.3355,0,0.1148,0.1148,-0.0857,0,0,0.0519,0.0208,0.1345
0.017,1.2358,1.2,0.129,0.086,5.625,23.2326,0,0.0933,0.0933,-0.0749,0,0,0.0519,0.0208,0.1284
0.156,1.0846,1.2,0.1361,0.086,5.621,23.1335,0,0.091,0.091,-0.0771,0,0,0.0519,0.0208,0.1227
0.2,1.0246,1.2,0.1433,0.086,5.6171,23.0287,0,0.0851,0.0851,-0.0747,0,0,0.0519,0.0208,0.1182
0.2,0.9847,1.2,0.1361,0.086,5.6553,22.9053,0,0.1237,0.1237,-0.0616,0,0,0.0519,0.0208,0.1168
0.2,1.0398,1.2,0.129,0.086,5.6468,22.7905,0,0.1083,0.1083,-0.0542,0,0,0.0519,0.0208,0.1214
-0.0003,1.3077,1.2,0.1219,0.057,5.6413,22.6763,0,0.0948,0.0948,-0.0301,0,0,0.0343,0.0137,0.1277
0.0549,1.14,1.2,0.1147,0.057,5.6455,22.566,0,0.1001,0.1001,-0.0266,0,0,0.0343,0.0137,0.1339
0.079,1.1337,1.2,0.1076,0.057,5.685,22.4406,0,0.1398,0.1398,-0.0124,0,0,0.0343,0.0137,0.1348
0.191,1.0972,1.2,0.1004,0.057,5.6853,22.333,0,0.135,0.135,-0.012,0,0,0.0343,0.0137,0.1313
-0.0089,1.3262,1.2,0.0933,0.057,5.6835,22.2244,0,0.1277,0.1277,-0.0014,0,0,0.0343,0.0137,0.1224
0.152,1.0665,1.2,0.0862,0.057,5.6829,22.1207,0,0.1242,0.1242,-0.0066,0,0,0.0343,0.0137,0.1167
0.1954,1.0768,1.2,0.0933,0.0691,5.6837,22.0198,0,0.1208,0.1208,-0.0969,0,0,0.0417,0.0167,0.1104
0.2001,1.0283,1.2,0.1004,0.0691,5.6857,21.9037,0,0.1092,0.1092,-0.0946,0,0,0.0417,0.0167,0.1061
0.2,1.0007,1.2,0.1076,0.0691,5.6954,21.8039,0,0.1068,0.1068,-0.0919,0,0,0.0417,0.0167,0.1004
0.1192,1.1506,1.2,0.1064,0.0691,5.7276,21.675,0,0.1175,0.1175,-0.0792,0,0,0.0417,0.0167,0.0897
0.2,0.9962,1.2,0.0993,0.0691,5.7511,21.5598,0,0.1311,0.1311,-0.0785,0,0,0.0417,0.0167,0.0936
0.0001,1.3306,1.2,0.0922,0.0325,5.7621,21.4529,0,0.1162,0.1162,-0.0516,0,0,0.0196,0.0078,0.1
0.0284,1.1689,1.2,0.085,0.0325,5.7732,21.3449,0,0.1197,0.1197,-0.0488,0,0,0.0196,0.0078,0.1073
0.1687,1.0665,1.2,0.0779,0.0325,5.7766,21.2313,0,0.1124,0.1124,-0.0457,0,0,0.0196,0.0078,0.1077
0.1739,1.0783,1.2,0.0708,0.0325,5.7856,21.1211,0,0.1076,0.1076,-0.042,0,0,0.0196,0.0078,0.1005
0.1268,1.1263,1.2,0.0637,0.0325,5.7993,21.0168,0,0.1072,0.1072,-0.0372,0,0,0.0196,0.0078,0.0958
0.1696,1.0973,1.2,0.0565,0.0325,5.812,20.9026,0,0.1058,0.1058,-0.0361,0,0,0.0196,0.0078,0.0863
0.1046,1.14,1.2,0.0494,0.0325,5.8513,20.7907,0,0.1323,0.1323,-0.028,0,0,0.0196,0.0078,0.0796
0.0892,1.14,1.2,0.0422,0.0325,5.8657,20.6808,0,0.1307,0.1307,-0.0288,0,0,0.0196,0.0078,0.0741
0.1008,1.14,1.2,0.0445,0.0435,5.8786,20.5779,0,0.1256,0.1256,-0.0638,0,0,0.0262,0.0105,0.0676
0.1773,1.0993,1.2,0.0443,0.0435,5.8883,20.4681,0,0.1172,0.1172,-0.0655,0,0,0.0262,0.0105,0.0565
0.1527,1.0924,1.2,0.0514,0.0435,5.9022,20.3578,0,0.1122,0.1122,-0.0653,0,0,0.0262,0.0105,0.0487
0.1643,1.0924,1.2,0.0542,0.0435,5.916,20.2357,0,0.1053,0.1053,-0.0629,0,0,0.0262,0.0105,0.0469
0.1539,1.1028,1.2,0.0575,0.0435,5.9298,20.1262,0,0.0999,0.0999,-0.0616,0,0,0.0262,0.0105,0.0432
0.021,1.2184,1.2,0.0559,0.0333,5.9506,20.0238,0,0.0999,0.0999,-0.0861,0,0,0.0201,0.008,0.044
0.1573,1.0951,1.2,0.0631,0.0333,5.9714,19.9214,0,0.1065,0.1065,-0.0826,0,0,0.0201,0.008,0.0506
0.1918,1.037,1.2,0.0702,0.0333,5.9918,19.8149,0,0.1086,0.1086,-0.0797,0,0,0.0201,0.008,0.0529
0.2,1.0376,1.2,0.0773,0.0333,6.0048,19.7081,0,0.1007,0.1007,-0.0762,0,0,0.0201,0.008,0.0551
0.1988,1.0767,1.2,0.0828,0.0333,6.0191,19.6118,0,0.0949,0.0949,-0.0725,0,0,0.0201,0.008,0.0551
0.1994,1.0659,1.2,0.0787,0.0333,6.0353,19.5093,0,0.0925,0.0925,-0.0656,0,0,0.0201,0.008,0.067
0.2,0.9664,1.2,0.0743,0.0333,6.0535,19.4091,0,0.0953,0.0953,-0.0614,0,0,0.0201,0.008,0.0737
0.2,1.0293,1.2,0.0672,0.0333,6.091,19.3046,0,0.1144,0.1144,-0.0474,0,0,0.0201,0.008,0.08
0.2,1.0117,1.2,0.0601,0.0232,6.1121,19.2021,0,0.1144,0.1144,-0.0517,0,0,0.014,0.0056,0.0834
0.1435,1.112,1.2,0.0529,0.0232,6.1272,19.0998,0,0.1059,0.1059,-0.0477,0,0,0.014,0.0056,0.0794
0.2003,1.0381,1.2,0.0459,0.0232,6.148,19.004,0,0.1088,0.1088,-0.0482,0,0,0.014,0.0056,0.0751
0.2,1.0254,1.2,0.0388,0.0232,6.1657,18.8955,0,0.1046,0.1046,-0.0467,0,0,0.014,0.0056,0.069
0.2,0.9732,1.2,0.0323,0.0232,6.1887,18.7908,0,0.1068,0.1068,-0.048,0,0,0.014,0.0056,0.0574
0.2001,1.0908,1.2,0.0252,0.0232,6.2081,18.6842,0,0.1011,0.1011,-0.0457,0,0,0.014,0.0056,0.0499
0.1997,1.0638,1.2,0.0211,0.0266,6.2332,18.5776,0,0.1046,0.1046,-0.0299,0,0,0.016,0.0064,0.0432
0.2006,1.0746,1.2,0.014,0.0266,6.2582,18.4775,0,0.1099,0.1099,-0.0296,0,0,0.016,0.0064,0.0363
0.2003,1.0869,1.2,0.0068,0.0266,6.2784,18.3725,0,0.1092,0.1092,-0.0296,0,0,0.016,0.0064,0.0303
0.2,1.0249,1.2,0.0025,0.0266,6.3005,18.267,0,0.1108,0.1108,-0.0313,0,0,0.016,0.0064,0.0239
0.2006,1.0602,1.2,-0.0046,0.0266,6.3255,18.1703,0,0.1157,0.1157,-0.0316,0,0,0.016,0.0064,0.0205
0.1988,1.0691,1.2,-0.0117,0.0266,6.3642,18.0695,0,0.1357,0.1357,-0.0285,0,0,0.016,0.0064,0.015
0.2,0.9904,1.2,-0.0188,0.0266,6.389,17.9671,0,0.1392,0.1392,-0.033,0,0,0.016,0.0064,0.0092
0.1782,1.0748,1.2,-0.0116,0.0377,6.4073,17.8597,0,0.1312,0.1312,-0.0845,0,0,0.0227,0.0091,0.0054
0.2,1.0441,1.2,-0.0045,0.0377,6.4287,17.754,0,0.1258,0.1258,-0.0883,0,0,0.0227,0.0091,-0.0008
0.1728,1.08,1.2,0.0027,0.0377,6.4493,17.6397,0,0.1146,0.1146,-0.0923,0,0,0.0227,0.0091,-0.0076
0.2002,1.069,1.2,0.0098,0.0377,6.4672,17.5331,0,0.1048,0.1048,-0.0959,0,0,0.0227,0.0091,-0.0145
0.1011,1.1515,1.2,0.0169,0.0377,6.4861,17.4264,0,0.0935,0.0935,-0.0941,0,0,0.0227,0.0091,-0.008
0.1996,1.0713,1.2,0.0241,0.0377,6.5043,17.3224,0,0.0894,0.0894,-0.0926,0,0,0.0227,0.0091,-0.0012
0.1785,1.0745,1.2,0.0169,0.0149,6.5231,17.218,0,0.0824,0.0824,-0.1076,0,0,0.009,0.0036,0.0057
0.2,1.0461,1.2,0.0241,0.0149,6.5424,17.1199,0,0.0776,0.0776,-0.1051,0,0,0.009,0.0036,0.0119
0.1997,1.0526,1.2,0.0312,0.0149,6.5583,17.0189,0,0.0674,0.0674,-0.1013,0,0,0.009,0.0036,0.0181
0.2,0.9909,1.2,0.0383,0.0149,6.5766,16.9167,0,0.0625,0.0625,-0.0986,0,0,0.009,0.0036,0.0241
0.2,1.0136,1.2,0.0454,0.0149,6.5922,16.8123,0,0.0495,0.0495,-0.0981,0,0,0.009,0.0036,0.0185
0.2,1.0297,1.2,0.0526,0.0149,6.6082,16.7187,0,0.0406,0.0406,-0.0948,0,0,0.009,0.0036,0.0245
0.2,1.0461,1.2,0.0597,0.0149,6.6192,16.6133,0,0.0241,0.0241,-0.0911,0,0,0.009,0.0036,0.0309
0.2,0.9426,1.2,0.0668,0.0149,6.6371,16.5097,0,0.0204,0.0204,-0.0876,0,0,0.009,0.0036,0.0379
0.2,1.0499,1.2,0.0662,0.0058,6.6557,16.4188,0,0.0131,0.0131,-0.0697,0,0,0.0035,0.0014,0.0448
0.2,1.0427,1.2,0.0733,0.0058,6.694,16.3104,0,0.0285,0.0285,-0.0585,0,0,0.0035,0.0014,0.0514
0.2,0.9198,1.2,0.0765,0.0058,6.732,16.1973,0,0.0426,0.0426,-0.0541,0,0,0.0035,0.0014,0.0623
0.1322,1.1493,1.2,0.0836,0.0058,6.751,16.0933,0,0.0298,0.0298,-0.0468,0,0,0.0035,0.0014,0.0694
0.0503,1.1848,1.2,0.0866,0.0058,6.7661,15.9904,0,0.0195,0.0195,-0.0431,0,0,0.0035,0.0014,0.0697
0.2,1.0484,1.2,0.0937,0.0058,6.7879,15.8894,0,0.0204,0.0204,-0.0407,0,0,0.0035,0.0014,0.0756
0.2001,1.0306,1.2,0.1009,0.0108,6.8022,15.789,0,0.0095,0.0095,-0.0915,0,0,0.0065,0.0026,0.0789
0.2,1.025,1.2,0.108,0.0108,6.8719,15.6714,0,0.0474,0.0474,-0.0767,0,0,0.0065,0.0026,0.085
0.2,1.0037,1.2,0.1152,0.0108,6.8915,15.5642,0,0.0345,0.0345,-0.0763,0,0,0.0065,0.0026,0.0874
0,1.3791,1.2,0.1223,0.0108,6.9077,15.4584,0,0.0071,0.0071,-0.0607,0,0,0.0065,0.0026,0.0942
0.1486,1.0804,1.2,0.1294,0.0108,6.9294,15.3606,0,0.0106,0.0106,-0.0627,0,0,0.0065,0.0026,0.1005
0.2002,1.0603,1.2,0.1223,0.0108,6.9895,15.2462,0,0.0424,0.0424,-0.0454,0,0,0.0065,0.0026,0.1071
0.2,0.9933,1.2,0.1152,-0.0197,7.0171,15.1362,0,0.0383,0.0383,0.0124,0,0,-0.0119,-0.0047,0.1134
0,1.3032,1.2,0.108,-0.0197,7.0386,15.033,0,0.0399,0.0399,0.0301,0,0,-0.0119,-0.0047,0.1194
0.0736,1.1253,1.2,0.1009,-0.0197,7.1057,14.9208,0,0.0846,0.0846,0.0429,0,0,-0.0119,-0.0047,0.1254
0.1725,1.0446,1.2,0.0938,-0.0197,7.1326,14.8187,0,0.0834,0.0834,0.0393,0,0,-0.0119,-0.0047,0.1218
-0.0275,1.3232,1.2,0.0866,-0.0197,7.1601,14.7183,0,0.0926,0.0926,0.0506,0,0,-0.0119,-0.0047,0.1163
0.1461,1.0466,1.2,0.0795,-0.0197,7.19,14.6171,0,0.0918,0.0918,0.0438,0,0,-0.0119,-0.0047,0.1105
0.1921,1.0324,1.2,0.0724,-0.0197,7.2205,14.5204,0,0.0993,0.0993,0.047,0,0,-0.0119,-0.0047,0.104
0.2,1.0475,1.2,0.0795,0.0072,7.2927,14.391,0,0.138,0.138,0.0124,0,0,0.0043,0.0017,0.0966
0.2,1.007,1.2,0.0724,0.0072,7.3308,14.284,0,0.1418,0.1418,0.0089,0,0,0.0043,0.0017,0.0899
0,1.4878,1.2,0.0652,0.0072,7.3608,14.1779,0,0.1434,0.1434,0.0213,0,0,0.0043,0.0017,0.0838
0.0744,1.1262,1.2,0.0581,0.0072,7.3873,14.0735,0,0.136,0.136,0.0133,0,0,0.0043,0.0017,0.0771
0.1223,1.0927,1.2,0.0509,0.0072,7.4216,13.9635,0,0.1383,0.1383,0.0173,0,0,0.0043,0.0017,0.0804
0.1987,1.0677,1.2,0.0438,-0.0152,7.4596,13.8578,0,0.1447,0.1447,0.0439,0,0,-0.0092,-0.0037,0.0762
0.1091,1.1427,1.2,0.0367,-0.0152,7.4898,13.7597,0,0.1504,0.1504,0.0475,0,0,-0.0092,-0.0037,0.0699
0.1077,1.1143,1.2,0.0295,-0.0152,7.5676,13.645,0,0.1991,0.1991,0.0551,0,0,-0.0092,-0.0037,0.059
0.2,1.0179,1.2,0.0224,-0.0152,7.6079,13.5428,0,0.206,0.206,0.0495,0,0,-0.0092,-0.0037,0.0508
0,1.3925,1.2,0.0152,-0.0152,7.6495,13.437,0,0.2265,0.2265,0.0529,0,0,-0.0092,-0.0037,0.0438
0.1101,1.089,1.2,0.0081,-0.0152,7.6876,13.3343,0,0.2276,0.2276,0.048,0,0,-0.0092,-0.0037,0.0369
0.1026,1.1274,1.2,0.0129,-0.0011,7.7221,13.2297,0,0.2325,0.2325,-0.0035,0,0,-0.0007,-0.0003,0.0315
0.1905,1.0861,1.2,0.0058,-0.0011,7.7583,13.1297,0,0.2347,0.2347,-0.005,0,0,-0.0007,-0.0003,0.0255
0.1554,1.0925,1.2,-0.0014,-0.0011,7.7903,13.0254,0,0.2312,0.2312,-0.0066,0,0,-0.0007,-0.0003,0.0197
0.2,1.0541,1.2,-0.0085,-0.0011,7.8347,12.9273,0,0.2416,0.2416,-0.0085,0,0,-0.0007,-0.0003,0.0135
0.1837,1.0817,1.2,-0.0157,-0.0011,7.8696,12.8274,0,0.2426,0.2426,-0.0081,0,0,-0.0007,-0.0003,0.0143
0.1999,1.0687,1.2,-0.0228,-0.0011,7.9088,12.731,0,0.2485,0.2485,-0.0094,0,0,-0.0007,-0.0003,0.011
0.1999,1.0484,1.2,-0.0299,-0.0011,7.944,12.6266,0,0.2476,0.2476,-0.0119,0,0,-0.0007,-0.0003,0.0055
-0.2,1.0319,1.16,-0.0371,-0.0252,7.9801,12.5239,0,0.2491,0.2491,0.042,0,0,-0.0152,-0.0061,-0.0014
-0.2,1.0928,1.12,-0.0442,-0.0252,8.0183,12.4208,0,0.2583,0.2583,0.0383,0,0,-0.0152,-0.0061,-0.0082
-0.2,1.0791,1.08,-0.0514,-0.0252,8.0644,12.3168,0,0.2729,0.2729,0.0337,0,0,-0.0152,-0.0061,-0.0149
-0.2,1.0898,1.04,-0.0585,-0.0252,8.1027,12.2116,0,0.2799,0.2799,0.0286,0,0,-0.0152,-0.0061,-0.0218
-0.2,1.1262,1,-0.0655,-0.0252,8.1336,12.116,0,0.282,0.282,0.0225,0,0,-0.0152,-0.0061,-0.0288
-0.2,1.1105,0.96,-0.0727,-0.0252,8.1641,12.0121,0,0.2814,0.2814,0.0178,0,0,-0.0152,-0.0061,-0.0347
-0.2,0.9953,0.92,-0.0798,-0.0252,8.1989,11.9151,0,0.2859,0.2859,0.0131,0,0,-0.0152,-0.0061,-0.0459
-0.2,1.0737,0.88,-0.0727,0.0063,8.232,11.8194,0,0.2897,0.2897,0.0098,0,0,0.0038,0.0015,-0.0545
-0.2,1.0221,0.84,-0.0798,0.0063,8.2647,11.7241,0,0.2933,0.2933,0.004,0,0,0.0038,0.0015,-0.0616
-0.2,1.0033,0.8,-0.087,0.0063,8.2896,11.6315,0,0.2889,0.2889,-0.0051,0,0,0.0038,0.0015,-0.0685
-0.1999,0.9976,0.7629,-0.0941,0.0063,8.3188,11.5292,0,0.2876,0.2876,-0.0114,0,0,0.0038,0.0015,-0.0752
-0.1999,0.9522,0.7295,-0.1012,0.0063,8.3437,11.4326,0,0.284,0.284,-0.0158,0,0,0.0038,0.0015,-0.0733
-0.1999,1.0549,0.6994,-0.1083,0.0063,8.3684,11.325,0,0.2757,0.2757,-0.0244,0,0,0.0038,0.0015,-0.0756
-0.1999,0.9906,0.6723,-0.1154,0.0063,8.393,11.231,0,0.2723,0.2723,-0.0306,0,0,0.0038,0.0015,-0.0816
-0.2,1.0959,0.6415,-0.1147,0.0155,8.4187,11.1294,0,0.2663,0.2663,-0.0276,0,0,0.0093,0.0037,-0.0877
-0.2,0.9639,0.6138,-0.1218,0.0155,8.4363,11.0324,0,0.2575,0.2575,-0.0322,0,0,0.0093,0.0037,-0.0939
-0.2,1.0398,0.5889,-0.1249,0.0155,8.4545,10.9389,0,0.2472,0.2472,-0.0417,0,0,0.0093,0.0037,-0.0974
-0.2,0.9803,0.5665,-0.1177,0.0155,8.4732,10.8556,0,0.2422,0.2422,-0.0488,0,0,0.0093,0.0037,-0.1066
-0.2,0.8475,0.5463,-0.1169,0.0155,8.4987,10.7801,0,0.2487,0.2487,-0.0511,0,0,0.0093,0.0037,-0.1111
-0.1999,0.8475,0.5281,-0.1097,0.0155,8.4907,10.7149,0,0.2231,0.2231,-0.0552,0,0,0.0093,0.0037,-0.1111
-0.2,0.8475,0.5117,-0.1026,0.0155,8.5183,10.6264,0,0.2235,0.2235,-0.0663,0,0,0.0093,0.0037,-0.117
-0.2,0.6589,0.497,-0.0954,0.0155,8.5284,10.5484,0,0.2182,0.2182,-0.0647,0,0,0.0093,0.0037,-0.1159
-0.2,0.916,0.4838,-0.0884,0.0155,8.5243,10.501,0,0.1935,0.1935,-0.073,0,0,0.0093,0.0037,-0.1113
-0.2,0.7825,0.4718,-0.0814,0.0155,8.5382,10.4333,0,0.1924,0.1924,-0.0749,0,0,0.0093,0.0037,-0.11
-0.1439,0.4725,0.4611,-0.0745,0.0155,8.555,10.3615,0,0.2005,0.2005,-0.069,0,0,0.0093,0.0037,-0.103
-0.2,0.6866,0.4457,-0.0673,0.0327,8.5643,10.2975,0,0.1849,0.1849,-0.0723,0,0,0.0197,0.0079,-0.0962
-0.2,0.7304,0.4318,-0.0602,0.0327,8.5743,10.2446,0,0.1794,0.1794,-0.0752,0,0,0.0197,0.0079,-0.0905
-0.2,0.6424,0.4194,-0.0531,0.0327,8.5757,10.1963,0,0.1718,0.1718,-0.0738,0,0,0.0197,0.0079,-0.0829
-0.2,0.5342,0.4081,-0.0459,0.0327,8.5881,10.1441,0,0.1743,0.1743,-0.0735,0,0,0.0197,0.0079,-0.0776
-0.2,0.4815,0.398,-0.0388,0.0327,8.5973,10.0868,0,0.1706,0.1706,-0.0748,0,0,0.0197,0.0079,-0.0692
-0.2,0.5315,0.3889,-0.0317,0.0327,8.6005,10.0357,0,0.159,0.159,-0.0772,0,0,0.0197,0.0079,-0.0641
-0.2,0.5757,0.3807,-0.0245,0.0327,8.5999,9.9883,0,0.1452,0.1452,-0.0773,0,0,0.0197,0.0079,-0.0541
-0.2,0.5089,0.3734,-0.0174,0.0327,8.6091,9.9508,0,0.1474,0.1474,-0.0763,0,0,0.0197,0.0079,-0.0491
-0.2,0.4713,0.3667,-0.0103,0.0327,8.6181,9.9032,0,0.1455,0.1455,-0.0772,0,0,0.0197,0.0079,-0.0368
-0.1172,0.3831,0.3608,-0.0097,0.0327,8.6266,9.8589,0,0.1463,0.1463,-0.0767,0,0,0.0197,0.0079,-0.0278
-0.2,0.4794,0.3554,-0.0026,0.0327,8.6299,9.8143,0,0.1349,0.1349,-0.0776,0,0,0.0197,0.0079,-0.0231
-0.185,0.4475,0.3506,0.0012,0.0327,8.6384,9.7717,0,0.134,0.134,-0.0771,0,0,0.0197,0.0079,-0.0153
-0.1799,0.444,0.3462,-0.0048,0.0327,8.6477,9.7475,0,0.1379,0.1379,-0.074,0,0,0.0197,0.0079,-0.0061
-0.1652,0.4305,0.3423,0.0017,0.0327,8.6501,9.7056,0,0.1302,0.1302,-0.0757,0,0,0.0197,0.0079,-0.0057
-0.147,0.4175,0.3388,0.0002,0.0327,8.659,9.679,0,0.1333,0.1333,-0.0741,0,0,0.0197,0.0079,-0.0045
-0.1473,0.4175,0.3356,0.0002,0.0327,8.6616,9.6417,0,0.1269,0.1269,-0.0724,0,0,0.0197,0.0079,0.0049
-0.0033,0.2789,0.3328,0.0005,0.0327,8.6715,9.6079,0,0.1332,0.1332,-0.0746,0,0,0.0197,0.0079,-0.0002
-0.0549,0.3711,0.3302,0.0011,0.0327,8.6745,9.5935,0,0.1293,0.1293,-0.0734,0,0,0.0197,0.0079,0.0053
-0.0523,0.3481,0.3279,0.0036,0.0327,8.6827,9.5677,0,0.1317,0.1317,-0.0748,0,0,0.0197,0.0079,0.0044
0.1502,0.146,0.3258,0.0014,0.0327,8.685,9.5441,0,0.1357,0.1357,-0.0758,0,0,0.0197,0.0079,0.004
0.0826,0.2675,0.3239,0.0061,0.0327,8.6886,9.5247,0,0.1298,0.1298,-0.0763,0,0,0.0197,0.0079,0.0044
0.1353,0.2354,0.3222,0.0076,0.0327,8.6928,9.5103,0,0.1315,0.1315,-0.0768,0,0,0.0197,0.0079,0.0049
0.1932,0.1958,0.3207,0.0096,0.0327,8.6929,9.4925,0,0.1289,0.1289,-0.0768,0,0,0.0197,0.0079,0.0073
0.2,0.1481,0.3193,0.0155,0.0327,8.6926,9.4752,0,0.1262,0.1262,-0.0769,0,0,0.0197,0.0079,0.0056
0.1856,0.1764,0.3181,0.0193,0.0327,8.6939,9.4606,0,0.1229,0.1229,-0.0765,0,0,0.0197,0.0079,0.0096
0.1998,0.1719,0.317,0.0176,0.0327,8.695,9.4414,0,0.1195,0.1195,-0.0767,0,0,0.0197,0.0079,0.0108
0.2,0.1449,0.316,0.0244,0.0327,8.6944,9.4255,0,0.1161,0.1161,-0.0764,0,0,0.0197,0.0079,0.0134
0.1704,0.1906,0.3151,0.0305,0.0327,8.6955,9.4117,0,0.1122,0.1122,-0.0758,0,0,0.0197,0.0079,0.0186
0.1999,0.1579,0.3143,0.0252,0.0327,8.6965,9.3911,0,0.1094,0.1094,-0.0753,0,0,0.0197,0.0079,0.021
0.2,0.1378,0.3136,0.0323,0.0327,8.6976,9.3687,0,0.1058,0.1058,-0.0755,0,0,0.0197,0.0079,0.0197
0.1113,0.2035,0.3078,0.039,0.0487,8.7056,9.3523,0,0.1076,0.1076,-0.0642,0,0,0.0294,0.0118,0.0253
0.085,0.2228,0.3026,0.032,0.0487,8.7097,9.3238,0,0.1045,0.1045,-0.063,0,0,0.0294,0.0118,0.031
0.1564,0.1814,0.298,0.0273,0.0487,8.7086,9.2948,0,0.098,0.098,-0.0637,0,0,0.0294,0.0118,0.0274
0.0222,0.2848,0.2938,0.0202,0.0487,8.7336,9.267,0,0.1134,0.1134,-0.0575,0,0,0.0294,0.0118,0.034
-0.015,0.2887,0.29,0.0131,0.0487,8.7424,9.2363,0,0.1143,0.1143,-0.0595,0,0,0.0294,0.0118,0.0387
-0.1207,0.3838,0.2866,0.0059,0.0487,8.7595,9.2113,0,0.1222,0.1222,-0.0599,0,0,0.0294,0.0118,0.0329
-0.0886,0.3157,0.2835,0.0044,0.0487,8.7627,9.1834,0,0.1209,0.1209,-0.0604,0,0,0.0294,0.0118,0.0287
-0.0634,0.2985,0.2808,-0.0028,0.0487,8.7892,9.1371,0,0.138,0.138,-0.0511,0,0,0.0294,0.0118,0.0221
-0.0383,0.2779,0.2783,-0.0099,0.0487,8.8031,9.0575,0,0.1332,0.1332,-0.054,0,0,0.0294,0.0118,0.0167
-0.2,0.5486,0.2761,-0.0028,0.0487,8.795,9.0223,0,0.1087,0.1087,-0.0575,0,0,0.0294,0.0118,0.0118
-0.2,0.8012,0.2696,0.0044,0.0703,8.7939,8.9952,0,0.0927,0.0927,-0.0743,0,0,0.0424,0.017,0.0086
-0.1539,0.3665,0.2682,-0.0028,0.0487,8.8009,8.9694,0,0.1067,0.1067,-0.0625,0,0,0.0294,0.0118,0.0039
-0.054,0.2718,0.267,0.0044,0.0487,8.8068,8.9545,0,0.1119,0.1119,-0.0633,0,0,0.0294,0.0118,-0.0026
-0.0258,0.2652,0.2659,0.0115,0.0487,8.8074,8.9242,0,0.1057,0.1057,-0.0632,0,0,0.0294,0.0118,0.0011
0.1044,0.1589,0.2649,0.0066,0.0487,8.8215,8.9081,0,0.1193,0.1193,-0.0592,0,0,0.0294,0.0118,0.0085
