u_a,v_real,v_ref,u_delta,delta_d,px,py,theta1,cte,cte_real,epsi,vx,vy,kappa,beta,steer
0.2000,0.0822,0.1022,0.0047,-0.0035,59.4942,143.3646,0.0000,-0.1145,-0.1145,0.0338,0.0000,0.0000,-0.0021,-0.0008,-0.0000
0.1998,0.0001,0.1222,0.0093,-0.0035,59.4973,143.3557,0.0000,-0.1249,-0.1249,0.0337,0.0000,0.0000,-0.0021,-0.0008,-0.0000
0.1999,0.0558,0.1422,0.0177,-0.0035,59.4908,143.3589,0.0000,-0.1207,-0.1207,0.0342,0.0000,0.0000,-0.0021,-0.0008,-0.0000
0.1999,0.0950,0.1622,0.0261,-0.0035,59.4897,143.3577,0.0000,-0.1212,-0.1212,0.0335,0.0000,0.0000,-0.0021,-0.0008,-0.0000
0.1998,0.0730,0.1822,0.0344,-0.0035,59.4923,143.3648,0.0000,-0.1145,-0.1145,0.0341,0.0000,0.0000,-0.0021,-0.0008,0.0046
0.2000,0.0001,0.2022,0.0398,-0.0035,59.4957,143.3617,0.0000,-0.1188,-0.1188,0.0337,0.0000,0.0000,-0.0021,-0.0008,0.0086
0.2000,0.0771,0.2222,0.0482,-0.0035,59.4921,143.3659,0.0000,-0.1133,-0.1133,0.0345,0.0000,0.0000,-0.0021,-0.0008,0.0145
0.2000,0.0001,0.2422,0.0523,-0.0035,59.4959,143.3612,0.0000,-0.1194,-0.1194,0.0343,0.0000,0.0000,-0.0021,-0.0008,0.0219
0.1999,0.0567,0.2622,0.0607,-0.0035,59.4972,143.3562,0.0000,-0.1234,-0.1234,0.0349,0.0000,0.0000,-0.0021,-0.0008,0.0289
0.1999,0.0594,0.2822,0.0670,-0.0035,59.4971,143.3651,0.0000,-0.1144,-0.1144,0.0351,0.0000,0.0000,-0.0021,-0.0008,0.0349
0.1999,0.0509,0.3022,0.0730,-0.0035,59.4936,143.3595,0.0000,-0.1202,-0.1202,0.0348,0.0000,0.0000,-0.0021,-0.0008,0.0413
0.2000,0.0675,0.3222,0.0814,-0.0035,59.4974,143.3589,0.0000,-0.1205,-0.1205,0.0357,0.0000,0.0000,-0.0021,-0.0008,0.0465
0.2000,0.0675,0.3422,0.0847,-0.0035,59.4936,143.3633,0.0000,-0.1161,-0.1161,0.0359,0.0000,0.0000,-0.0021,-0.0008,0.0526
0.2000,0.0575,0.3622,0.0865,-0.0035,59.5024,143.3609,0.0000,-0.1187,-0.1187,0.0357,0.0000,0.0000,-0.0021,-0.0008,0.0625
0.2000,0.0575,0.3822,0.0861,-0.0035,59.5014,143.3672,0.0000,-0.1125,-0.1125,0.0364,0.0000,0.0000,-0.0021,-0.0008,0.0690
0.2000,0.0908,0.4022,0.0882,-0.0035,59.4977,143.3596,0.0000,-0.1194,-0.1194,0.0373,0.0000,0.0000,-0.0021,-0.0008,0.0739
0.2000,0.0650,0.4222,0.0849,-0.0035,59.4927,143.3651,0.0000,-0.1142,-0.1142,0.0370,0.0000,0.0000,-0.0021,-0.0008,0.0786
0.2000,0.0831,0.4422,0.0860,-0.0035,59.4995,143.3559,0.0000,-0.1232,-0.1232,0.0372,0.0000,0.0000,-0.0021,-0.0008,0.0806
0.2000,0.0748,0.4622,0.0823,-0.0035,59.4932,143.3610,0.0000,-0.1181,-0.1181,0.0374,0.0000,0.0000,-0.0021,-0.0008,0.0805
0.2000,0.1148,0.4822,0.0801,-0.0035,59.4998,143.3613,0.0000,-0.1173,-0.1173,0.0381,0.0000,0.0000,-0.0021,-0.0008,0.0813
0.2000,0.0817,0.5022,0.0777,-0.0035,59.4976,143.3579,0.0000,-0.1212,-0.1212,0.0374,0.0000,0.0000,-0.0021,-0.0008,0.0800
0.2000,0.0654,0.5222,0.0738,-0.0035,59.4957,143.3633,0.0000,-0.1160,-0.1160,0.0372,0.0000,0.0000,-0.0021,-0.0008,0.0797
0.2000,0.0001,0.5422,0.0680,-0.0035,59.4941,143.3705,0.0000,-0.1100,-0.1100,0.0354,0.0000,0.0000,-0.0021,-0.0008,0.0784
0.2000,0.0577,0.5622,0.0640,-0.0035,59.4936,143.3566,0.0000,-0.1229,-0.1229,0.0366,0.0000,0.0000,-0.0021,-0.0008,0.0760
0.2000,0.0721,0.5822,0.0585,-0.0035,59.4875,143.3617,0.0000,-0.1174,-0.1174,0.0375,0.0000,0.0000,-0.0021,-0.0008,0.0742
0.2000,0.1382,0.6022,0.0581,-0.0035,59.5005,143.3530,0.0000,-0.1251,-0.1251,0.0385,0.0000,0.0000,-0.0021,-0.0008,0.0723
0.2000,0.0805,0.6222,0.0532,-0.0035,59.4980,143.3611,0.0000,-0.1180,-0.1180,0.0379,0.0000,0.0000,-0.0021,-0.0008,0.0682
0.1999,0.1565,0.6422,0.0483,-0.0035,59.5204,143.3547,0.0000,-0.1233,-0.1233,0.0386,0.0000,0.0000,-0.0021,-0.0008,0.0596
0.1999,0.0878,0.6622,0.0417,-0.0035,59.5305,143.3617,0.0000,-0.1177,-0.1177,0.0386,0.0000,0.0000,-0.0021,-0.0008,0.0545
0.1999,0.2311,0.6822,0.0393,-0.0035,59.5509,143.3548,0.0000,-0.1220,-0.1220,0.0408,0.0000,0.0000,-0.0021,-0.0008,0.0523
0.1999,0.1254,0.7022,0.0344,-0.0035,59.5797,143.3597,0.0000,-0.1194,-0.1194,0.0404,0.0000,0.0000,-0.0021,-0.0008,0.0498
0.1999,0.2132,0.7222,0.0368,0.0057,59.6142,143.3585,0.0000,-0.1189,-0.1189,0.0487,0.0000,0.0000,0.0034,0.0014,0.0460
0.1999,0.2909,0.7422,0.0295,0.0057,59.6523,143.3657,0.0000,-0.1098,-0.1098,0.0510,0.0000,0.0000,0.0034,0.0014,0.0416
0.1999,0.3420,0.7622,0.0217,0.0057,59.6982,143.3700,0.0000,-0.1043,-0.1043,0.0521,0.0000,0.0000,0.0034,0.0014,0.0378
0.1999,0.3855,0.7822,0.0133,0.0057,59.7369,143.3746,0.0000,-0.0986,-0.0986,0.0536,0.0000,0.0000,0.0034,0.0014,0.0341
0.1999,0.4575,0.8022,0.0049,0.0057,59.7891,143.3810,0.0000,-0.0903,-0.0903,0.0553,0.0000,0.0000,0.0034,0.0014,0.0343
0.2000,0.3861,0.8222,-0.0035,0.0057,59.8362,143.3871,0.0000,-0.0862,-0.0862,0.0553,0.0000,0.0000,0.0034,0.0014,0.0312
0.2000,0.5220,0.8422,-0.0118,0.0057,59.8922,143.3948,0.0000,-0.0751,-0.0751,0.0559,0.0000,0.0000,0.0034,0.0014,0.0266
0.2000,0.4717,0.8622,-0.0126,0.0089,59.9587,143.3995,0.0000,-0.0723,-0.0723,0.0479,0.0000,0.0000,0.0054,0.0021,0.0197
0.2000,0.5602,0.8822,-0.0178,0.0089,60.0082,143.4059,0.0000,-0.0645,-0.0645,0.0476,0.0000,0.0000,0.0054,0.0021,0.0138
0.2000,0.6608,0.9022,-0.0195,0.0089,60.0777,143.4067,0.0000,-0.0630,-0.0630,0.0446,0.0000,0.0000,0.0054,0.0021,0.0045
0.2000,0.4949,0.9222,-0.0206,0.0089,60.1575,143.4160,0.0000,-0.0585,-0.0585,0.0432,0.0000,0.0000,0.0054,0.0021,-0.0040
0.2000,0.6900,0.9422,-0.0230,0.0089,60.2164,143.4237,0.0000,-0.0481,-0.0481,0.0400,0.0000,0.0000,0.0054,0.0021,-0.0093
0.1999,0.7967,0.9622,-0.0146,0.0262,60.2897,143.4237,0.0000,-0.0473,-0.0473,0.0539,0.0000,0.0000,0.0158,0.0063,-0.0131
0.2000,0.5880,0.9822,-0.0230,0.0089,60.3656,143.4248,0.0000,-0.0517,-0.0517,0.0369,0.0000,0.0000,0.0054,0.0021,-0.0161
0.2000,0.7273,1.0022,-0.0146,0.0262,60.4392,143.4306,0.0000,-0.0429,-0.0429,0.0505,0.0000,0.0000,0.0158,0.0063,-0.0172
0.2000,0.7526,1.0222,-0.0230,0.0262,60.5248,143.4393,0.0000,-0.0338,-0.0338,0.0490,0.0000,0.0000,0.0158,0.0063,-0.0193
0.2000,0.7316,1.0422,-0.0300,0.0262,60.5988,143.4464,0.0000,-0.0278,-0.0278,0.0468,0.0000,0.0000,0.0158,0.0063,-0.0158
0.1999,0.8523,1.0622,-0.0384,0.0262,60.6900,143.4513,0.0000,-0.0200,-0.0200,0.0455,0.0000,0.0000,0.0158,0.0063,-0.0183
0.1999,0.7370,1.0822,-0.0372,0.0262,60.7763,143.4490,0.0000,-0.0255,-0.0255,0.0443,0.0000,0.0000,0.0158,0.0063,-0.0132
0.1999,0.9057,1.1022,-0.0456,0.0075,60.8464,143.4578,0.0000,-0.0190,-0.0190,-0.0041,0.0000,0.0000,0.0045,0.0018,-0.0181
0.1999,0.8572,1.1222,-0.0372,0.0075,60.9479,143.4562,0.0000,-0.0267,-0.0267,-0.0094,0.0000,0.0000,0.0045,0.0018,-0.0256
0.2000,0.6994,1.1422,-0.0289,0.0075,61.0431,143.4650,0.0000,-0.0223,-0.0223,-0.0125,0.0000,0.0000,0.0045,0.0018,-0.0326
0.1999,1.0076,1.1622,-0.0205,0.0075,61.1237,143.4732,0.0000,-0.0217,-0.0217,-0.0201,0.0000,0.0000,0.0045,0.0018,-0.0337
0.1999,0.9478,1.1822,-0.0122,0.0075,61.1970,143.4749,0.0000,-0.0243,-0.0243,-0.0250,0.0000,0.0000,0.0045,0.0018,-0.0440
0.2000,0.8019,1.2022,-0.0038,0.0288,61.2996,143.4798,0.0000,-0.0219,-0.0219,0.0290,0.0000,0.0000,0.0174,0.0069,-0.0366
0.2000,0.7270,1.2222,-0.0065,0.0288,61.3840,143.4920,0.0000,-0.0098,-0.0098,0.0303,0.0000,0.0000,0.0174,0.0069,-0.0279
0.1999,1.0186,1.2422,-0.0147,0.0288,61.4756,143.4926,0.0000,-0.0038,-0.0038,0.0295,0.0000,0.0000,0.0174,0.0069,-0.0182
0.1999,0.8445,1.2622,-0.0185,0.0288,61.5671,143.4959,0.0000,-0.0017,-0.0017,0.0322,0.0000,0.0000,0.0174,0.0069,-0.0095
0.1999,0.9084,1.2822,-0.0254,0.0288,61.6665,143.5049,0.0000,0.0096,0.0096,0.0331,0.0000,0.0000,0.0174,0.0069,-0.0024
0.1999,0.9082,1.3022,-0.0257,0.0323,61.7738,143.5060,0.0000,0.0112,0.0112,0.0338,0.0000,0.0000,0.0194,0.0078,-0.0043
0.1999,0.9885,1.3222,-0.0248,0.0323,61.8896,143.5055,0.0000,0.0124,0.0124,0.0296,0.0000,0.0000,0.0194,0.0078,-0.0119
0.1999,1.0643,1.3422,-0.0238,0.0323,61.9973,143.5135,0.0000,0.0211,0.0211,0.0247,0.0000,0.0000,0.0194,0.0078,-0.0160
0.1999,1.1483,1.3622,-0.0240,0.0323,62.1035,143.5203,0.0000,0.0289,0.0289,0.0204,0.0000,0.0000,0.0194,0.0078,-0.0218
0.1999,1.0697,1.3822,-0.0156,0.0590,62.2179,143.5192,0.0000,0.0264,0.0264,0.0065,0.0000,0.0000,0.0356,0.0142,-0.0223
0.2000,1.0551,1.4022,-0.0072,0.0590,62.3235,143.5257,0.0000,0.0321,0.0321,0.0046,0.0000,0.0000,0.0356,0.0142,-0.0212
0.2000,1.1349,1.4222,0.0012,0.0590,62.4359,143.5231,0.0000,0.0289,0.0289,0.0018,0.0000,0.0000,0.0356,0.0142,-0.0211
0.2000,1.0479,1.4422,0.0096,0.0590,62.5388,143.5279,0.0000,0.0331,0.0331,0.0008,0.0000,0.0000,0.0356,0.0142,-0.0206
0.2000,1.1153,1.4622,0.0020,0.0430,62.6521,143.5320,0.0000,0.0378,0.0378,-0.0054,0.0000,0.0000,0.0259,0.0104,-0.0123
0.1999,1.0214,1.4822,0.0104,0.0430,62.7596,143.5391,0.0000,0.0455,0.0455,-0.0023,0.0000,0.0000,0.0259,0.0104,-0.0042
0.1999,1.1231,1.5022,0.0112,0.0430,62.8711,143.5529,0.0000,0.0600,0.0600,0.0008,0.0000,0.0000,0.0259,0.0104,0.0035
0.1999,1.0688,1.5222,0.0128,0.0430,63.0106,143.5439,0.0000,0.0514,0.0514,0.0034,0.0000,0.0000,0.0259,0.0104,0.0101
0.1999,1.1143,1.5422,0.0044,0.0260,63.1297,143.5505,0.0000,0.0578,0.0578,-0.0126,0.0000,0.0000,0.0157,0.0063,0.0046
0.1999,1.3861,1.5622,0.0047,0.0260,63.2494,143.5586,0.0000,0.0635,0.0635,-0.0085,0.0000,0.0000,0.0157,0.0063,0.0113
0.1999,1.1823,1.5822,0.0058,0.0260,63.3828,143.5626,0.0000,0.0666,0.0666,-0.0077,0.0000,0.0000,0.0157,0.0063,0.0123
0.1999,1.1906,1.6022,0.0045,0.0260,63.5027,143.5700,0.0000,0.0720,0.0720,-0.0070,0.0000,0.0000,0.0157,0.0063,0.0129
0.2000,1.3230,1.6222,0.0010,0.0143,63.6506,143.5674,0.0000,0.0636,0.0636,-0.0235,0.0000,0.0000,0.0086,0.0034,0.0062
0.2000,1.1910,1.6422,0.0089,0.0143,63.7651,143.5764,0.0000,0.0705,0.0705,-0.0232,0.0000,0.0000,0.0086,0.0034,0.0063
0.2000,1.4669,1.6622,0.0130,0.0143,63.8939,143.5775,0.0000,0.0643,0.0643,-0.0224,0.0000,0.0000,0.0086,0.0034,0.0068
0.2000,1.1386,1.6822,0.0158,0.0143,64.0383,143.5829,0.0000,0.0681,0.0681,-0.0239,0.0000,0.0000,0.0086,0.0034,0.0053
0.2000,1.2766,1.7022,0.0074,-0.0112,64.1733,143.5933,0.0000,0.0696,0.0696,-0.0488,0.0000,0.0000,-0.0067,-0.0027,0.0034
0.2000,1.4334,1.7222,0.0140,-0.0112,64.3230,143.6030,0.0000,0.0686,0.0686,-0.0445,0.0000,0.0000,-0.0067,-0.0027,0.0099
0.2000,1.3426,1.7422,0.0144,-0.0112,64.4723,143.5999,0.0000,0.0608,0.0608,-0.0407,0.0000,0.0000,-0.0067,-0.0027,0.0136
0.2000,1.4875,1.7622,0.0114,-0.0115,64.6125,143.6152,0.0000,0.0659,0.0659,-0.0377,0.0000,0.0000,-0.0069,-0.0028,0.0159
0.2000,1.4806,1.7822,0.0073,-0.0115,64.7509,143.6369,0.0000,0.0805,0.0805,-0.0378,0.0000,0.0000,-0.0069,-0.0028,0.0092
0.2000,1.3985,1.8022,0.0044,-0.0115,64.9038,143.6358,0.0000,0.0741,0.0741,-0.0340,0.0000,0.0000,-0.0069,-0.0028,0.0139
0.2000,1.3913,1.8222,0.0128,0.0035,65.0478,143.6356,0.0000,0.0664,0.0664,-0.0310,0.0000,0.0000,0.0021,0.0008,0.0147
0.2000,1.5158,1.8422,0.0132,0.0035,65.1876,143.6517,0.0000,0.0733,0.0733,-0.0301,0.0000,0.0000,0.0021,0.0008,0.0123
0.2000,1.4278,1.8622,0.0133,0.0035,65.3456,143.6603,0.0000,0.0747,0.0747,-0.0304,0.0000,0.0000,0.0021,0.0008,0.0088
0.2000,1.3955,1.8822,0.0049,-0.0082,65.4988,143.6720,0.0000,0.0793,0.0793,-0.0344,0.0000,0.0000,-0.0049,-0.0020,0.0063
0.2000,1.5686,1.9022,0.0024,-0.0082,65.6542,143.6793,0.0000,0.0761,0.0761,-0.0298,0.0000,0.0000,-0.0049,-0.0020,0.0128
0.2000,1.5244,1.9222,-0.0001,-0.0082,65.8193,143.6867,0.0000,0.0758,0.0758,-0.0273,0.0000,0.0000,-0.0049,-0.0020,0.0135
0.1999,1.5423,1.9422,0.0052,-0.0112,65.9645,143.7034,0.0000,0.0787,0.0787,-0.1024,0.0000,0.0000,-0.0068,-0.0027,0.0137
0.1999,1.6390,1.9622,0.0135,-0.0112,66.1288,143.7004,0.0000,0.0477,0.0477,-0.1041,0.0000,0.0000,-0.0068,-0.0027,0.0074
0.1999,1.4490,1.9822,0.0219,-0.0112,66.2884,143.7185,0.0000,0.0539,0.0539,-0.1048,0.0000,0.0000,-0.0068,-0.0027,0.0045
0.2000,1.6294,2.0000,0.0303,0.0039,66.4908,143.7483,0.0000,0.0504,0.0504,-0.0741,0.0000,0.0000,0.0023,0.0009,0.0022
0.2000,1.5933,2.0000,0.0387,0.0039,66.6791,143.7694,0.0000,0.0533,0.0533,-0.0721,0.0000,0.0000,0.0023,0.0009,0.0067
0.0323,2.0281,2.0000,0.0403,-0.0029,66.8502,143.7729,0.0000,0.0337,0.0337,-0.0383,0.0000,0.0000,-0.0017,-0.0007,0.0135
0.1423,1.8788,2.0000,0.0327,-0.0029,67.0347,143.7726,0.0000,0.0284,0.0284,-0.0293,0.0000,0.0000,-0.0017,-0.0007,0.0206
0.2000,1.6970,2.0000,0.0243,-0.0029,67.2145,143.7947,0.0000,0.0442,0.0442,-0.0217,0.0000,0.0000,-0.0017,-0.0007,0.0279
0.2000,1.8278,2.0000,0.0272,0.0084,67.4030,143.8234,0.0000,0.0631,0.0631,0.0005,0.0000,0.0000,0.0050,0.0020,0.0349
0.2000,1.7988,2.0000,0.0188,0.0084,67.5986,143.8390,0.0000,0.0704,0.0704,0.0064,0.0000,0.0000,0.0050,0.0020,0.0370
0.1569,1.8920,2.0000,0.0271,0.0250,67.7864,143.8520,0.0000,0.0743,0.0743,0.0424,0.0000,0.0000,0.0151,0.0060,0.0311
0.0946,1.9462,2.0000,0.0187,0.0250,67.9900,143.8643,0.0000,0.0793,0.0793,0.0389,0.0000,0.0000,0.0151,0.0060,0.0241
0.1483,1.8672,2.0000,0.0103,0.0250,68.1676,143.8989,0.0000,0.1084,0.1084,0.0408,0.0000,0.0000,0.0151,0.0060,0.0258
0.0154,2.0219,2.0000,0.0019,0.0134,68.3402,143.9189,0.0000,0.1299,0.1299,0.0449,0.0000,0.0000,0.0081,0.0032,0.0192
0.2000,1.7952,2.0000,-0.0065,0.0134,68.5269,143.9038,0.0000,0.1064,0.1064,0.0478,0.0000,0.0000,0.0081,0.0032,0.0248
0.2000,1.7246,2.0000,-0.0149,0.0134,68.7252,143.9053,0.0000,0.1007,0.1007,0.0469,0.0000,0.0000,0.0081,0.0032,0.0201
0.2003,1.8554,2.0000,-0.0233,0.0116,68.9192,143.9323,0.0000,0.1164,0.1164,0.0095,0.0000,0.0000,0.0070,0.0028,0.0134
0.1021,1.9662,2.0000,-0.0315,0.0116,69.1250,143.9614,0.0000,0.1293,0.1293,0.0044,0.0000,0.0000,0.0070,0.0028,0.0060
0.0884,1.9417,2.0000,-0.0338,0.0177,69.3229,143.9742,0.0000,0.1268,0.1268,0.0196,0.0000,0.0000,0.0106,0.0043,-0.0016
-0.0487,2.0600,2.0000,-0.0420,0.0177,69.5219,143.9822,0.0000,0.1226,0.1226,0.0122,0.0000,0.0000,0.0106,0.0043,-0.0096
0.0051,1.9756,2.0000,-0.0504,-0.0160,69.7213,144.0017,0.0000,0.1224,0.1224,-0.0655,0.0000,0.0000,-0.0096,-0.0038,-0.0171
0.0196,1.9756,2.0000,-0.0420,-0.0160,69.9305,143.9927,0.0000,0.0828,0.0828,-0.0754,0.0000,0.0000,-0.0096,-0.0038,-0.0250
0.0256,1.9756,2.0000,-0.0336,-0.0160,70.1471,144.0119,0.0000,0.0693,0.0693,-0.0854,0.0000,0.0000,-0.0096,-0.0038,-0.0290
-0.0653,2.0788,2.0000,-0.0267,-0.0174,70.3569,144.0316,0.0000,0.0480,0.0480,-0.1052,0.0000,0.0000,-0.0105,-0.0042,-0.0352
-0.1608,2.1533,2.0000,-0.0183,-0.0174,70.5396,144.0476,0.0000,0.0291,0.0291,-0.1178,0.0000,0.0000,-0.0105,-0.0042,-0.0442
-0.1274,2.0886,2.0000,-0.0099,-0.0026,70.7273,144.0501,0.0000,0.0107,0.0107,-0.0831,0.0000,0.0000,-0.0016,-0.0006,-0.0448
0.0723,1.8165,2.0000,-0.0015,-0.0026,70.9320,144.0535,0.0000,0.0073,0.0073,-0.0792,0.0000,0.0000,-0.0016,-0.0006,-0.0337
0.1509,1.8624,2.0000,0.0069,-0.0026,71.1353,144.0531,0.0000,-0.0120,-0.0120,-0.0795,0.0000,0.0000,-0.0016,-0.0006,-0.0258
0.0080,2.0300,2.0000,0.0120,-0.0059,71.3285,144.0653,0.0000,-0.0249,-0.0249,-0.0936,0.0000,0.0000,-0.0036,-0.0014,-0.0193
-0.0109,2.0158,2.0000,0.0204,-0.0059,71.5516,144.0579,0.0000,-0.0507,-0.0507,-0.0906,0.0000,0.0000,-0.0036,-0.0014,-0.0115
0.0769,1.9185,2.0000,0.0199,-0.0148,71.7603,144.0667,0.0000,-0.0524,-0.0524,-0.0887,0.0000,0.0000,-0.0089,-0.0036,-0.0038
-0.1230,2.2132,2.0000,0.0283,-0.0148,71.9553,144.0620,0.0000,-0.0842,-0.0842,-0.0827,0.0000,0.0000,-0.0089,-0.0036,0.0042
-0.1046,2.0718,2.0000,0.0367,-0.0006,72.1581,144.0661,0.0000,-0.0862,-0.0862,-0.0459,0.0000,0.0000,-0.0003,-0.0001,0.0111
0.0470,1.9337,2.0000,0.0451,-0.0006,72.3549,144.0959,0.0000,-0.0614,-0.0614,-0.0404,0.0000,0.0000,-0.0003,-0.0001,0.0162
0.0051,2.0117,2.0000,0.0535,-0.0006,72.5563,144.0915,0.0000,-0.0754,-0.0754,-0.0342,0.0000,0.0000,-0.0003,-0.0001,0.0197
0.0251,1.9747,2.0000,0.0509,-0.0116,72.7562,144.0895,0.0000,-0.0848,-0.0848,-0.0557,0.0000,0.0000,-0.0070,-0.0028,0.0231
0.0105,1.9974,2.0000,0.0592,-0.0116,72.9463,144.0961,0.0000,-0.0876,-0.0876,-0.0447,0.0000,0.0000,-0.0070,-0.0028,0.0296
0.0186,1.9813,2.0000,0.0645,-0.0116,73.1425,144.1155,0.0000,-0.0771,-0.0771,-0.0336,0.0000,0.0000,-0.0070,-0.0028,0.0364
0.0374,1.9582,2.0000,0.0590,-0.0091,73.3391,144.1384,0.0000,-0.0630,-0.0630,-0.0157,0.0000,0.0000,-0.0055,-0.0022,0.0432
0.0453,1.9582,2.0000,0.0506,-0.0091,73.5376,144.1600,0.0000,-0.0495,-0.0495,-0.0060,0.0000,0.0000,-0.0055,-0.0022,0.0454
0.0433,1.9652,2.0000,0.0496,-0.0015,73.7316,144.1838,0.0000,-0.0321,-0.0321,0.0172,0.0000,0.0000,-0.0009,-0.0004,0.0488
0.0305,1.9819,2.0000,0.0412,-0.0015,73.9294,144.2136,0.0000,-0.0073,-0.0073,0.0286,0.0000,0.0000,-0.0009,-0.0004,0.0548
0.0604,1.9413,2.0000,0.0328,-0.0015,74.1290,144.2426,0.0000,0.0135,0.0135,0.0347,0.0000,0.0000,-0.0009,-0.0004,0.0537
0.0296,1.9873,2.0000,0.0244,-0.0041,74.3190,144.2680,0.0000,0.0319,0.0319,0.0384,0.0000,0.0000,-0.0025,-0.0010,0.0494
0.0086,2.0025,2.0000,0.0160,-0.0041,74.5030,144.2960,0.0000,0.0509,0.0509,0.0420,0.0000,0.0000,-0.0025,-0.0010,0.0456
0.0933,1.9027,2.0000,0.0076,-0.0041,74.6920,144.3385,0.0000,0.0804,0.0804,0.0430,0.0000,0.0000,-0.0025,-0.0010,0.0420
0.1708,1.8477,2.0000,-0.0001,-0.0034,74.8934,144.3597,0.0000,0.0880,0.0880,0.0478,0.0000,0.0000,-0.0021,-0.0008,0.0346
0.1192,1.9240,2.0000,-0.0085,-0.0034,75.0693,144.3880,0.0000,0.1073,0.1073,0.0479,0.0000,0.0000,-0.0021,-0.0008,0.0276
0.0229,2.0081,2.0000,-0.0137,-0.0002,75.2475,144.4117,0.0000,0.1184,0.1184,0.0393,0.0000,0.0000,-0.0001,-0.0001,0.0203
0.2000,1.7666,2.0000,-0.0221,-0.0002,75.4471,144.4411,0.0000,0.1268,0.1268,0.0342,0.0000,0.0000,-0.0001,-0.0001,0.0133
0.2000,1.7826,2.0000,-0.0305,-0.0002,75.6244,144.4742,0.0000,0.1451,0.1451,0.0301,0.0000,0.0000,-0.0001,-0.0001,0.0059
0.0510,2.0010,2.0000,-0.0303,0.0084,75.8227,144.4907,0.0000,0.1465,0.1465,0.0382,0.0000,0.0000,0.0050,0.0020,-0.0013
0.2000,1.7880,2.0000,-0.0387,0.0084,76.0100,144.5112,0.0000,0.1470,0.1470,0.0306,0.0000,0.0000,0.0050,0.0020,-0.0083
0.0800,1.9729,2.0000,-0.0471,0.0035,76.1981,144.5226,0.0000,0.1429,0.1429,0.0157,0.0000,0.0000,0.0021,0.0008,-0.0143
0.1533,1.8684,2.0000,-0.0555,0.0035,76.3726,144.5428,0.0000,0.1448,0.1448,0.0070,0.0000,0.0000,0.0021,0.0008,-0.0221
0.1511,1.8697,2.0000,-0.0497,0.0035,76.5684,144.5455,0.0000,0.1262,0.1262,-0.0039,0.0000,0.0000,0.0021,0.0008,-0.0260
0.2000,1.7410,2.0000,-0.0431,0.0035,76.7413,144.5528,0.0000,0.1162,0.1162,-0.0112,0.0000,0.0000,0.0021,0.0008,-0.0281
0.1083,1.9443,2.0000,-0.0347,0.0055,76.9446,144.5597,0.0000,0.0974,0.0974,-0.0294,0.0000,0.0000,0.0033,0.0013,-0.0355
0.2001,1.7175,2.0000,-0.0263,0.0055,77.1259,144.5738,0.0000,0.0929,0.0929,-0.0420,0.0000,0.0000,0.0033,0.0013,-0.0489
0.0356,2.0179,2.0000,-0.0179,0.0069,77.2911,144.6001,0.0000,0.0933,0.0933,-0.0545,0.0000,0.0000,0.0041,0.0017,-0.0533
0.1999,1.8019,2.0000,-0.0095,0.0069,77.4712,144.5942,0.0000,0.0775,0.0775,-0.0543,0.0000,0.0000,0.0041,0.0017,-0.0483
0.2000,1.6550,2.0000,-0.0011,0.0069,77.6447,144.5972,0.0000,0.0725,0.0725,-0.0505,0.0000,0.0000,0.0041,0.0017,-0.0369
0.2000,1.7892,2.0000,0.0073,0.0201,77.8269,144.6099,0.0000,0.0683,0.0683,-0.0570,0.0000,0.0000,0.0121,0.0048,-0.0285
0.2000,1.7210,2.0000,0.0156,0.0201,78.0016,144.6258,0.0000,0.0742,0.0742,-0.0545,0.0000,0.0000,0.0121,0.0048,-0.0209
0.2000,1.8100,2.0000,0.0240,0.0201,78.1744,144.6368,0.0000,0.0724,0.0724,-0.0511,0.0000,0.0000,0.0121,0.0048,-0.0130
0.2000,1.7394,2.0000,0.0304,0.0181,78.3510,144.6329,0.0000,0.0616,0.0616,-0.0411,0.0000,0.0000,0.0109,0.0044,-0.0046
0.2000,1.7164,2.0000,0.0327,0.0181,78.5198,144.6470,0.0000,0.0683,0.0683,-0.0354,0.0000,0.0000,0.0109,0.0044,0.0031
0.2000,1.7513,2.0000,0.0243,0.0181,78.6958,144.6654,0.0000,0.0793,0.0793,-0.0281,0.0000,0.0000,0.0109,0.0044,0.0108
0.2000,1.6791,2.0000,0.0187,0.0208,78.8797,144.6803,0.0000,0.0886,0.0886,-0.0161,0.0000,0.0000,0.0125,0.0050,0.0187
0.2000,1.7561,2.0000,0.0104,0.0208,79.0650,144.6781,0.0000,0.0797,0.0797,-0.0078,0.0000,0.0000,0.0125,0.0050,0.0267
0.2001,1.8302,2.0000,0.0020,0.0188,79.2372,144.6955,0.0000,0.0901,0.0901,-0.0149,0.0000,0.0000,0.0113,0.0045,0.0301
0.1996,1.8363,2.0000,-0.0062,0.0188,79.4083,144.7094,0.0000,0.0936,0.0936,-0.0132,0.0000,0.0000,0.0113,0.0045,0.0278
0.2000,1.7170,2.0000,-0.0016,0.0188,79.5770,144.7238,0.0000,0.0954,0.0954,-0.0175,0.0000,0.0000,0.0113,0.0045,0.0196
0.2000,1.7028,2.0000,0.0055,0.0188,79.7586,144.7219,0.0000,0.0795,0.0795,-0.0199,0.0000,0.0000,0.0113,0.0045,0.0145
0.2000,1.6794,2.0000,0.0108,0.0160,79.9336,144.7357,0.0000,0.0772,0.0772,-0.0291,0.0000,0.0000,0.0096,0.0039,0.0076
0.2000,1.8000,2.0000,0.0191,0.0160,80.1198,144.7485,0.0000,0.0710,0.0710,-0.0349,0.0000,0.0000,0.0096,0.0039,-0.0026
0.2000,1.7405,2.0000,0.0107,0.0118,80.2934,144.7638,0.0000,0.0756,0.0756,-0.0262,0.0000,0.0000,0.0071,0.0028,-0.0012
0.2000,1.8500,2.0000,0.0024,0.0118,80.4642,144.7670,0.0000,0.0685,0.0685,-0.0206,0.0000,0.0000,0.0071,0.0028,0.0069
0.2000,1.7289,2.0000,0.0029,0.0118,80.6466,144.7744,0.0000,0.0672,0.0672,-0.0167,0.0000,0.0000,0.0071,0.0028,0.0093
0.2000,1.6932,2.0000,-0.0013,0.0161,80.8296,144.8010,0.0000,0.0840,0.0840,-0.0185,0.0000,0.0000,0.0097,0.0039,0.0180
0.2000,1.8095,2.0000,0.0066,0.0161,81.0143,144.8080,0.0000,0.0738,0.0738,-0.0209,0.0000,0.0000,0.0097,0.0039,0.0137
0.2000,1.8344,2.0000,0.0144,0.0161,81.2041,144.8168,0.0000,0.0659,0.0659,-0.0247,0.0000,0.0000,0.0097,0.0039,0.0057
0.2002,1.8332,2.0000,0.0090,0.0190,81.3885,144.8303,0.0000,0.0639,0.0639,-0.0271,0.0000,0.0000,0.0115,0.0046,0.0048
0.1950,1.8838,2.0000,0.0090,0.0190,81.5694,144.8538,0.0000,0.0729,0.0729,-0.0273,0.0000,0.0000,0.0115,0.0046,0.0014
0.2000,1.8330,2.0000,0.0014,0.0030,81.7516,144.8551,0.0000,0.0616,0.0616,-0.0598,0.0000,0.0000,0.0018,0.0007,0.0084
0.2000,1.8091,2.0000,0.0097,0.0030,81.9343,144.8732,0.0000,0.0622,0.0622,-0.0545,0.0000,0.0000,0.0018,0.0007,0.0144
0.2000,1.8060,2.0000,0.0181,0.0030,82.1249,144.8838,0.0000,0.0512,0.0512,-0.0550,0.0000,0.0000,0.0018,0.0007,0.0106
0.2000,1.8211,2.0000,0.0265,0.0079,82.2983,144.9099,0.0000,0.0572,0.0572,-0.0461,0.0000,0.0000,0.0047,0.0019,0.0104
0.1676,1.8928,2.0000,0.0349,0.0079,82.4986,144.9135,0.0000,0.0370,0.0370,-0.0479,0.0000,0.0000,0.0047,0.0019,0.0055
0.2000,1.7379,2.0000,0.0375,0.0079,82.6759,144.9407,0.0000,0.0520,0.0520,-0.0429,0.0000,0.0000,0.0047,0.0019,0.0102
0.1144,1.9869,2.0000,0.0330,0.0118,82.8615,144.9629,0.0000,0.0539,0.0539,-0.0365,0.0000,0.0000,0.0071,0.0028,0.0176
0.2000,1.7795,2.0000,0.0262,0.0118,83.0556,144.9905,0.0000,0.0695,0.0695,-0.0291,0.0000,0.0000,0.0071,0.0028,0.0248
0.2002,1.8543,2.0000,0.0195,0.0136,83.2538,145.0122,0.0000,0.0742,0.0742,-0.0279,0.0000,0.0000,0.0082,0.0033,0.0314
0.2000,1.9455,2.0000,0.0111,0.0136,83.4510,145.0303,0.0000,0.0729,0.0729,-0.0208,0.0000,0.0000,0.0082,0.0033,0.0340
0.1398,1.9778,2.0000,0.0044,0.0157,83.6372,145.0521,0.0000,0.0760,0.0760,-0.0147,0.0000,0.0000,0.0095,0.0038,0.0309
0.1371,1.9636,2.0000,-0.0040,0.0157,83.8352,145.0670,0.0000,0.0684,0.0684,-0.0163,0.0000,0.0000,0.0095,0.0038,0.0247
0.1707,1.8599,2.0000,0.0037,0.0157,84.0239,145.0884,0.0000,0.0688,0.0688,-0.0183,0.0000,0.0000,0.0095,0.0038,0.0202
0.1427,1.9685,2.0000,-0.0047,0.0086,84.2050,145.1103,0.0000,0.0684,0.0684,-0.0048,0.0000,0.0000,0.0052,0.0021,0.0126
0.1998,1.8832,2.0000,-0.0129,0.0086,84.3962,145.1221,0.0000,0.0591,0.0591,-0.0090,0.0000,0.0000,0.0052,0.0021,0.0075
0.2000,1.8090,2.0000,-0.0052,0.0086,84.5744,145.1466,0.0000,0.0647,0.0647,-0.0133,0.0000,0.0000,0.0052,0.0021,-0.0010
0.1555,1.8999,2.0000,0.0032,0.0140,84.7674,145.1649,0.0000,0.0611,0.0611,-0.0299,0.0000,0.0000,0.0084,0.0034,0.0045
0.2000,1.7835,2.0000,0.0116,0.0140,84.9529,145.1790,0.0000,0.0507,0.0507,-0.0368,0.0000,0.0000,0.0084,0.0034,-0.0017
0.1300,1.9218,2.0000,0.0200,0.0141,85.1488,145.1938,0.0000,0.0362,0.0362,-0.0514,0.0000,0.0000,0.0085,0.0034,-0.0094
0.1888,1.8441,2.0000,0.0284,0.0141,85.3374,145.2334,0.0000,0.0561,0.0561,-0.0471,0.0000,0.0000,0.0085,0.0034,-0.0034
0.1263,1.9481,2.0000,0.0367,0.0141,85.5291,145.2573,0.0000,0.0573,0.0573,-0.0410,0.0000,0.0000,0.0085,0.0034,0.0041
0.2003,1.9112,2.0000,0.0283,0.0116,85.7243,145.2707,0.0000,0.0517,0.0517,-0.0327,0.0000,0.0000,0.0070,0.0028,0.0115
0.2000,1.9157,2.0000,0.0199,0.0116,85.9129,145.2942,0.0000,0.0577,0.0577,-0.0242,0.0000,0.0000,0.0070,0.0028,0.0188
0.2000,1.9398,2.0000,0.0116,0.0116,86.1020,145.3224,0.0000,0.0697,0.0697,-0.0141,0.0000,0.0000,0.0070,0.0028,0.0256
0.2000,1.8858,2.0000,0.0032,0.0079,86.2939,145.3309,0.0000,0.0592,0.0592,-0.0103,0.0000,0.0000,0.0047,0.0019,0.0326
0.2001,1.8968,2.0000,-0.0052,0.0079,86.4810,145.3616,0.0000,0.0665,0.0665,-0.0111,0.0000,0.0000,0.0047,0.0019,0.0273
0.1506,1.9043,2.0000,-0.0019,0.0057,86.6689,145.3880,0.0000,0.0685,0.0685,-0.0247,0.0000,0.0000,0.0034,0.0014,0.0202
0.1997,1.8804,2.0000,0.0038,0.0057,86.8604,145.4020,0.0000,0.0542,0.0542,-0.0288,0.0000,0.0000,0.0034,0.0014,0.0136
0.2008,1.8815,2.0000,0.0103,0.0057,87.0403,145.4327,0.0000,0.0575,0.0575,-0.0333,0.0000,0.0000,0.0034,0.0014,0.0059
0.1481,1.9041,2.0000,0.0111,-0.0019,87.2391,145.4458,0.0000,0.0380,0.0380,-0.0514,0.0000,0.0000,-0.0011,-0.0005,-0.0016
0.2000,1.8095,2.0000,0.0195,-0.0019,87.4437,145.4752,0.0000,0.0410,0.0410,-0.0482,0.0000,0.0000,-0.0011,-0.0005,0.0003
0.0775,1.9752,2.0000,0.0279,0.0060,87.6350,145.5000,0.0000,0.0360,0.0360,-0.0455,0.0000,0.0000,0.0036,0.0014,0.0052
-0.0416,2.0500,2.0000,0.0363,0.0060,87.8139,145.5206,0.0000,0.0296,0.0296,-0.0414,0.0000,0.0000,0.0036,0.0014,0.0111
0.1070,1.9126,2.0000,0.0447,0.0060,88.0157,145.5498,0.0000,0.0337,0.0337,-0.0381,0.0000,0.0000,0.0036,0.0014,0.0120
0.2000,1.7850,2.0000,0.0456,0.0153,88.1993,145.5848,0.0000,0.0492,0.0492,0.0039,0.0000,0.0000,0.0092,0.0037,0.0184
0.0312,2.0229,2.0000,0.0372,0.0153,88.3878,145.6086,0.0000,0.0579,0.0579,0.0144,0.0000,0.0000,0.0092,0.0037,0.0258
0.1463,1.8546,2.0000,0.0289,0.0153,88.5770,145.6465,0.0000,0.0791,0.0791,0.0226,0.0000,0.0000,0.0092,0.0037,0.0317
0.1578,1.8849,2.0000,0.0205,-0.0000,88.7800,145.6792,0.0000,0.0911,0.0911,0.0024,0.0000,0.0000,-0.0000,-0.0000,0.0385
0.1237,1.9158,2.0000,0.0121,-0.0000,88.9546,145.7010,0.0000,0.0918,0.0918,0.0090,0.0000,0.0000,-0.0000,-0.0000,0.0410
0.1726,2.0398,2.0200,0.0037,-0.0017,89.1351,145.7234,0.0000,0.0885,0.0885,0.0018,0.0000,0.0000,-0.0010,-0.0004,0.0347
0.2000,1.7438,2.0400,-0.0047,-0.0017,89.3074,145.7519,0.0000,0.0887,0.0887,-0.0040,0.0000,0.0000,-0.0010,-0.0004,0.0270
0.1999,1.8037,2.0600,-0.0131,-0.0017,89.4888,145.7934,0.0000,0.1007,0.1007,-0.0054,0.0000,0.0000,-0.0010,-0.0004,0.0205
0.2000,1.7317,2.0800,-0.0161,-0.0017,89.6754,145.8224,0.0000,0.0982,0.0982,-0.0098,0.0000,0.0000,-0.0010,-0.0004,0.0126
0.2000,1.8453,2.0981,-0.0191,0.0036,89.8656,145.8453,0.0000,0.0898,0.0898,-0.0063,0.0000,0.0000,0.0022,0.0009,0.0051
0.2000,1.8719,2.1144,-0.0161,0.0036,90.0545,145.8763,0.0000,0.0873,0.0873,-0.0131,0.0000,0.0000,0.0022,0.0009,-0.0028
0.2000,1.8999,2.1291,-0.0117,0.0013,90.2360,145.8941,0.0000,0.0726,0.0726,-0.0152,0.0000,0.0000,0.0008,0.0003,-0.0111
0.2000,1.8980,2.1423,-0.0064,0.0013,90.4316,145.9344,0.0000,0.0797,0.0797,-0.0206,0.0000,0.0000,0.0008,0.0003,-0.0142
0.2000,1.8091,2.1542,0.0015,0.0013,90.6166,145.9538,0.0000,0.0686,0.0686,-0.0257,0.0000,0.0000,0.0008,0.0003,-0.0167
0.2000,1.9779,2.1649,0.0099,0.0045,90.8034,145.9828,0.0000,0.0654,0.0654,-0.0331,0.0000,0.0000,0.0027,0.0011,-0.0144
0.2000,1.8451,2.1745,0.0158,0.0045,90.9959,146.0085,0.0000,0.0634,0.0634,-0.0318,0.0000,0.0000,0.0027,0.0011,-0.0106
0.1999,1.8748,2.1832,0.0181,0.0087,91.1831,146.0313,0.0000,0.0588,0.0588,-0.0235,0.0000,0.0000,0.0053,0.0021,-0.0056
0.2000,1.9252,2.1910,0.0098,0.0087,91.3734,146.0596,0.0000,0.0623,0.0623,-0.0176,0.0000,0.0000,0.0053,0.0021,0.0008
0.2000,1.8696,2.1980,0.0014,0.0087,91.5587,146.0965,0.0000,0.0759,0.0759,-0.0118,0.0000,0.0000,0.0053,0.0021,0.0078
0.2000,1.9083,2.2043,0.0042,0.0046,91.7426,146.1235,0.0000,0.0749,0.0749,-0.0280,0.0000,0.0000,0.0028,0.0011,0.0142
0.2000,1.8733,2.2100,-0.0042,0.0046,91.9354,146.1521,0.0000,0.0737,0.0737,-0.0249,0.0000,0.0000,0.0028,0.0011,0.0169
0.2000,1.8436,2.2151,0.0042,0.0140,92.1192,146.1781,0.0000,0.0671,0.0671,-0.0169,0.0000,0.0000,0.0084,0.0034,0.0124
0.2000,1.9322,2.2197,0.0091,0.0140,92.3100,146.2061,0.0000,0.0641,0.0641,-0.0190,0.0000,0.0000,0.0084,0.0034,0.0050
0.2000,1.8406,2.2239,0.0143,0.0140,92.4927,146.2291,0.0000,0.0573,0.0573,-0.0211,0.0000,0.0000,0.0084,0.0034,0.0052
0.2000,1.9116,2.2276,0.0221,0.0186,92.6910,146.2381,0.0000,0.0353,0.0353,-0.0166,0.0000,0.0000,0.0112,0.0045,-0.0003
0.2000,1.8262,2.2309,0.0215,0.0186,92.8739,146.2716,0.0000,0.0434,0.0434,-0.0141,0.0000,0.0000,0.0112,0.0045,0.0025
0.2000,1.9671,2.2340,0.0131,0.0161,93.0676,146.2992,0.0000,0.0439,0.0439,-0.0133,0.0000,0.0000,0.0097,0.0039,0.0091
0.2000,1.8443,2.2367,0.0048,0.0161,93.2595,146.3281,0.0000,0.0470,0.0470,-0.0088,0.0000,0.0000,0.0097,0.0039,0.0130
0.2000,1.9397,2.2391,-0.0036,0.0161,93.4428,146.3656,0.0000,0.0601,0.0601,-0.0016,0.0000,0.0000,0.0097,0.0039,0.0193
0.2000,1.9239,2.2413,0.0035,0.0206,93.6334,146.3975,0.0000,0.0629,0.0629,-0.0055,0.0000,0.0000,0.0124,0.0050,0.0203
0.2000,1.8571,2.2433,0.0069,0.0206,93.8396,146.4300,0.0000,0.0608,0.0608,-0.0088,0.0000,0.0000,0.0124,0.0050,0.0151
0.2000,1.9160,2.2451,0.0123,0.0206,94.0329,146.4602,0.0000,0.0563,0.0563,-0.0138,0.0000,0.0000,0.0124,0.0050,0.0081
-0.0314,2.0696,2.2206,0.0138,0.0270,94.2253,146.4799,0.0000,0.0460,0.0460,-0.0048,0.0000,0.0000,0.0163,0.0065,0.0006
0.2000,1.9390,2.2246,0.0164,0.0270,94.4110,146.5024,0.0000,0.0407,0.0407,-0.0045,0.0000,0.0000,0.0163,0.0065,0.0028
0.1348,1.9171,2.2022,0.0080,0.0154,94.6034,146.5343,0.0000,0.0471,0.0471,-0.0130,0.0000,0.0000,0.0093,0.0037,0.0075
0.1996,1.9336,2.1820,0.0034,0.0154,94.8042,146.5611,0.0000,0.0431,0.0431,-0.0094,0.0000,0.0000,0.0093,0.0037,0.0115
0.1521,1.9336,2.1638,0.0014,0.0154,94.9876,146.5970,0.0000,0.0520,0.0520,-0.0053,0.0000,0.0000,0.0093,0.0037,0.0138
0.0583,2.0087,2.1474,0.0057,0.0131,95.1863,146.6240,0.0000,0.0458,0.0458,-0.0083,0.0000,0.0000,0.0079,0.0031,0.0161
0.2001,1.8539,2.1326,-0.0027,0.0131,95.3810,146.6612,0.0000,0.0507,0.0507,-0.0104,0.0000,0.0000,0.0079,0.0031,0.0113
0.1016,1.9881,2.1194,0.0057,0.0176,95.5739,146.6978,0.0000,0.0514,0.0514,-0.0243,0.0000,0.0000,0.0106,0.0042,0.0065
0.1131,1.9656,2.1074,0.0140,0.0176,95.7662,146.7273,0.0000,0.0457,0.0457,-0.0258,0.0000,0.0000,0.0106,0.0042,0.0037
0.1323,1.9464,2.0967,0.0209,0.0176,95.9569,146.7644,0.0000,0.0475,0.0475,-0.0265,0.0000,0.0000,0.0106,0.0042,0.0050
0.1470,1.9288,2.0870,0.0218,0.0102,96.1568,146.7842,0.0000,0.0307,0.0307,-0.0374,0.0000,0.0000,0.0061,0.0025,0.0035
0.1454,1.9264,2.0783,0.0302,0.0102,96.3591,146.8162,0.0000,0.0259,0.0259,-0.0360,0.0000,0.0000,0.0061,0.0025,0.0009
0.0632,1.9914,2.0705,0.0386,0.0160,96.5560,146.8506,0.0000,0.0265,0.0265,-0.0331,0.0000,0.0000,0.0096,0.0039,0.0092
0.0596,2.0305,2.0634,0.0470,0.0160,96.7482,146.8829,0.0000,0.0249,0.0249,-0.0259,0.0000,0.0000,0.0096,0.0039,0.0172
0.0437,1.9823,2.0571,0.0386,0.0160,96.9495,146.9177,0.0000,0.0262,0.0262,-0.0195,0.0000,0.0000,0.0096,0.0039,0.0206
0.0852,1.9318,2.0514,0.0316,0.0174,97.1429,146.9554,0.0000,0.0319,0.0319,-0.0125,0.0000,0.0000,0.0105,0.0042,0.0221
0.0086,2.0257,2.0463,0.0232,0.0174,97.3443,146.9934,0.0000,0.0388,0.0388,-0.0000,0.0000,0.0000,0.0105,0.0042,0.0315
0.1502,1.9553,2.0416,0.0148,0.0123,97.5441,147.0355,0.0000,0.0487,0.0487,-0.0063,0.0000,0.0000,0.0074,0.0030,0.0392
0.0159,2.0317,2.0375,0.0064,0.0123,97.7335,147.0730,0.0000,0.0505,0.0505,-0.0002,0.0000,0.0000,0.0074,0.0030,0.0405
0.0059,2.0257,2.0337,-0.0016,0.0123,97.9276,147.1172,0.0000,0.0541,0.0541,-0.0007,0.0000,0.0000,0.0074,0.0030,0.0359
0.2001,1.9150,2.0303,-0.0076,0.0147,98.1296,147.1669,0.0000,0.0608,0.0608,-0.0068,0.0000,0.0000,0.0088,0.0035,0.0293
0.1108,1.9744,2.0273,-0.0156,0.0147,98.3278,147.2103,0.0000,0.0580,0.0580,-0.0120,0.0000,0.0000,0.0088,0.0035,0.0200
-0.0400,2.0635,2.0246,-0.0116,0.0271,98.5250,147.2489,0.0000,0.0518,0.0518,-0.0025,0.0000,0.0000,0.0163,0.0065,0.0140
-0.0199,2.0119,2.0221,-0.0032,0.0271,98.7378,147.2930,0.0000,0.0482,0.0482,-0.0093,0.0000,0.0000,0.0163,0.0065,0.0069
0.0035,1.9918,2.0199,0.0051,0.0271,98.9279,147.3333,0.0000,0.0455,0.0455,-0.0162,0.0000,0.0000,0.0163,0.0065,-0.0008
-0.1529,2.1547,2.0179,0.0111,0.0246,99.1288,147.3674,0.0000,0.0339,0.0339,-0.0205,0.0000,0.0000,0.0148,0.0059,-0.0055
0.0463,1.9262,2.0161,0.0195,0.0246,99.3342,147.4098,0.0000,0.0361,0.0361,-0.0223,0.0000,0.0000,0.0148,0.0059,-0.0092
-0.0011,2.0211,2.0145,0.0200,0.0168,99.5316,147.4447,0.0000,0.0297,0.0297,-0.0412,0.0000,0.0000,0.0101,0.0040,-0.0047
-0.0710,2.0794,2.0131,0.0284,0.0168,99.7258,147.4871,0.0000,0.0317,0.0317,-0.0344,0.0000,0.0000,0.0101,0.0040,0.0032
-0.0051,1.9873,2.0118,0.0326,0.0168,99.9127,147.5302,0.0000,0.0390,0.0390,-0.0276,0.0000,0.0000,0.0101,0.0040,0.0102
0.0632,1.9704,2.0106,0.0255,0.0179,100.0986,147.5703,0.0000,0.0425,0.0425,-0.0153,0.0000,0.0000,0.0108,0.0043,0.0161
0.2000,1.9029,2.0095,0.0171,0.0179,100.2952,147.6105,0.0000,0.0462,0.0462,-0.0083,0.0000,0.0000,0.0108,0.0043,0.0206
0.1998,1.8859,2.0086,0.0087,0.0099,100.4946,147.6574,0.0000,0.0532,0.0532,-0.0220,0.0000,0.0000,0.0060,0.0024,0.0237
0.1195,1.9901,2.0077,0.0003,0.0099,100.6921,147.6968,0.0000,0.0502,0.0502,-0.0136,0.0000,0.0000,0.0060,0.0024,0.0302
0.0074,2.0309,2.0069,-0.0054,0.0125,100.8904,147.7432,0.0000,0.0506,0.0506,-0.0149,0.0000,0.0000,0.0075,0.0030,0.0269
0.0068,1.9967,2.0062,0.0029,0.0125,101.0891,147.7908,0.0000,0.0497,0.0497,-0.0179,0.0000,0.0000,0.0075,0.0030,0.0211
-0.0118,2.0195,2.0056,0.0113,0.0125,101.2886,147.8377,0.0000,0.0457,0.0457,-0.0226,0.0000,0.0000,0.0075,0.0030,0.0140
-0.0265,2.0266,2.0051,0.0197,0.0174,101.4809,147.8714,0.0000,0.0298,0.0298,-0.0318,0.0000,0.0000,0.0105,0.0042,0.0062
-0.0373,2.0314,2.0046,0.0281,0.0174,101.6674,147.9145,0.0000,0.0252,0.0252,-0.0362,0.0000,0.0000,0.0105,0.0042,-0.0017
0.0603,1.9352,2.0041,0.0365,0.0174,101.8601,147.9580,0.0000,0.0276,0.0276,-0.0305,0.0000,0.0000,0.0105,0.0042,0.0029
0.2000,1.8983,2.0037,0.0371,0.0096,102.0482,148.0097,0.0000,0.0375,0.0375,-0.0326,0.0000,0.0000,0.0058,0.0023,0.0105
0.1701,1.9590,2.0033,0.0287,0.0096,102.2398,148.0517,0.0000,0.0354,0.0354,-0.0249,0.0000,0.0000,0.0058,0.0023,0.0169
0.1376,1.9353,2.0030,0.0203,-0.0029,102.4258,148.0985,0.0000,0.0410,0.0410,-0.0312,0.0000,0.0000,-0.0018,-0.0007,0.0266
0.1723,1.9448,2.0027,0.0119,-0.0029,102.6172,148.1550,0.0000,0.0516,0.0516,-0.0228,0.0000,0.0000,-0.0018,-0.0007,0.0320
0.2003,1.9025,2.0024,0.0035,-0.0029,102.8012,148.2001,0.0000,0.0515,0.0515,-0.0183,0.0000,0.0000,-0.0018,-0.0007,0.0340
0.1388,1.9800,2.0022,0.0062,0.0082,102.9925,148.2485,0.0000,0.0485,0.0485,-0.0123,0.0000,0.0000,0.0050,0.0020,0.0283
0.1997,1.8793,2.0020,-0.0021,0.0082,103.1820,148.2949,0.0000,0.0461,0.0461,-0.0147,0.0000,0.0000,0.0050,0.0020,0.0207
0.0967,1.9569,2.0018,0.0053,0.0075,103.3701,148.3422,0.0000,0.0408,0.0408,-0.0225,0.0000,0.0000,0.0045,0.0018,0.0120
0.0939,1.9339,2.0016,0.0137,0.0075,103.5631,148.3864,0.0000,0.0315,0.0315,-0.0268,0.0000,0.0000,0.0045,0.0018,0.0052
0.1577,1.9232,2.0014,0.0221,0.0075,103.7482,148.4329,0.0000,0.0293,0.0293,-0.0256,0.0000,0.0000,0.0045,0.0018,0.0068
0.1008,1.9636,2.0013,0.0188,0.0008,103.9163,148.4826,0.0000,0.0322,0.0322,-0.0249,0.0000,0.0000,0.0005,0.0002,-0.0000
0.1997,1.8922,2.0012,0.0120,0.0008,104.1064,148.5219,0.0000,0.0270,0.0270,-0.0186,0.0000,0.0000,0.0005,0.0002,0.0061
0.2000,1.7379,2.0010,0.0070,0.0008,104.2898,148.5703,0.0000,0.0322,0.0322,-0.0127,0.0000,0.0000,0.0005,0.0002,0.0132
0.2001,1.9229,2.0009,0.0126,0.0145,104.4749,148.6210,0.0000,0.0376,0.0376,-0.0049,0.0000,0.0000,0.0087,0.0035,0.0198
0.1998,1.8824,2.0008,0.0042,0.0145,104.6469,148.6602,0.0000,0.0314,0.0314,-0.0062,0.0000,0.0000,0.0087,0.0035,0.0180
0.1748,1.9030,2.0008,-0.0042,-0.0059,104.8249,148.6960,0.0000,0.0214,0.0214,-0.0151,0.0000,0.0000,-0.0035,-0.0014,0.0130
0.2000,1.7486,2.0007,-0.0007,-0.0059,105.0043,148.7584,0.0000,0.0348,0.0348,-0.0177,0.0000,0.0000,-0.0035,-0.0014,0.0086
0.2000,1.7999,2.0006,-0.0005,-0.0059,105.1841,148.8049,0.0000,0.0334,0.0334,-0.0149,0.0000,0.0000,-0.0035,-0.0014,0.0124
0.1941,1.8837,2.0006,0.0079,-0.0025,105.3609,148.8383,0.0000,0.0153,0.0153,-0.0345,0.0000,0.0000,-0.0015,-0.0006,0.0059
0.2000,1.8417,2.0005,0.0163,-0.0025,105.5476,148.8859,0.0000,0.0083,0.0083,-0.0381,0.0000,0.0000,-0.0015,-0.0006,-0.0007
0.2000,1.7840,2.0004,0.0247,-0.0025,105.7200,148.9340,0.0000,0.0067,0.0067,-0.0387,0.0000,0.0000,-0.0015,-0.0006,0.0011
0.1998,1.9096,2.0004,0.0331,-0.0013,105.9018,148.9828,0.0000,0.0036,0.0036,-0.0274,0.0000,0.0000,-0.0008,-0.0003,0.0013
0.2001,1.7740,2.0004,0.0271,-0.0013,106.0789,149.0310,0.0000,0.0079,0.0079,-0.0220,0.0000,0.0000,-0.0008,-0.0003,0.0061
0.2005,1.8675,2.0003,0.0192,-0.0013,106.2461,149.0868,0.0000,0.0184,0.0184,-0.0168,0.0000,0.0000,-0.0008,-0.0003,0.0133
0.2000,1.8202,2.0003,0.0151,0.0029,106.4245,149.1399,0.0000,0.0306,0.0306,0.0072,0.0000,0.0000,0.0018,0.0007,0.0213
0.2000,1.7481,2.0003,0.0067,0.0029,106.5993,149.1879,0.0000,0.0358,0.0358,0.0129,0.0000,0.0000,0.0018,0.0007,0.0283
0.2002,1.8463,2.0002,-0.0017,-0.0048,106.7725,149.2348,0.0000,0.0398,0.0398,-0.0044,0.0000,0.0000,-0.0029,-0.0012,0.0270
0.2000,1.7977,2.0002,-0.0080,-0.0048,106.9510,149.2823,0.0000,0.0371,0.0371,-0.0054,0.0000,0.0000,-0.0029,-0.0012,0.0224
0.2000,1.7786,2.0002,-0.0071,-0.0048,107.1340,149.3312,0.0000,0.0327,0.0327,-0.0083,0.0000,0.0000,-0.0029,-0.0012,0.0169
0.2004,1.8311,2.0002,-0.0155,-0.0123,107.3146,149.3800,0.0000,0.0282,0.0282,-0.0125,0.0000,0.0000,-0.0074,-0.0030,0.0120
0.1991,1.8786,2.0002,-0.0071,-0.0123,107.5034,149.4315,0.0000,0.0216,0.0216,-0.0183,0.0000,0.0000,-0.0074,-0.0030,0.0047
0.2001,1.8542,2.0001,0.0013,-0.0123,107.6876,149.4791,0.0000,0.0132,0.0132,-0.0243,0.0000,0.0000,-0.0074,-0.0030,-0.0033
0.2000,1.9407,2.0001,-0.0071,-0.0162,107.8636,149.5266,0.0000,0.0113,0.0113,-0.0053,0.0000,0.0000,-0.0097,-0.0039,-0.0028
0.1999,1.8858,2.0001,-0.0075,-0.0162,108.0590,149.5814,0.0000,0.0114,0.0114,-0.0097,0.0000,0.0000,-0.0097,-0.0039,-0.0078
0.2000,1.8084,2.0001,0.0009,-0.0107,108.2497,149.6368,0.0000,0.0181,0.0181,-0.0390,0.0000,0.0000,-0.0065,-0.0026,-0.0040
0.0403,2.0121,2.0001,0.0093,-0.0107,108.4387,149.6834,0.0000,0.0028,0.0028,-0.0389,0.0000,0.0000,-0.0065,-0.0026,0.0017
0.0596,1.9687,2.0001,0.0177,-0.0107,108.6223,149.7345,0.0000,0.0000,0.0000,-0.0391,0.0000,0.0000,-0.0065,-0.0026,-0.0004
0.0812,1.9297,2.0001,0.0000,-0.0146,108.8047,149.7838,0.0000,0.0005,0.0005,-0.0002,0.0000,0.0000,-0.0088,-0.0035,-0.0031
0.1232,1.8903,2.0001,0.0000,-0.0146,108.9866,149.8309,0.0000,0.0024,0.0024,0.0029,0.0000,0.0000,-0.0088,-0.0035,0.0016
0.2002,1.8734,2.0001,-0.0061,-0.0275,109.1749,149.8844,0.0000,0.0114,0.0114,-0.0139,0.0000,0.0000,-0.0166,-0.0066,0.0094
0.2000,1.8623,2.0001,0.0000,-0.0275,109.3661,149.9267,0.0000,0.0031,0.0031,-0.0088,0.0000,0.0000,-0.0166,-0.0066,0.0163
0.1953,1.9413,2.0000,0.0083,-0.0275,109.5544,149.9703,0.0000,-0.0068,-0.0068,-0.0102,0.0000,0.0000,-0.0166,-0.0066,0.0111
0.1162,1.9411,2.0000,0.0000,-0.0069,109.7363,150.0231,0.0000,-0.0079,-0.0079,-0.0092,0.0000,0.0000,-0.0042,-0.0017,0.0038
0.2000,1.9169,2.0000,0.0084,-0.0069,109.9310,150.0770,0.0000,-0.0098,-0.0098,-0.0131,0.0000,0.0000,-0.0042,-0.0017,-0.0019
0.2001,1.8764,2.0000,0.0168,-0.0069,110.1162,150.1400,0.0000,0.0030,0.0030,-0.0104,0.0000,0.0000,-0.0042,-0.0017,0.0034
0.0479,2.0044,2.0000,0.0000,-0.0193,110.3003,150.1868,0.0000,0.0011,0.0011,-0.0024,0.0000,0.0000,-0.0116,-0.0047,0.0104
0.0707,1.9380,2.0000,0.0000,-0.0193,110.4985,150.2400,0.0000,0.0013,0.0013,-0.0035,0.0000,0.0000,-0.0116,-0.0047,0.0044
0.1248,1.8844,2.0000,0.0000,-0.0181,110.6974,150.2897,0.0000,0.0018,0.0018,0.0016,0.0000,0.0000,-0.0109,-0.0044,0.0096
-0.0051,2.0353,2.0000,0.0000,-0.0181,110.8943,150.3334,0.0000,-0.0071,-0.0071,0.0052,0.0000,0.0000,-0.0109,-0.0044,0.0176
-0.0317,2.0322,2.0000,0.0084,0.0058,111.0748,150.4061,0.0000,0.0174,0.0174,0.0205,0.0000,0.0000,0.0035,0.0014,0.0107
-0.0134,1.9995,2.0000,0.0000,0.0058,111.2482,150.4498,0.0000,0.0125,0.0125,0.0145,0.0000,0.0000,0.0035,0.0014,0.0043
0.0789,1.9316,2.0000,-0.0083,0.0058,111.4487,150.5098,0.0000,0.0214,0.0214,0.0154,0.0000,0.0000,0.0035,0.0014,0.0039
0.2000,1.7729,2.0000,0.0001,0.0273,111.6459,150.5655,0.0000,0.0271,0.0271,0.0464,0.0000,0.0000,0.0164,0.0066,0.0039
0.0000,2.0759,2.0000,-0.0083,0.0273,111.8512,150.6109,0.0000,0.0337,0.0337,0.0486,0.0000,0.0000,0.0164,0.0066,0.0092
-0.0272,2.0317,2.0000,-0.0167,0.0041,112.0510,150.6634,0.0000,0.0341,0.0341,-0.0017,0.0000,0.0000,0.0025,0.0010,0.0053
-0.0818,2.0844,2.0000,-0.0099,0.0041,112.2443,150.7199,0.0000,0.0357,0.0357,-0.0054,0.0000,0.0000,0.0025,0.0010,-0.0007
-0.1289,2.0483,2.0000,-0.0182,0.0041,112.4220,150.7787,0.0000,0.0445,0.0445,-0.0060,0.0000,0.0000,0.0025,0.0010,0.0009
-0.0307,1.9969,2.0000,-0.0098,0.0224,112.6133,150.8221,0.0000,0.0357,0.0357,0.0361,0.0000,0.0000,0.0135,0.0054,-0.0023
0.1673,1.8554,2.0000,-0.0182,0.0224,112.8115,150.8790,0.0000,0.0440,0.0440,0.0323,0.0000,0.0000,0.0135,0.0054,-0.0086
0.1090,1.9451,2.0000,-0.0266,0.0224,112.9934,150.9241,0.0000,0.0473,0.0473,0.0296,0.0000,0.0000,0.0135,0.0054,-0.0061
-0.0367,2.0458,2.0000,-0.0350,0.0173,113.1941,150.9574,0.0000,0.0315,0.0315,0.0268,0.0000,0.0000,0.0104,0.0042,-0.0125
0.1634,1.8577,2.0000,-0.0432,0.0173,113.3929,150.9842,0.0000,0.0120,0.0120,0.0268,0.0000,0.0000,0.0104,0.0042,-0.0080
0.0262,2.0201,2.0000,-0.0516,-0.0010,113.5765,151.0385,0.0000,0.0201,0.0201,-0.0206,0.0000,0.0000,-0.0006,-0.0002,-0.0089
0.0176,1.9903,2.0000,-0.0432,-0.0010,113.7566,151.0853,0.0000,0.0130,0.0130,-0.0304,0.0000,0.0000,-0.0006,-0.0002,-0.0162
0.0986,1.8981,2.0000,-0.0349,-0.0010,113.9441,151.1201,0.0000,-0.0114,-0.0114,-0.0458,0.0000,0.0000,-0.0006,-0.0002,-0.0248
0.1730,1.8441,2.0000,-0.0265,0.0141,114.1373,151.1683,0.0000,-0.0168,-0.0168,-0.0230,0.0000,0.0000,0.0085,0.0034,-0.0316
0.1464,1.8940,2.0000,-0.0181,0.0141,114.3216,151.2134,0.0000,-0.0214,-0.0214,-0.0353,0.0000,0.0000,0.0085,0.0034,-0.0434
0.0651,1.9742,2.0000,-0.0097,0.0149,114.5175,151.2346,0.0000,-0.0503,-0.0503,-0.0459,0.0000,0.0000,0.0090,0.0036,-0.0427
0.1283,1.8802,2.0000,-0.0013,0.0149,114.7241,151.2606,0.0000,-0.0698,-0.0698,-0.0437,0.0000,0.0000,0.0090,0.0036,-0.0344
0.0766,1.9567,2.0000,0.0071,0.0149,114.9245,151.3039,0.0000,-0.0719,-0.0719,-0.0403,0.0000,0.0000,0.0090,0.0036,-0.0266
-0.0427,2.0658,2.0000,0.0071,0.0065,115.1207,151.3283,0.0000,-0.1040,-0.1040,-0.0804,0.0000,0.0000,0.0039,0.0016,-0.0162
-0.0417,2.0328,2.0000,0.0155,0.0065,115.3096,151.3533,0.0000,-0.1248,-0.1248,-0.0754,0.0000,0.0000,0.0039,0.0016,-0.0103
0.2000,1.9616,2.0200,0.0180,0.0006,115.5018,151.3930,0.0000,-0.1315,-0.1315,-0.0910,0.0000,0.0000,0.0004,0.0002,-0.0023
0.1998,1.8892,2.0400,0.0264,0.0006,115.6899,151.4341,0.0000,-0.1381,-0.1381,-0.0848,0.0000,0.0000,0.0004,0.0002,0.0051
0.2000,1.9463,2.0600,0.0348,0.0006,115.8839,151.4845,0.0000,-0.1439,-0.1439,-0.0800,0.0000,0.0000,0.0004,0.0002,0.0102
0.1261,1.9086,2.0540,0.0432,0.0013,116.0662,151.5162,0.0000,-0.1602,-0.1602,-0.0672,0.0000,0.0000,0.0008,0.0003,0.0126
0.0546,1.9885,2.0486,0.0516,0.0013,116.2583,151.5681,0.0000,-0.1571,-0.1571,-0.0565,0.0000,0.0000,0.0008,0.0003,0.0193
0.2000,1.8336,2.0686,0.0600,0.0013,116.4489,151.6023,0.0000,-0.1677,-0.1677,-0.0514,0.0000,0.0000,0.0008,0.0003,0.0245
0.0128,1.9753,2.0617,0.0684,0.0055,116.6427,151.6508,0.0000,-0.1676,-0.1676,-0.0337,0.0000,0.0000,0.0033,0.0013,0.0312
0.0268,1.9822,2.0556,0.0767,0.0055,116.8347,151.6899,0.0000,-0.1749,-0.1749,-0.0249,0.0000,0.0000,0.0033,0.0013,0.0381
0.0270,1.9822,2.0500,0.0805,0.0151,117.0188,151.7433,0.0000,-0.1610,-0.1610,0.0057,0.0000,0.0000,0.0091,0.0036,0.0425
0.0629,1.9423,2.0450,0.0721,0.0151,117.1973,151.8008,0.0000,-0.1399,-0.1399,0.0173,0.0000,0.0000,0.0091,0.0036,0.0491
0.1073,1.9036,2.0405,0.0637,0.0151,117.3848,151.8475,0.0000,-0.1318,-0.1318,0.0297,0.0000,0.0000,0.0091,0.0036,0.0585
0.1561,1.8626,2.0365,0.0553,0.0089,117.5787,151.9057,0.0000,-0.1128,-0.1128,0.0445,0.0000,0.0000,0.0054,0.0021,0.0675
0.1261,1.9165,2.0328,0.0469,0.0089,117.7683,151.9727,0.0000,-0.0842,-0.0842,0.0574,0.0000,0.0000,0.0054,0.0021,0.0741
0.0323,2.0098,2.0295,0.0385,0.0052,117.9627,152.0414,0.0000,-0.0579,-0.0579,0.0617,0.0000,0.0000,0.0031,0.0013,0.0711
0.0184,1.9962,2.0266,0.0301,0.0052,118.1448,152.0976,0.0000,-0.0453,-0.0453,0.0632,0.0000,0.0000,0.0031,0.0013,0.0636
-0.0332,2.0467,2.0239,0.0268,0.0104,118.3337,152.1624,0.0000,-0.0262,-0.0262,0.0567,0.0000,0.0000,0.0062,0.0025,0.0535
0.1057,1.8907,2.0215,0.0184,0.0104,118.5305,152.2243,0.0000,-0.0186,-0.0186,0.0545,0.0000,0.0000,0.0062,0.0025,0.0451
0.0505,1.9812,2.0194,0.0101,0.0104,118.7102,152.2828,0.0000,-0.0044,-0.0044,0.0553,0.0000,0.0000,0.0062,0.0025,0.0396
-0.0265,2.0458,2.0174,0.0017,0.0014,118.9021,152.3446,0.0000,0.0092,0.0092,0.0371,0.0000,0.0000,0.0008,0.0003,0.0338
0.1491,1.8755,2.0157,-0.0066,0.0014,119.0978,152.4158,0.0000,0.0194,0.0194,0.0323,0.0000,0.0000,0.0008,0.0003,0.0266
0.0442,1.9989,2.0141,-0.0150,-0.0053,119.2877,152.4705,0.0000,0.0218,0.0218,0.0250,0.0000,0.0000,-0.0032,-0.0013,0.0234
-0.0513,2.0647,2.0127,-0.0234,-0.0053,119.4684,152.5315,0.0000,0.0276,0.0276,0.0210,0.0000,0.0000,-0.0032,-0.0013,0.0161
0.0565,1.9593,2.0114,-0.0317,-0.0053,119.6551,152.5930,0.0000,0.0295,0.0295,0.0149,0.0000,0.0000,-0.0032,-0.0013,0.0071
0.1999,1.8918,2.0103,-0.0386,-0.0037,119.8407,152.6520,0.0000,0.0282,0.0282,0.0159,0.0000,0.0000,-0.0022,-0.0009,0.0012
0.1166,1.9482,2.0093,-0.0370,-0.0037,120.0316,152.7075,0.0000,0.0227,0.0227,0.0065,0.0000,0.0000,-0.0022,-0.0009,-0.0081
0.0996,1.9308,2.0083,0.0000,-0.0037,120.2247,152.7573,0.0000,0.0098,0.0098,-0.0034,0.0000,0.0000,-0.0022,-0.0009,-0.0160
0.0772,1.9715,2.0075,0.0084,-0.0000,120.4200,152.8110,0.0000,-0.0027,-0.0027,-0.0199,0.0000,0.0000,-0.0000,-0.0000,-0.0246
0.0464,1.9787,2.0068,0.0168,-0.0000,120.6105,152.8600,0.0000,-0.0157,-0.0157,-0.0281,0.0000,0.0000,-0.0000,-0.0000,-0.0300
0.0089,2.0089,2.0061,0.0189,-0.0064,120.7915,152.9002,0.0000,-0.0340,-0.0340,-0.0384,0.0000,0.0000,-0.0038,-0.0015,-0.0343
0.0578,1.9506,2.0055,0.0273,-0.0064,120.9734,152.9542,0.0000,-0.0321,-0.0321,-0.0367,0.0000,0.0000,-0.0038,-0.0015,-0.0326
0.2000,1.8395,2.0049,0.0353,-0.0064,121.1592,153.0093,0.0000,-0.0266,-0.0266,-0.0278,0.0000,0.0000,-0.0038,-0.0015,-0.0177
0.1831,1.8819,2.0044,0.0363,0.0021,121.3381,153.0672,0.0000,-0.0159,-0.0159,-0.0040,0.0000,0.0000,0.0013,0.0005,-0.0079
0.1267,1.9212,2.0040,0.0279,0.0021,121.5162,153.1155,0.0000,-0.0098,-0.0098,0.0075,0.0000,0.0000,0.0013,0.0005,0.0056
0.1656,1.8652,2.0036,0.0195,0.0021,121.7012,153.1750,0.0000,0.0055,0.0055,0.0189,0.0000,0.0000,0.0013,0.0005,0.0163
0.1985,1.8297,2.0032,0.0111,-0.0001,121.8780,153.2413,0.0000,0.0281,0.0281,0.0344,0.0000,0.0000,-0.0001,-0.0000,0.0266
0.1250,1.9272,2.0029,0.0027,-0.0001,122.0511,153.2872,0.0000,0.0325,0.0325,0.0407,0.0000,0.0000,-0.0001,-0.0000,0.0320
0.1741,1.8737,2.0026,-0.0057,-0.0046,122.2269,153.3377,0.0000,0.0360,0.0360,0.0235,0.0000,0.0000,-0.0028,-0.0011,0.0313
0.2000,1.7749,2.0024,-0.0141,-0.0046,122.4222,153.3925,0.0000,0.0323,0.0323,0.0201,0.0000,0.0000,-0.0028,-0.0011,0.0241
0.2000,1.8136,2.0021,-0.0225,-0.0046,122.6091,153.4533,0.0000,0.0365,0.0365,0.0158,0.0000,0.0000,-0.0028,-0.0011,0.0160
0.0434,2.0110,2.0019,-0.0303,-0.0042,122.7907,153.5042,0.0000,0.0331,0.0331,0.0125,0.0000,0.0000,-0.0025,-0.0010,0.0100
0.1023,1.9489,2.0017,-0.0387,-0.0042,122.9721,153.5603,0.0000,0.0309,0.0309,0.0050,0.0000,0.0000,-0.0025,-0.0010,0.0020
0.1533,1.8698,2.0015,-0.0303,-0.0042,123.1498,153.6091,0.0000,0.0215,0.0215,-0.0041,0.0000,0.0000,-0.0025,-0.0010,-0.0058
0.1526,1.8823,2.0014,-0.0219,-0.0028,123.3310,153.6606,0.0000,0.0144,0.0144,-0.0055,0.0000,0.0000,-0.0017,-0.0007,-0.0140
0.2000,1.8274,2.0013,-0.0135,-0.0028,123.5153,153.7006,0.0000,-0.0056,-0.0056,-0.0176,0.0000,0.0000,-0.0017,-0.0007,-0.0244
0.1851,1.8685,2.0011,-0.0051,0.0043,123.6946,153.7563,0.0000,-0.0052,-0.0052,-0.0201,0.0000,0.0000,0.0026,0.0010,-0.0306
0.1760,1.8716,2.0010,0.0033,0.0043,123.8808,153.7992,0.0000,-0.0175,-0.0175,-0.0236,0.0000,0.0000,0.0026,0.0010,-0.0287
0.2000,1.8605,2.0009,0.0117,0.0043,124.0578,153.8436,0.0000,-0.0212,-0.0212,-0.0203,0.0000,0.0000,0.0026,0.0010,-0.0206
-0.2000,1.8962,1.9609,0.0093,-0.0065,124.2316,153.8878,0.0000,-0.0258,-0.0258,-0.0307,0.0000,0.0000,-0.0039,-0.0016,-0.0142
-0.2000,1.8094,1.9209,0.0177,-0.0065,124.4130,153.9377,0.0000,-0.0249,-0.0249,-0.0250,0.0000,0.0000,-0.0039,-0.0016,-0.0049
-0.2000,1.7787,1.8809,0.0187,-0.0065,124.5831,153.9995,0.0000,-0.0094,-0.0094,-0.0185,0.0000,0.0000,-0.0039,-0.0016,0.0044
-0.2000,1.8646,1.8409,0.0219,0.0051,124.7489,154.0432,0.0000,-0.0106,-0.0106,-0.0019,0.0000,0.0000,0.0031,0.0012,0.0107
-0.2000,1.7950,1.8009,0.0135,0.0051,124.9297,154.1032,0.0000,0.0011,0.0011,0.0006,0.0000,0.0000,0.0031,0.0012,0.0103
-0.2000,1.7002,1.7609,0.0051,0.0051,125.1085,154.1466,0.0000,-0.0022,-0.0022,0.0057,0.0000,0.0000,0.0031,0.0012,0.0174
-0.2000,1.8896,1.7209,0.0009,0.0067,125.2739,154.1984,0.0000,0.0058,0.0058,0.0053,0.0000,0.0000,0.0041,0.0016,0.0185
-0.2000,1.8244,1.6809,-0.0016,0.0067,125.4413,154.2455,0.0000,0.0066,0.0066,0.0071,0.0000,0.0000,0.0041,0.0016,0.0204
-0.2000,1.7180,1.6409,0.0016,0.0067,125.6121,154.2904,0.0000,0.0007,0.0007,0.0020,0.0000,0.0000,0.0041,0.0016,0.0124
-0.2000,1.7251,1.6009,-0.0068,-0.0026,125.7810,154.3393,0.0000,0.0015,0.0015,0.0104,0.0000,0.0000,-0.0016,-0.0006,0.0061
-0.2000,1.7502,1.5609,0.0000,-0.0026,125.9552,154.3820,0.0000,-0.0043,-0.0043,0.0077,0.0000,0.0000,-0.0016,-0.0006,0.0020
-0.2000,1.7440,1.5209,0.0000,-0.0026,126.1197,154.4290,0.0000,-0.0025,-0.0025,0.0068,0.0000,0.0000,-0.0016,-0.0006,0.0005
-0.2000,1.7782,1.4809,0.0000,-0.0090,126.2830,154.4714,0.0000,-0.0058,-0.0058,-0.0010,0.0000,0.0000,-0.0054,-0.0022,0.0018
-0.2000,1.6960,1.4409,0.0000,-0.0090,126.4450,154.5182,0.0000,-0.0066,-0.0066,-0.0054,0.0000,0.0000,-0.0054,-0.0022,-0.0046
-0.2000,1.6725,1.4009,0.0000,-0.0090,126.6099,154.5638,0.0000,-0.0060,-0.0060,-0.0025,0.0000,0.0000,-0.0054,-0.0022,0.0009
-0.2000,1.6717,1.3609,0.0000,-0.0139,126.7700,154.6055,0.0000,-0.0098,-0.0098,-0.0036,0.0000,0.0000,-0.0084,-0.0033,0.0016
-0.1999,1.6965,1.3248,-0.0011,-0.0139,126.9280,154.6481,0.0000,-0.0118,-0.0118,-0.0039,0.0000,0.0000,-0.0084,-0.0033,0.0015
-0.1999,1.6403,1.2923,0.0000,-0.0139,127.0879,154.7032,0.0000,-0.0030,-0.0030,-0.0054,0.0000,0.0000,-0.0084,-0.0033,0.0015
-0.2000,1.6231,1.2631,0.0000,-0.0149,127.2381,154.7505,0.0000,0.0031,0.0031,0.0006,0.0000,0.0000,-0.0090,-0.0036,0.0015
-0.1999,1.6763,1.2368,-0.0033,-0.0149,127.3880,154.7791,0.0000,-0.0103,-0.0103,-0.0009,0.0000,0.0000,-0.0090,-0.0036,0.0015
-0.1999,1.5610,1.2131,-0.0037,-0.0149,127.5423,154.8122,0.0000,-0.0182,-0.0182,0.0003,0.0000,0.0000,-0.0090,-0.0036,0.0006
-0.1999,1.5143,1.1918,-0.0046,-0.0149,127.6850,154.8563,0.0000,-0.0141,-0.0141,-0.0005,0.0000,0.0000,-0.0090,-0.0036,0.0011
-0.1999,1.5643,1.1726,-0.0048,-0.0234,127.8141,154.8953,0.0000,-0.0133,-0.0133,-0.0142,0.0000,0.0000,-0.0141,-0.0056,0.0008
-0.2000,1.4806,1.1554,0.0036,-0.0234,127.9406,154.9295,0.0000,-0.0156,-0.0156,-0.0155,0.0000,0.0000,-0.0141,-0.0056,-0.0013
-0.2000,1.3365,1.1398,0.0120,-0.0234,128.0657,154.9620,0.0000,-0.0182,-0.0182,-0.0158,0.0000,0.0000,-0.0141,-0.0056,-0.0020
-0.2000,1.2997,1.1258,0.0204,-0.0234,128.1838,154.9952,0.0000,-0.0192,-0.0192,-0.0167,0.0000,0.0000,-0.0141,-0.0056,-0.0028
-0.1999,1.2816,1.1133,0.0182,-0.0175,128.2956,155.0283,0.0000,-0.0184,-0.0184,-0.0042,0.0000,0.0000,-0.0106,-0.0042,-0.0030
-0.2000,1.2154,1.1019,0.0101,-0.0175,128.4045,155.0637,0.0000,-0.0113,-0.0113,-0.0001,0.0000,0.0000,-0.0106,-0.0042,0.0035
-0.1915,1.1564,1.0917,0.0019,-0.0175,128.5113,155.0912,0.0000,-0.0119,-0.0119,0.0034,0.0000,0.0000,-0.0106,-0.0042,0.0111
-0.1844,1.1363,1.0826,-0.0040,-0.0175,128.5888,155.1112,0.0000,-0.0127,-0.0127,0.0053,0.0000,0.0000,-0.0106,-0.0042,0.0179
-0.1633,1.0928,1.0743,0.0044,-0.0175,128.6619,155.1260,0.0000,-0.0194,-0.0194,0.0022,0.0000,0.0000,-0.0106,-0.0042,0.0175
0.0450,0.7938,1.0669,0.0128,-0.0175,128.7451,155.1538,0.0000,-0.0138,-0.0138,0.0028,0.0000,0.0000,-0.0106,-0.0042,0.0115
0.2000,0.7405,1.0602,0.0000,-0.0175,128.8323,155.1841,0.0000,-0.0090,-0.0090,-0.0010,0.0000,0.0000,-0.0106,-0.0042,0.0058
0.2004,0.8710,1.0542,0.0000,-0.0175,128.9208,155.2067,0.0000,-0.0100,-0.0100,-0.0000,0.0000,0.0000,-0.0106,-0.0042,-0.0010
0.1997,0.9140,1.0488,0.0016,-0.0243,129.0128,155.2267,0.0000,-0.0151,-0.0151,-0.0128,0.0000,0.0000,-0.0146,-0.0059,0.0029
0.1994,0.9059,1.0439,0.0100,-0.0243,129.1150,155.2581,0.0000,-0.0132,-0.0132,-0.0112,0.0000,0.0000,-0.0146,-0.0059,0.0097
0.1930,0.9330,1.0395,0.0184,-0.0243,129.1951,155.2818,0.0000,-0.0134,-0.0134,-0.0121,0.0000,0.0000,-0.0146,-0.0059,0.0064
0.0052,1.0599,1.0355,0.0266,-0.0243,129.2729,155.3091,0.0000,-0.0105,-0.0105,-0.0140,0.0000,0.0000,-0.0146,-0.0059,0.0014
0.2001,0.8279,1.0320,0.0333,-0.0243,129.3531,155.3365,0.0000,-0.0043,-0.0043,-0.0122,0.0000,0.0000,-0.0146,-0.0059,0.0025
0.1999,0.8179,1.0288,0.0000,-0.0243,129.4276,155.3587,0.0000,-0.0033,-0.0033,-0.0098,0.0000,0.0000,-0.0146,-0.0059,0.0091
0.2000,0.8398,1.0259,0.0036,-0.0291,129.5066,155.3809,0.0000,-0.0038,-0.0038,-0.0154,0.0000,0.0000,-0.0176,-0.0070,0.0165
0.2000,0.7710,1.0233,0.0009,-0.0291,129.5707,155.4003,0.0000,-0.0023,-0.0023,-0.0126,0.0000,0.0000,-0.0176,-0.0070,0.0232
0.2001,0.8141,1.0210,-0.0038,-0.0291,129.6387,155.4224,0.0000,-0.0007,-0.0007,-0.0107,0.0000,0.0000,-0.0176,-0.0070,0.0293
0.2000,0.6640,1.0189,-0.0038,-0.0291,129.7007,155.4427,0.0000,0.0017,0.0017,-0.0127,0.0000,0.0000,-0.0176,-0.0070,0.0227
0.2000,0.7093,1.0170,0.0014,-0.0291,129.7670,155.4605,0.0000,-0.0011,-0.0011,-0.0147,0.0000,0.0000,-0.0176,-0.0070,0.0099
0.2000,0.6465,1.0153,0.0082,-0.0291,129.8385,155.4775,0.0000,-0.0055,-0.0055,-0.0170,0.0000,0.0000,-0.0176,-0.0070,0.0013
0.1999,0.6807,1.0138,0.0135,-0.0291,129.9076,155.4965,0.0000,-0.0078,-0.0078,-0.0179,0.0000,0.0000,-0.0176,-0.0070,-0.0029
0.2000,0.7283,1.0124,0.0181,-0.0291,129.9813,155.5187,0.0000,-0.0082,-0.0082,-0.0180,0.0000,0.0000,-0.0176,-0.0070,-0.0033
0.2000,0.7114,1.0112,0.0224,-0.0164,130.0568,155.5387,0.0000,-0.0081,-0.0081,0.0184,0.0000,0.0000,-0.0099,-0.0040,0.0013
0.2000,0.7632,1.0100,0.0140,-0.0164,130.1292,155.5545,0.0000,-0.0104,-0.0104,0.0205,0.0000,0.0000,-0.0099,-0.0040,0.0071
0.2000,0.7742,1.0090,0.0058,-0.0164,130.2106,155.5895,0.0000,0.0044,0.0044,0.0254,0.0000,0.0000,-0.0099,-0.0040,0.0120
0.2000,0.7344,1.0081,-0.0025,-0.0164,130.2709,155.6020,0.0000,0.0011,0.0011,0.0272,0.0000,0.0000,-0.0099,-0.0040,0.0158
0.1730,0.8809,1.0073,-0.0109,-0.0164,130.3222,155.6216,0.0000,0.0093,0.0093,0.0292,0.0000,0.0000,-0.0099,-0.0040,0.0192
0.2000,0.6101,1.0066,-0.0192,-0.0164,130.3813,155.6391,0.0000,0.0073,0.0073,0.0271,0.0000,0.0000,-0.0099,-0.0040,0.0140
0.2000,0.5447,1.0059,-0.0276,-0.0164,130.4388,155.6619,0.0000,0.0135,0.0135,0.0254,0.0000,0.0000,-0.0099,-0.0040,0.0076
0.2000,0.6108,1.0053,-0.0360,-0.0164,130.5039,155.6745,0.0000,0.0093,0.0093,0.0231,0.0000,0.0000,-0.0099,-0.0040,-0.0002
0.2000,0.6131,1.0048,-0.0390,-0.0110,130.5792,155.6996,0.0000,0.0137,0.0137,0.0266,0.0000,0.0000,-0.0066,-0.0027,-0.0064
0.2000,0.6583,1.0043,-0.0474,-0.0110,130.6702,155.7320,0.0000,0.0208,0.0208,0.0190,0.0000,0.0000,-0.0066,-0.0027,-0.0139
0.2000,0.7863,1.0039,-0.0540,-0.0110,130.7549,155.7526,0.0000,0.0191,0.0191,0.0128,0.0000,0.0000,-0.0066,-0.0027,-0.0241
0.1382,0.9566,1.0035,-0.0611,-0.0095,130.8617,155.7737,0.0000,0.0132,0.0132,0.0193,0.0000,0.0000,-0.0058,-0.0023,-0.0318
0.2000,0.8650,1.0032,-0.0695,-0.0095,130.9616,155.8043,0.0000,0.0149,0.0149,0.0121,0.0000,0.0000,-0.0058,-0.0023,-0.0359
0.0158,1.0356,1.0028,-0.0644,-0.0095,131.0687,155.8337,0.0000,0.0164,0.0164,0.0039,0.0000,0.0000,-0.0058,-0.0023,-0.0457
-0.0255,1.0356,1.0026,-0.0561,-0.0095,131.1703,155.8620,0.0000,0.0167,0.0167,-0.0031,0.0000,0.0000,-0.0058,-0.0023,-0.0527
-0.0394,1.0356,1.0023,-0.0477,-0.0095,131.2693,155.8855,0.0000,0.0124,0.0124,-0.0113,0.0000,0.0000,-0.0058,-0.0023,-0.0595
-0.0231,1.0096,1.0021,-0.0393,-0.0026,131.3729,155.9199,0.0000,0.0192,0.0192,-0.0093,0.0000,0.0000,-0.0015,-0.0006,-0.0641
-0.0166,1.0096,1.0019,-0.0309,-0.0026,131.4665,155.9341,0.0000,0.0091,0.0091,-0.0142,0.0000,0.0000,-0.0015,-0.0006,-0.0664
-0.0142,1.0096,1.0017,-0.0225,-0.0026,131.5567,155.9541,0.0000,0.0063,0.0063,-0.0164,0.0000,0.0000,-0.0015,-0.0006,-0.0616
-0.1528,1.0809,1.0015,-0.0141,-0.0026,131.6503,155.9731,0.0000,0.0020,0.0020,-0.0178,0.0000,0.0000,-0.0015,-0.0006,-0.0552
0.0453,0.9170,1.0014,-0.0057,-0.0026,131.7375,155.9912,0.0000,-0.0002,-0.0002,-0.0164,0.0000,0.0000,-0.0015,-0.0006,-0.0479
0.2000,0.9469,1.0214,0.0000,-0.0052,131.8227,156.0027,0.0000,-0.0085,-0.0085,-0.0062,0.0000,0.0000,-0.0031,-0.0013,-0.0329
0.2000,0.8845,1.0414,0.0000,-0.0052,131.9060,156.0219,0.0000,-0.0083,-0.0083,-0.0049,0.0000,0.0000,-0.0031,-0.0013,-0.0249
0.2000,0.8527,1.0614,0.0000,-0.0052,131.9904,156.0399,0.0000,-0.0095,-0.0095,-0.0036,0.0000,0.0000,-0.0031,-0.0013,-0.0188
0.2000,0.8472,1.0814,0.0000,-0.0052,132.0711,156.0598,0.0000,-0.0076,-0.0076,-0.0014,0.0000,0.0000,-0.0031,-0.0013,-0.0091
0.2000,0.8562,1.1014,0.0000,-0.0052,132.1399,156.0732,0.0000,-0.0097,-0.0097,0.0001,0.0000,0.0000,-0.0031,-0.0013,-0.0013
0.2000,0.8236,1.1214,0.0005,-0.0052,132.2212,156.0908,0.0000,-0.0106,-0.0106,0.0006,0.0000,0.0000,-0.0031,-0.0013,0.0014
0.2000,0.6957,1.1414,0.0000,-0.0052,132.2981,156.1100,0.0000,-0.0093,-0.0093,0.0000,0.0000,0.0000,-0.0031,-0.0013,0.0014
0.2000,0.7850,1.1614,0.0008,-0.0052,132.3832,156.1280,0.0000,-0.0108,-0.0108,-0.0001,0.0000,0.0000,-0.0031,-0.0013,0.0013
0.2000,0.7850,1.1814,0.0000,-0.0045,132.4687,156.1503,0.0000,-0.0085,-0.0085,-0.0019,0.0000,0.0000,-0.0027,-0.0011,0.0013
0.2000,0.8633,1.2014,0.0000,-0.0045,132.5552,156.1720,0.0000,-0.0068,-0.0068,-0.0018,0.0000,0.0000,-0.0027,-0.0011,0.0011
0.2000,0.8758,1.2214,0.0000,-0.0045,132.6409,156.1899,0.0000,-0.0086,-0.0086,-0.0019,0.0000,0.0000,-0.0027,-0.0011,0.0011
0.2000,0.8838,1.2414,0.0000,-0.0045,132.7327,156.2111,0.0000,-0.0089,-0.0089,-0.0024,0.0000,0.0000,-0.0027,-0.0011,0.0015
0.2000,0.8680,1.2614,0.0000,-0.0045,132.8190,156.2363,0.0000,-0.0034,-0.0034,-0.0019,0.0000,0.0000,-0.0027,-0.0011,0.0015
0.2000,0.9345,1.2814,0.0000,-0.0008,132.9069,156.2542,0.0000,-0.0061,-0.0061,-0.0024,0.0000,0.0000,-0.0005,-0.0002,0.0014
0.2000,0.8913,1.3014,0.0000,-0.0008,133.0006,156.2728,0.0000,-0.0089,-0.0089,-0.0024,0.0000,0.0000,-0.0005,-0.0002,0.0014
0.2000,0.8895,1.3214,0.0045,-0.0008,133.1020,156.2946,0.0000,-0.0108,-0.0108,-0.0032,0.0000,0.0000,-0.0005,-0.0002,0.0013
0.2000,0.9472,1.3414,0.0000,-0.0008,133.2033,156.3193,0.0000,-0.0098,-0.0098,-0.0039,0.0000,0.0000,-0.0005,-0.0002,0.0013
0.2000,1.0283,1.3614,0.0000,-0.0022,133.3110,156.3457,0.0000,-0.0086,-0.0086,-0.0017,0.0000,0.0000,-0.0013,-0.0005,0.0013
0.2000,1.0341,1.3814,0.0000,-0.0022,133.4112,156.3697,0.0000,-0.0070,-0.0070,-0.0010,0.0000,0.0000,-0.0013,-0.0005,0.0013
0.2000,1.0988,1.4014,0.0000,-0.0022,133.5178,156.3943,0.0000,-0.0068,-0.0068,-0.0012,0.0000,0.0000,-0.0013,-0.0005,0.0029
0.2000,1.0220,1.4214,0.0000,-0.0022,133.6255,156.4284,0.0000,0.0030,0.0030,-0.0007,0.0000,0.0000,-0.0013,-0.0005,0.0017
0.2000,1.0848,1.4414,0.0038,0.0026,133.7475,156.4472,0.0000,-0.0061,-0.0061,0.0018,0.0000,0.0000,0.0015,0.0006,0.0011
0.2000,1.1202,1.4614,0.0034,0.0026,133.8624,156.4694,0.0000,-0.0090,-0.0090,0.0026,0.0000,0.0000,0.0015,0.0006,0.0015
0.2000,1.2247,1.4814,0.0033,0.0026,133.9840,156.4964,0.0000,-0.0090,-0.0090,0.0025,0.0000,0.0000,0.0015,0.0006,0.0015
0.2000,1.1597,1.5014,0.0007,0.0026,134.0993,156.5313,0.0000,0.0001,0.0001,0.0030,0.0000,0.0000,0.0015,0.0006,0.0017
0.2000,1.2348,1.5214,0.0057,0.0043,134.2181,156.5567,0.0000,-0.0014,-0.0014,-0.0023,0.0000,0.0000,0.0026,0.0010,0.0017
0.2000,1.1945,1.5414,0.0070,0.0043,134.3388,156.5822,0.0000,-0.0034,-0.0034,-0.0019,0.0000,0.0000,0.0026,0.0010,0.0047
0.2000,1.2046,1.5614,0.0068,0.0043,134.4565,156.6119,0.0000,-0.0006,-0.0006,-0.0018,0.0000,0.0000,0.0026,0.0010,0.0045
0.2000,1.2234,1.5814,0.0070,0.0043,134.5760,156.6375,0.0000,-0.0020,-0.0020,-0.0017,0.0000,0.0000,0.0026,0.0010,0.0023
0.2000,1.2028,1.6014,-0.0014,0.0010,134.7105,156.6741,0.0000,0.0041,0.0041,0.0055,0.0000,0.0000,0.0006,0.0002,0.0023
0.2000,1.2128,1.6214,-0.0054,0.0010,134.8505,156.7020,0.0000,0.0017,0.0017,0.0070,0.0000,0.0000,0.0006,0.0002,0.0064
0.2000,1.3813,1.6414,-0.0090,0.0010,134.9769,156.7310,0.0000,0.0040,0.0040,0.0086,0.0000,0.0000,0.0006,0.0002,0.0077
0.2000,1.4157,1.6614,0.0000,-0.0032,135.1128,156.7681,0.0000,0.0097,0.0097,-0.0011,0.0000,0.0000,-0.0019,-0.0008,0.0077
0.2000,1.2856,1.6814,0.0000,-0.0032,135.2574,156.7976,0.0000,0.0053,0.0053,-0.0027,0.0000,0.0000,-0.0019,-0.0008,0.0073
0.2000,1.3965,1.7014,0.0000,-0.0032,135.3925,156.8267,0.0000,0.0014,0.0014,-0.0065,0.0000,0.0000,-0.0019,-0.0008,0.0000
0.2000,1.4630,1.7214,0.0048,0.0093,135.5305,156.8594,0.0000,0.0022,0.0022,0.0054,0.0000,0.0000,0.0056,0.0022,-0.0042
0.2000,1.3705,1.7414,0.0035,0.0093,135.6724,156.8953,0.0000,0.0064,0.0064,0.0039,0.0000,0.0000,0.0056,0.0022,-0.0060
0.2000,1.4065,1.7614,0.0006,0.0093,135.8207,156.9290,0.0000,0.0088,0.0088,0.0066,0.0000,0.0000,0.0056,0.0022,0.0017
0.2000,1.4504,1.7814,0.0016,0.0106,135.9577,156.9606,0.0000,0.0117,0.0117,0.0047,0.0000,0.0000,0.0064,0.0026,0.0017
0.2000,1.5087,1.8014,-0.0007,0.0106,136.1159,157.0070,0.0000,0.0228,0.0228,0.0047,0.0000,0.0000,0.0064,0.0026,0.0045
0.2000,1.3933,1.8214,-0.0030,0.0106,136.2574,157.0418,0.0000,0.0273,0.0273,0.0062,0.0000,0.0000,0.0064,0.0026,0.0055
0.2000,1.6346,1.8414,0.0018,0.0091,136.4256,157.0725,0.0000,0.0205,0.0205,-0.0037,0.0000,0.0000,0.0055,0.0022,0.0038
0.2000,1.4444,1.8614,0.0043,0.0091,136.5839,157.1105,0.0000,0.0230,0.0230,-0.0036,0.0000,0.0000,0.0055,0.0022,0.0031
0.2000,1.6954,1.8814,0.0069,0.0091,136.7419,157.1446,0.0000,0.0194,0.0194,-0.0053,0.0000,0.0000,0.0055,0.0022,0.0017
0.2000,1.6146,1.9014,0.0113,0.0153,136.9045,157.1771,0.0000,0.0155,0.0155,0.0004,0.0000,0.0000,0.0092,0.0037,-0.0003
0.2000,1.6027,1.9214,0.0093,0.0153,137.0703,157.2156,0.0000,0.0177,0.0177,0.0019,0.0000,0.0000,0.0092,0.0037,0.0027
0.2000,1.6437,1.9414,0.0055,0.0153,137.2278,157.2539,0.0000,0.0229,0.0229,0.0047,0.0000,0.0000,0.0092,0.0037,0.0055
0.2000,1.6878,1.9614,0.0113,0.0170,137.4001,157.2858,0.0000,0.0167,0.0167,-0.0018,0.0000,0.0000,0.0102,0.0041,0.0079
0.2000,1.6064,1.9814,0.0107,0.0170,137.5755,157.3282,0.0000,0.0206,0.0206,0.0009,0.0000,0.0000,0.0102,0.0041,0.0114
0.1999,1.7381,2.0000,0.0102,0.0170,137.7558,157.3688,0.0000,0.0200,0.0200,0.0013,0.0000,0.0000,0.0102,0.0041,0.0106
0.2000,1.7892,2.0000,0.0018,0.0076,137.9350,157.4071,0.0000,0.0167,0.0167,-0.0074,0.0000,0.0000,0.0046,0.0018,0.0074
0.2001,1.8319,2.0000,-0.0066,0.0076,138.1209,157.4533,0.0000,0.0196,0.0196,-0.0047,0.0000,0.0000,0.0046,0.0018,0.0116
0.2000,1.8168,2.0000,-0.0074,0.0126,138.2989,157.5022,0.0000,0.0282,0.0282,0.0119,0.0000,0.0000,0.0076,0.0030,0.0112
0.1999,1.8992,2.0000,-0.0156,0.0126,138.4794,157.5379,0.0000,0.0237,0.0237,0.0117,0.0000,0.0000,0.0076,0.0030,0.0111
0.2001,1.8307,2.0000,-0.0240,0.0126,138.6672,157.5800,0.0000,0.0203,0.0203,0.0059,0.0000,0.0000,0.0076,0.0030,0.0037
0.2001,1.8248,2.0000,-0.0161,0.0120,138.8483,157.6170,0.0000,0.0137,0.0137,0.0009,0.0000,0.0000,0.0072,0.0029,-0.0041
0.1544,1.9081,2.0000,-0.0077,0.0120,139.0499,157.6582,0.0000,0.0077,0.0077,-0.0021,0.0000,0.0000,0.0072,0.0029,-0.0052
0.2003,1.8329,2.0000,-0.0049,0.0065,139.2459,157.6852,0.0000,-0.0159,-0.0159,-0.0275,0.0000,0.0000,0.0039,0.0016,-0.0126
0.0106,2.0402,2.0000,0.0035,0.0065,139.4311,157.7278,0.0000,-0.0255,-0.0255,-0.0356,0.0000,0.0000,0.0039,0.0016,-0.0202
0.0349,1.9636,2.0000,0.0119,0.0070,139.6201,157.7675,0.0000,-0.0288,-0.0288,-0.0382,0.0000,0.0000,0.0042,0.0017,-0.0128
0.1143,1.8839,2.0000,0.0203,0.0070,139.8133,157.8143,0.0000,-0.0280,-0.0280,-0.0359,0.0000,0.0000,0.0042,0.0017,-0.0051
0.1189,1.9154,2.0000,0.0287,0.0070,139.9994,157.8583,0.0000,-0.0285,-0.0285,-0.0331,0.0000,0.0000,0.0042,0.0017,-0.0021
0.0614,1.9698,2.0000,0.0371,0.0081,140.1982,157.9033,0.0000,-0.0304,-0.0304,-0.0324,0.0000,0.0000,0.0049,0.0020,0.0052
0.1635,1.8967,2.0000,0.0455,0.0081,140.3972,157.9537,0.0000,-0.0241,-0.0241,-0.0255,0.0000,0.0000,0.0049,0.0020,0.0128
0.0306,2.0210,2.0000,0.0489,0.0032,140.5944,158.0065,0.0000,-0.0164,-0.0164,-0.0253,0.0000,0.0000,0.0019,0.0008,0.0199
-0.0540,2.0355,2.0000,0.0573,0.0032,140.7941,158.0593,0.0000,-0.0085,-0.0085,-0.0159,0.0000,0.0000,0.0019,0.0008,0.0270
-0.0392,2.0250,2.0000,0.0489,0.0032,140.9885,158.1032,0.0000,-0.0072,-0.0072,-0.0062,0.0000,0.0000,0.0019,0.0008,0.0341
-0.0543,2.0491,2.0000,0.0407,0.0034,141.1810,158.1541,0.0000,0.0006,0.0006,-0.0068,0.0000,0.0000,0.0021,0.0008,0.0413
0.0069,1.9762,2.0000,0.0324,0.0034,141.3839,158.2068,0.0000,0.0065,0.0065,0.0015,0.0000,0.0000,0.0021,0.0008,0.0438
0.0233,1.9752,2.0000,0.0287,0.0082,141.5846,158.2711,0.0000,0.0248,0.0248,0.0252,0.0000,0.0000,0.0050,0.0020,0.0504
-0.0675,2.0795,2.0000,0.0203,0.0082,141.7806,158.3238,0.0000,0.0310,0.0310,0.0277,0.0000,0.0000,0.0050,0.0020,0.0445
-0.1028,2.0924,2.0000,0.0119,-0.0046,141.9817,158.3761,0.0000,0.0343,0.0343,0.0320,0.0000,0.0000,-0.0028,-0.0011,0.0372
-0.0400,2.0121,2.0000,0.0035,-0.0046,142.1691,158.4199,0.0000,0.0309,0.0309,0.0306,0.0000,0.0000,-0.0028,-0.0011,0.0296
-0.0669,2.0610,2.0000,-0.0049,-0.0046,142.3755,158.4710,0.0000,0.0311,0.0311,0.0309,0.0000,0.0000,-0.0028,-0.0011,0.0261
0.0767,1.9076,2.0000,-0.0006,0.0081,142.5591,158.5323,0.0000,0.0424,0.0424,0.0293,0.0000,0.0000,0.0049,0.0019,0.0189
-0.0916,2.1075,2.0000,-0.0090,0.0081,142.7519,158.5816,0.0000,0.0431,0.0431,0.0254,0.0000,0.0000,0.0049,0.0019,0.0117
0.0716,1.9196,2.0000,-0.0174,0.0081,142.9336,158.6301,0.0000,0.0398,0.0398,0.0191,0.0000,0.0000,0.0049,0.0019,0.0044
0.0779,1.9736,2.0000,-0.0258,0.0079,143.1274,158.6853,0.0000,0.0450,0.0450,0.0130,0.0000,0.0000,0.0048,0.0019,-0.0028
0.2004,1.8648,2.0000,-0.0342,0.0079,143.3186,158.7336,0.0000,0.0418,0.0418,0.0121,0.0000,0.0000,0.0048,0.0019,0.0005
0.0544,1.9979,2.0000,-0.0418,-0.0079,143.5175,158.7723,0.0000,0.0254,0.0254,-0.0024,0.0000,0.0000,-0.0048,-0.0019,-0.0068
0.0581,1.9553,2.0000,-0.0334,-0.0079,143.7018,158.8165,0.0000,0.0156,0.0156,-0.0096,0.0000,0.0000,-0.0048,-0.0019,-0.0123
0.0089,2.0095,2.0000,-0.0250,-0.0079,143.8864,158.8605,0.0000,0.0028,0.0028,-0.0201,0.0000,0.0000,-0.0048,-0.0019,-0.0200
0.1152,1.8801,2.0000,-0.0166,0.0000,144.0831,158.9080,0.0000,-0.0101,-0.0101,-0.0390,0.0000,0.0000,0.0000,0.0000,-0.0278
0.1379,1.8823,2.0000,-0.0082,0.0000,144.2886,158.9601,0.0000,-0.0217,-0.0217,-0.0496,0.0000,0.0000,0.0000,0.0000,-0.0355
0.0304,2.0068,2.0000,0.0002,0.0024,144.4970,159.0003,0.0000,-0.0431,-0.0431,-0.0496,0.0000,0.0000,0.0015,0.0006,-0.0328
-0.0889,2.1021,2.0000,0.0085,0.0024,144.6911,159.0464,0.0000,-0.0535,-0.0535,-0.0504,0.0000,0.0000,0.0015,0.0006,-0.0253
-0.1222,2.1050,2.0000,0.0092,-0.0053,144.8826,159.0939,0.0000,-0.0571,-0.0571,-0.0601,0.0000,0.0000,-0.0032,-0.0013,-0.0176
-0.0080,1.9776,2.0000,0.0176,-0.0053,145.0854,159.1384,0.0000,-0.0628,-0.0628,-0.0541,0.0000,0.0000,-0.0032,-0.0013,-0.0095
0.0363,1.9562,2.0000,0.0259,-0.0053,145.2712,159.1762,0.0000,-0.0733,-0.0733,-0.0488,0.0000,0.0000,-0.0032,-0.0013,-0.0018
-0.0414,2.0584,2.0000,0.0343,-0.0045,145.4673,159.2286,0.0000,-0.0745,-0.0745,-0.0413,0.0000,0.0000,-0.0027,-0.0011,0.0058
0.1184,1.8803,2.0000,0.0427,-0.0045,145.6534,159.2847,0.0000,-0.0641,-0.0641,-0.0375,0.0000,0.0000,-0.0027,-0.0011,0.0090
0.0192,2.0125,2.0000,0.0510,-0.0045,145.8379,159.3255,0.0000,-0.0729,-0.0729,-0.0321,0.0000,0.0000,-0.0027,-0.0011,0.0116
0.0695,1.9275,2.0000,0.0559,0.0087,146.0275,159.3766,0.0000,-0.0639,-0.0639,0.0115,0.0000,0.0000,0.0052,0.0021,0.0209
0.1410,1.8725,2.0000,0.0475,0.0087,146.2110,159.4317,0.0000,-0.0477,-0.0477,0.0198,0.0000,0.0000,0.0052,0.0021,0.0278
0.0955,1.9490,2.0000,0.0391,-0.0044,146.4143,159.4817,0.0000,-0.0382,-0.0382,0.0027,0.0000,0.0000,-0.0027,-0.0011,0.0349
0.1188,1.9009,2.0000,0.0307,-0.0044,146.5968,159.5252,0.0000,-0.0366,-0.0366,0.0125,0.0000,0.0000,-0.0027,-0.0011,0.0418
-0.0530,2.0759,2.0000,0.0223,-0.0044,146.7774,159.5834,0.0000,-0.0204,-0.0204,0.0225,0.0000,0.0000,-0.0027,-0.0011,0.0468
0.1248,1.8591,2.0000,0.0146,-0.0038,146.9484,159.6394,0.0000,-0.0088,-0.0088,0.0211,0.0000,0.0000,-0.0023,-0.0009,0.0428
0.1501,1.8834,2.0000,0.0062,-0.0038,147.1328,159.6973,0.0000,-0.0009,-0.0009,0.0203,0.0000,0.0000,-0.0023,-0.0009,0.0352
0.2000,1.7856,2.0000,-0.0022,-0.0038,147.3082,159.7463,0.0000,-0.0001,-0.0001,0.0185,0.0000,0.0000,-0.0023,-0.0009,0.0274
0.1459,1.9164,2.0000,0.0062,0.0144,147.4859,159.7958,0.0000,0.0040,0.0040,0.0475,0.0000,0.0000,0.0087,0.0035,0.0201
0.2000,1.8059,2.0000,-0.0022,0.0144,147.6683,159.8460,0.0000,0.0060,0.0060,0.0440,0.0000,0.0000,0.0087,0.0035,0.0136
0.2000,1.8289,2.0000,-0.0106,0.0144,147.8394,159.8988,0.0000,0.0151,0.0151,0.0396,0.0000,0.0000,0.0087,0.0035,0.0063
0.2005,1.8759,2.0000,-0.0190,-0.0034,148.0247,159.9519,0.0000,0.0183,0.0183,0.0091,0.0000,0.0000,-0.0020,-0.0008,-0.0017
0.2000,1.7753,2.0000,-0.0206,-0.0034,148.1978,160.0002,0.0000,0.0191,0.0191,0.0098,0.0000,0.0000,-0.0020,-0.0008,0.0005
0.1995,1.9109,2.0000,-0.0276,-0.0018,148.3808,160.0530,0.0000,0.0196,0.0196,0.0033,0.0000,0.0000,-0.0011,-0.0004,-0.0022
0.2000,1.7823,2.0000,-0.0192,-0.0018,148.5550,160.1121,0.0000,0.0249,0.0249,-0.0044,0.0000,0.0000,-0.0011,-0.0004,-0.0095
0.1756,1.8880,2.0000,-0.0115,-0.0018,148.7348,160.1714,0.0000,0.0287,0.0287,-0.0129,0.0000,0.0000,-0.0011,-0.0004,-0.0176
0.1888,1.8761,2.0000,-0.0031,0.0020,148.9144,160.2128,0.0000,0.0174,0.0174,-0.0124,0.0000,0.0000,0.0012,0.0005,-0.0220
0.1908,1.8761,2.0000,0.0053,0.0020,149.0971,160.2579,0.0000,0.0082,0.0082,-0.0196,0.0000,0.0000,0.0012,0.0005,-0.0268
0.1950,1.8761,2.0000,0.0137,0.0020,149.2780,160.3033,0.0000,0.0050,0.0050,-0.0188,0.0000,0.0000,0.0012,0.0005,-0.0233
0.1998,1.8659,2.0000,0.0221,0.0036,149.4424,160.3430,0.0000,0.0013,0.0013,-0.0164,0.0000,0.0000,0.0022,0.0009,-0.0158
0.2002,1.8491,2.0000,0.0305,0.0036,149.6349,160.3916,0.0000,0.0011,0.0011,-0.0120,0.0000,0.0000,0.0022,0.0009,-0.0105
0.2000,1.6774,2.0000,0.0221,0.0036,149.8083,160.4438,0.0000,0.0106,0.0106,-0.0057,0.0000,0.0000,0.0022,0.0009,-0.0025
0.0845,1.9686,2.0000,0.0166,0.0065,149.9840,160.4913,0.0000,0.0155,0.0155,0.0041,0.0000,0.0000,0.0039,0.0016,0.0053
0.1998,1.7957,2.0000,0.0082,0.0065,150.1623,160.5280,0.0000,0.0108,0.0108,0.0123,0.0000,0.0000,0.0039,0.0016,0.0127
0.2000,1.8040,2.0000,0.0008,0.0075,150.3452,160.5796,0.0000,0.0180,0.0180,0.0221,0.0000,0.0000,0.0045,0.0018,0.0198
0.2000,1.8039,2.0000,-0.0076,0.0075,150.5129,160.6306,0.0000,0.0268,0.0268,0.0248,0.0000,0.0000,0.0045,0.0018,0.0215
0.2000,1.7385,2.0000,-0.0160,0.0075,150.6906,160.6906,0.0000,0.0390,0.0390,0.0227,0.0000,0.0000,0.0045,0.0018,0.0149
0.2000,1.7385,2.0000,-0.0244,0.0028,150.8713,160.7482,0.0000,0.0475,0.0475,0.0156,0.0000,0.0000,0.0017,0.0007,0.0100
0.1997,1.8593,2.0000,-0.0328,0.0028,151.0506,160.8067,0.0000,0.0556,0.0556,0.0105,0.0000,0.0000,0.0017,0.0007,0.0025
0.2004,1.8593,2.0000,-0.0411,0.0028,151.2287,160.8583,0.0000,0.0550,0.0550,0.0037,0.0000,0.0000,0.0017,0.0007,-0.0045
0.2000,1.8383,2.0000,-0.0382,-0.0027,151.4100,160.9105,0.0000,0.0513,0.0513,-0.0173,0.0000,0.0000,-0.0016,-0.0006,-0.0122
0.2000,1.8383,2.0000,-0.0298,-0.0027,151.5796,160.9618,0.0000,0.0475,0.0475,-0.0276,0.0000,0.0000,-0.0016,-0.0006,-0.0203
0.1778,1.8700,2.0000,-0.0214,0.0040,151.7734,161.0072,0.0000,0.0311,0.0311,-0.0222,0.0000,0.0000,0.0024,0.0010,-0.0279
0.2000,1.7563,2.0000,-0.0131,0.0040,151.9525,161.0449,0.0000,0.0161,0.0161,-0.0314,0.0000,0.0000,0.0024,0.0010,-0.0356
0.0787,1.9742,2.0000,-0.0047,0.0040,152.1454,161.0878,0.0000,-0.0003,-0.0003,-0.0405,0.0000,0.0000,0.0024,0.0010,-0.0403
0.1972,1.8159,2.0000,0.0011,0.0014,152.3292,161.1255,0.0000,-0.0110,-0.0110,-0.0467,0.0000,0.0000,0.0008,0.0003,-0.0350
0.0911,1.9607,2.0000,0.0095,0.0014,152.5019,161.1587,0.0000,-0.0271,-0.0271,-0.0457,0.0000,0.0000,0.0008,0.0003,-0.0273
0.1682,1.8610,2.0000,0.0179,0.0014,152.6833,161.2047,0.0000,-0.0272,-0.0272,-0.0421,0.0000,0.0000,0.0008,0.0003,-0.0195
0.2000,1.7439,2.0000,0.0261,0.0012,152.8851,161.2490,0.0000,-0.0331,-0.0331,-0.0409,0.0000,0.0000,0.0007,0.0003,-0.0131
0.1998,1.8556,2.0000,0.0343,0.0012,153.0591,161.3071,0.0000,-0.0214,-0.0214,-0.0349,0.0000,0.0000,0.0007,0.0003,-0.0050
0.0032,2.0484,2.0000,0.0424,0.0009,153.2454,161.3389,0.0000,-0.0413,-0.0413,-0.0344,0.0000,0.0000,0.0005,0.0002,0.0027
0.1998,1.8197,2.0000,0.0504,0.0009,153.4391,161.3890,0.0000,-0.0355,-0.0355,-0.0271,0.0000,0.0000,0.0005,0.0002,0.0081
0.2008,1.8730,2.0000,0.0588,0.0009,153.6259,161.4386,0.0000,-0.0329,-0.0329,-0.0191,0.0000,0.0000,0.0005,0.0002,0.0152
0.0689,1.9846,2.0000,0.0504,-0.0067,153.7971,161.4828,0.0000,-0.0316,-0.0316,-0.0141,0.0000,0.0000,-0.0040,-0.0016,0.0221
0.0955,1.9161,2.0000,0.0420,-0.0067,153.9841,161.5349,0.0000,-0.0236,-0.0236,-0.0041,0.0000,0.0000,-0.0040,-0.0016,0.0288
0.1999,1.7535,2.0000,0.0336,-0.0067,154.1736,161.5880,0.0000,-0.0160,-0.0160,0.0050,0.0000,0.0000,-0.0040,-0.0016,0.0358
0.1258,1.9258,2.0000,0.0276,-0.0042,154.3496,161.6507,0.0000,0.0055,0.0055,0.0182,0.0000,0.0000,-0.0025,-0.0010,0.0429
0.0800,1.9524,2.0000,0.0193,-0.0042,154.5204,161.7166,0.0000,0.0299,0.0299,0.0271,0.0000,0.0000,-0.0025,-0.0010,0.0478
0.1600,1.8552,2.0000,0.0109,-0.0101,154.7051,161.7822,0.0000,0.0436,0.0436,0.0326,0.0000,0.0000,-0.0061,-0.0024,0.0415
0.2001,1.8180,2.0000,0.0025,-0.0101,154.8928,161.8253,0.0000,0.0378,0.0378,0.0330,0.0000,0.0000,-0.0061,-0.0024,0.0338
0.1143,1.9442,2.0000,-0.0059,-0.0222,155.0796,161.8920,0.0000,0.0555,0.0555,0.0331,0.0000,0.0000,-0.0134,-0.0053,0.0264
0.1165,1.9088,2.0000,-0.0142,-0.0222,155.2635,161.9495,0.0000,0.0605,0.0605,0.0300,0.0000,0.0000,-0.0134,-0.0053,0.0213
0.0639,1.9668,2.0000,-0.0226,-0.0222,155.4395,162.0089,0.0000,0.0714,0.0714,0.0275,0.0000,0.0000,-0.0134,-0.0053,0.0145
0.1054,1.9104,2.0000,-0.0185,-0.0096,155.6262,162.0705,0.0000,0.0779,0.0779,0.0220,0.0000,0.0000,-0.0058,-0.0023,0.0066
0.2000,1.8423,2.0000,-0.0269,-0.0096,155.8188,162.1237,0.0000,0.0727,0.0727,0.0146,0.0000,0.0000,-0.0058,-0.0023,-0.0005
0.1160,1.9488,2.0000,-0.0349,-0.0096,156.0122,162.1840,0.0000,0.0737,0.0737,0.0051,0.0000,0.0000,-0.0058,-0.0023,-0.0086
0.0841,1.9819,2.0000,-0.0300,0.0038,156.1850,162.2269,0.0000,0.0669,0.0669,0.0000,0.0000,0.0000,0.0023,0.0009,-0.0163
0.0170,2.0073,2.0000,-0.0291,0.0038,156.3592,162.2863,0.0000,0.0706,0.0706,-0.0090,0.0000,0.0000,0.0023,0.0009,-0.0211
0.2000,1.7656,2.0000,-0.0210,0.0038,156.5456,162.3288,0.0000,0.0571,0.0571,-0.0149,0.0000,0.0000,0.0023,0.0009,-0.0218
0.2000,1.8232,2.0000,-0.0126,0.0043,156.7245,162.3692,0.0000,0.0449,0.0449,-0.0233,0.0000,0.0000,0.0026,0.0010,-0.0287
0.1657,1.8970,2.0000,-0.0042,0.0043,156.9140,162.4253,0.0000,0.0404,0.0404,-0.0321,0.0000,0.0000,0.0026,0.0010,-0.0308
0.2000,1.8196,2.0000,-0.0126,-0.0142,157.0796,162.4776,0.0000,0.0460,0.0460,-0.0362,0.0000,0.0000,-0.0086,-0.0034,-0.0292
0.0995,1.9588,2.0000,-0.0042,-0.0142,157.2592,162.5249,0.0000,0.0408,0.0408,-0.0359,0.0000,0.0000,-0.0086,-0.0034,-0.0245
0.2000,1.7206,2.0000,0.0037,-0.0142,157.4468,162.5705,0.0000,0.0385,0.0385,-0.0318,0.0000,0.0000,-0.0086,-0.0034,-0.0172
0.2001,1.8421,2.0000,-0.0047,-0.0221,157.6252,162.6218,0.0000,0.0391,0.0391,-0.0162,0.0000,0.0000,-0.0133,-0.0053,-0.0092
0.2000,1.9139,2.0000,-0.0131,-0.0221,157.7989,162.6605,0.0000,0.0306,0.0306,-0.0174,0.0000,0.0000,-0.0133,-0.0053,-0.0092
0.2004,1.8402,2.0000,-0.0215,-0.0221,157.9786,162.7148,0.0000,0.0386,0.0386,-0.0160,0.0000,0.0000,-0.0133,-0.0053,-0.0086
0.2000,1.7650,2.0000,-0.0131,-0.0045,158.1554,162.7547,0.0000,0.0312,0.0312,-0.0204,0.0000,0.0000,-0.0027,-0.0011,-0.0028
0.2001,1.8612,2.0000,-0.0047,-0.0045,158.3410,162.7993,0.0000,0.0217,0.0217,-0.0237,0.0000,0.0000,-0.0027,-0.0011,-0.0030
0.2000,1.7972,2.0000,0.0037,-0.0045,158.5259,162.8346,0.0000,0.0036,0.0036,-0.0308,0.0000,0.0000,-0.0027,-0.0011,-0.0103
0.2001,1.8923,2.0000,0.0121,0.0083,158.7078,162.8877,0.0000,0.0063,0.0063,-0.0178,0.0000,0.0000,0.0050,0.0020,-0.0205
0.1995,1.8674,2.0000,0.0202,0.0083,158.8883,162.9401,0.0000,0.0154,0.0154,-0.0139,0.0000,0.0000,0.0050,0.0020,-0.0127
0.2007,1.8784,2.0000,0.0204,0.0169,159.0629,162.9731,0.0000,0.0095,0.0095,0.0182,0.0000,0.0000,0.0102,0.0041,-0.0079
0.1907,1.8633,2.0000,0.0120,0.0169,159.2293,163.0192,0.0000,0.0228,0.0228,0.0248,0.0000,0.0000,0.0102,0.0041,0.0013
0.2000,1.7621,2.0000,0.0036,0.0169,159.4130,163.0627,0.0000,0.0270,0.0270,0.0280,0.0000,0.0000,0.0102,0.0041,0.0049
0.2000,1.7124,2.0000,-0.0048,0.0109,159.5965,163.1079,0.0000,0.0351,0.0351,0.0068,0.0000,0.0000,0.0066,0.0026,0.0154
0.2004,1.8710,2.0000,-0.0130,0.0109,159.7816,163.1388,0.0000,0.0226,0.0226,0.0095,0.0000,0.0000,0.0066,0.0026,0.0165
0.1742,1.8739,2.0000,-0.0214,-0.0142,159.9676,163.1773,0.0000,0.0118,0.0118,-0.0276,0.0000,0.0000,-0.0085,-0.0034,0.0095
0.1816,1.8608,2.0000,-0.0130,-0.0142,160.1525,163.2213,0.0000,0.0010,0.0010,-0.0328,0.0000,0.0000,-0.0085,-0.0034,0.0019
0.1630,1.8832,2.0000,-0.0046,-0.0142,160.3410,163.2649,0.0000,-0.0124,-0.0124,-0.0388,0.0000,0.0000,-0.0085,-0.0034,-0.0059
0.1670,1.8838,2.0000,-0.0017,-0.0197,160.5358,163.3072,0.0000,-0.0321,-0.0321,-0.0521,0.0000,0.0000,-0.0119,-0.0047,-0.0137
0.1240,1.9188,2.0000,0.0067,-0.0197,160.7380,163.3544,0.0000,-0.0485,-0.0485,-0.0595,0.0000,0.0000,-0.0119,-0.0047,-0.0210
0.0978,1.9769,2.0000,0.0151,-0.0005,160.9125,163.4236,0.0000,-0.0255,-0.0255,-0.0118,0.0000,0.0000,-0.0003,-0.0001,-0.0136
-0.0672,2.0590,2.0000,0.0231,-0.0005,161.1040,163.4596,0.0000,-0.0358,-0.0358,-0.0092,0.0000,0.0000,-0.0003,-0.0001,-0.0055
0.1326,1.8627,2.0000,0.0315,-0.0005,161.2958,163.5110,0.0000,-0.0274,-0.0274,-0.0049,0.0000,0.0000,-0.0003,-0.0001,-0.0030
0.1003,1.9329,2.0000,0.0399,0.0174,161.4725,163.5535,0.0000,-0.0210,-0.0210,0.0339,0.0000,0.0000,0.0105,0.0042,0.0039
0.0583,1.9683,2.0000,0.0316,0.0174,161.6494,163.5960,0.0000,-0.0114,-0.0114,0.0396,0.0000,0.0000,0.0105,0.0042,0.0111
0.1999,1.8020,2.0000,0.0232,0.0174,161.8403,163.6512,0.0000,0.0058,0.0058,0.0470,0.0000,0.0000,0.0105,0.0042,0.0180
0.2000,1.8045,2.0000,0.0148,-0.0044,162.0143,163.6919,0.0000,0.0129,0.0129,0.0096,0.0000,0.0000,-0.0027,-0.0011,0.0251
0.0819,1.9709,2.0000,0.0064,-0.0044,162.1895,163.7377,0.0000,0.0209,0.0209,0.0199,0.0000,0.0000,-0.0027,-0.0011,0.0327
0.2000,1.7712,2.0000,-0.0020,-0.0044,162.3679,163.7757,0.0000,0.0114,0.0114,0.0170,0.0000,0.0000,-0.0027,-0.0011,0.0273
0.2000,1.7952,2.0000,-0.0104,-0.0123,162.5663,163.8288,0.0000,0.0125,0.0125,0.0064,0.0000,0.0000,-0.0074,-0.0030,0.0203
0.2000,1.8089,2.0000,0.0000,-0.0123,162.7534,163.8731,0.0000,0.0057,0.0057,0.0035,0.0000,0.0000,-0.0074,-0.0030,0.0133
0.0151,2.0365,2.0000,0.0000,-0.0118,162.9332,163.9234,0.0000,0.0069,0.0069,0.0083,0.0000,0.0000,-0.0071,-0.0028,0.0059
0.0825,1.9061,2.0000,0.0000,-0.0118,163.1163,163.9745,0.0000,0.0056,0.0056,0.0016,0.0000,0.0000,-0.0071,-0.0028,-0.0016
0.2001,1.8515,2.0000,0.0000,-0.0118,163.3092,164.0291,0.0000,0.0068,0.0068,-0.0040,0.0000,0.0000,-0.0071,-0.0028,-0.0099
0.1883,1.8839,2.0000,0.0038,-0.0164,163.4849,164.0667,0.0000,-0.0020,-0.0020,-0.0170,0.0000,0.0000,-0.0099,-0.0040,-0.0061
0.1107,1.9881,2.0000,0.0023,-0.0164,163.6679,164.1373,0.0000,0.0169,0.0169,-0.0154,0.0000,0.0000,-0.0099,-0.0040,-0.0020
0.2000,1.7811,2.0000,0.0003,-0.0164,163.8601,164.1859,0.0000,0.0133,0.0133,-0.0162,0.0000,0.0000,-0.0099,-0.0040,-0.0022
0.1107,1.9443,2.0000,0.0060,-0.0023,164.0344,164.2353,0.0000,0.0203,0.0203,0.0116,0.0000,0.0000,-0.0014,-0.0005,-0.0022
0.0652,1.9655,2.0000,-0.0024,-0.0023,164.2165,164.2739,0.0000,0.0149,0.0149,0.0134,0.0000,0.0000,-0.0014,-0.0005,0.0020
0.2000,1.7966,2.0000,-0.0108,-0.0057,164.4095,164.3225,0.0000,0.0150,0.0150,0.0221,0.0000,0.0000,-0.0035,-0.0014,0.0005
0.2001,1.8450,2.0000,-0.0192,-0.0057,164.5893,164.3723,0.0000,0.0231,0.0231,0.0223,0.0000,0.0000,-0.0035,-0.0014,-0.0010
0.0903,1.9737,2.0000,-0.0142,0.0076,164.7706,164.4289,0.0000,0.0378,0.0378,0.0191,0.0000,0.0000,0.0046,0.0018,0.0039
0.2001,1.8504,2.0000,-0.0222,0.0076,164.9613,164.4766,0.0000,0.0344,0.0344,0.0132,0.0000,0.0000,0.0046,0.0018,-0.0023
0.1836,1.8827,2.0000,-0.0185,0.0076,165.1426,164.5136,0.0000,0.0223,0.0223,0.0050,0.0000,0.0000,0.0046,0.0018,-0.0100
0.1098,1.9491,2.0000,-0.0189,-0.0011,165.3343,164.5501,0.0000,0.0068,0.0068,-0.0129,0.0000,0.0000,-0.0007,-0.0003,-0.0181
0.1880,1.8358,2.0000,-0.0105,-0.0011,165.5128,164.5945,0.0000,0.0040,0.0040,-0.0145,0.0000,0.0000,-0.0007,-0.0003,-0.0149
0.1229,1.9348,2.0000,-0.0021,-0.0011,165.7063,164.6417,0.0000,-0.0041,-0.0041,-0.0222,0.0000,0.0000,-0.0007,-0.0003,-0.0202
0.2000,1.8236,2.0000,0.0047,-0.0028,165.8911,164.6862,0.0000,-0.0066,-0.0066,-0.0186,0.0000,0.0000,-0.0017,-0.0007,-0.0191
0.0776,1.9751,2.0000,0.0131,-0.0028,166.0736,164.7323,0.0000,-0.0096,-0.0096,-0.0219,0.0000,0.0000,-0.0017,-0.0007,-0.0187
0.2000,1.8853,2.0000,0.0215,0.0006,166.2639,164.7792,0.0000,-0.0075,-0.0075,-0.0094,0.0000,0.0000,0.0004,0.0002,-0.0137
0.2000,1.8663,2.0000,0.0162,0.0006,166.4508,164.8255,0.0000,-0.0024,-0.0024,-0.0037,0.0000,0.0000,0.0004,0.0002,-0.0057
0.2002,1.9425,2.0000,0.0246,0.0006,166.6449,164.8566,0.0000,-0.0149,-0.0149,0.0005,0.0000,0.0000,0.0004,0.0002,0.0012
0.1547,1.9089,2.0000,0.0215,0.0060,166.8324,164.9120,0.0000,0.0022,0.0022,0.0158,0.0000,0.0000,0.0036,0.0014,0.0082
0.0912,1.9490,2.0000,0.0131,0.0060,167.0163,164.9494,0.0000,0.0003,0.0003,0.0203,0.0000,0.0000,0.0036,0.0014,0.0145
0.0877,1.9395,2.0000,0.0060,0.0073,167.2016,165.0013,0.0000,0.0128,0.0128,0.0200,0.0000,0.0000,0.0044,0.0018,0.0160
0.2002,1.8608,2.0000,-0.0023,0.0073,167.3814,165.0514,0.0000,0.0226,0.0226,0.0228,0.0000,0.0000,0.0044,0.0018,0.0161
0.1691,1.9084,2.0000,-0.0106,0.0073,167.5591,165.0864,0.0000,0.0183,0.0183,0.0254,0.0000,0.0000,0.0044,0.0018,0.0184
0.2004,1.8517,2.0000,-0.0190,0.0018,167.7390,165.1282,0.0000,0.0167,0.0167,0.0172,0.0000,0.0000,0.0011,0.0004,0.0136
0.2000,1.7947,2.0000,-0.0183,0.0018,167.9129,165.1743,0.0000,0.0171,0.0171,0.0116,0.0000,0.0000,0.0011,0.0004,0.0068
0.2003,1.8318,2.0000,-0.0266,0.0018,168.0870,165.2215,0.0000,0.0187,0.0187,0.0063,0.0000,0.0000,0.0011,0.0004,0.0016
0.2000,1.7888,2.0000,-0.0204,0.0051,168.2606,165.2647,0.0000,0.0144,0.0144,0.0149,0.0000,0.0000,0.0031,0.0012,-0.0078
0.2000,1.7888,2.0000,-0.0142,0.0051,168.4514,165.3124,0.0000,0.0150,0.0150,0.0078,0.0000,0.0000,0.0031,0.0012,-0.0157
0.2000,1.7888,2.0000,-0.0072,0.0051,168.6305,165.3566,0.0000,0.0147,0.0147,0.0020,0.0000,0.0000,0.0031,0.0012,-0.0181
0.2000,1.8283,2.0000,-0.0156,-0.0127,168.8227,165.4005,0.0000,0.0061,0.0061,-0.0422,0.0000,0.0000,-0.0077,-0.0031,-0.0231
0.2000,1.8283,2.0000,-0.0072,-0.0127,169.0093,165.4310,0.0000,-0.0128,-0.0128,-0.0433,0.0000,0.0000,-0.0077,-0.0031,-0.0226
0.2000,1.8283,2.0000,0.0012,0.0019,169.1882,165.4738,0.0000,-0.0173,-0.0173,-0.0315,0.0000,0.0000,0.0011,0.0005,-0.0171
0.1779,1.8752,2.0000,0.0096,0.0019,169.3770,165.5160,0.0000,-0.0241,-0.0241,-0.0317,0.0000,0.0000,0.0011,0.0005,-0.0128
0.2000,1.8236,2.0000,0.0180,0.0019,169.5810,165.5688,0.0000,-0.0225,-0.0225,-0.0319,0.0000,0.0000,0.0011,0.0005,-0.0105
0.1377,1.9186,2.0000,0.0219,-0.0027,169.7724,165.5994,0.0000,-0.0392,-0.0392,-0.0233,0.0000,0.0000,-0.0016,-0.0006,-0.0116
-0.0624,2.0882,2.0000,0.0302,-0.0027,169.9664,165.6490,0.0000,-0.0340,-0.0340,-0.0180,0.0000,0.0000,-0.0016,-0.0006,-0.0057
0.1217,1.9218,2.0000,0.0363,-0.0048,170.1583,165.6894,0.0000,-0.0339,-0.0339,-0.0095,0.0000,0.0000,-0.0029,-0.0012,0.0038
0.0476,1.9865,2.0000,0.0305,-0.0048,170.3423,165.7343,0.0000,-0.0279,-0.0279,-0.0016,0.0000,0.0000,-0.0029,-0.0012,0.0113
0.0641,1.9436,2.0000,0.0221,-0.0048,170.5315,165.7730,0.0000,-0.0292,-0.0292,0.0052,0.0000,0.0000,-0.0029,-0.0012,0.0173
0.1341,1.8785,2.0000,0.0137,-0.0059,170.7041,165.8273,0.0000,-0.0116,-0.0116,0.0062,0.0000,0.0000,-0.0036,-0.0014,0.0215
0.1222,1.9136,2.0000,0.0053,-0.0059,170.8866,165.8693,0.0000,-0.0080,-0.0080,0.0149,0.0000,0.0000,-0.0036,-0.0014,0.0286
0.2000,1.7960,2.0000,-0.0031,-0.0059,171.0866,165.9198,0.0000,-0.0054,-0.0054,0.0163,0.0000,0.0000,-0.0036,-0.0014,0.0287
0.1999,1.8572,2.0000,-0.0115,-0.0079,171.2754,165.9845,0.0000,0.0133,0.0133,0.0095,0.0000,0.0000,-0.0048,-0.0019,0.0235
0.0040,2.0453,2.0000,-0.0198,-0.0079,171.4660,166.0383,0.0000,0.0168,0.0168,0.0059,0.0000,0.0000,-0.0048,-0.0019,0.0165
0.0399,1.9804,2.0000,-0.0282,-0.0187,171.6550,166.0964,0.0000,0.0261,0.0261,0.0098,0.0000,0.0000,-0.0113,-0.0045,0.0108
0.0758,1.9633,2.0000,-0.0366,-0.0187,171.8492,166.1419,0.0000,0.0180,0.0180,0.0010,0.0000,0.0000,-0.0113,-0.0045,0.0015
0.1089,1.9606,2.0000,-0.0327,-0.0065,172.0332,166.1950,0.0000,0.0196,0.0196,0.0022,0.0000,0.0000,-0.0039,-0.0016,-0.0064
0.1259,1.8977,2.0000,-0.0243,-0.0065,172.2197,166.2458,0.0000,0.0198,0.0198,-0.0067,0.0000,0.0000,-0.0039,-0.0016,-0.0145
0.1323,1.8977,2.0000,-0.0159,-0.0065,172.4105,166.3101,0.0000,0.0298,0.0298,-0.0183,0.0000,0.0000,-0.0039,-0.0016,-0.0222
0.1182,1.9164,2.0000,-0.0075,-0.0019,172.5963,166.3435,0.0000,0.0121,0.0121,-0.0227,0.0000,0.0000,-0.0012,-0.0005,-0.0288
0.0389,1.9924,2.0000,0.0009,-0.0019,172.7872,166.3759,0.0000,-0.0049,-0.0049,-0.0294,0.0000,0.0000,-0.0012,-0.0005,-0.0320
0.1708,1.8738,2.0000,0.0093,-0.0019,172.9844,166.4203,0.0000,-0.0063,-0.0063,-0.0298,0.0000,0.0000,-0.0012,-0.0005,-0.0287
0.1230,1.9207,2.0000,0.0103,-0.0092,173.1591,166.4487,0.0000,-0.0211,-0.0211,-0.0517,0.0000,0.0000,-0.0056,-0.0022,-0.0214
0.0275,2.0046,2.0000,0.0187,-0.0092,173.3537,166.4896,0.0000,-0.0301,-0.0301,-0.0479,0.0000,0.0000,-0.0056,-0.0022,-0.0126
0.2000,1.7545,2.0000,0.0271,-0.0092,173.5378,166.5308,0.0000,-0.0277,-0.0277,-0.0432,0.0000,0.0000,-0.0056,-0.0022,-0.0065
0.1358,1.9721,2.0000,0.0355,0.0048,173.7298,166.5770,0.0000,-0.0268,-0.0268,-0.0178,0.0000,0.0000,0.0029,0.0012,0.0016
0.1991,1.8706,2.0000,0.0439,0.0048,173.9180,166.6138,0.0000,-0.0284,-0.0284,-0.0111,0.0000,0.0000,0.0029,0.0012,0.0084
0.0970,1.9582,2.0000,0.0355,-0.0033,174.0968,166.6526,0.0000,-0.0276,-0.0276,-0.0007,0.0000,0.0000,-0.0020,-0.0008,0.0099
0.1213,1.9009,2.0000,0.0271,-0.0033,174.2945,166.6887,0.0000,-0.0300,-0.0300,0.0077,0.0000,0.0000,-0.0020,-0.0008,0.0169
0.2000,1.8133,2.0000,0.0187,-0.0033,174.4780,166.7363,0.0000,-0.0181,-0.0181,0.0163,0.0000,0.0000,-0.0020,-0.0008,0.0238
0.0607,1.9927,2.0000,0.0103,-0.0055,174.6627,166.7924,0.0000,0.0037,0.0037,0.0235,0.0000,0.0000,-0.0033,-0.0013,0.0303
0.1314,1.8801,2.0000,0.0019,-0.0055,174.8448,166.8387,0.0000,0.0107,0.0107,0.0279,0.0000,0.0000,-0.0033,-0.0013,0.0344
0.1222,1.9157,2.0000,-0.0065,-0.0141,175.0324,166.8845,0.0000,0.0144,0.0144,0.0240,0.0000,0.0000,-0.0085,-0.0034,0.0269
0.1720,1.8628,2.0000,-0.0149,-0.0141,175.2214,166.9418,0.0000,0.0267,0.0267,0.0216,0.0000,0.0000,-0.0085,-0.0034,0.0195
0.1393,1.9155,2.0000,-0.0233,-0.0141,175.4027,166.9842,0.0000,0.0248,0.0248,0.0172,0.0000,0.0000,-0.0085,-0.0034,0.0124
0.0778,1.9585,2.0000,-0.0233,-0.0057,175.5936,167.0430,0.0000,0.0421,0.0421,0.0461,0.0000,0.0000,-0.0035,-0.0014,0.0051
0.2003,1.8463,2.0000,-0.0317,-0.0057,175.7771,167.0866,0.0000,0.0413,0.0413,0.0380,0.0000,0.0000,-0.0035,-0.0014,-0.0027
0.1819,1.9804,2.0095,-0.0401,-0.0140,175.9589,167.1322,0.0000,0.0472,0.0472,0.0106,0.0000,0.0000,-0.0084,-0.0034,-0.0111
0.2000,1.8696,2.0181,-0.0337,-0.0140,176.1616,167.1639,0.0000,0.0279,0.0279,0.0022,0.0000,0.0000,-0.0084,-0.0034,-0.0186
0.2000,1.8584,2.0258,-0.0254,-0.0140,176.3528,167.2101,0.0000,0.0259,0.0259,-0.0062,0.0000,0.0000,-0.0084,-0.0034,-0.0246
0.0984,2.0363,2.0327,-0.0269,-0.0239,176.5287,167.2500,0.0000,0.0202,0.0202,-0.0184,0.0000,0.0000,-0.0144,-0.0058,-0.0253
0.1528,1.9496,2.0389,-0.0185,-0.0239,176.7160,167.2821,0.0000,0.0031,0.0031,-0.0283,0.0000,0.0000,-0.0144,-0.0058,-0.0328
0.2000,1.7881,2.0445,-0.0101,-0.0239,176.9025,167.3242,0.0000,-0.0005,-0.0005,-0.0368,0.0000,0.0000,-0.0144,-0.0058,-0.0444
0.2000,1.8860,2.0496,-0.0069,-0.0292,177.0846,167.3623,0.0000,-0.0072,-0.0072,-0.0410,0.0000,0.0000,-0.0176,-0.0070,-0.0273
0.2000,1.8957,2.0541,0.0015,-0.0292,177.2732,167.3984,0.0000,-0.0178,-0.0178,-0.0443,0.0000,0.0000,-0.0176,-0.0070,-0.0273
0.2000,1.8451,2.0582,0.0028,-0.0362,177.4613,167.4382,0.0000,-0.0197,-0.0197,-0.0550,0.0000,0.0000,-0.0218,-0.0087,-0.0206
0.2000,1.9038,2.0619,0.0112,-0.0362,177.6509,167.4832,0.0000,-0.0260,-0.0260,-0.0584,0.0000,0.0000,-0.0218,-0.0087,-0.0194
0.2000,1.9065,2.0652,0.0196,-0.0362,177.8256,167.5201,0.0000,-0.0276,-0.0276,-0.0509,0.0000,0.0000,-0.0218,-0.0087,-0.0096
0.0919,1.9313,2.0587,0.0224,-0.0265,178.0062,167.5680,0.0000,-0.0232,-0.0232,-0.0265,0.0000,0.0000,-0.0159,-0.0064,-0.0096
0.2000,1.7704,2.0623,0.0144,-0.0265,178.1857,167.5992,0.0000,-0.0259,-0.0259,-0.0206,0.0000,0.0000,-0.0159,-0.0064,-0.0014
0.2000,1.8522,2.0656,0.0081,-0.0265,178.3765,167.6393,0.0000,-0.0261,-0.0261,-0.0176,0.0000,0.0000,-0.0159,-0.0064,0.0008
0.2000,1.8060,2.0591,0.0000,-0.0269,178.5555,167.6831,0.0000,-0.0161,-0.0161,-0.0083,0.0000,0.0000,-0.0162,-0.0065,0.0079
0.1878,1.9334,2.0532,-0.0018,-0.0269,178.7492,167.7222,0.0000,-0.0152,-0.0152,-0.0012,0.0000,0.0000,-0.0162,-0.0065,0.0166
0.2000,1.8277,2.0478,-0.0050,-0.0217,178.9483,167.7634,0.0000,-0.0165,-0.0165,0.0159,0.0000,0.0000,-0.0131,-0.0052,0.0157
0.1088,1.9591,2.0431,-0.0134,-0.0217,179.1380,167.8040,0.0000,-0.0131,-0.0131,0.0137,0.0000,0.0000,-0.0131,-0.0052,0.0088
0.0773,2.0157,2.0387,-0.0050,-0.0217,179.3191,167.8311,0.0000,-0.0246,-0.0246,0.0087,0.0000,0.0000,-0.0131,-0.0052,0.0025
0.1008,1.9236,2.0349,-0.0134,-0.0277,179.5116,167.8708,0.0000,-0.0240,-0.0240,0.0172,0.0000,0.0000,-0.0167,-0.0067,-0.0043
0.2000,1.8164,2.0314,-0.0218,-0.0277,179.7065,167.9068,0.0000,-0.0277,-0.0277,0.0136,0.0000,0.0000,-0.0167,-0.0067,-0.0059
0.2000,1.9488,2.0282,-0.0205,-0.0348,179.8825,167.9420,0.0000,-0.0279,-0.0279,0.0070,0.0000,0.0000,-0.0210,-0.0084,-0.0150
0.1905,1.9649,2.0254,-0.0122,-0.0348,180.0821,167.9753,0.0000,-0.0324,-0.0324,0.0063,0.0000,0.0000,-0.0210,-0.0084,-0.0131
0.2000,1.7803,2.0229,-0.0203,-0.0348,180.2736,168.0156,0.0000,-0.0315,-0.0315,0.0038,0.0000,0.0000,-0.0210,-0.0084,-0.0106
0.0527,2.0063,2.0206,-0.0196,-0.0280,180.4606,168.0510,0.0000,-0.0332,-0.0332,0.0125,0.0000,0.0000,-0.0169,-0.0067,-0.0208
0.0750,1.9402,2.0185,-0.0253,-0.0280,180.6455,168.0925,0.0000,-0.0248,-0.0248,0.0104,0.0000,0.0000,-0.0169,-0.0067,-0.0222
0.1999,1.8867,2.0167,-0.0169,-0.0280,180.8371,168.1181,0.0000,-0.0336,-0.0336,0.0095,0.0000,0.0000,-0.0169,-0.0067,-0.0165
0.2001,1.8787,2.0150,-0.0110,-0.0304,181.0235,168.1560,0.0000,-0.0290,-0.0290,0.0108,0.0000,0.0000,-0.0183,-0.0073,-0.0206
0.1995,1.9176,2.0135,-0.0026,-0.0304,181.2109,168.1732,0.0000,-0.0461,-0.0461,0.0051,0.0000,0.0000,-0.0183,-0.0073,-0.0211
0.1723,1.8859,2.0122,-0.0110,-0.0386,181.3929,168.2059,0.0000,-0.0450,-0.0450,0.0042,0.0000,0.0000,-0.0233,-0.0093,-0.0264
0.1998,1.8676,2.0109,-0.0127,-0.0386,181.5816,168.2463,0.0000,-0.0344,-0.0344,0.0058,0.0000,0.0000,-0.0233,-0.0093,-0.0193
0.2001,1.8336,2.0098,-0.0211,-0.0386,181.7721,168.2830,0.0000,-0.0261,-0.0261,0.0092,0.0000,0.0000,-0.0233,-0.0093,-0.0131
0.1713,1.9129,2.0089,-0.0295,-0.0452,181.9710,168.3050,0.0000,-0.0351,-0.0351,0.0123,0.0000,0.0000,-0.0272,-0.0109,-0.0058
0.2005,1.9238,2.0080,-0.0211,-0.0452,182.1647,168.3416,0.0000,-0.0311,-0.0311,0.0073,0.0000,0.0000,-0.0272,-0.0109,-0.0120
0.0855,1.9848,2.0072,-0.0189,-0.0476,182.3642,168.3748,0.0000,-0.0331,-0.0331,0.0041,0.0000,0.0000,-0.0287,-0.0115,-0.0144
0.1181,1.9548,2.0065,-0.0105,-0.0476,182.5597,168.4007,0.0000,-0.0448,-0.0448,-0.0067,0.0000,0.0000,-0.0287,-0.0115,-0.0224
0.0485,2.0045,2.0058,-0.0021,-0.0476,182.7531,168.4344,0.0000,-0.0446,-0.0446,-0.0132,0.0000,0.0000,-0.0287,-0.0115,-0.0288
0.0631,1.9563,2.0052,0.0000,-0.0447,182.9663,168.4658,0.0000,-0.0456,-0.0456,-0.0076,0.0000,0.0000,-0.0269,-0.0108,-0.0235
0.0668,1.9469,2.0047,-0.0078,-0.0447,183.1459,168.5027,0.0000,-0.0362,-0.0362,-0.0083,0.0000,0.0000,-0.0269,-0.0108,-0.0205
-0.1307,2.1361,2.0042,-0.0161,-0.0445,183.3394,168.5386,0.0000,-0.0229,-0.0229,0.0227,0.0000,0.0000,-0.0268,-0.0107,-0.0122
0.0697,1.8176,2.0038,-0.0245,-0.0445,183.5304,168.5731,0.0000,-0.0134,-0.0134,0.0269,0.0000,0.0000,-0.0268,-0.0107,-0.0048
0.0683,1.9510,2.0034,-0.0329,-0.0445,183.7292,168.6043,0.0000,-0.0036,-0.0036,0.0273,0.0000,0.0000,-0.0268,-0.0107,-0.0026
0.0939,1.9239,2.0031,-0.0413,-0.0458,183.9145,168.6277,0.0000,-0.0048,-0.0048,0.0383,0.0000,0.0000,-0.0276,-0.0110,-0.0074
0.0307,1.9959,2.0028,-0.0497,-0.0458,184.1040,168.6500,0.0000,-0.0066,-0.0066,0.0291,0.0000,0.0000,-0.0276,-0.0110,-0.0149
0.2000,1.8517,2.0025,-0.0581,-0.0458,184.2996,168.6754,0.0000,-0.0100,-0.0100,0.0194,0.0000,0.0000,-0.0276,-0.0110,-0.0233
0.1999,1.8927,2.0023,-0.0499,-0.0461,184.5015,168.6925,0.0000,-0.0217,-0.0217,0.0083,0.0000,0.0000,-0.0278,-0.0111,-0.0321
0.1051,1.9556,2.0020,-0.0415,-0.0461,184.6988,168.7169,0.0000,-0.0268,-0.0268,-0.0067,0.0000,0.0000,-0.0278,-0.0111,-0.0435
0.0178,2.0116,2.0018,-0.0331,-0.0399,184.8934,168.7360,0.0000,-0.0373,-0.0373,-0.0100,0.0000,0.0000,-0.0240,-0.0096,-0.0506
0.0446,1.9706,2.0016,-0.0247,-0.0399,185.0877,168.7628,0.0000,-0.0379,-0.0379,-0.0230,0.0000,0.0000,-0.0240,-0.0096,-0.0582
0.1345,1.9400,2.0015,-0.0163,-0.0374,185.2804,168.7735,0.0000,-0.0483,-0.0483,-0.0040,0.0000,0.0000,-0.0225,-0.0090,-0.0547
0.1683,1.9433,2.0013,-0.0080,-0.0374,185.4834,168.7938,0.0000,-0.0451,-0.0451,-0.0069,0.0000,0.0000,-0.0225,-0.0090,-0.0472
0.1535,1.9148,2.0012,-0.0078,-0.0374,185.6862,168.8218,0.0000,-0.0292,-0.0292,-0.0026,0.0000,0.0000,-0.0225,-0.0090,-0.0345
0.0166,2.0226,2.0011,-0.0162,-0.0396,185.8848,168.8398,0.0000,-0.0221,-0.0221,0.0150,0.0000,0.0000,-0.0239,-0.0095,-0.0283
-0.0213,2.0289,2.0010,-0.0246,-0.0396,186.0862,168.8511,0.0000,-0.0185,-0.0185,0.0186,0.0000,0.0000,-0.0239,-0.0095,-0.0184
0.0142,1.9774,2.0009,-0.0330,-0.0406,186.2760,168.8633,0.0000,-0.0145,-0.0145,0.0301,0.0000,0.0000,-0.0245,-0.0098,-0.0107
0.0058,1.9999,2.0008,-0.0414,-0.0406,186.4769,168.8781,0.0000,-0.0092,-0.0092,0.0274,0.0000,0.0000,-0.0245,-0.0098,-0.0091
0.1733,1.8860,2.0007,-0.0498,-0.0406,186.6820,168.8867,0.0000,-0.0150,-0.0150,0.0194,0.0000,0.0000,-0.0245,-0.0098,-0.0162
0.0899,1.9973,2.0006,-0.0425,-0.0418,186.8752,168.8999,0.0000,-0.0172,-0.0172,0.0054,0.0000,0.0000,-0.0252,-0.0101,-0.0239
-0.0242,2.0353,2.0006,-0.0341,-0.0418,187.0631,168.9197,0.0000,-0.0122,-0.0122,-0.0048,0.0000,0.0000,-0.0252,-0.0101,-0.0294
0.0871,1.9202,2.0005,-0.0257,-0.0418,187.2534,168.9272,0.0000,-0.0234,-0.0234,-0.0194,0.0000,0.0000,-0.0252,-0.0101,-0.0393
0.1998,1.8715,2.0005,-0.0173,-0.0364,187.4580,168.9425,0.0000,-0.0222,-0.0222,-0.0077,0.0000,0.0000,-0.0220,-0.0088,-0.0521
0.1999,1.8897,2.0004,-0.0089,-0.0364,187.6616,168.9544,0.0000,-0.0165,-0.0165,-0.0118,0.0000,0.0000,-0.0220,-0.0088,-0.0488
0.0183,2.0325,2.0004,0.0000,-0.0411,187.8701,168.9697,0.0000,-0.0022,-0.0022,0.0095,0.0000,0.0000,-0.0248,-0.0099,-0.0353
-0.0150,2.0218,2.0003,-0.0084,-0.0411,188.0699,168.9710,0.0000,0.0005,0.0005,0.0104,0.0000,0.0000,-0.0248,-0.0099,-0.0294
-0.0718,2.0712,2.0003,-0.0127,-0.0369,188.2631,168.9762,0.0000,0.0110,0.0110,0.0184,0.0000,0.0000,-0.0223,-0.0089,-0.0191
-0.0032,1.9809,2.0003,-0.0210,-0.0369,188.4608,168.9868,0.0000,0.0259,0.0259,0.0233,0.0000,0.0000,-0.0223,-0.0089,-0.0114
0.0769,1.9163,2.0002,-0.0294,-0.0369,188.6697,168.9992,0.0000,0.0408,0.0408,0.0259,0.0000,0.0000,-0.0223,-0.0089,-0.0033
0.0609,1.9632,2.0002,-0.0364,-0.0355,188.8673,169.0060,0.0000,0.0471,0.0471,0.0174,0.0000,0.0000,-0.0214,-0.0086,-0.0087
-0.0636,2.0747,2.0002,-0.0448,-0.0355,189.0698,169.0119,0.0000,0.0499,0.0499,0.0092,0.0000,0.0000,-0.0214,-0.0086,-0.0137
0.0240,1.9592,2.0002,-0.0452,-0.0276,189.2698,169.0215,0.0000,0.0532,0.0532,0.0161,0.0000,0.0000,-0.0166,-0.0066,-0.0204
-0.0046,2.0088,2.0002,-0.0534,-0.0276,189.4728,169.0298,0.0000,0.0580,0.0580,0.0036,0.0000,0.0000,-0.0166,-0.0066,-0.0283
0.0242,1.9836,2.0001,-0.0617,-0.0276,189.6570,169.0434,0.0000,0.0667,0.0667,-0.0085,0.0000,0.0000,-0.0166,-0.0066,-0.0346
-0.0027,2.0128,2.0001,-0.0701,-0.0435,189.8433,169.0406,0.0000,0.0582,0.0582,-0.0025,0.0000,0.0000,-0.0262,-0.0105,-0.0467
0.1976,1.8284,2.0001,-0.0659,-0.0435,190.0327,169.0276,0.0000,0.0462,0.0462,-0.0107,0.0000,0.0000,-0.0262,-0.0105,-0.0492
0.1935,1.8477,2.0001,-0.0575,-0.0435,190.2366,169.0459,0.0000,0.0672,0.0672,-0.0213,0.0000,0.0000,-0.0262,-0.0105,-0.0551
0.1642,1.8847,2.0001,-0.0491,-0.0431,190.4119,169.0256,0.0000,0.0400,0.0400,-0.0311,0.0000,0.0000,-0.0260,-0.0104,-0.0630
0.0181,2.0251,2.0001,-0.0407,-0.0431,190.6202,169.0039,0.0000,0.0182,0.0182,-0.0473,0.0000,0.0000,-0.0260,-0.0104,-0.0707
0.2000,1.7571,2.0001,-0.0323,-0.0431,190.8037,168.9956,0.0000,0.0201,0.0201,-0.0495,0.0000,0.0000,-0.0260,-0.0104,-0.0683
-0.0001,2.0787,2.0001,-0.0274,-0.0466,190.9896,168.9796,0.0000,0.0020,0.0020,-0.0581,0.0000,0.0000,-0.0281,-0.0112,-0.0609
0.1999,1.8201,2.0001,-0.0190,-0.0466,191.1872,168.9719,0.0000,0.0109,0.0109,-0.0556,0.0000,0.0000,-0.0281,-0.0112,-0.0549
0.2000,1.8504,2.0001,-0.0106,-0.0452,191.3743,168.9587,0.0000,0.0045,0.0045,-0.0459,0.0000,0.0000,-0.0273,-0.0109,-0.0479
0.1997,1.8599,2.0001,-0.0022,-0.0452,191.5601,168.9164,0.0000,-0.0197,-0.0197,-0.0386,0.0000,0.0000,-0.0273,-0.0109,-0.0348
0.2004,1.8599,2.0000,0.0062,-0.0452,191.7591,168.9170,0.0000,-0.0053,-0.0053,-0.0389,0.0000,0.0000,-0.0273,-0.0109,-0.0277
0.1830,1.8599,2.0000,0.0000,-0.0255,191.9488,168.8988,0.0000,-0.0059,-0.0059,-0.0079,0.0000,0.0000,-0.0154,-0.0061,-0.0224
0.0855,1.9709,2.0000,0.0000,-0.0255,192.1575,168.8837,0.0000,0.0066,0.0066,-0.0018,0.0000,0.0000,-0.0154,-0.0061,-0.0160
0.1262,1.8890,2.0000,-0.0084,-0.0352,192.3460,168.8644,0.0000,0.0116,0.0116,-0.0021,0.0000,0.0000,-0.0212,-0.0085,-0.0063
0.1526,1.8796,2.0000,-0.0168,-0.0352,192.5366,168.8624,0.0000,0.0329,0.0329,0.0038,0.0000,0.0000,-0.0212,-0.0085,0.0017
0.1595,1.8796,2.0000,-0.0252,-0.0352,192.7317,168.8528,0.0000,0.0420,0.0420,0.0015,0.0000,0.0000,-0.0212,-0.0085,-0.0000
0.2002,1.8796,2.0000,-0.0336,-0.0449,192.9130,168.8544,0.0000,0.0586,0.0586,-0.0086,0.0000,0.0000,-0.0271,-0.0108,-0.0012
0.1173,1.9370,2.0000,-0.0419,-0.0449,193.1097,168.8501,0.0000,0.0722,0.0722,-0.0112,0.0000,0.0000,-0.0271,-0.0108,-0.0065
0.2000,1.7954,2.0000,-0.0503,-0.0449,193.2890,168.8315,0.0000,0.0640,0.0640,-0.0216,0.0000,0.0000,-0.0271,-0.0108,-0.0123
0.2000,1.7879,2.0000,-0.0498,-0.0528,193.4609,168.8084,0.0000,0.0508,0.0508,-0.0336,0.0000,0.0000,-0.0319,-0.0127,-0.0201
0.2000,1.7879,2.0000,-0.0414,-0.0528,193.6663,168.7981,0.0000,0.0513,0.0513,-0.0457,0.0000,0.0000,-0.0319,-0.0127,-0.0278
0.2000,1.7879,2.0000,-0.0330,-0.0211,193.8475,168.7912,0.0000,0.0522,0.0522,0.0034,0.0000,0.0000,-0.0127,-0.0051,-0.0353
0.0151,2.0368,2.0000,-0.0265,-0.0211,194.0421,168.7646,0.0000,0.0427,0.0427,-0.0171,0.0000,0.0000,-0.0127,-0.0051,-0.0486
0.2000,1.7949,2.0000,-0.0212,-0.0211,194.2291,168.7400,0.0000,0.0425,0.0425,-0.0228,0.0000,0.0000,-0.0127,-0.0051,-0.0531
0.2000,1.9473,2.0170,-0.0203,-0.0275,194.4147,168.7110,0.0000,0.0370,0.0370,-0.0207,0.0000,0.0000,-0.0166,-0.0066,-0.0511
0.2000,1.8699,2.0323,-0.0188,-0.0275,194.5920,168.6821,0.0000,0.0363,0.0363,-0.0195,0.0000,0.0000,-0.0166,-0.0066,-0.0415
0.2000,1.8629,2.0461,-0.0217,-0.0275,194.7837,168.6572,0.0000,0.0437,0.0437,-0.0161,0.0000,0.0000,-0.0166,-0.0066,-0.0292
0.2000,1.7813,2.0585,-0.0301,-0.0321,194.9887,168.6233,0.0000,0.0444,0.0444,-0.0066,0.0000,0.0000,-0.0193,-0.0077,-0.0232
0.2000,1.9160,2.0697,-0.0385,-0.0321,195.1765,168.6095,0.0000,0.0608,0.0608,-0.0095,0.0000,0.0000,-0.0193,-0.0077,-0.0204
0.1818,2.0599,2.0798,-0.0436,-0.0285,195.3710,168.5752,0.0000,0.0573,0.0573,-0.0043,0.0000,0.0000,-0.0172,-0.0069,-0.0194
0.2000,1.9578,2.0888,-0.0432,-0.0285,195.5569,168.5472,0.0000,0.0614,0.0614,-0.0076,0.0000,0.0000,-0.0172,-0.0069,-0.0205
0.2000,1.9578,2.0969,-0.0429,-0.0367,195.7514,168.5204,0.0000,0.0624,0.0624,-0.0339,0.0000,0.0000,-0.0221,-0.0088,-0.0246
0.2000,1.8632,2.1043,-0.0345,-0.0367,195.9421,168.4774,0.0000,0.0461,0.0461,-0.0439,0.0000,0.0000,-0.0221,-0.0088,-0.0307
0.2000,1.9458,2.1109,-0.0262,-0.0367,196.1469,168.4562,0.0000,0.0487,0.0487,-0.0585,0.0000,0.0000,-0.0221,-0.0088,-0.0432
0.1735,1.9390,2.0998,-0.0178,-0.0367,196.3272,168.4167,0.0000,0.0347,0.0347,-0.0512,0.0000,0.0000,-0.0221,-0.0088,-0.0467
0.0354,2.0373,2.0898,-0.0095,-0.0367,196.5238,168.3751,0.0000,0.0210,0.0210,-0.0597,0.0000,0.0000,-0.0221,-0.0088,-0.0467
0.2000,1.8317,2.0978,-0.0011,-0.0367,196.7162,168.3359,0.0000,0.0221,0.0221,-0.0577,0.0000,0.0000,-0.0221,-0.0088,-0.0403
0.0266,1.9925,2.0881,0.0004,-0.0384,196.9097,168.2950,0.0000,0.0167,0.0167,-0.0400,0.0000,0.0000,-0.0231,-0.0093,-0.0306
0.1974,1.9462,2.0793,0.0087,-0.0384,197.0852,168.2610,0.0000,0.0216,0.0216,-0.0357,0.0000,0.0000,-0.0231,-0.0093,-0.0219
0.1088,1.9610,2.0713,0.0131,-0.0256,197.2763,168.2243,0.0000,0.0261,0.0261,-0.0162,0.0000,0.0000,-0.0154,-0.0062,-0.0147
0.2000,1.7717,2.0642,0.0047,-0.0256,197.4672,168.1928,0.0000,0.0401,0.0401,-0.0123,0.0000,0.0000,-0.0154,-0.0062,-0.0070
0.1427,1.9292,2.0578,-0.0037,-0.0256,197.6631,168.1615,0.0000,0.0543,0.0543,-0.0084,0.0000,0.0000,-0.0154,-0.0062,-0.0011
0.1565,1.9182,2.0520,-0.0121,-0.0349,197.8451,168.1381,0.0000,0.0746,0.0746,-0.0179,0.0000,0.0000,-0.0211,-0.0084,0.0005
0.0858,1.9665,2.0468,-0.0204,-0.0349,198.0187,168.1025,0.0000,0.0772,0.0772,-0.0139,0.0000,0.0000,-0.0211,-0.0084,0.0081
0.2000,1.8222,2.0421,-0.0288,-0.0349,198.2145,168.0692,0.0000,0.0856,0.0856,-0.0145,0.0000,0.0000,-0.0211,-0.0084,0.0096
0.2000,1.7567,2.0379,-0.0314,-0.0291,198.4063,168.0367,0.0000,0.0933,0.0933,0.0049,0.0000,0.0000,-0.0176,-0.0070,0.0022
0.0924,1.9691,2.0341,-0.0398,-0.0291,198.5975,167.9987,0.0000,0.0950,0.0950,-0.0036,0.0000,0.0000,-0.0176,-0.0070,-0.0057
0.1183,1.9278,2.0307,-0.0482,-0.0306,198.7893,167.9645,0.0000,0.1016,0.1016,0.0085,0.0000,0.0000,-0.0185,-0.0074,-0.0135
0.1809,1.9325,2.0276,-0.0562,-0.0306,198.9730,167.9135,0.0000,0.0930,0.0930,0.0004,0.0000,0.0000,-0.0185,-0.0074,-0.0216
0.2000,1.9301,2.0249,-0.0646,-0.0306,199.1669,167.8863,0.0000,0.1056,0.1056,-0.0122,0.0000,0.0000,-0.0185,-0.0074,-0.0291
0.1817,1.8907,2.0224,-0.0730,-0.0328,199.3516,167.8485,0.0000,0.1085,0.1085,-0.0185,0.0000,0.0000,-0.0198,-0.0079,-0.0319
0.1135,1.9372,2.0201,-0.0646,-0.0328,199.5366,167.8054,0.0000,0.1012,0.1012,-0.0350,0.0000,0.0000,-0.0198,-0.0079,-0.0439
0.1569,1.8683,2.0181,-0.0562,-0.0325,199.7253,167.7513,0.0000,0.0869,0.0869,-0.0447,0.0000,0.0000,-0.0196,-0.0078,-0.0525
0.1527,1.8818,2.0163,-0.0479,-0.0325,199.9172,167.7001,0.0000,0.0753,0.0753,-0.0586,0.0000,0.0000,-0.0196,-0.0078,-0.0583
0.0948,1.9474,2.0147,-0.0396,-0.0325,200.1036,167.6506,0.0000,0.0639,0.0639,-0.0722,0.0000,0.0000,-0.0196,-0.0078,-0.0661
0.0598,1.9691,2.0132,-0.0312,-0.0262,200.2839,167.6020,0.0000,0.0567,0.0567,-0.0653,0.0000,0.0000,-0.0158,-0.0063,-0.0690
0.0981,1.9113,2.0119,-0.0228,-0.0262,200.4665,167.5601,0.0000,0.0612,0.0612,-0.0704,0.0000,0.0000,-0.0158,-0.0063,-0.0647
0.1662,1.8502,2.0107,-0.0145,-0.0262,200.6243,167.5205,0.0000,0.0665,0.0665,-0.0689,0.0000,0.0000,-0.0158,-0.0063,-0.0562
0.2003,1.8550,2.0096,-0.0068,-0.0269,200.7987,167.4682,0.0000,0.0630,0.0630,-0.0489,0.0000,0.0000,-0.0162,-0.0065,-0.0489
0.2000,1.6112,2.0087,-0.0037,-0.0269,200.9832,167.4104,0.0000,0.0672,0.0672,-0.0432,0.0000,0.0000,-0.0162,-0.0065,-0.0364
0.2000,1.8042,2.0078,-0.0032,-0.0269,201.1673,167.3613,0.0000,0.0707,0.0707,-0.0423,0.0000,0.0000,-0.0162,-0.0065,-0.0271
0.1440,1.9177,2.0070,-0.0058,-0.0379,201.3552,167.3079,0.0000,0.0711,0.0711,-0.0534,0.0000,0.0000,-0.0228,-0.0091,-0.0192
0.1967,1.8885,2.0063,-0.0088,-0.0379,201.5480,167.2567,0.0000,0.0775,0.0775,-0.0505,0.0000,0.0000,-0.0228,-0.0091,-0.0119
0.1996,1.9360,2.0057,-0.0172,-0.0401,201.7295,167.2017,0.0000,0.0761,0.0761,-0.0397,0.0000,0.0000,-0.0241,-0.0097,-0.0039
0.1449,1.9781,2.0051,-0.0256,-0.0401,201.9120,167.1517,0.0000,0.0789,0.0789,-0.0408,0.0000,0.0000,-0.0241,-0.0097,-0.0034
0.1956,1.8796,2.0046,-0.0298,-0.0401,202.1051,167.0993,0.0000,0.0853,0.0853,-0.0424,0.0000,0.0000,-0.0241,-0.0097,-0.0052
0.1996,1.8758,2.0041,-0.0382,-0.0430,202.3012,167.0326,0.0000,0.0766,0.0766,-0.0354,0.0000,0.0000,-0.0259,-0.0104,-0.0068
0.0774,1.9828,2.0037,-0.0300,-0.0430,202.4822,166.9793,0.0000,0.0700,0.0700,-0.0462,0.0000,0.0000,-0.0259,-0.0104,-0.0147
-0.0638,2.0547,2.0034,-0.0326,-0.0372,202.6623,166.9157,0.0000,0.0581,0.0581,-0.0313,0.0000,0.0000,-0.0224,-0.0090,-0.0226
0.1202,1.8690,2.0030,-0.0242,-0.0372,202.8502,166.8541,0.0000,0.0565,0.0565,-0.0388,0.0000,0.0000,-0.0224,-0.0090,-0.0277
0.1748,1.8937,2.0027,-0.0158,-0.0372,203.0436,166.7920,0.0000,0.0553,0.0553,-0.0444,0.0000,0.0000,-0.0224,-0.0090,-0.0300
0.0946,1.9593,2.0024,-0.0095,-0.0393,203.2271,166.7358,0.0000,0.0537,0.0537,-0.0463,0.0000,0.0000,-0.0237,-0.0095,-0.0340
0.0111,2.0139,2.0022,-0.0025,-0.0393,203.4073,166.6763,0.0000,0.0545,0.0545,-0.0470,0.0000,0.0000,-0.0237,-0.0095,-0.0306
0.1923,1.9009,2.0020,-0.0109,-0.0431,203.5860,166.6149,0.0000,0.0585,0.0585,-0.0405,0.0000,0.0000,-0.0260,-0.0104,-0.0227
0.2006,1.8811,2.0018,-0.0192,-0.0431,203.7724,166.5592,0.0000,0.0686,0.0686,-0.0381,0.0000,0.0000,-0.0260,-0.0104,-0.0156
0.2000,1.8724,2.0016,-0.0276,-0.0431,203.9617,166.5076,0.0000,0.0846,0.0846,-0.0345,0.0000,0.0000,-0.0260,-0.0104,-0.0082
0.2000,1.9283,2.0014,-0.0360,-0.0482,204.1430,166.4473,0.0000,0.0860,0.0860,-0.0335,0.0000,0.0000,-0.0290,-0.0116,-0.0041
0.2000,1.9458,2.0013,-0.0443,-0.0482,204.3209,166.3868,0.0000,0.0824,0.0824,-0.0417,0.0000,0.0000,-0.0290,-0.0116,-0.0117
0.2001,1.8934,2.0012,-0.0498,-0.0451,204.5106,166.3137,0.0000,0.0705,0.0705,-0.0290,0.0000,0.0000,-0.0272,-0.0109,-0.0199
0.1999,1.8626,2.0011,-0.0414,-0.0451,204.6945,166.2402,0.0000,0.0604,0.0604,-0.0387,0.0000,0.0000,-0.0272,-0.0109,-0.0275
0.0370,2.0152,2.0009,-0.0330,-0.0451,204.8772,166.1723,0.0000,0.0488,0.0488,-0.0525,0.0000,0.0000,-0.0272,-0.0109,-0.0355
0.0507,1.9636,2.0009,-0.0246,-0.0443,205.0595,166.1116,0.0000,0.0494,0.0494,-0.0537,0.0000,0.0000,-0.0267,-0.0107,-0.0484
0.1094,1.9315,2.0008,-0.0162,-0.0443,205.2502,166.0446,0.0000,0.0514,0.0514,-0.0609,0.0000,0.0000,-0.0267,-0.0107,-0.0509
0.1592,1.9026,2.0007,-0.0078,-0.0443,205.4267,165.9767,0.0000,0.0537,0.0537,-0.0572,0.0000,0.0000,-0.0267,-0.0107,-0.0383
0.0552,2.0021,2.0006,-0.0045,-0.0429,205.6115,165.9105,0.0000,0.0569,0.0569,-0.0458,0.0000,0.0000,-0.0258,-0.0103,-0.0306
0.2001,1.8744,2.0006,-0.0129,-0.0429,205.7942,165.8420,0.0000,0.0650,0.0650,-0.0435,0.0000,0.0000,-0.0258,-0.0103,-0.0233
0.1102,1.9447,2.0005,-0.0213,-0.0482,205.9776,165.7710,0.0000,0.0715,0.0715,-0.0209,0.0000,0.0000,-0.0291,-0.0116,-0.0156
0.0951,1.9336,2.0005,-0.0297,-0.0482,206.1622,165.6997,0.0000,0.0807,0.0807,-0.0171,0.0000,0.0000,-0.0291,-0.0116,-0.0075
0.0764,1.9495,2.0004,-0.0381,-0.0482,206.3472,165.6333,0.0000,0.0903,0.0903,-0.0192,0.0000,0.0000,-0.0291,-0.0116,-0.0049
0.0778,1.9621,2.0004,-0.0416,-0.0433,206.5343,165.5597,0.0000,0.0937,0.0937,-0.0164,0.0000,0.0000,-0.0261,-0.0104,-0.0126
0.1406,1.9471,2.0003,-0.0500,-0.0433,206.7150,165.4858,0.0000,0.0921,0.0921,-0.0260,0.0000,0.0000,-0.0261,-0.0104,-0.0192
0.0818,1.9930,2.0003,-0.0524,-0.0368,206.8988,165.4066,0.0000,0.0868,0.0868,-0.0243,0.0000,0.0000,-0.0221,-0.0089,-0.0268
0.0848,1.9350,2.0003,-0.0440,-0.0368,207.0737,165.3184,0.0000,0.0732,0.0732,-0.0340,0.0000,0.0000,-0.0221,-0.0089,-0.0361
0.0424,1.9836,2.0002,-0.0356,-0.0368,207.2492,165.2505,0.0000,0.0738,0.0738,-0.0472,0.0000,0.0000,-0.0221,-0.0089,-0.0442
0.0642,1.9428,2.0002,-0.0272,-0.0296,207.4425,165.1754,0.0000,0.0796,0.0796,-0.0469,0.0000,0.0000,-0.0178,-0.0071,-0.0525
0.1478,1.8628,2.0002,-0.0188,-0.0296,207.6093,165.1054,0.0000,0.0833,0.0833,-0.0531,0.0000,0.0000,-0.0178,-0.0071,-0.0543
-0.0312,2.0531,2.0002,-0.0272,-0.0353,207.7854,165.0272,0.0000,0.0808,0.0808,-0.0439,0.0000,0.0000,-0.0213,-0.0085,-0.0472
0.1687,1.7921,2.0002,-0.0356,-0.0353,207.9625,164.9410,0.0000,0.0865,0.0865,-0.0376,0.0000,0.0000,-0.0213,-0.0085,-0.0353
0.2000,1.9086,2.0001,-0.0440,-0.0353,208.1480,164.8600,0.0000,0.0929,0.0929,-0.0367,0.0000,0.0000,-0.0213,-0.0085,-0.0257
0.1861,1.9527,2.0001,-0.0466,-0.0298,208.3336,164.7779,0.0000,0.1001,0.1001,-0.0219,0.0000,0.0000,-0.0179,-0.0072,-0.0188
0.0463,2.0060,2.0001,-0.0549,-0.0298,208.5135,164.7021,0.0000,0.1055,0.1055,-0.0326,0.0000,0.0000,-0.0179,-0.0072,-0.0258
0.0067,2.0103,2.0001,-0.0465,-0.0263,208.6861,164.6176,0.0000,0.0990,0.0990,-0.0346,0.0000,0.0000,-0.0159,-0.0063,-0.0327
0.0647,1.9334,2.0001,-0.0381,-0.0263,208.8533,164.5334,0.0000,0.0932,0.0932,-0.0487,0.0000,0.0000,-0.0159,-0.0063,-0.0471
0.1097,1.9042,2.0001,-0.0297,-0.0263,209.0297,164.4547,0.0000,0.0974,0.0974,-0.0580,0.0000,0.0000,-0.0159,-0.0063,-0.0493
0.1727,1.8553,2.0001,-0.0213,-0.0234,209.2028,164.3657,0.0000,0.0931,0.0931,-0.0575,0.0000,0.0000,-0.0141,-0.0056,-0.0557
0.1321,1.9119,2.0001,-0.0129,-0.0234,209.3759,164.2712,0.0000,0.0870,0.0870,-0.0599,0.0000,0.0000,-0.0141,-0.0056,-0.0494
0.1043,1.9295,2.0001,-0.0045,-0.0234,209.5423,164.1842,0.0000,0.0873,0.0873,-0.0578,0.0000,0.0000,-0.0141,-0.0056,-0.0368
0.0985,1.9541,2.0001,-0.0129,-0.0434,209.7160,164.0795,0.0000,0.0826,0.0826,-0.0240,0.0000,0.0000,-0.0262,-0.0105,-0.0284
0.1549,1.8609,2.0000,-0.0213,-0.0434,209.8854,163.9937,0.0000,0.0928,0.0928,-0.0228,0.0000,0.0000,-0.0262,-0.0105,-0.0214
0.0293,2.0109,2.0000,-0.0129,-0.0135,210.0455,163.9060,0.0000,0.0983,0.0983,-0.0198,0.0000,0.0000,-0.0081,-0.0033,-0.0141
0.1718,1.8814,2.0000,-0.0213,-0.0135,210.2187,163.8236,0.0000,0.1138,0.1138,-0.0180,0.0000,0.0000,-0.0081,-0.0033,-0.0058
0.2000,1.8107,2.0000,-0.0296,-0.0135,210.3951,163.7367,0.0000,0.1219,0.1219,-0.0252,0.0000,0.0000,-0.0081,-0.0033,-0.0113
0.1612,1.9002,2.0000,-0.0339,-0.0155,210.5500,163.6382,0.0000,0.1111,0.1111,-0.0317,0.0000,0.0000,-0.0094,-0.0037,-0.0173
0.1089,1.9479,2.0000,-0.0421,-0.0155,210.7189,163.5585,0.0000,0.1224,0.1224,-0.0336,0.0000,0.0000,-0.0094,-0.0037,-0.0136
0.1979,1.8204,2.0000,-0.0352,-0.0155,210.8935,163.4754,0.0000,0.1331,0.1331,-0.0413,0.0000,0.0000,-0.0094,-0.0037,-0.0191
0.1987,1.8490,2.0000,-0.0436,-0.0372,211.0599,163.3875,0.0000,0.1323,0.1323,-0.0550,0.0000,0.0000,-0.0224,-0.0090,-0.0267
0.1464,1.9149,2.0000,-0.0353,-0.0372,211.2283,163.2959,0.0000,0.1266,0.1266,-0.0643,0.0000,0.0000,-0.0224,-0.0090,-0.0316
0.1998,1.8646,2.0000,-0.0269,-0.0028,211.3933,163.1979,0.0000,0.1181,0.1181,-0.0472,0.0000,0.0000,-0.0017,-0.0007,-0.0434
0.1504,1.8991,2.0000,-0.0185,-0.0028,211.5558,163.1230,0.0000,0.1343,0.1343,-0.0480,0.0000,0.0000,-0.0017,-0.0007,-0.0349
0.1323,1.9028,2.0000,-0.0101,-0.0028,211.7147,163.0302,0.0000,0.1285,0.1285,-0.0597,0.0000,0.0000,-0.0017,-0.0007,-0.0450
0.2000,1.7706,2.0000,-0.0138,-0.0149,211.8737,162.9273,0.0000,0.1255,0.1255,-0.0539,0.0000,0.0000,-0.0090,-0.0036,-0.0351
0.2000,1.8228,2.0000,-0.0059,-0.0149,212.0335,162.8275,0.0000,0.1195,0.1195,-0.0543,0.0000,0.0000,-0.0090,-0.0036,-0.0267
0.1998,1.8781,2.0000,-0.0142,-0.0149,212.2023,162.7312,0.0000,0.1231,0.1231,-0.0524,0.0000,0.0000,-0.0090,-0.0036,-0.0188
0.2000,1.8676,2.0000,-0.0226,-0.0170,212.3520,162.6484,0.0000,0.1306,0.1306,-0.0478,0.0000,0.0000,-0.0102,-0.0041,-0.0114
0.1312,1.9260,2.0000,-0.0203,-0.0170,212.5149,162.5520,0.0000,0.1276,0.1276,-0.0526,0.0000,0.0000,-0.0102,-0.0041,-0.0133
0.2000,1.6950,2.0000,-0.0133,-0.0170,212.6641,162.4453,0.0000,0.1220,0.1220,-0.0476,0.0000,0.0000,-0.0102,-0.0041,-0.0065
0.1999,1.8761,2.0000,-0.0204,-0.0158,212.8332,162.3722,0.0000,0.1372,0.1372,-0.0536,0.0000,0.0000,-0.0095,-0.0038,-0.0125
0.2000,1.8190,2.0000,-0.0120,-0.0158,213.0005,162.2807,0.0000,0.1409,0.1409,-0.0633,0.0000,0.0000,-0.0095,-0.0038,-0.0203
0.2000,1.8217,2.0000,-0.0036,0.0201,213.1547,162.1750,0.0000,0.1333,0.1333,0.0157,0.0000,0.0000,0.0121,0.0048,-0.0189
0.1643,1.8881,2.0000,-0.0120,0.0201,213.3021,162.0762,0.0000,0.1393,0.1393,0.0157,0.0000,0.0000,0.0121,0.0048,-0.0131
0.1976,1.8529,2.0000,-0.0204,0.0201,213.4470,161.9667,0.0000,0.1340,0.1340,0.0127,0.0000,0.0000,0.0121,0.0048,-0.0174
0.2000,1.7596,2.0000,-0.0288,-0.0254,213.6095,161.8457,0.0000,0.1268,0.1268,-0.0589,0.0000,0.0000,-0.0153,-0.0061,-0.0141
0.2000,1.8008,2.0000,-0.0211,-0.0254,213.7727,161.7480,0.0000,0.1290,0.1290,-0.0565,0.0000,0.0000,-0.0153,-0.0061,-0.0065
0.0449,2.0087,2.0000,-0.0127,-0.0224,213.9474,161.6498,0.0000,0.1284,0.1284,-0.0585,0.0000,0.0000,-0.0135,-0.0054,-0.0060
0.1175,1.8850,2.0000,-0.0054,-0.0224,214.1239,161.5544,0.0000,0.1380,0.1380,-0.0681,0.0000,0.0000,-0.0135,-0.0054,-0.0162
0.0450,1.9860,2.0000,0.0030,-0.0224,214.2929,161.4551,0.0000,0.1314,0.1314,-0.0792,0.0000,0.0000,-0.0135,-0.0054,-0.0239
0.0286,1.9866,2.0000,0.0114,-0.0013,214.4585,161.3345,0.0000,0.1271,0.1271,-0.0290,0.0000,0.0000,-0.0008,-0.0003,-0.0220
0.0736,1.9415,2.0000,0.0030,-0.0013,214.6156,161.2228,0.0000,0.1268,0.1268,-0.0249,0.0000,0.0000,-0.0008,-0.0003,-0.0149
-0.0083,2.0309,2.0000,-0.0054,-0.0288,214.7725,161.1010,0.0000,0.1119,0.1119,-0.0765,0.0000,0.0000,-0.0174,-0.0069,-0.0070
0.0787,1.9110,2.0000,0.0030,-0.0288,214.9334,160.9929,0.0000,0.1114,0.1114,-0.0707,0.0000,0.0000,-0.0174,-0.0069,0.0004
0.0649,1.9694,2.0000,-0.0016,-0.0288,215.1014,160.9056,0.0000,0.1232,0.1232,-0.0678,0.0000,0.0000,-0.0174,-0.0069,0.0079
0.0950,1.9230,2.0000,-0.0027,-0.0216,215.2727,160.8151,0.0000,0.1383,0.1383,-0.0394,0.0000,0.0000,-0.0130,-0.0052,0.0055
0.2000,1.8760,2.0000,-0.0110,-0.0216,215.4241,160.7112,0.0000,0.1337,0.1337,-0.0434,0.0000,0.0000,-0.0130,-0.0052,-0.0019
0.1999,1.9190,2.0000,-0.0194,-0.0216,215.5958,160.5964,0.0000,0.1302,0.1302,-0.0440,0.0000,0.0000,-0.0130,-0.0052,-0.0020
0.2000,1.8213,2.0000,-0.0250,-0.0187,215.7570,160.4919,0.0000,0.1341,0.1341,-0.0367,0.0000,0.0000,-0.0113,-0.0045,-0.0009
0.0014,2.0474,2.0000,-0.0334,-0.0187,215.9116,160.3852,0.0000,0.1229,0.1229,-0.0410,0.0000,0.0000,-0.0113,-0.0045,-0.0023
0.1671,1.8622,2.0000,-0.0385,-0.0168,216.0849,160.2833,0.0000,0.1342,0.1342,-0.0461,0.0000,0.0000,-0.0101,-0.0040,-0.0074
0.1784,1.8622,2.0000,-0.0301,-0.0168,216.2501,160.1697,0.0000,0.1256,0.1256,-0.0544,0.0000,0.0000,-0.0101,-0.0040,-0.0151
0.0555,1.9919,2.0000,-0.0267,-0.0218,216.4107,160.0572,0.0000,0.1093,0.1093,-0.0717,0.0000,0.0000,-0.0132,-0.0053,-0.0210
0.0296,1.9870,2.0000,-0.0184,-0.0218,216.5797,159.9444,0.0000,0.0997,0.0997,-0.0822,0.0000,0.0000,-0.0132,-0.0053,-0.0283
0.0585,1.9435,2.0000,-0.0100,-0.0218,216.7397,159.8286,0.0000,0.0859,0.0859,-0.0903,0.0000,0.0000,-0.0132,-0.0053,-0.0342
0.0066,2.0133,2.0000,-0.0016,-0.0053,216.8858,159.7105,0.0000,0.0652,0.0652,-0.0565,0.0000,0.0000,-0.0032,-0.0013,-0.0306
0.0402,1.9577,2.0000,0.0068,-0.0053,217.0414,159.6045,0.0000,0.0693,0.0693,-0.0554,0.0000,0.0000,-0.0032,-0.0013,-0.0252
0.1994,1.8639,2.0000,0.0152,-0.0053,217.1992,159.4853,0.0000,0.0663,0.0663,-0.0528,0.0000,0.0000,-0.0032,-0.0013,-0.0199
0.1997,1.8657,2.0200,0.0200,-0.0089,217.3664,159.3732,0.0000,0.0707,0.0707,-0.0564,0.0000,0.0000,-0.0054,-0.0021,-0.0127
0.2000,1.9605,2.0400,0.0227,-0.0089,217.5254,159.2701,0.0000,0.0774,0.0774,-0.0526,0.0000,0.0000,-0.0054,-0.0021,-0.0077
0.1999,1.9949,2.0600,0.0143,-0.0159,217.6873,159.1680,0.0000,0.0903,0.0903,-0.0488,0.0000,0.0000,-0.0096,-0.0038,0.0017
0.1999,1.8793,2.0800,0.0059,-0.0159,217.8484,159.0610,0.0000,0.1012,0.1012,-0.0425,0.0000,0.0000,-0.0096,-0.0038,0.0094
0.2000,1.8993,2.1000,-0.0016,-0.0159,218.0002,158.9442,0.0000,0.0957,0.0957,-0.0362,0.0000,0.0000,-0.0096,-0.0038,0.0159
0.1999,1.9184,2.1200,-0.0045,-0.0103,218.1639,158.8348,0.0000,0.1027,0.1027,-0.0216,0.0000,0.0000,-0.0062,-0.0025,0.0195
0.2000,1.8986,2.1400,-0.0129,-0.0103,218.3317,158.7243,0.0000,0.1104,0.1104,-0.0220,0.0000,0.0000,-0.0062,-0.0025,0.0175
0.2000,1.9528,2.1593,-0.0141,-0.0031,218.4940,158.6193,0.0000,0.1141,0.1141,-0.0144,0.0000,0.0000,-0.0019,-0.0007,0.0104
0.2000,1.9921,2.1767,-0.0225,-0.0031,218.6362,158.5169,0.0000,0.1135,0.1135,-0.0183,0.0000,0.0000,-0.0019,-0.0007,0.0030
0.1999,1.9155,2.1923,-0.0168,-0.0031,218.7945,158.4057,0.0000,0.1144,0.1144,-0.0239,0.0000,0.0000,-0.0019,-0.0007,-0.0030
0.2000,1.7377,2.2064,-0.0137,-0.0031,218.9558,158.2961,0.0000,0.1199,0.1199,-0.0288,0.0000,0.0000,-0.0019,-0.0007,-0.0066
0.1999,1.9176,2.2190,-0.0053,-0.0014,219.1009,158.1786,0.0000,0.1035,0.1035,-0.0354,0.0000,0.0000,-0.0008,-0.0003,-0.0124
0.2000,1.9328,2.2304,0.0016,-0.0014,219.2486,158.0820,0.0000,0.1091,0.1091,-0.0403,0.0000,0.0000,-0.0008,-0.0003,-0.0163
0.2000,1.8514,2.2407,0.0100,0.0005,219.4067,157.9757,0.0000,0.1143,0.1143,-0.0489,0.0000,0.0000,0.0003,0.0001,-0.0182
0.2000,1.7488,2.2499,0.0145,0.0005,219.5474,157.8687,0.0000,0.1134,0.1134,-0.0467,0.0000,0.0000,0.0003,0.0001,-0.0145
0.2000,1.8875,2.2582,0.0061,0.0005,219.6961,157.7751,0.0000,0.1228,0.1228,-0.0453,0.0000,0.0000,0.0003,0.0001,-0.0113
0.2000,1.7529,2.2657,-0.0023,-0.0008,219.8437,157.6666,0.0000,0.1289,0.1289,-0.0327,0.0000,0.0000,-0.0005,-0.0002,-0.0015
0.2000,1.7423,2.2724,-0.0106,-0.0008,220.0039,157.5604,0.0000,0.1408,0.1408,-0.0281,0.0000,0.0000,-0.0005,-0.0002,0.0050
0.2000,1.8158,2.2785,-0.0190,-0.0008,220.1530,157.4450,0.0000,0.1372,0.1372,-0.0235,0.0000,0.0000,-0.0005,-0.0002,0.0120
0.2000,1.9070,2.2826,-0.0190,-0.0037,220.3062,157.3439,0.0000,0.1429,0.1429,-0.0294,0.0000,0.0000,-0.0022,-0.0009,0.0097
0.2000,1.8690,2.2864,-0.0118,-0.0037,220.4517,157.2294,0.0000,0.1322,0.1322,-0.0362,0.0000,0.0000,-0.0022,-0.0009,0.0025
0.1999,1.8198,2.2898,-0.0034,0.0033,220.6152,157.1092,0.0000,0.1272,0.1272,-0.0411,0.0000,0.0000,0.0020,0.0008,-0.0057
0.1999,1.8361,2.2928,0.0044,0.0033,220.7656,157.0136,0.0000,0.1351,0.1351,-0.0468,0.0000,0.0000,0.0020,0.0008,-0.0121
0.2000,2.0111,2.2956,0.0026,0.0100,220.9239,156.9077,0.0000,0.1359,0.1359,-0.0394,0.0000,0.0000,0.0060,0.0024,-0.0175
0.2000,1.7658,2.2980,-0.0058,0.0100,221.0754,156.8027,0.0000,0.1489,0.1489,-0.0360,0.0000,0.0000,0.0060,0.0024,-0.0139
0.2000,1.8871,2.3003,-0.0033,0.0100,221.2280,156.6871,0.0000,0.1481,0.1481,-0.0322,0.0000,0.0000,0.0060,0.0024,-0.0054
0.2000,1.8277,2.3023,-0.0117,0.0100,221.3796,156.5885,0.0000,0.1641,0.1641,-0.0270,0.0000,0.0000,0.0060,0.0024,0.0030
0.2000,1.8987,2.3041,-0.0110,0.0085,221.5404,156.4673,0.0000,0.1622,0.1622,-0.0299,0.0000,0.0000,0.0051,0.0020,0.0033
0.2000,1.7935,2.3057,-0.0156,0.0085,221.7023,156.3559,0.0000,0.1701,0.1701,-0.0326,0.0000,0.0000,0.0051,0.0020,-0.0004
0.2000,1.9958,2.3071,-0.0131,0.0036,221.8542,156.2354,0.0000,0.1585,0.1585,-0.0393,0.0000,0.0000,0.0022,0.0009,-0.0023
0.2000,1.9481,2.3085,-0.0058,0.0036,222.0106,156.1198,0.0000,0.1573,0.1573,-0.0438,0.0000,0.0000,0.0022,0.0009,-0.0083
0.2000,1.9223,2.3096,0.0018,0.0036,222.1545,156.0020,0.0000,0.1463,0.1463,-0.0470,0.0000,0.0000,0.0022,0.0009,-0.0092
0.2000,1.9286,2.3107,0.0092,0.0030,222.3139,155.8948,0.0000,0.1494,0.1494,-0.0576,0.0000,0.0000,0.0018,0.0007,-0.0135
0.2000,1.8432,2.3117,0.0008,0.0030,222.4687,155.7902,0.0000,0.1603,0.1603,-0.0558,0.0000,0.0000,0.0018,0.0007,-0.0112
0.2000,1.9022,2.3125,0.0039,-0.0016,222.6300,155.6741,0.0000,0.1630,0.1630,-0.0602,0.0000,0.0000,-0.0010,-0.0004,-0.0048
0.2000,1.8532,2.3133,-0.0044,-0.0016,222.7944,155.5567,0.0000,0.1681,0.1681,-0.0555,0.0000,0.0000,-0.0010,-0.0004,0.0035
0.2000,1.9708,2.3140,0.0000,-0.0016,222.9484,155.4425,0.0000,0.1641,0.1641,-0.0524,0.0000,0.0000,-0.0010,-0.0004,0.0083
0.2000,2.0034,2.3006,-0.0078,-0.0011,223.1102,155.3327,0.0000,0.1706,0.1706,-0.0459,0.0000,0.0000,-0.0007,-0.0003,0.0030
0.2000,1.9004,2.2885,-0.0161,-0.0011,223.2714,155.2127,0.0000,0.1707,0.1707,-0.0473,0.0000,0.0000,-0.0007,-0.0003,0.0033
0.2000,1.9397,2.2776,-0.0077,0.0043,223.4280,155.0975,0.0000,0.1703,0.1703,-0.0455,0.0000,0.0000,0.0026,0.0010,-0.0017
0.2000,1.9916,2.2678,-0.0053,0.0043,223.5935,154.9823,0.0000,0.1733,0.1733,-0.0471,0.0000,0.0000,0.0026,0.0010,-0.0005
0.2000,1.9283,2.2590,0.0028,0.0043,223.7416,154.8459,0.0000,0.1500,0.1500,-0.0522,0.0000,0.0000,0.0026,0.0010,-0.0059
0.2000,1.9971,2.2511,0.0068,-0.0002,223.9027,154.7246,0.0000,0.1405,0.1405,-0.0718,0.0000,0.0000,-0.0001,-0.0000,-0.0128
0.2000,1.9979,2.2440,0.0150,-0.0002,224.0747,154.6104,0.0000,0.1497,0.1497,-0.0683,0.0000,0.0000,-0.0001,-0.0000,-0.0055
0.2000,1.9991,2.2376,0.0217,-0.0011,224.2465,154.4907,0.0000,0.1540,0.1540,-0.0692,0.0000,0.0000,-0.0006,-0.0003,-0.0026
0.2005,2.0464,2.2318,0.0133,-0.0011,224.4094,154.3775,0.0000,0.1582,0.1582,-0.0642,0.0000,0.0000,-0.0006,-0.0003,0.0041
0.1998,2.0765,2.2266,0.0049,-0.0057,224.5787,154.2635,0.0000,0.1647,0.1647,-0.0605,0.0000,0.0000,-0.0035,-0.0014,0.0079
0.2000,1.9673,2.2219,-0.0034,-0.0057,224.7380,154.1434,0.0000,0.1697,0.1697,-0.0523,0.0000,0.0000,-0.0035,-0.0014,0.0146
0.1996,2.0236,2.2177,-0.0117,-0.0057,224.8980,154.0332,0.0000,0.1749,0.1749,-0.0475,0.0000,0.0000,-0.0035,-0.0014,0.0199
0.2000,1.9794,2.2139,-0.0201,-0.0057,225.0620,153.9224,0.0000,0.1803,0.1803,-0.0438,0.0000,0.0000,-0.0034,-0.0014,0.0129
0.2000,1.9263,2.2105,-0.0166,-0.0057,225.2198,153.8164,0.0000,0.1866,0.1866,-0.0486,0.0000,0.0000,-0.0034,-0.0014,0.0055
0.2000,1.9625,2.2074,-0.0099,-0.0057,225.3749,153.6988,0.0000,0.1790,0.1790,-0.0541,0.0000,0.0000,-0.0034,-0.0014,-0.0020
0.2000,1.8844,2.2047,-0.0076,-0.0113,225.5341,153.5866,0.0000,0.1772,0.1772,-0.0662,0.0000,0.0000,-0.0068,-0.0027,-0.0100
0.2000,1.9295,2.2022,-0.0003,-0.0113,225.6948,153.4688,0.0000,0.1700,0.1700,-0.0735,0.0000,0.0000,-0.0068,-0.0027,-0.0173
0.2000,1.9300,2.1999,0.0081,-0.0022,225.8692,153.3410,0.0000,0.1685,0.1685,-0.0711,0.0000,0.0000,-0.0013,-0.0005,-0.0143
0.2000,1.9743,2.1979,0.0138,-0.0022,226.0288,153.2163,0.0000,0.1612,0.1612,-0.0685,0.0000,0.0000,-0.0013,-0.0005,-0.0080
0.0936,2.1428,2.1961,0.0193,0.0069,226.1882,153.0892,0.0000,0.1485,0.1485,-0.0598,0.0000,0.0000,0.0041,0.0017,-0.0055
0.2000,2.0084,2.1945,0.0109,0.0069,226.3395,152.9745,0.0000,0.1550,0.1550,-0.0532,0.0000,0.0000,0.0041,0.0017,0.0012
0.2001,2.0214,2.1930,0.0025,0.0069,226.5016,152.8528,0.0000,0.1572,0.1572,-0.0471,0.0000,0.0000,0.0041,0.0017,0.0087
0.2000,1.8830,2.1917,-0.0059,-0.0028,226.6758,152.7332,0.0000,0.1712,0.1712,-0.0519,0.0000,0.0000,-0.0017,-0.0007,0.0140
0.2000,2.0101,2.1905,-0.0143,-0.0028,226.8479,152.6208,0.0000,0.1803,0.1803,-0.0479,0.0000,0.0000,-0.0017,-0.0007,0.0183
0.1651,2.0959,2.1894,-0.0227,-0.0070,226.9993,152.5049,0.0000,0.1726,0.1726,-0.0531,0.0000,0.0000,-0.0042,-0.0017,0.0121
0.1768,2.0389,2.1885,-0.0144,-0.0070,227.1624,152.3940,0.0000,0.1757,0.1757,-0.0595,0.0000,0.0000,-0.0042,-0.0017,0.0047
0.2000,1.8900,2.1876,-0.0063,-0.0070,227.3347,152.2812,0.0000,0.1843,0.1843,-0.0674,0.0000,0.0000,-0.0042,-0.0017,-0.0029
0.2000,1.9548,2.1868,-0.0023,-0.0108,227.4896,152.1621,0.0000,0.1718,0.1718,-0.0751,0.0000,0.0000,-0.0065,-0.0026,-0.0106
0.1904,2.0408,2.1861,0.0061,-0.0108,227.6437,152.0395,0.0000,0.1544,0.1544,-0.0824,0.0000,0.0000,-0.0065,-0.0026,-0.0186
0.2000,1.9366,2.1855,0.0145,-0.0108,227.8013,151.9115,0.0000,0.1462,0.1462,-0.0811,0.0000,0.0000,-0.0065,-0.0026,-0.0135
0.2000,1.9522,2.1849,0.0229,0.0026,227.9733,151.7815,0.0000,0.1434,0.1434,-0.0662,0.0000,0.0000,0.0016,0.0006,-0.0058
0.1998,2.0116,2.1844,0.0148,0.0026,228.1440,151.6596,0.0000,0.1496,0.1496,-0.0600,0.0000,0.0000,0.0016,0.0006,-0.0007
0.1834,2.1381,2.1839,0.0085,0.0051,228.3019,151.5281,0.0000,0.1397,0.1397,-0.0459,0.0000,0.0000,0.0031,0.0012,0.0062
0.1999,2.0814,2.1835,0.0003,0.0051,228.4740,151.4076,0.0000,0.1524,0.1524,-0.0398,0.0000,0.0000,0.0031,0.0012,0.0129
0.2001,2.0378,2.1832,-0.0081,0.0050,228.6431,151.2919,0.0000,0.1684,0.1684,-0.0218,0.0000,0.0000,0.0030,0.0012,0.0194
0.1992,2.0827,2.1828,-0.0158,0.0050,228.8200,151.1793,0.0000,0.1849,0.1849,-0.0244,0.0000,0.0000,0.0030,0.0012,0.0152
0.2000,2.0337,2.1825,-0.0242,0.0050,228.9722,151.0714,0.0000,0.1915,0.1915,-0.0274,0.0000,0.0000,0.0030,0.0012,0.0102
0.1684,2.0786,2.1822,-0.0326,-0.0041,229.1354,150.9583,0.0000,0.1928,0.1928,-0.0532,0.0000,0.0000,-0.0025,-0.0010,0.0026
0.2000,1.8499,2.1820,-0.0248,-0.0041,229.3117,150.8438,0.0000,0.2057,0.2057,-0.0618,0.0000,0.0000,-0.0025,-0.0010,-0.0050
0.2000,1.9677,2.1818,-0.0230,-0.0107,229.4638,150.7218,0.0000,0.1886,0.1886,-0.0841,0.0000,0.0000,-0.0065,-0.0026,-0.0123
0.1476,2.0822,2.1816,-0.0146,-0.0107,229.6233,150.5976,0.0000,0.1680,0.1680,-0.0942,0.0000,0.0000,-0.0065,-0.0026,-0.0199
0.2001,1.9329,2.1814,-0.0062,-0.0107,229.7818,150.4719,0.0000,0.1592,0.1592,-0.1017,0.0000,0.0000,-0.0065,-0.0026,-0.0274
0.2000,2.0026,2.1812,0.0022,-0.0016,229.9350,150.3411,0.0000,0.1379,0.1379,-0.0902,0.0000,0.0000,-0.0010,-0.0004,-0.0228
0.2001,2.0054,2.1811,0.0106,-0.0016,230.0978,150.2128,0.0000,0.1299,0.1299,-0.0906,0.0000,0.0000,-0.0010,-0.0004,-0.0205
0.2000,1.9981,2.1810,0.0190,0.0016,230.2684,150.0891,0.0000,0.1311,0.1311,-0.0834,0.0000,0.0000,0.0010,0.0004,-0.0159
0.1784,2.0546,2.1809,0.0274,0.0016,230.4089,149.9607,0.0000,0.1124,0.1124,-0.0794,0.0000,0.0000,0.0010,0.0004,-0.0099
0.1481,2.0878,2.1807,0.0358,0.0016,230.5562,149.8349,0.0000,0.1036,0.1036,-0.0714,0.0000,0.0000,0.0010,0.0004,0.0006
0.2002,1.8875,2.1807,0.0364,0.0055,230.7192,149.7120,0.0000,0.1149,0.1149,-0.0571,0.0000,0.0000,0.0033,0.0013,0.0063
0.2000,1.9208,2.1806,0.0280,0.0055,230.8842,149.5893,0.0000,0.1222,0.1222,-0.0481,0.0000,0.0000,0.0033,0.0013,0.0154
0.2003,2.0243,2.1805,0.0272,0.0076,231.0449,149.4658,0.0000,0.1232,0.1232,-0.0595,0.0000,0.0000,0.0046,0.0018,0.0224
0.1995,2.0399,2.1804,0.0189,0.0076,231.2035,149.3457,0.0000,0.1253,0.1253,-0.0512,0.0000,0.0000,0.0046,0.0018,0.0294
0.2000,2.0105,2.1804,0.0105,0.0076,231.3596,149.2329,0.0000,0.1314,0.1314,-0.0459,0.0000,0.0000,0.0046,0.0018,0.0326
0.2000,1.9741,2.1803,0.0040,0.0097,231.5282,149.1211,0.0000,0.1431,0.1431,-0.0441,0.0000,0.0000,0.0058,0.0023,0.0277
0.2000,1.9106,2.1803,-0.0044,0.0097,231.6912,149.0095,0.0000,0.1524,0.1524,-0.0440,0.0000,0.0000,0.0058,0.0023,0.0244
0.2000,2.0072,2.1802,-0.0128,0.0091,231.8628,148.8859,0.0000,0.1527,0.1527,-0.0336,0.0000,0.0000,0.0055,0.0022,0.0196
0.2000,1.9601,2.1802,-0.0066,0.0091,232.0372,148.7680,0.0000,0.1611,0.1611,-0.0388,0.0000,0.0000,0.0055,0.0022,0.0128
0.1996,2.0977,2.1801,-0.0101,0.0138,232.2002,148.6523,0.0000,0.1613,0.1613,-0.0401,0.0000,0.0000,0.0083,0.0033,0.0060
0.1786,2.0866,2.1801,-0.0123,0.0138,232.3665,148.5292,0.0000,0.1574,0.1574,-0.0479,0.0000,0.0000,0.0083,0.0033,-0.0007
0.2000,1.9814,2.1801,-0.0040,0.0138,232.5301,148.4049,0.0000,0.1572,0.1572,-0.0523,0.0000,0.0000,0.0083,0.0033,-0.0086
0.1780,2.0504,2.1800,0.0044,0.0171,232.6921,148.2721,0.0000,0.1442,0.1442,-0.0534,0.0000,0.0000,0.0103,0.0041,-0.0068
0.1872,2.0381,2.1800,0.0128,0.0171,232.8417,148.1455,0.0000,0.1324,0.1324,-0.0552,0.0000,0.0000,0.0103,0.0041,-0.0085
0.1495,2.0763,2.1800,0.0176,0.0136,232.9997,148.0237,0.0000,0.1260,0.1260,-0.0677,0.0000,0.0000,0.0082,0.0033,-0.0111
0.2000,1.9430,2.1800,0.0260,0.0136,233.1502,147.9076,0.0000,0.1305,0.1305,-0.0622,0.0000,0.0000,0.0082,0.0033,-0.0059
0.2000,1.9780,2.1800,0.0321,0.0136,233.3239,147.7768,0.0000,0.1293,0.1293,-0.0586,0.0000,0.0000,0.0082,0.0033,0.0019
0.2000,1.8842,2.1799,0.0237,0.0114,233.4752,147.6474,0.0000,0.1239,0.1239,-0.0519,0.0000,0.0000,0.0069,0.0027,0.0076
0.1426,2.1563,2.1799,0.0154,0.0114,233.6345,147.5287,0.0000,0.1227,0.1227,-0.0429,0.0000,0.0000,0.0069,0.0027,0.0153
0.2000,1.9734,2.1799,0.0070,0.0114,233.7952,147.4119,0.0000,0.1347,0.1347,-0.0359,0.0000,0.0000,0.0069,0.0027,0.0208
0.2000,1.9707,2.1799,-0.0014,0.0069,233.9527,147.2924,0.0000,0.1372,0.1372,-0.0305,0.0000,0.0000,0.0041,0.0017,0.0260
0.2000,1.9712,2.1799,-0.0096,0.0069,234.1347,147.1713,0.0000,0.1478,0.1478,-0.0315,0.0000,0.0000,0.0041,0.0017,0.0237
0.2000,1.9613,2.1799,-0.0117,-0.0036,234.2937,147.0543,0.0000,0.1465,0.1465,-0.0580,0.0000,0.0000,-0.0022,-0.0009,0.0169
0.0669,2.1669,2.1799,-0.0041,-0.0036,234.4756,146.9330,0.0000,0.1409,0.1409,-0.0638,0.0000,0.0000,-0.0022,-0.0009,0.0097
0.2000,2.1662,2.1999,0.0031,-0.0048,234.6454,146.8079,0.0000,0.1315,0.1315,-0.0730,0.0000,0.0000,-0.0029,-0.0012,0.0021
0.2000,2.1662,2.2199,0.0115,-0.0048,234.8011,146.6968,0.0000,0.1266,0.1266,-0.0782,0.0000,0.0000,-0.0029,-0.0012,-0.0057
0.2000,2.0912,2.2399,0.0199,-0.0048,234.9632,146.5786,0.0000,0.1211,0.1211,-0.0836,0.0000,0.0000,-0.0029,-0.0012,-0.0105
0.2000,1.8963,2.2599,0.0283,0.0024,235.1154,146.4656,0.0000,0.1277,0.1277,-0.0663,0.0000,0.0000,0.0014,0.0006,-0.0077
0.1999,1.9885,2.2793,0.0292,0.0024,235.2907,146.3473,0.0000,0.1322,0.1322,-0.0626,0.0000,0.0000,0.0014,0.0006,-0.0004
0.1999,1.8802,2.2968,0.0227,0.0024,235.4516,146.2346,0.0000,0.1437,0.1437,-0.0547,0.0000,0.0000,0.0014,0.0006,0.0048
0.2000,2.0962,2.3123,0.0143,-0.0023,235.6383,146.1057,0.0000,0.1424,0.1424,-0.0577,0.0000,0.0000,-0.0014,-0.0006,0.0117
0.2000,1.9500,2.3263,0.0067,-0.0023,235.7973,145.9892,0.0000,0.1507,0.1507,-0.0474,0.0000,0.0000,-0.0014,-0.0006,0.0207
0.2000,2.2494,2.3343,-0.0017,-0.0079,235.9644,145.8704,0.0000,0.1457,0.1457,-0.0460,0.0000,0.0000,-0.0047,-0.0019,0.0260
0.2000,1.9553,2.3460,-0.0100,-0.0079,236.1314,145.7578,0.0000,0.1571,0.1571,-0.0472,0.0000,0.0000,-0.0047,-0.0019,0.0234
0.2000,2.0344,2.3520,-0.0071,-0.0068,236.2961,145.6421,0.0000,0.1532,0.1532,-0.0489,0.0000,0.0000,-0.0041,-0.0016,0.0179
0.2000,1.9978,2.3574,-0.0008,-0.0068,236.4822,145.5189,0.0000,0.1553,0.1553,-0.0548,0.0000,0.0000,-0.0041,-0.0016,0.0112
0.2000,1.9951,2.3622,-0.0065,-0.0044,236.6557,145.3963,0.0000,0.1496,0.1496,-0.0559,0.0000,0.0000,-0.0027,-0.0011,0.0059
0.2000,2.2120,2.3666,0.0018,-0.0044,236.8055,145.2838,0.0000,0.1361,0.1361,-0.0588,0.0000,0.0000,-0.0027,-0.0011,-0.0008
0.2000,2.1068,2.3705,0.0099,-0.0044,236.9826,145.1650,0.0000,0.1382,0.1382,-0.0659,0.0000,0.0000,-0.0027,-0.0011,-0.0081
0.2000,1.8573,2.3741,0.0068,0.0010,237.1320,145.0564,0.0000,0.1447,0.1447,-0.0531,0.0000,0.0000,0.0006,0.0002,-0.0050
0.2000,2.1134,2.3772,0.0037,0.0010,237.2860,144.9425,0.0000,0.1359,0.1359,-0.0513,0.0000,0.0000,0.0006,0.0002,-0.0015
0.2000,1.8312,2.3801,0.0080,0.0010,237.4653,144.8194,0.0000,0.1460,0.1460,-0.0536,0.0000,0.0000,0.0006,0.0002,-0.0054
0.2000,1.8991,2.3827,-0.0004,0.0006,237.6244,144.7080,0.0000,0.1504,0.1504,-0.0463,0.0000,0.0000,0.0004,0.0002,0.0033
0.2000,2.1567,2.3850,-0.0088,0.0006,237.7621,144.6131,0.0000,0.1493,0.1493,-0.0425,0.0000,0.0000,0.0004,0.0002,0.0084
0.2000,1.9265,2.3871,-0.0041,-0.0002,237.9526,144.4836,0.0000,0.1582,0.1582,-0.0452,0.0000,0.0000,-0.0001,-0.0001,0.0060
0.2000,1.6576,2.3889,-0.0125,-0.0002,238.1405,144.3629,0.0000,0.1741,0.1741,-0.0475,0.0000,0.0000,-0.0001,-0.0001,0.0051
0.1665,2.2839,2.3906,-0.0050,-0.0008,238.2915,144.2469,0.0000,0.1534,0.1534,-0.0496,0.0000,0.0000,-0.0005,-0.0002,0.0065
0.2000,2.2132,2.3921,0.0031,-0.0008,238.4645,144.1198,0.0000,0.1466,0.1466,-0.0559,0.0000,0.0000,-0.0005,-0.0002,0.0006
0.2000,1.8884,2.3935,0.0105,-0.0008,238.6137,144.0055,0.0000,0.1462,0.1462,-0.0606,0.0000,0.0000,-0.0005,-0.0002,-0.0064
0.2000,2.1276,2.3947,0.0189,0.0009,238.7601,143.8966,0.0000,0.1325,0.1325,-0.0619,0.0000,0.0000,0.0006,0.0002,-0.0097
0.2000,1.8632,2.3959,0.0142,0.0009,238.9210,143.7870,0.0000,0.1454,0.1454,-0.0602,0.0000,0.0000,0.0006,0.0002,-0.0093
0.2000,1.8094,2.3969,0.0153,0.0009,239.1048,143.6610,0.0000,0.1511,0.1511,-0.0580,0.0000,0.0000,0.0006,0.0002,-0.0026
0.2000,1.9306,2.3977,0.0097,0.0035,239.2596,143.5616,0.0000,0.1636,0.1636,-0.0424,0.0000,0.0000,0.0021,0.0008,0.0061
0.2000,2.2088,2.3986,0.0013,0.0035,239.4164,143.4427,0.0000,0.1573,0.1573,-0.0364,0.0000,0.0000,0.0021,0.0008,0.0112
0.2000,1.8261,2.3993,-0.0071,0.0035,239.5808,143.3325,0.0000,0.1742,0.1742,-0.0331,0.0000,0.0000,0.0021,0.0008,0.0158
0.2000,1.9512,2.3999,-0.0155,0.0017,239.7477,143.2186,0.0000,0.1773,0.1773,-0.0349,0.0000,0.0000,0.0010,0.0004,0.0149
0.2000,1.9632,2.4005,-0.0116,0.0017,239.9134,143.0954,0.0000,0.1723,0.1723,-0.0376,0.0000,0.0000,0.0010,0.0004,0.0098
0.2000,2.0035,2.4011,-0.0087,0.0002,240.0893,142.9723,0.0000,0.1707,0.1707,-0.0422,0.0000,0.0000,0.0001,0.0000,0.0082
0.2000,2.0473,2.4015,-0.0019,0.0002,240.2399,142.8584,0.0000,0.1612,0.1612,-0.0480,0.0000,0.0000,0.0001,0.0000,0.0010
0.2000,2.1276,2.4020,0.0065,0.0030,240.4011,142.7445,0.0000,0.1539,0.1539,-0.0594,0.0000,0.0000,0.0018,0.0007,-0.0072
0.2000,1.8725,2.4023,0.0132,0.0030,240.5532,142.6333,0.0000,0.1580,0.1580,-0.0606,0.0000,0.0000,0.0018,0.0007,-0.0099
0.2000,1.9553,2.4027,0.0048,0.0030,240.7006,142.5235,0.0000,0.1513,0.1513,-0.0601,0.0000,0.0000,0.0018,0.0007,-0.0069
0.2000,1.8689,2.4030,-0.0019,0.0047,240.8634,142.4177,0.0000,0.1641,0.1641,-0.0548,0.0000,0.0000,0.0028,0.0011,-0.0003
0.2000,1.8217,2.4033,0.0027,0.0047,241.0172,142.3097,0.0000,0.1697,0.1697,-0.0500,0.0000,0.0000,0.0028,0.0011,0.0051
0.2000,1.9251,2.4035,-0.0057,0.0044,241.1723,142.1958,0.0000,0.1673,0.1673,-0.0425,0.0000,0.0000,0.0027,0.0011,0.0123
0.1999,1.8639,2.4038,0.0010,0.0044,241.3453,142.0762,0.0000,0.1681,0.1681,-0.0484,0.0000,0.0000,0.0027,0.0011,0.0072
0.2000,1.9073,2.4040,0.0039,0.0044,241.4878,141.9663,0.0000,0.1613,0.1613,-0.0496,0.0000,0.0000,0.0027,0.0011,0.0002
0.2000,2.0850,2.4042,0.0088,0.0043,241.6654,141.8432,0.0000,0.1582,0.1582,-0.0530,0.0000,0.0000,0.0026,0.0010,0.0035
0.2000,1.7854,2.4043,0.0133,0.0043,241.8124,141.7276,0.0000,0.1560,0.1560,-0.0563,0.0000,0.0000,0.0026,0.0010,-0.0033
0.2000,2.1409,2.4045,0.0074,0.0048,241.9860,141.6045,0.0000,0.1463,0.1463,-0.0563,0.0000,0.0000,0.0029,0.0012,0.0023
0.2000,1.8543,2.4046,0.0010,0.0048,242.1384,141.4994,0.0000,0.1599,0.1599,-0.0522,0.0000,0.0000,0.0029,0.0012,0.0051
0.2000,2.1099,2.4047,0.0046,0.0048,242.3034,141.3821,0.0000,0.1567,0.1567,-0.0467,0.0000,0.0000,0.0029,0.0012,0.0099
0.2000,1.8364,2.4048,-0.0038,0.0029,242.4537,141.2810,0.0000,0.1687,0.1687,-0.0449,0.0000,0.0000,0.0017,0.0007,0.0131
0.2000,2.0077,2.4049,0.0020,0.0029,242.6253,141.1582,0.0000,0.1610,0.1610,-0.0486,0.0000,0.0000,0.0017,0.0007,0.0080
0.2000,1.7957,2.4050,-0.0063,0.0029,242.7893,141.0431,0.0000,0.1677,0.1677,-0.0499,0.0000,0.0000,0.0017,0.0007,0.0027
0.2000,2.0922,2.4051,0.0018,0.0042,242.9390,140.9374,0.0000,0.1606,0.1606,-0.0476,0.0000,0.0000,0.0025,0.0010,0.0053
0.2000,1.9868,2.4052,0.0073,0.0042,243.1144,140.8109,0.0000,0.1593,0.1593,-0.0522,0.0000,0.0000,0.0025,0.0010,-0.0015
0.2000,1.8172,2.4052,0.0015,0.0071,243.2692,140.7018,0.0000,0.1652,0.1652,-0.0478,0.0000,0.0000,0.0042,0.0017,0.0029
0.1733,2.1442,2.3938,0.0095,0.0071,243.4345,140.5756,0.0000,0.1478,0.1478,-0.0526,0.0000,0.0000,0.0042,0.0017,-0.0037
0.2000,1.8771,2.3950,0.0012,0.0071,243.5926,140.4594,0.0000,0.1550,0.1550,-0.0474,0.0000,0.0000,0.0042,0.0017,0.0030
0.1994,2.0617,2.3813,-0.0004,-0.0024,243.7449,140.3621,0.0000,0.1591,0.1591,-0.0544,0.0000,0.0000,-0.0014,-0.0006,0.0077
0.2000,1.9458,2.3723,0.0031,-0.0024,243.9215,140.2366,0.0000,0.1607,0.1607,-0.0560,0.0000,0.0000,-0.0014,-0.0006,0.0034
0.2000,1.7922,2.3757,0.0008,-0.0057,244.0753,140.1303,0.0000,0.1685,0.1685,-0.0549,0.0000,0.0000,-0.0035,-0.0014,0.0098
0.2001,2.1482,2.3639,-0.0076,-0.0057,244.2225,140.0310,0.0000,0.1588,0.1588,-0.0582,0.0000,0.0000,-0.0035,-0.0014,0.0038
0.2000,1.8533,2.3566,0.0001,-0.0057,244.3906,139.9084,0.0000,0.1631,0.1631,-0.0587,0.0000,0.0000,-0.0035,-0.0014,0.0014
0.2000,1.7603,2.3501,-0.0005,0.0020,244.5410,139.8069,0.0000,0.1698,0.1698,-0.0535,0.0000,0.0000,0.0012,0.0005,0.0045
0.2000,2.0630,2.3409,0.0063,0.0020,244.6990,139.6911,0.0000,0.1543,0.1543,-0.0568,0.0000,0.0000,0.0012,0.0005,0.0026
0.2000,1.8000,2.3326,0.0100,0.0020,244.8619,139.5827,0.0000,0.1647,0.1647,-0.0606,0.0000,0.0000,0.0012,0.0005,-0.0043
0.2000,1.9417,2.3251,0.0016,0.0006,245.0130,139.4735,0.0000,0.1585,0.1585,-0.0608,0.0000,0.0000,0.0004,0.0001,0.0005
0.2000,1.9402,2.3184,0.0095,0.0006,245.1720,139.3580,0.0000,0.1544,0.1544,-0.0607,0.0000,0.0000,0.0004,0.0001,0.0012
0.2000,1.8482,2.3123,0.0011,-0.0008,245.3381,139.2469,0.0000,0.1634,0.1634,-0.0589,0.0000,0.0000,-0.0005,-0.0002,0.0068
0.2000,1.9481,2.3069,0.0045,-0.0008,245.4999,139.1357,0.0000,0.1618,0.1618,-0.0566,0.0000,0.0000,-0.0005,-0.0002,0.0105
0.2000,1.9822,2.3020,-0.0005,0.0027,245.6653,139.0150,0.0000,0.1548,0.1548,-0.0545,0.0000,0.0000,0.0016,0.0007,0.0042
0.2000,1.9461,2.2976,0.0041,0.0027,245.8194,138.9107,0.0000,0.1601,0.1601,-0.0513,0.0000,0.0000,0.0016,0.0007,0.0091
0.0199,2.0302,2.2678,-0.0031,0.0027,245.9801,138.8007,0.0000,0.1585,0.1585,-0.0541,0.0000,0.0000,0.0016,0.0007,0.0034
0.2000,1.8449,2.2668,0.0010,0.0027,246.1376,138.7002,0.0000,0.1720,0.1720,-0.0543,0.0000,0.0000,0.0016,0.0006,0.0057
0.1430,1.9310,2.2402,0.0019,0.0027,246.2770,138.5872,0.0000,0.1555,0.1555,-0.0566,0.0000,0.0000,0.0016,0.0006,0.0012
0.0000,1.8531,2.2419,0.0000,0.0027,246.4507,138.4777,0.0000,0.1673,0.1673,-0.0552,0.0000,0.0000,0.0016,0.0006,0.0053
0.1982,1.7788,2.2435,0.0074,0.0019,246.6057,138.3709,0.0000,0.1686,0.1686,-0.0628,0.0000,0.0000,0.0012,0.0005,-0.0006
0.0683,2.0353,2.2192,-0.0004,0.0019,246.7715,138.2503,0.0000,0.1553,0.1553,-0.0621,0.0000,0.0000,0.0012,0.0005,0.0025
0.2000,1.8664,2.1973,-0.0080,0.0027,246.9380,138.1384,0.0000,0.1637,0.1637,-0.0488,0.0000,0.0000,0.0016,0.0006,0.0032
0.0499,2.0326,2.1775,-0.0003,0.0027,247.0936,138.0256,0.0000,0.1583,0.1583,-0.0483,0.0000,0.0000,0.0016,0.0006,0.0021
0.0874,1.9887,2.1598,-0.0087,0.0027,247.2521,137.9206,0.0000,0.1662,0.1662,-0.0462,0.0000,0.0000,0.0016,0.0006,0.0063
0.1998,1.9064,2.1438,-0.0165,0.0033,247.4025,137.8177,0.0000,0.1692,0.1692,-0.0447,0.0000,0.0000,0.0020,0.0008,0.0035
0.1997,1.8844,2.1294,-0.0225,0.0033,247.5477,137.7174,0.0000,0.1711,0.1711,-0.0482,0.0000,0.0000,0.0020,0.0008,-0.0033
0.2000,1.8063,2.1165,-0.0169,0.0033,247.6991,137.6115,0.0000,0.1742,0.1742,-0.0484,0.0000,0.0000,0.0020,0.0008,-0.0007
0.2000,1.7498,2.1048,-0.0097,0.0021,247.8616,137.4884,0.0000,0.1648,0.1648,-0.0693,0.0000,0.0000,0.0013,0.0005,-0.0038
0.2000,1.8305,2.0943,-0.0013,0.0021,248.0284,137.3761,0.0000,0.1599,0.1599,-0.0767,0.0000,0.0000,0.0013,0.0005,-0.0112
0.0596,2.0210,2.0849,0.0059,0.0008,248.1708,137.2781,0.0000,0.1493,0.1493,-0.0828,0.0000,0.0000,0.0005,0.0002,-0.0180
0.0373,1.9927,2.0764,0.0142,0.0008,248.3215,137.1480,0.0000,0.1285,0.1285,-0.0828,0.0000,0.0000,0.0005,0.0002,-0.0156
0.2000,1.7135,2.0688,0.0226,0.0008,248.4738,137.0280,0.0000,0.1293,0.1293,-0.0784,0.0000,0.0000,0.0005,0.0002,-0.0094
0.1021,1.9743,2.0619,0.0281,-0.0006,248.6291,136.9201,0.0000,0.1216,0.1216,-0.0737,0.0000,0.0000,-0.0004,-0.0001,-0.0023
0.1493,1.9229,2.0557,0.0302,-0.0006,248.7864,136.7982,0.0000,0.1164,0.1164,-0.0680,0.0000,0.0000,-0.0004,-0.0001,0.0053
0.1998,1.8751,2.0501,0.0269,0.0044,248.9435,136.6846,0.0000,0.1184,0.1184,-0.0650,0.0000,0.0000,0.0027,0.0011,0.0118
0.1313,1.9727,2.0451,0.0186,0.0044,249.0838,136.5921,0.0000,0.1245,0.1245,-0.0566,0.0000,0.0000,0.0027,0.0011,0.0188
0.1999,1.9232,2.0406,0.0102,0.0044,249.2443,136.4817,0.0000,0.1305,0.1305,-0.0504,0.0000,0.0000,0.0027,0.0011,0.0251
0.2000,1.6679,2.0366,0.0018,0.0044,249.4187,136.3701,0.0000,0.1471,0.1471,-0.0480,0.0000,0.0000,0.0027,0.0011,0.0279
0.1999,1.9318,2.0329,-0.0065,0.0046,249.5828,136.2645,0.0000,0.1472,0.1472,-0.0472,0.0000,0.0000,0.0027,0.0011,0.0257
0.0063,2.0549,2.0296,-0.0141,0.0041,249.7365,136.1640,0.0000,0.1479,0.1479,-0.0509,0.0000,0.0000,0.0025,0.0010,0.0205
0.0680,1.9352,2.0266,-0.0063,0.0041,249.8994,136.0547,0.0000,0.1509,0.1509,-0.0554,0.0000,0.0000,0.0025,0.0010,0.0136
0.1936,1.8217,2.0240,0.0010,0.0041,250.0500,135.9588,0.0000,0.1570,0.1570,-0.0609,0.0000,0.0000,0.0025,0.0010,0.0063
0.1356,1.9445,2.0216,-0.0019,0.0095,250.2136,135.8559,0.0000,0.1563,0.1563,-0.0571,0.0000,0.0000,0.0057,0.0023,-0.0015
0.1232,1.9147,2.0194,0.0064,0.0095,250.3639,135.7436,0.0000,0.1490,0.1490,-0.0609,0.0000,0.0000,0.0057,0.0023,-0.0070
0.1207,1.9147,2.0175,0.0136,0.0095,250.5242,135.6268,0.0000,0.1453,0.1453,-0.0606,0.0000,0.0000,0.0057,0.0023,-0.0066
0.1399,1.9147,2.0157,0.0127,0.0114,250.6817,135.5049,0.0000,0.1360,0.1360,-0.0551,0.0000,0.0000,0.0069,0.0028,0.0004
0.0711,1.9746,2.0142,0.0103,0.0114,250.8371,135.3913,0.0000,0.1325,0.1325,-0.0536,0.0000,0.0000,0.0069,0.0028,0.0002
0.0506,1.9746,2.0127,0.0125,0.0062,250.9939,135.2935,0.0000,0.1441,0.1441,-0.0646,0.0000,0.0000,0.0037,0.0015,0.0011
0.1312,1.9095,2.0115,0.0057,0.0062,251.1620,135.1772,0.0000,0.1481,0.1481,-0.0589,0.0000,0.0000,0.0037,0.0015,0.0102
0.2000,1.8328,2.0103,-0.0027,0.0062,251.3223,135.0650,0.0000,0.1510,0.1510,-0.0555,0.0000,0.0000,0.0037,0.0015,0.0131
0.2001,1.8328,2.0093,-0.0111,0.0014,251.4903,134.9611,0.0000,0.1609,0.1609,-0.0518,0.0000,0.0000,0.0008,0.0003,0.0116
0.0275,2.0265,2.0084,-0.0195,0.0014,251.6424,134.8600,0.0000,0.1609,0.1609,-0.0492,0.0000,0.0000,0.0008,0.0003,0.0123
0.0452,1.9595,2.0075,-0.0126,0.0014,251.7997,134.7597,0.0000,0.1685,0.1685,-0.0510,0.0000,0.0000,0.0008,0.0003,0.0101
0.1979,1.8114,2.0068,-0.0161,-0.0058,251.9565,134.6511,0.0000,0.1690,0.1690,-0.0528,0.0000,0.0000,-0.0035,-0.0014,0.0041
0.1980,1.8492,2.0061,-0.0091,-0.0058,252.1130,134.5404,0.0000,0.1617,0.1617,-0.0601,0.0000,0.0000,-0.0035,-0.0014,-0.0037
0.1594,1.8915,2.0055,-0.0007,-0.0029,252.2766,134.4259,0.0000,0.1546,0.1546,-0.0827,0.0000,0.0000,-0.0017,-0.0007,-0.0115
0.1418,1.8985,2.0049,0.0077,-0.0029,252.4176,134.3320,0.0000,0.1530,0.1530,-0.0857,0.0000,0.0000,-0.0017,-0.0007,-0.0137
0.0576,1.9806,2.0044,0.0161,-0.0029,252.5750,134.2139,0.0000,0.1378,0.1378,-0.0873,0.0000,0.0000,-0.0017,-0.0007,-0.0123
0.2000,1.6781,2.0040,0.0245,-0.0029,252.7221,134.1011,0.0000,0.1400,0.1400,-0.0849,0.0000,0.0000,-0.0017,-0.0007,-0.0099
0.2000,1.8373,2.0036,0.0329,-0.0011,252.8790,133.9946,0.0000,0.1342,0.1342,-0.0830,0.0000,0.0000,-0.0006,-0.0003,-0.0036
0.2000,1.8373,2.0032,0.0375,-0.0011,253.0378,133.8865,0.0000,0.1367,0.1367,-0.0765,0.0000,0.0000,-0.0006,-0.0003,0.0044
0.1875,1.8812,2.0029,0.0296,-0.0004,253.2106,133.7675,0.0000,0.1367,0.1367,-0.0711,0.0000,0.0000,-0.0003,-0.0001,0.0119
0.2002,1.9049,2.0026,0.0212,-0.0004,253.3790,133.6603,0.0000,0.1460,0.1460,-0.0629,0.0000,0.0000,-0.0003,-0.0001,0.0191
0.0006,2.0811,2.0024,0.0128,-0.0067,253.5308,133.5738,0.0000,0.1600,0.1600,-0.0546,0.0000,0.0000,-0.0041,-0.0016,0.0265
0.0250,1.9819,2.0021,0.0044,-0.0067,253.6879,133.4671,0.0000,0.1668,0.1668,-0.0473,0.0000,0.0000,-0.0041,-0.0016,0.0334
0.2000,1.7353,2.0019,-0.0040,-0.0067,253.8428,133.3675,0.0000,0.1781,0.1781,-0.0472,0.0000,0.0000,-0.0041,-0.0016,0.0323
0.2000,1.8838,2.0017,-0.0124,-0.0097,253.9969,133.2701,0.0000,0.1785,0.1785,-0.0492,0.0000,0.0000,-0.0058,-0.0023,0.0252
0.2000,1.8283,2.0015,-0.0207,-0.0097,254.1629,133.1566,0.0000,0.1753,0.1753,-0.0536,0.0000,0.0000,-0.0058,-0.0023,0.0179
0.2000,1.8076,2.0014,-0.0154,-0.0097,254.3277,133.0457,0.0000,0.1710,0.1710,-0.0600,0.0000,0.0000,-0.0058,-0.0023,0.0093
0.0590,1.9939,2.0013,-0.0070,0.0070,254.4916,132.9423,0.0000,0.1664,0.1664,-0.0652,0.0000,0.0000,0.0042,0.0017,0.0031
0.0474,1.9684,2.0011,0.0014,0.0070,254.6549,132.8401,0.0000,0.1668,0.1668,-0.0730,0.0000,0.0000,0.0042,0.0017,-0.0048
0.0897,1.9214,2.0010,0.0055,0.0046,254.8085,132.7328,0.0000,0.1614,0.1614,-0.0648,0.0000,0.0000,0.0027,0.0011,-0.0129
0.1121,1.9085,2.0009,0.0127,0.0046,254.9592,132.6397,0.0000,0.1684,0.1684,-0.0676,0.0000,0.0000,0.0027,0.0011,-0.0165
0.1998,1.8573,2.0008,0.0043,0.0046,255.1172,132.5188,0.0000,0.1603,0.1603,-0.0653,0.0000,0.0000,0.0027,0.0011,-0.0116
0.2000,1.7558,2.0007,-0.0041,0.0037,255.2805,132.4188,0.0000,0.1780,0.1780,-0.0384,0.0000,0.0000,0.0022,0.0009,-0.0034
0.1480,1.9723,2.0007,-0.0125,0.0037,255.4326,132.3102,0.0000,0.1776,0.1776,-0.0329,0.0000,0.0000,0.0022,0.0009,0.0043
0.1740,1.8993,2.0006,-0.0209,-0.0149,255.5933,132.2080,0.0000,0.1903,0.1903,-0.0524,0.0000,0.0000,-0.0090,-0.0036,0.0081
0.2000,1.8531,2.0005,-0.0293,-0.0149,255.7612,132.0920,0.0000,0.1907,0.1907,-0.0511,0.0000,0.0000,-0.0090,-0.0036,0.0121
0.1900,1.8886,2.0005,-0.0376,-0.0149,255.9194,131.9791,0.0000,0.1819,0.1819,-0.0572,0.0000,0.0000,-0.0090,-0.0036,0.0051
0.0258,2.0226,2.0004,-0.0292,-0.0138,256.0864,131.8655,0.0000,0.1711,0.1711,-0.0714,0.0000,0.0000,-0.0083,-0.0033,-0.0027
0.0769,1.9266,2.0004,-0.0208,-0.0138,256.2498,131.7470,0.0000,0.1607,0.1607,-0.0809,0.0000,0.0000,-0.0083,-0.0033,-0.0108
0.0191,2.0023,2.0004,-0.0124,-0.0094,256.4093,131.6276,0.0000,0.1391,0.1391,-0.0953,0.0000,0.0000,-0.0056,-0.0023,-0.0191
0.0060,2.0003,2.0003,-0.0040,-0.0094,256.5553,131.5145,0.0000,0.1200,0.1200,-0.1040,0.0000,0.0000,-0.0056,-0.0023,-0.0265
0.0239,1.9745,2.0003,0.0043,-0.0094,256.7155,131.4060,0.0000,0.1161,0.1161,-0.1100,0.0000,0.0000,-0.0056,-0.0023,-0.0323
0.1667,1.8312,2.0003,0.0079,-0.0142,256.8769,131.2870,0.0000,0.1166,0.1166,-0.0924,0.0000,0.0000,-0.0086,-0.0034,-0.0244
0.1258,1.9169,2.0002,0.0163,-0.0142,257.0369,131.1790,0.0000,0.1158,0.1158,-0.0897,0.0000,0.0000,-0.0086,-0.0034,-0.0177
0.0462,1.9885,2.0002,0.0247,-0.0102,257.1877,131.0693,0.0000,0.1118,0.1118,-0.0776,0.0000,0.0000,-0.0062,-0.0025,-0.0084
0.0881,1.9131,2.0002,0.0284,-0.0102,257.3523,130.9598,0.0000,0.1218,0.1218,-0.0726,0.0000,0.0000,-0.0062,-0.0025,-0.0018
0.1992,1.8493,2.0002,0.0200,-0.0102,257.5030,130.8449,0.0000,0.1203,0.1203,-0.0655,0.0000,0.0000,-0.0062,-0.0025,0.0072
0.0920,1.9603,2.0002,0.0181,-0.0205,257.6671,130.7332,0.0000,0.1209,0.1209,-0.0959,0.0000,0.0000,-0.0123,-0.0049,0.0176
0.1892,1.8788,2.0001,0.0265,-0.0205,257.8346,130.6259,0.0000,0.1299,0.1299,-0.0904,0.0000,0.0000,-0.0123,-0.0049,0.0191
0.2000,1.9703,2.0187,0.0215,-0.0184,258.0133,130.5046,0.0000,0.1227,0.1227,-0.0648,0.0000,0.0000,-0.0111,-0.0044,0.0258
0.2001,1.9747,2.0353,0.0175,-0.0184,258.1706,130.3991,0.0000,0.1238,0.1238,-0.0634,0.0000,0.0000,-0.0111,-0.0044,0.0251
-0.0093,2.1414,2.0504,0.0091,-0.0184,258.3326,130.2986,0.0000,0.1277,0.1277,-0.0618,0.0000,0.0000,-0.0111,-0.0044,0.0186
0.1757,1.8793,2.0639,0.0097,-0.0094,258.4994,130.1934,0.0000,0.1467,0.1467,-0.0355,0.0000,0.0000,-0.0057,-0.0023,0.0200
0.2000,1.8927,2.0760,0.0013,-0.0094,258.6716,130.0912,0.0000,0.1642,0.1642,-0.0323,0.0000,0.0000,-0.0057,-0.0023,0.0221
0.2000,1.9567,2.0870,-0.0071,-0.0094,258.8397,129.9789,0.0000,0.1680,0.1680,-0.0329,0.0000,0.0000,-0.0057,-0.0023,0.0185
0.2000,1.9863,2.0968,-0.0029,0.0032,258.9986,129.8686,0.0000,0.1730,0.1730,-0.0122,0.0000,0.0000,0.0019,0.0008,0.0131
0.2000,2.0044,2.1057,-0.0113,0.0032,259.1853,129.7363,0.0000,0.1766,0.1766,-0.0133,0.0000,0.0000,0.0019,0.0008,0.0112
0.2000,1.9188,2.1137,-0.0197,-0.0072,259.3606,129.6432,0.0000,0.2032,0.2032,-0.0264,0.0000,0.0000,-0.0044,-0.0017,0.0055
-0.0077,2.2688,2.1208,-0.0278,-0.0072,259.5183,129.5274,0.0000,0.1929,0.1929,-0.0324,0.0000,0.0000,-0.0044,-0.0017,-0.0025
0.1848,1.9675,2.1273,-0.0362,-0.0167,259.6668,129.3991,0.0000,0.1809,0.1809,-0.0451,0.0000,0.0000,-0.0101,-0.0040,-0.0003
0.2000,1.9390,2.1331,-0.0285,-0.0167,259.8311,129.2701,0.0000,0.1658,0.1658,-0.0517,0.0000,0.0000,-0.0101,-0.0040,-0.0065
0.2000,1.9464,2.1383,-0.0206,-0.0167,259.9971,129.1598,0.0000,0.1632,0.1632,-0.0625,0.0000,0.0000,-0.0101,-0.0040,-0.0162
0.2001,2.0714,2.1430,-0.0227,-0.0103,260.1691,129.0495,0.0000,0.1639,0.1639,-0.0484,0.0000,0.0000,-0.0062,-0.0025,-0.0227
0.2000,1.9743,2.1473,-0.0145,-0.0103,260.3334,128.9147,0.0000,0.1498,0.1498,-0.0547,0.0000,0.0000,-0.0062,-0.0025,-0.0256
0.2001,2.0227,2.1644,-0.0061,-0.0075,260.4822,128.8018,0.0000,0.1448,0.1448,-0.0597,0.0000,0.0000,-0.0045,-0.0018,-0.0247
0.2000,2.1073,2.1798,0.0021,-0.0075,260.6414,128.6801,0.0000,0.1364,0.1364,-0.0600,0.0000,0.0000,-0.0045,-0.0018,-0.0174
0.1999,1.8520,2.1936,0.0104,-0.0075,260.8078,128.5567,0.0000,0.1409,0.1409,-0.0614,0.0000,0.0000,-0.0045,-0.0018,-0.0186
0.2000,1.9861,2.2060,0.0188,-0.0064,260.9683,128.4193,0.0000,0.1192,0.1192,-0.0752,0.0000,0.0000,-0.0038,-0.0015,-0.0108
0.2000,2.0540,2.2173,0.0241,-0.0064,261.1325,128.3076,0.0000,0.1243,0.1243,-0.0694,0.0000,0.0000,-0.0038,-0.0015,-0.0029
0.2000,2.0949,2.2273,0.0157,-0.0081,261.3079,128.1931,0.0000,0.1372,0.1372,-0.0472,0.0000,0.0000,-0.0049,-0.0020,0.0047
0.2000,1.9696,2.2364,0.0073,-0.0081,261.4795,128.0783,0.0000,0.1536,0.1536,-0.0408,0.0000,0.0000,-0.0049,-0.0020,0.0121
0.2000,2.0772,2.2446,-0.0011,-0.0095,261.6554,127.9580,0.0000,0.1647,0.1647,-0.0308,0.0000,0.0000,-0.0057,-0.0023,0.0190
0.2000,2.0477,2.2520,-0.0095,-0.0095,261.8144,127.8384,0.0000,0.1669,0.1669,-0.0261,0.0000,0.0000,-0.0057,-0.0023,0.0232
0.2000,2.1146,2.2586,-0.0179,-0.0095,261.9882,127.7102,0.0000,0.1642,0.1642,-0.0296,0.0000,0.0000,-0.0057,-0.0023,0.0162
0.2000,1.9728,2.2645,-0.0257,-0.0088,262.1598,127.5906,0.0000,0.1687,0.1687,-0.0430,0.0000,0.0000,-0.0053,-0.0021,0.0090
0.2000,2.1426,2.2699,-0.0177,-0.0088,262.3266,127.4661,0.0000,0.1575,0.1575,-0.0493,0.0000,0.0000,-0.0053,-0.0021,0.0014
0.2000,2.0727,2.2747,-0.0093,-0.0016,262.4784,127.3484,0.0000,0.1480,0.1480,-0.0408,0.0000,0.0000,-0.0010,-0.0004,-0.0059
0.2000,2.0636,2.2791,-0.0009,-0.0016,262.6383,127.2199,0.0000,0.1325,0.1325,-0.0520,0.0000,0.0000,-0.0010,-0.0004,-0.0145
0.2000,1.9042,2.2830,0.0074,-0.0016,262.8106,127.0831,0.0000,0.1267,0.1267,-0.0575,0.0000,0.0000,-0.0010,-0.0004,-0.0213
0.0790,2.0343,2.2547,0.0030,0.0025,262.9862,126.9633,0.0000,0.1345,0.1345,-0.0468,0.0000,0.0000,0.0015,0.0006,-0.0146
-0.0927,2.1804,2.2292,0.0067,0.0025,263.1517,126.8383,0.0000,0.1353,0.1353,-0.0420,0.0000,0.0000,0.0015,0.0006,-0.0061
-0.0761,2.1068,2.2063,-0.0007,0.0035,263.3288,126.7064,0.0000,0.1448,0.1448,-0.0262,0.0000,0.0000,0.0021,0.0008,0.0017
0.0109,2.0566,2.1857,-0.0091,0.0035,263.4903,126.5863,0.0000,0.1522,0.1522,-0.0220,0.0000,0.0000,0.0021,0.0008,0.0086
-0.1691,2.1901,2.1671,-0.0175,0.0025,263.6573,126.4638,0.0000,0.1549,0.1549,-0.0341,0.0000,0.0000,0.0015,0.0006,0.0059
0.0490,1.9953,2.1504,-0.0259,0.0025,263.8284,126.3318,0.0000,0.1580,0.1580,-0.0328,0.0000,0.0000,0.0015,0.0006,0.0083
-0.0042,2.0530,2.1353,-0.0241,0.0025,263.9805,126.1970,0.0000,0.1384,0.1384,-0.0383,0.0000,0.0000,0.0015,0.0006,0.0020
-0.1103,2.1425,2.1218,-0.0177,0.0005,264.1434,126.0657,0.0000,0.1216,0.1216,-0.0650,0.0000,0.0000,0.0003,0.0001,-0.0057
-0.0284,2.0157,2.1096,-0.0094,0.0005,264.3071,125.9406,0.0000,0.1143,0.1143,-0.0743,0.0000,0.0000,0.0003,0.0001,-0.0127
-0.0573,2.0732,2.0987,-0.0010,0.0106,264.4692,125.8168,0.0000,0.1020,0.1020,-0.0640,0.0000,0.0000,0.0064,0.0025,-0.0203
-0.0422,2.0429,2.0888,0.0074,0.0106,264.6350,125.6842,0.0000,0.0948,0.0948,-0.0675,0.0000,0.0000,0.0064,0.0025,-0.0204
-0.0158,2.0216,2.0799,0.0158,0.0106,264.7994,125.5578,0.0000,0.0944,0.0944,-0.0665,0.0000,0.0000,0.0064,0.0025,-0.0154
-0.0933,2.1038,2.0719,0.0242,0.0120,264.9748,125.4238,0.0000,0.0956,0.0956,-0.0568,0.0000,0.0000,0.0072,0.0029,-0.0072
-0.0707,2.0555,2.0647,0.0314,0.0120,265.1268,125.2953,0.0000,0.0915,0.0915,-0.0511,0.0000,0.0000,0.0072,0.0029,0.0007
-0.1997,2.1887,2.0583,0.0331,0.0057,265.2862,125.1590,0.0000,0.0807,0.0807,-0.0540,0.0000,0.0000,0.0034,0.0014,0.0083
0.0068,1.9734,2.0524,0.0248,0.0057,265.4461,125.0339,0.0000,0.0886,0.0886,-0.0472,0.0000,0.0000,0.0034,0.0014,0.0157
-0.0814,2.0782,2.0472,0.0166,0.0056,265.6126,124.9200,0.0000,0.1023,0.1023,-0.0398,0.0000,0.0000,0.0034,0.0014,0.0214
-0.0071,2.0146,2.0425,0.0084,0.0056,265.7743,124.7988,0.0000,0.1105,0.1105,-0.0316,0.0000,0.0000,0.0034,0.0014,0.0297
0.0454,2.0029,2.0382,0.0002,0.0056,265.9318,124.6699,0.0000,0.1068,0.1068,-0.0272,0.0000,0.0000,0.0034,0.0014,0.0318
0.0609,2.0044,2.0344,-0.0082,0.0044,266.0929,124.5486,0.0000,0.1076,0.1076,-0.0295,0.0000,0.0000,0.0027,0.0011,0.0257
0.0120,2.0176,2.0310,-0.0129,0.0044,266.2516,124.4249,0.0000,0.1024,0.1024,-0.0334,0.0000,0.0000,0.0027,0.0011,0.0188
0.0090,2.0001,2.0279,-0.0045,0.0044,266.4182,124.3002,0.0000,0.1008,0.1008,-0.0386,0.0000,0.0000,0.0027,0.0011,0.0115
0.0127,1.9954,2.0251,0.0017,0.0034,266.5949,124.1756,0.0000,0.1058,0.1058,-0.0376,0.0000,0.0000,0.0021,0.0008,0.0043
-0.0601,2.0634,2.0226,-0.0007,0.0034,266.7571,124.0604,0.0000,0.1075,0.1075,-0.0440,0.0000,0.0000,0.0021,0.0008,-0.0033
-0.1483,2.1428,2.0203,0.0077,0.0034,266.9105,123.9285,0.0000,0.0909,0.0909,-0.0556,0.0000,0.0000,0.0020,0.0008,-0.0084
-0.0047,1.9720,2.0183,0.0155,0.0034,267.0688,123.7993,0.0000,0.0894,0.0894,-0.0516,0.0000,0.0000,0.0020,0.0008,-0.0025
-0.0019,2.0057,2.0165,0.0191,-0.0013,267.2298,123.6851,0.0000,0.0952,0.0952,-0.0624,0.0000,0.0000,-0.0008,-0.0003,0.0038
-0.0194,2.0257,2.0148,0.0275,-0.0013,267.3878,123.5650,0.0000,0.0915,0.0915,-0.0625,0.0000,0.0000,-0.0008,-0.0003,0.0021
0.0296,1.9571,2.0133,0.0291,-0.0013,267.5370,123.4471,0.0000,0.0917,0.0917,-0.0554,0.0000,0.0000,-0.0008,-0.0003,0.0087
0.0382,1.9672,2.0120,0.0223,-0.0089,267.6890,123.3231,0.0000,0.0849,0.0849,-0.0533,0.0000,0.0000,-0.0054,-0.0021,0.0156
0.1294,1.9448,2.0108,0.0139,-0.0089,267.8503,123.2236,0.0000,0.1042,0.1042,-0.0478,0.0000,0.0000,-0.0054,-0.0021,0.0194
0.1834,1.9448,2.0097,0.0059,-0.0089,268.0027,123.1073,0.0000,0.1038,0.1038,-0.0416,0.0000,0.0000,-0.0054,-0.0021,0.0258
0.2000,1.9448,2.0087,-0.0014,-0.0075,268.1718,123.0061,0.0000,0.1251,0.1251,-0.0357,0.0000,0.0000,-0.0045,-0.0018,0.0280
0.2001,1.9011,2.0079,-0.0098,-0.0075,268.3268,122.8935,0.0000,0.1264,0.1264,-0.0373,0.0000,0.0000,-0.0045,-0.0018,0.0228
0.1907,1.9567,2.0071,-0.0148,-0.0044,268.4870,122.7834,0.0000,0.1301,0.1301,-0.0335,0.0000,0.0000,-0.0026,-0.0011,0.0176
0.1997,1.8998,2.0064,-0.0232,-0.0044,268.6499,122.6743,0.0000,0.1376,0.1376,-0.0381,0.0000,0.0000,-0.0026,-0.0011,0.0107
0.1411,1.9270,2.0057,-0.0316,-0.0044,268.8103,122.5773,0.0000,0.1511,0.1511,-0.0433,0.0000,0.0000,-0.0026,-0.0011,0.0037
0.0931,1.9440,2.0052,-0.0323,-0.0129,268.9580,122.4780,0.0000,0.1539,0.1539,-0.0507,0.0000,0.0000,-0.0078,-0.0031,-0.0036
0.1623,1.8579,2.0046,-0.0239,-0.0129,269.1057,122.3671,0.0000,0.1489,0.1489,-0.0582,0.0000,0.0000,-0.0078,-0.0031,-0.0096
0.2000,1.7635,2.0042,-0.0155,-0.0129,269.2573,122.2530,0.0000,0.1438,0.1438,-0.0661,0.0000,0.0000,-0.0078,-0.0031,-0.0162
0.2000,1.8311,2.0038,-0.0071,-0.0095,269.4058,122.1461,0.0000,0.1371,0.1371,-0.0736,0.0000,0.0000,-0.0057,-0.0023,-0.0241
0.1840,1.8798,2.0034,0.0013,-0.0095,269.5458,122.0311,0.0000,0.1216,0.1216,-0.0798,0.0000,0.0000,-0.0057,-0.0023,-0.0279
0.2000,1.8122,2.0030,0.0097,-0.0095,269.6842,121.9183,0.0000,0.1155,0.1155,-0.0781,0.0000,0.0000,-0.0057,-0.0023,-0.0227
0.2000,1.7967,2.0027,0.0181,-0.0014,269.8288,121.8075,0.0000,0.1144,0.1144,-0.0662,0.0000,0.0000,-0.0008,-0.0003,-0.0149
0.2000,1.7706,2.0025,0.0241,-0.0014,269.9738,121.6989,0.0000,0.1178,0.1178,-0.0616,0.0000,0.0000,-0.0008,-0.0003,-0.0068
0.2000,1.8056,2.0022,0.0242,-0.0014,270.1126,121.5878,0.0000,0.1141,0.1141,-0.0567,0.0000,0.0000,-0.0008,-0.0003,0.0012
0.2000,1.7955,2.0020,0.0192,-0.0096,270.2540,121.4723,0.0000,0.1093,0.1093,-0.0594,0.0000,0.0000,-0.0058,-0.0023,0.0067
0.2000,1.7629,2.0018,0.0108,-0.0096,270.4036,121.3728,0.0000,0.1244,0.1244,-0.0513,0.0000,0.0000,-0.0058,-0.0023,0.0160
0.2000,1.8101,2.0016,0.0024,-0.0112,270.5403,121.2685,0.0000,0.1240,0.1240,-0.0481,0.0000,0.0000,-0.0067,-0.0027,0.0223
0.2000,1.7830,2.0015,-0.0060,-0.0112,270.6866,121.1550,0.0000,0.1223,0.1223,-0.0455,0.0000,0.0000,-0.0067,-0.0027,0.0238
0.2000,1.7056,2.0013,-0.0144,-0.0112,270.8494,121.0461,0.0000,0.1335,0.1335,-0.0463,0.0000,0.0000,-0.0067,-0.0027,0.0205
0.2002,1.8364,2.0012,-0.0158,-0.0040,271.0057,120.9343,0.0000,0.1332,0.1332,-0.0345,0.0000,0.0000,-0.0024,-0.0010,0.0152
0.1187,1.9425,2.0011,-0.0241,-0.0040,271.1556,120.8265,0.0000,0.1325,0.1325,-0.0398,0.0000,0.0000,-0.0024,-0.0010,0.0081
0.1207,1.9059,2.0010,-0.0157,0.0106,271.3103,120.7157,0.0000,0.1341,0.1341,-0.0484,0.0000,0.0000,0.0064,0.0026,0.0016
0.1911,1.8300,2.0009,-0.0074,0.0106,271.4614,120.6170,0.0000,0.1448,0.1448,-0.0549,0.0000,0.0000,0.0064,0.0026,-0.0075
0.1610,1.8856,2.0008,0.0010,0.0106,271.6056,120.5044,0.0000,0.1349,0.1349,-0.0620,0.0000,0.0000,0.0064,0.0026,-0.0118
0.2000,1.7886,2.0007,0.0093,0.0106,271.7436,120.3929,0.0000,0.1293,0.1293,-0.0658,0.0000,0.0000,0.0064,0.0026,-0.0149
0.2000,1.7581,2.0006,0.0177,0.0116,271.8920,120.2888,0.0000,0.1358,0.1358,-0.0681,0.0000,0.0000,0.0070,0.0028,-0.0145
0.2000,1.7581,2.0006,0.0247,0.0116,272.0257,120.1877,0.0000,0.1375,0.1375,-0.0637,0.0000,0.0000,0.0070,0.0028,-0.0067
0.2000,1.7977,2.0005,0.0163,0.0030,272.1639,120.0802,0.0000,0.1366,0.1366,-0.0385,0.0000,0.0000,0.0018,0.0007,0.0021
0.2000,1.6618,2.0005,0.0080,0.0030,272.3109,119.9707,0.0000,0.1469,0.1469,-0.0332,0.0000,0.0000,0.0018,0.0007,0.0088
0.2000,1.7358,2.0004,-0.0004,0.0030,272.4628,119.8593,0.0000,0.1564,0.1564,-0.0259,0.0000,0.0000,0.0018,0.0007,0.0160
0.2000,1.8182,2.0004,-0.0017,0.0101,272.6148,119.7393,0.0000,0.1575,0.1575,-0.0261,0.0000,0.0000,0.0061,0.0024,0.0225
0.1997,1.8693,2.0003,-0.0101,0.0101,272.7714,119.6356,0.0000,0.1724,0.1724,-0.0237,0.0000,0.0000,0.0061,0.0024,0.0239
0.1990,1.9204,2.0003,-0.0185,0.0067,272.9147,119.5125,0.0000,0.1589,0.1589,-0.0393,0.0000,0.0000,0.0041,0.0016,0.0165
0.2000,1.8626,2.0003,-0.0269,0.0067,273.0545,119.3994,0.0000,0.1533,0.1533,-0.0429,0.0000,0.0000,0.0041,0.0016,0.0092
0.1749,1.8726,2.0002,-0.0187,0.0067,273.2159,119.2853,0.0000,0.1564,0.1564,-0.0482,0.0000,0.0000,0.0041,0.0016,0.0025
0.2000,1.7836,2.0002,-0.0178,0.0015,273.3724,119.1710,0.0000,0.1585,0.1585,-0.0411,0.0000,0.0000,0.0009,0.0004,0.0004
0.0952,1.9584,2.0002,-0.0158,0.0015,273.5164,119.0537,0.0000,0.1450,0.1450,-0.0491,0.0000,0.0000,0.0009,0.0004,-0.0065
0.1032,1.9209,2.0002,-0.0075,0.0015,273.6568,118.9320,0.0000,0.1319,0.1319,-0.0556,0.0000,0.0000,0.0009,0.0004,-0.0145
0.1811,1.8407,2.0002,0.0009,0.0149,273.8168,118.8231,0.0000,0.1419,0.1419,-0.0608,0.0000,0.0000,0.0090,0.0036,-0.0218
0.2000,1.8427,2.0001,0.0093,0.0149,273.9634,118.7057,0.0000,0.1378,0.1378,-0.0607,0.0000,0.0000,0.0090,0.0036,-0.0151
0.1463,1.9169,2.0001,0.0149,0.0134,274.1064,118.5916,0.0000,0.1333,0.1333,-0.0638,0.0000,0.0000,0.0081,0.0032,-0.0130
0.1964,1.8621,2.0001,0.0153,0.0134,274.2579,118.4800,0.0000,0.1413,0.1413,-0.0610,0.0000,0.0000,0.0081,0.0032,-0.0107
0.2000,1.8133,2.0001,0.0069,0.0134,274.4185,118.3650,0.0000,0.1527,0.1527,-0.0558,0.0000,0.0000,0.0081,0.0032,-0.0023
0.1818,1.8660,2.0001,-0.0015,-0.0082,274.5714,118.2535,0.0000,0.1588,0.1588,-0.0846,0.0000,0.0000,-0.0049,-0.0020,0.0095
0.0916,1.9588,2.0001,0.0068,-0.0082,274.7281,118.1326,0.0000,0.1497,0.1497,-0.0814,0.0000,0.0000,-0.0049,-0.0020,0.0127
0.2001,1.8769,2.0001,0.0062,-0.0082,274.8777,118.0190,0.0000,0.1497,0.1497,-0.0787,0.0000,0.0000,-0.0049,-0.0020,0.0165
0.0900,1.9627,2.0001,0.0121,-0.0107,275.0265,117.9117,0.0000,0.1453,0.1453,-0.0825,0.0000,0.0000,-0.0065,-0.0026,0.0155
0.1746,1.8626,2.0001,0.0205,-0.0107,275.1750,117.7885,0.0000,0.1333,0.1333,-0.0867,0.0000,0.0000,-0.0065,-0.0026,0.0085
0.2000,1.8187,2.0001,0.0289,-0.0107,275.3237,117.6739,0.0000,0.1267,0.1267,-0.0896,0.0000,0.0000,-0.0065,-0.0026,0.0031
0.1521,1.9132,2.0001,0.0373,0.0091,275.4707,117.5605,0.0000,0.1272,0.1272,-0.0446,0.0000,0.0000,0.0055,0.0022,0.0090
0.1701,1.8623,2.0000,0.0289,0.0091,275.6276,117.4602,0.0000,0.1477,0.1477,-0.0403,0.0000,0.0000,0.0055,0.0022,0.0141
0.2001,1.8399,2.0000,0.0205,0.0023,275.7795,117.3435,0.0000,0.1505,0.1505,-0.0597,0.0000,0.0000,0.0014,0.0005,0.0143
0.2001,1.8485,2.0000,0.0121,0.0023,275.9410,117.2297,0.0000,0.1627,0.1627,-0.0465,0.0000,0.0000,0.0014,0.0005,0.0294
0.1999,1.8998,2.0000,0.0038,0.0023,276.0950,117.1089,0.0000,0.1596,0.1596,-0.0412,0.0000,0.0000,0.0014,0.0005,0.0316
0.1734,1.9605,2.0000,-0.0046,-0.0044,276.2553,116.9942,0.0000,0.1644,0.1644,-0.0382,0.0000,0.0000,-0.0026,-0.0011,0.0350
0.1979,1.9412,2.0000,-0.0130,-0.0044,276.4092,116.8759,0.0000,0.1589,0.1589,-0.0422,0.0000,0.0000,-0.0026,-0.0011,0.0269
0.0990,1.9543,2.0000,-0.0096,0.0074,276.5748,116.7708,0.0000,0.1730,0.1730,-0.0214,0.0000,0.0000,0.0044,0.0018,0.0193
0.1720,1.9263,2.0000,-0.0180,0.0074,276.7181,116.6430,0.0000,0.1552,0.1552,-0.0285,0.0000,0.0000,0.0044,0.0018,0.0114
0.1715,1.9452,2.0000,-0.0262,0.0074,276.8658,116.5396,0.0000,0.1609,0.1609,-0.0333,0.0000,0.0000,0.0044,0.0018,0.0032
0.1375,1.9037,2.0000,-0.0290,-0.0038,277.0197,116.4073,0.0000,0.1416,0.1416,-0.0708,0.0000,0.0000,-0.0023,-0.0009,-0.0040
0.2000,1.7881,2.0000,-0.0206,-0.0038,277.1696,116.2925,0.0000,0.1382,0.1382,-0.0743,0.0000,0.0000,-0.0023,-0.0009,-0.0081
0.2000,2.0117,2.0200,-0.0122,-0.0010,277.3192,116.1848,0.0000,0.1253,0.1253,-0.0802,0.0000,0.0000,-0.0006,-0.0002,-0.0105
0.2000,1.8722,2.0400,-0.0039,-0.0010,277.4587,116.0704,0.0000,0.1141,0.1141,-0.0881,0.0000,0.0000,-0.0006,-0.0002,-0.0174
0.1999,1.8260,2.0600,0.0045,-0.0010,277.6083,115.9481,0.0000,0.0997,0.0997,-0.0952,0.0000,0.0000,-0.0006,-0.0002,-0.0236
0.2000,1.7880,2.0796,0.0129,0.0081,277.7531,115.8340,0.0000,0.0936,0.0936,-0.0807,0.0000,0.0000,0.0049,0.0019,-0.0221
0.2000,1.9162,2.0971,0.0212,0.0081,277.8943,115.7233,0.0000,0.0854,0.0854,-0.0772,0.0000,0.0000,0.0049,0.0019,-0.0115
0.2000,1.8268,2.1130,0.0296,0.0081,278.0406,115.6025,0.0000,0.0824,0.0824,-0.0714,0.0000,0.0000,0.0049,0.0019,-0.0027
0.2000,1.7791,2.1272,0.0380,0.0105,278.1898,115.4881,0.0000,0.0850,0.0850,-0.0642,0.0000,0.0000,0.0063,0.0025,0.0045
0.2000,1.8808,2.1400,0.0424,0.0105,278.3405,115.3831,0.0000,0.0917,0.0917,-0.0577,0.0000,0.0000,0.0063,0.0025,0.0132
0.1998,1.8648,2.1516,0.0386,0.0105,278.4891,115.2712,0.0000,0.0972,0.0972,-0.0501,0.0000,0.0000,0.0063,0.0025,0.0200
0.2000,1.8223,2.1620,0.0337,0.0088,278.6377,115.1601,0.0000,0.1021,0.1021,-0.0506,0.0000,0.0000,0.0053,0.0021,0.0263
0.2000,1.8454,2.1713,0.0261,0.0088,278.7828,115.0462,0.0000,0.1027,0.1027,-0.0409,0.0000,0.0000,0.0053,0.0021,0.0350
0.2000,1.8404,2.1797,0.0177,-0.0033,278.9396,114.9465,0.0000,0.1207,0.1207,-0.0408,0.0000,0.0000,-0.0020,-0.0008,0.0389
0.2000,1.8299,2.1873,0.0093,-0.0033,279.0956,114.8245,0.0000,0.1163,0.1163,-0.0395,0.0000,0.0000,-0.0020,-0.0008,0.0353
0.2000,1.8450,2.1941,0.0009,-0.0033,279.2528,114.7175,0.0000,0.1243,0.1243,-0.0381,0.0000,0.0000,-0.0020,-0.0008,0.0310
0.2000,1.9644,2.2002,0.0007,0.0049,279.4060,114.6076,0.0000,0.1257,0.1257,-0.0255,0.0000,0.0000,0.0030,0.0012,0.0245
0.2000,1.8865,2.2058,-0.0076,0.0049,279.5580,114.5044,0.0000,0.1342,0.1342,-0.0293,0.0000,0.0000,0.0030,0.0012,0.0176
0.2000,1.8699,2.2107,0.0008,0.0098,279.7063,114.3929,0.0000,0.1324,0.1324,-0.0371,0.0000,0.0000,0.0059,0.0024,0.0104
0.2000,1.8218,2.2152,0.0081,0.0098,279.8499,114.2789,0.0000,0.1256,0.1256,-0.0413,0.0000,0.0000,0.0059,0.0024,0.0032
0.2000,1.8398,2.2192,0.0109,0.0098,279.9970,114.1663,0.0000,0.1223,0.1223,-0.0419,0.0000,0.0000,0.0059,0.0024,0.0024
0.2000,1.8178,2.2228,0.0191,0.0100,280.1468,114.0552,0.0000,0.1202,0.1202,-0.0505,0.0000,0.0000,0.0060,0.0024,-0.0045
0.2000,1.8370,2.2261,0.0107,0.0100,280.2946,113.9410,0.0000,0.1189,0.1189,-0.0448,0.0000,0.0000,0.0060,0.0024,0.0028
0.2000,1.8487,2.2290,0.0023,0.0100,280.4520,113.8360,0.0000,0.1289,0.1289,-0.0416,0.0000,0.0000,0.0060,0.0024,0.0095
0.2000,1.8527,2.2317,0.0107,0.0149,280.6146,113.7289,0.0000,0.1412,0.1412,-0.0442,0.0000,0.0000,0.0090,0.0036,0.0119
0.2000,1.8753,2.2340,0.0023,0.0149,280.7696,113.6164,0.0000,0.1437,0.1437,-0.0394,0.0000,0.0000,0.0090,0.0036,0.0185
0.2000,1.9318,2.2362,0.0107,0.0173,280.9230,113.5121,0.0000,0.1471,0.1471,-0.0494,0.0000,0.0000,0.0104,0.0042,0.0116
0.2000,1.8989,2.2381,0.0187,0.0173,281.0758,113.3970,0.0000,0.1417,0.1417,-0.0532,0.0000,0.0000,0.0104,0.0042,0.0048
0.2000,1.8398,2.2398,0.0104,0.0173,281.2267,113.2938,0.0000,0.1489,0.1489,-0.0500,0.0000,0.0000,0.0104,0.0042,0.0110
0.2000,1.8964,2.2414,0.0151,0.0140,281.3879,113.1840,0.0000,0.1516,0.1516,-0.0560,0.0000,0.0000,0.0084,0.0034,0.0045
0.2000,1.8128,2.2428,0.0067,0.0140,281.5395,113.0781,0.0000,0.1593,0.1593,-0.0499,0.0000,0.0000,0.0084,0.0034,0.0115
0.2000,1.9341,2.2441,0.0061,0.0140,281.6961,112.9718,0.0000,0.1632,0.1632,-0.0447,0.0000,0.0000,0.0084,0.0034,0.0178
0.2000,1.8344,2.2452,0.0017,0.0039,281.8462,112.8622,0.0000,0.1627,0.1627,-0.0500,0.0000,0.0000,0.0024,0.0009,0.0118
0.2000,1.8763,2.2462,-0.0067,0.0039,281.9962,112.7584,0.0000,0.1659,0.1659,-0.0461,0.0000,0.0000,0.0024,0.0009,0.0153
0.2000,1.8442,2.2471,0.0009,0.0039,282.1432,112.6412,0.0000,0.1539,0.1539,-0.0502,0.0000,0.0000,0.0024,0.0009,0.0084
0.2000,1.8090,2.2480,0.0004,0.0117,282.2963,112.5354,0.0000,0.1606,0.1606,-0.0278,0.0000,0.0000,0.0071,0.0028,0.0072
0.2000,1.8641,2.2487,-0.0079,0.0117,282.4503,112.4387,0.0000,0.1712,0.1712,-0.0315,0.0000,0.0000,0.0071,0.0028,0.0035
0.2000,1.8449,2.2505,-0.0037,0.0095,282.6065,112.3217,0.0000,0.1681,0.1681,-0.0419,0.0000,0.0000,0.0057,0.0023,-0.0037
0.2000,1.8018,2.2522,-0.0121,0.0095,282.7672,112.2129,0.0000,0.1782,0.1782,-0.0378,0.0000,0.0000,0.0057,0.0023,0.0024
0.2000,1.9351,2.2537,-0.0101,0.0095,282.9189,112.1077,0.0000,0.1785,0.1785,-0.0396,0.0000,0.0000,0.0057,0.0023,0.0022
0.2000,1.9248,2.2550,-0.0074,0.0045,283.0849,111.9931,0.0000,0.1800,0.1800,-0.0588,0.0000,0.0000,0.0027,0.0011,-0.0049
0.2000,1.8297,2.2562,0.0001,0.0045,283.2518,111.8843,0.0000,0.1882,0.1882,-0.0600,0.0000,0.0000,0.0027,0.0011,-0.0013
0.2000,2.0004,2.2573,0.0071,0.0034,283.4108,111.7539,0.0000,0.1659,0.1659,-0.0684,0.0000,0.0000,0.0021,0.0008,-0.0082
0.2000,1.9733,2.2583,0.0150,0.0034,283.5793,111.6279,0.0000,0.1620,0.1620,-0.0666,0.0000,0.0000,0.0021,0.0008,-0.0077
0.2000,2.0390,2.2591,0.0213,0.0013,283.7302,111.5275,0.0000,0.1634,0.1634,-0.0843,0.0000,0.0000,0.0008,0.0003,-0.0049
0.2000,2.0861,2.2599,0.0293,0.0013,283.9025,111.3975,0.0000,0.1559,0.1559,-0.0767,0.0000,0.0000,0.0008,0.0003,0.0015
0.2000,1.7967,2.2606,0.0209,0.0013,284.0678,111.2838,0.0000,0.1682,0.1682,-0.0716,0.0000,0.0000,0.0008,0.0003,0.0080
0.1891,2.1407,2.2613,0.0167,-0.0084,284.2206,111.1615,0.0000,0.1444,0.1444,-0.0750,0.0000,0.0000,-0.0051,-0.0020,0.0145
0.2000,1.9898,2.2618,0.0083,-0.0084,284.3874,111.0504,0.0000,0.1520,0.1520,-0.0706,0.0000,0.0000,-0.0051,-0.0020,0.0201
0.2000,1.9404,2.2624,-0.0001,-0.0084,284.5481,110.9393,0.0000,0.1545,0.1545,-0.0632,0.0000,0.0000,-0.0051,-0.0020,0.0266
0.2000,1.9868,2.2628,-0.0085,-0.0160,284.7284,110.8349,0.0000,0.1674,0.1674,-0.0588,0.0000,0.0000,-0.0096,-0.0039,0.0211
0.2000,1.9386,2.2632,-0.0168,-0.0160,284.8946,110.7301,0.0000,0.1713,0.1713,-0.0620,0.0000,0.0000,-0.0096,-0.0039,0.0170
0.2000,2.0682,2.2636,-0.0172,-0.0079,285.0795,110.6418,0.0000,0.1957,0.1957,-0.0454,0.0000,0.0000,-0.0048,-0.0019,0.0107
0.2000,1.9484,2.2640,-0.0256,-0.0079,285.2569,110.5381,0.0000,0.2104,0.2104,-0.0518,0.0000,0.0000,-0.0048,-0.0019,0.0034
0.2000,2.0293,2.2643,-0.0172,0.0009,285.4299,110.4234,0.0000,0.2065,0.2065,-0.0566,0.0000,0.0000,0.0005,0.0002,-0.0045
0.2000,2.0370,2.2645,-0.0088,0.0009,285.5936,110.2989,0.0000,0.1926,0.1926,-0.0641,0.0000,0.0000,0.0005,0.0002,-0.0123
0.2000,2.0564,2.2648,-0.0008,0.0009,285.7565,110.1843,0.0000,0.1862,0.1862,-0.0697,0.0000,0.0000,0.0005,0.0002,-0.0140
0.0912,2.0391,2.2469,0.0040,-0.0017,285.9282,110.0615,0.0000,0.1800,0.1800,-0.0766,0.0000,0.0000,-0.0010,-0.0004,-0.0207
0.2000,1.9735,2.2490,0.0119,-0.0017,286.0933,109.9385,0.0000,0.1749,0.1749,-0.0759,0.0000,0.0000,-0.0010,-0.0004,-0.0161
0.0101,2.0925,2.2268,0.0035,-0.0082,286.2624,109.8188,0.0000,0.1707,0.1707,-0.0749,0.0000,0.0000,-0.0049,-0.0020,-0.0073
0.0952,2.0410,2.2070,-0.0049,-0.0082,286.4343,109.6956,0.0000,0.1718,0.1718,-0.0697,0.0000,0.0000,-0.0049,-0.0020,0.0004
0.0429,2.0540,2.1890,-0.0060,-0.0104,286.6040,109.5733,0.0000,0.1717,0.1717,-0.0656,0.0000,0.0000,-0.0062,-0.0025,0.0055
-0.0095,2.0965,2.1729,-0.0142,-0.0104,286.7758,109.4654,0.0000,0.1803,0.1803,-0.0621,0.0000,0.0000,-0.0062,-0.0025,0.0118
-0.0223,2.0741,2.1584,-0.0081,-0.0104,286.9506,109.3509,0.0000,0.1827,0.1827,-0.0669,0.0000,0.0000,-0.0062,-0.0025,0.0065
0.0365,2.0113,2.1454,0.0003,-0.0083,287.1179,109.2359,0.0000,0.1816,0.1816,-0.0843,0.0000,0.0000,-0.0050,-0.0020,-0.0007
-0.0046,2.0719,2.1336,0.0087,-0.0083,287.2894,109.1237,0.0000,0.1761,0.1761,-0.0902,0.0000,0.0000,-0.0050,-0.0020,-0.0034
0.1079,2.0127,2.1231,0.0142,-0.0026,287.4571,109.0020,0.0000,0.1676,0.1676,-0.0850,0.0000,0.0000,-0.0016,-0.0006,-0.0102
0.0491,2.0299,2.1135,0.0214,-0.0026,287.6202,108.8702,0.0000,0.1523,0.1523,-0.0819,0.0000,0.0000,-0.0016,-0.0006,-0.0063
0.0099,2.0534,2.1050,0.0263,-0.0026,287.7811,108.7486,0.0000,0.1449,0.1449,-0.0772,0.0000,0.0000,-0.0016,-0.0006,-0.0002
-0.0273,2.0800,2.0973,0.0240,0.0038,287.9509,108.6324,0.0000,0.1528,0.1528,-0.0480,0.0000,0.0000,0.0023,0.0009,0.0073
0.0414,1.9998,2.0903,0.0156,0.0038,288.1339,108.5113,0.0000,0.1674,0.1674,-0.0419,0.0000,0.0000,0.0023,0.0009,0.0138
0.0337,2.0407,2.0841,0.0072,0.0019,288.2997,108.3967,0.0000,0.1756,0.1756,-0.0330,0.0000,0.0000,0.0012,0.0005,0.0192
-0.1431,2.1762,2.0785,-0.0011,0.0019,288.4676,108.2847,0.0000,0.1865,0.1865,-0.0253,0.0000,0.0000,0.0012,0.0005,0.0244
0.0282,1.9999,2.0734,-0.0095,0.0019,288.6345,108.1744,0.0000,0.1987,0.1987,-0.0249,0.0000,0.0000,0.0012,0.0005,0.0235
0.0681,2.0029,2.0689,-0.0179,-0.0030,288.8013,108.0620,0.0000,0.2018,0.2018,-0.0446,0.0000,0.0000,-0.0018,-0.0007,0.0186
0.1461,1.9839,2.0648,-0.0263,-0.0030,288.9761,107.9514,0.0000,0.2077,0.2077,-0.0502,0.0000,0.0000,-0.0018,-0.0007,0.0116
0.1548,1.9951,2.0611,-0.0347,-0.0093,289.1420,107.8309,0.0000,0.2012,0.2012,-0.0492,0.0000,0.0000,-0.0056,-0.0022,0.0042
0.0248,2.0500,2.0578,-0.0347,-0.0093,289.3117,107.7179,0.0000,0.1979,0.1979,-0.0584,0.0000,0.0000,-0.0056,-0.0022,-0.0035
0.0072,2.0327,2.0548,-0.0263,-0.0093,289.4768,107.6069,0.0000,0.1956,0.1956,-0.0675,0.0000,0.0000,-0.0056,-0.0022,-0.0111
0.0129,2.0200,2.0521,-0.0179,0.0016,289.6408,107.4932,0.0000,0.1914,0.1914,-0.0658,0.0000,0.0000,0.0010,0.0004,-0.0194
0.0616,1.9705,2.0497,-0.0095,0.0016,289.7946,107.3730,0.0000,0.1794,0.1794,-0.0738,0.0000,0.0000,0.0010,0.0004,-0.0265
0.0701,1.9768,2.0475,-0.0011,0.0045,289.9458,107.2570,0.0000,0.1674,0.1674,-0.0777,0.0000,0.0000,0.0027,0.0011,-0.0297
0.1557,1.8889,2.0455,0.0072,0.0045,290.1034,107.1224,0.0000,0.1537,0.1537,-0.0765,0.0000,0.0000,0.0027,0.0011,-0.0255
0.1809,1.8889,2.0438,0.0156,0.0045,290.2641,106.9949,0.0000,0.1456,0.1456,-0.0735,0.0000,0.0000,0.0027,0.0011,-0.0176
0.0237,2.0544,2.0422,0.0164,-0.0030,290.4286,106.8755,0.0000,0.1387,0.1387,-0.0874,0.0000,0.0000,-0.0018,-0.0007,-0.0096
0.0071,2.0345,2.0408,0.0248,-0.0030,290.5842,106.7641,0.0000,0.1406,0.1406,-0.0818,0.0000,0.0000,-0.0018,-0.0007,-0.0015
0.0398,2.0145,2.0395,0.0177,-0.0017,290.7453,106.6474,0.0000,0.1423,0.1423,-0.0780,0.0000,0.0000,-0.0011,-0.0004,0.0059
0.1999,1.8980,2.0383,0.0096,-0.0017,290.9030,106.5327,0.0000,0.1466,0.1466,-0.0720,0.0000,0.0000,-0.0011,-0.0004,0.0133
0.1318,1.9729,2.0373,0.0015,-0.0017,291.0616,106.4254,0.0000,0.1505,0.1505,-0.0663,0.0000,0.0000,-0.0011,-0.0004,0.0167
0.2001,1.9343,2.0363,-0.0016,0.0036,291.2284,106.3164,0.0000,0.1619,0.1619,-0.0547,0.0000,0.0000,0.0022,0.0009,0.0215
0.1994,1.9004,2.0355,-0.0098,0.0036,291.3917,106.1993,0.0000,0.1616,0.1616,-0.0550,0.0000,0.0000,0.0022,0.0009,0.0197
0.1191,1.9763,2.0347,-0.0182,0.0026,291.5554,106.0790,0.0000,0.1540,0.1540,-0.0510,0.0000,0.0000,0.0016,0.0006,0.0155
0.0674,1.9927,2.0341,-0.0098,0.0026,291.7168,105.9571,0.0000,0.1459,0.1459,-0.0552,0.0000,0.0000,0.0016,0.0006,0.0085
0.0353,2.0141,2.0334,-0.0014,0.0026,291.8835,105.8326,0.0000,0.1374,0.1374,-0.0605,0.0000,0.0000,0.0016,0.0006,0.0024
0.0336,2.0052,2.0329,0.0007,-0.0037,292.0403,105.7118,0.0000,0.1227,0.1227,-0.0744,0.0000,0.0000,-0.0022,-0.0009,-0.0019
-0.0174,2.0630,2.0324,0.0091,-0.0037,292.1939,105.6010,0.0000,0.1161,0.1161,-0.0791,0.0000,0.0000,-0.0022,-0.0009,-0.0094
0.0563,1.9613,2.0319,0.0175,0.0124,292.3520,105.4853,0.0000,0.1160,0.1160,-0.0599,0.0000,0.0000,0.0075,0.0030,-0.0115
0.1972,1.8779,2.0315,0.0210,0.0124,292.5102,105.3609,0.0000,0.1134,0.1134,-0.0566,0.0000,0.0000,0.0075,0.0030,-0.0055
0.2001,1.9423,2.0312,0.0127,0.0124,292.6591,105.2614,0.0000,0.1223,0.1223,-0.0518,0.0000,0.0000,0.0075,0.0030,0.0021
0.0872,1.9956,2.0308,0.0181,0.0112,292.8092,105.1510,0.0000,0.1230,0.1230,-0.0619,0.0000,0.0000,0.0068,0.0027,0.0040
0.2000,1.7756,2.0305,0.0098,0.0112,292.9639,105.0367,0.0000,0.1314,0.1314,-0.0550,0.0000,0.0000,0.0068,0.0027,0.0119
0.2000,1.8481,2.0303,0.0172,0.0112,293.1205,104.9094,0.0000,0.1197,0.1197,-0.0498,0.0000,0.0000,0.0068,0.0027,0.0191
0.1999,1.9081,2.0300,0.0088,0.0105,293.2755,104.8071,0.0000,0.1262,0.1262,-0.0512,0.0000,0.0000,0.0063,0.0025,0.0196
0.0942,2.0002,2.0298,0.0005,0.0105,293.4432,104.6887,0.0000,0.1258,0.1258,-0.0507,0.0000,0.0000,0.0063,0.0025,0.0150
0.1999,1.8430,2.0296,0.0051,0.0087,293.5960,104.5796,0.0000,0.1306,0.1306,-0.0491,0.0000,0.0000,0.0052,0.0021,0.0170
0.0452,2.0352,2.0295,0.0045,0.0087,293.7604,104.4617,0.0000,0.1259,0.1259,-0.0488,0.0000,0.0000,0.0052,0.0021,0.0121
0.1568,1.8629,2.0293,0.0102,0.0087,293.9195,104.3517,0.0000,0.1327,0.1327,-0.0480,0.0000,0.0000,0.0052,0.0021,0.0162
0.0647,2.0058,2.0292,0.0096,0.0039,294.0666,104.2406,0.0000,0.1217,0.1217,-0.0567,0.0000,0.0000,0.0024,0.0009,0.0093
0.1159,1.9174,2.0290,0.0179,0.0039,294.2215,104.1287,0.0000,0.1203,0.1203,-0.0597,0.0000,0.0000,0.0024,0.0009,0.0040
0.2000,1.8282,2.0289,0.0096,0.0039,294.3769,104.0285,0.0000,0.1317,0.1317,-0.0572,0.0000,0.0000,0.0024,0.0009,0.0067
0.2001,1.8942,2.0288,0.0012,-0.0102,294.5315,103.9106,0.0000,0.1235,0.1235,-0.0602,0.0000,0.0000,-0.0061,-0.0025,0.0080
0.2000,1.8340,2.0287,0.0060,-0.0102,294.6906,103.8064,0.0000,0.1318,0.1318,-0.0576,0.0000,0.0000,-0.0061,-0.0025,0.0114
-0.2000,1.9282,1.9887,0.0144,0.0056,294.8517,103.6883,0.0000,0.1273,0.1273,-0.0447,0.0000,0.0000,0.0034,0.0014,0.0134
-0.2000,1.8857,1.9487,0.0061,0.0056,295.0068,103.5844,0.0000,0.1328,0.1328,-0.0436,0.0000,0.0000,0.0034,0.0014,0.0176
-0.2000,1.9805,1.9087,0.0099,0.0056,295.1633,103.4834,0.0000,0.1370,0.1370,-0.0468,0.0000,0.0000,0.0034,0.0014,0.0094
-0.2000,1.8512,1.8687,0.0139,0.0133,295.3153,103.3772,0.0000,0.1419,0.1419,-0.0387,0.0000,0.0000,0.0080,0.0032,0.0056
-0.2000,1.8474,1.8287,0.0069,0.0133,295.4765,103.2655,0.0000,0.1479,0.1479,-0.0343,0.0000,0.0000,0.0080,0.0032,0.0121
-0.2000,1.8386,1.7887,0.0032,0.0133,295.6293,103.1592,0.0000,0.1522,0.1522,-0.0332,0.0000,0.0000,0.0080,0.0032,0.0109
-0.2000,1.9443,1.7487,-0.0052,-0.0009,295.7849,103.0528,0.0000,0.1526,0.1526,-0.0489,0.0000,0.0000,-0.0006,-0.0002,0.0116
-0.2000,1.8465,1.7087,-0.0038,-0.0009,295.9372,102.9522,0.0000,0.1601,0.1601,-0.0472,0.0000,0.0000,-0.0006,-0.0002,0.0142
-0.2000,1.8697,1.6687,0.0046,0.0029,296.0965,102.8427,0.0000,0.1586,0.1586,-0.0604,0.0000,0.0000,0.0017,0.0007,0.0100
-0.2000,1.8099,1.6287,0.0118,0.0029,296.2513,102.7392,0.0000,0.1594,0.1594,-0.0636,0.0000,0.0000,0.0017,0.0007,0.0063
-0.2000,1.9164,1.5887,0.0202,0.0029,296.3968,102.6326,0.0000,0.1462,0.1462,-0.0685,0.0000,0.0000,0.0017,0.0007,-0.0008
-0.2000,1.8458,1.5487,0.0260,0.0054,296.5490,102.5302,0.0000,0.1496,0.1496,-0.0692,0.0000,0.0000,0.0032,0.0013,-0.0003
-0.2000,1.7884,1.5087,0.0244,0.0054,296.6960,102.4310,0.0000,0.1548,0.1548,-0.0632,0.0000,0.0000,0.0032,0.0013,0.0074
-0.2000,1.8190,1.4687,0.0196,0.0054,296.8448,102.3257,0.0000,0.1541,0.1541,-0.0563,0.0000,0.0000,0.0032,0.0013,0.0135
-0.2000,1.7593,1.4287,0.0112,-0.0022,296.9891,102.2369,0.0000,0.1662,0.1662,-0.0467,0.0000,0.0000,-0.0013,-0.0005,0.0201
-0.2000,1.8078,1.3887,0.0029,-0.0022,297.1315,102.1464,0.0000,0.1732,0.1732,-0.0417,0.0000,0.0000,-0.0013,-0.0005,0.0250
-0.2000,1.6802,1.3499,-0.0055,-0.0022,297.2718,102.0584,0.0000,0.1835,0.1835,-0.0410,0.0000,0.0000,-0.0013,-0.0005,0.0236
-0.2000,1.6741,1.3149,-0.0048,0.0069,297.4055,101.9615,0.0000,0.1787,0.1787,-0.0370,0.0000,0.0000,0.0042,0.0017,0.0192
-0.2000,1.6431,1.2834,-0.0132,0.0069,297.5390,101.8707,0.0000,0.1785,0.1785,-0.0407,0.0000,0.0000,0.0042,0.0017,0.0120
-0.1999,1.6369,1.2550,-0.0212,0.0069,297.6695,101.7872,0.0000,0.1812,0.1812,-0.0456,0.0000,0.0000,0.0042,0.0017,0.0043
-0.1999,1.6014,1.2295,-0.0242,0.0069,297.7951,101.6999,0.0000,0.1798,0.1798,-0.0489,0.0000,0.0000,0.0042,0.0017,-0.0018
-0.1999,1.5351,1.2066,-0.0273,0.0122,297.9155,101.6159,0.0000,0.1823,0.1823,-0.0217,0.0000,0.0000,0.0073,0.0029,-0.0016
-0.1999,1.5170,1.1859,-0.0357,0.0122,298.0320,101.5372,0.0000,0.1830,0.1830,-0.0295,0.0000,0.0000,0.0073,0.0029,-0.0105
-0.1999,1.4555,1.1673,-0.0441,0.0122,298.1350,101.4548,0.0000,0.1756,0.1756,-0.0342,0.0000,0.0000,0.0073,0.0029,-0.0181
-0.1999,1.3927,1.1506,-0.0525,0.0122,298.2479,101.3774,0.0000,0.1777,0.1777,-0.0383,0.0000,0.0000,0.0073,0.0029,-0.0199
-0.2000,1.3082,1.1355,-0.0609,0.0122,298.3235,101.3296,0.0000,0.1824,0.1824,-0.0428,0.0000,0.0000,0.0073,0.0029,-0.0232
-0.2000,1.3557,1.1220,-0.0635,0.0003,298.4104,101.2680,0.0000,0.1741,0.1741,-0.0823,0.0000,0.0000,0.0002,0.0001,-0.0308
0.0136,0.8849,1.1098,-0.0551,0.0122,298.4997,101.1952,0.0000,0.1807,0.1807,-0.0548,0.0000,0.0000,0.0073,0.0029,-0.0422
-0.0315,1.0559,1.0988,-0.0586,0.0003,298.5821,101.1187,0.0000,0.1543,0.1543,-0.0938,0.0000,0.0000,0.0002,0.0001,-0.0521
-0.1310,1.1430,1.0889,-0.0502,0.0003,298.6863,101.0365,0.0000,0.1379,0.1379,-0.1023,0.0000,0.0000,0.0002,0.0001,-0.0599
-0.1307,1.1164,1.0800,-0.0418,0.0003,298.7807,100.9749,0.0000,0.1402,0.1402,-0.1050,0.0000,0.0000,0.0002,0.0001,-0.0620
-0.2000,1.3152,1.0720,-0.0335,-0.0006,298.8614,100.9104,0.0000,0.1184,0.1184,-0.1196,0.0000,0.0000,-0.0004,-0.0001,-0.0551
-0.1558,1.1169,1.0648,-0.0251,-0.0006,298.9397,100.8430,0.0000,0.1152,0.1152,-0.1213,0.0000,0.0000,-0.0004,-0.0001,-0.0574
-0.0527,1.0242,1.0583,-0.0167,-0.0006,299.0154,100.7848,0.0000,0.1137,0.1137,-0.1203,0.0000,0.0000,-0.0004,-0.0001,-0.0503
-0.0287,1.0245,1.0525,-0.0083,-0.0006,299.0910,100.7266,0.0000,0.1070,0.1070,-0.1193,0.0000,0.0000,-0.0004,-0.0001,-0.0374
0.0981,0.9463,1.0473,0.0000,-0.0006,299.1627,100.6737,0.0000,0.1073,0.1073,-0.1183,0.0000,0.0000,-0.0004,-0.0001,-0.0298
0.0891,0.9463,1.0425,0.0084,-0.0006,299.2285,100.6186,0.0000,0.0984,0.0984,-0.1167,0.0000,0.0000,-0.0004,-0.0001,-0.0211
0.1967,0.8823,1.0383,0.0168,-0.0006,299.2941,100.5667,0.0000,0.0958,0.0958,-0.1147,0.0000,0.0000,-0.0004,-0.0001,-0.0131
0.2000,0.8507,1.0345,0.0252,0.0089,299.3553,100.5166,0.0000,0.0916,0.0916,-0.0961,0.0000,0.0000,0.0054,0.0022,-0.0050
0.2000,0.8290,1.0310,0.0335,0.0089,299.4199,100.4679,0.0000,0.0901,0.0901,-0.0935,0.0000,0.0000,0.0054,0.0022,0.0028
0.2000,0.7848,1.0279,0.0419,0.0089,299.4833,100.4223,0.0000,0.0918,0.0918,-0.0905,0.0000,0.0000,0.0054,0.0022,0.0102
0.2000,0.8023,1.0251,0.0503,0.0089,299.5474,100.3772,0.0000,0.0914,0.0914,-0.0874,0.0000,0.0000,0.0054,0.0022,0.0174
0.2000,0.7748,1.0226,0.0586,0.0089,299.6089,100.3339,0.0000,0.0929,0.0929,-0.0848,0.0000,0.0000,0.0054,0.0022,0.0237
0.2000,0.7771,1.0203,0.0670,0.0089,299.6716,100.2949,0.0000,0.0979,0.0979,-0.0804,0.0000,0.0000,0.0054,0.0022,0.0317
0.2000,0.7466,1.0183,0.0663,0.0089,299.7214,100.2614,0.0000,0.1010,0.1010,-0.0775,0.0000,0.0000,0.0054,0.0022,0.0393
0.2000,0.7343,1.0165,0.0667,0.0089,299.7565,100.2335,0.0000,0.0994,0.0994,-0.0745,0.0000,0.0000,0.0054,0.0022,0.0465
0.2001,0.5956,1.0148,0.0591,0.0089,299.7983,100.2116,0.0000,0.1111,0.1111,-0.0737,0.0000,0.0000,0.0054,0.0022,0.0533
0.1998,0.4449,1.0133,0.0518,0.0089,299.8452,100.1881,0.0000,0.1246,0.1246,-0.0736,0.0000,0.0000,0.0054,0.0022,0.0632
0.2000,0.4692,1.0120,0.0507,-0.0005,299.8918,100.1472,0.0000,0.1171,0.1171,-0.0902,0.0000,0.0000,-0.0003,-0.0001,0.0588
0.2000,0.5218,1.0108,0.0591,-0.0005,299.9395,100.1015,0.0000,0.1039,0.1039,-0.0864,0.0000,0.0000,-0.0003,-0.0001,0.0588
0.2000,0.6138,1.0097,0.0675,-0.0005,300.0092,100.0491,0.0000,0.0951,0.0951,-0.0844,0.0000,0.0000,-0.0003,-0.0001,0.0555
0.2000,0.6536,1.0088,0.0759,-0.0005,300.0749,100.0037,0.0000,0.0927,0.0927,-0.0825,0.0000,0.0000,-0.0003,-0.0001,0.0481
0.2003,0.8656,1.0079,0.0843,0.0035,300.1591,99.9511,0.0000,0.0881,0.0881,-0.0840,0.0000,0.0000,0.0021,0.0008,0.0467
0.2000,0.7923,1.0071,0.0818,0.0035,300.2466,99.8996,0.0000,0.0973,0.0973,-0.0810,0.0000,0.0000,0.0021,0.0008,0.0524
0.0901,0.9865,1.0064,0.0735,0.0035,300.3165,99.8564,0.0000,0.0937,0.0937,-0.0727,0.0000,0.0000,0.0021,0.0008,0.0599
0.0200,1.0090,1.0057,0.0651,0.0035,300.3934,99.7959,0.0000,0.0881,0.0881,-0.0633,0.0000,0.0000,0.0021,0.0008,0.0693
0.1995,0.8166,1.0052,0.0568,0.0035,300.4655,99.7535,0.0000,0.0996,0.0996,-0.0637,0.0000,0.0000,0.0021,0.0008,0.0743
0.0837,0.9706,1.0047,0.0556,0.0105,300.5524,99.6991,0.0000,0.1008,0.1008,-0.0323,0.0000,0.0000,0.0063,0.0025,0.0744
0.2000,0.8316,1.0042,0.0472,0.0105,300.6350,99.6530,0.0000,0.1130,0.1130,-0.0334,0.0000,0.0000,0.0063,0.0025,0.0691
0.0357,1.0187,1.0038,0.0388,0.0105,300.7171,99.6057,0.0000,0.1181,0.1181,-0.0299,0.0000,0.0000,0.0063,0.0025,0.0593
0.1089,0.9409,1.0034,0.0304,0.0105,300.7899,99.5563,0.0000,0.1210,0.1210,-0.0300,0.0000,0.0000,0.0063,0.0025,0.0519
0.0895,0.9409,1.0031,0.0220,0.0105,300.8683,99.5061,0.0000,0.1248,0.1248,-0.0284,0.0000,0.0000,0.0063,0.0025,0.0499
0.2000,0.8734,1.0027,0.0136,0.0105,300.9430,99.4619,0.0000,0.1317,0.1317,-0.0301,0.0000,0.0000,0.0063,0.0025,0.0436
0.1385,0.9241,1.0025,0.0052,0.0052,301.0188,99.4133,0.0000,0.1335,0.1335,-0.0442,0.0000,0.0000,0.0031,0.0012,0.0374
0.1999,0.8601,1.0022,-0.0032,0.0052,301.0947,99.3651,0.0000,0.1361,0.1361,-0.0472,0.0000,0.0000,0.0031,0.0012,0.0300
0.1896,0.8945,1.0020,-0.0116,0.0052,301.1692,99.3225,0.0000,0.1408,0.1408,-0.0486,0.0000,0.0000,0.0031,0.0012,0.0205
0.1982,0.8912,1.0018,-0.0200,0.0052,301.2425,99.2731,0.0000,0.1399,0.1399,-0.0500,0.0000,0.0000,0.0031,0.0012,0.0134
0.2004,0.8511,1.0016,-0.0283,0.0052,301.3153,99.2247,0.0000,0.1401,0.1401,-0.0528,0.0000,0.0000,0.0031,0.0012,0.0061
0.2012,0.8765,1.0216,-0.0199,0.0199,301.3892,99.1791,0.0000,0.1414,0.1414,-0.0408,0.0000,0.0000,0.0120,0.0048,-0.0016
0.1999,0.8671,1.0416,-0.0279,0.0199,301.4609,99.1363,0.0000,0.1455,0.1455,-0.0447,0.0000,0.0000,0.0120,0.0048,-0.0098
0.1999,0.8605,1.0616,-0.0288,0.0199,301.5300,99.0896,0.0000,0.1448,0.1448,-0.0486,0.0000,0.0000,0.0120,0.0048,-0.0178
0.1999,0.8269,1.0816,-0.0245,0.0199,301.6014,99.0343,0.0000,0.1401,0.1401,-0.0499,0.0000,0.0000,0.0120,0.0048,-0.0255
0.1999,0.8267,1.1016,-0.0186,0.0199,301.6721,98.9847,0.0000,0.1386,0.1386,-0.0507,0.0000,0.0000,0.0120,0.0048,-0.0197
0.1999,0.8952,1.1216,-0.0125,0.0199,301.7437,98.9433,0.0000,0.1417,0.1417,-0.0545,0.0000,0.0000,0.0120,0.0048,-0.0220
0.2000,0.8562,1.1416,-0.0041,0.0216,301.8075,98.8943,0.0000,0.1373,0.1373,-0.0579,0.0000,0.0000,0.0130,0.0052,-0.0274
0.2000,0.8190,1.1616,0.0041,0.0216,301.8700,98.8502,0.0000,0.1366,0.1366,-0.0588,0.0000,0.0000,0.0130,0.0052,-0.0239
0.1999,0.7972,1.1816,0.0125,0.0216,301.9438,98.7983,0.0000,0.1358,0.1358,-0.0586,0.0000,0.0000,0.0130,0.0052,-0.0191
0.2000,0.7582,1.2016,0.0209,0.0216,302.0221,98.7376,0.0000,0.1316,0.1316,-0.0562,0.0000,0.0000,0.0130,0.0052,-0.0130
0.2000,0.8945,1.2216,0.0257,0.0216,302.0949,98.6893,0.0000,0.1291,0.1291,-0.0555,0.0000,0.0000,0.0130,0.0052,-0.0065
0.2000,0.9820,1.2416,0.0231,0.0156,302.1727,98.6298,0.0000,0.1230,0.1230,-0.0580,0.0000,0.0000,0.0094,0.0038,0.0013
0.2000,0.8656,1.2616,0.0245,0.0156,302.2599,98.5733,0.0000,0.1292,0.1292,-0.0549,0.0000,0.0000,0.0094,0.0038,0.0088
0.2000,0.9711,1.2816,0.0230,0.0156,302.3338,98.5290,0.0000,0.1313,0.1313,-0.0527,0.0000,0.0000,0.0094,0.0038,0.0159
0.2000,1.0311,1.3016,0.0173,0.0156,302.4220,98.4749,0.0000,0.1359,0.1359,-0.0481,0.0000,0.0000,0.0094,0.0038,0.0214
0.2000,0.8540,1.3216,0.0147,0.0156,302.5004,98.4300,0.0000,0.1468,0.1468,-0.0494,0.0000,0.0000,0.0094,0.0038,0.0203
0.2000,1.0276,1.3416,0.0194,0.0213,302.5910,98.3779,0.0000,0.1511,0.1511,-0.0526,0.0000,0.0000,0.0129,0.0051,0.0210
0.2000,0.8960,1.3616,0.0187,0.0213,302.6780,98.3226,0.0000,0.1571,0.1571,-0.0523,0.0000,0.0000,0.0129,0.0051,0.0202
0.2000,1.0222,1.3816,0.0181,0.0213,302.7663,98.2639,0.0000,0.1540,0.1540,-0.0515,0.0000,0.0000,0.0129,0.0051,0.0163
0.2000,1.0222,1.4016,0.0186,0.0213,302.8556,98.2020,0.0000,0.1521,0.1521,-0.0512,0.0000,0.0000,0.0129,0.0051,0.0135
0.2000,1.0518,1.4216,0.0183,0.0213,302.9427,98.1481,0.0000,0.1546,0.1546,-0.0509,0.0000,0.0000,0.0129,0.0051,0.0152
0.2000,1.0781,1.4416,0.0229,0.0320,303.0429,98.0882,0.0000,0.1611,0.1611,-0.0455,0.0000,0.0000,0.0193,0.0077,0.0167
0.2000,1.0152,1.4616,0.0200,0.0320,303.1385,98.0294,0.0000,0.1672,0.1672,-0.0448,0.0000,0.0000,0.0193,0.0077,0.0163
0.1999,1.1583,1.4816,0.0124,0.0320,303.2329,97.9680,0.0000,0.1662,0.1662,-0.0424,0.0000,0.0000,0.0193,0.0077,0.0165
0.1999,1.1137,1.5016,0.0110,0.0320,303.3216,97.8991,0.0000,0.1601,0.1601,-0.0406,0.0000,0.0000,0.0193,0.0077,0.0165
0.2000,1.1174,1.5216,0.0156,0.0304,303.4295,97.8341,0.0000,0.1656,0.1656,-0.0557,0.0000,0.0000,0.0183,0.0073,0.0195
0.2000,1.1126,1.5416,0.0220,0.0304,303.5283,97.7669,0.0000,0.1628,0.1628,-0.0555,0.0000,0.0000,0.0183,0.0073,0.0190
0.2000,1.2502,1.5616,0.0198,0.0304,303.6268,97.7137,0.0000,0.1671,0.1671,-0.0557,0.0000,0.0000,0.0183,0.0073,0.0152
0.2000,1.1848,1.5816,0.0203,0.0304,303.7396,97.6497,0.0000,0.1769,0.1769,-0.0554,0.0000,0.0000,0.0183,0.0073,0.0108
0.1999,1.1094,1.6016,0.0259,0.0361,303.8326,97.5834,0.0000,0.1740,0.1740,-0.0491,0.0000,0.0000,0.0218,0.0087,0.0125
0.2000,1.2874,1.6216,0.0175,0.0361,303.9388,97.5075,0.0000,0.1665,0.1665,-0.0435,0.0000,0.0000,0.0218,0.0087,0.0164
0.1999,1.1327,1.6416,0.0172,0.0361,304.0540,97.4387,0.0000,0.1760,0.1760,-0.0421,0.0000,0.0000,0.0218,0.0087,0.0186
0.2000,1.2946,1.6616,0.0088,0.0358,304.1711,97.3697,0.0000,0.1796,0.1796,-0.0431,0.0000,0.0000,0.0216,0.0086,0.0184
0.2000,1.3307,1.6816,0.0004,0.0358,304.2865,97.2949,0.0000,0.1800,0.1800,-0.0403,0.0000,0.0000,0.0216,0.0086,0.0210
0.2000,1.3484,1.7016,-0.0080,0.0358,304.4103,97.2137,0.0000,0.1800,0.1800,-0.0380,0.0000,0.0000,0.0216,0.0086,0.0204
0.2000,1.3644,1.7216,-0.0062,0.0292,304.5286,97.1356,0.0000,0.1776,0.1776,-0.0599,0.0000,0.0000,0.0176,0.0070,0.0161
0.2000,1.4683,1.7416,0.0022,0.0292,304.6510,97.0544,0.0000,0.1691,0.1691,-0.0608,0.0000,0.0000,0.0176,0.0070,0.0130
0.2000,1.4051,1.7616,0.0106,0.0292,304.7821,96.9714,0.0000,0.1671,0.1671,-0.0654,0.0000,0.0000,0.0176,0.0070,0.0058
0.2000,1.4565,1.7816,0.0190,0.0292,304.9058,96.9004,0.0000,0.1675,0.1675,-0.0703,0.0000,0.0000,0.0176,0.0070,-0.0019
0.2000,1.5381,1.8016,0.0274,0.0346,305.0332,96.8174,0.0000,0.1607,0.1607,-0.0747,0.0000,0.0000,0.0208,0.0083,-0.0053
0.2000,1.4131,1.8216,0.0358,0.0346,305.1529,96.7378,0.0000,0.1602,0.1602,-0.0733,0.0000,0.0000,0.0208,0.0083,-0.0023
0.2000,1.5084,1.8416,0.0437,0.0346,305.2860,96.6533,0.0000,0.1573,0.1573,-0.0672,0.0000,0.0000,0.0208,0.0083,0.0042
0.2000,1.4250,1.8616,0.0472,0.0428,305.4210,96.5748,0.0000,0.1673,0.1673,-0.0534,0.0000,0.0000,0.0258,0.0103,0.0130
0.2000,1.5644,1.8816,0.0389,0.0428,305.5651,96.4921,0.0000,0.1739,0.1739,-0.0452,0.0000,0.0000,0.0258,0.0103,0.0201
0.2000,1.5497,1.9016,0.0306,0.0428,305.7045,96.4047,0.0000,0.1778,0.1778,-0.0384,0.0000,0.0000,0.0258,0.0103,0.0255
0.2000,1.6489,1.9216,0.0222,0.0378,305.8513,96.3185,0.0000,0.1811,0.1811,-0.0498,0.0000,0.0000,0.0228,0.0091,0.0349
0.2000,1.6324,1.9416,0.0139,0.0378,305.9932,96.2382,0.0000,0.1894,0.1894,-0.0426,0.0000,0.0000,0.0228,0.0091,0.0407
0.2000,1.6899,1.9616,0.0095,0.0255,306.1429,96.1469,0.0000,0.1864,0.1864,-0.0637,0.0000,0.0000,0.0154,0.0062,0.0370
0.2000,1.6185,1.9816,0.0170,0.0255,306.2973,96.0538,0.0000,0.1837,0.1837,-0.0654,0.0000,0.0000,0.0154,0.0062,0.0292
0.2000,1.7393,2.0016,0.0243,0.0255,306.4517,95.9655,0.0000,0.1778,0.1778,-0.0665,0.0000,0.0000,0.0154,0.0062,0.0237
0.2000,1.7884,2.0216,0.0283,0.0211,306.6043,95.8744,0.0000,0.1683,0.1683,-0.0826,0.0000,0.0000,0.0127,0.0051,0.0167
0.2000,1.7631,2.0416,0.0367,0.0211,306.7571,95.7783,0.0000,0.1588,0.1588,-0.0837,0.0000,0.0000,0.0127,0.0051,0.0090
0.2000,1.7629,2.0616,0.0437,0.0197,306.9191,95.6947,0.0000,0.1655,0.1655,-0.0876,0.0000,0.0000,0.0119,0.0048,0.0122
0.2000,1.7894,2.0814,0.0495,0.0197,307.0882,95.6082,0.0000,0.1719,0.1719,-0.0808,0.0000,0.0000,0.0119,0.0048,0.0190
0.1999,1.8092,2.0991,0.0477,0.0197,307.2643,95.5127,0.0000,0.1751,0.1751,-0.0732,0.0000,0.0000,0.0119,0.0048,0.0236
0.2000,1.8847,2.1151,0.0461,0.0265,307.4482,95.4160,0.0000,0.1805,0.1805,-0.0656,0.0000,0.0000,0.0159,0.0064,0.0301
0.2000,1.9893,2.1295,0.0377,0.0265,307.6272,95.3284,0.0000,0.1909,0.1909,-0.0548,0.0000,0.0000,0.0159,0.0064,0.0374
0.2000,2.0622,2.1424,0.0320,0.0291,307.7971,95.2493,0.0000,0.2044,0.2044,-0.0505,0.0000,0.0000,0.0175,0.0070,0.0427
0.2000,1.9791,2.1541,0.0236,0.0291,307.9662,95.1622,0.0000,0.2145,0.2145,-0.0449,0.0000,0.0000,0.0175,0.0070,0.0419
0.2000,1.8613,2.1646,0.0152,0.0291,308.1566,95.0691,0.0000,0.2270,0.2270,-0.0428,0.0000,0.0000,0.0175,0.0070,0.0397
0.2000,1.8890,2.1740,0.0074,0.0265,308.3271,94.9868,0.0000,0.2317,0.2317,-0.0599,0.0000,0.0000,0.0160,0.0064,0.0323
0.2000,2.1041,2.1825,-0.0010,0.0265,308.4996,94.9021,0.0000,0.2288,0.2288,-0.0577,0.0000,0.0000,0.0160,0.0064,0.0267
0.2000,1.8791,2.1902,-0.0017,0.0173,308.6755,94.8107,0.0000,0.2319,0.2319,-0.0742,0.0000,0.0000,0.0104,0.0042,0.0189
0.2000,1.9070,2.1971,0.0066,0.0173,308.8588,94.7164,0.0000,0.2254,0.2254,-0.0759,0.0000,0.0000,0.0104,0.0042,0.0147
0.2000,1.9661,2.2032,0.0150,0.0188,309.0499,94.6239,0.0000,0.2201,0.2201,-0.0909,0.0000,0.0000,0.0113,0.0045,0.0047
0.2000,2.0432,2.2088,0.0234,0.0188,309.2410,94.5289,0.0000,0.2108,0.2108,-0.0948,0.0000,0.0000,0.0113,0.0045,-0.0023
0.1976,2.1052,2.2138,0.0318,0.0264,309.4430,94.4433,0.0000,0.2169,0.2169,-0.0888,0.0000,0.0000,0.0159,0.0064,-0.0026
0.2001,2.1167,2.2184,0.0234,0.0264,309.6335,94.3574,0.0000,0.2270,0.2270,-0.0817,0.0000,0.0000,0.0159,0.0064,0.0043
0.1507,2.1747,2.2224,0.0152,0.0264,309.8322,94.2661,0.0000,0.2355,0.2355,-0.0727,0.0000,0.0000,0.0159,0.0064,0.0124
0.2000,2.0739,2.2261,0.0228,0.0321,310.0207,94.1661,0.0000,0.2376,0.2376,-0.0671,0.0000,0.0000,0.0193,0.0077,0.0193
0.1998,2.1689,2.2294,0.0144,0.0321,310.1947,94.0877,0.0000,0.2433,0.2433,-0.0602,0.0000,0.0000,0.0193,0.0077,0.0262
0.1998,2.1172,2.2323,0.0118,0.0378,310.3935,93.9999,0.0000,0.2528,0.2528,-0.0660,0.0000,0.0000,0.0228,0.0091,0.0195
0.2000,1.8928,2.2350,0.0182,0.0378,310.5876,93.9061,0.0000,0.2598,0.2598,-0.0678,0.0000,0.0000,0.0228,0.0091,0.0131
0.1773,2.1570,2.2374,0.0098,0.0378,310.7617,93.8229,0.0000,0.2535,0.2535,-0.0619,0.0000,0.0000,0.0228,0.0091,0.0184
0.1561,2.1388,2.2396,0.0143,0.0337,310.9523,93.7351,0.0000,0.2540,0.2540,-0.0816,0.0000,0.0000,0.0203,0.0081,0.0119
0.2000,1.9131,2.2415,0.0217,0.0337,311.1452,93.6368,0.0000,0.2554,0.2554,-0.0802,0.0000,0.0000,0.0203,0.0081,0.0099
0.2000,2.0825,2.2432,0.0267,0.0305,311.3304,93.5543,0.0000,0.2507,0.2507,-0.0868,0.0000,0.0000,0.0184,0.0074,0.0150
0.1837,2.1477,2.2448,0.0275,0.0305,311.5200,93.4641,0.0000,0.2414,0.2414,-0.0882,0.0000,0.0000,0.0184,0.0074,0.0089
0.2000,2.0096,2.2462,0.0314,0.0305,311.7128,93.3785,0.0000,0.2514,0.2514,-0.0823,0.0000,0.0000,0.0184,0.0074,0.0123
0.2000,2.0827,2.2475,0.0395,0.0313,311.8981,93.2864,0.0000,0.2412,0.2412,-0.0859,0.0000,0.0000,0.0189,0.0076,0.0186
0.2000,2.0937,2.2487,0.0311,0.0313,312.0937,93.2120,0.0000,0.2537,0.2537,-0.0794,0.0000,0.0000,0.0189,0.0076,0.0228
0.2000,2.0520,2.2497,0.0275,0.0360,312.2784,93.1254,0.0000,0.2539,0.2539,-0.0648,0.0000,0.0000,0.0217,0.0087,0.0234
0.2000,2.0772,2.2506,0.0191,0.0360,312.4711,93.0408,0.0000,0.2590,0.2590,-0.0573,0.0000,0.0000,0.0217,0.0087,0.0267
0.2000,2.0241,2.2515,0.0107,0.0300,312.6672,92.9634,0.0000,0.2733,0.2733,-0.0621,0.0000,0.0000,0.0181,0.0072,0.0340
0.2000,2.0886,2.2522,0.0023,0.0300,312.8530,92.8923,0.0000,0.2787,0.2787,-0.0627,0.0000,0.0000,0.0181,0.0072,0.0270
0.2002,2.0920,2.2529,-0.0060,0.0300,313.0401,92.8005,0.0000,0.2698,0.2698,-0.0605,0.0000,0.0000,0.0181,0.0072,0.0237
0.2000,1.9743,2.2535,-0.0029,0.0247,313.2346,92.7221,0.0000,0.2740,0.2740,-0.0761,0.0000,0.0000,0.0149,0.0059,0.0169
0.2000,2.0669,2.2540,0.0051,0.0247,313.4206,92.6542,0.0000,0.2746,0.2746,-0.0803,0.0000,0.0000,0.0149,0.0059,0.0111
0.2000,2.0802,2.2545,0.0135,0.0259,313.6065,92.5781,0.0000,0.2683,0.2683,-0.1036,0.0000,0.0000,0.0156,0.0063,0.0021
0.2000,1.9624,2.2550,0.0219,0.0259,313.7907,92.4925,0.0000,0.2580,0.2580,-0.1089,0.0000,0.0000,0.0156,0.0063,-0.0051
0.2000,1.9917,2.2554,0.0302,0.0259,313.9790,92.3966,0.0000,0.2385,0.2385,-0.1045,0.0000,0.0000,0.0156,0.0063,-0.0026
0.2000,2.0134,2.2557,0.0386,0.0275,314.1739,92.3128,0.0000,0.2308,0.2308,-0.1163,0.0000,0.0000,0.0166,0.0066,0.0048
0.2000,2.0936,2.2561,0.0469,0.0275,314.3669,92.2365,0.0000,0.2246,0.2246,-0.1101,0.0000,0.0000,0.0166,0.0066,0.0123
0.2000,2.1057,2.2564,0.0553,0.0318,314.5557,92.1567,0.0000,0.2214,0.2214,-0.1089,0.0000,0.0000,0.0192,0.0077,0.0190
0.2000,2.0579,2.2566,0.0500,0.0318,314.7454,92.0828,0.0000,0.2258,0.2258,-0.0992,0.0000,0.0000,0.0192,0.0077,0.0262
0.2000,2.0353,2.2569,0.0416,0.0295,314.9387,92.0038,0.0000,0.2253,0.2253,-0.0924,0.0000,0.0000,0.0178,0.0071,0.0335
0.2000,2.0209,2.2571,0.0332,0.0295,315.1354,91.9258,0.0000,0.2265,0.2265,-0.0815,0.0000,0.0000,0.0178,0.0071,0.0406
0.2000,2.0726,2.2573,0.0249,0.0295,315.3330,91.8550,0.0000,0.2327,0.2327,-0.0695,0.0000,0.0000,0.0178,0.0071,0.0472
0.2000,2.0995,2.2574,0.0235,0.0238,315.5256,91.7928,0.0000,0.2392,0.2392,-0.0786,0.0000,0.0000,0.0143,0.0057,0.0443
0.2000,2.0853,2.2576,0.0151,0.0238,315.7222,91.7230,0.0000,0.2394,0.2394,-0.0780,0.0000,0.0000,0.0143,0.0057,0.0378
0.2000,2.0100,2.2577,0.0235,0.0310,315.9132,91.6607,0.0000,0.2455,0.2455,-0.0815,0.0000,0.0000,0.0187,0.0075,0.0301
0.2000,2.0711,2.2579,0.0308,0.0310,316.1017,91.5985,0.0000,0.2456,0.2456,-0.0813,0.0000,0.0000,0.0187,0.0075,0.0240
0.2000,1.9939,2.2580,0.0348,0.0310,316.2956,91.5274,0.0000,0.2438,0.2438,-0.0819,0.0000,0.0000,0.0187,0.0075,0.0207
0.2000,1.9700,2.2581,0.0370,0.0338,316.4883,91.4508,0.0000,0.2355,0.2355,-0.0801,0.0000,0.0000,0.0203,0.0081,0.0145
0.1999,2.0478,2.2582,0.0286,0.0338,316.6905,91.3820,0.0000,0.2387,0.2387,-0.0714,0.0000,0.0000,0.0203,0.0081,0.0197
0.2000,2.0565,2.2582,0.0229,0.0365,316.8812,91.3175,0.0000,0.2449,0.2449,-0.0619,0.0000,0.0000,0.0220,0.0088,0.0264
0.2000,2.1206,2.2583,0.0145,0.0365,317.0816,91.2602,0.0000,0.2565,0.2565,-0.0569,0.0000,0.0000,0.0220,0.0088,0.0297
0.2000,1.9980,2.2584,0.0061,0.0365,317.2736,91.2065,0.0000,0.2754,0.2754,-0.0524,0.0000,0.0000,0.0220,0.0088,0.0326
0.2000,2.0673,2.2584,0.0122,0.0349,317.4726,91.1423,0.0000,0.2731,0.2731,-0.0725,0.0000,0.0000,0.0210,0.0084,0.0261
0.2000,1.9792,2.2585,0.0156,0.0349,317.6616,91.0831,0.0000,0.2774,0.2774,-0.0744,0.0000,0.0000,0.0210,0.0084,0.0206
0.2001,2.0746,2.2586,0.0174,0.0283,317.8725,91.0123,0.0000,0.2677,0.2677,-0.0971,0.0000,0.0000,0.0170,0.0068,0.0145
0.2000,1.9646,2.2586,0.0258,0.0283,318.0615,90.9488,0.0000,0.2631,0.2631,-0.1018,0.0000,0.0000,0.0170,0.0068,0.0072
0.1368,2.2069,2.2630,0.0287,0.0227,318.2650,90.8744,0.0000,0.2398,0.2398,-0.1143,0.0000,0.0000,0.0137,0.0055,0.0104
0.2000,1.9767,2.2669,0.0371,0.0227,318.4562,90.8141,0.0000,0.2465,0.2465,-0.1121,0.0000,0.0000,0.0137,0.0055,0.0142
0.2000,2.1492,2.2704,0.0455,0.0296,318.6550,90.7484,0.0000,0.2304,0.2304,-0.1042,0.0000,0.0000,0.0178,0.0071,0.0154
0.2000,1.9880,2.2736,0.0498,0.0296,318.8506,90.6876,0.0000,0.2372,0.2372,-0.0975,0.0000,0.0000,0.0178,0.0071,0.0219
0.2000,2.0769,2.2764,0.0415,0.0296,319.0457,90.6269,0.0000,0.2326,0.2326,-0.0893,0.0000,0.0000,0.0178,0.0071,0.0251
0.2000,2.0284,2.2790,0.0374,0.0339,319.2612,90.5661,0.0000,0.2439,0.2439,-0.0768,0.0000,0.0000,0.0204,0.0082,0.0300
0.2000,2.0284,2.2813,0.0290,0.0339,319.4558,90.5124,0.0000,0.2517,0.2517,-0.0659,0.0000,0.0000,0.0204,0.0082,0.0394
0.2000,2.0284,2.2834,0.0206,0.0284,319.6586,90.4607,0.0000,0.2623,0.2623,-0.0768,0.0000,0.0000,0.0171,0.0068,0.0431
0.2000,2.0045,2.2853,0.0216,0.0284,319.8618,90.4091,0.0000,0.2664,0.2664,-0.0757,0.0000,0.0000,0.0171,0.0068,0.0370
0.2000,2.0781,2.2870,0.0132,0.0284,320.0661,90.3486,0.0000,0.2594,0.2594,-0.0717,0.0000,0.0000,0.0171,0.0068,0.0341
0.2000,2.0815,2.2885,0.0186,0.0265,320.2632,90.2984,0.0000,0.2590,0.2590,-0.0773,0.0000,0.0000,0.0160,0.0064,0.0293
0.2000,2.1133,2.2898,0.0252,0.0265,320.4598,90.2438,0.0000,0.2530,0.2530,-0.0786,0.0000,0.0000,0.0160,0.0064,0.0218
0.2000,2.0182,2.2911,0.0336,0.0325,320.6663,90.1938,0.0000,0.2586,0.2586,-0.0853,0.0000,0.0000,0.0196,0.0078,0.0178
0.2000,2.0240,2.2922,0.0401,0.0325,320.8486,90.1433,0.0000,0.2535,0.2535,-0.0845,0.0000,0.0000,0.0196,0.0078,0.0167
0.2000,2.1074,2.2932,0.0318,0.0325,321.0477,90.0937,0.0000,0.2534,0.2534,-0.0806,0.0000,0.0000,0.0196,0.0078,0.0136
0.2000,1.8757,2.2941,0.0374,0.0317,321.2287,90.0415,0.0000,0.2572,0.2572,-0.0928,0.0000,0.0000,0.0191,0.0076,0.0169
0.2000,2.0370,2.2949,0.0290,0.0317,321.4407,89.9838,0.0000,0.2502,0.2502,-0.0806,0.0000,0.0000,0.0191,0.0076,0.0222
0.2000,1.8682,2.2956,0.0207,0.0317,321.6353,89.9375,0.0000,0.2599,0.2599,-0.0742,0.0000,0.0000,0.0191,0.0076,0.0296
0.1996,2.1805,2.2963,0.0127,0.0320,321.8230,89.8815,0.0000,0.2408,0.2408,-0.0697,0.0000,0.0000,0.0193,0.0077,0.0331
0.2000,1.9856,2.2968,0.0173,0.0320,322.0322,89.8367,0.0000,0.2509,0.2509,-0.0709,0.0000,0.0000,0.0193,0.0077,0.0283
0.2000,1.9423,2.2974,0.0257,0.0370,322.2288,89.7928,0.0000,0.2544,0.2544,-0.0734,0.0000,0.0000,0.0223,0.0089,0.0298
0.1999,2.1236,2.2978,0.0330,0.0370,322.4279,89.7394,0.0000,0.2369,0.2369,-0.0739,0.0000,0.0000,0.0223,0.0089,0.0235
0.2000,2.0443,2.2983,0.0414,0.0396,322.6288,89.6873,0.0000,0.2299,0.2299,-0.0904,0.0000,0.0000,0.0239,0.0095,0.0161
0.2000,2.0443,2.2987,0.0490,0.0396,322.8296,89.6396,0.0000,0.2245,0.2245,-0.0893,0.0000,0.0000,0.0239,0.0095,0.0124
0.2000,2.0582,2.2990,0.0546,0.0372,323.0270,89.5966,0.0000,0.2261,0.2261,-0.0915,0.0000,0.0000,0.0224,0.0090,0.0166
0.2000,2.0472,2.2993,0.0462,0.0372,323.2411,89.5537,0.0000,0.2326,0.2326,-0.0814,0.0000,0.0000,0.0224,0.0090,0.0223
0.2000,2.0048,2.2996,0.0378,0.0372,323.4441,89.5130,0.0000,0.2402,0.2402,-0.0709,0.0000,0.0000,0.0224,0.0090,0.0302
0.2001,2.1686,2.2999,0.0306,0.0385,323.6428,89.4804,0.0000,0.2480,0.2480,-0.0638,0.0000,0.0000,0.0232,0.0093,0.0360
0.2000,2.0555,2.3001,0.0223,0.0385,323.8475,89.4392,0.0000,0.2562,0.2562,-0.0546,0.0000,0.0000,0.0232,0.0093,0.0431
0.2000,2.0001,2.3003,0.0219,0.0465,324.0502,89.3992,0.0000,0.2604,0.2604,-0.0491,0.0000,0.0000,0.0281,0.0112,0.0457
0.2000,2.0728,2.3005,0.0136,0.0465,324.2537,89.3588,0.0000,0.2564,0.2564,-0.0501,0.0000,0.0000,0.0281,0.0112,0.0359
0.2000,2.0500,2.3006,0.0156,0.0465,324.4526,89.3150,0.0000,0.2502,0.2502,-0.0521,0.0000,0.0000,0.0281,0.0112,0.0283
0.2000,2.0582,2.3008,0.0184,0.0409,324.6436,89.2799,0.0000,0.2463,0.2463,-0.0739,0.0000,0.0000,0.0246,0.0099,0.0218
0.2000,2.0196,2.3009,0.0266,0.0409,324.8392,89.2427,0.0000,0.2425,0.2425,-0.0752,0.0000,0.0000,0.0246,0.0099,0.0173
0.2000,1.9267,2.3010,0.0298,0.0356,325.0462,89.1987,0.0000,0.2384,0.2384,-0.0869,0.0000,0.0000,0.0215,0.0086,0.0141
0.2000,1.9746,2.3012,0.0382,0.0356,325.2337,89.1623,0.0000,0.2276,0.2276,-0.0877,0.0000,0.0000,0.0215,0.0086,0.0109
0.2000,2.0992,2.3013,0.0369,0.0267,325.4274,89.1184,0.0000,0.2135,0.2135,-0.0874,0.0000,0.0000,0.0161,0.0064,0.0133
0.2000,1.8941,2.3013,0.0414,0.0267,325.6161,89.0887,0.0000,0.2218,0.2218,-0.0844,0.0000,0.0000,0.0161,0.0064,0.0168
0.2000,1.9695,2.3014,0.0331,0.0267,325.8248,89.0554,0.0000,0.2241,0.2241,-0.0730,0.0000,0.0000,0.0161,0.0064,0.0218
0.2000,1.8950,2.3015,0.0358,0.0245,326.0319,89.0275,0.0000,0.2323,0.2323,-0.0853,0.0000,0.0000,0.0148,0.0059,0.0255
0.2000,2.0977,2.3016,0.0275,0.0245,326.2484,88.9993,0.0000,0.2308,0.2308,-0.0738,0.0000,0.0000,0.0148,0.0059,0.0305
0.2000,2.0747,2.3016,0.0315,0.0204,326.4440,88.9699,0.0000,0.2293,0.2293,-0.0903,0.0000,0.0000,0.0123,0.0049,0.0323
0.2004,2.1674,2.3017,0.0231,0.0204,326.6542,88.9446,0.0000,0.2291,0.2291,-0.0818,0.0000,0.0000,0.0123,0.0049,0.0324
0.2000,1.9623,2.3017,0.0291,0.0204,326.8464,88.9150,0.0000,0.2273,0.2273,-0.0853,0.0000,0.0000,0.0123,0.0049,0.0275
0.2000,2.1023,2.3046,0.0250,0.0172,327.0443,88.8867,0.0000,0.2198,0.2198,-0.0812,0.0000,0.0000,0.0104,0.0041,0.0271
0.2000,1.9286,2.3073,0.0167,0.0172,327.2435,88.8651,0.0000,0.2268,0.2268,-0.0810,0.0000,0.0000,0.0104,0.0041,0.0242
0.2000,1.9843,2.3097,0.0219,0.0172,327.4299,88.8426,0.0000,0.2234,0.2234,-0.0779,0.0000,0.0000,0.0104,0.0041,0.0223
0.2000,1.9885,2.3118,0.0225,0.0120,327.6260,88.8151,0.0000,0.2176,0.2176,-0.0824,0.0000,0.0000,0.0073,0.0029,0.0209
0.2000,1.8630,2.3137,0.0245,0.0120,327.8159,88.7896,0.0000,0.2142,0.2142,-0.0829,0.0000,0.0000,0.0073,0.0029,0.0211
0.2000,1.9640,2.3154,0.0218,0.0009,328.0305,88.7605,0.0000,0.2036,0.2036,-0.0977,0.0000,0.0000,0.0006,0.0002,0.0162
0.2000,1.8999,2.3170,0.0295,0.0009,328.2363,88.7355,0.0000,0.1972,0.1972,-0.0965,0.0000,0.0000,0.0006,0.0002,0.0160
0.2000,2.1489,2.3247,0.0375,0.0006,328.4316,88.7114,0.0000,0.1796,0.1796,-0.0960,0.0000,0.0000,0.0004,0.0001,0.0175
0.2000,2.0556,2.3317,0.0396,0.0006,328.6361,88.6978,0.0000,0.1870,0.1870,-0.0920,0.0000,0.0000,0.0004,0.0001,0.0191
0.2000,1.9525,2.3380,0.0379,0.0006,328.8415,88.6821,0.0000,0.1935,0.1935,-0.0878,0.0000,0.0000,0.0004,0.0001,0.0189
0.2000,2.0340,2.3436,0.0350,0.0013,329.0357,88.6639,0.0000,0.1892,0.1892,-0.0822,0.0000,0.0000,0.0008,0.0003,0.0208
0.2000,2.0450,2.3487,0.0285,0.0013,329.2303,88.6458,0.0000,0.1895,0.1895,-0.0737,0.0000,0.0000,0.0008,0.0003,0.0256
0.2000,1.9358,2.3533,0.0201,0.0013,329.4140,88.6310,0.0000,0.1951,0.1951,-0.0671,0.0000,0.0000,0.0008,0.0003,0.0323
0.2000,1.9390,2.3574,0.0185,0.0082,329.6150,88.6087,0.0000,0.1942,0.1942,-0.0456,0.0000,0.0000,0.0049,0.0020,0.0324
0.2000,1.8289,2.3611,0.0101,0.0082,329.8030,88.6045,0.0000,0.2084,0.2084,-0.0454,0.0000,0.0000,0.0049,0.0020,0.0303
0.0018,2.0059,2.3250,0.0017,0.0045,330.0110,88.5890,0.0000,0.2065,0.2065,-0.0547,0.0000,0.0000,0.0027,0.0011,0.0259
0.0000,1.8665,2.3319,0.0000,0.0045,330.2183,88.5691,0.0000,0.2044,0.2044,-0.0563,0.0000,0.0000,0.0027,0.0011,0.0200
-0.2007,2.0694,2.2987,0.0052,0.0020,330.4118,88.5454,0.0000,0.1866,0.1866,-0.0671,0.0000,0.0000,0.0012,0.0005,0.0158
-0.1141,2.0645,2.2689,0.0127,0.0020,330.6029,88.5358,0.0000,0.1850,0.1850,-0.0711,0.0000,0.0000,0.0012,0.0005,0.0087
0.1157,1.9333,2.2420,0.0091,0.0020,330.8175,88.5150,0.0000,0.1781,0.1781,-0.0751,0.0000,0.0000,0.0012,0.0005,0.0025
0.1998,1.8974,2.2178,0.0076,0.0044,331.0047,88.4872,0.0000,0.1618,0.1618,-0.0720,0.0000,0.0000,0.0026,0.0011,-0.0007
0.0240,2.1363,2.1960,0.0159,0.0044,331.2042,88.4901,0.0000,0.1691,0.1691,-0.0686,0.0000,0.0000,0.0026,0.0011,0.0040
0.1999,1.8776,2.1764,0.0075,0.0044,331.4083,88.4727,0.0000,0.1762,0.1762,-0.0625,0.0000,0.0000,0.0026,0.0011,0.0100
0.0967,1.9779,2.1588,0.0159,0.0067,331.5902,88.4582,0.0000,0.1682,0.1682,-0.0605,0.0000,0.0000,0.0040,0.0016,0.0072
0.1879,2.0318,2.1429,0.0075,0.0067,331.7883,88.4421,0.0000,0.1658,0.1658,-0.0570,0.0000,0.0000,0.0040,0.0016,0.0061
0.2000,1.8092,2.1286,-0.0009,0.0067,331.9844,88.4345,0.0000,0.1768,0.1768,-0.0547,0.0000,0.0000,0.0040,0.0016,0.0124
0.2000,1.9713,2.1157,-0.0034,0.0129,332.1885,88.4179,0.0000,0.1727,0.1727,-0.0457,0.0000,0.0000,0.0078,0.0031,0.0063
0.1385,1.9457,2.1042,-0.0112,0.0129,332.3734,88.4118,0.0000,0.1787,0.1787,-0.0462,0.0000,0.0000,0.0078,0.0031,0.0068
0.0510,2.0311,2.0937,-0.0196,0.0079,332.5689,88.4042,0.0000,0.1803,0.1803,-0.0527,0.0000,0.0000,0.0047,0.0019,0.0059
0.1787,1.8339,2.0844,-0.0113,0.0079,332.7656,88.3850,0.0000,0.1764,0.1764,-0.0573,0.0000,0.0000,0.0047,0.0019,-0.0028
0.1215,1.9396,2.0759,-0.0062,0.0045,332.9571,88.3725,0.0000,0.1682,0.1682,-0.0650,0.0000,0.0000,0.0027,0.0011,-0.0048
0.0827,1.9603,2.0683,0.0022,0.0045,333.1537,88.3603,0.0000,0.1610,0.1610,-0.0731,0.0000,0.0000,0.0027,0.0011,-0.0128
0.1321,1.9019,2.0615,0.0106,0.0045,333.3568,88.3268,0.0000,0.1389,0.1389,-0.0773,0.0000,0.0000,0.0027,0.0011,-0.0192
0.0946,1.9515,2.0554,0.0190,0.0086,333.5553,88.3138,0.0000,0.1341,0.1341,-0.0790,0.0000,0.0000,0.0052,0.0021,-0.0132
-0.0047,2.0414,2.0498,0.0274,0.0086,333.7477,88.3053,0.0000,0.1338,0.1338,-0.0764,0.0000,0.0000,0.0052,0.0021,-0.0072
0.0751,1.9714,2.0448,0.0269,0.0073,333.9509,88.2792,0.0000,0.1279,0.1279,-0.0711,0.0000,0.0000,0.0044,0.0017,0.0015
0.1969,1.9094,2.0404,0.0185,0.0073,334.1304,88.2715,0.0000,0.1344,0.1344,-0.0660,0.0000,0.0000,0.0044,0.0017,0.0088
0.0561,2.0305,2.0363,0.0101,0.0073,334.3215,88.2526,0.0000,0.1300,0.1300,-0.0548,0.0000,0.0000,0.0044,0.0017,0.0161
0.2000,1.7821,2.0327,0.0018,0.0073,334.5011,88.2405,0.0000,0.1378,0.1378,-0.0500,0.0000,0.0000,0.0044,0.0017,0.0223
0.1826,1.9047,2.0294,-0.0066,0.0052,334.6998,88.2305,0.0000,0.1367,0.1367,-0.0509,0.0000,0.0000,0.0031,0.0013,0.0223
0.2000,1.7857,2.0265,0.0015,0.0052,334.8901,88.2215,0.0000,0.1395,0.1395,-0.0535,0.0000,0.0000,0.0031,0.0013,0.0156
0.0855,1.9730,2.0238,0.0067,0.0059,335.0774,88.2233,0.0000,0.1410,0.1410,-0.0600,0.0000,0.0000,0.0036,0.0014,0.0098
0.1387,1.8898,2.0214,0.0142,0.0059,335.2656,88.2123,0.0000,0.1386,0.1386,-0.0647,0.0000,0.0000,0.0036,0.0014,0.0022
0.1935,1.8557,2.0193,0.0220,0.0059,335.4485,88.1911,0.0000,0.1255,0.1255,-0.0682,0.0000,0.0000,0.0036,0.0014,-0.0057
0.1996,1.8698,2.0174,0.0277,0.0058,335.6260,88.1708,0.0000,0.1140,0.1140,-0.0669,0.0000,0.0000,0.0035,0.0014,-0.0008
0.2000,1.8249,2.0156,0.0304,0.0058,335.8215,88.1776,0.0000,0.1331,0.1331,-0.0625,0.0000,0.0000,0.0035,0.0014,0.0052
0.2000,1.7710,2.0141,0.0238,0.0015,336.0253,88.1628,0.0000,0.1349,0.1349,-0.0611,0.0000,0.0000,0.0009,0.0004,0.0120
0.1575,1.9405,2.0127,0.0155,0.0015,336.2064,88.1432,0.0000,0.1208,0.1208,-0.0543,0.0000,0.0000,0.0009,0.0004,0.0180
0.0404,2.0269,2.0114,0.0149,0.0092,336.4000,88.1426,0.0000,0.1303,0.1303,-0.0402,0.0000,0.0000,0.0055,0.0022,0.0234
0.2000,1.8064,2.0103,0.0065,0.0092,336.5866,88.1350,0.0000,0.1391,0.1391,-0.0367,0.0000,0.0000,0.0055,0.0022,0.0251
0.1999,1.9219,2.0092,-0.0015,0.0092,336.7704,88.1310,0.0000,0.1398,0.1398,-0.0382,0.0000,0.0000,0.0055,0.0022,0.0193
0.2005,1.8525,2.0083,-0.0099,0.0092,336.9454,88.1178,0.0000,0.1369,0.1369,-0.0386,0.0000,0.0000,0.0055,0.0022,0.0127
0.2000,1.8234,2.0075,-0.0015,0.0182,337.1386,88.1082,0.0000,0.1359,0.1359,-0.0343,0.0000,0.0000,0.0110,0.0044,0.0121
0.2000,1.7401,2.0067,0.0006,0.0182,337.3288,88.1152,0.0000,0.1504,0.1504,-0.0394,0.0000,0.0000,0.0110,0.0044,0.0061
0.1425,1.9173,2.0061,-0.0007,0.0087,337.5078,88.1004,0.0000,0.1365,0.1365,-0.0570,0.0000,0.0000,0.0052,0.0021,-0.0028
0.1530,1.8860,2.0055,0.0077,0.0087,337.6954,88.0803,0.0000,0.1203,0.1203,-0.0627,0.0000,0.0000,0.0052,0.0021,-0.0104
0.2000,1.7812,2.0049,0.0161,0.0087,337.8837,88.0655,0.0000,0.1158,0.1158,-0.0606,0.0000,0.0000,0.0052,0.0021,-0.0063
0.1899,1.8710,2.0044,0.0188,0.0070,338.0722,88.0686,0.0000,0.1233,0.1233,-0.0591,0.0000,0.0000,0.0042,0.0017,-0.0012
0.1948,1.8728,2.0040,0.0223,0.0070,338.2628,88.0528,0.0000,0.1150,0.1150,-0.0580,0.0000,0.0000,0.0042,0.0017,-0.0019
0.2000,1.8689,2.0036,0.0139,0.0070,338.4468,88.0467,0.0000,0.1190,0.1190,-0.0522,0.0000,0.0000,0.0042,0.0017,0.0046
0.2001,1.8957,2.0032,0.0055,0.0051,338.6284,88.0385,0.0000,0.1196,0.1196,-0.0467,0.0000,0.0000,0.0031,0.0012,0.0104
0.2000,1.8261,2.0029,-0.0028,0.0051,338.8198,88.0301,0.0000,0.1239,0.1239,-0.0405,0.0000,0.0000,0.0031,0.0012,0.0151
0.2000,1.8033,2.0026,-0.0101,0.0063,339.0078,88.0344,0.0000,0.1370,0.1370,-0.0413,0.0000,0.0000,0.0038,0.0015,0.0179
0.1718,1.8997,2.0023,-0.0150,0.0063,339.1946,88.0226,0.0000,0.1280,0.1280,-0.0432,0.0000,0.0000,0.0038,0.0015,0.0123
0.1774,1.8657,2.0021,-0.0067,0.0063,339.3792,88.0217,0.0000,0.1304,0.1304,-0.0486,0.0000,0.0000,0.0038,0.0015,0.0050
0.1893,1.8552,2.0019,0.0017,0.0076,339.5670,88.0240,0.0000,0.1350,0.1350,-0.0556,0.0000,0.0000,0.0046,0.0018,-0.0008
0.2000,1.8297,2.0017,0.0101,0.0076,339.7623,88.0214,0.0000,0.1330,0.1330,-0.0644,0.0000,0.0000,0.0046,0.0018,-0.0100
0.1959,1.8621,2.0015,0.0185,0.0076,339.9365,87.9990,0.0000,0.1132,0.1132,-0.0671,0.0000,0.0000,0.0046,0.0018,-0.0149
0.1188,1.9348,2.0014,0.0140,-0.0045,340.1121,87.9845,0.0000,0.1038,0.1038,-0.0606,0.0000,0.0000,-0.0027,-0.0011,-0.0084
0.2000,1.7413,2.0012,0.0075,-0.0045,340.2985,87.9712,0.0000,0.1052,0.1052,-0.0549,0.0000,0.0000,-0.0027,-0.0011,-0.0019
0.2000,1.7475,2.0011,0.0094,-0.0045,340.4831,87.9689,0.0000,0.1117,0.1117,-0.0495,0.0000,0.0000,-0.0027,-0.0011,0.0049
0.1994,1.8527,2.0010,0.0074,-0.0067,340.6647,87.9607,0.0000,0.1080,0.1080,-0.0555,0.0000,0.0000,-0.0040,-0.0016,0.0108
0.1999,1.8312,2.0009,0.0132,-0.0067,340.8598,87.9578,0.0000,0.1105,0.1105,-0.0535,0.0000,0.0000,-0.0040,-0.0016,0.0139
0.2000,1.8028,2.0008,0.0216,-0.0066,341.0449,87.9474,0.0000,0.1038,0.1038,-0.0711,0.0000,0.0000,-0.0040,-0.0016,0.0085
0.1206,1.9339,2.0007,0.0300,-0.0066,341.2336,87.9385,0.0000,0.0910,0.0910,-0.0707,0.0000,0.0000,-0.0040,-0.0016,0.0079
0.1908,1.8384,2.0007,0.0377,-0.0066,341.4255,87.9338,0.0000,0.0920,0.0920,-0.0691,0.0000,0.0000,-0.0040,-0.0016,0.0066
0.2003,1.8731,2.0006,0.0313,-0.0045,341.6067,87.9284,0.0000,0.0915,0.0915,-0.0531,0.0000,0.0000,-0.0027,-0.0011,0.0104
0.1502,1.9044,2.0005,0.0229,-0.0045,341.7979,87.9295,0.0000,0.0999,0.0999,-0.0456,0.0000,0.0000,-0.0027,-0.0011,0.0156
0.2000,1.7980,2.0005,0.0146,-0.0045,341.9769,87.9349,0.0000,0.1159,0.1159,-0.0377,0.0000,0.0000,-0.0027,-0.0011,0.0230
0.1700,1.8977,2.0004,0.0067,-0.0039,342.1708,87.9330,0.0000,0.1225,0.1225,-0.0242,0.0000,0.0000,-0.0023,-0.0009,0.0298
0.2000,1.7764,2.0004,-0.0017,-0.0039,342.3700,87.9305,0.0000,0.1272,0.1272,-0.0229,0.0000,0.0000,-0.0023,-0.0009,0.0288
0.1313,1.9251,2.0004,-0.0081,-0.0018,342.5581,87.9367,0.0000,0.1347,0.1347,-0.0199,0.0000,0.0000,-0.0011,-0.0004,0.0218
0.1077,1.9757,2.0003,-0.0162,-0.0018,342.7519,87.9311,0.0000,0.1331,0.1331,-0.0207,0.0000,0.0000,-0.0011,-0.0004,0.0167
0.1998,1.8663,2.0003,-0.0246,-0.0018,342.9470,87.9265,0.0000,0.1308,0.1308,-0.0271,0.0000,0.0000,-0.0011,-0.0004,0.0077
0.1523,1.9231,2.0003,-0.0330,-0.0088,343.1322,87.9281,0.0000,0.1311,0.1311,-0.0381,0.0000,0.0000,-0.0053,-0.0021,0.0024
0.1153,1.9341,2.0002,-0.0308,-0.0088,343.3222,87.9363,0.0000,0.1363,0.1363,-0.0461,0.0000,0.0000,-0.0053,-0.0021,-0.0052
0.1855,1.8360,2.0002,-0.0280,-0.0144,343.5059,87.9315,0.0000,0.1297,0.1297,-0.0606,0.0000,0.0000,-0.0087,-0.0035,-0.0139
0.1590,1.8837,2.0002,-0.0196,-0.0144,343.7040,87.9164,0.0000,0.1076,0.1076,-0.0703,0.0000,0.0000,-0.0087,-0.0035,-0.0193
0.2000,1.8213,2.0002,-0.0113,-0.0144,343.8897,87.9190,0.0000,0.1069,0.1069,-0.0805,0.0000,0.0000,-0.0087,-0.0035,-0.0291
0.0832,1.9706,2.0002,-0.0029,0.0013,344.0625,87.8977,0.0000,0.0811,0.0811,-0.0558,0.0000,0.0000,0.0008,0.0003,-0.0311
0.1767,1.8391,2.0001,0.0055,0.0013,344.2500,87.8894,0.0000,0.0829,0.0829,-0.0553,0.0000,0.0000,0.0008,0.0003,-0.0283
0.2000,1.7280,2.0001,0.0139,0.0013,344.4377,87.8905,0.0000,0.0934,0.0934,-0.0547,0.0000,0.0000,0.0008,0.0003,-0.0229
0.1995,1.8601,2.0001,0.0214,0.0015,344.6139,87.8868,0.0000,0.0947,0.0947,-0.0577,0.0000,0.0000,0.0009,0.0004,-0.0149
0.1998,1.8597,2.0001,0.0192,0.0015,344.7959,87.8843,0.0000,0.1020,0.1020,-0.0519,0.0000,0.0000,0.0009,0.0004,-0.0069
0.2000,1.8053,2.0001,0.0176,0.0015,344.9761,87.8793,0.0000,0.1084,0.1084,-0.0462,0.0000,0.0000,0.0009,0.0004,-0.0012
0.2000,1.8053,2.0001,0.0226,-0.0014,345.1684,87.8652,0.0000,0.1023,0.1023,-0.0559,0.0000,0.0000,-0.0008,-0.0003,0.0067
0.2000,1.7877,2.0001,0.0203,-0.0014,345.3467,87.8613,0.0000,0.1058,0.1058,-0.0500,0.0000,0.0000,-0.0008,-0.0003,0.0133
0.2000,1.9119,2.0001,0.0119,-0.0109,345.5335,87.8648,0.0000,0.1131,0.1131,-0.0402,0.0000,0.0000,-0.0066,-0.0026,0.0159
0.2000,1.7688,2.0001,0.0035,-0.0109,345.7281,87.8498,0.0000,0.1097,0.1097,-0.0367,0.0000,0.0000,-0.0066,-0.0026,0.0146
0.2001,1.8535,2.0001,-0.0049,-0.0109,345.9064,87.8509,0.0000,0.1165,0.1165,-0.0322,0.0000,0.0000,-0.0066,-0.0026,0.0180
0.2001,1.9354,2.0000,-0.0133,-0.0129,346.1003,87.8498,0.0000,0.1207,0.1207,-0.0282,0.0000,0.0000,-0.0078,-0.0031,0.0175
0.2000,1.7687,2.0000,-0.0216,-0.0129,346.2876,87.8565,0.0000,0.1335,0.1335,-0.0317,0.0000,0.0000,-0.0078,-0.0031,0.0125
0.2003,1.9222,2.0000,-0.0300,-0.0150,346.4837,87.8404,0.0000,0.1184,0.1184,-0.0350,0.0000,0.0000,-0.0090,-0.0036,0.0071
0.1884,1.8587,2.0000,-0.0217,-0.0150,346.6723,87.8216,0.0000,0.1010,0.1010,-0.0418,0.0000,0.0000,-0.0090,-0.0036,0.0010
0.1063,1.9507,2.0000,-0.0138,-0.0150,346.8639,87.8179,0.0000,0.0940,0.0940,-0.0509,0.0000,0.0000,-0.0090,-0.0036,-0.0085
0.1427,1.8799,2.0000,-0.0054,-0.0081,347.0511,87.8034,0.0000,0.0796,0.0796,-0.0504,0.0000,0.0000,-0.0049,-0.0019,-0.0153
0.1372,1.8995,2.0000,0.0030,-0.0081,347.2244,87.7975,0.0000,0.0732,0.0732,-0.0596,0.0000,0.0000,-0.0049,-0.0019,-0.0244
0.1997,1.8614,2.0000,0.0113,-0.0081,347.4068,87.8062,0.0000,0.0861,0.0861,-0.0642,0.0000,0.0000,-0.0049,-0.0019,-0.0282
0.2000,1.7189,2.0000,0.0197,-0.0039,347.5969,87.7927,0.0000,0.0860,0.0860,-0.0507,0.0000,0.0000,-0.0023,-0.0009,-0.0209
0.2000,1.8080,2.0000,0.0191,-0.0039,347.7760,87.7833,0.0000,0.0852,0.0852,-0.0455,0.0000,0.0000,-0.0023,-0.0009,-0.0113
0.2000,1.8901,2.0000,0.0107,-0.0060,347.9646,87.7819,0.0000,0.0934,0.0934,-0.0461,0.0000,0.0000,-0.0036,-0.0014,-0.0040
0.2000,1.7787,2.0000,0.0023,-0.0060,348.1509,87.7854,0.0000,0.1118,0.1118,-0.0382,0.0000,0.0000,-0.0036,-0.0014,0.0034
0.1997,1.8699,2.0000,-0.0061,-0.0060,348.3405,87.7800,0.0000,0.1158,0.1158,-0.0321,0.0000,0.0000,-0.0036,-0.0014,0.0105
0.2003,1.8501,2.0000,-0.0145,-0.0224,348.5292,87.7678,0.0000,0.1137,0.1137,-0.0346,0.0000,0.0000,-0.0135,-0.0054,0.0165
0.1998,1.8799,2.0000,-0.0228,-0.0224,348.7243,87.7601,0.0000,0.1118,0.1118,-0.0348,0.0000,0.0000,-0.0135,-0.0054,0.0146
0.2000,1.8763,2.0000,-0.0312,-0.0224,348.9155,87.7468,0.0000,0.1022,0.1022,-0.0391,0.0000,0.0000,-0.0135,-0.0054,0.0084
0.1213,1.9360,2.0000,-0.0231,-0.0228,349.1098,87.7422,0.0000,0.0953,0.0953,-0.0565,0.0000,0.0000,-0.0138,-0.0055,0.0005
0.1291,1.9001,2.0000,-0.0147,-0.0228,349.3054,87.7346,0.0000,0.0861,0.0861,-0.0661,0.0000,0.0000,-0.0138,-0.0055,-0.0077
0.1177,1.9263,2.0000,-0.0063,0.0036,349.5043,87.7279,0.0000,0.0783,0.0783,-0.0472,0.0000,0.0000,0.0022,0.0009,-0.0153
0.0934,1.9390,2.0000,0.0021,0.0036,349.7032,87.7205,0.0000,0.0738,0.0738,-0.0583,0.0000,0.0000,0.0022,0.0009,-0.0294
0.0548,1.9729,2.0000,0.0104,0.0036,349.8857,87.7215,0.0000,0.0815,0.0815,-0.0594,0.0000,0.0000,0.0022,0.0009,-0.0268
0.0466,1.9719,2.0000,0.0100,-0.0050,350.0867,87.7150,0.0000,0.0874,0.0874,-0.0497,0.0000,0.0000,-0.0030,-0.0012,-0.0213
0.2000,1.8084,2.0000,0.0078,-0.0050,350.2786,87.7112,0.0000,0.1000,0.1000,-0.0443,0.0000,0.0000,-0.0030,-0.0012,-0.0111
0.1084,1.9940,2.0000,0.0003,-0.0039,350.4809,87.6963,0.0000,0.0961,0.0961,-0.0358,0.0000,0.0000,-0.0024,-0.0009,-0.0055
0.2000,1.9021,2.0000,-0.0081,-0.0039,350.6641,87.6885,0.0000,0.1049,0.1049,-0.0296,0.0000,0.0000,-0.0024,-0.0009,0.0020
0.0479,2.0120,2.0000,-0.0163,-0.0039,350.8551,87.6960,0.0000,0.1281,0.1281,-0.0219,0.0000,0.0000,-0.0024,-0.0009,0.0088
0.2000,1.8179,2.0000,-0.0230,-0.0023,351.0468,87.6836,0.0000,0.1287,0.1287,-0.0297,0.0000,0.0000,-0.0014,-0.0006,0.0080
0.1586,1.8982,2.0000,-0.0251,-0.0023,351.2454,87.6789,0.0000,0.1309,0.1309,-0.0338,0.0000,0.0000,-0.0014,-0.0006,0.0034
0.1334,1.9039,2.0000,-0.0168,-0.0023,351.4282,87.6623,0.0000,0.1203,0.1203,-0.0399,0.0000,0.0000,-0.0014,-0.0006,-0.0027
0.0661,1.9693,2.0000,-0.0084,0.0001,351.6211,87.6599,0.0000,0.1192,0.1192,-0.0510,0.0000,0.0000,0.0000,0.0000,-0.0087
0.1889,1.8201,2.0000,-0.0001,0.0001,351.8117,87.6322,0.0000,0.0983,0.0983,-0.0615,0.0000,0.0000,0.0000,0.0000,-0.0189
0.1373,1.9106,2.0000,0.0080,-0.0003,352.0173,87.6154,0.0000,0.0860,0.0860,-0.0679,0.0000,0.0000,-0.0002,-0.0001,-0.0238
0.1274,1.9109,2.0000,0.0164,-0.0003,352.2032,87.6024,0.0000,0.0834,0.0834,-0.0664,0.0000,0.0000,-0.0002,-0.0001,-0.0201
-0.0252,2.0447,2.0000,0.0174,0.0095,352.3981,87.5937,0.0000,0.0836,0.0836,-0.0294,0.0000,0.0000,0.0057,0.0023,-0.0080
0.1758,1.8477,2.0000,0.0090,0.0095,352.6096,87.5884,0.0000,0.1021,0.1021,-0.0237,0.0000,0.0000,0.0057,0.0023,-0.0002
0.2000,1.9333,2.0000,0.0007,0.0095,352.8096,87.5789,0.0000,0.1121,0.1121,-0.0186,0.0000,0.0000,0.0057,0.0023,0.0051
-0.0002,2.0984,2.0000,-0.0020,0.0151,352.9988,87.5638,0.0000,0.1153,0.1153,-0.0199,0.0000,0.0000,0.0091,0.0036,0.0131
0.0243,1.9858,2.0000,-0.0102,0.0151,353.1812,87.5667,0.0000,0.1355,0.1355,-0.0174,0.0000,0.0000,0.0091,0.0036,0.0154
0.1997,1.8815,2.0000,-0.0186,0.0151,353.3767,87.5478,0.0000,0.1306,0.1306,-0.0216,0.0000,0.0000,0.0091,0.0036,0.0097
0.2001,1.8092,2.0000,-0.0209,0.0043,353.5672,87.5513,0.0000,0.1443,0.1443,-0.0614,0.0000,0.0000,0.0026,0.0010,0.0017
0.1047,1.9479,2.0000,-0.0125,0.0043,353.7647,87.5112,0.0000,0.1059,0.1059,-0.0648,0.0000,0.0000,0.0026,0.0010,-0.0021
0.1365,1.8893,2.0000,-0.0041,0.0132,353.9585,87.5060,0.0000,0.1050,0.1050,-0.0458,0.0000,0.0000,0.0079,0.0032,-0.0097
0.0390,1.9974,2.0000,0.0043,0.0132,354.1381,87.4919,0.0000,0.0957,0.0957,-0.0537,0.0000,0.0000,0.0079,0.0032,-0.0174
0.0852,1.9221,2.0000,0.0126,0.0132,354.3424,87.4650,0.0000,0.0829,0.0829,-0.0561,0.0000,0.0000,0.0079,0.0032,-0.0195
0.2000,1.7858,2.0000,0.0210,0.0165,354.5432,87.4500,0.0000,0.0858,0.0858,-0.0516,0.0000,0.0000,0.0100,0.0040,-0.0128
0.0072,2.0431,2.0000,0.0282,0.0165,354.7389,87.4288,0.0000,0.0759,0.0759,-0.0459,0.0000,0.0000,0.0100,0.0040,-0.0037
0.0069,1.9959,2.0000,0.0322,0.0133,354.9421,87.4162,0.0000,0.0835,0.0835,-0.0483,0.0000,0.0000,0.0080,0.0032,0.0042
0.0586,1.9515,2.0000,0.0283,0.0133,355.1427,87.3959,0.0000,0.0806,0.0806,-0.0421,0.0000,0.0000,0.0080,0.0032,0.0116
-0.0102,2.0199,2.0000,0.0199,0.0133,355.3422,87.3819,0.0000,0.0828,0.0828,-0.0342,0.0000,0.0000,0.0080,0.0032,0.0186
-0.0021,1.9986,2.0000,0.0115,0.0007,355.5460,87.3763,0.0000,0.0956,0.0956,-0.0330,0.0000,0.0000,0.0004,0.0002,0.0243
0.0297,1.9841,2.0000,0.0032,0.0007,355.7266,87.3729,0.0000,0.1068,0.1068,-0.0276,0.0000,0.0000,0.0004,0.0002,0.0271
-0.0307,2.0232,2.0000,-0.0040,0.0020,355.9303,87.3598,0.0000,0.1060,0.1060,-0.0262,0.0000,0.0000,0.0012,0.0005,0.0242
0.1692,1.7919,2.0000,-0.0124,0.0020,356.1408,87.3560,0.0000,0.1162,0.1162,-0.0304,0.0000,0.0000,0.0012,0.0005,0.0168
0.0273,2.0249,2.0000,-0.0205,0.0020,356.3405,87.3535,0.0000,0.1197,0.1197,-0.0327,0.0000,0.0000,0.0012,0.0005,0.0097
-0.0739,2.0880,2.0000,-0.0121,0.0067,356.5238,87.3349,0.0000,0.1069,0.1069,-0.0306,0.0000,0.0000,0.0040,0.0016,0.0023
-0.0033,1.9804,2.0000,-0.0045,0.0067,356.7148,87.3199,0.0000,0.1006,0.1006,-0.0376,0.0000,0.0000,0.0040,0.0016,-0.0045
0.1838,1.8266,2.0000,0.0021,0.0067,356.9112,87.3135,0.0000,0.1049,0.1049,-0.0447,0.0000,0.0000,0.0040,0.0016,-0.0126
0.1452,1.9000,2.0000,-0.0018,-0.0057,357.1012,87.2904,0.0000,0.0845,0.0845,-0.0731,0.0000,0.0000,-0.0034,-0.0014,-0.0196
0.0914,1.9465,2.0000,0.0066,-0.0057,357.3084,87.2649,0.0000,0.0667,0.0667,-0.0701,0.0000,0.0000,-0.0034,-0.0014,-0.0123
0.1208,1.8988,2.0000,0.0090,-0.0116,357.5153,87.2553,0.0000,0.0684,0.0684,-0.0748,0.0000,0.0000,-0.0070,-0.0028,-0.0046
-0.0420,2.0697,2.0000,0.0174,-0.0116,357.7078,87.2560,0.0000,0.0696,0.0696,-0.0724,0.0000,0.0000,-0.0070,-0.0028,0.0011
-0.0980,2.0536,2.0000,0.0258,-0.0112,357.9133,87.2361,0.0000,0.0565,0.0565,-0.0674,0.0000,0.0000,-0.0068,-0.0027,-0.0018
0.0688,1.9083,2.0000,0.0342,-0.0112,358.1187,87.2254,0.0000,0.0613,0.0613,-0.0622,0.0000,0.0000,-0.0068,-0.0027,0.0054
-0.0350,2.0469,2.0000,0.0424,-0.0112,358.3130,87.2105,0.0000,0.0538,0.0538,-0.0570,0.0000,0.0000,-0.0068,-0.0027,0.0080
-0.0419,2.0391,2.0000,0.0427,-0.0073,358.5089,87.1924,0.0000,0.0498,0.0498,-0.0538,0.0000,0.0000,-0.0044,-0.0018,0.0151
0.0999,1.9324,2.0000,0.0343,-0.0073,358.7070,87.1872,0.0000,0.0597,0.0597,-0.0461,0.0000,0.0000,-0.0044,-0.0018,0.0217
0.0761,1.9513,2.0000,0.0259,-0.0129,358.9159,87.1748,0.0000,0.0619,0.0619,-0.0376,0.0000,0.0000,-0.0078,-0.0031,0.0287
0.0549,1.9663,2.0000,0.0175,-0.0129,359.1171,87.1779,0.0000,0.0782,0.0782,-0.0275,0.0000,0.0000,-0.0078,-0.0031,0.0356
-0.0762,2.0760,2.0000,0.0091,-0.0129,359.3134,87.1735,0.0000,0.0821,0.0821,-0.0225,0.0000,0.0000,-0.0078,-0.0031,0.0356
-0.0219,1.9979,2.0000,0.0036,-0.0099,359.5071,87.1766,0.0000,0.0973,0.0973,0.0002,0.0000,0.0000,-0.0060,-0.0024,0.0284
0.0403,1.9475,2.0000,-0.0048,-0.0099,359.7060,87.1735,0.0000,0.1054,0.1054,-0.0014,0.0000,0.0000,-0.0060,-0.0024,0.0214
0.0885,1.9230,2.0000,-0.0132,-0.0099,359.9046,87.1789,0.0000,0.1208,0.1208,-0.0037,0.0000,0.0000,-0.0060,-0.0024,0.0152
0.0572,1.9735,2.0000,-0.0091,0.0026,360.1008,87.1895,0.0000,0.1397,0.1397,-0.0092,0.0000,0.0000,0.0016,0.0006,0.0102
0.0808,1.9704,2.0000,-0.0175,0.0026,360.2949,87.1776,0.0000,0.1340,0.1340,-0.0145,0.0000,0.0000,0.0016,0.0006,0.0036
0.1200,1.9479,2.0000,-0.0259,0.0017,360.4894,87.1800,0.0000,0.1412,0.1412,-0.0244,0.0000,0.0000,0.0010,0.0004,-0.0047
0.1369,1.9281,2.0000,-0.0343,0.0017,360.6857,87.1698,0.0000,0.1359,0.1359,-0.0314,0.0000,0.0000,0.0010,0.0004,-0.0125
0.1055,1.9280,2.0000,-0.0269,0.0017,360.8746,87.1668,0.0000,0.1394,0.1394,-0.0330,0.0000,0.0000,0.0010,0.0004,-0.0100
0.0928,1.9483,2.0000,-0.0353,0.0022,361.0735,87.1614,0.0000,0.1378,0.1378,-0.0338,0.0000,0.0000,0.0013,0.0005,-0.0154
0.1434,1.8722,2.0000,-0.0270,0.0022,361.2728,87.1445,0.0000,0.1251,0.1251,-0.0439,0.0000,0.0000,0.0013,0.0005,-0.0227
0.0655,1.9722,2.0000,-0.0211,-0.0004,361.4704,87.1326,0.0000,0.1137,0.1137,-0.0503,0.0000,0.0000,-0.0002,-0.0001,-0.0304
0.0344,1.9835,2.0000,-0.0128,-0.0004,361.6627,87.1253,0.0000,0.1126,0.1126,-0.0550,0.0000,0.0000,-0.0002,-0.0001,-0.0288
0.0466,1.9615,2.0000,-0.0044,-0.0004,361.8574,87.1097,0.0000,0.1026,0.1026,-0.0623,0.0000,0.0000,-0.0002,-0.0001,-0.0320
0.1031,1.9063,2.0000,0.0040,0.0011,362.0441,87.0982,0.0000,0.1015,0.1015,-0.0588,0.0000,0.0000,0.0007,0.0003,-0.0294
0.0930,1.9367,2.0000,0.0124,0.0011,362.2337,87.0681,0.0000,0.0825,0.0825,-0.0574,0.0000,0.0000,0.0007,0.0003,-0.0226
0.1754,1.8536,2.0000,0.0208,0.0011,362.4308,87.0536,0.0000,0.0838,0.0838,-0.0547,0.0000,0.0000,0.0007,0.0003,-0.0169
0.1406,1.9040,2.0000,0.0228,-0.0052,362.6192,87.0401,0.0000,0.0803,0.0803,-0.0657,0.0000,0.0000,-0.0031,-0.0013,-0.0085
0.0870,1.9596,2.0000,0.0312,-0.0052,362.8025,87.0291,0.0000,0.0799,0.0799,-0.0607,0.0000,0.0000,-0.0031,-0.0013,-0.0027
0.1407,1.8728,2.0000,0.0228,-0.0179,362.9921,87.0171,0.0000,0.0869,0.0869,-0.0399,0.0000,0.0000,-0.0108,-0.0043,0.0075
0.1975,1.8209,2.0000,0.0144,-0.0179,363.1776,87.0174,0.0000,0.1028,0.1028,-0.0343,0.0000,0.0000,-0.0108,-0.0043,0.0144
0.1720,1.8847,2.0000,0.0060,-0.0179,363.3650,86.9945,0.0000,0.0961,0.0961,-0.0266,0.0000,0.0000,-0.0108,-0.0043,0.0180
0.2000,1.8400,2.0000,0.0000,-0.0155,363.5452,86.9959,0.0000,0.1150,0.1150,-0.0042,0.0000,0.0000,-0.0093,-0.0037,0.0235
0.2000,1.7881,2.0000,-0.0083,-0.0155,363.7438,86.9790,0.0000,0.1144,0.1144,-0.0040,0.0000,0.0000,-0.0093,-0.0037,0.0211
0.2000,1.7881,2.0000,-0.0167,-0.0155,363.9380,86.9825,0.0000,0.1317,0.1317,-0.0070,0.0000,0.0000,-0.0093,-0.0037,0.0144
0.2000,1.7881,2.0000,-0.0200,-0.0100,364.1311,86.9787,0.0000,0.1351,0.1351,-0.0444,0.0000,0.0000,-0.0060,-0.0024,0.0070
0.1328,1.9268,2.0000,-0.0201,-0.0100,364.3102,86.9696,0.0000,0.1278,0.1278,-0.0485,0.0000,0.0000,-0.0060,-0.0024,0.0018
0.1216,1.9142,2.0000,-0.0143,-0.0127,364.5142,86.9544,0.0000,0.1165,0.1165,-0.0560,0.0000,0.0000,-0.0076,-0.0031,-0.0040
0.2000,1.7776,2.0000,-0.0059,-0.0127,364.7001,86.9608,0.0000,0.1294,0.1294,-0.0639,0.0000,0.0000,-0.0076,-0.0031,-0.0123
0.0228,2.0282,2.0000,0.0025,-0.0122,364.8768,86.9431,0.0000,0.1070,0.1070,-0.0652,0.0000,0.0000,-0.0074,-0.0030,-0.0197
0.1597,1.8420,2.0000,0.0109,-0.0122,365.0621,86.9344,0.0000,0.1101,0.1101,-0.0681,0.0000,0.0000,-0.0074,-0.0030,-0.0216
0.2000,1.7608,2.0000,0.0169,-0.0122,365.2431,86.9275,0.0000,0.1154,0.1154,-0.0654,0.0000,0.0000,-0.0074,-0.0030,-0.0160
0.2002,1.8381,2.0000,0.0136,-0.0122,365.4239,86.9212,0.0000,0.1172,0.1172,-0.0624,0.0000,0.0000,-0.0074,-0.0030,-0.0113
0.2000,1.7958,2.0000,0.0177,0.0003,365.6041,86.9112,0.0000,0.1227,0.1227,-0.0447,0.0000,0.0000,0.0002,0.0001,-0.0032
0.2000,1.7941,2.0000,0.0093,0.0003,365.7820,86.8981,0.0000,0.1242,0.1242,-0.0381,0.0000,0.0000,0.0002,0.0001,0.0050
0.2000,1.7895,2.0000,0.0009,-0.0002,365.9817,86.9023,0.0000,0.1429,0.1429,-0.0321,0.0000,0.0000,-0.0001,-0.0001,0.0109
0.2000,1.7695,2.0000,-0.0075,-0.0002,366.1526,86.8921,0.0000,0.1466,0.1466,-0.0286,0.0000,0.0000,-0.0001,-0.0001,0.0113
0.1326,1.9806,2.0000,-0.0159,-0.0002,366.3400,86.8798,0.0000,0.1451,0.1451,-0.0250,0.0000,0.0000,-0.0001,-0.0001,0.0138
0.2000,1.6986,2.0000,-0.0243,-0.0025,366.5298,86.8720,0.0000,0.1516,0.1516,-0.0285,0.0000,0.0000,-0.0015,-0.0006,0.0119
0.2006,1.8619,2.0000,-0.0325,-0.0025,366.7233,86.8675,0.0000,0.1524,0.1524,-0.0346,0.0000,0.0000,-0.0015,-0.0006,0.0046
0.1659,1.8828,2.0000,-0.0259,-0.0025,366.9103,86.8527,0.0000,0.1441,0.1441,-0.0422,0.0000,0.0000,-0.0015,-0.0006,-0.0053
0.1473,1.9183,2.0000,-0.0175,0.0180,367.0885,86.8369,0.0000,0.1403,0.1403,-0.0086,0.0000,0.0000,0.0108,0.0043,-0.0110
0.2004,1.8596,2.0000,-0.0259,0.0180,367.2759,86.8214,0.0000,0.1365,0.1365,-0.0192,0.0000,0.0000,0.0108,0.0043,-0.0196
0.2000,1.7742,2.0000,-0.0199,0.0180,367.4469,86.8269,0.0000,0.1545,0.1545,-0.0279,0.0000,0.0000,0.0108,0.0043,-0.0288
0.2000,1.6935,2.0000,-0.0194,0.0197,367.6171,86.7999,0.0000,0.1450,0.1450,-0.0190,0.0000,0.0000,0.0119,0.0047,-0.0273
0.2000,1.6935,2.0000,-0.0185,0.0197,367.8015,86.7768,0.0000,0.1404,0.1404,-0.0203,0.0000,0.0000,0.0119,0.0047,-0.0210
0.2000,1.7094,2.0000,-0.0128,0.0197,367.9876,86.7570,0.0000,0.1388,0.1388,-0.0242,0.0000,0.0000,0.0119,0.0047,-0.0225
0.1997,1.8423,2.0000,-0.0212,-0.0048,368.1678,86.7468,0.0000,0.1327,0.1327,-0.0754,0.0000,0.0000,-0.0029,-0.0011,-0.0213
0.1866,1.8559,2.0000,-0.0128,-0.0048,368.3527,86.7316,0.0000,0.1275,0.1275,-0.0772,0.0000,0.0000,-0.0029,-0.0011,-0.0201
0.2000,1.7877,2.0000,-0.0044,0.0166,368.5260,86.7032,0.0000,0.1117,0.1117,-0.0730,0.0000,0.0000,0.0100,0.0040,-0.0194
0.2000,1.8386,2.0000,0.0040,0.0166,368.7126,86.6905,0.0000,0.1075,0.1075,-0.0760,0.0000,0.0000,0.0100,0.0040,-0.0160
0.2000,1.7418,2.0000,0.0124,0.0166,368.8853,86.6779,0.0000,0.1098,0.1098,-0.0779,0.0000,0.0000,0.0100,0.0040,-0.0186
0.1943,1.8531,2.0000,0.0208,0.0181,369.0687,86.6534,0.0000,0.0940,0.0940,-0.0736,0.0000,0.0000,0.0109,0.0044,-0.0157
0.2000,1.7156,2.0000,0.0291,0.0181,369.2453,86.6372,0.0000,0.0981,0.0981,-0.0704,0.0000,0.0000,0.0109,0.0044,-0.0120
0.2000,1.8345,2.0000,0.0375,0.0181,369.4241,86.6263,0.0000,0.1010,0.1010,-0.0638,0.0000,0.0000,0.0109,0.0044,-0.0022
0.2000,1.7587,2.0000,0.0334,0.0056,369.6079,86.6069,0.0000,0.1000,0.1000,-0.0759,0.0000,0.0000,0.0034,0.0014,0.0057
0.2000,1.7758,2.0000,0.0418,0.0056,369.7851,86.5913,0.0000,0.0998,0.0998,-0.0678,0.0000,0.0000,0.0034,0.0014,0.0126
0.1997,1.8338,2.0000,0.0348,0.0070,369.9795,86.5821,0.0000,0.1062,0.1062,-0.0559,0.0000,0.0000,0.0042,0.0017,0.0200
0.2000,1.7648,2.0000,0.0264,0.0070,370.1542,86.5740,0.0000,0.1164,0.1164,-0.0485,0.0000,0.0000,0.0042,0.0017,0.0265
0.2000,1.9322,2.0000,0.0180,0.0070,370.3364,86.5687,0.0000,0.1262,0.1262,-0.0386,0.0000,0.0000,0.0042,0.0017,0.0287
0.2000,1.7354,2.0000,0.0108,0.0081,370.5287,86.5586,0.0000,0.1357,0.1357,-0.0307,0.0000,0.0000,0.0049,0.0020,0.0310
0.2000,1.8110,2.0000,0.0024,0.0081,370.7147,86.5585,0.0000,0.1509,0.1509,-0.0253,0.0000,0.0000,0.0049,0.0020,0.0324
0.2000,1.9111,2.0000,-0.0060,0.0038,370.9124,86.5518,0.0000,0.1580,0.1580,-0.0319,0.0000,0.0000,0.0023,0.0009,0.0268
0.2003,1.8458,2.0000,-0.0144,0.0038,371.1059,86.5327,0.0000,0.1522,0.1522,-0.0337,0.0000,0.0000,0.0023,0.0009,0.0197
0.1537,1.9628,2.0000,-0.0226,0.0038,371.3003,86.5218,0.0000,0.1481,0.1481,-0.0378,0.0000,0.0000,0.0023,0.0009,0.0129
0.1772,1.9278,2.0000,-0.0280,0.0067,371.4797,86.5203,0.0000,0.1560,0.1560,-0.0361,0.0000,0.0000,0.0040,0.0016,0.0067
0.1155,1.9301,2.0000,-0.0205,0.0067,371.6730,86.5026,0.0000,0.1469,0.1469,-0.0427,0.0000,0.0000,0.0040,0.0016,-0.0010
0.2000,1.7783,2.0000,-0.0121,0.0067,371.8697,86.4774,0.0000,0.1328,0.1328,-0.0504,0.0000,0.0000,0.0040,0.0016,-0.0084
0.1266,1.9248,2.0000,-0.0037,0.0121,372.0589,86.4471,0.0000,0.1054,0.1054,-0.0490,0.0000,0.0000,0.0073,0.0029,-0.0168
0.0668,1.9664,2.0000,0.0047,0.0121,372.2544,86.4437,0.0000,0.1113,0.1113,-0.0566,0.0000,0.0000,0.0073,0.0029,-0.0244
0.1097,1.9018,2.0000,-0.0037,-0.0065,372.4266,86.4374,0.0000,0.1166,0.1166,-0.1036,0.0000,0.0000,-0.0039,-0.0016,-0.0232
0.0903,1.9371,2.0000,0.0047,-0.0065,372.6177,86.4267,0.0000,0.1115,0.1115,-0.1005,0.0000,0.0000,-0.0039,-0.0016,-0.0159
0.1999,1.7067,2.0000,0.0131,-0.0065,372.8054,86.4236,0.0000,0.1285,0.1285,-0.0945,0.0000,0.0000,-0.0039,-0.0016,-0.0072
0.1555,1.8967,2.0000,0.0215,-0.0049,373.0013,86.4124,0.0000,0.1171,0.1171,-0.0888,0.0000,0.0000,-0.0029,-0.0012,0.0009
0.2000,1.8626,2.0000,0.0299,-0.0049,373.1924,86.4027,0.0000,0.1156,0.1156,-0.0893,0.0000,0.0000,-0.0029,-0.0012,-0.0015
0.1100,1.9454,2.0000,0.0383,0.0079,373.3950,86.4050,0.0000,0.1217,0.1217,-0.0780,0.0000,0.0000,0.0048,0.0019,-0.0009
0.1731,1.8970,2.0000,0.0321,0.0079,373.5845,86.3921,0.0000,0.1270,0.1270,-0.0686,0.0000,0.0000,0.0048,0.0019,0.0039
0.0414,2.0092,2.0000,0.0239,0.0079,373.7790,86.3838,0.0000,0.1301,0.1301,-0.0592,0.0000,0.0000,0.0048,0.0019,0.0135
0.2000,1.8856,2.0000,0.0218,0.0142,373.9760,86.3677,0.0000,0.1349,0.1349,-0.0492,0.0000,0.0000,0.0085,0.0034,0.0197
0.1999,1.9309,2.0000,0.0137,0.0142,374.1692,86.3587,0.0000,0.1414,0.1414,-0.0380,0.0000,0.0000,0.0085,0.0034,0.0300
0.1722,1.9611,2.0000,0.0127,0.0210,374.3623,86.3521,0.0000,0.1465,0.1465,-0.0324,0.0000,0.0000,0.0126,0.0051,0.0289
0.1999,1.9195,2.0000,0.0044,0.0210,374.5601,86.3294,0.0000,0.1362,0.1362,-0.0319,0.0000,0.0000,0.0126,0.0051,0.0241
0.1995,1.9170,2.0000,-0.0040,0.0210,374.7655,86.3283,0.0000,0.1458,0.1458,-0.0325,0.0000,0.0000,0.0126,0.0051,0.0189
0.0957,1.9733,2.0000,-0.0124,0.0171,374.9684,86.3128,0.0000,0.1400,0.1400,-0.0313,0.0000,0.0000,0.0103,0.0041,0.0110
-0.0281,2.0381,2.0000,-0.0208,0.0171,375.1532,86.3039,0.0000,0.1392,0.1392,-0.0316,0.0000,0.0000,0.0103,0.0041,0.0103
-0.0243,2.0175,2.0000,-0.0174,0.0124,375.3449,86.2936,0.0000,0.1350,0.1350,-0.0382,0.0000,0.0000,0.0075,0.0030,0.0033
0.1749,1.8345,2.0000,-0.0132,0.0124,375.5319,86.2891,0.0000,0.1392,0.1392,-0.0450,0.0000,0.0000,0.0075,0.0030,-0.0041
0.1401,1.9031,2.0000,-0.0048,0.0124,375.7184,86.2878,0.0000,0.1392,0.1392,-0.0538,0.0000,0.0000,0.0075,0.0030,-0.0110
0.1792,1.8536,2.0000,-0.0019,0.0069,375.9149,86.2701,0.0000,0.1279,0.1279,-0.0612,0.0000,0.0000,0.0042,0.0017,-0.0185
0.1979,1.8472,2.0000,0.0065,0.0069,376.1071,86.2484,0.0000,0.1142,0.1142,-0.0627,0.0000,0.0000,0.0042,0.0017,-0.0173
0.1014,1.9558,2.0000,0.0131,0.0069,376.2955,86.2508,0.0000,0.1219,0.1219,-0.0626,0.0000,0.0000,0.0042,0.0017,-0.0129
0.1101,1.9187,2.0000,0.0215,0.0152,376.4939,86.2387,0.0000,0.1221,0.1221,-0.0595,0.0000,0.0000,0.0092,0.0037,-0.0060
0.2000,1.8669,2.0000,0.0131,0.0152,376.6875,86.2276,0.0000,0.1230,0.1230,-0.0573,0.0000,0.0000,0.0092,0.0037,-0.0023
0.0913,1.9705,2.0000,0.0120,0.0155,376.9009,86.2110,0.0000,0.1178,0.1178,-0.0533,0.0000,0.0000,0.0094,0.0037,0.0055
0.1003,1.9227,2.0000,0.0152,0.0155,377.0933,86.2174,0.0000,0.1393,0.1393,-0.0467,0.0000,0.0000,0.0094,0.0037,0.0110
-0.0988,2.1216,2.0000,0.0144,0.0104,377.2881,86.1995,0.0000,0.1314,0.1314,-0.0584,0.0000,0.0000,0.0063,0.0025,0.0175
0.0697,1.9113,2.0000,0.0173,0.0104,377.4898,86.1827,0.0000,0.1274,0.1274,-0.0597,0.0000,0.0000,0.0063,0.0025,0.0119
0.0822,1.9398,2.0000,0.0240,0.0104,377.6890,86.1732,0.0000,0.1244,0.1244,-0.0580,0.0000,0.0000,0.0063,0.0025,0.0107
0.0170,2.0073,2.0000,0.0324,0.0162,377.8927,86.1554,0.0000,0.1133,0.1133,-0.0680,0.0000,0.0000,0.0098,0.0039,0.0130
0.0266,1.9778,2.0000,0.0406,0.0162,378.0792,86.1474,0.0000,0.1108,0.1108,-0.0658,0.0000,0.0000,0.0098,0.0039,0.0125
-0.0211,2.0273,2.0000,0.0395,0.0162,378.2821,86.1398,0.0000,0.1096,0.1096,-0.0594,0.0000,0.0000,0.0098,0.0039,0.0149
0.1647,1.8510,2.0000,0.0311,0.0019,378.4806,86.1284,0.0000,0.1114,0.1114,-0.0657,0.0000,0.0000,0.0011,0.0004,0.0205
0.0350,2.0150,2.0000,0.0227,0.0019,378.6760,86.1177,0.0000,0.1021,0.1021,-0.0555,0.0000,0.0000,0.0011,0.0004,0.0272
0.0413,1.9722,2.0000,0.0197,0.0073,378.8688,86.1136,0.0000,0.1082,0.1082,-0.0322,0.0000,0.0000,0.0044,0.0018,0.0346
0.1351,1.9405,2.0000,0.0113,0.0073,379.0609,86.1180,0.0000,0.1173,0.1173,-0.0304,0.0000,0.0000,0.0044,0.0018,0.0337
0.2000,1.9138,2.0000,0.0029,0.0073,379.2527,86.1290,0.0000,0.1318,0.1318,-0.0314,0.0000,0.0000,0.0044,0.0018,0.0263
0.1986,1.9062,2.0000,0.0039,0.0167,379.4339,86.1390,0.0000,0.1435,0.1435,-0.0231,0.0000,0.0000,0.0101,0.0040,0.0204
0.1996,1.9071,2.0000,-0.0040,0.0167,379.6252,86.1427,0.0000,0.1519,0.1519,-0.0233,0.0000,0.0000,0.0101,0.0040,0.0167
0.2000,1.7996,2.0000,-0.0124,0.0167,379.8137,86.1492,0.0000,0.1612,0.1612,-0.0280,0.0000,0.0000,0.0101,0.0040,0.0099
0.2000,1.8981,2.0000,-0.0208,0.0035,380.0107,86.1481,0.0000,0.1630,0.1630,-0.0184,0.0000,0.0000,0.0021,0.0008,0.0024
0.2005,1.8693,2.0000,-0.0292,0.0035,380.2090,86.1415,0.0000,0.1625,0.1625,-0.0191,0.0000,0.0000,0.0021,0.0008,0.0020
0.1054,1.9538,2.0000,-0.0358,-0.0067,380.4119,86.1406,0.0000,0.1600,0.1600,-0.0481,0.0000,0.0000,-0.0040,-0.0016,-0.0049
0.0604,1.9673,2.0000,-0.0274,-0.0067,380.5906,86.1358,0.0000,0.1502,0.1502,-0.0575,0.0000,0.0000,-0.0040,-0.0016,-0.0131
0.0072,2.0102,2.0000,-0.0190,-0.0067,380.7855,86.1272,0.0000,0.1338,0.1338,-0.0687,0.0000,0.0000,-0.0040,-0.0016,-0.0196
0.1999,1.7718,2.0000,-0.0154,-0.0115,380.9791,86.1212,0.0000,0.1301,0.1301,-0.0821,0.0000,0.0000,-0.0069,-0.0028,-0.0288
0.1181,1.9338,2.0000,-0.0070,-0.0115,381.1773,86.0925,0.0000,0.0919,0.0919,-0.0898,0.0000,0.0000,-0.0069,-0.0028,-0.0341
0.1080,1.9199,2.0000,-0.0129,-0.0258,381.3822,86.0830,0.0000,0.0826,0.0826,-0.0978,0.0000,0.0000,-0.0155,-0.0062,-0.0286
0.0424,1.9863,2.0000,-0.0045,-0.0258,381.5739,86.0727,0.0000,0.0697,0.0697,-0.0954,0.0000,0.0000,-0.0155,-0.0062,-0.0201
-0.0170,2.0334,2.0000,0.0039,-0.0258,381.7565,86.0720,0.0000,0.0659,0.0659,-0.0959,0.0000,0.0000,-0.0155,-0.0062,-0.0166
0.0857,1.9030,2.0000,-0.0045,-0.0461,381.9434,86.0549,0.0000,0.0529,0.0529,-0.1228,0.0000,0.0000,-0.0278,-0.0111,-0.0090
0.2000,1.8095,2.0000,0.0039,-0.0461,382.1470,86.0312,0.0000,0.0275,0.0275,-0.1255,0.0000,0.0000,-0.0278,-0.0111,-0.0127
0.1999,1.8614,2.0000,0.0123,-0.0461,382.3460,86.0219,0.0000,0.0118,0.0118,-0.1216,0.0000,0.0000,-0.0278,-0.0111,-0.0068
0.0192,2.0320,2.0000,0.0207,-0.0441,382.5284,86.0207,0.0000,0.0021,0.0021,-0.0965,0.0000,0.0000,-0.0266,-0.0106,0.0016
0.0297,1.9753,2.0000,0.0291,-0.0441,382.7169,86.0083,0.0000,-0.0097,-0.0097,-0.0989,0.0000,0.0000,-0.0266,-0.0106,-0.0036
0.2001,1.8088,2.0000,0.0375,-0.0441,382.9122,86.0014,0.0000,-0.0070,-0.0070,-0.0942,0.0000,0.0000,-0.0266,-0.0106,0.0018
0.1729,1.8727,2.0000,0.0368,-0.0532,383.1002,85.9889,0.0000,-0.0192,-0.0192,-0.0880,0.0000,0.0000,-0.0321,-0.0128,0.0092
0.1063,1.9384,2.0000,0.0452,-0.0532,383.2887,85.9748,0.0000,-0.0314,-0.0314,-0.0793,0.0000,0.0000,-0.0321,-0.0128,0.0154
0.1479,1.8676,2.0000,0.0399,-0.0669,383.4691,85.9761,0.0000,-0.0229,-0.0229,-0.0824,0.0000,0.0000,-0.0404,-0.0162,0.0224
0.1485,1.8750,2.0000,0.0448,-0.0669,383.6519,85.9666,0.0000,-0.0304,-0.0304,-0.0738,0.0000,0.0000,-0.0404,-0.0162,0.0297
0.2000,1.7910,2.0000,0.0418,-0.0669,383.8399,85.9557,0.0000,-0.0350,-0.0350,-0.0666,0.0000,0.0000,-0.0404,-0.0162,0.0302
0.2000,1.8154,2.0000,0.0447,-0.0556,384.0344,85.9640,0.0000,-0.0211,-0.0211,-0.0140,0.0000,0.0000,-0.0336,-0.0134,0.0367
0.1762,1.8679,2.0000,0.0000,-0.0556,384.2170,85.9726,0.0000,-0.0021,-0.0021,-0.0074,0.0000,0.0000,-0.0336,-0.0134,0.0344
0.1234,1.9325,2.0000,0.0000,-0.0615,384.4068,85.9658,0.0000,0.0008,0.0008,0.0033,0.0000,0.0000,-0.0371,-0.0148,0.0370
0.1899,1.8162,2.0000,-0.0084,-0.0615,384.5881,85.9716,0.0000,0.0180,0.0180,0.0087,0.0000,0.0000,-0.0371,-0.0148,0.0354
0.1603,1.8838,2.0000,-0.0168,-0.0615,384.7899,85.9878,0.0000,0.0435,0.0435,0.0137,0.0000,0.0000,-0.0371,-0.0148,0.0381
0.2002,1.8016,2.0000,-0.0252,-0.0737,384.9807,85.9949,0.0000,0.0564,0.0564,0.0195,0.0000,0.0000,-0.0445,-0.0178,0.0301
0.0465,2.0088,2.0000,-0.0336,-0.0737,385.1753,86.0026,0.0000,0.0704,0.0704,0.0148,0.0000,0.0000,-0.0445,-0.0178,0.0179
0.1104,1.8942,2.0000,-0.0419,-0.0737,385.3680,86.0098,0.0000,0.0789,0.0789,0.0063,0.0000,0.0000,-0.0445,-0.0178,0.0087
0.0941,1.9312,2.0000,-0.0335,-0.0522,385.5547,86.0123,0.0000,0.0853,0.0853,0.0204,0.0000,0.0000,-0.0315,-0.0126,-0.0065
0.1149,1.9105,2.0000,-0.0419,-0.0522,385.7346,86.0137,0.0000,0.0878,0.0878,0.0062,0.0000,0.0000,-0.0315,-0.0126,-0.0190
0.1788,1.8508,2.0000,-0.0463,-0.0481,385.9231,86.0005,0.0000,0.0778,0.0778,0.0142,0.0000,0.0000,-0.0290,-0.0116,-0.0280
0.2000,1.7822,2.0000,-0.0547,-0.0481,386.1166,85.9919,0.0000,0.0765,0.0765,0.0018,0.0000,0.0000,-0.0290,-0.0116,-0.0410
0.1991,1.8744,2.0000,-0.0629,-0.0481,386.2898,85.9926,0.0000,0.0851,0.0851,-0.0048,0.0000,0.0000,-0.0290,-0.0116,-0.0356
0.1841,1.9209,2.0000,-0.0713,-0.0675,386.4711,85.9765,0.0000,0.0766,0.0766,-0.0011,0.0000,0.0000,-0.0408,-0.0163,-0.0413
0.2000,1.7147,2.0000,-0.0797,-0.0675,386.6560,85.9751,0.0000,0.0842,0.0842,-0.0114,0.0000,0.0000,-0.0408,-0.0163,-0.0494
0.2000,1.8051,2.0000,-0.0733,-0.0675,386.8379,85.9637,0.0000,0.0804,0.0804,-0.0247,0.0000,0.0000,-0.0408,-0.0163,-0.0530
0.2002,1.8308,2.0000,-0.0713,-0.0571,387.0228,85.9403,0.0000,0.0658,0.0658,-0.0188,0.0000,0.0000,-0.0344,-0.0138,-0.0606
0.2000,1.8064,2.0000,-0.0629,-0.0571,387.1962,85.9178,0.0000,0.0520,0.0520,-0.0350,0.0000,0.0000,-0.0344,-0.0138,-0.0706
0.1970,1.8497,2.0000,-0.0545,-0.0571,387.3821,85.9038,0.0000,0.0484,0.0484,-0.0498,0.0000,0.0000,-0.0344,-0.0138,-0.0772
0.2000,1.7352,2.0000,-0.0461,-0.0553,387.5506,85.8794,0.0000,0.0395,0.0395,-0.0368,0.0000,0.0000,-0.0334,-0.0133,-0.0767
0.2000,1.8473,2.0000,-0.0377,-0.0553,387.7333,85.8589,0.0000,0.0354,0.0354,-0.0466,0.0000,0.0000,-0.0334,-0.0133,-0.0741
0.2000,1.6893,2.0000,-0.0293,-0.0553,387.9156,85.8338,0.0000,0.0336,0.0336,-0.0493,0.0000,0.0000,-0.0334,-0.0133,-0.0705
0.2000,1.8222,2.0000,-0.0247,-0.0540,388.0877,85.8087,0.0000,0.0289,0.0289,-0.0359,0.0000,0.0000,-0.0325,-0.0130,-0.0602
0.1999,1.8243,2.0000,-0.0212,-0.0540,388.2586,85.7821,0.0000,0.0259,0.0259,-0.0379,0.0000,0.0000,-0.0325,-0.0130,-0.0524
0.2000,1.7240,2.0000,-0.0216,-0.0540,388.4405,85.7523,0.0000,0.0256,0.0256,-0.0353,0.0000,0.0000,-0.0325,-0.0130,-0.0423
0.2000,1.7152,2.0000,-0.0247,-0.0486,388.6132,85.7291,0.0000,0.0309,0.0309,-0.0170,0.0000,0.0000,-0.0293,-0.0117,-0.0339
0.2000,1.8274,2.0000,-0.0325,-0.0486,388.7918,85.6990,0.0000,0.0295,0.0295,-0.0186,0.0000,0.0000,-0.0293,-0.0117,-0.0265
0.2000,1.7268,2.0000,-0.0409,-0.0514,388.9646,85.6752,0.0000,0.0355,0.0355,0.0191,0.0000,0.0000,-0.0310,-0.0124,-0.0212
0.2000,1.7954,2.0000,-0.0493,-0.0514,389.1471,85.6388,0.0000,0.0363,0.0363,0.0151,0.0000,0.0000,-0.0310,-0.0124,-0.0209
0.2000,1.7289,2.0000,-0.0577,-0.0514,389.3240,85.6038,0.0000,0.0335,0.0335,0.0083,0.0000,0.0000,-0.0310,-0.0124,-0.0228
0.2001,1.8458,2.0000,-0.0661,-0.0685,389.5138,85.5607,0.0000,0.0214,0.0214,-0.0269,0.0000,0.0000,-0.0414,-0.0165,-0.0266
0.2000,1.7880,2.0000,-0.0577,-0.0685,389.6899,85.5331,0.0000,0.0202,0.0202,-0.0375,0.0000,0.0000,-0.0414,-0.0165,-0.0336
0.1303,1.9309,2.0000,-0.0493,-0.0677,389.8718,85.5004,0.0000,0.0068,0.0068,-0.0469,0.0000,0.0000,-0.0408,-0.0163,-0.0488
0.2000,1.7660,2.0000,-0.0409,-0.0677,390.0484,85.4721,0.0000,0.0082,0.0082,-0.0569,0.0000,0.0000,-0.0408,-0.0163,-0.0548
0.2000,1.8312,2.0000,-0.0325,-0.0677,390.2217,85.4474,0.0000,0.0064,0.0064,-0.0719,0.0000,0.0000,-0.0408,-0.0163,-0.0650
0.2000,1.7712,2.0000,-0.0241,-0.0677,390.3915,85.3924,0.0000,-0.0182,-0.0182,-0.0781,0.0000,0.0000,-0.0408,-0.0163,-0.0647
0.2000,1.7324,2.0000,-0.0157,-0.0420,390.5685,85.3552,0.0000,-0.0127,-0.0127,-0.0180,0.0000,0.0000,-0.0253,-0.0101,-0.0590
0.2000,1.7723,2.0000,-0.0144,-0.0420,390.7484,85.3130,0.0000,-0.0109,-0.0109,-0.0203,0.0000,0.0000,-0.0253,-0.0101,-0.0497
0.2000,1.7922,2.0000,-0.0216,-0.0506,390.9207,85.2709,0.0000,-0.0082,-0.0082,-0.0225,0.0000,0.0000,-0.0305,-0.0122,-0.0369
0.2001,1.8316,2.0000,-0.0134,-0.0506,391.0950,85.2301,0.0000,-0.0051,-0.0051,-0.0227,0.0000,0.0000,-0.0305,-0.0122,-0.0305
0.2000,1.7588,2.0000,-0.0218,-0.0506,391.2681,85.1955,0.0000,0.0088,0.0088,-0.0171,0.0000,0.0000,-0.0305,-0.0122,-0.0224
0.2000,1.7743,2.0000,-0.0302,-0.0574,391.4424,85.1590,0.0000,0.0172,0.0172,-0.0001,0.0000,0.0000,-0.0346,-0.0139,-0.0150
0.2000,1.7503,2.0000,-0.0386,-0.0574,391.6104,85.1335,0.0000,0.0366,0.0366,-0.0022,0.0000,0.0000,-0.0346,-0.0139,-0.0163
0.2000,1.7644,2.0000,-0.0470,-0.0574,391.8033,85.0918,0.0000,0.0434,0.0434,-0.0089,0.0000,0.0000,-0.0346,-0.0139,-0.0185
0.2000,1.6846,2.0000,-0.0554,-0.0723,391.9726,85.0518,0.0000,0.0495,0.0495,0.0034,0.0000,0.0000,-0.0436,-0.0174,-0.0163
0.1045,1.9545,2.0000,-0.0638,-0.0723,392.1551,85.0115,0.0000,0.0559,0.0559,-0.0071,0.0000,0.0000,-0.0436,-0.0174,-0.0219
0.2000,1.7244,2.0000,-0.0677,-0.0723,392.3408,84.9632,0.0000,0.0532,0.0532,-0.0198,0.0000,0.0000,-0.0436,-0.0174,-0.0321
0.2000,1.8507,2.0000,-0.0675,-0.0637,392.5083,84.9161,0.0000,0.0467,0.0467,-0.0282,0.0000,0.0000,-0.0384,-0.0154,-0.0435
0.1495,1.9025,2.0000,-0.0591,-0.0637,392.6874,84.8674,0.0000,0.0387,0.0387,-0.0449,0.0000,0.0000,-0.0384,-0.0154,-0.0530
0.2000,1.7250,2.0000,-0.0569,-0.0531,392.8712,84.8129,0.0000,0.0360,0.0360,-0.0081,0.0000,0.0000,-0.0320,-0.0128,-0.0586
0.1999,1.8388,2.0000,-0.0485,-0.0531,393.0571,84.7746,0.0000,0.0501,0.0501,-0.0246,0.0000,0.0000,-0.0320,-0.0128,-0.0677
0.2000,1.8994,2.0000,-0.0569,-0.0531,393.2249,84.7339,0.0000,0.0596,0.0596,-0.0337,0.0000,0.0000,-0.0320,-0.0128,-0.0693
0.1999,1.8776,2.0000,-0.0653,-0.0582,393.4050,84.6715,0.0000,0.0552,0.0552,-0.0243,0.0000,0.0000,-0.0351,-0.0140,-0.0660
0.2000,1.7086,2.0000,-0.0577,-0.0582,393.5825,84.6154,0.0000,0.0608,0.0608,-0.0258,0.0000,0.0000,-0.0351,-0.0140,-0.0605
0.2001,1.8906,2.0000,-0.0661,-0.0785,393.7628,84.5558,0.0000,0.0599,0.0599,-0.0261,0.0000,0.0000,-0.0474,-0.0189,-0.0583
0.2001,1.8444,2.0000,-0.0600,-0.0785,393.9243,84.4891,0.0000,0.0473,0.0473,-0.0331,0.0000,0.0000,-0.0474,-0.0189,-0.0540
0.1907,1.8824,2.0000,-0.0517,-0.0785,394.0997,84.4255,0.0000,0.0406,0.0406,-0.0448,0.0000,0.0000,-0.0474,-0.0189,-0.0601
0.2000,1.7344,2.0000,-0.0433,-0.0785,394.2744,84.3695,0.0000,0.0463,0.0463,-0.0511,0.0000,0.0000,-0.0474,-0.0189,-0.0625
0.2003,1.8494,2.0000,-0.0361,-0.0797,394.4452,84.3094,0.0000,0.0396,0.0396,-0.0619,0.0000,0.0000,-0.0481,-0.0192,-0.0634
0.2000,1.8164,2.0000,-0.0277,-0.0797,394.6252,84.2618,0.0000,0.0544,0.0544,-0.0680,0.0000,0.0000,-0.0481,-0.0192,-0.0649
0.2000,1.7943,2.0000,-0.0307,-0.0816,394.8029,84.1968,0.0000,0.0529,0.0529,-0.0561,0.0000,0.0000,-0.0493,-0.0197,-0.0594
0.1986,1.8427,2.0000,-0.0305,-0.0816,394.9858,84.1285,0.0000,0.0531,0.0531,-0.0578,0.0000,0.0000,-0.0493,-0.0197,-0.0517
0.1930,1.8738,2.0000,-0.0320,-0.0816,395.1662,84.0668,0.0000,0.0609,0.0609,-0.0552,0.0000,0.0000,-0.0493,-0.0197,-0.0378
0.1289,1.9345,2.0000,-0.0371,-0.0784,395.3345,83.9963,0.0000,0.0598,0.0598,-0.0238,0.0000,0.0000,-0.0473,-0.0189,-0.0319
0.1385,1.8886,2.0000,-0.0455,-0.0784,395.4958,83.9348,0.0000,0.0666,0.0666,-0.0246,0.0000,0.0000,-0.0473,-0.0189,-0.0283
0.2001,1.8088,2.0000,-0.0539,-0.0784,395.6656,83.8713,0.0000,0.0724,0.0724,-0.0295,0.0000,0.0000,-0.0473,-0.0189,-0.0282
0.2000,1.7110,2.0000,-0.0482,-0.0642,395.8226,83.7968,0.0000,0.0710,0.0710,0.0169,0.0000,0.0000,-0.0387,-0.0155,-0.0310
0.2000,1.7955,2.0000,-0.0566,-0.0642,395.9728,83.7306,0.0000,0.0724,0.0724,0.0078,0.0000,0.0000,-0.0387,-0.0155,-0.0329
0.2000,1.7232,2.0000,-0.0650,-0.0642,396.1659,83.6546,0.0000,0.0801,0.0801,-0.0064,0.0000,0.0000,-0.0387,-0.0155,-0.0444
0.2000,1.6271,2.0000,-0.0714,-0.0740,396.3287,83.5822,0.0000,0.0801,0.0801,-0.0311,0.0000,0.0000,-0.0447,-0.0179,-0.0546
0.0000,2.0539,2.0000,-0.0630,-0.0740,396.4806,83.5085,0.0000,0.0646,0.0646,-0.0441,0.0000,0.0000,-0.0447,-0.0179,-0.0509
0.2000,1.7671,2.0000,-0.0714,-0.0771,396.6695,83.4374,0.0000,0.0792,0.0792,-0.0332,0.0000,0.0000,-0.0466,-0.0186,-0.0547
0.2000,1.6741,2.0000,-0.0635,-0.0771,396.8436,83.3569,0.0000,0.0791,0.0791,-0.0428,0.0000,0.0000,-0.0466,-0.0186,-0.0609
0.1027,1.9969,2.0000,-0.0719,-0.0871,397.0074,83.2809,0.0000,0.0668,0.0668,-0.0339,0.0000,0.0000,-0.0526,-0.0210,-0.0676
0.2000,1.9003,2.0000,-0.0803,-0.0871,397.1688,83.1987,0.0000,0.0639,0.0639,-0.0408,0.0000,0.0000,-0.0526,-0.0210,-0.0658
0.2000,1.7882,2.0000,-0.0719,-0.0871,397.3358,83.1159,0.0000,0.0627,0.0627,-0.0511,0.0000,0.0000,-0.0526,-0.0210,-0.0707
0.2000,1.7960,2.0000,-0.0635,-0.0871,397.4860,83.0236,0.0000,0.0464,0.0464,-0.0564,0.0000,0.0000,-0.0526,-0.0210,-0.0643
0.2001,1.8468,2.0000,-0.0551,-0.0673,397.6639,82.9304,0.0000,0.0478,0.0478,-0.0150,0.0000,0.0000,-0.0406,-0.0162,-0.0713
0.2000,1.7493,2.0000,-0.0531,-0.0673,397.8284,82.8313,0.0000,0.0405,0.0405,-0.0261,0.0000,0.0000,-0.0406,-0.0162,-0.0786
0.0903,1.9900,2.0000,-0.0602,-0.0829,397.9976,82.7313,0.0000,0.0351,0.0351,-0.0324,0.0000,0.0000,-0.0501,-0.0200,-0.0713
0.2001,1.9055,2.0000,-0.0592,-0.0829,398.1732,82.6343,0.0000,0.0421,0.0421,-0.0330,0.0000,0.0000,-0.0501,-0.0200,-0.0633
0.1062,1.9487,2.0000,-0.0676,-0.0917,398.3395,82.5555,0.0000,0.0565,0.0565,-0.0170,0.0000,0.0000,-0.0554,-0.0222,-0.0553
0.0499,1.9873,2.0000,-0.0760,-0.0917,398.5083,82.4703,0.0000,0.0691,0.0691,-0.0249,0.0000,0.0000,-0.0554,-0.0222,-0.0538
0.1996,1.8200,2.0000,-0.0771,-0.0917,398.6548,82.3617,0.0000,0.0518,0.0518,-0.0325,0.0000,0.0000,-0.0554,-0.0222,-0.0596
0.2003,1.8713,2.0000,-0.0855,-0.1051,398.8103,82.2666,0.0000,0.0495,0.0495,-0.0158,0.0000,0.0000,-0.0635,-0.0254,-0.0592
0.2000,1.8109,2.0000,-0.0878,-0.1051,398.9796,82.1616,0.0000,0.0484,0.0484,-0.0289,0.0000,0.0000,-0.0635,-0.0254,-0.0669
0.2000,1.8068,2.0000,-0.0794,-0.1051,399.1414,82.0576,0.0000,0.0438,0.0438,-0.0426,0.0000,0.0000,-0.0635,-0.0254,-0.0748
0.0880,1.9744,2.0000,-0.0721,-0.1064,399.2971,81.9529,0.0000,0.0344,0.0344,-0.0414,0.0000,0.0000,-0.0643,-0.0257,-0.0762
0.1202,1.9056,2.0000,-0.0637,-0.1064,399.4590,81.8600,0.0000,0.0416,0.0416,-0.0548,0.0000,0.0000,-0.0643,-0.0257,-0.0836
0.1869,1.8605,2.0000,-0.0553,-0.1064,399.6102,81.7496,0.0000,0.0303,0.0303,-0.0650,0.0000,0.0000,-0.0643,-0.0257,-0.0852
0.1993,1.8458,2.0000,-0.0469,-0.0991,399.7706,81.6297,0.0000,0.0209,0.0209,-0.0616,0.0000,0.0000,-0.0599,-0.0240,-0.0779
0.1931,1.8575,2.0000,-0.0385,-0.0991,399.9285,81.5150,0.0000,0.0140,0.0140,-0.0665,0.0000,0.0000,-0.0599,-0.0240,-0.0711
0.0697,1.9862,2.0000,-0.0301,-0.0937,400.0884,81.4026,0.0000,0.0096,0.0096,-0.0464,0.0000,0.0000,-0.0566,-0.0226,-0.0631
0.0784,1.9342,2.0000,-0.0307,-0.0937,400.2221,81.2795,0.0000,-0.0085,-0.0085,-0.0460,0.0000,0.0000,-0.0566,-0.0226,-0.0552
0.0804,1.9358,2.0000,-0.0256,-0.0937,400.3687,81.1571,0.0000,-0.0215,-0.0215,-0.0492,0.0000,0.0000,-0.0566,-0.0226,-0.0491
0.1930,1.8042,2.0000,-0.0340,-0.0995,400.5138,81.0283,0.0000,-0.0275,-0.0275,0.0084,0.0000,0.0000,-0.0601,-0.0240,-0.0352
0.1522,1.8947,2.0000,-0.0424,-0.0995,400.6673,80.9145,0.0000,-0.0174,-0.0174,0.0067,0.0000,0.0000,-0.0601,-0.0240,-0.0263
0.1129,1.9253,2.0000,-0.0508,-0.1112,400.8192,80.8038,0.0000,-0.0055,-0.0055,0.0125,0.0000,0.0000,-0.0672,-0.0269,-0.0265
0.1221,1.8931,2.0000,-0.0592,-0.1112,400.9770,80.6953,0.0000,0.0108,0.0108,0.0086,0.0000,0.0000,-0.0672,-0.0269,-0.0223
0.1593,1.8631,2.0000,-0.0675,-0.1112,401.1240,80.5823,0.0000,0.0132,0.0132,-0.0020,0.0000,0.0000,-0.0672,-0.0269,-0.0289
0.1390,1.8963,2.0000,-0.0705,-0.1056,401.2613,80.4760,0.0000,0.0181,0.0181,0.0275,0.0000,0.0000,-0.0638,-0.0255,-0.0382
0.1903,1.8369,2.0000,-0.0789,-0.1056,401.4183,80.3698,0.0000,0.0363,0.0363,0.0124,0.0000,0.0000,-0.0638,-0.0255,-0.0509
0.2000,1.7207,2.0000,-0.0873,-0.1056,401.5634,80.2439,0.0000,0.0341,0.0341,0.0013,0.0000,0.0000,-0.0638,-0.0255,-0.0587
0.1732,1.8747,2.0000,-0.0868,-0.0966,401.6779,80.1253,0.0000,0.0204,0.0204,0.0269,0.0000,0.0000,-0.0584,-0.0233,-0.0666
0.1389,1.9052,2.0000,-0.0952,-0.0966,401.8146,79.9990,0.0000,0.0201,0.0201,0.0146,0.0000,0.0000,-0.0584,-0.0233,-0.0691
0.2000,1.6383,2.0000,-0.1036,-0.0966,401.9518,79.8950,0.0000,0.0333,0.0333,0.0059,0.0000,0.0000,-0.0584,-0.0233,-0.0773
0.2000,1.8463,2.0000,-0.0952,-0.0782,402.0853,79.7739,0.0000,0.0416,0.0416,0.0450,0.0000,0.0000,-0.0472,-0.0189,-0.0843
0.2000,1.7026,2.0000,-0.1036,-0.0782,402.2149,79.6549,0.0000,0.0493,0.0493,0.0384,0.0000,0.0000,-0.0472,-0.0189,-0.0843
0.2000,1.7865,2.0000,-0.1120,-0.0782,402.3391,79.5265,0.0000,0.0488,0.0488,0.0214,0.0000,0.0000,-0.0472,-0.0189,-0.0906
0.2000,1.7437,2.0000,-0.1204,-0.1159,402.4679,79.3953,0.0000,0.0518,0.0518,0.0285,0.0000,0.0000,-0.0701,-0.0281,-0.0958
0.2000,1.7739,2.0000,-0.1288,-0.1159,402.5869,79.2615,0.0000,0.0478,0.0478,0.0171,0.0000,0.0000,-0.0701,-0.0281,-0.0932
0.2000,1.8239,2.0000,-0.1234,-0.1175,402.6958,79.1289,0.0000,0.0343,0.0343,-0.0089,0.0000,0.0000,-0.0711,-0.0284,-0.0985
0.2000,1.7780,2.0000,-0.1150,-0.1175,402.8333,79.0069,0.0000,0.0475,0.0475,-0.0231,0.0000,0.0000,-0.0711,-0.0284,-0.1036
0.2000,1.7075,2.0000,-0.1066,-0.1175,402.9617,78.8857,0.0000,0.0542,0.0542,-0.0391,0.0000,0.0000,-0.0711,-0.0284,-0.1134
0.2000,1.8169,2.0000,-0.0982,-0.1019,403.0727,78.7374,0.0000,0.0266,0.0266,-0.0475,0.0000,0.0000,-0.0616,-0.0246,-0.1212
0.2000,1.7463,2.0000,-0.0898,-0.1019,403.1927,78.5840,0.0000,0.0126,0.0126,-0.0556,0.0000,0.0000,-0.0616,-0.0246,-0.1177
0.2000,1.8436,2.0000,-0.0814,-0.1019,403.3120,78.4397,0.0000,-0.0003,-0.0003,-0.0684,0.0000,0.0000,-0.0616,-0.0246,-0.1123
0.2000,1.9344,2.0000,-0.0730,-0.0928,403.4351,78.3077,0.0000,0.0094,0.0094,-0.0128,0.0000,0.0000,-0.0560,-0.0224,-0.1072
0.2005,1.8570,2.0000,-0.0646,-0.0928,403.5327,78.1667,0.0000,0.0004,0.0004,-0.0139,0.0000,0.0000,-0.0560,-0.0224,-0.0969
0.2000,1.7864,2.0000,-0.0681,-0.0928,403.6427,78.0262,0.0000,0.0005,0.0005,-0.0186,0.0000,0.0000,-0.0560,-0.0224,-0.0915
0.2000,1.7041,2.0000,-0.0765,-0.1043,403.7426,77.8917,0.0000,0.0004,0.0004,0.0165,0.0000,0.0000,-0.0631,-0.0252,-0.0821
0.2000,1.7697,2.0000,-0.0849,-0.1043,403.8536,77.7475,0.0000,0.0073,0.0073,0.0100,0.0000,0.0000,-0.0631,-0.0252,-0.0748
0.2000,1.6624,2.0000,0.0000,-0.1043,403.9519,77.5942,0.0000,-0.0015,-0.0015,0.0076,0.0000,0.0000,-0.0631,-0.0252,-0.0695
0.2000,1.8046,2.0000,-0.0084,-0.1050,404.0733,77.4620,0.0000,0.0243,0.0243,0.0254,0.0000,0.0000,-0.0635,-0.0254,-0.0660
0.2000,1.8079,2.0000,-0.0168,-0.1050,404.1736,77.3194,0.0000,0.0239,0.0239,0.0136,0.0000,0.0000,-0.0635,-0.0254,-0.0699
0.2000,1.7748,2.0000,-0.0252,-0.1050,404.2738,77.1864,0.0000,0.0278,0.0278,0.0007,0.0000,0.0000,-0.0635,-0.0254,-0.0778
0.2000,1.7293,2.0000,-0.0336,-0.1065,404.3806,77.0311,0.0000,0.0328,0.0328,0.0145,0.0000,0.0000,-0.0644,-0.0258,-0.0794
0.2000,1.6503,2.0000,-0.0420,-0.1065,404.4866,76.8776,0.0000,0.0410,0.0410,0.0160,0.0000,0.0000,-0.0644,-0.0258,-0.0655
0.1754,1.8688,2.0000,-0.0504,-0.1231,404.5889,76.7339,0.0000,0.0557,0.0557,0.0270,0.0000,0.0000,-0.0745,-0.0298,-0.0510
0.1753,1.8475,2.0000,-0.0588,-0.1231,404.6904,76.5808,0.0000,0.0677,0.0677,0.0339,0.0000,0.0000,-0.0745,-0.0298,-0.0333
0.2000,1.7496,2.0000,-0.0672,-0.1231,404.7965,76.4212,0.0000,0.0796,0.0796,0.0404,0.0000,0.0000,-0.0745,-0.0298,-0.0210
0.2001,1.8214,2.0000,-0.0588,-0.0858,404.8883,76.2589,0.0000,0.0942,0.0942,0.1558,0.0000,0.0000,-0.0518,-0.0207,-0.0088
0.1506,1.8996,2.0000,-0.0672,-0.0858,405.0055,76.1306,0.0000,0.1576,0.1576,0.1603,0.0000,0.0000,-0.0518,-0.0207,0.0004
0.1687,1.8489,2.0000,-0.0756,-0.0858,405.1234,75.9848,0.0000,0.1936,0.1936,0.1468,0.0000,0.0000,-0.0518,-0.0207,-0.0126
0.2000,1.7229,2.0000,-0.0840,-0.0973,405.2162,75.8299,0.0000,0.1970,0.1970,0.1274,0.0000,0.0000,-0.0588,-0.0235,-0.0249
0.1835,1.8560,2.0000,-0.0924,-0.0973,405.3074,75.6899,0.0000,0.2189,0.2189,0.1073,0.0000,0.0000,-0.0588,-0.0235,-0.0449
0.2000,1.7922,2.0000,-0.1008,-0.0973,405.4161,75.5452,0.0000,0.2454,0.2454,0.0942,0.0000,0.0000,-0.0588,-0.0235,-0.0551
0.2000,1.6566,2.0000,-0.1092,-0.1257,405.4879,75.3921,0.0000,0.2294,0.2294,0.0557,0.0000,0.0000,-0.0761,-0.0304,-0.0697
0.2001,1.7904,2.0000,-0.1173,-0.1257,405.5784,75.2585,0.0000,0.2460,0.2460,0.0380,0.0000,0.0000,-0.0761,-0.0304,-0.0786
0.2000,1.6815,2.0000,-0.1252,-0.1257,405.6708,75.1134,0.0000,0.2546,0.2546,0.0275,0.0000,0.0000,-0.0761,-0.0304,-0.0835
0.2000,1.5981,2.0000,-0.1336,-0.1291,405.7697,74.9534,0.0000,0.2661,0.2661,0.0588,0.0000,0.0000,-0.0782,-0.0313,-0.0910
0.2000,1.7030,2.0000,-0.1420,-0.1291,405.8551,74.7877,0.0000,0.2712,0.2712,0.0401,0.0000,0.0000,-0.0782,-0.0313,-0.0986
0.1805,1.8634,2.0000,-0.1349,-0.1138,405.9416,74.6231,0.0000,0.2788,0.2788,0.0829,0.0000,0.0000,-0.0689,-0.0275,-0.1064
0.1938,1.8508,2.0000,-0.1433,-0.1138,406.0312,74.4645,0.0000,0.2964,0.2964,0.0657,0.0000,0.0000,-0.0689,-0.0275,-0.1139
0.2000,1.8446,2.0000,-0.1517,-0.1138,406.1066,74.3000,0.0000,0.2966,0.2966,0.0452,0.0000,0.0000,-0.0689,-0.0275,-0.1232
0.2000,1.8046,2.0000,-0.1546,-0.1083,406.1988,74.1458,0.0000,0.3194,0.3194,0.0584,0.0000,0.0000,-0.0655,-0.0262,-0.1299
0.2000,1.7984,2.0000,-0.1629,-0.1083,406.2736,73.9843,0.0000,0.3271,0.3271,0.0418,0.0000,0.0000,-0.0655,-0.0262,-0.1315
0.2000,1.7661,2.0000,-0.1713,-0.1083,406.3372,73.8147,0.0000,0.3215,0.3215,0.0270,0.0000,0.0000,-0.0655,-0.0262,-0.1306
0.2000,1.7661,2.0000,-0.1797,-0.1201,406.3919,73.6231,0.0000,0.3003,0.3003,0.0278,0.0000,0.0000,-0.0727,-0.0291,-0.1422
0.2000,1.8022,2.0000,-0.1881,-0.1201,406.4505,73.4683,0.0000,0.2954,0.2954,0.0035,0.0000,0.0000,-0.0727,-0.0291,-0.1500
0.0668,1.9867,2.0000,-0.1797,-0.0954,406.4849,73.2835,0.0000,0.2558,0.2558,0.0243,0.0000,0.0000,-0.0577,-0.0231,-0.1539
0.2000,1.6452,2.0000,-0.1881,-0.0954,406.5280,73.0913,0.0000,0.2305,0.2305,0.0162,0.0000,0.0000,-0.0577,-0.0231,-0.1614
0.1621,1.8855,2.0000,-0.1797,-0.0954,406.5695,72.8971,0.0000,0.2030,0.2030,-0.0254,0.0000,0.0000,-0.0577,-0.0231,-0.1718
0.0783,1.9672,2.0000,-0.1713,-0.0944,406.6086,72.7237,0.0000,0.1796,0.1796,-0.0351,0.0000,0.0000,-0.0570,-0.0228,-0.1783
0.0397,1.9842,2.0000,-0.1629,-0.0944,406.6665,72.5352,0.0000,0.1729,0.1729,-0.0600,0.0000,0.0000,-0.0570,-0.0228,-0.1779
0.1999,1.7730,2.0000,-0.1545,-0.0944,406.6902,72.3499,0.0000,0.1454,0.1454,-0.0684,0.0000,0.0000,-0.0570,-0.0228,-0.1760
0.0998,1.9559,2.0000,-0.1629,-0.1145,406.7075,72.1731,0.0000,0.1020,0.1020,-0.0777,0.0000,0.0000,-0.0693,-0.0277,-0.1786
0.1462,1.8665,2.0000,-0.1545,-0.1145,406.7430,71.9965,0.0000,0.0932,0.0932,-0.0856,0.0000,0.0000,-0.0693,-0.0277,-0.1701
0.2000,1.7771,2.0000,-0.1461,-0.1145,406.7771,71.8289,0.0000,0.0857,0.0857,-0.0942,0.0000,0.0000,-0.0693,-0.0277,-0.1620
0.2000,1.7890,2.0000,-0.1377,-0.0886,406.8030,71.6473,0.0000,0.0650,0.0650,-0.0664,0.0000,0.0000,-0.0535,-0.0214,-0.1559
0.2000,1.6964,2.0000,-0.1293,-0.0886,406.8287,71.4730,0.0000,0.0554,0.0554,-0.0769,0.0000,0.0000,-0.0535,-0.0214,-0.1518
0.2000,1.8233,2.0000,-0.1209,-0.0886,406.8578,71.2996,0.0000,0.0396,0.0396,-0.1000,0.0000,0.0000,-0.0535,-0.0214,-0.1540
0.2000,1.7499,2.0000,-0.1125,-0.0785,406.8680,71.1280,0.0000,0.0235,0.0235,-0.0527,0.0000,0.0000,-0.0474,-0.0189,-0.1422
0.2000,1.7426,2.0000,-0.1041,-0.0785,406.8872,70.9356,0.0000,0.0143,0.0143,-0.0632,0.0000,0.0000,-0.0474,-0.0189,-0.1336
0.2000,1.7107,2.0000,-0.0957,-0.0785,406.9018,70.7487,0.0000,0.0028,0.0028,-0.0726,0.0000,0.0000,-0.0474,-0.0189,-0.1275
0.1320,1.9194,2.0000,-0.0911,-0.0822,406.9208,70.5630,0.0000,-0.0057,-0.0057,-0.0604,0.0000,0.0000,-0.0497,-0.0199,-0.1191
0.1617,1.8607,2.0000,-0.0827,-0.0822,406.9208,70.3834,0.0000,-0.0250,-0.0250,-0.0670,0.0000,0.0000,-0.0497,-0.0199,-0.1114
0.1857,1.8494,2.0000,-0.0743,-0.0815,406.9348,70.2054,0.0000,-0.0285,-0.0285,-0.0577,0.0000,0.0000,-0.0492,-0.0197,-0.1038
0.2000,1.7869,2.0000,-0.0659,-0.0815,406.9522,70.0177,0.0000,-0.0254,-0.0254,-0.0622,0.0000,0.0000,-0.0492,-0.0197,-0.0961
0.2000,1.7694,2.0000,-0.0576,-0.0815,406.9606,69.8367,0.0000,-0.0316,-0.0316,-0.0677,0.0000,0.0000,-0.0492,-0.0197,-0.0888
0.1922,1.8666,2.0000,-0.0492,-0.0680,406.9679,69.6435,0.0000,-0.0370,-0.0370,-0.0251,0.0000,0.0000,-0.0410,-0.0164,-0.0846
0.2000,1.7969,2.0000,-0.0408,-0.0680,406.9738,69.4567,0.0000,-0.0344,-0.0344,-0.0277,0.0000,0.0000,-0.0410,-0.0164,-0.0774
0.1418,1.9161,2.0000,-0.0451,-0.0807,406.9682,69.2471,0.0000,-0.0459,-0.0459,-0.0403,0.0000,0.0000,-0.0487,-0.0195,-0.0700
0.1950,1.8528,2.0000,-0.0367,-0.0807,406.9613,69.0573,0.0000,-0.0548,-0.0548,-0.0399,0.0000,0.0000,-0.0487,-0.0195,-0.0598
-0.0050,2.0802,2.0000,-0.0408,-0.0934,406.9637,68.8669,0.0000,-0.0598,-0.0598,-0.0273,0.0000,0.0000,-0.0565,-0.0226,-0.0518
0.1666,1.8846,2.0000,-0.0324,-0.0934,406.9502,68.6807,0.0000,-0.0705,-0.0705,-0.0256,0.0000,0.0000,-0.0565,-0.0226,-0.0438
0.1496,1.8872,2.0000,-0.0311,-0.0934,406.9504,68.4950,0.0000,-0.0698,-0.0698,-0.0269,0.0000,0.0000,-0.0565,-0.0226,-0.0370
0.1729,1.8524,2.0000,-0.0284,-0.0934,406.9520,68.3159,0.0000,-0.0690,-0.0690,-0.0307,0.0000,0.0000,-0.0565,-0.0226,-0.0335
0.1878,1.8410,2.0000,-0.0200,-0.0707,406.9266,68.1292,0.0000,-0.0844,-0.0844,0.0362,0.0000,0.0000,-0.0427,-0.0171,-0.0325
0.2000,1.7753,2.0000,-0.0284,-0.0707,406.9285,67.9477,0.0000,-0.0713,-0.0713,0.0328,0.0000,0.0000,-0.0427,-0.0171,-0.0305
0.1984,1.8708,2.0000,-0.0368,-0.0795,406.9318,67.7660,0.0000,-0.0534,-0.0534,0.0123,0.0000,0.0000,-0.0480,-0.0192,-0.0251
0.2000,1.7981,2.0000,-0.0452,-0.0795,406.9171,67.5433,0.0000,-0.0541,-0.0541,0.0118,0.0000,0.0000,-0.0480,-0.0192,-0.0226
0.2000,1.8007,2.0000,-0.0533,-0.0795,406.9023,67.3554,0.0000,-0.0586,-0.0586,0.0093,0.0000,0.0000,-0.0480,-0.0192,-0.0175
-0.0000,2.2133,2.0000,-0.0506,-0.0685,406.8979,67.1762,0.0000,-0.0468,-0.0468,0.0288,0.0000,0.0000,-0.0413,-0.0165,-0.0194
0.1536,1.8691,2.0000,-0.0558,-0.0685,406.8852,66.9966,0.0000,-0.0538,-0.0538,0.0216,0.0000,0.0000,-0.0413,-0.0165,-0.0246
0.2000,1.7764,2.0000,-0.0474,-0.0685,406.8740,66.8236,0.0000,-0.0589,-0.0589,0.0059,0.0000,0.0000,-0.0413,-0.0165,-0.0421
0.2000,1.7860,2.0000,-0.0558,-0.0927,406.8598,66.6379,0.0000,-0.0577,-0.0577,0.0322,0.0000,0.0000,-0.0560,-0.0224,-0.0499
0.2000,1.7191,2.0000,-0.0642,-0.0927,406.8436,66.4615,0.0000,-0.0571,-0.0571,0.0258,0.0000,0.0000,-0.0560,-0.0224,-0.0485
0.1954,1.8468,2.0000,-0.0585,-0.0787,406.8172,66.2706,0.0000,-0.0622,-0.0622,0.0295,0.0000,0.0000,-0.0475,-0.0190,-0.0520
0.2000,1.7569,2.0000,-0.0669,-0.0787,406.7906,66.0872,0.0000,-0.0674,-0.0674,0.0259,0.0000,0.0000,-0.0475,-0.0190,-0.0479
0.1996,1.9134,2.0000,-0.0585,-0.0787,406.7680,65.9028,0.0000,-0.0684,-0.0684,0.0139,0.0000,0.0000,-0.0475,-0.0190,-0.0505
0.2000,1.8390,2.0000,-0.0557,-0.0675,406.7483,65.7110,0.0000,-0.0669,-0.0669,0.0234,0.0000,0.0000,-0.0407,-0.0163,-0.0572
0.1996,1.8432,2.0000,-0.0473,-0.0675,406.7255,65.5165,0.0000,-0.0654,-0.0654,0.0121,0.0000,0.0000,-0.0407,-0.0163,-0.0609
0.1480,1.9115,2.0000,-0.0484,-0.0615,406.7037,65.3249,0.0000,-0.0615,-0.0615,0.0261,0.0000,0.0000,-0.0371,-0.0148,-0.0634
0.1047,1.9418,2.0000,-0.0526,-0.0615,406.6737,65.1360,0.0000,-0.0595,-0.0595,0.0217,0.0000,0.0000,-0.0371,-0.0148,-0.0560
0.2001,1.9113,2.0000,-0.0442,-0.0615,406.6476,64.9488,0.0000,-0.0547,-0.0547,0.0168,0.0000,0.0000,-0.0371,-0.0148,-0.0533
0.1519,1.8976,2.0000,-0.0526,-0.0835,406.6174,64.7607,0.0000,-0.0484,-0.0484,0.0629,0.0000,0.0000,-0.0504,-0.0202,-0.0462
0.1531,1.8747,2.0000,-0.0610,-0.0835,406.5839,64.5813,0.0000,-0.0447,-0.0447,0.0560,0.0000,0.0000,-0.0504,-0.0202,-0.0471
0.1439,1.8892,2.0000,-0.0694,-0.0835,406.5517,64.4048,0.0000,-0.0398,-0.0398,0.0473,0.0000,0.0000,-0.0504,-0.0202,-0.0503
0.1999,1.8101,2.0000,-0.0610,-0.0546,406.5264,64.2041,0.0000,-0.0191,-0.0191,0.0645,0.0000,0.0000,-0.0330,-0.0132,-0.0386
0.2000,1.7794,2.0000,-0.0694,-0.0546,406.4972,64.0111,0.0000,-0.0079,-0.0079,0.0512,0.0000,0.0000,-0.0330,-0.0132,-0.0503
0.0475,2.0052,2.0000,-0.0653,-0.0421,406.4561,63.8557,0.0000,-0.0149,-0.0149,0.0351,0.0000,0.0000,-0.0254,-0.0102,-0.0586
0.1436,1.9341,2.0000,-0.0606,-0.0421,406.4017,63.6658,0.0000,-0.0301,-0.0301,0.0228,0.0000,0.0000,-0.0254,-0.0102,-0.0659
0.1998,1.5983,2.0000,-0.0595,-0.0421,406.3531,63.4853,0.0000,-0.0382,-0.0382,0.0262,0.0000,0.0000,-0.0254,-0.0102,-0.0591
0.0897,1.9632,2.0000,-0.0679,-0.0906,406.3099,63.2861,0.0000,-0.0343,-0.0343,0.0084,0.0000,0.0000,-0.0547,-0.0219,-0.0657
0.1565,1.8555,2.0000,-0.0763,-0.0906,406.2800,63.0905,0.0000,-0.0187,-0.0187,0.0047,0.0000,0.0000,-0.0547,-0.0219,-0.0621
0.0192,2.0211,2.0000,-0.0679,-0.0496,406.2376,62.8978,0.0000,-0.0114,-0.0114,0.0922,0.0000,0.0000,-0.0299,-0.0120,-0.0577
0.0419,1.9591,2.0000,-0.0763,-0.0496,406.1918,62.7185,0.0000,-0.0007,-0.0007,0.0862,0.0000,0.0000,-0.0299,-0.0120,-0.0573
0.0592,1.9564,2.0000,-0.0847,-0.0496,406.1724,62.5468,0.0000,0.0293,0.0293,0.0712,0.0000,0.0000,-0.0299,-0.0120,-0.0648
0.2001,1.8351,2.0000,-0.0931,-0.0496,406.1074,62.3866,0.0000,0.0089,0.0089,0.0585,0.0000,0.0000,-0.0299,-0.0120,-0.0720
0.2000,1.7073,2.0000,-0.1015,-0.0657,406.0336,62.1950,0.0000,-0.0062,-0.0062,0.0341,0.0000,0.0000,-0.0396,-0.0159,-0.0652
0.2000,1.7225,2.0000,-0.0931,-0.0657,405.9616,62.0266,0.0000,-0.0279,-0.0279,0.0195,0.0000,0.0000,-0.0396,-0.0159,-0.0723
0.0097,2.0413,2.0000,-0.0983,-0.0793,405.9162,61.8547,0.0000,-0.0252,-0.0252,-0.0103,0.0000,0.0000,-0.0479,-0.0191,-0.0799
0.1726,1.8235,2.0000,-0.0899,-0.0793,405.8552,61.6563,0.0000,-0.0298,-0.0298,-0.0213,0.0000,0.0000,-0.0479,-0.0191,-0.0871
0.2000,1.7617,2.0000,-0.0815,-0.0793,405.8071,61.4703,0.0000,-0.0217,-0.0217,-0.0308,0.0000,0.0000,-0.0479,-0.0191,-0.0939
0.0000,2.0583,2.0000,-0.0811,-0.0873,405.7474,61.3058,0.0000,-0.0354,-0.0354,-0.0355,0.0000,0.0000,-0.0527,-0.0211,-0.0876
0.0909,1.9024,2.0000,-0.0728,-0.0873,405.6764,61.1435,0.0000,-0.0577,-0.0577,-0.0460,0.0000,0.0000,-0.0527,-0.0211,-0.0913
0.2000,1.7378,2.0000,-0.0644,-0.0873,405.6145,60.9685,0.0000,-0.0580,-0.0580,-0.0452,0.0000,0.0000,-0.0527,-0.0211,-0.0841
0.2000,1.7621,2.0000,-0.0560,-0.0453,405.5395,60.7870,0.0000,-0.0596,-0.0596,0.0507,0.0000,0.0000,-0.0273,-0.0109,-0.0769
0.1999,1.8413,2.0000,-0.0644,-0.0453,405.4581,60.6013,0.0000,-0.0599,-0.0599,0.0392,0.0000,0.0000,-0.0273,-0.0109,-0.0762
0.1035,1.9488,2.0000,-0.0560,-0.0349,405.3831,60.4421,0.0000,-0.0674,-0.0674,-0.0190,0.0000,0.0000,-0.0210,-0.0084,-0.0683
0.0147,2.0140,2.0000,-0.0476,-0.0349,405.3248,60.2597,0.0000,-0.0564,-0.0564,-0.0222,0.0000,0.0000,-0.0210,-0.0084,-0.0600
0.2000,1.7473,2.0000,-0.0392,-0.0349,405.2299,60.0915,0.0000,-0.0866,-0.0866,-0.0263,0.0000,0.0000,-0.0210,-0.0084,-0.0528
0.1524,1.8969,2.0000,-0.0476,-0.0577,405.1663,59.9369,0.0000,-0.0979,-0.0979,-0.0639,0.0000,0.0000,-0.0348,-0.0139,-0.0596
0.1148,1.9236,2.0000,-0.0392,-0.0577,405.0853,59.7749,0.0000,-0.1217,-0.1217,-0.0678,0.0000,0.0000,-0.0348,-0.0139,-0.0523
0.2000,1.6574,2.0000,-0.0308,-0.0577,405.0215,59.6216,0.0000,-0.1189,-0.1189,-0.0621,0.0000,0.0000,-0.0348,-0.0139,-0.0407
0.2000,1.7987,2.0000,-0.0392,-0.0699,404.9610,59.4579,0.0000,-0.1110,-0.1110,0.0534,0.0000,0.0000,-0.0422,-0.0169,-0.0325
0.2000,1.6464,2.0000,-0.0473,-0.0699,404.8698,59.2907,0.0000,-0.1277,-0.1277,0.0408,0.0000,0.0000,-0.0422,-0.0169,-0.0416
0.2000,1.7286,2.0000,-0.0554,-0.0699,404.7872,59.1134,0.0000,-0.1192,-0.1192,0.0392,0.0000,0.0000,-0.0422,-0.0169,-0.0322
0.1678,1.8929,2.0000,-0.0470,-0.0569,404.7013,58.9151,0.0000,-0.1055,-0.1055,0.0312,0.0000,0.0000,-0.0343,-0.0137,-0.0250
0.1955,1.9396,2.0000,-0.0386,-0.0569,404.6323,58.7293,0.0000,-0.0855,-0.0855,0.0237,0.0000,0.0000,-0.0343,-0.0137,-0.0300
-0.0044,2.1420,2.0000,-0.0322,-0.0510,404.5538,58.5702,0.0000,-0.0871,-0.0871,0.0252,0.0000,0.0000,-0.0307,-0.0123,-0.0412
0.0630,1.9641,2.0000,-0.0239,-0.0510,404.4727,58.4029,0.0000,-0.0872,-0.0872,0.0175,0.0000,0.0000,-0.0307,-0.0123,-0.0509
0.2000,1.7600,2.0000,-0.0262,-0.0510,404.3857,58.2433,0.0000,-0.0966,-0.0966,0.0129,0.0000,0.0000,-0.0307,-0.0123,-0.0474
0.2000,1.8435,2.0000,-0.0309,-0.0473,404.3025,58.0776,0.0000,-0.0848,-0.0848,0.0415,0.0000,0.0000,-0.0285,-0.0114,-0.0346
0.2000,1.8046,2.0000,-0.0393,-0.0473,404.2253,57.8982,0.0000,-0.0641,-0.0641,0.0421,0.0000,0.0000,-0.0285,-0.0114,-0.0267
0.1999,1.8384,2.0000,-0.0309,-0.0283,404.1244,57.7289,0.0000,-0.0694,-0.0694,0.0660,0.0000,0.0000,-0.0171,-0.0068,-0.0229
0.1279,1.9349,2.0000,-0.0393,-0.0283,404.0409,57.5582,0.0000,-0.0481,-0.0481,0.0655,0.0000,0.0000,-0.0171,-0.0068,-0.0193
0.0758,1.9577,2.0000,-0.0432,-0.0238,403.9505,57.3873,0.0000,-0.0396,-0.0396,0.0586,0.0000,0.0000,-0.0144,-0.0057,-0.0231
0.1795,1.8828,2.0000,-0.0388,-0.0238,403.8173,57.2335,0.0000,-0.0852,-0.0852,0.0454,0.0000,0.0000,-0.0144,-0.0057,-0.0292
0.1432,1.9180,2.0000,-0.0459,-0.0238,403.7346,57.0485,0.0000,-0.0615,-0.0615,0.0414,0.0000,0.0000,-0.0144,-0.0057,-0.0268
0.0109,2.0298,2.0000,-0.0543,-0.0546,403.5904,56.8571,0.0000,-0.1043,-0.1043,-0.0477,0.0000,0.0000,-0.0329,-0.0132,-0.0292
-0.0022,2.0069,2.0000,-0.0459,-0.0546,403.4990,56.7102,0.0000,-0.1248,-0.1248,-0.0565,0.0000,0.0000,-0.0329,-0.0132,-0.0347
-0.2000,2.3816,2.0000,-0.0522,-0.0692,403.3718,56.5076,0.0000,-0.1577,-0.1577,-0.0399,0.0000,0.0000,-0.0418,-0.0167,-0.0333
0.0000,1.7172,2.0000,-0.0438,-0.0692,403.2874,56.3435,0.0000,-0.1420,-0.1420,-0.0355,0.0000,0.0000,-0.0418,-0.0167,-0.0342
-0.2000,2.3744,2.0000,-0.0354,-0.0033,403.1599,56.1866,0.0000,-0.1873,-0.1873,0.0826,0.0000,0.0000,-0.0020,-0.0008,-0.0477
0.0001,1.8284,2.0000,-0.0270,-0.0033,403.0477,56.0102,0.0000,-0.1995,-0.1995,0.0832,0.0000,0.0000,-0.0020,-0.0008,-0.0484
-0.0221,2.0153,2.0000,-0.0186,-0.0033,402.9406,55.8624,0.0000,-0.1933,-0.1933,0.0745,0.0000,0.0000,-0.0020,-0.0008,-0.0479
-0.0824,2.0744,2.0000,-0.0220,-0.0151,402.8323,55.7059,0.0000,-0.1896,-0.1896,0.0375,0.0000,0.0000,-0.0091,-0.0036,-0.0410
0.1180,1.8128,2.0000,-0.0136,-0.0151,402.7457,55.5569,0.0000,-0.1798,-0.1798,0.0425,0.0000,0.0000,-0.0091,-0.0036,-0.0318
0.1995,1.8882,2.0000,-0.0052,-0.0151,402.6350,55.3930,0.0000,-0.1772,-0.1772,0.0403,0.0000,0.0000,-0.0091,-0.0036,-0.0238
0.2000,1.7085,2.0000,0.0031,-0.0151,402.5324,55.2352,0.0000,-0.1730,-0.1730,0.0439,0.0000,0.0000,-0.0091,-0.0036,-0.0158
0.0910,1.9621,2.0000,0.0074,-0.0123,402.4376,55.0840,0.0000,-0.1556,-0.1556,0.0481,0.0000,0.0000,-0.0074,-0.0030,-0.0153
0.1538,1.8660,2.0000,0.0028,-0.0123,402.3250,54.9163,0.0000,-0.1545,-0.1545,0.0468,0.0000,0.0000,-0.0074,-0.0030,-0.0107
0.2000,1.7700,2.0000,-0.0054,-0.0122,402.2307,54.7580,0.0000,-0.1358,-0.1358,0.0707,0.0000,0.0000,-0.0073,-0.0029,-0.0028
0.0491,2.0030,2.0000,-0.0138,-0.0122,402.1480,54.5890,0.0000,-0.0909,-0.0909,0.0751,0.0000,0.0000,-0.0073,-0.0029,0.0049
0.1647,1.8278,2.0000,-0.0222,-0.0122,402.0429,54.4359,0.0000,-0.0889,-0.0889,0.0782,0.0000,0.0000,-0.0073,-0.0029,0.0108
0.1998,1.8651,2.0000,-0.0306,-0.0292,401.9205,54.2574,0.0000,-0.0876,-0.0876,0.0561,0.0000,0.0000,-0.0176,-0.0070,0.0085
0.2000,1.8414,2.0000,-0.0390,-0.0292,401.8371,54.1066,0.0000,-0.0687,-0.0687,0.0536,0.0000,0.0000,-0.0176,-0.0070,0.0025
0.0000,2.1466,2.0000,-0.0474,-0.0468,401.7099,53.9524,0.0000,-0.0872,-0.0872,0.0304,0.0000,0.0000,-0.0282,-0.0113,-0.0050
0.2000,1.7089,2.0000,-0.0475,-0.0468,401.6211,53.8070,0.0000,-0.0848,-0.0848,0.0271,0.0000,0.0000,-0.0282,-0.0113,-0.0129
0.1217,1.9871,2.0000,-0.0400,-0.0476,401.5372,53.6275,0.0000,-0.0512,-0.0512,0.0153,0.0000,0.0000,-0.0287,-0.0115,-0.0188
0.2000,1.6885,2.0000,-0.0316,-0.0476,401.4465,53.4687,0.0000,-0.0431,-0.0431,0.0078,0.0000,0.0000,-0.0287,-0.0115,-0.0289
0.2000,1.8121,2.0000,-0.0232,-0.0476,401.3025,53.3172,0.0000,-0.0914,-0.0914,-0.0145,0.0000,0.0000,-0.0287,-0.0115,-0.0380
0.2000,1.8121,2.0000,-0.0149,-0.0476,401.1927,53.1803,0.0000,-0.1095,-0.1095,-0.0231,0.0000,0.0000,-0.0287,-0.0115,-0.0452
0.0000,2.0872,2.0000,-0.0065,-0.0220,401.1045,53.0442,0.0000,-0.0864,-0.0864,0.0421,0.0000,0.0000,-0.0133,-0.0053,-0.0361
0.2000,1.7411,2.0000,-0.0143,-0.0220,400.9771,52.8922,0.0000,-0.1046,-0.1046,0.0420,0.0000,0.0000,-0.0133,-0.0053,-0.0281
0.2000,1.6082,2.0000,-0.0227,-0.0220,400.8798,52.7408,0.0000,-0.0864,-0.0864,0.0491,0.0000,0.0000,-0.0133,-0.0053,-0.0202
0.0834,1.9700,2.0000,-0.0311,-0.0275,400.7510,52.5582,0.0000,-0.0717,-0.0717,0.0358,0.0000,0.0000,-0.0165,-0.0066,-0.0120
0.2000,1.7851,2.0000,-0.0395,-0.0275,400.6679,52.4047,0.0000,-0.0430,-0.0430,0.0426,0.0000,0.0000,-0.0165,-0.0066,-0.0039
0.0000,2.2155,2.0000,-0.0479,-0.0443,400.5834,52.2570,0.0000,-0.0134,-0.0134,0.0342,0.0000,0.0000,-0.0267,-0.0107,-0.0042
0.2000,1.7316,2.0000,-0.0470,-0.0443,400.4556,52.1184,0.0000,-0.0518,-0.0518,0.0182,0.0000,0.0000,-0.0267,-0.0107,-0.0114
0.2000,1.6872,2.0000,-0.0496,-0.0443,400.3782,51.9735,0.0000,-0.0267,-0.0267,0.0149,0.0000,0.0000,-0.0267,-0.0107,-0.0193
0.1998,1.8783,2.0000,0.0000,-0.0417,400.3047,51.8320,0.0000,-0.0025,-0.0025,0.0050,0.0000,0.0000,-0.0251,-0.0101,-0.0274
0.2000,1.6280,2.0000,0.0066,-0.0417,400.1317,51.6928,0.0000,-0.0726,-0.0726,-0.0148,0.0000,0.0000,-0.0251,-0.0101,-0.0350
0.2000,1.5799,2.0000,-0.0001,-0.0417,400.0522,51.5415,0.0000,-0.0441,-0.0441,-0.0172,0.0000,0.0000,-0.0251,-0.0101,-0.0448
-0.0000,2.2257,2.0000,0.0083,-0.0276,399.9720,51.3975,0.0000,-0.0246,-0.0246,-0.0126,0.0000,0.0000,-0.0166,-0.0067,-0.0467
0.2000,1.6960,2.0000,-0.0000,-0.0276,399.8872,51.2327,0.0000,0.0137,0.0137,-0.0034,0.0000,0.0000,-0.0166,-0.0067,-0.0416
0.2000,1.6326,2.0000,0.0084,-0.0276,399.6926,51.1005,0.0000,-0.0667,-0.0667,-0.0108,0.0000,0.0000,-0.0166,-0.0067,-0.0265
0.2000,1.8373,2.0000,-0.0000,-0.0362,399.5953,50.9594,0.0000,-0.0429,-0.0429,0.0247,0.0000,0.0000,-0.0218,-0.0087,-0.0130
0.0000,2.3568,2.0000,0.0064,-0.0213,399.5101,50.8275,0.0000,-0.0040,-0.0040,0.0667,0.0000,0.0000,-0.0128,-0.0051,0.0005
0.2000,1.7019,2.0000,-0.0020,-0.0362,399.4352,50.6875,0.0000,0.0148,0.0148,0.0415,0.0000,0.0000,-0.0218,-0.0087,0.0101
0.2000,1.5568,2.0000,0.0044,-0.0213,399.2873,50.5431,0.0000,-0.0112,-0.0112,0.0654,0.0000,0.0000,-0.0128,-0.0051,0.0077
0.2000,1.5765,2.0000,-0.0040,-0.0213,399.1496,50.3979,0.0000,-0.0167,-0.0167,0.0668,0.0000,0.0000,-0.0128,-0.0051,0.0092
-0.0001,2.0541,2.0000,-0.0054,-0.0145,399.0783,50.2483,0.0000,0.0485,0.0485,0.0690,0.0000,0.0000,-0.0088,-0.0035,0.0076
0.0143,1.9832,2.0000,-0.0138,-0.0145,398.9284,50.1098,0.0000,0.0195,0.0195,0.0631,0.0000,0.0000,-0.0088,-0.0035,0.0076
0.1998,1.6483,2.0000,-0.0222,-0.0145,398.8597,49.9650,0.0000,0.0563,0.0563,0.0659,0.0000,0.0000,-0.0088,-0.0035,0.0062
0.0238,2.0279,2.0000,-0.0306,-0.0360,398.7761,49.8054,0.0000,0.1132,0.1132,0.0693,0.0000,0.0000,-0.0217,-0.0087,0.0058
0.2000,1.5927,2.0000,-0.0389,-0.0360,398.6073,49.6704,0.0000,0.0508,0.0508,0.0542,0.0000,0.0000,-0.0217,-0.0087,0.0001
0.2000,1.7886,2.0000,-0.0436,-0.0322,398.4782,49.5075,0.0000,0.0643,0.0643,0.0524,0.0000,0.0000,-0.0194,-0.0078,-0.0039
0.0000,2.1577,2.0000,-0.0520,-0.0322,398.3340,49.3861,0.0000,0.0383,0.0383,0.0415,0.0000,0.0000,-0.0194,-0.0078,-0.0121
-0.0541,2.0599,2.0000,-0.0436,0.0043,398.2766,49.2446,0.0000,0.0875,0.0875,0.0738,0.0000,0.0000,0.0026,0.0010,-0.0190
0.1289,1.8739,2.0000,-0.0519,0.0043,398.2262,49.0941,0.0000,0.1456,0.1456,0.0701,0.0000,0.0000,0.0026,0.0010,-0.0272
0.2000,1.5170,2.0000,-0.0603,0.0043,398.0084,48.9638,0.0000,0.0462,0.0462,0.0467,0.0000,0.0000,0.0026,0.0010,-0.0351
0.2000,1.5739,2.0000,-0.0687,0.0043,397.9270,48.8160,0.0000,0.0917,0.0917,0.0463,0.0000,0.0000,0.0026,0.0010,-0.0416
0.0000,2.5563,2.0000,-0.0771,-0.0343,397.7764,48.6967,0.0000,0.0608,0.0608,-0.0063,0.0000,0.0000,-0.0207,-0.0083,-0.0401
0.2000,1.6765,2.0000,-0.0765,-0.0253,397.7034,48.5428,0.0000,0.1074,0.1074,0.0241,0.0000,0.0000,-0.0153,-0.0061,-0.0401
0.1296,1.9218,2.0000,-0.0771,-0.0343,397.5076,48.4077,0.0000,0.0341,0.0341,-0.0256,0.0000,0.0000,-0.0207,-0.0083,-0.0550
0.2000,1.6923,2.0000,-0.0687,-0.0343,397.4316,48.2772,0.0000,0.0684,0.0684,-0.0225,0.0000,0.0000,-0.0207,-0.0083,-0.0594
-0.0000,2.3849,2.0000,-0.0603,-0.0031,397.2425,48.1500,0.0000,-0.0182,-0.0182,-0.0178,0.0000,0.0000,-0.0018,-0.0007,-0.0683
0.2000,1.4991,2.0000,-0.0687,-0.0343,397.1001,48.0222,0.0000,-0.0288,-0.0288,-0.0543,0.0000,0.0000,-0.0207,-0.0083,-0.0728
-0.0000,2.2883,2.0000,-0.0603,-0.0197,396.9887,47.8832,0.0000,-0.0296,-0.0296,-0.0390,0.0000,0.0000,-0.0118,-0.0047,-0.0735
0.0930,1.9008,2.0000,-0.0519,-0.0197,396.8583,47.7414,0.0000,-0.0231,-0.0231,-0.0353,0.0000,0.0000,-0.0118,-0.0047,-0.0672
0.2000,1.7628,2.0000,-0.0435,-0.0197,396.7424,47.6227,0.0000,-0.0256,-0.0256,-0.0360,0.0000,0.0000,-0.0118,-0.0047,-0.0580
0.1412,1.9093,2.0000,-0.0352,-0.0197,396.6143,47.4850,0.0000,-0.0319,-0.0319,-0.0492,0.0000,0.0000,-0.0118,-0.0047,-0.0637
0.2000,1.6458,2.0000,-0.0268,-0.0197,396.4331,47.3442,0.0000,-0.0621,-0.0621,-0.0494,0.0000,0.0000,-0.0118,-0.0047,-0.0576
0.1798,1.8638,2.0000,-0.0184,-0.0170,396.2882,47.2205,0.0000,-0.0938,-0.0938,-0.0747,0.0000,0.0000,-0.0102,-0.0041,-0.0499
-0.0202,2.2806,2.0000,-0.0100,0.0275,396.2406,47.0972,0.0000,-0.0497,-0.0497,-0.0220,0.0000,0.0000,0.0165,0.0066,-0.0485
0.0999,1.8907,2.0000,-0.0016,0.0275,396.0602,46.9597,0.0000,-0.0786,-0.0786,-0.0190,0.0000,0.0000,0.0165,0.0066,-0.0286
0.1999,1.3209,2.0000,-0.0100,-0.0170,395.9894,46.8316,0.0000,-0.0240,-0.0240,-0.0608,0.0000,0.0000,-0.0102,-0.0041,-0.0279
-0.0000,2.2578,2.0000,-0.0016,-0.0058,395.7706,46.7271,0.0000,-0.1145,-0.1145,-0.0231,0.0000,0.0000,-0.0035,-0.0014,-0.0121
0.2000,1.4609,2.0000,0.0068,0.0275,395.7063,46.5950,0.0000,-0.0491,-0.0491,-0.0023,0.0000,0.0000,0.0165,0.0066,-0.0045
-0.0000,2.4221,2.0000,-0.0016,-0.0247,395.4807,46.4823,0.0000,-0.1445,-0.1445,-0.0688,0.0000,0.0000,-0.0149,-0.0059,0.0028
0.2000,1.4709,2.0000,0.0068,-0.0058,395.4108,46.3659,0.0000,-0.0907,-0.0907,-0.0114,0.0000,0.0000,-0.0035,-0.0014,-0.0037
-0.0000,2.5157,2.0000,-0.0016,-0.0247,395.3376,46.2278,0.0000,-0.0629,-0.0629,-0.0558,0.0000,0.0000,-0.0149,-0.0059,0.0034
0.2000,1.3565,2.0000,0.0068,-0.0247,395.2452,46.0897,0.0000,-0.0000,-0.0000,-0.0500,0.0000,0.0000,-0.0149,-0.0059,0.0104
0.2000,1.5578,2.0000,0.0152,-0.0247,394.9542,45.9855,0.0000,-0.1612,-0.1612,-0.0692,0.0000,0.0000,-0.0149,-0.0059,0.0038
0.2000,1.6518,2.0000,0.0236,0.0096,394.8832,45.8582,0.0000,-0.1151,-0.1151,0.0054,0.0000,0.0000,0.0058,0.0023,0.0103
0.0000,3.0985,2.0000,0.0152,-0.0018,394.8151,45.7273,0.0000,-0.0554,-0.0554,0.0137,0.0000,0.0000,-0.0011,-0.0004,0.0040
0.2000,1.4582,2.0000,0.0236,0.0096,394.5588,45.5970,0.0000,-0.1520,-0.1520,0.0005,0.0000,0.0000,0.0058,0.0023,0.0111
0.2000,1.4713,2.0000,0.0207,-0.0018,394.4659,45.4734,0.0000,-0.1184,-0.1184,0.0165,0.0000,0.0000,-0.0011,-0.0004,0.0183
0.0000,2.8662,2.0000,0.0173,-0.0135,394.2891,45.3593,0.0000,-0.1588,-0.1588,-0.0046,0.0000,0.0000,-0.0081,-0.0033,0.0248
0.2000,1.5399,2.0000,0.0257,-0.0135,394.1437,45.2315,0.0000,-0.1629,-0.1629,-0.0139,0.0000,0.0000,-0.0081,-0.0033,0.0190
-0.0000,2.0909,2.0000,0.0336,-0.0135,394.0978,45.1042,0.0000,-0.0991,-0.0991,-0.0005,0.0000,0.0000,-0.0081,-0.0033,0.0229
0.0926,1.9178,2.0000,0.0420,0.0058,393.8944,44.9754,0.0000,-0.1540,-0.1540,0.0286,0.0000,0.0000,0.0035,0.0014,0.0226
0.1999,1.3594,2.0000,0.0336,-0.0135,393.8297,44.8682,0.0000,-0.1182,-0.1182,-0.0034,0.0000,0.0000,-0.0081,-0.0033,0.0204
-0.0000,2.3928,2.0000,0.0330,-0.0059,393.6659,44.7315,0.0000,-0.1169,-0.1169,0.0162,0.0000,0.0000,-0.0035,-0.0014,0.0260
0.2000,1.2523,2.0000,0.0363,0.0058,393.5974,44.6127,0.0000,-0.0874,-0.0874,0.0441,0.0000,0.0000,0.0035,0.0014,0.0324
-0.0001,2.1156,2.0000,0.0279,-0.0059,393.4088,44.4855,0.0000,-0.1094,-0.1094,0.0308,0.0000,0.0000,-0.0035,-0.0014,0.0398
0.2000,1.3725,2.0000,0.0199,-0.0059,393.2737,44.3552,0.0000,-0.1182,-0.1182,0.0237,0.0000,0.0000,-0.0035,-0.0014,0.0342
-0.0000,2.2570,2.0000,0.0115,-0.0347,393.1955,44.2296,0.0000,-0.0753,-0.0753,-0.0137,0.0000,0.0000,-0.0209,-0.0084,0.0328
0.1699,1.8611,2.0000,0.0199,-0.0347,393.0268,44.0817,0.0000,-0.0963,-0.0963,-0.0169,0.0000,0.0000,-0.0209,-0.0084,0.0359
0.1997,1.4769,2.0000,0.0134,-0.0347,392.9606,43.9495,0.0000,-0.0477,-0.0477,-0.0169,0.0000,0.0000,-0.0209,-0.0084,0.0293
-0.0003,2.2243,2.0000,0.0218,-0.0114,392.8034,43.8155,0.0000,-0.0612,-0.0612,0.0556,0.0000,0.0000,-0.0068,-0.0027,0.0235
0.1997,1.4770,2.0000,0.0134,-0.0114,392.6844,43.6832,0.0000,-0.0647,-0.0647,0.0501,0.0000,0.0000,-0.0068,-0.0027,0.0156
0.0009,2.0503,2.0000,0.0122,-0.0041,392.6178,43.5671,0.0000,-0.0044,-0.0044,0.0528,0.0000,0.0000,-0.0025,-0.0010,0.0209
0.2001,1.7646,2.0000,0.0038,-0.0041,392.4630,43.4130,0.0000,-0.0091,-0.0091,0.0476,0.0000,0.0000,-0.0025,-0.0010,0.0169
0.1999,1.3331,2.0000,-0.0046,-0.0041,392.3665,43.2897,0.0000,0.0080,0.0080,0.0533,0.0000,0.0000,-0.0025,-0.0010,0.0226
-0.0001,2.1663,2.0000,-0.0130,-0.0147,392.2083,43.1466,0.0000,0.0175,0.0175,0.0335,0.0000,0.0000,-0.0088,-0.0035,0.0174
0.2000,1.5550,2.0000,-0.0214,-0.0147,392.1177,43.0295,0.0000,0.0309,0.0309,0.0345,0.0000,0.0000,-0.0088,-0.0035,0.0152
-0.0001,2.1162,2.0000,-0.0296,-0.0147,392.0233,42.9005,0.0000,0.0652,0.0652,0.0342,0.0000,0.0000,-0.0088,-0.0035,0.0088
0.2000,1.4708,2.0000,-0.0374,-0.0147,391.8438,42.7648,0.0000,0.0166,0.0166,0.0201,0.0000,0.0000,-0.0088,-0.0035,0.0015
0.2000,1.5852,2.0000,-0.0351,-0.0040,391.7370,42.6397,0.0000,0.0349,0.0349,0.0514,0.0000,0.0000,-0.0024,-0.0010,-0.0064
0.0001,2.2390,2.0000,-0.0346,0.0052,391.5997,42.5206,0.0000,0.0363,0.0363,0.0378,0.0000,0.0000,0.0031,0.0012,-0.0145
0.2001,1.6327,2.0000,-0.0430,-0.0040,391.4618,42.3870,0.0000,0.0219,0.0219,0.0328,0.0000,0.0000,-0.0024,-0.0010,-0.0223
0.2000,1.8042,2.0000,-0.0346,0.0052,391.3271,42.2683,0.0000,0.0134,0.0134,0.0214,0.0000,0.0000,0.0031,0.0012,-0.0290
0.1563,1.9041,2.0000,-0.0262,0.0052,391.1738,42.1468,0.0000,-0.0114,-0.0114,0.0100,0.0000,0.0000,0.0031,0.0012,-0.0290
0.2000,1.7818,2.0000,-0.0180,0.0049,391.0715,42.0301,0.0000,0.0013,0.0013,-0.0011,0.0000,0.0000,0.0030,0.0012,-0.0283
0.1111,1.9456,2.0000,-0.0096,0.0049,390.9450,41.9151,0.0000,-0.0037,-0.0037,-0.0052,0.0000,0.0000,0.0030,0.0012,-0.0347
0.2000,1.5385,2.0000,-0.0012,0.0049,390.7680,41.7800,0.0000,-0.0371,-0.0371,-0.0122,0.0000,0.0000,0.0030,0.0012,-0.0294
0.2000,1.6952,2.0000,0.0072,0.0110,390.6494,41.6612,0.0000,-0.0289,-0.0289,-0.0031,0.0000,0.0000,0.0066,0.0026,-0.0216
-0.0000,2.2164,2.0000,0.0098,0.0101,390.5188,41.5323,0.0000,-0.0267,-0.0267,0.0109,0.0000,0.0000,0.0061,0.0024,-0.0141
0.2000,1.6654,2.0000,0.0161,0.0110,390.3932,41.4024,0.0000,-0.0185,-0.0185,-0.0008,0.0000,0.0000,0.0066,0.0026,-0.0079
0.2000,1.8186,2.0000,0.0077,0.0101,390.2552,41.2742,0.0000,-0.0113,-0.0113,0.0237,0.0000,0.0000,0.0061,0.0024,0.0020
0.2000,1.7913,2.0000,-0.0007,0.0101,390.1430,41.1478,0.0000,0.0060,0.0060,0.0263,0.0000,0.0000,0.0061,0.0024,0.0095
0.1862,1.8673,2.0000,-0.0022,0.0170,390.0044,41.0062,0.0000,0.0212,0.0212,0.0470,0.0000,0.0000,0.0103,0.0041,0.0127
0.2000,1.6750,2.0000,-0.0106,0.0170,389.8793,40.8892,0.0000,0.0234,0.0234,0.0503,0.0000,0.0000,0.0103,0.0041,0.0181
0.0899,1.9655,2.0000,-0.0190,0.0064,389.7440,40.7620,0.0000,0.0338,0.0338,0.0221,0.0000,0.0000,0.0038,0.0015,0.0122
0.2000,1.6973,2.0000,-0.0131,0.0064,389.5569,40.6349,0.0000,-0.0076,-0.0076,0.0149,0.0000,0.0000,0.0038,0.0015,0.0049
0.2000,1.8414,2.0000,-0.0215,0.0064,389.4413,40.5058,0.0000,0.0078,0.0078,0.0134,0.0000,0.0000,0.0038,0.0015,0.0026
0.0000,2.2447,2.0000,-0.0247,-0.0038,389.2924,40.3816,0.0000,-0.0036,-0.0036,0.0135,0.0000,0.0000,-0.0023,-0.0009,-0.0044
0.2000,1.7180,2.0000,-0.0228,-0.0038,389.1578,40.2370,0.0000,0.0080,0.0080,0.0125,0.0000,0.0000,-0.0023,-0.0009,-0.0122
0.1365,1.9227,2.0000,-0.0144,-0.0038,389.0258,40.1339,0.0000,-0.0154,-0.0154,0.0017,0.0000,0.0000,-0.0023,-0.0009,-0.0080
0.1420,1.9600,2.0000,-0.0060,-0.0006,388.8810,40.0019,0.0000,-0.0144,-0.0144,0.0068,0.0000,0.0000,-0.0004,-0.0002,-0.0148
0.2000,1.6671,2.0000,0.0000,-0.0006,388.7535,39.8633,0.0000,0.0012,0.0012,0.0075,0.0000,0.0000,-0.0004,-0.0002,-0.0186
0.1098,1.9424,2.0000,-0.0004,-0.0095,388.5952,39.7577,0.0000,-0.0411,-0.0411,-0.0319,0.0000,0.0000,-0.0057,-0.0023,-0.0169
0.1995,1.8675,2.0000,0.0079,-0.0095,388.4635,39.6337,0.0000,-0.0346,-0.0346,-0.0227,0.0000,0.0000,-0.0057,-0.0023,-0.0117
0.1670,1.9006,2.0000,0.0162,-0.0095,388.3193,39.5008,0.0000,-0.0380,-0.0380,-0.0200,0.0000,0.0000,-0.0057,-0.0023,-0.0039
0.2000,1.7936,2.0000,0.0078,-0.0355,388.1822,39.3760,0.0000,-0.0432,-0.0432,-0.0300,0.0000,0.0000,-0.0214,-0.0086,0.0033
0.1245,1.9450,2.0000,0.0161,-0.0355,388.0346,39.2526,0.0000,-0.0546,-0.0546,-0.0236,0.0000,0.0000,-0.0214,-0.0086,0.0042
0.1998,1.8379,2.0000,0.0244,-0.0355,387.9133,39.1239,0.0000,-0.0420,-0.0420,-0.0180,0.0000,0.0000,-0.0214,-0.0086,0.0092
0.1632,1.9064,2.0000,0.0328,-0.0341,387.7724,38.9947,0.0000,-0.0527,-0.0527,-0.0303,0.0000,0.0000,-0.0206,-0.0082,0.0164
0.2001,1.7549,2.0000,0.0320,-0.0341,387.6317,38.8741,0.0000,-0.0594,-0.0594,-0.0258,0.0000,0.0000,-0.0206,-0.0082,0.0141
0.2010,1.8951,2.0000,0.0404,-0.0341,387.4969,38.7424,0.0000,-0.0587,-0.0587,-0.0195,0.0000,0.0000,-0.0206,-0.0082,0.0166
0.1972,1.8364,2.0000,0.0488,-0.0138,387.3575,38.6031,0.0000,-0.0499,-0.0499,0.0060,0.0000,0.0000,-0.0083,-0.0033,0.0236
0.1735,1.8695,2.0000,0.0404,-0.0138,387.2143,38.4698,0.0000,-0.0516,-0.0516,0.0100,0.0000,0.0000,-0.0083,-0.0033,0.0304
0.0916,1.9545,2.0000,0.0396,-0.0061,387.0853,38.3340,0.0000,-0.0359,-0.0359,0.0191,0.0000,0.0000,-0.0037,-0.0015,0.0327
0.0806,1.9396,2.0000,0.0312,-0.0061,386.9281,38.1936,0.0000,-0.0409,-0.0409,0.0237,0.0000,0.0000,-0.0037,-0.0015,0.0377
0.1579,1.8592,2.0000,0.0229,-0.0061,386.7997,38.0601,0.0000,-0.0274,-0.0274,0.0330,0.0000,0.0000,-0.0037,-0.0015,0.0454
-0.0422,2.0877,2.0000,0.0171,-0.0034,386.6615,37.9231,0.0000,-0.0143,-0.0143,0.0414,0.0000,0.0000,-0.0021,-0.0008,0.0430
0.0558,1.9287,2.0000,0.0087,-0.0034,386.5450,37.7852,0.0000,0.0038,0.0038,0.0415,0.0000,0.0000,-0.0021,-0.0008,0.0399
0.0790,1.9287,2.0000,0.0163,0.0124,386.3975,37.6717,0.0000,-0.0191,-0.0191,0.0670,0.0000,0.0000,0.0075,0.0030,0.0345
0.2004,1.7921,2.0000,0.0079,0.0124,386.2552,37.5535,0.0000,-0.0298,-0.0298,0.0662,0.0000,0.0000,0.0075,0.0030,0.0295
0.2000,1.8467,2.0000,-0.0005,0.0124,386.1394,37.4274,0.0000,-0.0101,-0.0101,0.0667,0.0000,0.0000,0.0075,0.0030,0.0210
0.2000,1.8323,2.0000,-0.0046,0.0167,386.0000,37.2806,0.0000,0.0030,0.0030,0.0619,0.0000,0.0000,0.0101,0.0040,0.0151
0.2000,1.6987,2.0000,-0.0130,0.0167,385.9115,37.1434,0.0000,0.0437,0.0437,0.0650,0.0000,0.0000,0.0101,0.0040,0.0171
0.0460,2.0072,2.0000,-0.0190,0.0192,385.7423,37.0188,0.0000,0.0255,0.0255,0.0566,0.0000,0.0000,0.0116,0.0046,0.0145
0.2000,1.6206,2.0000,-0.0274,0.0167,385.6213,36.8881,0.0000,0.0315,0.0315,0.0582,0.0000,0.0000,0.0101,0.0040,0.0072
-0.0002,2.0893,2.0000,-0.0333,0.0192,385.4736,36.7705,0.0000,0.0227,0.0227,0.0462,0.0000,0.0000,0.0116,0.0046,0.0016
0.1998,1.7663,2.0000,-0.0328,0.0192,385.3113,36.6417,0.0000,-0.0036,-0.0036,0.0400,0.0000,0.0000,0.0116,0.0046,-0.0021
0.2006,1.8769,2.0000,-0.0244,0.0453,385.1926,36.5118,0.0000,0.0245,0.0245,0.0910,0.0000,0.0000,0.0273,0.0109,-0.0081
0.0006,2.0565,2.0000,-0.0328,0.0453,385.0696,36.3828,0.0000,0.0401,0.0401,0.0744,0.0000,0.0000,0.0273,0.0109,-0.0162
0.2000,1.7447,2.0000,-0.0412,0.0453,384.9191,36.2640,0.0000,0.0207,0.0207,0.0694,0.0000,0.0000,0.0273,0.0109,-0.0238
0.2000,1.7666,2.0000,-0.0496,0.0325,384.7750,36.1350,0.0000,0.0215,0.0215,0.0477,0.0000,0.0000,0.0196,0.0078,-0.0259
0.1812,1.9027,2.0000,-0.0536,0.0325,384.6138,36.0043,0.0000,0.0156,0.0156,0.0421,0.0000,0.0000,0.0196,0.0078,-0.0249
0.1282,1.9184,2.0000,-0.0613,0.0163,384.4677,35.8774,0.0000,0.0073,0.0073,0.0059,0.0000,0.0000,0.0098,0.0039,-0.0218
-0.0278,2.0596,2.0000,-0.0529,0.0163,384.3592,35.7537,0.0000,0.0248,0.0248,0.0009,0.0000,0.0000,0.0098,0.0039,-0.0285
0.0638,1.9200,2.0000,-0.0526,0.0082,384.2080,35.6378,0.0000,-0.0076,-0.0076,-0.0350,0.0000,0.0000,0.0050,0.0020,-0.0358
0.2000,1.6320,2.0000,-0.0442,0.0082,384.0731,35.5444,0.0000,-0.0348,-0.0348,-0.0453,0.0000,0.0000,0.0050,0.0020,-0.0495
0.1523,1.8972,2.0000,-0.0358,0.0082,383.9603,35.4472,0.0000,-0.0543,-0.0543,-0.0581,0.0000,0.0000,0.0050,0.0020,-0.0543
0.2000,1.6312,2.0000,-0.0274,0.0082,383.7928,35.3296,0.0000,-0.0834,-0.0834,-0.0637,0.0000,0.0000,0.0050,0.0020,-0.0555
0.2000,1.4767,2.0000,-0.0198,0.0074,383.6519,35.2057,0.0000,-0.0879,-0.0879,-0.0714,0.0000,0.0000,0.0045,0.0018,-0.0509
0.0172,2.0351,2.0000,-0.0115,0.0074,383.5021,35.0706,0.0000,-0.1183,-0.1183,-0.0838,0.0000,0.0000,0.0045,0.0018,-0.0497
0.1387,1.8602,2.0000,-0.0040,0.0066,383.3622,34.9572,0.0000,-0.1258,-0.1258,-0.0852,0.0000,0.0000,0.0040,0.0016,-0.0367
0.0390,1.9995,2.0000,0.0044,0.0066,383.2257,34.8324,0.0000,-0.1337,-0.1337,-0.0808,0.0000,0.0000,0.0040,0.0016,-0.0265
0.1996,1.7858,2.0000,0.0128,0.0066,383.0748,34.7067,0.0000,-0.1412,-0.1412,-0.0791,0.0000,0.0000,0.0040,0.0016,-0.0186
0.2000,1.8346,2.0000,0.0212,0.0074,382.9329,34.5951,0.0000,-0.1612,-0.1612,-0.0877,0.0000,0.0000,0.0045,0.0018,-0.0105
0.1050,1.9473,2.0000,0.0296,0.0074,382.8079,34.4783,0.0000,-0.1634,-0.1634,-0.0785,0.0000,0.0000,0.0045,0.0018,-0.0033
0.2000,1.7895,2.0000,0.0380,0.0074,382.6533,34.3675,0.0000,-0.1887,-0.1887,-0.0779,0.0000,0.0000,0.0045,0.0018,0.0053
0.2000,1.6977,2.0000,0.0388,-0.0001,382.5018,34.2490,0.0000,-0.2031,-0.2031,-0.0785,0.0000,0.0000,-0.0001,-0.0000,0.0137
0.1850,1.8874,2.0000,0.0471,-0.0001,382.3698,34.1346,0.0000,-0.2185,-0.2185,-0.0716,0.0000,0.0000,-0.0001,-0.0000,0.0178
0.1401,1.9067,2.0000,0.0498,-0.0059,382.2223,34.0154,0.0000,-0.2323,-0.2323,-0.0716,0.0000,0.0000,-0.0036,-0.0014,0.0251
0.2000,1.7327,2.0000,0.0582,-0.0059,382.0984,33.8844,0.0000,-0.2197,-0.2197,-0.0670,0.0000,0.0000,-0.0036,-0.0014,0.0330
0.1702,1.8797,2.0000,0.0666,-0.0059,381.9634,33.7584,0.0000,-0.2272,-0.2272,-0.0581,0.0000,0.0000,-0.0036,-0.0014,0.0370
0.2000,1.7883,2.0000,0.0750,0.0076,381.8283,33.6251,0.0000,-0.2215,-0.2215,-0.0359,0.0000,0.0000,0.0046,0.0018,0.0413
0.2000,1.8321,2.0000,0.0834,0.0076,381.7046,33.5043,0.0000,-0.2149,-0.2149,-0.0246,0.0000,0.0000,0.0046,0.0018,0.0457
0.1643,1.8833,2.0000,0.0917,0.0076,381.5565,33.3778,0.0000,-0.2246,-0.2246,-0.0159,0.0000,0.0000,0.0046,0.0018,0.0534
0.2000,1.7165,2.0000,0.0871,0.0017,381.4276,33.2499,0.0000,-0.2113,-0.2113,0.0048,0.0000,0.0000,0.0010,0.0004,0.0635
0.1216,1.9309,2.0000,0.0787,0.0017,381.2995,33.1304,0.0000,-0.2036,-0.2036,0.0224,0.0000,0.0000,0.0010,0.0004,0.0712
0.1998,1.8036,2.0000,0.0703,-0.0050,381.1565,32.9913,0.0000,-0.1974,-0.1974,0.0329,0.0000,0.0000,-0.0030,-0.0012,0.0814
0.2000,1.7372,2.0000,0.0620,-0.0050,381.0442,32.8595,0.0000,-0.1726,-0.1726,0.0434,0.0000,0.0000,-0.0030,-0.0012,0.0845
0.0787,1.9780,2.0000,0.0536,-0.0050,380.9078,32.7303,0.0000,-0.1631,-0.1631,0.0562,0.0000,0.0000,-0.0030,-0.0012,0.0849
0.1998,1.7230,2.0000,0.0452,-0.0235,380.7788,32.5971,0.0000,-0.1581,-0.1581,0.0505,0.0000,0.0000,-0.0142,-0.0057,0.0773
0.1799,1.8626,2.0000,0.0369,-0.0235,380.6449,32.4626,0.0000,-0.1498,-0.1498,0.0542,0.0000,0.0000,-0.0142,-0.0057,0.0693
0.1852,1.8402,2.0000,0.0286,-0.0235,380.5131,32.3191,0.0000,-0.1384,-0.1384,0.0526,0.0000,0.0000,-0.0142,-0.0057,0.0571
0.1600,1.8816,2.0000,0.0259,-0.0176,380.3883,32.1810,0.0000,-0.1247,-0.1247,0.0482,0.0000,0.0000,-0.0106,-0.0043,0.0487
0.1086,1.9331,2.0000,0.0175,-0.0176,380.2732,32.0325,0.0000,-0.0952,-0.0952,0.0509,0.0000,0.0000,-0.0106,-0.0043,0.0412
0.1744,1.8467,2.0000,0.0099,-0.0168,380.1354,31.8861,0.0000,-0.0924,-0.0924,0.0321,0.0000,0.0000,-0.0101,-0.0041,0.0335
0.1712,1.8666,2.0000,0.0015,-0.0168,380.0193,31.7660,0.0000,-0.0890,-0.0890,0.0325,0.0000,0.0000,-0.0101,-0.0041,0.0268
0.0568,1.9919,2.0000,-0.0034,-0.0168,379.8938,31.6263,0.0000,-0.0783,-0.0783,0.0336,0.0000,0.0000,-0.0101,-0.0041,0.0246
0.2000,1.6566,2.0000,-0.0116,-0.0168,379.7680,31.4836,0.0000,-0.0742,-0.0742,0.0288,0.0000,0.0000,-0.0101,-0.0041,0.0174
0.1997,1.8620,2.0000,-0.0032,-0.0019,379.6145,31.3335,0.0000,-0.0753,-0.0753,0.0355,0.0000,0.0000,-0.0011,-0.0005,0.0108
0.1855,1.8871,2.0000,-0.0101,-0.0019,379.4951,31.1788,0.0000,-0.0524,-0.0524,0.0310,0.0000,0.0000,-0.0011,-0.0005,0.0034
-0.0151,2.1281,2.0000,-0.0134,0.0031,379.3784,31.0476,0.0000,-0.0411,-0.0411,0.0302,0.0000,0.0000,0.0019,0.0008,-0.0002
0.1127,1.9379,2.0000,-0.0050,0.0031,379.2220,30.8920,0.0000,-0.0474,-0.0474,0.0247,0.0000,0.0000,0.0019,0.0008,-0.0073
0.2000,1.7400,2.0000,-0.0068,-0.0006,379.1104,30.7423,0.0000,-0.0220,-0.0220,0.0110,0.0000,0.0000,-0.0004,-0.0001,-0.0005
-0.0001,2.1881,2.0000,0.0015,-0.0006,378.9734,30.6050,0.0000,-0.0273,-0.0273,0.0041,0.0000,0.0000,-0.0004,-0.0001,-0.0064
0.2000,1.8505,2.0000,0.0099,-0.0006,378.8440,30.4635,0.0000,-0.0244,-0.0244,0.0017,0.0000,0.0000,-0.0004,-0.0001,-0.0091
0.1386,1.9236,2.0000,0.0026,0.0005,378.7151,30.3191,0.0000,-0.0116,-0.0116,0.0260,0.0000,0.0000,0.0003,0.0001,-0.0022
0.1576,1.9008,2.0000,-0.0058,0.0005,378.5782,30.1916,0.0000,-0.0171,-0.0171,0.0259,0.0000,0.0000,0.0003,0.0001,-0.0030
0.1221,1.9186,2.0000,-0.0038,0.0109,378.4391,30.0352,0.0000,0.0016,0.0016,0.0493,0.0000,0.0000,0.0065,0.0026,0.0046
0.1901,1.8555,2.0000,-0.0122,0.0109,378.3147,29.8899,0.0000,0.0211,0.0211,0.0527,0.0000,0.0000,0.0065,0.0026,0.0115
-0.0097,2.0754,2.0000,-0.0038,0.0312,378.1802,29.7424,0.0000,0.0389,0.0389,0.0882,0.0000,0.0000,0.0188,0.0075,0.0055
0.1246,1.8959,2.0000,-0.0122,0.0312,378.0456,29.5888,0.0000,0.0545,0.0545,0.0824,0.0000,0.0000,0.0188,0.0075,-0.0016
0.0552,1.9793,2.0000,-0.0206,0.0312,377.9031,29.4530,0.0000,0.0637,0.0637,0.0802,0.0000,0.0000,0.0188,0.0075,-0.0007
-0.0049,2.0245,2.0000,-0.0290,0.0032,377.7571,29.3046,0.0000,0.0753,0.0753,0.0554,0.0000,0.0000,0.0020,0.0008,-0.0074
0.0461,1.9523,2.0000,-0.0374,0.0032,377.6293,29.1547,0.0000,0.0986,0.0986,0.0583,0.0000,0.0000,0.0020,0.0008,-0.0009
-0.0452,2.0635,2.0000,-0.0458,-0.0019,377.4878,29.0135,0.0000,0.1032,0.1032,0.0330,0.0000,0.0000,-0.0011,-0.0005,-0.0082
0.0293,1.9534,2.0000,-0.0542,-0.0019,377.3557,28.8829,0.0000,0.0985,0.0985,0.0235,0.0000,0.0000,-0.0011,-0.0005,-0.0160
0.0296,1.9822,2.0000,-0.0626,-0.0019,377.2183,28.7388,0.0000,0.1018,0.1018,0.0134,0.0000,0.0000,-0.0011,-0.0005,-0.0238
0.1998,1.8424,2.0000,-0.0685,-0.0019,377.0821,28.6097,0.0000,0.0926,0.0926,0.0027,0.0000,0.0000,-0.0011,-0.0005,-0.0316
0.0828,1.9730,2.0000,-0.0601,0.0018,376.9420,28.4784,0.0000,0.0748,0.0748,-0.0392,0.0000,0.0000,0.0011,0.0004,-0.0442
0.1442,1.8625,2.0000,-0.0517,0.0018,376.7930,28.3423,0.0000,0.0574,0.0574,-0.0522,0.0000,0.0000,0.0011,0.0004,-0.0532
0.1269,1.9047,2.0000,-0.0443,0.0009,376.6355,28.2208,0.0000,0.0210,0.0210,-0.0739,0.0000,0.0000,0.0005,0.0002,-0.0609
0.0358,2.0021,2.0000,-0.0359,0.0009,376.4926,28.0922,0.0000,-0.0035,-0.0035,-0.0870,0.0000,0.0000,0.0005,0.0002,-0.0661
0.0312,1.9768,2.0000,-0.0289,-0.0006,376.3420,27.9774,0.0000,-0.0351,-0.0351,-0.0982,0.0000,0.0000,-0.0004,-0.0001,-0.0587
0.0910,1.9069,2.0000,-0.0205,-0.0006,376.1916,27.8590,0.0000,-0.0595,-0.0595,-0.0978,0.0000,0.0000,-0.0004,-0.0001,-0.0518
0.1289,1.8811,2.0000,-0.0121,-0.0006,376.0599,27.7309,0.0000,-0.0657,-0.0657,-0.0969,0.0000,0.0000,-0.0004,-0.0001,-0.0404
0.1252,1.9001,2.0000,-0.0037,0.0030,375.9186,27.6015,0.0000,-0.0778,-0.0778,-0.0771,0.0000,0.0000,0.0018,0.0007,-0.0313
0.1966,1.8204,2.0000,0.0047,0.0030,375.7844,27.4914,0.0000,-0.0920,-0.0920,-0.0759,0.0000,0.0000,0.0018,0.0007,-0.0245
0.1498,1.8988,2.0000,0.0131,0.0030,375.6497,27.3800,0.0000,-0.1095,-0.1095,-0.0733,0.0000,0.0000,0.0018,0.0007,-0.0168
0.2000,1.7220,2.0000,0.0106,-0.0078,375.5104,27.2570,0.0000,-0.1124,-0.1124,-0.0769,0.0000,0.0000,-0.0047,-0.0019,-0.0112
0.2000,1.7338,2.0000,0.0190,-0.0078,375.3712,27.1280,0.0000,-0.1183,-0.1183,-0.0721,0.0000,0.0000,-0.0047,-0.0019,-0.0013
0.2000,1.8427,2.0000,0.0274,-0.0078,375.2242,26.9985,0.0000,-0.1316,-0.1316,-0.0665,0.0000,0.0000,-0.0047,-0.0019,0.0063
0.1714,1.8813,2.0000,0.0245,-0.0191,375.0854,26.8712,0.0000,-0.1393,-0.1393,-0.0697,0.0000,0.0000,-0.0115,-0.0046,0.0137
0.1084,1.9422,2.0000,0.0329,-0.0191,374.9412,26.7393,0.0000,-0.1506,-0.1506,-0.0683,0.0000,0.0000,-0.0115,-0.0046,0.0126
0.1493,1.8679,2.0000,0.0413,-0.0028,374.7877,26.6095,0.0000,-0.1603,-0.1603,-0.0152,0.0000,0.0000,-0.0017,-0.0007,0.0176
0.1016,1.9377,2.0000,0.0497,-0.0028,374.6450,26.4837,0.0000,-0.1598,-0.1598,-0.0069,0.0000,0.0000,-0.0017,-0.0007,0.0245
0.0439,1.9925,2.0000,0.0578,-0.0028,374.5103,26.3480,0.0000,-0.1477,-0.1477,-0.0018,0.0000,0.0000,-0.0017,-0.0007,0.0257
0.1299,1.8858,2.0000,0.0627,-0.0063,374.3609,26.2313,0.0000,-0.1586,-0.1586,0.0009,0.0000,0.0000,-0.0038,-0.0015,0.0306
0.1267,1.8968,2.0000,0.0582,-0.0063,374.2257,26.1129,0.0000,-0.1570,-0.1570,0.0108,0.0000,0.0000,-0.0038,-0.0015,0.0378
0.1417,1.8789,2.0000,0.0498,-0.0235,374.0846,25.9717,0.0000,-0.1421,-0.1421,-0.0134,0.0000,0.0000,-0.0142,-0.0057,0.0452
0.2001,1.7812,2.0000,0.0482,-0.0235,373.9305,25.8257,0.0000,-0.1392,-0.1392,-0.0036,0.0000,0.0000,-0.0142,-0.0057,0.0525
0.0716,1.9811,2.0000,0.0400,-0.0235,373.7896,25.6824,0.0000,-0.1298,-0.1298,0.0100,0.0000,0.0000,-0.0142,-0.0057,0.0604
-0.0921,2.1045,2.0000,0.0419,-0.0205,373.6468,25.5455,0.0000,-0.1293,-0.1293,0.0098,0.0000,0.0000,-0.0124,-0.0049,0.0564
-0.0186,1.9941,2.0000,0.0393,-0.0205,373.5156,25.4055,0.0000,-0.1211,-0.1211,0.0101,0.0000,0.0000,-0.0124,-0.0049,0.0504
0.0421,1.9617,2.0000,0.0408,-0.0205,373.3790,25.2629,0.0000,-0.1151,-0.1151,0.0080,0.0000,0.0000,-0.0123,-0.0049,0.0467
0.1140,1.9038,2.0000,0.0374,-0.0205,373.2486,25.1286,0.0000,-0.1110,-0.1110,0.0095,0.0000,0.0000,-0.0123,-0.0049,0.0415
0.0714,1.9590,2.0000,0.0290,-0.0205,373.0998,24.9768,0.0000,-0.1068,-0.1068,0.0144,0.0000,0.0000,-0.0123,-0.0049,0.0408
0.1555,1.8568,2.0000,0.0266,-0.0145,372.9574,24.8344,0.0000,-0.1046,-0.1046,0.0276,0.0000,0.0000,-0.0087,-0.0035,0.0386
-0.0446,2.1074,2.0000,0.0182,-0.0145,372.8215,24.6937,0.0000,-0.0921,-0.0921,0.0361,0.0000,0.0000,-0.0087,-0.0035,0.0396
-0.0106,1.9970,2.0000,0.0198,-0.0045,372.6706,24.5499,0.0000,-0.0951,-0.0951,0.0556,0.0000,0.0000,-0.0027,-0.0011,0.0369
0.0540,1.9393,2.0000,0.0114,-0.0045,372.5316,24.4067,0.0000,-0.0881,-0.0881,0.0556,0.0000,0.0000,-0.0027,-0.0011,0.0314
-0.0515,2.0667,2.0000,0.0063,-0.0013,372.3982,24.2626,0.0000,-0.0722,-0.0722,0.0750,0.0000,0.0000,-0.0008,-0.0003,0.0273
0.0052,1.9785,2.0000,-0.0021,-0.0013,372.2652,24.1226,0.0000,-0.0624,-0.0624,0.0739,0.0000,0.0000,-0.0008,-0.0003,0.0221
0.0475,1.9468,2.0000,-0.0105,-0.0013,372.1206,23.9667,0.0000,-0.0470,-0.0470,0.0743,0.0000,0.0000,-0.0008,-0.0003,0.0210
0.0905,1.9148,2.0000,-0.0189,-0.0095,371.9770,23.8195,0.0000,-0.0384,-0.0384,0.0804,0.0000,0.0000,-0.0057,-0.0023,0.0162
-0.0928,2.1072,2.0000,-0.0273,-0.0095,371.8372,23.6836,0.0000,-0.0273,-0.0273,0.0772,0.0000,0.0000,-0.0057,-0.0023,0.0106
-0.0690,2.0403,2.0000,-0.0357,-0.0095,371.7166,23.5531,0.0000,-0.0191,-0.0191,0.0711,0.0000,0.0000,-0.0057,-0.0023,0.0044
0.0512,1.9329,2.0000,-0.0415,-0.0068,371.5843,23.4013,0.0000,-0.0052,-0.0052,0.0677,0.0000,0.0000,-0.0041,-0.0017,-0.0033
0.2000,1.7613,2.0000,-0.0499,-0.0068,371.4501,23.2770,0.0000,-0.0154,-0.0154,0.0584,0.0000,0.0000,-0.0041,-0.0017,-0.0111
0.2000,1.8151,2.0000,-0.0557,-0.0068,371.2977,23.1346,0.0000,-0.0175,-0.0175,0.0484,0.0000,0.0000,-0.0041,-0.0017,-0.0192
0.2000,1.8151,2.0000,-0.0485,-0.0023,371.1635,23.0137,0.0000,-0.0259,-0.0259,0.0430,0.0000,0.0000,-0.0014,-0.0006,-0.0272
0.2003,1.8151,2.0000,-0.0420,-0.0023,371.0487,22.8826,0.0000,-0.0124,-0.0124,0.0327,0.0000,0.0000,-0.0014,-0.0006,-0.0337
0.2000,1.7259,2.0000,-0.0336,-0.0023,370.8976,22.7444,0.0000,-0.0204,-0.0204,0.0205,0.0000,0.0000,-0.0014,-0.0006,-0.0446
0.2000,1.7259,2.0000,-0.0254,-0.0025,370.7569,22.6263,0.0000,-0.0354,-0.0354,-0.0036,0.0000,0.0000,-0.0015,-0.0006,-0.0528
0.0193,2.0320,2.0000,-0.0170,-0.0025,370.6154,22.4955,0.0000,-0.0409,-0.0409,-0.0126,0.0000,0.0000,-0.0015,-0.0006,-0.0496
0.1851,1.8237,2.0000,-0.0218,-0.0157,370.4717,22.3631,0.0000,-0.0422,-0.0422,-0.0134,0.0000,0.0000,-0.0094,-0.0038,-0.0399
0.1357,1.9112,2.0000,-0.0134,-0.0157,370.3267,22.2267,0.0000,-0.0421,-0.0421,-0.0128,0.0000,0.0000,-0.0094,-0.0038,-0.0313
0.0970,1.9386,2.0000,-0.0091,-0.0198,370.2028,22.1129,0.0000,-0.0436,-0.0436,-0.0153,0.0000,0.0000,-0.0119,-0.0048,-0.0236
0.0608,1.9735,2.0000,-0.0007,-0.0198,370.0495,21.9754,0.0000,-0.0505,-0.0505,-0.0164,0.0000,0.0000,-0.0119,-0.0048,-0.0178
0.2000,1.6684,2.0000,0.0077,-0.0198,369.9156,21.8522,0.0000,-0.0495,-0.0495,-0.0139,0.0000,0.0000,-0.0119,-0.0048,-0.0147
0.0081,2.0420,2.0000,0.0161,-0.0065,369.7662,21.7250,0.0000,-0.0638,-0.0638,-0.0220,0.0000,0.0000,-0.0039,-0.0016,-0.0130
0.1994,1.8042,2.0000,0.0245,-0.0065,369.6293,21.5901,0.0000,-0.0552,-0.0552,-0.0172,0.0000,0.0000,-0.0039,-0.0016,-0.0066
0.1849,1.9456,2.0000,0.0328,-0.0065,369.4992,21.4638,0.0000,-0.0514,-0.0514,-0.0136,0.0000,0.0000,-0.0039,-0.0016,-0.0018
0.1642,1.9059,2.0000,0.0321,-0.0075,369.3593,21.3394,0.0000,-0.0503,-0.0503,0.0045,0.0000,0.0000,-0.0045,-0.0018,0.0060
0.2000,1.7967,2.0000,0.0237,-0.0075,369.2196,21.2036,0.0000,-0.0413,-0.0413,0.0112,0.0000,0.0000,-0.0045,-0.0018,0.0133
0.1912,1.8568,2.0000,0.0153,-0.0075,369.0832,21.0764,0.0000,-0.0343,-0.0343,0.0197,0.0000,0.0000,-0.0045,-0.0018,0.0204
0.1278,1.9320,2.0000,0.0149,0.0006,368.9617,20.9495,0.0000,-0.0115,-0.0115,0.0557,0.0000,0.0000,0.0003,0.0001,0.0274
0.1786,1.8495,2.0000,0.0065,0.0006,368.8370,20.8326,0.0000,-0.0043,-0.0043,0.0599,0.0000,0.0000,0.0003,0.0001,0.0312
0.2000,1.7426,2.0000,-0.0019,0.0006,368.7205,20.7008,0.0000,0.0161,0.0161,0.0592,0.0000,0.0000,0.0003,0.0001,0.0283
0.2000,1.6950,2.0000,-0.0042,0.0067,368.5845,20.5679,0.0000,0.0252,0.0252,0.0555,0.0000,0.0000,0.0040,0.0016,0.0211
0.2000,1.7447,2.0000,-0.0126,0.0067,368.4512,20.4426,0.0000,0.0323,0.0323,0.0540,0.0000,0.0000,0.0040,0.0016,0.0167
0.1674,1.8851,2.0000,-0.0210,-0.0115,368.3237,20.3158,0.0000,0.0457,0.0457,0.0477,0.0000,0.0000,-0.0069,-0.0028,0.0134
0.2000,1.8143,2.0000,-0.0294,-0.0115,368.1997,20.1974,0.0000,0.0479,0.0479,0.0425,0.0000,0.0000,-0.0069,-0.0028,0.0061
0.2000,1.7825,2.0000,-0.0378,-0.0115,368.0761,20.0807,0.0000,0.0491,0.0491,0.0368,0.0000,0.0000,-0.0069,-0.0028,0.0002
0.2000,1.6997,2.0000,-0.0462,-0.0339,367.9299,19.9559,0.0000,0.0401,0.0401,0.0178,0.0000,0.0000,-0.0205,-0.0082,-0.0040
0.2000,1.6858,2.0000,-0.0545,-0.0339,367.8023,19.8362,0.0000,0.0370,0.0370,0.0094,0.0000,0.0000,-0.0205,-0.0082,-0.0106
0.1570,1.9060,2.0000,-0.0499,-0.0339,367.6674,19.7195,0.0000,0.0256,0.0256,-0.0024,0.0000,0.0000,-0.0205,-0.0082,-0.0194
0.2000,1.7355,2.0000,-0.0415,0.0110,367.5448,19.6065,0.0000,0.0211,0.0211,0.0152,0.0000,0.0000,0.0066,0.0026,-0.0273
0.2000,1.7699,2.0000,-0.0331,0.0110,367.4076,19.4785,0.0000,0.0207,0.0207,0.0035,0.0000,0.0000,0.0066,0.0026,-0.0350
0.2000,1.6531,2.0000,-0.0247,0.0110,367.2494,19.3587,0.0000,-0.0008,-0.0008,-0.0097,0.0000,0.0000,0.0066,0.0026,-0.0490
0.1870,1.8604,2.0000,-0.0163,0.0115,367.1170,19.2474,0.0000,-0.0077,-0.0077,-0.0126,0.0000,0.0000,0.0069,0.0028,-0.0506
0.0788,1.9705,2.0000,-0.0079,0.0115,366.9628,19.1268,0.0000,-0.0184,-0.0184,-0.0143,0.0000,0.0000,0.0069,0.0028,-0.0435
0.2001,1.7157,2.0000,-0.0163,-0.0174,366.8142,18.9944,0.0000,-0.0134,-0.0134,-0.0464,0.0000,0.0000,-0.0105,-0.0042,-0.0319
0.1103,1.9419,2.0000,-0.0079,-0.0174,366.6664,18.8775,0.0000,-0.0325,-0.0325,-0.0470,0.0000,0.0000,-0.0105,-0.0042,-0.0253
0.0565,1.9733,2.0000,0.0005,-0.0107,366.5247,18.7593,0.0000,-0.0410,-0.0410,-0.0314,0.0000,0.0000,-0.0065,-0.0026,-0.0179
0.1822,1.8688,2.0000,0.0089,-0.0107,366.3818,18.6468,0.0000,-0.0503,-0.0503,-0.0283,0.0000,0.0000,-0.0065,-0.0026,-0.0089
0.2000,1.8300,2.0000,0.0173,-0.0107,366.2430,18.5201,0.0000,-0.0488,-0.0488,-0.0295,0.0000,0.0000,-0.0065,-0.0026,-0.0088
0.2000,1.8031,2.0000,0.0257,-0.0107,366.0891,18.3937,0.0000,-0.0567,-0.0567,-0.0296,0.0000,0.0000,-0.0065,-0.0026,-0.0086
0.2007,1.8633,2.0000,0.0308,-0.0136,365.9466,18.2774,0.0000,-0.0602,-0.0602,-0.0151,0.0000,0.0000,-0.0082,-0.0033,-0.0009
0.1208,1.9742,2.0000,0.0392,-0.0136,365.8048,18.1591,0.0000,-0.0593,-0.0593,-0.0051,0.0000,0.0000,-0.0082,-0.0033,0.0122
0.2001,1.8242,2.0000,0.0308,-0.0356,365.6627,18.0336,0.0000,-0.0550,-0.0550,-0.0162,0.0000,0.0000,-0.0215,-0.0086,0.0170
0.2001,1.8306,2.0000,0.0224,-0.0356,365.5377,17.9170,0.0000,-0.0477,-0.0477,-0.0089,0.0000,0.0000,-0.0215,-0.0086,0.0243
0.1672,1.8801,2.0000,0.0140,-0.0356,365.3868,17.7903,0.0000,-0.0499,-0.0499,-0.0015,0.0000,0.0000,-0.0215,-0.0086,0.0289
0.2000,1.6956,2.0000,0.0224,0.0026,365.2588,17.6764,0.0000,-0.0450,-0.0450,0.0433,0.0000,0.0000,0.0016,0.0006,0.0354
0.0990,1.9534,2.0000,0.0140,0.0026,365.1297,17.5535,0.0000,-0.0273,-0.0273,0.0450,0.0000,0.0000,0.0016,0.0006,0.0300
0.2000,1.6989,2.0000,0.0056,0.0026,365.0056,17.4352,0.0000,-0.0212,-0.0212,0.0418,0.0000,0.0000,0.0016,0.0006,0.0239
0.2000,1.7680,2.0000,0.0140,0.0216,364.8695,17.3098,0.0000,-0.0057,-0.0057,0.0817,0.0000,0.0000,0.0130,0.0052,0.0156
0.2000,1.7004,2.0000,0.0056,0.0216,364.7368,17.1921,0.0000,0.0063,0.0063,0.0857,0.0000,0.0000,0.0130,0.0052,0.0215
0.1999,1.8349,2.0000,-0.0028,0.0216,364.6090,17.0763,0.0000,0.0241,0.0241,0.0827,0.0000,0.0000,0.0130,0.0052,0.0152
0.2000,1.7585,2.0000,-0.0112,-0.0119,364.4585,16.9412,0.0000,0.0231,0.0231,-0.0008,0.0000,0.0000,-0.0071,-0.0029,0.0081
0.2000,1.7090,2.0000,-0.0176,-0.0119,364.3012,16.8072,0.0000,0.0189,0.0189,0.0030,0.0000,0.0000,-0.0071,-0.0029,0.0144
0.0780,2.0060,2.0000,-0.0231,-0.0089,364.1728,16.6820,0.0000,0.0233,0.0233,0.0037,0.0000,0.0000,-0.0054,-0.0022,0.0076
-0.0567,2.0486,2.0000,-0.0315,-0.0089,364.0367,16.5624,0.0000,0.0178,0.0178,-0.0021,0.0000,0.0000,-0.0054,-0.0022,0.0000
0.1433,1.7778,2.0000,0.0000,-0.0089,363.8953,16.4420,0.0000,0.0092,0.0092,-0.0089,0.0000,0.0000,-0.0054,-0.0022,-0.0079
0.2000,1.7967,2.0000,0.0050,0.0044,363.7544,16.3124,0.0000,0.0103,0.0103,0.0160,0.0000,0.0000,0.0027,0.0011,-0.0140
0.2004,1.8414,2.0000,-0.0033,0.0044,363.5950,16.1826,0.0000,0.0012,0.0012,0.0077,0.0000,0.0000,0.0027,0.0011,-0.0191
0.2000,1.8979,2.0000,0.0000,-0.0003,363.4435,16.0542,0.0000,-0.0030,-0.0030,-0.0031,0.0000,0.0000,-0.0002,-0.0001,-0.0260
0.0096,2.0391,2.0000,0.0084,-0.0003,363.2685,15.9228,0.0000,-0.0131,-0.0131,0.0013,0.0000,0.0000,-0.0002,-0.0001,-0.0174
0.0310,1.9698,2.0000,0.0015,0.0012,363.1245,15.8010,0.0000,-0.0104,-0.0104,0.0240,0.0000,0.0000,0.0007,0.0003,-0.0028
-0.1696,2.1692,2.0000,-0.0069,0.0012,363.0180,15.6901,0.0000,0.0126,0.0126,0.0270,0.0000,0.0000,0.0007,0.0003,0.0003
0.0295,1.8696,2.0000,-0.0152,0.0012,362.8622,15.5690,0.0000,0.0056,0.0056,0.0301,0.0000,0.0000,0.0007,0.0003,0.0035
0.2000,1.5247,2.0000,-0.0236,0.0012,362.7384,15.4450,0.0000,0.0186,0.0186,0.0323,0.0000,0.0000,0.0007,0.0003,0.0101
0.0994,1.9567,2.0000,-0.0203,0.0128,362.6084,15.3118,0.0000,0.0511,0.0511,0.0652,0.0000,0.0000,0.0077,0.0031,0.0045
0.2000,1.7373,2.0000,-0.0287,0.0128,362.4413,15.1655,0.0000,0.0555,0.0555,0.0588,0.0000,0.0000,0.0077,0.0031,-0.0021
0.1975,1.8443,2.0000,-0.0319,0.0019,362.2924,15.0390,0.0000,0.0596,0.0596,-0.0020,0.0000,0.0000,0.0012,0.0005,-0.0098
-0.0038,2.2023,2.0000,-0.0267,0.0019,362.1529,14.9116,0.0000,0.0606,0.0606,-0.0107,0.0000,0.0000,0.0012,0.0005,-0.0175
0.0695,1.9375,2.0000,-0.0286,-0.0029,362.0111,14.7791,0.0000,0.0670,0.0670,-0.0183,0.0000,0.0000,-0.0018,-0.0007,-0.0161
0.1402,1.8730,2.0000,-0.0202,-0.0029,361.8578,14.6570,0.0000,0.0554,0.0554,-0.0256,0.0000,0.0000,-0.0018,-0.0007,-0.0229
0.1130,1.9229,2.0000,-0.0118,-0.0029,361.7430,14.5419,0.0000,0.0641,0.0641,-0.0306,0.0000,0.0000,-0.0018,-0.0007,-0.0261
0.0881,1.9433,2.0000,-0.0063,-0.0057,361.6080,14.4264,0.0000,0.0601,0.0601,-0.0334,0.0000,0.0000,-0.0035,-0.0014,-0.0217
0.2000,1.6108,2.0000,0.0021,-0.0057,361.4549,14.3181,0.0000,0.0454,0.0454,-0.0352,0.0000,0.0000,-0.0035,-0.0014,-0.0235
0.2000,1.7613,2.0000,0.0105,-0.0057,361.3084,14.2115,0.0000,0.0287,0.0287,-0.0344,0.0000,0.0000,-0.0035,-0.0014,-0.0171
0.1997,1.8602,2.0000,0.0149,-0.0098,361.1630,14.0974,0.0000,0.0190,0.0190,-0.0347,0.0000,0.0000,-0.0059,-0.0024,-0.0088
0.2000,1.7967,2.0000,0.0219,-0.0098,361.0153,13.9902,0.0000,0.0060,0.0060,-0.0324,0.0000,0.0000,-0.0059,-0.0024,-0.0040
0.1998,1.8327,2.0000,0.0302,-0.0098,360.8501,13.8631,0.0000,-0.0028,-0.0028,-0.0268,0.0000,0.0000,-0.0059,-0.0024,0.0043
0.1998,1.8094,2.0000,0.0218,-0.0102,360.7110,13.7453,0.0000,-0.0005,-0.0005,-0.0212,0.0000,0.0000,-0.0061,-0.0025,0.0118
-0.0004,2.0667,2.0000,0.0177,-0.0102,360.5734,13.6268,0.0000,0.0015,0.0015,-0.0145,0.0000,0.0000,-0.0061,-0.0025,0.0165
0.1997,1.8078,2.0000,0.0122,-0.0102,360.4363,13.5145,0.0000,0.0028,0.0028,-0.0107,0.0000,0.0000,-0.0061,-0.0025,0.0210
0.2000,1.8005,2.0000,0.0082,-0.0059,360.3070,13.3935,0.0000,0.0156,0.0156,0.0038,0.0000,0.0000,-0.0035,-0.0014,0.0273
0.2000,1.7575,2.0000,-0.0002,-0.0059,360.1739,13.2686,0.0000,0.0262,0.0262,0.0038,0.0000,0.0000,-0.0035,-0.0014,0.0241
0.2000,1.7568,2.0000,-0.0086,-0.0059,360.0309,13.1496,0.0000,0.0251,0.0251,0.0030,0.0000,0.0000,-0.0035,-0.0014,0.0201
0.2000,1.8102,2.0000,-0.0015,0.0097,359.8868,13.0287,0.0000,0.0280,0.0280,0.0154,0.0000,0.0000,0.0058,0.0023,0.0165
0.1999,1.8443,2.0000,-0.0099,0.0097,359.7260,12.8920,0.0000,0.0298,0.0298,0.0124,0.0000,0.0000,0.0058,0.0023,0.0120
0.1995,1.8653,2.0000,-0.0183,0.0064,359.5567,12.7660,0.0000,0.0181,0.0181,0.0165,0.0000,0.0000,0.0038,0.0015,0.0055
-0.0002,2.0923,2.0000,-0.0266,0.0064,359.4051,12.6487,0.0000,0.0139,0.0139,0.0127,0.0000,0.0000,0.0038,0.0015,-0.0020
-0.0876,2.0927,2.0000,-0.0350,-0.0127,359.2580,12.5156,0.0000,0.0198,0.0198,-0.0132,0.0000,0.0000,-0.0076,-0.0031,0.0028
0.0939,1.9001,2.0000,-0.0266,-0.0127,359.1104,12.3966,0.0000,0.0110,0.0110,-0.0199,0.0000,0.0000,-0.0076,-0.0031,-0.0032
0.0603,1.9669,2.0000,-0.0182,-0.0127,358.9572,12.2862,0.0000,-0.0115,-0.0115,-0.0287,0.0000,0.0000,-0.0076,-0.0031,-0.0110
0.1331,1.8790,2.0000,-0.0207,-0.0235,358.8060,12.1712,0.0000,-0.0261,-0.0261,-0.0296,0.0000,0.0000,-0.0142,-0.0057,-0.0176
0.1677,1.8742,2.0000,-0.0123,-0.0235,358.6566,12.0563,0.0000,-0.0397,-0.0397,-0.0374,0.0000,0.0000,-0.0142,-0.0057,-0.0255
0.1633,1.8842,2.0000,-0.0039,-0.0235,358.5181,11.9443,0.0000,-0.0443,-0.0443,-0.0377,0.0000,0.0000,-0.0142,-0.0057,-0.0231
0.2000,1.8695,2.0000,0.0045,-0.0038,358.3732,11.8296,0.0000,-0.0506,-0.0506,-0.0308,0.0000,0.0000,-0.0023,-0.0009,-0.0153
0.2000,1.7660,2.0000,0.0129,-0.0038,358.2292,11.7276,0.0000,-0.0650,-0.0650,-0.0326,0.0000,0.0000,-0.0023,-0.0009,-0.0145
0.2000,1.8320,2.0000,0.0213,-0.0038,358.0892,11.6145,0.0000,-0.0678,-0.0678,-0.0305,0.0000,0.0000,-0.0023,-0.0009,-0.0093
0.2000,1.7508,2.0000,0.0297,0.0057,357.9667,11.5010,0.0000,-0.0548,-0.0548,-0.0184,0.0000,0.0000,0.0034,0.0014,-0.0016
0.2000,1.7840,2.0000,0.0381,0.0057,357.8297,11.3881,0.0000,-0.0512,-0.0512,-0.0134,0.0000,0.0000,0.0034,0.0014,0.0037
0.2000,1.6561,2.0000,0.0345,0.0057,357.6821,11.2722,0.0000,-0.0489,-0.0489,-0.0047,0.0000,0.0000,0.0034,0.0014,0.0135
0.2000,1.7602,2.0000,0.0323,0.0114,357.5456,11.1554,0.0000,-0.0405,-0.0405,0.0039,0.0000,0.0000,0.0069,0.0028,0.0206
0.1997,1.8611,2.0000,0.0246,0.0114,357.3980,11.0286,0.0000,-0.0299,-0.0299,0.0124,0.0000,0.0000,0.0069,0.0028,0.0274
0.2000,1.7819,2.0000,0.0215,0.0167,357.2479,10.8990,0.0000,-0.0209,-0.0209,0.0160,0.0000,0.0000,0.0101,0.0040,0.0338
0.1251,1.9296,2.0000,0.0131,0.0167,357.0964,10.7826,0.0000,-0.0216,-0.0216,0.0217,0.0000,0.0000,0.0101,0.0040,0.0337
0.0786,1.9667,2.0000,0.0047,-0.0115,356.9315,10.6652,0.0000,-0.0353,-0.0353,-0.0026,0.0000,0.0000,-0.0070,-0.0028,0.0319
0.1999,1.8934,2.0000,0.0130,-0.0115,356.8127,10.5474,0.0000,-0.0244,-0.0244,-0.0055,0.0000,0.0000,-0.0070,-0.0028,0.0268
0.0750,2.0064,2.0000,0.0214,-0.0115,356.6739,10.4204,0.0000,-0.0177,-0.0177,-0.0042,0.0000,0.0000,-0.0070,-0.0028,0.0227
0.2000,1.6589,2.0000,0.0132,-0.0115,356.5169,10.2890,0.0000,-0.0196,-0.0196,-0.0073,0.0000,0.0000,-0.0070,-0.0028,0.0180
0.1806,1.8667,2.0000,0.0159,-0.0005,356.3695,10.1586,0.0000,-0.0129,-0.0129,0.0097,0.0000,0.0000,-0.0003,-0.0001,0.0121
0.0161,2.0293,2.0000,0.0208,0.0129,356.2217,10.0456,0.0000,-0.0163,-0.0163,0.0327,0.0000,0.0000,0.0077,0.0031,0.0124
0.1596,1.8442,2.0000,0.0124,0.0129,356.0846,9.9216,0.0000,-0.0083,-0.0083,0.0342,0.0000,0.0000,0.0077,0.0031,0.0193
0.1989,1.8442,2.0000,0.0040,0.0129,355.9424,9.7917,0.0000,0.0030,0.0030,0.0326,0.0000,0.0000,0.0077,0.0031,0.0173
0.1966,1.8442,2.0000,0.0124,0.0308,355.7947,9.6718,0.0000,0.0116,0.0116,0.0734,0.0000,0.0000,0.0185,0.0074,0.0173
0.1413,1.9099,2.0000,0.0040,0.0308,355.6484,9.5453,0.0000,0.0304,0.0304,0.0778,0.0000,0.0000,0.0185,0.0074,0.0207
0.1918,1.8858,2.0000,-0.0044,0.0308,355.4895,9.4170,0.0000,0.0374,0.0374,0.0782,0.0000,0.0000,0.0185,0.0074,0.0197
0.1663,1.9170,2.0000,-0.0128,0.0210,355.3485,9.2800,0.0000,0.0577,0.0577,0.0350,0.0000,0.0000,0.0126,0.0050,0.0118
0.0175,2.0253,2.0000,-0.0211,0.0210,355.1896,9.1571,0.0000,0.0544,0.0544,0.0350,0.0000,0.0000,0.0126,0.0050,0.0100
0.0845,1.9494,2.0000,-0.0295,0.0179,355.0595,9.0278,0.0000,0.0668,0.0668,0.0163,0.0000,0.0000,0.0108,0.0043,0.0112
0.0415,1.9916,2.0000,-0.0379,0.0179,354.9101,8.9060,0.0000,0.0622,0.0622,0.0124,0.0000,0.0000,0.0108,0.0043,0.0041
0.0924,1.9112,2.0000,-0.0299,0.0179,354.7760,8.8075,0.0000,0.0449,0.0449,0.0040,0.0000,0.0000,0.0108,0.0043,-0.0036
0.1026,1.9112,2.0000,-0.0322,0.0072,354.6184,8.7135,0.0000,0.0082,0.0082,-0.0175,0.0000,0.0000,0.0043,0.0017,-0.0115
0.1848,1.8233,2.0000,-0.0238,0.0072,354.4651,8.5884,0.0000,-0.0059,-0.0059,-0.0298,0.0000,0.0000,0.0043,0.0017,-0.0197
0.1999,1.8233,2.0000,-0.0154,0.0072,354.2964,8.4255,0.0000,0.0010,0.0010,-0.0386,0.0000,0.0000,0.0043,0.0017,-0.0274
0.0907,1.9629,2.0000,-0.0186,-0.0044,354.1605,8.2847,0.0000,0.0056,0.0056,-0.0626,0.0000,0.0000,-0.0026,-0.0011,-0.0293
-0.1093,2.3227,2.0000,-0.0102,0.0099,354.0504,8.1701,0.0000,0.0031,0.0031,-0.0271,0.0000,0.0000,0.0060,0.0024,-0.0266
0.0344,1.9369,2.0000,-0.0018,0.0099,353.9108,8.0452,0.0000,0.0173,0.0173,-0.0225,0.0000,0.0000,0.0060,0.0024,-0.0240
0.2000,1.5717,2.0000,0.0066,0.0099,353.7379,7.9491,0.0000,-0.0158,-0.0158,-0.0205,0.0000,0.0000,0.0060,0.0024,-0.0163
0.1999,1.8576,2.0000,0.0150,0.0099,353.5828,7.8400,0.0000,-0.0320,-0.0320,-0.0206,0.0000,0.0000,0.0060,0.0024,-0.0131
0.0898,1.9649,2.0000,0.0136,0.0002,353.4304,7.7114,0.0000,-0.0296,-0.0296,-0.0283,0.0000,0.0000,0.0001,0.0000,-0.0108
0.2001,1.8803,2.0000,0.0220,0.0002,353.2888,7.5939,0.0000,-0.0261,-0.0261,-0.0230,0.0000,0.0000,0.0001,0.0000,-0.0032
0.0825,1.9774,2.0000,0.0304,0.0005,353.1547,7.4885,0.0000,-0.0274,-0.0274,-0.0288,0.0000,0.0000,0.0003,0.0001,0.0048
0.2000,1.8248,2.0000,0.0388,0.0005,353.0005,7.3697,0.0000,-0.0319,-0.0319,-0.0233,0.0000,0.0000,0.0003,0.0001,0.0123
0.2000,1.6904,2.0000,0.0361,0.0005,352.8667,7.2548,0.0000,-0.0275,-0.0275,-0.0202,0.0000,0.0000,0.0003,0.0001,0.0156
0.1999,1.9304,2.0000,0.0439,0.0002,352.7155,7.1275,0.0000,-0.0269,-0.0269,-0.0233,0.0000,0.0000,0.0001,0.0001,0.0185
0.2000,1.7483,2.0000,0.0362,0.0002,352.5770,7.0095,0.0000,-0.0207,-0.0207,-0.0154,0.0000,0.0000,0.0001,0.0001,0.0252
0.0987,1.9601,2.0000,0.0362,0.0002,352.4277,6.9030,0.0000,-0.0337,-0.0337,-0.0050,0.0000,0.0000,0.0001,0.0001,0.0321
0.1997,1.8049,2.0000,0.0317,-0.0041,352.2824,6.7779,0.0000,-0.0311,-0.0311,-0.0181,0.0000,0.0000,-0.0025,-0.0010,0.0357
0.2001,1.8173,2.0000,0.0251,-0.0041,352.1686,6.6650,0.0000,-0.0198,-0.0198,-0.0136,0.0000,0.0000,-0.0025,-0.0010,0.0354
0.1537,1.9006,2.0000,0.0190,-0.0041,352.0499,6.5569,0.0000,-0.0159,-0.0159,-0.0074,0.0000,0.0000,-0.0025,-0.0010,0.0400
0.2000,1.5913,2.0000,0.0156,-0.0041,351.9146,6.4334,0.0000,-0.0119,-0.0119,-0.0103,0.0000,0.0000,-0.0025,-0.0010,0.0343
0.2001,1.5925,2.0000,0.0161,-0.0033,351.7817,6.3070,0.0000,-0.0058,-0.0058,-0.0152,0.0000,0.0000,-0.0020,-0.0008,0.0330
0.2000,1.8168,2.0000,0.0155,-0.0033,351.6611,6.1978,0.0000,-0.0081,-0.0081,-0.0136,0.0000,0.0000,-0.0020,-0.0008,0.0290
0.2000,1.8192,2.0000,0.0175,0.0064,351.5247,6.0876,0.0000,-0.0167,-0.0167,-0.0003,0.0000,0.0000,0.0038,0.0015,0.0236
0.2000,1.6137,2.0000,0.0177,0.0064,351.3817,5.9648,0.0000,-0.0201,-0.0201,-0.0027,0.0000,0.0000,0.0038,0.0015,0.0188
0.2000,1.7383,2.0000,0.0136,0.0064,351.2549,5.8411,0.0000,-0.0109,-0.0109,-0.0003,0.0000,0.0000,0.0038,0.0015,0.0172
0.1996,1.8686,2.0000,0.0052,-0.0030,351.1205,5.7228,0.0000,-0.0080,-0.0080,0.0159,0.0000,0.0000,-0.0018,-0.0007,0.0171
0.2000,1.7570,2.0000,-0.0032,-0.0030,350.9801,5.6080,0.0000,-0.0122,-0.0122,0.0184,0.0000,0.0000,-0.0018,-0.0007,0.0187
0.2000,1.7750,2.0000,-0.0116,-0.0030,350.8530,5.4900,0.0000,-0.0053,-0.0053,0.0200,0.0000,0.0000,-0.0018,-0.0007,0.0187
0.2000,1.7979,2.0000,-0.0142,0.0027,350.7181,5.3749,0.0000,-0.0049,-0.0049,0.0287,0.0000,0.0000,0.0016,0.0006,0.0173
0.2000,1.7196,2.0000,-0.0226,0.0027,350.5945,5.2484,0.0000,0.0070,0.0070,0.0244,0.0000,0.0000,0.0016,0.0006,0.0138
0.1999,1.7581,2.0000,-0.0217,0.0027,350.4637,5.1404,0.0000,0.0025,0.0025,0.0206,0.0000,0.0000,0.0016,0.0006,0.0066
0.2000,1.7533,2.0000,-0.0187,0.0141,350.3432,5.0278,0.0000,0.0057,0.0057,0.0255,0.0000,0.0000,0.0085,0.0034,-0.0020
0.2000,1.6811,2.0000,-0.0134,0.0141,350.2092,4.9167,0.0000,0.0001,0.0001,0.0189,0.0000,0.0000,0.0085,0.0034,-0.0089
0.2000,1.6351,2.0000,-0.0050,0.0141,350.0790,4.8102,0.0000,-0.0069,-0.0069,0.0109,0.0000,0.0000,0.0085,0.0034,-0.0173
0.2000,1.7269,2.0000,-0.0075,0.0033,349.9319,4.6927,0.0000,-0.0148,-0.0148,-0.0056,0.0000,0.0000,0.0020,0.0008,-0.0159
0.2000,1.6682,2.0000,0.0009,0.0033,349.8055,4.5836,0.0000,-0.0156,-0.0156,-0.0068,0.0000,0.0000,0.0020,0.0008,-0.0144
0.2003,1.8672,2.0000,0.0048,-0.0012,349.6670,4.4720,0.0000,-0.0227,-0.0227,-0.0164,0.0000,0.0000,-0.0007,-0.0003,-0.0102
0.2000,1.6549,2.0000,0.0132,-0.0012,349.5258,4.3578,0.0000,-0.0275,-0.0275,-0.0141,0.0000,0.0000,-0.0007,-0.0003,-0.0062
0.2000,1.7643,2.0000,0.0216,-0.0012,349.3843,4.2367,0.0000,-0.0305,-0.0305,-0.0137,0.0000,0.0000,-0.0007,-0.0003,-0.0030
0.2000,1.8005,2.0000,0.0286,-0.0027,349.2448,4.1208,0.0000,-0.0345,-0.0345,-0.0176,0.0000,0.0000,-0.0016,-0.0007,0.0023
0.1997,1.8459,2.0000,0.0367,-0.0027,349.1085,3.9999,0.0000,-0.0315,-0.0315,-0.0126,0.0000,0.0000,-0.0016,-0.0007,0.0072
0.2000,1.7976,2.0000,0.0292,-0.0027,348.9717,3.8838,0.0000,-0.0328,-0.0328,-0.0085,0.0000,0.0000,-0.0016,-0.0007,0.0137
0.2000,1.8081,2.0000,0.0226,-0.0078,348.8157,3.7612,0.0000,-0.0407,-0.0407,-0.0113,0.0000,0.0000,-0.0047,-0.0019,0.0177
0.2000,1.7784,2.0000,0.0166,-0.0078,348.6796,3.6382,0.0000,-0.0357,-0.0357,-0.0039,0.0000,0.0000,-0.0047,-0.0019,0.0252
0.1499,1.9665,2.0000,0.0198,-0.0130,348.5418,3.5181,0.0000,-0.0335,-0.0335,-0.0036,0.0000,0.0000,-0.0079,-0.0031,0.0332
0.2001,1.8188,2.0000,0.0124,-0.0130,348.4092,3.3976,0.0000,-0.0330,-0.0330,-0.0046,0.0000,0.0000,-0.0079,-0.0031,0.0287
0.1999,1.8128,2.0000,0.0101,-0.0130,348.2715,3.2767,0.0000,-0.0378,-0.0378,-0.0065,0.0000,0.0000,-0.0079,-0.0031,0.0229
0.2000,1.7765,2.0000,0.0133,-0.0014,348.1365,3.1604,0.0000,-0.0408,-0.0408,0.0297,0.0000,0.0000,-0.0008,-0.0003,0.0187
0.2000,1.8171,2.0000,0.0049,-0.0014,347.9855,3.0335,0.0000,-0.0402,-0.0402,0.0327,0.0000,0.0000,-0.0008,-0.0003,0.0206
0.2000,1.7665,2.0000,-0.0035,-0.0014,347.8477,2.9148,0.0000,-0.0408,-0.0408,0.0307,0.0000,0.0000,-0.0008,-0.0003,0.0142
0.1091,1.9552,2.0000,-0.0101,0.0004,347.7077,2.7886,0.0000,-0.0336,-0.0336,0.0259,0.0000,0.0000,0.0002,0.0001,0.0123
0.2000,1.8035,2.0000,-0.0172,0.0004,347.5497,2.6566,0.0000,-0.0372,-0.0372,0.0286,0.0000,0.0000,0.0002,0.0001,0.0149
0.2000,1.8683,2.0000,-0.0120,-0.0026,347.4138,2.5433,0.0000,-0.0427,-0.0427,0.0103,0.0000,0.0000,-0.0016,-0.0006,0.0080
0.0084,2.0410,2.0000,-0.0036,-0.0026,347.2705,2.4085,0.0000,-0.0413,-0.0413,0.0039,0.0000,0.0000,-0.0016,-0.0006,0.0003
0.2000,1.7543,2.0000,0.0048,-0.0026,347.1537,2.2878,0.0000,-0.0345,-0.0345,-0.0033,0.0000,0.0000,-0.0016,-0.0006,-0.0063
0.1920,1.9509,2.0000,0.0132,0.0081,346.9997,2.1740,0.0000,-0.0538,-0.0538,0.0043,0.0000,0.0000,0.0049,0.0019,-0.0120
0.2000,1.6641,2.0000,0.0216,0.0081,346.8531,2.0482,0.0000,-0.0561,-0.0561,0.0063,0.0000,0.0000,0.0049,0.0019,-0.0072
0.2003,1.8987,2.0000,0.0300,0.0081,346.7177,1.9198,0.0000,-0.0453,-0.0453,0.0105,0.0000,0.0000,0.0049,0.0019,0.0001
0.1389,1.9154,2.0000,0.0236,0.0097,346.5830,1.7996,0.0000,-0.0401,-0.0401,0.0168,0.0000,0.0000,0.0059,0.0023,0.0076
0.1802,1.8501,2.0000,0.0152,0.0097,346.4429,1.6778,0.0000,-0.0364,-0.0364,0.0230,0.0000,0.0000,0.0059,0.0023,0.0141
0.2000,1.7899,2.0000,0.0068,0.0097,346.3014,1.5499,0.0000,-0.0290,-0.0290,0.0295,0.0000,0.0000,0.0059,0.0023,0.0214
0.2000,1.8400,2.0000,-0.0016,0.0093,346.1538,1.4155,0.0000,-0.0199,-0.0199,0.0334,0.0000,0.0000,0.0056,0.0022,0.0285
0.1697,1.8918,2.0000,-0.0100,0.0093,346.0032,1.2766,0.0000,-0.0123,-0.0123,0.0344,0.0000,0.0000,0.0056,0.0022,0.0253
0.0676,1.9792,2.0000,-0.0184,0.0070,345.8589,1.1469,0.0000,-0.0090,-0.0090,0.0345,0.0000,0.0000,0.0042,0.0017,0.0191
-0.0244,2.0314,2.0000,-0.0268,0.0070,345.7174,1.0074,0.0000,0.0017,0.0017,0.0301,0.0000,0.0000,0.0042,0.0017,0.0118
0.1339,1.9234,2.0000,-0.0326,0.0097,345.5814,0.8596,0.0000,0.0180,0.0180,0.0254,0.0000,0.0000,0.0058,0.0023,0.0044
0.0822,1.9708,2.0000,-0.0391,0.0097,345.4345,0.7370,0.0000,0.0110,0.0110,0.0191,0.0000,0.0000,0.0058,0.0023,-0.0033
0.0326,1.9898,2.0000,-0.0307,0.0097,345.2910,0.6153,0.0000,0.0029,0.0029,0.0109,0.0000,0.0000,0.0058,0.0023,-0.0095
0.1057,1.8980,2.0000,-0.0223,0.0144,345.1323,0.4872,0.0000,-0.0110,-0.0110,0.0081,0.0000,0.0000,0.0087,0.0035,-0.0191
0.1580,1.8652,2.0000,-0.0139,0.0144,344.9906,0.3558,0.0000,-0.0099,-0.0099,-0.0003,0.0000,0.0000,0.0087,0.0035,-0.0242
0.0171,2.0238,2.0000,-0.0092,0.0106,344.8293,0.2308,0.0000,-0.0272,-0.0272,-0.0206,0.0000,0.0000,0.0064,0.0026,-0.0314
0.0843,1.9153,2.0000,-0.0009,0.0106,344.6922,0.1160,0.0000,-0.0319,-0.0319,-0.0207,0.0000,0.0000,0.0064,0.0026,-0.0267
-0.0032,2.0253,2.0000,0.0075,0.0106,344.5410,-0.0036,0.0000,-0.0410,-0.0410,-0.0176,0.0000,0.0000,0.0064,0.0026,-0.0175
0.1971,1.7732,2.0000,0.0108,0.0055,344.3953,-0.1286,0.0000,-0.0402,-0.0402,-0.0213,0.0000,0.0000,0.0033,0.0013,-0.0111
0.1447,1.9114,2.0000,0.0192,0.0055,344.2585,-0.2505,0.0000,-0.0397,-0.0397,-0.0186,0.0000,0.0000,0.0033,0.0013,-0.0038
0.1459,1.9037,2.0000,0.0275,0.0055,344.1246,-0.3671,0.0000,-0.0386,-0.0386,-0.0149,0.0000,0.0000,0.0033,0.0013,0.0008
0.2000,1.8166,2.0000,0.0276,-0.0028,343.9668,-0.4796,0.0000,-0.0553,-0.0553,-0.0212,0.0000,0.0000,-0.0017,-0.0007,0.0104
0.2000,1.7606,2.0000,0.0360,-0.0028,343.8303,-0.6093,0.0000,-0.0476,-0.0476,-0.0176,0.0000,0.0000,-0.0017,-0.0007,0.0138
0.1996,1.9204,2.0000,0.0323,-0.0149,343.6925,-0.7326,0.0000,-0.0455,-0.0455,-0.0138,0.0000,0.0000,-0.0090,-0.0036,0.0170
0.1775,1.8670,2.0000,0.0247,-0.0149,343.5431,-0.8628,0.0000,-0.0447,-0.0447,-0.0071,0.0000,0.0000,-0.0090,-0.0036,0.0235
0.1989,1.8339,2.0000,0.0165,-0.0149,343.4042,-0.9916,0.0000,-0.0383,-0.0383,-0.0009,0.0000,0.0000,-0.0090,-0.0036,0.0283
0.0877,1.9651,2.0000,0.0099,-0.0137,343.2627,-1.1307,0.0000,-0.0259,-0.0259,0.0047,0.0000,0.0000,-0.0083,-0.0033,0.0329
0.1355,1.8791,2.0000,0.0015,-0.0137,343.1273,-1.2549,0.0000,-0.0230,-0.0230,0.0068,0.0000,0.0000,-0.0083,-0.0033,0.0327
0.0710,1.9686,2.0000,-0.0003,-0.0072,342.9801,-1.3889,0.0000,-0.0221,-0.0221,0.0153,0.0000,0.0000,-0.0043,-0.0017,0.0278
0.1886,1.8210,2.0000,-0.0059,-0.0072,342.8405,-1.5181,0.0000,-0.0219,-0.0219,0.0108,0.0000,0.0000,-0.0043,-0.0017,0.0214
0.1415,1.9741,2.0000,-0.0030,-0.0072,342.7029,-1.6517,0.0000,-0.0148,-0.0148,0.0091,0.0000,0.0000,-0.0043,-0.0017,0.0153
0.1998,1.8860,2.0000,-0.0114,-0.0283,342.5657,-1.7832,0.0000,-0.0126,-0.0126,-0.0007,0.0000,0.0000,-0.0171,-0.0068,0.0083
0.2000,1.9017,2.0000,-0.0030,-0.0283,342.4209,-1.9187,0.0000,-0.0114,-0.0114,-0.0037,0.0000,0.0000,-0.0171,-0.0068,0.0042
0.1998,1.8842,2.0000,0.0052,-0.0283,342.2719,-2.0389,0.0000,-0.0230,-0.0230,-0.0049,0.0000,0.0000,-0.0171,-0.0068,0.0015
0.1474,1.9663,2.0000,0.0132,-0.0288,342.1295,-2.1683,0.0000,-0.0257,-0.0257,-0.0111,0.0000,0.0000,-0.0173,-0.0069,0.0009
0.1334,1.8978,2.0000,0.0049,-0.0288,341.9980,-2.2935,0.0000,-0.0238,-0.0238,-0.0146,0.0000,0.0000,-0.0173,-0.0069,-0.0037
0.1213,1.9076,2.0000,0.0029,-0.0272,341.8443,-2.4183,0.0000,-0.0339,-0.0339,-0.0135,0.0000,0.0000,-0.0164,-0.0065,-0.0026
0.2000,1.7999,2.0000,-0.0005,-0.0272,341.7005,-2.5398,0.0000,-0.0370,-0.0370,-0.0069,0.0000,0.0000,-0.0164,-0.0065,0.0061
0.1024,1.9624,2.0000,0.0013,-0.0272,341.5483,-2.6858,0.0000,-0.0295,-0.0295,-0.0012,0.0000,0.0000,-0.0164,-0.0065,0.0133
-0.0974,2.0911,2.0000,0.0061,-0.0240,341.4108,-2.8144,0.0000,-0.0274,-0.0274,0.0033,0.0000,0.0000,-0.0145,-0.0058,0.0111
-0.1122,2.0911,2.0000,-0.0017,-0.0240,341.2611,-2.9363,0.0000,-0.0385,-0.0385,0.0014,0.0000,0.0000,-0.0145,-0.0058,0.0077
-0.2009,2.0911,2.0000,0.0067,-0.0185,341.1221,-3.0621,0.0000,-0.0397,-0.0397,0.0061,0.0000,0.0000,-0.0112,-0.0045,0.0050
-0.0011,1.9141,2.0000,0.0100,-0.0185,340.9764,-3.1799,0.0000,-0.0490,-0.0490,0.0064,0.0000,0.0000,-0.0112,-0.0045,0.0051
0.1861,1.8583,2.0000,0.0074,-0.0185,340.8381,-3.3201,0.0000,-0.0365,-0.0365,0.0077,0.0000,0.0000,-0.0112,-0.0045,0.0090
0.1811,1.8584,2.0000,0.0150,-0.0025,340.7053,-3.4405,0.0000,-0.0350,-0.0350,0.0330,0.0000,0.0000,-0.0015,-0.0006,0.0050
0.0956,1.9519,2.0000,0.0066,-0.0025,340.5580,-3.5749,0.0000,-0.0244,-0.0244,0.0358,0.0000,0.0000,-0.0015,-0.0006,0.0076
0.2000,1.7778,2.0000,-0.0018,-0.0025,340.4260,-3.7055,0.0000,-0.0120,-0.0120,0.0379,0.0000,0.0000,-0.0015,-0.0006,0.0127
0.0794,1.9760,2.0000,-0.0052,0.0026,340.2911,-3.8235,0.0000,-0.0043,-0.0043,0.0352,0.0000,0.0000,0.0015,0.0006,0.0114
0.1794,1.8412,2.0000,-0.0136,0.0026,340.1440,-3.9538,0.0000,-0.0017,-0.0017,0.0377,0.0000,0.0000,0.0015,0.0006,0.0155
0.1055,1.9481,2.0000,-0.0220,0.0011,340.0105,-4.0885,0.0000,0.0142,0.0142,0.0286,0.0000,0.0000,0.0007,0.0003,0.0152
0.1444,1.9481,2.0000,-0.0304,0.0011,339.8604,-4.2106,0.0000,0.0051,0.0051,0.0230,0.0000,0.0000,0.0007,0.0003,0.0055
0.1564,1.9481,2.0000,-0.0388,0.0011,339.7142,-4.3365,0.0000,0.0006,0.0006,0.0178,0.0000,0.0000,0.0007,0.0003,0.0003
0.1277,1.9129,2.0000,-0.0304,0.0212,339.5749,-4.4622,0.0000,0.0019,0.0019,0.0588,0.0000,0.0000,0.0128,0.0051,-0.0033
0.1351,1.9129,2.0000,-0.0387,0.0212,339.4237,-4.5897,0.0000,0.0019,0.0019,0.0503,0.0000,0.0000,0.0128,0.0051,-0.0098
0.1498,1.9129,2.0000,-0.0467,0.0212,339.2874,-4.7077,0.0000,0.0012,0.0012,0.0385,0.0000,0.0000,0.0128,0.0051,-0.0193
0.0791,1.9618,2.0000,-0.0400,0.0208,339.1452,-4.8259,0.0000,-0.0011,-0.0011,0.0255,0.0000,0.0000,0.0125,0.0050,-0.0272
0.2001,1.7878,2.0000,-0.0316,0.0208,338.9891,-4.9409,0.0000,-0.0161,-0.0161,0.0194,0.0000,0.0000,0.0125,0.0050,-0.0316
0.2000,1.8340,2.0000,-0.0233,0.0208,338.8363,-5.0533,0.0000,-0.0292,-0.0292,0.0130,0.0000,0.0000,0.0125,0.0050,-0.0278
0.1648,1.8834,2.0000,-0.0149,0.0221,338.6932,-5.1741,0.0000,-0.0310,-0.0310,-0.0008,0.0000,0.0000,0.0133,0.0053,-0.0331
0.1560,1.8834,2.0000,-0.0065,0.0221,338.5500,-5.2991,0.0000,-0.0294,-0.0294,-0.0089,0.0000,0.0000,0.0133,0.0053,-0.0384
0.1559,1.8834,2.0000,0.0019,0.0253,338.3958,-5.3991,0.0000,-0.0483,-0.0483,-0.0092,0.0000,0.0000,0.0152,0.0061,-0.0308
0.2000,1.8234,2.0000,0.0103,0.0253,338.2502,-5.5195,0.0000,-0.0473,-0.0473,-0.0084,0.0000,0.0000,0.0152,0.0061,-0.0238
0.2000,1.8234,2.0000,0.0187,0.0253,338.1015,-5.6346,0.0000,-0.0507,-0.0507,-0.0065,0.0000,0.0000,0.0152,0.0061,-0.0178
0.1910,1.8729,2.0000,0.0271,0.0297,337.9478,-5.7543,0.0000,-0.0513,-0.0513,-0.0068,0.0000,0.0000,0.0179,0.0072,-0.0089
0.1997,1.8641,2.0000,0.0355,0.0297,337.8008,-5.8736,0.0000,-0.0496,-0.0496,-0.0020,0.0000,0.0000,0.0179,0.0072,-0.0005
0.1330,1.9321,2.0000,0.0276,0.0134,337.6503,-5.9954,0.0000,-0.0468,-0.0468,-0.0080,0.0000,0.0000,0.0081,0.0032,0.0058
0.2000,1.8768,2.0000,0.0359,0.0134,337.5007,-6.1217,0.0000,-0.0407,-0.0407,-0.0005,0.0000,0.0000,0.0081,0.0032,0.0133
0.1369,1.9201,2.0000,0.0291,0.0134,337.3594,-6.2458,0.0000,-0.0304,-0.0304,0.0078,0.0000,0.0000,0.0081,0.0032,0.0205
0.1785,1.9413,2.0000,0.0282,0.0041,337.2247,-6.3619,0.0000,-0.0245,-0.0245,-0.0020,0.0000,0.0000,0.0024,0.0010,0.0274
0.1999,1.8653,2.0000,0.0239,0.0041,337.0601,-6.4881,0.0000,-0.0303,-0.0303,0.0061,0.0000,0.0000,0.0024,0.0010,0.0336
0.2000,1.7633,2.0000,0.0156,0.0041,336.9275,-6.6106,0.0000,-0.0240,-0.0240,0.0047,0.0000,0.0000,0.0024,0.0010,0.0283
-0.0001,2.0557,2.0000,0.0137,0.0103,336.7885,-6.7324,0.0000,-0.0176,-0.0176,0.0101,0.0000,0.0000,0.0062,0.0025,0.0346
0.1999,1.7896,2.0000,0.0221,0.0103,336.6511,-6.8514,0.0000,-0.0180,-0.0180,0.0076,0.0000,0.0000,0.0062,0.0025,0.0291
0.2000,1.8331,2.0000,0.0137,0.0103,336.5222,-6.9701,0.0000,-0.0124,-0.0124,0.0086,0.0000,0.0000,0.0062,0.0025,0.0270
0.2000,1.8028,2.0000,0.0053,0.0033,336.3833,-7.1005,0.0000,-0.0048,-0.0048,0.0075,0.0000,0.0000,0.0020,0.0008,0.0242
0.2000,1.7373,2.0000,0.0012,0.0033,336.2382,-7.2219,0.0000,-0.0081,-0.0081,0.0065,0.0000,0.0000,0.0020,0.0008,0.0164
0.2000,1.8894,2.0000,0.0000,-0.0042,336.1047,-7.3425,0.0000,-0.0036,-0.0036,0.0070,0.0000,0.0000,-0.0025,-0.0010,0.0162
0.1932,1.8746,2.0000,-0.0084,-0.0042,335.9538,-7.4669,0.0000,-0.0063,-0.0063,0.0125,0.0000,0.0000,-0.0025,-0.0010,0.0224
0.2000,1.7845,2.0000,0.0000,-0.0042,335.8133,-7.5943,0.0000,-0.0073,-0.0073,0.0063,0.0000,0.0000,-0.0025,-0.0010,0.0149
0.2000,1.9390,2.0000,-0.0000,-0.0127,335.6600,-7.7186,0.0000,-0.0167,-0.0167,-0.0034,0.0000,0.0000,-0.0076,-0.0031,0.0086
0.2001,1.8799,2.0000,0.0000,-0.0127,335.5392,-7.8409,0.0000,-0.0093,-0.0093,-0.0083,0.0000,0.0000,-0.0076,-0.0031,0.0040
0.1142,1.9570,2.0000,0.0084,-0.0089,335.4038,-7.9639,0.0000,-0.0095,-0.0095,-0.0196,0.0000,0.0000,-0.0053,-0.0021,0.0023
0.2000,1.7033,2.0000,0.0168,-0.0089,335.2635,-8.0866,0.0000,-0.0124,-0.0124,-0.0228,0.0000,0.0000,-0.0053,-0.0021,-0.0029
0.2000,1.8131,2.0000,0.0252,-0.0089,335.1302,-8.2017,0.0000,-0.0176,-0.0176,-0.0203,0.0000,0.0000,-0.0053,-0.0021,0.0032
0.2001,1.8487,2.0000,0.0179,-0.0245,334.9966,-8.3178,0.0000,-0.0214,-0.0214,-0.0362,0.0000,0.0000,-0.0148,-0.0059,0.0036
0.2000,1.7465,2.0000,0.0263,-0.0245,334.8387,-8.4348,0.0000,-0.0381,-0.0381,-0.0307,0.0000,0.0000,-0.0148,-0.0059,0.0038
0.2000,1.7545,2.0000,0.0198,-0.0245,334.7249,-8.5715,0.0000,-0.0161,-0.0161,-0.0275,0.0000,0.0000,-0.0148,-0.0059,0.0125
0.1063,1.9463,2.0000,0.0000,-0.0130,334.6003,-8.6953,0.0000,-0.0063,-0.0063,0.0073,0.0000,0.0000,-0.0078,-0.0031,0.0198
0.2000,1.7624,2.0000,-0.0084,-0.0130,334.4494,-8.8134,0.0000,-0.0129,-0.0129,0.0150,0.0000,0.0000,-0.0078,-0.0031,0.0254
0.2000,1.7430,2.0000,-0.0168,-0.0130,334.3250,-8.9342,0.0000,-0.0072,-0.0072,0.0125,0.0000,0.0000,-0.0078,-0.0031,0.0220
0.1876,1.8977,2.0000,-0.0084,0.0217,334.1904,-9.0615,0.0000,0.0031,0.0031,0.0239,0.0000,0.0000,0.0131,0.0052,0.0265
0.2000,1.7189,2.0000,-0.0039,0.0217,334.0646,-9.1791,0.0000,0.0021,0.0021,0.0163,0.0000,0.0000,0.0131,0.0052,0.0194
0.2000,1.8376,2.0000,0.0045,0.0217,333.9165,-9.2907,0.0000,-0.0151,-0.0151,0.0096,0.0000,0.0000,0.0131,0.0052,0.0073
0.2000,1.7067,2.0000,-0.0039,-0.0058,333.7886,-9.4083,0.0000,-0.0192,-0.0192,-0.0194,0.0000,0.0000,-0.0035,-0.0014,-0.0044
0.2000,1.8388,2.0000,0.0045,-0.0058,333.6421,-9.5248,0.0000,-0.0325,-0.0325,-0.0196,0.0000,0.0000,-0.0035,-0.0014,-0.0100
0.2000,1.7232,2.0000,0.0129,-0.0058,333.5175,-9.6532,0.0000,-0.0212,-0.0212,-0.0171,0.0000,0.0000,-0.0035,-0.0014,-0.0018
0.2000,1.8543,2.0000,0.0142,-0.0023,333.3753,-9.7694,0.0000,-0.0263,-0.0263,0.0044,0.0000,0.0000,-0.0014,-0.0006,0.0058
0.2000,1.7731,2.0000,0.0099,-0.0023,333.2507,-9.8933,0.0000,-0.0210,-0.0210,-0.0014,0.0000,0.0000,-0.0014,-0.0006,0.0023
0.2000,1.8206,2.0000,0.0120,0.0082,333.1156,-10.0147,0.0000,-0.0154,-0.0154,0.0201,0.0000,0.0000,0.0049,0.0020,0.0041
0.2000,1.7416,2.0000,0.0036,0.0082,332.9939,-10.1325,0.0000,-0.0040,-0.0040,0.0259,0.0000,0.0000,0.0049,0.0020,0.0162
0.2000,1.8006,2.0000,-0.0048,0.0082,332.8545,-10.2463,0.0000,-0.0088,-0.0088,0.0256,0.0000,0.0000,0.0049,0.0020,0.0167
0.2000,1.6796,2.0000,-0.0046,0.0167,332.6911,-10.3656,0.0000,-0.0240,-0.0240,0.0397,0.0000,0.0000,0.0101,0.0040,0.0140
0.2000,1.7845,2.0000,-0.0130,0.0167,332.5695,-10.4941,0.0000,-0.0033,-0.0033,0.0387,0.0000,0.0000,0.0101,0.0040,0.0150
0.0782,2.0045,2.0000,-0.0214,0.0036,332.4191,-10.6084,0.0000,-0.0080,-0.0080,0.0204,0.0000,0.0000,0.0022,0.0009,0.0101
0.2000,1.7524,2.0000,-0.0164,0.0036,332.2882,-10.7392,0.0000,-0.0024,-0.0024,0.0133,0.0000,0.0000,0.0022,0.0009,0.0049
0.1993,1.8726,2.0000,-0.0248,0.0036,332.1636,-10.8632,0.0000,0.0066,0.0066,0.0089,0.0000,0.0000,0.0022,0.0009,0.0003
0.2000,1.8332,2.0000,-0.0164,0.0036,332.0302,-10.9747,0.0000,-0.0018,-0.0018,0.0024,0.0000,0.0000,0.0022,0.0009,-0.0053
0.2000,1.7431,2.0000,-0.0088,0.0096,331.8846,-11.0966,0.0000,-0.0074,-0.0074,0.0167,0.0000,0.0000,0.0058,0.0023,-0.0116
0.2000,1.7241,2.0000,-0.0048,0.0096,331.7304,-11.2171,0.0000,-0.0164,-0.0164,0.0144,0.0000,0.0000,0.0058,0.0023,-0.0111
0.1999,1.8829,2.0000,0.0036,0.0187,331.5827,-11.3380,0.0000,-0.0213,-0.0213,0.0069,0.0000,0.0000,0.0113,0.0045,-0.0183
0.2000,1.9413,2.0000,0.0120,0.0187,331.4229,-11.4394,0.0000,-0.0425,-0.0425,0.0121,0.0000,0.0000,0.0113,0.0045,-0.0122
0.2001,1.8925,2.0000,0.0204,0.0187,331.2787,-11.5518,0.0000,-0.0506,-0.0506,0.0130,0.0000,0.0000,0.0113,0.0045,-0.0049
0.1726,1.8751,2.0000,0.0120,-0.0106,331.1446,-11.6812,0.0000,-0.0477,-0.0477,-0.0618,0.0000,0.0000,-0.0064,-0.0026,0.0003
0.2000,1.8136,2.0000,0.0204,-0.0106,331.0113,-11.8024,0.0000,-0.0504,-0.0504,-0.0572,0.0000,0.0000,-0.0064,-0.0026,0.0077
0.1998,1.8479,2.0000,0.0288,0.0081,330.8560,-11.9327,0.0000,-0.0603,-0.0603,-0.0015,0.0000,0.0000,0.0049,0.0019,0.0153
0.1999,1.7862,2.0000,0.0371,0.0081,330.7324,-12.0418,0.0000,-0.0592,-0.0592,0.0024,0.0000,0.0000,0.0049,0.0019,0.0219
0.0446,2.0103,2.0000,0.0451,0.0081,330.6019,-12.1461,0.0000,-0.0650,-0.0650,0.0052,0.0000,0.0000,0.0049,0.0019,0.0165
0.1999,1.6339,2.0000,0.0368,0.0081,330.4715,-12.2605,0.0000,-0.0627,-0.0627,0.0103,0.0000,0.0000,0.0049,0.0019,0.0212
0.2000,1.6550,2.0000,0.0284,-0.0270,330.3433,-12.3867,0.0000,-0.0495,-0.0495,0.0240,0.0000,0.0000,-0.0163,-0.0065,0.0293
0.2000,1.7208,2.0000,0.0200,-0.0270,330.2174,-12.5140,0.0000,-0.0321,-0.0321,0.0310,0.0000,0.0000,-0.0163,-0.0065,0.0350
0.2000,1.7837,2.0000,0.0284,0.0074,330.0898,-12.6464,0.0000,-0.0104,-0.0104,0.0314,0.0000,0.0000,0.0045,0.0018,0.0423
0.2000,1.7761,2.0000,0.0200,0.0074,329.9543,-12.7722,0.0000,-0.0038,-0.0038,0.0340,0.0000,0.0000,0.0045,0.0018,0.0372
0.2000,1.8246,2.0000,0.0117,0.0074,329.8417,-12.8912,0.0000,0.0069,0.0069,0.0283,0.0000,0.0000,0.0045,0.0018,0.0287
0.2000,1.8337,2.0000,0.0201,0.0242,329.7106,-13.0148,0.0000,0.0160,0.0160,0.0245,0.0000,0.0000,0.0146,0.0058,0.0230
0.2000,1.6236,2.0000,0.0117,0.0242,329.5823,-13.1501,0.0000,0.0268,0.0268,0.0238,0.0000,0.0000,0.0146,0.0058,0.0275
0.2000,1.7873,2.0000,0.0033,0.0242,329.4551,-13.2832,0.0000,0.0451,0.0451,0.0278,0.0000,0.0000,0.0146,0.0058,0.0219
0.2000,1.8483,2.0000,-0.0051,-0.0105,329.3119,-13.4066,0.0000,0.0428,0.0428,0.0397,0.0000,0.0000,-0.0064,-0.0025,0.0169
0.2000,1.8275,2.0000,-0.0135,-0.0105,329.1986,-13.5338,0.0000,0.0613,0.0613,0.0396,0.0000,0.0000,-0.0064,-0.0025,0.0210
0.1766,1.8734,2.0000,-0.0219,-0.0135,329.0616,-13.6658,0.0000,0.0727,0.0727,0.0475,0.0000,0.0000,-0.0081,-0.0033,0.0155
0.2000,1.6884,2.0000,-0.0303,-0.0135,328.9296,-13.8010,0.0000,0.0809,0.0809,0.0430,0.0000,0.0000,-0.0081,-0.0033,0.0102
0.1862,1.8863,2.0000,-0.0387,-0.0135,328.8104,-13.9424,0.0000,0.1049,0.1049,0.0330,0.0000,0.0000,-0.0081,-0.0033,0.0025
0.2001,1.8735,2.0000,-0.0471,-0.0270,328.6751,-14.0664,0.0000,0.1040,0.1040,0.0049,0.0000,0.0000,-0.0163,-0.0065,-0.0053
0.2003,1.8304,2.0000,-0.0552,-0.0270,328.5320,-14.1916,0.0000,0.0929,0.0929,-0.0040,0.0000,0.0000,-0.0163,-0.0065,-0.0130
0.2000,1.8192,2.0000,-0.0486,-0.0270,328.3992,-14.3179,0.0000,0.0888,0.0888,-0.0141,0.0000,0.0000,-0.0163,-0.0065,-0.0209
0.1625,1.8860,2.0000,-0.0478,-0.0346,328.2736,-14.4432,0.0000,0.0832,0.0832,-0.0366,0.0000,0.0000,-0.0208,-0.0083,-0.0298
0.2000,1.8165,2.0000,-0.0394,-0.0346,328.1230,-14.5529,0.0000,0.0582,0.0582,-0.0426,0.0000,0.0000,-0.0208,-0.0083,-0.0387
0.2000,1.7573,2.0000,-0.0310,-0.0346,327.9683,-14.6816,0.0000,0.0369,0.0369,-0.0577,0.0000,0.0000,-0.0208,-0.0083,-0.0504
0.1980,1.8486,2.0000,-0.0226,-0.0228,327.8184,-14.7998,0.0000,0.0118,0.0118,-0.0643,0.0000,0.0000,-0.0138,-0.0055,-0.0490
0.0545,1.9974,2.0000,-0.0142,-0.0228,327.6683,-14.9385,0.0000,0.0007,0.0007,-0.0717,0.0000,0.0000,-0.0138,-0.0055,-0.0472
0.1165,1.8947,2.0000,-0.0058,0.0205,327.5088,-15.0584,0.0000,-0.0042,-0.0042,0.0252,0.0000,0.0000,0.0124,0.0049,-0.0386
0.0035,2.0256,2.0000,-0.0142,0.0205,327.3576,-15.1748,0.0000,-0.0063,-0.0063,0.0234,0.0000,0.0000,0.0124,0.0049,-0.0287
0.0164,1.9790,2.0000,-0.0226,-0.0135,327.2002,-15.2926,0.0000,-0.0127,-0.0127,-0.0641,0.0000,0.0000,-0.0081,-0.0032,-0.0211
0.1057,1.8931,2.0000,-0.0142,-0.0135,327.0386,-15.4210,0.0000,-0.0240,-0.0240,-0.0586,0.0000,0.0000,-0.0081,-0.0032,-0.0109
0.0788,1.9499,2.0000,-0.0058,-0.0135,326.8608,-15.5649,0.0000,-0.0446,-0.0446,-0.0604,0.0000,0.0000,-0.0081,-0.0032,-0.0046
-0.0225,2.0456,2.0000,-0.0142,-0.0335,326.6817,-15.6888,0.0000,-0.0961,-0.0961,-0.1162,0.0000,0.0000,-0.0202,-0.0081,-0.0083
-0.2000,2.2689,2.0000,-0.0058,0.0058,326.5190,-15.8208,0.0000,-0.1350,-0.1350,-0.0291,0.0000,0.0000,0.0035,0.0014,-0.0158
-0.2000,2.1610,2.0000,0.0026,0.0058,326.3687,-15.9533,0.0000,-0.1291,-0.1291,-0.0268,0.0000,0.0000,0.0035,0.0014,-0.0107
-0.1299,2.0780,2.0000,0.0110,0.0058,326.2156,-16.1011,0.0000,-0.1150,-0.1150,-0.0253,0.0000,0.0000,0.0035,0.0014,-0.0028
-0.0198,1.9856,2.0000,0.0194,0.0072,326.0516,-16.2385,0.0000,-0.1150,-0.1150,-0.0144,0.0000,0.0000,0.0043,0.0017,-0.0083
-0.1584,2.1091,2.0000,0.0278,0.0072,325.8744,-16.3540,0.0000,-0.1396,-0.1396,-0.0134,0.0000,0.0000,0.0043,0.0017,-0.0028
-0.1802,2.1210,2.0000,0.0362,0.0128,325.7019,-16.4727,0.0000,-0.1545,-0.1545,0.0014,0.0000,0.0000,0.0077,0.0031,0.0050
-0.1667,2.0979,2.0000,0.0446,0.0128,325.5473,-16.5921,0.0000,-0.1515,-0.1515,0.0104,0.0000,0.0000,0.0077,0.0031,0.0126
-0.1950,2.0764,2.0000,0.0529,0.0128,325.3899,-16.7237,0.0000,-0.1391,-0.1391,0.0211,0.0000,0.0000,0.0077,0.0031,0.0199
0.0042,1.9358,2.0000,0.0519,0.0184,325.2397,-16.8409,0.0000,-0.1388,-0.1388,0.0376,0.0000,0.0000,0.0111,0.0044,0.0269
-0.0311,2.0354,2.0000,0.0435,0.0184,325.0884,-16.9750,0.0000,-0.1161,-0.1161,0.0494,0.0000,0.0000,0.0111,0.0044,0.0337
0.1026,1.8883,2.0000,0.0351,0.0184,324.9381,-17.1060,0.0000,-0.1038,-0.1038,0.0564,0.0000,0.0000,0.0111,0.0044,0.0409
0.0217,2.0063,2.0000,0.0267,0.0039,324.7843,-17.2381,0.0000,-0.0855,-0.0855,0.0442,0.0000,0.0000,0.0023,0.0009,0.0479
0.0278,1.9772,2.0000,0.0183,0.0039,324.6312,-17.3577,0.0000,-0.0854,-0.0854,0.0507,0.0000,0.0000,0.0023,0.0009,0.0482
-0.0010,2.0110,2.0000,0.0099,-0.0025,324.4691,-17.4919,0.0000,-0.0819,-0.0819,0.0405,0.0000,0.0000,-0.0015,-0.0006,0.0418
0.0638,1.9247,2.0000,0.0019,-0.0025,324.3130,-17.6203,0.0000,-0.0903,-0.0903,0.0342,0.0000,0.0000,-0.0015,-0.0006,0.0344
-0.0744,2.0859,2.0000,-0.0065,-0.0089,324.1712,-17.7769,0.0000,-0.0572,-0.0572,0.0270,0.0000,0.0000,-0.0053,-0.0021,0.0275
-0.0435,2.0041,2.0000,0.0019,-0.0089,324.0221,-17.9030,0.0000,-0.0657,-0.0657,0.0197,0.0000,0.0000,-0.0053,-0.0021,0.0206
-0.1997,2.0976,2.0000,0.0103,-0.0089,323.8741,-18.0178,0.0000,-0.0769,-0.0769,0.0167,0.0000,0.0000,-0.0053,-0.0021,0.0139
0.0003,1.9372,2.0000,0.0187,-0.0056,323.7266,-18.1418,0.0000,-0.0844,-0.0844,0.0112,0.0000,0.0000,-0.0034,-0.0014,0.0078
0.2002,1.8563,2.0000,0.0271,-0.0056,323.5898,-18.2586,0.0000,-0.0884,-0.0884,0.0071,0.0000,0.0000,-0.0034,-0.0014,0.0007
0.1990,1.9101,2.0000,0.0353,-0.0056,323.4680,-18.3677,0.0000,-0.0840,-0.0840,0.0097,0.0000,0.0000,-0.0034,-0.0014,0.0027
0.2000,1.7838,2.0000,0.0269,-0.0056,323.3388,-18.4869,0.0000,-0.0755,-0.0755,0.0162,0.0000,0.0000,-0.0034,-0.0014,0.0098
0.2000,1.6213,2.0000,0.0217,-0.0025,323.2050,-18.6146,0.0000,-0.0649,-0.0649,0.0235,0.0000,0.0000,-0.0015,-0.0006,0.0159
0.2000,1.7431,2.0000,0.0133,-0.0025,323.0708,-18.7259,0.0000,-0.0620,-0.0620,0.0324,0.0000,0.0000,-0.0015,-0.0006,0.0241
0.2000,1.8350,2.0000,0.0064,-0.0009,322.9434,-18.8442,0.0000,-0.0496,-0.0496,0.0502,0.0000,0.0000,-0.0006,-0.0002,0.0311
0.2000,1.7278,2.0000,-0.0020,-0.0009,322.8148,-18.9599,0.0000,-0.0455,-0.0455,0.0509,0.0000,0.0000,-0.0006,-0.0002,0.0293
0.2000,1.7241,2.0000,-0.0103,-0.0009,322.6808,-19.0871,0.0000,-0.0340,-0.0340,0.0513,0.0000,0.0000,-0.0006,-0.0002,0.0237
0.2000,1.7143,2.0000,-0.0187,-0.0009,322.5669,-19.1965,0.0000,-0.0285,-0.0285,0.0454,0.0000,0.0000,-0.0006,-0.0002,0.0180
0.2000,1.8324,2.0000,-0.0271,-0.0038,322.4345,-19.3164,0.0000,-0.0211,-0.0211,0.0405,0.0000,0.0000,-0.0023,-0.0009,0.0113
0.2000,1.5648,2.0000,-0.0313,-0.0038,322.3024,-19.4347,0.0000,-0.0260,-0.0260,0.0339,0.0000,0.0000,-0.0023,-0.0009,0.0047
0.2000,1.7716,2.0000,-0.0326,-0.0097,322.1631,-19.5568,0.0000,-0.0253,-0.0253,0.0240,0.0000,0.0000,-0.0059,-0.0023,-0.0030
0.2000,1.7585,2.0000,-0.0242,-0.0097,322.0169,-19.6778,0.0000,-0.0347,-0.0347,0.0159,0.0000,0.0000,-0.0059,-0.0023,-0.0108
0.1825,1.8828,2.0000,-0.0158,-0.0097,321.8897,-19.7860,0.0000,-0.0429,-0.0429,0.0050,0.0000,0.0000,-0.0059,-0.0023,-0.0176
0.1998,1.8828,2.0000,-0.0074,-0.0075,321.7634,-19.9081,0.0000,-0.0378,-0.0378,0.0052,0.0000,0.0000,-0.0045,-0.0018,-0.0244
0.2000,1.6567,2.0000,0.0010,-0.0075,321.6273,-20.0197,0.0000,-0.0438,-0.0438,0.0034,0.0000,0.0000,-0.0045,-0.0018,-0.0266
0.2000,1.7416,2.0000,0.0094,-0.0075,321.4943,-20.1409,0.0000,-0.0385,-0.0385,0.0019,0.0000,0.0000,-0.0045,-0.0018,-0.0238
0.2000,1.7452,2.0000,0.0020,-0.0080,321.3521,-20.2592,0.0000,-0.0383,-0.0383,0.0089,0.0000,0.0000,-0.0048,-0.0019,-0.0143
0.2000,1.7839,2.0000,-0.0063,-0.0080,321.2018,-20.3861,0.0000,-0.0340,-0.0340,0.0154,0.0000,0.0000,-0.0048,-0.0019,-0.0064
0.2000,1.8337,2.0000,0.0021,0.0101,321.0568,-20.5138,0.0000,-0.0256,-0.0256,0.0267,0.0000,0.0000,0.0061,0.0024,0.0017
0.1030,1.9499,2.0000,-0.0063,0.0101,320.9312,-20.6305,0.0000,-0.0161,-0.0161,0.0273,0.0000,0.0000,0.0061,0.0024,0.0075
0.2000,1.9160,2.0000,-0.0146,0.0101,320.7867,-20.7563,0.0000,-0.0112,-0.0112,0.0286,0.0000,0.0000,0.0061,0.0024,0.0075
0.2000,1.6994,2.0000,-0.0079,0.0096,320.6443,-20.8725,0.0000,-0.0193,-0.0193,0.0149,0.0000,0.0000,0.0058,0.0023,0.0008
0.2003,1.9000,2.0000,0.0005,0.0096,320.5095,-20.9833,0.0000,-0.0215,-0.0215,0.0138,0.0000,0.0000,0.0058,0.0023,0.0007
0.2000,1.8220,2.0000,0.0020,0.0096,320.3790,-21.0939,0.0000,-0.0237,-0.0237,0.0132,0.0000,0.0000,0.0058,0.0023,0.0047
0.2000,1.7314,2.0000,-0.0042,-0.0046,320.2432,-21.2155,0.0000,-0.0227,-0.0227,0.0022,0.0000,0.0000,-0.0028,-0.0011,-0.0025
0.2000,1.6958,2.0000,0.0042,-0.0046,320.1041,-21.3383,0.0000,-0.0215,-0.0215,-0.0011,0.0000,0.0000,-0.0028,-0.0011,-0.0090
0.2000,1.8074,2.0000,0.0029,-0.0046,319.9657,-21.4547,0.0000,-0.0229,-0.0229,0.0009,0.0000,0.0000,-0.0028,-0.0011,-0.0026
0.2001,1.8392,2.0000,-0.0004,-0.0013,319.8309,-21.5749,0.0000,-0.0165,-0.0165,0.0110,0.0000,0.0000,-0.0008,-0.0003,0.0049
0.2000,1.7930,2.0000,-0.0076,-0.0013,319.6866,-21.7080,0.0000,-0.0081,-0.0081,0.0114,0.0000,0.0000,-0.0008,-0.0003,0.0047
0.2000,1.7909,2.0000,-0.0061,0.0014,319.5426,-21.8222,0.0000,-0.0159,-0.0159,0.0120,0.0000,0.0000,0.0008,0.0003,0.0023
0.2000,1.9464,2.0000,-0.0145,0.0014,319.4008,-21.9470,0.0000,-0.0078,-0.0078,0.0167,0.0000,0.0000,0.0008,0.0003,0.0074
0.2000,1.8224,2.0000,-0.0100,0.0014,319.2603,-22.0624,0.0000,-0.0145,-0.0145,0.0121,0.0000,0.0000,0.0008,0.0003,0.0059
0.1913,1.8734,2.0000,-0.0034,0.0164,319.1157,-22.1910,0.0000,-0.0073,-0.0073,0.0230,0.0000,0.0000,0.0099,0.0040,0.0033
0.1999,1.8022,2.0000,0.0014,0.0164,318.9741,-22.3009,0.0000,-0.0183,-0.0183,0.0160,0.0000,0.0000,0.0099,0.0040,-0.0015
0.2000,1.9194,2.0000,0.0090,0.0214,318.8326,-22.4150,0.0000,-0.0206,-0.0206,0.0166,0.0000,0.0000,0.0129,0.0052,-0.0040
0.2000,1.7786,2.0000,0.0117,0.0214,318.6825,-22.5372,0.0000,-0.0236,-0.0236,0.0144,0.0000,0.0000,0.0129,0.0052,-0.0071
0.2000,1.8020,2.0000,0.0110,0.0214,318.5346,-22.6599,0.0000,-0.0214,-0.0214,0.0161,0.0000,0.0000,0.0129,0.0052,-0.0029
0.1482,1.9188,2.0000,0.0026,0.0179,318.3872,-22.7956,0.0000,-0.0019,-0.0019,0.0278,0.0000,0.0000,0.0108,0.0043,0.0019
0.1809,1.9056,2.0000,-0.0058,0.0179,318.2438,-22.9060,0.0000,-0.0068,-0.0068,0.0296,0.0000,0.0000,0.0108,0.0043,0.0084
0.0613,1.9867,2.0000,-0.0142,0.0179,318.1052,-23.0310,0.0000,0.0079,0.0079,0.0352,0.0000,0.0000,0.0108,0.0043,0.0139
0.2000,1.7956,2.0000,-0.0156,0.0081,317.9617,-23.1446,0.0000,-0.0024,-0.0024,-0.0054,0.0000,0.0000,0.0049,0.0020,0.0143
0.1958,1.8513,2.0000,-0.0072,0.0081,317.8198,-23.2569,0.0000,-0.0146,-0.0146,-0.0096,0.0000,0.0000,0.0049,0.0020,0.0098
0.2000,1.8146,2.0000,0.0012,0.0081,317.6708,-23.3753,0.0000,-0.0277,-0.0277,-0.0164,0.0000,0.0000,0.0049,0.0020,0.0022
0.2000,1.7941,2.0050,0.0096,0.0154,317.5240,-23.5067,0.0000,-0.0301,-0.0301,-0.0293,0.0000,0.0000,0.0093,0.0037,-0.0051
0.2000,1.8878,2.0094,0.0180,0.0154,317.3740,-23.6294,0.0000,-0.0417,-0.0417,-0.0333,0.0000,0.0000,0.0093,0.0037,-0.0097
0.2000,1.9533,2.0134,0.0264,0.0173,317.2294,-23.7473,0.0000,-0.0469,-0.0469,-0.0034,0.0000,0.0000,0.0104,0.0042,-0.0072
0.1997,1.9214,2.0170,0.0344,0.0173,317.0758,-23.8691,0.0000,-0.0491,-0.0491,0.0019,0.0000,0.0000,0.0104,0.0042,-0.0002
0.2000,1.8497,2.0203,0.0283,0.0173,316.9243,-23.9960,0.0000,-0.0452,-0.0452,0.0091,0.0000,0.0000,0.0104,0.0042,0.0095
0.1761,1.9435,2.0242,0.0199,0.0115,316.7798,-24.1345,0.0000,-0.0235,-0.0235,0.0183,0.0000,0.0000,0.0069,0.0028,0.0174
0.1384,1.9593,2.0278,0.0115,0.0115,316.6288,-24.2558,0.0000,-0.0236,-0.0236,0.0252,0.0000,0.0000,0.0069,0.0028,0.0255
0.1055,1.9864,2.0309,0.0031,0.0041,316.4784,-24.3751,0.0000,-0.0228,-0.0228,0.0303,0.0000,0.0000,0.0025,0.0010,0.0304
0.1584,1.9201,2.0338,-0.0053,0.0041,316.3387,-24.5057,0.0000,-0.0123,-0.0123,0.0315,0.0000,0.0000,0.0025,0.0010,0.0288
0.1998,1.9028,2.0364,-0.0137,0.0041,316.2004,-24.6334,0.0000,-0.0063,-0.0063,0.0276,0.0000,0.0000,0.0025,0.0010,0.0221
0.2001,1.8962,2.0387,-0.0151,-0.0056,316.0506,-24.7607,0.0000,-0.0111,-0.0111,-0.0006,0.0000,0.0000,-0.0034,-0.0014,0.0159
0.2000,1.8663,2.0408,-0.0067,-0.0056,315.8991,-24.8877,0.0000,-0.0200,-0.0200,-0.0060,0.0000,0.0000,-0.0034,-0.0014,0.0086
0.1714,1.9495,2.0427,-0.0011,-0.0083,315.7523,-25.0197,0.0000,-0.0251,-0.0251,-0.0229,0.0000,0.0000,-0.0050,-0.0020,-0.0011
0.1415,1.9595,2.0444,0.0073,-0.0083,315.6042,-25.1432,0.0000,-0.0378,-0.0378,-0.0303,0.0000,0.0000,-0.0050,-0.0020,-0.0102
0.1464,1.9577,2.0459,0.0157,-0.0083,315.4593,-25.2738,0.0000,-0.0399,-0.0399,-0.0316,0.0000,0.0000,-0.0050,-0.0020,-0.0094
0.1998,1.9120,2.0472,0.0241,0.0054,315.3023,-25.4006,0.0000,-0.0484,-0.0484,-0.0166,0.0000,0.0000,0.0032,0.0013,-0.0033
0.1798,1.9343,2.0485,0.0325,0.0054,315.1466,-25.5296,0.0000,-0.0543,-0.0543,-0.0155,0.0000,0.0000,0.0032,0.0013,-0.0024
0.0406,2.0008,2.0436,0.0390,0.0035,314.9962,-25.6511,0.0000,-0.0593,-0.0593,-0.0212,0.0000,0.0000,0.0021,0.0008,0.0101
0.0515,2.0046,2.0393,0.0472,0.0035,314.8358,-25.7856,0.0000,-0.0616,-0.0616,-0.0125,0.0000,0.0000,0.0021,0.0008,0.0176
0.1638,1.9169,2.0353,0.0556,0.0035,314.6826,-25.9157,0.0000,-0.0632,-0.0632,-0.0058,0.0000,0.0000,0.0021,0.0008,0.0247
-0.0316,2.0753,2.0318,0.0552,-0.0057,314.5411,-26.0448,0.0000,-0.0620,-0.0620,-0.0209,0.0000,0.0000,-0.0034,-0.0014,0.0311
0.0133,1.9924,2.0286,0.0599,-0.0057,314.3912,-26.1856,0.0000,-0.0556,-0.0556,-0.0124,0.0000,0.0000,-0.0034,-0.0014,0.0366
0.1021,1.8997,2.0258,0.0551,-0.0021,314.2466,-26.3186,0.0000,-0.0504,-0.0504,0.0209,0.0000,0.0000,-0.0013,-0.0005,0.0432
-0.0047,2.0399,2.0232,0.0467,-0.0021,314.1045,-26.4639,0.0000,-0.0279,-0.0279,0.0342,0.0000,0.0000,-0.0013,-0.0005,0.0503
0.0490,1.9483,2.0209,0.0383,-0.0021,313.9587,-26.5971,0.0000,-0.0240,-0.0240,0.0386,0.0000,0.0000,-0.0013,-0.0005,0.0514
0.0016,2.0177,2.0188,0.0299,-0.0090,313.8218,-26.7242,0.0000,-0.0115,-0.0115,0.0601,0.0000,0.0000,-0.0054,-0.0022,0.0552
0.0378,1.9575,2.0169,0.0215,-0.0090,313.6861,-26.8630,0.0000,0.0039,0.0039,0.0619,0.0000,0.0000,-0.0054,-0.0022,0.0515
0.1505,1.8527,2.0152,0.0132,-0.0090,313.5535,-26.9975,0.0000,0.0154,0.0154,0.0612,0.0000,0.0000,-0.0054,-0.0022,0.0454
0.1137,1.9258,2.0137,0.0144,0.0007,313.4312,-27.1451,0.0000,0.0506,0.0506,0.0757,0.0000,0.0000,0.0004,0.0002,0.0364
0.1492,1.8738,2.0123,0.0060,0.0007,313.3051,-27.2843,0.0000,0.0710,0.0710,0.0728,0.0000,0.0000,0.0004,0.0002,0.0305
0.1333,1.9019,2.0111,-0.0013,0.0018,313.1713,-27.4231,0.0000,0.0889,0.0889,0.0686,0.0000,0.0000,0.0011,0.0004,0.0213
0.1637,1.8631,2.0100,-0.0096,0.0018,313.0315,-27.5605,0.0000,0.0997,0.0997,0.0664,0.0000,0.0000,0.0011,0.0004,0.0145
0.1298,1.9121,2.0090,-0.0179,0.0018,312.8798,-27.7006,0.0000,0.1088,0.1088,0.0679,0.0000,0.0000,0.0011,0.0004,0.0153
0.0919,1.9438,2.0081,-0.0157,0.0124,312.7468,-27.8527,0.0000,0.1346,0.1346,0.0608,0.0000,0.0000,0.0075,0.0030,0.0081
-0.0217,2.0467,2.0073,-0.0241,0.0124,312.6061,-27.9893,0.0000,0.1459,0.1459,0.0572,0.0000,0.0000,0.0075,0.0030,0.0036
-0.0101,2.0029,2.0065,-0.0325,0.0032,312.4686,-28.1187,0.0000,0.1440,0.1440,0.0280,0.0000,0.0000,0.0019,0.0008,-0.0054
0.0424,1.9443,2.0059,-0.0409,0.0032,312.3297,-28.2452,0.0000,0.1395,0.1395,0.0223,0.0000,0.0000,0.0019,0.0008,-0.0115
0.1343,1.8727,2.0053,-0.0493,0.0032,312.1890,-28.3822,0.0000,0.1416,0.1416,0.0181,0.0000,0.0000,0.0019,0.0008,-0.0122
0.2000,1.8628,2.0048,-0.0577,-0.0032,312.0497,-28.5099,0.0000,0.1341,0.1341,-0.0015,0.0000,0.0000,-0.0020,-0.0008,-0.0189
0.1299,1.9467,2.0043,-0.0635,-0.0032,311.9056,-28.6377,0.0000,0.1231,0.1231,-0.0106,0.0000,0.0000,-0.0020,-0.0008,-0.0244
0.1429,1.8745,2.0039,-0.0551,-0.0010,311.7590,-28.7694,0.0000,0.1114,0.1114,-0.0247,0.0000,0.0000,-0.0006,-0.0002,-0.0333
0.1225,1.9106,2.0035,-0.0467,-0.0010,311.6233,-28.8976,0.0000,0.1006,0.1006,-0.0406,0.0000,0.0000,-0.0006,-0.0002,-0.0449
0.0790,1.9547,2.0031,-0.0383,-0.0010,311.4771,-29.0295,0.0000,0.0858,0.0858,-0.0554,0.0000,0.0000,-0.0006,-0.0002,-0.0557
0.1636,1.8509,2.0028,-0.0299,0.0068,311.3189,-29.1471,0.0000,0.0594,0.0594,-0.0488,0.0000,0.0000,0.0041,0.0016,-0.0613
0.0914,1.9521,2.0025,-0.0215,0.0068,311.1793,-29.2483,0.0000,0.0323,0.0323,-0.0559,0.0000,0.0000,0.0041,0.0016,-0.0576
0.0659,1.9587,2.0023,-0.0131,0.0068,311.0344,-29.3663,0.0000,0.0200,0.0200,-0.0562,0.0000,0.0000,0.0041,0.0016,-0.0493
0.2000,1.7131,2.0021,-0.0047,0.0100,310.8882,-29.4845,0.0000,0.0168,0.0168,-0.0221,0.0000,0.0000,0.0061,0.0024,-0.0373
0.1980,1.8532,2.0018,0.0037,0.0100,310.7389,-29.5970,0.0000,0.0034,0.0034,-0.0214,0.0000,0.0000,0.0061,0.0024,-0.0274
0.1995,1.8648,2.0017,0.0120,0.0100,310.6062,-29.7158,0.0000,0.0078,0.0078,-0.0189,0.0000,0.0000,0.0061,0.0024,-0.0191
0.2002,1.8541,2.0015,0.0163,0.0059,310.4654,-29.8317,0.0000,0.0046,0.0046,-0.0238,0.0000,0.0000,0.0036,0.0014,-0.0111
0.2000,1.7663,2.0013,0.0228,0.0059,310.3338,-29.9446,0.0000,0.0065,0.0065,-0.0200,0.0000,0.0000,0.0036,0.0014,-0.0056
0.2000,1.8077,2.0012,0.0218,0.0059,310.1875,-30.0610,0.0000,0.0017,0.0017,-0.0139,0.0000,0.0000,0.0036,0.0014,0.0023
0.2000,1.7196,2.0011,0.0162,0.0036,310.0471,-30.1859,0.0000,0.0085,0.0085,-0.0109,0.0000,0.0000,0.0022,0.0009,0.0102
0.1997,1.8529,2.0010,0.0078,0.0036,309.9113,-30.3036,0.0000,0.0119,0.0119,-0.0034,0.0000,0.0000,0.0022,0.0009,0.0166
0.1994,1.8637,2.0009,0.0139,0.0013,309.7651,-30.4286,0.0000,0.0119,0.0119,-0.0250,0.0000,0.0000,0.0008,0.0003,0.0213
0.2000,1.7817,2.0008,0.0222,0.0013,309.6300,-30.5502,0.0000,0.0111,0.0111,-0.0245,0.0000,0.0000,0.0008,0.0003,0.0220
0.2004,1.9077,2.0007,0.0305,0.0013,309.4874,-30.6799,0.0000,0.0087,0.0087,-0.0240,0.0000,0.0000,0.0008,0.0003,0.0185
0.2000,1.8022,2.0006,0.0288,0.0002,309.3515,-30.7975,0.0000,0.0041,0.0041,-0.0251,0.0000,0.0000,0.0001,0.0000,0.0109
0.2010,1.9118,2.0006,0.0372,0.0002,309.2148,-30.9213,0.0000,0.0044,0.0044,-0.0203,0.0000,0.0000,0.0001,0.0000,0.0143
0.2000,1.7815,2.0005,0.0288,0.0002,309.0830,-31.0427,0.0000,0.0107,0.0107,-0.0131,0.0000,0.0000,0.0001,0.0000,0.0215
0.2000,1.8291,2.0005,0.0204,-0.0034,308.9430,-31.1670,0.0000,0.0128,0.0128,-0.0001,0.0000,0.0000,-0.0021,-0.0008,0.0283
0.2000,1.7774,2.0004,0.0120,-0.0034,308.8001,-31.3032,0.0000,0.0222,0.0222,0.0051,0.0000,0.0000,-0.0021,-0.0008,0.0283
0.1999,1.8560,2.0004,0.0036,-0.0110,308.6605,-31.4337,0.0000,0.0276,0.0276,0.0031,0.0000,0.0000,-0.0066,-0.0026,0.0347
0.1630,1.8945,2.0003,-0.0048,-0.0110,308.5152,-31.5533,0.0000,0.0163,0.0163,0.0019,0.0000,0.0000,-0.0066,-0.0026,0.0299
0.1998,1.8945,2.0003,-0.0132,-0.0110,308.3762,-31.6808,0.0000,0.0156,0.0156,0.0010,0.0000,0.0000,-0.0066,-0.0026,0.0249
0.2001,1.8945,2.0003,0.0000,-0.0100,308.2389,-31.8016,0.0000,0.0086,0.0086,-0.0061,0.0000,0.0000,-0.0060,-0.0024,0.0175
0.2000,1.8129,2.0002,0.0024,-0.0100,308.0977,-31.9260,0.0000,0.0002,0.0002,-0.0122,0.0000,0.0000,-0.0060,-0.0024,0.0098
0.2000,1.8129,2.0002,0.0090,-0.0100,307.9552,-32.0518,0.0000,-0.0085,-0.0085,-0.0173,0.0000,0.0000,-0.0060,-0.0024,0.0049
0.1995,1.8660,2.0002,0.0174,0.0053,307.8056,-32.1777,0.0000,-0.0161,-0.0161,-0.0005,0.0000,0.0000,0.0032,0.0013,-0.0024
0.1999,1.8660,2.0002,0.0257,0.0053,307.6643,-32.3116,0.0000,-0.0104,-0.0104,-0.0010,0.0000,0.0000,0.0032,0.0013,-0.0053
0.1869,1.8852,2.0002,0.0000,-0.0080,307.5289,-32.4358,0.0000,-0.0057,-0.0057,0.0054,0.0000,0.0000,-0.0048,-0.0019,0.0039
0.2000,1.8217,2.0001,-0.0084,-0.0080,307.4032,-32.5729,0.0000,0.0169,0.0169,0.0112,0.0000,0.0000,-0.0048,-0.0019,0.0088
0.2000,1.8217,2.0001,-0.0168,-0.0080,307.2635,-32.7010,0.0000,0.0233,0.0233,0.0169,0.0000,0.0000,-0.0048,-0.0019,0.0134
0.2000,1.8217,2.0001,-0.0252,-0.0115,307.1234,-32.8093,0.0000,0.0139,0.0139,0.0235,0.0000,0.0000,-0.0069,-0.0028,0.0203
0.1800,1.8793,2.0001,-0.0336,-0.0115,306.9765,-32.9428,0.0000,0.0180,0.0180,0.0269,0.0000,0.0000,-0.0069,-0.0028,0.0259
0.2000,1.7557,2.0001,-0.0355,-0.0115,306.8388,-33.0577,0.0000,0.0067,0.0067,0.0187,0.0000,0.0000,-0.0069,-0.0028,0.0154
0.2000,1.7775,2.0001,-0.0375,-0.0220,306.6930,-33.1811,0.0000,-0.0076,-0.0076,-0.0133,0.0000,0.0000,-0.0132,-0.0053,0.0034
0.2000,1.7775,2.0001,-0.0292,-0.0220,306.5406,-33.3080,0.0000,-0.0274,-0.0274,-0.0272,0.0000,0.0000,-0.0132,-0.0053,-0.0106
0.2000,1.7775,2.0001,-0.0208,-0.0112,306.3973,-33.4316,0.0000,-0.0404,-0.0404,-0.0320,0.0000,0.0000,-0.0068,-0.0027,-0.0195
0.0863,1.9673,2.0001,-0.0124,-0.0112,306.2471,-33.5542,0.0000,-0.0634,-0.0634,-0.0435,0.0000,0.0000,-0.0068,-0.0027,-0.0269
0.0976,1.9233,2.0001,-0.0040,-0.0050,306.1130,-33.6808,0.0000,-0.0656,-0.0656,-0.0356,0.0000,0.0000,-0.0030,-0.0012,-0.0294
0.1017,1.9233,2.0001,0.0044,-0.0050,305.9662,-33.8005,0.0000,-0.0769,-0.0769,-0.0379,0.0000,0.0000,-0.0030,-0.0012,-0.0289
0.1794,1.8278,2.0000,0.0128,-0.0050,305.8246,-33.9196,0.0000,-0.0815,-0.0815,-0.0352,0.0000,0.0000,-0.0030,-0.0012,-0.0206
0.2000,1.8278,2.0000,0.0149,-0.0113,305.6831,-34.0400,0.0000,-0.0837,-0.0837,-0.0203,0.0000,0.0000,-0.0068,-0.0027,-0.0130
0.1978,1.8776,2.0000,0.0233,-0.0113,305.5369,-34.1610,0.0000,-0.0873,-0.0873,-0.0151,0.0000,0.0000,-0.0068,-0.0027,-0.0040
0.2000,1.8819,2.0000,0.0317,-0.0113,305.3992,-34.2834,0.0000,-0.0821,-0.0821,-0.0085,0.0000,0.0000,-0.0068,-0.0027,0.0036
0.2000,1.8819,2.0000,0.0373,-0.0141,305.2634,-34.4064,0.0000,-0.0766,-0.0766,-0.0083,0.0000,0.0000,-0.0085,-0.0034,0.0111
0.1788,1.8819,2.0000,0.0379,-0.0141,305.1202,-34.5374,0.0000,-0.0685,-0.0685,-0.0010,0.0000,0.0000,-0.0085,-0.0034,0.0170
0.2000,1.8178,2.0000,0.0296,-0.0141,304.9835,-34.6560,0.0000,-0.0678,-0.0678,0.0028,0.0000,0.0000,-0.0085,-0.0034,0.0203
0.1992,1.9249,2.0000,0.0318,-0.0201,304.8498,-34.7825,0.0000,-0.0582,-0.0582,-0.0040,0.0000,0.0000,-0.0121,-0.0048,0.0261
0.2000,1.7945,2.0000,0.0238,-0.0201,304.7118,-34.8892,0.0000,-0.0688,-0.0688,0.0011,0.0000,0.0000,-0.0121,-0.0048,0.0329
0.2000,1.8262,2.0000,0.0322,-0.0009,304.5713,-35.0197,0.0000,-0.0642,-0.0642,0.0400,0.0000,0.0000,-0.0005,-0.0002,0.0374
0.2000,1.7289,2.0000,0.0238,-0.0009,304.4358,-35.1531,0.0000,-0.0499,-0.0499,0.0426,0.0000,0.0000,-0.0005,-0.0002,0.0368
0.1485,1.9013,2.0000,0.0154,-0.0009,304.3151,-35.2706,0.0000,-0.0342,-0.0342,0.0443,0.0000,0.0000,-0.0005,-0.0002,0.0311
0.2000,1.8861,2.0056,0.0073,-0.0006,304.1785,-35.3996,0.0000,-0.0205,-0.0205,0.0588,0.0000,0.0000,-0.0003,-0.0001,0.0309
0.2000,1.6706,2.0106,-0.0010,-0.0006,304.0356,-35.5310,0.0000,-0.0171,-0.0171,0.0568,0.0000,0.0000,-0.0003,-0.0001,0.0259
0.2000,1.8639,2.0151,-0.0094,-0.0006,303.9042,-35.6495,0.0000,-0.0043,-0.0043,0.0607,0.0000,0.0000,-0.0003,-0.0001,0.0297
0.1729,1.9250,2.0192,-0.0178,-0.0011,303.7702,-35.7789,0.0000,0.0112,0.0112,0.0624,0.0000,0.0000,-0.0006,-0.0003,0.0225
0.2000,1.7544,2.0228,-0.0262,-0.0011,303.6333,-35.8938,0.0000,0.0028,0.0028,0.0560,0.0000,0.0000,-0.0006,-0.0003,0.0171
0.2000,1.8474,2.0261,-0.0346,-0.0011,303.4919,-36.0108,0.0000,0.0013,0.0013,0.0508,0.0000,0.0000,-0.0006,-0.0003,0.0088
0.2000,1.7721,2.0291,-0.0262,0.0018,303.3567,-36.1202,0.0000,-0.0100,-0.0100,0.0223,0.0000,0.0000,0.0011,0.0004,0.0007
0.2000,1.8201,2.0317,-0.0178,0.0018,303.2155,-36.2325,0.0000,-0.0237,-0.0237,0.0142,0.0000,0.0000,0.0011,0.0004,-0.0051
0.2000,1.7253,2.0341,-0.0094,0.0018,303.0808,-36.3451,0.0000,-0.0374,-0.0374,0.0002,0.0000,0.0000,0.0011,0.0004,-0.0191
0.2000,1.7903,2.0363,-0.0108,-0.0079,302.9309,-36.4673,0.0000,-0.0491,-0.0491,-0.0078,0.0000,0.0000,-0.0048,-0.0019,-0.0231
0.2000,1.7427,2.0382,-0.0024,-0.0079,302.7923,-36.6053,0.0000,-0.0388,-0.0388,-0.0111,0.0000,0.0000,-0.0048,-0.0019,-0.0268
0.1998,1.9184,2.0400,0.0060,-0.0052,302.6560,-36.7174,0.0000,-0.0417,-0.0417,0.0162,0.0000,0.0000,-0.0031,-0.0012,-0.0181
0.1930,1.9383,2.0416,0.0031,-0.0052,302.5097,-36.8323,0.0000,-0.0475,-0.0475,0.0174,0.0000,0.0000,-0.0031,-0.0012,-0.0114
0.2000,1.7502,2.0430,-0.0053,-0.0052,302.3704,-36.9613,0.0000,-0.0367,-0.0367,0.0226,0.0000,0.0000,-0.0031,-0.0012,-0.0043
0.2000,1.8456,2.0443,-0.0071,0.0014,302.2245,-37.0920,0.0000,-0.0289,-0.0289,0.0229,0.0000,0.0000,0.0009,0.0003,-0.0048
0.2000,1.8816,2.0454,-0.0155,0.0014,302.0885,-37.2063,0.0000,-0.0255,-0.0255,0.0269,0.0000,0.0000,0.0009,0.0003,0.0023
0.1978,1.9426,2.0464,-0.0199,0.0025,301.9404,-37.3250,0.0000,-0.0289,-0.0289,0.0265,0.0000,0.0000,0.0015,0.0006,0.0093
0.1999,1.7608,2.0474,-0.0178,0.0025,301.7969,-37.4422,0.0000,-0.0329,-0.0329,0.0257,0.0000,0.0000,0.0015,0.0006,0.0075
0.1999,1.8828,2.0482,-0.0094,0.0025,301.6426,-37.5514,0.0000,-0.0521,-0.0521,0.0172,0.0000,0.0000,0.0015,0.0006,-0.0011
0.2000,1.8370,2.0489,-0.0046,-0.0011,301.5057,-37.6711,0.0000,-0.0512,-0.0512,0.0019,0.0000,0.0000,-0.0006,-0.0003,-0.0018
0.2000,1.8763,2.0496,0.0038,-0.0011,301.3651,-37.8020,0.0000,-0.0472,-0.0472,-0.0049,0.0000,0.0000,-0.0006,-0.0003,-0.0095
0.2000,1.8023,2.0502,0.0122,-0.0011,301.2159,-37.9253,0.0000,-0.0525,-0.0525,-0.0079,0.0000,0.0000,-0.0006,-0.0003,-0.0126
0.1997,1.9046,2.0508,0.0187,-0.0026,301.0570,-38.0459,0.0000,-0.0628,-0.0628,0.0017,0.0000,0.0000,-0.0015,-0.0006,-0.0098
0.1997,1.9189,2.0513,0.0267,-0.0026,300.9015,-38.1683,0.0000,-0.0671,-0.0671,0.0064,0.0000,0.0000,-0.0015,-0.0006,-0.0005
0.1340,1.9788,2.0517,0.0281,-0.0002,300.7383,-38.2901,0.0000,-0.0748,-0.0748,0.0145,0.0000,0.0000,-0.0001,-0.0000,0.0025
0.1240,1.9623,2.0521,0.0197,-0.0002,300.5844,-38.4119,0.0000,-0.0742,-0.0742,0.0227,0.0000,0.0000,-0.0001,-0.0000,0.0110
0.1209,2.0182,2.0525,0.0174,-0.0110,300.4353,-38.5393,0.0000,-0.0673,-0.0673,0.0011,0.0000,0.0000,-0.0066,-0.0027,0.0177
0.1369,1.9444,2.0528,0.0095,-0.0110,300.2952,-38.6752,0.0000,-0.0531,-0.0531,0.0071,0.0000,0.0000,-0.0066,-0.0027,0.0225
0.1424,1.9450,2.0531,0.0012,-0.0110,300.1575,-38.8122,0.0000,-0.0390,-0.0390,0.0116,0.0000,0.0000,-0.0066,-0.0027,0.0290
0.2000,1.9368,2.0731,0.0025,-0.0013,300.0081,-38.9424,0.0000,-0.0349,-0.0349,0.0368,0.0000,0.0000,-0.0008,-0.0003,0.0264
0.2000,1.9259,2.0915,-0.0059,-0.0013,299.8534,-39.0777,0.0000,-0.0339,-0.0339,0.0325,0.0000,0.0000,-0.0008,-0.0003,0.0208
0.2000,1.9652,2.1115,-0.0062,0.0068,299.7033,-39.2157,0.0000,-0.0260,-0.0260,0.0483,0.0000,0.0000,0.0041,0.0016,0.0158
0.2000,2.0371,2.1311,-0.0146,0.0068,299.5514,-39.3452,0.0000,-0.0195,-0.0195,0.0465,0.0000,0.0000,0.0041,0.0016,0.0087
0.2000,2.0207,2.1488,-0.0230,0.0068,299.3985,-39.4779,0.0000,-0.0169,-0.0169,0.0422,0.0000,0.0000,0.0041,0.0016,0.0072
0.1998,1.9802,2.1647,-0.0235,0.0013,299.2497,-39.6048,0.0000,-0.0167,-0.0167,0.0230,0.0000,0.0000,0.0008,0.0003,-0.0001
0.2000,2.0069,2.1790,-0.0179,0.0013,299.0994,-39.7293,0.0000,-0.0217,-0.0217,0.0184,0.0000,0.0000,0.0008,0.0003,-0.0007
0.2000,1.9391,2.1919,-0.0095,0.0013,298.9446,-39.8626,0.0000,-0.0251,-0.0251,0.0106,0.0000,0.0000,0.0008,0.0003,-0.0072
0.2000,1.9360,2.2035,-0.0049,-0.0026,298.7870,-39.9826,0.0000,-0.0405,-0.0405,-0.0019,0.0000,0.0000,-0.0015,-0.0006,-0.0161
0.2000,2.0253,2.2139,0.0035,-0.0026,298.6252,-40.1229,0.0000,-0.0422,-0.0422,-0.0069,0.0000,0.0000,-0.0015,-0.0006,-0.0162
0.2000,1.9646,2.2233,0.0119,-0.0025,298.4556,-40.2519,0.0000,-0.0541,-0.0541,-0.0103,0.0000,0.0000,-0.0015,-0.0006,-0.0117
0.2000,2.1230,2.2318,0.0203,-0.0025,298.3030,-40.3821,0.0000,-0.0532,-0.0532,-0.0073,0.0000,0.0000,-0.0015,-0.0006,-0.0046
0.2000,2.1138,2.2394,0.0232,0.0071,298.1449,-40.5037,0.0000,-0.0602,-0.0602,0.0085,0.0000,0.0000,0.0042,0.0017,0.0002
0.2000,1.9888,2.2462,0.0170,0.0071,297.9858,-40.6273,0.0000,-0.0629,-0.0629,0.0148,0.0000,0.0000,0.0042,0.0017,0.0072
0.2000,1.9777,2.2524,0.0096,0.0071,297.8292,-40.7544,0.0000,-0.0605,-0.0605,0.0219,0.0000,0.0000,0.0042,0.0017,0.0157
0.2000,1.9967,2.2579,0.0104,0.0148,297.6746,-40.8818,0.0000,-0.0567,-0.0567,0.0268,0.0000,0.0000,0.0089,0.0036,0.0230
0.2000,1.9994,2.2629,0.0052,0.0148,297.5156,-41.0136,0.0000,-0.0548,-0.0548,0.0296,0.0000,0.0000,0.0089,0.0036,0.0249
0.2000,1.9862,2.2674,0.0029,0.0141,297.3663,-41.1500,0.0000,-0.0458,-0.0458,0.0254,0.0000,0.0000,0.0085,0.0034,0.0199
0.2000,2.0475,2.2715,0.0012,0.0141,297.2220,-41.2869,0.0000,-0.0332,-0.0332,0.0233,0.0000,0.0000,0.0085,0.0034,0.0139
0.2000,2.0047,2.2751,0.0017,0.0141,297.0667,-41.4146,0.0000,-0.0368,-0.0368,0.0218,0.0000,0.0000,0.0085,0.0034,0.0143
0.2001,1.9736,2.2784,-0.0035,0.0086,296.9200,-41.5517,0.0000,-0.0263,-0.0263,0.0193,0.0000,0.0000,0.0052,0.0021,0.0098
0.2001,1.9928,2.2813,-0.0028,0.0086,296.7669,-41.6741,0.0000,-0.0304,-0.0304,0.0189,0.0000,0.0000,0.0052,0.0021,0.0077
0.2001,1.9910,2.2840,-0.0073,0.0027,296.6179,-41.8038,0.0000,-0.0280,-0.0280,0.0162,0.0000,0.0000,0.0016,0.0007,0.0063
0.2001,1.9435,2.2864,-0.0062,0.0027,296.4604,-41.9300,0.0000,-0.0324,-0.0324,0.0167,0.0000,0.0000,0.0016,0.0007,0.0063
0.2000,1.9584,2.2885,-0.0038,0.0027,296.3192,-42.0561,0.0000,-0.0293,-0.0293,0.0126,0.0000,0.0000,0.0016,0.0007,0.0021
0.2000,2.0012,2.2904,-0.0035,0.0013,296.1677,-42.1964,0.0000,-0.0210,-0.0210,0.0092,0.0000,0.0000,0.0008,0.0003,0.0021
0.2000,1.8765,2.2922,0.0049,0.0013,296.0079,-42.3136,0.0000,-0.0357,-0.0357,0.0072,0.0000,0.0000,0.0008,0.0003,-0.0013
0.1999,2.0475,2.2866,0.0075,0.0091,295.8672,-42.4508,0.0000,-0.0214,-0.0214,0.0115,0.0000,0.0000,0.0055,0.0022,-0.0002
0.2000,1.9648,2.2887,0.0045,0.0091,295.7246,-42.5685,0.0000,-0.0222,-0.0222,0.0126,0.0000,0.0000,0.0055,0.0022,0.0018
0.2000,1.9473,2.2906,0.0039,0.0091,295.5785,-42.6857,0.0000,-0.0256,-0.0256,0.0128,0.0000,0.0000,0.0055,0.0022,0.0020
0.1999,1.8341,2.2923,-0.0044,0.0013,295.4299,-42.8062,0.0000,-0.0263,-0.0263,0.0133,0.0000,0.0000,0.0008,0.0003,0.0095
0.2000,1.8569,2.2939,-0.0073,0.0013,295.2800,-42.9372,0.0000,-0.0201,-0.0201,0.0163,0.0000,0.0000,0.0008,0.0003,0.0115
0.2000,1.8967,2.2953,-0.0074,0.0013,295.1406,-43.0494,0.0000,-0.0238,-0.0238,0.0155,0.0000,0.0000,0.0008,0.0003,0.0095
0.2000,1.9734,2.2893,-0.0097,-0.0061,294.9939,-43.1882,0.0000,-0.0151,-0.0151,0.0032,0.0000,0.0000,-0.0037,-0.0015,0.0087
0.1999,1.7750,2.2912,-0.0045,-0.0061,294.8406,-43.3131,0.0000,-0.0213,-0.0213,0.0000,0.0000,0.0000,-0.0037,-0.0015,0.0023
0.2000,2.0007,2.2857,-0.0007,-0.0107,294.6988,-43.4371,0.0000,-0.0245,-0.0245,-0.0249,0.0000,0.0000,-0.0064,-0.0026,-0.0010
0.2000,1.9608,2.2807,0.0077,-0.0107,294.5442,-43.5695,0.0000,-0.0293,-0.0293,-0.0261,0.0000,0.0000,-0.0064,-0.0026,-0.0016
0.2000,1.8679,2.2762,0.0161,-0.0107,294.4076,-43.6936,0.0000,-0.0284,-0.0284,-0.0286,0.0000,0.0000,-0.0064,-0.0026,-0.0036
0.2000,2.0171,2.2722,0.0222,-0.0130,294.2650,-43.8126,0.0000,-0.0359,-0.0359,-0.0269,0.0000,0.0000,-0.0078,-0.0031,0.0009
0.2000,1.8300,2.2685,0.0211,-0.0130,294.1312,-43.9284,0.0000,-0.0340,-0.0340,-0.0235,0.0000,0.0000,-0.0078,-0.0031,0.0045
0.2000,1.8414,2.2653,0.0177,-0.0130,293.9970,-44.0463,0.0000,-0.0324,-0.0324,-0.0180,0.0000,0.0000,-0.0078,-0.0031,0.0110
0.2000,1.7549,2.2623,0.0128,-0.0096,293.8616,-44.1633,0.0000,-0.0309,-0.0309,-0.0005,0.0000,0.0000,-0.0058,-0.0023,0.0183
0.2000,1.7710,2.2597,0.0044,-0.0096,293.7175,-44.2944,0.0000,-0.0239,-0.0239,0.0044,0.0000,0.0000,-0.0058,-0.0023,0.0229
0.2000,1.7748,2.2573,-0.0037,-0.0096,293.5744,-44.4251,0.0000,-0.0175,-0.0175,0.0069,0.0000,0.0000,-0.0058,-0.0023,0.0235
0.2000,1.9322,2.2552,-0.0063,-0.0038,293.4318,-44.5505,0.0000,-0.0124,-0.0124,0.0214,0.0000,0.0000,-0.0023,-0.0009,0.0206
0.2000,1.9214,2.2532,-0.0147,-0.0038,293.2919,-44.6809,0.0000,-0.0051,-0.0051,0.0188,0.0000,0.0000,-0.0023,-0.0009,0.0166
0.2000,1.8823,2.2515,-0.0172,-0.0048,293.1500,-44.7986,0.0000,-0.0106,-0.0106,0.0160,0.0000,0.0000,-0.0029,-0.0012,0.0114
0.2000,1.8972,2.2499,-0.0151,-0.0048,293.0036,-44.9272,0.0000,-0.0097,-0.0097,0.0107,0.0000,0.0000,-0.0029,-0.0012,0.0031
0.2000,1.8275,2.2485,0.0000,-0.0048,292.8592,-45.0564,0.0000,-0.0076,-0.0076,0.0067,0.0000,0.0000,-0.0029,-0.0012,0.0001
0.2000,1.9319,2.2473,0.0006,-0.0126,292.7198,-45.1786,0.0000,-0.0125,-0.0125,-0.0150,0.0000,0.0000,-0.0076,-0.0030,-0.0055
0.2000,1.9210,2.2461,0.0090,-0.0126,292.5713,-45.3030,0.0000,-0.0187,-0.0187,-0.0190,0.0000,0.0000,-0.0076,-0.0030,-0.0105
0.2000,1.8381,2.2451,0.0145,-0.0126,292.4276,-45.4141,0.0000,-0.0281,-0.0281,-0.0179,0.0000,0.0000,-0.0076,-0.0030,-0.0086
0.1652,1.9206,2.2206,0.0221,0.0018,292.2881,-45.5350,0.0000,-0.0238,-0.0238,0.0009,0.0000,0.0000,0.0011,0.0004,-0.0007
0.0000,1.8005,2.2221,0.0137,0.0018,292.1488,-45.6597,0.0000,-0.0158,-0.0158,0.0056,0.0000,0.0000,0.0011,0.0004,0.0057
-0.0377,1.8308,2.1999,0.0053,0.0018,292.0077,-45.7874,0.0000,-0.0056,-0.0056,0.0189,0.0000,0.0000,0.0011,0.0004,0.0124
0.1847,1.8540,2.1799,-0.0031,0.0018,291.8562,-45.9157,0.0000,0.0010,0.0010,0.0257,0.0000,0.0000,0.0011,0.0004,0.0180
0.1999,1.8871,2.1619,-0.0115,0.0018,291.6912,-46.0467,0.0000,0.0007,0.0007,0.0316,0.0000,0.0000,0.0011,0.0004,0.0228
0.1049,1.9677,2.1457,-0.0199,-0.0066,291.5436,-46.1739,0.0000,0.0010,0.0010,0.0198,0.0000,0.0000,-0.0039,-0.0016,0.0200
-0.0146,2.0887,2.1312,-0.0282,-0.0066,291.3953,-46.3105,0.0000,0.0076,0.0076,0.0152,0.0000,0.0000,-0.0039,-0.0016,0.0118
0.2000,1.9316,2.1180,-0.0366,-0.0071,291.2420,-46.4350,0.0000,-0.0011,-0.0011,0.0139,0.0000,0.0000,-0.0043,-0.0017,0.0065
0.0973,1.9991,2.1062,0.0000,-0.0071,291.1006,-46.5538,0.0000,-0.0075,-0.0075,0.0042,0.0000,0.0000,-0.0043,-0.0017,-0.0035
0.1999,1.9582,2.0956,0.0084,-0.0071,290.9666,-46.6723,0.0000,-0.0109,-0.0109,-0.0055,0.0000,0.0000,-0.0043,-0.0017,-0.0096
0.2000,1.8316,2.0861,0.0140,-0.0033,290.8058,-46.7977,0.0000,-0.0239,-0.0239,-0.0103,0.0000,0.0000,-0.0020,-0.0008,-0.0179
0.2000,1.7739,2.0775,0.0224,-0.0033,290.6590,-46.9164,0.0000,-0.0329,-0.0329,-0.0199,0.0000,0.0000,-0.0020,-0.0008,-0.0275
0.0620,2.0223,2.0697,0.0308,0.0002,290.5035,-47.0377,0.0000,-0.0397,-0.0397,-0.0186,0.0000,0.0000,0.0001,0.0000,-0.0210
0.1997,1.8721,2.0627,0.0390,0.0002,290.3527,-47.1662,0.0000,-0.0325,-0.0325,-0.0103,0.0000,0.0000,0.0001,0.0000,-0.0096
0.1184,1.9557,2.0565,0.0318,0.0002,290.1976,-47.2998,0.0000,-0.0232,-0.0232,0.0005,0.0000,0.0000,0.0001,0.0000,0.0051
0.0756,1.9642,2.0508,0.0258,0.0026,290.0470,-47.4345,0.0000,-0.0081,-0.0081,0.0159,0.0000,0.0000,0.0016,0.0006,0.0168
0.0014,2.0292,2.0457,0.0174,0.0026,289.8931,-47.5607,0.0000,0.0003,0.0003,0.0283,0.0000,0.0000,0.0016,0.0006,0.0279
0.0036,2.0039,2.0412,0.0106,0.0041,289.7465,-47.6884,0.0000,0.0116,0.0116,0.0420,0.0000,0.0000,0.0025,0.0010,0.0363
0.0310,1.9732,2.0370,0.0022,0.0041,289.6007,-47.8124,0.0000,0.0178,0.0178,0.0447,0.0000,0.0000,0.0025,0.0010,0.0360
0.0798,1.9276,2.0333,-0.0062,0.0041,289.4449,-47.9404,0.0000,0.0180,0.0180,0.0435,0.0000,0.0000,0.0025,0.0010,0.0304
0.1795,1.8982,2.0300,-0.0146,-0.0059,289.2939,-48.0714,0.0000,0.0193,0.0193,0.0200,0.0000,0.0000,-0.0036,-0.0014,0.0246
0.0832,1.9990,2.0270,-0.0230,-0.0059,289.1486,-48.1916,0.0000,0.0153,0.0153,0.0167,0.0000,0.0000,-0.0036,-0.0014,0.0180
0.0497,1.9825,2.0243,-0.0286,-0.0031,289.0006,-48.3224,0.0000,0.0152,0.0152,0.0186,0.0000,0.0000,-0.0019,-0.0007,0.0124
0.1996,1.8693,2.0219,-0.0370,-0.0031,288.8566,-48.4482,0.0000,0.0145,0.0145,0.0130,0.0000,0.0000,-0.0019,-0.0007,0.0063
0.1068,1.9587,2.0197,0.0000,-0.0031,288.6942,-48.5650,0.0000,-0.0077,-0.0077,0.0021,0.0000,0.0000,-0.0019,-0.0007,-0.0039
0.1997,1.8956,2.0177,0.0084,0.0006,288.5336,-48.6959,0.0000,-0.0168,-0.0168,0.0032,0.0000,0.0000,0.0004,0.0002,-0.0119
0.1350,1.9853,2.0159,0.0168,0.0006,288.3790,-48.8257,0.0000,-0.0222,-0.0222,-0.0070,0.0000,0.0000,0.0004,0.0002,-0.0187
0.0835,2.0007,2.0144,0.0252,0.0019,288.2430,-48.9543,0.0000,-0.0154,-0.0154,-0.0093,0.0000,0.0000,0.0011,0.0005,-0.0255
0.0528,2.0007,2.0129,0.0336,0.0019,288.0881,-49.0781,0.0000,-0.0168,-0.0168,-0.0086,0.0000,0.0000,0.0011,0.0005,-0.0229
0.1543,1.8550,2.0116,0.0252,0.0019,287.9321,-49.2062,0.0000,-0.0110,-0.0110,0.0005,0.0000,0.0000,0.0011,0.0005,-0.0099
0.0807,1.9663,2.0105,0.0242,0.0094,287.7777,-49.3267,0.0000,-0.0091,-0.0091,0.0043,0.0000,0.0000,0.0056,0.0023,0.0001
0.0248,2.0009,2.0094,0.0158,0.0094,287.6179,-49.4593,0.0000,0.0007,0.0007,0.0173,0.0000,0.0000,0.0056,0.0023,0.0150
0.0591,1.9420,2.0085,0.0074,0.0069,287.4587,-49.6028,0.0000,0.0161,0.0161,0.0177,0.0000,0.0000,0.0042,0.0017,0.0264
-0.0411,2.0589,2.0076,-0.0010,0.0069,287.3135,-49.7330,0.0000,0.0292,0.0292,0.0257,0.0000,0.0000,0.0042,0.0017,0.0329
-0.1779,2.1251,2.0069,-0.0094,0.0053,287.1481,-49.8695,0.0000,0.0305,0.0305,0.0253,0.0000,0.0000,0.0032,0.0013,0.0282
0.0228,1.9339,2.0062,-0.0178,0.0053,287.0015,-49.9963,0.0000,0.0303,0.0303,0.0217,0.0000,0.0000,0.0032,0.0013,0.0249
-0.1765,2.1266,2.0056,-0.0262,0.0053,286.8521,-50.1190,0.0000,0.0285,0.0285,0.0195,0.0000,0.0000,0.0032,0.0013,0.0197
0.0243,1.9216,2.0050,-0.0346,0.0024,286.7024,-50.2380,0.0000,0.0180,0.0180,0.0134,0.0000,0.0000,0.0014,0.0006,0.0109
0.1005,1.9165,2.0045,-0.0262,0.0024,286.5471,-50.3556,0.0000,0.0030,0.0030,0.0056,0.0000,0.0000,0.0014,0.0006,0.0045
0.1240,1.8966,2.0041,-0.0178,0.0024,286.4003,-50.4760,0.0000,-0.0043,-0.0043,-0.0024,0.0000,0.0000,0.0014,0.0006,-0.0032
0.1010,1.9329,2.0036,-0.0133,-0.0016,286.2494,-50.5997,0.0000,-0.0137,-0.0137,-0.0095,0.0000,0.0000,-0.0009,-0.0004,-0.0113
0.1462,1.8819,2.0033,-0.0049,-0.0016,286.0888,-50.7251,0.0000,-0.0264,-0.0264,-0.0186,0.0000,0.0000,-0.0009,-0.0004,-0.0178
0.1034,1.9351,2.0030,-0.0050,-0.0100,285.9243,-50.8526,0.0000,-0.0364,-0.0364,-0.0215,0.0000,0.0000,-0.0060,-0.0024,-0.0208
0.0046,2.0216,2.0027,0.0034,-0.0100,285.7807,-50.9788,0.0000,-0.0327,-0.0327,-0.0221,0.0000,0.0000,-0.0060,-0.0024,-0.0172
-0.0859,2.0638,2.0024,0.0118,-0.0100,285.6236,-51.0977,0.0000,-0.0409,-0.0409,-0.0193,0.0000,0.0000,-0.0060,-0.0024,-0.0100
0.1040,1.8947,2.0022,0.0202,-0.0076,285.4603,-51.2120,0.0000,-0.0551,-0.0551,-0.0156,0.0000,0.0000,-0.0046,-0.0018,-0.0055
0.1290,1.9539,2.0019,0.0286,-0.0076,285.3072,-51.3312,0.0000,-0.0584,-0.0584,-0.0108,0.0000,0.0000,-0.0046,-0.0018,0.0024
0.0970,1.9768,2.0017,0.0312,-0.0134,285.1440,-51.4502,0.0000,-0.0681,-0.0681,-0.0051,0.0000,0.0000,-0.0081,-0.0032,0.0028
0.0968,1.9235,2.0016,0.0233,-0.0134,285.0023,-51.5721,0.0000,-0.0595,-0.0595,0.0012,0.0000,0.0000,-0.0081,-0.0032,0.0110
0.0245,2.0025,2.0014,0.0217,-0.0134,284.8429,-51.6915,0.0000,-0.0617,-0.0617,0.0101,0.0000,0.0000,-0.0081,-0.0032,0.0182
0.1996,1.8529,2.0013,0.0133,-0.0476,284.7019,-51.8117,0.0000,-0.0560,-0.0560,-0.0080,0.0000,0.0000,-0.0287,-0.0115,0.0255
0.0803,1.9740,2.0011,0.0062,-0.0476,284.5504,-51.9249,0.0000,-0.0637,-0.0637,0.0005,0.0000,0.0000,-0.0287,-0.0115,0.0321
0.1704,1.8372,2.0010,-0.0021,-0.0476,284.4198,-52.0506,0.0000,-0.0520,-0.0520,0.0007,0.0000,0.0000,-0.0287,-0.0115,0.0321
0.1894,1.8743,2.0009,0.0063,0.0430,284.2687,-52.1713,0.0000,-0.0580,-0.0580,-0.0029,0.0000,0.0000,0.0259,0.0104,0.0256
0.2000,1.7974,2.0008,0.0147,0.0430,284.1304,-52.2962,0.0000,-0.0549,-0.0549,-0.0054,0.0000,0.0000,0.0259,0.0104,0.0229
0.1336,1.9177,2.0008,0.0063,-0.0029,283.9903,-52.4211,0.0000,-0.0539,-0.0539,-0.0054,0.0000,0.0000,-0.0018,-0.0007,0.0161
0.2001,1.8473,2.0007,0.0146,-0.0029,283.8390,-52.5395,0.0000,-0.0635,-0.0635,-0.0086,0.0000,0.0000,-0.0018,-0.0007,0.0098
0.1995,1.8614,2.0006,0.0228,-0.0029,283.6889,-52.6738,0.0000,-0.0582,-0.0582,-0.0083,0.0000,0.0000,-0.0018,-0.0007,0.0055
0.1996,1.9042,2.0005,0.0144,-0.1637,283.5585,-52.7865,0.0000,-0.0547,-0.0547,0.0052,0.0000,0.0000,-0.0995,-0.0398,0.0128
0.0397,1.9973,2.0005,0.0060,-0.1637,283.4015,-52.9025,0.0000,-0.0622,-0.0622,0.0119,0.0000,0.0000,-0.0995,-0.0398,0.0174
0.2000,1.7085,2.0004,-0.0024,-0.1637,283.2615,-53.0214,0.0000,-0.0621,-0.0621,0.0113,0.0000,0.0000,-0.0995,-0.0398,0.0158
0.1155,1.9348,2.0004,0.0060,-0.0701,283.1321,-53.1487,0.0000,-0.0413,-0.0413,0.0315,0.0000,0.0000,-0.0423,-0.0169,0.0225
0.1848,1.8214,2.0004,-0.0024,-0.0701,282.9916,-53.2753,0.0000,-0.0346,-0.0346,0.0303,0.0000,0.0000,-0.0423,-0.0169,0.0210
0.2001,1.8004,2.0003,-0.0106,-0.0701,282.8591,-53.3967,0.0000,-0.0281,-0.0281,0.0251,0.0000,0.0000,-0.0423,-0.0169,0.0133
0.1713,1.8743,2.0003,-0.0190,-0.0739,282.7027,-53.5119,0.0000,-0.0342,-0.0342,0.0444,0.0000,0.0000,-0.0446,-0.0178,0.0067
0.2001,1.7824,2.0003,-0.0272,-0.0739,282.5603,-53.6339,0.0000,-0.0304,-0.0304,0.0419,0.0000,0.0000,-0.0446,-0.0178,0.0060
0.1346,1.9253,2.0002,-0.0356,-0.0864,282.4180,-53.7569,0.0000,-0.0217,-0.0217,0.0353,0.0000,0.0000,-0.0522,-0.0209,0.0052
0.1632,1.8592,2.0002,-0.0440,-0.0864,282.2880,-53.8828,0.0000,-0.0104,-0.0104,0.0272,0.0000,0.0000,-0.0522,-0.0209,-0.0028
0.1708,1.8646,2.0002,-0.0523,-0.0864,282.1319,-54.0099,0.0000,-0.0135,-0.0135,0.0189,0.0000,0.0000,-0.0522,-0.0209,-0.0109
0.2000,1.7933,2.0002,-0.0607,-0.0971,281.9793,-54.1302,0.0000,-0.0220,-0.0220,0.0247,0.0000,0.0000,-0.0587,-0.0235,-0.0187
0.0566,1.9962,2.0002,-0.0691,-0.0971,281.8289,-54.2505,0.0000,-0.0229,-0.0229,0.0152,0.0000,0.0000,-0.0587,-0.0235,-0.0222
0.0768,1.9279,2.0001,-0.0607,-0.0567,281.6848,-54.3766,0.0000,-0.0204,-0.0204,0.0588,0.0000,0.0000,-0.0342,-0.0137,-0.0362
0.1114,1.9100,2.0001,-0.0691,-0.0567,281.5408,-54.4884,0.0000,-0.0207,-0.0207,0.0433,0.0000,0.0000,-0.0342,-0.0137,-0.0483
0.1766,1.8975,2.0001,-0.0775,-0.0567,281.3890,-54.5923,0.0000,-0.0303,-0.0303,0.0304,0.0000,0.0000,-0.0342,-0.0137,-0.0554
0.2001,1.8086,2.0001,-0.0859,-0.1424,281.2127,-54.6902,0.0000,-0.0660,-0.0660,-0.1987,0.0000,0.0000,-0.0864,-0.0345,-0.0646
0.2000,1.8275,2.0001,-0.0775,-0.1424,281.0649,-54.8000,0.0000,-0.1069,-0.1069,-0.2050,0.0000,0.0000,-0.0864,-0.0345,-0.0574
0.0491,2.0039,2.0001,-0.0691,-0.1424,280.9222,-54.9104,0.0000,-0.1635,-0.1635,-0.2200,0.0000,0.0000,-0.0864,-0.0345,-0.0609
0.2000,1.8265,2.0001,-0.0607,-0.0920,280.7638,-55.0163,0.0000,-0.1873,-0.1873,-0.1221,0.0000,0.0000,-0.0556,-0.0222,-0.0729
0.2000,1.7884,2.0001,-0.0527,-0.0920,280.6088,-55.1172,0.0000,-0.2198,-0.2198,-0.1362,0.0000,0.0000,-0.0556,-0.0222,-0.0799
0.1582,1.8910,2.0001,-0.0443,0.0735,280.4387,-55.2030,0.0000,-0.2483,-0.2483,0.2348,0.0000,0.0000,0.0443,0.0177,-0.0727
0.1944,1.8366,2.0001,-0.0526,0.0735,280.2721,-55.3098,0.0000,-0.2129,-0.2129,0.2314,0.0000,0.0000,0.0443,0.0177,-0.0646
0.1472,1.8957,2.0000,-0.0610,0.0735,280.1138,-55.4091,0.0000,-0.1673,-0.1673,0.2276,0.0000,0.0000,0.0443,0.0177,-0.0565
0.0790,1.9632,2.0000,-0.0694,-0.0211,279.9387,-55.5088,0.0000,-0.1712,-0.1712,0.0134,0.0000,0.0000,-0.0127,-0.0051,-0.0489
0.1608,1.8547,2.0000,-0.0610,-0.0211,279.7692,-55.6163,0.0000,-0.1707,-0.1707,0.0141,0.0000,0.0000,-0.0127,-0.0051,-0.0364
0.0429,1.9995,2.0000,-0.0645,-0.0329,279.6121,-55.7179,0.0000,-0.1738,-0.1738,0.0250,0.0000,0.0000,-0.0198,-0.0079,-0.0486
0.0218,1.9909,2.0000,-0.0562,-0.0329,279.4467,-55.8169,0.0000,-0.1789,-0.1789,0.0115,0.0000,0.0000,-0.0198,-0.0079,-0.0570
0.1427,1.8549,2.0000,-0.0478,-0.0329,279.2748,-55.9100,0.0000,-0.1923,-0.1923,0.0005,0.0000,0.0000,-0.0198,-0.0079,-0.0646
0.1258,1.9130,2.0000,-0.0489,-0.0425,279.0987,-56.0094,0.0000,-0.1938,-0.1938,0.0202,0.0000,0.0000,-0.0256,-0.0102,-0.0577
0.0935,1.9408,2.0000,-0.0406,-0.0425,278.9250,-56.0916,0.0000,-0.2111,-0.2111,0.0087,0.0000,0.0000,-0.0256,-0.0102,-0.0600
0.0321,2.0068,2.0000,-0.0322,-0.0413,278.7607,-56.1837,0.0000,-0.2058,-0.2058,0.0477,0.0000,0.0000,-0.0249,-0.0100,-0.0534
0.1814,1.9104,2.0000,-0.0238,-0.0413,278.5822,-56.2858,0.0000,-0.1981,-0.1981,0.0449,0.0000,0.0000,-0.0249,-0.0100,-0.0440
0.2008,1.8680,2.0000,-0.0157,-0.0413,278.4126,-56.3699,0.0000,-0.2019,-0.2019,0.0374,0.0000,0.0000,-0.0249,-0.0100,-0.0457
0.0136,2.0387,2.0000,-0.0241,-0.0824,278.2390,-56.4529,0.0000,-0.2063,-0.2063,-0.0006,0.0000,0.0000,-0.0497,-0.0199,-0.0327
0.1230,1.8794,2.0000,-0.0157,-0.0824,278.0561,-56.5290,0.0000,-0.2246,-0.2246,0.0012,0.0000,0.0000,-0.0497,-0.0199,-0.0246
0.1193,1.9087,2.0000,-0.0135,-0.0885,277.8828,-56.6150,0.0000,-0.2283,-0.2283,-0.0099,0.0000,0.0000,-0.0535,-0.0214,-0.0166
0.0666,1.9662,2.0000,-0.0051,-0.0885,277.7187,-56.7033,0.0000,-0.2298,-0.2298,-0.0101,0.0000,0.0000,-0.0535,-0.0214,-0.0097
0.0906,1.9191,2.0000,0.0033,-0.0885,277.5491,-56.7871,0.0000,-0.2399,-0.2399,-0.0165,0.0000,0.0000,-0.0535,-0.0214,-0.0162
0.1661,1.8470,2.0000,0.0076,-0.0927,277.3737,-56.8662,0.0000,-0.2537,-0.2537,-0.0249,0.0000,0.0000,-0.0560,-0.0224,-0.0092
0.1556,1.8760,2.0000,0.0118,-0.0927,277.1902,-56.9497,0.0000,-0.2686,-0.2686,-0.0241,0.0000,0.0000,-0.0560,-0.0224,-0.0067
0.1282,1.9086,2.0000,0.0202,-0.0819,277.0023,-57.0344,0.0000,-0.2816,-0.2816,-0.0190,0.0000,0.0000,-0.0494,-0.0198,0.0007
0.0376,1.9992,2.0000,0.0194,-0.0819,276.8337,-57.1071,0.0000,-0.2958,-0.2958,-0.0134,0.0000,0.0000,-0.0494,-0.0198,0.0077
-0.0254,2.0431,2.0000,0.0176,-0.0819,276.6541,-57.1958,0.0000,-0.3015,-0.3015,-0.0090,0.0000,0.0000,-0.0494,-0.0198,0.0124
0.1595,1.8204,2.0000,0.0093,-0.0832,276.4757,-57.2946,0.0000,-0.2959,-0.2959,0.0062,0.0000,0.0000,-0.0502,-0.0201,0.0152
0.0568,1.9853,2.0000,0.0052,-0.0832,276.3056,-57.3959,0.0000,-0.2814,-0.2814,0.0133,0.0000,0.0000,-0.0502,-0.0201,0.0224
0.0028,2.0223,2.0000,0.0136,-0.0657,276.1272,-57.4879,0.0000,-0.2754,-0.2754,0.0775,0.0000,0.0000,-0.0396,-0.0159,0.0228
0.0305,1.9632,2.0000,0.0052,-0.0657,275.9668,-57.5888,0.0000,-0.2520,-0.2520,0.0772,0.0000,0.0000,-0.0396,-0.0159,0.0216
0.0183,1.9903,2.0000,-0.0032,-0.0657,275.7939,-57.6787,0.0000,-0.2412,-0.2412,0.0757,0.0000,0.0000,-0.0396,-0.0159,0.0166
0.1145,1.8795,2.0000,-0.0116,-0.0690,275.6236,-57.7513,0.0000,-0.2450,-0.2450,0.1252,0.0000,0.0000,-0.0416,-0.0167,0.0115
0.0950,1.9318,2.0000,-0.0200,-0.0690,275.4558,-57.8585,0.0000,-0.2041,-0.2041,0.1262,0.0000,0.0000,-0.0416,-0.0167,0.0140
0.1745,1.8340,2.0000,-0.0284,-0.0690,275.2955,-57.9560,0.0000,-0.1792,-0.1792,0.1252,0.0000,0.0000,-0.0416,-0.0167,0.0128
0.0749,1.9738,2.0000,-0.0312,-0.0634,275.1394,-58.0519,0.0000,-0.1346,-0.1346,0.1619,0.0000,0.0000,-0.0382,-0.0153,0.0080
0.1458,1.8601,2.0000,-0.0396,-0.0634,274.9795,-58.1379,0.0000,-0.1198,-0.1198,0.1550,0.0000,0.0000,-0.0382,-0.0153,0.0003
0.1926,1.8156,2.0000,-0.0480,-0.0634,274.8119,-58.2268,0.0000,-0.1026,-0.1026,0.1438,0.0000,0.0000,-0.0382,-0.0153,-0.0099
0.2000,1.8004,2.0000,-0.0431,-0.0500,274.6517,-58.3081,0.0000,-0.0789,-0.0789,0.1934,0.0000,0.0000,-0.0302,-0.0121,-0.0179
0.1656,1.8815,2.0000,-0.0513,-0.0500,274.4589,-58.4096,0.0000,-0.0309,-0.0309,0.1866,0.0000,0.0000,-0.0302,-0.0121,-0.0230
0.1999,1.7816,2.0000,-0.0572,-0.0475,274.3091,-58.4966,0.0000,-0.0070,-0.0070,0.1769,0.0000,0.0000,-0.0286,-0.0115,-0.0289
-0.0002,2.1603,2.0000,-0.0654,-0.0475,274.1362,-58.5612,0.0000,0.0310,0.0310,0.1616,0.0000,0.0000,-0.0286,-0.0115,-0.0368
0.1998,1.7160,2.0000,-0.0738,-0.0475,273.9596,-58.6255,0.0000,0.0010,0.0010,0.1581,0.0000,0.0000,-0.0286,-0.0115,-0.0359
0.1999,1.8346,2.0000,-0.0822,-0.0530,273.7932,-58.6945,0.0000,0.0231,0.0231,0.1460,0.0000,0.0000,-0.0319,-0.0128,-0.0433
0.1793,1.8685,2.0000,-0.0905,-0.0530,273.6142,-58.7697,0.0000,0.0403,0.0403,0.1335,0.0000,0.0000,-0.0319,-0.0128,-0.0522
0.2000,1.7880,2.0000,-0.0989,-0.0530,273.4454,-58.8415,0.0000,0.0447,0.0447,0.1178,0.0000,0.0000,-0.0319,-0.0128,-0.0588
0.1247,1.9272,2.0000,-0.1073,-0.0708,273.2779,-58.9067,0.0000,0.0537,0.0537,0.0756,0.0000,0.0000,-0.0427,-0.0171,-0.0667
0.2000,1.8215,2.0000,-0.1157,-0.0708,273.0934,-58.9636,0.0000,0.0378,0.0378,0.0631,0.0000,0.0000,-0.0427,-0.0171,-0.0745
0.2000,1.7851,2.0000,-0.1241,-0.0851,272.9269,-59.0220,0.0000,0.0288,0.0288,0.0613,0.0000,0.0000,-0.0514,-0.0206,-0.0821
0.1378,1.9210,2.0000,-0.1324,-0.0851,272.7450,-59.0710,0.0000,0.0167,0.0167,0.0437,0.0000,0.0000,-0.0514,-0.0206,-0.0893
0.2000,1.7548,2.0000,-0.1290,-0.0851,272.5742,-59.1282,0.0000,0.0057,0.0057,0.0306,0.0000,0.0000,-0.0514,-0.0206,-0.0965
0.1883,1.8746,2.0000,-0.1206,-0.0792,272.4018,-59.1634,0.0000,-0.0214,-0.0214,0.0253,0.0000,0.0000,-0.0478,-0.0191,-0.1030
0.2000,1.7906,2.0000,-0.1122,-0.0792,272.2128,-59.2133,0.0000,-0.0399,-0.0399,0.0094,0.0000,0.0000,-0.0478,-0.0191,-0.1092
0.2000,1.7569,2.0000,-0.1038,-0.0792,272.0504,-59.2644,0.0000,-0.0489,-0.0489,-0.0085,0.0000,0.0000,-0.0478,-0.0191,-0.1174
0.1926,1.9467,2.0000,-0.0954,-0.0537,271.8684,-59.3082,0.0000,-0.0602,-0.0602,0.0258,0.0000,0.0000,-0.0324,-0.0130,-0.1201
0.2000,1.6923,2.0000,-0.0871,-0.0537,271.7044,-59.3479,0.0000,-0.0698,-0.0698,0.0242,0.0000,0.0000,-0.0324,-0.0130,-0.1168
0.2005,1.8633,2.0000,-0.0787,-0.0426,271.5219,-59.3837,0.0000,-0.0803,-0.0803,0.0375,0.0000,0.0000,-0.0257,-0.0103,-0.1087
0.2000,1.6768,2.0000,-0.0703,-0.0426,271.3354,-59.4195,0.0000,-0.0912,-0.0912,0.0361,0.0000,0.0000,-0.0257,-0.0103,-0.1008
0.2001,1.8513,2.0000,-0.0620,-0.0426,271.1519,-59.4685,0.0000,-0.0815,-0.0815,0.0255,0.0000,0.0000,-0.0257,-0.0103,-0.0911
0.1960,1.8895,2.0000,-0.0536,-0.0291,270.9698,-59.5059,0.0000,-0.0835,-0.0835,0.0459,0.0000,0.0000,-0.0175,-0.0070,-0.0838
0.1996,1.8836,2.0000,-0.0453,-0.0291,270.7911,-59.5500,0.0000,-0.0751,-0.0751,0.0406,0.0000,0.0000,-0.0175,-0.0070,-0.0763
0.2000,1.8468,2.0000,-0.0369,-0.0291,270.5937,-59.5809,0.0000,-0.0812,-0.0812,0.0383,0.0000,0.0000,-0.0175,-0.0070,-0.0685
0.2000,1.8258,2.0000,-0.0311,-0.0253,270.4096,-59.6200,0.0000,-0.0798,-0.0798,0.0282,0.0000,0.0000,-0.0152,-0.0061,-0.0623
0.1266,1.9847,2.0000,-0.0227,-0.0253,270.2283,-59.6564,0.0000,-0.0753,-0.0753,0.0237,0.0000,0.0000,-0.0152,-0.0061,-0.0530
0.1600,1.8676,2.0000,-0.0172,-0.0113,270.0359,-59.6976,0.0000,-0.0692,-0.0692,0.0396,0.0000,0.0000,-0.0068,-0.0027,-0.0417
0.2002,1.8346,2.0000,-0.0256,-0.0113,269.8547,-59.7375,0.0000,-0.0595,-0.0595,0.0402,0.0000,0.0000,-0.0068,-0.0027,-0.0316
0.1553,1.9513,2.0000,-0.0340,-0.0113,269.6627,-59.7801,0.0000,-0.0463,-0.0463,0.0377,0.0000,0.0000,-0.0068,-0.0027,-0.0262
0.0906,1.9497,2.0000,-0.0331,-0.0021,269.4796,-59.8186,0.0000,-0.0329,-0.0329,0.0567,0.0000,0.0000,-0.0012,-0.0005,-0.0182
0.0787,1.9497,2.0000,-0.0415,-0.0021,269.2937,-59.8526,0.0000,-0.0271,-0.0271,0.0551,0.0000,0.0000,-0.0012,-0.0005,-0.0112
0.1998,1.8551,2.0000,-0.0499,-0.0021,269.0965,-59.8841,0.0000,-0.0313,-0.0313,0.0467,0.0000,0.0000,-0.0012,-0.0005,-0.0151
0.1781,1.8749,2.0000,-0.0475,0.0088,268.9049,-59.9097,0.0000,-0.0285,-0.0285,0.0860,0.0000,0.0000,0.0053,0.0021,-0.0229
0.0687,1.9813,2.0000,-0.0559,0.0088,268.7195,-59.9238,0.0000,-0.0353,-0.0353,0.0741,0.0000,0.0000,0.0053,0.0021,-0.0252
0.0976,1.9181,2.0000,-0.0643,0.0054,268.5240,-59.9686,0.0000,-0.0164,-0.0164,0.0680,0.0000,0.0000,0.0033,0.0013,-0.0279
0.1996,1.8489,2.0000,-0.0723,0.0054,268.3320,-59.9777,0.0000,-0.0363,-0.0363,0.0527,0.0000,0.0000,0.0033,0.0013,-0.0405
0.0677,1.9862,2.0000,-0.0693,0.0001,268.1377,-60.0104,0.0000,-0.0254,-0.0254,0.0373,0.0000,0.0000,0.0001,0.0000,-0.0396
0.0975,1.9117,2.0000,-0.0610,0.0001,267.9524,-60.0301,0.0000,-0.0335,-0.0335,0.0249,0.0000,0.0000,0.0001,0.0000,-0.0457
0.0732,1.9527,2.0000,-0.0526,0.0001,267.7617,-60.0449,0.0000,-0.0491,-0.0491,0.0065,0.0000,0.0000,0.0001,0.0000,-0.0542
0.1604,1.8504,2.0000,-0.0442,0.0113,267.5661,-60.0775,0.0000,-0.0461,-0.0461,-0.0082,0.0000,0.0000,0.0068,0.0027,-0.0631
0.1365,1.9005,2.0000,-0.0359,0.0113,267.3804,-60.0886,0.0000,-0.0603,-0.0603,-0.0201,0.0000,0.0000,0.0068,0.0027,-0.0658
0.0731,1.9637,2.0000,-0.0326,0.0063,267.1580,-60.1026,0.0000,-0.0730,-0.0730,-0.0325,0.0000,0.0000,0.0038,0.0015,-0.0625
0.1640,1.8472,2.0000,-0.0242,0.0063,266.9696,-60.1228,0.0000,-0.0707,-0.0707,-0.0320,0.0000,0.0000,0.0038,0.0015,-0.0558
-0.0360,2.2113,2.0000,-0.0257,-0.0036,266.7726,-60.1407,0.0000,-0.0829,-0.0829,-0.0546,0.0000,0.0000,-0.0022,-0.0009,-0.0480
0.1087,1.8783,2.0000,-0.0173,-0.0036,266.5722,-60.1562,0.0000,-0.0803,-0.0803,-0.0478,0.0000,0.0000,-0.0022,-0.0009,-0.0362
0.0663,1.9618,2.0000,-0.0089,-0.0036,266.3744,-60.1563,0.0000,-0.1042,-0.1042,-0.0481,0.0000,0.0000,-0.0022,-0.0009,-0.0270
0.0256,1.9928,2.0000,-0.0132,-0.0163,266.1698,-60.1587,0.0000,-0.1270,-0.1270,-0.0712,0.0000,0.0000,-0.0098,-0.0039,-0.0239
0.0399,1.9632,2.0000,-0.0049,-0.0163,265.9791,-60.1748,0.0000,-0.1336,-0.1336,-0.0696,0.0000,0.0000,-0.0098,-0.0039,-0.0172
-0.0115,2.0294,2.0000,0.0035,-0.0163,265.7729,-60.1910,0.0000,-0.1456,-0.1456,-0.0709,0.0000,0.0000,-0.0098,-0.0039,-0.0176
0.0928,1.8976,2.0000,0.0083,-0.0199,265.5841,-60.2094,0.0000,-0.1473,-0.1473,-0.0752,0.0000,0.0000,-0.0120,-0.0048,-0.0094
-0.0330,2.0502,2.0000,0.0167,-0.0199,265.3833,-60.2356,0.0000,-0.1521,-0.1521,-0.0736,0.0000,0.0000,-0.0120,-0.0048,-0.0037
0.1147,1.8809,2.0000,0.0251,-0.0199,265.1925,-60.2599,0.0000,-0.1444,-0.1444,-0.0723,0.0000,0.0000,-0.0120,-0.0048,-0.0052
0.0234,2.0068,2.0000,0.0335,-0.0122,264.9891,-60.2708,0.0000,-0.1581,-0.1581,-0.0458,0.0000,0.0000,-0.0073,-0.0029,0.0008
0.0921,1.9077,2.0000,0.0419,-0.0122,264.7925,-60.2702,0.0000,-0.1707,-0.1707,-0.0370,0.0000,0.0000,-0.0073,-0.0029,0.0101
0.0052,2.0199,2.0000,0.0501,-0.0125,264.6016,-60.2758,0.0000,-0.1804,-0.1804,-0.0200,0.0000,0.0000,-0.0075,-0.0030,0.0133
0.0507,1.9469,2.0000,0.0584,-0.0125,264.4093,-60.2947,0.0000,-0.1725,-0.1725,-0.0120,0.0000,0.0000,-0.0075,-0.0030,0.0204
0.1312,1.8940,2.0000,0.0667,-0.0125,264.2084,-60.3134,0.0000,-0.1652,-0.1652,-0.0030,0.0000,0.0000,-0.0075,-0.0030,0.0278
0.1129,1.9169,2.0000,0.0591,-0.0117,264.0105,-60.3352,0.0000,-0.1503,-0.1503,0.0191,0.0000,0.0000,-0.0071,-0.0028,0.0364
0.0290,2.0005,2.0000,0.0507,-0.0117,263.8126,-60.3550,0.0000,-0.1370,-0.1370,0.0310,0.0000,0.0000,-0.0071,-0.0028,0.0424
0.0286,1.9766,2.0000,0.0493,-0.0047,263.6175,-60.3840,0.0000,-0.1158,-0.1158,0.0171,0.0000,0.0000,-0.0028,-0.0011,0.0513
0.0317,1.9721,2.0000,0.0410,-0.0047,263.4413,-60.4184,0.0000,-0.0915,-0.0915,0.0298,0.0000,0.0000,-0.0028,-0.0011,0.0617
0.0430,1.9588,2.0000,0.0326,-0.0047,263.2458,-60.4399,0.0000,-0.0820,-0.0820,0.0415,0.0000,0.0000,-0.0028,-0.0011,0.0684
0.2000,1.7830,2.0000,0.0242,-0.0120,263.0617,-60.4713,0.0000,-0.0733,-0.0733,0.0435,0.0000,0.0000,-0.0073,-0.0029,0.0561
0.1104,1.9505,2.0000,0.0158,-0.0120,262.8669,-60.5009,0.0000,-0.0569,-0.0569,0.0476,0.0000,0.0000,-0.0073,-0.0029,0.0495
0.1668,1.8532,2.0000,0.0074,-0.0120,262.6812,-60.5399,0.0000,-0.0361,-0.0361,0.0487,0.0000,0.0000,-0.0073,-0.0029,0.0459
0.1028,1.9549,2.0000,-0.0010,-0.0219,262.4995,-60.5798,0.0000,-0.0102,-0.0102,0.0584,0.0000,0.0000,-0.0132,-0.0053,0.0373
0.1386,1.8831,2.0000,-0.0094,-0.0219,262.3138,-60.6067,0.0000,-0.0050,-0.0050,0.0515,0.0000,0.0000,-0.0132,-0.0053,0.0248
0.1851,1.8459,2.0000,-0.0010,-0.0011,262.1130,-60.6406,0.0000,0.0097,0.0097,0.0611,0.0000,0.0000,-0.0006,-0.0003,0.0210
0.1795,1.8598,2.0000,-0.0093,-0.0011,261.9364,-60.6687,0.0000,0.0204,0.0204,0.0553,0.0000,0.0000,-0.0006,-0.0003,0.0131
0.0277,2.0182,2.0000,-0.0177,-0.0011,261.7496,-60.7009,0.0000,0.0362,0.0362,0.0478,0.0000,0.0000,-0.0006,-0.0003,0.0041
0.2000,1.7742,2.0000,-0.0221,0.0030,261.5497,-60.7149,0.0000,0.0257,0.0257,0.0460,0.0000,0.0000,0.0018,0.0007,-0.0033
0.1921,1.8786,2.0000,-0.0305,0.0030,261.3669,-60.7448,0.0000,0.0454,0.0454,0.0497,0.0000,0.0000,0.0018,0.0007,0.0034
0.0633,1.9876,2.0000,-0.0370,0.0049,261.1774,-60.7662,0.0000,0.0483,0.0483,0.0464,0.0000,0.0000,0.0029,0.0012,-0.0035
0.1731,1.8360,2.0000,-0.0454,0.0049,260.9690,-60.7867,0.0000,0.0454,0.0454,0.0399,0.0000,0.0000,0.0029,0.0012,-0.0094
0.1485,1.8915,2.0000,-0.0538,0.0049,260.8006,-60.8228,0.0000,0.0639,0.0639,0.0315,0.0000,0.0000,0.0029,0.0012,-0.0149
-0.0478,2.0765,2.0000,-0.0488,0.0181,260.6089,-60.8367,0.0000,0.0575,0.0575,0.0287,0.0000,0.0000,0.0109,0.0044,-0.0234
0.1522,1.7051,2.0000,-0.0469,0.0181,260.4218,-60.8577,0.0000,0.0535,0.0535,0.0206,0.0000,0.0000,0.0109,0.0044,-0.0297
0.1278,1.9076,2.0000,-0.0385,0.0181,260.2290,-60.8726,0.0000,0.0466,0.0466,0.0036,0.0000,0.0000,0.0109,0.0044,-0.0394
0.1569,1.8666,2.0000,-0.0301,0.0200,260.0279,-60.8808,0.0000,0.0337,0.0337,-0.0022,0.0000,0.0000,0.0121,0.0048,-0.0504
0.1200,1.9185,2.0000,-0.0217,0.0200,259.8475,-60.8953,0.0000,0.0307,0.0307,-0.0098,0.0000,0.0000,0.0121,0.0048,-0.0469
0.0382,1.9975,2.0000,-0.0301,-0.0257,259.6526,-60.8961,0.0000,0.0092,0.0092,-0.0625,0.0000,0.0000,-0.0155,-0.0062,-0.0450
0.2000,1.7943,2.0000,-0.0217,-0.0257,259.4582,-60.9039,0.0000,0.0029,0.0029,-0.0576,0.0000,0.0000,-0.0155,-0.0062,-0.0327
0.1155,1.9365,2.0000,-0.0133,-0.0257,259.2649,-60.9097,0.0000,-0.0183,-0.0183,-0.0609,0.0000,0.0000,-0.0155,-0.0062,-0.0258
0.1018,1.9294,2.0000,-0.0049,0.0074,259.0598,-60.9359,0.0000,-0.0122,-0.0122,-0.0361,0.0000,0.0000,0.0045,0.0018,-0.0167
0.1042,1.9179,2.0000,0.0035,0.0074,258.8524,-60.9258,0.0000,-0.0432,-0.0432,-0.0439,0.0000,0.0000,0.0045,0.0018,-0.0224
-0.0234,2.0477,2.0000,0.0119,0.0345,258.6738,-60.9286,0.0000,-0.0551,-0.0551,-0.0098,0.0000,0.0000,0.0208,0.0083,-0.0165
-0.0644,2.0608,2.0000,0.0202,0.0345,258.4696,-60.9424,0.0000,-0.0477,-0.0477,-0.0057,0.0000,0.0000,0.0208,0.0083,-0.0084
0.1364,1.7722,2.0000,0.0286,0.0345,258.2739,-60.9401,0.0000,-0.0561,-0.0561,-0.0018,0.0000,0.0000,0.0208,0.0083,-0.0005
0.0053,2.0285,2.0000,0.0202,0.0166,258.0801,-60.9548,0.0000,-0.0513,-0.0513,-0.0349,0.0000,0.0000,0.0100,0.0040,0.0072
0.0522,1.9406,2.0000,0.0286,0.0166,257.8857,-60.9748,0.0000,-0.0406,-0.0406,-0.0284,0.0000,0.0000,0.0100,0.0040,0.0144
0.1343,1.9273,2.0000,0.0370,0.0166,257.6957,-60.9945,0.0000,-0.0290,-0.0290,-0.0193,0.0000,0.0000,0.0100,0.0040,0.0219
0.1054,1.9389,2.0000,0.0338,0.0050,257.4997,-61.0105,0.0000,-0.0245,-0.0245,-0.0185,0.0000,0.0000,0.0030,0.0012,0.0274
0.2001,1.8957,2.0000,0.0422,0.0050,257.2968,-61.0228,0.0000,-0.0260,-0.0260,-0.0165,0.0000,0.0000,0.0030,0.0012,0.0239
0.1130,1.9500,2.0000,0.0338,-0.0063,257.1139,-61.0417,0.0000,-0.0174,-0.0174,-0.0079,0.0000,0.0000,-0.0038,-0.0015,0.0292
0.0138,2.0160,2.0000,0.0000,-0.0063,256.9121,-61.0650,0.0000,-0.0049,-0.0049,0.0014,0.0000,0.0000,-0.0038,-0.0015,0.0363
0.1999,1.8235,2.0000,0.0000,-0.0063,256.7256,-61.0739,0.0000,-0.0074,-0.0074,0.0036,0.0000,0.0000,-0.0038,-0.0015,0.0347
0.0574,2.0157,2.0000,0.0000,-0.0013,256.5217,-61.0992,0.0000,0.0037,0.0037,-0.0059,0.0000,0.0000,-0.0008,-0.0003,0.0413
0.2004,1.8513,2.0000,0.0084,-0.0013,256.2994,-61.1260,0.0000,0.0071,0.0071,-0.0100,0.0000,0.0000,-0.0008,-0.0003,0.0356
0.0109,2.0385,2.0000,0.0144,0.0025,256.1037,-61.1453,0.0000,0.0059,0.0059,-0.0075,0.0000,0.0000,0.0015,0.0006,0.0273
-0.1891,2.2196,2.0000,0.0143,0.0025,255.9073,-61.1834,0.0000,0.0179,0.0179,-0.0148,0.0000,0.0000,0.0015,0.0006,0.0148
0.0029,1.9510,2.0000,0.0222,0.0025,255.7103,-61.1997,0.0000,0.0141,0.0141,-0.0202,0.0000,0.0000,0.0015,0.0006,0.0062
0.0153,1.9828,2.0000,0.0306,0.0224,255.5239,-61.2095,0.0000,0.0220,0.0220,0.0519,0.0000,0.0000,0.0135,0.0054,0.0111
0.0393,1.9600,2.0000,0.0222,0.0224,255.3407,-61.2269,0.0000,0.0358,0.0358,0.0574,0.0000,0.0000,0.0135,0.0054,0.0172
0.2001,1.8503,2.0000,0.0138,-0.0032,255.1524,-61.2345,0.0000,0.0382,0.0382,0.0082,0.0000,0.0000,-0.0019,-0.0008,0.0176
0.2000,1.8247,2.0000,0.0054,-0.0032,254.9557,-61.2498,0.0000,0.0380,0.0380,0.0126,0.0000,0.0000,-0.0019,-0.0008,0.0236
0.1859,1.8676,2.0000,-0.0030,-0.0032,254.7913,-61.2708,0.0000,0.0498,0.0498,0.0209,0.0000,0.0000,-0.0019,-0.0008,0.0304
0.1759,1.9557,2.0000,-0.0114,-0.0188,254.5976,-61.2739,0.0000,0.0364,0.0364,-0.0067,0.0000,0.0000,-0.0113,-0.0045,0.0252
0.2000,1.6443,2.0000,-0.0184,-0.0188,254.3839,-61.3061,0.0000,0.0396,0.0396,-0.0156,0.0000,0.0000,-0.0113,-0.0045,0.0183
0.2000,1.9189,2.0000,-0.0100,0.0041,254.1961,-61.3441,0.0000,0.0511,0.0511,-0.0138,0.0000,0.0000,0.0025,0.0010,0.0112
0.0005,2.1420,2.0000,-0.0035,0.0041,253.9920,-61.3773,0.0000,0.0512,0.0512,-0.0222,0.0000,0.0000,0.0025,0.0010,0.0037
0.0935,1.8998,2.0000,0.0049,0.0041,253.8010,-61.3836,0.0000,0.0297,0.0297,-0.0329,0.0000,0.0000,0.0025,0.0010,-0.0039
-0.0490,2.0486,2.0000,0.0133,0.0112,253.6141,-61.4009,0.0000,0.0219,0.0219,-0.0176,0.0000,0.0000,0.0067,0.0027,-0.0113
0.1510,1.8971,2.0000,0.0049,0.0112,253.4201,-61.4256,0.0000,0.0299,0.0299,-0.0143,0.0000,0.0000,0.0067,0.0027,-0.0053
0.2000,1.8612,2.0000,-0.0035,0.0112,253.2407,-61.4418,0.0000,0.0322,0.0322,-0.0091,0.0000,0.0000,0.0067,0.0027,-0.0003
0.1233,1.9382,2.0000,-0.0119,0.0101,253.0440,-61.4529,0.0000,0.0321,0.0321,0.0243,0.0000,0.0000,0.0061,0.0024,0.0061
0.2000,1.7861,2.0000,-0.0203,0.0101,252.8526,-61.4762,0.0000,0.0413,0.0413,0.0274,0.0000,0.0000,0.0061,0.0024,0.0137
0.1135,1.9528,2.0000,-0.0287,0.0018,252.6586,-61.5016,0.0000,0.0522,0.0522,-0.0061,0.0000,0.0000,0.0011,0.0004,0.0127
0.1136,1.9118,2.0000,-0.0203,0.0018,252.4620,-61.5291,0.0000,0.0523,0.0523,-0.0160,0.0000,0.0000,0.0011,0.0004,0.0053
0.0914,1.9403,2.0000,-0.0120,0.0018,252.2758,-61.5470,0.0000,0.0439,0.0439,-0.0260,0.0000,0.0000,0.0011,0.0004,-0.0045
0.0601,1.9666,2.0000,-0.0036,0.0022,252.0801,-61.5578,0.0000,0.0251,0.0251,-0.0433,0.0000,0.0000,0.0013,0.0005,-0.0126
0.1558,1.8544,2.0000,0.0048,0.0022,251.9047,-61.5568,0.0000,0.0043,0.0043,-0.0478,0.0000,0.0000,0.0013,0.0005,-0.0182
0.1046,1.9443,2.0000,0.0114,0.0003,251.7193,-61.5610,0.0000,-0.0155,-0.0155,-0.0314,0.0000,0.0000,0.0002,0.0001,-0.0172
0.2000,1.7400,2.0000,0.0197,0.0003,251.5260,-61.5814,0.0000,-0.0072,-0.0072,-0.0251,0.0000,0.0000,0.0002,0.0001,-0.0072
0.2001,1.8384,2.0000,0.0279,0.0003,251.3491,-61.6106,0.0000,0.0063,0.0063,-0.0218,0.0000,0.0000,0.0002,0.0001,-0.0011
0.1311,1.9272,2.0000,0.0242,0.0050,251.1591,-61.6232,0.0000,0.0058,0.0058,-0.0070,0.0000,0.0000,0.0030,0.0012,0.0085
0.2000,1.7783,2.0000,0.0158,0.0050,250.9673,-61.6465,0.0000,0.0175,0.0175,-0.0011,0.0000,0.0000,0.0030,0.0012,0.0148
0.1748,1.8876,2.0000,0.0074,0.0050,250.7751,-61.6668,0.0000,0.0282,0.0282,0.0083,0.0000,0.0000,0.0030,0.0012,0.0216
0.1278,1.9167,2.0000,0.0045,0.0105,250.5856,-61.6790,0.0000,0.0313,0.0313,0.0232,0.0000,0.0000,0.0063,0.0025,0.0286
0.1192,1.9172,2.0000,-0.0039,0.0105,250.3941,-61.6894,0.0000,0.0285,0.0285,0.0244,0.0000,0.0000,0.0063,0.0025,0.0270
0.2001,1.8819,2.0000,-0.0123,0.0105,250.2144,-61.7055,0.0000,0.0285,0.0285,0.0210,0.0000,0.0000,0.0063,0.0025,0.0225
0.1491,1.9018,2.0000,-0.0207,-0.0137,250.0283,-61.7245,0.0000,0.0214,0.0214,-0.0357,0.0000,0.0000,-0.0083,-0.0033,0.0137
0.2000,1.7889,2.0000,-0.0123,-0.0137,249.8232,-61.7425,0.0000,0.0125,0.0125,-0.0397,0.0000,0.0000,-0.0083,-0.0033,0.0106
0.2000,1.8541,2.0000,-0.0039,-0.0128,249.6264,-61.7584,0.0000,0.0001,0.0001,-0.0392,0.0000,0.0000,-0.0077,-0.0031,0.0033
0.0087,2.0413,2.0000,0.0045,-0.0128,249.4402,-61.7854,0.0000,-0.0075,-0.0075,-0.0484,0.0000,0.0000,-0.0077,-0.0031,-0.0029
0.0358,1.9579,2.0000,0.0129,-0.0128,249.2523,-61.7905,0.0000,-0.0278,-0.0278,-0.0547,0.0000,0.0000,-0.0077,-0.0031,-0.0105
0.1841,1.8634,2.0000,0.0213,-0.0011,249.0851,-61.8159,0.0000,-0.0191,-0.0191,-0.0251,0.0000,0.0000,-0.0007,-0.0003,-0.0082
0.1992,1.8649,2.0000,0.0297,-0.0011,248.8817,-61.8261,0.0000,-0.0228,-0.0228,-0.0172,0.0000,0.0000,-0.0007,-0.0003,-0.0005
0.1999,1.6752,2.0000,0.0261,-0.0011,248.6936,-61.8456,0.0000,-0.0185,-0.0185,-0.0148,0.0000,0.0000,-0.0007,-0.0003,0.0048
0.2000,2.0191,2.0200,0.0239,-0.0013,248.5084,-61.8657,0.0000,-0.0147,-0.0147,-0.0171,0.0000,0.0000,-0.0008,-0.0003,0.0145
0.1999,1.8750,2.0400,0.0174,-0.0013,248.3308,-61.8796,0.0000,-0.0113,-0.0113,-0.0086,0.0000,0.0000,-0.0008,-0.0003,0.0196
0.1999,1.8475,2.0600,0.0155,-0.0020,248.1383,-61.8868,0.0000,-0.0202,-0.0202,-0.0092,0.0000,0.0000,-0.0012,-0.0005,0.0268
0.1999,1.7665,2.0787,0.0000,-0.0020,247.9651,-61.9192,0.0000,-0.0061,-0.0061,-0.0079,0.0000,0.0000,-0.0012,-0.0005,0.0289
0.2000,1.9090,2.0956,0.0000,-0.0020,247.7615,-61.9549,0.0000,0.0077,0.0077,-0.0049,0.0000,0.0000,-0.0012,-0.0005,0.0272
0.2000,2.0504,2.1108,-0.0033,0.0031,247.5865,-61.9755,0.0000,0.0132,0.0132,0.0181,0.0000,0.0000,0.0018,0.0007,0.0227
0.2000,2.0504,2.1244,-0.0117,0.0031,247.3988,-61.9771,0.0000,-0.0039,-0.0039,0.0158,0.0000,0.0000,0.0018,0.0007,0.0200
0.2000,2.0504,2.1444,0.0000,-0.0000,247.2139,-61.9913,0.0000,-0.0089,-0.0089,0.0081,0.0000,0.0000,-0.0000,-0.0000,0.0145
0.2000,1.8614,2.1644,0.0002,-0.0000,247.0232,-62.0097,0.0000,-0.0117,-0.0117,0.0027,0.0000,0.0000,-0.0000,-0.0000,0.0061
0.2000,1.9002,2.1844,0.0025,-0.0000,246.8295,-62.0336,0.0000,-0.0102,-0.0102,-0.0015,0.0000,0.0000,-0.0000,-0.0000,0.0050
0.2000,1.9002,2.2044,0.0022,-0.0043,246.6396,-62.0705,0.0000,0.0065,0.0065,-0.0103,0.0000,0.0000,-0.0026,-0.0010,0.0021
0.2000,1.9341,2.2244,0.0047,-0.0043,246.4522,-62.0865,0.0000,0.0028,0.0028,-0.0116,0.0000,0.0000,-0.0026,-0.0010,-0.0015
0.2000,1.9183,2.2437,0.0000,-0.0043,246.2676,-62.1079,0.0000,0.0062,0.0062,-0.0086,0.0000,0.0000,-0.0026,-0.0010,0.0059
0.2000,1.8649,2.2609,0.0041,0.0025,246.0770,-62.1151,0.0000,-0.0027,-0.0027,0.0006,0.0000,0.0000,0.0015,0.0006,0.0070
0.1999,1.8417,2.2765,0.0044,0.0025,245.8902,-62.1302,0.0000,-0.0069,-0.0069,-0.0006,0.0000,0.0000,0.0015,0.0006,0.0079
0.2000,1.8909,2.2905,0.0000,-0.0007,245.6987,-62.1553,0.0000,0.0017,0.0017,0.0040,0.0000,0.0000,-0.0004,-0.0002,0.0096
0.2000,1.8580,2.3031,0.0000,-0.0007,245.5067,-62.1753,0.0000,0.0042,0.0042,0.0041,0.0000,0.0000,-0.0004,-0.0002,0.0079
0.2000,1.9157,2.3144,0.0000,-0.0007,245.3281,-62.1927,0.0000,0.0036,0.0036,0.0027,0.0000,0.0000,-0.0004,-0.0002,0.0071
0.2000,1.9137,2.3247,0.0000,-0.0056,245.1305,-62.2019,0.0000,-0.0027,-0.0027,0.0088,0.0000,0.0000,-0.0034,-0.0014,0.0100
0.2000,1.7793,2.3338,0.0000,-0.0056,244.9472,-62.2296,0.0000,0.0053,0.0053,0.0052,0.0000,0.0000,-0.0034,-0.0014,0.0078
0.2000,1.9603,2.3421,0.0000,-0.0050,244.7586,-62.2424,0.0000,0.0020,0.0020,-0.0065,0.0000,0.0000,-0.0030,-0.0012,0.0063
0.2000,1.8374,2.3496,-0.0001,-0.0050,244.5691,-62.2728,0.0000,0.0118,0.0118,-0.0082,0.0000,0.0000,-0.0030,-0.0012,0.0062
0.2000,1.8747,2.3563,0.0000,-0.0050,244.3715,-62.2869,0.0000,0.0058,0.0058,-0.0075,0.0000,0.0000,-0.0030,-0.0012,0.0062
0.2000,1.9018,2.3623,-0.0008,-0.0102,244.1741,-62.3055,0.0000,0.0036,0.0036,-0.0129,0.0000,0.0000,-0.0061,-0.0025,0.0062
0.2000,1.9643,2.3677,0.0015,-0.0102,243.9865,-62.3257,0.0000,0.0011,0.0011,-0.0144,0.0000,0.0000,-0.0061,-0.0025,0.0062
0.1999,1.9663,2.3726,0.0022,-0.0102,243.8033,-62.3437,0.0000,-0.0008,-0.0008,-0.0141,0.0000,0.0000,-0.0061,-0.0025,0.0061
0.1999,1.8704,2.3770,0.0000,-0.0121,243.6099,-62.3615,0.0000,-0.0018,-0.0018,-0.0034,0.0000,0.0000,-0.0073,-0.0029,0.0061
0.2000,1.8255,2.3809,0.0000,-0.0121,243.4226,-62.3862,0.0000,0.0022,0.0022,-0.0057,0.0000,0.0000,-0.0073,-0.0029,0.0057
0.1999,1.9252,2.3845,0.0000,-0.0108,243.2253,-62.3960,0.0000,-0.0057,-0.0057,0.0000,0.0000,0.0000,-0.0065,-0.0026,0.0069
0.1999,1.8725,2.3877,0.0000,-0.0108,243.0368,-62.4215,0.0000,0.0002,0.0002,-0.0013,0.0000,0.0000,-0.0065,-0.0026,0.0079
0.2000,1.9583,2.3906,0.0000,-0.0108,242.8444,-62.4389,0.0000,0.0002,0.0002,-0.0001,0.0000,0.0000,-0.0065,-0.0026,0.0074
0.1999,1.8861,2.3932,0.0000,-0.0057,242.6492,-62.4622,0.0000,0.0030,0.0030,0.0008,0.0000,0.0000,-0.0035,-0.0014,0.0062
0.2000,1.9146,2.3955,0.0000,-0.0057,242.4589,-62.4753,0.0000,-0.0005,-0.0005,0.0019,0.0000,0.0000,-0.0035,-0.0014,0.0061
0.2001,1.9494,2.3827,0.0000,-0.0060,242.2668,-62.4997,0.0000,0.0043,0.0043,-0.0094,0.0000,0.0000,-0.0036,-0.0014,0.0061
0.2000,1.8909,2.3861,0.0010,-0.0060,242.0808,-62.5225,0.0000,0.0080,0.0080,-0.0101,0.0000,0.0000,-0.0036,-0.0014,0.0061
0.2000,1.9193,2.3742,0.0000,-0.0060,241.8899,-62.5402,0.0000,0.0072,0.0072,-0.0088,0.0000,0.0000,-0.0036,-0.0014,0.0061
0.2000,1.8582,2.3635,-0.0028,-0.0045,241.7121,-62.5634,0.0000,0.0109,0.0109,-0.0010,0.0000,0.0000,-0.0027,-0.0011,0.0061
0.2000,1.9006,2.3539,-0.0053,-0.0045,241.5156,-62.5815,0.0000,0.0114,0.0114,-0.0004,0.0000,0.0000,-0.0027,-0.0011,0.0061
0.2000,1.7780,2.3602,0.0000,-0.0045,241.3172,-62.5963,0.0000,0.0075,0.0075,-0.0009,0.0000,0.0000,-0.0027,-0.0011,0.0068
0.2000,1.9565,2.3509,-0.0024,0.0016,241.1305,-62.6234,0.0000,0.0177,0.0177,0.0118,0.0000,0.0000,0.0009,0.0004,0.0064
0.2000,1.9718,2.3425,-0.0081,0.0016,240.9333,-62.6327,0.0000,0.0110,0.0110,0.0105,0.0000,0.0000,0.0009,0.0004,0.0047
0.2000,1.8701,2.3350,-0.0014,0.0004,240.7360,-62.6423,0.0000,0.0029,0.0029,-0.0065,0.0000,0.0000,0.0002,0.0001,0.0022
0.2000,1.9581,2.3283,0.0023,0.0004,240.5430,-62.6594,0.0000,0.0025,0.0025,-0.0051,0.0000,0.0000,0.0002,0.0001,0.0046
0.2000,1.9587,2.3222,0.0053,0.0004,240.3644,-62.6859,0.0000,0.0084,0.0084,-0.0094,0.0000,0.0000,0.0002,0.0001,0.0044
0.1386,1.9203,2.2900,0.0083,0.0060,240.1741,-62.7011,0.0000,0.0071,0.0071,-0.0035,0.0000,0.0000,0.0036,0.0014,0.0002
0.0000,1.7896,2.2877,0.0000,0.0060,239.9699,-62.7120,0.0000,0.0014,0.0014,-0.0021,0.0000,0.0000,0.0036,0.0014,0.0031
0.1999,1.8927,2.2857,0.0032,0.0060,239.7782,-62.7244,0.0000,-0.0007,-0.0007,0.0013,0.0000,0.0000,0.0036,0.0014,0.0074
0.0667,2.0271,2.2571,-0.0022,0.0089,239.5843,-62.7393,0.0000,0.0037,0.0037,0.0201,0.0000,0.0000,0.0054,0.0021,0.0109
0.1999,1.9049,2.2314,-0.0106,0.0089,239.3985,-62.7547,0.0000,0.0046,0.0046,0.0201,0.0000,0.0000,0.0054,0.0021,0.0136
0.2002,1.9276,2.2083,-0.0190,0.0057,239.1994,-62.7682,0.0000,0.0031,0.0031,0.0169,0.0000,0.0000,0.0034,0.0014,0.0073
0.1999,1.8484,2.1874,-0.0227,0.0057,239.0073,-62.7847,0.0000,0.0045,0.0045,0.0163,0.0000,0.0000,0.0034,0.0014,0.0092
0.0933,1.9779,2.1687,-0.0152,0.0057,238.8181,-62.8129,0.0000,0.0167,0.0167,0.0114,0.0000,0.0000,0.0034,0.0014,0.0044
0.1947,1.9128,2.1518,-0.0102,0.0023,238.6229,-62.8275,0.0000,0.0104,0.0104,-0.0046,0.0000,0.0000,0.0014,0.0005,-0.0008
0.1996,1.8957,2.1366,-0.0018,0.0023,238.4401,-62.8412,0.0000,0.0021,0.0021,-0.0154,0.0000,0.0000,0.0014,0.0005,-0.0104
0.1344,1.9408,2.1230,-0.0016,-0.0059,238.2513,-62.8465,0.0000,-0.0119,-0.0119,-0.0297,0.0000,0.0000,-0.0036,-0.0014,-0.0147
0.2000,1.8178,2.1107,0.0068,-0.0059,238.0490,-62.8460,0.0000,-0.0285,-0.0285,-0.0276,0.0000,0.0000,-0.0036,-0.0014,-0.0077
0.1997,1.8734,2.0996,0.0152,-0.0059,237.8482,-62.8633,0.0000,-0.0282,-0.0282,-0.0247,0.0000,0.0000,-0.0036,-0.0014,-0.0018
0.0753,2.0059,2.0896,0.0213,-0.0081,237.6495,-62.8858,0.0000,-0.0236,-0.0236,-0.0165,0.0000,0.0000,-0.0049,-0.0019,0.0049
0.1351,1.9987,2.0807,0.0295,-0.0081,237.4544,-62.8924,0.0000,-0.0317,-0.0317,-0.0153,0.0000,0.0000,-0.0049,-0.0019,0.0051
0.0804,1.9821,2.0726,0.0286,-0.0091,237.2630,-62.9011,0.0000,-0.0331,-0.0331,-0.0080,0.0000,0.0000,-0.0055,-0.0022,0.0131
0.0920,1.9346,2.0654,0.0202,-0.0091,237.0637,-62.9157,0.0000,-0.0282,-0.0282,0.0007,0.0000,0.0000,-0.0055,-0.0022,0.0210
0.1262,1.9001,2.0588,0.0118,-0.0091,236.8700,-62.9386,0.0000,-0.0160,-0.0160,0.0075,0.0000,0.0000,-0.0055,-0.0022,0.0261
0.0687,1.9816,2.0529,0.0000,-0.0139,236.6804,-62.9562,0.0000,-0.0090,-0.0090,0.0046,0.0000,0.0000,-0.0084,-0.0033,0.0320
0.0895,1.9341,2.0476,0.0000,-0.0139,236.4850,-62.9811,0.0000,0.0002,0.0002,0.0064,0.0000,0.0000,-0.0084,-0.0033,0.0301
0.2003,1.8887,2.0429,0.0000,-0.0139,236.2873,-63.0049,0.0000,0.0052,0.0052,0.0039,0.0000,0.0000,-0.0084,-0.0033,0.0236
0.2005,1.9538,2.0386,-0.0084,-0.0154,236.0848,-63.0324,0.0000,0.0110,0.0110,-0.0061,0.0000,0.0000,-0.0093,-0.0037,0.0164
0.1684,1.9743,2.0347,0.0000,-0.0154,235.8855,-63.0509,0.0000,0.0074,0.0074,-0.0108,0.0000,0.0000,-0.0093,-0.0037,0.0074
0.0704,2.0263,2.0313,0.0000,-0.0142,235.6753,-63.0699,0.0000,0.0059,0.0059,-0.0036,0.0000,0.0000,-0.0086,-0.0034,0.0062
0.1020,1.9850,2.0281,-0.0084,-0.0142,235.4794,-63.0957,0.0000,0.0109,0.0109,-0.0067,0.0000,0.0000,-0.0086,-0.0034,0.0058
-0.0948,2.0920,2.0253,-0.0141,-0.0116,235.2786,-63.1195,0.0000,0.0127,0.0127,-0.0046,0.0000,0.0000,-0.0070,-0.0028,-0.0010
0.0659,1.9591,2.0228,-0.0225,-0.0116,235.0831,-63.1398,0.0000,0.0205,0.0205,0.0010,0.0000,0.0000,-0.0070,-0.0028,0.0057
0.0517,2.0044,2.0205,-0.0309,-0.0116,234.8853,-63.1635,0.0000,0.0238,0.0238,-0.0026,0.0000,0.0000,-0.0070,-0.0028,0.0060
0.0667,1.9487,2.0185,-0.0225,-0.0098,234.6967,-63.1723,0.0000,0.0143,0.0143,-0.0076,0.0000,0.0000,-0.0059,-0.0024,-0.0004
0.0489,1.9740,2.0166,-0.0141,-0.0098,234.5043,-63.1932,0.0000,0.0110,0.0110,-0.0173,0.0000,0.0000,-0.0059,-0.0024,-0.0065
0.1369,1.8727,2.0150,-0.0057,-0.0098,234.2954,-63.2158,0.0000,0.0087,0.0087,-0.0281,0.0000,0.0000,-0.0059,-0.0024,-0.0140
0.1349,1.9183,2.0135,0.0027,-0.0058,234.0910,-63.2266,0.0000,-0.0025,-0.0025,-0.0264,0.0000,0.0000,-0.0035,-0.0014,-0.0220
-0.0601,2.0818,2.0121,0.0111,-0.0058,233.9038,-63.2393,0.0000,-0.0070,-0.0070,-0.0270,0.0000,0.0000,-0.0035,-0.0014,-0.0164
-0.0668,2.0292,2.0109,0.0195,-0.0047,233.7052,-63.2417,0.0000,-0.0154,-0.0154,-0.0117,0.0000,0.0000,-0.0029,-0.0011,-0.0085
0.1344,1.8607,2.0098,0.0279,-0.0047,233.5115,-63.2535,0.0000,-0.0121,-0.0121,-0.0064,0.0000,0.0000,-0.0029,-0.0011,-0.0003
0.0677,1.9693,2.0088,0.0000,-0.0047,233.3185,-63.2658,0.0000,-0.0080,-0.0080,0.0000,0.0000,0.0000,-0.0029,-0.0011,0.0074
0.1819,1.9232,2.0079,0.0000,-0.0052,233.1228,-63.2867,0.0000,0.0045,0.0045,0.0072,0.0000,0.0000,-0.0031,-0.0012,0.0128
0.1441,1.9184,2.0072,-0.0084,-0.0052,232.9295,-63.3005,0.0000,0.0144,0.0144,0.0178,0.0000,0.0000,-0.0031,-0.0012,0.0221
0.0866,1.9521,2.0064,-0.0129,-0.0013,232.7319,-63.3186,0.0000,0.0250,0.0250,0.0242,0.0000,0.0000,-0.0008,-0.0003,0.0291
0.1856,1.9213,2.0058,-0.0213,-0.0013,232.5231,-63.3408,0.0000,0.0311,0.0311,0.0186,0.0000,0.0000,-0.0008,-0.0003,0.0223
0.1558,1.9674,2.0052,-0.0294,-0.0013,232.3215,-63.3578,0.0000,0.0320,0.0320,0.0106,0.0000,0.0000,-0.0008,-0.0003,0.0101
-0.0436,2.0820,2.0047,-0.0378,-0.0117,232.1255,-63.3729,0.0000,0.0292,0.0292,-0.0011,0.0000,0.0000,-0.0070,-0.0028,-0.0006
-0.0189,2.0053,2.0042,-0.0294,-0.0117,231.9272,-63.3878,0.0000,0.0255,0.0255,-0.0091,0.0000,0.0000,-0.0070,-0.0028,-0.0062
0.0373,1.9493,2.0038,-0.0210,-0.0091,231.7241,-63.3965,0.0000,0.0140,0.0140,-0.0143,0.0000,0.0000,-0.0055,-0.0022,-0.0134
0.0403,1.9716,2.0034,-0.0126,-0.0091,231.5179,-63.4026,0.0000,-0.0013,-0.0013,-0.0264,0.0000,0.0000,-0.0055,-0.0022,-0.0213
0.0010,2.0161,2.0031,-0.0042,-0.0023,231.3238,-63.4093,0.0000,-0.0140,-0.0140,-0.0354,0.0000,0.0000,-0.0014,-0.0006,-0.0289
-0.0405,2.0457,2.0028,0.0042,-0.0023,231.1297,-63.4121,0.0000,-0.0260,-0.0260,-0.0374,0.0000,0.0000,-0.0014,-0.0006,-0.0237
0.0625,1.9260,2.0025,0.0126,-0.0023,230.9291,-63.4230,0.0000,-0.0238,-0.0238,-0.0340,0.0000,0.0000,-0.0014,-0.0006,-0.0157
0.1419,1.9258,2.0022,0.0210,0.0001,230.7354,-63.4333,0.0000,-0.0230,-0.0230,-0.0346,0.0000,0.0000,0.0000,0.0000,-0.0077
0.0500,1.9920,2.0020,0.0294,0.0001,230.5500,-63.4504,0.0000,-0.0159,-0.0159,-0.0299,0.0000,0.0000,0.0000,0.0000,0.0002
0.1586,1.9227,2.0018,0.0378,0.0001,230.3618,-63.4566,0.0000,-0.0148,-0.0148,-0.0223,0.0000,0.0000,0.0000,0.0000,0.0078
0.2001,1.8456,2.0016,0.0294,-0.0124,230.1596,-63.4687,0.0000,-0.0098,-0.0098,-0.0147,0.0000,0.0000,-0.0075,-0.0030,0.0152
0.1773,1.8677,2.0015,0.0000,-0.0124,229.9628,-63.4843,0.0000,-0.0004,-0.0004,-0.0066,0.0000,0.0000,-0.0075,-0.0030,0.0226
0.0392,2.0088,2.0013,-0.0048,-0.0089,229.7724,-63.4991,0.0000,0.0104,0.0104,0.0117,0.0000,0.0000,-0.0053,-0.0021,0.0282
0.0542,1.9576,2.0012,-0.0132,-0.0089,229.5655,-63.5047,0.0000,0.0121,0.0121,0.0202,0.0000,0.0000,-0.0053,-0.0021,0.0350
0.1513,1.8945,2.0011,-0.0215,-0.0089,229.3702,-63.5187,0.0000,0.0177,0.0177,0.0211,0.0000,0.0000,-0.0053,-0.0021,0.0328
-0.0144,2.0516,2.0010,-0.0299,-0.0201,229.1747,-63.5290,0.0000,0.0191,0.0191,0.0230,0.0000,0.0000,-0.0121,-0.0048,0.0276
0.0881,1.9422,2.0009,-0.0383,-0.0201,228.9809,-63.5365,0.0000,0.0106,0.0106,0.0119,0.0000,0.0000,-0.0121,-0.0048,0.0130
0.0835,1.9404,2.0008,0.0000,-0.0116,228.7853,-63.5462,0.0000,0.0022,0.0022,-0.0095,0.0000,0.0000,-0.0070,-0.0028,0.0014
0.1533,1.9233,2.0007,0.0083,-0.0116,228.5875,-63.5554,0.0000,-0.0092,-0.0092,-0.0230,0.0000,0.0000,-0.0070,-0.0028,-0.0108
0.0974,1.9424,2.0006,0.0167,-0.0116,228.3882,-63.5595,0.0000,-0.0264,-0.0264,-0.0358,0.0000,0.0000,-0.0070,-0.0028,-0.0191
0.0872,1.9627,2.0006,0.0251,0.0002,228.1862,-63.5719,0.0000,-0.0299,-0.0299,-0.0236,0.0000,0.0000,0.0001,0.0000,-0.0273
0.0680,1.9778,2.0005,0.0335,0.0002,227.9953,-63.5783,0.0000,-0.0335,-0.0335,-0.0276,0.0000,0.0000,0.0001,0.0000,-0.0290
0.0185,2.0062,2.0005,0.0314,-0.0102,227.8055,-63.5830,0.0000,-0.0310,-0.0310,-0.0197,0.0000,0.0000,-0.0061,-0.0024,-0.0146
0.1228,1.8933,2.0004,0.0271,-0.0102,227.6206,-63.5879,0.0000,-0.0243,-0.0243,-0.0076,0.0000,0.0000,-0.0061,-0.0024,-0.0001
0.1416,1.8819,2.0004,0.0187,-0.0102,227.4324,-63.6009,0.0000,-0.0117,-0.0117,0.0022,0.0000,0.0000,-0.0061,-0.0024,0.0113
0.1898,1.8346,2.0003,0.0000,-0.0208,227.2436,-63.6146,0.0000,0.0023,0.0023,-0.0021,0.0000,0.0000,-0.0125,-0.0050,0.0217
0.1741,1.8710,2.0003,0.0000,-0.0208,227.0479,-63.6244,0.0000,0.0091,0.0091,0.0086,0.0000,0.0000,-0.0125,-0.0050,0.0325
0.1646,1.8777,2.0003,0.0000,-0.0208,226.8520,-63.6309,0.0000,0.0073,0.0073,0.0092,0.0000,0.0000,-0.0125,-0.0050,0.0291
0.1189,1.9430,2.0002,0.0000,-0.0187,226.6579,-63.6363,0.0000,0.0003,0.0003,-0.0037,0.0000,0.0000,-0.0113,-0.0045,0.0236
0.1621,1.9433,2.0002,0.0000,-0.0187,226.4618,-63.6452,0.0000,-0.0041,-0.0041,-0.0074,0.0000,0.0000,-0.0113,-0.0045,0.0161
0.1169,1.9253,2.0002,0.0084,-0.0017,226.2825,-63.6680,0.0000,0.0067,0.0067,0.0189,0.0000,0.0000,-0.0010,-0.0004,0.0054
0.0853,1.9463,2.0002,0.0000,-0.0017,226.0957,-63.6773,0.0000,0.0105,0.0105,0.0183,0.0000,0.0000,-0.0010,-0.0004,0.0045
0.2000,1.7929,2.0002,-0.0084,-0.0017,225.9006,-63.6870,0.0000,0.0127,0.0127,0.0175,0.0000,0.0000,-0.0010,-0.0004,0.0044
0.1999,1.8536,2.0001,-0.0168,-0.0025,225.7207,-63.6989,0.0000,0.0217,0.0217,0.0196,0.0000,0.0000,-0.0015,-0.0006,0.0044
0.1155,1.9375,2.0001,-0.0251,-0.0025,225.5313,-63.7030,0.0000,0.0223,0.0223,0.0223,0.0000,0.0000,-0.0015,-0.0006,0.0092
0.2000,1.7862,2.0001,-0.0335,-0.0025,225.3546,-63.7258,0.0000,0.0359,0.0359,0.0185,0.0000,0.0000,-0.0015,-0.0006,0.0069
0.1737,1.8791,2.0001,-0.0352,0.0042,225.1786,-63.7308,0.0000,0.0350,0.0350,0.0417,0.0000,0.0000,0.0025,0.0010,-0.0004
0.2000,1.7657,2.0001,-0.0436,0.0042,224.9925,-63.7331,0.0000,0.0296,0.0296,0.0334,0.0000,0.0000,0.0025,0.0010,-0.0083
0.1999,1.7463,2.0001,-0.0372,0.0042,224.8144,-63.7318,0.0000,0.0214,0.0214,0.0237,0.0000,0.0000,0.0025,0.0010,-0.0150
0.1949,1.8450,2.0001,-0.0456,-0.0131,224.6287,-63.7369,0.0000,0.0161,0.0161,-0.0172,0.0000,0.0000,-0.0079,-0.0032,-0.0239
0.2000,1.7682,2.0015,-0.0372,-0.0131,224.4465,-63.7459,0.0000,0.0131,0.0131,-0.0261,0.0000,0.0000,-0.0079,-0.0032,-0.0282
0.1999,1.8083,2.0013,-0.0288,-0.0131,224.2672,-63.7495,0.0000,0.0041,0.0041,-0.0352,0.0000,0.0000,-0.0079,-0.0032,-0.0320
0.2000,1.8083,2.0012,-0.0204,-0.0078,224.0811,-63.7424,0.0000,-0.0167,-0.0167,-0.0502,0.0000,0.0000,-0.0047,-0.0019,-0.0337
0.2000,1.7778,2.0011,-0.0121,-0.0078,223.8857,-63.7567,0.0000,-0.0150,-0.0150,-0.0578,0.0000,0.0000,-0.0047,-0.0019,-0.0358
0.2000,1.8482,2.0010,-0.0037,0.0107,223.7040,-63.7588,0.0000,-0.0234,-0.0234,-0.0381,0.0000,0.0000,0.0065,0.0026,-0.0331
0.1116,1.9407,2.0009,0.0047,0.0107,223.5173,-63.7603,0.0000,-0.0270,-0.0270,-0.0383,0.0000,0.0000,0.0065,0.0026,-0.0259
0.2000,1.8021,2.0008,0.0131,0.0107,223.3260,-63.7547,0.0000,-0.0324,-0.0324,-0.0354,0.0000,0.0000,0.0065,0.0026,-0.0180
0.1999,1.8505,2.0007,0.0215,0.0176,223.1400,-63.7537,0.0000,-0.0334,-0.0334,-0.0219,0.0000,0.0000,0.0106,0.0042,-0.0120
0.1993,1.8976,2.0006,0.0299,0.0176,222.9472,-63.7606,0.0000,-0.0236,-0.0236,-0.0158,0.0000,0.0000,0.0106,0.0042,-0.0028
0.2000,1.8439,2.0006,0.0224,0.0017,222.7590,-63.7592,0.0000,-0.0217,-0.0217,-0.0260,0.0000,0.0000,0.0010,0.0004,0.0039
0.1815,1.9135,2.0005,0.0308,0.0017,222.5714,-63.7659,0.0000,-0.0135,-0.0135,-0.0186,0.0000,0.0000,0.0010,0.0004,0.0097
0.2008,1.8663,2.0005,0.0374,0.0017,222.3897,-63.7655,0.0000,-0.0105,-0.0105,-0.0101,0.0000,0.0000,0.0010,0.0004,0.0188
0.2002,1.8621,2.0004,0.0359,0.0073,222.2073,-63.7760,0.0000,0.0023,0.0023,-0.0113,0.0000,0.0000,0.0044,0.0018,0.0259
0.2000,1.8013,2.0004,0.0275,0.0073,222.0102,-63.7819,0.0000,0.0071,0.0071,-0.0075,0.0000,0.0000,0.0044,0.0018,0.0279
0.2000,1.8131,2.0003,0.0191,0.0073,221.8225,-63.7845,0.0000,0.0101,0.0101,-0.0018,0.0000,0.0000,0.0044,0.0018,0.0278
0.1009,1.9550,2.0003,0.0175,0.0142,221.6413,-63.7962,0.0000,0.0252,0.0252,0.0112,0.0000,0.0000,0.0085,0.0034,0.0349
0.1982,1.8623,2.0003,0.0091,0.0142,221.4550,-63.8063,0.0000,0.0344,0.0344,0.0150,0.0000,0.0000,0.0085,0.0034,0.0373
0.2000,1.8016,2.0002,0.0007,0.0142,221.2728,-63.8155,0.0000,0.0408,0.0408,0.0154,0.0000,0.0000,0.0085,0.0034,0.0338
0.2000,1.8506,2.0002,0.0025,0.0243,221.0873,-63.8290,0.0000,0.0537,0.0537,0.0288,0.0000,0.0000,0.0146,0.0059,0.0268
0.2000,1.8092,2.0002,-0.0059,0.0243,220.9143,-63.8431,0.0000,0.0660,0.0660,0.0273,0.0000,0.0000,0.0146,0.0059,0.0212
0.2000,1.8446,2.0002,-0.0087,0.0299,220.7409,-63.8605,0.0000,0.0821,0.0821,0.0380,0.0000,0.0000,0.0180,0.0072,0.0179
0.2000,1.7217,2.0002,-0.0171,0.0299,220.5592,-63.8797,0.0000,0.0992,0.0992,0.0350,0.0000,0.0000,0.0180,0.0072,0.0108
0.2000,1.7278,2.0001,-0.0255,0.0299,220.3816,-63.8904,0.0000,0.1091,0.1091,0.0325,0.0000,0.0000,0.0180,0.0072,0.0074
0.2000,1.8126,2.0001,-0.0339,0.0192,220.1989,-63.8898,0.0000,0.1069,0.1069,0.0100,0.0000,0.0000,0.0115,0.0046,0.0047
0.1999,1.7633,2.0001,-0.0300,0.0192,220.0224,-63.9048,0.0000,0.1150,0.1150,0.0041,0.0000,0.0000,0.0115,0.0046,-0.0012
0.2000,1.8125,2.0001,-0.0287,0.0192,219.8432,-63.9261,0.0000,0.1265,0.1265,-0.0049,0.0000,0.0000,0.0115,0.0046,-0.0052
0.2000,1.7545,2.0001,-0.0277,0.0117,219.6582,-63.9291,0.0000,0.1195,0.1195,-0.0343,0.0000,0.0000,0.0071,0.0028,-0.0137
0.2000,1.7870,2.0001,-0.0193,0.0117,219.4738,-63.9367,0.0000,0.1115,0.1115,-0.0460,0.0000,0.0000,0.0071,0.0028,-0.0220
0.1999,1.8347,2.0001,-0.0109,0.0117,219.3052,-63.9361,0.0000,0.0979,0.0979,-0.0532,0.0000,0.0000,0.0071,0.0028,-0.0240
0.2000,1.8287,2.0001,-0.0025,0.0188,219.1143,-63.9349,0.0000,0.0847,0.0847,-0.0632,0.0000,0.0000,0.0113,0.0045,-0.0222
0.2000,1.6716,2.0001,0.0059,0.0188,218.9304,-63.9294,0.0000,0.0715,0.0715,-0.0676,0.0000,0.0000,0.0113,0.0045,-0.0211
0.1689,1.8928,2.0001,0.0143,0.0306,218.7392,-63.9370,0.0000,0.0639,0.0639,-0.0463,0.0000,0.0000,0.0185,0.0074,-0.0185
0.2000,1.8253,2.0001,0.0227,0.0306,218.5533,-63.9356,0.0000,0.0621,0.0621,-0.0417,0.0000,0.0000,0.0185,0.0074,-0.0098
0.1558,1.8963,2.0000,0.0311,0.0306,218.3700,-63.9201,0.0000,0.0443,0.0443,-0.0374,0.0000,0.0000,0.0185,0.0074,-0.0039
0.1953,1.8431,2.0000,0.0395,0.0314,218.2003,-63.9221,0.0000,0.0480,0.0480,-0.0506,0.0000,0.0000,0.0189,0.0076,0.0084
0.2000,1.8240,2.0000,0.0479,0.0314,218.0180,-63.9278,0.0000,0.0497,0.0497,-0.0455,0.0000,0.0000,0.0189,0.0076,0.0146
0.2000,1.6832,2.0000,0.0545,0.0314,217.8267,-63.9243,0.0000,0.0461,0.0461,-0.0384,0.0000,0.0000,0.0189,0.0076,0.0222
0.2000,1.8084,2.0000,0.0597,0.0321,217.6471,-63.9306,0.0000,0.0490,0.0490,-0.0410,0.0000,0.0000,0.0193,0.0077,0.0299
0.2001,1.8973,2.0000,0.0569,0.0321,217.4599,-63.9283,0.0000,0.0408,0.0408,-0.0316,0.0000,0.0000,0.0193,0.0077,0.0358
0.2000,1.7834,2.0000,0.0485,0.0321,217.2805,-63.9372,0.0000,0.0500,0.0500,-0.0209,0.0000,0.0000,0.0193,0.0077,0.0436
0.1998,1.8557,2.0000,0.0401,0.0158,217.0959,-63.9547,0.0000,0.0624,0.0624,-0.0191,0.0000,0.0000,0.0095,0.0038,0.0521
0.2000,1.7825,2.0000,0.0317,0.0158,216.9067,-63.9713,0.0000,0.0738,0.0738,-0.0113,0.0000,0.0000,0.0095,0.0038,0.0572
0.2001,1.8418,2.0000,0.0264,0.0189,216.7201,-63.9863,0.0000,0.0812,0.0812,-0.0065,0.0000,0.0000,0.0114,0.0046,0.0545
0.1677,1.8849,2.0000,0.0180,0.0189,216.5318,-64.0031,0.0000,0.0891,0.0891,-0.0031,0.0000,0.0000,0.0114,0.0046,0.0486
0.2001,1.8575,2.0000,0.0096,0.0189,216.3464,-64.0163,0.0000,0.0914,0.0914,-0.0040,0.0000,0.0000,0.0114,0.0046,0.0397
0.1997,1.8767,2.0000,0.0019,0.0197,216.1552,-64.0377,0.0000,0.1014,0.1014,0.0016,0.0000,0.0000,0.0119,0.0048,0.0313
0.2000,1.8434,2.0000,-0.0065,0.0197,215.9719,-64.0564,0.0000,0.1109,0.1109,0.0024,0.0000,0.0000,0.0119,0.0048,0.0266
0.1500,1.9094,2.0000,-0.0149,0.0107,215.7931,-64.0968,0.0000,0.1384,0.1384,-0.0040,0.0000,0.0000,0.0064,0.0026,0.0189
0.2000,1.8277,2.0000,-0.0233,0.0107,215.6049,-64.1029,0.0000,0.1305,0.1305,-0.0086,0.0000,0.0000,0.0064,0.0026,0.0116
0.2000,1.8177,2.0000,-0.0317,0.0107,215.4080,-64.1162,0.0000,0.1290,0.1290,-0.0126,0.0000,0.0000,0.0064,0.0026,0.0055
0.1768,1.8669,2.0000,-0.0233,0.0148,215.2338,-64.1122,0.0000,0.1070,0.1070,-0.0429,0.0000,0.0000,0.0089,0.0036,-0.0019
0.0906,1.9562,2.0000,-0.0149,0.0148,215.0268,-64.1342,0.0000,0.1026,0.1026,-0.0515,0.0000,0.0000,0.0089,0.0036,-0.0095
0.2000,1.7296,2.0000,-0.0065,0.0148,214.8443,-64.1526,0.0000,0.1021,0.1021,-0.0631,0.0000,0.0000,0.0089,0.0036,-0.0175
-0.0000,2.0623,2.0000,0.0019,0.0192,214.6369,-64.1584,0.0000,0.0712,0.0712,-0.0791,0.0000,0.0000,0.0116,0.0046,-0.0252
0.1756,1.8170,2.0000,0.0103,0.0192,214.4485,-64.1504,0.0000,0.0545,0.0545,-0.0759,0.0000,0.0000,0.0116,0.0046,-0.0175
-0.0104,2.0573,2.0000,0.0019,-0.0003,214.2554,-64.1646,0.0000,0.0381,0.0381,-0.0994,0.0000,0.0000,-0.0002,-0.0001,-0.0094
0.1270,1.8700,2.0000,0.0103,-0.0003,214.0444,-64.1629,0.0000,0.0233,0.0233,-0.0941,0.0000,0.0000,-0.0002,-0.0001,-0.0013
0.1123,1.9192,2.0000,0.0187,-0.0003,213.8444,-64.1659,0.0000,0.0026,0.0026,-0.0895,0.0000,0.0000,-0.0002,-0.0001,0.0063
-0.0689,2.0923,2.0000,0.0103,-0.0176,213.6539,-64.1694,0.0000,-0.0236,-0.0236,-0.0988,0.0000,0.0000,-0.0106,-0.0042,0.0131
-0.0053,1.9827,2.0000,0.0187,-0.0176,213.4455,-64.1828,0.0000,-0.0341,-0.0341,-0.1023,0.0000,0.0000,-0.0106,-0.0042,0.0071
0.1641,1.8895,2.0000,0.0271,0.0233,213.2615,-64.1998,0.0000,-0.0318,-0.0318,-0.0673,0.0000,0.0000,0.0140,0.0056,0.0139
-0.0302,2.0695,2.0000,0.0354,0.0233,213.0737,-64.2171,0.0000,-0.0353,-0.0353,-0.0595,0.0000,0.0000,0.0140,0.0056,0.0207
0.1695,1.8343,2.0000,0.0438,0.0233,212.8785,-64.2275,0.0000,-0.0380,-0.0380,-0.0623,0.0000,0.0000,0.0140,0.0056,0.0144
0.2003,1.8701,2.0000,0.0354,-0.0111,212.6888,-64.2362,0.0000,-0.0452,-0.0452,-0.0625,0.0000,0.0000,-0.0067,-0.0027,0.0211
0.1139,1.9382,2.0000,0.0438,-0.0111,212.5012,-64.2462,0.0000,-0.0520,-0.0520,-0.0534,0.0000,0.0000,-0.0067,-0.0027,0.0272
0.1381,1.8837,2.0000,0.0522,0.0102,212.3008,-64.2459,0.0000,-0.0660,-0.0660,-0.0386,0.0000,0.0000,0.0061,0.0025,0.0346
0.1998,1.8630,2.0000,0.0606,0.0102,212.1020,-64.2690,0.0000,-0.0572,-0.0572,-0.0291,0.0000,0.0000,0.0061,0.0025,0.0422
0.1072,1.9852,2.0000,0.0690,0.0102,211.9114,-64.2944,0.0000,-0.0508,-0.0508,-0.0257,0.0000,0.0000,0.0061,0.0025,0.0355
0.0430,1.9863,2.0000,0.0774,0.0308,211.7184,-64.3159,0.0000,-0.0383,-0.0383,0.0049,0.0000,0.0000,0.0185,0.0074,0.0423
0.0947,1.9087,2.0000,0.0690,0.0308,211.5154,-64.3384,0.0000,-0.0248,-0.0248,0.0161,0.0000,0.0000,0.0185,0.0074,0.0497
0.0932,1.9276,2.0000,0.0606,0.0218,211.3205,-64.3727,0.0000,0.0028,0.0028,-0.0025,0.0000,0.0000,0.0132,0.0053,0.0572
-0.0010,2.0262,2.0000,0.0522,0.0218,211.1273,-64.3830,0.0000,0.0022,0.0022,0.0160,0.0000,0.0000,0.0132,0.0053,0.0700
0.0266,1.9680,2.0000,0.0439,0.0218,210.9257,-64.4069,0.0000,0.0114,0.0114,0.0277,0.0000,0.0000,0.0132,0.0053,0.0769
0.0857,1.9171,2.0000,0.0355,0.0100,210.7289,-64.4305,0.0000,0.0157,0.0157,0.0163,0.0000,0.0000,0.0060,0.0024,0.0700
0.0114,2.0133,2.0000,0.0271,0.0100,210.5292,-64.4556,0.0000,0.0153,0.0153,0.0162,0.0000,0.0000,0.0060,0.0024,0.0574
0.0324,1.9665,2.0000,0.0305,0.0219,210.3342,-64.4980,0.0000,0.0352,0.0352,0.0400,0.0000,0.0000,0.0132,0.0053,0.0503
0.0145,1.9960,2.0000,0.0222,0.0219,210.1394,-64.5368,0.0000,0.0540,0.0540,0.0406,0.0000,0.0000,0.0132,0.0053,0.0423
0.0212,1.9815,2.0000,0.0138,0.0219,209.9445,-64.5740,0.0000,0.0685,0.0685,0.0395,0.0000,0.0000,0.0132,0.0053,0.0366
0.0323,1.9712,2.0000,0.0163,0.0328,209.7580,-64.6018,0.0000,0.0795,0.0795,0.0652,0.0000,0.0000,0.0198,0.0079,0.0288
0.0390,1.9685,2.0000,0.0079,0.0328,209.5569,-64.6286,0.0000,0.0908,0.0908,0.0690,0.0000,0.0000,0.0198,0.0079,0.0309
0.1817,1.8699,2.0000,-0.0005,0.0328,209.3571,-64.6497,0.0000,0.0915,0.0915,0.0678,0.0000,0.0000,0.0198,0.0079,0.0245
0.0560,2.0110,2.0000,-0.0089,-0.0019,209.1793,-64.6694,0.0000,0.0847,0.0847,-0.0024,0.0000,0.0000,-0.0011,-0.0005,0.0172
0.0306,1.9919,2.0000,-0.0172,-0.0019,208.9833,-64.6962,0.0000,0.0805,0.0805,-0.0013,0.0000,0.0000,-0.0011,-0.0005,0.0184
0.2000,1.7731,2.0000,-0.0256,-0.0019,208.7904,-64.7340,0.0000,0.0843,0.0843,-0.0072,0.0000,0.0000,-0.0011,-0.0005,0.0122
0.0921,1.9611,2.0000,-0.0172,0.0218,208.5963,-64.7679,0.0000,0.1028,0.1028,0.0607,0.0000,0.0000,0.0132,0.0053,0.0047
0.0801,1.9487,2.0000,-0.0256,0.0218,208.4028,-64.7988,0.0000,0.1100,0.1100,0.0520,0.0000,0.0000,0.0132,0.0053,-0.0029
0.0792,1.9532,2.0000,-0.0340,0.0068,208.2084,-64.8261,0.0000,0.1051,0.1051,-0.0041,0.0000,0.0000,0.0041,0.0016,-0.0107
0.0930,1.9429,2.0000,-0.0424,0.0068,208.0064,-64.8455,0.0000,0.0926,0.0926,-0.0114,0.0000,0.0000,0.0041,0.0016,-0.0187
0.0764,1.9460,2.0000,-0.0475,-0.0068,207.8192,-64.8617,0.0000,0.0781,0.0781,-0.0439,0.0000,0.0000,-0.0041,-0.0016,-0.0131
0.0096,2.0132,2.0000,-0.0392,-0.0068,207.6315,-64.8789,0.0000,0.0554,0.0554,-0.0534,0.0000,0.0000,-0.0041,-0.0016,-0.0190
0.1357,1.8636,2.0000,-0.0308,-0.0068,207.4485,-64.8975,0.0000,0.0368,0.0368,-0.0664,0.0000,0.0000,-0.0041,-0.0016,-0.0266
0.1486,1.8701,2.0000,-0.0254,-0.0099,207.2463,-64.9233,0.0000,0.0217,0.0217,-0.0866,0.0000,0.0000,-0.0060,-0.0024,-0.0344
0.1944,1.8252,2.0000,-0.0170,-0.0099,207.0816,-64.9366,0.0000,-0.0007,-0.0007,-0.0984,0.0000,0.0000,-0.0060,-0.0024,-0.0448
0.0291,2.0214,2.0000,-0.0086,0.0185,206.8945,-64.9547,0.0000,-0.0273,-0.0273,-0.0875,0.0000,0.0000,0.0112,0.0045,-0.0345
0.1999,1.6386,2.0000,-0.0002,0.0185,206.7067,-64.9756,0.0000,-0.0214,-0.0214,-0.0822,0.0000,0.0000,0.0112,0.0045,-0.0263
0.1783,1.8646,2.0000,0.0082,0.0185,206.5432,-64.9878,0.0000,-0.0464,-0.0464,-0.0835,0.0000,0.0000,0.0112,0.0045,-0.0206
0.1645,1.8729,2.0000,0.0166,0.0185,206.3656,-65.0094,0.0000,-0.0535,-0.0535,-0.0806,0.0000,0.0000,0.0112,0.0045,-0.0131
0.2000,1.6261,2.0000,0.0082,-0.0053,206.1858,-65.0267,0.0000,-0.0534,-0.0534,-0.0811,0.0000,0.0000,-0.0032,-0.0013,-0.0053
0.2000,1.7739,2.0000,0.0166,-0.0053,205.9959,-65.0551,0.0000,-0.0616,-0.0616,-0.0769,0.0000,0.0000,-0.0032,-0.0013,0.0027
0.2000,1.7911,2.0000,0.0249,-0.0053,205.8226,-65.0665,0.0000,-0.0757,-0.0757,-0.0695,0.0000,0.0000,-0.0032,-0.0013,0.0102
0.1485,1.9035,2.0000,0.0228,-0.0158,205.6427,-65.0770,0.0000,-0.0965,-0.0965,-0.0647,0.0000,0.0000,-0.0095,-0.0038,0.0159
0.2000,1.7210,2.0000,0.0312,-0.0158,205.4580,-65.1099,0.0000,-0.0893,-0.0893,-0.0659,0.0000,0.0000,-0.0095,-0.0038,0.0137
0.2000,1.7864,2.0000,0.0396,-0.0003,205.2846,-65.1453,0.0000,-0.0835,-0.0835,-0.0487,0.0000,0.0000,-0.0002,-0.0001,0.0146
0.1970,1.8609,2.0000,0.0480,-0.0003,205.1135,-65.1676,0.0000,-0.0846,-0.0846,-0.0402,0.0000,0.0000,-0.0002,-0.0001,0.0232
0.2000,1.7560,2.0000,0.0564,-0.0003,204.9365,-65.1868,0.0000,-0.0884,-0.0884,-0.0374,0.0000,0.0000,-0.0002,-0.0001,0.0242
0.2000,1.7101,2.0000,0.0648,0.0228,204.7644,-65.2027,0.0000,-0.0923,-0.0923,-0.0128,0.0000,0.0000,0.0137,0.0055,0.0291
0.2001,1.7658,2.0000,0.0598,0.0228,204.5858,-65.2310,0.0000,-0.0834,-0.0834,-0.0034,0.0000,0.0000,0.0137,0.0055,0.0359
0.2000,1.7138,2.0000,0.0524,0.0228,204.4004,-65.2633,0.0000,-0.0698,-0.0698,0.0065,0.0000,0.0000,0.0137,0.0055,0.0429
0.2000,1.7934,2.0000,0.0440,-0.0043,204.2135,-65.2843,0.0000,-0.0678,-0.0678,0.0083,0.0000,0.0000,-0.0026,-0.0010,0.0499
0.1759,1.8682,2.0000,0.0356,-0.0043,204.0197,-65.3173,0.0000,-0.0559,-0.0559,0.0201,0.0000,0.0000,-0.0026,-0.0010,0.0572
0.1705,1.8643,2.0000,0.0396,0.0082,203.8386,-65.3529,0.0000,-0.0409,-0.0409,0.0294,0.0000,0.0000,0.0049,0.0020,0.0568
0.0933,1.9512,2.0000,0.0312,0.0082,203.6654,-65.3801,0.0000,-0.0342,-0.0342,0.0334,0.0000,0.0000,0.0049,0.0020,0.0514
0.1830,1.8321,2.0000,0.0228,0.0082,203.4757,-65.4035,0.0000,-0.0387,-0.0387,0.0325,0.0000,0.0000,0.0049,0.0020,0.0457
0.2000,1.7381,2.0000,0.0241,0.0178,203.2887,-65.4336,0.0000,-0.0350,-0.0350,0.0289,0.0000,0.0000,0.0107,0.0043,0.0375
0.1721,1.8946,2.0000,0.0157,0.0178,203.1066,-65.4543,0.0000,-0.0363,-0.0363,0.0345,0.0000,0.0000,0.0107,0.0043,0.0377
0.1954,1.8783,2.0000,0.0073,0.0178,202.9237,-65.4882,0.0000,-0.0295,-0.0295,0.0342,0.0000,0.0000,0.0107,0.0043,0.0329
0.2000,1.8160,2.0000,-0.0011,-0.0429,202.7339,-65.5285,0.0000,-0.0258,-0.0258,-0.0235,0.0000,0.0000,-0.0258,-0.0103,0.0255
0.2007,1.9235,2.0000,0.0073,-0.0429,202.5568,-65.5495,0.0000,-0.0422,-0.0422,-0.0222,0.0000,0.0000,-0.0258,-0.0103,0.0239
0.1282,1.9235,2.0000,0.0157,-0.0134,202.3752,-65.5847,0.0000,-0.0423,-0.0423,0.0277,0.0000,0.0000,-0.0081,-0.0032,0.0190
0.2000,1.7681,2.0000,0.0073,-0.0134,202.1963,-65.6261,0.0000,-0.0332,-0.0332,0.0232,0.0000,0.0000,-0.0081,-0.0032,0.0120
0.2000,1.8341,2.0000,-0.0011,-0.0134,202.0051,-65.6670,0.0000,-0.0232,-0.0232,0.0201,0.0000,0.0000,-0.0081,-0.0032,0.0046
0.2000,1.8212,2.0000,0.0073,0.0051,201.8285,-65.7047,0.0000,-0.0094,-0.0094,0.0487,0.0000,0.0000,0.0031,0.0012,0.0067
0.1194,1.9384,2.0000,-0.0011,0.0051,201.6408,-65.7331,0.0000,-0.0010,-0.0010,0.0534,0.0000,0.0000,0.0031,0.0012,0.0139
0.2001,1.7913,2.0000,-0.0095,0.0051,201.4487,-65.7662,0.0000,0.0013,0.0013,0.0516,0.0000,0.0000,0.0031,0.0012,0.0140
0.1862,1.8813,2.0000,-0.0179,-0.0073,201.2662,-65.8000,0.0000,0.0096,0.0096,0.0268,0.0000,0.0000,-0.0044,-0.0018,0.0067
0.1212,1.9336,2.0000,-0.0263,-0.0073,201.0907,-65.8364,0.0000,0.0168,0.0168,0.0242,0.0000,0.0000,-0.0044,-0.0018,0.0050
0.1879,1.8402,2.0000,-0.0347,-0.0283,200.8996,-65.8694,0.0000,0.0167,0.0167,-0.0163,0.0000,0.0000,-0.0171,-0.0068,0.0053
0.2000,1.7765,2.0000,-0.0263,-0.0283,200.7178,-65.9119,0.0000,0.0195,0.0195,-0.0228,0.0000,0.0000,-0.0171,-0.0068,-0.0009
0.1364,1.9226,2.0000,-0.0179,-0.0283,200.5204,-65.9511,0.0000,0.0116,0.0116,-0.0319,0.0000,0.0000,-0.0171,-0.0068,-0.0086
0.1869,1.8503,2.0000,-0.0095,0.0051,200.3591,-65.9873,0.0000,0.0142,0.0142,0.0143,0.0000,0.0000,0.0030,0.0012,-0.0168
0.0539,1.9950,2.0000,-0.0011,0.0051,200.1478,-65.9985,0.0000,-0.0129,-0.0129,0.0018,0.0000,0.0000,0.0030,0.0012,-0.0231
0.1999,1.6385,2.0000,0.0045,0.0051,199.9658,-66.0209,0.0000,-0.0169,-0.0169,0.0028,0.0000,0.0000,0.0030,0.0012,-0.0280
0.0001,2.1020,2.0000,-0.0039,-0.0329,199.7865,-66.0348,0.0000,-0.0362,-0.0362,-0.0277,0.0000,0.0000,-0.0198,-0.0079,-0.0209
0.2001,1.8182,2.0000,0.0045,-0.0329,199.5967,-66.0496,0.0000,-0.0492,-0.0492,-0.0232,0.0000,0.0000,-0.0198,-0.0079,-0.0126
0.1999,1.7836,2.0000,0.0003,-0.0329,199.4191,-66.0852,0.0000,-0.0373,-0.0373,-0.0141,0.0000,0.0000,-0.0198,-0.0079,-0.0045
0.2000,1.8484,2.0000,0.0087,-0.0320,199.2430,-66.1307,0.0000,-0.0306,-0.0306,-0.0424,0.0000,0.0000,-0.0193,-0.0077,0.0031
0.2000,1.7971,2.0000,0.0171,-0.0320,199.0618,-66.1712,0.0000,-0.0237,-0.0237,-0.0406,0.0000,0.0000,-0.0193,-0.0077,0.0057
0.2000,1.8005,2.0000,0.0255,0.0104,198.9028,-66.2093,0.0000,-0.0201,-0.0201,0.0438,0.0000,0.0000,0.0063,0.0025,0.0008
0.2002,1.8413,2.0000,0.0171,0.0104,198.6973,-66.2272,0.0000,-0.0184,-0.0184,0.0501,0.0000,0.0000,0.0063,0.0025,0.0057
0.2000,1.6191,2.0000,0.0087,0.0104,198.5318,-66.2525,0.0000,-0.0145,-0.0145,0.0514,0.0000,0.0000,0.0063,0.0025,0.0047
0.0080,2.0450,2.0000,0.0003,-0.0111,198.3721,-66.2693,0.0000,-0.0011,-0.0011,0.0395,0.0000,0.0000,-0.0067,-0.0027,0.0119
0.2000,1.6595,2.0000,-0.0080,-0.0111,198.1853,-66.3033,0.0000,0.0052,0.0052,0.0441,0.0000,0.0000,-0.0067,-0.0027,0.0192
0.2000,1.5912,2.0000,-0.0164,-0.0111,198.0132,-66.3392,0.0000,0.0206,0.0206,0.0483,0.0000,0.0000,-0.0067,-0.0027,0.0240
0.1838,1.8828,2.0000,-0.0248,-0.0366,197.8354,-66.3821,0.0000,0.0413,0.0413,0.0241,0.0000,0.0000,-0.0220,-0.0088,0.0161
0.2000,1.7437,2.0000,-0.0332,-0.0366,197.6596,-66.4158,0.0000,0.0465,0.0465,0.0209,0.0000,0.0000,-0.0220,-0.0088,0.0108
0.2000,1.8126,2.0000,-0.0416,-0.0366,197.4870,-66.4456,0.0000,0.0458,0.0458,0.0116,0.0000,0.0000,-0.0220,-0.0088,-0.0005
0.2000,1.7747,2.0000,-0.0332,-0.0173,197.3170,-66.4518,0.0000,0.0236,0.0236,0.0111,0.0000,0.0000,-0.0104,-0.0042,-0.0094
0.2000,1.7370,2.0000,-0.0294,-0.0173,197.1531,-66.4813,0.0000,0.0224,0.0224,0.0003,0.0000,0.0000,-0.0104,-0.0042,-0.0178
0.2000,1.6871,2.0000,-0.0210,-0.0173,196.9640,-66.5077,0.0000,0.0126,0.0126,-0.0127,0.0000,0.0000,-0.0104,-0.0042,-0.0244
0.2000,1.6507,2.0000,-0.0126,0.0227,196.7739,-66.5384,0.0000,0.0119,0.0119,-0.0102,0.0000,0.0000,0.0136,0.0055,-0.0331
0.1554,1.8938,2.0000,-0.0042,0.0227,196.5905,-66.5558,0.0000,-0.0001,-0.0001,-0.0175,0.0000,0.0000,0.0136,0.0055,-0.0328
0.1279,1.9088,2.0000,-0.0126,-0.0289,196.4060,-66.5695,0.0000,-0.0127,-0.0127,-0.0411,0.0000,0.0000,-0.0174,-0.0070,-0.0245
0.2000,1.8280,2.0000,-0.0042,-0.0289,196.2255,-66.5989,0.0000,-0.0096,-0.0096,-0.0390,0.0000,0.0000,-0.0174,-0.0070,-0.0181
0.2000,1.8348,2.0000,0.0042,-0.0289,196.0288,-66.6214,0.0000,-0.0161,-0.0161,-0.0352,0.0000,0.0000,-0.0174,-0.0070,-0.0092
0.2001,1.8133,2.0000,0.0126,0.0130,195.8423,-66.6580,0.0000,-0.0007,-0.0007,0.0299,0.0000,0.0000,0.0078,0.0031,-0.0030
0.0905,1.9627,2.0000,0.0042,0.0130,195.6463,-66.6647,0.0000,-0.0131,-0.0131,0.0243,0.0000,0.0000,0.0078,0.0031,-0.0080
0.2000,1.8836,2.0000,-0.0042,-0.0165,195.4384,-66.6732,0.0000,-0.0207,-0.0207,0.0026,0.0000,0.0000,-0.0099,-0.0040,-0.0009
0.1089,1.9455,2.0000,-0.0126,-0.0165,195.2447,-66.7016,0.0000,-0.0121,-0.0121,0.0082,0.0000,0.0000,-0.0099,-0.0040,0.0074
-0.0673,2.0619,2.0000,-0.0057,-0.0180,195.0542,-66.7073,0.0000,-0.0243,-0.0243,0.0028,0.0000,0.0000,-0.0108,-0.0043,0.0139
0.0818,1.9410,2.0000,0.0027,-0.0180,194.8545,-66.7454,0.0000,-0.0160,-0.0160,-0.0023,0.0000,0.0000,-0.0108,-0.0043,0.0103
0.1236,1.8892,2.0000,0.0030,-0.0180,194.6541,-66.7932,0.0000,-0.0040,-0.0040,-0.0158,0.0000,0.0000,-0.0108,-0.0043,-0.0015
0.0167,2.0149,2.0000,0.0063,-0.0063,194.4384,-66.8295,0.0000,0.0066,0.0066,0.0131,0.0000,0.0000,-0.0038,-0.0015,-0.0074
-0.0293,2.0391,2.0000,-0.0021,-0.0063,194.2403,-66.8571,0.0000,0.0151,0.0151,0.0152,0.0000,0.0000,-0.0038,-0.0015,-0.0021
-0.1656,2.1684,2.0000,-0.0105,-0.0141,194.0539,-66.8718,0.0000,0.0190,0.0190,0.0606,0.0000,0.0000,-0.0085,-0.0034,0.0020
-0.0265,1.9835,2.0000,-0.0188,-0.0141,193.8455,-66.8955,0.0000,0.0271,0.0271,0.0640,0.0000,0.0000,-0.0085,-0.0034,0.0073
0.1399,1.8537,2.0000,-0.0272,-0.0141,193.6469,-66.9109,0.0000,0.0245,0.0245,0.0612,0.0000,0.0000,-0.0085,-0.0034,0.0078
-0.0601,2.0792,2.0000,-0.0313,-0.0100,193.4329,-66.9482,0.0000,0.0462,0.0462,0.0167,0.0000,0.0000,-0.0060,-0.0024,0.0012
0.0181,1.9760,2.0000,-0.0391,-0.0100,193.2203,-66.9846,0.0000,0.0545,0.0545,0.0080,0.0000,0.0000,-0.0060,-0.0024,-0.0062
-0.1405,2.1535,2.0000,-0.0475,-0.0283,193.0227,-66.9928,0.0000,0.0234,0.0234,-0.0889,0.0000,0.0000,-0.0171,-0.0068,-0.0154
-0.1620,2.1373,2.0000,-0.0391,-0.0283,192.7990,-67.0142,0.0000,-0.0014,-0.0014,-0.0971,0.0000,0.0000,-0.0171,-0.0068,-0.0227
-0.0033,1.9629,2.0000,-0.0308,-0.0283,192.5922,-67.0385,0.0000,-0.0172,-0.0172,-0.1080,0.0000,0.0000,-0.0171,-0.0068,-0.0262
-0.2000,2.2277,2.0000,-0.0224,-0.0125,192.3920,-67.0561,0.0000,-0.0322,-0.0322,-0.0241,0.0000,0.0000,-0.0075,-0.0030,-0.0338
-0.1237,2.0642,2.0000,-0.0140,-0.0125,192.1925,-67.0756,0.0000,-0.0416,-0.0416,-0.0401,0.0000,0.0000,-0.0075,-0.0030,-0.0461
-0.0257,1.9931,2.0000,-0.0224,-0.0521,192.0135,-67.0610,0.0000,-0.0716,-0.0716,-0.0726,0.0000,0.0000,-0.0314,-0.0126,-0.0338
0.0007,1.9859,2.0000,-0.0140,-0.0521,191.8133,-67.0657,0.0000,-0.0930,-0.0930,-0.0724,0.0000,0.0000,-0.0314,-0.0126,-0.0255
0.2000,1.7847,2.0000,-0.0056,-0.0521,191.6145,-67.0849,0.0000,-0.0914,-0.0914,-0.0697,0.0000,0.0000,-0.0314,-0.0126,-0.0177
0.0665,1.9863,2.0000,0.0028,-0.0443,191.4195,-67.0992,0.0000,-0.1036,-0.1036,-0.0290,0.0000,0.0000,-0.0267,-0.0107,-0.0103
0.0424,1.9793,2.0000,0.0112,-0.0443,191.2231,-67.1144,0.0000,-0.1081,-0.1081,-0.0354,0.0000,0.0000,-0.0267,-0.0107,-0.0168
0.0669,1.9390,2.0000,0.0076,-0.0562,191.0294,-67.1293,0.0000,-0.1065,-0.1065,-0.0400,0.0000,0.0000,-0.0339,-0.0136,-0.0096
0.0625,1.9524,2.0000,0.0160,-0.0562,190.8289,-67.1321,0.0000,-0.1219,-0.1219,-0.0383,0.0000,0.0000,-0.0339,-0.0136,-0.0017
0.0850,1.9266,2.0000,0.0244,-0.0562,190.6427,-67.1499,0.0000,-0.1162,-0.1162,-0.0323,0.0000,0.0000,-0.0339,-0.0136,0.0063
0.0340,1.9884,2.0000,0.0201,-0.0689,190.4555,-67.1589,0.0000,-0.1190,-0.1190,-0.0219,0.0000,0.0000,-0.0416,-0.0166,0.0131
0.1464,1.8547,2.0000,0.0227,-0.0689,190.2612,-67.1609,0.0000,-0.1301,-0.1301,-0.0212,0.0000,0.0000,-0.0416,-0.0166,0.0110
0.1645,1.8579,2.0000,0.0143,-0.0689,190.0748,-67.1741,0.0000,-0.1258,-0.1258,-0.0121,0.0000,0.0000,-0.0416,-0.0166,0.0172
0.1166,1.9267,2.0000,0.0227,-0.0274,189.8772,-67.2007,0.0000,-0.1017,-0.1017,0.0550,0.0000,0.0000,-0.0165,-0.0066,0.0243
0.1668,1.8529,2.0000,0.0143,-0.0274,189.6876,-67.2189,0.0000,-0.0883,-0.0883,0.0555,0.0000,0.0000,-0.0165,-0.0066,0.0220
0.0679,1.9775,2.0000,0.0059,-0.0497,189.4979,-67.2530,0.0000,-0.0563,-0.0563,0.0099,0.0000,0.0000,-0.0300,-0.0120,0.0239
0.1182,1.8888,2.0000,-0.0024,-0.0497,189.3075,-67.2744,0.0000,-0.0466,-0.0466,0.0103,0.0000,0.0000,-0.0300,-0.0120,0.0172
0.1117,1.9123,2.0000,-0.0108,-0.0497,189.1019,-67.2871,0.0000,-0.0444,-0.0444,0.0169,0.0000,0.0000,-0.0300,-0.0120,0.0236
0.1370,1.9009,2.0000,-0.0192,-0.0987,188.9049,-67.2766,0.0000,-0.0745,-0.0745,-0.0254,0.0000,0.0000,-0.0597,-0.0239,0.0169
-0.0108,2.0424,2.0000,-0.0109,-0.0987,188.7035,-67.2957,0.0000,-0.0838,-0.0838,-0.0305,0.0000,0.0000,-0.0597,-0.0239,0.0095
0.0338,1.9540,2.0000,-0.0025,-0.0686,188.5175,-67.3363,0.0000,-0.0648,-0.0648,0.0229,0.0000,0.0000,-0.0414,-0.0166,0.0021
0.0063,2.0066,2.0000,-0.0109,-0.0686,188.3222,-67.3742,0.0000,-0.0427,-0.0427,0.0146,0.0000,0.0000,-0.0414,-0.0166,-0.0055
0.1091,1.8852,2.0000,-0.0193,-0.0686,188.1420,-67.3837,0.0000,-0.0473,-0.0473,0.0089,0.0000,0.0000,-0.0414,-0.0166,-0.0125
0.0596,1.9709,2.0000,-0.0109,-0.0410,187.9620,-67.3798,0.0000,-0.0518,-0.0518,0.0698,0.0000,0.0000,-0.0247,-0.0099,-0.0070
0.2001,1.7889,2.0000,-0.0192,-0.0410,187.7571,-67.3822,0.0000,-0.0546,-0.0546,0.0723,0.0000,0.0000,-0.0247,-0.0099,0.0001
0.2000,1.7854,2.0000,-0.0276,-0.0410,187.5743,-67.4103,0.0000,-0.0323,-0.0323,0.0640,0.0000,0.0000,-0.0247,-0.0099,-0.0032
0.0184,2.0322,2.0000,-0.0303,-0.0354,187.3748,-67.4284,0.0000,-0.0033,-0.0033,0.0805,0.0000,0.0000,-0.0213,-0.0085,-0.0123
0.1637,1.8307,2.0000,-0.0387,-0.0354,187.1763,-67.4294,0.0000,-0.0064,-0.0064,0.0809,0.0000,0.0000,-0.0213,-0.0085,-0.0068
0.0582,1.9861,2.0000,-0.0471,-0.0437,186.9895,-67.4292,0.0000,-0.0016,-0.0016,0.0907,0.0000,0.0000,-0.0264,-0.0105,-0.0123
0.0465,1.9686,2.0000,-0.0555,-0.0437,186.8090,-67.4446,0.0000,0.0140,0.0140,0.0807,0.0000,0.0000,-0.0264,-0.0105,-0.0200
0.1500,1.8552,2.0000,-0.0639,-0.0437,186.6167,-67.4679,0.0000,0.0336,0.0336,0.0711,0.0000,0.0000,-0.0264,-0.0105,-0.0241
0.2000,1.7946,2.0000,-0.0555,-0.0201,186.4209,-67.4764,0.0000,0.0439,0.0439,0.0949,0.0000,0.0000,-0.0121,-0.0048,-0.0295
0.1334,1.9185,2.0000,-0.0639,-0.0201,186.2321,-67.4559,0.0000,0.0318,0.0318,0.0765,0.0000,0.0000,-0.0121,-0.0048,-0.0423
0.1445,1.9422,2.0000,-0.0723,-0.0552,186.0333,-67.4534,0.0000,0.0306,0.0306,0.0183,0.0000,0.0000,-0.0333,-0.0133,-0.0517
0.2005,1.8902,2.0000,-0.0805,-0.0552,185.8680,-67.4583,0.0000,0.0327,0.0327,0.0077,0.0000,0.0000,-0.0333,-0.0133,-0.0575
0.0975,1.9742,2.0000,-0.0747,-0.0552,185.6727,-67.4444,0.0000,0.0167,0.0167,-0.0043,0.0000,0.0000,-0.0333,-0.0133,-0.0562
0.2000,1.6384,2.0000,-0.0663,-0.0552,185.4730,-67.4326,0.0000,0.0029,0.0029,-0.0127,0.0000,0.0000,-0.0333,-0.0133,-0.0602
0.1062,1.9461,2.0000,-0.0579,-0.0513,185.2803,-67.4374,0.0000,0.0013,0.0013,-0.0301,0.0000,0.0000,-0.0310,-0.0124,-0.0676
0.0454,1.9863,2.0000,-0.0495,-0.0029,185.0896,-67.4287,0.0000,-0.0134,-0.0134,0.0301,0.0000,0.0000,-0.0018,-0.0007,-0.0759
0.1341,1.9089,2.0000,-0.0434,-0.0029,184.9044,-67.4104,0.0000,-0.0180,-0.0180,0.0244,0.0000,0.0000,-0.0018,-0.0007,-0.0718
0.1364,1.8939,2.0000,-0.0350,-0.0029,184.7146,-67.4033,0.0000,-0.0082,-0.0082,0.0197,0.0000,0.0000,-0.0018,-0.0007,-0.0647
0.1774,1.8477,2.0000,-0.0266,0.0063,184.5115,-67.3991,0.0000,0.0052,0.0052,0.0027,0.0000,0.0000,0.0038,0.0015,-0.0567
0.1577,1.8825,2.0000,-0.0182,0.0063,184.3294,-67.3791,0.0000,-0.0005,-0.0005,-0.0024,0.0000,0.0000,0.0038,0.0015,-0.0489
0.0288,2.0119,2.0000,-0.0131,0.0063,184.1521,-67.3840,0.0000,0.0235,0.0235,-0.0013,0.0000,0.0000,0.0038,0.0015,-0.0371
0.1999,1.8185,2.0000,-0.0165,-0.0035,183.9558,-67.3642,0.0000,0.0250,0.0250,-0.0060,0.0000,0.0000,-0.0021,-0.0009,-0.0295
0.2000,1.7565,2.0000,-0.0110,-0.0035,183.7599,-67.3541,0.0000,0.0323,0.0323,-0.0072,0.0000,0.0000,-0.0021,-0.0009,-0.0221
0.1816,1.9562,2.0000,-0.0194,-0.0101,183.5693,-67.3480,0.0000,0.0449,0.0449,0.0015,0.0000,0.0000,-0.0061,-0.0024,-0.0182
0.1291,1.9429,2.0000,-0.0276,-0.0101,183.3708,-67.3300,0.0000,0.0488,0.0488,0.0037,0.0000,0.0000,-0.0061,-0.0024,-0.0090
0.2007,1.8905,2.0000,-0.0357,-0.0101,183.1683,-67.3266,0.0000,0.0655,0.0655,0.0007,0.0000,0.0000,-0.0061,-0.0024,-0.0099
0.0763,1.9766,2.0000,-0.0273,0.0180,182.9670,-67.3140,0.0000,0.0759,0.0759,0.0367,0.0000,0.0000,0.0108,0.0043,-0.0083
0.0165,2.0070,2.0000,-0.0357,0.0180,182.7648,-67.2818,0.0000,0.0676,0.0676,0.0284,0.0000,0.0000,0.0108,0.0043,-0.0087
0.0069,1.9979,2.0000,-0.0273,0.0227,182.5754,-67.2404,0.0000,0.0479,0.0479,-0.0046,0.0000,0.0000,0.0137,0.0055,-0.0183
-0.0266,2.0322,2.0000,-0.0189,0.0227,182.3693,-67.2328,0.0000,0.0578,0.0578,-0.0164,0.0000,0.0000,0.0137,0.0055,-0.0263
0.0843,1.9241,2.0000,-0.0145,0.0227,182.1715,-67.2372,0.0000,0.0829,0.0829,-0.0210,0.0000,0.0000,0.0137,0.0055,-0.0238
-0.0287,2.0417,2.0000,-0.0113,0.0343,181.9759,-67.2233,0.0000,0.0926,0.0926,0.0148,0.0000,0.0000,0.0207,0.0083,-0.0258
0.0330,1.9569,2.0000,-0.0197,0.0343,181.7690,-67.2040,0.0000,0.1090,0.1090,0.0160,0.0000,0.0000,0.0207,0.0083,-0.0242
0.0847,1.9421,2.0000,-0.0281,0.0189,181.5675,-67.1735,0.0000,0.1116,0.1116,0.0109,0.0000,0.0000,0.0114,0.0045,-0.0164
-0.0483,2.0607,2.0000,-0.0363,0.0189,181.3618,-67.1479,0.0000,0.1219,0.1219,0.0122,0.0000,0.0000,0.0114,0.0045,-0.0098
-0.0325,2.0202,2.0000,-0.0447,0.0189,181.1563,-67.1131,0.0000,0.1224,0.1224,0.0137,0.0000,0.0000,0.0114,0.0045,-0.0064
-0.0558,2.0553,2.0000,-0.0483,0.0068,180.9666,-67.0740,0.0000,0.0995,0.0995,-0.0358,0.0000,0.0000,0.0041,0.0016,-0.0111
0.0571,1.9231,2.0000,-0.0399,0.0068,180.7626,-67.0461,0.0000,0.0923,0.0923,-0.0467,0.0000,0.0000,0.0041,0.0016,-0.0183
0.0800,1.9231,2.0000,-0.0483,-0.0221,180.5633,-67.0321,0.0000,0.0938,0.0938,-0.0944,0.0000,0.0000,-0.0133,-0.0053,-0.0268
-0.0159,2.0404,2.0000,-0.0399,-0.0221,180.3663,-67.0060,0.0000,0.0717,0.0717,-0.1073,0.0000,0.0000,-0.0133,-0.0053,-0.0345
0.0126,1.9778,2.0000,-0.0315,-0.0221,180.1688,-66.9691,0.0000,0.0454,0.0454,-0.1223,0.0000,0.0000,-0.0133,-0.0053,-0.0452
0.0289,1.9681,2.0000,-0.0231,-0.0204,179.9637,-66.9418,0.0000,0.0362,0.0362,-0.1095,0.0000,0.0000,-0.0123,-0.0049,-0.0371
0.0151,1.9930,2.0000,-0.0147,-0.0204,179.7619,-66.9152,0.0000,0.0234,0.0234,-0.1190,0.0000,0.0000,-0.0123,-0.0049,-0.0421
-0.0424,2.0493,2.0000,-0.0063,-0.0084,179.5727,-66.8890,0.0000,0.0122,0.0122,-0.0989,0.0000,0.0000,-0.0051,-0.0020,-0.0402
-0.0270,2.0156,2.0000,0.0021,-0.0084,179.3664,-66.8459,0.0000,-0.0005,-0.0005,-0.0949,0.0000,0.0000,-0.0051,-0.0020,-0.0284
0.0941,1.8926,2.0000,0.0104,-0.0084,179.1626,-66.8076,0.0000,-0.0053,-0.0053,-0.0928,0.0000,0.0000,-0.0051,-0.0020,-0.0225
-0.0654,2.0891,2.0000,0.0123,-0.0149,178.9600,-66.7708,0.0000,-0.0267,-0.0267,-0.1164,0.0000,0.0000,-0.0090,-0.0036,-0.0145
-0.0676,2.0563,2.0000,0.0207,-0.0149,178.7679,-66.7203,0.0000,-0.0527,-0.0527,-0.1126,0.0000,0.0000,-0.0090,-0.0036,-0.0064
-0.0598,2.0412,2.0000,0.0123,-0.0325,178.5675,-66.6860,0.0000,-0.0617,-0.0617,-0.1394,0.0000,0.0000,-0.0196,-0.0078,0.0015
0.0096,1.9696,2.0000,0.0207,-0.0325,178.3691,-66.6541,0.0000,-0.0706,-0.0706,-0.1344,0.0000,0.0000,-0.0196,-0.0078,0.0090
-0.0107,2.0169,2.0000,0.0291,-0.0325,178.1693,-66.6284,0.0000,-0.0786,-0.0786,-0.1268,0.0000,0.0000,-0.0196,-0.0078,0.0148
0.0027,1.9916,2.0000,0.0375,-0.0247,177.9774,-66.6063,0.0000,-0.0790,-0.0790,-0.1065,0.0000,0.0000,-0.0149,-0.0059,0.0183
0.0016,1.9995,2.0000,0.0459,-0.0247,177.7736,-66.5743,0.0000,-0.0869,-0.0869,-0.1000,0.0000,0.0000,-0.0149,-0.0059,0.0215
0.0791,1.9160,2.0000,0.0543,-0.0083,177.5750,-66.5572,0.0000,-0.0790,-0.0790,-0.0680,0.0000,0.0000,-0.0050,-0.0020,0.0184
-0.0241,2.0469,2.0000,0.0627,-0.0083,177.3772,-66.5252,0.0000,-0.0816,-0.0816,-0.0565,0.0000,0.0000,-0.0050,-0.0020,0.0255
0.0141,1.9776,2.0000,0.0710,-0.0083,177.1820,-66.5018,0.0000,-0.0711,-0.0711,-0.0475,0.0000,0.0000,-0.0050,-0.0020,0.0320
0.0143,1.9887,2.0000,0.0626,-0.0537,177.0092,-66.4660,0.0000,-0.0779,-0.0779,-0.0453,0.0000,0.0000,-0.0324,-0.0130,0.0400
0.0450,1.9505,2.0000,0.0542,-0.0537,176.8303,-66.4431,0.0000,-0.0699,-0.0699,-0.0343,0.0000,0.0000,-0.0324,-0.0130,0.0469
0.1999,1.7502,2.0000,0.0458,-0.0537,176.6328,-66.4355,0.0000,-0.0432,-0.0432,-0.0263,0.0000,0.0000,-0.0324,-0.0130,0.0538
0.2000,1.7905,2.0000,0.0542,0.0133,176.4340,-66.4225,0.0000,-0.0194,-0.0194,0.0238,0.0000,0.0000,0.0080,0.0032,0.0660
0.0886,1.9642,2.0000,0.0458,0.0133,176.2453,-66.4121,0.0000,0.0083,0.0083,0.0357,0.0000,0.0000,0.0080,0.0032,0.0687
0.0455,1.9790,2.0000,0.0457,0.0216,176.0648,-66.3859,0.0000,0.0135,0.0135,0.0457,0.0000,0.0000,0.0130,0.0052,0.0560
0.1309,1.8786,2.0000,0.0373,0.0216,175.8780,-66.3756,0.0000,0.0353,0.0353,0.0463,0.0000,0.0000,0.0130,0.0052,0.0483
0.2000,1.8089,2.0000,0.0289,0.0216,175.6785,-66.3496,0.0000,0.0456,0.0456,0.0504,0.0000,0.0000,0.0130,0.0052,0.0450
0.1853,1.8582,2.0000,0.0205,0.0041,175.4881,-66.3301,0.0000,0.0640,0.0640,0.0555,0.0000,0.0000,0.0025,0.0010,0.0496
0.0541,1.9952,2.0000,0.0121,0.0041,175.2988,-66.3169,0.0000,0.0885,0.0885,0.0597,0.0000,0.0000,0.0025,0.0010,0.0440
0.1116,1.8980,2.0000,0.0037,0.0041,175.1298,-66.3174,0.0000,0.1154,0.1154,0.0598,0.0000,0.0000,0.0025,0.0010,0.0390
0.1385,1.8840,2.0000,-0.0047,-0.0006,174.9361,-66.3084,0.0000,0.1329,0.1329,0.0450,0.0000,0.0000,-0.0003,-0.0001,0.0335
0.2000,1.6784,2.0000,-0.0130,-0.0006,174.7714,-66.2843,0.0000,0.1299,0.1299,0.0426,0.0000,0.0000,-0.0003,-0.0001,0.0266
0.1338,1.9224,2.0000,-0.0214,-0.0066,174.5986,-66.2865,0.0000,0.1606,0.1606,0.0478,0.0000,0.0000,-0.0040,-0.0016,0.0181
0.2000,1.6499,2.0000,-0.0297,-0.0066,174.4383,-66.2812,0.0000,0.1710,0.1710,0.0409,0.0000,0.0000,-0.0040,-0.0016,0.0095
0.2000,1.7129,2.0000,-0.0381,-0.0066,174.2602,-66.2607,0.0000,0.1738,0.1738,0.0333,0.0000,0.0000,-0.0040,-0.0016,0.0051
0.2000,1.5887,2.0000,-0.0465,-0.0066,174.0810,-66.2377,0.0000,0.1720,0.1720,0.0254,0.0000,0.0000,-0.0040,-0.0016,-0.0032
0.2000,1.7793,2.0000,-0.0549,-0.0204,173.9016,-66.2220,0.0000,0.1767,0.1767,0.0092,0.0000,0.0000,-0.0123,-0.0049,-0.0144
0.2000,1.7906,2.0000,-0.0633,-0.0204,173.7365,-66.2037,0.0000,0.1736,0.1736,-0.0046,0.0000,0.0000,-0.0123,-0.0049,-0.0234
0.2000,1.7847,2.0000,-0.0613,-0.0099,173.5598,-66.1862,0.0000,0.1795,0.1795,-0.0168,0.0000,0.0000,-0.0060,-0.0024,-0.0270
0.2000,1.6457,2.0000,-0.0535,-0.0099,173.3975,-66.1625,0.0000,0.1687,0.1687,-0.0341,0.0000,0.0000,-0.0060,-0.0024,-0.0427
0.2000,1.7606,2.0000,-0.0451,-0.0099,173.2282,-66.1305,0.0000,0.1535,0.1535,-0.0447,0.0000,0.0000,-0.0060,-0.0024,-0.0516
0.2000,1.6265,2.0000,-0.0367,-0.0099,173.0547,-66.0938,0.0000,0.1350,0.1350,-0.0575,0.0000,0.0000,-0.0060,-0.0024,-0.0611
0.2000,1.7084,2.0000,-0.0283,0.0344,172.8794,-66.0593,0.0000,0.1309,0.1309,0.0323,0.0000,0.0000,0.0207,0.0083,-0.0597
0.2000,1.7616,2.0000,-0.0367,0.0344,172.7001,-66.0204,0.0000,0.1353,0.1353,0.0308,0.0000,0.0000,0.0207,0.0083,-0.0523
0.2000,1.7726,2.0000,-0.0451,-0.0174,172.5290,-65.9678,0.0000,0.1184,0.1184,-0.0945,0.0000,0.0000,-0.0105,-0.0042,-0.0413
0.2000,1.8202,2.0000,-0.0367,-0.0174,172.3601,-65.9294,0.0000,0.0988,0.0988,-0.0912,0.0000,0.0000,-0.0105,-0.0042,-0.0299
0.2000,1.7776,2.0000,-0.0284,-0.0174,172.1863,-65.8960,0.0000,0.0837,0.0837,-0.0945,0.0000,0.0000,-0.0105,-0.0042,-0.0247
0.2000,1.7173,2.0000,-0.0255,-0.0230,171.9921,-65.8809,0.0000,0.0853,0.0853,-0.1151,0.0000,0.0000,-0.0139,-0.0055,-0.0313
0.2000,1.7554,2.0000,-0.0171,-0.0230,171.8039,-65.8440,0.0000,0.0616,0.0616,-0.1241,0.0000,0.0000,-0.0139,-0.0055,-0.0406
0.1325,1.9262,2.0000,-0.0087,-0.0063,171.6217,-65.8219,0.0000,0.0469,0.0469,-0.0889,0.0000,0.0000,-0.0038,-0.0015,-0.0303
0.1275,1.9015,2.0000,-0.0004,-0.0063,171.4427,-65.7976,0.0000,0.0494,0.0494,-0.0875,0.0000,0.0000,-0.0038,-0.0015,-0.0227
0.1968,1.8160,2.0000,0.0080,-0.0063,171.2707,-65.7597,0.0000,0.0383,0.0383,-0.0893,0.0000,0.0000,-0.0038,-0.0015,-0.0198
0.2000,1.7901,2.0000,0.0164,0.0035,171.0885,-65.7182,0.0000,0.0251,0.0251,-0.0875,0.0000,0.0000,0.0021,0.0008,-0.0130
0.2000,1.7458,2.0000,0.0248,0.0035,170.9050,-65.6925,0.0000,0.0323,0.0323,-0.0811,0.0000,0.0000,0.0021,0.0008,-0.0051
0.2000,1.8533,2.0000,0.0332,0.0035,170.7356,-65.6654,0.0000,0.0268,0.0268,-0.0785,0.0000,0.0000,0.0021,0.0008,0.0029
0.2000,1.8376,2.0000,0.0396,0.0015,170.5631,-65.6318,0.0000,0.0271,0.0271,-0.0477,0.0000,0.0000,0.0009,0.0004,0.0100
0.2000,1.7008,2.0000,0.0374,0.0015,170.3766,-65.6047,0.0000,0.0399,0.0399,-0.0407,0.0000,0.0000,0.0009,0.0004,0.0178
0.2001,1.7433,2.0000,0.0321,0.0015,170.2002,-65.5712,0.0000,0.0406,0.0406,-0.0334,0.0000,0.0000,0.0009,0.0004,0.0248
0.1780,1.8700,2.0000,0.0278,0.0055,170.0052,-65.5464,0.0000,0.0591,0.0591,0.0079,0.0000,0.0000,0.0033,0.0013,0.0320
0.2000,1.7803,2.0000,0.0194,0.0055,169.8136,-65.5247,0.0000,0.0798,0.0798,0.0127,0.0000,0.0000,0.0033,0.0013,0.0373
0.1014,1.9514,2.0000,0.0110,0.0039,169.6309,-65.5028,0.0000,0.0978,0.0978,-0.0144,0.0000,0.0000,0.0023,0.0009,0.0350
0.1363,1.9134,2.0000,0.0027,0.0039,169.4452,-65.4699,0.0000,0.0994,0.0994,-0.0136,0.0000,0.0000,0.0023,0.0009,0.0301
0.2000,1.8264,2.0000,-0.0057,0.0039,169.2552,-65.4346,0.0000,0.0986,0.0986,-0.0139,0.0000,0.0000,0.0023,0.0009,0.0265
0.2000,1.8711,2.0000,-0.0114,0.0064,169.0589,-65.4107,0.0000,0.1066,0.1066,-0.0223,0.0000,0.0000,0.0039,0.0016,0.0200
0.1998,1.9155,2.0000,-0.0198,0.0064,168.8699,-65.3916,0.0000,0.1133,0.1133,-0.0291,0.0000,0.0000,0.0039,0.0016,0.0122
0.0999,1.9617,2.0000,-0.0282,-0.0007,168.6794,-65.3597,0.0000,0.1099,0.1099,-0.0349,0.0000,0.0000,-0.0004,-0.0002,0.0050
0.1401,1.8821,2.0000,-0.0198,-0.0007,168.4949,-65.3321,0.0000,0.1080,0.1080,-0.0431,0.0000,0.0000,-0.0004,-0.0002,-0.0026
0.1186,1.9150,2.0000,-0.0114,-0.0007,168.3091,-65.2943,0.0000,0.0962,0.0962,-0.0485,0.0000,0.0000,-0.0004,-0.0002,-0.0083
0.1788,1.8490,2.0000,-0.0030,0.0027,168.1231,-65.2618,0.0000,0.0877,0.0877,-0.0549,0.0000,0.0000,0.0016,0.0007,-0.0160
0.1675,1.8796,2.0000,0.0054,0.0027,167.9443,-65.2380,0.0000,0.0895,0.0895,-0.0607,0.0000,0.0000,0.0016,0.0007,-0.0235
0.1744,1.8710,2.0000,0.0138,0.0027,167.7630,-65.2010,0.0000,0.0822,0.0822,-0.0593,0.0000,0.0000,0.0016,0.0007,-0.0157
0.2000,1.7883,2.0000,0.0222,0.0116,167.5752,-65.1726,0.0000,0.0891,0.0891,-0.0566,0.0000,0.0000,0.0070,0.0028,-0.0078
0.2000,1.8341,2.0000,0.0304,0.0116,167.3855,-65.1451,0.0000,0.0945,0.0945,-0.0513,0.0000,0.0000,0.0070,0.0028,0.0001
0.1999,1.8833,2.0000,0.0220,0.0116,167.2095,-65.1192,0.0000,0.1032,0.1032,-0.0420,0.0000,0.0000,0.0070,0.0028,0.0076
0.1683,1.9014,2.0000,0.0246,0.0084,167.0187,-65.0935,0.0000,0.1062,0.1062,-0.0611,0.0000,0.0000,0.0050,0.0020,0.0151
0.2000,1.7650,2.0000,0.0236,0.0084,166.8355,-65.0603,0.0000,0.1100,0.1100,-0.0520,0.0000,0.0000,0.0050,0.0020,0.0220
0.1493,1.9093,2.0000,0.0240,0.0172,166.6493,-65.0379,0.0000,0.1140,0.1140,-0.0197,0.0000,0.0000,0.0104,0.0041,0.0287
0.2000,1.8460,2.0000,0.0156,0.0172,166.4750,-65.0179,0.0000,0.1284,0.1284,-0.0170,0.0000,0.0000,0.0104,0.0041,0.0227
0.1993,1.8604,2.0000,0.0072,0.0172,166.2859,-64.9934,0.0000,0.1368,0.1368,-0.0154,0.0000,0.0000,0.0104,0.0041,0.0237
0.2000,1.7422,2.0000,0.0056,0.0240,166.1140,-64.9613,0.0000,0.1395,0.1395,0.0093,0.0000,0.0000,0.0145,0.0058,0.0227
0.1616,1.8907,2.0000,-0.0028,0.0240,165.9303,-64.9340,0.0000,0.1475,0.1475,0.0101,0.0000,0.0000,0.0145,0.0058,0.0230
0.2000,1.7344,2.0000,-0.0112,0.0240,165.7442,-64.9091,0.0000,0.1567,0.1567,0.0074,0.0000,0.0000,0.0145,0.0058,0.0189
0.2000,1.8413,2.0000,-0.0196,0.0116,165.5592,-64.8820,0.0000,0.1595,0.1595,-0.0250,0.0000,0.0000,0.0070,0.0028,0.0097
0.1999,1.8620,2.0000,-0.0280,0.0116,165.3718,-64.8500,0.0000,0.1573,0.1573,-0.0258,0.0000,0.0000,0.0070,0.0028,0.0073
0.1876,1.8535,2.0000,-0.0273,0.0038,165.1879,-64.8168,0.0000,0.1480,0.1480,-0.0464,0.0000,0.0000,0.0023,0.0009,0.0007
0.1578,1.8856,2.0000,-0.0189,0.0038,164.9966,-64.7833,0.0000,0.1370,0.1370,-0.0540,0.0000,0.0000,0.0023,0.0009,-0.0070
0.1760,1.8526,2.0000,-0.0106,0.0038,164.8086,-64.7542,0.0000,0.1301,0.1301,-0.0633,0.0000,0.0000,0.0023,0.0009,-0.0149
0.1202,1.9252,2.0000,-0.0022,0.0128,164.6227,-64.7250,0.0000,0.1220,0.1220,-0.0570,0.0000,0.0000,0.0077,0.0031,-0.0227
0.1443,1.8852,2.0000,0.0062,0.0128,164.4405,-64.7006,0.0000,0.1254,0.1254,-0.0604,0.0000,0.0000,0.0077,0.0031,-0.0234
0.1676,1.8644,2.0000,0.0146,0.0128,164.2602,-64.6771,0.0000,0.1331,0.1331,-0.0570,0.0000,0.0000,0.0077,0.0031,-0.0168
0.2000,1.8220,2.0000,0.0230,0.0202,164.0890,-64.6507,0.0000,0.1374,0.1374,-0.0563,0.0000,0.0000,0.0121,0.0049,-0.0086
0.2000,1.8019,2.0000,0.0265,0.0202,163.9082,-64.6195,0.0000,0.1367,0.1367,-0.0532,0.0000,0.0000,0.0121,0.0049,-0.0009
0.2000,1.7181,2.0000,0.0181,0.0202,163.7223,-64.5899,0.0000,0.1453,0.1453,-0.0439,0.0000,0.0000,0.0121,0.0049,0.0066
0.2000,1.8183,2.0000,0.0148,0.0086,163.5317,-64.5499,0.0000,0.1325,0.1325,-0.0616,0.0000,0.0000,0.0052,0.0021,0.0139
0.2005,1.8677,2.0000,0.0064,0.0086,163.3530,-64.5238,0.0000,0.1363,0.1363,-0.0524,0.0000,0.0000,0.0052,0.0021,0.0191
0.1269,1.9313,2.0000,0.0113,0.0066,163.1734,-64.4989,0.0000,0.1339,0.1339,-0.0651,0.0000,0.0000,0.0040,0.0016,0.0247
0.2000,1.7926,2.0000,0.0192,0.0066,162.9888,-64.4717,0.0000,0.1341,0.1341,-0.0670,0.0000,0.0000,0.0040,0.0016,0.0187
0.2000,1.7977,2.0000,0.0275,0.0066,162.8117,-64.4476,0.0000,0.1307,0.1307,-0.0685,0.0000,0.0000,0.0040,0.0016,0.0153
0.2002,1.8505,2.0000,0.0335,0.0115,162.6273,-64.4257,0.0000,0.1299,0.1299,-0.0638,0.0000,0.0000,0.0069,0.0028,0.0088
0.2000,1.7717,2.0000,0.0328,0.0115,162.4389,-64.3980,0.0000,0.1314,0.1314,-0.0601,0.0000,0.0000,0.0069,0.0028,0.0117
0.2001,1.8427,2.0000,0.0245,0.0115,162.2536,-64.3768,0.0000,0.1364,0.1364,-0.0528,0.0000,0.0000,0.0069,0.0028,0.0180
0.1961,1.8878,2.0000,0.0170,0.0122,162.0721,-64.3618,0.0000,0.1523,0.1523,-0.0372,0.0000,0.0000,0.0074,0.0029,0.0250
0.2001,1.8515,2.0000,0.0086,0.0122,161.8768,-64.3324,0.0000,0.1524,0.1524,-0.0326,0.0000,0.0000,0.0074,0.0029,0.0307
0.2000,1.8095,2.0000,0.0002,0.0089,161.6931,-64.3139,0.0000,0.1636,0.1636,-0.0261,0.0000,0.0000,0.0054,0.0022,0.0306
0.1101,1.9580,2.0000,-0.0082,0.0089,161.5041,-64.2939,0.0000,0.1689,0.1689,-0.0241,0.0000,0.0000,0.0054,0.0022,0.0255
0.2000,1.8329,2.0000,-0.0165,0.0089,161.3135,-64.2670,0.0000,0.1648,0.1648,-0.0313,0.0000,0.0000,0.0054,0.0022,0.0187
0.2000,1.8859,2.0000,-0.0249,0.0074,161.1284,-64.2448,0.0000,0.1675,0.1675,-0.0265,0.0000,0.0000,0.0045,0.0018,0.0121
0.1998,1.9075,2.0000,-0.0333,0.0074,160.9277,-64.2222,0.0000,0.1666,0.1666,-0.0347,0.0000,0.0000,0.0045,0.0018,0.0047
0.1910,1.8489,2.0000,-0.0289,0.0034,160.7269,-64.1935,0.0000,0.1619,0.1619,-0.0482,0.0000,0.0000,0.0021,0.0008,-0.0031
0.0489,2.0014,2.0000,-0.0205,0.0034,160.5545,-64.1650,0.0000,0.1488,0.1488,-0.0546,0.0000,0.0000,0.0021,0.0008,-0.0108
0.0039,2.0108,2.0000,-0.0121,0.0034,160.3791,-64.1330,0.0000,0.1306,0.1306,-0.0660,0.0000,0.0000,0.0021,0.0008,-0.0183
0.2000,1.7329,2.0000,-0.0037,0.0175,160.1883,-64.1028,0.0000,0.1282,0.1282,-0.0955,0.0000,0.0000,0.0105,0.0042,-0.0266
0.2000,1.7678,2.0000,0.0047,0.0175,160.0112,-64.0770,0.0000,0.1181,0.1181,-0.0983,0.0000,0.0000,0.0105,0.0042,-0.0258
0.1364,1.9146,2.0000,0.0130,0.0175,159.8095,-64.0465,0.0000,0.1002,0.1002,-0.1004,0.0000,0.0000,0.0105,0.0042,-0.0205
0.1999,1.7738,2.0000,0.0163,0.0123,159.6226,-64.0158,0.0000,0.1018,0.1018,-0.0880,0.0000,0.0000,0.0074,0.0030,-0.0126
0.1719,1.8785,2.0000,0.0247,0.0123,159.4379,-63.9856,0.0000,0.0914,0.0914,-0.0830,0.0000,0.0000,0.0074,0.0030,-0.0047
0.1630,1.8785,2.0000,0.0163,-0.0160,159.2446,-63.9587,0.0000,0.0900,0.0900,-0.0882,0.0000,0.0000,-0.0097,-0.0039,0.0033
0.2000,1.8559,2.0000,0.0247,-0.0160,159.0487,-63.9344,0.0000,0.0914,0.0914,-0.0815,0.0000,0.0000,-0.0097,-0.0039,0.0107
0.1257,1.9356,2.0000,0.0331,-0.0160,158.8560,-63.9059,0.0000,0.0846,0.0846,-0.0749,0.0000,0.0000,-0.0097,-0.0039,0.0155
0.0803,1.9577,2.0000,0.0415,-0.0002,158.6638,-63.8851,0.0000,0.0856,0.0856,-0.0751,0.0000,0.0000,-0.0001,-0.0001,0.0208
0.0925,1.9324,2.0000,0.0498,-0.0002,158.4751,-63.8665,0.0000,0.0901,0.0901,-0.0724,0.0000,0.0000,-0.0001,-0.0001,0.0184
0.0975,1.9181,2.0000,0.0472,-0.0001,158.2871,-63.8403,0.0000,0.0880,0.0880,-0.0636,0.0000,0.0000,-0.0000,-0.0000,0.0211
0.2003,1.8815,2.0000,0.0388,-0.0001,158.0953,-63.8087,0.0000,0.0836,0.0836,-0.0551,0.0000,0.0000,-0.0000,-0.0000,0.0283
0.1993,1.8825,2.0000,0.0305,-0.0001,157.9005,-63.7910,0.0000,0.0937,0.0937,-0.0444,0.0000,0.0000,-0.0000,-0.0000,0.0356
0.1281,1.9281,2.0000,0.0247,0.0026,157.7165,-63.7736,0.0000,0.1021,0.1021,-0.0255,0.0000,0.0000,0.0016,0.0006,0.0411
0.0914,1.9418,2.0000,0.0163,0.0026,157.5233,-63.7576,0.0000,0.1134,0.1134,-0.0182,0.0000,0.0000,0.0016,0.0006,0.0439
0.1910,1.8355,2.0000,0.0079,0.0026,157.3434,-63.7458,0.0000,0.1252,0.1252,-0.0174,0.0000,0.0000,0.0016,0.0006,0.0417
0.1293,1.9231,2.0000,0.0014,0.0044,157.1562,-63.7305,0.0000,0.1328,0.1328,-0.0078,0.0000,0.0000,0.0026,0.0011,0.0326
0.2000,1.7898,2.0000,-0.0070,0.0044,156.9521,-63.7184,0.0000,0.1469,0.1469,-0.0100,0.0000,0.0000,0.0026,0.0011,0.0252
0.1997,1.8637,2.0000,-0.0039,0.0159,156.7661,-63.6966,0.0000,0.1454,0.1454,-0.0095,0.0000,0.0000,0.0096,0.0038,0.0198
0.0231,2.0282,2.0000,-0.0123,0.0159,156.5774,-63.6881,0.0000,0.1584,0.1584,-0.0118,0.0000,0.0000,0.0096,0.0038,0.0128
0.1995,1.8567,2.0000,-0.0206,0.0159,156.3932,-63.6610,0.0000,0.1518,0.1518,-0.0182,0.0000,0.0000,0.0096,0.0038,0.0055
0.1714,1.8737,2.0000,-0.0290,-0.0056,156.2053,-63.6369,0.0000,0.1416,0.1416,-0.0799,0.0000,0.0000,-0.0034,-0.0014,-0.0043
0.1832,1.8457,2.0000,-0.0206,-0.0056,156.0152,-63.6245,0.0000,0.1404,0.1404,-0.0829,0.0000,0.0000,-0.0034,-0.0014,-0.0036
0.1620,1.8787,2.0000,-0.0122,-0.0056,155.8288,-63.6107,0.0000,0.1339,0.1339,-0.0880,0.0000,0.0000,-0.0034,-0.0014,-0.0060
0.1497,1.8870,2.0000,-0.0074,-0.0094,155.6425,-63.6025,0.0000,0.1348,0.1348,-0.0796,0.0000,0.0000,-0.0056,-0.0023,-0.0138
0.1781,1.8520,2.0000,0.0009,-0.0094,155.4486,-63.5611,0.0000,0.1061,0.1061,-0.0869,0.0000,0.0000,-0.0056,-0.0023,-0.0194
0.2004,1.8466,2.0000,0.0093,0.0211,155.2661,-63.5209,0.0000,0.0809,0.0809,-0.0349,0.0000,0.0000,0.0127,0.0051,-0.0250
0.0870,1.9665,2.0000,0.0138,0.0211,155.0795,-63.4976,0.0000,0.0835,0.0835,-0.0322,0.0000,0.0000,0.0127,0.0051,-0.0176
0.2003,1.8539,2.0000,0.0054,0.0211,154.8931,-63.4656,0.0000,0.0810,0.0810,-0.0285,0.0000,0.0000,0.0127,0.0051,-0.0096
0.1802,1.8640,2.0000,-0.0005,0.0069,154.7028,-63.4433,0.0000,0.0836,0.0836,-0.0679,0.0000,0.0000,0.0041,0.0017,-0.0048
0.1684,1.8754,2.0000,0.0079,0.0069,154.5039,-63.4240,0.0000,0.0872,0.0872,-0.0619,0.0000,0.0000,0.0041,0.0017,0.0030
0.1531,1.8997,2.0000,0.0141,0.0054,154.3181,-63.4128,0.0000,0.0972,0.0972,-0.0539,0.0000,0.0000,0.0033,0.0013,0.0096
0.0613,1.9821,2.0000,0.0207,0.0054,154.1309,-63.3913,0.0000,0.0914,0.0914,-0.0543,0.0000,0.0000,0.0033,0.0013,0.0111
0.2005,1.8464,2.0000,0.0286,0.0054,153.9424,-63.3615,0.0000,0.0848,0.0848,-0.0567,0.0000,0.0000,0.0033,0.0013,0.0030
0.1914,1.8679,2.0000,0.0285,0.0018,153.7582,-63.3370,0.0000,0.0812,0.0812,-0.0504,0.0000,0.0000,0.0011,0.0004,0.0051
0.1999,1.8916,2.0000,0.0201,0.0018,153.5796,-63.3159,0.0000,0.0824,0.0824,-0.0442,0.0000,0.0000,0.0011,0.0004,0.0117
0.1999,1.8422,2.0000,0.0118,0.0018,153.3942,-63.2975,0.0000,0.0890,0.0890,-0.0377,0.0000,0.0000,0.0011,0.0004,0.0176
0.2000,1.7839,2.0000,0.0034,-0.0016,153.2128,-63.2798,0.0000,0.0958,0.0958,-0.0270,0.0000,0.0000,-0.0010,-0.0004,0.0211
0.1997,1.8488,2.0000,-0.0050,-0.0016,153.0137,-63.2694,0.0000,0.1106,0.1106,-0.0207,0.0000,0.0000,-0.0010,-0.0004,0.0259
0.2000,1.8075,2.0000,-0.0134,-0.0016,152.8250,-63.2503,0.0000,0.1125,0.1125,-0.0228,0.0000,0.0000,-0.0010,-0.0004,0.0200
0.0739,1.9788,2.0000,-0.0050,0.0121,152.6354,-63.2326,0.0000,0.1055,0.1055,-0.0505,0.0000,0.0000,0.0073,0.0029,0.0124
0.1340,1.8809,2.0000,0.0034,0.0121,152.4444,-63.2121,0.0000,0.1016,0.1016,-0.0548,0.0000,0.0000,0.0073,0.0029,0.0066
0.1416,1.8877,2.0000,0.0053,0.0057,152.2487,-63.1986,0.0000,0.0992,0.0992,-0.0664,0.0000,0.0000,0.0034,0.0014,-0.0025
0.1286,1.9049,2.0000,0.0137,0.0057,152.0718,-63.1762,0.0000,0.0882,0.0882,-0.0707,0.0000,0.0000,0.0034,0.0014,-0.0080
0.0905,1.9427,2.0000,0.0221,0.0057,151.8812,-63.1484,0.0000,0.0759,0.0759,-0.0696,0.0000,0.0000,0.0034,0.0014,-0.0082
0.2000,1.7683,2.0000,0.0137,0.0001,151.6885,-63.1320,0.0000,0.0866,0.0866,-0.0370,0.0000,0.0000,0.0000,0.0000,0.0022
0.2001,1.9105,2.0000,0.0053,0.0001,151.5087,-63.1067,0.0000,0.0814,0.0814,-0.0326,0.0000,0.0000,0.0000,0.0000,0.0056
0.1576,1.9168,2.0000,0.0063,-0.0015,151.3305,-63.0834,0.0000,0.0813,0.0813,-0.0427,0.0000,0.0000,-0.0009,-0.0004,0.0118
0.2000,1.8010,2.0000,-0.0018,-0.0015,151.1428,-63.0732,0.0000,0.0935,0.0935,-0.0387,0.0000,0.0000,-0.0009,-0.0004,0.0172
0.2000,1.7813,2.0000,0.0057,-0.0015,150.9555,-63.0554,0.0000,0.0921,0.0921,-0.0411,0.0000,0.0000,-0.0009,-0.0004,0.0133
0.1992,1.8648,2.0000,0.0113,-0.0030,150.7609,-63.0396,0.0000,0.0913,0.0913,-0.0523,0.0000,0.0000,-0.0018,-0.0007,0.0075
0.1929,1.8649,2.0000,0.0191,-0.0030,150.5828,-63.0212,0.0000,0.0867,0.0867,-0.0533,0.0000,0.0000,-0.0018,-0.0007,0.0069
0.1361,1.9361,2.0000,0.0256,-0.0030,150.4010,-63.0050,0.0000,0.0827,0.0827,-0.0560,0.0000,0.0000,-0.0018,-0.0007,0.0006
0.2000,1.7752,2.0000,0.0232,0.0011,150.2134,-62.9949,0.0000,0.0967,0.0967,-0.0445,0.0000,0.0000,0.0007,0.0003,0.0064
0.2000,1.8099,2.0000,0.0152,0.0011,150.0315,-62.9828,0.0000,0.1031,0.1031,-0.0395,0.0000,0.0000,0.0007,0.0003,0.0114
0.1998,1.8636,2.0000,0.0069,0.0011,149.8468,-62.9663,0.0000,0.1072,0.1072,-0.0317,0.0000,0.0000,0.0007,0.0003,0.0182
0.2000,1.8082,2.0000,-0.0015,-0.0025,149.6457,-62.9532,0.0000,0.1194,0.1194,-0.0141,0.0000,0.0000,-0.0015,-0.0006,0.0229
0.2000,1.8403,2.0000,-0.0099,-0.0025,149.4532,-62.9435,0.0000,0.1299,0.1299,-0.0128,0.0000,0.0000,-0.0015,-0.0006,0.0215
0.0532,1.9995,2.0000,-0.0183,-0.0053,149.2608,-62.9319,0.0000,0.1382,0.1382,-0.0003,0.0000,0.0000,-0.0032,-0.0013,0.0149
0.1412,1.9111,2.0000,-0.0266,-0.0053,149.0760,-62.9031,0.0000,0.1275,0.1275,-0.0059,0.0000,0.0000,-0.0032,-0.0013,0.0077
0.1996,1.9121,2.0000,-0.0343,-0.0053,148.8879,-62.8897,0.0000,0.1332,0.1332,-0.0107,0.0000,0.0000,-0.0032,-0.0013,-0.0002
0.1866,1.8538,2.0000,-0.0427,-0.0373,148.6865,-62.8759,0.0000,0.1275,0.1275,-0.0768,0.0000,0.0000,-0.0225,-0.0090,-0.0079
0.1715,1.8699,2.0000,-0.0343,-0.0373,148.4954,-62.8759,0.0000,0.1314,0.1314,-0.0856,0.0000,0.0000,-0.0225,-0.0090,-0.0154
0.0459,1.9991,2.0000,-0.0259,-0.0334,148.3030,-62.8570,0.0000,0.1100,0.1100,-0.0861,0.0000,0.0000,-0.0201,-0.0081,-0.0237
0.1139,1.8936,2.0000,-0.0176,-0.0334,148.1093,-62.8372,0.0000,0.0989,0.0989,-0.0967,0.0000,0.0000,-0.0201,-0.0081,-0.0306
0.1123,1.9152,2.0000,-0.0092,-0.0334,147.9306,-62.8073,0.0000,0.0721,0.0721,-0.1083,0.0000,0.0000,-0.0201,-0.0081,-0.0405
0.1070,1.9292,2.0000,-0.0008,-0.0178,147.7477,-62.7840,0.0000,0.0650,0.0650,-0.0671,0.0000,0.0000,-0.0107,-0.0043,-0.0324
0.2000,1.7977,2.0000,0.0076,-0.0178,147.5734,-62.7570,0.0000,0.0621,0.0621,-0.0625,0.0000,0.0000,-0.0107,-0.0043,-0.0231
0.2000,1.8277,2.0000,0.0160,-0.0178,147.3819,-62.7367,0.0000,0.0609,0.0609,-0.0618,0.0000,0.0000,-0.0107,-0.0043,-0.0167
0.2000,1.7486,2.0000,0.0244,-0.0131,147.1910,-62.7125,0.0000,0.0599,0.0599,-0.0700,0.0000,0.0000,-0.0079,-0.0032,-0.0074
0.1486,1.9079,2.0000,0.0328,-0.0131,147.0072,-62.6963,0.0000,0.0589,0.0589,-0.0648,0.0000,0.0000,-0.0079,-0.0032,0.0004
0.1287,1.9084,2.0000,0.0395,-0.0116,146.8309,-62.6838,0.0000,0.0673,0.0673,-0.0639,0.0000,0.0000,-0.0070,-0.0028,0.0081
0.2001,1.8292,2.0000,0.0311,-0.0116,146.6536,-62.6706,0.0000,0.0772,0.0772,-0.0571,0.0000,0.0000,-0.0070,-0.0028,0.0149
0.1999,1.7537,2.0000,0.0248,-0.0116,146.4695,-62.6501,0.0000,0.0812,0.0812,-0.0492,0.0000,0.0000,-0.0070,-0.0028,0.0209
0.2000,1.7640,2.0000,0.0164,-0.0163,146.2756,-62.6273,0.0000,0.0828,0.0828,-0.0423,0.0000,0.0000,-0.0098,-0.0039,0.0298
0.2001,1.8381,2.0000,0.0080,-0.0163,146.0772,-62.6166,0.0000,0.0918,0.0918,-0.0355,0.0000,0.0000,-0.0098,-0.0039,0.0354
0.1169,1.9363,2.0000,0.0094,-0.0065,145.8913,-62.5977,0.0000,0.0884,0.0884,-0.0154,0.0000,0.0000,-0.0039,-0.0016,0.0279
0.0595,1.9712,2.0000,0.0010,-0.0065,145.7145,-62.5784,0.0000,0.0884,0.0884,-0.0156,0.0000,0.0000,-0.0039,-0.0016,0.0230
0.1990,1.8534,2.0000,-0.0074,-0.0065,145.5279,-62.5660,0.0000,0.0966,0.0966,-0.0187,0.0000,0.0000,-0.0039,-0.0016,0.0151
0.2000,1.7637,2.0000,-0.0158,-0.0065,145.3370,-62.5534,0.0000,0.1057,0.1057,-0.0203,0.0000,0.0000,-0.0039,-0.0016,0.0083
0.1998,1.8552,2.0000,-0.0137,0.0039,145.1494,-62.5268,0.0000,0.1026,0.1026,0.0011,0.0000,0.0000,0.0023,0.0009,0.0092
0.2001,1.8974,2.0000,-0.0211,0.0039,144.9496,-62.5037,0.0000,0.1000,0.1000,-0.0058,0.0000,0.0000,0.0023,0.0009,0.0028
0.1997,1.8789,2.0000,-0.0295,-0.0040,144.7729,-62.4808,0.0000,0.0968,0.0968,0.0066,0.0000,0.0000,-0.0024,-0.0010,-0.0049
0.0690,1.9935,2.0000,-0.0379,-0.0040,144.5928,-62.4705,0.0000,0.1090,0.1090,-0.0002,0.0000,0.0000,-0.0024,-0.0010,-0.0130
0.2000,1.7675,2.0000,-0.0463,-0.0040,144.3992,-62.4535,0.0000,0.1175,0.1175,-0.0023,0.0000,0.0000,-0.0024,-0.0010,-0.0125
0.2000,1.7873,2.0000,-0.0547,-0.0156,144.2084,-62.4281,0.0000,0.1154,0.1154,-0.0071,0.0000,0.0000,-0.0094,-0.0038,-0.0184
0.1326,1.9263,2.0000,-0.0482,-0.0156,144.0136,-62.3739,0.0000,0.0787,0.0787,-0.0219,0.0000,0.0000,-0.0094,-0.0038,-0.0259
0.1238,1.9085,2.0000,-0.0398,-0.0013,143.8345,-62.3576,0.0000,0.0812,0.0812,-0.0302,0.0000,0.0000,-0.0008,-0.0003,-0.0338
0.0241,2.0111,2.0000,-0.0315,-0.0013,143.6394,-62.3213,0.0000,0.0588,0.0588,-0.0492,0.0000,0.0000,-0.0008,-0.0003,-0.0462
0.2000,1.7809,2.0000,-0.0231,-0.0013,143.4580,-62.3150,0.0000,0.0791,0.0791,-0.0553,0.0000,0.0000,-0.0008,-0.0003,-0.0546
0.0861,1.9689,2.0000,-0.0315,-0.0187,143.2789,-62.2867,0.0000,0.0644,0.0644,-0.0865,0.0000,0.0000,-0.0113,-0.0045,-0.0518
0.1999,1.7968,2.0000,-0.0231,-0.0187,143.0922,-62.2501,0.0000,0.0582,0.0582,-0.0815,0.0000,0.0000,-0.0113,-0.0045,-0.0396
0.2000,1.7971,2.0000,-0.0147,-0.0187,142.9091,-62.2042,0.0000,0.0334,0.0334,-0.0821,0.0000,0.0000,-0.0113,-0.0045,-0.0319
0.1622,1.8864,2.0000,-0.0169,-0.0293,142.7270,-62.1801,0.0000,0.0232,0.0232,-0.0942,0.0000,0.0000,-0.0177,-0.0071,-0.0223
0.1567,1.8733,2.0000,-0.0085,-0.0293,142.5454,-62.1743,0.0000,0.0342,0.0342,-0.1013,0.0000,0.0000,-0.0177,-0.0071,-0.0285
0.2000,1.8184,2.0000,-0.0001,-0.0293,142.3745,-62.1500,0.0000,0.0320,0.0320,-0.1008,0.0000,0.0000,-0.0177,-0.0071,-0.0246
0.2000,1.7990,2.0000,-0.0018,-0.0394,142.1763,-62.1119,0.0000,0.0197,0.0197,-0.0906,0.0000,0.0000,-0.0237,-0.0095,-0.0163
0.2000,1.7109,2.0000,0.0066,-0.0394,141.9969,-62.0685,0.0000,0.0006,0.0006,-0.0927,0.0000,0.0000,-0.0237,-0.0095,-0.0148
0.0507,2.0014,2.0000,0.0150,-0.0344,141.8119,-62.0548,0.0000,-0.0028,-0.0028,-0.0948,0.0000,0.0000,-0.0207,-0.0083,-0.0099
0.1635,1.8300,2.0000,0.0234,-0.0344,141.6165,-62.0338,0.0000,0.0093,0.0093,-0.0910,0.0000,0.0000,-0.0207,-0.0083,-0.0023
0.1930,1.8391,2.0000,0.0318,-0.0344,141.4167,-62.0165,0.0000,0.0158,0.0158,-0.0906,0.0000,0.0000,-0.0207,-0.0083,-0.0007
0.1062,1.9479,2.0000,0.0402,-0.0194,141.2339,-61.9901,0.0000,0.0103,0.0103,-0.0890,0.0000,0.0000,-0.0117,-0.0047,0.0041
0.0397,1.9883,2.0000,0.0486,-0.0194,141.0573,-61.9427,0.0000,-0.0130,-0.0130,-0.0818,0.0000,0.0000,-0.0117,-0.0047,0.0115
0.2001,1.8329,2.0000,0.0570,-0.0185,140.8673,-61.9121,0.0000,-0.0082,-0.0082,-0.0355,0.0000,0.0000,-0.0111,-0.0045,0.0186
0.2000,1.8121,2.0000,0.0486,-0.0185,140.6699,-61.8851,0.0000,0.0011,0.0011,-0.0281,0.0000,0.0000,-0.0111,-0.0045,0.0256
0.1422,1.9082,2.0000,0.0402,-0.0185,140.4746,-61.8659,0.0000,0.0190,0.0190,-0.0175,0.0000,0.0000,-0.0111,-0.0045,0.0309
0.0643,1.9768,2.0000,0.0378,-0.0125,140.2961,-61.8538,0.0000,0.0503,0.0503,0.0276,0.0000,0.0000,-0.0075,-0.0030,0.0404
0.0619,1.9496,2.0000,0.0295,-0.0125,140.1059,-61.8315,0.0000,0.0692,0.0692,0.0354,0.0000,0.0000,-0.0075,-0.0030,0.0471
0.2000,1.7794,2.0000,0.0212,-0.0125,139.9156,-61.8083,0.0000,0.0826,0.0826,0.0367,0.0000,0.0000,-0.0075,-0.0030,0.0445
0.1506,1.8990,2.0000,0.0128,-0.0174,139.7279,-61.7818,0.0000,0.0915,0.0915,0.0089,0.0000,0.0000,-0.0105,-0.0042,0.0372
0.1310,1.9035,2.0000,0.0044,-0.0174,139.5428,-61.7611,0.0000,0.1026,0.1026,0.0110,0.0000,0.0000,-0.0105,-0.0042,0.0327
0.1438,1.8805,2.0000,0.0034,-0.0100,139.3618,-61.7474,0.0000,0.1204,0.1204,0.0297,0.0000,0.0000,-0.0060,-0.0024,0.0272
0.1781,1.8481,2.0000,-0.0050,-0.0100,139.1826,-61.7308,0.0000,0.1347,0.1347,0.0281,0.0000,0.0000,-0.0060,-0.0024,0.0201
0.2000,1.8011,2.0000,-0.0134,-0.0100,138.9970,-61.7066,0.0000,0.1430,0.1430,0.0269,0.0000,0.0000,-0.0060,-0.0024,0.0131
0.2000,1.7855,2.0000,-0.0152,-0.0034,138.8110,-61.6881,0.0000,0.1548,0.1548,0.0379,0.0000,0.0000,-0.0021,-0.0008,0.0058
0.2001,1.8568,2.0000,-0.0236,-0.0034,138.6133,-61.6988,0.0000,0.2016,0.2016,0.0348,0.0000,0.0000,-0.0021,-0.0008,0.0021
0.2000,1.8512,2.0000,-0.0320,-0.0034,138.4384,-61.6849,0.0000,0.2167,0.2167,0.0292,0.0000,0.0000,-0.0021,-0.0008,-0.0032
0.0941,1.9635,2.0000,-0.0236,0.0141,138.2354,-61.6422,0.0000,0.2158,0.2158,0.0532,0.0000,0.0000,0.0085,0.0034,-0.0108
-0.0413,2.0585,2.0000,-0.0320,0.0141,138.0524,-61.6109,0.0000,0.2232,0.2232,0.0472,0.0000,0.0000,0.0085,0.0034,-0.0151
-0.0651,2.0585,2.0000,-0.0404,0.0091,137.8694,-61.5844,0.0000,0.2249,0.2249,0.0197,0.0000,0.0000,0.0055,0.0022,-0.0210
0.1351,1.8409,2.0000,-0.0487,0.0091,137.6817,-61.5678,0.0000,0.2390,0.2390,0.0129,0.0000,0.0000,0.0055,0.0022,-0.0286
0.1863,1.8327,2.0000,-0.0571,0.0091,137.5128,-61.5530,0.0000,0.2529,0.2529,0.0075,0.0000,0.0000,0.0055,0.0022,-0.0261
0.1710,1.8663,2.0000,-0.0655,-0.0090,137.3208,-61.5252,0.0000,0.2512,0.2512,-0.0443,0.0000,0.0000,-0.0054,-0.0022,-0.0289
0.2000,1.6781,2.0000,-0.0578,-0.0090,137.1396,-61.5012,0.0000,0.2547,0.2547,-0.0523,0.0000,0.0000,-0.0054,-0.0022,-0.0362
0.1293,1.9224,2.0000,-0.0494,-0.0090,136.9566,-61.4632,0.0000,0.2273,0.2273,-0.0724,0.0000,0.0000,-0.0054,-0.0022,-0.0492
0.1999,1.8108,2.0000,-0.0410,0.0075,136.7661,-61.4266,0.0000,0.2210,0.2210,-0.0474,0.0000,0.0000,0.0045,0.0018,-0.0566
0.1864,1.8533,2.0000,-0.0326,0.0075,136.5845,-61.3874,0.0000,0.2084,0.2084,-0.0602,0.0000,0.0000,0.0045,0.0018,-0.0638
0.1282,1.9227,2.0000,-0.0242,0.0161,136.3954,-61.3523,0.0000,0.2054,0.2054,-0.0501,0.0000,0.0000,0.0097,0.0039,-0.0616
0.2001,1.8416,2.0000,-0.0220,0.0161,136.2262,-61.3179,0.0000,0.2051,0.2051,-0.0523,0.0000,0.0000,0.0097,0.0039,-0.0555
0.1433,1.9070,2.0000,-0.0150,0.0161,136.0384,-61.2718,0.0000,0.1950,0.1950,-0.0543,0.0000,0.0000,0.0097,0.0039,-0.0454
0.2000,1.7113,2.0000,-0.0195,0.0032,135.8598,-61.2220,0.0000,0.1902,0.1902,-0.0690,0.0000,0.0000,0.0019,0.0008,-0.0370
0.1338,1.9175,2.0000,-0.0111,0.0032,135.6836,-61.1873,0.0000,0.1806,0.1806,-0.0723,0.0000,0.0000,0.0019,0.0008,-0.0309
0.1900,1.8378,2.0000,-0.0027,0.0032,135.4957,-61.1444,0.0000,0.1764,0.1764,-0.0714,0.0000,0.0000,0.0019,0.0008,-0.0236
0.2000,1.7796,2.0000,0.0052,0.0029,135.3169,-61.1131,0.0000,0.1787,0.1787,-0.0751,0.0000,0.0000,0.0018,0.0007,-0.0223
0.1519,1.9102,2.0000,0.0078,0.0029,135.1311,-61.0663,0.0000,0.1645,0.1645,-0.0740,0.0000,0.0000,0.0018,0.0007,-0.0170
0.2000,1.7982,2.0000,0.0160,0.0029,134.9554,-61.0262,0.0000,0.1629,0.1629,-0.0744,0.0000,0.0000,0.0018,0.0007,-0.0184
0.1695,1.8998,2.0000,0.0233,0.0094,134.7739,-60.9731,0.0000,0.1438,0.1438,-0.0713,0.0000,0.0000,0.0057,0.0023,-0.0107
0.2000,1.7866,2.0000,0.0149,0.0094,134.5925,-60.9375,0.0000,0.1512,0.1512,-0.0654,0.0000,0.0000,0.0057,0.0023,-0.0024
0.1890,1.8756,2.0000,0.0137,0.0046,134.4252,-60.9004,0.0000,0.1481,0.1481,-0.0698,0.0000,0.0000,0.0028,0.0011,0.0038
0.2000,1.8319,2.0000,0.0220,0.0046,134.2603,-60.8475,0.0000,0.1305,0.1305,-0.0664,0.0000,0.0000,0.0028,0.0011,0.0066
0.2000,1.7004,2.0000,0.0136,0.0046,134.0583,-60.8176,0.0000,0.1460,0.1460,-0.0611,0.0000,0.0000,0.0028,0.0011,0.0135
0.2000,1.7165,2.0000,0.0052,0.0026,133.8786,-60.7736,0.0000,0.1378,0.1378,-0.0602,0.0000,0.0000,0.0016,0.0006,0.0186
0.0279,2.0252,2.0000,-0.0032,0.0026,133.6945,-60.7394,0.0000,0.1310,0.1310,-0.0578,0.0000,0.0000,0.0016,0.0006,0.0124
0.1918,1.8353,2.0000,-0.0031,0.0026,133.5018,-60.7139,0.0000,0.1471,0.1471,-0.0578,0.0000,0.0000,0.0016,0.0006,0.0125
0.2005,1.8576,2.0000,0.0020,0.0114,133.3245,-60.6685,0.0000,0.1354,0.1354,-0.0523,0.0000,0.0000,0.0069,0.0027,0.0171
0.1252,1.9282,2.0000,0.0056,0.0114,133.1315,-60.6452,0.0000,0.1447,0.1447,-0.0554,0.0000,0.0000,0.0069,0.0027,0.0106
0.2000,1.8145,2.0000,0.0140,0.0118,132.9513,-60.6044,0.0000,0.1394,0.1394,-0.0626,0.0000,0.0000,0.0071,0.0028,0.0040
0.1375,1.9276,2.0000,0.0184,0.0118,132.7733,-60.5704,0.0000,0.1331,0.1331,-0.0662,0.0000,0.0000,0.0071,0.0028,-0.0037
0.2000,1.8316,2.0000,0.0262,0.0118,132.5868,-60.5254,0.0000,0.1270,0.1270,-0.0643,0.0000,0.0000,0.0071,0.0028,-0.0015
0.2000,1.7965,2.0000,0.0346,0.0120,132.4025,-60.4700,0.0000,0.1109,0.1109,-0.0628,0.0000,0.0000,0.0072,0.0029,0.0028
0.1721,1.9030,2.0000,0.0329,0.0120,132.2380,-60.4427,0.0000,0.1113,0.1113,-0.0600,0.0000,0.0000,0.0072,0.0029,0.0065
0.2000,1.9068,2.0000,0.0378,0.0252,132.0352,-60.3912,0.0000,0.1007,0.1007,-0.0428,0.0000,0.0000,0.0152,0.0061,0.0137
0.2000,1.6535,2.0000,0.0294,0.0252,131.8374,-60.3759,0.0000,0.1347,0.1347,-0.0346,0.0000,0.0000,0.0152,0.0061,0.0193
0.0000,2.0744,2.0000,0.0210,0.0252,131.6539,-60.3430,0.0000,0.1361,0.1361,-0.0238,0.0000,0.0000,0.0152,0.0061,0.0263
0.0297,1.9727,2.0000,0.0189,0.0315,131.4756,-60.3012,0.0000,0.1365,0.1365,-0.0165,0.0000,0.0000,0.0190,0.0076,0.0284
0.1676,1.8496,2.0000,0.0105,0.0315,131.2853,-60.2773,0.0000,0.1518,0.1518,-0.0144,0.0000,0.0000,0.0190,0.0076,0.0320
0.2000,1.8157,2.0000,0.0021,0.0315,131.0913,-60.2526,0.0000,0.1670,0.1670,-0.0130,0.0000,0.0000,0.0190,0.0076,0.0274
0.2011,1.9019,2.0000,-0.0063,0.0243,130.8982,-60.2396,0.0000,0.1888,0.1888,-0.0287,0.0000,0.0000,0.0147,0.0059,0.0198
0.1841,1.9409,2.0000,-0.0143,0.0243,130.7021,-60.2038,0.0000,0.1843,0.1843,-0.0319,0.0000,0.0000,0.0147,0.0059,0.0168
0.1877,1.9211,2.0000,-0.0227,0.0225,130.4964,-60.1797,0.0000,0.1967,0.1967,-0.0327,0.0000,0.0000,0.0136,0.0054,0.0094
0.0816,1.9771,2.0000,-0.0284,0.0225,130.2961,-60.1602,0.0000,0.2056,0.2056,-0.0406,0.0000,0.0000,0.0136,0.0054,0.0019
-0.0361,2.0539,2.0000,-0.0324,0.0141,130.1021,-60.1370,0.0000,0.2112,0.2112,-0.0453,0.0000,0.0000,0.0085,0.0034,-0.0061
-0.0057,1.9934,2.0000,-0.0241,0.0141,129.9086,-60.0954,0.0000,0.1975,0.1975,-0.0552,0.0000,0.0000,0.0085,0.0034,-0.0128
0.0579,1.9371,2.0000,-0.0157,0.0141,129.7145,-60.0492,0.0000,0.1809,0.1809,-0.0645,0.0000,0.0000,0.0085,0.0034,-0.0216
0.0509,1.9618,2.0000,-0.0217,-0.0004,129.5217,-60.0133,0.0000,0.1695,0.1695,-0.0921,0.0000,0.0000,-0.0002,-0.0001,-0.0279
0.0351,1.9791,2.0000,-0.0133,-0.0004,129.3277,-59.9662,0.0000,0.1472,0.1472,-0.0985,0.0000,0.0000,-0.0002,-0.0001,-0.0298
0.0585,1.9432,2.0000,-0.0049,-0.0004,129.1485,-59.9340,0.0000,0.1462,0.1462,-0.0950,0.0000,0.0000,-0.0002,-0.0001,-0.0225
0.0369,1.9789,2.0000,-0.0034,-0.0072,128.9522,-59.8904,0.0000,0.1285,0.1285,-0.1010,0.0000,0.0000,-0.0044,-0.0017,-0.0169
0.2000,1.8052,2.0000,0.0050,-0.0072,128.7602,-59.8471,0.0000,0.1216,0.1216,-0.1037,0.0000,0.0000,-0.0044,-0.0017,-0.0207
0.0603,1.9927,2.0000,0.0134,-0.0043,128.5822,-59.8121,0.0000,0.1042,0.1042,-0.1076,0.0000,0.0000,-0.0026,-0.0010,-0.0134
0.0638,1.9514,2.0000,0.0218,-0.0043,128.3980,-59.7712,0.0000,0.0962,0.0962,-0.1018,0.0000,0.0000,-0.0026,-0.0010,-0.0044
0.2000,1.7985,2.0000,0.0302,-0.0043,128.2124,-59.7328,0.0000,0.0945,0.0945,-0.0999,0.0000,0.0000,-0.0026,-0.0010,-0.0025
0.1997,1.8706,2.0000,0.0310,-0.0117,128.0364,-59.6873,0.0000,0.0752,0.0752,-0.1139,0.0000,0.0000,-0.0071,-0.0028,0.0052
0.1730,1.8797,2.0000,0.0394,-0.0117,127.8409,-59.6531,0.0000,0.0713,0.0713,-0.1057,0.0000,0.0000,-0.0071,-0.0028,0.0128
0.2000,1.8026,2.0000,0.0478,-0.0117,127.6548,-59.6173,0.0000,0.0696,0.0696,-0.0977,0.0000,0.0000,-0.0071,-0.0028,0.0190
0.0858,1.9682,2.0000,0.0562,-0.0049,127.4642,-59.5876,0.0000,0.0589,0.0589,-0.1036,0.0000,0.0000,-0.0030,-0.0012,0.0258
0.1411,1.8806,2.0000,0.0646,-0.0049,127.2771,-59.5563,0.0000,0.0583,0.0583,-0.0988,0.0000,0.0000,-0.0030,-0.0012,0.0270
0.1222,1.9145,2.0000,0.0706,-0.0074,127.0906,-59.5288,0.0000,0.0578,0.0578,-0.0871,0.0000,0.0000,-0.0044,-0.0018,0.0344
0.1380,1.8823,2.0000,0.0711,-0.0074,126.8968,-59.5007,0.0000,0.0623,0.0623,-0.0761,0.0000,0.0000,-0.0044,-0.0018,0.0412
0.1727,1.8713,2.0000,0.0689,-0.0074,126.7233,-59.4757,0.0000,0.0652,0.0652,-0.0670,0.0000,0.0000,-0.0044,-0.0018,0.0458
0.1056,1.9446,2.0000,0.0605,-0.0079,126.5265,-59.4570,0.0000,0.0775,0.0775,-0.0475,0.0000,0.0000,-0.0048,-0.0019,0.0542
0.2002,1.7410,2.0000,0.0522,-0.0079,126.3522,-59.4351,0.0000,0.0917,0.0917,-0.0371,0.0000,0.0000,-0.0048,-0.0019,0.0628
0.0890,1.9644,2.0000,0.0606,0.0097,126.1551,-59.4161,0.0000,0.1009,0.1009,-0.0024,0.0000,0.0000,0.0058,0.0023,0.0658
0.1999,1.7455,2.0000,0.0522,0.0097,125.9765,-59.4030,0.0000,0.1180,0.1180,-0.0037,0.0000,0.0000,0.0058,0.0023,0.0588
0.0884,1.9670,2.0000,0.0438,0.0097,125.7913,-59.3841,0.0000,0.1300,0.1300,0.0032,0.0000,0.0000,0.0058,0.0023,0.0529
0.2000,1.7795,2.0000,0.0355,0.0097,125.6059,-59.3655,0.0000,0.1424,0.1424,0.0039,0.0000,0.0000,0.0058,0.0023,0.0466
0.1921,1.8478,2.0000,0.0351,0.0179,125.4091,-59.3502,0.0000,0.1669,0.1669,0.0319,0.0000,0.0000,0.0108,0.0043,0.0518
0.1889,1.8501,2.0000,0.0267,0.0179,125.2271,-59.3306,0.0000,0.1810,0.1810,0.0357,0.0000,0.0000,0.0108,0.0043,0.0475
0.0894,1.9608,2.0000,0.0225,0.0222,125.0273,-59.3210,0.0000,0.2089,0.2089,0.0496,0.0000,0.0000,0.0134,0.0053,0.0404
0.1971,1.8161,2.0000,0.0142,0.0222,124.8425,-59.2950,0.0000,0.2146,0.2146,0.0493,0.0000,0.0000,0.0134,0.0053,0.0328
0.0663,1.9857,2.0000,0.0058,0.0152,124.6629,-59.2859,0.0000,0.2419,0.2419,0.0402,0.0000,0.0000,0.0092,0.0037,0.0313
0.1622,1.8498,2.0000,-0.0026,0.0152,124.4715,-59.2583,0.0000,0.2453,0.2453,0.0403,0.0000,0.0000,0.0092,0.0037,0.0248
0.2000,1.7840,2.0000,-0.0110,0.0152,124.2933,-59.2478,0.0000,0.2617,0.2617,0.0386,0.0000,0.0000,0.0092,0.0037,0.0207
0.1344,1.9175,2.0000,-0.0194,0.0117,124.0970,-59.2231,0.0000,0.2702,0.2702,0.0338,0.0000,0.0000,0.0071,0.0028,0.0147
0.2000,1.7703,2.0000,-0.0278,0.0117,123.9009,-59.1970,0.0000,0.2711,0.2711,0.0299,0.0000,0.0000,0.0071,0.0028,0.0076
0.0925,1.9611,2.0000,-0.0361,0.0117,123.7101,-59.1690,0.0000,0.2708,0.2708,0.0228,0.0000,0.0000,0.0071,0.0028,-0.0000
0.0629,1.9620,2.0000,-0.0445,0.0067,123.5236,-59.1555,0.0000,0.2758,0.2758,-0.0162,0.0000,0.0000,0.0041,0.0016,-0.0079
0.1092,1.9120,2.0000,-0.0529,0.0067,123.3403,-59.1320,0.0000,0.2670,0.2670,-0.0274,0.0000,0.0000,0.0041,0.0016,-0.0159
0.1671,1.8537,2.0000,-0.0580,0.0067,123.1613,-59.1034,0.0000,0.2542,0.2542,-0.0375,0.0000,0.0000,0.0041,0.0016,-0.0236
0.1948,1.8315,2.0000,-0.0496,0.0125,122.9780,-59.0710,0.0000,0.2398,0.2398,-0.0393,0.0000,0.0000,0.0075,0.0030,-0.0313
0.2000,1.7975,2.0000,-0.0412,0.0125,122.7931,-59.0342,0.0000,0.2167,0.2167,-0.0554,0.0000,0.0000,0.0075,0.0030,-0.0434
0.1940,1.8469,2.0000,-0.0328,0.0157,122.6205,-59.0205,0.0000,0.2147,0.2147,-0.0624,0.0000,0.0000,0.0094,0.0038,-0.0526
0.1711,1.8710,2.0000,-0.0244,0.0157,122.4449,-59.0102,0.0000,0.2210,0.2210,-0.0719,0.0000,0.0000,0.0094,0.0038,-0.0580
0.2000,1.7138,2.0000,-0.0161,0.0157,122.2696,-58.9760,0.0000,0.2125,0.2125,-0.0730,0.0000,0.0000,0.0094,0.0038,-0.0520
0.2000,1.7401,2.0000,-0.0077,0.0157,122.0988,-58.9526,0.0000,0.2102,0.2102,-0.0727,0.0000,0.0000,0.0094,0.0038,-0.0409
0.2000,1.7725,2.0000,-0.0098,0.0051,121.9093,-58.9252,0.0000,0.2040,0.2040,-0.0915,0.0000,0.0000,0.0031,0.0012,-0.0313
0.2000,1.7080,2.0000,-0.0014,0.0051,121.7302,-58.8986,0.0000,0.2019,0.2019,-0.0886,0.0000,0.0000,0.0031,0.0012,-0.0233
0.1526,1.8982,2.0000,0.0010,-0.0009,121.5511,-58.8669,0.0000,0.1845,0.1845,-0.0889,0.0000,0.0000,-0.0005,-0.0002,-0.0153
0.2000,1.7942,2.0000,0.0094,-0.0009,121.3632,-58.8359,0.0000,0.1795,0.1795,-0.0868,0.0000,0.0000,-0.0005,-0.0002,-0.0076
0.2000,1.8033,2.0000,0.0178,-0.0009,121.1768,-58.8138,0.0000,0.1782,0.1782,-0.0875,0.0000,0.0000,-0.0005,-0.0002,-0.0082
0.1879,1.8880,2.0000,0.0183,0.0042,120.9950,-58.7894,0.0000,0.1740,0.1740,-0.0813,0.0000,0.0000,0.0025,0.0010,-0.0016
0.1995,1.8604,2.0000,0.0155,0.0042,120.8130,-58.7669,0.0000,0.1750,0.1750,-0.0795,0.0000,0.0000,0.0025,0.0010,0.0016
0.2000,1.8192,2.0000,0.0124,0.0094,120.6371,-58.7454,0.0000,0.1808,0.1808,-0.0678,0.0000,0.0000,0.0057,0.0023,0.0082
0.2000,1.8183,2.0000,0.0041,0.0094,120.4503,-58.7155,0.0000,0.1792,0.1792,-0.0602,0.0000,0.0000,0.0057,0.0023,0.0155
0.2000,1.7580,2.0000,-0.0043,0.0094,120.2718,-58.6967,0.0000,0.1851,0.1851,-0.0589,0.0000,0.0000,0.0057,0.0023,0.0169
0.2008,1.8762,2.0000,-0.0127,0.0061,120.0886,-58.6792,0.0000,0.1890,0.1890,-0.0515,0.0000,0.0000,0.0037,0.0015,0.0151
0.2000,1.7802,2.0000,-0.0162,0.0061,119.9118,-58.6573,0.0000,0.1929,0.1929,-0.0518,0.0000,0.0000,0.0037,0.0015,0.0125
0.2000,1.8262,2.0000,-0.0093,0.0061,119.7361,-58.6268,0.0000,0.1819,0.1819,-0.0556,0.0000,0.0000,0.0037,0.0015,0.0060
0.2000,1.7664,2.0000,-0.0077,-0.0006,119.5569,-58.5923,0.0000,0.1660,0.1660,-0.0817,0.0000,0.0000,-0.0003,-0.0001,-0.0014
0.2000,1.7684,2.0000,0.0007,-0.0006,119.3640,-58.5637,0.0000,0.1558,0.1558,-0.0869,0.0000,0.0000,-0.0003,-0.0001,-0.0094
0.2000,1.8095,2.0000,0.0091,-0.0006,119.1858,-58.5441,0.0000,0.1513,0.1513,-0.0911,0.0000,0.0000,-0.0003,-0.0001,-0.0135
0.1264,1.9325,2.0000,0.0175,0.0144,119.0000,-58.5115,0.0000,0.1308,0.1308,-0.0982,0.0000,0.0000,0.0087,0.0035,-0.0092
0.2000,1.7773,2.0000,0.0258,0.0144,118.8137,-58.4861,0.0000,0.1330,0.1330,-0.0959,0.0000,0.0000,0.0087,0.0035,-0.0060
0.1834,1.8700,2.0000,0.0342,0.0193,118.6390,-58.4689,0.0000,0.1316,0.1316,-0.0928,0.0000,0.0000,0.0116,0.0046,-0.0005
0.1993,1.8645,2.0000,0.0426,0.0193,118.4621,-58.4456,0.0000,0.1309,0.1309,-0.0861,0.0000,0.0000,0.0116,0.0046,0.0070
0.2000,1.7410,2.0000,0.0509,0.0193,118.2740,-58.4250,0.0000,0.1395,0.1395,-0.0790,0.0000,0.0000,0.0116,0.0046,0.0141
0.2000,1.7693,2.0000,0.0555,0.0282,118.0936,-58.4040,0.0000,0.1413,0.1413,-0.0664,0.0000,0.0000,0.0170,0.0068,0.0211
0.2001,1.8774,2.0000,0.0475,0.0282,117.9114,-58.3797,0.0000,0.1388,0.1388,-0.0575,0.0000,0.0000,0.0170,0.0068,0.0284
0.2000,1.8025,2.0000,0.0391,0.0282,117.7345,-58.3563,0.0000,0.1439,0.1439,-0.0478,0.0000,0.0000,0.0170,0.0068,0.0354
0.2000,1.8235,2.0000,0.0419,0.0393,117.5611,-58.3324,0.0000,0.1467,0.1467,-0.0262,0.0000,0.0000,0.0237,0.0095,0.0425
0.2000,1.7707,2.0000,0.0335,0.0393,117.3701,-58.3165,0.0000,0.1610,0.1610,-0.0178,0.0000,0.0000,0.0237,0.0095,0.0476
0.2000,1.7370,2.0000,0.0251,0.0393,117.1851,-58.2978,0.0000,0.1678,0.1678,-0.0153,0.0000,0.0000,0.0237,0.0095,0.0439
0.2001,1.8461,2.0000,0.0167,0.0386,117.0077,-58.2743,0.0000,0.1656,0.1656,-0.0228,0.0000,0.0000,0.0232,0.0093,0.0369
0.1995,1.8461,2.0000,0.0086,0.0386,116.8296,-58.2529,0.0000,0.1662,0.1662,-0.0200,0.0000,0.0000,0.0232,0.0093,0.0363
0.1998,1.8461,2.0000,0.0020,0.0402,116.6494,-58.2395,0.0000,0.1735,0.1735,-0.0278,0.0000,0.0000,0.0242,0.0097,0.0310
0.2000,1.7924,2.0000,0.0011,0.0402,116.4716,-58.2210,0.0000,0.1739,0.1739,-0.0298,0.0000,0.0000,0.0242,0.0097,0.0240
0.2000,1.7924,2.0000,0.0008,0.0402,116.2873,-58.2018,0.0000,0.1736,0.1736,-0.0307,0.0000,0.0000,0.0242,0.0097,0.0187
0.2000,1.7733,2.0000,0.0002,0.0448,116.0953,-58.1827,0.0000,0.1725,0.1725,-0.0217,0.0000,0.0000,0.0270,0.0108,0.0119
0.1999,1.8374,2.0000,-0.0081,0.0448,115.9193,-58.1539,0.0000,0.1620,0.1620,-0.0247,0.0000,0.0000,0.0270,0.0108,0.0048
0.1435,1.9133,2.0000,-0.0152,0.0345,115.7315,-58.1320,0.0000,0.1594,0.1594,-0.0294,0.0000,0.0000,0.0208,0.0083,0.0009
0.2000,1.7675,2.0000,-0.0085,0.0345,115.5486,-58.1171,0.0000,0.1659,0.1659,-0.0307,0.0000,0.0000,0.0208,0.0083,0.0005
0.1707,1.8750,2.0000,-0.0013,0.0345,115.3624,-58.0932,0.0000,0.1578,0.1578,-0.0342,0.0000,0.0000,0.0208,0.0083,0.0001
0.2000,1.8190,2.0000,-0.0097,0.0166,115.1650,-58.0691,0.0000,0.1531,0.1531,-0.0802,0.0000,0.0000,0.0100,0.0040,-0.0034
0.1812,1.8610,2.0000,-0.0013,0.0166,114.9700,-58.0394,0.0000,0.1314,0.1314,-0.0863,0.0000,0.0000,0.0100,0.0040,-0.0107
0.1118,1.9708,2.0028,0.0018,0.0113,114.7739,-58.0198,0.0000,0.1177,0.1177,-0.1020,0.0000,0.0000,0.0068,0.0027,-0.0117
0.0942,1.9565,2.0054,0.0101,0.0113,114.5869,-58.0031,0.0000,0.1131,0.1131,-0.0991,0.0000,0.0000,0.0068,0.0027,-0.0056
0.0917,1.9535,2.0077,0.0185,0.0113,114.3953,-57.9788,0.0000,0.1003,0.1003,-0.0980,0.0000,0.0000,0.0068,0.0027,-0.0049
0.1788,1.8611,2.0098,0.0269,0.0164,114.2115,-57.9535,0.0000,0.0885,0.0885,-0.1158,0.0000,0.0000,0.0099,0.0040,-0.0045
0.1546,1.9153,2.0116,0.0352,0.0164,114.0215,-57.9238,0.0000,0.0667,0.0667,-0.1105,0.0000,0.0000,0.0099,0.0040,0.0005
0.2000,1.8390,2.0133,0.0436,0.0164,113.8355,-57.9053,0.0000,0.0642,0.0642,-0.1041,0.0000,0.0000,0.0099,0.0040,0.0055
0.1899,1.9065,2.0148,0.0483,0.0128,113.6441,-57.8830,0.0000,0.0490,0.0490,-0.1123,0.0000,0.0000,0.0077,0.0031,0.0119
0.1999,1.8539,2.0162,0.0567,0.0128,113.4613,-57.8644,0.0000,0.0433,0.0433,-0.1047,0.0000,0.0000,0.0077,0.0031,0.0172
0.1654,1.9112,2.0174,0.0651,0.0128,113.2655,-57.8469,0.0000,0.0353,0.0353,-0.0939,0.0000,0.0000,0.0077,0.0031,0.0245
0.2000,1.8230,2.0185,0.0611,0.0004,113.0805,-57.8350,0.0000,0.0383,0.0383,-0.0925,0.0000,0.0000,0.0002,0.0001,0.0320
0.1284,1.9504,2.0195,0.0695,0.0004,112.8786,-57.8302,0.0000,0.0409,0.0409,-0.0774,0.0000,0.0000,0.0002,0.0001,0.0429
0.2000,1.8405,2.0204,0.0751,-0.0024,112.6894,-57.8199,0.0000,0.0436,0.0436,-0.0839,0.0000,0.0000,-0.0014,-0.0006,0.0429
0.0783,2.0067,2.0212,0.0834,-0.0024,112.4974,-57.8144,0.0000,0.0412,0.0412,-0.0706,0.0000,0.0000,-0.0014,-0.0006,0.0486
0.1959,1.8807,2.0219,0.0869,-0.0024,112.2883,-57.8021,0.0000,0.0428,0.0428,-0.0613,0.0000,0.0000,-0.0014,-0.0006,0.0547
0.1665,1.9064,2.0225,0.0858,0.0050,112.0984,-57.7985,0.0000,0.0474,0.0474,-0.0504,0.0000,0.0000,0.0030,0.0012,0.0537
-0.0141,2.0800,2.0231,0.0774,0.0050,111.9055,-57.7938,0.0000,0.0524,0.0524,-0.0319,0.0000,0.0000,0.0030,0.0012,0.0637
0.1307,1.8871,2.0237,0.0813,0.0173,111.7082,-57.8001,0.0000,0.0757,0.0757,0.0008,0.0000,0.0000,0.0104,0.0042,0.0697
0.1348,1.9163,2.0241,0.0729,0.0173,111.5112,-57.7979,0.0000,0.0898,0.0898,0.0145,0.0000,0.0000,0.0104,0.0042,0.0756
0.0992,1.9637,2.0246,0.0645,0.0173,111.3127,-57.8046,0.0000,0.1128,0.1128,0.0270,0.0000,0.0000,0.0104,0.0042,0.0776
0.0935,1.9549,2.0249,0.0590,0.0201,111.1204,-57.8095,0.0000,0.1330,0.1330,0.0370,0.0000,0.0000,0.0121,0.0049,0.0757
0.0751,1.9753,2.0253,0.0506,0.0201,110.9217,-57.8195,0.0000,0.1569,0.1569,0.0440,0.0000,0.0000,0.0121,0.0049,0.0705
0.1277,1.9114,2.0256,0.0435,0.0215,110.7230,-57.8254,0.0000,0.1761,0.1761,0.0533,0.0000,0.0000,0.0129,0.0052,0.0720
0.0847,1.9770,2.0259,0.0351,0.0215,110.5212,-57.8342,0.0000,0.1983,0.1983,0.0580,0.0000,0.0000,0.0129,0.0052,0.0630
0.0742,1.9733,2.0261,0.0267,0.0215,110.3201,-57.8410,0.0000,0.2150,0.2150,0.0596,0.0000,0.0000,0.0129,0.0052,0.0538
0.0443,2.0049,2.0264,0.0183,0.0098,110.1227,-57.8553,0.0000,0.2357,0.2357,0.0352,0.0000,0.0000,0.0059,0.0024,0.0505
0.0400,1.9980,2.0266,0.0099,0.0098,109.9290,-57.8659,0.0000,0.2502,0.2502,0.0372,0.0000,0.0000,0.0059,0.0024,0.0436
0.2000,1.9642,2.0466,0.0025,0.0107,109.7264,-57.8808,0.0000,0.2661,0.2661,0.0305,0.0000,0.0000,0.0065,0.0026,0.0364
0.1999,1.9249,2.0666,-0.0059,0.0107,109.5260,-57.8945,0.0000,0.2789,0.2789,0.0293,0.0000,0.0000,0.0065,0.0026,0.0292
0.2000,2.0158,2.0866,-0.0143,0.0107,109.3311,-57.9126,0.0000,0.2970,0.2970,0.0284,0.0000,0.0000,0.0065,0.0026,0.0227
0.2000,1.9927,2.1031,-0.0136,0.0199,109.1268,-57.9283,0.0000,0.3131,0.3131,0.0454,0.0000,0.0000,0.0120,0.0048,0.0137
0.2000,1.9412,2.1142,-0.0220,0.0199,108.9268,-57.9469,0.0000,0.3300,0.3300,0.0400,0.0000,0.0000,0.0120,0.0048,0.0077
0.1721,2.0324,2.1200,-0.0304,0.0175,108.7328,-57.9572,0.0000,0.3378,0.3378,0.0261,0.0000,0.0000,0.0105,0.0042,0.0006
0.2000,1.9906,2.1332,-0.0388,0.0175,108.5454,-57.9631,0.0000,0.3407,0.3407,0.0201,0.0000,0.0000,0.0105,0.0042,-0.0063
0.2000,1.9252,2.1425,-0.0472,0.0175,108.3439,-57.9790,0.0000,0.3516,0.3516,0.0121,0.0000,0.0000,0.0105,0.0042,-0.0127
0.2000,1.8594,2.1523,-0.0556,0.0090,108.1415,-57.9815,0.0000,0.3461,0.3461,-0.0117,0.0000,0.0000,0.0054,0.0022,-0.0139
0.1916,2.0023,2.1555,-0.0640,0.0090,107.9401,-57.9785,0.0000,0.3321,0.3321,-0.0234,0.0000,0.0000,0.0054,0.0022,-0.0217
0.2000,2.0069,2.1619,-0.0619,0.0027,107.7378,-57.9771,0.0000,0.3166,0.3166,-0.0467,0.0000,0.0000,0.0017,0.0007,-0.0344
0.2000,1.9981,2.1714,-0.0535,0.0027,107.5394,-57.9747,0.0000,0.2988,0.2988,-0.0632,0.0000,0.0000,0.0017,0.0007,-0.0467
0.2000,2.0066,2.1800,-0.0451,0.0027,107.3391,-57.9757,0.0000,0.2819,0.2819,-0.0803,0.0000,0.0000,0.0017,0.0007,-0.0547
0.2000,1.9675,2.1877,-0.0367,0.0038,107.1425,-57.9617,0.0000,0.2535,0.2535,-0.1010,0.0000,0.0000,0.0023,0.0009,-0.0631
0.2000,1.9846,2.1947,-0.0283,0.0038,106.9495,-57.9478,0.0000,0.2268,0.2268,-0.1092,0.0000,0.0000,0.0023,0.0009,-0.0625
0.2000,1.9565,2.2009,-0.0199,0.0044,106.7541,-57.9380,0.0000,0.2085,0.2085,-0.1152,0.0000,0.0000,0.0026,0.0011,-0.0554
0.2000,1.9201,2.2066,-0.0115,0.0044,106.5652,-57.9285,0.0000,0.1939,0.1939,-0.1151,0.0000,0.0000,0.0026,0.0011,-0.0470
0.2000,1.9401,2.2116,-0.0031,0.0044,106.3691,-57.9148,0.0000,0.1750,0.1750,-0.1108,0.0000,0.0000,0.0026,0.0011,-0.0335
0.2000,1.8743,2.2162,0.0053,0.0050,106.1724,-57.9031,0.0000,0.1611,0.1611,-0.1101,0.0000,0.0000,0.0030,0.0012,-0.0256
0.2000,1.9492,2.2203,0.0136,0.0050,105.9841,-57.8860,0.0000,0.1356,0.1356,-0.1081,0.0000,0.0000,0.0030,0.0012,-0.0182
0.2000,1.9542,2.2240,0.0204,0.0034,105.7869,-57.8731,0.0000,0.1188,0.1188,-0.1134,0.0000,0.0000,0.0020,0.0008,-0.0101
0.2000,1.8743,2.2273,0.0288,0.0034,105.5916,-57.8664,0.0000,0.1120,0.1120,-0.1092,0.0000,0.0000,0.0020,0.0008,-0.0037
0.2000,1.9594,2.2303,0.0372,0.0034,105.3977,-57.8558,0.0000,0.0950,0.0950,-0.1020,0.0000,0.0000,0.0020,0.0008,0.0045
0.2000,1.9373,2.2330,0.0456,0.0110,105.2089,-57.8518,0.0000,0.0903,0.0903,-0.0965,0.0000,0.0000,0.0066,0.0026,0.0097
0.2000,1.9257,2.2354,0.0540,0.0110,105.0089,-57.8528,0.0000,0.0906,0.0906,-0.0887,0.0000,0.0000,0.0066,0.0026,0.0164
0.2000,1.8729,2.2376,0.0624,0.0110,104.8104,-57.8547,0.0000,0.0934,0.0934,-0.0815,0.0000,0.0000,0.0066,0.0026,0.0223
0.2000,1.9853,2.2396,0.0635,0.0136,104.6155,-57.8571,0.0000,0.0933,0.0933,-0.0696,0.0000,0.0000,0.0082,0.0033,0.0297
0.2001,1.9697,2.2413,0.0559,0.0136,104.4312,-57.8538,0.0000,0.0942,0.0942,-0.0576,0.0000,0.0000,0.0082,0.0033,0.0363
0.2000,1.9348,2.2429,0.0522,0.0183,104.2274,-57.8598,0.0000,0.1034,0.1034,-0.0413,0.0000,0.0000,0.0110,0.0044,0.0451
0.2000,1.8293,2.2444,0.0438,0.0183,104.0223,-57.8633,0.0000,0.1119,0.1119,-0.0319,0.0000,0.0000,0.0110,0.0044,0.0498
0.2000,2.0236,2.2456,0.0354,0.0171,103.8258,-57.8712,0.0000,0.1205,0.1205,-0.0113,0.0000,0.0000,0.0103,0.0041,0.0533
0.2000,2.0364,2.2468,0.0270,0.0171,103.6315,-57.8778,0.0000,0.1298,0.1298,-0.0057,0.0000,0.0000,0.0103,0.0041,0.0485
0.2000,1.9532,2.2478,0.0187,0.0171,103.4350,-57.8847,0.0000,0.1376,0.1376,-0.0030,0.0000,0.0000,0.0103,0.0041,0.0453
0.2000,1.9302,2.2488,0.0103,0.0119,103.2305,-57.8939,0.0000,0.1459,0.1459,-0.0097,0.0000,0.0000,0.0072,0.0029,0.0408
0.2000,1.9507,2.2496,0.0019,0.0119,103.0342,-57.8969,0.0000,0.1448,0.1448,-0.0102,0.0000,0.0000,0.0072,0.0029,0.0319
0.2000,2.0314,2.2504,-0.0065,0.0119,102.8355,-57.9011,0.0000,0.1445,0.1445,-0.0093,0.0000,0.0000,0.0072,0.0029,0.0259
0.2000,1.9471,2.2511,-0.0142,0.0126,102.6366,-57.9100,0.0000,0.1466,0.1466,-0.0173,0.0000,0.0000,0.0076,0.0030,0.0170
0.2000,1.9702,2.2517,-0.0155,0.0126,102.4291,-57.9148,0.0000,0.1431,0.1431,-0.0198,0.0000,0.0000,0.0076,0.0030,0.0117
0.2000,1.9746,2.2522,-0.0114,0.0097,102.2257,-57.9191,0.0000,0.1365,0.1365,-0.0285,0.0000,0.0000,0.0058,0.0023,0.0036
0.2000,2.0583,2.2527,-0.0034,0.0097,102.0216,-57.9204,0.0000,0.1238,0.1238,-0.0357,0.0000,0.0000,0.0058,0.0023,-0.0034
0.2000,2.0169,2.2532,0.0049,0.0097,101.8304,-57.9282,0.0000,0.1209,0.1209,-0.0429,0.0000,0.0000,0.0058,0.0023,-0.0129
0.2000,2.0237,2.2536,0.0056,0.0020,101.6394,-57.9310,0.0000,0.1120,0.1120,-0.0521,0.0000,0.0000,0.0012,0.0005,-0.0152
0.2000,1.8971,2.2540,0.0131,0.0020,101.4358,-57.9396,0.0000,0.1153,0.1153,-0.0505,0.0000,0.0000,0.0012,0.0005,-0.0115
0.2000,1.8931,2.2543,0.0196,0.0001,101.2496,-57.9464,0.0000,0.1160,0.1160,-0.0658,0.0000,0.0000,0.0001,0.0000,-0.0061
0.2000,2.0204,2.2546,0.0270,0.0001,101.0579,-57.9458,0.0000,0.1034,0.1034,-0.0594,0.0000,0.0000,0.0001,0.0000,0.0031
0.2001,1.8473,2.2548,0.0264,0.0001,100.8633,-57.9626,0.0000,0.1162,0.1162,-0.0563,0.0000,0.0000,0.0001,0.0000,0.0048
0.2001,1.9011,2.2551,0.0290,0.0038,100.6670,-57.9762,0.0000,0.1204,0.1204,-0.0560,0.0000,0.0000,0.0023,0.0009,0.0091
0.2000,1.9365,2.2553,0.0240,0.0038,100.4746,-57.9784,0.0000,0.1145,0.1145,-0.0480,0.0000,0.0000,0.0023,0.0009,0.0165
0.2000,1.9528,2.2555,0.0156,0.0014,100.2842,-57.9892,0.0000,0.1171,0.1171,-0.0471,0.0000,0.0000,0.0009,0.0003,0.0228
0.2000,1.9082,2.2557,0.0072,0.0014,100.0955,-57.9999,0.0000,0.1213,0.1213,-0.0410,0.0000,0.0000,0.0009,0.0003,0.0228
0.2000,1.8915,2.2558,-0.0012,0.0014,99.9096,-58.0141,0.0000,0.1251,0.1251,-0.0375,0.0000,0.0000,0.0009,0.0003,0.0250
0.2000,1.8755,2.2560,-0.0051,0.0058,99.7204,-58.0196,0.0000,0.1185,0.1185,-0.0271,0.0000,0.0000,0.0035,0.0014,0.0217
0.2000,1.8494,2.2561,0.0013,0.0058,99.5224,-58.0155,0.0000,0.1010,0.1010,-0.0308,0.0000,0.0000,0.0035,0.0014,0.0147
0.2000,1.8770,2.2562,0.0096,0.0058,99.3241,-58.0155,0.0000,0.0847,0.0847,-0.0364,0.0000,0.0000,0.0035,0.0014,0.0076
0.2000,1.9632,2.2563,0.0120,0.0033,99.1287,-58.0290,0.0000,0.0830,0.0830,-0.0364,0.0000,0.0000,0.0020,0.0008,0.0020
0.2000,1.9665,2.2564,0.0174,0.0033,98.9336,-58.0427,0.0000,0.0819,0.0819,-0.0417,0.0000,0.0000,0.0020,0.0008,-0.0045
0.2000,1.9413,2.2565,0.0195,0.0032,98.7475,-58.0552,0.0000,0.0864,0.0864,-0.0431,0.0000,0.0000,0.0019,0.0008,0.0006
0.2000,1.9393,2.2566,0.0195,0.0032,98.5491,-58.0633,0.0000,0.0831,0.0831,-0.0397,0.0000,0.0000,0.0019,0.0008,0.0074
0.2000,1.8494,2.2566,0.0111,0.0032,98.3544,-58.0833,0.0000,0.0949,0.0949,-0.0363,0.0000,0.0000,0.0019,0.0008,0.0101
0.2000,1.9686,2.2567,0.0138,0.0144,98.1619,-58.0922,0.0000,0.0927,0.0927,-0.0271,0.0000,0.0000,0.0087,0.0035,0.0151
0.2000,1.9411,2.2567,0.0055,0.0144,97.9677,-58.1031,0.0000,0.0956,0.0956,-0.0232,0.0000,0.0000,0.0087,0.0035,0.0170
0.2000,1.9110,2.2568,0.0041,0.0144,97.7877,-58.1099,0.0000,0.0945,0.0945,-0.0206,0.0000,0.0000,0.0087,0.0035,0.0172
0.2000,1.9292,2.2568,-0.0043,0.0109,97.6027,-58.1011,0.0000,0.0778,0.0778,-0.0074,0.0000,0.0000,0.0066,0.0026,0.0124
0.2000,1.7860,2.2569,-0.0127,0.0109,97.4162,-58.1105,0.0000,0.0805,0.0805,-0.0064,0.0000,0.0000,0.0066,0.0026,0.0124
0.2000,1.8359,2.2569,-0.0043,0.0110,97.2226,-58.1244,0.0000,0.0829,0.0829,-0.0244,0.0000,0.0000,0.0066,0.0027,0.0059
0.2000,1.8512,2.2569,0.0041,0.0110,97.0342,-58.1314,0.0000,0.0758,0.0758,-0.0278,0.0000,0.0000,0.0066,0.0027,0.0036
0.2000,1.9244,2.2570,0.0125,0.0110,96.8429,-58.1332,0.0000,0.0610,0.0610,-0.0337,0.0000,0.0000,0.0066,0.0027,-0.0030
0.2000,1.8688,2.2570,0.0209,0.0136,96.6519,-58.1396,0.0000,0.0525,0.0525,-0.0533,0.0000,0.0000,0.0082,0.0033,-0.0097
0.2000,1.8978,2.2570,0.0293,0.0136,96.4500,-58.1460,0.0000,0.0438,0.0438,-0.0515,0.0000,0.0000,0.0082,0.0033,-0.0067
0.2000,1.8945,2.2570,0.0356,0.0115,96.2521,-58.1535,0.0000,0.0406,0.0406,-0.0452,0.0000,0.0000,0.0069,0.0028,0.0011
0.2000,2.0032,2.2571,0.0371,0.0115,96.0568,-58.1721,0.0000,0.0469,0.0469,-0.0386,0.0000,0.0000,0.0069,0.0028,0.0064
0.2000,1.9633,2.2571,0.0310,0.0115,95.8640,-58.1868,0.0000,0.0550,0.0550,-0.0284,0.0000,0.0000,0.0069,0.0028,0.0158
0.2000,1.9463,2.2571,0.0226,0.0113,95.6694,-58.2004,0.0000,0.0612,0.0612,-0.0197,0.0000,0.0000,0.0068,0.0027,0.0210
0.2000,1.9181,2.2571,0.0142,0.0113,95.4643,-58.2120,0.0000,0.0655,0.0655,-0.0090,0.0000,0.0000,0.0068,0.0027,0.0297
0.2000,1.9352,2.2571,0.0121,0.0177,95.2743,-58.2169,0.0000,0.0617,0.0617,0.0073,0.0000,0.0000,0.0107,0.0043,0.0318
0.2000,2.0373,2.2571,0.0037,0.0177,95.0779,-58.2362,0.0000,0.0715,0.0715,0.0107,0.0000,0.0000,0.0107,0.0043,0.0294
0.2000,1.8834,2.2571,-0.0047,0.0177,94.8990,-58.2478,0.0000,0.0685,0.0685,0.0052,0.0000,0.0000,0.0107,0.0043,0.0219
0.2000,1.9580,2.2571,-0.0093,0.0143,94.6991,-58.2659,0.0000,0.0744,0.0744,0.0005,0.0000,0.0000,0.0086,0.0034,0.0170
0.2000,1.7777,2.2572,-0.0093,0.0143,94.5058,-58.2874,0.0000,0.0813,0.0813,-0.0026,0.0000,0.0000,0.0086,0.0034,0.0113
0.2000,1.9905,2.2572,-0.0118,0.0033,94.3194,-58.2971,0.0000,0.0713,0.0713,-0.0317,0.0000,0.0000,0.0020,0.0008,0.0057
0.2000,1.9278,2.2572,-0.0035,0.0033,94.1205,-58.3067,0.0000,0.0603,0.0603,-0.0363,0.0000,0.0000,0.0020,0.0008,-0.0000
0.2000,1.8510,2.2572,0.0049,0.0033,93.9237,-58.3293,0.0000,0.0573,0.0573,-0.0476,0.0000,0.0000,0.0020,0.0008,-0.0080
0.2000,1.9745,2.2586,0.0133,0.0124,93.7268,-58.3425,0.0000,0.0512,0.0512,-0.0259,0.0000,0.0000,0.0075,0.0030,-0.0091
0.2000,1.9574,2.2599,0.0217,0.0124,93.5264,-58.3518,0.0000,0.0417,0.0417,-0.0310,0.0000,0.0000,0.0075,0.0030,-0.0107
0.2000,1.9574,2.2611,0.0264,0.0124,93.3263,-58.3560,0.0000,0.0348,0.0348,-0.0267,0.0000,0.0000,0.0075,0.0030,-0.0085
0.2000,1.9886,2.2644,0.0273,0.0064,93.1201,-58.3727,0.0000,0.0378,0.0378,-0.0342,0.0000,0.0000,0.0039,0.0015,-0.0010
0.2000,1.9848,2.2673,0.0252,0.0064,92.9281,-58.3755,0.0000,0.0306,0.0306,-0.0245,0.0000,0.0000,0.0039,0.0015,0.0090
0.2000,2.0509,2.2700,0.0196,-0.0026,92.7278,-58.4045,0.0000,0.0451,0.0451,-0.0365,0.0000,0.0000,-0.0016,-0.0006,0.0160
0.2001,1.9038,2.2724,0.0189,-0.0026,92.5360,-58.4168,0.0000,0.0427,0.0427,-0.0321,0.0000,0.0000,-0.0016,-0.0006,0.0216
0.2000,2.0082,2.2826,0.0156,-0.0002,92.3291,-58.4320,0.0000,0.0396,0.0396,-0.0209,0.0000,0.0000,-0.0001,-0.0000,0.0230
0.2000,1.9055,2.2919,0.0143,-0.0002,92.1261,-58.4372,0.0000,0.0257,0.0257,-0.0209,0.0000,0.0000,-0.0001,-0.0000,0.0220
0.2000,2.0572,2.3002,0.0120,-0.0002,91.9215,-58.4495,0.0000,0.0208,0.0208,-0.0153,0.0000,0.0000,-0.0001,-0.0000,0.0191
0.2000,2.0130,2.3076,0.0122,0.0031,91.7297,-58.4842,0.0000,0.0355,0.0355,-0.0164,0.0000,0.0000,0.0018,0.0007,0.0164
0.2000,2.0321,2.3144,0.0067,0.0031,91.5360,-58.5110,0.0000,0.0468,0.0468,-0.0120,0.0000,0.0000,0.0018,0.0007,0.0148
0.2000,1.9332,2.3204,-0.0017,0.0031,91.3379,-58.5368,0.0000,0.0533,0.0533,-0.0122,0.0000,0.0000,0.0018,0.0007,0.0134
0.2000,1.9400,2.3259,-0.0010,-0.0010,91.1409,-58.5543,0.0000,0.0500,0.0500,-0.0175,0.0000,0.0000,-0.0006,-0.0002,0.0122
0.2000,1.9813,2.3308,-0.0094,-0.0010,90.9393,-58.5791,0.0000,0.0550,0.0550,-0.0150,0.0000,0.0000,-0.0006,-0.0002,0.0110
0.2000,1.9604,2.3352,-0.0057,-0.0020,90.7463,-58.6029,0.0000,0.0549,0.0549,-0.0161,0.0000,0.0000,-0.0012,-0.0005,0.0085
0.2000,2.0150,2.3392,-0.0007,-0.0020,90.5455,-58.6137,0.0000,0.0430,0.0430,-0.0183,0.0000,0.0000,-0.0012,-0.0005,0.0033
0.2000,1.9276,2.3427,0.0053,-0.0020,90.3433,-58.6327,0.0000,0.0385,0.0385,-0.0222,0.0000,0.0000,-0.0012,-0.0005,-0.0004
0.2000,1.9933,2.3459,0.0083,-0.0027,90.1488,-58.6498,0.0000,0.0314,0.0314,-0.0228,0.0000,0.0000,-0.0016,-0.0006,-0.0040
0.2000,2.0139,2.3488,0.0090,-0.0027,89.9504,-58.6865,0.0000,0.0457,0.0457,-0.0251,0.0000,0.0000,-0.0016,-0.0006,-0.0062
0.1999,1.9357,2.3514,0.0070,-0.0036,89.7372,-58.7040,0.0000,0.0444,0.0444,-0.0216,0.0000,0.0000,-0.0021,-0.0009,-0.0026
0.0226,2.0005,2.3163,0.0015,-0.0036,89.5378,-58.7214,0.0000,0.0428,0.0428,-0.0179,0.0000,0.0000,-0.0021,-0.0009,0.0022
-0.1422,2.1203,2.2847,-0.0021,-0.0074,89.3499,-58.7311,0.0000,0.0340,0.0340,-0.0144,0.0000,0.0000,-0.0045,-0.0018,0.0071
0.0894,1.9843,2.2562,-0.0105,-0.0074,89.1378,-58.7541,0.0000,0.0381,0.0381,-0.0124,0.0000,0.0000,-0.0045,-0.0018,0.0081
0.0000,1.8659,2.2681,-0.0021,-0.0074,88.9373,-58.7766,0.0000,0.0410,0.0410,-0.0126,0.0000,0.0000,-0.0045,-0.0018,0.0075
-0.1906,2.1146,2.2413,-0.0019,-0.0070,88.7454,-58.7947,0.0000,0.0358,0.0358,-0.0145,0.0000,0.0000,-0.0042,-0.0017,0.0040
0.0362,2.0011,2.2171,0.0021,-0.0070,88.5479,-58.8131,0.0000,0.0307,0.0307,-0.0199,0.0000,0.0000,-0.0042,-0.0017,-0.0001
0.1995,1.9116,2.1954,0.0105,-0.0070,88.3574,-58.8247,0.0000,0.0212,0.0212,-0.0239,0.0000,0.0000,-0.0042,-0.0017,-0.0048
0.0998,1.9659,2.1759,0.0160,-0.0064,88.1676,-58.8445,0.0000,0.0182,0.0182,-0.0283,0.0000,0.0000,-0.0039,-0.0015,-0.0064
0.1999,1.8929,2.1583,0.0210,-0.0064,87.9787,-58.8628,0.0000,0.0204,0.0204,-0.0242,0.0000,0.0000,-0.0039,-0.0015,-0.0016
0.2000,1.8919,2.1425,0.0155,-0.0113,87.7763,-58.8826,0.0000,0.0221,0.0221,-0.0275,0.0000,0.0000,-0.0068,-0.0027,0.0013
0.1997,1.8811,2.1282,0.0127,-0.0113,87.5872,-58.8947,0.0000,0.0170,0.0170,-0.0223,0.0000,0.0000,-0.0068,-0.0027,0.0063
0.0861,2.0171,2.1154,0.0043,-0.0113,87.3941,-58.9193,0.0000,0.0236,0.0236,-0.0149,0.0000,0.0000,-0.0068,-0.0027,0.0131
0.2003,1.8783,2.1039,-0.0041,-0.0114,87.1956,-58.9405,0.0000,0.0283,0.0283,-0.0060,0.0000,0.0000,-0.0069,-0.0028,0.0175
0.1991,1.9305,2.0935,-0.0125,-0.0114,86.9999,-58.9623,0.0000,0.0298,0.0298,-0.0051,0.0000,0.0000,-0.0069,-0.0028,0.0164
0.1161,1.9800,2.0841,-0.0153,-0.0060,86.8076,-58.9901,0.0000,0.0367,0.0367,-0.0009,0.0000,0.0000,-0.0036,-0.0014,0.0126
0.2002,1.9521,2.0757,-0.0237,-0.0060,86.6087,-59.0090,0.0000,0.0330,0.0330,-0.0049,0.0000,0.0000,-0.0036,-0.0014,0.0077
0.1637,1.9266,2.0681,-0.0191,-0.0060,86.4111,-59.0349,0.0000,0.0347,0.0347,-0.0115,0.0000,0.0000,-0.0036,-0.0014,-0.0006
0.0822,1.9811,2.0613,-0.0107,-0.0027,86.2210,-59.0523,0.0000,0.0267,0.0267,-0.0144,0.0000,0.0000,-0.0016,-0.0006,-0.0066
0.0687,1.9751,2.0552,-0.0023,-0.0027,86.0128,-59.0825,0.0000,0.0306,0.0306,-0.0226,0.0000,0.0000,-0.0016,-0.0006,-0.0137
0.2000,1.8922,2.0497,0.0061,-0.0027,85.8202,-59.0988,0.0000,0.0230,0.0230,-0.0306,0.0000,0.0000,-0.0016,-0.0006,-0.0194
0.0056,2.0854,2.0447,0.0109,-0.0063,85.6244,-59.1123,0.0000,0.0137,0.0137,-0.0304,0.0000,0.0000,-0.0038,-0.0015,-0.0178
0.1636,1.9166,2.0402,0.0192,-0.0063,85.4294,-59.1152,0.0000,0.0016,0.0016,-0.0272,0.0000,0.0000,-0.0038,-0.0015,-0.0131
0.1998,1.9456,2.0362,0.0276,-0.0026,85.2406,-59.1244,0.0000,-0.0021,-0.0021,-0.0101,0.0000,0.0000,-0.0016,-0.0006,-0.0015
0.1318,1.9344,2.0326,0.0000,-0.0026,85.0507,-59.1475,0.0000,0.0078,0.0078,-0.0058,0.0000,0.0000,-0.0016,-0.0006,0.0031
0.2001,1.8738,2.0293,-0.0084,-0.0026,84.8680,-59.1658,0.0000,0.0162,0.0162,0.0023,0.0000,0.0000,-0.0016,-0.0006,0.0115
0.2000,1.8975,2.0264,-0.0168,-0.0031,84.6760,-59.1845,0.0000,0.0240,0.0240,0.0093,0.0000,0.0000,-0.0019,-0.0008,0.0172
0.2000,1.8205,2.0238,-0.0252,-0.0031,84.4878,-59.2130,0.0000,0.0388,0.0388,0.0139,0.0000,0.0000,-0.0019,-0.0008,0.0239
0.2000,1.9128,2.0214,-0.0336,-0.0032,84.2985,-59.2321,0.0000,0.0375,0.0375,0.0034,0.0000,0.0000,-0.0019,-0.0008,0.0122
0.1991,1.8882,2.0192,-0.0327,-0.0032,84.1075,-59.2526,0.0000,0.0364,0.0364,-0.0050,0.0000,0.0000,-0.0019,-0.0008,0.0003
0.1648,1.8859,2.0173,-0.0243,-0.0032,83.9220,-59.2648,0.0000,0.0252,0.0252,-0.0153,0.0000,0.0000,-0.0019,-0.0008,-0.0096
0.1386,1.9044,2.0156,-0.0159,-0.0008,83.7251,-59.2790,0.0000,0.0128,0.0128,-0.0251,0.0000,0.0000,-0.0005,-0.0002,-0.0237
0.1836,1.8436,2.0140,-0.0076,-0.0008,83.5249,-59.2835,0.0000,-0.0061,-0.0061,-0.0350,0.0000,0.0000,-0.0005,-0.0002,-0.0315
0.0928,1.9579,2.0126,-0.0048,-0.0064,83.3314,-59.3002,0.0000,-0.0132,-0.0132,-0.0374,0.0000,0.0000,-0.0038,-0.0015,-0.0306
0.0415,1.9866,2.0114,0.0036,-0.0064,83.1412,-59.3128,0.0000,-0.0161,-0.0161,-0.0353,0.0000,0.0000,-0.0038,-0.0015,-0.0234
0.1251,1.9255,2.0102,0.0120,-0.0064,82.9471,-59.3210,0.0000,-0.0222,-0.0222,-0.0323,0.0000,0.0000,-0.0038,-0.0015,-0.0151
0.1991,1.8894,2.0092,0.0165,-0.0102,82.7503,-59.3364,0.0000,-0.0209,-0.0209,-0.0360,0.0000,0.0000,-0.0062,-0.0025,-0.0070
0.1452,1.9268,2.0083,0.0249,-0.0102,82.5565,-59.3482,0.0000,-0.0250,-0.0250,-0.0334,0.0000,0.0000,-0.0062,-0.0025,-0.0042
0.1051,1.9566,2.0075,0.0333,-0.0102,82.3675,-59.3657,0.0000,-0.0215,-0.0215,-0.0281,0.0000,0.0000,-0.0062,-0.0025,0.0037
0.0976,1.9257,2.0067,0.0307,-0.0095,82.1695,-59.3760,0.0000,-0.0248,-0.0248,-0.0245,0.0000,0.0000,-0.0057,-0.0023,0.0111
0.1999,1.8817,2.0060,0.0389,-0.0095,81.9828,-59.3959,0.0000,-0.0152,-0.0152,-0.0171,0.0000,0.0000,-0.0057,-0.0023,0.0149
0.0877,1.9660,2.0054,0.0355,-0.0044,81.7969,-59.4098,0.0000,-0.0111,-0.0111,0.0034,0.0000,0.0000,-0.0027,-0.0011,0.0221
0.1535,1.8630,2.0049,0.0271,-0.0044,81.6110,-59.4233,0.0000,-0.0062,-0.0062,0.0113,0.0000,0.0000,-0.0027,-0.0011,0.0288
0.1803,1.8486,2.0044,0.0189,-0.0044,81.4301,-59.4473,0.0000,0.0075,0.0075,0.0152,0.0000,0.0000,-0.0027,-0.0011,0.0275
0.1901,1.8479,2.0040,0.0112,-0.0038,81.2475,-59.4718,0.0000,0.0242,0.0242,0.0247,0.0000,0.0000,-0.0023,-0.0009,0.0343
0.2000,1.8110,2.0036,0.0028,-0.0038,81.0545,-59.4977,0.0000,0.0378,0.0378,0.0274,0.0000,0.0000,-0.0023,-0.0009,0.0317
0.2000,1.8276,2.0032,-0.0056,-0.0038,80.8627,-59.5229,0.0000,0.0487,0.0487,0.0261,0.0000,0.0000,-0.0023,-0.0009,0.0242
0.1263,1.9325,2.0029,-0.0140,-0.0042,80.6746,-59.5415,0.0000,0.0540,0.0540,0.0256,0.0000,0.0000,-0.0025,-0.0010,0.0173
0.1174,1.9190,2.0026,-0.0224,-0.0042,80.4871,-59.5661,0.0000,0.0612,0.0612,0.0210,0.0000,0.0000,-0.0025,-0.0010,0.0106
0.2001,1.8739,2.0023,-0.0308,-0.0054,80.3045,-59.5792,0.0000,0.0559,0.0559,0.0122,0.0000,0.0000,-0.0032,-0.0013,0.0031
0.2004,1.8742,2.0021,-0.0389,-0.0054,80.1100,-59.5937,0.0000,0.0498,0.0498,0.0050,0.0000,0.0000,-0.0032,-0.0013,-0.0038
0.2000,1.8153,2.0019,-0.0306,-0.0054,79.9217,-59.6074,0.0000,0.0412,0.0412,-0.0050,0.0000,0.0000,-0.0032,-0.0013,-0.0122
0.1250,1.9339,2.0017,-0.0228,-0.0060,79.7344,-59.6182,0.0000,0.0289,0.0289,-0.0169,0.0000,0.0000,-0.0036,-0.0014,-0.0203
0.1599,1.8729,2.0015,-0.0145,-0.0060,79.5437,-59.6302,0.0000,0.0171,0.0171,-0.0279,0.0000,0.0000,-0.0036,-0.0014,-0.0279
0.1811,1.8606,2.0014,-0.0061,-0.0060,79.3662,-59.6417,0.0000,0.0063,0.0063,-0.0385,0.0000,0.0000,-0.0036,-0.0014,-0.0356
0.1635,1.8958,2.0012,0.0023,0.0154,79.1999,-59.6532,0.0000,0.0032,0.0032,-0.0225,0.0000,0.0000,0.0093,0.0037,-0.0288
0.2000,1.7630,2.0011,0.0107,0.0154,79.0125,-59.6652,0.0000,0.0053,0.0053,-0.0186,0.0000,0.0000,0.0093,0.0037,-0.0214
0.2000,1.6534,2.0010,0.0191,0.0154,78.8350,-59.6819,0.0000,0.0111,0.0111,-0.0167,0.0000,0.0000,0.0093,0.0037,-0.0147
0.2000,1.8616,2.0009,0.0249,0.0200,78.6547,-59.6951,0.0000,0.0138,0.0138,-0.0107,0.0000,0.0000,0.0121,0.0048,-0.0057
0.2000,1.7674,2.0008,0.0204,0.0200,78.4739,-59.7123,0.0000,0.0234,0.0234,-0.0052,0.0000,0.0000,0.0121,0.0048,0.0010
0.2000,1.7927,2.0007,0.0120,0.0112,78.2875,-59.7221,0.0000,0.0256,0.0256,-0.0024,0.0000,0.0000,0.0067,0.0027,0.0090
0.2000,1.8009,2.0007,0.0036,0.0112,78.1109,-59.7347,0.0000,0.0302,0.0302,0.0038,0.0000,0.0000,0.0067,0.0027,0.0160
0.2000,1.8500,2.0006,-0.0048,0.0112,77.9272,-59.7485,0.0000,0.0373,0.0373,0.0115,0.0000,0.0000,0.0067,0.0027,0.0213
0.2000,1.7562,2.0005,-0.0118,0.0126,77.7395,-59.7593,0.0000,0.0351,0.0351,0.0091,0.0000,0.0000,0.0076,0.0030,0.0181
0.2000,1.8264,2.0005,-0.0081,0.0126,77.5595,-59.7709,0.0000,0.0328,0.0328,0.0056,0.0000,0.0000,0.0076,0.0030,0.0119
0.1994,1.8643,2.0004,-0.0165,0.0126,77.3713,-59.7863,0.0000,0.0323,0.0323,0.0004,0.0000,0.0000,0.0076,0.0030,0.0050
0.2000,1.7878,2.0004,-0.0093,0.0114,77.1868,-59.7986,0.0000,0.0284,0.0284,-0.0068,0.0000,0.0000,0.0069,0.0027,-0.0030
0.1990,1.8723,2.0004,-0.0009,0.0114,77.0089,-59.8087,0.0000,0.0234,0.0234,-0.0116,0.0000,0.0000,0.0069,0.0027,-0.0101
0.2000,1.8330,2.0003,0.0075,0.0114,76.8289,-59.8150,0.0000,0.0134,0.0134,-0.0151,0.0000,0.0000,0.0069,0.0027,-0.0074
0.2000,1.7661,2.0003,0.0159,0.0298,76.6433,-59.8350,0.0000,0.0180,0.0180,-0.0184,0.0000,0.0000,0.0180,0.0072,-0.0133
0.2000,1.7878,2.0003,0.0243,0.0298,76.4580,-59.8486,0.0000,0.0211,0.0211,-0.0150,0.0000,0.0000,0.0180,0.0072,-0.0094
0.2001,1.8505,2.0002,0.0159,0.0116,76.2651,-59.8566,0.0000,0.0184,0.0184,-0.0097,0.0000,0.0000,0.0070,0.0028,-0.0015
0.2004,1.8420,2.0002,0.0075,0.0116,76.0766,-59.8722,0.0000,0.0252,0.0252,-0.0034,0.0000,0.0000,0.0070,0.0028,0.0059
0.2001,1.9144,2.0002,-0.0009,0.0116,75.8930,-59.8867,0.0000,0.0315,0.0315,0.0035,0.0000,0.0000,0.0070,0.0028,0.0134
0.1942,1.8749,2.0002,-0.0039,0.0170,75.7010,-59.9089,0.0000,0.0461,0.0461,0.0111,0.0000,0.0000,0.0102,0.0041,0.0203
0.2001,1.8270,2.0002,-0.0120,0.0170,75.5233,-59.9199,0.0000,0.0440,0.0440,0.0085,0.0000,0.0000,0.0102,0.0041,0.0154
0.1341,1.9171,2.0001,-0.0092,0.0114,75.3362,-59.9394,0.0000,0.0493,0.0493,-0.0282,0.0000,0.0000,0.0069,0.0027,0.0084
0.2000,1.7654,2.0001,-0.0009,0.0114,75.1469,-59.9465,0.0000,0.0365,0.0365,-0.0338,0.0000,0.0000,0.0069,0.0027,0.0008
0.1825,1.8647,2.0001,0.0075,0.0114,74.9675,-59.9595,0.0000,0.0264,0.0264,-0.0382,0.0000,0.0000,0.0069,0.0027,-0.0030
0.1651,1.8788,2.0001,0.0117,0.0072,74.7818,-59.9723,0.0000,0.0166,0.0166,-0.0529,0.0000,0.0000,0.0044,0.0017,-0.0099
0.2000,1.7829,2.0001,0.0201,0.0072,74.6072,-59.9798,0.0000,0.0078,0.0078,-0.0514,0.0000,0.0000,0.0044,0.0017,-0.0082
0.2000,1.8454,2.0001,0.0285,0.0072,74.4258,-60.0017,0.0000,0.0116,0.0116,-0.0457,0.0000,0.0000,0.0044,0.0017,-0.0014
-0.2000,1.7330,1.9601,0.0286,0.0055,74.2463,-60.0115,0.0000,0.0076,0.0076,-0.0227,0.0000,0.0000,0.0033,0.0013,0.0063
-0.2000,1.8120,1.9201,0.0267,0.0055,74.0562,-60.0253,0.0000,0.0053,0.0053,-0.0186,0.0000,0.0000,0.0033,0.0013,0.0104
-0.2000,1.7827,1.8801,0.0209,0.0055,73.8650,-60.0438,0.0000,0.0100,0.0100,-0.0128,0.0000,0.0000,0.0033,0.0013,0.0155
-0.2000,1.8898,1.8401,0.0146,0.0033,73.6771,-60.0607,0.0000,0.0114,0.0114,-0.0110,0.0000,0.0000,0.0020,0.0008,0.0227
-0.2000,1.9052,1.8001,0.0062,0.0033,73.4846,-60.0845,0.0000,0.0210,0.0210,-0.0048,0.0000,0.0000,0.0020,0.0008,0.0258
-0.2000,1.8700,1.7601,0.0074,0.0072,73.2924,-60.0991,0.0000,0.0172,0.0172,-0.0033,0.0000,0.0000,0.0043,0.0017,0.0245
-0.2000,1.9244,1.7201,0.0047,0.0072,73.1013,-60.1253,0.0000,0.0257,0.0257,-0.0030,0.0000,0.0000,0.0043,0.0017,0.0204
-0.2000,1.9114,1.6801,0.0045,0.0072,72.9186,-60.1435,0.0000,0.0256,0.0256,-0.0051,0.0000,0.0000,0.0043,0.0017,0.0157
-0.2000,1.9120,1.6401,-0.0039,-0.0128,72.7366,-60.1565,0.0000,0.0134,0.0134,-0.0512,0.0000,0.0000,-0.0077,-0.0031,0.0100
-0.2000,1.8210,1.6001,0.0045,-0.0128,72.5522,-60.1772,0.0000,0.0118,0.0118,-0.0504,0.0000,0.0000,-0.0077,-0.0031,0.0085
-0.2000,1.8094,1.5601,0.0128,-0.0128,72.3772,-60.1942,0.0000,0.0042,0.0042,-0.0516,0.0000,0.0000,-0.0077,-0.0031,0.0061
-0.2000,1.8401,1.5201,0.0212,0.0046,72.2050,-60.2104,0.0000,-0.0006,-0.0006,-0.0099,0.0000,0.0000,0.0028,0.0011,0.0056
-0.2000,1.7431,1.4801,0.0218,0.0046,72.0219,-60.2198,0.0000,-0.0083,-0.0083,-0.0115,0.0000,0.0000,0.0028,0.0011,0.0006
-0.2000,1.7146,1.4401,0.0203,0.0046,71.8436,-60.2243,0.0000,-0.0160,-0.0160,-0.0055,0.0000,0.0000,0.0028,0.0011,0.0030
-0.2000,1.8184,1.4001,0.0272,0.0107,71.6755,-60.2442,0.0000,-0.0095,-0.0095,-0.0107,0.0000,0.0000,0.0064,0.0026,0.0103
-0.2000,1.7667,1.3601,0.0242,0.0107,71.5079,-60.2621,0.0000,-0.0060,-0.0060,-0.0051,0.0000,0.0000,0.0064,0.0026,0.0171
-0.1999,1.6786,1.3241,0.0181,0.0107,71.3395,-60.2850,0.0000,0.0015,0.0015,-0.0016,0.0000,0.0000,0.0064,0.0026,0.0202
-0.1999,1.6854,1.2917,0.0097,-0.0118,71.1781,-60.3130,0.0000,0.0126,0.0126,-0.0193,0.0000,0.0000,-0.0071,-0.0028,0.0193
-0.1999,1.6854,1.2625,0.0052,-0.0118,71.0212,-60.3340,0.0000,0.0172,0.0172,-0.0136,0.0000,0.0000,-0.0071,-0.0028,0.0236
-0.1999,1.6255,1.2362,0.0031,-0.0118,70.8779,-60.3463,0.0000,0.0124,0.0124,-0.0128,0.0000,0.0000,-0.0071,-0.0028,0.0232
-0.1999,1.5702,1.2126,0.0009,-0.0118,70.7276,-60.3701,0.0000,0.0178,0.0178,-0.0132,0.0000,0.0000,-0.0071,-0.0028,0.0191
-0.1999,1.4253,1.1914,0.0093,-0.0009,70.5973,-60.3859,0.0000,0.0159,0.0159,-0.0173,0.0000,0.0000,-0.0006,-0.0002,0.0133
-0.1999,1.5099,1.1722,0.0108,-0.0009,70.4451,-60.4165,0.0000,0.0258,0.0258,-0.0186,0.0000,0.0000,-0.0006,-0.0002,0.0077
-0.1998,1.3013,1.1550,0.0120,-0.0009,70.3032,-60.4341,0.0000,0.0272,0.0272,-0.0192,0.0000,0.0000,-0.0006,-0.0002,0.0061
-0.2000,1.5396,1.1395,0.0036,-0.0040,70.1735,-60.4503,0.0000,0.0255,0.0255,0.0025,0.0000,0.0000,-0.0024,-0.0010,0.0034
-0.2000,1.4171,1.1256,-0.0048,-0.0040,70.0513,-60.4602,0.0000,0.0228,0.0228,0.0038,0.0000,0.0000,-0.0024,-0.0010,0.0055
-0.2000,1.2968,1.1130,-0.0132,-0.0040,69.9332,-60.4742,0.0000,0.0247,0.0247,0.0059,0.0000,0.0000,-0.0024,-0.0010,0.0110
-0.2000,1.2151,1.1017,-0.0216,-0.0040,69.8380,-60.4909,0.0000,0.0306,0.0306,0.0055,0.0000,0.0000,-0.0024,-0.0010,0.0122
-0.2000,1.1792,1.0915,-0.0300,-0.0040,69.7399,-60.5035,0.0000,0.0318,0.0318,0.0038,0.0000,0.0000,-0.0024,-0.0010,0.0099
0.0103,0.9581,1.0824,-0.0383,-0.0040,69.6270,-60.5129,0.0000,0.0275,0.0275,-0.0004,0.0000,0.0000,-0.0024,-0.0010,0.0026
0.0802,0.9808,1.0741,-0.0460,-0.0040,69.5342,-60.5224,0.0000,0.0256,0.0256,-0.0044,0.0000,0.0000,-0.0024,-0.0010,-0.0053
-0.0873,1.1229,1.0667,-0.0376,-0.0014,69.4478,-60.5445,0.0000,0.0356,0.0356,-0.0109,0.0000,0.0000,-0.0009,-0.0003,-0.0216
0.1057,0.9253,1.0601,-0.0292,-0.0014,69.3734,-60.5447,0.0000,0.0264,0.0264,-0.0153,0.0000,0.0000,-0.0009,-0.0003,-0.0241
0.1999,0.8829,1.0540,-0.0209,-0.0014,69.2953,-60.5554,0.0000,0.0281,0.0281,-0.0179,0.0000,0.0000,-0.0009,-0.0003,-0.0291
0.2000,0.7404,1.0486,-0.0125,-0.0014,69.2356,-60.5535,0.0000,0.0191,0.0191,-0.0227,0.0000,0.0000,-0.0009,-0.0003,-0.0368
0.2000,0.7818,1.0438,-0.0041,-0.0014,69.1361,-60.5577,0.0000,0.0121,0.0121,-0.0247,0.0000,0.0000,-0.0009,-0.0003,-0.0443
0.2000,0.5950,1.0394,0.0043,-0.0014,69.0493,-60.5636,0.0000,0.0103,0.0103,-0.0232,0.0000,0.0000,-0.0009,-0.0003,-0.0326
0.1123,0.9876,1.0355,0.0125,-0.0014,68.9653,-60.5688,0.0000,0.0023,0.0023,-0.0245,0.0000,0.0000,-0.0009,-0.0003,-0.0247
0.2003,0.8627,1.0319,0.0208,-0.0014,68.8771,-60.5844,0.0000,0.0107,0.0107,-0.0209,0.0000,0.0000,-0.0009,-0.0003,-0.0166
0.2001,0.8350,1.0287,0.0251,-0.0055,68.8025,-60.5868,0.0000,0.0047,0.0047,-0.0281,0.0000,0.0000,-0.0033,-0.0013,-0.0088
0.2003,0.8874,1.0259,0.0335,-0.0055,68.7389,-60.5909,0.0000,0.0020,0.0020,-0.0243,0.0000,0.0000,-0.0033,-0.0013,-0.0012
0.2000,0.7411,1.0233,0.0398,-0.0055,68.6746,-60.5959,0.0000,0.0020,0.0020,-0.0222,0.0000,0.0000,-0.0033,-0.0013,0.0056
0.2000,0.6315,1.0209,0.0353,-0.0055,68.5962,-60.6052,0.0000,0.0046,0.0046,-0.0181,0.0000,0.0000,-0.0033,-0.0013,0.0131
0.2000,0.6399,1.0188,0.0289,-0.0055,68.5361,-60.6155,0.0000,0.0081,0.0081,-0.0166,0.0000,0.0000,-0.0033,-0.0013,0.0212
0.2000,0.7827,1.0170,0.0205,-0.0055,68.4665,-60.6234,0.0000,0.0088,0.0088,-0.0105,0.0000,0.0000,-0.0033,-0.0013,0.0247
0.2001,0.6048,1.0153,0.0000,-0.0055,68.3866,-60.6296,0.0000,0.0077,0.0077,-0.0082,0.0000,0.0000,-0.0033,-0.0013,0.0322
0.2000,0.6947,1.0137,0.0000,-0.0055,68.3158,-60.6378,0.0000,0.0079,0.0079,-0.0061,0.0000,0.0000,-0.0033,-0.0013,0.0339
0.2000,0.7945,1.0124,0.0000,-0.0071,68.2449,-60.6472,0.0000,0.0097,0.0097,0.0008,0.0000,0.0000,-0.0043,-0.0017,0.0290
0.2000,0.7070,1.0111,-0.0084,-0.0071,68.1736,-60.6595,0.0000,0.0141,0.0141,-0.0009,0.0000,0.0000,-0.0043,-0.0017,0.0244
0.2000,0.7096,1.0100,-0.0143,-0.0071,68.0949,-60.6717,0.0000,0.0174,0.0174,-0.0022,0.0000,0.0000,-0.0043,-0.0017,0.0168
0.2000,0.7170,1.0090,-0.0138,-0.0071,68.0268,-60.6788,0.0000,0.0165,0.0165,-0.0051,0.0000,0.0000,-0.0043,-0.0017,0.0039
0.2000,0.7894,1.0081,-0.0117,-0.0071,67.9468,-60.6901,0.0000,0.0185,0.0185,-0.0068,0.0000,0.0000,-0.0043,-0.0017,0.0003
0.1999,0.6795,1.0073,-0.0093,-0.0071,67.8739,-60.7022,0.0000,0.0219,0.0219,-0.0100,0.0000,0.0000,-0.0043,-0.0017,-0.0014
0.2000,0.8002,1.0066,-0.0091,-0.0070,67.8047,-60.7194,0.0000,0.0297,0.0297,-0.0127,0.0000,0.0000,-0.0042,-0.0017,-0.0120
0.2000,0.7321,1.0059,-0.0118,-0.0070,67.7317,-60.7250,0.0000,0.0285,0.0285,-0.0109,0.0000,0.0000,-0.0042,-0.0017,-0.0124
0.2000,0.7054,1.0053,-0.0040,-0.0070,67.6607,-60.7183,0.0000,0.0142,0.0142,-0.0109,0.0000,0.0000,-0.0042,-0.0017,-0.0103
0.2000,0.7257,1.0048,0.0044,-0.0070,67.5992,-60.7148,0.0000,0.0035,0.0035,-0.0124,0.0000,0.0000,-0.0042,-0.0017,-0.0086
0.2000,0.7078,1.0043,0.0122,-0.0070,67.5295,-60.7185,0.0000,-0.0000,-0.0000,-0.0122,0.0000,0.0000,-0.0042,-0.0017,-0.0087
0.2001,0.6124,1.0039,0.0134,-0.0070,67.4537,-60.7297,0.0000,0.0039,0.0039,-0.0115,0.0000,0.0000,-0.0042,-0.0017,-0.0098
0.1999,0.6924,1.0035,0.0000,-0.0070,67.3737,-60.7365,0.0000,0.0023,0.0023,-0.0092,0.0000,0.0000,-0.0042,-0.0017,-0.0031
0.2000,0.7600,1.0031,-0.0084,-0.0249,67.2942,-60.7513,0.0000,0.0070,0.0070,-0.0361,0.0000,0.0000,-0.0150,-0.0060,0.0061
0.2000,0.7951,1.0028,-0.0001,-0.0249,67.2034,-60.7649,0.0000,0.0087,0.0087,-0.0330,0.0000,0.0000,-0.0150,-0.0060,0.0122
0.2000,0.8015,1.0025,0.0083,-0.0249,67.1142,-60.7831,0.0000,0.0146,0.0146,-0.0331,0.0000,0.0000,-0.0150,-0.0060,0.0116
0.1418,0.9105,1.0023,0.0167,-0.0249,67.0149,-60.7941,0.0000,0.0095,0.0095,-0.0364,0.0000,0.0000,-0.0150,-0.0060,0.0009
0.1370,0.9025,1.0021,0.0251,-0.0249,66.9195,-60.7994,0.0000,0.0020,0.0020,-0.0377,0.0000,0.0000,-0.0150,-0.0060,-0.0060
0.0479,0.9910,1.0019,0.0000,-0.0163,66.8244,-60.8088,0.0000,0.0019,0.0019,-0.0020,0.0000,0.0000,-0.0098,-0.0039,0.0003
0.0994,0.9471,1.0017,0.0000,-0.0163,66.7406,-60.8163,0.0000,0.0019,0.0019,0.0015,0.0000,0.0000,-0.0098,-0.0039,0.0097
0.0810,0.9474,1.0015,0.0000,-0.0163,66.6548,-60.8307,0.0000,0.0089,0.0089,0.0052,0.0000,0.0000,-0.0098,-0.0039,0.0169
0.2000,0.8347,1.0014,0.0000,-0.0163,66.5681,-60.8396,0.0000,0.0089,0.0089,0.0054,0.0000,0.0000,-0.0098,-0.0039,0.0216
0.1996,0.8631,1.0012,0.0000,-0.0163,66.4810,-60.8465,0.0000,0.0072,0.0072,0.0044,0.0000,0.0000,-0.0098,-0.0039,0.0105
0.1944,0.8634,1.0011,0.0000,-0.0163,66.3943,-60.8569,0.0000,0.0081,0.0081,0.0015,0.0000,0.0000,-0.0098,-0.0039,0.0011
0.2004,0.8669,1.0211,0.0063,-0.0183,66.3152,-60.8656,0.0000,0.0071,0.0071,-0.0237,0.0000,0.0000,-0.0110,-0.0044,0.0000
0.2000,0.8656,1.0411,0.0147,-0.0183,66.2313,-60.8767,0.0000,0.0075,0.0075,-0.0238,0.0000,0.0000,-0.0110,-0.0044,-0.0001
0.2000,0.7891,1.0611,0.0142,-0.0183,66.1499,-60.8906,0.0000,0.0122,0.0122,-0.0233,0.0000,0.0000,-0.0110,-0.0044,-0.0001
0.2000,0.8392,1.0811,0.0148,-0.0183,66.0620,-60.8982,0.0000,0.0083,0.0083,-0.0227,0.0000,0.0000,-0.0110,-0.0044,-0.0001
0.2000,0.8181,1.1011,0.0116,-0.0183,65.9759,-60.9095,0.0000,0.0099,0.0099,-0.0195,0.0000,0.0000,-0.0110,-0.0044,0.0066
0.2000,0.8750,1.1211,0.0032,-0.0184,65.8969,-60.9186,0.0000,0.0087,0.0087,0.0107,0.0000,0.0000,-0.0111,-0.0044,0.0123
0.2000,0.8611,1.1411,-0.0052,-0.0184,65.8240,-60.9283,0.0000,0.0123,0.0123,0.0132,0.0000,0.0000,-0.0111,-0.0044,0.0135
0.2000,0.7889,1.1611,-0.0136,-0.0184,65.7381,-60.9427,0.0000,0.0180,0.0180,0.0137,0.0000,0.0000,-0.0111,-0.0044,0.0139
0.2000,0.7294,1.1811,-0.0220,-0.0184,65.6603,-60.9492,0.0000,0.0161,0.0161,0.0121,0.0000,0.0000,-0.0111,-0.0044,0.0110
0.2000,0.8639,1.2011,-0.0304,-0.0184,65.5676,-60.9592,0.0000,0.0172,0.0172,0.0100,0.0000,0.0000,-0.0111,-0.0044,0.0037
0.2000,0.7740,1.2211,-0.0338,-0.0184,65.4696,-60.9671,0.0000,0.0145,0.0145,0.0075,0.0000,0.0000,-0.0111,-0.0044,-0.0039
0.2000,0.9246,1.2411,-0.0321,-0.0220,65.3852,-60.9773,0.0000,0.0152,0.0152,-0.0026,0.0000,0.0000,-0.0133,-0.0053,-0.0117
0.2000,0.9746,1.2611,0.0000,-0.0220,65.2869,-60.9839,0.0000,0.0095,0.0095,-0.0081,0.0000,0.0000,-0.0133,-0.0053,-0.0196
0.2000,0.8426,1.2811,-0.0054,-0.0220,65.1942,-60.9992,0.0000,0.0141,0.0141,-0.0122,0.0000,0.0000,-0.0133,-0.0053,-0.0279
0.2000,0.9779,1.3011,-0.0025,-0.0220,65.0888,-61.0079,0.0000,0.0087,0.0087,-0.0186,0.0000,0.0000,-0.0133,-0.0053,-0.0306
0.2000,0.9304,1.3211,-0.0008,-0.0220,64.9977,-61.0122,0.0000,0.0042,0.0042,-0.0177,0.0000,0.0000,-0.0133,-0.0053,-0.0295
0.2000,1.0489,1.3411,0.0028,-0.0163,64.9028,-61.0230,0.0000,0.0050,0.0050,-0.0137,0.0000,0.0000,-0.0098,-0.0039,-0.0192
0.2000,0.9043,1.3611,0.0000,-0.0163,64.8017,-61.0357,0.0000,0.0089,0.0089,-0.0098,0.0000,0.0000,-0.0098,-0.0039,-0.0059
0.2000,0.9472,1.3811,-0.0058,-0.0163,64.6998,-61.0530,0.0000,0.0158,0.0158,-0.0090,0.0000,0.0000,-0.0098,-0.0039,-0.0011
0.2000,1.0104,1.4011,-0.0100,-0.0163,64.6048,-61.0666,0.0000,0.0195,0.0195,-0.0085,0.0000,0.0000,-0.0098,-0.0039,0.0004
0.2000,1.0245,1.4211,-0.0114,-0.0163,64.4914,-61.0739,0.0000,0.0154,0.0154,-0.0079,0.0000,0.0000,-0.0098,-0.0039,0.0035
0.2000,0.9516,1.4411,-0.0155,-0.0126,64.3893,-61.0837,0.0000,0.0155,0.0155,0.0004,0.0000,0.0000,-0.0076,-0.0030,0.0010
0.2000,1.1268,1.4611,0.0000,-0.0126,64.2741,-61.0886,0.0000,0.0084,0.0084,-0.0031,0.0000,0.0000,-0.0076,-0.0030,-0.0042
0.2000,1.0161,1.4811,0.0000,-0.0126,64.1626,-61.1002,0.0000,0.0089,0.0089,-0.0054,0.0000,0.0000,-0.0076,-0.0030,-0.0083
0.2000,1.1445,1.5011,-0.0036,-0.0129,64.0352,-61.1169,0.0000,0.0109,0.0109,-0.0087,0.0000,0.0000,-0.0078,-0.0031,-0.0096
0.2000,1.1105,1.5211,-0.0063,-0.0129,63.9128,-61.1332,0.0000,0.0167,0.0167,-0.0088,0.0000,0.0000,-0.0078,-0.0031,-0.0137
0.2000,1.2738,1.5411,-0.0089,-0.0129,63.7947,-61.1424,0.0000,0.0152,0.0152,-0.0069,0.0000,0.0000,-0.0078,-0.0031,-0.0057
0.2000,1.2248,1.5611,-0.0113,-0.0129,63.6725,-61.1528,0.0000,0.0152,0.0152,-0.0048,0.0000,0.0000,-0.0078,-0.0031,0.0008
0.2000,1.1746,1.5811,-0.0107,-0.0040,63.5485,-61.1671,0.0000,0.0179,0.0179,0.0089,0.0000,0.0000,-0.0024,-0.0010,-0.0024
0.2000,1.2158,1.6011,-0.0137,-0.0040,63.4222,-61.1709,0.0000,0.0111,0.0111,0.0062,0.0000,0.0000,-0.0024,-0.0010,-0.0052
0.2000,1.2371,1.6211,-0.0124,-0.0040,63.2871,-61.1891,0.0000,0.0164,0.0164,0.0010,0.0000,0.0000,-0.0024,-0.0010,-0.0071
0.2000,1.2532,1.6411,-0.0103,-0.0040,63.1504,-61.1964,0.0000,0.0132,0.0132,-0.0001,0.0000,0.0000,-0.0024,-0.0010,-0.0094
0.2000,1.3509,1.6611,-0.0069,0.0078,63.0178,-61.2040,0.0000,0.0126,0.0126,0.0124,0.0000,0.0000,0.0047,0.0019,-0.0091
0.2000,1.3568,1.6811,-0.0085,0.0078,62.8820,-61.2196,0.0000,0.0179,0.0179,0.0090,0.0000,0.0000,0.0047,0.0019,-0.0116
0.2000,1.3168,1.7011,-0.0084,0.0078,62.7406,-61.2339,0.0000,0.0219,0.0219,0.0071,0.0000,0.0000,0.0047,0.0019,-0.0106
0.2000,1.3551,1.7211,-0.0139,-0.0061,62.6106,-61.2402,0.0000,0.0197,0.0197,-0.0129,0.0000,0.0000,-0.0037,-0.0015,-0.0087
0.2000,1.4092,1.7411,-0.0055,-0.0061,62.4626,-61.2572,0.0000,0.0226,0.0226,-0.0146,0.0000,0.0000,-0.0037,-0.0015,-0.0053
0.2000,1.2898,1.7611,0.0012,-0.0061,62.3132,-61.2700,0.0000,0.0232,0.0232,-0.0159,0.0000,0.0000,-0.0037,-0.0015,-0.0068
0.2000,1.4766,1.7811,0.0021,0.0032,62.1680,-61.2760,0.0000,0.0169,0.0169,0.0121,0.0000,0.0000,0.0019,0.0008,-0.0068
0.2000,1.4872,1.8011,-0.0063,0.0032,62.0123,-61.2928,0.0000,0.0223,0.0223,0.0068,0.0000,0.0000,0.0019,0.0008,-0.0115
0.2000,1.4406,1.8211,-0.0147,0.0032,61.8678,-61.2991,0.0000,0.0229,0.0229,0.0113,0.0000,0.0000,0.0019,0.0008,-0.0053
0.2000,1.5511,1.8411,-0.0220,0.0043,61.7082,-61.3121,0.0000,0.0284,0.0284,0.0165,0.0000,0.0000,0.0026,0.0010,0.0017
0.1999,1.4353,1.8611,-0.0229,0.0043,61.5595,-61.3159,0.0000,0.0237,0.0237,0.0164,0.0000,0.0000,0.0026,0.0010,0.0025
0.1999,1.5875,1.8811,-0.0180,0.0043,61.3995,-61.3263,0.0000,0.0224,0.0224,0.0089,0.0000,0.0000,0.0026,0.0010,-0.0034
0.1999,1.4745,1.9011,-0.0096,0.0043,61.2301,-61.3346,0.0000,0.0179,0.0179,0.0021,0.0000,0.0000,0.0026,0.0010,-0.0112
0.2000,1.5897,1.9211,-0.0031,0.0023,61.0621,-61.3396,0.0000,0.0080,0.0080,-0.0169,0.0000,0.0000,0.0014,0.0006,-0.0185
0.2000,1.6823,1.9411,0.0053,0.0023,60.8975,-61.3553,0.0000,0.0101,0.0101,-0.0213,0.0000,0.0000,0.0014,0.0006,-0.0209
0.2000,1.6667,1.9611,0.0137,0.0055,60.7287,-61.3737,0.0000,0.0182,0.0182,-0.0196,0.0000,0.0000,0.0033,0.0013,-0.0166
0.2000,1.6392,1.9811,0.0177,0.0055,60.5480,-61.3786,0.0000,0.0129,0.0129,-0.0173,0.0000,0.0000,0.0033,0.0013,-0.0108
0.2000,1.6832,2.0011,0.0157,0.0055,60.3624,-61.3891,0.0000,0.0142,0.0142,-0.0125,0.0000,0.0000,0.0033,0.0013,-0.0033
0.2000,1.7924,2.0211,0.0142,0.0098,60.1843,-61.3977,0.0000,0.0147,0.0147,-0.0051,0.0000,0.0000,0.0059,0.0024,0.0033
0.2000,1.8431,2.0411,0.0059,0.0098,60.0130,-61.4069,0.0000,0.0176,0.0176,0.0014,0.0000,0.0000,0.0059,0.0024,0.0107
0.2000,1.7670,2.0611,0.0115,0.0163,59.8267,-61.4224,0.0000,0.0240,0.0240,-0.0010,0.0000,0.0000,0.0098,0.0039,0.0162
0.2000,1.7015,2.0811,0.0089,0.0163,59.6557,-61.4315,0.0000,0.0254,0.0254,0.0024,0.0000,0.0000,0.0098,0.0039,0.0155
0.2000,1.8528,2.1011,0.0061,0.0163,59.4835,-61.4448,0.0000,0.0290,0.0290,0.0040,0.0000,0.0000,0.0098,0.0039,0.0142
0.2000,1.6989,2.1193,0.0020,0.0037,59.3047,-61.4543,0.0000,0.0267,0.0267,-0.0129,0.0000,0.0000,0.0022,0.0009,0.0091
0.2000,1.7124,2.1357,0.0061,0.0037,59.1086,-61.4745,0.0000,0.0308,0.0308,-0.0127,0.0000,0.0000,0.0022,0.0009,0.0106
0.1999,1.7747,2.1504,0.0062,0.0037,58.9222,-61.4923,0.0000,0.0345,0.0345,-0.0115,0.0000,0.0000,0.0022,0.0009,0.0095
0.2000,1.9548,2.1637,-0.0022,0.0026,58.7281,-61.5124,0.0000,0.0391,0.0391,-0.0008,0.0000,0.0000,0.0016,0.0006,0.0073
0.2000,1.8568,2.1756,-0.0045,0.0026,58.5312,-61.5281,0.0000,0.0415,0.0415,-0.0020,0.0000,0.0000,0.0016,0.0006,0.0039
0.2000,1.9592,2.1863,-0.0075,0.0081,58.3238,-61.5504,0.0000,0.0505,0.0505,0.0050,0.0000,0.0000,0.0049,0.0019,0.0062
0.2000,1.9592,2.1960,-0.0159,0.0081,58.1215,-61.5647,0.0000,0.0523,0.0523,0.0050,0.0000,0.0000,0.0049,0.0019,0.0068
0.2000,2.0676,2.2047,-0.0086,0.0120,57.9185,-61.5751,0.0000,0.0472,0.0472,0.0013,0.0000,0.0000,0.0072,0.0029,0.0021
0.2000,2.0113,2.2125,-0.0042,0.0120,57.7479,-61.5866,0.0000,0.0455,0.0455,-0.0031,0.0000,0.0000,0.0072,0.0029,-0.0022
0.2000,2.0154,2.2196,-0.0001,0.0120,57.5546,-61.6051,0.0000,0.0487,0.0487,-0.0074,0.0000,0.0000,0.0072,0.0029,-0.0048
0.2000,1.6952,2.2259,0.0083,0.0139,57.3203,-61.6154,0.0000,0.0422,0.0422,-0.0195,0.0000,0.0000,0.0084,0.0033,-0.0099
0.2000,1.9245,2.2317,0.0167,0.0139,57.1211,-61.6161,0.0000,0.0279,0.0279,-0.0197,0.0000,0.0000,0.0084,0.0033,-0.0105
-0.0057,2.3251,2.2368,0.0251,0.0161,56.9305,-61.6264,0.0000,0.0215,0.0215,-0.0243,0.0000,0.0000,0.0097,0.0039,-0.0045
0.1892,1.9746,2.2414,0.0310,0.0161,56.7214,-61.6380,0.0000,0.0212,0.0212,-0.0231,0.0000,0.0000,0.0097,0.0039,-0.0002
0.2000,1.8926,2.2456,0.0308,0.0161,56.5164,-61.6418,0.0000,0.0142,0.0142,-0.0187,0.0000,0.0000,0.0097,0.0039,0.0026
0.1999,2.0767,2.2493,0.0282,0.0137,56.3024,-61.6461,0.0000,0.0069,0.0069,-0.0165,0.0000,0.0000,0.0083,0.0033,0.0101
0.2000,2.0320,2.2527,0.0232,0.0137,56.0948,-61.6623,0.0000,0.0129,0.0129,-0.0080,0.0000,0.0000,0.0083,0.0033,0.0175
0.2003,2.1221,2.2557,0.0231,0.0053,55.8804,-61.6888,0.0000,0.0234,0.0234,-0.0213,0.0000,0.0000,0.0032,0.0013,0.0246
0.2000,2.0645,2.2585,0.0168,0.0053,55.6707,-61.7140,0.0000,0.0329,0.0329,-0.0152,0.0000,0.0000,0.0032,0.0013,0.0283
0.2000,2.1421,2.2700,0.0156,0.0125,55.4719,-61.7398,0.0000,0.0420,0.0420,0.0028,0.0000,0.0000,0.0075,0.0030,0.0273
0.2000,2.0963,2.2804,0.0073,0.0125,55.2715,-61.7666,0.0000,0.0526,0.0526,0.0033,0.0000,0.0000,0.0075,0.0030,0.0248
0.2000,1.9887,2.2897,-0.0010,0.0125,55.0544,-61.7938,0.0000,0.0616,0.0616,0.0029,0.0000,0.0000,0.0075,0.0030,0.0216
0.2000,2.0048,2.2829,-0.0054,0.0165,54.8401,-61.8102,0.0000,0.0643,0.0643,0.0209,0.0000,0.0000,0.0100,0.0040,0.0202
0.1224,2.1698,2.2767,-0.0137,0.0165,54.6430,-61.8235,0.0000,0.0659,0.0659,0.0213,0.0000,0.0000,0.0100,0.0040,0.0154
0.2011,2.1313,2.2712,-0.0221,0.0100,54.4489,-61.8534,0.0000,0.0787,0.0787,0.0125,0.0000,0.0000,0.0060,0.0024,0.0138
0.1999,1.9586,2.2662,-0.0204,0.0100,54.2539,-61.8757,0.0000,0.0811,0.0811,0.0064,0.0000,0.0000,0.0060,0.0024,0.0066
0.2000,1.9468,2.2617,-0.0158,0.0100,54.0532,-61.8998,0.0000,0.0812,0.0812,-0.0037,0.0000,0.0000,0.0060,0.0024,-0.0008
0.2000,1.9457,2.2577,-0.0074,0.0128,53.8398,-61.9058,0.0000,0.0627,0.0627,-0.0201,0.0000,0.0000,0.0077,0.0031,-0.0049
0.2000,2.0036,2.2540,0.0010,0.0128,53.6134,-61.9163,0.0000,0.0435,0.0435,-0.0333,0.0000,0.0000,0.0077,0.0031,-0.0194
-0.1086,2.1172,2.2286,0.0014,0.0047,53.4094,-61.9228,0.0000,0.0272,0.0272,-0.0464,0.0000,0.0000,0.0029,0.0011,-0.0194
-0.2000,2.2473,2.2058,0.0097,0.0047,53.1986,-61.9265,0.0000,0.0031,0.0031,-0.0495,0.0000,0.0000,0.0029,0.0011,-0.0168
-0.0208,2.0246,2.1852,0.0057,-0.0077,52.9865,-61.9422,0.0000,0.0047,0.0047,-0.0569,0.0000,0.0000,-0.0046,-0.0018,-0.0120
-0.0586,2.0916,2.1667,0.0141,-0.0077,52.7827,-61.9608,0.0000,-0.0001,-0.0001,-0.0534,0.0000,0.0000,-0.0046,-0.0018,-0.0052
-0.0875,2.1082,2.1500,0.0225,-0.0077,52.5791,-61.9727,0.0000,-0.0096,-0.0096,-0.0491,0.0000,0.0000,-0.0046,-0.0018,0.0022
0.0189,2.0289,2.1350,0.0309,-0.0043,52.3866,-61.9748,0.0000,-0.0272,-0.0272,-0.0509,0.0000,0.0000,-0.0026,-0.0010,0.0035
0.0131,2.0225,2.1215,0.0393,-0.0043,52.1839,-61.9889,0.0000,-0.0323,-0.0323,-0.0450,0.0000,0.0000,-0.0026,-0.0010,0.0094
0.1582,1.9081,2.1094,0.0477,-0.0043,52.0054,-62.0046,0.0000,-0.0309,-0.0309,-0.0420,0.0000,0.0000,-0.0026,-0.0010,0.0073
0.0646,2.0154,2.0984,0.0561,-0.0041,51.8093,-62.0208,0.0000,-0.0329,-0.0329,-0.0337,0.0000,0.0000,-0.0024,-0.0010,0.0144
0.2000,1.7773,2.0886,0.0511,-0.0041,51.6101,-62.0429,0.0000,-0.0237,-0.0237,-0.0257,0.0000,0.0000,-0.0024,-0.0010,0.0215
0.1235,1.9504,2.0797,0.0427,-0.0099,51.4099,-62.0682,0.0000,-0.0163,-0.0163,-0.0174,0.0000,0.0000,-0.0060,-0.0024,0.0276
0.0602,1.9887,2.0717,0.0000,-0.0099,51.2066,-62.0948,0.0000,-0.0038,-0.0038,-0.0038,0.0000,0.0000,-0.0060,-0.0024,0.0367
0.0278,2.0017,2.0646,-0.0046,-0.0061,50.9842,-62.1228,0.0000,0.0075,0.0075,0.0145,0.0000,0.0000,-0.0037,-0.0015,0.0456
-0.0132,2.0351,2.0581,-0.0130,-0.0061,50.7705,-62.1512,0.0000,0.0197,0.0197,0.0233,0.0000,0.0000,-0.0037,-0.0015,0.0476
-0.1999,2.2235,2.0523,-0.0164,-0.0011,50.5621,-62.1911,0.0000,0.0420,0.0420,0.0363,0.0000,0.0000,-0.0006,-0.0003,0.0421
-0.1867,2.1394,2.0471,-0.0248,-0.0011,50.3471,-62.2265,0.0000,0.0520,0.0520,0.0307,0.0000,0.0000,-0.0006,-0.0003,0.0322
-0.1539,2.1055,2.0424,-0.0332,-0.0011,50.1595,-62.2467,0.0000,0.0482,0.0482,0.0228,0.0000,0.0000,-0.0006,-0.0003,0.0194
-0.1845,2.1615,2.0381,-0.0374,-0.0134,49.9497,-62.2686,0.0000,0.0398,0.0398,-0.0028,0.0000,0.0000,-0.0081,-0.0032,0.0062
0.0198,1.8698,2.0343,-0.0290,-0.0134,49.7619,-62.2845,0.0000,0.0250,0.0250,-0.0156,0.0000,0.0000,-0.0081,-0.0032,-0.0049
-0.0760,2.0914,2.0309,-0.0206,-0.0115,49.5474,-62.3111,0.0000,0.0127,0.0127,-0.0240,0.0000,0.0000,-0.0070,-0.0028,-0.0206
0.1273,1.8701,2.0278,-0.0122,-0.0115,49.3551,-62.3372,0.0000,0.0120,0.0120,-0.0332,0.0000,0.0000,-0.0070,-0.0028,-0.0291
-0.0699,2.1430,2.0250,-0.0038,-0.0115,49.1649,-62.3618,0.0000,0.0024,0.0024,-0.0446,0.0000,0.0000,-0.0070,-0.0028,-0.0337
0.0839,1.9232,2.0225,0.0046,-0.0071,48.9627,-62.3657,0.0000,-0.0139,-0.0139,-0.0261,0.0000,0.0000,-0.0043,-0.0017,-0.0279
0.1883,1.9007,2.0203,0.0130,-0.0071,48.7784,-62.3744,0.0000,-0.0227,-0.0227,-0.0239,0.0000,0.0000,-0.0043,-0.0017,-0.0193
0.0577,2.0063,2.0182,0.0214,-0.0071,48.5855,-62.3934,0.0000,-0.0204,-0.0204,-0.0191,0.0000,0.0000,-0.0043,-0.0017,-0.0114
0.1906,1.8303,2.0164,0.0271,-0.0098,48.3766,-62.4062,0.0000,-0.0262,-0.0262,-0.0266,0.0000,0.0000,-0.0059,-0.0024,-0.0035
0.1994,1.9216,2.0148,0.0354,-0.0098,48.1820,-62.4306,0.0000,-0.0187,-0.0187,-0.0193,0.0000,0.0000,-0.0059,-0.0024,0.0048
0.0009,2.0756,2.0133,0.0301,-0.0091,47.9798,-62.4523,0.0000,-0.0140,-0.0140,-0.0126,0.0000,0.0000,-0.0055,-0.0022,0.0120
0.0660,1.9443,2.0120,0.0000,-0.0091,47.7862,-62.4779,0.0000,-0.0026,-0.0026,-0.0052,0.0000,0.0000,-0.0055,-0.0022,0.0190
0.0132,2.0170,2.0108,0.0000,-0.0091,47.5960,-62.4997,0.0000,0.0042,0.0042,0.0021,0.0000,0.0000,-0.0055,-0.0022,0.0238
0.0643,1.9376,2.0097,0.0027,0.0019,47.3922,-62.5229,0.0000,0.0132,0.0132,0.0215,0.0000,0.0000,0.0012,0.0005,0.0304
0.1177,1.8987,2.0087,-0.0057,0.0019,47.1898,-62.5462,0.0000,0.0191,0.0191,0.0225,0.0000,0.0000,0.0012,0.0005,0.0264
-0.0042,2.0336,2.0079,-0.0141,-0.0064,47.0025,-62.5745,0.0000,0.0290,0.0290,0.0153,0.0000,0.0000,-0.0038,-0.0015,0.0170
-0.0307,2.0204,2.0071,-0.0224,-0.0064,46.8008,-62.5856,0.0000,0.0126,0.0126,0.0039,0.0000,0.0000,-0.0038,-0.0015,0.0040
0.1701,1.8786,2.0064,0.0000,-0.0064,46.5908,-62.6030,0.0000,0.0084,0.0084,0.0026,0.0000,0.0000,-0.0038,-0.0015,0.0020
0.0835,2.0036,2.0057,0.0000,-0.0147,46.3767,-62.6213,0.0000,-0.0003,-0.0003,-0.0081,0.0000,0.0000,-0.0089,-0.0036,-0.0058
-0.0918,2.0896,2.0052,0.0084,-0.0147,46.1796,-62.6418,0.0000,-0.0075,-0.0075,-0.0177,0.0000,0.0000,-0.0089,-0.0036,-0.0138
-0.1999,2.1300,2.0046,0.0168,-0.0017,45.9944,-62.6590,0.0000,-0.0127,-0.0127,-0.0105,0.0000,0.0000,-0.0010,-0.0004,-0.0213
-0.0150,1.9654,2.0042,0.0252,-0.0017,45.7883,-62.6725,0.0000,-0.0134,-0.0134,-0.0034,0.0000,0.0000,-0.0010,-0.0004,-0.0112
0.1481,1.8441,2.0038,0.0000,-0.0017,45.5909,-62.6983,0.0000,0.0004,0.0004,0.0057,0.0000,0.0000,-0.0010,-0.0004,-0.0004
-0.0100,2.0476,2.0034,-0.0034,0.0033,45.4108,-62.7219,0.0000,0.0135,0.0135,0.0157,0.0000,0.0000,0.0020,0.0008,0.0075
0.0348,1.9740,2.0030,-0.0118,0.0033,45.2040,-62.7425,0.0000,0.0198,0.0198,0.0215,0.0000,0.0000,0.0020,0.0008,0.0146
0.2000,1.8016,2.0027,-0.0202,0.0033,45.0142,-62.7703,0.0000,0.0342,0.0342,0.0275,0.0000,0.0000,0.0020,0.0008,0.0206
0.0003,2.0607,2.0025,-0.0191,0.0129,44.8188,-62.7927,0.0000,0.0396,0.0396,0.0273,0.0000,0.0000,0.0077,0.0031,0.0118
0.1849,1.9027,2.0022,-0.0274,0.0129,44.6130,-62.8048,0.0000,0.0281,0.0281,0.0176,0.0000,0.0000,0.0077,0.0031,0.0003
0.1021,1.9501,2.0020,-0.0321,0.0014,44.4428,-62.8165,0.0000,0.0198,0.0198,0.0034,0.0000,0.0000,0.0008,0.0003,-0.0109
-0.0218,2.0444,2.0018,-0.0254,0.0014,44.2593,-62.8398,0.0000,0.0246,0.0246,-0.0030,0.0000,0.0000,0.0008,0.0003,-0.0190
0.1784,1.6921,2.0016,-0.0170,0.0014,44.0580,-62.8411,0.0000,0.0021,0.0021,-0.0100,0.0000,0.0000,0.0008,0.0003,-0.0187
0.2000,1.8339,2.0015,-0.0125,-0.0025,43.8646,-62.8609,0.0000,-0.0009,-0.0009,-0.0225,0.0000,0.0000,-0.0015,-0.0006,-0.0263
0.0535,1.9990,2.0013,-0.0042,-0.0025,43.6856,-62.8762,0.0000,-0.0079,-0.0079,-0.0303,0.0000,0.0000,-0.0015,-0.0006,-0.0304
0.0818,1.9275,2.0012,-0.0020,-0.0087,43.4973,-62.8781,0.0000,-0.0245,-0.0245,-0.0470,0.0000,0.0000,-0.0053,-0.0021,-0.0254
0.2000,1.7817,2.0011,0.0064,-0.0087,43.3089,-62.8941,0.0000,-0.0234,-0.0234,-0.0429,0.0000,0.0000,-0.0053,-0.0021,-0.0168
0.2004,1.8680,2.0010,0.0148,-0.0087,43.1007,-62.9085,0.0000,-0.0333,-0.0333,-0.0440,0.0000,0.0000,-0.0053,-0.0021,-0.0126
0.2003,1.8752,2.0009,0.0232,0.0152,42.9200,-62.9246,0.0000,-0.0326,-0.0326,-0.0244,0.0000,0.0000,0.0091,0.0037,-0.0082
0.0004,2.0682,2.0008,0.0316,0.0152,42.7176,-62.9313,0.0000,-0.0457,-0.0457,-0.0239,0.0000,0.0000,0.0091,0.0037,-0.0034
0.2002,1.7996,2.0007,0.0399,0.0152,42.5250,-62.9599,0.0000,-0.0254,-0.0254,-0.0169,0.0000,0.0000,0.0091,0.0037,0.0021
0.0452,2.0076,2.0006,0.0333,0.0170,42.3366,-62.9843,0.0000,-0.0071,-0.0071,0.0107,0.0000,0.0000,0.0102,0.0041,0.0115
0.0786,1.9324,2.0006,0.0249,0.0170,42.1554,-62.9889,0.0000,-0.0088,-0.0088,0.0187,0.0000,0.0000,0.0102,0.0041,0.0183
0.1885,1.8854,2.0005,0.0000,-0.0085,41.9801,-63.0148,0.0000,0.0099,0.0099,0.0086,0.0000,0.0000,-0.0051,-0.0021,0.0250
0.2000,1.7960,2.0005,-0.0084,-0.0085,41.7913,-63.0389,0.0000,0.0249,0.0249,0.0180,0.0000,0.0000,-0.0051,-0.0021,0.0327
0.2000,1.7580,2.0004,-0.0168,-0.0085,41.6036,-63.0439,0.0000,0.0141,0.0141,0.0168,0.0000,0.0000,-0.0051,-0.0021,0.0285
0.2000,1.8885,2.0004,-0.0084,0.0106,41.4324,-63.0540,0.0000,0.0134,0.0134,0.0108,0.0000,0.0000,0.0064,0.0026,0.0221
0.1995,1.8613,2.0003,-0.0168,0.0106,41.2642,-63.0709,0.0000,0.0123,0.0123,0.0059,0.0000,0.0000,0.0064,0.0026,0.0139
0.2000,1.6997,2.0003,-0.0084,0.0106,41.0491,-63.0850,0.0000,-0.0026,-0.0026,-0.0081,0.0000,0.0000,0.0064,0.0026,0.0016
0.2000,1.6764,2.0003,-0.0087,0.0019,40.8821,-63.1051,0.0000,0.0009,0.0009,-0.0285,0.0000,0.0000,0.0011,0.0005,-0.0103
-0.0003,2.1382,2.0002,-0.0003,0.0019,40.7143,-63.1046,0.0000,-0.0313,-0.0313,-0.0367,0.0000,0.0000,0.0011,0.0005,-0.0116
0.1997,1.6684,2.0002,0.0081,0.0019,40.5385,-63.1397,0.0000,-0.0075,-0.0075,-0.0364,0.0000,0.0000,0.0011,0.0005,-0.0148
0.2000,1.6667,2.0002,0.0165,0.0100,40.3087,-63.1511,0.0000,-0.0238,-0.0238,-0.0180,0.0000,0.0000,0.0060,0.0024,-0.0120
0.2000,1.7772,2.0002,0.0249,0.0100,40.1368,-63.1708,0.0000,-0.0182,-0.0182,-0.0158,0.0000,0.0000,0.0060,0.0024,-0.0091
0.0000,2.2821,2.0002,0.0212,0.0109,39.9556,-63.1873,0.0000,-0.0136,-0.0136,-0.0035,0.0000,0.0000,0.0066,0.0026,-0.0030
0.2000,1.7157,2.0001,0.0128,0.0109,39.7683,-63.2090,0.0000,-0.0017,-0.0017,0.0037,0.0000,0.0000,0.0066,0.0026,0.0049
0.2000,1.8042,2.0001,0.0044,0.0109,39.5925,-63.2232,0.0000,0.0048,0.0048,0.0127,0.0000,0.0000,0.0066,0.0026,0.0129
0.2004,1.8700,2.0001,-0.0032,0.0118,39.4161,-63.2375,0.0000,0.0103,0.0103,0.0195,0.0000,0.0000,0.0071,0.0029,0.0194
0.2000,1.7490,2.0001,-0.0116,0.0118,39.2421,-63.2614,0.0000,0.0201,0.0201,0.0194,0.0000,0.0000,0.0071,0.0029,0.0182
0.2000,1.7548,2.0001,-0.0109,0.0118,39.0480,-63.2787,0.0000,0.0189,0.0189,0.0145,0.0000,0.0000,0.0071,0.0029,0.0138
0.2000,1.7416,2.0001,-0.0185,-0.0042,38.8822,-63.2964,0.0000,0.0212,0.0212,-0.0280,0.0000,0.0000,-0.0025,-0.0010,0.0071
0.1202,1.9318,2.0001,-0.0101,-0.0042,38.7164,-63.3097,0.0000,0.0058,0.0058,-0.0355,0.0000,0.0000,-0.0025,-0.0010,0.0014
0.2000,1.6534,2.0001,-0.0018,-0.0042,38.5440,-63.3258,0.0000,0.0055,0.0055,-0.0386,0.0000,0.0000,-0.0025,-0.0010,-0.0074
0.2000,1.6502,2.0001,0.0066,0.0067,38.3388,-63.3369,0.0000,-0.0141,-0.0141,-0.0351,0.0000,0.0000,0.0040,0.0016,-0.0105
0.2000,1.7163,2.0001,0.0150,0.0067,38.1656,-63.3533,0.0000,-0.0169,-0.0169,-0.0359,0.0000,0.0000,0.0040,0.0016,-0.0152
0.0101,2.0389,2.0000,0.0234,0.0276,37.9523,-63.3643,0.0000,-0.0320,-0.0320,0.0035,0.0000,0.0000,0.0166,0.0066,-0.0145
0.2000,1.7254,2.0000,0.0198,0.0276,37.7699,-63.3892,0.0000,-0.0148,-0.0148,0.0128,0.0000,0.0000,0.0166,0.0066,-0.0045
-0.0000,2.1177,2.0000,0.0114,0.0081,37.5914,-63.4086,0.0000,-0.0020,-0.0020,-0.0359,0.0000,0.0000,0.0049,0.0020,0.0017
0.1948,1.8265,2.0000,0.0198,0.0081,37.4133,-63.4262,0.0000,0.0049,0.0049,-0.0285,0.0000,0.0000,0.0049,0.0020,0.0086
0.2000,1.7803,2.0000,0.0282,0.0081,37.2189,-63.4286,0.0000,-0.0132,-0.0132,-0.0243,0.0000,0.0000,0.0049,0.0020,0.0177
0.2000,1.7745,2.0000,0.0302,0.0081,37.0382,-63.4569,0.0000,-0.0021,-0.0021,-0.0194,0.0000,0.0000,0.0049,0.0020,0.0188
0.2002,1.9280,2.0000,0.0219,-0.0086,36.8578,-63.4832,0.0000,0.0037,0.0037,-0.0138,0.0000,0.0000,-0.0052,-0.0021,0.0132
0.2000,1.8152,2.0000,0.0140,-0.0086,36.6530,-63.4958,0.0000,-0.0049,-0.0049,-0.0127,0.0000,0.0000,-0.0052,-0.0021,0.0142
0.2000,1.8081,2.0000,0.0000,-0.0023,36.4780,-63.5227,0.0000,0.0093,0.0093,0.0011,0.0000,0.0000,-0.0014,-0.0006,0.0212
0.0195,2.0343,2.0000,-0.0084,-0.0023,36.3055,-63.5387,0.0000,0.0101,0.0101,0.0077,0.0000,0.0000,-0.0014,-0.0006,0.0266
0.2000,1.7573,2.0000,-0.0168,-0.0023,36.1319,-63.5675,0.0000,0.0217,0.0217,0.0077,0.0000,0.0000,-0.0014,-0.0006,0.0231
0.2000,1.7468,2.0000,-0.0084,0.0113,35.9315,-63.5806,0.0000,0.0078,0.0078,0.0041,0.0000,0.0000,0.0068,0.0027,0.0176
0.2000,1.7468,2.0000,-0.0000,0.0113,35.7267,-63.5934,0.0000,-0.0030,-0.0030,-0.0007,0.0000,0.0000,0.0068,0.0027,0.0086
0.2000,1.7468,2.0000,0.0084,0.0113,35.5623,-63.6192,0.0000,0.0038,0.0038,-0.0052,0.0000,0.0000,0.0068,0.0027,-0.0017
0.2000,1.6500,2.0000,0.0099,0.0044,35.3790,-63.6218,0.0000,-0.0186,-0.0186,-0.0172,0.0000,0.0000,0.0026,0.0011,-0.0104
0.2000,1.6500,2.0000,0.0183,0.0044,35.2065,-63.6442,0.0000,-0.0114,-0.0114,-0.0133,0.0000,0.0000,0.0026,0.0011,-0.0116
0.1999,1.8197,2.0000,0.0219,0.0044,35.0096,-63.6595,0.0000,-0.0183,-0.0183,-0.0119,0.0000,0.0000,0.0026,0.0011,-0.0044
0.2000,1.7258,2.0000,0.0000,-0.0019,34.8295,-63.6827,0.0000,-0.0085,-0.0085,-0.0049,0.0000,0.0000,-0.0011,-0.0005,0.0057
0.1770,1.9586,2.0000,0.0000,-0.0019,34.6223,-63.7048,0.0000,-0.0089,-0.0089,-0.0026,0.0000,0.0000,-0.0011,-0.0005,0.0093
0.2000,1.8005,2.0000,-0.0047,-0.0150,34.4167,-63.7265,0.0000,-0.0071,-0.0071,-0.0118,0.0000,0.0000,-0.0090,-0.0036,0.0119
0.0000,2.0658,2.0000,0.0000,-0.0150,34.2476,-63.7566,0.0000,0.0043,0.0043,-0.0052,0.0000,0.0000,-0.0090,-0.0036,0.0179
-0.0955,2.0501,2.0000,0.0084,-0.0120,34.0457,-63.7707,0.0000,-0.0098,-0.0098,-0.0144,0.0000,0.0000,-0.0072,-0.0029,0.0175
0.1045,1.7040,2.0000,0.0168,-0.0120,33.8775,-63.8079,0.0000,0.0079,0.0079,-0.0194,0.0000,0.0000,-0.0072,-0.0029,0.0055
0.0197,2.0073,2.0000,0.0252,-0.0120,33.6636,-63.8147,0.0000,-0.0226,-0.0226,-0.0275,0.0000,0.0000,-0.0072,-0.0029,-0.0011
0.2000,1.7089,2.0000,0.0229,-0.0120,33.4901,-63.8433,0.0000,-0.0082,-0.0082,-0.0224,0.0000,0.0000,-0.0072,-0.0029,-0.0012
0.0002,2.1243,2.0000,0.0285,-0.0149,33.2917,-63.8643,0.0000,-0.0194,-0.0194,-0.0276,0.0000,0.0000,-0.0090,-0.0036,0.0038
0.2000,1.7442,2.0000,0.0211,-0.0149,33.1011,-63.8882,0.0000,-0.0093,-0.0093,-0.0179,0.0000,0.0000,-0.0090,-0.0036,0.0104
0.0756,1.9784,2.0000,0.0264,-0.0013,32.8967,-63.9164,0.0000,0.0000,0.0000,0.0328,0.0000,0.0000,-0.0008,-0.0003,0.0184
0.1092,1.9053,2.0000,0.0180,-0.0013,32.7240,-63.9345,0.0000,0.0074,0.0074,0.0403,0.0000,0.0000,-0.0008,-0.0003,0.0222
-0.0163,2.0460,2.0000,0.0096,-0.0035,32.5403,-63.9744,0.0000,0.0375,0.0375,0.0353,0.0000,0.0000,-0.0021,-0.0008,0.0219
0.1837,1.7211,2.0000,0.0012,-0.0035,32.3389,-63.9957,0.0000,0.0334,0.0334,0.0354,0.0000,0.0000,-0.0021,-0.0008,0.0251
0.1730,1.8668,2.0000,-0.0072,-0.0035,32.1622,-64.0351,0.0000,0.0619,0.0619,0.0406,0.0000,0.0000,-0.0021,-0.0008,0.0215
0.0364,2.0083,2.0000,-0.0156,-0.0140,31.9788,-64.0616,0.0000,0.0662,0.0662,0.0111,0.0000,0.0000,-0.0084,-0.0034,0.0218
0.2000,1.7973,2.0000,-0.0240,-0.0140,31.8030,-64.0838,0.0000,0.0635,0.0635,0.0072,0.0000,0.0000,-0.0084,-0.0034,0.0149
0.1996,1.8377,2.0000,-0.0321,-0.0140,31.6079,-64.1050,0.0000,0.0541,0.0541,-0.0002,0.0000,0.0000,-0.0084,-0.0034,0.0071
0.2000,1.7563,2.0000,-0.0336,-0.0071,31.4227,-64.1323,0.0000,0.0530,0.0530,0.0063,0.0000,0.0000,-0.0043,-0.0017,-0.0002
0.1157,1.9467,2.0000,-0.0354,-0.0071,31.2261,-64.1564,0.0000,0.0474,0.0474,-0.0034,0.0000,0.0000,-0.0043,-0.0017,-0.0086
0.2003,1.8555,2.0000,-0.0416,-0.0125,31.0316,-64.1779,0.0000,0.0376,0.0376,-0.0018,0.0000,0.0000,-0.0075,-0.0030,-0.0151
0.0918,1.9636,2.0000,-0.0333,-0.0125,30.8462,-64.1806,0.0000,0.0127,0.0127,-0.0132,0.0000,0.0000,-0.0075,-0.0030,-0.0244
0.0848,1.9410,2.0000,-0.0249,-0.0125,30.6415,-64.2150,0.0000,0.0186,0.0186,-0.0216,0.0000,0.0000,-0.0075,-0.0030,-0.0295
0.1649,1.8415,2.0000,-0.0165,-0.0058,30.4678,-64.2224,0.0000,0.0025,0.0025,-0.0116,0.0000,0.0000,-0.0035,-0.0014,-0.0313
-0.0144,2.0552,2.0000,-0.0081,-0.0058,30.3073,-64.2232,0.0000,-0.0161,-0.0161,-0.0184,0.0000,0.0000,-0.0035,-0.0014,-0.0340
0.1856,1.7276,2.0000,0.0003,-0.0058,30.1129,-64.2351,0.0000,-0.0249,-0.0249,-0.0225,0.0000,0.0000,-0.0035,-0.0014,-0.0342
0.2000,1.5922,2.0000,0.0087,-0.0058,29.9220,-64.2493,0.0000,-0.0279,-0.0279,-0.0222,0.0000,0.0000,-0.0035,-0.0014,-0.0282
0.1293,1.9322,2.0000,0.0171,-0.0053,29.7550,-64.2625,0.0000,-0.0345,-0.0345,-0.0328,0.0000,0.0000,-0.0032,-0.0013,-0.0206
0.1669,1.8988,2.0000,0.0254,-0.0053,29.5761,-64.2610,0.0000,-0.0537,-0.0537,-0.0304,0.0000,0.0000,-0.0032,-0.0013,-0.0117
0.2000,1.6608,2.0000,0.0170,-0.0379,29.3783,-64.2704,0.0000,-0.0572,-0.0572,-0.0235,0.0000,0.0000,-0.0229,-0.0091,-0.0025
0.2000,1.7748,2.0000,0.0106,-0.0379,29.1972,-64.2873,0.0000,-0.0551,-0.0551,-0.0158,0.0000,0.0000,-0.0229,-0.0091,0.0055
0.0907,1.9630,2.0000,0.0057,-0.0362,29.0147,-64.3085,0.0000,-0.0473,-0.0473,0.0043,0.0000,0.0000,-0.0218,-0.0087,0.0118
0.1999,1.8038,2.0000,-0.0026,-0.0362,28.8330,-64.3403,0.0000,-0.0279,-0.0279,0.0106,0.0000,0.0000,-0.0218,-0.0087,0.0198
0.2000,1.8224,2.0000,-0.0110,-0.0362,28.6355,-64.3552,0.0000,-0.0321,-0.0321,0.0092,0.0000,0.0000,-0.0218,-0.0087,0.0204
0.2000,1.8298,2.0000,-0.0175,-0.0342,28.4494,-64.3862,0.0000,-0.0162,-0.0162,0.0040,0.0000,0.0000,-0.0206,-0.0082,0.0144
0.1625,1.9641,2.0000,-0.0091,-0.0342,28.2545,-64.3917,0.0000,-0.0340,-0.0340,-0.0027,0.0000,0.0000,-0.0206,-0.0082,0.0071
0.1995,1.8718,2.0000,-0.0175,-0.0559,28.0480,-64.4128,0.0000,-0.0363,-0.0363,-0.0127,0.0000,0.0000,-0.0337,-0.0135,-0.0009
0.2007,1.9339,2.0000,-0.0091,-0.0559,27.8682,-64.4453,0.0000,-0.0232,-0.0232,-0.0157,0.0000,0.0000,-0.0337,-0.0135,-0.0065
0.0006,2.0580,2.0000,-0.0007,-0.0559,27.6738,-64.4574,0.0000,-0.0385,-0.0385,-0.0256,0.0000,0.0000,-0.0337,-0.0135,-0.0148
0.2004,1.8118,2.0000,-0.0031,-0.0667,27.4907,-64.4729,0.0000,-0.0387,-0.0387,-0.0263,0.0000,0.0000,-0.0403,-0.0161,-0.0087
0.1402,1.9317,2.0000,0.0053,-0.0667,27.3042,-64.4887,0.0000,-0.0472,-0.0472,-0.0322,0.0000,0.0000,-0.0403,-0.0161,-0.0141
0.2000,1.8221,2.0000,0.0119,-0.0667,27.1279,-64.5028,0.0000,-0.0465,-0.0465,-0.0269,0.0000,0.0000,-0.0403,-0.0161,-0.0076
0.1838,1.8555,2.0000,0.0107,-0.0595,26.9539,-64.5232,0.0000,-0.0400,-0.0400,0.0024,0.0000,0.0000,-0.0359,-0.0144,0.0006
0.2000,1.7533,2.0000,0.0023,-0.0595,26.7636,-64.5331,0.0000,-0.0458,-0.0458,0.0006,0.0000,0.0000,-0.0359,-0.0144,-0.0006
0.2000,1.7368,2.0000,-0.0061,-0.0595,26.5792,-64.5502,0.0000,-0.0382,-0.0382,0.0075,0.0000,0.0000,-0.0359,-0.0144,0.0065
0.1583,1.8900,2.0000,-0.0073,-0.0524,26.3901,-64.5763,0.0000,-0.0228,-0.0228,0.0141,0.0000,0.0000,-0.0316,-0.0126,0.0123
0.1933,1.8366,2.0000,-0.0157,-0.0524,26.2070,-64.5961,0.0000,-0.0165,-0.0165,0.0139,0.0000,0.0000,-0.0316,-0.0126,0.0112
0.2007,1.8922,2.0000,-0.0241,-0.0886,26.0052,-64.6074,0.0000,-0.0261,-0.0261,-0.0077,0.0000,0.0000,-0.0535,-0.0214,0.0055
0.2000,1.8262,2.0000,-0.0325,-0.0886,25.8096,-64.6315,0.0000,-0.0194,-0.0194,-0.0102,0.0000,0.0000,-0.0535,-0.0214,-0.0021
0.0476,2.0044,2.0000,-0.0241,-0.0622,25.6103,-64.6423,0.0000,-0.0310,-0.0310,0.0600,0.0000,0.0000,-0.0375,-0.0150,-0.0052
0.0518,1.9551,2.0000,-0.0325,-0.0622,25.4213,-64.6511,0.0000,-0.0307,-0.0307,0.0526,0.0000,0.0000,-0.0375,-0.0150,-0.0130
0.0346,1.9795,2.0000,-0.0409,-0.0622,25.2341,-64.6700,0.0000,-0.0199,-0.0199,0.0437,0.0000,0.0000,-0.0375,-0.0150,-0.0191
0.1286,1.8751,2.0000,-0.0493,-0.0665,25.0481,-64.6896,0.0000,-0.0096,-0.0096,0.0442,0.0000,0.0000,-0.0401,-0.0161,-0.0279
0.1579,1.8658,2.0000,-0.0577,-0.0665,24.8493,-64.7026,0.0000,-0.0041,-0.0041,0.0385,0.0000,0.0000,-0.0401,-0.0161,-0.0220
0.1866,1.8542,2.0000,-0.0661,-0.0665,24.6742,-64.7052,0.0000,-0.0098,-0.0098,0.0283,0.0000,0.0000,-0.0401,-0.0161,-0.0284
0.1387,1.9750,2.0000,-0.0735,-0.0823,24.4700,-64.7076,0.0000,-0.0198,-0.0198,0.0027,0.0000,0.0000,-0.0497,-0.0199,-0.0352
0.2000,1.7374,2.0000,-0.0651,-0.0823,24.2855,-64.7049,0.0000,-0.0374,-0.0374,-0.0126,0.0000,0.0000,-0.0497,-0.0199,-0.0499
0.0258,2.0268,2.0000,-0.0618,-0.0733,24.0980,-64.7175,0.0000,-0.0377,-0.0377,0.0182,0.0000,0.0000,-0.0442,-0.0177,-0.0577
0.2000,1.8328,2.0000,-0.0534,-0.0733,23.8877,-64.7051,0.0000,-0.0604,-0.0604,0.0022,0.0000,0.0000,-0.0442,-0.0177,-0.0638
0.1994,1.8619,2.0000,-0.0452,-0.0733,23.7079,-64.7200,0.0000,-0.0488,-0.0488,-0.0111,0.0000,0.0000,-0.0442,-0.0177,-0.0713
-0.0004,2.0952,2.0000,-0.0368,-0.0546,23.5263,-64.7197,0.0000,-0.0477,-0.0477,0.0019,0.0000,0.0000,-0.0329,-0.0132,-0.0659
0.1999,1.7852,2.0000,-0.0284,-0.0546,23.3313,-64.6994,0.0000,-0.0649,-0.0649,0.0006,0.0000,0.0000,-0.0329,-0.0132,-0.0611
0.2000,1.8000,2.0000,-0.0200,-0.0546,23.1498,-64.6888,0.0000,-0.0689,-0.0689,-0.0028,0.0000,0.0000,-0.0329,-0.0132,-0.0544
0.1732,1.9497,2.0000,-0.0116,-0.0522,22.9585,-64.6748,0.0000,-0.0757,-0.0757,-0.0004,0.0000,0.0000,-0.0315,-0.0126,-0.0473
0.2000,1.8041,2.0000,-0.0179,-0.0522,22.7821,-64.6612,0.0000,-0.0792,-0.0792,0.0030,0.0000,0.0000,-0.0315,-0.0126,-0.0345
0.1997,1.9030,2.0000,-0.0185,-0.0609,22.5927,-64.6549,0.0000,-0.0736,-0.0736,-0.0121,0.0000,0.0000,-0.0367,-0.0147,-0.0260
0.2000,1.7554,2.0000,-0.0211,-0.0609,22.4017,-64.6419,0.0000,-0.0769,-0.0769,-0.0099,0.0000,0.0000,-0.0367,-0.0147,-0.0166
0.1996,1.8791,2.0000,-0.0128,-0.0609,22.2239,-64.6370,0.0000,-0.0739,-0.0739,-0.0097,0.0000,0.0000,-0.0367,-0.0147,-0.0103
0.1516,1.8984,2.0000,-0.0044,-0.0263,22.0325,-64.6329,0.0000,-0.0671,-0.0671,0.0575,0.0000,0.0000,-0.0158,-0.0063,-0.0144
0.2000,1.7632,2.0000,-0.0128,-0.0263,21.8357,-64.6228,0.0000,-0.0602,-0.0602,0.0536,0.0000,0.0000,-0.0158,-0.0063,-0.0147
0.1530,1.8976,2.0000,-0.0212,-0.0263,21.6434,-64.6166,0.0000,-0.0423,-0.0423,0.0486,0.0000,0.0000,-0.0158,-0.0063,-0.0165
0.0865,1.9535,2.0000,-0.0296,-0.0378,21.4507,-64.6138,0.0000,-0.0155,-0.0155,0.0663,0.0000,0.0000,-0.0228,-0.0091,-0.0091
0.1076,1.9073,2.0000,-0.0379,-0.0378,21.2669,-64.5988,0.0000,-0.0065,-0.0065,0.0683,0.0000,0.0000,-0.0228,-0.0091,-0.0016
0.1123,1.9106,2.0000,-0.0463,-0.0709,21.0723,-64.5872,0.0000,0.0034,0.0034,0.0780,0.0000,0.0000,-0.0428,-0.0171,-0.0090
0.1829,1.8285,2.0000,-0.0546,-0.0709,20.8924,-64.5709,0.0000,0.0063,0.0063,0.0691,0.0000,0.0000,-0.0428,-0.0171,-0.0168
0.1150,1.9323,2.0000,-0.0630,-0.0709,20.7046,-64.5636,0.0000,0.0237,0.0237,0.0583,0.0000,0.0000,-0.0428,-0.0171,-0.0216
0.2002,1.7916,2.0000,-0.0714,-0.0776,20.5207,-64.5429,0.0000,0.0187,0.0187,0.0730,0.0000,0.0000,-0.0468,-0.0187,-0.0295
0.1823,1.8615,2.0000,-0.0798,-0.0776,20.3386,-64.5387,0.0000,0.0394,0.0394,0.0564,0.0000,0.0000,-0.0468,-0.0187,-0.0429
0.1988,1.8369,2.0000,-0.0882,-0.0776,20.1500,-64.5229,0.0000,0.0472,0.0472,0.0426,0.0000,0.0000,-0.0468,-0.0187,-0.0507
0.2000,1.8027,2.0000,-0.0913,-0.0723,19.9624,-64.5015,0.0000,0.0511,0.0511,0.0550,0.0000,0.0000,-0.0436,-0.0175,-0.0588
0.1769,1.8761,2.0000,-0.0997,-0.0723,19.7658,-64.4693,0.0000,0.0489,0.0489,0.0356,0.0000,0.0000,-0.0436,-0.0175,-0.0685
0.1999,1.8725,2.0000,-0.1081,-0.0870,19.5779,-64.4444,0.0000,0.0503,0.0503,-0.0027,0.0000,0.0000,-0.0525,-0.0210,-0.0762
0.0750,1.9776,2.0000,-0.1000,-0.0870,19.3834,-64.4182,0.0000,0.0482,0.0482,-0.0207,0.0000,0.0000,-0.0525,-0.0210,-0.0836
0.1368,1.8800,2.0000,-0.0916,-0.0870,19.2051,-64.3680,0.0000,0.0199,0.0199,-0.0341,0.0000,0.0000,-0.0525,-0.0210,-0.0871
0.0900,1.9451,2.0000,-0.1000,-0.1467,19.0099,-64.3425,0.0000,0.0150,0.0150,-0.0517,0.0000,0.0000,-0.0890,-0.0356,-0.0921
0.1741,1.8449,2.0000,-0.0916,-0.1467,18.8185,-64.3170,0.0000,0.0171,0.0171,-0.0646,0.0000,0.0000,-0.0890,-0.0356,-0.1009
0.0964,1.9492,2.0000,-0.0906,-0.1540,18.6381,-64.2768,0.0000,-0.0008,-0.0008,-0.0714,0.0000,0.0000,-0.0935,-0.0374,-0.0980
0.1098,1.9117,2.0000,-0.0822,-0.1540,18.4589,-64.2356,0.0000,-0.0160,-0.0160,-0.0807,0.0000,0.0000,-0.0935,-0.0374,-0.0913
0.1792,1.8338,2.0000,-0.0738,-0.1540,18.2834,-64.2004,0.0000,-0.0220,-0.0220,-0.0896,0.0000,0.0000,-0.0935,-0.0374,-0.0944
0.2000,1.8248,2.0000,-0.0729,-0.1615,18.0989,-64.1613,0.0000,-0.0345,-0.0345,-0.1105,0.0000,0.0000,-0.0982,-0.0392,-0.0888
0.2000,1.7736,2.0000,-0.0645,-0.1615,17.9135,-64.1137,0.0000,-0.0522,-0.0522,-0.1184,0.0000,0.0000,-0.0982,-0.0392,-0.0872
0.1764,1.8685,2.0000,-0.0561,-0.1615,17.7307,-64.0739,0.0000,-0.0712,-0.0712,-0.1281,0.0000,0.0000,-0.0982,-0.0392,-0.0804
0.1433,1.8987,2.0000,-0.0578,-0.1716,17.5515,-64.0430,0.0000,-0.0716,-0.0716,-0.0910,0.0000,0.0000,-0.1044,-0.0417,-0.0730
0.1702,1.8527,2.0000,-0.0494,-0.1716,17.3620,-63.9907,0.0000,-0.0842,-0.0842,-0.0972,0.0000,0.0000,-0.1044,-0.0417,-0.0710
0.2001,1.7987,2.0000,-0.0444,-0.1716,17.1819,-63.9394,0.0000,-0.0964,-0.0964,-0.1009,0.0000,0.0000,-0.1044,-0.0417,-0.0637
0.1041,1.9496,2.0000,-0.0477,-0.1664,17.0051,-63.8947,0.0000,-0.0954,-0.0954,-0.0113,0.0000,0.0000,-0.1012,-0.0405,-0.0579
0.1548,1.8566,2.0000,-0.0561,-0.1664,16.8110,-63.8619,0.0000,-0.0681,-0.0681,-0.0146,0.0000,0.0000,-0.1012,-0.0405,-0.0565
0.1996,1.8060,2.0000,-0.0599,-0.1618,16.6347,-63.8060,0.0000,-0.0683,-0.0683,0.0260,0.0000,0.0000,-0.0983,-0.0393,-0.0513
0.1055,1.9480,2.0000,-0.0683,-0.1618,16.4630,-63.7539,0.0000,-0.0605,-0.0605,0.0169,0.0000,0.0000,-0.0983,-0.0393,-0.0465
0.1773,1.8337,2.0000,-0.0767,-0.1618,16.2826,-63.6992,0.0000,-0.0537,-0.0537,0.0114,0.0000,0.0000,-0.0983,-0.0393,-0.0443
0.2000,1.7779,2.0000,-0.0851,-0.1640,16.1067,-63.6551,0.0000,-0.0391,-0.0391,0.0145,0.0000,0.0000,-0.0997,-0.0399,-0.0521
0.1752,1.8684,2.0000,-0.0935,-0.1640,15.9348,-63.6069,0.0000,-0.0246,-0.0246,0.0049,0.0000,0.0000,-0.0997,-0.0399,-0.0567
0.1999,1.7945,2.0000,-0.1019,-0.1640,15.7471,-63.5635,0.0000,-0.0078,-0.0078,-0.0110,0.0000,0.0000,-0.0997,-0.0399,-0.0637
0.2000,1.7677,2.0000,-0.0935,-0.1411,15.5542,-63.5008,0.0000,-0.0033,-0.0033,-0.0124,0.0000,0.0000,-0.0856,-0.0342,-0.0715
0.1999,1.9034,2.0000,-0.0851,-0.1411,15.3852,-63.4306,0.0000,-0.0129,-0.0129,-0.0279,0.0000,0.0000,-0.0856,-0.0342,-0.0786
0.0427,2.0078,2.0000,-0.0785,-0.1261,15.2152,-63.3759,0.0000,-0.0025,-0.0025,0.0981,0.0000,0.0000,-0.0764,-0.0306,-0.0838
0.1727,1.8161,2.0000,-0.0869,-0.1261,15.0445,-63.2940,0.0000,-0.0031,-0.0031,0.0892,0.0000,0.0000,-0.0764,-0.0306,-0.0927
0.2000,1.7660,2.0000,-0.0953,-0.1261,14.8712,-63.2211,0.0000,0.0129,0.0129,0.0793,0.0000,0.0000,-0.0764,-0.0306,-0.0928
0.1672,1.8795,2.0000,-0.0989,-0.1213,14.7039,-63.1442,0.0000,0.0338,0.0338,0.0946,0.0000,0.0000,-0.0734,-0.0294,-0.0837
0.1648,1.8642,2.0000,-0.1073,-0.1213,14.5457,-63.0706,0.0000,0.0507,0.0507,0.0901,0.0000,0.0000,-0.0734,-0.0294,-0.0769
0.1942,1.8263,2.0000,-0.1157,-0.1213,14.3702,-63.0134,0.0000,0.0812,0.0812,0.0745,0.0000,0.0000,-0.0734,-0.0294,-0.0778
0.2000,1.7299,2.0000,-0.1223,-0.1194,14.2130,-62.9268,0.0000,0.0807,0.0807,0.0718,0.0000,0.0000,-0.0723,-0.0289,-0.0849
0.2000,1.8217,2.0000,-0.1307,-0.1194,14.0403,-62.8480,0.0000,0.0983,0.0983,0.0515,0.0000,0.0000,-0.0723,-0.0289,-0.0921
0.1721,1.8806,2.0000,-0.1391,-0.1194,13.8856,-62.7442,0.0000,0.0836,0.0836,0.0330,0.0000,0.0000,-0.0723,-0.0289,-0.0979
0.1575,1.8806,2.0000,-0.1307,-0.0992,13.7171,-62.6573,0.0000,0.1019,0.1019,0.0838,0.0000,0.0000,-0.0600,-0.0240,-0.1027
0.2000,1.8550,2.0000,-0.1391,-0.0992,13.5768,-62.5623,0.0000,0.0926,0.0926,0.0633,0.0000,0.0000,-0.0600,-0.0240,-0.1124
0.1827,1.8800,2.0000,-0.1424,-0.0941,13.4196,-62.4545,0.0000,0.0883,0.0883,0.1279,0.0000,0.0000,-0.0569,-0.0227,-0.1191
0.2000,1.6879,2.0000,-0.1508,-0.0941,13.2588,-62.3514,0.0000,0.0945,0.0945,0.1182,0.0000,0.0000,-0.0569,-0.0227,-0.1263
0.1655,1.8970,2.0000,-0.1591,-0.0941,13.0973,-62.2588,0.0000,0.1306,0.1306,0.0947,0.0000,0.0000,-0.0569,-0.0227,-0.1250
0.1456,1.8972,2.0000,-0.1675,-0.1273,12.9483,-62.1549,0.0000,0.1436,0.1436,0.1129,0.0000,0.0000,-0.0771,-0.0308,-0.1271
0.1971,1.8440,2.0000,-0.1759,-0.1273,12.7892,-62.0501,0.0000,0.1567,0.1567,0.0937,0.0000,0.0000,-0.0771,-0.0308,-0.1305
0.2000,1.8046,2.0000,-0.1843,-0.1273,12.6390,-61.9350,0.0000,0.1589,0.1589,0.0754,0.0000,0.0000,-0.0771,-0.0308,-0.1338
0.1793,1.8908,2.0000,-0.1927,-0.1471,12.4786,-61.8274,0.0000,0.1740,0.1740,0.0605,0.0000,0.0000,-0.0893,-0.0357,-0.1503
0.1631,1.8827,2.0000,-0.2011,-0.1471,12.3079,-61.6919,0.0000,0.1758,0.1758,0.0345,0.0000,0.0000,-0.0893,-0.0357,-0.1569
0.1260,1.9139,2.0000,-0.2095,-0.2054,12.1418,-61.5798,0.0000,0.1863,0.1863,-0.0369,0.0000,0.0000,-0.1255,-0.0502,-0.1632
-0.0739,2.1658,2.0000,-0.2011,-0.2054,11.9939,-61.4402,0.0000,0.1466,0.1466,-0.0812,0.0000,0.0000,-0.1255,-0.0502,-0.1713
-0.0030,1.9806,2.0000,-0.1967,-0.1926,11.8366,-61.2894,0.0000,0.1243,0.1243,0.0077,0.0000,0.0000,-0.1175,-0.0470,-0.1777
-0.0515,2.0283,2.0000,-0.2049,-0.1926,11.6968,-61.1499,0.0000,0.1107,0.1107,-0.0238,0.0000,0.0000,-0.1175,-0.0470,-0.1837
-0.1765,2.1711,2.0000,-0.1965,-0.1893,11.5437,-61.0130,0.0000,0.1067,0.1067,-0.0481,0.0000,0.0000,-0.1154,-0.0461,-0.1904
-0.0091,1.9654,2.0000,-0.1882,-0.1893,11.4119,-60.8581,0.0000,0.0831,0.0831,-0.0665,0.0000,0.0000,-0.1154,-0.0461,-0.1968
-0.0316,2.0333,2.0000,-0.1798,-0.1893,11.2829,-60.7041,0.0000,0.0552,0.0552,-0.0923,0.0000,0.0000,-0.1154,-0.0461,-0.1909
-0.0363,2.0307,2.0000,-0.1773,-0.1953,11.1930,-60.5280,0.0000,-0.0156,-0.0156,-0.1129,0.0000,0.0000,-0.1192,-0.0476,-0.1883
-0.0140,2.0017,2.0000,-0.1690,-0.1953,11.0714,-60.3564,0.0000,-0.0577,-0.0577,-0.1384,0.0000,0.0000,-0.1192,-0.0476,-0.1924
-0.0009,1.9947,2.0000,-0.1606,-0.1953,10.9498,-60.1816,0.0000,-0.0990,-0.0990,-0.1580,0.0000,0.0000,-0.1192,-0.0476,-0.1862
-0.0962,2.0984,2.0000,-0.1536,-0.1967,10.8307,-60.0127,0.0000,-0.1429,-0.1429,-0.1648,0.0000,0.0000,-0.1200,-0.0480,-0.1804
-0.1385,2.1220,2.0000,-0.1452,-0.1967,10.7164,-59.8339,0.0000,-0.1906,-0.1906,-0.1848,0.0000,0.0000,-0.1200,-0.0480,-0.1757
-0.0921,2.0559,2.0000,-0.1368,-0.1747,10.6067,-59.6685,0.0000,-0.2172,-0.2172,-0.1281,0.0000,0.0000,-0.1063,-0.0425,-0.1737
-0.1317,2.1125,2.0000,-0.1285,-0.1747,10.4933,-59.4932,0.0000,-0.2475,-0.2475,-0.1465,0.0000,0.0000,-0.1063,-0.0425,-0.1660
-0.0051,1.9725,2.0000,-0.1201,-0.1344,10.3946,-59.3103,0.0000,-0.2753,-0.2753,-0.0390,0.0000,0.0000,-0.0815,-0.0326,-0.1587
-0.0648,2.0730,2.0000,-0.1117,-0.1344,10.2794,-59.1532,0.0000,-0.2661,-0.2661,-0.0562,0.0000,0.0000,-0.0815,-0.0326,-0.1528
-0.0860,2.0683,2.0000,-0.1033,-0.1344,10.1969,-58.9781,0.0000,-0.2889,-0.2889,-0.0632,0.0000,0.0000,-0.0815,-0.0326,-0.1396
0.0585,1.9261,2.0000,-0.0949,-0.1067,10.1113,-58.8113,0.0000,-0.2940,-0.2940,0.0028,0.0000,0.0000,-0.0645,-0.0258,-0.1315
0.0831,1.9271,2.0000,-0.0865,-0.1067,10.0158,-58.6435,0.0000,-0.2878,-0.2878,-0.0060,0.0000,0.0000,-0.0645,-0.0258,-0.1234
0.2010,1.8628,2.0000,-0.0782,-0.1067,9.9391,-58.4759,0.0000,-0.2990,-0.2990,-0.0136,0.0000,0.0000,-0.0645,-0.0258,-0.1164
0.1369,1.9145,2.0000,-0.0698,-0.0728,9.8531,-58.2998,0.0000,-0.2842,-0.2842,0.0812,0.0000,0.0000,-0.0440,-0.0176,-0.1068
0.2000,1.8336,2.0000,-0.0614,-0.0728,9.7641,-58.1200,0.0000,-0.2686,-0.2686,0.0775,0.0000,0.0000,-0.0440,-0.0176,-0.1004
0.1095,1.9439,2.0000,-0.0530,-0.0507,9.6862,-57.9422,0.0000,-0.2473,-0.2473,0.1481,0.0000,0.0000,-0.0306,-0.0122,-0.0909
0.0409,1.9901,2.0000,-0.0614,-0.0507,9.6060,-57.7621,0.0000,-0.2173,-0.2173,0.1420,0.0000,0.0000,-0.0306,-0.0122,-0.0838
0.0747,1.9284,2.0000,-0.0698,-0.0507,9.5275,-57.5905,0.0000,-0.1951,-0.1951,0.1379,0.0000,0.0000,-0.0306,-0.0122,-0.0768
0.0626,1.9563,2.0000,-0.0782,-0.0568,9.4422,-57.4204,0.0000,-0.1569,-0.1569,0.1371,0.0000,0.0000,-0.0343,-0.0137,-0.0704
0.1394,1.8718,2.0000,-0.0866,-0.0568,9.3634,-57.2286,0.0000,-0.1394,-0.1394,0.1343,0.0000,0.0000,-0.0343,-0.0137,-0.0615
0.1470,1.8854,2.0000,-0.0840,-0.0459,9.2873,-57.0494,0.0000,-0.1161,-0.1161,0.1420,0.0000,0.0000,-0.0277,-0.0111,-0.0638
-0.0232,2.0579,2.0000,-0.0924,-0.0459,9.2273,-56.8749,0.0000,-0.0976,-0.0976,0.1236,0.0000,0.0000,-0.0277,-0.0111,-0.0724
0.0552,1.9311,2.0000,-0.1008,-0.0459,9.1536,-56.6892,0.0000,-0.0872,-0.0872,0.1122,0.0000,0.0000,-0.0277,-0.0111,-0.0782
0.1999,1.8341,2.0000,-0.1022,-0.0389,9.0727,-56.5217,0.0000,-0.0617,-0.0617,0.1199,0.0000,0.0000,-0.0234,-0.0094,-0.0860
0.0721,1.9815,2.0000,-0.1106,-0.0389,8.9985,-56.3509,0.0000,-0.0251,-0.0251,0.1062,0.0000,0.0000,-0.0234,-0.0094,-0.0852
0.1613,1.8412,2.0000,-0.1190,-0.0389,8.9359,-56.1737,0.0000,-0.0182,-0.0182,0.0964,0.0000,0.0000,-0.0234,-0.0094,-0.0916
0.1855,1.8454,2.0000,-0.1198,-0.0312,8.8858,-55.9829,0.0000,-0.0188,-0.0188,0.0971,0.0000,0.0000,-0.0188,-0.0075,-0.0995
0.1735,1.8648,2.0000,-0.1282,-0.0312,8.8238,-55.8006,0.0000,-0.0023,-0.0023,0.0836,0.0000,0.0000,-0.0188,-0.0075,-0.1009
0.0847,1.9621,2.0000,-0.1288,-0.0235,8.7648,-55.6086,0.0000,0.0110,0.0110,0.0770,0.0000,0.0000,-0.0142,-0.0057,-0.1091
0.0960,1.9112,2.0000,-0.1258,-0.0235,8.7132,-55.4252,0.0000,0.0135,0.0135,0.0609,0.0000,0.0000,-0.0142,-0.0057,-0.1163
0.0362,1.9937,2.0000,-0.1174,-0.0197,8.6637,-55.2408,0.0000,0.0184,0.0184,0.0439,0.0000,0.0000,-0.0119,-0.0048,-0.1176
0.1075,1.8929,2.0000,-0.1090,-0.0197,8.6261,-55.0649,0.0000,0.0058,0.0058,0.0269,0.0000,0.0000,-0.0119,-0.0048,-0.1255
0.1195,1.8963,2.0000,-0.1007,-0.0197,8.5922,-54.8750,0.0000,-0.0066,-0.0066,0.0126,0.0000,0.0000,-0.0119,-0.0048,-0.1261
0.2000,1.7906,2.0000,-0.0924,-0.0197,8.5535,-54.6854,0.0000,-0.0120,-0.0120,0.0060,0.0000,0.0000,-0.0119,-0.0048,-0.1229
0.1320,1.9194,2.0000,-0.0840,-0.0133,8.5094,-54.5201,0.0000,-0.0032,-0.0032,0.0117,0.0000,0.0000,-0.0080,-0.0032,-0.1149
0.1091,1.9227,2.0000,0.0000,-0.0133,8.4667,-54.3328,0.0000,0.0036,0.0036,0.0066,0.0000,0.0000,-0.0080,-0.0032,-0.1071
0.2000,1.6958,2.0000,0.0000,-0.0133,8.4285,-54.1639,0.0000,0.0058,0.0058,0.0056,0.0000,0.0000,-0.0080,-0.0032,-0.0992
0.1464,1.9055,2.0000,-0.0010,-0.0059,8.3969,-53.9838,0.0000,0.0107,0.0107,0.0207,0.0000,0.0000,-0.0036,-0.0014,-0.0921
0.2000,1.7173,2.0000,-0.0094,-0.0059,8.3594,-53.7994,0.0000,0.0160,0.0160,0.0199,0.0000,0.0000,-0.0036,-0.0014,-0.0862
0.2000,1.8152,2.0000,-0.0110,0.0009,8.3211,-53.6137,0.0000,0.0293,0.0293,0.0340,0.0000,0.0000,0.0005,0.0002,-0.0751
0.1877,1.8659,2.0000,-0.0194,0.0009,8.2823,-53.4338,0.0000,0.0467,0.0467,0.0333,0.0000,0.0000,0.0005,0.0002,-0.0635
0.1725,1.8784,2.0000,-0.0278,0.0009,8.2486,-53.2645,0.0000,0.0619,0.0619,0.0370,0.0000,0.0000,0.0005,0.0002,-0.0485
0.2000,1.8250,2.0000,-0.0362,-0.0042,8.2129,-53.0950,0.0000,0.0791,0.0791,0.0370,0.0000,0.0000,-0.0026,-0.0010,-0.0307
0.2000,1.7113,2.0000,-0.0446,-0.0042,8.1740,-52.9225,0.0000,0.0980,0.0980,0.0441,0.0000,0.0000,-0.0026,-0.0010,-0.0173
0.2000,1.7168,2.0000,-0.0530,-0.0042,8.1435,-52.7352,0.0000,0.1067,0.1067,0.0468,0.0000,0.0000,-0.0026,-0.0010,-0.0068
0.2000,1.7535,2.0000,-0.0614,-0.0078,8.1116,-52.5566,0.0000,0.1151,0.1151,0.0450,0.0000,0.0000,-0.0047,-0.0019,-0.0119
0.1666,1.8815,2.0000,-0.0698,-0.0078,8.0788,-52.3807,0.0000,0.1230,0.1230,0.0325,0.0000,0.0000,-0.0047,-0.0019,-0.0245
0.2000,1.7983,2.0000,-0.0782,-0.0125,8.0481,-52.1857,0.0000,0.1219,0.1219,0.0214,0.0000,0.0000,-0.0075,-0.0030,-0.0335
0.2000,1.7736,2.0000,-0.0726,-0.0125,8.0257,-52.0082,0.0000,0.1116,0.1116,0.0030,0.0000,0.0000,-0.0075,-0.0030,-0.0501
0.0959,1.9582,2.0000,-0.0642,-0.0125,8.0008,-51.8276,0.0000,0.1053,0.1053,-0.0147,0.0000,0.0000,-0.0075,-0.0030,-0.0625
0.2000,1.7748,2.0000,-0.0558,-0.0120,7.9782,-51.6496,0.0000,0.0968,0.0968,-0.0320,0.0000,0.0000,-0.0072,-0.0029,-0.0720
0.2000,1.8086,2.0000,-0.0474,-0.0120,7.9551,-51.4639,0.0000,0.0898,0.0898,-0.0433,0.0000,0.0000,-0.0072,-0.0029,-0.0787
0.2000,1.7794,2.0000,-0.0390,-0.0120,7.9354,-51.2891,0.0000,0.0815,0.0815,-0.0506,0.0000,0.0000,-0.0072,-0.0029,-0.0741
0.1858,1.8559,2.0000,-0.0308,-0.0122,7.9083,-51.1017,0.0000,0.0787,0.0787,-0.0632,0.0000,0.0000,-0.0073,-0.0029,-0.0663
0.2000,1.7447,2.0000,-0.0225,-0.0122,7.8915,-50.9461,0.0000,0.0750,0.0750,-0.0640,0.0000,0.0000,-0.0073,-0.0029,-0.0582
0.1720,1.8760,2.0000,-0.0141,-0.0060,7.8773,-50.7589,0.0000,0.0597,0.0597,-0.0619,0.0000,0.0000,-0.0036,-0.0014,-0.0506
0.2000,1.5519,2.0000,-0.0057,-0.0060,7.8554,-50.5743,0.0000,0.0681,0.0681,-0.0552,0.0000,0.0000,-0.0036,-0.0014,-0.0383
0.1925,1.8617,2.0000,0.0027,-0.0060,7.8319,-50.3947,0.0000,0.0593,0.0593,-0.0584,0.0000,0.0000,-0.0036,-0.0014,-0.0303
0.2000,1.8413,2.0000,-0.0057,-0.0585,7.8125,-50.2134,0.0000,0.0563,0.0563,-0.0496,0.0000,0.0000,-0.0353,-0.0141,-0.0229
0.1999,1.7954,2.0000,-0.0141,-0.0585,7.7920,-50.0212,0.0000,0.0574,0.0574,-0.0460,0.0000,0.0000,-0.0353,-0.0141,-0.0151
0.2000,1.8074,2.0000,-0.0225,-0.0585,7.7699,-49.8263,0.0000,0.0595,0.0595,-0.0416,0.0000,0.0000,-0.0353,-0.0141,-0.0073
0.1995,1.9164,2.0000,-0.0273,-0.0549,7.7481,-49.6401,0.0000,0.0568,0.0568,-0.0395,0.0000,0.0000,-0.0331,-0.0132,0.0002
0.1596,1.9453,2.0000,-0.0189,-0.0549,7.7332,-49.4603,0.0000,0.0500,0.0500,-0.0425,0.0000,0.0000,-0.0331,-0.0132,-0.0054
0.2002,1.8582,2.0000,-0.0106,-0.0549,7.7198,-49.2970,0.0000,0.0410,0.0410,-0.0512,0.0000,0.0000,-0.0331,-0.0132,-0.0131
0.2000,1.7890,2.0000,-0.0022,0.0678,7.7117,-49.1183,0.0000,0.0271,0.0271,-0.0539,0.0000,0.0000,0.0409,0.0164,-0.0209
0.2000,1.6235,2.0000,0.0062,0.0678,7.6987,-48.9281,0.0000,0.0202,0.0202,-0.0593,0.0000,0.0000,0.0409,0.0164,-0.0263
0.2000,1.7746,2.0000,0.0146,0.0678,7.6880,-48.7468,0.0000,0.0071,0.0071,-0.0588,0.0000,0.0000,0.0409,0.0164,-0.0200
0.1587,1.8900,2.0000,0.0062,0.0205,7.6703,-48.5596,0.0000,0.0064,0.0064,-0.0425,0.0000,0.0000,0.0124,0.0049,-0.0123
0.2000,1.8011,2.0000,0.0145,0.0205,7.6533,-48.3751,0.0000,0.0110,0.0110,-0.0367,0.0000,0.0000,0.0124,0.0049,-0.0040
0.2000,1.8640,2.0000,0.0186,0.0162,7.6397,-48.1884,0.0000,0.0083,0.0083,-0.0223,0.0000,0.0000,0.0098,0.0039,0.0026
0.2005,1.8369,2.0000,0.0270,0.0162,7.6261,-48.0121,0.0000,0.0123,0.0123,-0.0150,0.0000,0.0000,0.0098,0.0039,0.0112
0.2002,1.8555,2.0000,0.0354,0.0162,7.6094,-47.8208,0.0000,0.0137,0.0137,-0.0158,0.0000,0.0000,0.0098,0.0039,0.0061
0.2000,1.7536,2.0000,0.0284,0.0132,7.5853,-47.6363,0.0000,0.0250,0.0250,-0.0184,0.0000,0.0000,0.0080,0.0032,0.0114
0.2001,1.9046,2.0000,0.0201,0.0132,7.5663,-47.4384,0.0000,0.0303,0.0303,-0.0113,0.0000,0.0000,0.0080,0.0032,0.0157
0.2003,1.8452,2.0000,0.0117,0.0086,7.5453,-47.2539,0.0000,0.0404,0.0404,-0.0118,0.0000,0.0000,0.0052,0.0021,0.0222
0.1512,1.9720,2.0000,0.0035,0.0086,7.5228,-47.0679,0.0000,0.0492,0.0492,-0.0040,0.0000,0.0000,0.0052,0.0021,0.0291
0.2001,1.8588,2.0000,-0.0049,0.0086,7.4985,-46.8886,0.0000,0.0573,0.0573,-0.0054,0.0000,0.0000,0.0052,0.0021,0.0250
0.1997,1.8588,2.0000,-0.0050,0.0042,7.4757,-46.6986,0.0000,0.0602,0.0602,-0.0186,0.0000,0.0000,0.0026,0.0010,0.0189
0.1999,1.8588,2.0000,-0.0134,0.0042,7.4586,-46.5281,0.0000,0.0587,0.0587,-0.0210,0.0000,0.0000,0.0026,0.0010,0.0121
0.1763,1.8977,2.0000,-0.0082,0.0042,7.4373,-46.3517,0.0000,0.0587,0.0587,-0.0252,0.0000,0.0000,0.0026,0.0010,0.0048
0.2000,1.6988,2.0000,0.0002,0.0606,7.4226,-46.1696,0.0000,0.0604,0.0604,0.1047,0.0000,0.0000,0.0366,0.0146,-0.0014
0.2000,1.7616,2.0000,-0.0082,0.0606,7.3963,-45.9760,0.0000,0.0927,0.0927,0.1008,0.0000,0.0000,0.0366,0.0146,-0.0042
0.2000,1.8109,2.0000,-0.0166,0.0606,7.3826,-45.7953,0.0000,0.1107,0.1107,0.0956,0.0000,0.0000,0.0366,0.0146,-0.0097
0.1204,1.9360,2.0000,-0.0250,0.0589,7.3706,-45.6097,0.0000,0.1326,0.1326,0.0890,0.0000,0.0000,0.0355,0.0142,-0.0087
0.2000,1.7976,2.0000,-0.0334,0.0589,7.3456,-45.4145,0.0000,0.1561,0.1561,0.0915,0.0000,0.0000,0.0355,0.0142,-0.0026
0.1871,1.8440,2.0000,-0.0418,-0.0612,7.3204,-45.2228,0.0000,0.1579,0.1579,-0.1987,0.0000,0.0000,-0.0369,-0.0148,-0.0048
0.1000,1.9506,2.0000,-0.0334,-0.0612,7.3035,-45.0347,0.0000,0.1096,0.1096,-0.2056,0.0000,0.0000,-0.0369,-0.0148,-0.0095
0.1355,1.9158,2.0000,-0.0250,-0.0076,7.2848,-44.8455,0.0000,0.0777,0.0777,-0.0878,0.0000,0.0000,-0.0046,-0.0018,-0.0177
0.1475,1.8725,2.0000,-0.0166,-0.0076,7.2711,-44.6623,0.0000,0.0600,0.0600,-0.0993,0.0000,0.0000,-0.0046,-0.0018,-0.0281
0.1475,1.8840,2.0000,-0.0082,-0.0076,7.2589,-44.4668,0.0000,0.0383,0.0383,-0.1078,0.0000,0.0000,-0.0046,-0.0018,-0.0337
0.2001,1.8211,2.0200,0.0002,0.0008,7.2507,-44.2713,0.0000,0.0202,0.0202,-0.0893,0.0000,0.0000,0.0005,0.0002,-0.0336
0.2000,1.9415,2.0400,0.0086,0.0008,7.2476,-44.0772,0.0000,-0.0045,-0.0045,-0.0885,0.0000,0.0000,0.0005,0.0002,-0.0264
0.1998,1.9412,2.0600,0.0170,0.0008,7.2443,-43.8843,0.0000,-0.0235,-0.0235,-0.0863,0.0000,0.0000,0.0005,0.0002,-0.0188
0.1999,1.9249,2.0800,0.0254,0.0011,7.2358,-43.6900,0.0000,-0.0358,-0.0358,-0.0821,0.0000,0.0000,0.0007,0.0003,-0.0107
0.1999,1.9128,2.1000,0.0338,0.0011,7.2277,-43.4979,0.0000,-0.0468,-0.0468,-0.0778,0.0000,0.0000,0.0007,0.0003,-0.0044
0.2000,1.9286,2.1200,0.0422,0.0024,7.2105,-43.3005,0.0000,-0.0496,-0.0496,-0.0691,0.0000,0.0000,0.0015,0.0006,0.0029
0.2000,1.9054,2.1400,0.0506,0.0024,7.1946,-43.1044,0.0000,-0.0491,-0.0491,-0.0606,0.0000,0.0000,0.0015,0.0006,0.0124
0.2000,1.9656,2.1600,0.0590,0.0024,7.1769,-42.9195,0.0000,-0.0488,-0.0488,-0.0539,0.0000,0.0000,0.0015,0.0006,0.0171
0.1999,1.8430,2.1800,0.0652,0.0022,7.1644,-42.7300,0.0000,-0.0469,-0.0469,-0.0445,0.0000,0.0000,0.0013,0.0005,0.0260
0.1999,1.8430,2.2000,0.0651,0.0022,7.1449,-42.5491,0.0000,-0.0409,-0.0409,-0.0353,0.0000,0.0000,0.0013,0.0005,0.0332
0.1999,1.8833,2.2200,0.0570,0.0022,7.1251,-42.3583,0.0000,-0.0337,-0.0337,-0.0209,0.0000,0.0000,0.0013,0.0005,0.0479
0.1999,1.8050,2.2400,0.0486,0.0018,7.1075,-42.1697,0.0000,-0.0305,-0.0305,-0.0162,0.0000,0.0000,0.0011,0.0004,0.0489
0.1999,1.9037,2.2600,0.0402,0.0018,7.0744,-41.9866,0.0000,-0.0119,-0.0119,-0.0070,0.0000,0.0000,0.0011,0.0004,0.0507
0.2000,1.8796,2.2800,0.0318,0.0008,7.0518,-41.7996,0.0000,-0.0035,-0.0035,-0.0013,0.0000,0.0000,0.0005,0.0002,0.0555
0.2000,1.8486,2.3000,0.0235,0.0008,7.0287,-41.6115,0.0000,0.0018,0.0018,0.0005,0.0000,0.0000,0.0005,0.0002,0.0495
0.2000,1.8684,2.3191,0.0151,0.0008,6.9813,-41.4225,0.0000,0.0325,0.0325,0.0064,0.0000,0.0000,0.0005,0.0002,0.0495
0.2000,1.8807,2.3363,0.0067,0.0001,6.9496,-41.2300,0.0000,0.0448,0.0448,0.0058,0.0000,0.0000,0.0001,0.0000,0.0426
0.2000,1.9364,2.3518,-0.0017,0.0001,6.9226,-41.0408,0.0000,0.0502,0.0502,0.0033,0.0000,0.0000,0.0001,0.0000,0.0303
0.1999,1.9362,2.3593,-0.0101,-0.0010,6.8848,-40.8361,0.0000,0.0656,0.0656,0.0021,0.0000,0.0000,-0.0006,-0.0002,0.0272
0.2000,1.8961,2.3725,-0.0185,-0.0010,6.8435,-40.6405,0.0000,0.0832,0.0832,-0.0004,0.0000,0.0000,-0.0006,-0.0002,0.0206
0.2000,2.0641,2.3779,-0.0263,-0.0004,6.8064,-40.4345,0.0000,0.0936,0.0936,-0.0016,0.0000,0.0000,-0.0003,-0.0001,0.0138
0.2000,1.9834,2.3828,-0.0228,-0.0004,6.7821,-40.2480,0.0000,0.0927,0.0927,-0.0073,0.0000,0.0000,-0.0003,-0.0001,0.0067
0.2000,2.0757,2.3872,-0.0177,-0.0004,6.7552,-40.0582,0.0000,0.0928,0.0928,-0.0136,0.0000,0.0000,-0.0003,-0.0001,-0.0011
0.1999,1.8637,2.3911,-0.0100,-0.0004,6.7270,-39.8684,0.0000,0.0943,0.0943,-0.0219,0.0000,0.0000,-0.0003,-0.0001,-0.0088
0.1999,1.9004,2.3947,-0.0020,-0.0007,6.7017,-39.6845,0.0000,0.0913,0.0913,-0.0305,0.0000,0.0000,-0.0004,-0.0002,-0.0170
0.2000,1.9022,2.3979,0.0055,-0.0007,6.6749,-39.5008,0.0000,0.0927,0.0927,-0.0366,0.0000,0.0000,-0.0004,-0.0002,-0.0239
0.2000,1.8397,2.4008,0.0082,-0.0008,6.6524,-39.3157,0.0000,0.0932,0.0932,-0.0364,0.0000,0.0000,-0.0005,-0.0002,-0.0207
0.2000,1.8403,2.4033,0.0092,-0.0008,6.6334,-39.1377,0.0000,0.0916,0.0916,-0.0351,0.0000,0.0000,-0.0005,-0.0002,-0.0160
0.2000,1.8478,2.4057,0.0075,-0.0008,6.6139,-38.9516,0.0000,0.0913,0.0913,-0.0306,0.0000,0.0000,-0.0005,-0.0002,-0.0084
0.2000,1.7749,2.4078,0.0048,-0.0009,6.5976,-38.7690,0.0000,0.0899,0.0899,-0.0257,0.0000,0.0000,-0.0005,-0.0002,-0.0019
0.2000,1.8553,2.4097,-0.0036,-0.0009,6.5736,-38.5738,0.0000,0.0912,0.0912,-0.0221,0.0000,0.0000,-0.0005,-0.0002,0.0062
0.2000,1.8174,2.4114,-0.0120,-0.0009,6.5482,-38.3872,0.0000,0.0973,0.0973,-0.0193,0.0000,0.0000,-0.0005,-0.0002,0.0084
0.2000,1.9501,2.4129,-0.0097,-0.0011,6.5218,-38.2007,0.0000,0.0986,0.0986,-0.0211,0.0000,0.0000,-0.0007,-0.0003,0.0090
0.2000,1.8678,2.4143,-0.0181,-0.0011,6.4901,-38.0071,0.0000,0.1093,0.1093,-0.0208,0.0000,0.0000,-0.0007,-0.0003,0.0076
0.1999,1.8666,2.4155,-0.0129,-0.0011,6.4595,-37.8195,0.0000,0.1157,0.1157,-0.0239,0.0000,0.0000,-0.0006,-0.0003,0.0052
0.2000,1.9453,2.4166,-0.0070,-0.0011,6.4402,-37.6299,0.0000,0.1085,0.1085,-0.0297,0.0000,0.0000,-0.0006,-0.0003,-0.0024
0.1999,1.8842,2.4176,0.0011,-0.0011,6.4189,-37.4330,0.0000,0.1034,0.1034,-0.0362,0.0000,0.0000,-0.0006,-0.0003,-0.0098
0.2000,1.8895,2.4185,0.0053,-0.0013,6.3924,-37.2385,0.0000,0.1041,0.1041,-0.0394,0.0000,0.0000,-0.0008,-0.0003,-0.0088
0.2000,1.9632,2.4194,0.0112,-0.0013,6.3725,-37.0514,0.0000,0.0975,0.0975,-0.0446,0.0000,0.0000,-0.0008,-0.0003,-0.0149
0.2000,1.9463,2.4201,0.0128,-0.0018,6.3567,-36.8575,0.0000,0.0916,0.0916,-0.0419,0.0000,0.0000,-0.0011,-0.0004,-0.0099
0.2000,1.8645,2.4207,0.0126,-0.0018,6.3354,-36.6564,0.0000,0.0924,0.0924,-0.0384,0.0000,0.0000,-0.0011,-0.0004,-0.0029
0.2000,1.9289,2.4213,0.0042,-0.0018,6.3139,-36.4681,0.0000,0.0940,0.0940,-0.0329,0.0000,0.0000,-0.0011,-0.0004,0.0040
0.2000,2.0048,2.4219,-0.0041,-0.0017,6.2897,-36.2798,0.0000,0.0952,0.0952,-0.0306,0.0000,0.0000,-0.0010,-0.0004,0.0088
0.2000,1.8799,2.4224,-0.0125,-0.0017,6.2659,-36.0806,0.0000,0.1019,0.1019,-0.0256,0.0000,0.0000,-0.0010,-0.0004,0.0117
0.1999,1.8817,2.4228,-0.0083,-0.0014,6.2452,-35.8766,0.0000,0.1002,0.1002,-0.0230,0.0000,0.0000,-0.0009,-0.0003,0.0130
0.2000,1.9894,2.4232,-0.0062,-0.0014,6.2200,-35.6753,0.0000,0.0993,0.0993,-0.0249,0.0000,0.0000,-0.0009,-0.0003,0.0104
0.2000,2.0342,2.4235,-0.0022,-0.0015,6.1941,-35.4750,0.0000,0.0979,0.0979,-0.0304,0.0000,0.0000,-0.0009,-0.0004,0.0014
0.2000,2.0105,2.4238,0.0033,-0.0015,6.1698,-35.2780,0.0000,0.0962,0.0962,-0.0367,0.0000,0.0000,-0.0009,-0.0004,-0.0072
0.2000,2.0027,2.4241,0.0050,-0.0015,6.1453,-35.0810,0.0000,0.0969,0.0969,-0.0378,0.0000,0.0000,-0.0009,-0.0004,-0.0066
0.2000,1.9681,2.4244,0.0003,0.0004,6.1241,-34.8794,0.0000,0.0958,0.0958,-0.0365,0.0000,0.0000,0.0003,0.0001,-0.0047
0.2000,1.9675,2.4246,0.0049,0.0004,6.1041,-34.6775,0.0000,0.0938,0.0938,-0.0342,0.0000,0.0000,0.0003,0.0001,-0.0009
0.2000,2.0099,2.4248,-0.0035,0.0004,6.0843,-34.4796,0.0000,0.0914,0.0914,-0.0316,0.0000,0.0000,0.0003,0.0001,0.0042
0.2000,2.0114,2.4250,0.0020,0.0017,6.0557,-34.2780,0.0000,0.0964,0.0964,-0.0311,0.0000,0.0000,0.0010,0.0004,0.0060
0.2000,1.9720,2.4252,0.0023,0.0017,6.0269,-34.0752,0.0000,0.1019,0.1019,-0.0331,0.0000,0.0000,0.0010,0.0004,0.0023
0.2000,2.0187,2.4253,-0.0061,-0.0019,6.0076,-33.8685,0.0000,0.0988,0.0988,-0.0302,0.0000,0.0000,-0.0011,-0.0005,0.0059
0.2000,2.0304,2.4255,0.0008,-0.0019,5.9902,-33.6790,0.0000,0.0921,0.0921,-0.0345,0.0000,0.0000,-0.0011,-0.0005,-0.0009
0.2000,2.0583,2.4256,-0.0031,-0.0021,5.9692,-33.4880,0.0000,0.0921,0.0921,-0.0320,0.0000,0.0000,-0.0013,-0.0005,0.0036
0.2000,1.8870,2.4257,0.0013,-0.0021,5.9457,-33.2821,0.0000,0.0942,0.0942,-0.0327,0.0000,0.0000,-0.0013,-0.0005,0.0036
0.2000,1.9056,2.4258,0.0057,-0.0021,5.9205,-33.0777,0.0000,0.0934,0.0934,-0.0370,0.0000,0.0000,-0.0013,-0.0005,-0.0031
0.2000,2.0538,2.4259,-0.0021,-0.0016,5.9017,-32.8721,0.0000,0.0872,0.0872,-0.0330,0.0000,0.0000,-0.0010,-0.0004,0.0019
0.2000,2.0421,2.4260,0.0047,-0.0016,5.8826,-32.6658,0.0000,0.0817,0.0817,-0.0354,0.0000,0.0000,-0.0010,-0.0004,-0.0009
0.2000,2.0477,2.4260,-0.0033,-0.0012,5.8614,-32.4625,0.0000,0.0819,0.0819,-0.0319,0.0000,0.0000,-0.0008,-0.0003,0.0033
0.2000,2.0534,2.4261,0.0016,-0.0012,5.8376,-32.2479,0.0000,0.0821,0.0821,-0.0302,0.0000,0.0000,-0.0008,-0.0003,0.0067
0.2000,2.0274,2.4261,0.0058,-0.0012,5.8151,-32.0432,0.0000,0.0808,0.0808,-0.0334,0.0000,0.0000,-0.0008,-0.0003,0.0005
0.2000,2.1401,2.4262,0.0076,-0.0012,5.8017,-31.8556,0.0000,0.0724,0.0724,-0.0303,0.0000,0.0000,-0.0007,-0.0003,0.0058
0.2000,2.0425,2.4262,0.0082,-0.0012,5.7801,-31.6557,0.0000,0.0710,0.0710,-0.0345,0.0000,0.0000,-0.0007,-0.0003,-0.0003
0.2000,1.8642,2.4263,0.0099,-0.0012,5.7588,-31.4516,0.0000,0.0736,0.0736,-0.0321,0.0000,0.0000,-0.0007,-0.0003,0.0038
0.2000,1.9936,2.4263,0.0017,-0.0010,5.7333,-31.2467,0.0000,0.0756,0.0756,-0.0285,0.0000,0.0000,-0.0006,-0.0002,0.0076
0.2000,2.0344,2.4264,-0.0029,-0.0010,5.7098,-31.0434,0.0000,0.0773,0.0773,-0.0266,0.0000,0.0000,-0.0006,-0.0002,0.0089
0.2000,2.0478,2.4264,-0.0058,-0.0088,5.6881,-30.8482,0.0000,0.0779,0.0779,-0.0293,0.0000,0.0000,-0.0053,-0.0021,0.0096
0.2000,2.0289,2.4264,-0.0026,-0.0088,5.6720,-30.6484,0.0000,0.0711,0.0711,-0.0289,0.0000,0.0000,-0.0053,-0.0021,0.0112
0.2000,1.9470,2.4264,0.0015,-0.0101,5.6481,-30.4461,0.0000,0.0715,0.0715,-0.0351,0.0000,0.0000,-0.0061,-0.0024,0.0039
0.2000,1.9875,2.4265,0.0060,-0.0101,5.6275,-30.2439,0.0000,0.0659,0.0659,-0.0380,0.0000,0.0000,-0.0061,-0.0024,-0.0006
0.2000,2.0201,2.4265,0.0096,-0.0101,5.6004,-30.0393,0.0000,0.0659,0.0659,-0.0411,0.0000,0.0000,-0.0061,-0.0024,-0.0030
0.2000,2.0153,2.4265,0.0112,-0.0046,5.5809,-29.8442,0.0000,0.0655,0.0655,-0.0300,0.0000,0.0000,-0.0027,-0.0011,0.0002
0.2000,2.0459,2.4265,0.0078,-0.0046,5.5581,-29.6385,0.0000,0.0667,0.0667,-0.0275,0.0000,0.0000,-0.0027,-0.0011,0.0038
0.2000,1.9438,2.4265,0.0007,-0.0030,5.5334,-29.4347,0.0000,0.0717,0.0717,-0.0246,0.0000,0.0000,-0.0018,-0.0007,0.0080
0.2000,2.0521,2.4266,-0.0077,-0.0030,5.5125,-29.2352,0.0000,0.0721,0.0721,-0.0208,0.0000,0.0000,-0.0018,-0.0007,0.0112
0.2000,2.0359,2.4266,-0.0067,-0.0030,5.4863,-29.0387,0.0000,0.0784,0.0784,-0.0193,0.0000,0.0000,-0.0018,-0.0007,0.0118
0.2000,1.9882,2.4266,-0.0056,-0.0025,5.4644,-28.8361,0.0000,0.0775,0.0775,-0.0210,0.0000,0.0000,-0.0015,-0.0006,0.0093
0.2000,1.9659,2.4266,-0.0019,-0.0025,5.4403,-28.6426,0.0000,0.0783,0.0783,-0.0254,0.0000,0.0000,-0.0015,-0.0006,0.0029
0.2000,2.0208,2.4266,0.0019,-0.0031,5.4117,-28.4393,0.0000,0.0809,0.0809,-0.0315,0.0000,0.0000,-0.0019,-0.0007,-0.0047
0.2000,1.9327,2.4266,0.0039,-0.0031,5.3898,-28.2438,0.0000,0.0820,0.0820,-0.0319,0.0000,0.0000,-0.0019,-0.0007,-0.0037
0.2000,2.0362,2.4266,-0.0045,-0.0031,5.3667,-28.0438,0.0000,0.0805,0.0805,-0.0327,0.0000,0.0000,-0.0019,-0.0007,-0.0029
0.2000,1.9496,2.4266,0.0007,-0.0035,5.3470,-27.8430,0.0000,0.0803,0.0803,-0.0309,0.0000,0.0000,-0.0021,-0.0008,0.0006
0.2000,1.9964,2.4266,-0.0035,-0.0035,5.3282,-27.6501,0.0000,0.0785,0.0785,-0.0286,0.0000,0.0000,-0.0021,-0.0008,0.0039
0.2000,1.9999,2.4266,-0.0005,-0.0037,5.3077,-27.4501,0.0000,0.0771,0.0771,-0.0276,0.0000,0.0000,-0.0022,-0.0009,0.0061
0.2000,1.9217,2.4266,0.0038,-0.0037,5.2887,-27.2560,0.0000,0.0745,0.0745,-0.0314,0.0000,0.0000,-0.0022,-0.0009,-0.0005
0.2000,1.9936,2.4266,-0.0033,-0.0037,5.2584,-27.0538,0.0000,0.0810,0.0810,-0.0310,0.0000,0.0000,-0.0022,-0.0009,0.0028
0.2000,1.9337,2.4266,-0.0064,0.0017,5.2363,-26.8498,0.0000,0.0834,0.0834,-0.0178,0.0000,0.0000,0.0010,0.0004,-0.0005
0.2000,2.0265,2.4266,-0.0083,0.0017,5.2112,-26.6427,0.0000,0.0890,0.0890,-0.0162,0.0000,0.0000,0.0010,0.0004,0.0019
0.2000,2.0341,2.4281,-0.0087,0.0016,5.1925,-26.4436,0.0000,0.0890,0.0890,-0.0144,0.0000,0.0000,0.0010,0.0004,0.0056
0.2000,2.0692,2.4294,-0.0074,0.0016,5.1656,-26.2528,0.0000,0.0950,0.0950,-0.0188,0.0000,0.0000,0.0010,0.0004,0.0000
0.2000,1.9818,2.4306,-0.0042,0.0016,5.1509,-26.0565,0.0000,0.0900,0.0900,-0.0218,0.0000,0.0000,0.0010,0.0004,-0.0032
0.1999,1.9103,2.4316,-0.0016,-0.0007,5.1263,-25.8621,0.0000,0.0958,0.0958,-0.0283,0.0000,0.0000,-0.0004,-0.0002,-0.0052
0.2000,1.9521,2.4326,-0.0006,-0.0007,5.1093,-25.6682,0.0000,0.0922,0.0922,-0.0293,0.0000,0.0000,-0.0004,-0.0002,-0.0057
0.2000,1.9423,2.4334,0.0012,-0.0020,5.0884,-25.4714,0.0000,0.0936,0.0936,-0.0323,0.0000,0.0000,-0.0012,-0.0005,-0.0045
0.2000,1.9296,2.4342,0.0012,-0.0020,5.0731,-25.2801,0.0000,0.0896,0.0896,-0.0314,0.0000,0.0000,-0.0012,-0.0005,-0.0014
0.2000,1.9628,2.4349,-0.0037,-0.0020,5.0583,-25.0945,0.0000,0.0850,0.0850,-0.0306,0.0000,0.0000,-0.0012,-0.0005,0.0009
0.1999,1.9021,2.4355,0.0023,-0.0026,5.0397,-24.9004,0.0000,0.0845,0.0845,-0.0317,0.0000,0.0000,-0.0016,-0.0006,0.0013
0.2000,1.8459,2.4361,0.0046,-0.0026,5.0212,-24.6981,0.0000,0.0832,0.0832,-0.0310,0.0000,0.0000,-0.0016,-0.0006,0.0036
0.2000,1.9334,2.4366,-0.0038,-0.0026,4.9918,-24.5037,0.0000,0.0903,0.0903,-0.0318,0.0000,0.0000,-0.0016,-0.0006,0.0036
-0.0724,2.0139,2.3966,0.0023,-0.0025,4.9802,-24.3140,0.0000,0.0799,0.0799,-0.0338,0.0000,0.0000,-0.0015,-0.0006,-0.0007
0.1056,1.9497,2.3569,-0.0051,-0.0025,4.9554,-24.1160,0.0000,0.0864,0.0864,-0.0316,0.0000,0.0000,-0.0015,-0.0006,0.0040
0.1992,1.8840,2.3212,-0.0096,-0.0022,4.9324,-23.9232,0.0000,0.0915,0.0915,-0.0292,0.0000,0.0000,-0.0013,-0.0005,0.0063
0.1441,1.9779,2.2891,-0.0085,-0.0022,4.9104,-23.7242,0.0000,0.0906,0.0906,-0.0324,0.0000,0.0000,-0.0013,-0.0005,-0.0000
0.2003,1.9259,2.2602,-0.0119,-0.0022,4.8909,-23.5250,0.0000,0.0894,0.0894,-0.0329,0.0000,0.0000,-0.0013,-0.0005,0.0033
0.1190,1.9853,2.2342,-0.0053,-0.0019,4.8710,-23.3311,0.0000,0.0860,0.0860,-0.0362,0.0000,0.0000,-0.0012,-0.0005,-0.0002
0.1568,1.9833,2.2108,-0.0036,-0.0019,4.8468,-23.1346,0.0000,0.0886,0.0886,-0.0397,0.0000,0.0000,-0.0012,-0.0005,-0.0053
0.2004,1.9329,2.1897,-0.0012,-0.0014,4.8275,-22.9200,0.0000,0.0845,0.0845,-0.0411,0.0000,0.0000,-0.0009,-0.0003,-0.0052
0.1387,1.9621,2.1707,0.0068,-0.0014,4.8139,-22.7166,0.0000,0.0764,0.0764,-0.0432,0.0000,0.0000,-0.0009,-0.0003,-0.0082
-0.0423,2.1360,2.1536,0.0144,-0.0017,4.7938,-22.5111,0.0000,0.0723,0.0723,-0.0418,0.0000,0.0000,-0.0010,-0.0004,-0.0039
0.1163,2.0218,2.1383,0.0088,-0.0017,4.7781,-22.3014,0.0000,0.0695,0.0695,-0.0412,0.0000,0.0000,-0.0010,-0.0004,-0.0010
0.0217,2.0462,2.1245,0.0172,-0.0017,4.7707,-22.1027,0.0000,0.0585,0.0585,-0.0391,0.0000,0.0000,-0.0010,-0.0004,0.0013
-0.0372,2.0846,2.1120,0.0161,-0.0019,4.7594,-21.9038,0.0000,0.0531,0.0531,-0.0337,0.0000,0.0000,-0.0011,-0.0005,0.0063
0.1688,1.9723,2.1008,0.0077,-0.0019,4.7479,-21.7111,0.0000,0.0506,0.0506,-0.0294,0.0000,0.0000,-0.0011,-0.0005,0.0121
0.1892,1.9744,2.0907,0.0035,-0.0016,4.7328,-21.5162,0.0000,0.0486,0.0486,-0.0274,0.0000,0.0000,-0.0010,-0.0004,0.0118
0.2000,1.9147,2.0817,-0.0049,-0.0016,4.7114,-21.3248,0.0000,0.0553,0.0553,-0.0234,0.0000,0.0000,-0.0010,-0.0004,0.0157
0.1990,1.9381,2.0735,-0.0133,-0.0016,4.6817,-21.1411,0.0000,0.0682,0.0682,-0.0214,0.0000,0.0000,-0.0010,-0.0004,0.0173
0.2003,1.8456,2.0661,-0.0110,-0.0016,4.6619,-20.9343,0.0000,0.0676,0.0676,-0.0244,0.0000,0.0000,-0.0010,-0.0004,0.0124
0.2000,1.8456,2.0595,-0.0070,-0.0016,4.6394,-20.7397,0.0000,0.0694,0.0694,-0.0280,0.0000,0.0000,-0.0010,-0.0004,0.0069
0.2000,1.8456,2.0536,0.0013,-0.0016,4.6178,-20.5314,0.0000,0.0669,0.0669,-0.0338,0.0000,0.0000,-0.0010,-0.0004,0.0012
0.1212,1.9424,2.0482,0.0096,-0.0017,4.5985,-20.3181,0.0000,0.0599,0.0599,-0.0397,0.0000,0.0000,-0.0010,-0.0004,-0.0065
-0.0364,2.0757,2.0434,0.0176,-0.0017,4.5764,-20.1075,0.0000,0.0586,0.0586,-0.0410,0.0000,0.0000,-0.0010,-0.0004,-0.0079
-0.1396,2.1231,2.0391,0.0250,-0.0013,4.5641,-19.9038,0.0000,0.0508,0.0508,-0.0397,0.0000,0.0000,-0.0008,-0.0003,-0.0050
-0.0606,2.0234,2.0352,0.0295,-0.0013,4.5565,-19.7025,0.0000,0.0435,0.0435,-0.0359,0.0000,0.0000,-0.0008,-0.0003,-0.0005
-0.0304,2.0234,2.0316,0.0216,-0.0011,4.5432,-19.4960,0.0000,0.0412,0.0412,-0.0293,0.0000,0.0000,-0.0007,-0.0003,0.0073
0.0276,1.9975,2.0285,0.0133,-0.0011,4.5309,-19.2906,0.0000,0.0396,0.0396,-0.0221,0.0000,0.0000,-0.0007,-0.0003,0.0144
-0.0509,2.0518,2.0256,0.0049,-0.0011,4.5101,-19.0858,0.0000,0.0444,0.0444,-0.0158,0.0000,0.0000,-0.0007,-0.0003,0.0208
-0.0702,2.0405,2.0231,-0.0035,-0.0016,4.4896,-18.8818,0.0000,0.0513,0.0513,-0.0082,0.0000,0.0000,-0.0010,-0.0004,0.0265
-0.0838,2.0409,2.0208,-0.0118,-0.0016,4.4588,-18.6769,0.0000,0.0643,0.0643,-0.0069,0.0000,0.0000,-0.0010,-0.0004,0.0253
-0.0770,2.0335,2.0187,-0.0202,-0.0017,4.4293,-18.4732,0.0000,0.0720,0.0720,-0.0100,0.0000,0.0000,-0.0011,-0.0004,0.0190
-0.1091,2.0553,2.0168,-0.0283,-0.0017,4.4013,-18.2636,0.0000,0.0789,0.0789,-0.0135,0.0000,0.0000,-0.0011,-0.0004,0.0118
-0.0690,2.0403,2.0151,-0.0232,-0.0042,4.3746,-18.0553,0.0000,0.0821,0.0821,-0.0189,0.0000,0.0000,-0.0026,-0.0010,0.0043
-0.1059,2.0973,2.0136,-0.0153,-0.0042,4.3461,-17.8407,0.0000,0.0845,0.0845,-0.0268,0.0000,0.0000,-0.0026,-0.0010,-0.0035
-0.1061,2.0812,2.0123,-0.0069,-0.0042,4.3237,-17.6356,0.0000,0.0815,0.0815,-0.0354,0.0000,0.0000,-0.0026,-0.0010,-0.0112
-0.1696,2.1453,2.0110,0.0015,-0.0003,4.3204,-17.4231,0.0000,0.0551,0.0551,-0.0469,0.0000,0.0000,-0.0002,-0.0001,-0.0193
-0.0880,2.0455,2.0099,0.0098,-0.0003,4.3113,-17.2129,0.0000,0.0439,0.0439,-0.0500,0.0000,0.0000,-0.0002,-0.0001,-0.0212
-0.1295,2.1087,2.0089,0.0182,0.0055,4.3049,-16.9946,0.0000,0.0273,0.0273,-0.0497,0.0000,0.0000,0.0033,0.0013,-0.0165
-0.1221,2.0862,2.0080,0.0266,0.0055,4.2847,-16.7900,0.0000,0.0316,0.0316,-0.0449,0.0000,0.0000,0.0033,0.0013,-0.0088
-0.2000,2.1656,2.0072,0.0327,0.0031,4.2718,-16.5865,0.0000,0.0280,0.0280,-0.0379,0.0000,0.0000,0.0019,0.0007,-0.0008
-0.1518,2.0381,2.0065,0.0384,0.0031,4.2541,-16.3722,0.0000,0.0330,0.0330,-0.0310,0.0000,0.0000,0.0019,0.0007,0.0069
-0.0626,2.0213,2.0059,0.0300,0.0031,4.2413,-16.1572,0.0000,0.0311,0.0311,-0.0242,0.0000,0.0000,0.0019,0.0007,0.0143
-0.1351,2.1324,2.0053,0.0216,0.0014,4.2156,-15.9451,0.0000,0.0431,0.0431,-0.0154,0.0000,0.0000,0.0008,0.0003,0.0210
-0.1653,2.1355,2.0047,0.0132,0.0014,4.1867,-15.7393,0.0000,0.0613,0.0613,-0.0048,0.0000,0.0000,0.0008,0.0003,0.0295
-0.1676,2.1202,2.0043,0.0080,0.0046,4.1620,-15.5287,0.0000,0.0723,0.0723,0.0011,0.0000,0.0000,0.0028,0.0011,0.0329
-0.1049,2.0623,2.0038,-0.0004,0.0046,4.1374,-15.3119,0.0000,0.0796,0.0796,0.0032,0.0000,0.0000,0.0028,0.0011,0.0325
-0.1877,2.1039,2.0035,-0.0088,0.0008,4.1024,-15.1018,0.0000,0.0959,0.0959,0.0038,0.0000,0.0000,0.0005,0.0002,0.0256
-0.2000,2.1638,2.0031,-0.0172,0.0008,4.0761,-14.8971,0.0000,0.1035,0.1035,0.0023,0.0000,0.0000,0.0005,0.0002,0.0200
-0.1825,2.1129,2.0028,-0.0254,0.0008,4.0471,-14.6745,0.0000,0.1104,0.1104,-0.0020,0.0000,0.0000,0.0005,0.0002,0.0127
-0.1612,2.0468,2.0025,-0.0338,-0.0487,4.0193,-14.4632,0.0000,0.1167,0.1167,-0.0046,0.0000,0.0000,-0.0294,-0.0118,0.0082
-0.2000,2.2253,2.0023,-0.0422,-0.0487,3.9892,-14.2580,0.0000,0.1229,0.1229,-0.0112,0.0000,0.0000,-0.0294,-0.0118,0.0008
-0.1946,2.1125,2.0020,-0.0338,0.0019,3.9595,-14.0449,0.0000,0.1295,0.1295,-0.0118,0.0000,0.0000,0.0011,0.0004,-0.0073
-0.1693,2.0561,2.0018,-0.0421,0.0019,3.9218,-13.8451,0.0000,0.1438,0.1438,-0.0213,0.0000,0.0000,0.0011,0.0004,-0.0156
-0.1647,2.1325,2.0017,-0.0337,0.0019,3.9109,-13.6476,0.0000,0.1212,0.1212,-0.0418,0.0000,0.0000,0.0011,0.0004,-0.0303
-0.0581,2.0130,2.0015,-0.0253,0.0732,3.9123,-13.4416,0.0000,0.0990,0.0990,-0.0574,0.0000,0.0000,0.0442,0.0177,-0.0363
0.0121,1.9626,2.0013,-0.0169,0.0732,3.8970,-13.2249,0.0000,0.0885,0.0885,-0.0639,0.0000,0.0000,0.0442,0.0177,-0.0351
-0.0284,2.0438,2.0012,-0.0253,0.0153,3.8913,-13.0223,0.0000,0.0645,0.0645,-0.0862,0.0000,0.0000,0.0092,0.0037,-0.0368
-0.1495,2.1538,2.0011,-0.0169,0.0153,3.8801,-12.8191,0.0000,0.0453,0.0453,-0.0907,0.0000,0.0000,0.0092,0.0037,-0.0351
-0.0512,2.0103,2.0010,-0.0085,0.0153,3.8823,-12.6154,0.0000,0.0276,0.0276,-0.0873,0.0000,0.0000,0.0092,0.0037,-0.0269
-0.0325,2.0170,2.0009,-0.0064,0.0089,3.8548,-12.3922,0.0000,0.0264,0.0264,-0.0841,0.0000,0.0000,0.0053,0.0021,-0.0186
-0.0282,2.0211,2.0008,0.0020,0.0089,3.8259,-12.1945,0.0000,0.0325,0.0325,-0.0869,0.0000,0.0000,0.0053,0.0021,-0.0177
-0.2000,2.2262,2.0007,0.0001,-0.0015,3.8276,-11.9901,0.0000,0.0010,0.0010,-0.0856,0.0000,0.0000,-0.0009,-0.0004,-0.0171
-0.0300,1.9786,2.0006,0.0084,-0.0015,3.8279,-11.7796,0.0000,-0.0070,-0.0070,-0.0790,0.0000,0.0000,-0.0009,-0.0004,-0.0057
-0.0335,2.0268,2.0006,0.0168,-0.0015,3.8244,-11.5890,0.0000,-0.0230,-0.0230,-0.0778,0.0000,0.0000,-0.0009,-0.0004,-0.0033
-0.0864,2.0870,2.0005,0.0252,-0.0010,3.8122,-11.3906,0.0000,-0.0316,-0.0316,-0.0833,0.0000,0.0000,-0.0006,-0.0002,-0.0018
0.1019,1.8905,2.0005,0.0335,-0.0010,3.8092,-11.1948,0.0000,-0.0386,-0.0386,-0.0796,0.0000,0.0000,-0.0006,-0.0002,0.0025
0.0581,1.9707,2.0004,0.0419,0.0076,3.7923,-10.9889,0.0000,-0.0422,-0.0422,-0.0636,0.0000,0.0000,0.0046,0.0018,0.0086
0.0797,1.9419,2.0004,0.0503,0.0076,3.7674,-10.7839,0.0000,-0.0297,-0.0297,-0.0559,0.0000,0.0000,0.0046,0.0018,0.0153
-0.0287,2.0484,2.0003,0.0587,0.0565,3.7477,-10.5769,0.0000,-0.0237,-0.0237,0.0727,0.0000,0.0000,0.0341,0.0136,0.0238
-0.0517,2.0495,2.0003,0.0503,0.0565,3.7381,-10.3780,0.0000,-0.0010,-0.0010,0.0821,0.0000,0.0000,0.0341,0.0136,0.0301
-0.0697,2.0617,2.0003,0.0419,0.0565,3.7205,-10.1783,0.0000,0.0313,0.0313,0.0932,0.0000,0.0000,0.0341,0.0136,0.0386
0.0147,1.9756,2.0002,0.0335,0.0092,3.6975,-9.9740,0.0000,0.0534,0.0534,-0.0113,0.0000,0.0000,0.0056,0.0022,0.0458
0.0149,1.9893,2.0002,0.0251,0.0092,3.6696,-9.7694,0.0000,0.0716,0.0716,-0.0010,0.0000,0.0000,0.0056,0.0022,0.0524
-0.0301,2.0408,2.0002,0.0167,-0.0278,3.6426,-9.5714,0.0000,0.0752,0.0752,-0.1793,0.0000,0.0000,-0.0168,-0.0067,0.0455
-0.0565,2.0505,2.0002,0.0250,-0.0278,3.6202,-9.3778,0.0000,0.0473,0.0473,-0.1793,0.0000,0.0000,-0.0168,-0.0067,0.0379
-0.0033,1.9836,2.0002,0.0334,-0.0278,3.5910,-9.1780,0.0000,0.0296,0.0296,-0.1817,0.0000,0.0000,-0.0168,-0.0067,0.0302
0.0733,1.9333,2.0001,0.0418,0.0245,3.5673,-8.9814,0.0000,0.0174,0.0174,-0.0584,0.0000,0.0000,0.0148,0.0059,0.0233
0.0207,2.0032,2.0001,0.0502,0.0245,3.5509,-8.7894,0.0000,0.0056,0.0056,-0.0587,0.0000,0.0000,0.0148,0.0059,0.0176
0.0693,1.9641,2.0001,0.0418,-0.0538,3.5295,-8.5778,0.0000,0.0050,0.0050,-0.0285,0.0000,0.0000,-0.0325,-0.0130,0.0239
0.0980,1.9102,2.0001,0.0334,-0.0538,3.5046,-8.3852,0.0000,0.0150,0.0150,-0.0192,0.0000,0.0000,-0.0325,-0.0130,0.0313
-0.0760,2.1097,2.0001,0.0250,-0.0538,3.4806,-8.1917,0.0000,0.0223,0.0223,-0.0072,0.0000,0.0000,-0.0325,-0.0130,0.0389
0.0457,1.9270,2.0001,0.0334,-0.0223,3.4569,-7.9910,0.0000,0.0325,0.0325,0.0284,0.0000,0.0000,-0.0134,-0.0054,0.0461
0.0691,1.9343,2.0001,0.0250,-0.0223,3.4284,-7.7916,0.0000,0.0458,0.0458,0.0296,0.0000,0.0000,-0.0134,-0.0054,0.0403
0.0177,2.0049,2.0001,0.0334,0.0115,3.4090,-7.6032,0.0000,0.0505,0.0505,0.0203,0.0000,0.0000,0.0069,0.0028,0.0328
0.0077,1.9980,2.0001,0.0250,0.0115,3.3845,-7.4137,0.0000,0.0575,0.0575,0.0196,0.0000,0.0000,0.0069,0.0028,0.0259
0.1163,1.8778,2.0001,0.0166,0.0115,3.3616,-7.2239,0.0000,0.0648,0.0648,0.0244,0.0000,0.0000,0.0069,0.0028,0.0297
0.1382,1.8949,2.0001,0.0082,0.0070,3.3244,-7.0236,0.0000,0.0842,0.0842,0.0162,0.0000,0.0000,0.0042,0.0017,0.0261
0.1450,1.8953,2.0000,-0.0002,0.0070,3.2995,-6.8145,0.0000,0.0914,0.0914,0.0234,0.0000,0.0000,0.0042,0.0017,0.0320
0.0142,2.0223,2.0000,-0.0075,0.0080,3.2683,-6.6243,0.0000,0.1049,0.1049,0.0276,0.0000,0.0000,0.0048,0.0019,0.0273
-0.0803,2.0885,2.0000,-0.0159,0.0080,3.2405,-6.4455,0.0000,0.1144,0.1144,0.0259,0.0000,0.0000,0.0048,0.0019,0.0206
0.0681,1.9116,2.0000,-0.0243,0.0080,3.2131,-6.2578,0.0000,0.1178,0.1178,0.0209,0.0000,0.0000,0.0048,0.0019,0.0138
0.2000,1.7947,2.0000,-0.0327,0.0080,3.1911,-6.0614,0.0000,0.1143,0.1143,0.0145,0.0000,0.0000,0.0048,0.0019,0.0062
0.1853,1.8802,2.0000,-0.0411,0.0036,3.1731,-5.8690,0.0000,0.1101,0.1101,0.0094,0.0000,0.0000,0.0022,0.0009,-0.0007
0.1366,1.9595,2.0000,-0.0495,0.0036,3.1524,-5.6781,0.0000,0.1059,0.1059,0.0023,0.0000,0.0000,0.0022,0.0009,-0.0081
0.1156,1.9157,2.0000,-0.0579,-0.0359,3.1249,-5.4912,0.0000,0.0957,0.0957,-0.1004,0.0000,0.0000,-0.0216,-0.0087,-0.0163
0.1112,1.9044,2.0000,-0.0497,-0.0359,3.0979,-5.3003,0.0000,0.0776,0.0776,-0.1104,0.0000,0.0000,-0.0216,-0.0087,-0.0240
0.1445,1.8717,2.0000,-0.0413,-0.0359,3.0785,-5.1219,0.0000,0.0563,0.0563,-0.1192,0.0000,0.0000,-0.0216,-0.0087,-0.0300
0.1227,1.9107,2.0000,-0.0412,-0.0443,3.0502,-4.9365,0.0000,0.0351,0.0351,-0.1330,0.0000,0.0000,-0.0267,-0.0107,-0.0404
0.2000,1.7797,2.0000,-0.0328,-0.0443,3.0310,-4.7447,0.0000,0.0136,0.0136,-0.1469,0.0000,0.0000,-0.0267,-0.0107,-0.0514
0.1859,1.8576,2.0000,-0.0244,0.0430,3.0165,-4.5536,0.0000,-0.0162,-0.0162,0.0566,0.0000,0.0000,0.0259,0.0104,-0.0482
0.1354,1.9112,2.0000,-0.0328,0.0430,2.9978,-4.3648,0.0000,0.0053,0.0053,0.0589,0.0000,0.0000,0.0259,0.0104,-0.0358
0.1417,1.9004,2.0000,-0.0412,0.0430,2.9809,-4.1709,0.0000,0.0198,0.0198,0.0553,0.0000,0.0000,0.0259,0.0104,-0.0336
0.1413,1.8804,2.0000,-0.0496,0.0242,2.9583,-3.9936,0.0000,0.0368,0.0368,0.0073,0.0000,0.0000,0.0146,0.0058,-0.0271
0.1064,1.9291,2.0000,-0.0412,0.0242,2.9416,-3.8136,0.0000,0.0440,0.0440,0.0062,0.0000,0.0000,0.0146,0.0058,-0.0192
0.2000,1.7718,2.0000,-0.0328,0.0242,2.9316,-3.6263,0.0000,0.0402,0.0402,-0.0014,0.0000,0.0000,0.0146,0.0058,-0.0249
0.2000,1.7913,2.0000,-0.0412,-0.0135,2.9200,-3.4354,0.0000,0.0243,0.0243,-0.1051,0.0000,0.0000,-0.0082,-0.0033,-0.0325
0.1826,1.8594,2.0000,-0.0329,-0.0135,2.9163,-3.2420,0.0000,-0.0090,-0.0090,-0.1186,0.0000,0.0000,-0.0082,-0.0033,-0.0446
0.1472,1.8967,2.0000,-0.0245,-0.0135,2.8939,-3.0595,0.0000,-0.0130,-0.0130,-0.1164,0.0000,0.0000,-0.0081,-0.0032,-0.0359
0.1173,1.9182,2.0000,-0.0161,-0.0135,2.8881,-2.8902,0.0000,-0.0338,-0.0338,-0.1183,0.0000,0.0000,-0.0081,-0.0032,-0.0273
0.1868,1.8212,2.0000,-0.0077,-0.0135,2.8717,-2.7062,0.0000,-0.0400,-0.0400,-0.1243,0.0000,0.0000,-0.0081,-0.0032,-0.0330
0.2000,1.6805,2.0000,0.0007,-0.0135,2.8541,-2.5296,0.0000,-0.0380,-0.0380,-0.1235,0.0000,0.0000,-0.0081,-0.0032,-0.0271
0.2001,1.8297,2.0000,0.0060,-0.0165,2.8523,-2.3442,0.0000,-0.0696,-0.0696,-0.1229,0.0000,0.0000,-0.0100,-0.0040,-0.0196
0.2000,1.7586,2.0000,0.0144,-0.0165,2.8431,-2.1555,0.0000,-0.0797,-0.0797,-0.1201,0.0000,0.0000,-0.0100,-0.0040,-0.0112
0.1999,1.8388,2.0000,0.0228,-0.0151,2.8346,-1.9781,0.0000,-0.0953,-0.0953,-0.1059,0.0000,0.0000,-0.0091,-0.0036,-0.0033
0.1946,1.8728,2.0000,0.0312,-0.0151,2.8265,-1.7892,0.0000,-0.1097,-0.1097,-0.1022,0.0000,0.0000,-0.0091,-0.0036,0.0046
0.2000,1.7607,2.0000,0.0395,-0.0151,2.8132,-1.5875,0.0000,-0.1110,-0.1110,-0.0972,0.0000,0.0000,-0.0091,-0.0036,0.0100
0.1786,1.8744,2.0000,0.0461,-0.0169,2.8025,-1.3886,0.0000,-0.1236,-0.1236,-0.0874,0.0000,0.0000,-0.0102,-0.0041,0.0165
0.0415,2.0051,2.0000,0.0544,-0.0169,2.7924,-1.2097,0.0000,-0.1350,-0.1350,-0.0799,0.0000,0.0000,-0.0102,-0.0041,0.0232
0.2000,1.7780,2.0000,0.0628,-0.0094,2.7780,-1.0335,0.0000,-0.1255,-0.1255,-0.0528,0.0000,0.0000,-0.0057,-0.0023,0.0298
0.2000,1.7780,2.0000,0.0712,-0.0094,2.7686,-0.8561,0.0000,-0.1264,-0.1264,-0.0435,0.0000,0.0000,-0.0057,-0.0023,0.0376
0.2000,1.7536,2.0000,0.0796,-0.0094,2.7491,-0.6744,0.0000,-0.1172,-0.1172,-0.0353,0.0000,0.0000,-0.0057,-0.0023,0.0429
0.2000,1.7628,2.0000,0.0880,0.0042,2.7362,-0.4835,0.0000,-0.1151,-0.1151,-0.0247,0.0000,0.0000,0.0025,0.0010,0.0495
0.2000,1.7628,2.0000,0.0828,0.0042,2.7165,-0.2884,0.0000,-0.1059,-0.1059,-0.0136,0.0000,0.0000,0.0025,0.0010,0.0579
0.2000,1.8140,2.0000,0.0745,0.0042,2.6963,-0.0953,0.0000,-0.0944,-0.0944,0.0013,0.0000,0.0000,0.0025,0.0010,0.0695
0.1073,1.9455,2.0000,0.0676,0.0057,2.6779,0.0856,0.0000,-0.0829,-0.0829,0.0146,0.0000,0.0000,0.0034,0.0014,0.0770
0.0952,1.9278,2.0000,0.0592,0.0057,2.6544,0.2565,0.0000,-0.0675,-0.0675,0.0245,0.0000,0.0000,0.0034,0.0014,0.0824
0.2002,1.8057,2.0000,0.0508,-0.0065,2.6251,0.4358,0.0000,-0.0496,-0.0496,0.0305,0.0000,0.0000,-0.0039,-0.0016,0.0843
0.2000,1.7134,2.0000,0.0426,-0.0065,2.5981,0.6127,0.0000,-0.0361,-0.0361,0.0325,0.0000,0.0000,-0.0039,-0.0016,0.0797
0.2001,1.8045,2.0000,0.0342,-0.0065,2.5743,0.7901,0.0000,-0.0235,-0.0235,0.0380,0.0000,0.0000,-0.0039,-0.0016,0.0741
0.2000,1.7772,2.0000,0.0258,-0.0071,2.5472,0.9684,0.0000,-0.0116,-0.0116,0.0380,0.0000,0.0000,-0.0043,-0.0017,0.0637
0.2000,1.7761,2.0000,0.0174,-0.0071,2.5099,1.1427,0.0000,0.0113,0.0113,0.0377,0.0000,0.0000,-0.0043,-0.0017,0.0532
0.2000,1.7892,2.0000,0.0091,-0.0071,2.4756,1.3249,0.0000,0.0310,0.0310,0.0388,0.0000,0.0000,-0.0043,-0.0017,0.0458
0.2000,1.7706,2.0000,0.0015,-0.0064,2.4328,1.5087,0.0000,0.0581,0.0581,0.0462,0.0000,0.0000,-0.0038,-0.0015,0.0385
0.1999,1.8406,2.0000,-0.0069,-0.0064,2.3982,1.6834,0.0000,0.0788,0.0788,0.0447,0.0000,0.0000,-0.0038,-0.0015,0.0310
0.1769,1.8732,2.0000,-0.0153,-0.0064,2.3661,1.8627,0.0000,0.0949,0.0949,0.0419,0.0000,0.0000,-0.0038,-0.0015,0.0242
0.2000,1.7663,2.0000,-0.0182,-0.0008,2.3391,2.0388,0.0000,0.1030,0.1030,0.0437,0.0000,0.0000,-0.0005,-0.0002,0.0183
0.2000,1.7663,2.0000,-0.0266,-0.0008,2.3055,2.2195,0.0000,0.1197,0.1197,0.0388,0.0000,0.0000,-0.0005,-0.0002,0.0101
0.2000,1.7663,2.0000,-0.0350,-0.0008,2.2742,2.4038,0.0000,0.1333,0.1333,0.0339,0.0000,0.0000,-0.0005,-0.0002,0.0033
0.2000,1.8530,2.0000,-0.0358,0.0068,2.2459,2.5655,0.0000,0.1464,0.1464,0.0335,0.0000,0.0000,0.0041,0.0016,-0.0046
0.2000,1.8530,2.0000,-0.0442,0.0068,2.2321,2.7447,0.0000,0.1430,0.1430,0.0273,0.0000,0.0000,0.0041,0.0016,-0.0110
0.2000,1.7829,2.0000,-0.0526,0.0055,2.2166,2.9210,0.0000,0.1384,0.1384,0.0224,0.0000,0.0000,0.0033,0.0013,-0.0131
0.2000,1.7829,2.0000,-0.0608,0.0055,2.1968,3.1029,0.0000,0.1399,0.1399,0.0142,0.0000,0.0000,0.0033,0.0013,-0.0212
0.2000,1.7550,2.0000,-0.0641,0.0055,2.1737,3.2911,0.0000,0.1430,0.1430,0.0054,0.0000,0.0000,0.0033,0.0013,-0.0282
0.2000,1.8138,2.0000,-0.0711,-0.0098,2.1497,3.4817,0.0000,0.1406,0.1406,-0.0396,0.0000,0.0000,-0.0059,-0.0024,-0.0316
0.1669,1.8798,2.0000,-0.0627,-0.0098,2.1342,3.6842,0.0000,0.1227,0.1227,-0.0551,0.0000,0.0000,-0.0059,-0.0024,-0.0426
0.1489,1.9037,2.0012,-0.0560,-0.0115,2.1277,3.8736,0.0000,0.0984,0.0984,-0.0753,0.0000,0.0000,-0.0069,-0.0028,-0.0529
0.0393,2.0142,2.0022,-0.0476,-0.0115,2.1125,4.0655,0.0000,0.0803,0.0803,-0.0872,0.0000,0.0000,-0.0069,-0.0028,-0.0598
0.1311,1.8808,2.0032,-0.0392,-0.0115,2.1073,4.2497,0.0000,0.0603,0.0603,-0.0974,0.0000,0.0000,-0.0069,-0.0028,-0.0640
0.1274,1.9079,2.0040,-0.0308,0.0012,2.0993,4.4229,0.0000,0.0454,0.0454,-0.0734,0.0000,0.0000,0.0007,0.0003,-0.0644
0.1911,1.8289,2.0048,-0.0224,0.0012,2.0905,4.6040,0.0000,0.0386,0.0386,-0.0741,0.0000,0.0000,0.0007,0.0003,-0.0569
0.2000,1.7188,2.0055,-0.0140,0.0012,2.0937,4.8268,0.0000,0.0128,0.0128,-0.0810,0.0000,0.0000,0.0007,0.0003,-0.0505
0.2001,1.7983,2.0255,-0.0080,-0.0012,2.0814,5.0134,0.0000,0.0090,0.0090,-0.0745,0.0000,0.0000,-0.0007,-0.0003,-0.0379
0.0614,2.2126,2.0455,0.0004,0.0010,2.0767,5.1995,0.0000,-0.0166,-0.0166,-0.0702,0.0000,0.0000,0.0006,0.0002,-0.0291
0.2000,1.8539,2.0655,0.0088,0.0010,2.0765,5.4045,0.0000,-0.0215,-0.0215,-0.0679,0.0000,0.0000,0.0006,0.0002,-0.0215
0.1999,1.8458,2.0855,0.0172,0.0010,2.0718,5.5957,0.0000,-0.0293,-0.0293,-0.0650,0.0000,0.0000,0.0006,0.0002,-0.0150
0.2000,2.0329,2.1048,0.0243,-0.0004,2.0544,5.7930,0.0000,-0.0295,-0.0295,-0.0677,0.0000,0.0000,-0.0002,-0.0001,-0.0068
0.2000,1.8963,2.1222,0.0327,-0.0004,2.0539,6.0039,0.0000,-0.0398,-0.0398,-0.0643,0.0000,0.0000,-0.0002,-0.0001,0.0004
0.2000,1.9635,2.1378,0.0411,-0.0004,2.0486,6.1990,0.0000,-0.0473,-0.0473,-0.0573,0.0000,0.0000,-0.0002,-0.0001,0.0079
0.2000,2.0916,2.1519,0.0441,-0.0057,2.0408,6.3936,0.0000,-0.0558,-0.0558,-0.0621,0.0000,0.0000,-0.0034,-0.0014,0.0151
0.2000,1.9347,2.1645,0.0525,-0.0057,2.0315,6.5921,0.0000,-0.0539,-0.0539,-0.0551,0.0000,0.0000,-0.0034,-0.0014,0.0217
0.2000,1.9316,2.1759,0.0609,-0.0057,2.0262,6.7849,0.0000,-0.0602,-0.0602,-0.0478,0.0000,0.0000,-0.0034,-0.0014,0.0271
0.2000,1.9711,2.1862,0.0614,-0.0049,2.0102,6.9774,0.0000,-0.0554,-0.0554,-0.0336,0.0000,0.0000,-0.0030,-0.0012,0.0341
0.1999,1.9121,2.1954,0.0547,-0.0049,2.0022,7.1694,0.0000,-0.0556,-0.0556,-0.0250,0.0000,0.0000,-0.0030,-0.0012,0.0405
0.2000,1.9160,2.2037,0.0501,-0.0013,1.9845,7.3677,0.0000,-0.0480,-0.0480,-0.0124,0.0000,0.0000,-0.0008,-0.0003,0.0446
0.2000,1.9060,2.2112,0.0417,-0.0013,1.9696,7.5580,0.0000,-0.0401,-0.0401,-0.0018,0.0000,0.0000,-0.0008,-0.0003,0.0518
0.2000,1.9752,2.2179,0.0333,-0.0013,1.9564,7.7503,0.0000,-0.0352,-0.0352,0.0070,0.0000,0.0000,-0.0008,-0.0003,0.0536
0.2000,1.8944,2.2240,0.0262,0.0000,1.9274,7.9426,0.0000,-0.0160,-0.0160,0.0101,0.0000,0.0000,0.0000,0.0000,0.0534
0.2000,1.9118,2.2294,0.0178,0.0000,1.9084,8.1378,0.0000,-0.0101,-0.0101,0.0106,0.0000,0.0000,0.0000,0.0000,0.0441
0.2000,1.9315,2.2343,0.0094,-0.0029,1.8876,8.3394,0.0000,-0.0024,-0.0024,0.0120,0.0000,0.0000,-0.0018,-0.0007,0.0393
0.2000,1.9449,2.2387,0.0010,-0.0029,1.8580,8.5282,0.0000,0.0156,0.0156,0.0164,0.0000,0.0000,-0.0018,-0.0007,0.0391
0.2000,2.0112,2.2427,-0.0074,-0.0029,1.8221,8.7417,0.0000,0.0349,0.0349,0.0155,0.0000,0.0000,-0.0018,-0.0007,0.0316
0.2000,1.8962,2.2463,-0.0138,-0.0010,1.7920,8.9650,0.0000,0.0463,0.0463,0.0203,0.0000,0.0000,-0.0006,-0.0002,0.0252
0.1918,2.1484,2.2495,-0.0222,-0.0010,1.7628,9.1639,0.0000,0.0631,0.0631,0.0203,0.0000,0.0000,-0.0006,-0.0002,0.0196
0.0914,2.2336,2.2524,-0.0285,0.0012,1.7325,9.3648,0.0000,0.0756,0.0756,0.0152,0.0000,0.0000,0.0007,0.0003,0.0104
0.2000,1.9942,2.2550,-0.0368,0.0012,1.7063,9.5732,0.0000,0.0817,0.0817,0.0094,0.0000,0.0000,0.0007,0.0003,0.0037
0.2000,2.0138,2.2573,-0.0308,-0.0001,1.6864,9.7804,0.0000,0.0808,0.0808,-0.0028,0.0000,0.0000,-0.0000,-0.0000,-0.0059
0.2000,2.0826,2.2595,-0.0237,-0.0001,1.6578,9.9850,0.0000,0.0883,0.0883,-0.0094,0.0000,0.0000,-0.0000,-0.0000,-0.0111
0.2000,2.0640,2.2614,-0.0154,-0.0001,1.6405,10.1983,0.0000,0.0788,0.0788,-0.0222,0.0000,0.0000,-0.0000,-0.0000,-0.0201
0.2000,2.0465,2.2631,-0.0070,0.0010,1.6148,10.4167,0.0000,0.0799,0.0799,-0.0305,0.0000,0.0000,0.0006,0.0002,-0.0267
0.2001,2.1209,2.2646,0.0014,0.0010,1.6061,10.6478,0.0000,0.0622,0.0622,-0.0389,0.0000,0.0000,0.0006,0.0002,-0.0287
0.1664,2.1800,2.2660,0.0098,0.0018,1.5925,10.8632,0.0000,0.0582,0.0582,-0.0351,0.0000,0.0000,0.0011,0.0004,-0.0247
0.0229,2.2945,2.2672,0.0182,0.0018,1.5927,11.0684,0.0000,0.0407,0.0407,-0.0335,0.0000,0.0000,0.0011,0.0004,-0.0165
0.1857,2.1393,2.2684,0.0207,-0.0013,1.5824,11.2696,0.0000,0.0416,0.0416,-0.0323,0.0000,0.0000,-0.0008,-0.0003,-0.0102
0.2000,2.0357,2.2694,0.0153,-0.0013,1.5604,11.4737,0.0000,0.0528,0.0528,-0.0258,0.0000,0.0000,-0.0008,-0.0003,-0.0005
0.2000,1.9971,2.2703,0.0075,-0.0013,1.5427,11.6772,0.0000,0.0595,0.0595,-0.0186,0.0000,0.0000,-0.0008,-0.0003,0.0097
0.2000,2.0359,2.2711,-0.0009,-0.0026,1.5299,11.8878,0.0000,0.0599,0.0599,-0.0169,0.0000,0.0000,-0.0016,-0.0006,0.0161
0.2000,2.0249,2.2718,-0.0093,-0.0026,1.5130,12.1091,0.0000,0.0621,0.0621,-0.0124,0.0000,0.0000,-0.0016,-0.0006,0.0199
0.2000,2.0921,2.2725,-0.0144,0.0007,1.4954,12.3202,0.0000,0.0622,0.0622,-0.0072,0.0000,0.0000,0.0004,0.0002,0.0165
0.2000,2.2005,2.2731,-0.0228,0.0007,1.4802,12.5396,0.0000,0.0593,0.0593,-0.0096,0.0000,0.0000,0.0004,0.0002,0.0107
0.2000,2.0995,2.2736,-0.0187,-0.0033,1.4614,12.7639,0.0000,0.0588,0.0588,-0.0116,0.0000,0.0000,-0.0020,-0.0008,0.0033
0.1588,2.1806,2.2741,-0.0106,-0.0033,1.4559,12.9879,0.0000,0.0413,0.0413,-0.0199,0.0000,0.0000,-0.0020,-0.0008,-0.0045
0.0909,2.2328,2.2745,-0.0053,-0.0065,1.4314,13.2050,0.0000,0.0461,0.0461,-0.0290,0.0000,0.0000,-0.0039,-0.0016,-0.0098
0.0805,2.2219,2.2749,0.0031,-0.0065,1.3928,13.4272,0.0000,0.0612,0.0612,-0.0373,0.0000,0.0000,-0.0039,-0.0016,-0.0170
0.1308,2.1663,2.2753,0.0115,-0.0065,1.3908,13.6668,0.0000,0.0368,0.0368,-0.0446,0.0000,0.0000,-0.0039,-0.0016,-0.0144
0.0944,2.2342,2.2756,0.0199,0.0021,1.3703,13.8778,0.0000,0.0439,0.0439,-0.0394,0.0000,0.0000,0.0013,0.0005,-0.0076
-0.1030,2.3774,2.2759,0.0283,0.0023,1.3531,14.1004,0.0000,0.0441,0.0441,-0.0362,0.0000,0.0000,0.0014,0.0005,-0.0021
0.0967,2.1019,2.2761,0.0200,0.0023,1.3276,14.3098,0.0000,0.0614,0.0614,-0.0306,0.0000,0.0000,0.0014,0.0005,0.0050
0.1547,2.2146,2.2764,0.0116,0.0023,1.3128,14.4925,0.0000,0.0641,0.0641,-0.0244,0.0000,0.0000,0.0014,0.0005,0.0123
0.2000,2.0914,2.2766,0.0032,0.0023,1.2802,14.6949,0.0000,0.0888,0.0888,-0.0164,0.0000,0.0000,0.0014,0.0005,0.0194
0.2000,1.8173,2.2768,-0.0029,0.0047,1.2592,14.9134,0.0000,0.1005,0.1005,-0.0087,0.0000,0.0000,0.0028,0.0011,0.0259
0.2000,2.0348,2.2769,-0.0113,0.0047,1.2422,15.1346,0.0000,0.1010,0.1010,-0.0070,0.0000,0.0000,0.0028,0.0011,0.0217
0.2000,2.1781,2.2771,-0.0172,0.0069,1.2252,15.3435,0.0000,0.1013,0.1013,-0.0053,0.0000,0.0000,0.0041,0.0017,0.0157
0.2003,2.1996,2.2772,-0.0256,0.0069,1.1987,15.5325,0.0000,0.1101,0.1101,-0.0111,0.0000,0.0000,0.0041,0.0017,0.0081
0.2000,2.0783,2.2774,-0.0190,0.0070,1.1711,15.7479,0.0000,0.1216,0.1216,-0.0160,0.0000,0.0000,0.0042,0.0017,0.0019
0.2000,1.8916,2.2775,-0.0143,0.0070,1.1410,15.9586,0.0000,0.1333,0.1333,-0.0223,0.0000,0.0000,0.0042,0.0017,-0.0055
0.2006,2.1537,2.2776,-0.0227,0.0070,1.1168,16.1718,0.0000,0.1345,0.1345,-0.0285,0.0000,0.0000,0.0042,0.0017,-0.0117
0.2001,2.1097,2.2777,-0.0143,0.0073,1.0931,16.3886,0.0000,0.1363,0.1363,-0.0378,0.0000,0.0000,0.0044,0.0018,-0.0189
0.1974,2.1264,2.2777,-0.0059,0.0073,1.1364,16.5611,0.0000,0.0656,0.0656,-0.0497,0.0000,0.0000,0.0044,0.0018,-0.0151
0.1648,2.1615,2.2778,0.0025,0.0132,1.1132,16.7664,0.0000,0.0739,0.0739,-0.0345,0.0000,0.0000,0.0080,0.0032,-0.0107
0.2000,1.7854,2.2779,0.0109,0.0132,1.1038,16.9717,0.0000,0.0751,0.0751,-0.0363,0.0000,0.0000,0.0080,0.0032,-0.0161
0.2000,2.0478,2.2779,0.0193,0.0132,1.0890,17.1721,0.0000,0.0708,0.0708,-0.0375,0.0000,0.0000,0.0080,0.0032,-0.0118
0.2000,2.0380,2.2780,0.0277,0.0157,1.1014,17.3781,0.0000,0.0446,0.0446,-0.0331,0.0000,0.0000,0.0095,0.0038,-0.0041
0.2000,1.9911,2.2780,0.0309,0.0157,1.0991,17.5846,0.0000,0.0379,0.0379,-0.0279,0.0000,0.0000,0.0095,0.0038,0.0036
0.2000,2.0487,2.2781,0.0306,0.0070,1.0823,17.7968,0.0000,0.0438,0.0438,-0.0432,0.0000,0.0000,0.0042,0.0017,0.0111
0.2000,2.0466,2.2781,0.0315,0.0070,1.0685,18.0174,0.0000,0.0441,0.0441,-0.0365,0.0000,0.0000,0.0042,0.0017,0.0183
0.1998,2.1111,2.2981,0.0264,0.0072,1.0475,18.2351,0.0000,0.0523,0.0523,-0.0292,0.0000,0.0000,0.0043,0.0017,0.0250
0.1998,2.1920,2.3171,0.0239,0.0072,1.0538,18.4395,0.0000,0.0322,0.0322,-0.0232,0.0000,0.0000,0.0043,0.0017,0.0292
0.2000,2.1700,2.3342,0.0211,0.0072,1.0437,18.6456,0.0000,0.0292,0.0292,-0.0196,0.0000,0.0000,0.0043,0.0017,0.0295
0.1999,2.0261,2.3495,0.0191,0.0060,1.0318,18.8604,0.0000,0.0283,0.0283,-0.0209,0.0000,0.0000,0.0036,0.0014,0.0300
0.1999,2.0466,2.3634,0.0203,0.0060,1.0259,19.0719,0.0000,0.0162,0.0162,-0.0207,0.0000,0.0000,0.0036,0.0014,0.0269
0.2000,2.1322,2.3758,0.0216,0.0059,1.0103,19.2671,0.0000,0.0154,0.0154,-0.0211,0.0000,0.0000,0.0036,0.0014,0.0246
0.1998,2.0987,2.3870,0.0222,0.0059,1.0020,19.4751,0.0000,0.0072,0.0072,-0.0203,0.0000,0.0000,0.0036,0.0014,0.0225
0.1999,1.9417,2.3971,0.0220,0.0059,0.9877,19.6745,0.0000,0.0079,0.0079,-0.0189,0.0000,0.0000,0.0036,0.0014,0.0207
0.1998,2.0637,2.4062,0.0206,0.0054,0.9692,19.8947,0.0000,0.0075,0.0075,-0.0178,0.0000,0.0000,0.0033,0.0013,0.0211
0.2000,1.9826,2.4144,0.0172,0.0054,0.9436,20.0942,0.0000,0.0183,0.0183,-0.0150,0.0000,0.0000,0.0033,0.0013,0.0224
0.2000,2.1914,2.4217,0.0139,0.0046,0.9191,20.2945,0.0000,0.0247,0.0247,-0.0137,0.0000,0.0000,0.0028,0.0011,0.0229
0.2000,1.9951,2.4283,0.0114,0.0046,0.8963,20.4941,0.0000,0.0315,0.0315,-0.0135,0.0000,0.0000,0.0028,0.0011,0.0230
0.2000,2.0008,2.4343,0.0052,0.0046,0.8630,20.6723,0.0000,0.0503,0.0503,-0.0112,0.0000,0.0000,0.0028,0.0011,0.0219
0.2000,1.9921,2.4397,-0.0032,0.0013,0.8351,20.8753,0.0000,0.0613,0.0613,-0.0104,0.0000,0.0000,0.0008,0.0003,0.0195
0.2000,1.7993,2.4445,-0.0037,0.0013,0.8076,21.0867,0.0000,0.0710,0.0710,-0.0106,0.0000,0.0000,0.0008,0.0003,0.0167
0.2000,2.0328,2.4488,-0.0121,0.0011,0.7775,21.3035,0.0000,0.0793,0.0793,-0.0123,0.0000,0.0000,0.0007,0.0003,0.0144
0.2000,2.1144,2.4527,-0.0095,0.0011,0.7521,21.5178,0.0000,0.0816,0.0816,-0.0145,0.0000,0.0000,0.0007,0.0003,0.0103
0.2000,2.1703,2.4563,-0.0011,0.0046,0.7363,21.7236,0.0000,0.0731,0.0731,-0.0202,0.0000,0.0000,0.0028,0.0011,0.0041
0.2000,2.1382,2.4594,0.0073,0.0046,0.7439,21.8105,0.0000,0.0459,0.0459,-0.0319,0.0000,0.0000,0.0028,0.0011,0.0009
0.2000,2.0477,2.4623,0.0157,0.0046,0.7325,21.9927,0.0000,0.0404,0.0404,-0.0330,0.0000,0.0000,0.0028,0.0011,-0.0021
0.2000,0.8738,2.4648,0.0136,0.0011,0.6975,22.1734,0.0000,0.0758,0.0758,-0.0334,0.0000,0.0000,0.0007,0.0003,-0.0047
0.2000,1.8099,2.4671,0.0193,0.0056,0.6780,22.3559,0.0000,0.0645,0.0645,-0.0319,0.0000,0.0000,0.0033,0.0013,0.0005
0.2000,1.8239,2.4692,0.0170,0.0056,0.6598,22.5592,0.0000,0.0648,0.0648,-0.0267,0.0000,0.0000,0.0033,0.0013,0.0079
0.2000,2.0227,2.4711,0.0156,0.0061,0.6457,22.7989,0.0000,0.0547,0.0547,-0.0224,0.0000,0.0000,0.0036,0.0015,0.0154
0.2000,2.0227,2.4728,0.0140,0.0061,0.6350,22.9745,0.0000,0.0499,0.0499,-0.0196,0.0000,0.0000,0.0036,0.0015,0.0162
0.2000,2.0227,2.4743,0.0056,0.0061,0.6129,23.1656,0.0000,0.0560,0.0560,-0.0147,0.0000,0.0000,0.0036,0.0015,0.0203
0.2000,1.7448,2.4756,0.0057,0.0061,0.5838,23.3639,0.0000,0.0679,0.0679,-0.0154,0.0000,0.0000,0.0036,0.0015,0.0197
0.2000,1.9079,2.4769,0.0000,0.0055,0.5658,23.5507,0.0000,0.0667,0.0667,-0.0149,0.0000,0.0000,0.0033,0.0013,0.0184
0.2000,1.9878,2.4780,-0.0084,0.0050,0.5238,23.7694,0.0000,0.0845,0.0845,-0.0165,0.0000,0.0000,0.0030,0.0012,0.0170
0.1999,1.8608,2.4790,-0.0027,0.0050,0.5002,23.9662,0.0000,0.0880,0.0880,-0.0188,0.0000,0.0000,0.0030,0.0012,0.0119
0.2000,2.2079,2.4799,-0.0019,0.0047,0.4711,24.1493,0.0000,0.0933,0.0933,-0.0199,0.0000,0.0000,0.0028,0.0011,0.0097
0.1999,1.9652,2.4807,0.0025,0.0047,0.4553,24.3401,0.0000,0.0885,0.0885,-0.0246,0.0000,0.0000,0.0028,0.0011,0.0057
0.2000,1.8381,2.4814,0.0066,0.0047,0.4438,24.5244,0.0000,0.0818,0.0818,-0.0268,0.0000,0.0000,0.0028,0.0011,-0.0005
0.2000,1.8977,2.4820,0.0084,0.0047,0.4215,24.7226,0.0000,0.0818,0.0818,-0.0267,0.0000,0.0000,0.0028,0.0011,0.0010
0.2000,1.8316,2.4826,0.0109,0.0076,0.4091,24.9421,0.0000,0.0719,0.0719,-0.0203,0.0000,0.0000,0.0046,0.0018,0.0023
0.2000,1.9768,2.4832,0.0025,0.0076,0.3928,25.1534,0.0000,0.0687,0.0687,-0.0162,0.0000,0.0000,0.0046,0.0018,0.0059
0.2000,2.1801,2.4836,0.0037,0.0065,0.3776,25.3507,0.0000,0.0625,0.0625,-0.0164,0.0000,0.0000,0.0039,0.0016,0.0097
0.2000,2.1007,2.4841,0.0047,0.0065,0.3668,25.5173,0.0000,0.0581,0.0581,-0.0150,0.0000,0.0000,0.0039,0.0016,0.0117
0.2000,1.6550,2.4844,0.0038,0.0065,0.3297,25.6448,0.0000,0.0860,0.0860,-0.0155,0.0000,0.0000,0.0039,0.0016,0.0141
0.2000,1.6550,2.4848,0.0055,0.0065,0.3264,25.8412,0.0000,0.0698,0.0698,-0.0162,0.0000,0.0000,0.0039,0.0016,0.0095
0.2000,1.6550,2.4851,0.0082,0.0026,0.3154,26.0297,0.0000,0.0609,0.0609,-0.0249,0.0000,0.0000,0.0016,0.0006,0.0081
0.2000,1.9467,2.4854,0.0102,0.0026,0.2964,26.2253,0.0000,0.0550,0.0550,-0.0238,0.0000,0.0000,0.0016,0.0006,0.0083
0.2000,1.9490,2.4868,0.0127,0.0008,0.2805,26.4339,0.0000,0.0474,0.0474,-0.0278,0.0000,0.0000,0.0005,0.0002,0.0081
0.2000,1.9490,2.4882,0.0133,0.0008,0.2582,26.6386,0.0000,0.0475,0.0475,-0.0260,0.0000,0.0000,0.0005,0.0002,0.0091
0.2000,2.0734,2.4893,0.0116,-0.0003,0.2097,26.8759,0.0000,0.0654,0.0654,-0.0286,0.0000,0.0000,-0.0002,-0.0001,0.0112
0.2000,2.0423,2.4904,0.0032,-0.0003,0.1840,27.0633,0.0000,0.0730,0.0730,-0.0246,0.0000,0.0000,-0.0002,-0.0001,0.0133
0.2001,2.4007,2.4914,-0.0052,-0.0006,0.1397,27.2133,0.0000,0.0957,0.0957,-0.0228,0.0000,0.0000,-0.0004,-0.0002,0.0144
0.2000,1.8758,2.4922,-0.0135,-0.0006,0.1203,27.3746,0.0000,0.1041,0.1041,-0.0227,0.0000,0.0000,-0.0004,-0.0002,0.0160
0.2000,1.5514,2.4930,-0.0085,-0.0006,0.0938,27.4982,0.0000,0.1195,0.1195,-0.0247,0.0000,0.0000,-0.0004,-0.0002,0.0154
0.2000,1.6103,2.4937,-0.0064,-0.0006,0.0832,27.6767,0.0000,0.1093,0.1093,-0.0237,0.0000,0.0000,-0.0004,-0.0002,0.0135
0.2000,1.2530,2.4943,0.0013,-0.0006,0.0667,27.8900,0.0000,0.1028,0.1028,-0.0303,0.0000,0.0000,-0.0004,-0.0002,0.0048
0.2000,1.7726,2.4949,0.0054,-0.0007,0.0402,28.0795,0.0000,0.0967,0.0967,-0.0343,0.0000,0.0000,-0.0004,-0.0002,-0.0029
0.2000,2.1219,2.4954,0.0124,-0.0008,0.0361,28.2840,0.0000,0.0673,0.0673,-0.0385,0.0000,0.0000,-0.0005,-0.0002,-0.0052
0.2000,1.8974,2.4959,0.0131,-0.0008,-0.0066,28.4440,0.0000,0.0937,0.0937,-0.0387,0.0000,0.0000,-0.0005,-0.0002,-0.0015
0.2000,2.0285,2.4963,0.0065,-0.0008,-0.0214,28.5969,0.0000,0.0892,0.0892,-0.0363,0.0000,0.0000,-0.0005,-0.0002,0.0024
0.2000,1.6391,2.4967,0.0081,-0.0008,-0.0324,28.7877,0.0000,0.0877,0.0877,-0.0317,0.0000,0.0000,-0.0005,-0.0002,0.0081
0.2000,1.5233,2.4970,0.0071,-0.0012,-0.0487,28.9838,0.0000,0.0847,0.0847,-0.0285,0.0000,0.0000,-0.0007,-0.0003,0.0123
0.2000,1.8952,2.4973,0.0052,-0.0012,-0.0633,29.1812,0.0000,0.0736,0.0736,-0.0232,0.0000,0.0000,-0.0007,-0.0003,0.0161
0.2000,1.9504,2.4974,0.0038,-0.0013,-0.0806,29.3694,0.0000,0.0683,0.0683,-0.0227,0.0000,0.0000,-0.0008,-0.0003,0.0153
0.2000,1.9628,2.4975,0.0050,-0.0013,-0.0945,29.5429,0.0000,0.0617,0.0617,-0.0236,0.0000,0.0000,-0.0008,-0.0003,0.0117
0.2000,1.8738,2.4977,0.0046,-0.0013,-0.1296,29.7186,0.0000,0.0764,0.0764,-0.0246,0.0000,0.0000,-0.0008,-0.0003,0.0119
0.2000,1.7260,2.4979,0.0056,-0.0014,-0.1450,29.9101,0.0000,0.0707,0.0707,-0.0255,0.0000,0.0000,-0.0009,-0.0003,0.0106
0.2000,1.7756,2.4981,0.0048,-0.0014,-0.1734,30.0904,0.0000,0.0782,0.0782,-0.0247,0.0000,0.0000,-0.0009,-0.0003,0.0092
0.2000,1.9044,2.4976,-0.0036,-0.0015,-0.2053,30.2703,0.0000,0.0886,0.0886,-0.0229,0.0000,0.0000,-0.0009,-0.0004,0.0087
0.2000,1.8107,2.4970,-0.0120,-0.0015,-0.2573,30.4752,0.0000,0.1175,0.1175,-0.0231,0.0000,0.0000,-0.0009,-0.0004,0.0092
0.2000,1.8119,2.4965,-0.0203,-0.0015,-0.2846,30.6725,0.0000,0.1226,0.1226,-0.0219,0.0000,0.0000,-0.0009,-0.0004,0.0096
0.2000,2.0958,2.4961,-0.0148,-0.0020,-0.3035,30.8686,0.0000,0.1137,0.1137,-0.0228,0.0000,0.0000,-0.0012,-0.0005,0.0096
0.1999,1.9748,2.4957,-0.0106,-0.0020,-0.3203,31.0630,0.0000,0.1084,0.1084,-0.0244,0.0000,0.0000,-0.0012,-0.0005,0.0080
0.1999,1.9535,2.4954,-0.0022,-0.0020,-0.3222,31.2607,0.0000,0.0810,0.0810,-0.0331,0.0000,0.0000,-0.0012,-0.0005,0.0004
0.2000,1.9344,2.4951,0.0062,-0.0020,-0.3431,31.4507,0.0000,0.0772,0.0772,-0.0385,0.0000,0.0000,-0.0012,-0.0005,-0.0077
0.2000,1.9623,2.4948,0.0146,-0.0020,-0.3591,31.6505,0.0000,0.0658,0.0658,-0.0436,0.0000,0.0000,-0.0012,-0.0005,-0.0124
0.2000,1.8947,2.4945,0.0125,-0.0024,-0.4240,31.7669,0.0000,0.1160,0.1160,-0.0437,0.0000,0.0000,-0.0014,-0.0006,-0.0061
0.2000,1.9879,2.4943,0.0041,-0.0024,-0.4432,31.9660,0.0000,0.1133,0.1133,-0.0395,0.0000,0.0000,-0.0014,-0.0006,-0.0027
0.2000,1.3126,2.4949,0.0030,-0.0024,-0.4628,32.1610,0.0000,0.1260,0.1260,-0.0334,0.0000,0.0000,-0.0014,-0.0006,0.0058
0.2000,1.9832,2.4946,-0.0053,-0.0023,-0.4856,32.3462,0.0000,0.1198,0.1198,-0.0259,0.0000,0.0000,-0.0014,-0.0005,0.0138
0.2000,1.9435,2.4944,-0.0136,-0.0023,-0.5029,32.5398,0.0000,0.1163,0.1163,-0.0240,0.0000,0.0000,-0.0014,-0.0005,0.0168
0.1999,1.8500,2.4942,-0.0085,-0.0023,-0.5233,32.7461,0.0000,0.1136,0.1136,-0.0262,0.0000,0.0000,-0.0014,-0.0005,0.0118
0.2000,1.9278,2.4940,-0.0167,-0.0021,-0.5601,32.9832,0.0000,0.1189,0.1189,-0.0295,0.0000,0.0000,-0.0013,-0.0005,0.0081
0.2000,2.0552,2.4938,-0.0086,-0.0024,-0.5600,33.1860,0.0000,0.0917,0.0917,-0.0317,0.0000,0.0000,-0.0014,-0.0006,0.0046
0.1925,2.3772,2.4937,-0.0086,-0.0024,-0.6157,33.2979,0.0000,0.1204,0.1204,-0.0426,0.0000,0.0000,-0.0014,-0.0006,-0.0060
0.2000,2.0123,2.4935,-0.0004,-0.0024,-0.6161,33.4847,0.0000,0.1078,0.1078,-0.0402,0.0000,0.0000,-0.0014,-0.0006,-0.0027
0.2000,1.2320,2.4934,0.0080,-0.0024,-0.6149,33.6846,0.0000,0.0978,0.0978,-0.0434,0.0000,0.0000,-0.0014,-0.0006,-0.0087
0.2000,1.8524,2.4933,0.0141,-0.0030,-0.6504,33.9154,0.0000,0.0907,0.0907,-0.0454,0.0000,0.0000,-0.0018,-0.0007,-0.0035
0.2000,1.9833,2.4932,0.0203,-0.0030,-0.6461,34.1283,0.0000,0.0608,0.0608,-0.0441,0.0000,0.0000,-0.0018,-0.0007,-0.0032
0.2002,2.3126,2.4920,0.0143,-0.0031,-0.6678,34.3181,0.0000,0.0588,0.0588,-0.0374,0.0000,0.0000,-0.0019,-0.0008,0.0036
0.2001,2.1108,2.4910,0.0132,-0.0031,-0.6841,34.5144,0.0000,0.0610,0.0610,-0.0316,0.0000,0.0000,-0.0019,-0.0008,0.0096
0.2000,1.8940,2.4911,0.0083,-0.0031,-0.7053,34.7014,0.0000,0.0683,0.0683,-0.0258,0.0000,0.0000,-0.0019,-0.0008,0.0176
0.2000,1.9540,2.4901,0.0041,-0.0028,-0.7153,34.9077,0.0000,0.0581,0.0581,-0.0189,0.0000,0.0000,-0.0017,-0.0007,0.0229
0.2000,1.8663,2.4904,0.0010,-0.0028,-0.7814,35.1958,0.0000,0.0903,0.0903,-0.0234,0.0000,0.0000,-0.0017,-0.0007,0.0180
0.2000,2.0470,2.4895,-0.0074,-0.0031,-0.8060,35.3696,0.0000,0.0944,0.0944,-0.0214,0.0000,0.0000,-0.0019,-0.0008,0.0171
-0.0234,2.9304,2.4863,-0.0040,-0.0030,-0.8119,35.5646,0.0000,0.0713,0.0713,-0.0170,0.0000,0.0000,-0.0018,-0.0007,0.0129
0.2000,1.7407,2.4869,0.0013,-0.0031,-0.8189,35.7610,0.0000,0.0683,0.0683,-0.0237,0.0000,0.0000,-0.0019,-0.0008,0.0092
0.2000,1.9335,2.4863,0.0057,-0.0030,-0.8246,35.9591,0.0000,0.0484,0.0484,-0.0244,0.0000,0.0000,-0.0018,-0.0007,0.0064
0.2000,1.9481,2.4859,0.0061,-0.0030,-0.8791,36.1013,0.0000,0.0815,0.0815,-0.0316,0.0000,0.0000,-0.0018,-0.0007,0.0000
0.2000,1.9657,2.4854,-0.0023,-0.0038,-0.8977,36.2953,0.0000,0.0815,0.0815,-0.0276,0.0000,0.0000,-0.0023,-0.0009,0.0021
0.2000,1.5047,2.4861,-0.0008,-0.0038,-0.9218,36.4447,0.0000,0.0951,0.0951,-0.0273,0.0000,0.0000,-0.0023,-0.0009,0.0071
0.2000,1.9331,2.4857,-0.0092,-0.0038,-0.9481,36.6440,0.0000,0.0961,0.0961,-0.0228,0.0000,0.0000,-0.0023,-0.0009,0.0108
0.2000,1.5001,2.4863,-0.0047,-0.0038,-0.9759,36.8921,0.0000,0.1002,0.1002,-0.0259,0.0000,0.0000,-0.0023,-0.0009,0.0109
0.2000,1.9929,2.4858,-0.0131,-0.0044,-1.0077,37.1354,0.0000,0.0965,0.0965,-0.0284,0.0000,0.0000,-0.0027,-0.0011,0.0044
0.0597,2.4753,2.4854,-0.0087,-0.0048,-1.0379,37.3707,0.0000,0.0915,0.0915,-0.0286,0.0000,0.0000,-0.0029,-0.0011,0.0053
0.0660,2.4327,2.4850,-0.0018,-0.0046,-1.0491,37.5708,0.0000,0.0796,0.0796,-0.0310,0.0000,0.0000,-0.0028,-0.0011,-0.0017
0.2001,2.3504,2.4847,-0.0034,-0.0046,-1.0618,37.7930,0.0000,0.0691,0.0691,-0.0305,0.0000,0.0000,-0.0028,-0.0011,0.0016
0.2000,1.9872,2.4844,0.0050,-0.0046,-1.0789,38.0118,0.0000,0.0645,0.0645,-0.0368,0.0000,0.0000,-0.0028,-0.0011,-0.0055
0.2000,2.2077,2.4841,0.0019,-0.0048,-1.1428,38.2438,0.0000,0.0956,0.0956,-0.0392,0.0000,0.0000,-0.0029,-0.0012,-0.0024
0.2000,2.1750,2.4838,-0.0065,-0.0048,-1.1624,38.4534,0.0000,0.0966,0.0966,-0.0343,0.0000,0.0000,-0.0029,-0.0012,0.0041
0.2000,2.3821,2.4836,-0.0149,-0.0049,-1.2191,38.6488,0.0000,0.1285,0.1285,-0.0341,0.0000,0.0000,-0.0030,-0.0012,0.0032
0.2000,2.0870,2.4834,-0.0065,-0.0049,-1.1831,38.8439,0.0000,0.0796,0.0796,-0.0302,0.0000,0.0000,-0.0030,-0.0012,0.0098
0.2000,2.0177,2.4832,-0.0006,-0.0049,-1.2234,38.9492,0.0000,0.1030,0.1030,-0.0376,0.0000,0.0000,-0.0030,-0.0012,0.0076
0.2000,1.9666,2.4831,0.0037,-0.0049,-1.2336,39.1483,0.0000,0.0948,0.0948,-0.0380,0.0000,0.0000,-0.0030,-0.0012,0.0013
0.2000,1.1092,2.4829,0.0116,-0.0049,-1.2309,39.3523,0.0000,0.0854,0.0854,-0.0429,0.0000,0.0000,-0.0030,-0.0012,-0.0065
0.2000,1.9764,2.4828,0.0084,-0.0073,-1.2976,39.5265,0.0000,0.1102,0.1102,-0.0469,0.0000,0.0000,-0.0044,-0.0018,-0.0013
0.2000,2.0237,2.4827,-0.0000,-0.0103,-1.3113,39.7180,0.0000,0.1090,0.1090,-0.0385,0.0000,0.0000,-0.0062,-0.0025,0.0039
0.2000,1.8391,2.4825,-0.0084,-0.0103,-1.3735,39.9304,0.0000,0.1525,0.1525,-0.0373,0.0000,0.0000,-0.0062,-0.0025,0.0092
0.2000,1.9049,2.4824,-0.0168,-0.0103,-1.4032,40.1204,0.0000,0.1614,0.1614,-0.0353,0.0000,0.0000,-0.0062,-0.0025,0.0152
0.2000,2.1929,2.4824,-0.0233,-0.0083,-1.4154,40.3414,0.0000,0.1483,0.1483,-0.0307,0.0000,0.0000,-0.0050,-0.0020,0.0135
0.1999,1.9062,2.4823,-0.0160,-0.0083,-1.4152,40.5394,0.0000,0.1320,0.1320,-0.0339,0.0000,0.0000,-0.0050,-0.0020,0.0089
0.2000,2.1935,2.4822,-0.0076,-0.0057,-1.4204,40.7614,0.0000,0.1034,0.1034,-0.0406,0.0000,0.0000,-0.0034,-0.0014,-0.0002
0.1999,1.9637,2.4821,0.0008,-0.0057,-1.4296,40.9750,0.0000,0.0922,0.0922,-0.0469,0.0000,0.0000,-0.0034,-0.0014,-0.0080
0.2000,2.2017,2.4821,0.0092,-0.0051,-1.4795,41.1603,0.0000,0.1072,0.1072,-0.0578,0.0000,0.0000,-0.0031,-0.0012,-0.0149
0.2000,2.1200,2.4820,0.0161,-0.0051,-1.4831,41.3338,0.0000,0.0979,0.0979,-0.0542,0.0000,0.0000,-0.0031,-0.0012,-0.0094
0.1999,1.8950,2.4820,0.0146,-0.0051,-1.5071,41.4851,0.0000,0.1151,0.1151,-0.0495,0.0000,0.0000,-0.0031,-0.0012,-0.0018
0.2000,1.7209,2.4819,0.0138,-0.0051,-1.4976,41.6973,0.0000,0.0932,0.0932,-0.0429,0.0000,0.0000,-0.0031,-0.0012,0.0061
0.2000,1.5185,2.4819,0.0116,-0.0049,-1.4972,41.9076,0.0000,0.0799,0.0799,-0.0358,0.0000,0.0000,-0.0029,-0.0012,0.0134
0.2000,2.1050,2.4819,0.0071,-0.0047,-1.5074,42.1190,0.0000,0.0656,0.0656,-0.0251,0.0000,0.0000,-0.0028,-0.0011,0.0196
0.2000,2.0840,2.4818,-0.0013,-0.0047,-1.5287,42.2524,0.0000,0.0749,0.0749,-0.0251,0.0000,0.0000,-0.0028,-0.0011,0.0188
0.2000,2.0986,2.4818,-0.0097,-0.0047,-1.5408,42.4427,0.0000,0.0717,0.0717,-0.0226,0.0000,0.0000,-0.0028,-0.0011,0.0182
0.2000,1.3397,2.4818,-0.0029,-0.0047,-1.5934,42.7233,0.0000,0.1047,0.1047,-0.0305,0.0000,0.0000,-0.0028,-0.0011,0.0164
0.2000,1.8906,2.4818,-0.0113,-0.0048,-1.6233,43.0037,0.0000,0.0987,0.0987,-0.0298,0.0000,0.0000,-0.0029,-0.0011,0.0125
-0.0242,2.8289,2.4793,-0.0029,0.0022,-1.6070,43.2409,0.0000,0.0480,0.0480,-0.0163,0.0000,0.0000,0.0013,0.0005,0.0066
-0.2000,2.7954,2.4772,0.0055,0.0022,-1.6082,43.4512,0.0000,0.0292,0.0292,-0.0224,0.0000,0.0000,0.0013,0.0005,-0.0011
0.0261,2.3569,2.4776,0.0139,0.0022,-1.6107,43.6571,0.0000,0.0219,0.0219,-0.0195,0.0000,0.0000,0.0013,0.0005,0.0035
0.2000,2.0852,2.4780,0.0173,0.0022,-1.6232,43.8705,0.0000,0.0182,0.0182,-0.0232,0.0000,0.0000,0.0013,0.0005,-0.0012
0.2000,2.0415,2.4784,0.0180,0.0022,-1.6358,44.0918,0.0000,0.0145,0.0145,-0.0220,0.0000,0.0000,0.0013,0.0005,0.0013
0.2000,2.1200,2.4787,0.0119,0.0006,-1.6930,44.2644,0.0000,0.0569,0.0569,-0.0225,0.0000,0.0000,0.0004,0.0002,0.0066
0.2000,2.1968,2.4790,0.0050,0.0006,-1.7098,44.4797,0.0000,0.0615,0.0615,-0.0146,0.0000,0.0000,0.0004,0.0002,0.0138
0.2000,1.8013,2.4792,-0.0019,0.0006,-1.7212,44.7005,0.0000,0.0621,0.0621,-0.0099,0.0000,0.0000,0.0004,0.0002,0.0199
0.2000,2.1417,2.4795,-0.0103,-0.0052,-1.7317,44.9101,0.0000,0.0549,0.0549,-0.0095,0.0000,0.0000,-0.0031,-0.0013,0.0215
0.2000,2.1915,2.4797,-0.0087,-0.0050,-1.7372,45.1178,0.0000,0.0431,0.0431,-0.0092,0.0000,0.0000,-0.0030,-0.0012,0.0179
0.2000,2.0814,2.4799,-0.0053,-0.0050,-1.7463,45.3399,0.0000,0.0328,0.0328,-0.0120,0.0000,0.0000,-0.0030,-0.0012,0.0143
0.2000,2.0589,2.4800,-0.0016,-0.0050,-1.7848,45.5107,0.0000,0.0502,0.0502,-0.0207,0.0000,0.0000,-0.0030,-0.0012,0.0072
0.2000,2.2047,2.4802,0.0014,-0.0043,-1.8239,45.6855,0.0000,0.0674,0.0674,-0.0269,0.0000,0.0000,-0.0026,-0.0010,-0.0002
0.2000,1.7323,2.4803,0.0044,-0.0043,-1.8294,45.9021,0.0000,0.0616,0.0616,-0.0267,0.0000,0.0000,-0.0026,-0.0010,-0.0016
0.2000,1.7736,2.4805,0.0036,-0.0043,-1.8542,46.1103,0.0000,0.0696,0.0696,-0.0248,0.0000,0.0000,-0.0026,-0.0010,0.0008
0.2000,2.1486,2.4806,-0.0045,-0.0041,-1.8810,46.3309,0.0000,0.0724,0.0724,-0.0240,0.0000,0.0000,-0.0025,-0.0010,0.0045
0.2000,2.0785,2.4807,-0.0129,-0.0043,-1.9195,46.5719,0.0000,0.0913,0.0913,-0.0226,0.0000,0.0000,-0.0026,-0.0010,0.0066
0.2000,2.2023,2.4808,-0.0095,-0.0043,-1.9274,46.7864,0.0000,0.0816,0.0816,-0.0203,0.0000,0.0000,-0.0026,-0.0010,0.0092
0.1999,2.4196,2.4808,-0.0179,-0.0047,-1.9415,47.0096,0.0000,0.0764,0.0764,-0.0190,0.0000,0.0000,-0.0029,-0.0011,0.0098
0.2000,2.1275,2.4809,-0.0100,-0.0047,-1.9669,47.2244,0.0000,0.0836,0.0836,-0.0245,0.0000,0.0000,-0.0029,-0.0011,0.0053
0.2000,2.2178,2.4810,-0.0031,-0.0047,-1.9841,47.4477,0.0000,0.0780,0.0780,-0.0292,0.0000,0.0000,-0.0029,-0.0011,-0.0003
0.2000,2.1439,2.4810,0.0042,-0.0059,-1.9824,47.6849,0.0000,0.0542,0.0542,-0.0352,0.0000,0.0000,-0.0035,-0.0014,-0.0032
0.1916,2.3523,2.4811,0.0126,-0.0059,-2.0286,47.8121,0.0000,0.0742,0.0742,-0.0462,0.0000,0.0000,-0.0035,-0.0014,-0.0055
0.1929,2.3523,2.4811,0.0163,-0.0057,-2.0398,48.0089,0.0000,0.0709,0.0709,-0.0434,0.0000,0.0000,-0.0035,-0.0014,-0.0054
0.1998,1.9548,2.4812,0.0156,-0.0059,-2.0455,48.0939,0.0000,0.0784,0.0784,-0.0423,0.0000,0.0000,-0.0035,-0.0014,-0.0007
0.1998,1.9548,2.4812,0.0129,-0.0057,-2.0373,48.2856,0.0000,0.0606,0.0606,-0.0322,0.0000,0.0000,-0.0035,-0.0014,0.0081
0.1999,1.9548,2.4813,0.0086,-0.0057,-2.0567,48.4920,0.0000,0.0656,0.0656,-0.0287,0.0000,0.0000,-0.0035,-0.0014,0.0111
0.1999,1.9010,2.4813,0.0041,-0.0018,-2.0790,48.6964,0.0000,0.0764,0.0764,-0.0126,0.0000,0.0000,-0.0011,-0.0004,0.0181
0.2000,2.0390,2.4800,-0.0043,-0.0018,-2.1420,49.0631,0.0000,0.1098,0.1098,-0.0133,0.0000,0.0000,-0.0011,-0.0004,0.0200
0.2000,2.0390,2.4788,-0.0127,-0.0021,-2.1546,49.2954,0.0000,0.1088,0.1088,-0.0106,0.0000,0.0000,-0.0013,-0.0005,0.0182
0.2000,2.0390,2.4777,-0.0211,-0.0021,-2.1685,49.5299,0.0000,0.1076,0.1076,-0.0092,0.0000,0.0000,-0.0013,-0.0005,0.0166
0.2008,2.3292,2.4679,-0.0295,-0.0021,-2.1831,49.7544,0.0000,0.1032,0.1032,-0.0104,0.0000,0.0000,-0.0013,-0.0005,0.0129
0.1361,2.3292,2.4590,-0.0342,-0.0017,-2.2038,49.9829,0.0000,0.1043,0.1043,-0.0150,0.0000,0.0000,-0.0010,-0.0004,0.0071
0.1849,2.2307,2.4510,-0.0259,-0.0017,-2.2270,50.2328,0.0000,0.1018,0.1018,-0.0248,0.0000,0.0000,-0.0010,-0.0004,0.0004
0.1570,2.2749,2.4439,-0.0175,-0.0010,-2.2602,50.4896,0.0000,0.1060,0.1060,-0.0344,0.0000,0.0000,-0.0006,-0.0003,-0.0074
-0.0358,2.4857,2.4374,-0.0091,-0.0010,-2.2608,50.7325,0.0000,0.0804,0.0804,-0.0418,0.0000,0.0000,-0.0006,-0.0003,-0.0144
-0.1990,2.5663,2.4305,-0.0013,-0.0016,-2.2718,50.9872,0.0000,0.0605,0.0605,-0.0533,0.0000,0.0000,-0.0009,-0.0004,-0.0226
-0.0690,2.4083,2.4254,0.0071,-0.0016,-2.2811,51.2171,0.0000,0.0549,0.0549,-0.0551,0.0000,0.0000,-0.0009,-0.0004,-0.0241
-0.1527,2.5278,2.4203,0.0155,-0.0012,-2.2921,51.4384,0.0000,0.0472,0.0472,-0.0523,0.0000,0.0000,-0.0007,-0.0003,-0.0172
0.0568,2.2812,2.4162,0.0239,-0.0012,-2.3162,51.5944,0.0000,0.0630,0.0630,-0.0511,0.0000,0.0000,-0.0007,-0.0003,-0.0077
0.1799,2.1970,2.4125,0.0249,-0.0012,-2.3191,51.8083,0.0000,0.0591,0.0591,-0.0429,0.0000,0.0000,-0.0007,-0.0003,0.0000
0.1999,1.5608,2.4181,0.0196,-0.0012,-2.3320,52.0205,0.0000,0.0740,0.0740,-0.0374,0.0000,0.0000,-0.0007,-0.0003,0.0068
0.2000,2.1212,2.4142,0.0135,-0.0026,-2.3452,52.2358,0.0000,0.0659,0.0659,-0.0297,0.0000,0.0000,-0.0016,-0.0006,0.0135
0.2000,2.1086,2.4107,0.0066,-0.0026,-2.3581,52.4221,0.0000,0.0711,0.0711,-0.0228,0.0000,0.0000,-0.0016,-0.0006,0.0208
0.2000,2.1388,2.4076,-0.0018,-0.0029,-2.3765,52.6336,0.0000,0.0798,0.0798,-0.0156,0.0000,0.0000,-0.0017,-0.0007,0.0264
0.2000,1.8514,2.4048,-0.0102,-0.0029,-2.3818,52.8515,0.0000,0.0744,0.0744,-0.0157,0.0000,0.0000,-0.0017,-0.0007,0.0272
0.2000,2.1063,2.4022,-0.0108,-0.0021,-2.3959,53.0737,0.0000,0.0718,0.0718,-0.0142,0.0000,0.0000,-0.0013,-0.0005,0.0225
0.2000,2.1603,2.3999,-0.0085,-0.0021,-2.4086,53.2813,0.0000,0.0695,0.0695,-0.0158,0.0000,0.0000,-0.0013,-0.0005,0.0180
0.2000,2.2078,2.3979,-0.0015,-0.0019,-2.4217,53.4968,0.0000,0.0639,0.0639,-0.0213,0.0000,0.0000,-0.0011,-0.0005,0.0114
0.2000,2.0629,2.3960,0.0066,-0.0019,-2.4560,53.6073,0.0000,0.0790,0.0790,-0.0379,0.0000,0.0000,-0.0011,-0.0005,0.0012
0.2000,2.1402,2.3944,0.0132,-0.0019,-2.4568,53.8168,0.0000,0.0659,0.0659,-0.0376,0.0000,0.0000,-0.0011,-0.0005,-0.0033
0.1999,1.1359,2.4017,0.0133,-0.0019,-2.4675,54.0210,0.0000,0.0815,0.0815,-0.0366,0.0000,0.0000,-0.0011,-0.0005,-0.0035
0.2000,2.0768,2.3995,0.0131,-0.0037,-2.4858,54.2448,0.0000,0.0679,0.0679,-0.0369,0.0000,0.0000,-0.0022,-0.0009,-0.0013
0.2000,2.0273,2.3975,0.0123,-0.0037,-2.4921,54.4481,0.0000,0.0639,0.0639,-0.0322,0.0000,0.0000,-0.0022,-0.0009,0.0051
0.1998,2.2257,2.3957,0.0039,-0.0051,-2.5100,54.6526,0.0000,0.0688,0.0688,-0.0257,0.0000,0.0000,-0.0031,-0.0012,0.0123
0.2000,2.0162,2.3940,-0.0045,-0.0051,-2.5244,54.7850,0.0000,0.0770,0.0770,-0.0245,0.0000,0.0000,-0.0031,-0.0012,0.0179
0.2000,2.0368,2.3926,-0.0129,-0.0051,-2.5328,54.9580,0.0000,0.0769,0.0769,-0.0209,0.0000,0.0000,-0.0031,-0.0012,0.0178
0.2000,1.3192,2.3912,-0.0058,-0.0051,-2.5443,55.1635,0.0000,0.0833,0.0833,-0.0236,0.0000,0.0000,-0.0031,-0.0012,0.0172
0.2000,1.7179,2.3901,-0.0103,-0.0025,-2.5601,55.3459,0.0000,0.0830,0.0830,-0.0194,0.0000,0.0000,-0.0015,-0.0006,0.0150
0.2000,2.0408,2.3890,-0.0019,-0.0025,-2.5685,55.4515,0.0000,0.0715,0.0715,-0.0296,0.0000,0.0000,-0.0015,-0.0006,0.0083
0.2000,1.8146,2.3880,0.0064,-0.0025,-2.5759,55.5503,0.0000,0.0730,0.0730,-0.0368,0.0000,0.0000,-0.0015,-0.0006,-0.0050
0.2000,1.0504,2.3872,0.0097,-0.0025,-2.5775,55.6723,0.0000,0.0803,0.0803,-0.0347,0.0000,0.0000,-0.0015,-0.0006,0.0006
0.2000,0.9819,2.3864,0.0103,-0.0025,-2.5852,55.8551,0.0000,0.0776,0.0776,-0.0336,0.0000,0.0000,-0.0015,-0.0006,-0.0004
0.2000,1.2105,2.3857,0.0137,-0.0001,-2.6008,56.0265,0.0000,0.0775,0.0775,-0.0346,0.0000,0.0000,-0.0000,-0.0000,-0.0018
0.2000,1.8131,2.3850,0.0108,0.0019,-2.6133,56.2193,0.0000,0.0704,0.0704,-0.0246,0.0000,0.0000,0.0011,0.0004,0.0063
0.2000,1.7072,2.3845,0.0066,0.0019,-2.6380,56.4739,0.0000,0.0806,0.0806,-0.0224,0.0000,0.0000,0.0011,0.0004,0.0149
0.2000,1.9150,2.3840,-0.0012,0.0025,-2.6588,56.7107,0.0000,0.0866,0.0866,-0.0181,0.0000,0.0000,0.0015,0.0006,0.0154
-0.0051,2.5355,2.3829,-0.0095,0.0025,-2.6681,56.9089,0.0000,0.0832,0.0832,-0.0118,0.0000,0.0000,0.0015,0.0006,0.0177
0.0409,2.3582,2.3826,-0.0178,0.0025,-2.6801,57.1088,0.0000,0.0855,0.0855,-0.0118,0.0000,0.0000,0.0015,0.0006,0.0164
0.2000,1.9669,2.3822,-0.0102,0.0025,-2.6914,57.3136,0.0000,0.0863,0.0863,-0.0150,0.0000,0.0000,0.0015,0.0006,0.0127
0.2000,1.9858,2.3820,-0.0058,0.0025,-2.7027,57.5147,0.0000,0.0822,0.0822,-0.0193,0.0000,0.0000,0.0015,0.0006,0.0070
0.2000,2.0342,2.3817,0.0008,0.0031,-2.7166,57.7139,0.0000,0.0792,0.0792,-0.0255,0.0000,0.0000,0.0019,0.0007,0.0008
0.2000,1.9965,2.3815,0.0092,0.0031,-2.7204,57.9068,0.0000,0.0640,0.0640,-0.0358,0.0000,0.0000,0.0019,0.0007,-0.0086
0.2000,1.9797,2.3812,0.0144,0.0040,-2.7426,58.1392,0.0000,0.0697,0.0697,-0.0337,0.0000,0.0000,0.0024,0.0010,-0.0058
0.2000,1.9129,2.3811,0.0060,0.0040,-2.7604,58.3439,0.0000,0.0802,0.0802,-0.0277,0.0000,0.0000,0.0024,0.0010,0.0008
0.2000,2.3141,2.3790,-0.0014,0.0048,-2.7769,58.5535,0.0000,0.0812,0.0812,-0.0223,0.0000,0.0000,0.0029,0.0012,0.0014
0.2000,2.0377,2.3772,-0.0098,0.0048,-2.7930,58.7702,0.0000,0.0932,0.0932,-0.0133,0.0000,0.0000,0.0029,0.0012,0.0149
0.2000,2.0849,2.3755,-0.0131,0.0048,-2.8070,58.9758,0.0000,0.0963,0.0963,-0.0109,0.0000,0.0000,0.0029,0.0012,0.0187
0.2000,2.1543,2.3741,-0.0047,0.0078,-2.8155,59.1829,0.0000,0.0886,0.0886,-0.0200,0.0000,0.0000,0.0047,0.0019,0.0118
0.2000,2.0436,2.3727,0.0037,0.0078,-2.8170,59.4142,0.0000,0.0714,0.0714,-0.0281,0.0000,0.0000,0.0047,0.0019,0.0051
0.2000,2.0549,2.3715,0.0121,0.0091,-2.8271,59.6171,0.0000,0.0667,0.0667,-0.0378,0.0000,0.0000,0.0055,0.0022,-0.0008
0.1241,2.2940,2.3705,0.0205,0.0091,-2.8426,59.8530,0.0000,0.0582,0.0582,-0.0426,0.0000,0.0000,0.0055,0.0022,-0.0050
0.2000,2.0144,2.3695,0.0206,0.0018,-2.8581,60.1214,0.0000,0.0614,0.0614,-0.0406,0.0000,0.0000,0.0011,0.0004,0.0023
0.1423,2.3430,2.3686,0.0122,0.0018,-2.8789,60.3396,0.0000,0.0670,0.0670,-0.0331,0.0000,0.0000,0.0011,0.0004,0.0083
-0.0887,2.6658,2.3646,0.0049,-0.0018,-2.8998,60.5614,0.0000,0.0752,0.0752,-0.0242,0.0000,0.0000,-0.0011,-0.0004,0.0157
0.1463,2.1742,2.3641,-0.0032,-0.0018,-2.9122,60.8117,0.0000,0.0821,0.0821,-0.0192,0.0000,0.0000,-0.0011,-0.0004,0.0238
0.2003,2.2089,2.3636,-0.0081,0.0016,-2.9274,61.0740,0.0000,0.0807,0.0807,-0.0186,0.0000,0.0000,0.0010,0.0004,0.0243
-0.0003,2.4852,2.3632,-0.0165,0.0016,-2.9525,61.3045,0.0000,0.0888,0.0888,-0.0177,0.0000,0.0000,0.0010,0.0004,0.0184
-0.2000,2.6049,2.3609,-0.0089,0.0015,-2.9628,61.5302,0.0000,0.0789,0.0789,-0.0241,0.0000,0.0000,0.0009,0.0004,0.0119
0.0217,2.3002,2.3608,-0.0107,0.0015,-2.9806,61.7446,0.0000,0.0825,0.0825,-0.0304,0.0000,0.0000,0.0009,0.0004,0.0037
0.1206,2.2398,2.3607,-0.0023,0.0015,-2.9808,61.9221,0.0000,0.0632,0.0632,-0.0390,0.0000,0.0000,0.0009,0.0004,-0.0003
0.2000,2.1339,2.3606,0.0037,-0.0009,-2.9949,62.1298,0.0000,0.0631,0.0631,-0.0417,0.0000,0.0000,-0.0006,-0.0002,-0.0073
0.2000,1.7605,2.3605,0.0121,-0.0009,-3.0082,62.3364,0.0000,0.0699,0.0699,-0.0393,0.0000,0.0000,-0.0006,-0.0002,-0.0021
0.2000,2.0640,2.3604,0.0193,0.0009,-3.0229,62.5432,0.0000,0.0627,0.0627,-0.0398,0.0000,0.0000,0.0005,0.0002,-0.0029
0.2000,2.0533,2.3603,0.0276,0.0009,-3.0118,62.6569,0.0000,0.0406,0.0406,-0.0409,0.0000,0.0000,0.0005,0.0002,0.0045
0.2000,2.0549,2.3602,0.0247,0.0009,-3.0249,62.8521,0.0000,0.0467,0.0467,-0.0330,0.0000,0.0000,0.0005,0.0002,0.0101
0.2000,1.1360,2.3610,0.0201,0.0009,-3.0376,63.0584,0.0000,0.0623,0.0623,-0.0328,0.0000,0.0000,0.0005,0.0002,0.0155
0.2001,1.9409,2.3609,0.0220,0.0031,-3.0506,63.2711,0.0000,0.0518,0.0518,-0.0327,0.0000,0.0000,0.0019,0.0008,0.0230
0.2000,2.0501,2.3608,0.0169,0.0031,-3.0693,63.4641,0.0000,0.0591,0.0591,-0.0251,0.0000,0.0000,0.0019,0.0008,0.0273
0.2000,2.1130,2.3606,0.0164,-0.0007,-3.0685,63.5379,0.0000,0.0514,0.0514,-0.0334,0.0000,0.0000,-0.0004,-0.0002,0.0280
0.2000,1.9243,2.3605,0.0161,-0.0007,-3.0855,63.6937,0.0000,0.0606,0.0606,-0.0330,0.0000,0.0000,-0.0004,-0.0002,0.0248
0.2000,0.7316,2.3624,0.0127,0.0031,-3.1041,63.8615,0.0000,0.0854,0.0854,-0.0280,0.0000,0.0000,0.0019,0.0008,0.0254
0.1999,1.5549,2.3621,0.0087,-0.0007,-3.1231,63.9981,0.0000,0.0825,0.0825,-0.0302,0.0000,0.0000,-0.0004,-0.0002,0.0215
0.2000,1.6755,2.3619,0.0071,-0.0007,-3.1416,64.1861,0.0000,0.0842,0.0842,-0.0277,0.0000,0.0000,-0.0004,-0.0002,0.0207
0.2000,1.3694,2.3617,0.0050,-0.0007,-3.1603,64.3769,0.0000,0.0924,0.0924,-0.0266,0.0000,0.0000,-0.0004,-0.0002,0.0203
0.2000,1.8728,2.3615,0.0037,0.0063,-3.1816,64.5632,0.0000,0.0990,0.0990,-0.0065,0.0000,0.0000,0.0038,0.0015,0.0176
0.2000,1.9021,2.3591,-0.0010,0.0101,-3.2072,64.7460,0.0000,0.1137,0.1137,0.0022,0.0000,0.0000,0.0061,0.0024,0.0147
0.2000,1.8595,2.3592,-0.0094,0.0101,-3.2231,64.9354,0.0000,0.1179,0.1179,0.0018,0.0000,0.0000,0.0061,0.0024,0.0130
0.2000,1.8310,2.3592,-0.0178,0.0101,-3.2412,65.1063,0.0000,0.1252,0.1252,0.0013,0.0000,0.0000,0.0061,0.0024,0.0114
0.2000,1.8848,2.3570,-0.0262,0.0064,-3.2620,65.2863,0.0000,0.1323,0.1323,-0.0094,0.0000,0.0000,0.0039,0.0016,0.0095
0.1999,1.7038,2.3573,-0.0235,0.0064,-3.2833,65.4632,0.0000,0.1394,0.1394,-0.0132,0.0000,0.0000,0.0039,0.0016,0.0065
0.1999,1.7963,2.3575,-0.0188,0.0064,-3.3050,65.6425,0.0000,0.1433,0.1433,-0.0196,0.0000,0.0000,0.0039,0.0016,-0.0008
0.1999,1.7661,2.3555,-0.0106,0.0065,-3.3034,65.7848,0.0000,0.1233,0.1233,-0.0323,0.0000,0.0000,0.0039,0.0016,-0.0068
0.2000,1.7898,2.3537,-0.0022,0.0065,-3.3016,65.8969,0.0000,0.1066,0.1066,-0.0413,0.0000,0.0000,0.0039,0.0016,-0.0146
0.2000,1.4132,2.3543,0.0058,0.0065,-3.3229,66.0602,0.0000,0.1232,0.1232,-0.0403,0.0000,0.0000,0.0039,0.0016,-0.0164
0.2000,1.1139,2.3548,0.0142,0.0065,-3.3269,66.2770,0.0000,0.1154,0.1154,-0.0411,0.0000,0.0000,0.0039,0.0016,-0.0123
0.2000,1.6328,2.3531,0.0197,0.0098,-3.3284,66.5156,0.0000,0.0902,0.0902,-0.0346,0.0000,0.0000,0.0059,0.0024,-0.0065
-0.2000,2.1501,2.3178,0.0141,0.0080,-3.3478,66.7086,0.0000,0.0926,0.0926,-0.0305,0.0000,0.0000,0.0048,0.0019,0.0014
-0.1999,2.3662,2.2860,0.0112,0.0006,-3.3664,66.8981,0.0000,0.1000,0.1000,-0.0396,0.0000,0.0000,0.0004,0.0001,0.0091
0.0323,1.9243,2.2574,0.0108,0.0006,-3.3730,67.3372,0.0000,0.0779,0.0779,-0.0388,0.0000,0.0000,0.0004,0.0001,0.0140
0.1996,1.8880,2.2316,0.0025,0.0006,-3.3949,67.5350,0.0000,0.0880,0.0880,-0.0320,0.0000,0.0000,0.0004,0.0001,0.0208
0.0244,4.3541,2.2085,0.0074,0.0075,-3.4234,67.7409,0.0000,0.0732,0.0732,-0.0147,0.0000,0.0000,0.0045,0.0018,0.0212
0.1862,1.9742,2.1876,-0.0010,0.0005,-3.4317,68.0905,0.0000,0.0755,0.0755,-0.0318,0.0000,0.0000,0.0003,0.0001,0.0172
0.0265,2.0622,2.1689,0.0053,0.0005,-3.4555,68.3158,0.0000,0.0811,0.0811,-0.0291,0.0000,0.0000,0.0003,0.0001,0.0160
-0.1547,3.4672,2.1520,0.0082,-0.0004,-3.4739,68.5269,0.0000,0.0603,0.0603,-0.0277,0.0000,0.0000,-0.0002,-0.0001,0.0112
-0.2000,2.2470,2.1368,0.0166,0.0075,-3.4911,68.8321,0.0000,0.0645,0.0645,-0.0349,0.0000,0.0000,0.0045,0.0018,0.0110
-0.1183,2.1016,2.1231,0.0082,-0.0004,-3.5197,69.0500,0.0000,0.0791,0.0791,-0.0338,0.0000,0.0000,-0.0002,-0.0001,0.0106
-0.1999,3.0300,2.1108,0.0030,-0.0084,-3.5469,69.2803,0.0000,0.0729,0.0729,-0.0323,0.0000,0.0000,-0.0051,-0.0020,0.0081
-0.2000,2.1803,2.0997,-0.0054,-0.0084,-3.5559,69.5105,0.0000,0.0787,0.0787,-0.0298,0.0000,0.0000,-0.0051,-0.0020,0.0128
-0.2000,2.2996,2.0897,-0.0138,-0.0084,-3.5747,69.7255,0.0000,0.0795,0.0795,-0.0251,0.0000,0.0000,-0.0051,-0.0020,0.0171
-0.2000,2.2848,2.0808,-0.0100,-0.0069,-3.5999,69.9444,0.0000,0.0851,0.0851,-0.0263,0.0000,0.0000,-0.0042,-0.0017,0.0163
-0.2002,2.1397,2.0727,-0.0182,-0.0069,-3.6243,70.1574,0.0000,0.0892,0.0892,-0.0313,0.0000,0.0000,-0.0042,-0.0017,0.0108
-0.2000,2.1843,2.0654,-0.0098,-0.0069,-3.6380,70.3658,0.0000,0.0753,0.0753,-0.0405,0.0000,0.0000,-0.0042,-0.0017,0.0047
-0.1807,2.1254,2.0589,-0.0014,-0.0053,-3.6385,70.5554,0.0000,0.0538,0.0538,-0.0474,0.0000,0.0000,-0.0032,-0.0013,-0.0030
-0.1120,2.0711,2.0530,0.0070,-0.0053,-3.6803,70.7648,0.0000,0.0767,0.0767,-0.0486,0.0000,0.0000,-0.0032,-0.0013,-0.0031
-0.1352,2.1162,2.0477,0.0153,-0.0053,-3.6519,70.9138,0.0000,0.0283,0.0283,-0.0552,0.0000,0.0000,-0.0032,-0.0013,-0.0066
-0.1709,2.1162,2.0429,0.0237,0.0027,-3.6615,71.0663,0.0000,0.0269,0.0269,-0.0511,0.0000,0.0000,0.0016,0.0007,-0.0049
-0.1530,2.1162,2.0386,0.0321,0.0027,-3.6794,71.2517,0.0000,0.0330,0.0330,-0.0443,0.0000,0.0000,0.0016,0.0007,0.0026
0.0513,1.5094,2.0348,0.0314,0.0027,-3.6977,71.4471,0.0000,0.0497,0.0497,-0.0407,0.0000,0.0000,0.0016,0.0007,0.0079
0.2002,1.8473,2.0313,0.0292,0.0089,-3.7142,71.6557,0.0000,0.0462,0.0462,-0.0235,0.0000,0.0000,0.0054,0.0021,0.0150
0.2007,1.9458,2.0282,0.0208,0.0089,-3.7307,71.8558,0.0000,0.0505,0.0505,-0.0159,0.0000,0.0000,0.0054,0.0021,0.0222
0.0039,2.0752,2.0253,0.0124,0.0044,-3.7455,72.0271,0.0000,0.0560,0.0560,-0.0159,0.0000,0.0000,0.0027,0.0011,0.0292
0.0494,1.9911,2.0228,0.0041,0.0044,-3.7546,72.2177,0.0000,0.0542,0.0542,-0.0102,0.0000,0.0000,0.0027,0.0011,0.0337
0.2000,1.8924,2.0205,-0.0042,0.0044,-3.7677,72.3763,0.0000,0.0561,0.0561,-0.0094,0.0000,0.0000,0.0027,0.0011,0.0317
0.2000,1.8924,2.0185,-0.0126,0.0044,-3.7868,72.5519,0.0000,0.0601,0.0601,-0.0107,0.0000,0.0000,0.0027,0.0011,0.0263
0.2000,1.7519,2.0166,-0.0117,-0.0031,-3.8205,72.7005,0.0000,0.0782,0.0782,-0.0345,0.0000,0.0000,-0.0018,-0.0007,0.0192
0.2000,1.7519,2.0150,-0.0036,-0.0031,-3.8500,72.8884,0.0000,0.0889,0.0889,-0.0344,0.0000,0.0000,-0.0018,-0.0007,0.0143
0.1839,1.8869,2.0135,0.0028,-0.0031,-3.8617,73.0336,0.0000,0.0768,0.0768,-0.0421,0.0000,0.0000,-0.0018,-0.0007,0.0083
0.1765,1.8869,2.0121,0.0112,0.0041,-3.8629,73.3390,0.0000,0.0442,0.0442,-0.0325,0.0000,0.0000,0.0025,0.0010,0.0011
0.2000,1.4445,2.0109,0.0196,0.0140,-3.9602,74.6687,0.0000,0.0439,0.0439,-0.0242,0.0000,0.0000,0.0084,0.0034,-0.0053
0.0012,3.0289,2.0098,0.0112,-0.0131,-4.1722,76.5153,0.0000,0.0625,0.0625,-0.0377,0.0000,0.0000,-0.0079,-0.0032,0.0020
-0.1977,5.0000,2.0088,0.0196,0.0121,-4.3166,79.2013,0.0000,-0.0603,-0.0603,0.0016,0.0000,0.0000,0.0073,0.0029,0.0109
-0.1999,5.0000,2.0255,0.0196,0.0126,-4.3401,79.6123,0.0000,-0.0599,-0.0599,0.0081,0.0000,0.0000,0.0076,0.0030,0.0109
-0.2000,5.0000,2.0406,0.0112,0.0126,-4.3658,79.8211,0.0000,-0.0349,-0.0349,0.0176,0.0000,0.0000,0.0076,0.0030,0.0166
-0.2000,4.0815,2.0541,0.0091,0.0126,-4.3809,80.0363,0.0000,-0.0385,-0.0385,0.0162,0.0000,0.0000,0.0076,0.0030,0.0198
-0.1900,2.0858,2.0487,0.0055,0.0005,-4.4060,80.2104,0.0000,-0.0217,-0.0217,-0.0347,0.0000,0.0000,0.0003,0.0001,0.0160
-0.2002,2.1393,2.0438,0.0139,0.0005,-4.4357,80.4095,0.0000,-0.0081,-0.0081,-0.0270,0.0000,0.0000,0.0003,0.0001,0.0225
0.0046,1.7451,2.0394,0.0223,0.0005,-4.4438,80.5698,0.0000,-0.0109,-0.0109,-0.0294,0.0000,0.0000,0.0003,0.0001,0.0228
0.0108,1.9973,2.0355,0.0254,0.0121,-4.4675,80.7733,0.0000,-0.0032,-0.0032,0.0044,0.0000,0.0000,0.0073,0.0029,0.0159
0.2000,1.5908,2.0319,0.0170,0.0121,-4.4828,80.9541,0.0000,-0.0001,-0.0001,0.0035,0.0000,0.0000,0.0073,0.0029,0.0138
0.0000,2.0321,2.0519,0.0086,0.0126,-4.4961,81.1404,0.0000,0.0026,0.0026,0.0098,0.0000,0.0000,0.0076,0.0030,0.0110
0.1994,1.7998,2.0719,0.0002,0.0126,-4.5234,81.3380,0.0000,0.0200,0.0200,0.0156,0.0000,0.0000,0.0076,0.0030,0.0181
0.2000,1.8513,2.0898,-0.0082,0.0126,-4.5479,81.5188,0.0000,0.0371,0.0371,0.0222,0.0000,0.0000,0.0076,0.0030,0.0255
0.2000,1.9785,2.1060,-0.0166,0.0028,-4.5529,81.7132,0.0000,0.0327,0.0327,0.0203,0.0000,0.0000,0.0017,0.0007,0.0276
0.1999,1.8100,2.1205,-0.0202,0.0028,-4.5638,81.8991,0.0000,0.0272,0.0272,0.0155,0.0000,0.0000,0.0017,0.0007,0.0205
0.2000,1.9265,2.1336,-0.0234,-0.0002,-4.5941,82.0853,0.0000,0.0421,0.0421,0.0071,0.0000,0.0000,-0.0001,-0.0001,0.0135
0.1999,1.8469,2.1454,-0.0205,-0.0002,-4.6270,82.2673,0.0000,0.0561,0.0561,-0.0005,0.0000,0.0000,-0.0001,-0.0001,0.0057
0.2000,1.8701,2.1560,-0.0151,-0.0002,-4.6434,82.4551,0.0000,0.0534,0.0534,-0.0074,0.0000,0.0000,-0.0001,-0.0001,-0.0017
0.2000,1.8326,2.1655,-0.0067,0.0015,-4.6492,82.6386,0.0000,0.0402,0.0402,-0.0175,0.0000,0.0000,0.0009,0.0004,-0.0084
0.2000,1.8680,2.1741,0.0017,0.0015,-4.6685,82.8272,0.0000,0.0394,0.0394,-0.0241,0.0000,0.0000,0.0009,0.0004,-0.0137
0.2000,1.8220,2.1818,0.0101,0.0015,-4.6766,83.0027,0.0000,0.0308,0.0308,-0.0284,0.0000,0.0000,0.0009,0.0004,-0.0167
0.2000,1.8789,2.1888,0.0158,-0.0012,-4.6925,83.1946,0.0000,0.0290,0.0290,-0.0343,0.0000,0.0000,-0.0007,-0.0003,-0.0137
0.1999,1.7427,2.1950,0.0204,-0.0012,-4.7065,83.3917,0.0000,0.0294,0.0294,-0.0314,0.0000,0.0000,-0.0007,-0.0003,-0.0086
0.2000,1.9088,2.2007,0.0180,-0.0082,-4.7226,83.5846,0.0000,0.0293,0.0293,-0.0361,0.0000,0.0000,-0.0049,-0.0020,0.0003
0.2000,1.9590,2.2057,0.0164,-0.0082,-4.7393,83.7754,0.0000,0.0304,0.0304,-0.0302,0.0000,0.0000,-0.0049,-0.0020,0.0081
0.2000,1.9195,2.2103,0.0116,-0.0082,-4.7541,83.9640,0.0000,0.0326,0.0326,-0.0230,0.0000,0.0000,-0.0049,-0.0020,0.0158
0.2001,1.8985,2.2144,0.0059,-0.0136,-4.7743,84.1407,0.0000,0.0380,0.0380,-0.0291,0.0000,0.0000,-0.0082,-0.0033,0.0203
0.2000,1.8763,2.2181,0.0025,-0.0136,-4.8020,84.3236,0.0000,0.0490,0.0490,-0.0262,0.0000,0.0000,-0.0082,-0.0033,0.0225
0.1998,1.7642,2.2214,0.0005,-0.0136,-4.8211,84.5119,0.0000,0.0508,0.0508,-0.0262,0.0000,0.0000,-0.0082,-0.0033,0.0198
0.2000,1.8348,2.2244,-0.0057,-0.0134,-4.8443,84.7062,0.0000,0.0546,0.0546,-0.0181,0.0000,0.0000,-0.0081,-0.0032,0.0192
0.2000,1.8769,2.2271,-0.0140,-0.0134,-4.8642,84.8855,0.0000,0.0556,0.0556,-0.0199,0.0000,0.0000,-0.0081,-0.0032,0.0143
0.2000,1.9400,2.2269,-0.0151,-0.0091,-4.8892,85.0758,0.0000,0.0608,0.0608,-0.0181,0.0000,0.0000,-0.0055,-0.0022,0.0106
0.2000,1.7892,2.2293,-0.0093,-0.0091,-4.9044,85.2677,0.0000,0.0569,0.0569,-0.0218,0.0000,0.0000,-0.0055,-0.0022,0.0069
0.2000,1.9026,2.2288,-0.0041,-0.0091,-4.9247,85.4467,0.0000,0.0559,0.0559,-0.0258,0.0000,0.0000,-0.0055,-0.0022,0.0027
0.2000,1.9084,2.2284,-0.0025,0.0009,-4.9463,85.6367,0.0000,0.0563,0.0563,-0.0154,0.0000,0.0000,0.0005,0.0002,-0.0033
0.2000,1.7863,2.2307,-0.0053,0.0009,-4.9764,85.8273,0.0000,0.0702,0.0702,-0.0189,0.0000,0.0000,0.0005,0.0002,-0.0080
0.2000,1.8947,2.2301,-0.0037,0.0009,-4.9906,86.0191,0.0000,0.0684,0.0684,-0.0178,0.0000,0.0000,0.0005,0.0002,-0.0040
0.2000,1.9130,2.2296,-0.0106,0.0024,-5.0035,86.2108,0.0000,0.0668,0.0668,-0.0132,0.0000,0.0000,0.0015,0.0006,0.0010
0.2000,1.9069,2.2291,-0.0074,0.0024,-5.0173,86.3998,0.0000,0.0653,0.0653,-0.0135,0.0000,0.0000,0.0015,0.0006,0.0035
0.2000,1.9050,2.2287,-0.0047,-0.0003,-5.0392,86.5958,0.0000,0.0710,0.0710,-0.0219,0.0000,0.0000,-0.0002,-0.0001,0.0014
0.2000,1.8788,2.2283,0.0006,-0.0003,-5.0516,86.7946,0.0000,0.0642,0.0642,-0.0247,0.0000,0.0000,-0.0002,-0.0001,0.0024
0.2000,1.9550,2.2279,0.0072,-0.0003,-5.0668,86.9849,0.0000,0.0599,0.0599,-0.0292,0.0000,0.0000,-0.0002,-0.0001,-0.0034
0.2000,1.9750,2.2276,0.0083,0.0010,-5.0896,87.1769,0.0000,0.0668,0.0668,-0.0271,0.0000,0.0000,0.0006,0.0003,-0.0004
0.2000,1.8928,2.2273,0.0047,0.0010,-5.1003,87.3722,0.0000,0.0624,0.0624,-0.0267,0.0000,0.0000,0.0006,0.0003,0.0014
0.2000,1.9166,2.2270,-0.0012,0.0035,-5.1166,87.5640,0.0000,0.0653,0.0653,-0.0162,0.0000,0.0000,0.0021,0.0008,0.0070
0.2000,1.9395,2.2268,-0.0096,0.0035,-5.1319,87.7543,0.0000,0.0684,0.0684,-0.0118,0.0000,0.0000,0.0021,0.0008,0.0126
0.2000,1.9084,2.2266,-0.0092,0.0035,-5.1502,87.9489,0.0000,0.0730,0.0730,-0.0110,0.0000,0.0000,0.0021,0.0008,0.0131
0.2000,1.8922,2.2264,-0.0159,-0.0007,-5.1698,88.1410,0.0000,0.0770,0.0770,-0.0106,0.0000,0.0000,-0.0004,-0.0002,0.0102
0.2000,1.9385,2.2262,-0.0115,-0.0007,-5.1884,88.3407,0.0000,0.0778,0.0778,-0.0152,0.0000,0.0000,-0.0004,-0.0002,0.0047
0.2000,1.9147,2.2261,-0.0051,0.0030,-5.1938,88.5429,0.0000,0.0654,0.0654,-0.0147,0.0000,0.0000,0.0018,0.0007,-0.0022
0.2000,1.9881,2.2260,0.0004,0.0030,-5.2004,88.7469,0.0000,0.0551,0.0551,-0.0175,0.0000,0.0000,0.0018,0.0007,-0.0025
0.2000,2.0060,2.2258,0.0046,0.0030,-5.2206,88.9255,0.0000,0.0604,0.0604,-0.0220,0.0000,0.0000,0.0018,0.0007,-0.0083
0.2000,2.0238,2.2257,0.0121,0.0029,-5.2332,89.1306,0.0000,0.0571,0.0571,-0.0290,0.0000,0.0000,0.0017,0.0007,-0.0041
0.2000,1.7821,2.2256,0.0037,0.0029,-5.2524,89.3302,0.0000,0.0673,0.0673,-0.0243,0.0000,0.0000,0.0017,0.0007,0.0018
0.2000,2.0365,2.2255,-0.0037,-0.0090,-5.2744,89.5335,0.0000,0.0718,0.0718,-0.0285,0.0000,0.0000,-0.0054,-0.0022,0.0068
0.2000,1.9888,2.2255,-0.0120,-0.0090,-5.2977,89.7301,0.0000,0.0827,0.0827,-0.0245,0.0000,0.0000,-0.0054,-0.0022,0.0106
0.2000,2.0274,2.2254,-0.0204,-0.0090,-5.3161,89.9320,0.0000,0.0864,0.0864,-0.0205,0.0000,0.0000,-0.0054,-0.0022,0.0165
0.2000,1.9635,2.2253,-0.0248,-0.0188,-5.3406,90.1283,0.0000,0.0925,0.0925,-0.0266,0.0000,0.0000,-0.0113,-0.0045,0.0100
0.2000,2.0104,2.2253,-0.0164,-0.0188,-5.3494,90.3248,0.0000,0.0791,0.0791,-0.0340,0.0000,0.0000,-0.0113,-0.0045,0.0030
0.2000,1.9609,2.2252,-0.0080,-0.0108,-5.3773,90.5124,0.0000,0.0873,0.0873,-0.0419,0.0000,0.0000,-0.0065,-0.0026,-0.0048
0.2000,1.9503,2.2252,0.0004,-0.0108,-5.3715,90.7164,0.0000,0.0587,0.0587,-0.0504,0.0000,0.0000,-0.0065,-0.0026,-0.0115
0.2000,1.8787,2.2251,0.0088,-0.0108,-5.3895,90.9220,0.0000,0.0582,0.0582,-0.0551,0.0000,0.0000,-0.0065,-0.0026,-0.0168
0.0679,2.0253,2.2026,0.0172,-0.0058,-5.4093,91.1174,0.0000,0.0599,0.0599,-0.0533,0.0000,0.0000,-0.0035,-0.0014,-0.0087
0.0182,2.0454,2.1823,0.0253,-0.0058,-5.4281,91.3183,0.0000,0.0632,0.0632,-0.0488,0.0000,0.0000,-0.0035,-0.0014,-0.0009
0.1823,1.9470,2.1641,0.0260,-0.0012,-5.4397,91.5122,0.0000,0.0641,0.0641,-0.0425,0.0000,0.0000,-0.0007,-0.0003,0.0070
0.0742,2.0013,2.1477,0.0214,-0.0012,-5.4483,91.7215,0.0000,0.0585,0.0585,-0.0357,0.0000,0.0000,-0.0007,-0.0003,0.0142
0.1989,1.9254,2.1329,0.0130,-0.0012,-5.4648,91.9271,0.0000,0.0643,0.0643,-0.0285,0.0000,0.0000,-0.0007,-0.0003,0.0214
0.0213,2.0771,2.1196,0.0116,0.0057,-5.4848,92.1285,0.0000,0.0732,0.0732,-0.0075,0.0000,0.0000,0.0034,0.0014,0.0277
-0.0135,2.0457,2.1077,0.0032,0.0057,-5.5045,92.3349,0.0000,0.0812,0.0812,-0.0048,0.0000,0.0000,0.0034,0.0014,0.0280
0.0815,2.0082,2.0969,-0.0052,-0.0035,-5.5259,92.5264,0.0000,0.0900,0.0900,-0.0079,0.0000,0.0000,-0.0021,-0.0008,0.0245
0.0253,2.0552,2.0872,-0.0136,-0.0035,-5.5453,92.7176,0.0000,0.0942,0.0942,-0.0105,0.0000,0.0000,-0.0021,-0.0008,0.0175
0.2001,1.9120,2.0785,-0.0218,-0.0035,-5.5633,92.9146,0.0000,0.0972,0.0972,-0.0129,0.0000,0.0000,-0.0021,-0.0008,0.0161
0.1639,1.9056,2.0706,-0.0228,-0.0062,-5.5839,93.1192,0.0000,0.0989,0.0989,-0.0250,0.0000,0.0000,-0.0037,-0.0015,0.0089
0.0998,1.9614,2.0636,-0.0171,-0.0062,-5.5891,93.3147,0.0000,0.0821,0.0821,-0.0327,0.0000,0.0000,-0.0037,-0.0015,0.0014
0.0532,2.0381,2.0572,-0.0155,0.0038,-5.5986,93.5154,0.0000,0.0685,0.0685,-0.0206,0.0000,0.0000,0.0023,0.0009,-0.0066
0.0851,1.9396,2.0515,-0.0071,0.0038,-5.6052,93.7212,0.0000,0.0586,0.0586,-0.0282,0.0000,0.0000,0.0023,0.0009,-0.0144
0.0539,1.9923,2.0463,-0.0035,0.0038,-5.6320,93.9068,0.0000,0.0713,0.0713,-0.0311,0.0000,0.0000,0.0023,0.0009,-0.0156
0.0041,2.0416,2.0417,-0.0062,0.0093,-5.6428,94.1151,0.0000,0.0707,0.0707,-0.0093,0.0000,0.0000,0.0056,0.0022,-0.0105
0.2000,1.8584,2.0375,-0.0143,0.0093,-5.6528,94.3047,0.0000,0.0744,0.0744,-0.0084,0.0000,0.0000,0.0056,0.0022,-0.0086
0.0042,2.0683,2.0338,-0.0227,-0.0045,-5.6605,94.5181,0.0000,0.0722,0.0722,-0.0257,0.0000,0.0000,-0.0027,-0.0011,-0.0014
0.1528,1.8815,2.0304,-0.0194,-0.0045,-5.6660,94.7075,0.0000,0.0694,0.0694,-0.0244,0.0000,0.0000,-0.0027,-0.0011,0.0027
-0.0440,2.1174,2.0274,-0.0110,-0.0006,-5.6829,94.9105,0.0000,0.0670,0.0670,-0.0437,0.0000,0.0000,-0.0004,-0.0001,0.0006
0.1168,1.8791,2.0246,-0.0027,-0.0006,-5.7086,95.1022,0.0000,0.0793,0.0793,-0.0511,0.0000,0.0000,-0.0004,-0.0001,-0.0065
0.0179,2.0175,2.0222,0.0057,-0.0006,-5.7097,95.3116,0.0000,0.0556,0.0556,-0.0602,0.0000,0.0000,-0.0004,-0.0001,-0.0144
0.0816,1.9172,2.0200,0.0141,0.0026,-5.6967,95.5244,0.0000,0.0289,0.0289,-0.0711,0.0000,0.0000,0.0016,0.0006,-0.0124
-0.0581,2.0763,2.0180,0.0225,0.0026,-5.7067,95.7266,0.0000,0.0194,0.0194,-0.0671,0.0000,0.0000,0.0016,0.0006,-0.0055
-0.1549,2.1149,2.0162,0.0308,0.0024,-5.7127,95.9495,0.0000,0.0087,0.0087,-0.0656,0.0000,0.0000,0.0014,0.0006,0.0027
-0.0448,2.0071,2.0145,0.0391,0.0024,-5.7220,96.1493,0.0000,0.0089,0.0089,-0.0591,0.0000,0.0000,0.0014,0.0006,0.0102
-0.2000,2.2106,2.0131,0.0475,0.0024,-5.7221,96.3481,0.0000,-0.0082,-0.0082,-0.0510,0.0000,0.0000,0.0014,0.0006,0.0174
-0.0372,1.9831,2.0118,0.0559,0.0109,-5.7274,96.5380,0.0000,-0.0060,-0.0060,-0.0251,0.0000,0.0000,0.0066,0.0026,0.0242
0.0279,1.9710,2.0106,0.0510,0.0109,-5.7372,96.7245,0.0000,-0.0019,-0.0019,-0.0166,0.0000,0.0000,0.0066,0.0026,0.0311
0.1410,1.8843,2.0095,0.0426,0.0109,-5.7481,96.9278,0.0000,0.0041,0.0041,-0.0071,0.0000,0.0000,0.0066,0.0026,0.0388
0.1839,1.8518,2.0086,0.0342,0.0086,-5.7656,97.1233,0.0000,0.0162,0.0162,0.0017,0.0000,0.0000,0.0052,0.0021,0.0447
0.0310,2.0198,2.0077,0.0258,0.0086,-5.7910,97.3216,0.0000,0.0372,0.0372,0.0153,0.0000,0.0000,0.0052,0.0021,0.0539
0.0604,1.9479,2.0070,0.0174,0.0065,-5.8194,97.5141,0.0000,0.0561,0.0561,0.0149,0.0000,0.0000,0.0039,0.0016,0.0510
0.0376,1.9845,2.0063,0.0090,0.0065,-5.8444,97.7111,0.0000,0.0695,0.0695,0.0150,0.0000,0.0000,0.0039,0.0016,0.0441
0.0771,1.9313,2.0056,0.0006,0.0065,-5.8670,97.9133,0.0000,0.0789,0.0789,0.0132,0.0000,0.0000,0.0039,0.0016,0.0364
0.0552,1.9707,2.0051,-0.0078,0.0060,-5.8959,98.1112,0.0000,0.0956,0.0956,0.0204,0.0000,0.0000,0.0036,0.0015,0.0289
0.0024,2.0176,2.0046,-0.0162,0.0060,-5.9228,98.2947,0.0000,0.1113,0.1113,0.0179,0.0000,0.0000,0.0036,0.0015,0.0218
0.0161,1.9836,2.0041,-0.0163,0.0143,-5.9412,98.4902,0.0000,0.1161,0.1161,0.0271,0.0000,0.0000,0.0086,0.0035,0.0152
0.1611,1.8393,2.0037,-0.0247,0.0143,-5.9682,98.6781,0.0000,0.1306,0.1306,0.0226,0.0000,0.0000,0.0086,0.0035,0.0092
0.0959,1.9472,2.0033,-0.0331,0.0143,-5.9956,98.8632,0.0000,0.1457,0.1457,0.0156,0.0000,0.0000,0.0086,0.0035,0.0018
0.1848,1.8823,2.0030,-0.0415,0.0099,-6.0080,99.0652,0.0000,0.1416,0.1416,-0.0160,0.0000,0.0000,0.0060,0.0024,-0.0061
0.2000,1.8541,2.0027,-0.0446,0.0099,-6.0242,99.2512,0.0000,0.1412,0.1412,-0.0209,0.0000,0.0000,0.0060,0.0024,-0.0089
0.0461,2.0067,2.0024,-0.0405,0.0056,-6.0327,99.4473,0.0000,0.1268,0.1268,-0.0488,0.0000,0.0000,0.0034,0.0014,-0.0146
0.1697,1.8505,2.0022,-0.0321,0.0056,-6.0476,99.6473,0.0000,0.1204,0.1204,-0.0584,0.0000,0.0000,0.0034,0.0014,-0.0223
0.0581,1.9879,2.0020,-0.0237,0.0056,-6.0564,99.8432,0.0000,0.0997,0.0997,-0.0694,0.0000,0.0000,0.0034,0.0014,-0.0277
0.0294,1.9879,2.0018,-0.0153,0.0070,-6.0503,100.0390,0.0000,0.0679,0.0679,-0.0833,0.0000,0.0000,0.0042,0.0017,-0.0354
0.0206,1.9879,2.0016,-0.0069,0.0070,-6.0649,100.2312,0.0000,0.0612,0.0612,-0.0864,0.0000,0.0000,0.0042,0.0017,-0.0328
0.0566,1.9444,2.0014,0.0015,0.0070,-6.0718,100.4193,0.0000,0.0502,0.0502,-0.0871,0.0000,0.0000,0.0042,0.0017,-0.0272
0.1001,1.9108,2.0013,0.0079,0.0049,-6.0711,100.6067,0.0000,0.0330,0.0330,-0.0875,0.0000,0.0000,0.0029,0.0012,-0.0216
0.1566,1.8658,2.0012,0.0163,0.0049,-6.0766,100.7849,0.0000,0.0254,0.0254,-0.0835,0.0000,0.0000,0.0029,0.0012,-0.0134
0.2000,1.7676,2.0010,0.0246,0.0049,-6.0769,100.9778,0.0000,0.0130,0.0130,-0.0799,0.0000,0.0000,0.0029,0.0012,-0.0053
0.2000,1.7676,2.0009,0.0330,0.0065,-6.0931,101.1637,0.0000,0.0157,0.0157,-0.0690,0.0000,0.0000,0.0039,0.0016,0.0026
0.1396,1.9124,2.0008,0.0414,0.0065,-6.0995,101.3517,0.0000,0.0047,0.0047,-0.0627,0.0000,0.0000,0.0039,0.0016,0.0100
0.1999,1.8505,2.0008,0.0363,-0.0070,-6.1173,101.5446,0.0000,0.0115,0.0115,-0.0546,0.0000,0.0000,-0.0042,-0.0017,0.0156
0.2004,1.8656,2.0007,0.0446,-0.0070,-6.1220,101.7300,0.0000,0.0053,0.0053,-0.0470,0.0000,0.0000,-0.0042,-0.0017,0.0226
0.1471,1.9214,2.0006,0.0530,-0.0070,-6.1252,101.9220,0.0000,-0.0036,-0.0036,-0.0392,0.0000,0.0000,-0.0042,-0.0017,0.0291
0.1886,1.8392,2.0006,0.0471,-0.0046,-6.1484,102.1151,0.0000,0.0122,0.0122,-0.0208,0.0000,0.0000,-0.0028,-0.0011,0.0361
0.1431,1.9036,2.0005,0.0387,-0.0046,-6.1680,102.3018,0.0000,0.0230,0.0230,-0.0135,0.0000,0.0000,-0.0028,-0.0011,0.0383
0.1058,1.9305,2.0004,0.0311,-0.0038,-6.1929,102.4887,0.0000,0.0398,0.0398,-0.0131,0.0000,0.0000,-0.0023,-0.0009,0.0395
0.1603,1.8631,2.0004,0.0227,-0.0038,-6.2112,102.6787,0.0000,0.0499,0.0499,-0.0048,0.0000,0.0000,-0.0023,-0.0009,0.0466
0.1698,1.8719,2.0004,0.0143,-0.0038,-6.2323,102.8760,0.0000,0.0599,0.0599,0.0010,0.0000,0.0000,-0.0023,-0.0009,0.0486
0.1498,1.8940,2.0003,0.0059,-0.0066,-6.2538,103.0629,0.0000,0.0677,0.0677,-0.0105,0.0000,0.0000,-0.0040,-0.0016,0.0432
0.0782,1.9691,2.0003,-0.0025,-0.0066,-6.2817,103.2601,0.0000,0.0775,0.0775,-0.0111,0.0000,0.0000,-0.0040,-0.0016,0.0354
0.2001,1.8664,2.0003,-0.0104,-0.0066,-6.3080,103.4462,0.0000,0.0871,0.0871,-0.0141,0.0000,0.0000,-0.0040,-0.0016,0.0284
0.1436,1.9760,2.0002,-0.0166,-0.0041,-6.3348,103.6338,0.0000,0.0955,0.0955,-0.0217,0.0000,0.0000,-0.0025,-0.0010,0.0217
0.2000,1.8646,2.0002,-0.0250,-0.0041,-6.3604,103.8137,0.0000,0.1012,0.1012,-0.0274,0.0000,0.0000,-0.0025,-0.0010,0.0148
0.1680,1.8800,2.0002,-0.0241,-0.0116,-6.3795,103.9971,0.0000,0.0992,0.0992,-0.0383,0.0000,0.0000,-0.0070,-0.0028,0.0075
0.2000,1.8011,2.0002,-0.0157,-0.0116,-6.3975,104.1800,0.0000,0.0952,0.0952,-0.0445,0.0000,0.0000,-0.0070,-0.0028,0.0011
0.2000,1.8277,2.0002,-0.0073,-0.0116,-6.4179,104.3529,0.0000,0.0902,0.0902,-0.0535,0.0000,0.0000,-0.0070,-0.0028,-0.0072
0.2000,1.8222,2.0001,-0.0018,-0.0144,-6.4292,104.5462,0.0000,0.0763,0.0763,-0.0566,0.0000,0.0000,-0.0087,-0.0035,-0.0132
0.2000,1.7246,2.0001,0.0066,-0.0144,-6.4394,104.7433,0.0000,0.0653,0.0653,-0.0615,0.0000,0.0000,-0.0087,-0.0035,-0.0174
0.1371,1.9207,2.0001,0.0150,-0.0144,-6.4592,104.9298,0.0000,0.0596,0.0596,-0.0616,0.0000,0.0000,-0.0087,-0.0035,-0.0147
0.0851,1.9567,2.0001,0.0234,-0.0142,-6.4657,105.1199,0.0000,0.0454,0.0454,-0.0581,0.0000,0.0000,-0.0085,-0.0034,-0.0066
0.2003,1.8586,2.0001,0.0265,-0.0142,-6.5033,105.3086,0.0000,0.0684,0.0684,-0.0534,0.0000,0.0000,-0.0085,-0.0034,0.0012
0.1623,1.8865,2.0001,0.0326,0.0003,-6.5243,105.5083,0.0000,0.0721,0.0721,-0.0138,0.0000,0.0000,0.0002,0.0001,0.0066
0.1331,1.9075,2.0001,0.0242,0.0003,-6.5510,105.6891,0.0000,0.0886,0.0886,-0.0095,0.0000,0.0000,0.0002,0.0001,0.0136
0.0434,1.9919,2.0001,0.0158,0.0003,-6.5722,105.8741,0.0000,0.1035,0.1035,-0.0004,0.0000,0.0000,0.0002,0.0001,0.0209
0.1961,1.8119,2.0001,0.0139,0.0068,-6.5833,106.0509,0.0000,0.1071,0.1071,0.0091,0.0000,0.0000,0.0041,0.0016,0.0266
0.2000,1.8479,2.0001,0.0055,0.0068,-6.6033,106.2344,0.0000,0.1185,0.1185,0.0138,0.0000,0.0000,0.0041,0.0016,0.0316
0.2000,1.7563,2.0000,-0.0029,0.0068,-6.6120,106.3942,0.0000,0.1191,0.1191,0.0152,0.0000,0.0000,0.0041,0.0016,0.0294
0.2000,1.8308,2.0000,-0.0113,0.0041,-6.6372,106.5746,0.0000,0.1331,0.1331,0.0062,0.0000,0.0000,0.0025,0.0010,0.0240
0.2000,1.5866,2.0000,-0.0197,0.0041,-6.6452,106.7798,0.0000,0.1246,0.1246,0.0015,0.0000,0.0000,0.0025,0.0010,0.0183
0.2000,1.8066,2.0000,-0.0281,0.0041,-6.6632,106.9403,0.0000,0.1307,0.1307,0.0012,0.0000,0.0000,0.0025,0.0010,0.0156
0.0149,2.0362,2.0000,-0.0365,0.0011,-6.6763,107.1119,0.0000,0.1264,0.1264,-0.0105,0.0000,0.0000,0.0007,0.0003,0.0066
0.2000,1.6004,2.0000,-0.0311,0.0011,-6.6835,107.2994,0.0000,0.1172,0.1172,-0.0187,0.0000,0.0000,0.0007,0.0003,-0.0010
0.2000,1.7067,2.0000,-0.0235,0.0011,-6.7027,107.4842,0.0000,0.1149,0.1149,-0.0283,0.0000,0.0000,0.0007,0.0003,-0.0103
0.1824,1.8609,2.0000,-0.0319,-0.0258,-6.7096,107.6741,0.0000,0.0935,0.0935,-0.0556,0.0000,0.0000,-0.0155,-0.0062,-0.0226
0.2000,1.8409,2.0000,-0.0236,-0.0258,-6.7131,107.8583,0.0000,0.0758,0.0758,-0.0623,0.0000,0.0000,-0.0155,-0.0062,-0.0278
0.1800,1.8847,2.0000,-0.0152,-0.0225,-6.7251,108.0337,0.0000,0.0692,0.0692,-0.0523,0.0000,0.0000,-0.0136,-0.0054,-0.0245
0.2000,1.8274,2.0000,-0.0068,-0.0225,-6.7238,108.2324,0.0000,0.0504,0.0504,-0.0534,0.0000,0.0000,-0.0136,-0.0054,-0.0171
0.2000,1.7431,2.0000,0.0016,-0.0225,-6.7341,108.3896,0.0000,0.0456,0.0456,-0.0601,0.0000,0.0000,-0.0136,-0.0054,-0.0227
0.0887,1.9711,2.0000,0.0100,-0.0164,-6.7435,108.5663,0.0000,0.0357,0.0357,-0.0496,0.0000,0.0000,-0.0099,-0.0039,-0.0191
0.2000,1.5619,2.0000,0.0184,-0.0164,-6.7465,108.7384,0.0000,0.0369,0.0369,-0.0460,0.0000,0.0000,-0.0099,-0.0039,-0.0144
0.2000,1.7542,2.0000,0.0203,-0.0164,-6.7594,108.9199,0.0000,0.0347,0.0347,-0.0421,0.0000,0.0000,-0.0099,-0.0039,-0.0044
0.2000,1.7064,2.0000,0.0119,-0.0256,-6.7761,109.0946,0.0000,0.0436,0.0436,-0.0349,0.0000,0.0000,-0.0154,-0.0062,0.0055
0.2000,1.8040,2.0000,0.0036,-0.0256,-6.7951,109.2752,0.0000,0.0525,0.0525,-0.0279,0.0000,0.0000,-0.0154,-0.0062,0.0143
0.2000,1.7405,2.0000,-0.0048,-0.0256,-6.8013,109.4549,0.0000,0.0503,0.0503,-0.0233,0.0000,0.0000,-0.0154,-0.0062,0.0199
0.2000,1.8009,2.0000,-0.0132,-0.0259,-6.8129,109.6403,0.0000,0.0503,0.0503,-0.0199,0.0000,0.0000,-0.0156,-0.0062,0.0226
0.2000,1.7827,2.0000,-0.0177,-0.0259,-6.8283,109.8194,0.0000,0.0529,0.0529,-0.0224,0.0000,0.0000,-0.0156,-0.0062,0.0170
0.2000,1.8416,2.0000,-0.0132,-0.0298,-6.8352,109.9993,0.0000,0.0465,0.0465,-0.0340,0.0000,0.0000,-0.0180,-0.0072,0.0160
0.2000,1.7826,2.0000,-0.0048,-0.0298,-6.8423,110.1806,0.0000,0.0337,0.0337,-0.0456,0.0000,0.0000,-0.0180,-0.0072,0.0011
0.2000,1.7852,2.0000,0.0036,-0.0298,-6.8554,110.3597,0.0000,0.0280,0.0280,-0.0529,0.0000,0.0000,-0.0180,-0.0072,-0.0069
0.2000,1.7993,2.0000,0.0120,-0.0215,-6.8627,110.5418,0.0000,0.0184,0.0184,-0.0583,0.0000,0.0000,-0.0129,-0.0052,-0.0107
0.2000,1.7801,2.0000,0.0204,-0.0215,-6.8788,110.7166,0.0000,0.0215,0.0215,-0.0564,0.0000,0.0000,-0.0129,-0.0052,-0.0065
0.2000,1.8063,2.0000,0.0288,-0.0215,-6.8888,110.8931,0.0000,0.0180,0.0180,-0.0530,0.0000,0.0000,-0.0129,-0.0052,-0.0000
0.1999,1.7407,2.0000,0.0333,-0.0138,-6.9079,111.0779,0.0000,0.0274,0.0274,-0.0454,0.0000,0.0000,-0.0083,-0.0033,0.0088
0.2000,1.7523,2.0000,0.0288,-0.0138,-6.9176,111.2624,0.0000,0.0255,0.0255,-0.0400,0.0000,0.0000,-0.0083,-0.0033,0.0146
0.1919,1.8425,2.0000,0.0204,-0.0138,-6.9328,111.4467,0.0000,0.0291,0.0291,-0.0318,0.0000,0.0000,-0.0083,-0.0033,0.0233
0.1999,1.8322,2.0000,0.0120,-0.0369,-6.9559,111.6298,0.0000,0.0501,0.0501,0.0266,0.0000,0.0000,-0.0222,-0.0089,0.0302
0.1993,1.8342,2.0000,0.0037,-0.0369,-6.9780,111.7966,0.0000,0.0710,0.0710,0.0315,0.0000,0.0000,-0.0222,-0.0089,0.0335
0.2001,1.8324,2.0000,-0.0047,-0.0369,-6.9935,111.9807,0.0000,0.0827,0.0827,0.0323,0.0000,0.0000,-0.0222,-0.0089,0.0297
0.2000,1.6687,2.0000,-0.0104,-0.0340,-7.0055,112.1581,0.0000,0.0865,0.0865,0.0316,0.0000,0.0000,-0.0205,-0.0082,0.0225
0.2001,1.8325,2.0000,-0.0187,-0.0340,-7.0234,112.3259,0.0000,0.1003,0.1003,0.0282,0.0000,0.0000,-0.0205,-0.0082,0.0162
0.2000,1.7628,2.0000,-0.0271,-0.0340,-7.0336,112.4918,0.0000,0.1034,0.1034,0.0241,0.0000,0.0000,-0.0205,-0.0082,0.0099
0.2000,1.6737,2.0000,-0.0355,-0.0496,-7.0348,112.6616,0.0000,0.0960,0.0960,0.0139,0.0000,0.0000,-0.0299,-0.0120,0.0014
0.2000,1.6475,2.0000,-0.0439,-0.0496,-7.0423,112.8427,0.0000,0.0934,0.0934,0.0069,0.0000,0.0000,-0.0299,-0.0120,-0.0048
0.2000,1.6840,2.0000,-0.0523,-0.0496,-7.0553,113.0193,0.0000,0.0964,0.0964,-0.0010,0.0000,0.0000,-0.0299,-0.0120,-0.0125
0.2000,1.7974,2.0000,-0.0607,-0.0501,-7.0658,113.2013,0.0000,0.0992,0.0992,0.0121,0.0000,0.0000,-0.0302,-0.0121,-0.0204
0.2000,1.7542,2.0000,-0.0690,-0.0501,-7.0703,113.3645,0.0000,0.0960,0.0960,0.0029,0.0000,0.0000,-0.0302,-0.0121,-0.0285
0.2000,1.8077,2.0000,-0.0774,-0.0630,-7.0820,113.5336,0.0000,0.0986,0.0986,-0.0074,0.0000,0.0000,-0.0380,-0.0152,-0.0359
0.2000,1.6189,2.0000,-0.0802,-0.0630,-7.0889,113.7037,0.0000,0.0963,0.0963,-0.0194,0.0000,0.0000,-0.0380,-0.0152,-0.0482
0.2000,1.6792,2.0000,-0.0718,-0.0630,-7.0856,113.8945,0.0000,0.0801,0.0801,-0.0357,0.0000,0.0000,-0.0380,-0.0152,-0.0564
0.2000,1.6869,2.0000,-0.0700,-0.0695,-7.0817,114.0740,0.0000,0.0658,0.0658,-0.0509,0.0000,0.0000,-0.0419,-0.0168,-0.0649
0.1565,1.8940,2.0000,-0.0616,-0.0695,-7.0599,114.2474,0.0000,0.0261,0.0261,-0.0692,0.0000,0.0000,-0.0419,-0.0168,-0.0735
0.2000,1.7813,2.0000,-0.0532,-0.0695,-7.0606,114.4288,0.0000,0.0212,0.0212,-0.0764,0.0000,0.0000,-0.0419,-0.0168,-0.0754
0.2000,1.7385,2.0000,-0.0616,-0.0928,-7.0607,114.6059,0.0000,0.0140,0.0140,-0.1026,0.0000,0.0000,-0.0561,-0.0224,-0.0681
0.2000,1.7975,2.0000,-0.0532,-0.0928,-7.0505,114.7827,0.0000,-0.0112,-0.0112,-0.1109,0.0000,0.0000,-0.0561,-0.0224,-0.0661
0.2000,1.7553,2.0000,-0.0448,-0.0928,-7.0467,114.9707,0.0000,-0.0226,-0.0226,-0.1132,0.0000,0.0000,-0.0561,-0.0224,-0.0589
0.2000,1.7567,2.0000,-0.0457,-0.1021,-7.0290,115.1567,0.0000,-0.0537,-0.0537,-0.1354,0.0000,0.0000,-0.0617,-0.0247,-0.0527
0.1903,1.8635,2.0000,-0.0373,-0.1021,-7.0244,115.3489,0.0000,-0.0815,-0.0815,-0.1454,0.0000,0.0000,-0.0617,-0.0247,-0.0549
0.1855,1.8548,2.0000,-0.0289,-0.0593,-7.0111,115.5258,0.0000,-0.1024,-0.1024,-0.0431,0.0000,0.0000,-0.0357,-0.0143,-0.0511
0.1420,1.9049,2.0000,-0.0205,-0.0593,-7.0010,115.7154,0.0000,-0.1052,-0.1052,-0.0437,0.0000,0.0000,-0.0357,-0.0143,-0.0396
0.2000,1.7593,2.0000,-0.0121,-0.0593,-6.9864,115.9045,0.0000,-0.1092,-0.1092,-0.0458,0.0000,0.0000,-0.0357,-0.0143,-0.0377
0.1700,1.8827,2.0000,-0.0097,-0.0652,-6.9659,116.0786,0.0000,-0.1247,-0.1247,-0.0515,0.0000,0.0000,-0.0393,-0.0157,-0.0329
0.1572,1.8804,2.0000,-0.0014,-0.0652,-6.9534,116.2586,0.0000,-0.1283,-0.1283,-0.0505,0.0000,0.0000,-0.0393,-0.0157,-0.0247
0.2000,1.7385,2.0000,0.0070,-0.0652,-6.9356,116.4442,0.0000,-0.1323,-0.1323,-0.0479,0.0000,0.0000,-0.0393,-0.0157,-0.0177
0.2000,1.7887,2.0000,0.0154,-0.0513,-6.9191,116.6322,0.0000,-0.1345,-0.1345,-0.0112,0.0000,0.0000,-0.0309,-0.0124,-0.0071
0.1995,1.8486,2.0000,0.0237,-0.0513,-6.9076,116.8064,0.0000,-0.1294,-0.1294,-0.0090,0.0000,0.0000,-0.0309,-0.0124,-0.0040
0.1736,1.8708,2.0000,0.0255,-0.0411,-6.8822,117.0002,0.0000,-0.1354,-0.1354,0.0175,0.0000,0.0000,-0.0248,-0.0099,0.0012
0.2000,1.7307,2.0000,0.0171,-0.0411,-6.8736,117.1812,0.0000,-0.1200,-0.1200,0.0251,0.0000,0.0000,-0.0248,-0.0099,0.0104
0.1152,1.9379,2.0000,0.0087,-0.0411,-6.8646,117.3536,0.0000,-0.1022,-0.1022,0.0324,0.0000,0.0000,-0.0248,-0.0099,0.0175
0.2000,1.7979,2.0000,0.0030,-0.0385,-6.8610,117.5356,0.0000,-0.0830,-0.0830,0.0687,0.0000,0.0000,-0.0232,-0.0093,0.0224
0.2000,1.7118,2.0000,-0.0053,-0.0385,-6.8618,117.7241,0.0000,-0.0550,-0.0550,0.0722,0.0000,0.0000,-0.0232,-0.0093,0.0264
0.2000,1.8058,2.0000,-0.0137,-0.0385,-6.8417,117.9117,0.0000,-0.0443,-0.0443,0.0713,0.0000,0.0000,-0.0232,-0.0093,0.0209
0.1743,1.8700,2.0000,-0.0221,-0.0394,-6.8356,118.0983,0.0000,-0.0202,-0.0202,0.0823,0.0000,0.0000,-0.0237,-0.0095,0.0138
0.1649,1.8705,2.0000,-0.0305,-0.0394,-6.8119,118.2943,0.0000,-0.0163,-0.0163,0.0764,0.0000,0.0000,-0.0237,-0.0095,0.0081
0.1754,1.8510,2.0000,-0.0389,-0.0452,-6.8016,118.4756,0.0000,-0.0004,-0.0004,0.1060,0.0000,0.0000,-0.0273,-0.0109,0.0010
0.0885,1.9578,2.0000,-0.0473,-0.0452,-6.7880,118.6674,0.0000,0.0229,0.0229,0.0974,0.0000,0.0000,-0.0273,-0.0109,-0.0069
0.2000,1.8006,2.0000,-0.0557,-0.0452,-6.7624,118.8567,0.0000,0.0197,0.0197,0.0880,0.0000,0.0000,-0.0273,-0.0109,-0.0138
0.1549,1.8956,2.0000,-0.0561,-0.0373,-6.7508,119.0438,0.0000,0.0411,0.0411,0.0819,0.0000,0.0000,-0.0225,-0.0090,-0.0227
0.1457,1.8956,2.0000,-0.0645,-0.0373,-6.7376,119.2279,0.0000,0.0561,0.0561,0.0704,0.0000,0.0000,-0.0225,-0.0090,-0.0306
0.1484,1.8956,2.0000,-0.0729,-0.0373,-6.7192,119.4108,0.0000,0.0659,0.0659,0.0599,0.0000,0.0000,-0.0225,-0.0090,-0.0358
0.2000,1.8287,2.0000,-0.0793,-0.0353,-6.6993,119.6114,0.0000,0.0745,0.0745,0.0481,0.0000,0.0000,-0.0213,-0.0085,-0.0501
0.2000,1.8222,2.0000,-0.0877,-0.0353,-6.6777,119.7839,0.0000,0.0793,0.0793,0.0379,0.0000,0.0000,-0.0213,-0.0085,-0.0535
0.2000,1.7251,2.0000,-0.0941,-0.0353,-6.6386,119.9922,0.0000,0.0715,0.0715,0.0274,0.0000,0.0000,-0.0213,-0.0085,-0.0569
0.2000,1.7251,2.0000,-0.1025,-0.0503,-6.6074,120.1776,0.0000,0.0690,0.0690,0.0240,0.0000,0.0000,-0.0303,-0.0121,-0.0638
0.1783,1.8657,2.0000,-0.0951,-0.0503,-6.5638,120.3714,0.0000,0.0573,0.0573,0.0063,0.0000,0.0000,-0.0303,-0.0121,-0.0722
0.1713,1.8657,2.0000,-0.0867,-0.0472,-6.5305,120.5788,0.0000,0.0571,0.0571,-0.0078,0.0000,0.0000,-0.0285,-0.0114,-0.0768
0.1734,1.8657,2.0000,-0.0784,-0.0472,-6.4994,120.7321,0.0000,0.0491,0.0491,-0.0208,0.0000,0.0000,-0.0285,-0.0114,-0.0851
0.2000,1.5520,2.0000,-0.0700,-0.0472,-6.4560,120.9643,0.0000,0.0456,0.0456,-0.0308,0.0000,0.0000,-0.0285,-0.0114,-0.0908
0.2000,1.5520,2.0000,-0.0616,-0.0396,-6.4061,121.1640,0.0000,0.0295,0.0295,-0.0441,0.0000,0.0000,-0.0239,-0.0095,-0.0922
0.2000,1.5520,2.0000,-0.0532,-0.0396,-6.3605,121.3567,0.0000,0.0191,0.0191,-0.0510,0.0000,0.0000,-0.0239,-0.0095,-0.0860
0.0886,1.9645,2.0000,-0.0616,-0.0678,-6.3099,121.5457,0.0000,-0.0051,-0.0051,-0.0412,0.0000,0.0000,-0.0409,-0.0164,-0.0785
0.0620,1.9645,2.0000,-0.0532,-0.0678,-6.2605,121.7223,0.0000,-0.0177,-0.0177,-0.0455,0.0000,0.0000,-0.0409,-0.0164,-0.0712
0.2001,1.8198,2.0000,-0.0448,-0.0678,-6.1977,121.9160,0.0000,-0.0341,-0.0341,-0.0451,0.0000,0.0000,-0.0409,-0.0164,-0.0627
0.2000,1.8198,2.0000,-0.0532,-0.0923,-6.1560,122.1031,0.0000,-0.0337,-0.0337,-0.0335,0.0000,0.0000,-0.0558,-0.0223,-0.0546
0.0307,2.0215,2.0000,-0.0449,-0.0923,-6.1052,122.2848,0.0000,-0.0472,-0.0472,-0.0431,0.0000,0.0000,-0.0558,-0.0223,-0.0530
0.1195,1.8993,2.0000,-0.0365,-0.0803,-6.0525,122.4952,0.0000,-0.0444,-0.0444,-0.0019,0.0000,0.0000,-0.0485,-0.0194,-0.0545
0.1490,1.8714,2.0000,-0.0446,-0.0803,-5.9985,122.6917,0.0000,-0.0417,-0.0417,-0.0041,0.0000,0.0000,-0.0485,-0.0194,-0.0466
-0.0509,2.1500,2.0000,-0.0530,-0.1097,-5.9433,122.8566,0.0000,-0.0559,-0.0559,-0.0282,0.0000,0.0000,-0.0663,-0.0265,-0.0432
-0.0336,2.0198,2.0000,-0.0447,-0.1097,-5.8665,123.0504,0.0000,-0.0780,-0.0780,-0.0328,0.0000,0.0000,-0.0663,-0.0265,-0.0455
0.1663,1.7257,2.0000,-0.0385,-0.1097,-5.8200,123.2428,0.0000,-0.0660,-0.0660,-0.0295,0.0000,0.0000,-0.0663,-0.0265,-0.0348
-0.0263,2.0706,2.0000,-0.0311,-0.1106,-5.7523,123.4221,0.0000,-0.0928,-0.0928,-0.0420,0.0000,0.0000,-0.0669,-0.0268,-0.0337
0.0283,1.9604,2.0000,-0.0227,-0.1106,-5.6904,123.6111,0.0000,-0.1053,-0.1053,-0.0528,0.0000,0.0000,-0.0669,-0.0268,-0.0428
0.0939,1.9033,2.0000,-0.0143,-0.0251,-5.6335,123.7974,0.0000,-0.1129,-0.1129,-0.0139,0.0000,0.0000,-0.0151,-0.0060,-0.0467
0.0559,1.9716,2.0000,-0.0060,-0.0251,-5.5672,123.9787,0.0000,-0.1190,-0.1190,-0.0138,0.0000,0.0000,-0.0151,-0.0060,-0.0344
0.1100,1.9315,2.0000,0.0024,-0.0251,-5.5003,124.1675,0.0000,-0.1221,-0.1221,-0.0145,0.0000,0.0000,-0.0151,-0.0060,-0.0301
0.1229,1.9143,2.0000,-0.0060,-0.0962,-5.4429,124.3520,0.0000,-0.1165,-0.1165,-0.0204,0.0000,0.0000,-0.0581,-0.0232,-0.0234
0.0502,1.9863,2.0000,-0.0120,-0.0962,-5.3870,124.5391,0.0000,-0.1095,-0.1095,-0.0179,0.0000,0.0000,-0.0581,-0.0232,-0.0152
0.0861,1.9149,2.0000,-0.0195,-0.0962,-5.3285,124.7287,0.0000,-0.1006,-0.1006,-0.0124,0.0000,0.0000,-0.0581,-0.0232,-0.0069
0.0810,1.9361,2.0000,-0.0278,-0.1090,-5.2664,124.9266,0.0000,-0.0990,-0.0990,-0.0283,0.0000,0.0000,-0.0659,-0.0264,0.0001
0.0549,1.9673,2.0000,-0.0199,-0.1090,-5.2183,125.1043,0.0000,-0.0922,-0.0922,-0.0274,0.0000,0.0000,-0.0659,-0.0264,0.0062
-0.0346,2.0566,2.0000,-0.0115,-0.0802,-5.1498,125.2819,0.0000,-0.0965,-0.0965,0.0592,0.0000,0.0000,-0.0484,-0.0194,-0.0009
0.1537,1.8237,2.0000,-0.0199,-0.0802,-5.0646,125.4670,0.0000,-0.1149,-0.1149,0.0516,0.0000,0.0000,-0.0484,-0.0194,-0.0064
0.1421,1.8880,2.0000,-0.0283,-0.0802,-4.9927,125.6520,0.0000,-0.1122,-0.1122,0.0437,0.0000,0.0000,-0.0484,-0.0194,-0.0143
0.0203,2.0228,2.0000,-0.0305,-0.0740,-4.9241,125.8327,0.0000,-0.0875,-0.0875,0.1134,0.0000,0.0000,-0.0447,-0.0179,-0.0200
0.0316,1.9678,2.0000,-0.0388,-0.0740,-4.8558,126.0255,0.0000,-0.0642,-0.0642,0.1143,0.0000,0.0000,-0.0447,-0.0179,-0.0128
0.0790,1.9170,2.0000,-0.0433,-0.0701,-4.7906,126.2067,0.0000,-0.0445,-0.0445,0.1298,0.0000,0.0000,-0.0423,-0.0169,-0.0109
-0.0025,2.0280,2.0000,-0.0517,-0.0701,-4.7186,126.3812,0.0000,-0.0227,-0.0227,0.1232,0.0000,0.0000,-0.0423,-0.0169,-0.0141
0.0810,1.9091,2.0000,-0.0601,-0.0701,-4.6444,126.5655,0.0000,-0.0153,-0.0153,0.1130,0.0000,0.0000,-0.0423,-0.0169,-0.0219
0.1351,1.8718,2.0000,-0.0517,-0.0498,-4.5722,126.7286,0.0000,-0.0030,-0.0030,0.1625,0.0000,0.0000,-0.0300,-0.0120,-0.0243
0.0670,1.9702,2.0000,-0.0601,-0.0498,-4.4971,126.9149,0.0000,0.0302,0.0302,0.1502,0.0000,0.0000,-0.0300,-0.0120,-0.0324
0.2000,1.7709,2.0000,-0.0685,-0.0498,-4.4350,127.0778,0.0000,0.0370,0.0370,0.1353,0.0000,0.0000,-0.0300,-0.0120,-0.0479
0.0608,1.9918,2.0000,-0.0769,-0.0574,-4.3572,127.2552,0.0000,0.0701,0.0701,0.1207,0.0000,0.0000,-0.0346,-0.0138,-0.0560
0.2001,1.7278,2.0000,-0.0853,-0.0574,-4.2768,127.4284,0.0000,0.0695,0.0695,0.1168,0.0000,0.0000,-0.0346,-0.0138,-0.0556
0.1300,1.9214,2.0000,-0.0937,-0.1277,-4.1849,127.6017,0.0000,0.0691,0.0691,-0.0514,0.0000,0.0000,-0.0773,-0.0309,-0.0503
0.1666,1.8951,2.0000,-0.0853,-0.1277,-4.0998,127.7711,0.0000,0.0456,0.0456,-0.0651,0.0000,0.0000,-0.0773,-0.0309,-0.0591
0.0981,1.9480,2.0000,-0.0769,-0.0689,-4.0186,127.9411,0.0000,0.0229,0.0229,0.0825,0.0000,0.0000,-0.0416,-0.0166,-0.0661
0.1431,1.8826,2.0000,-0.0852,-0.0689,-3.9219,128.1163,0.0000,0.0190,0.0190,0.0689,0.0000,0.0000,-0.0416,-0.0166,-0.0729
0.2001,1.8695,2.0000,-0.0936,-0.0689,-3.8332,128.2801,0.0000,0.0173,0.0173,0.0525,0.0000,0.0000,-0.0416,-0.0166,-0.0829
0.0660,1.9879,2.0000,-0.1020,-0.0787,-3.7481,128.4431,0.0000,0.0264,0.0264,0.0518,0.0000,0.0000,-0.0475,-0.0190,-0.0850
0.2000,1.8502,2.0000,-0.1104,-0.0787,-3.6542,128.6112,0.0000,0.0281,0.0281,0.0517,0.0000,0.0000,-0.0475,-0.0190,-0.0726
0.2000,1.8246,2.0000,-0.1188,-0.0787,-3.5660,128.7732,0.0000,0.0300,0.0300,0.0393,0.0000,0.0000,-0.0475,-0.0190,-0.0762
0.1460,1.9116,2.0000,-0.1258,-0.0770,-3.4683,128.9218,0.0000,0.0185,0.0185,0.0437,0.0000,0.0000,-0.0465,-0.0186,-0.0870
0.2001,1.8303,2.0000,-0.1341,-0.0770,-3.3718,129.0821,0.0000,0.0133,0.0133,0.0297,0.0000,0.0000,-0.0465,-0.0186,-0.0921
0.2000,1.7687,2.0000,-0.1257,-0.0770,-3.2850,129.2495,0.0000,0.0212,0.0212,0.0149,0.0000,0.0000,-0.0465,-0.0186,-0.0979
0.1919,1.8586,2.0000,-0.1251,-0.0680,-3.1848,129.4138,0.0000,0.0249,0.0249,0.0538,0.0000,0.0000,-0.0410,-0.0164,-0.1071
0.1999,1.8680,2.0000,-0.1334,-0.0680,-3.0738,129.5692,0.0000,0.0162,0.0162,0.0344,0.0000,0.0000,-0.0410,-0.0164,-0.1140
0.1459,1.9097,2.0000,-0.1291,-0.0705,-2.9617,129.7164,0.0000,0.0028,0.0028,0.0237,0.0000,0.0000,-0.0425,-0.0170,-0.1229
0.1314,1.8999,2.0000,-0.1207,-0.0705,-2.8498,129.8647,0.0000,-0.0048,-0.0048,0.0141,0.0000,0.0000,-0.0425,-0.0170,-0.1172
0.1818,1.8423,2.0000,0.0000,-0.0705,-2.7508,130.0098,0.0000,-0.0069,-0.0069,0.0018,0.0000,0.0000,-0.0425,-0.0170,-0.1156
0.1825,1.8478,2.0000,-0.0084,-0.0737,-2.6448,130.1502,0.0000,-0.0182,-0.0182,-0.0079,0.0000,0.0000,-0.0445,-0.0178,-0.1212
0.2000,1.7433,2.0000,-0.0168,-0.0737,-2.5371,130.2909,0.0000,-0.0250,-0.0250,-0.0159,0.0000,0.0000,-0.0445,-0.0178,-0.1189
0.2001,1.7490,2.0000,-0.0235,-0.0737,-2.4295,130.4303,0.0000,-0.0306,-0.0306,-0.0239,0.0000,0.0000,-0.0445,-0.0178,-0.1111
0.2000,1.7596,2.0000,-0.0319,-0.0908,-2.3099,130.5776,0.0000,-0.0381,-0.0381,-0.0112,0.0000,0.0000,-0.0548,-0.0219,-0.1005
0.2001,1.7481,2.0000,-0.0397,-0.0908,-2.1865,130.7222,0.0000,-0.0468,-0.0468,-0.0155,0.0000,0.0000,-0.0548,-0.0219,-0.0914
0.2000,1.8845,2.0000,-0.0313,-0.0908,-2.0773,130.8648,0.0000,-0.0449,-0.0449,-0.0191,0.0000,0.0000,-0.0548,-0.0219,-0.0758
0.1727,1.8881,2.0000,-0.0397,-0.1019,-1.9679,131.0119,0.0000,-0.0364,-0.0364,-0.0077,0.0000,0.0000,-0.0616,-0.0246,-0.0617
0.2000,1.7803,2.0000,-0.0481,-0.1019,-1.8565,131.1512,0.0000,-0.0324,-0.0324,-0.0039,0.0000,0.0000,-0.0616,-0.0246,-0.0488
0.2000,1.8170,2.0000,-0.0565,-0.1045,-1.7340,131.2944,0.0000,-0.0322,-0.0322,0.0214,0.0000,0.0000,-0.0632,-0.0253,-0.0341
0.2000,1.7680,2.0000,-0.0649,-0.1045,-1.6130,131.4455,0.0000,-0.0205,-0.0205,0.0290,0.0000,0.0000,-0.0632,-0.0253,-0.0181
0.1751,1.8690,2.0000,-0.0733,-0.1045,-1.5056,131.5837,0.0000,-0.0027,-0.0027,0.0380,0.0000,0.0000,-0.0632,-0.0253,-0.0032
0.1255,1.9195,2.0000,-0.0795,-0.1023,-1.3775,131.7190,0.0000,-0.0048,-0.0048,0.0751,0.0000,0.0000,-0.0618,-0.0247,0.0046
0.2000,1.7356,2.0000,-0.0879,-0.1023,-1.2659,131.8511,0.0000,-0.0083,-0.0083,0.0634,0.0000,0.0000,-0.0618,-0.0247,-0.0082
0.1940,1.8485,2.0000,-0.0962,-0.1023,-1.1495,131.9852,0.0000,-0.0063,-0.0063,0.0487,0.0000,0.0000,-0.0618,-0.0247,-0.0218
0.2000,1.7147,2.0000,-0.0931,-0.0907,-1.0440,132.1205,0.0000,0.0010,0.0010,0.0579,0.0000,0.0000,-0.0548,-0.0219,-0.0349
0.2000,1.7610,2.0000,-0.1015,-0.0907,-0.9302,132.2447,0.0000,-0.0028,-0.0028,0.0394,0.0000,0.0000,-0.0548,-0.0219,-0.0520
0.2000,1.7011,2.0000,-0.1099,-0.0907,-0.8053,132.3793,0.0000,-0.0092,-0.0092,0.0236,0.0000,0.0000,-0.0548,-0.0219,-0.0652
0.2000,1.6719,2.0000,-0.1050,-0.0775,-0.6828,132.5005,0.0000,-0.0191,-0.0191,0.0492,0.0000,0.0000,-0.0468,-0.0187,-0.0744
0.2000,1.8221,2.0000,-0.1027,-0.0775,-0.5555,132.6315,0.0000,-0.0207,-0.0207,0.0267,0.0000,0.0000,-0.0468,-0.0187,-0.0869
0.2000,1.7128,2.0000,-0.0943,-0.0775,-0.4308,132.7621,0.0000,-0.0237,-0.0237,0.0146,0.0000,0.0000,-0.0468,-0.0187,-0.0907
0.2000,1.8139,2.0000,-0.0896,-0.0805,-0.3111,132.8802,0.0000,-0.0280,-0.0280,0.0124,0.0000,0.0000,-0.0486,-0.0194,-0.0979
0.2000,1.7920,2.0000,-0.0812,-0.0805,-0.1894,133.0147,0.0000,-0.0211,-0.0211,0.0006,0.0000,0.0000,-0.0486,-0.0194,-0.0975
0.2000,1.6693,2.0000,-0.0728,-0.0805,-0.0464,133.1451,0.0000,-0.0294,-0.0294,-0.0060,0.0000,0.0000,-0.0486,-0.0194,-0.0948
0.2000,1.7970,2.0000,-0.0788,-0.0948,0.1024,133.2468,0.0000,-0.0600,-0.0600,-0.0014,0.0000,0.0000,-0.0573,-0.0229,-0.0885
0.1385,1.9222,2.0000,-0.0705,-0.0948,0.2300,133.3797,0.0000,-0.0521,-0.0521,-0.0117,0.0000,0.0000,-0.0573,-0.0229,-0.0834
0.2000,1.7979,2.0000,-0.0621,-0.0737,0.3557,133.5089,0.0000,-0.0408,-0.0408,0.0448,0.0000,0.0000,-0.0445,-0.0178,-0.0769
0.2000,1.8246,2.0000,-0.0705,-0.0737,0.5148,133.6211,0.0000,-0.0574,-0.0574,0.0362,0.0000,0.0000,-0.0445,-0.0178,-0.0716
0.2000,1.7862,2.0000,-0.0783,-0.0737,0.6610,133.7399,0.0000,-0.0616,-0.0616,0.0279,0.0000,0.0000,-0.0445,-0.0178,-0.0721
0.1145,1.9375,2.0000,-0.0702,-0.0572,0.7891,133.8490,0.0000,-0.0511,-0.0511,0.0576,0.0000,0.0000,-0.0345,-0.0138,-0.0667
0.1956,1.8709,2.0000,-0.0786,-0.0572,0.9373,133.9573,0.0000,-0.0569,-0.0569,0.0544,0.0000,0.0000,-0.0345,-0.0138,-0.0609
0.2000,1.6688,2.0000,-0.0870,-0.0572,1.0610,134.0805,0.0000,-0.0441,-0.0441,0.0454,0.0000,0.0000,-0.0345,-0.0138,-0.0645
0.2000,1.8233,2.0000,-0.0954,-0.0625,1.2201,134.1855,0.0000,-0.0527,-0.0527,0.0575,0.0000,0.0000,-0.0377,-0.0151,-0.0708
0.2000,1.7277,2.0000,-0.0994,-0.0625,1.3706,134.2935,0.0000,-0.0577,-0.0577,0.0512,0.0000,0.0000,-0.0377,-0.0151,-0.0682
0.1681,1.8953,2.0000,-0.1078,-0.0654,1.5236,134.4003,0.0000,-0.0596,-0.0596,0.0649,0.0000,0.0000,-0.0394,-0.0158,-0.0723
0.2003,1.8403,2.0000,-0.1162,-0.0654,1.6591,134.5083,0.0000,-0.0531,-0.0531,0.0528,0.0000,0.0000,-0.0394,-0.0158,-0.0777
0.1996,1.8545,2.0000,-0.1078,-0.0654,1.8217,134.6191,0.0000,-0.0584,-0.0584,0.0360,0.0000,0.0000,-0.0394,-0.0158,-0.0871
0.2000,1.7182,2.0000,-0.1162,-0.0928,1.9705,134.7053,0.0000,-0.0802,-0.0802,0.0157,0.0000,0.0000,-0.0561,-0.0224,-0.0912
0.0978,1.9547,2.0000,-0.1078,-0.0928,2.1392,134.8133,0.0000,-0.0936,-0.0936,-0.0079,0.0000,0.0000,-0.0561,-0.0224,-0.0983
0.2000,1.7144,2.0000,-0.0994,-0.0928,2.2804,134.9100,0.0000,-0.1002,-0.1002,-0.0171,0.0000,0.0000,-0.0561,-0.0224,-0.1058
0.0669,1.9900,2.0000,-0.1025,-0.1042,2.4548,135.0073,0.0000,-0.1253,-0.1253,-0.0295,0.0000,0.0000,-0.0630,-0.0252,-0.1021
0.2000,1.6987,2.0000,-0.0941,-0.1042,2.6109,135.1049,0.0000,-0.1352,-0.1352,-0.0361,0.0000,0.0000,-0.0630,-0.0252,-0.1041
0.0650,1.9874,2.0000,-0.0994,-0.1180,2.7865,135.2030,0.0000,-0.1588,-0.1588,-0.0310,0.0000,0.0000,-0.0714,-0.0286,-0.1001
0.1998,1.8284,2.0000,-0.0910,-0.1180,2.9376,135.2981,0.0000,-0.1610,-0.1610,-0.0331,0.0000,0.0000,-0.0714,-0.0286,-0.0926
0.0538,1.9994,2.0000,-0.0826,-0.1017,3.1104,135.3954,0.0000,-0.1820,-0.1820,-0.0010,0.0000,0.0000,-0.0615,-0.0246,-0.0942
0.2000,1.7708,2.0000,-0.0742,-0.1017,3.2705,135.4876,0.0000,-0.1844,-0.1844,-0.0022,0.0000,0.0000,-0.0615,-0.0246,-0.0877
0.0872,1.9687,2.0000,-0.0658,-0.1017,3.4452,135.5764,0.0000,-0.1992,-0.1992,-0.0193,0.0000,0.0000,-0.0615,-0.0246,-0.0912
0.1711,1.8346,2.0000,-0.0574,-0.1014,3.6099,135.6579,0.0000,-0.2124,-0.2124,-0.0150,0.0000,0.0000,-0.0613,-0.0245,-0.0849
0.0979,1.9470,2.0000,-0.0490,-0.1014,3.7743,135.7294,0.0000,-0.2342,-0.2342,-0.0243,0.0000,0.0000,-0.0613,-0.0245,-0.0776
0.1830,1.8254,2.0000,-0.0406,-0.1014,3.9716,135.8223,0.0000,-0.2452,-0.2452,-0.0238,0.0000,0.0000,-0.0613,-0.0245,-0.0717
-0.0170,2.1644,2.0000,-0.0401,-0.1093,4.1344,135.9024,0.0000,-0.2623,-0.2623,-0.0386,0.0000,0.0000,-0.0661,-0.0264,-0.0663
-0.1587,2.1644,2.0000,-0.0317,-0.1093,4.3161,135.9723,0.0000,-0.2871,-0.2871,-0.0372,0.0000,0.0000,-0.0661,-0.0264,-0.0555
-0.1916,2.1644,2.0000,-0.0233,-0.0989,4.4849,136.0484,0.0000,-0.2957,-0.2957,0.0027,0.0000,0.0000,-0.0598,-0.0239,-0.0477
0.0087,1.9338,2.0000,-0.0149,-0.0989,4.6531,136.1394,0.0000,-0.2877,-0.2877,0.0079,0.0000,0.0000,-0.0598,-0.0239,-0.0347
0.1758,1.8379,2.0000,-0.0069,-0.0989,4.8060,136.2144,0.0000,-0.2890,-0.2890,0.0061,0.0000,0.0000,-0.0598,-0.0239,-0.0321
0.1454,1.8957,2.0000,-0.0042,-0.0878,4.9656,136.2928,0.0000,-0.2857,-0.2857,0.0433,0.0000,0.0000,-0.0530,-0.0212,-0.0261
0.2000,1.6882,2.0000,-0.0125,-0.0878,5.1273,136.3648,0.0000,-0.2875,-0.2875,0.0472,0.0000,0.0000,-0.0530,-0.0212,-0.0182
0.2000,1.7631,2.0000,-0.0209,-0.0878,5.3009,136.4493,0.0000,-0.2756,-0.2756,0.0493,0.0000,0.0000,-0.0530,-0.0212,-0.0125
0.2000,1.7560,2.0000,-0.0133,-0.0717,5.4606,136.5359,0.0000,-0.2553,-0.2553,0.1114,0.0000,0.0000,-0.0433,-0.0173,-0.0021
0.1388,1.9142,2.0000,-0.0217,-0.0717,5.6162,136.6292,0.0000,-0.2134,-0.2134,0.1105,0.0000,0.0000,-0.0433,-0.0173,0.0021
0.1989,1.7981,2.0000,-0.0300,-0.0717,5.7908,136.7324,0.0000,-0.1866,-0.1866,0.1040,0.0000,0.0000,-0.0433,-0.0173,-0.0022
0.2000,1.7981,2.0000,-0.0238,-0.0571,5.9443,136.8136,0.0000,-0.1612,-0.1612,0.1328,0.0000,0.0000,-0.0344,-0.0138,-0.0100
0.2000,1.7981,2.0000,-0.0322,-0.0571,6.1076,136.9022,0.0000,-0.1304,-0.1304,0.1294,0.0000,0.0000,-0.0344,-0.0138,-0.0079
0.2000,1.7219,2.0000,-0.0406,-0.0571,6.3028,136.9814,0.0000,-0.1244,-0.1244,0.1232,0.0000,0.0000,-0.0344,-0.0138,-0.0112
0.1954,1.8412,2.0000,-0.0322,-0.0347,6.4810,137.0592,0.0000,-0.0884,-0.0884,0.1728,0.0000,0.0000,-0.0209,-0.0084,-0.0167
0.1231,1.9287,2.0000,-0.0406,-0.0347,6.6471,137.1475,0.0000,-0.0433,-0.0433,0.1655,0.0000,0.0000,-0.0209,-0.0084,-0.0186
0.1013,1.9287,2.0000,-0.0490,-0.0367,6.8335,137.2213,0.0000,-0.0235,-0.0235,0.1697,0.0000,0.0000,-0.0221,-0.0088,-0.0193
0.0936,1.9287,2.0000,-0.0574,-0.0367,7.0122,137.2931,0.0000,-0.0034,-0.0034,0.1608,0.0000,0.0000,-0.0221,-0.0088,-0.0265
0.0375,1.9898,2.0000,-0.0658,-0.0391,7.1961,137.3800,0.0000,0.0348,0.0348,0.1599,0.0000,0.0000,-0.0235,-0.0094,-0.0287
-0.0047,2.0166,2.0000,-0.0741,-0.0391,7.3798,137.4425,0.0000,0.0477,0.0477,0.1530,0.0000,0.0000,-0.0235,-0.0094,-0.0272
-0.0170,2.0166,2.0000,-0.0824,-0.0391,7.5567,137.5080,0.0000,0.0609,0.0609,0.1420,0.0000,0.0000,-0.0235,-0.0094,-0.0326
0.0625,1.9270,2.0000,-0.0869,-0.0350,7.7341,137.5718,0.0000,0.0649,0.0649,0.1424,0.0000,0.0000,-0.0211,-0.0084,-0.0477
0.1524,1.8727,2.0000,-0.0952,-0.0350,7.9045,137.6344,0.0000,0.0739,0.0739,0.1291,0.0000,0.0000,-0.0211,-0.0084,-0.0539
0.1945,1.8709,2.0000,-0.1036,-0.0350,8.0881,137.6972,0.0000,0.0832,0.0832,0.1136,0.0000,0.0000,-0.0211,-0.0084,-0.0621
0.2000,1.8028,2.0000,-0.1040,-0.0269,8.2631,137.7491,0.0000,0.0826,0.0826,0.1149,0.0000,0.0000,-0.0162,-0.0065,-0.0701
0.1351,1.9267,2.0000,-0.1124,-0.0269,8.4400,137.8025,0.0000,0.0924,0.0924,0.0953,0.0000,0.0000,-0.0162,-0.0065,-0.0791
0.2000,1.8145,2.0000,-0.1175,-0.0236,8.6193,137.8512,0.0000,0.0880,0.0880,0.0959,0.0000,0.0000,-0.0142,-0.0057,-0.0824
0.1999,1.8362,2.0000,-0.1259,-0.0236,8.7966,137.9039,0.0000,0.0943,0.0943,0.0795,0.0000,0.0000,-0.0142,-0.0057,-0.0905
0.1899,1.8477,2.0000,-0.1343,-0.0236,8.9813,137.9511,0.0000,0.0929,0.0929,0.0639,0.0000,0.0000,-0.0142,-0.0057,-0.0951
0.1925,1.8361,2.0000,-0.1294,-0.0171,9.1448,137.9983,0.0000,0.0940,0.0940,0.0662,0.0000,0.0000,-0.0103,-0.0041,-0.0986
0.1518,1.8959,2.0000,-0.1218,-0.0171,9.3240,138.0409,0.0000,0.0945,0.0945,0.0497,0.0000,0.0000,-0.0103,-0.0041,-0.1037
0.2000,1.6907,2.0000,-0.1134,-0.0171,9.4986,138.0703,0.0000,0.0724,0.0724,0.0364,0.0000,0.0000,-0.0103,-0.0041,-0.1086
0.1988,1.8304,2.0000,-0.1192,-0.0315,9.6767,138.1094,0.0000,0.0695,0.0695,0.0146,0.0000,0.0000,-0.0190,-0.0076,-0.1167
0.2000,1.7664,2.0000,-0.1108,-0.0315,9.8338,138.1414,0.0000,0.0582,0.0582,-0.0013,0.0000,0.0000,-0.0190,-0.0076,-0.1207
0.2000,1.8117,2.0000,-0.1025,-0.0315,10.0145,138.1781,0.0000,0.0529,0.0529,-0.0135,0.0000,0.0000,-0.0190,-0.0076,-0.1181
0.2000,1.5940,2.0000,-0.0979,-0.0352,10.1867,138.2123,0.0000,0.0475,0.0475,-0.0143,0.0000,0.0000,-0.0212,-0.0085,-0.1107
0.2000,1.8311,2.0000,-0.0895,-0.0352,10.3472,138.2338,0.0000,0.0303,0.0303,-0.0305,0.0000,0.0000,-0.0212,-0.0085,-0.1050
0.2000,1.7440,2.0000,-0.0813,-0.0352,10.5051,138.2612,0.0000,0.0196,0.0196,-0.0417,0.0000,0.0000,-0.0212,-0.0085,-0.1059
0.2000,1.6108,2.0000,-0.0748,-0.0372,10.6815,138.2887,0.0000,0.0132,0.0132,-0.0276,0.0000,0.0000,-0.0224,-0.0090,-0.0986
0.2000,1.5909,2.0000,-0.0664,-0.0372,10.8706,138.3146,0.0000,0.0015,0.0015,-0.0361,0.0000,0.0000,-0.0224,-0.0090,-0.0927
0.2000,1.7723,2.0000,-0.0580,-0.0372,11.0368,138.3331,0.0000,-0.0167,-0.0167,-0.0485,0.0000,0.0000,-0.0224,-0.0090,-0.0887
0.1535,1.8958,2.0000,-0.0496,-0.0311,11.2115,138.3572,0.0000,-0.0292,-0.0292,-0.0453,0.0000,0.0000,-0.0187,-0.0075,-0.0811
0.2000,1.6607,2.0000,-0.0412,-0.0311,11.3865,138.3809,0.0000,-0.0309,-0.0309,-0.0444,0.0000,0.0000,-0.0187,-0.0075,-0.0739
0.2000,1.7503,2.0000,-0.0328,-0.0311,11.5645,138.3986,0.0000,-0.0446,-0.0446,-0.0496,0.0000,0.0000,-0.0187,-0.0075,-0.0678
0.2000,1.7513,2.0000,-0.0244,-0.0278,11.7437,138.4271,0.0000,-0.0479,-0.0479,-0.0482,0.0000,0.0000,-0.0168,-0.0067,-0.0578
0.2000,1.7746,2.0000,-0.0160,-0.0278,11.9158,138.4434,0.0000,-0.0574,-0.0574,-0.0494,0.0000,0.0000,-0.0168,-0.0067,-0.0519
0.2000,1.7987,2.0000,-0.0092,-0.0294,12.0915,138.4613,0.0000,-0.0662,-0.0662,-0.0532,0.0000,0.0000,-0.0177,-0.0071,-0.0394
0.2000,1.7138,2.0000,-0.0009,-0.0294,12.2717,138.4877,0.0000,-0.0637,-0.0637,-0.0508,0.0000,0.0000,-0.0177,-0.0071,-0.0289
0.2000,1.7519,2.0000,0.0075,-0.0294,12.4452,138.5136,0.0000,-0.0639,-0.0639,-0.0502,0.0000,0.0000,-0.0177,-0.0071,-0.0212
0.2000,1.8045,2.0000,0.0115,-0.0339,12.6321,138.5384,0.0000,-0.0662,-0.0662,-0.0455,0.0000,0.0000,-0.0204,-0.0082,-0.0130
0.2000,1.7383,2.0000,0.0199,-0.0339,12.8236,138.5574,0.0000,-0.0699,-0.0699,-0.0415,0.0000,0.0000,-0.0204,-0.0082,-0.0065
0.1777,1.8699,2.0000,0.0283,-0.0339,13.0028,138.5772,0.0000,-0.0747,-0.0747,-0.0367,0.0000,0.0000,-0.0204,-0.0082,0.0019
0.1881,1.9075,2.0000,0.0339,-0.0366,13.1857,138.6108,0.0000,-0.0626,-0.0626,-0.0271,0.0000,0.0000,-0.0221,-0.0088,0.0098
0.2000,1.7880,2.0000,0.0284,-0.0366,13.3669,138.6380,0.0000,-0.0524,-0.0524,-0.0198,0.0000,0.0000,-0.0221,-0.0088,0.0156
0.1925,1.8435,2.0000,0.0275,-0.0293,13.5421,138.6572,0.0000,-0.0524,-0.0524,0.0201,0.0000,0.0000,-0.0176,-0.0071,0.0209
0.2001,1.8185,2.0000,0.0192,-0.0293,13.7259,138.6849,0.0000,-0.0368,-0.0368,0.0284,0.0000,0.0000,-0.0176,-0.0071,0.0269
0.2000,1.7473,2.0000,0.0108,-0.0293,13.9256,138.7090,0.0000,-0.0303,-0.0303,0.0328,0.0000,0.0000,-0.0176,-0.0071,0.0322
0.1928,1.8446,2.0000,0.0068,-0.0248,14.1063,138.7309,0.0000,-0.0185,-0.0185,0.0503,0.0000,0.0000,-0.0149,-0.0060,0.0309
0.0576,1.9944,2.0000,-0.0016,-0.0248,14.2901,138.7594,0.0000,0.0003,0.0003,0.0537,0.0000,0.0000,-0.0149,-0.0060,0.0297
0.2000,1.8042,2.0000,-0.0100,-0.0248,14.4642,138.7876,0.0000,0.0088,0.0088,0.0516,0.0000,0.0000,-0.0149,-0.0060,0.0265
0.1951,1.8450,2.0000,-0.0099,-0.0163,14.6605,138.8131,0.0000,0.0202,0.0202,0.0693,0.0000,0.0000,-0.0098,-0.0039,0.0193
0.2000,1.7491,2.0000,-0.0183,-0.0163,14.8405,138.8330,0.0000,0.0243,0.0243,0.0665,0.0000,0.0000,-0.0098,-0.0039,0.0134
0.0904,1.9621,2.0000,-0.0267,-0.0213,15.0315,138.8663,0.0000,0.0463,0.0463,0.0581,0.0000,0.0000,-0.0129,-0.0051,0.0060
0.1999,1.7960,2.0000,-0.0351,-0.0213,15.2161,138.8871,0.0000,0.0479,0.0479,0.0532,0.0000,0.0000,-0.0129,-0.0051,-0.0021
0.1303,1.9216,2.0000,-0.0435,-0.0213,15.4020,138.9018,0.0000,0.0502,0.0502,0.0494,0.0000,0.0000,-0.0129,-0.0051,-0.0030
0.2000,1.8416,2.0000,-0.0487,-0.0182,15.5815,138.9259,0.0000,0.0534,0.0534,0.0391,0.0000,0.0000,-0.0110,-0.0044,-0.0113
0.2000,1.8500,2.0000,-0.0571,-0.0182,15.7733,138.9460,0.0000,0.0534,0.0534,0.0290,0.0000,0.0000,-0.0110,-0.0044,-0.0185
0.2000,1.7954,2.0000,-0.0554,-0.0182,15.9591,138.9600,0.0000,0.0456,0.0456,0.0177,0.0000,0.0000,-0.0110,-0.0044,-0.0261
0.1441,1.9120,2.0000,-0.0472,-0.0152,16.1557,138.9739,0.0000,0.0346,0.0346,0.0002,0.0000,0.0000,-0.0092,-0.0037,-0.0362
0.1854,1.8483,2.0000,-0.0388,-0.0152,16.3523,138.9888,0.0000,0.0249,0.0249,-0.0142,0.0000,0.0000,-0.0092,-0.0037,-0.0464
0.0974,1.9568,2.0000,-0.0304,-0.0069,16.5443,139.0050,0.0000,0.0170,0.0170,-0.0161,0.0000,0.0000,-0.0041,-0.0017,-0.0526
0.0722,1.9552,2.0000,-0.0220,-0.0069,16.7444,139.0154,0.0000,0.0101,0.0101,-0.0222,0.0000,0.0000,-0.0041,-0.0017,-0.0506
0.1085,1.9103,2.0000,-0.0136,-0.0069,16.9379,139.0337,0.0000,0.0160,0.0160,-0.0204,0.0000,0.0000,-0.0041,-0.0017,-0.0379
0.0464,1.9877,2.0000,-0.0052,-0.0065,17.1543,139.0431,0.0000,0.0102,0.0102,-0.0138,0.0000,0.0000,-0.0039,-0.0016,-0.0298
0.1629,1.9266,2.0000,0.0009,-0.0065,17.3531,139.0547,0.0000,0.0132,0.0132,-0.0113,0.0000,0.0000,-0.0039,-0.0016,-0.0218
-0.0369,2.1477,2.0000,-0.0027,-0.0017,17.5562,139.0680,0.0000,0.0194,0.0194,0.0061,0.0000,0.0000,-0.0010,-0.0004,-0.0136
0.0180,1.9742,2.0000,-0.0111,-0.0017,17.7431,139.0911,0.0000,0.0370,0.0370,0.0089,0.0000,0.0000,-0.0010,-0.0004,-0.0069
-0.0161,2.0175,2.0000,-0.0113,0.0066,17.9282,139.1006,0.0000,0.0433,0.0433,0.0132,0.0000,0.0000,0.0039,0.0016,-0.0003
0.1527,1.8665,2.0000,-0.0194,0.0066,18.1393,139.1144,0.0000,0.0508,0.0508,0.0155,0.0000,0.0000,0.0039,0.0016,0.0063
0.2002,1.8382,2.0000,-0.0274,0.0066,18.3223,139.1291,0.0000,0.0581,0.0581,0.0119,0.0000,0.0000,0.0039,0.0016,0.0031
0.0004,2.0971,2.0000,-0.0358,0.0029,18.5123,139.1369,0.0000,0.0578,0.0578,0.0059,0.0000,0.0000,0.0018,0.0007,-0.0041
0.2002,1.8201,2.0000,-0.0442,0.0029,18.7143,139.1425,0.0000,0.0531,0.0531,0.0015,0.0000,0.0000,0.0018,0.0007,-0.0049
0.1626,1.8857,2.0000,-0.0358,0.0029,18.9177,139.1471,0.0000,0.0449,0.0449,-0.0089,0.0000,0.0000,0.0018,0.0007,-0.0127
0.0406,2.0038,2.0000,-0.0274,0.0054,19.1186,139.1587,0.0000,0.0433,0.0433,-0.0101,0.0000,0.0000,0.0033,0.0013,-0.0200
-0.0050,2.0171,2.0000,-0.0190,0.0054,19.2977,139.1672,0.0000,0.0391,0.0391,-0.0225,0.0000,0.0000,0.0033,0.0013,-0.0278
0.0036,1.9938,2.0000,-0.0129,0.0031,19.5022,139.1635,0.0000,0.0215,0.0215,-0.0432,0.0000,0.0000,0.0019,0.0007,-0.0351
0.2000,1.7767,2.0000,-0.0046,0.0031,19.6983,139.1693,0.0000,0.0243,0.0243,-0.0423,0.0000,0.0000,0.0019,0.0007,-0.0279
0.0215,2.0297,2.0000,-0.0016,-0.0023,19.9042,139.1729,0.0000,0.0161,0.0161,-0.0513,0.0000,0.0000,-0.0014,-0.0005,-0.0201
0.0550,1.9447,2.0000,0.0068,-0.0023,20.0988,139.1749,0.0000,0.0144,0.0144,-0.0484,0.0000,0.0000,-0.0014,-0.0005,-0.0122
-0.0223,2.0409,2.0000,0.0152,-0.0023,20.2881,139.1811,0.0000,0.0124,0.0124,-0.0469,0.0000,0.0000,-0.0014,-0.0005,-0.0062
0.0606,1.9291,2.0000,0.0183,-0.0076,20.4810,139.1799,0.0000,0.0085,0.0085,-0.0503,0.0000,0.0000,-0.0046,-0.0018,0.0013
0.1933,1.8775,2.0000,0.0267,-0.0076,20.6787,139.1815,0.0000,0.0068,0.0068,-0.0465,0.0000,0.0000,-0.0046,-0.0018,0.0041
0.1452,1.9129,2.0000,0.0351,-0.0076,20.8820,139.1878,0.0000,0.0089,0.0089,-0.0398,0.0000,0.0000,-0.0046,-0.0018,0.0117
0.0844,1.9603,2.0000,0.0316,-0.0072,21.0849,139.1890,0.0000,0.0070,0.0070,-0.0243,0.0000,0.0000,-0.0043,-0.0017,0.0188
0.0046,2.0174,2.0000,0.0243,-0.0072,21.2885,139.1908,0.0000,0.0088,0.0088,-0.0168,0.0000,0.0000,-0.0043,-0.0017,0.0214
-0.0084,2.0116,2.0000,0.0182,-0.0049,21.4957,139.2009,0.0000,0.0206,0.0206,-0.0027,0.0000,0.0000,-0.0029,-0.0012,0.0287
-0.0195,2.0192,2.0000,0.0098,-0.0049,21.6875,139.2087,0.0000,0.0298,0.0298,0.0051,0.0000,0.0000,-0.0029,-0.0012,0.0349
-0.0559,2.0573,2.0000,0.0014,-0.0049,21.8676,139.2218,0.0000,0.0412,0.0412,0.0068,0.0000,0.0000,-0.0029,-0.0012,0.0320
0.1442,1.9045,2.0000,-0.0070,-0.0148,22.0554,139.2341,0.0000,0.0486,0.0486,-0.0136,0.0000,0.0000,-0.0089,-0.0036,0.0258
0.2000,1.7919,2.0000,-0.0154,-0.0148,22.2439,139.2425,0.0000,0.0495,0.0495,-0.0162,0.0000,0.0000,-0.0089,-0.0036,0.0207
0.1996,1.8670,2.0000,-0.0238,-0.0148,22.4253,139.2514,0.0000,0.0480,0.0480,-0.0198,0.0000,0.0000,-0.0089,-0.0036,0.0145
0.2000,1.8705,2.0000,-0.0322,-0.0284,22.6222,139.2783,0.0000,0.0646,0.0646,-0.0160,0.0000,0.0000,-0.0171,-0.0068,0.0073
0.2000,1.8010,2.0000,-0.0286,-0.0284,22.8115,139.2910,0.0000,0.0673,0.0673,-0.0232,0.0000,0.0000,-0.0171,-0.0068,-0.0006
0.1548,1.9700,2.0000,-0.0370,-0.2000,22.9934,139.3005,0.0000,0.0621,0.0621,-0.0274,0.0000,0.0000,-0.1221,-0.0488,-0.0084
0.1452,1.8803,2.0000,-0.0454,-0.2000,23.2048,139.3025,0.0000,0.0499,0.0499,-0.0396,0.0000,0.0000,-0.1221,-0.0488,-0.0163
0.1943,1.8041,2.0000,-0.0538,-0.2000,23.4036,139.3050,0.0000,0.0427,0.0427,-0.0477,0.0000,0.0000,-0.1221,-0.0488,-0.0240
-0.0057,2.0966,2.0000,-0.0454,-0.0196,23.5853,139.3200,0.0000,0.0387,0.0387,-0.0576,0.0000,0.0000,-0.0118,-0.0047,-0.0218
0.0238,1.9707,2.0000,-0.0371,-0.0196,23.7787,139.3110,0.0000,0.0155,0.0155,-0.0710,0.0000,0.0000,-0.0118,-0.0047,-0.0291
0.1884,1.8055,2.0000,-0.0287,-0.0196,23.9736,139.3118,0.0000,0.0072,0.0072,-0.0816,0.0000,0.0000,-0.0118,-0.0047,-0.0368
0.1276,1.9208,2.0000,-0.0203,0.1235,24.1560,139.3001,0.0000,-0.0249,-0.0249,-0.0932,0.0000,0.0000,0.0748,0.0299,-0.0502
0.0979,1.9324,2.0000,-0.0119,0.1235,24.3434,139.2873,0.0000,-0.0472,-0.0472,-0.0951,0.0000,0.0000,0.0748,0.0299,-0.0407
0.1820,1.8129,2.0000,-0.0203,-0.0276,24.5341,139.2822,0.0000,-0.0537,-0.0537,-0.0874,0.0000,0.0000,-0.0167,-0.0067,-0.0315
0.1705,1.8637,2.0000,-0.0124,-0.0276,24.7145,139.2775,0.0000,-0.0657,-0.0657,-0.0875,0.0000,0.0000,-0.0167,-0.0067,-0.0236
0.1482,1.8908,2.0000,-0.0040,-0.0276,24.9098,139.2633,0.0000,-0.0840,-0.0840,-0.0846,0.0000,0.0000,-0.0167,-0.0067,-0.0157
0.2000,1.7892,2.0000,0.0044,-0.0243,25.1002,139.2665,0.0000,-0.0817,-0.0817,-0.0761,0.0000,0.0000,-0.0147,-0.0059,-0.0075
0.1166,1.9418,2.0000,0.0128,-0.0243,25.2856,139.2543,0.0000,-0.1050,-0.1050,-0.0814,0.0000,0.0000,-0.0147,-0.0059,-0.0130
0.1961,1.8866,2.0000,0.0114,-0.0341,25.4763,139.2419,0.0000,-0.1163,-0.1163,-0.0792,0.0000,0.0000,-0.0206,-0.0082,-0.0073
0.2000,1.8417,2.0000,0.0198,-0.0341,25.6684,139.2274,0.0000,-0.1293,-0.1293,-0.0750,0.0000,0.0000,-0.0206,-0.0082,0.0001
0.1689,1.8944,2.0000,0.0282,-0.0341,25.8364,139.2176,0.0000,-0.1386,-0.1386,-0.0681,0.0000,0.0000,-0.0206,-0.0082,0.0079
0.1315,1.9104,2.0000,0.0366,-0.0287,26.0288,139.2304,0.0000,-0.1250,-0.1250,-0.0578,0.0000,0.0000,-0.0173,-0.0069,0.0152
0.2000,1.6688,2.0000,0.0450,-0.0287,26.2135,139.2159,0.0000,-0.1308,-0.1308,-0.0554,0.0000,0.0000,-0.0173,-0.0069,0.0151
0.1386,1.9126,2.0000,0.0534,-0.0287,26.3876,139.2249,0.0000,-0.1259,-0.1259,-0.0486,0.0000,0.0000,-0.0173,-0.0069,0.0213
0.1863,1.8362,2.0000,0.0618,0.0032,26.5628,139.2208,0.0000,-0.1183,-0.1183,0.0032,0.0000,0.0000,0.0019,0.0008,0.0269
0.2000,1.7294,2.0000,0.0535,0.0032,26.7437,139.2308,0.0000,-0.0970,-0.0970,0.0094,0.0000,0.0000,0.0019,0.0008,0.0316
0.2000,1.7393,2.0000,0.0451,0.0032,26.9160,139.2309,0.0000,-0.0808,-0.0808,0.0233,0.0000,0.0000,0.0019,0.0008,0.0403
0.2000,1.7987,2.0000,0.0535,0.1590,27.1118,139.2440,0.0000,-0.0080,-0.0080,0.4426,0.0000,0.0000,0.0966,0.0386,0.0474
0.2000,1.7113,2.0000,0.0453,0.1590,27.2944,139.2429,0.0000,0.0579,0.0579,0.4524,0.0000,0.0000,0.0966,0.0386,0.0547
0.1055,1.9481,2.0000,0.0369,-0.0509,27.4810,139.2432,0.0000,0.1735,0.1735,0.0477,0.0000,0.0000,-0.0307,-0.0123,0.0522
0.1801,1.8109,2.0000,0.0285,-0.0509,27.6615,139.2697,0.0000,0.2084,0.2084,0.0502,0.0000,0.0000,-0.0307,-0.0123,0.0454
0.1763,1.8514,2.0000,0.0201,-0.0509,27.8524,139.2942,0.0000,0.2450,0.2450,0.0568,0.0000,0.0000,-0.0307,-0.0123,0.0479
0.2000,1.8153,2.0000,0.0117,-0.1880,28.0311,139.2804,0.0000,0.1946,0.1946,-0.2581,0.0000,0.0000,-0.1146,-0.0458,0.0453
0.1412,1.9112,2.0000,0.0033,-0.1880,28.2105,139.2897,0.0000,0.1418,0.1418,-0.2573,0.0000,0.0000,-0.1146,-0.0458,0.0384
0.2000,1.7750,2.0000,-0.0049,-0.1880,28.3861,139.3108,0.0000,0.1307,0.1307,-0.2607,0.0000,0.0000,-0.1146,-0.0458,0.0310
0.2000,1.7826,2.0000,0.0035,-0.0227,28.5656,139.3360,0.0000,0.1651,0.1651,0.0973,0.0000,0.0000,-0.0137,-0.0055,0.0247
0.2000,1.7539,2.0000,-0.0048,-0.0227,28.7494,139.3322,0.0000,0.1722,0.1722,0.0941,0.0000,0.0000,-0.0137,-0.0055,0.0179
0.2000,1.7983,2.0000,-0.0132,-0.0266,28.9225,139.3314,0.0000,0.1842,0.1842,0.0905,0.0000,0.0000,-0.0160,-0.0064,0.0109
0.2000,1.8227,2.0000,-0.0216,-0.0266,29.1172,139.3472,0.0000,0.2149,0.2149,0.0881,0.0000,0.0000,-0.0160,-0.0064,0.0032
0.2000,1.7164,2.0000,-0.0300,-0.0266,29.3154,139.3621,0.0000,0.2385,0.2385,0.0875,0.0000,0.0000,-0.0160,-0.0064,0.0056
0.0835,1.9698,2.0000,-0.0384,-0.0390,29.4926,139.3666,0.0000,0.2674,0.2674,0.1069,0.0000,0.0000,-0.0235,-0.0094,0.0029
0.0529,1.9698,2.0000,-0.0468,-0.0390,29.6860,139.3709,0.0000,0.2843,0.2843,0.0987,0.0000,0.0000,-0.0235,-0.0094,-0.0044
0.2000,1.7570,2.0000,-0.0552,-0.0390,29.8667,139.3794,0.0000,0.2928,0.2928,0.0891,0.0000,0.0000,-0.0235,-0.0094,-0.0124
0.1326,1.9185,2.0000,-0.0636,-0.0482,30.0434,139.3682,0.0000,0.2948,0.2948,0.0680,0.0000,0.0000,-0.0291,-0.0116,-0.0204
0.2000,1.7921,2.0000,-0.0720,-0.0482,30.2263,139.3546,0.0000,0.2836,0.2836,0.0563,0.0000,0.0000,-0.0291,-0.0116,-0.0282
0.2000,1.7583,2.0000,-0.0804,-0.0482,30.4035,139.3522,0.0000,0.2846,0.2846,0.0416,0.0000,0.0000,-0.0291,-0.0116,-0.0364
0.2000,1.8217,2.0000,-0.0888,-0.0587,30.5870,139.3496,0.0000,0.2800,0.2800,-0.0114,0.0000,0.0000,-0.0354,-0.0142,-0.0494
0.2000,1.7568,2.0000,-0.0972,-0.0587,30.7478,139.3484,0.0000,0.2759,0.2759,-0.0259,0.0000,0.0000,-0.0354,-0.0142,-0.0575
0.2000,1.8201,2.0000,-0.0888,-0.0235,30.9310,139.3449,0.0000,0.2687,0.2687,0.0022,0.0000,0.0000,-0.0141,-0.0057,-0.0656
0.2000,1.5926,2.0000,-0.0972,-0.0235,31.1030,139.3383,0.0000,0.2660,0.2660,-0.0112,0.0000,0.0000,-0.0141,-0.0057,-0.0734
0.2000,1.8164,2.0000,-0.0951,-0.0235,31.2936,139.3279,0.0000,0.2605,0.2605,-0.0315,0.0000,0.0000,-0.0141,-0.0057,-0.0790
0.2000,1.7057,2.0000,-0.0867,-0.0035,31.4824,139.3084,0.0000,0.2499,0.2499,0.0201,0.0000,0.0000,-0.0021,-0.0009,-0.0865
0.1578,1.8907,2.0000,-0.0951,-0.0035,31.6545,139.3013,0.0000,0.2596,0.2596,0.0008,0.0000,0.0000,-0.0021,-0.0009,-0.0882
0.1459,1.8845,2.0000,-0.0928,-0.0035,31.8317,139.2997,0.0000,0.2772,0.2772,-0.0090,0.0000,0.0000,-0.0021,-0.0009,-0.0866
0.2000,1.7047,2.0000,-0.1012,-0.0210,32.0042,139.2723,0.0000,0.2694,0.2694,-0.0218,0.0000,0.0000,-0.0126,-0.0051,-0.0894
0.2000,1.7521,2.0000,-0.0928,-0.0210,32.1885,139.2404,0.0000,0.2562,0.2562,-0.0340,0.0000,0.0000,-0.0126,-0.0051,-0.0861
0.2000,1.7334,2.0000,-0.0844,-0.0210,32.3444,139.1930,0.0000,0.2251,0.2251,-0.0438,0.0000,0.0000,-0.0126,-0.0051,-0.0847
0.1814,1.8574,2.0000,-0.0891,-0.0345,32.5312,139.1513,0.0000,0.1938,0.1938,-0.0928,0.0000,0.0000,-0.0208,-0.0083,-0.0877
0.2000,1.6249,2.0000,-0.0807,-0.0345,32.7237,139.1250,0.0000,0.1938,0.1938,-0.0977,0.0000,0.0000,-0.0208,-0.0083,-0.0889
0.1490,1.9013,2.0000,-0.0723,-0.0171,32.8936,139.0839,0.0000,0.1493,0.1493,-0.1085,0.0000,0.0000,-0.0103,-0.0041,-0.0912
0.1137,1.9254,2.0000,-0.0639,-0.0171,33.0824,139.0737,0.0000,0.1532,0.1532,-0.1184,0.0000,0.0000,-0.0103,-0.0041,-0.0854
0.2000,1.7366,2.0000,-0.0555,-0.0171,33.2819,139.0505,0.0000,0.1604,0.1604,-0.1217,0.0000,0.0000,-0.0103,-0.0041,-0.0821
0.1767,1.8666,2.0000,-0.0471,0.0231,33.4724,139.0254,0.0000,0.1495,0.1495,-0.0810,0.0000,0.0000,0.0139,0.0056,-0.0805
0.0631,1.9874,2.0000,-0.0387,0.0231,33.6384,138.9938,0.0000,0.1385,0.1385,-0.0881,0.0000,0.0000,0.0139,0.0056,-0.0732
0.1020,1.9017,2.0000,-0.0303,0.0231,33.8364,138.9664,0.0000,0.1464,0.1464,-0.0906,0.0000,0.0000,0.0139,0.0056,-0.0653
0.2000,1.6740,2.0000,-0.0219,0.0525,34.0207,138.9232,0.0000,0.1470,0.1470,-0.0733,0.0000,0.0000,0.0316,0.0127,-0.0570
0.0792,1.9773,2.0000,-0.0135,0.0525,34.2135,138.8759,0.0000,0.1245,0.1245,-0.0799,0.0000,0.0000,0.0316,0.0127,-0.0492
0.1265,1.8776,2.0000,-0.0122,0.0454,34.3817,138.8307,0.0000,0.1190,0.1190,-0.0827,0.0000,0.0000,0.0273,0.0109,-0.0354
0.0693,1.9676,2.0000,-0.0038,0.0454,34.5735,138.8081,0.0000,0.1258,0.1258,-0.0860,0.0000,0.0000,0.0273,0.0109,-0.0287
0.2000,1.7266,2.0000,0.0046,0.0454,34.7268,138.7640,0.0000,0.1256,0.1256,-0.0777,0.0000,0.0000,0.0273,0.0109,-0.0194
0.1413,1.9105,2.0000,-0.0008,0.0315,34.9242,138.7232,0.0000,0.1099,0.1099,-0.1182,0.0000,0.0000,0.0190,0.0076,-0.0120
0.2000,1.5815,2.0000,0.0076,0.0315,35.1194,138.6871,0.0000,0.1246,0.1246,-0.1147,0.0000,0.0000,0.0190,0.0076,-0.0061
0.0566,1.9977,2.0000,0.0160,0.0423,35.2890,138.6486,0.0000,0.0939,0.0939,-0.0914,0.0000,0.0000,0.0255,0.0102,0.0006
0.0462,1.9675,2.0000,0.0244,0.0423,35.4935,138.6159,0.0000,0.0963,0.0963,-0.0924,0.0000,0.0000,0.0255,0.0102,0.0039
0.2000,1.7255,2.0000,0.0328,0.0423,35.6645,138.5741,0.0000,0.0991,0.0991,-0.0882,0.0000,0.0000,0.0255,0.0102,0.0062
0.0030,2.0512,2.0000,0.0412,0.0554,35.8685,138.5511,0.0000,0.1010,0.1010,-0.0514,0.0000,0.0000,0.0334,0.0134,0.0080
0.2000,1.7459,2.0000,0.0468,0.0554,36.0440,138.5181,0.0000,0.1209,0.1209,-0.0409,0.0000,0.0000,0.0334,0.0134,0.0162
0.0192,2.0345,2.0000,0.0384,0.0554,36.2229,138.4667,0.0000,0.1074,0.1074,-0.0316,0.0000,0.0000,0.0334,0.0134,0.0247
0.2000,1.7742,2.0000,0.0354,0.0608,36.4383,138.4379,0.0000,0.1314,0.1314,-0.0280,0.0000,0.0000,0.0367,0.0147,0.0288
0.2000,1.8449,2.0000,0.0270,0.0608,36.6414,138.4136,0.0000,0.1571,0.1571,-0.0159,0.0000,0.0000,0.0367,0.0147,0.0387
0.0002,2.1556,2.0000,0.0202,0.0626,36.7997,138.3698,0.0000,0.1519,0.1519,-0.0329,0.0000,0.0000,0.0378,0.0151,0.0442
-0.0256,2.0320,2.0000,0.0271,0.0626,37.0211,138.3464,0.0000,0.1693,0.1693,-0.0373,0.0000,0.0000,0.0378,0.0151,0.0382
0.1744,1.6275,2.0000,0.0187,0.0626,37.2274,138.3289,0.0000,0.1986,0.1986,-0.0401,0.0000,0.0000,0.0378,0.0151,0.0352
-0.0260,2.2083,2.0000,0.0271,0.0831,37.3976,138.2924,0.0000,0.1745,0.1745,-0.0768,0.0000,0.0000,0.0502,0.0201,0.0276
-0.0526,2.0559,2.0000,0.0355,0.0831,37.5589,138.2323,0.0000,0.1453,0.1453,-0.0764,0.0000,0.0000,0.0502,0.0201,0.0239
0.1474,1.7268,2.0000,0.0439,0.0831,37.7809,138.2144,0.0000,0.1717,0.1717,-0.0756,0.0000,0.0000,0.0502,0.0201,0.0284
0.2000,1.7040,2.0000,0.0373,0.0679,37.9958,138.1914,0.0000,0.1738,0.1738,-0.1318,0.0000,0.0000,0.0410,0.0164,0.0223
-0.0000,2.2093,2.0000,0.0457,0.0856,38.1461,138.1464,0.0000,0.1182,0.1182,-0.1091,0.0000,0.0000,0.0517,0.0207,0.0286
-0.1390,2.1450,2.0000,0.0541,0.0856,38.3571,138.1280,0.0000,0.1257,0.1257,-0.1034,0.0000,0.0000,0.0517,0.0207,0.0354
0.0611,1.5534,2.0000,0.0625,0.0856,38.5703,138.1146,0.0000,0.1668,0.1668,-0.1017,0.0000,0.0000,0.0517,0.0207,0.0423
-0.0835,2.1017,2.0000,0.0709,0.0913,38.7175,138.0738,0.0000,0.1193,0.1193,-0.0938,0.0000,0.0000,0.0552,0.0221,0.0372
-0.1337,2.1211,2.0000,0.0793,0.0913,38.9268,138.0514,0.0000,0.1185,0.1185,-0.0857,0.0000,0.0000,0.0552,0.0221,0.0452
0.0663,1.5115,2.0000,0.0877,0.0913,39.1429,138.0322,0.0000,0.1513,0.1513,-0.0825,0.0000,0.0000,0.0552,0.0221,0.0526
-0.0881,2.0891,2.0000,0.0929,0.0937,39.2964,138.0090,0.0000,0.1339,0.1339,-0.0616,0.0000,0.0000,0.0566,0.0226,0.0644
-0.1991,2.1558,2.0000,0.0846,0.0937,39.4975,137.9971,0.0000,0.1434,0.1434,-0.0496,0.0000,0.0000,0.0566,0.0226,0.0713
0.0009,1.5416,2.0000,0.0909,0.0937,39.7100,137.9790,0.0000,0.1677,0.1677,-0.0480,0.0000,0.0000,0.0566,0.0226,0.0794
-0.2000,2.0015,1.9715,0.0993,0.1159,39.9120,137.9661,0.0000,0.1729,0.1729,-0.0178,0.0000,0.0000,0.0701,0.0280,0.0863
-0.2000,2.1196,1.9458,0.0909,0.1159,40.1044,137.9669,0.0000,0.1998,0.1998,-0.0016,0.0000,0.0000,0.0701,0.0280,0.0903
-0.2000,2.0122,1.9058,0.0993,0.1443,40.2803,137.9411,0.0000,0.1968,0.1968,-0.0083,0.0000,0.0000,0.0875,0.0350,0.0841
-0.2000,1.9158,1.8658,0.0909,0.1443,40.4713,137.9342,0.0000,0.2159,0.2159,0.0047,0.0000,0.0000,0.0875,0.0350,0.0889
-0.2000,1.7624,1.8258,0.0825,0.1443,40.6577,137.9228,0.0000,0.2264,0.2264,0.0138,0.0000,0.0000,0.0875,0.0350,0.0954
-0.2000,1.9009,1.7858,0.0741,0.1428,40.8555,137.9232,0.0000,0.2463,0.2463,-0.0097,0.0000,0.0000,0.0866,0.0346,0.0908
-0.2000,1.8541,1.7458,0.0657,0.1428,41.0657,137.9429,0.0000,0.2817,0.2817,0.0013,0.0000,0.0000,0.0866,0.0346,0.0969
-0.2000,1.9675,1.7058,0.0573,0.1052,41.2481,137.9182,0.0000,0.2681,0.2681,-0.0778,0.0000,0.0000,0.0636,0.0254,0.0934
-0.2000,2.1016,1.6658,0.0633,0.1052,41.4377,137.9192,0.0000,0.2598,0.2598,-0.0686,0.0000,0.0000,0.0636,0.0254,0.0855
-0.2000,1.8219,1.6258,0.0581,0.1052,41.6429,137.9306,0.0000,0.2720,0.2720,-0.0728,0.0000,0.0000,0.0636,0.0254,0.0795
-0.2000,1.8844,1.5858,0.0534,0.0920,41.8224,137.9210,0.0000,0.2528,0.2528,-0.0869,0.0000,0.0000,0.0556,0.0222,0.0712
-0.2000,2.0415,1.5458,0.0618,0.0920,41.9922,137.9181,0.0000,0.2324,0.2324,-0.0834,0.0000,0.0000,0.0556,0.0222,0.0595
-0.2000,1.7826,1.5058,0.0673,0.0920,42.1741,137.9386,0.0000,0.2548,0.2548,-0.0788,0.0000,0.0000,0.0556,0.0222,0.0664
-0.2000,1.6852,1.4658,0.0602,0.0766,42.3424,137.9401,0.0000,0.2499,0.2499,-0.1113,0.0000,0.0000,0.0462,0.0185,0.0572
-0.2000,1.8185,1.4258,0.0686,0.0766,42.5115,137.9248,0.0000,0.2125,0.2125,-0.1039,0.0000,0.0000,0.0462,0.0185,0.0530
-0.2000,1.6711,1.3858,0.0768,0.0766,42.6881,137.9442,0.0000,0.2264,0.2264,-0.0932,0.0000,0.0000,0.0462,0.0185,0.0646
-0.2000,1.6812,1.3458,0.0852,0.0840,42.8599,137.9618,0.0000,0.2296,0.2296,-0.1008,0.0000,0.0000,0.0508,0.0203,0.0707
-0.2000,1.7659,1.3058,0.0936,0.0840,43.0087,137.9496,0.0000,0.1978,0.1978,-0.0955,0.0000,0.0000,0.0508,0.0203,0.0606
-0.2000,1.7165,1.2658,0.0954,0.0840,43.1638,137.9719,0.0000,0.2083,0.2083,-0.0843,0.0000,0.0000,0.0508,0.0203,0.0721
-0.2000,1.4770,1.2258,0.0916,0.0840,43.3216,137.9712,0.0000,0.2045,0.2045,-0.0762,0.0000,0.0000,0.0508,0.0203,0.0793
-0.2000,1.5581,1.1858,0.0893,0.0847,43.4774,137.9956,0.0000,0.2095,0.2095,-0.0771,0.0000,0.0000,0.0511,0.0204,0.0867
-0.2000,1.5640,1.1458,0.0809,0.0847,43.6254,137.9990,0.0000,0.1980,0.1980,-0.0648,0.0000,0.0000,0.0511,0.0204,0.0937
-0.2000,1.5684,1.1058,0.0725,0.0847,43.7691,138.0299,0.0000,0.2118,0.2118,-0.0575,0.0000,0.0000,0.0511,0.0204,0.0943
-0.2000,1.4681,1.0658,0.0641,0.0672,43.8928,138.0380,0.0000,0.2096,0.2096,-0.1020,0.0000,0.0000,0.0405,0.0162,0.0924
-0.2000,1.4627,1.0258,0.0721,0.0672,44.0082,138.0521,0.0000,0.2044,0.2044,-0.0967,0.0000,0.0000,0.0405,0.0162,0.0907
-0.2000,1.2309,0.9858,0.0766,0.0672,44.1258,138.0674,0.0000,0.2103,0.2103,-0.0990,0.0000,0.0000,0.0405,0.0162,0.0841
-0.2000,1.1539,0.9458,0.0781,0.0672,44.2435,138.0918,0.0000,0.2164,0.2164,-0.0984,0.0000,0.0000,0.0405,0.0162,0.0767
-0.2000,1.1791,0.9058,0.0769,0.0672,44.3610,138.1147,0.0000,0.2164,0.2164,-0.0947,0.0000,0.0000,0.0405,0.0162,0.0689
-0.2000,1.1949,0.8658,0.0746,0.0672,44.4451,138.1200,0.0000,0.2072,0.2072,-0.0878,0.0000,0.0000,0.0405,0.0162,0.0730
-0.2000,1.1903,0.8258,0.0662,0.0334,44.5568,138.1380,0.0000,0.2019,0.2019,-0.1622,0.0000,0.0000,0.0201,0.0081,0.0783
-0.2000,0.8349,0.7858,0.0746,0.0672,44.6690,138.1673,0.0000,0.2294,0.2294,-0.0833,0.0000,0.0000,0.0405,0.0162,0.0793
-0.2000,1.1242,0.7458,0.0662,0.0334,44.7600,138.1722,0.0000,0.1883,0.1883,-0.1538,0.0000,0.0000,0.0201,0.0081,0.0789
-0.2000,1.1547,0.7058,0.0746,0.0334,44.8524,138.1882,0.0000,0.1770,0.1770,-0.1504,0.0000,0.0000,0.0201,0.0081,0.0761
-0.2000,0.9023,0.6658,0.0829,0.0334,44.9450,138.2087,0.0000,0.1916,0.1916,-0.1530,0.0000,0.0000,0.0201,0.0081,0.0698
-0.2000,0.9311,0.6258,0.0913,0.0334,45.0314,138.2196,0.0000,0.1776,0.1776,-0.1472,0.0000,0.0000,0.0201,0.0081,0.0757
-0.2000,0.9428,0.5858,0.0859,0.0196,45.1193,138.2453,0.0000,0.1781,0.1781,-0.1768,0.0000,0.0000,0.0118,0.0047,0.0691
-0.2000,0.8640,0.5458,0.0943,0.0196,45.2124,138.2457,0.0000,0.1584,0.1584,-0.1728,0.0000,0.0000,0.0118,0.0047,0.0753
-0.2000,0.9123,0.5094,0.1027,0.0196,45.2919,138.2708,0.0000,0.1562,0.1562,-0.1640,0.0000,0.0000,0.0118,0.0047,0.0806
-0.2000,0.9212,0.4767,0.1111,0.0196,45.3640,138.2850,0.0000,0.1483,0.1483,-0.1583,0.0000,0.0000,0.0118,0.0047,0.0898
-0.2000,0.8324,0.4473,0.1195,0.0196,45.4442,138.2980,0.0000,0.1445,0.1445,-0.1560,0.0000,0.0000,0.0118,0.0047,0.0875
-0.2000,0.7299,0.4208,0.1279,0.0196,45.5086,138.3070,0.0000,0.1426,0.1426,-0.1534,0.0000,0.0000,0.0118,0.0047,0.0942
-0.2000,0.8065,0.3969,0.1363,0.0196,45.5721,138.3168,0.0000,0.1285,0.1285,-0.1444,0.0000,0.0000,0.0118,0.0047,0.1014
-0.2000,0.6447,0.3755,0.1447,0.0196,45.6366,138.3410,0.0000,0.1448,0.1448,-0.1434,0.0000,0.0000,0.0118,0.0047,0.1074
-0.1999,0.6376,0.3561,0.1530,0.0196,45.6999,138.3519,0.0000,0.1374,0.1374,-0.1378,0.0000,0.0000,0.0118,0.0047,0.1159
-0.2000,0.6886,0.3333,0.1545,0.0191,45.7482,138.3753,0.0000,0.1433,0.1433,-0.1296,0.0000,0.0000,0.0115,0.0046,0.1229
-0.1999,0.6373,0.3128,0.1553,0.0191,45.7936,138.3906,0.0000,0.1485,0.1485,-0.1262,0.0000,0.0000,0.0115,0.0046,0.1272
-0.1999,0.5418,0.2943,0.1559,0.0191,45.8403,138.3992,0.0000,0.1496,0.1496,-0.1233,0.0000,0.0000,0.0115,0.0046,0.1325
-0.2000,0.4792,0.2777,0.1555,0.0191,45.8757,138.4083,0.0000,0.1522,0.1522,-0.1206,0.0000,0.0000,0.0115,0.0046,0.1412
-0.1998,0.4716,0.2627,0.1523,0.0191,45.9072,138.4230,0.0000,0.1577,0.1577,-0.1159,0.0000,0.0000,0.0115,0.0046,0.1448
-0.1999,0.3649,0.2492,0.1439,0.0191,45.9436,138.4427,0.0000,0.1721,0.1721,-0.1160,0.0000,0.0000,0.0115,0.0046,0.1457
-0.2000,0.3504,0.2371,0.1356,0.0191,45.9721,138.4496,0.0000,0.1709,0.1709,-0.1141,0.0000,0.0000,0.0115,0.0046,0.1463
-0.2000,0.4182,0.2262,0.1272,0.0191,46.0062,138.4569,0.0000,0.1640,0.1640,-0.1078,0.0000,0.0000,0.0115,0.0046,0.1463
-0.1899,0.2908,0.2164,0.1257,0.0191,46.0265,138.4647,0.0000,0.1722,0.1722,-0.1121,0.0000,0.0000,0.0115,0.0046,0.1448
-0.2000,0.3470,0.2075,0.1173,0.0191,46.0467,138.4690,0.0000,0.1672,0.1672,-0.1080,0.0000,0.0000,0.0115,0.0046,0.1405
-0.1259,0.2166,0.1996,0.1234,0.0191,46.0703,138.4734,0.0000,0.1712,0.1712,-0.1130,0.0000,0.0000,0.0115,0.0046,0.1348
-0.0997,0.2051,0.1924,0.1212,0.0191,46.0832,138.4830,0.0000,0.1770,0.1770,-0.1121,0.0000,0.0000,0.0115,0.0046,0.1278
-0.1747,0.2379,0.1860,0.1295,0.0191,46.0898,138.4843,0.0000,0.1743,0.1743,-0.1112,0.0000,0.0000,0.0115,0.0046,0.1232
-0.0697,0.1640,0.1802,0.1356,0.0191,46.1005,138.4894,0.0000,0.1801,0.1801,-0.1129,0.0000,0.0000,0.0115,0.0046,0.1207
0.0777,0.0664,0.1750,0.1440,0.0191,46.1032,138.4852,0.0000,0.1809,0.1809,-0.1165,0.0000,0.0000,0.0115,0.0046,0.1182
0.0379,0.1195,0.1703,0.1523,0.0191,46.1093,138.4902,0.0000,0.1806,0.1806,-0.1134,0.0000,0.0000,0.0115,0.0046,0.1199
0.1086,0.0811,0.1660,0.1607,0.0191,46.1225,138.4857,0.0000,0.1744,0.1744,-0.1155,0.0000,0.0000,0.0115,0.0046,0.1247
0.0824,0.0811,0.1622,0.1691,0.0191,46.1113,138.4866,0.0000,0.1788,0.1788,-0.1142,0.0000,0.0000,0.0115,0.0046,0.1298
0.0159,0.1404,0.1588,0.1775,0.0191,46.1128,138.4861,0.0000,0.1746,0.1746,-0.1120,0.0000,0.0000,0.0115,0.0046,0.1356
0.0475,0.1136,0.1557,0.1853,0.0191,46.1156,138.4884,0.0000,0.1774,0.1774,-0.1124,0.0000,0.0000,0.0115,0.0046,0.1429
0.2000,0.0001,0.1530,0.1937,0.0191,46.1185,138.4871,0.0000,0.1817,0.1817,-0.1172,0.0000,0.0000,0.0115,0.0046,0.1503
0.1994,0.0001,0.1505,0.2021,0.0191,46.1184,138.4841,0.0000,0.1789,0.1789,-0.1171,0.0000,0.0000,0.0115,0.0046,0.1555
0.2002,0.0001,0.1482,0.2105,0.0191,46.1239,138.4849,0.0000,0.1779,0.1779,-0.1166,0.0000,0.0000,0.0115,0.0046,0.1696
0.2009,0.0001,0.1462,0.2189,0.0191,46.1155,138.4876,0.0000,0.1831,0.1831,-0.1159,0.0000,0.0000,0.0115,0.0046,0.1767
0.1416,0.0556,0.1444,0.2272,0.0191,46.1239,138.4885,0.0000,0.1782,0.1782,-0.1129,0.0000,0.0000,0.0115,0.0046,0.1834
0.0862,0.0897,0.1427,0.2337,0.0191,46.1261,138.4897,0.0000,0.1767,0.1767,-0.1100,0.0000,0.0000,0.0115,0.0046,0.1912
0.0721,0.0832,0.1413,0.2414,0.0191,46.1287,138.4879,0.0000,0.1746,0.1746,-0.1098,0.0000,0.0000,0.0115,0.0046,0.1972
0.1998,0.0001,0.1399,0.2448,0.0191,46.1285,138.4901,0.0000,0.1814,0.1814,-0.1140,0.0000,0.0000,0.0115,0.0046,0.2068
0.1899,0.0001,0.1387,0.2532,0.0191,46.1329,138.4919,0.0000,0.1817,0.1817,-0.1134,0.0000,0.0000,0.0115,0.0046,0.2127
0.2000,0.0001,0.1377,0.2543,0.0191,46.1290,138.4962,0.0000,0.1871,0.1871,-0.1125,0.0000,0.0000,0.0115,0.0046,0.2199
