u_a,v_real,v_ref,u_delta,delta_d,px,py,theta1,cte,cte_real,epsi,vx,vy,kappa,beta,steer
0.2000,0.0001,0.0201,-0.0084,-0.0308,0.8477,0.0051,0.0000,-0.0200,-0.0200,0.0398,0.0000,0.0000,-0.0186,-0.0074,0.0000
0.2000,0.0001,0.0401,-0.0164,-0.0308,0.8475,0.0049,0.0000,-0.0198,-0.0198,0.0398,0.0000,0.0000,-0.0186,-0.0074,0.0000
0.2000,0.0001,0.0601,-0.0242,-0.0308,0.8476,0.0047,0.0000,-0.0196,-0.0196,0.0397,0.0000,0.0000,-0.0186,-0.0074,0.0000
0.2000,0.0001,0.0801,-0.0326,-0.0308,0.8482,0.0048,0.0000,-0.0197,-0.0197,0.0398,0.0000,0.0000,-0.0186,-0.0074,0.0000
0.2000,0.0001,0.1001,-0.0400,-0.0308,0.8477,0.0036,0.0000,-0.0185,-0.0185,0.0399,0.0000,0.0000,-0.0186,-0.0074,0.0000
0.1999,0.0624,0.1201,-0.0316,-0.0197,0.8486,0.0026,0.0000,0.0068,0.0068,-0.0097,0.0000,0.0000,-0.0119,-0.0047,0.0000
0.2000,0.0001,0.1401,-0.0264,-0.0197,0.8492,0.0024,0.0000,0.0073,0.0073,-0.0099,0.0000,0.0000,-0.0119,-0.0047,0.0000
0.2000,0.0001,0.1601,-0.0222,-0.0197,0.8495,0.0014,0.0000,0.0083,0.0083,-0.0108,0.0000,0.0000,-0.0119,-0.0047,0.0000
0.2000,0.0001,0.1801,-0.0193,-0.0197,0.8508,0.0010,0.0000,0.0087,0.0087,-0.0104,0.0000,0.0000,-0.0119,-0.0047,0.0000
0.2000,0.0001,0.2001,-0.0171,-0.0197,0.8515,-0.0006,0.0000,0.0104,0.0104,-0.0108,0.0000,0.0000,-0.0119,-0.0047,0.0000
0.2000,0.0001,0.2201,-0.0158,-0.0197,0.8525,-0.0029,0.0000,0.0127,0.0127,-0.0106,0.0000,0.0000,-0.0119,-0.0047,0.0000
0.2000,0.0583,0.2401,-0.0213,-0.0294,0.8535,-0.0048,0.0000,0.0121,0.0121,-0.0167,0.0000,0.0000,-0.0177,-0.0071,0.0000
0.2000,0.0787,0.2601,-0.0186,-0.0294,0.8548,-0.0061,0.0000,0.0134,0.0134,-0.0157,0.0000,0.0000,-0.0177,-0.0071,0.0000
0.2000,0.0544,0.2801,-0.0166,-0.0294,0.8540,-0.0071,0.0000,0.0144,0.0144,-0.0165,0.0000,0.0000,-0.0177,-0.0071,0.0000
0.2000,0.0001,0.3001,-0.0156,-0.0294,0.8547,-0.0097,0.0000,0.0176,0.0176,-0.0167,0.0000,0.0000,-0.0177,-0.0071,0.0000
0.2000,0.0001,0.3201,-0.0154,-0.0294,0.8565,-0.0122,0.0000,0.0201,0.0201,-0.0161,0.0000,0.0000,-0.0177,-0.0071,0.0000
0.2000,0.1055,0.3401,-0.0238,-0.0401,0.8572,-0.0144,0.0000,-0.0138,-0.0138,0.0420,0.0000,0.0000,-0.0242,-0.0097,0.0000
0.2000,0.0880,0.3601,-0.0322,-0.0401,0.8575,-0.0181,0.0000,-0.0105,-0.0105,0.0416,0.0000,0.0000,-0.0242,-0.0097,0.0000
0.2000,0.0001,0.3801,-0.0406,-0.0401,0.8589,-0.0212,0.0000,-0.0093,-0.0093,0.0416,0.0000,0.0000,-0.0242,-0.0097,0.0000
0.2000,0.0001,0.4001,-0.0490,-0.0401,0.8584,-0.0217,0.0000,-0.0087,-0.0087,0.0417,0.0000,0.0000,-0.0242,-0.0097,0.0000
0.2000,0.0586,0.4201,-0.0574,-0.0401,0.8542,-0.0202,0.0000,-0.0089,-0.0089,0.0415,0.0000,0.0000,-0.0242,-0.0097,0.0000
0.2000,0.0608,0.4401,-0.0658,-0.0401,0.8544,-0.0227,0.0000,-0.0064,-0.0064,0.0418,0.0000,0.0000,-0.0242,-0.0097,0.0000
0.1999,0.1024,0.4601,-0.0574,-0.0244,0.8545,-0.0255,0.0000,0.0106,0.0106,-0.0119,0.0000,0.0000,-0.0147,-0.0059,0.0000
0.2000,0.0529,0.4801,-0.0490,-0.0244,0.8551,-0.0290,0.0000,0.0143,0.0143,-0.0126,0.0000,0.0000,-0.0147,-0.0059,0.0000
0.2000,0.0001,0.5001,-0.0406,-0.0244,0.8510,-0.0278,0.0000,0.0134,0.0134,-0.0127,0.0000,0.0000,-0.0147,-0.0059,0.0000
0.2000,0.0001,0.5201,-0.0356,-0.0244,0.8514,-0.0304,0.0000,0.0160,0.0160,-0.0128,0.0000,0.0000,-0.0147,-0.0059,0.0000
0.2000,0.0001,0.5401,-0.0324,-0.0244,0.8523,-0.0337,0.0000,0.0193,0.0193,-0.0133,0.0000,0.0000,-0.0147,-0.0059,0.0000
0.2000,0.0578,0.5601,-0.0302,-0.0244,0.8530,-0.0365,0.0000,0.0218,0.0218,-0.0126,0.0000,0.0000,-0.0147,-0.0059,0.0000
0.2000,0.0566,0.5801,-0.0314,-0.0275,0.8539,-0.0398,0.0000,0.0103,0.0103,-0.0073,0.0000,0.0000,-0.0166,-0.0066,0.0000
0.2000,0.0001,0.6001,-0.0302,-0.0275,0.8539,-0.0431,0.0000,0.0138,0.0138,-0.0080,0.0000,0.0000,-0.0166,-0.0066,0.0000
0.2000,0.0001,0.6201,-0.0299,-0.0275,0.8536,-0.0459,0.0000,0.0165,0.0165,-0.0071,0.0000,0.0000,-0.0166,-0.0066,0.0000
0.2000,0.0631,0.6401,-0.0301,-0.0275,0.8537,-0.0492,0.0000,0.0197,0.0197,-0.0076,0.0000,0.0000,-0.0166,-0.0066,0.0000
0.2000,0.0540,0.6601,-0.0308,-0.0275,0.8539,-0.0528,0.0000,0.0232,0.0232,-0.0077,0.0000,0.0000,-0.0166,-0.0066,0.0000
0.2000,0.0001,0.6801,-0.0319,-0.0275,0.8535,-0.0564,0.0000,0.0271,0.0271,-0.0076,0.0000,0.0000,-0.0166,-0.0066,0.0000
0.2000,0.0001,0.7001,-0.0343,-0.0216,0.8536,-0.0598,0.0000,-0.0110,-0.0110,0.0363,0.0000,0.0000,-0.0130,-0.0052,0.0000
0.2000,0.0001,0.7201,-0.0427,-0.0216,0.8536,-0.0636,0.0000,-0.0071,-0.0071,0.0364,0.0000,0.0000,-0.0130,-0.0052,0.0000
0.2000,0.0001,0.7401,-0.0511,-0.0216,0.8572,-0.0631,0.0000,-0.0078,-0.0078,0.0362,0.0000,0.0000,-0.0130,-0.0052,0.0000
0.2000,0.0509,0.7601,-0.0595,-0.0216,0.8600,-0.0663,0.0000,-0.0038,-0.0038,0.0362,0.0000,0.0000,-0.0130,-0.0052,0.0000
0.2000,0.0001,0.7801,-0.0624,-0.0216,0.8658,-0.0577,0.0000,-0.0135,-0.0135,0.0362,0.0000,0.0000,-0.0130,-0.0052,0.0000
0.2000,0.0001,0.8001,-0.0708,-0.0331,0.8600,-0.0492,0.0000,-0.0611,-0.0611,0.0883,0.0000,0.0000,-0.0199,-0.0080,0.0000
0.2000,0.0001,0.8201,-0.0792,-0.0331,0.8549,-0.0417,0.0000,-0.0683,-0.0683,0.0881,0.0000,0.0000,-0.0199,-0.0080,0.0000
0.2000,0.0930,0.8401,-0.0876,-0.0331,0.8494,-0.0356,0.0000,-0.0698,-0.0698,0.0874,0.0000,0.0000,-0.0199,-0.0080,0.0000
0.2000,0.0917,0.8601,-0.0960,-0.0331,0.8481,-0.0400,0.0000,-0.0654,-0.0654,0.0862,0.0000,0.0000,-0.0199,-0.0080,0.0000
0.2000,0.0001,0.8801,-0.1044,-0.0331,0.8405,-0.0396,0.0000,-0.0691,-0.0691,0.0867,0.0000,0.0000,-0.0199,-0.0080,0.0000
0.1999,0.0804,0.9001,-0.0960,-0.0256,0.8262,-0.0324,0.0000,-0.0184,-0.0184,0.0241,0.0000,0.0000,-0.0154,-0.0062,0.0000
0.1999,0.0862,0.9201,-0.0876,-0.0256,0.8207,-0.0315,0.0000,-0.0191,-0.0191,0.0225,0.0000,0.0000,-0.0154,-0.0062,0.0000
0.2000,0.0001,0.9401,-0.0792,-0.0256,0.8055,-0.0299,0.0000,-0.0214,-0.0214,0.0219,0.0000,0.0000,-0.0154,-0.0062,0.0000
0.1999,0.1487,0.9601,-0.0708,-0.0256,0.7884,-0.0284,0.0000,-0.0210,-0.0210,0.0205,0.0000,0.0000,-0.0154,-0.0062,0.0000
0.1999,0.2298,0.9801,-0.0624,-0.0256,0.7681,-0.0264,0.0000,-0.0219,-0.0219,0.0186,0.0000,0.0000,-0.0154,-0.0062,0.0000
0.2000,0.2298,1.0000,-0.0540,-0.0256,0.7430,-0.0230,0.0000,-0.0248,-0.0248,0.0180,0.0000,0.0000,-0.0154,-0.0062,0.0000
0.2000,0.3213,1.0000,-0.0624,-0.0470,0.7133,-0.0199,0.0000,-0.0245,-0.0245,0.0601,0.0000,0.0000,-0.0283,-0.0113,0.0000
0.2000,0.2595,1.0000,-0.0708,-0.0470,0.6799,-0.0159,0.0000,-0.0284,-0.0284,0.0584,0.0000,0.0000,-0.0283,-0.0113,0.0000
0.2000,0.2595,1.0000,-0.0792,-0.0470,0.6457,-0.0117,0.0000,-0.0306,-0.0306,0.0561,0.0000,0.0000,-0.0283,-0.0113,0.0000
0.1999,0.4175,1.0000,-0.0876,-0.0470,0.6052,-0.0102,0.0000,-0.0254,-0.0254,0.0541,0.0000,0.0000,-0.0283,-0.0113,0.0000
0.2000,0.4175,1.0000,-0.0959,-0.0470,0.5656,-0.0062,0.0000,-0.0272,-0.0272,0.0517,0.0000,0.0000,-0.0283,-0.0113,0.0000
0.1999,0.3881,1.0000,-0.1043,-0.0470,0.5195,-0.0021,0.0000,-0.0295,-0.0295,0.0490,0.0000,0.0000,-0.0283,-0.0113,0.0000
0.1999,0.4208,1.0000,-0.0959,-0.0172,0.4770,0.0040,0.0000,-0.0073,-0.0073,-0.0187,0.0000,0.0000,-0.0104,-0.0041,0.0000
0.1999,0.4444,1.0000,-0.0875,-0.0172,0.4347,0.0101,0.0000,-0.0143,-0.0143,-0.0220,0.0000,0.0000,-0.0104,-0.0041,0.0000
0.2000,0.5264,1.0000,-0.0791,-0.0172,0.3923,0.0169,0.0000,-0.0227,-0.0227,-0.0250,0.0000,0.0000,-0.0104,-0.0041,0.0000
0.2000,0.5279,1.0000,-0.0707,-0.0172,0.3504,0.0247,0.0000,-0.0313,-0.0313,-0.0281,0.0000,0.0000,-0.0104,-0.0041,0.0000
0.2000,0.3970,1.0000,-0.0623,-0.0172,0.3091,0.0327,0.0000,-0.0381,-0.0381,-0.0314,0.0000,0.0000,-0.0104,-0.0041,0.0000
0.2000,0.5403,1.0000,-0.0539,-0.0000,0.2692,0.0408,0.0000,-0.0152,-0.0152,-0.0053,0.0000,0.0000,-0.0000,-0.0000,0.0000
0.2000,0.5403,1.0000,-0.0455,-0.0000,0.2283,0.0474,0.0000,-0.0212,-0.0212,-0.0076,0.0000,0.0000,-0.0000,-0.0000,0.0000
0.2000,0.4518,1.0000,-0.0372,-0.0000,0.1896,0.0561,0.0000,-0.0290,-0.0290,-0.0103,0.0000,0.0000,-0.0000,-0.0000,0.0000
0.1999,0.4419,1.0000,-0.0288,-0.0000,0.1516,0.0656,0.0000,-0.0377,-0.0377,-0.0121,0.0000,0.0000,-0.0000,-0.0000,0.0000
0.1999,0.4216,1.0000,-0.0204,-0.0000,0.1132,0.0744,0.0000,-0.0456,-0.0456,-0.0140,0.0000,0.0000,-0.0000,-0.0000,0.0000
0.2000,0.4811,1.0000,-0.0283,-0.0164,0.0746,0.0823,0.0000,-0.0033,-0.0033,-0.0648,0.0000,0.0000,-0.0099,-0.0040,0.0000
0.1999,0.4272,1.0000,-0.0199,-0.0164,0.0977,0.1126,0.0000,-0.0318,-0.0318,-0.0664,0.0000,0.0000,-0.0099,-0.0040,0.0000
0.1999,0.4272,1.0000,-0.0115,-0.0164,0.0988,0.1090,0.0000,-0.0284,-0.0284,-0.0676,0.0000,0.0000,-0.0099,-0.0040,0.0000
0.1999,0.4486,1.0000,-0.0031,-0.0164,0.0570,0.1103,0.0000,-0.0314,-0.0314,-0.0683,0.0000,0.0000,-0.0099,-0.0040,0.0000
0.1999,0.4173,1.0000,0.0053,-0.0164,0.0208,0.1135,0.0000,-0.0347,-0.0347,-0.0703,0.0000,0.0000,-0.0099,-0.0040,0.0000
0.1999,0.4173,1.0000,0.0137,-0.0164,-0.0165,0.1193,0.0000,-0.0414,-0.0414,-0.0713,0.0000,0.0000,-0.0099,-0.0040,0.0000
0.1999,0.4280,1.0000,0.0221,-0.0051,-0.0474,0.1232,0.0000,0.0138,0.0138,-0.0941,0.0000,0.0000,-0.0031,-0.0012,0.0000
0.1999,0.4280,1.0000,0.0305,-0.0051,-0.0836,0.1288,0.0000,0.0066,0.0066,-0.0945,0.0000,0.0000,-0.0031,-0.0012,0.0000
0.1999,0.4227,1.0000,0.0389,-0.0051,-0.1192,0.1352,0.0000,-0.0009,-0.0009,-0.0941,0.0000,0.0000,-0.0031,-0.0012,0.0000
0.1999,0.4039,1.0000,0.0473,-0.0051,-0.1546,0.1408,0.0000,-0.0072,-0.0072,-0.0943,0.0000,0.0000,-0.0031,-0.0012,0.0000
0.1999,0.4039,1.0000,0.0557,-0.0051,-0.1900,0.1463,0.0000,-0.0140,-0.0140,-0.0935,0.0000,0.0000,-0.0031,-0.0012,0.0000
0.1999,0.4095,1.0000,0.0524,0.0000,-0.2254,0.1516,0.0000,-0.0068,-0.0068,0.0014,0.0000,0.0000,0.0000,0.0000,0.0000
0.2000,0.4640,1.0000,0.0440,0.0000,-0.2609,0.1571,0.0000,-0.0103,-0.0103,0.0020,0.0000,0.0000,0.0000,0.0000,0.0000
0.2000,0.4640,1.0000,0.0356,0.0000,-0.2960,0.1628,0.0000,-0.0139,-0.0139,0.0030,0.0000,0.0000,0.0000,0.0000,0.0000
0.1999,0.4015,1.0000,0.0272,0.0000,-0.3239,0.1704,0.0000,-0.0198,-0.0198,0.0041,0.0000,0.0000,0.0000,0.0000,0.0000
0.2000,0.4690,1.0000,0.0188,0.0000,-0.3589,0.1753,0.0000,-0.0227,-0.0227,0.0049,0.0000,0.0000,0.0000,0.0000,0.0000
0.2000,0.4277,1.0000,0.0104,-0.0000,-0.3944,0.1794,0.0000,-0.0053,-0.0053,0.0016,0.0000,0.0000,-0.0000,-0.0000,0.0000
0.2000,0.4330,1.0000,0.0067,-0.0000,-0.4299,0.1837,0.0000,-0.0079,-0.0079,0.0019,0.0000,0.0000,-0.0000,-0.0000,0.0000
0.2000,0.3237,1.0000,-0.0017,-0.0000,-0.6011,0.1191,0.0000,0.0649,0.0649,0.0026,0.0000,0.0000,-0.0000,-0.0000,0.0000
0.2000,0.3620,1.0000,-0.0101,-0.0000,-0.6417,0.1209,0.0000,0.0651,0.0651,0.0025,0.0000,0.0000,-0.0000,-0.0000,0.0000
0.1999,0.3620,1.0000,-0.0185,-0.0000,-0.6764,0.1238,0.0000,0.0639,0.0639,0.0025,0.0000,0.0000,-0.0000,-0.0000,0.0000
0.2000,0.4546,1.0000,-0.0269,-0.0000,-0.7163,0.1265,0.0000,0.0634,0.0634,0.0032,0.0000,0.0000,-0.0000,-0.0000,0.0000
0.2000,0.3970,1.0000,-0.0353,-0.0165,-0.7570,0.1290,0.0000,-0.0047,-0.0047,0.0139,0.0000,0.0000,-0.0099,-0.0040,0.0000
0.2000,0.4472,1.0000,-0.0361,-0.0165,-0.7968,0.1324,0.0000,-0.0055,-0.0055,0.0133,0.0000,0.0000,-0.0099,-0.0040,0.0000
0.2000,0.4129,1.0000,-0.0355,-0.0165,-0.8356,0.1369,0.0000,-0.0079,-0.0079,0.0133,0.0000,0.0000,-0.0099,-0.0040,0.0000
0.2000,0.4129,1.0000,-0.0332,-0.0165,-0.8735,0.1406,0.0000,-0.0097,-0.0097,0.0119,0.0000,0.0000,-0.0099,-0.0040,0.0000
0.2000,0.3902,1.0000,-0.0308,-0.0165,-0.9098,0.1434,0.0000,-0.0106,-0.0106,0.0110,0.0000,0.0000,-0.0099,-0.0040,0.0000
0.1999,0.4229,1.0000,-0.0224,0.0040,-0.9453,0.1468,0.0000,0.0157,0.0157,-0.0895,0.0000,0.0000,0.0024,0.0010,0.0000
0.1999,0.4229,1.0000,-0.0140,0.0040,-0.9815,0.1510,0.0000,0.0098,0.0098,-0.0907,0.0000,0.0000,0.0024,0.0010,0.0000
0.2000,0.4109,1.0000,-0.0057,0.0040,-1.0160,0.1550,0.0000,0.0049,0.0049,-0.0913,0.0000,0.0000,0.0024,0.0010,0.0000
0.1999,0.3796,1.0000,0.0027,0.0040,-1.0498,0.1586,0.0000,0.0011,0.0011,-0.0928,0.0000,0.0000,0.0024,0.0010,0.0000
0.1999,0.3585,1.0000,0.0111,0.0040,-1.0821,0.1624,0.0000,-0.0031,-0.0031,-0.0933,0.0000,0.0000,0.0024,0.0010,0.0000
0.1999,0.4229,1.0000,0.0195,0.0040,-1.1187,0.1682,0.0000,-0.0135,-0.0135,-0.0939,0.0000,0.0000,0.0024,0.0010,0.0000
0.2000,0.3737,1.0000,0.0111,-0.0000,-1.1495,0.1714,0.0000,-0.0056,-0.0056,-0.0008,0.0000,0.0000,-0.0000,-0.0000,0.0000
0.2000,0.3141,1.0000,0.0094,-0.0000,-1.1789,0.1745,0.0000,-0.0070,-0.0070,-0.0009,0.0000,0.0000,-0.0000,-0.0000,0.0000
0.2000,0.2833,1.0000,0.0087,-0.0000,-1.2080,0.1770,0.0000,-0.0080,-0.0080,-0.0009,0.0000,0.0000,-0.0000,-0.0000,0.0000
0.2000,0.2647,1.0000,0.0081,-0.0000,-1.2370,0.1789,0.0000,-0.0082,-0.0082,-0.0005,0.0000,0.0000,-0.0000,-0.0000,0.0000
0.2000,0.2961,1.0000,0.0000,-0.0000,-1.2675,0.1817,0.0000,-0.0096,-0.0096,-0.0011,0.0000,0.0000,-0.0000,-0.0000,0.0000
0.1999,0.3138,1.0000,-0.0019,-0.0101,-1.2976,0.1849,0.0000,0.0173,0.0173,-0.0715,0.0000,0.0000,-0.0061,-0.0024,0.0000
0.1999,0.3206,1.0000,0.0065,-0.0101,-1.3297,0.1879,0.0000,0.0135,0.0135,-0.0714,0.0000,0.0000,-0.0061,-0.0024,0.0000
0.1999,0.3100,1.0000,0.0148,-0.0101,-1.3630,0.1901,0.0000,0.0112,0.0112,-0.0714,0.0000,0.0000,-0.0061,-0.0024,0.0000
0.1999,0.3293,1.0000,0.0232,-0.0101,-1.3985,0.1929,0.0000,0.0070,0.0070,-0.0719,0.0000,0.0000,-0.0061,-0.0024,0.0000
0.1999,0.3218,1.0000,0.0315,-0.0101,-1.4341,0.1982,0.0000,0.0014,0.0014,-0.0714,0.0000,0.0000,-0.0061,-0.0024,0.0000
0.1999,0.3753,1.0000,0.0399,-0.0101,-1.4710,0.2025,0.0000,-0.0055,-0.0055,-0.0717,0.0000,0.0000,-0.0061,-0.0024,0.0000
0.2000,0.3883,1.0000,0.0417,0.0000,-1.5081,0.2060,0.0000,-0.0036,-0.0036,0.0005,0.0000,0.0000,0.0000,0.0000,0.0000
0.2000,0.3733,1.0000,0.0333,0.0000,-1.5472,0.2084,0.0000,-0.0039,-0.0039,0.0006,0.0000,0.0000,0.0000,0.0000,0.0000
0.2000,0.5104,1.0000,0.0250,0.0000,-1.5872,0.2109,0.0000,-0.0042,-0.0042,0.0008,0.0000,0.0000,0.0000,0.0000,0.0000
0.2000,0.5131,1.0000,0.0166,0.0000,-1.6427,0.2154,0.0000,-0.0053,-0.0053,0.0020,0.0000,0.0000,0.0000,0.0000,0.0000
0.2000,0.4136,1.0000,0.0000,0.0000,-1.6707,0.2170,0.0000,-0.0054,-0.0054,0.0024,0.0000,0.0000,0.0000,0.0000,0.0000
0.2000,0.4108,1.0000,0.0000,0.0000,-1.6790,0.1896,0.0000,0.0226,0.0226,0.0035,0.0000,0.0000,0.0000,0.0000,0.0000
0.1999,0.4403,1.0000,0.0000,0.0000,-1.7201,0.1907,0.0000,0.0292,0.0292,0.0015,0.0000,0.0000,0.0000,0.0000,0.0000
0.2000,0.4403,1.0000,-0.0084,0.0000,-1.7264,0.1517,0.0000,0.0684,0.0684,0.0013,0.0000,0.0000,0.0000,0.0000,0.0000
0.2000,0.3698,1.0000,-0.0167,0.0000,-1.7707,0.1531,0.0000,0.0692,0.0692,0.0010,0.0000,0.0000,0.0000,0.0000,0.0000
0.1999,0.3698,1.0000,-0.0251,0.0000,-1.8140,0.1525,0.0000,0.0720,0.0720,0.0007,0.0000,0.0000,0.0000,0.0000,0.0000
0.1999,0.4142,1.0000,-0.0335,0.0000,-1.8587,0.1505,0.0000,0.0763,0.0763,0.0006,0.0000,0.0000,0.0000,0.0000,0.0000
0.1999,0.5112,1.0000,-0.0419,-0.0219,-1.9036,0.1497,0.0000,0.0051,0.0051,0.0133,0.0000,0.0000,-0.0132,-0.0053,0.0000
0.2000,0.4622,1.0000,-0.0470,-0.0219,-1.9464,0.1501,0.0000,0.0070,0.0070,0.0125,0.0000,0.0000,-0.0132,-0.0053,0.0000
0.2000,0.4583,1.0000,-0.0489,-0.0219,-1.9871,0.1522,0.0000,0.0074,0.0074,0.0117,0.0000,0.0000,-0.0132,-0.0053,0.0000
0.2000,0.4583,1.0000,-0.0484,-0.0219,-2.0412,0.1529,0.0000,0.0095,0.0095,0.0092,0.0000,0.0000,-0.0132,-0.0053,0.0000
0.2000,0.4077,1.0000,-0.0483,-0.0219,-2.0672,0.1521,0.0000,0.0117,0.0117,0.0088,0.0000,0.0000,-0.0132,-0.0053,0.0000
0.1999,0.3829,1.0000,-0.0399,-0.0000,-2.1046,0.1529,0.0000,0.0031,0.0031,-0.0023,0.0000,0.0000,-0.0000,-0.0000,0.0000
0.2000,0.3241,1.0000,-0.0315,-0.0000,-2.1406,0.1536,0.0000,0.0044,0.0044,-0.0034,0.0000,0.0000,-0.0000,-0.0000,0.0000
0.2000,0.3661,1.0000,-0.0231,-0.0000,-2.1767,0.1531,0.0000,0.0064,0.0064,-0.0052,0.0000,0.0000,-0.0000,-0.0000,0.0000
0.2000,0.3175,1.0000,-0.0147,-0.0000,-2.1811,0.1672,0.0000,-0.0075,-0.0075,-0.0061,0.0000,0.0000,-0.0000,-0.0000,0.0000
0.2000,0.4278,1.0000,-0.0063,-0.0000,-2.2142,0.1673,0.0000,-0.0063,-0.0063,-0.0077,0.0000,0.0000,-0.0000,-0.0000,0.0000
0.2000,0.3448,1.0000,0.0021,-0.0000,-2.2468,0.1679,0.0000,-0.0049,-0.0049,-0.0085,0.0000,0.0000,-0.0000,-0.0000,0.0000
0.2000,0.3607,1.0000,0.0017,0.0000,-2.2801,0.1679,0.0000,0.0032,0.0032,-0.0021,0.0000,0.0000,0.0000,0.0000,0.0000
0.2000,0.3275,1.0000,0.0011,0.0000,-2.3126,0.1677,0.0000,0.0054,0.0054,-0.0024,0.0000,0.0000,0.0000,0.0000,0.0000
0.2000,0.3594,1.0000,0.0003,0.0000,-2.3449,0.1672,0.0000,0.0078,0.0078,-0.0029,0.0000,0.0000,0.0000,0.0000,0.0000
0.2000,0.3727,1.0000,-0.0011,0.0000,-2.3767,0.1659,0.0000,0.0110,0.0110,-0.0032,0.0000,0.0000,0.0000,0.0000,0.0000
0.2000,0.3470,1.0000,0.0000,0.0000,-2.4094,0.1645,0.0000,0.0144,0.0144,-0.0039,0.0000,0.0000,0.0000,0.0000,0.0000
0.2000,0.3780,1.0000,0.0000,0.0000,-2.4409,0.1631,0.0000,0.0177,0.0177,-0.0042,0.0000,0.0000,0.0000,0.0000,0.0000
0.1999,0.3428,1.0000,0.0054,-0.0030,-2.4720,0.1623,0.0000,0.0250,0.0250,-0.0708,0.0000,0.0000,-0.0018,-0.0007,0.0000
0.1999,0.3696,1.0000,0.0138,-0.0030,-2.5034,0.1615,0.0000,0.0247,0.0247,-0.0710,0.0000,0.0000,-0.0018,-0.0007,0.0000
0.2000,0.3052,1.0000,0.0222,-0.0030,-2.5350,0.1597,0.0000,0.0286,0.0286,-0.0715,0.0000,0.0000,-0.0018,-0.0007,0.0000
0.1999,0.3770,1.0000,0.0306,-0.0030,-2.5669,0.1583,0.0000,0.0274,0.0274,-0.0719,0.0000,0.0000,-0.0018,-0.0007,0.0000
0.1999,0.3202,1.0000,0.0389,-0.0030,-2.5979,0.1572,0.0000,0.0304,0.0304,-0.0715,0.0000,0.0000,-0.0018,-0.0007,0.0000
0.1999,0.4474,1.0000,0.0473,-0.0030,-2.6295,0.1567,0.0000,0.0264,0.0264,-0.0710,0.0000,0.0000,-0.0018,-0.0007,0.0000
0.1999,0.3377,1.0000,0.0557,-0.0021,-2.6618,0.1558,0.0000,0.0233,0.0233,-0.0647,0.0000,0.0000,-0.0013,-0.0005,0.0000
0.1999,0.4320,1.0000,0.0640,-0.0021,-2.6946,0.1537,0.0000,0.0226,0.0226,-0.0641,0.0000,0.0000,-0.0013,-0.0005,0.0000
0.1999,0.4135,1.0000,0.0723,-0.0021,-2.7283,0.1509,0.0000,0.0262,0.0262,-0.0635,0.0000,0.0000,-0.0013,-0.0005,0.0000
0.1999,0.3345,1.0000,0.0807,-0.0021,-2.7620,0.1627,0.0000,0.0172,0.0172,-0.0627,0.0000,0.0000,-0.0013,-0.0005,0.0000
0.1999,0.3844,1.0000,0.0891,-0.0021,-2.7971,0.1626,0.0000,0.0161,0.0161,-0.0616,0.0000,0.0000,-0.0013,-0.0005,0.0000
0.2000,0.4626,1.0000,0.0825,0.0000,-2.8335,0.1608,0.0000,0.0071,0.0071,0.0022,0.0000,0.0000,0.0000,0.0000,0.0000
0.2000,0.4545,1.0000,0.0741,0.0000,-2.8822,0.1576,0.0000,0.0138,0.0138,0.0036,0.0000,0.0000,0.0000,0.0000,0.0000
0.1999,0.4139,1.0000,0.0659,0.0000,-2.9077,0.1554,0.0000,0.0179,0.0179,0.0047,0.0000,0.0000,0.0000,0.0000,0.0000
0.1999,0.4002,1.0000,0.0596,0.0000,-2.9470,0.2292,0.0000,-0.0528,-0.0528,0.0067,0.0000,0.0000,0.0000,0.0000,0.0000
0.1999,0.4367,1.0000,0.0522,0.0000,-2.9933,0.2298,0.0000,-0.0499,-0.0499,0.0083,0.0000,0.0000,0.0000,0.0000,0.0000
0.2000,0.4601,1.0000,0.0438,-0.0000,-3.0411,0.2354,0.0000,0.0001,0.0001,0.0031,0.0000,0.0000,-0.0000,-0.0000,0.0000
0.2000,0.4044,1.0000,0.0354,-0.0000,-3.0813,0.2379,0.0000,0.0001,0.0001,0.0043,0.0000,0.0000,-0.0000,-0.0000,0.0000
0.2000,0.5162,1.0000,0.0270,-0.0000,-3.1082,0.2391,0.0000,0.0011,0.0011,0.0058,0.0000,0.0000,-0.0000,-0.0000,0.0000
0.2000,0.4232,1.0000,0.0186,-0.0000,-3.1957,0.2255,0.0000,0.0199,0.0199,0.0069,0.0000,0.0000,-0.0000,-0.0000,0.0000
0.2000,0.4325,1.0000,0.0102,-0.0000,-3.2387,0.2281,0.0000,0.0201,0.0201,0.0078,0.0000,0.0000,-0.0000,-0.0000,0.0000
0.2000,0.4575,1.0000,0.0018,-0.0000,-3.2815,0.2309,0.0000,0.0202,0.0202,0.0089,0.0000,0.0000,-0.0000,-0.0000,0.0000
0.1999,0.4304,1.0000,-0.0066,-0.0127,-3.3239,0.2331,0.0000,-0.0027,-0.0027,0.0140,0.0000,0.0000,-0.0076,-0.0031,0.0000
0.2000,0.4436,1.0000,-0.0150,-0.0127,-3.3660,0.2349,0.0000,-0.0016,-0.0016,0.0147,0.0000,0.0000,-0.0076,-0.0031,0.0000
0.2000,0.4729,1.0000,-0.0233,-0.0127,-3.4075,0.2372,0.0000,-0.0010,-0.0010,0.0149,0.0000,0.0000,-0.0076,-0.0031,0.0000
0.2000,0.4788,1.0000,-0.0317,-0.0127,-3.4485,0.2406,0.0000,-0.0017,-0.0017,0.0149,0.0000,0.0000,-0.0076,-0.0031,0.0000
0.2000,0.4068,1.0000,-0.0341,-0.0127,-3.4884,0.2445,0.0000,-0.0036,-0.0036,0.0146,0.0000,0.0000,-0.0076,-0.0031,0.0000
0.2000,0.4362,1.0000,-0.0343,-0.0212,-3.5279,0.2491,0.0000,-0.0060,-0.0060,0.0049,0.0000,0.0000,-0.0128,-0.0051,0.0000
0.2000,0.3938,1.0000,-0.0281,-0.0212,-3.5661,0.2539,0.0000,-0.0089,-0.0089,0.0038,0.0000,0.0000,-0.0128,-0.0051,0.0000
0.2000,0.3956,1.0000,-0.0225,-0.0212,-3.6041,0.2586,0.0000,-0.0118,-0.0118,0.0023,0.0000,0.0000,-0.0128,-0.0051,0.0000
0.2000,0.4089,1.0000,-0.0192,-0.0212,-3.6364,0.2593,0.0000,-0.0109,-0.0109,0.0016,0.0000,0.0000,-0.0128,-0.0051,0.0000
0.2000,0.4126,1.0000,0.0000,-0.0212,-3.6742,0.2640,0.0000,-0.0139,-0.0139,-0.0006,0.0000,0.0000,-0.0128,-0.0051,0.0000
0.2000,0.4886,1.0000,0.0000,-0.0200,-3.7116,0.2691,0.0000,-0.0073,-0.0073,0.0018,0.0000,0.0000,-0.0120,-0.0048,0.0000
0.2000,0.4543,1.0000,0.0000,-0.0200,-3.7648,0.2754,0.0000,-0.0110,-0.0110,-0.0004,0.0000,0.0000,-0.0120,-0.0048,0.0000
0.2000,0.4020,1.0000,0.0000,-0.0200,-3.7912,0.2787,0.0000,-0.0128,-0.0128,-0.0004,0.0000,0.0000,-0.0120,-0.0048,0.0000
0.2000,0.3564,1.0000,0.0000,-0.0200,-3.8326,0.2831,0.0000,-0.0149,-0.0149,-0.0009,0.0000,0.0000,-0.0120,-0.0048,0.0000
0.1998,0.4685,1.0000,0.0000,-0.0200,-3.8902,0.2901,0.0000,-0.0188,-0.0188,-0.0017,0.0000,0.0000,-0.0120,-0.0048,0.0000
0.1999,0.4098,1.0000,0.0084,0.0018,-3.9189,0.2945,0.0000,0.0115,0.0115,-0.0864,0.0000,0.0000,0.0011,0.0004,0.0000
0.1999,0.3798,1.0000,0.0168,0.0018,-3.9637,0.2998,0.0000,0.0061,0.0061,-0.0871,0.0000,0.0000,0.0011,0.0004,0.0000
0.1999,0.4454,1.0000,0.0252,0.0018,-4.0097,0.3064,0.0000,-0.0047,-0.0047,-0.0876,0.0000,0.0000,0.0011,0.0004,0.0000
0.1999,0.4871,1.0000,0.0336,0.0018,-4.0562,0.3129,0.0000,-0.0144,-0.0144,-0.0881,0.0000,0.0000,0.0011,0.0004,0.0000
0.1998,0.4701,1.0000,0.0420,0.0030,-4.1039,0.3199,0.0000,-0.0219,-0.0219,-0.0881,0.0000,0.0000,0.0018,0.0007,0.0000
0.1999,0.5296,1.0000,0.0500,0.0030,-4.1527,0.3274,0.0000,-0.0333,-0.0333,-0.0881,0.0000,0.0000,0.0018,0.0007,0.0000
0.1999,0.5183,1.0000,0.0527,-0.0028,-4.2189,0.3361,0.0000,-0.0009,-0.0009,-0.0647,0.0000,0.0000,-0.0017,-0.0007,0.0000
0.1999,0.5090,1.0000,0.0611,-0.0028,-4.2527,0.3398,0.0000,-0.0042,-0.0042,-0.0641,0.0000,0.0000,-0.0017,-0.0007,0.0000
0.1999,0.5197,1.0000,0.0694,-0.0028,-4.3025,0.3454,0.0000,-0.0102,-0.0102,-0.0632,0.0000,0.0000,-0.0017,-0.0007,0.0000
0.2000,0.4766,1.0000,0.0778,-0.0028,-4.3474,0.3474,0.0000,-0.0106,-0.0106,-0.0618,0.0000,0.0000,-0.0017,-0.0007,0.0000
0.2000,0.5516,1.0000,0.0862,-0.0026,-4.4077,0.3536,0.0000,-0.0189,-0.0189,-0.0602,0.0000,0.0000,-0.0016,-0.0006,0.0000
0.2000,0.4752,1.0000,0.0778,-0.0151,-4.4405,0.3595,0.0000,-0.0102,-0.0102,0.0262,0.0000,0.0000,-0.0091,-0.0036,0.0000
0.2000,0.4825,1.0000,0.0694,-0.0151,-4.4855,0.3651,0.0000,-0.0116,-0.0116,0.0276,0.0000,0.0000,-0.0091,-0.0036,0.0000
0.1999,0.4483,1.0000,0.0610,-0.0151,-4.5275,0.3701,0.0000,-0.0131,-0.0131,0.0297,0.0000,0.0000,-0.0091,-0.0036,0.0000
0.2000,0.5228,1.0000,0.0526,-0.0151,-4.5716,0.3767,0.0000,-0.0144,-0.0144,0.0320,0.0000,0.0000,-0.0091,-0.0036,0.0000
0.2000,0.5013,1.0000,0.0442,-0.0178,-4.6152,0.3841,0.0000,-0.0181,-0.0181,0.0339,0.0000,0.0000,-0.0107,-0.0043,0.0000
0.2000,0.4844,1.0000,0.0358,-0.0178,-4.6578,0.3899,0.0000,-0.0202,-0.0202,0.0356,0.0000,0.0000,-0.0107,-0.0043,0.0000
0.1999,0.5172,1.0000,0.0274,-0.0272,-4.6821,0.3562,0.0000,0.0300,0.0300,0.0123,0.0000,0.0000,-0.0164,-0.0066,0.0000
0.2000,0.4555,1.0000,0.0190,-0.0272,-4.7076,0.3578,0.0000,0.0298,0.0298,0.0137,0.0000,0.0000,-0.0164,-0.0066,0.0000
0.1999,0.4326,1.0000,0.0106,-0.0272,-4.7590,0.3583,0.0000,0.0323,0.0323,0.0148,0.0000,0.0000,-0.0164,-0.0066,0.0000
0.1999,0.4257,1.0000,0.0024,-0.0272,-4.7825,0.3603,0.0000,0.0318,0.0318,0.0156,0.0000,0.0000,-0.0164,-0.0066,0.0000
0.2000,0.4650,1.0000,-0.0060,-0.0272,-4.8193,0.3634,0.0000,0.0312,0.0312,0.0160,0.0000,0.0000,-0.0164,-0.0066,0.0000
0.2000,0.4065,1.0000,0.0024,0.0000,-4.8557,0.3663,0.0000,-0.0028,-0.0028,0.0005,0.0000,0.0000,0.0000,0.0000,0.0000
0.2000,0.4232,1.0000,0.0027,0.0000,-4.8922,0.3696,0.0000,-0.0045,-0.0045,0.0004,0.0000,0.0000,0.0000,0.0000,0.0000
0.2000,0.4332,1.0000,0.0052,0.0000,-4.9422,0.3754,0.0000,-0.0084,-0.0084,-0.0004,0.0000,0.0000,0.0000,0.0000,0.0000
0.2000,0.3521,1.0000,0.0073,0.0000,-4.9640,0.3791,0.0000,-0.0112,-0.0112,-0.0006,0.0000,0.0000,0.0000,0.0000,0.0000
0.2000,0.3478,1.0000,0.0000,0.0000,-4.9995,0.3831,0.0000,-0.0136,-0.0136,-0.0002,0.0000,0.0000,0.0000,0.0000,0.0000
0.2000,0.4791,1.0000,0.0000,0.0000,-5.0367,0.3880,0.0000,-0.0171,-0.0171,-0.0012,0.0000,0.0000,0.0000,0.0000,0.0000
0.2000,0.4287,1.0000,0.0000,-0.0000,-5.0729,0.3950,0.0000,-0.0088,-0.0088,0.0000,0.0000,0.0000,-0.0000,-0.0000,0.0000
0.2000,0.4049,1.0000,0.0000,-0.0000,-5.1243,0.4042,0.0000,-0.0159,-0.0159,-0.0006,0.0000,0.0000,-0.0000,-0.0000,0.0000
0.2000,0.4693,1.0000,0.0000,-0.0000,-5.1498,0.4096,0.0000,-0.0201,-0.0201,-0.0003,0.0000,0.0000,-0.0000,-0.0000,0.0000
0.2000,0.4651,1.0000,0.0000,-0.0000,-5.1878,0.4167,0.0000,-0.0257,-0.0257,-0.0006,0.0000,0.0000,-0.0000,-0.0000,0.0000
0.2000,0.4570,1.0000,0.0000,-0.0000,-5.2281,0.4232,0.0000,-0.0306,-0.0306,-0.0008,0.0000,0.0000,-0.0000,-0.0000,0.0000
0.1999,0.4906,1.0000,0.0000,-0.0000,-5.2686,0.4310,0.0000,-0.0110,-0.0110,-0.0004,0.0000,0.0000,-0.0000,-0.0000,0.0000
0.2000,0.4762,1.0000,0.0000,-0.0000,-5.3232,0.4431,0.0000,-0.0208,-0.0208,-0.0006,0.0000,0.0000,-0.0000,-0.0000,0.0000
0.2000,0.4689,1.0000,0.0000,-0.0000,-5.3504,0.4496,0.0000,-0.0261,-0.0261,-0.0007,0.0000,0.0000,-0.0000,-0.0000,0.0000
0.2000,0.5271,1.0000,0.0000,-0.0000,-5.3926,0.4584,0.0000,-0.0332,-0.0332,-0.0011,0.0000,0.0000,-0.0000,-0.0000,0.0000
0.2000,0.5184,1.0000,0.0084,-0.0000,-5.4350,0.4678,0.0000,-0.0408,-0.0408,-0.0015,0.0000,0.0000,-0.0000,-0.0000,0.0000
0.2000,0.4774,1.0000,0.0049,-0.0119,-5.4775,0.4773,0.0000,-0.0046,-0.0046,-0.0610,0.0000,0.0000,-0.0071,-0.0029,0.0000
0.2000,0.5170,1.0000,0.0117,-0.0134,-5.6726,0.3916,0.0000,0.0766,0.0766,-0.0612,0.0000,0.0000,-0.0081,-0.0032,0.0000
0.2000,0.5136,1.0000,0.0200,-0.0134,-5.7019,0.3980,0.0000,0.0698,0.0698,-0.0614,0.0000,0.0000,-0.0081,-0.0032,0.0000
0.2000,0.5095,1.0000,0.0284,-0.0134,-5.7431,0.3885,0.0000,0.0788,0.0788,-0.0610,0.0000,0.0000,-0.0081,-0.0032,0.0000
0.2000,0.4649,1.0000,0.0368,-0.0134,-5.8030,0.4001,0.0000,0.0675,0.0675,-0.0612,0.0000,0.0000,-0.0081,-0.0032,0.0000
0.2000,0.4738,1.0000,0.0452,-0.0134,-5.8364,0.4036,0.0000,0.0634,0.0634,-0.0606,0.0000,0.0000,-0.0081,-0.0032,0.0000
0.2000,0.4584,1.0000,0.0502,-0.0000,-5.8797,0.4074,0.0000,-0.0035,-0.0035,0.0016,0.0000,0.0000,-0.0000,-0.0000,0.0000
0.2000,0.4793,1.0000,0.0418,-0.0000,-5.9249,0.4090,0.0000,-0.0028,-0.0028,0.0029,0.0000,0.0000,-0.0000,-0.0000,0.0000
0.2000,0.5221,1.0000,0.0335,-0.0000,-5.9708,0.4099,0.0000,-0.0014,-0.0014,0.0033,0.0000,0.0000,-0.0000,-0.0000,0.0000
0.2000,0.4744,1.0000,0.0251,-0.0000,-6.0297,0.4123,0.0000,-0.0010,-0.0010,0.0048,0.0000,0.0000,-0.0000,-0.0000,0.0000
0.2000,0.4535,1.0000,0.0167,-0.0000,-6.0579,0.4130,0.0000,-0.0002,-0.0002,0.0056,0.0000,0.0000,-0.0000,-0.0000,0.0000
0.2000,0.4335,1.0000,0.0083,-0.0000,-6.1137,0.4162,0.0000,-0.0009,-0.0009,0.0064,0.0000,0.0000,-0.0000,-0.0000,0.0000
0.1999,0.4207,1.0000,-0.0001,-0.0127,-6.1539,0.4192,0.0000,-0.0042,-0.0042,0.0120,0.0000,0.0000,-0.0077,-0.0031,0.0000
0.2000,0.4808,1.0000,-0.0085,-0.0127,-6.1925,0.4224,0.0000,-0.0050,-0.0050,0.0125,0.0000,0.0000,-0.0077,-0.0031,0.0000
0.2000,0.3776,1.0000,-0.0169,-0.0127,-6.2319,0.4253,0.0000,-0.0065,-0.0065,0.0128,0.0000,0.0000,-0.0077,-0.0031,0.0000
0.2000,0.3916,1.0000,-0.0234,-0.0127,-6.2712,0.4283,0.0000,-0.0075,-0.0075,0.0125,0.0000,0.0000,-0.0077,-0.0031,0.0000
0.2000,0.4088,1.0000,-0.0251,-0.0127,-6.3108,0.4316,0.0000,-0.0089,-0.0089,0.0117,0.0000,0.0000,-0.0077,-0.0031,0.0000
0.2000,0.3572,1.0000,-0.0255,-0.0127,-6.3350,0.4342,0.0000,-0.0106,-0.0106,0.0119,0.0000,0.0000,-0.0077,-0.0031,0.0000
0.2000,0.3597,1.0000,-0.0339,-0.0139,-6.3898,0.4385,0.0000,-0.0114,-0.0114,0.0282,0.0000,0.0000,-0.0084,-0.0034,0.0000
0.2000,0.4230,1.0000,-0.0423,-0.0139,-6.4283,0.4423,0.0000,-0.0118,-0.0118,0.0275,0.0000,0.0000,-0.0084,-0.0034,0.0000
0.2000,0.4230,1.0000,-0.0479,-0.0139,-6.4690,0.4465,0.0000,-0.0134,-0.0134,0.0266,0.0000,0.0000,-0.0084,-0.0034,0.0000
0.2000,0.3059,1.0000,-0.0477,-0.0139,-6.5090,0.4511,0.0000,-0.0170,-0.0170,0.0261,0.0000,0.0000,-0.0084,-0.0034,0.0000
0.2000,0.4417,1.0000,-0.0464,-0.0139,-6.5486,0.4551,0.0000,-0.0170,-0.0170,0.0239,0.0000,0.0000,-0.0084,-0.0034,0.0000
0.2000,0.5359,1.0000,-0.0380,0.0112,-6.5749,0.4575,0.0000,-0.0002,-0.0002,-0.0281,0.0000,0.0000,0.0067,0.0027,0.0000
0.1999,0.4409,1.0000,-0.0298,0.0112,-6.6317,0.4648,0.0000,-0.0058,-0.0058,-0.0310,0.0000,0.0000,0.0067,0.0027,0.0000
0.1999,0.4128,1.0000,-0.0214,0.0112,-6.6751,0.4709,0.0000,-0.0111,-0.0111,-0.0325,0.0000,0.0000,0.0067,0.0027,0.0000
0.1999,0.3935,1.0000,-0.0130,0.0112,-6.7192,0.4784,0.0000,-0.0179,-0.0179,-0.0342,0.0000,0.0000,0.0067,0.0027,0.0000
0.2000,0.4874,1.0000,-0.0046,0.0112,-6.7626,0.4850,0.0000,-0.0260,-0.0260,-0.0365,0.0000,0.0000,0.0067,0.0027,0.0000
0.1999,0.4194,1.0000,0.0038,0.0820,-6.8068,0.4920,0.0000,0.0045,0.0045,-0.0743,0.0000,0.0000,0.0495,0.0198,0.0000
0.2000,0.4700,1.0000,0.0122,0.0820,-6.8518,0.4971,0.0000,-0.0037,-0.0037,-0.0756,0.0000,0.0000,0.0495,0.0198,0.0000
0.2000,0.4917,1.0000,0.0206,0.0820,-6.8970,0.5022,0.0000,-0.0107,-0.0107,-0.0764,0.0000,0.0000,0.0495,0.0198,0.0000
0.1999,0.4331,1.0000,0.0290,0.0820,-6.9427,0.5082,0.0000,-0.0155,-0.0155,-0.0766,0.0000,0.0000,0.0495,0.0198,0.0000
0.2000,0.5079,1.0000,0.0374,0.0965,-6.9818,0.4996,0.0000,-0.0106,-0.0106,-0.0768,0.0000,0.0000,0.0583,0.0233,0.0000
0.1999,0.4491,1.0000,0.0458,0.0965,-7.0268,0.5039,0.0000,-0.0134,-0.0134,-0.0762,0.0000,0.0000,0.0583,0.0233,0.0000
0.2000,0.5569,1.0000,0.0374,-0.0000,-7.0717,0.5072,0.0000,-0.0022,-0.0022,0.0011,0.0000,0.0000,-0.0000,-0.0000,0.0000
0.2000,0.5604,1.0000,0.0291,-0.0000,-7.1158,0.5101,0.0000,-0.0024,-0.0024,0.0019,0.0000,0.0000,-0.0000,-0.0000,0.0000
0.2000,0.5101,1.0000,0.0207,-0.0000,-7.1606,0.5134,0.0000,-0.0029,-0.0029,0.0030,0.0000,0.0000,-0.0000,-0.0000,0.0000
0.1999,0.4442,1.0000,0.0123,-0.0000,-7.2045,0.5163,0.0000,-0.0032,-0.0032,0.0040,0.0000,0.0000,-0.0000,-0.0000,0.0000
0.2000,0.4461,1.0000,0.0000,-0.0000,-7.2469,0.5216,0.0000,-0.0060,-0.0060,0.0048,0.0000,0.0000,-0.0000,-0.0000,0.0000
0.2000,0.5002,1.0000,0.0000,0.0000,-7.3101,0.5074,0.0000,0.0120,0.0120,0.0050,0.0000,0.0000,0.0000,0.0000,0.0000
0.2000,0.4643,1.0000,0.0084,0.0341,-7.3542,0.5093,0.0000,0.0264,0.0264,-0.0517,0.0000,0.0000,0.0206,0.0082,0.0000
0.2000,0.4540,1.0000,0.0168,0.0341,-7.3979,0.5123,0.0000,0.0238,0.0238,-0.0511,0.0000,0.0000,0.0206,0.0082,0.0000
0.2000,0.5206,1.0000,0.0252,0.0341,-7.4407,0.5156,0.0000,0.0185,0.0185,-0.0520,0.0000,0.0000,0.0206,0.0082,0.0000
0.2000,0.4512,1.0000,0.0334,0.0341,-7.4825,0.5189,0.0000,0.0170,0.0170,-0.0518,0.0000,0.0000,0.0206,0.0082,0.0000
0.1999,0.4149,1.0000,0.0418,0.0341,-7.5237,0.5204,0.0000,0.0163,0.0163,-0.0524,0.0000,0.0000,0.0206,0.0082,0.0000
0.2000,0.5050,1.0000,0.0502,0.0404,-7.5645,0.5219,0.0000,0.0316,0.0316,-0.1859,0.0000,0.0000,0.0244,0.0097,0.0000
0.2000,0.4711,1.0000,0.0586,0.0404,-7.6055,0.5233,0.0000,0.0279,0.0279,-0.1851,0.0000,0.0000,0.0244,0.0097,0.0000
0.1999,0.4418,1.0000,0.0670,0.0404,-7.6470,0.5254,0.0000,0.0231,0.0231,-0.1846,0.0000,0.0000,0.0244,0.0097,0.0000
0.1999,0.4328,1.0000,0.0754,0.0404,-7.6884,0.5273,0.0000,0.0168,0.0168,-0.1833,0.0000,0.0000,0.0244,0.0097,0.0000
0.2000,0.4655,1.0000,0.0838,0.0404,-7.7303,0.5294,0.0000,0.0063,0.0063,-0.1822,0.0000,0.0000,0.0244,0.0097,0.0000
0.1999,0.4367,1.0000,0.0922,0.0456,-7.7662,0.5296,0.0000,0.0278,0.0278,-0.1238,0.0000,0.0000,0.0275,0.0110,0.0000
0.1999,0.4298,1.0000,0.1006,0.0456,-7.8091,0.5323,0.0000,0.0226,0.0226,-0.1223,0.0000,0.0000,0.0275,0.0110,0.0000
0.1999,0.4138,1.0000,0.1090,0.0456,-7.8525,0.5338,0.0000,0.0190,0.0190,-0.1206,0.0000,0.0000,0.0275,0.0110,0.0000
0.2000,0.4643,1.0000,0.1173,0.0456,-7.9185,0.5440,0.0000,0.0012,0.0012,-0.1184,0.0000,0.0000,0.0275,0.0110,0.0000
0.2000,0.4721,1.0000,0.1257,0.0549,-7.9743,0.5568,0.0000,-0.0158,-0.0158,-0.1161,0.0000,0.0000,0.0331,0.0132,0.0000
0.1999,0.4395,1.0000,0.1340,0.0549,-8.0200,0.5596,0.0000,-0.0197,-0.0197,-0.1137,0.0000,0.0000,0.0331,0.0132,0.0000
0.1999,0.5118,1.0000,0.1339,0.0463,-8.0692,0.5587,0.0000,0.0210,0.0210,-0.1166,0.0000,0.0000,0.0279,0.0112,0.0000
0.2000,0.5416,1.0000,0.1423,0.0463,-8.1075,0.5592,0.0000,0.0164,0.0164,-0.1136,0.0000,0.0000,0.0279,0.0112,0.0000
0.1999,0.4442,1.0000,0.1507,0.0463,-8.1549,0.5595,0.0000,0.0183,0.0183,-0.1106,0.0000,0.0000,0.0279,0.0112,0.0000
0.1999,0.4912,1.0000,0.1591,0.0463,-8.2024,0.5581,0.0000,0.0142,0.0142,-0.1068,0.0000,0.0000,0.0279,0.0112,0.0000
0.1999,0.5055,1.0000,0.1675,0.0558,-8.2549,0.5583,0.0000,0.0095,0.0095,-0.1039,0.0000,0.0000,0.0337,0.0135,0.0000
0.1999,0.4395,1.0000,0.1758,0.0558,-8.3002,0.5578,0.0000,0.0106,0.0106,-0.0998,0.0000,0.0000,0.0337,0.0135,0.0000
0.2000,0.4815,1.0000,0.1674,-0.0000,-8.3454,0.5578,0.0000,0.0044,0.0044,0.0086,0.0000,0.0000,-0.0000,-0.0000,0.0000
0.2000,0.4588,1.0000,0.1590,-0.0000,-8.3941,0.5577,0.0000,0.0066,0.0066,0.0136,0.0000,0.0000,-0.0000,-0.0000,0.0000
0.2000,0.4809,1.0000,0.1506,-0.0000,-8.4403,0.5572,0.0000,0.0094,0.0094,0.0186,0.0000,0.0000,-0.0000,-0.0000,0.0000
0.2000,0.4658,1.0000,0.1422,-0.0000,-8.4834,0.5554,0.0000,0.0131,0.0131,0.0236,0.0000,0.0000,-0.0000,-0.0000,0.0000
0.2000,0.5085,1.0000,0.1338,-0.0000,-8.5261,0.5530,0.0000,0.0180,0.0180,0.0281,0.0000,0.0000,-0.0000,-0.0000,0.0000
0.1999,0.4353,1.0000,0.1422,0.0101,-8.5682,0.5489,0.0000,0.0316,0.0316,-0.1110,0.0000,0.0000,0.0061,0.0024,0.0000
0.1999,0.4342,1.0000,0.1506,0.0101,-8.6081,0.5461,0.0000,0.0303,0.0303,-0.1073,0.0000,0.0000,0.0061,0.0024,0.0000
0.1999,0.4341,1.0000,0.1590,0.0101,-8.6475,0.5439,0.0000,0.0286,0.0286,-0.1035,0.0000,0.0000,0.0061,0.0024,0.0000
0.1999,0.4306,1.0000,0.1674,0.0101,-8.6854,0.5416,0.0000,0.0271,0.0271,-0.1003,0.0000,0.0000,0.0061,0.0024,0.0000
0.2000,0.4793,1.0000,0.1654,0.0101,-8.7239,0.5388,0.0000,0.0235,0.0235,-0.0967,0.0000,0.0000,0.0061,0.0024,0.0000
0.2000,0.4831,1.0000,0.1570,-0.0000,-8.7611,0.5360,0.0000,0.0057,0.0057,0.0075,0.0000,0.0000,-0.0000,-0.0000,0.0000
0.1999,0.3805,1.0000,0.1486,-0.0000,-8.7991,0.5326,0.0000,0.0087,0.0087,0.0114,0.0000,0.0000,-0.0000,-0.0000,0.0000
0.2000,0.4057,1.0000,0.1402,-0.0000,-8.8372,0.5287,0.0000,0.0127,0.0127,0.0155,0.0000,0.0000,-0.0000,-0.0000,0.0000
0.2000,0.4724,1.0000,0.1318,-0.0000,-8.8762,0.5256,0.0000,0.0164,0.0164,0.0196,0.0000,0.0000,-0.0000,-0.0000,0.0000
0.1999,0.3908,1.0000,0.1234,-0.0000,-8.9182,0.5245,0.0000,0.0165,0.0165,0.0234,0.0000,0.0000,-0.0000,-0.0000,0.0000
0.1999,0.4043,1.0000,0.1150,-0.0000,-8.9577,0.5206,0.0000,0.0204,0.0204,0.0269,0.0000,0.0000,-0.0000,-0.0000,0.0000
0.2000,0.4613,1.0000,0.1169,-0.0064,-8.9979,0.5166,0.0000,0.0186,0.0186,-0.0609,0.0000,0.0000,-0.0039,-0.0016,0.0000
0.1999,0.4136,1.0000,0.1175,-0.0064,-9.0376,0.5143,0.0000,0.0185,0.0185,-0.0577,0.0000,0.0000,-0.0039,-0.0016,0.0000
0.1999,0.4457,1.0000,0.1149,-0.0064,-9.0787,0.5120,0.0000,0.0159,0.0159,-0.0548,0.0000,0.0000,-0.0039,-0.0016,0.0000
0.1999,0.4446,1.0000,0.1130,-0.0064,-9.1196,0.5091,0.0000,0.0148,0.0148,-0.0520,0.0000,0.0000,-0.0039,-0.0016,0.0000
0.2000,0.4647,1.0000,0.1104,-0.0064,-9.1613,0.5048,0.0000,0.0145,0.0145,-0.0489,0.0000,0.0000,-0.0039,-0.0016,0.0000
0.1999,0.4174,1.0000,0.1080,-0.0064,-9.2026,0.5033,0.0000,0.0131,0.0131,-0.0463,0.0000,0.0000,-0.0039,-0.0016,0.0000
0.2000,0.4646,1.0000,0.0996,-0.0210,-9.2452,0.4991,0.0000,0.0048,0.0048,-0.0130,0.0000,0.0000,-0.0127,-0.0051,0.0000
0.1999,0.3870,1.0000,0.0912,-0.0210,-9.2872,0.4951,0.0000,0.0065,0.0065,-0.0098,0.0000,0.0000,-0.0127,-0.0051,0.0000
0.2000,0.4970,1.0000,0.0828,-0.0210,-9.3292,0.4914,0.0000,0.0068,0.0068,-0.0074,0.0000,0.0000,-0.0127,-0.0051,0.0000
0.2000,0.4866,1.0000,0.0744,-0.0210,-9.3720,0.4873,0.0000,0.0080,0.0080,-0.0048,0.0000,0.0000,-0.0127,-0.0051,0.0000
0.2000,0.4967,1.0000,0.0660,-0.0238,-9.4149,0.4835,0.0000,0.0086,0.0086,-0.0034,0.0000,0.0000,-0.0144,-0.0057,0.0000
0.2000,0.4677,1.0000,0.0576,-0.0279,-9.4578,0.4785,0.0000,0.0040,0.0040,-0.0020,0.0000,0.0000,-0.0168,-0.0067,0.0000
0.2000,0.5261,1.0000,0.0492,-0.0279,-9.5004,0.4745,0.0000,0.0048,0.0048,-0.0005,0.0000,0.0000,-0.0168,-0.0067,0.0000
0.2000,0.4658,1.0000,0.0000,-0.0279,-9.5433,0.4717,0.0000,0.0045,0.0045,0.0013,0.0000,0.0000,-0.0168,-0.0067,0.0000
0.2000,0.4735,1.0000,0.0000,-0.0279,-9.5866,0.4687,0.0000,0.0042,0.0042,0.0026,0.0000,0.0000,-0.0168,-0.0067,0.0000
0.2000,0.4500,1.0000,0.0000,-0.0279,-9.6301,0.4656,0.0000,0.0039,0.0039,0.0038,0.0000,0.0000,-0.0168,-0.0067,0.0000
0.2000,0.5295,1.0000,0.0000,-0.0404,-9.6746,0.4636,0.0000,-0.0027,-0.0027,0.0104,0.0000,0.0000,-0.0244,-0.0097,0.0000
0.2000,0.4857,1.0000,0.0000,-0.0404,-9.7421,0.4403,0.0000,0.0151,0.0151,0.0110,0.0000,0.0000,-0.0244,-0.0097,0.0000
0.2000,0.5273,1.0000,0.0000,-0.0404,-9.7827,0.4412,0.0000,0.0114,0.0114,0.0113,0.0000,0.0000,-0.0244,-0.0097,0.0000
0.2000,0.4695,1.0000,0.0000,-0.0404,-9.8036,0.4514,0.0000,-0.0007,-0.0007,0.0115,0.0000,0.0000,-0.0244,-0.0097,0.0000
0.2000,0.4966,1.0000,0.0000,-0.0464,-9.8448,0.4497,0.0000,-0.0022,-0.0022,0.0111,0.0000,0.0000,-0.0280,-0.0112,0.0000
0.2000,0.4938,1.0000,0.0084,-0.0236,-9.8936,0.4436,0.0000,-0.0145,-0.0145,0.0877,0.0000,0.0000,-0.0142,-0.0057,0.0000
0.2000,0.4849,1.0000,0.0000,-0.0236,-9.9600,0.4286,0.0000,-0.0000,-0.0000,0.0874,0.0000,0.0000,-0.0142,-0.0057,0.0000
0.2000,0.5054,1.0000,-0.0084,-0.0236,-10.0240,0.4134,0.0000,0.0159,0.0159,0.0872,0.0000,0.0000,-0.0142,-0.0057,0.0000
0.1999,0.4172,1.0000,-0.0168,-0.0236,-10.0764,0.4047,0.0000,0.0207,0.0207,0.0871,0.0000,0.0000,-0.0142,-0.0057,0.0000
0.2000,0.4535,1.0000,-0.0252,-0.0281,-10.1151,0.4004,0.0000,0.0263,0.0263,0.0870,0.0000,0.0000,-0.0170,-0.0068,0.0000
0.1999,0.3857,1.0000,-0.0336,-0.0281,-10.1572,0.3952,0.0000,0.0285,0.0285,0.0863,0.0000,0.0000,-0.0170,-0.0068,0.0000
0.2000,0.4263,1.0000,-0.0252,-0.0275,-10.1972,0.3913,0.0000,0.0025,0.0025,-0.0065,0.0000,0.0000,-0.0166,-0.0066,0.0000
0.2000,0.4389,1.0000,-0.0193,-0.0275,-10.2360,0.3889,0.0000,0.0010,0.0010,-0.0077,0.0000,0.0000,-0.0166,-0.0066,0.0000
0.2000,0.3878,1.0000,-0.0159,-0.0275,-10.2750,0.3864,0.0000,-0.0002,-0.0002,-0.0084,0.0000,0.0000,-0.0166,-0.0066,0.0000
0.2000,0.4365,1.0000,-0.0115,-0.0275,-10.3146,0.3847,0.0000,-0.0027,-0.0027,-0.0098,0.0000,0.0000,-0.0166,-0.0066,0.0000
0.2000,0.3319,1.0000,-0.0090,-0.0275,-10.3553,0.3821,0.0000,-0.0035,-0.0035,-0.0106,0.0000,0.0000,-0.0166,-0.0066,0.0000
0.2000,0.4091,1.0000,-0.0057,-0.0275,-10.3955,0.3809,0.0000,-0.0065,-0.0065,-0.0108,0.0000,0.0000,-0.0166,-0.0066,0.0000
0.1999,0.3861,1.0000,-0.0141,-0.0432,-10.4361,0.3785,0.0000,-0.0148,-0.0148,0.0493,0.0000,0.0000,-0.0260,-0.0104,0.0000
0.1999,0.3960,1.0000,-0.0225,-0.0432,-10.4778,0.3750,0.0000,-0.0127,-0.0127,0.0484,0.0000,0.0000,-0.0260,-0.0104,0.0000
0.1999,0.4053,1.0000,-0.0308,-0.0432,-10.5206,0.3719,0.0000,-0.0109,-0.0109,0.0476,0.0000,0.0000,-0.0260,-0.0104,0.0000
0.1999,0.4031,1.0000,-0.0392,-0.0432,-10.5596,0.3687,0.0000,-0.0090,-0.0090,0.0477,0.0000,0.0000,-0.0260,-0.0104,0.0000
0.1999,0.4186,1.0000,-0.0476,-0.0432,-10.6051,0.3656,0.0000,-0.0073,-0.0073,0.0463,0.0000,0.0000,-0.0260,-0.0104,0.0000
0.1999,0.4315,1.0000,-0.0392,-0.0315,-10.6515,0.3617,0.0000,0.0006,0.0006,-0.0117,0.0000,0.0000,-0.0190,-0.0076,0.0000
0.2000,0.4770,1.0000,-0.0308,-0.0315,-10.6980,0.3590,0.0000,-0.0014,-0.0014,-0.0133,0.0000,0.0000,-0.0190,-0.0076,0.0000
0.2000,0.4987,1.0000,-0.0224,-0.0315,-10.7451,0.3564,0.0000,-0.0037,-0.0037,-0.0153,0.0000,0.0000,-0.0190,-0.0076,0.0000
0.2000,0.4579,1.0000,-0.0140,-0.0315,-10.7927,0.3550,0.0000,-0.0067,-0.0067,-0.0173,0.0000,0.0000,-0.0190,-0.0076,0.0000
0.2000,0.4888,1.0000,-0.0101,-0.0361,-10.8421,0.3518,0.0000,-0.0085,-0.0085,-0.0193,0.0000,0.0000,-0.0217,-0.0087,0.0000
0.2000,0.5273,1.0000,-0.0018,-0.0361,-10.8914,0.3492,0.0000,-0.0111,-0.0111,-0.0207,0.0000,0.0000,-0.0217,-0.0087,0.0000
0.2000,0.5049,1.0000,-0.0087,-0.0346,-10.9419,0.3458,0.0000,-0.0123,-0.0123,0.0692,0.0000,0.0000,-0.0209,-0.0083,0.0000
0.2000,0.4794,1.0000,-0.0171,-0.0346,-10.9929,0.3426,0.0000,-0.0100,-0.0100,0.0684,0.0000,0.0000,-0.0209,-0.0083,0.0000
0.2000,0.5467,1.0000,-0.0255,-0.0346,-11.0449,0.3399,0.0000,-0.0050,-0.0050,0.0681,0.0000,0.0000,-0.0209,-0.0083,0.0000
0.2000,0.4780,1.0000,-0.0339,-0.0346,-11.0955,0.3361,0.0000,-0.0035,-0.0035,0.0677,0.0000,0.0000,-0.0209,-0.0083,0.0000
0.2000,0.5597,1.0000,-0.0423,-0.0408,-11.1468,0.3336,0.0000,0.0018,0.0018,0.0672,0.0000,0.0000,-0.0246,-0.0098,0.0000
0.1999,0.5298,1.0000,-0.0507,-0.0408,-11.1973,0.3296,0.0000,0.0045,0.0045,0.0659,0.0000,0.0000,-0.0246,-0.0098,0.0000
0.2000,0.4548,1.0000,-0.0491,-0.0308,-11.2426,0.3230,0.0000,-0.0085,-0.0085,0.0671,0.0000,0.0000,-0.0185,-0.0074,0.0000
0.1999,0.5145,1.0000,-0.0572,-0.0308,-11.2915,0.3214,0.0000,-0.0051,-0.0051,0.0655,0.0000,0.0000,-0.0185,-0.0074,0.0000
0.1999,0.5145,1.0000,-0.0656,-0.0308,-11.3383,0.3189,0.0000,-0.0029,-0.0029,0.0635,0.0000,0.0000,-0.0185,-0.0074,0.0000
0.1999,0.4189,1.0000,-0.0740,-0.0308,-11.3835,0.3177,0.0000,-0.0048,-0.0048,0.0618,0.0000,0.0000,-0.0185,-0.0074,0.0000
0.1999,0.5158,1.0000,-0.0824,-0.0358,-11.4280,0.3151,0.0000,0.0005,0.0005,0.0602,0.0000,0.0000,-0.0216,-0.0086,0.0000
0.2000,0.3851,1.0000,-0.0740,-0.0338,-11.4712,0.3142,0.0000,-0.0012,-0.0012,-0.0099,0.0000,0.0000,-0.0204,-0.0082,0.0000
0.2000,0.5174,1.0000,-0.0656,-0.0338,-11.5141,0.3129,0.0000,-0.0039,-0.0039,-0.0125,0.0000,0.0000,-0.0204,-0.0082,0.0000
0.2000,0.4889,1.0000,-0.0572,-0.0338,-11.5556,0.3117,0.0000,-0.0056,-0.0056,-0.0148,0.0000,0.0000,-0.0204,-0.0082,0.0000
0.2000,0.4440,1.0000,-0.0489,-0.0338,-11.5964,0.3099,0.0000,-0.0067,-0.0067,-0.0175,0.0000,0.0000,-0.0204,-0.0082,0.0000
0.2000,0.2877,1.0000,-0.0405,-0.0338,-11.6386,0.3075,0.0000,-0.0059,-0.0059,-0.0195,0.0000,0.0000,-0.0204,-0.0082,0.0000
0.2000,0.3696,1.0000,-0.0321,-0.0173,-11.6806,0.3077,0.0000,-0.0017,-0.0017,-0.0053,0.0000,0.0000,-0.0104,-0.0042,0.0000
0.2000,0.4866,1.0000,-0.0237,-0.0173,-11.7237,0.3075,0.0000,-0.0045,-0.0045,-0.0076,0.0000,0.0000,-0.0104,-0.0042,0.0000
0.1999,0.4102,1.0000,-0.0153,-0.0173,-11.7682,0.3063,0.0000,-0.0053,-0.0053,-0.0090,0.0000,0.0000,-0.0104,-0.0042,0.0000
0.2000,0.4603,1.0000,-0.0069,-0.0173,-11.8176,0.3014,0.0000,-0.0035,-0.0035,-0.0110,0.0000,0.0000,-0.0104,-0.0042,0.0000
0.2000,0.3984,1.0000,-0.0005,-0.0173,-11.8649,0.2963,0.0000,-0.0005,-0.0005,-0.0121,0.0000,0.0000,-0.0104,-0.0042,0.0000
0.2000,0.4354,1.0000,0.0006,-0.0198,-11.9113,0.2922,0.0000,0.0010,0.0010,-0.0133,0.0000,0.0000,-0.0119,-0.0048,0.0000
0.1999,0.4059,1.0000,-0.0078,-0.0443,-11.9599,0.2904,0.0000,-0.0073,-0.0073,0.0446,0.0000,0.0000,-0.0267,-0.0107,0.0000
0.2000,0.4766,1.0000,-0.0162,-0.0443,-12.0108,0.2841,0.0000,0.0012,0.0012,0.0445,0.0000,0.0000,-0.0267,-0.0107,0.0000
0.2000,0.4715,1.0000,-0.0246,-0.0443,-12.0409,0.3418,0.0000,-0.0563,-0.0563,0.0443,0.0000,0.0000,-0.0267,-0.0107,0.0000
0.2000,0.4857,1.0000,-0.0329,-0.0443,-12.0693,0.3458,0.0000,-0.0598,-0.0598,0.0437,0.0000,0.0000,-0.0267,-0.0107,0.0000
0.2000,0.4467,1.0000,-0.0413,-0.0443,-12.1185,0.3460,0.0000,-0.0606,-0.0606,0.0423,0.0000,0.0000,-0.0267,-0.0107,0.0000
0.2000,0.4964,1.0000,-0.0497,-0.0525,-12.1761,0.3446,0.0000,-0.0576,-0.0576,0.0415,0.0000,0.0000,-0.0317,-0.0127,0.0000
0.2000,0.5379,1.0000,-0.0413,-0.0207,-12.2171,0.3484,0.0000,-0.0094,-0.0094,0.0232,0.0000,0.0000,-0.0125,-0.0050,0.0000
0.2000,0.4990,1.0000,-0.0483,-0.0207,-12.2690,0.3491,0.0000,-0.0112,-0.0112,0.0217,0.0000,0.0000,-0.0125,-0.0050,0.0000
0.1999,0.4933,1.0000,-0.0486,-0.0207,-12.3215,0.3487,0.0000,-0.0115,-0.0115,0.0197,0.0000,0.0000,-0.0125,-0.0050,0.0000
0.1999,0.4858,1.0000,-0.0451,-0.0207,-12.3628,0.3530,0.0000,-0.0165,-0.0165,0.0183,0.0000,0.0000,-0.0125,-0.0050,0.0000
0.1999,0.5349,1.0000,-0.0443,-0.0242,-12.4088,0.3549,0.0000,-0.0186,-0.0186,0.0169,0.0000,0.0000,-0.0146,-0.0058,0.0000
0.2000,0.4524,1.0000,-0.0359,0.0000,-12.4532,0.3587,0.0000,-0.0085,-0.0085,-0.0030,0.0000,0.0000,0.0000,0.0000,0.0000
0.2000,0.4389,1.0000,-0.0275,0.0000,-12.4965,0.3601,0.0000,-0.0113,-0.0113,-0.0050,0.0000,0.0000,0.0000,0.0000,0.0000
0.2000,0.4743,1.0000,-0.0191,0.0000,-12.5384,0.3626,0.0000,-0.0152,-0.0152,-0.0064,0.0000,0.0000,0.0000,0.0000,0.0000
0.2000,0.4681,1.0000,-0.0108,0.0000,-12.5801,0.3653,0.0000,-0.0193,-0.0193,-0.0080,0.0000,0.0000,0.0000,0.0000,0.0000
0.2000,0.4308,1.0000,-0.0024,0.0000,-12.6210,0.3682,0.0000,-0.0233,-0.0233,-0.0095,0.0000,0.0000,0.0000,0.0000,0.0000
0.2000,0.4432,1.0000,0.0060,0.0000,-12.6617,0.3704,0.0000,-0.0267,-0.0267,-0.0104,0.0000,0.0000,0.0000,0.0000,0.0000
0.2000,0.4607,1.0000,-0.0024,-0.0278,-12.7010,0.3726,0.0000,-0.0087,-0.0087,0.0140,0.0000,0.0000,-0.0168,-0.0067,0.0000
0.2000,0.4779,1.0000,-0.0107,-0.0278,-12.7402,0.3752,0.0000,-0.0113,-0.0113,0.0131,0.0000,0.0000,-0.0168,-0.0067,0.0000
0.2000,0.3944,1.0000,-0.0191,-0.0278,-12.7795,0.3775,0.0000,-0.0141,-0.0141,0.0130,0.0000,0.0000,-0.0168,-0.0067,0.0000
0.2000,0.3666,1.0000,-0.0275,-0.0278,-12.8198,0.3799,0.0000,-0.0167,-0.0167,0.0127,0.0000,0.0000,-0.0168,-0.0067,0.0000
0.2000,0.4049,1.0000,-0.0312,-0.0278,-12.8596,0.3820,0.0000,-0.0186,-0.0186,0.0123,0.0000,0.0000,-0.0168,-0.0067,0.0000
0.2000,0.3680,1.0000,-0.0233,-0.0115,-12.9007,0.3847,0.0000,-0.0099,-0.0099,0.0157,0.0000,0.0000,-0.0069,-0.0028,0.0000
0.2000,0.3924,1.0000,-0.0253,-0.0115,-12.9422,0.3887,0.0000,-0.0136,-0.0136,0.0147,0.0000,0.0000,-0.0069,-0.0028,0.0000
0.2000,0.3714,1.0000,-0.0229,-0.0115,-12.9845,0.3934,0.0000,-0.0187,-0.0187,0.0128,0.0000,0.0000,-0.0069,-0.0028,0.0000
0.2000,0.4375,1.0000,-0.0186,-0.0115,-13.0257,0.3994,0.0000,-0.0242,-0.0242,0.0121,0.0000,0.0000,-0.0069,-0.0028,0.0000
0.1999,0.4817,1.0000,-0.0132,-0.0115,-13.0689,0.4041,0.0000,-0.0285,-0.0285,0.0110,0.0000,0.0000,-0.0069,-0.0028,0.0000
0.1999,0.5342,1.0000,-0.0092,-0.0134,-13.1116,0.4075,0.0000,-0.0316,-0.0316,0.0102,0.0000,0.0000,-0.0080,-0.0032,0.0000
0.2000,0.4640,1.0000,-0.0008,0.0000,-13.1559,0.4114,0.0000,-0.0081,-0.0081,-0.0014,0.0000,0.0000,0.0000,0.0000,0.0000
0.2000,0.4203,1.0000,0.0033,0.0000,-13.2614,0.4049,0.0000,-0.0025,-0.0025,-0.0031,0.0000,0.0000,0.0000,0.0000,0.0000
0.1999,0.5297,1.0000,0.0084,0.0000,-13.3086,0.4076,0.0000,-0.0057,-0.0057,-0.0035,0.0000,0.0000,0.0000,0.0000,0.0000
0.1999,0.5075,1.0000,0.0130,0.0000,-13.3577,0.4105,0.0000,-0.0091,-0.0091,-0.0044,0.0000,0.0000,0.0000,0.0000,0.0000
0.1998,0.4701,1.0000,0.0000,0.0000,-13.4044,0.4151,0.0000,-0.0139,-0.0139,-0.0044,0.0000,0.0000,0.0000,0.0000,0.0000
0.2000,0.4662,1.0000,0.0000,-0.0000,-13.4544,0.4157,0.0000,-0.0055,-0.0055,-0.0010,0.0000,0.0000,-0.0000,-0.0000,0.0000
0.1999,0.5051,1.0000,0.0000,-0.0000,-13.5057,0.4184,0.0000,-0.0082,-0.0082,-0.0005,0.0000,0.0000,-0.0000,-0.0000,0.0000
0.2000,0.4821,1.0000,0.0000,-0.0000,-13.5498,0.4222,0.0000,-0.0121,-0.0121,-0.0010,0.0000,0.0000,-0.0000,-0.0000,0.0000
0.2000,0.5272,1.0000,0.0000,-0.0000,-13.5937,0.4282,0.0000,-0.0182,-0.0182,-0.0011,0.0000,0.0000,-0.0000,-0.0000,0.0000
0.2000,0.5019,1.0000,0.0000,-0.0000,-13.6422,0.4338,0.0000,-0.0237,-0.0237,-0.0008,0.0000,0.0000,-0.0000,-0.0000,0.0000
0.2000,0.4741,1.0000,0.0000,-0.0000,-13.7429,0.3773,0.0000,0.0327,0.0327,-0.0006,0.0000,0.0000,-0.0000,-0.0000,0.0000
0.2000,0.4903,1.0000,0.0042,-0.0043,-13.8037,0.3734,0.0000,0.0665,0.0665,-0.0670,0.0000,0.0000,-0.0026,-0.0010,0.0000
0.2000,0.5530,1.0000,0.0126,-0.0044,-13.8749,0.3523,0.0000,0.0805,0.0805,-0.0673,0.0000,0.0000,-0.0027,-0.0011,0.0000
0.2000,0.4586,1.0000,0.0209,-0.0044,-13.9207,0.3515,0.0000,0.0814,0.0814,-0.0676,0.0000,0.0000,-0.0027,-0.0011,0.0000
0.2000,0.5023,1.0000,0.0293,-0.0044,-13.9616,0.3528,0.0000,0.0759,0.0759,-0.0673,0.0000,0.0000,-0.0027,-0.0011,0.0000
0.2000,0.4662,1.0000,0.0377,-0.0044,-14.0124,0.3491,0.0000,0.0772,0.0772,-0.0681,0.0000,0.0000,-0.0027,-0.0011,0.0000
0.2000,0.4662,1.0000,0.0441,-0.0063,-14.0471,0.3523,0.0000,0.0118,0.0118,-0.0632,0.0000,0.0000,-0.0038,-0.0015,0.0000
0.2000,0.4948,1.0000,0.0525,-0.0063,-14.0969,0.3509,0.0000,0.0092,0.0092,-0.0630,0.0000,0.0000,-0.0038,-0.0015,0.0000
0.2000,0.4891,1.0000,0.0608,-0.0063,-14.1438,0.3506,0.0000,0.0071,0.0071,-0.0620,0.0000,0.0000,-0.0038,-0.0015,0.0000
0.2000,0.4613,1.0000,0.0692,-0.0063,-14.1881,0.3499,0.0000,0.0060,0.0060,-0.0615,0.0000,0.0000,-0.0038,-0.0015,0.0000
0.2000,0.4706,1.0000,0.0772,-0.0067,-14.2386,0.3469,0.0000,0.0057,0.0057,-0.0611,0.0000,0.0000,-0.0040,-0.0016,0.0000
0.2000,0.4545,1.0000,0.0856,-0.0067,-14.2826,0.3459,0.0000,0.0047,0.0047,-0.0600,0.0000,0.0000,-0.0040,-0.0016,0.0000
0.1999,0.4027,1.0000,0.0772,-0.0128,-14.3224,0.3460,0.0000,-0.0055,-0.0055,0.0332,0.0000,0.0000,-0.0077,-0.0031,0.0000
0.2000,0.4823,1.0000,0.0688,-0.0128,-14.3681,0.3443,0.0000,-0.0007,-0.0007,0.0346,0.0000,0.0000,-0.0077,-0.0031,0.0000
0.1999,0.4239,1.0000,0.0604,-0.0128,-14.4135,0.3431,0.0000,0.0011,0.0011,0.0363,0.0000,0.0000,-0.0077,-0.0031,0.0000
0.1999,0.4150,1.0000,0.0520,-0.0128,-14.4597,0.3426,0.0000,0.0032,0.0032,0.0381,0.0000,0.0000,-0.0077,-0.0031,0.0000
0.2000,0.4789,1.0000,0.0436,-0.0152,-14.5058,0.3422,0.0000,0.0066,0.0066,0.0397,0.0000,0.0000,-0.0092,-0.0037,0.0000
0.2000,0.4739,1.0000,0.0504,0.0000,-14.5534,0.3408,0.0000,0.0017,0.0017,0.0030,0.0000,0.0000,0.0000,0.0000,0.0000
0.2000,0.4290,1.0000,0.0420,0.0000,-14.5986,0.3354,0.0000,0.0068,0.0068,0.0036,0.0000,0.0000,0.0000,0.0000,0.0000
0.2000,0.4495,1.0000,0.0336,0.0000,-14.6482,0.3318,0.0000,0.0103,0.0103,0.0048,0.0000,0.0000,0.0000,0.0000,0.0000
0.2000,0.4557,1.0000,0.0252,0.0000,-14.6971,0.3297,0.0000,0.0124,0.0124,0.0065,0.0000,0.0000,0.0000,0.0000,0.0000
0.2000,0.3913,1.0000,0.0168,0.0000,-14.7485,0.3279,0.0000,0.0137,0.0137,0.0070,0.0000,0.0000,0.0000,0.0000,0.0000
0.2000,0.4614,1.0000,0.0084,0.0000,-14.8006,0.3255,0.0000,0.0161,0.0161,0.0080,0.0000,0.0000,0.0000,0.0000,0.0000
0.2000,0.5200,1.0000,0.0000,0.0000,-14.8526,0.3231,0.0000,0.0037,0.0037,0.0018,0.0000,0.0000,0.0000,0.0000,0.0000
0.1999,0.4909,1.0000,-0.0046,0.0000,-14.9051,0.3205,0.0000,0.0055,0.0055,0.0020,0.0000,0.0000,0.0000,0.0000,0.0000
0.1999,0.5145,1.0000,-0.0073,0.0000,-14.9576,0.3184,0.0000,0.0068,0.0068,0.0017,0.0000,0.0000,0.0000,0.0000,0.0000
0.1999,0.4869,1.0000,-0.0086,0.0000,-15.0100,0.3161,0.0000,0.0082,0.0082,0.0015,0.0000,0.0000,0.0000,0.0000,0.0000
0.1998,0.4676,1.0000,0.0000,0.0000,-15.0621,0.3154,0.0000,0.0080,0.0080,0.0010,0.0000,0.0000,0.0000,0.0000,0.0000
0.1999,0.4768,1.0000,0.0000,0.0000,-15.1150,0.3143,0.0000,0.0082,0.0082,0.0006,0.0000,0.0000,0.0000,0.0000,0.0000
0.1998,0.4717,1.0000,0.0000,-0.0000,-15.1671,0.3130,0.0000,0.0005,0.0005,-0.0008,0.0000,0.0000,-0.0000,-0.0000,0.0000
0.1999,0.4966,1.0000,0.0000,-0.0000,-15.2186,0.3126,0.0000,0.0001,0.0001,-0.0006,0.0000,0.0000,-0.0000,-0.0000,0.0000
0.2000,0.4446,1.0000,0.0000,-0.0000,-15.2709,0.3110,0.0000,0.0009,0.0009,-0.0007,0.0000,0.0000,-0.0000,-0.0000,0.0000
0.1999,0.5015,1.0000,0.0000,0.0000,-15.3230,0.3098,0.0000,0.0010,0.0010,-0.0015,0.0000,0.0000,0.0000,0.0000,0.0000
0.2000,0.4466,1.0000,0.0000,0.0000,-15.3741,0.3096,0.0000,0.0004,0.0004,-0.0014,0.0000,0.0000,0.0000,0.0000,0.0000
0.1998,0.4754,1.0000,0.0000,0.0000,-15.4244,0.3092,0.0000,-0.0010,-0.0010,-0.0005,0.0000,0.0000,0.0000,0.0000,0.0000
0.2000,0.4209,1.0000,0.0000,0.0000,-15.4748,0.3093,0.0000,-0.0019,-0.0019,-0.0006,0.0000,0.0000,0.0000,0.0000,0.0000
0.1998,0.4723,1.0000,0.0000,0.0000,-15.5240,0.3085,0.0000,-0.0020,-0.0020,-0.0011,0.0000,0.0000,0.0000,0.0000,0.0000
0.2000,0.4454,1.0000,0.0000,0.0000,-15.5728,0.3085,0.0000,-0.0027,-0.0027,-0.0013,0.0000,0.0000,0.0000,0.0000,0.0000
0.2000,0.3875,1.0000,0.0000,0.0000,-15.6209,0.3089,0.0000,-0.0038,-0.0038,-0.0016,0.0000,0.0000,0.0000,0.0000,0.0000
0.2000,0.4228,1.0000,0.0000,-0.0228,-15.6685,0.3095,0.0000,-0.0071,-0.0071,0.0232,0.0000,0.0000,-0.0137,-0.0055,0.0000
0.2000,0.3571,1.0000,0.0000,-0.0228,-15.7159,0.3104,0.0000,-0.0084,-0.0084,0.0229,0.0000,0.0000,-0.0137,-0.0055,0.0000
0.2000,0.4954,1.0000,0.0000,-0.0228,-15.7478,0.3188,0.0000,-0.0149,-0.0149,0.0226,0.0000,0.0000,-0.0137,-0.0055,0.0000
0.2000,0.4074,1.0000,0.0000,-0.0228,-15.7935,0.3210,0.0000,-0.0178,-0.0178,0.0222,0.0000,0.0000,-0.0137,-0.0055,0.0000
0.2000,0.3373,1.0000,0.0000,-0.0228,-15.8514,0.3195,0.0000,-0.0164,-0.0164,0.0221,0.0000,0.0000,-0.0137,-0.0055,0.0000
0.1999,0.4138,1.0000,-0.0042,-0.0185,-15.8042,0.3192,0.0000,-0.0081,-0.0081,0.0342,0.0000,0.0000,-0.0111,-0.0044,0.0000
0.1999,0.4015,1.0000,-0.0125,-0.0185,-15.8423,0.3224,0.0000,-0.0106,-0.0106,0.0341,0.0000,0.0000,-0.0111,-0.0044,0.0000
0.2000,0.4307,1.0000,-0.0208,-0.0185,-15.8791,0.3235,0.0000,-0.0105,-0.0105,0.0342,0.0000,0.0000,-0.0111,-0.0044,0.0000
0.2000,0.4357,1.0000,-0.0292,-0.0185,-15.9199,0.3245,0.0000,-0.0105,-0.0105,0.0336,0.0000,0.0000,-0.0111,-0.0044,0.0000
0.2000,0.4270,1.0000,-0.0375,-0.0185,-15.9479,0.3293,0.0000,-0.0151,-0.0151,0.0325,0.0000,0.0000,-0.0111,-0.0044,0.0000
0.1999,0.3714,1.0000,-0.0291,0.0000,-15.9900,0.3290,0.0000,-0.0057,-0.0057,-0.0022,0.0000,0.0000,0.0000,0.0000,0.0000
0.2000,0.4707,1.0000,-0.0208,0.0000,-16.0344,0.3308,0.0000,-0.0082,-0.0082,-0.0031,0.0000,0.0000,0.0000,0.0000,0.0000
0.2000,0.4927,1.0000,-0.0124,0.0000,-16.0803,0.3331,0.0000,-0.0117,-0.0117,-0.0055,0.0000,0.0000,0.0000,0.0000,0.0000
0.2000,0.4895,1.0000,-0.0040,0.0000,-16.1255,0.3366,0.0000,-0.0159,-0.0159,-0.0065,0.0000,0.0000,0.0000,0.0000,0.0000
0.2000,0.4775,1.0000,0.0044,0.0000,-16.1715,0.3377,0.0000,-0.0180,-0.0180,-0.0086,0.0000,0.0000,0.0000,0.0000,0.0000
0.1999,0.4393,1.0000,0.0128,-0.0000,-16.2170,0.3395,0.0000,-0.0203,-0.0203,-0.0094,0.0000,0.0000,-0.0000,-0.0000,0.0000
0.2001,0.5871,1.0000,0.0088,0.0000,-16.2628,0.3402,0.0000,-0.0031,-0.0031,-0.0011,0.0000,0.0000,0.0000,0.0000,0.0000
0.2000,0.4535,1.0000,0.0073,0.0000,-16.3089,0.3405,0.0000,-0.0035,-0.0035,-0.0016,0.0000,0.0000,0.0000,0.0000,0.0000
0.2000,0.4635,1.0000,0.0080,0.0000,-16.3595,0.3423,0.0000,-0.0055,-0.0055,-0.0020,0.0000,0.0000,0.0000,0.0000,0.0000
0.1999,0.5071,1.0000,0.0090,0.0000,-16.4054,0.3429,0.0000,-0.0063,-0.0063,-0.0022,0.0000,0.0000,0.0000,0.0000,0.0000
0.1998,0.4708,1.0000,0.0000,0.0000,-16.4498,0.3427,0.0000,-0.0061,-0.0061,-0.0021,0.0000,0.0000,0.0000,0.0000,0.0000
0.2000,0.4503,1.0000,0.0000,0.0000,-16.4939,0.3423,0.0000,0.0008,0.0008,0.0007,0.0000,0.0000,0.0000,0.0000,0.0000
0.2000,0.4484,1.0000,0.0000,0.0000,-16.5369,0.3427,0.0000,0.0004,0.0004,0.0008,0.0000,0.0000,0.0000,0.0000,0.0000
0.2000,0.4395,1.0000,0.0000,0.0000,-16.5792,0.3435,0.0000,-0.0004,-0.0004,0.0010,0.0000,0.0000,0.0000,0.0000,0.0000
0.2000,0.3852,1.0000,0.0000,0.0000,-16.6193,0.3430,0.0000,0.0001,0.0001,0.0008,0.0000,0.0000,0.0000,0.0000,0.0000
0.2000,0.3852,1.0000,0.0000,0.0000,-16.6594,0.3421,0.0000,0.0008,0.0008,0.0003,0.0000,0.0000,0.0000,0.0000,0.0000
0.1999,0.4456,1.0000,0.0000,0.0000,-16.6995,0.3412,0.0000,0.0017,0.0017,0.0002,0.0000,0.0000,0.0000,0.0000,0.0000
0.1999,0.4830,1.0000,0.0000,0.0000,-16.7380,0.3405,0.0000,0.0015,0.0015,-0.0000,0.0000,0.0000,0.0000,0.0000,0.0000
0.2000,0.3751,1.0000,0.0000,0.0000,-16.7763,0.3400,0.0000,0.0019,0.0019,-0.0004,0.0000,0.0000,0.0000,0.0000,0.0000
0.2000,0.3825,1.0000,0.0000,0.0000,-16.8139,0.3391,0.0000,0.0028,0.0028,-0.0007,0.0000,0.0000,0.0000,0.0000,0.0000
0.2000,0.3730,1.0000,0.0000,0.0000,-16.8509,0.3374,0.0000,0.0044,0.0044,-0.0012,0.0000,0.0000,0.0000,0.0000,0.0000
0.2000,0.3330,1.0000,0.0000,0.0000,-16.8882,0.3362,0.0000,0.0056,0.0056,-0.0015,0.0000,0.0000,0.0000,0.0000,0.0000
0.2000,0.3829,1.0000,0.0000,-0.0000,-16.9249,0.3356,0.0000,0.0018,0.0018,-0.0003,0.0000,0.0000,-0.0000,-0.0000,0.0000
0.2000,0.4073,1.0000,0.0000,-0.0000,-16.9665,0.3404,0.0000,-0.0030,-0.0030,-0.0008,0.0000,0.0000,-0.0000,-0.0000,0.0000
0.2000,0.3941,1.0000,0.0000,-0.0000,-17.0025,0.3411,0.0000,-0.0037,-0.0037,-0.0007,0.0000,0.0000,-0.0000,-0.0000,0.0000
0.2000,0.3776,1.0000,0.0000,-0.0000,-17.0429,0.3530,0.0000,-0.0157,-0.0157,-0.0009,0.0000,0.0000,-0.0000,-0.0000,0.0000
0.2000,0.3646,1.0000,0.0000,-0.0000,-17.0870,0.3523,0.0000,-0.0149,-0.0149,-0.0008,0.0000,0.0000,-0.0000,-0.0000,0.0000
0.2000,0.3642,1.0000,0.0000,-0.0000,-17.1301,0.3495,0.0000,-0.0121,-0.0121,-0.0010,0.0000,0.0000,-0.0000,-0.0000,0.0000
0.2000,0.3800,1.0000,-0.0029,-0.0113,-17.1605,0.3565,0.0000,0.0017,0.0017,-0.0251,0.0000,0.0000,-0.0068,-0.0027,0.0000
0.2000,0.3731,1.0000,0.0055,-0.0113,-17.2029,0.3562,0.0000,0.0011,0.0011,-0.0252,0.0000,0.0000,-0.0068,-0.0027,0.0000
0.2000,0.3843,1.0000,0.0138,-0.0113,-17.2384,0.3547,0.0000,0.0016,0.0016,-0.0252,0.0000,0.0000,-0.0068,-0.0027,0.0000
0.2000,0.3684,1.0000,0.0221,-0.0113,-17.2782,0.3562,0.0000,-0.0008,-0.0008,-0.0258,0.0000,0.0000,-0.0068,-0.0027,0.0000
0.1999,0.4028,1.0000,0.0305,-0.0113,-17.3173,0.3571,0.0000,-0.0030,-0.0030,-0.0258,0.0000,0.0000,-0.0068,-0.0027,0.0000
0.1999,0.3576,1.0000,0.0221,-0.0339,-17.3580,0.3578,0.0000,-0.0001,-0.0001,-0.0052,0.0000,0.0000,-0.0204,-0.0082,0.0000
0.2000,0.4000,1.0000,0.0138,-0.0339,-17.3999,0.3583,0.0000,-0.0008,-0.0008,-0.0051,0.0000,0.0000,-0.0204,-0.0082,0.0000
0.2000,0.4666,1.0000,0.0054,-0.0339,-17.4424,0.3587,0.0000,-0.0014,-0.0014,-0.0044,0.0000,0.0000,-0.0204,-0.0082,0.0000
0.1999,0.4447,1.0000,-0.0030,-0.0339,-17.4865,0.3582,0.0000,-0.0009,-0.0009,-0.0044,0.0000,0.0000,-0.0204,-0.0082,0.0000
0.2000,0.4763,1.0000,-0.0114,-0.0339,-17.5307,0.3570,0.0000,0.0001,0.0001,-0.0045,0.0000,0.0000,-0.0204,-0.0082,0.0000
0.2000,0.4492,1.0000,-0.0198,-0.0394,-17.5754,0.3559,0.0000,0.0013,0.0013,-0.0039,0.0000,0.0000,-0.0238,-0.0095,0.0000
0.2000,0.5007,1.0000,-0.0114,-0.0097,-17.6204,0.3551,0.0000,0.0062,0.0062,-0.0259,0.0000,0.0000,-0.0058,-0.0023,0.0000
0.2000,0.5058,1.0000,-0.0030,-0.0097,-17.6650,0.3562,0.0000,0.0040,0.0040,-0.0261,0.0000,0.0000,-0.0058,-0.0023,0.0000
0.2000,0.5055,1.0000,0.0053,-0.0097,-17.7101,0.3578,0.0000,0.0013,0.0013,-0.0265,0.0000,0.0000,-0.0058,-0.0023,0.0000
0.2000,0.4639,1.0000,0.0137,-0.0097,-17.7541,0.3588,0.0000,-0.0005,-0.0005,-0.0277,0.0000,0.0000,-0.0058,-0.0023,0.0000
0.2000,0.4885,1.0000,0.0207,-0.0111,-17.7968,0.3587,0.0000,-0.0019,-0.0019,-0.0280,0.0000,0.0000,-0.0067,-0.0027,0.0000
0.2000,0.4715,1.0000,0.0291,-0.0054,-17.8356,0.3531,0.0000,0.0133,0.0133,-0.0405,0.0000,0.0000,-0.0032,-0.0013,0.0000
0.2000,0.4626,1.0000,0.0375,-0.0054,-17.8782,0.3527,0.0000,0.0124,0.0124,-0.0402,0.0000,0.0000,-0.0032,-0.0013,0.0000
0.1999,0.4041,1.0000,0.0459,-0.0054,-17.9190,0.3496,0.0000,0.0152,0.0152,-0.0400,0.0000,0.0000,-0.0032,-0.0013,0.0000
0.1999,0.3636,1.0000,0.0518,-0.0054,-17.9617,0.3459,0.0000,0.0183,0.0183,-0.0393,0.0000,0.0000,-0.0032,-0.0013,0.0000
0.2000,0.4639,1.0000,0.0561,-0.0054,-18.0024,0.3415,0.0000,0.0193,0.0193,-0.0388,0.0000,0.0000,-0.0032,-0.0013,0.0000
0.2000,0.5427,1.0000,0.0602,-0.0059,-18.0451,0.3390,0.0000,0.0189,0.0189,-0.0380,0.0000,0.0000,-0.0036,-0.0014,0.0000
0.1999,0.3895,1.0000,0.0686,0.0011,-18.0862,0.3356,0.0000,0.0172,0.0172,-0.0465,0.0000,0.0000,0.0007,0.0003,0.0000
0.1999,0.4229,1.0000,0.0767,0.0011,-18.1230,0.3357,0.0000,0.0148,0.0148,-0.0455,0.0000,0.0000,0.0007,0.0003,0.0000
0.1999,0.4077,1.0000,0.0845,0.0011,-18.1578,0.3453,0.0000,0.0042,0.0042,-0.0442,0.0000,0.0000,0.0007,0.0003,0.0000
0.2000,0.4738,1.0000,0.0920,0.0011,-18.1914,0.3408,0.0000,0.0058,0.0058,-0.0437,0.0000,0.0000,0.0007,0.0003,0.0000
0.1999,0.4322,1.0000,0.0937,0.0011,-18.2287,0.3376,0.0000,0.0086,0.0086,-0.0422,0.0000,0.0000,0.0007,0.0003,0.0000
0.1999,0.3723,1.0000,0.0853,-0.0000,-18.2652,0.3329,0.0000,0.0083,0.0083,0.0027,0.0000,0.0000,-0.0000,-0.0000,0.0000
0.1999,0.3727,1.0000,0.0769,-0.0000,-18.3011,0.3304,0.0000,0.0110,0.0110,0.0045,0.0000,0.0000,-0.0000,-0.0000,0.0000
0.2000,0.4313,1.0000,0.0685,-0.0000,-18.3316,0.3192,0.0000,0.0227,0.0227,0.0064,0.0000,0.0000,-0.0000,-0.0000,0.0000
0.1999,0.4254,1.0000,0.0604,-0.0000,-18.3689,0.3160,0.0000,0.0261,0.0261,0.0080,0.0000,0.0000,-0.0000,-0.0000,0.0000
0.1999,0.3687,1.0000,0.0520,-0.0000,-18.4133,0.3166,0.0000,0.0255,0.0255,0.0098,0.0000,0.0000,-0.0000,-0.0000,0.0000
0.1999,0.3794,1.0000,0.0490,-0.0102,-18.4501,0.3164,0.0000,0.0084,0.0084,-0.0358,0.0000,0.0000,-0.0061,-0.0025,0.0000
0.1999,0.3892,1.0000,0.0501,-0.0102,-18.4904,0.3123,0.0000,0.0106,0.0106,-0.0345,0.0000,0.0000,-0.0061,-0.0025,0.0000
0.2000,0.4620,1.0000,0.0500,-0.0102,-18.5316,0.3078,0.0000,0.0121,0.0121,-0.0333,0.0000,0.0000,-0.0061,-0.0025,0.0000
0.1999,0.4931,1.0000,0.0463,-0.0102,-18.5735,0.3037,0.0000,0.0138,0.0138,-0.0325,0.0000,0.0000,-0.0061,-0.0025,0.0000
0.1999,0.5005,1.0000,0.0419,-0.0102,-18.6148,0.3005,0.0000,0.0152,0.0152,-0.0306,0.0000,0.0000,-0.0061,-0.0025,0.0000
0.1999,0.4201,1.0000,0.0376,-0.0102,-18.6577,0.2973,0.0000,0.0178,0.0178,-0.0295,0.0000,0.0000,-0.0061,-0.0025,0.0000
0.2000,0.2963,1.0000,0.0429,-0.0080,-18.7012,0.2930,0.0000,0.0172,0.0172,-0.0385,0.0000,0.0000,-0.0048,-0.0019,0.0000
0.2000,0.5144,1.0000,0.0513,-0.0080,-18.7446,0.2879,0.0000,0.0156,0.0156,-0.0378,0.0000,0.0000,-0.0048,-0.0019,0.0000
0.1999,0.4994,1.0000,0.0504,-0.0080,-18.7880,0.2831,0.0000,0.0182,0.0182,-0.0369,0.0000,0.0000,-0.0048,-0.0019,0.0000
0.1998,0.4721,1.0000,0.0466,-0.0080,-18.8306,0.2784,0.0000,0.0212,0.0212,-0.0355,0.0000,0.0000,-0.0048,-0.0019,0.0000
0.2000,0.5619,1.0000,0.0457,-0.0089,-18.8742,0.2738,0.0000,0.0217,0.0217,-0.0349,0.0000,0.0000,-0.0054,-0.0021,0.0000
0.1999,0.4925,1.0000,0.0401,-0.0089,-18.9175,0.2697,0.0000,0.0249,0.0249,-0.0331,0.0000,0.0000,-0.0054,-0.0021,0.0000
0.2000,0.4550,1.0000,0.0485,-0.0061,-18.9600,0.2650,0.0000,0.0167,0.0167,-0.0480,0.0000,0.0000,-0.0037,-0.0015,0.0000
0.2000,0.4543,1.0000,0.0569,-0.0061,-19.0011,0.2603,0.0000,0.0187,0.0187,-0.0464,0.0000,0.0000,-0.0037,-0.0015,0.0000
0.2000,0.4927,1.0000,0.0653,-0.0061,-19.0427,0.2549,0.0000,0.0202,0.0202,-0.0455,0.0000,0.0000,-0.0037,-0.0015,0.0000
0.1999,0.4472,1.0000,0.0636,-0.0061,-19.0607,0.2480,0.0000,0.0271,0.0271,-0.0441,0.0000,0.0000,-0.0037,-0.0015,0.0000
0.1999,0.4054,1.0000,0.0590,-0.0061,-19.0990,0.2415,0.0000,0.0317,0.0317,-0.0435,0.0000,0.0000,-0.0037,-0.0015,0.0000
0.1999,0.5077,1.0000,0.0506,-0.0083,-19.1354,0.2351,0.0000,0.0161,0.0161,-0.0273,0.0000,0.0000,-0.0050,-0.0020,0.0000
0.1998,0.4670,1.0000,0.0422,-0.0083,-19.1715,0.2286,0.0000,0.0213,0.0213,-0.0259,0.0000,0.0000,-0.0050,-0.0020,0.0000
0.1999,0.4294,1.0000,0.0346,-0.0083,-19.2153,0.2321,0.0000,0.0157,0.0157,-0.0249,0.0000,0.0000,-0.0050,-0.0020,0.0000
0.1999,0.4473,1.0000,0.0273,-0.0083,-19.2505,0.2271,0.0000,0.0187,0.0187,-0.0233,0.0000,0.0000,-0.0050,-0.0020,0.0000
0.2000,0.4592,1.0000,0.0211,-0.0083,-19.2850,0.2212,0.0000,0.0226,0.0226,-0.0222,0.0000,0.0000,-0.0050,-0.0020,0.0000
0.2000,0.4490,1.0000,0.0150,-0.0083,-19.3197,0.2153,0.0000,0.0268,0.0268,-0.0210,0.0000,0.0000,-0.0050,-0.0020,0.0000
0.2000,0.3443,1.0000,0.0234,-0.0035,-19.3540,0.2095,0.0000,0.0188,0.0188,-0.0353,0.0000,0.0000,-0.0021,-0.0008,0.0000
0.2000,0.3915,1.0000,0.0318,-0.0035,-19.3879,0.2046,0.0000,0.0203,0.0203,-0.0348,0.0000,0.0000,-0.0021,-0.0008,0.0000
0.2000,0.3903,1.0000,0.0364,-0.0035,-19.4215,0.1991,0.0000,0.0233,0.0233,-0.0347,0.0000,0.0000,-0.0021,-0.0008,0.0000
0.2000,0.3879,1.0000,0.0373,-0.0035,-19.4550,0.1934,0.0000,0.0266,0.0266,-0.0343,0.0000,0.0000,-0.0021,-0.0008,0.0000
0.1999,0.4186,1.0000,0.0456,-0.0035,-19.5391,0.2399,0.0000,-0.0266,-0.0266,-0.0338,0.0000,0.0000,-0.0021,-0.0008,0.0000
0.2000,0.5034,1.0000,0.0390,-0.0184,-19.5762,0.2385,0.0000,-0.0395,-0.0395,-0.0760,0.0000,0.0000,-0.0111,-0.0044,0.0000
0.1999,0.4118,1.0000,0.0474,-0.0184,-19.6139,0.2371,0.0000,-0.0391,-0.0391,-0.0757,0.0000,0.0000,-0.0111,-0.0044,0.0000
0.1999,0.4395,1.0000,0.0558,-0.0184,-19.6516,0.2359,0.0000,-0.0432,-0.0432,-0.0745,0.0000,0.0000,-0.0111,-0.0044,0.0000
0.2000,0.4577,1.0000,0.0642,-0.0184,-19.6911,0.2325,0.0000,-0.0450,-0.0450,-0.0738,0.0000,0.0000,-0.0111,-0.0044,0.0000
0.2000,0.5127,1.0000,0.0703,-0.0207,-19.7306,0.2287,0.0000,-0.0478,-0.0478,-0.0731,0.0000,0.0000,-0.0125,-0.0050,0.0000
0.1998,0.4686,1.0000,0.0787,-0.0207,-19.7667,0.2243,0.0000,-0.0459,-0.0459,-0.0719,0.0000,0.0000,-0.0125,-0.0050,0.0000
0.2000,0.4765,1.0000,0.0871,-0.0143,-19.8082,0.2223,0.0000,0.0128,0.0128,-0.0491,0.0000,0.0000,-0.0086,-0.0034,0.0000
0.2000,0.5036,1.0000,0.0955,-0.0143,-19.8492,0.2205,0.0000,0.0105,0.0105,-0.0470,0.0000,0.0000,-0.0086,-0.0034,0.0000
0.2000,0.5115,1.0000,0.0991,-0.0143,-19.8914,0.2166,0.0000,0.0103,0.0103,-0.0461,0.0000,0.0000,-0.0086,-0.0034,0.0000
0.1999,0.5125,1.0000,0.0964,-0.0143,-19.9331,0.2118,0.0000,0.0113,0.0113,-0.0447,0.0000,0.0000,-0.0086,-0.0034,0.0000
0.1999,0.4973,1.0000,0.0927,-0.0143,-19.9745,0.2066,0.0000,0.0134,0.0134,-0.0426,0.0000,0.0000,-0.0086,-0.0034,0.0000
0.2000,0.5018,1.0000,0.0984,-0.0168,-20.0152,0.2026,0.0000,0.0154,0.0154,-0.0520,0.0000,0.0000,-0.0101,-0.0041,0.0000
0.1999,0.5118,1.0000,0.0975,-0.0168,-20.0574,0.1984,0.0000,0.0151,0.0151,-0.0506,0.0000,0.0000,-0.0101,-0.0041,0.0000
0.1999,0.4217,1.0000,0.0963,-0.0168,-20.0985,0.1940,0.0000,0.0176,0.0176,-0.0487,0.0000,0.0000,-0.0101,-0.0041,0.0000
0.1999,0.4841,1.0000,0.0928,-0.0168,-20.1380,0.1903,0.0000,0.0162,0.0162,-0.0457,0.0000,0.0000,-0.0101,-0.0041,0.0000
0.1999,0.4986,1.0000,0.0889,-0.0168,-20.1786,0.1858,0.0000,0.0163,0.0163,-0.0440,0.0000,0.0000,-0.0101,-0.0041,0.0000
0.1999,0.3439,1.0000,0.0817,-0.0168,-20.2180,0.1813,0.0000,0.0202,0.0202,-0.0414,0.0000,0.0000,-0.0101,-0.0041,0.0000
0.2000,0.4604,1.0000,0.0774,-0.0229,-20.2570,0.1759,0.0000,0.0151,0.0151,-0.0452,0.0000,0.0000,-0.0138,-0.0055,0.0000
0.2000,0.4732,1.0000,0.0776,-0.0229,-20.2946,0.1706,0.0000,0.0162,0.0162,-0.0434,0.0000,0.0000,-0.0138,-0.0055,0.0000
0.2000,0.5355,1.0000,0.0772,-0.0229,-20.3319,0.1658,0.0000,0.0160,0.0160,-0.0413,0.0000,0.0000,-0.0138,-0.0055,0.0000
0.1999,0.3683,1.0000,0.0700,-0.0229,-20.3690,0.1614,0.0000,0.0198,0.0198,-0.0394,0.0000,0.0000,-0.0138,-0.0055,0.0000
0.1999,0.3992,1.0000,0.0630,-0.0229,-20.4055,0.1572,0.0000,0.0195,0.0195,-0.0374,0.0000,0.0000,-0.0138,-0.0055,0.0000
0.1999,0.5045,1.0000,0.0546,-0.0263,-20.4412,0.1532,0.0000,0.0179,0.0179,-0.0359,0.0000,0.0000,-0.0158,-0.0063,0.0000
0.1999,0.3697,1.0000,0.0568,-0.0232,-20.4761,0.1494,0.0000,0.0141,0.0141,-0.0420,0.0000,0.0000,-0.0140,-0.0056,0.0000
0.1999,0.4048,1.0000,0.0494,-0.0232,-20.4910,0.1312,0.0000,0.0299,0.0299,-0.0404,0.0000,0.0000,-0.0140,-0.0056,0.0000
0.1999,0.4102,1.0000,0.0414,-0.0232,-20.5079,0.1258,0.0000,0.0333,0.0333,-0.0393,0.0000,0.0000,-0.0140,-0.0056,0.0000
0.1999,0.3871,1.0000,0.0330,-0.0232,-20.5385,0.1213,0.0000,0.0347,0.0347,-0.0383,0.0000,0.0000,-0.0140,-0.0056,0.0000
0.1999,0.3720,1.0000,0.0258,-0.0232,-20.5658,0.1173,0.0000,0.0357,0.0357,-0.0374,0.0000,0.0000,-0.0140,-0.0056,0.0000
0.1999,0.3660,1.0000,0.0211,-0.0232,-20.5963,0.1134,0.0000,0.0361,0.0361,-0.0365,0.0000,0.0000,-0.0140,-0.0056,0.0000
0.1999,0.4345,1.0000,0.0295,-0.0170,-20.6507,0.0962,0.0000,0.0240,0.0240,-0.0494,0.0000,0.0000,-0.0102,-0.0041,0.0000
0.1999,0.4393,1.0000,0.0379,-0.0170,-20.6847,0.0936,0.0000,0.0220,0.0220,-0.0486,0.0000,0.0000,-0.0102,-0.0041,0.0000
0.1999,0.3954,1.0000,0.0463,-0.0170,-20.7169,0.0898,0.0000,0.0225,0.0225,-0.0482,0.0000,0.0000,-0.0102,-0.0041,0.0000
0.1999,0.3839,1.0000,0.0535,-0.0170,-20.7528,0.0843,0.0000,0.0233,0.0233,-0.0480,0.0000,0.0000,-0.0102,-0.0041,0.0000
0.1999,0.3545,1.0000,0.0543,-0.0170,-20.7829,0.0798,0.0000,0.0246,0.0246,-0.0465,0.0000,0.0000,-0.0102,-0.0041,0.0000
0.1999,0.3720,1.0000,0.0627,-0.0091,-20.8141,0.0748,0.0000,0.0186,0.0186,-0.0538,0.0000,0.0000,-0.0055,-0.0022,0.0000
0.2000,0.4868,1.0000,0.0711,-0.0091,-20.8432,0.0704,0.0000,0.0159,0.0159,-0.0530,0.0000,0.0000,-0.0055,-0.0022,0.0000
0.1999,0.3503,1.0000,0.0750,-0.0091,-20.8765,0.0668,0.0000,0.0185,0.0185,-0.0512,0.0000,0.0000,-0.0055,-0.0022,0.0000
0.1999,0.4305,1.0000,0.0807,-0.0091,-20.9122,0.0633,0.0000,0.0149,0.0149,-0.0502,0.0000,0.0000,-0.0055,-0.0022,0.0000
0.2000,0.5017,1.0000,0.0891,-0.0091,-20.9472,0.0581,0.0000,0.0135,0.0135,-0.0490,0.0000,0.0000,-0.0055,-0.0022,0.0000
0.1999,0.4344,1.0000,0.0907,-0.0091,-20.9843,0.0526,0.0000,0.0156,0.0156,-0.0473,0.0000,0.0000,-0.0055,-0.0022,0.0000
0.1999,0.4344,1.0000,0.0865,-0.0150,-21.0221,0.0465,0.0000,0.0157,0.0157,-0.0473,0.0000,0.0000,-0.0090,-0.0036,0.0000
0.1999,0.4338,1.0000,0.0905,-0.0150,-21.0408,0.0527,0.0000,0.0070,0.0070,-0.0461,0.0000,0.0000,-0.0090,-0.0036,0.0000
0.2000,0.5557,1.0000,0.0972,-0.0150,-21.0771,0.0482,0.0000,0.0042,0.0042,-0.0433,0.0000,0.0000,-0.0090,-0.0036,0.0000
0.1999,0.4316,1.0000,0.1056,-0.0150,-21.1113,0.1027,0.0000,-0.0519,-0.0519,-0.0425,0.0000,0.0000,-0.0090,-0.0036,0.0000
0.2000,0.5183,1.0000,0.1098,-0.0150,-21.1497,0.1020,0.0000,-0.0580,-0.0580,-0.0396,0.0000,0.0000,-0.0090,-0.0036,0.0000
0.2000,0.4745,1.0000,0.1081,-0.0150,-21.1890,0.1005,0.0000,-0.0609,-0.0609,-0.0377,0.0000,0.0000,-0.0090,-0.0036,0.0000
0.2000,0.4332,1.0000,0.1069,-0.0079,-21.2228,0.1017,0.0000,0.0020,0.0020,-0.0363,0.0000,0.0000,-0.0047,-0.0019,0.0000
0.2000,0.4828,1.0000,0.0985,-0.0079,-21.2868,0.0938,0.0000,0.0003,0.0003,-0.0327,0.0000,0.0000,-0.0047,-0.0019,0.0000
0.1999,0.4209,1.0000,0.0901,-0.0079,-21.3364,0.0861,0.0000,0.0021,0.0021,-0.0302,0.0000,0.0000,-0.0047,-0.0019,0.0000
0.1999,0.4411,1.0000,0.0817,-0.0079,-21.3844,0.0773,0.0000,0.0040,0.0040,-0.0275,0.0000,0.0000,-0.0047,-0.0019,0.0000
0.1999,0.4439,1.0000,0.0743,-0.0079,-21.4246,0.0746,0.0000,0.0012,0.0012,-0.0254,0.0000,0.0000,-0.0047,-0.0019,0.0000
0.2000,0.4530,1.0000,0.0827,0.0043,-21.4686,0.0694,0.0000,0.0108,0.0108,-0.0591,0.0000,0.0000,0.0026,0.0010,0.0000
0.1999,0.4254,1.0000,0.0911,0.0043,-21.5020,0.0682,0.0000,0.0071,0.0071,-0.0570,0.0000,0.0000,0.0026,0.0010,0.0000
0.2000,0.4642,1.0000,0.0994,0.0043,-21.5682,0.0625,0.0000,-0.0004,-0.0004,-0.0563,0.0000,0.0000,0.0026,0.0010,0.0000
0.1999,0.4293,1.0000,0.1078,0.0043,-21.6001,0.0625,0.0000,-0.0048,-0.0048,-0.0545,0.0000,0.0000,0.0026,0.0010,0.0000
0.1999,0.4305,1.0000,0.1161,0.0043,-21.6327,0.0618,0.0000,-0.0097,-0.0097,-0.0526,0.0000,0.0000,0.0026,0.0010,0.0000
0.1999,0.4236,1.0000,0.1245,0.0043,-21.6654,0.0613,0.0000,-0.0144,-0.0144,-0.0498,0.0000,0.0000,0.0026,0.0010,0.0000
0.1999,0.3811,1.0000,0.1238,-0.0047,-21.6976,0.0604,0.0000,0.0133,0.0133,-0.0758,0.0000,0.0000,-0.0029,-0.0011,0.0000
0.1999,0.3665,1.0000,0.1322,-0.0047,-21.7295,0.0599,0.0000,0.0080,0.0080,-0.0736,0.0000,0.0000,-0.0029,-0.0011,0.0000
0.1999,0.3871,1.0000,0.1341,-0.0047,-21.7621,0.0597,0.0000,0.0011,0.0011,-0.0709,0.0000,0.0000,-0.0029,-0.0011,0.0000
0.1999,0.4398,1.0000,0.1332,-0.0047,-21.7959,0.0594,0.0000,-0.0070,-0.0070,-0.0682,0.0000,0.0000,-0.0029,-0.0011,0.0000
0.2000,0.4525,1.0000,0.1324,-0.0047,-21.8316,0.0597,0.0000,-0.0145,-0.0145,-0.0654,0.0000,0.0000,-0.0029,-0.0011,0.0000
0.1999,0.3671,1.0000,0.1271,-0.0009,-21.8688,0.0577,0.0000,-0.0063,-0.0063,0.0007,0.0000,0.0000,-0.0006,-0.0002,0.0000
0.1999,0.4459,1.0000,0.1187,-0.0009,-21.9061,0.0552,0.0000,-0.0086,-0.0086,0.0042,0.0000,0.0000,-0.0006,-0.0002,0.0000
0.2000,0.4691,1.0000,0.1103,-0.0009,-21.9435,0.0525,0.0000,-0.0107,-0.0107,0.0071,0.0000,0.0000,-0.0006,-0.0002,0.0000
0.1999,0.3905,1.0000,0.1019,-0.0009,-21.9821,0.0512,0.0000,-0.0149,-0.0149,0.0099,0.0000,0.0000,-0.0006,-0.0002,0.0000
0.1999,0.3840,1.0000,0.0935,-0.0009,-22.0212,0.0501,0.0000,-0.0189,-0.0189,0.0135,0.0000,0.0000,-0.0006,-0.0002,0.0000
0.1999,0.4362,1.0000,0.0851,-0.0213,-22.0867,0.0321,0.0000,0.0095,0.0095,-0.0276,0.0000,0.0000,-0.0128,-0.0051,0.0000
0.2000,0.4532,1.0000,0.0767,-0.0213,-22.1280,0.0302,0.0000,0.0039,0.0039,-0.0249,0.0000,0.0000,-0.0128,-0.0051,0.0000
0.1999,0.3772,1.0000,0.0683,-0.0213,-22.1691,0.0278,0.0000,-0.0003,-0.0003,-0.0231,0.0000,0.0000,-0.0128,-0.0051,0.0000
0.1999,0.4071,1.0000,0.0600,-0.0213,-22.2102,0.0255,0.0000,-0.0059,-0.0059,-0.0211,0.0000,0.0000,-0.0128,-0.0051,0.0000
0.2000,0.4505,1.0000,0.0556,-0.0213,-22.2506,0.0249,0.0000,-0.0130,-0.0130,-0.0191,0.0000,0.0000,-0.0128,-0.0051,0.0000
0.1999,0.4282,1.0000,0.0472,-0.0243,-22.5180,-0.1430,0.0000,0.1014,0.1014,-0.0169,0.0000,0.0000,-0.0146,-0.0059,0.0000
0.2000,0.4139,1.0000,0.0556,0.0001,-22.5696,-0.1507,0.0000,0.1152,0.1152,-0.0608,0.0000,0.0000,0.0001,0.0000,0.0000
0.2000,0.4732,1.0000,0.0472,0.0001,-22.6213,-0.1583,0.0000,0.1089,0.1089,-0.0593,0.0000,0.0000,0.0001,0.0000,0.0000
0.2000,0.4517,1.0000,0.0459,0.0001,-22.7012,-0.1431,0.0000,0.0764,0.0764,-0.0573,0.0000,0.0000,0.0001,0.0000,0.0000
0.2000,0.4973,1.0000,0.0534,0.0001,-22.7577,-0.1433,0.0000,0.0622,0.0622,-0.0562,0.0000,0.0000,0.0001,0.0000,0.0000
0.2000,0.5199,1.0000,0.0594,0.0001,-22.8133,-0.1486,0.0000,0.0542,0.0542,-0.0540,0.0000,0.0000,0.0001,0.0000,0.0000
0.1999,0.5352,1.0000,0.0632,0.0001,-22.8681,-0.1536,0.0000,0.0460,0.0460,-0.0531,0.0000,0.0000,0.0001,0.0000,0.0000
0.2000,0.5007,1.0000,0.0548,-0.0205,-22.9232,-0.1599,0.0000,-0.0006,-0.0006,-0.0548,0.0000,0.0000,-0.0123,-0.0049,0.0000
0.1999,0.4441,1.0000,0.0631,-0.0205,-22.9778,-0.1647,0.0000,-0.0071,-0.0071,-0.0533,0.0000,0.0000,-0.0123,-0.0049,0.0000
0.2000,0.4784,1.0000,0.0715,-0.0205,-23.0320,-0.1702,0.0000,-0.0151,-0.0151,-0.0513,0.0000,0.0000,-0.0123,-0.0049,0.0000
0.2000,0.4522,1.0000,0.0799,-0.0205,-23.0861,-0.1768,0.0000,-0.0206,-0.0206,-0.0501,0.0000,0.0000,-0.0123,-0.0049,0.0000
0.2000,0.4691,1.0000,0.0857,-0.0230,-23.1393,-0.1812,0.0000,-0.0295,-0.0295,-0.0502,0.0000,0.0000,-0.0139,-0.0056,0.0000
0.2000,0.4550,1.0000,0.0941,0.0000,-23.1930,-0.1849,0.0000,-0.0119,-0.0119,0.0023,0.0000,0.0000,0.0000,0.0000,0.0000
0.1999,0.4388,1.0000,0.0857,0.0000,-23.2465,-0.1878,0.0000,-0.0188,-0.0188,0.0040,0.0000,0.0000,0.0000,0.0000,0.0000
0.2000,0.4540,1.0000,0.0774,0.0000,-23.2999,-0.1924,0.0000,-0.0239,-0.0239,0.0059,0.0000,0.0000,0.0000,0.0000,0.0000
0.1999,0.4170,1.0000,0.0690,0.0000,-23.3549,-0.1977,0.0000,-0.0290,-0.0290,0.0071,0.0000,0.0000,0.0000,0.0000,0.0000
0.1999,0.4241,1.0000,0.0607,0.0000,-23.4103,-0.2027,0.0000,-0.0341,-0.0341,0.0093,0.0000,0.0000,0.0000,0.0000,0.0000
0.1999,0.3877,1.0000,0.0523,0.0000,-23.4480,-0.2169,0.0000,-0.0271,-0.0271,0.0111,0.0000,0.0000,0.0000,0.0000,0.0000
0.2000,0.4245,1.0000,0.0439,0.0000,-23.5076,-0.2217,0.0000,0.0000,0.0000,0.0033,0.0000,0.0000,0.0000,0.0000,0.0000
0.2000,0.3587,1.0000,0.0356,0.0000,-23.5660,-0.2278,0.0000,-0.0054,-0.0054,0.0048,0.0000,0.0000,0.0000,0.0000,0.0000
0.2000,0.4039,1.0000,0.0272,0.0000,-23.6250,-0.2406,0.0000,-0.0043,-0.0043,0.0061,0.0000,0.0000,0.0000,0.0000,0.0000
0.1999,0.4331,1.0000,0.0188,0.0000,-23.6844,-0.2485,0.0000,-0.0080,-0.0080,0.0074,0.0000,0.0000,0.0000,0.0000,0.0000
0.2000,0.4122,1.0000,0.0104,0.0000,-23.6814,-0.2565,0.0000,0.0005,0.0005,0.0080,0.0000,0.0000,0.0000,0.0000,0.0000
0.2000,0.4820,1.0000,0.0020,0.0000,-23.7233,-0.2686,0.0000,0.0046,0.0046,0.0092,0.0000,0.0000,0.0000,0.0000,0.0000
0.2000,0.4526,1.0000,-0.0064,-0.0223,-23.7190,-0.2729,0.0000,0.0215,0.0215,-0.0541,0.0000,0.0000,-0.0134,-0.0054,0.0000
0.2000,0.4386,1.0000,0.0020,-0.0223,-23.6738,-0.3039,0.0000,0.0638,0.0638,-0.0530,0.0000,0.0000,-0.0134,-0.0054,0.0000
0.2000,0.5017,1.0000,0.0104,-0.0223,-23.7126,-0.3126,0.0000,0.0605,0.0605,-0.0527,0.0000,0.0000,-0.0134,-0.0054,0.0000
0.2000,0.4617,1.0000,0.0188,-0.0223,-23.7473,-0.3235,0.0000,0.0630,0.0630,-0.0528,0.0000,0.0000,-0.0134,-0.0054,0.0000
0.2000,0.4464,1.0000,0.0210,-0.0223,-23.7790,-0.3350,0.0000,0.0662,0.0662,-0.0534,0.0000,0.0000,-0.0134,-0.0054,0.0000
0.2000,0.5285,1.0000,0.0126,-0.0423,-23.8171,-0.3397,0.0000,-0.0070,-0.0070,0.0485,0.0000,0.0000,-0.0255,-0.0102,0.0000
0.2000,0.4994,1.0000,0.0042,-0.0423,-23.8565,-0.3468,0.0000,-0.0070,-0.0070,0.0484,0.0000,0.0000,-0.0255,-0.0102,0.0000
0.2000,0.5128,1.0000,-0.0042,-0.0423,-23.9008,-0.3544,0.0000,-0.0065,-0.0065,0.0477,0.0000,0.0000,-0.0255,-0.0102,0.0000
0.2000,0.4561,1.0000,-0.0126,-0.0423,-23.9503,-0.3623,0.0000,-0.0079,-0.0079,0.0483,0.0000,0.0000,-0.0255,-0.0102,0.0000
0.2000,0.4545,1.0000,-0.0210,-0.0423,-24.0002,-0.3715,0.0000,-0.0068,-0.0068,0.0486,0.0000,0.0000,-0.0255,-0.0102,0.0000
0.2000,0.5488,1.0000,-0.0126,-0.0000,-24.0497,-0.3787,0.0000,-0.0046,-0.0046,0.0003,0.0000,0.0000,-0.0000,-0.0000,0.0000
0.2000,0.4554,1.0000,-0.0042,-0.0000,-24.0988,-0.3852,0.0000,-0.0085,-0.0085,0.0001,0.0000,0.0000,-0.0000,-0.0000,0.0000
0.2000,0.4803,1.0000,0.0042,-0.0000,-24.1466,-0.3927,0.0000,-0.0114,-0.0114,-0.0011,0.0000,0.0000,-0.0000,-0.0000,0.0000
0.2000,0.4478,1.0000,0.0117,-0.0000,-24.1935,-0.3988,0.0000,-0.0154,-0.0154,-0.0023,0.0000,0.0000,-0.0000,-0.0000,0.0000
0.1999,0.5209,1.0000,0.0176,-0.0000,-24.2397,-0.4054,0.0000,-0.0188,-0.0188,-0.0026,0.0000,0.0000,-0.0000,-0.0000,0.0000
0.2000,0.5626,1.0000,0.0092,-0.0536,-24.2845,-0.4111,0.0000,-0.0143,-0.0143,0.0602,0.0000,0.0000,-0.0323,-0.0129,0.0000
0.2000,0.5257,1.0000,0.0008,-0.0536,-24.3283,-0.4177,0.0000,-0.0155,-0.0155,0.0598,0.0000,0.0000,-0.0323,-0.0129,0.0000
0.2000,0.5301,1.0000,-0.0076,-0.0536,-24.3714,-0.4236,0.0000,-0.0157,-0.0157,0.0603,0.0000,0.0000,-0.0323,-0.0129,0.0000
0.2000,0.4989,1.0000,-0.0160,-0.0536,-24.4146,-0.4299,0.0000,-0.0166,-0.0166,0.0608,0.0000,0.0000,-0.0323,-0.0129,0.0000
0.2000,0.4461,1.0000,-0.0244,-0.0536,-24.4556,-0.4356,0.0000,-0.0186,-0.0186,0.0603,0.0000,0.0000,-0.0323,-0.0129,0.0000
0.2000,0.5179,1.0000,-0.0160,0.0000,-24.4961,-0.4412,0.0000,-0.0059,-0.0059,-0.0005,0.0000,0.0000,0.0000,0.0000,0.0000
0.2000,0.2960,1.0000,-0.0130,0.0000,-24.5293,-0.4685,0.0000,0.0139,0.0139,-0.0010,0.0000,0.0000,0.0000,0.0000,0.0000
0.2000,0.4657,1.0000,-0.0099,0.0000,-24.5664,-0.4754,0.0000,0.0127,0.0127,-0.0020,0.0000,0.0000,0.0000,0.0000,0.0000
0.2000,0.3915,1.0000,-0.0065,0.0000,-24.6091,-0.4828,0.0000,0.0109,0.0109,-0.0033,0.0000,0.0000,0.0000,0.0000,0.0000
0.2000,0.3957,1.0000,0.0000,0.0000,-24.6519,-0.4866,0.0000,0.0056,0.0056,-0.0042,0.0000,0.0000,0.0000,0.0000,0.0000
0.2000,0.3854,1.0000,0.0000,0.0000,-24.6946,-0.4933,0.0000,0.0034,0.0034,-0.0044,0.0000,0.0000,0.0000,0.0000,0.0000
0.2000,0.4280,1.0000,0.0000,0.0000,-24.7411,-0.5015,0.0000,-0.0037,-0.0037,-0.0014,0.0000,0.0000,0.0000,0.0000,0.0000
0.1999,0.5343,1.0000,0.0000,0.0000,-24.7866,-0.5076,0.0000,-0.0072,-0.0072,-0.0018,0.0000,0.0000,0.0000,0.0000,0.0000
0.2000,0.5021,1.0000,0.0000,0.0000,-24.8357,-0.5167,0.0000,-0.0082,-0.0082,-0.0019,0.0000,0.0000,0.0000,0.0000,0.0000
0.2000,0.4714,1.0000,0.0000,0.0000,-24.8819,-0.5250,0.0000,-0.0094,-0.0094,-0.0024,0.0000,0.0000,0.0000,0.0000,0.0000
0.2000,0.5153,1.0000,0.0000,0.0000,-24.9293,-0.5321,0.0000,-0.0122,-0.0122,-0.0028,0.0000,0.0000,0.0000,0.0000,0.0000
0.1999,0.4848,1.0000,0.0000,-0.0000,-24.9761,-0.5410,0.0000,-0.0034,-0.0034,-0.0007,0.0000,0.0000,-0.0000,-0.0000,0.0000
0.2000,0.5564,1.0000,0.0000,-0.0000,-25.0233,-0.5495,0.0000,-0.0046,-0.0046,-0.0011,0.0000,0.0000,-0.0000,-0.0000,0.0000
0.2000,0.4661,1.0000,0.0000,-0.0000,-25.0713,-0.5575,0.0000,-0.0064,-0.0064,-0.0016,0.0000,0.0000,-0.0000,-0.0000,0.0000
0.2000,0.4447,1.0000,0.0000,-0.0000,-25.1199,-0.5643,0.0000,-0.0096,-0.0096,-0.0020,0.0000,0.0000,-0.0000,-0.0000,0.0000
0.2000,0.4177,1.0000,0.0000,-0.0000,-25.1696,-0.5723,0.0000,-0.0117,-0.0117,-0.0023,0.0000,0.0000,-0.0000,-0.0000,0.0000
0.1999,0.4941,1.0000,0.0000,0.0000,-25.2222,-0.5832,0.0000,-0.0018,-0.0018,-0.0006,0.0000,0.0000,0.0000,0.0000,0.0000
0.2000,0.3810,1.0000,0.0000,0.0000,-25.2720,-0.5902,0.0000,-0.0049,-0.0049,-0.0008,0.0000,0.0000,0.0000,0.0000,0.0000
0.1999,0.5069,1.0000,0.0000,0.0000,-25.3218,-0.5970,0.0000,-0.0082,-0.0082,-0.0013,0.0000,0.0000,0.0000,0.0000,0.0000
0.2000,0.5029,1.0000,0.0000,0.0000,-25.3760,-0.6056,0.0000,-0.0105,-0.0105,-0.0015,0.0000,0.0000,0.0000,0.0000,0.0000
0.2000,0.5373,1.0000,0.0000,0.0000,-25.4256,-0.6163,0.0000,-0.0101,-0.0101,-0.0020,0.0000,0.0000,0.0000,0.0000,0.0000
0.2000,0.5333,1.0000,0.0000,0.0000,-25.4745,-0.6273,0.0000,-0.0090,-0.0090,-0.0022,0.0000,0.0000,0.0000,0.0000,0.0000
0.1999,0.4973,1.0000,0.0000,-0.0000,-25.5228,-0.6375,0.0000,0.0016,0.0016,-0.0004,0.0000,0.0000,-0.0000,-0.0000,0.0000
0.1999,0.5155,1.0000,0.0000,-0.0000,-25.5707,-0.6464,0.0000,0.0010,0.0010,-0.0007,0.0000,0.0000,-0.0000,-0.0000,0.0000
0.1999,0.4862,1.0000,0.0000,-0.0000,-25.6177,-0.6536,0.0000,-0.0014,-0.0014,-0.0013,0.0000,0.0000,-0.0000,-0.0000,0.0000
0.2000,0.5530,1.0000,0.0000,-0.0000,-25.6639,-0.6605,0.0000,-0.0038,-0.0038,-0.0017,0.0000,0.0000,-0.0000,-0.0000,0.0000
0.2000,0.4574,1.0000,0.0000,-0.0000,-25.7091,-0.6687,0.0000,-0.0047,-0.0047,-0.0022,0.0000,0.0000,-0.0000,-0.0000,0.0000
0.1999,0.4872,1.0000,0.0000,-0.0000,-25.7551,-0.6767,0.0000,-0.0059,-0.0059,-0.0025,0.0000,0.0000,-0.0000,-0.0000,0.0000
0.1999,0.4760,1.0000,0.0000,0.0000,-25.7980,-0.6845,0.0000,-0.0018,-0.0018,-0.0006,0.0000,0.0000,0.0000,0.0000,0.0000
0.2000,0.4378,1.0000,0.0000,0.0000,-25.8392,-0.6887,0.0000,-0.0060,-0.0060,-0.0017,0.0000,0.0000,0.0000,0.0000,0.0000
0.2000,0.4123,1.0000,0.0000,0.0000,-25.8793,-0.6909,0.0000,-0.0117,-0.0117,-0.0028,0.0000,0.0000,0.0000,0.0000,0.0000
0.2000,0.3807,1.0000,0.0000,0.0000,-25.9218,-0.6956,0.0000,-0.0154,-0.0154,-0.0032,0.0000,0.0000,0.0000,0.0000,0.0000
0.2000,0.4022,1.0000,0.0000,0.0000,-25.9644,-0.7011,0.0000,-0.0184,-0.0184,-0.0038,0.0000,0.0000,0.0000,0.0000,0.0000
0.2000,0.3991,1.0000,0.0000,-0.0000,-26.0036,-0.7062,0.0000,-0.0055,-0.0055,-0.0014,0.0000,0.0000,-0.0000,-0.0000,0.0000
0.2000,0.4002,1.0000,0.0000,-0.0000,-26.0470,-0.7144,0.0000,-0.0058,-0.0058,-0.0018,0.0000,0.0000,-0.0000,-0.0000,0.0000
0.2000,0.4002,1.0000,0.0000,-0.0000,-26.0905,-0.7217,0.0000,-0.0070,-0.0070,-0.0022,0.0000,0.0000,-0.0000,-0.0000,0.0000
0.2000,0.4680,1.0000,0.0000,-0.0000,-26.1342,-0.7288,0.0000,-0.0085,-0.0085,-0.0025,0.0000,0.0000,-0.0000,-0.0000,0.0000
0.2000,0.5021,1.0000,0.0000,-0.0000,-26.1786,-0.7349,0.0000,-0.0111,-0.0111,-0.0028,0.0000,0.0000,-0.0000,-0.0000,0.0000
0.2000,0.5001,1.0000,0.0000,-0.0000,-26.2251,-0.7450,0.0000,-0.0100,-0.0100,-0.0024,0.0000,0.0000,-0.0000,-0.0000,0.0000
0.1998,0.4662,1.0000,0.0000,-0.0000,-26.2702,-0.7541,0.0000,0.0016,0.0016,-0.0004,0.0000,0.0000,-0.0000,-0.0000,0.0000
0.1999,0.4779,1.0000,0.0000,-0.0000,-26.3147,-0.7627,0.0000,0.0014,0.0014,-0.0009,0.0000,0.0000,-0.0000,-0.0000,0.0000
0.2000,0.4385,1.0000,0.0000,-0.0000,-26.3597,-0.7720,0.0000,0.0022,0.0022,-0.0007,0.0000,0.0000,-0.0000,-0.0000,0.0000
0.1999,0.5188,1.0000,0.0000,-0.0000,-26.4032,-0.7762,0.0000,-0.0022,-0.0022,-0.0019,0.0000,0.0000,-0.0000,-0.0000,0.0000
0.2000,0.4551,1.0000,0.0000,-0.0000,-26.4489,-0.7829,0.0000,-0.0041,-0.0041,-0.0016,0.0000,0.0000,-0.0000,-0.0000,0.0000
0.2000,0.4546,1.0000,0.0000,-0.0199,-26.4942,-0.7933,0.0000,0.0039,0.0039,-0.0209,0.0000,0.0000,-0.0120,-0.0048,0.0000
0.2000,0.4175,1.0000,0.0000,-0.0199,-26.5371,-0.8012,0.0000,0.0028,0.0028,-0.0223,0.0000,0.0000,-0.0120,-0.0048,0.0000
0.2000,0.4471,1.0000,0.0000,-0.0199,-26.5813,-0.8059,0.0000,-0.0021,-0.0021,-0.0222,0.0000,0.0000,-0.0120,-0.0048,0.0000
0.2000,0.4172,1.0000,0.0000,-0.0199,-26.6270,-0.8128,0.0000,-0.0046,-0.0046,-0.0226,0.0000,0.0000,-0.0120,-0.0048,0.0000
0.2000,0.4004,1.0000,0.0000,-0.0199,-26.6725,-0.8205,0.0000,-0.0063,-0.0063,-0.0230,0.0000,0.0000,-0.0120,-0.0048,0.0000
0.2000,0.4721,1.0000,0.0000,-0.0228,-26.7170,-0.8284,0.0000,-0.0087,-0.0087,-0.0233,0.0000,0.0000,-0.0138,-0.0055,0.0000
0.1999,0.4373,1.0000,0.0084,-0.0225,-26.7610,-0.8361,0.0000,0.0043,0.0043,-0.0295,0.0000,0.0000,-0.0136,-0.0054,0.0000
0.1999,0.4471,1.0000,0.0167,-0.0225,-26.8033,-0.8424,0.0000,0.0013,0.0013,-0.0297,0.0000,0.0000,-0.0136,-0.0054,0.0000
0.1999,0.3957,1.0000,0.0251,-0.0225,-26.8468,-0.8495,0.0000,-0.0004,-0.0004,-0.0299,0.0000,0.0000,-0.0136,-0.0054,0.0000
0.2000,0.4746,1.0000,0.0335,-0.0225,-26.8866,-0.8574,0.0000,-0.0024,-0.0024,-0.0304,0.0000,0.0000,-0.0136,-0.0054,0.0000
0.2000,0.5102,1.0000,0.0382,-0.0263,-26.9269,-0.8622,0.0000,-0.0068,-0.0068,-0.0305,0.0000,0.0000,-0.0158,-0.0063,0.0000
0.1999,0.4180,1.0000,0.0466,-0.0176,-26.9684,-0.8651,0.0000,0.0089,0.0089,-0.0789,0.0000,0.0000,-0.0106,-0.0042,0.0000
0.1999,0.4096,1.0000,0.0550,-0.0176,-27.0079,-0.8734,0.0000,0.0070,0.0070,-0.0787,0.0000,0.0000,-0.0106,-0.0042,0.0000
0.1999,0.4483,1.0000,0.0634,-0.0176,-27.0483,-0.8805,0.0000,0.0018,0.0018,-0.0787,0.0000,0.0000,-0.0106,-0.0042,0.0000
0.1999,0.4421,1.0000,0.0718,-0.0176,-27.0893,-0.8862,0.0000,-0.0029,-0.0029,-0.0782,0.0000,0.0000,-0.0106,-0.0042,0.0000
0.2000,0.4538,1.0000,0.0801,-0.0176,-27.1306,-0.8938,0.0000,-0.0066,-0.0066,-0.0778,0.0000,0.0000,-0.0106,-0.0042,0.0000
0.1999,0.4164,1.0000,0.0885,-0.0064,-27.1732,-0.9008,0.0000,0.0079,0.0079,-0.0390,0.0000,0.0000,-0.0038,-0.0015,0.0000
0.2000,0.4537,1.0000,0.0897,-0.0064,-27.2146,-0.9065,0.0000,0.0037,0.0037,-0.0379,0.0000,0.0000,-0.0038,-0.0015,0.0000
0.2000,0.5162,1.0000,0.0952,-0.0064,-27.2591,-0.9136,0.0000,-0.0001,-0.0001,-0.0363,0.0000,0.0000,-0.0038,-0.0015,0.0000
0.2000,0.5134,1.0000,0.0969,-0.0064,-27.3038,-0.9211,0.0000,-0.0023,-0.0023,-0.0346,0.0000,0.0000,-0.0038,-0.0015,0.0000
0.1999,0.4276,1.0000,0.0937,-0.0064,-27.3481,-0.9302,0.0000,-0.0015,-0.0015,-0.0331,0.0000,0.0000,-0.0038,-0.0015,0.0000
0.2000,0.4588,1.0000,0.0894,-0.0071,-27.3947,-0.9396,0.0000,-0.0027,-0.0027,-0.0306,0.0000,0.0000,-0.0043,-0.0017,0.0000
0.2000,0.5001,1.0000,0.0978,-0.0012,-27.4415,-0.9512,0.0000,0.0113,0.0113,-0.0448,0.0000,0.0000,-0.0008,-0.0003,0.0000
0.1999,0.4230,1.0000,0.0974,-0.0012,-27.4883,-0.9617,0.0000,0.0125,0.0125,-0.0426,0.0000,0.0000,-0.0008,-0.0003,0.0000
0.1999,0.4120,1.0000,0.0946,-0.0012,-27.5356,-0.9740,0.0000,0.0138,0.0138,-0.0407,0.0000,0.0000,-0.0008,-0.0003,0.0000
0.2000,0.5569,1.0000,0.0937,-0.0007,-27.5834,-0.9880,0.0000,0.0136,0.0136,-0.0386,0.0000,0.0000,-0.0004,-0.0002,0.0000
0.1999,0.4981,1.0000,0.0863,-0.0007,-27.6294,-1.0021,0.0000,0.0181,0.0181,-0.0361,0.0000,0.0000,-0.0004,-0.0002,0.0000
0.2000,0.5344,1.0000,0.0779,-0.0119,-27.6743,-1.0119,0.0000,0.0117,0.0117,-0.0352,0.0000,0.0000,-0.0071,-0.0029,0.0000
0.2000,0.4559,1.0000,0.0714,-0.0119,-27.7198,-1.0234,0.0000,0.0138,0.0138,-0.0331,0.0000,0.0000,-0.0071,-0.0029,0.0000
0.1999,0.4246,1.0000,0.0637,-0.0119,-27.7667,-1.0359,0.0000,0.0156,0.0156,-0.0314,0.0000,0.0000,-0.0071,-0.0029,0.0000
0.1999,0.4840,1.0000,0.0558,-0.0119,-27.8121,-1.0473,0.0000,0.0153,0.0153,-0.0296,0.0000,0.0000,-0.0071,-0.0029,0.0000
0.1999,0.4900,1.0000,0.0474,-0.0132,-27.8583,-1.0589,0.0000,0.0160,0.0160,-0.0271,0.0000,0.0000,-0.0080,-0.0032,0.0000
0.1999,0.5094,1.0000,0.0390,-0.0203,-27.9069,-1.0658,0.0000,0.0033,0.0033,-0.0242,0.0000,0.0000,-0.0122,-0.0049,0.0000
0.1999,0.5351,1.0000,0.0336,-0.0203,-27.9534,-1.0773,0.0000,0.0035,0.0035,-0.0227,0.0000,0.0000,-0.0122,-0.0049,0.0000
0.1999,0.5081,1.0000,0.0257,-0.0203,-27.9979,-1.0923,0.0000,0.0082,0.0082,-0.0211,0.0000,0.0000,-0.0122,-0.0049,0.0000
0.1999,0.4249,1.0000,0.0173,-0.0203,-28.0425,-1.1058,0.0000,0.0118,0.0118,-0.0202,0.0000,0.0000,-0.0122,-0.0049,0.0000
0.1999,0.4321,1.0000,0.0106,-0.0235,-28.0901,-1.1153,0.0000,0.0097,0.0097,-0.0198,0.0000,0.0000,-0.0141,-0.0057,0.0000
0.2000,0.5275,1.0000,0.0180,-0.0245,-28.1331,-1.1263,0.0000,0.0051,0.0051,-0.0299,0.0000,0.0000,-0.0148,-0.0059,0.0000
0.2000,0.4944,1.0000,0.0264,-0.0245,-28.1756,-1.1385,0.0000,0.0069,0.0069,-0.0298,0.0000,0.0000,-0.0148,-0.0059,0.0000
0.1999,0.4435,1.0000,0.0286,-0.0245,-28.2174,-1.1492,0.0000,0.0077,0.0077,-0.0294,0.0000,0.0000,-0.0148,-0.0059,0.0000
0.1999,0.4342,1.0000,0.0300,-0.0245,-28.2598,-1.1580,0.0000,0.0058,0.0058,-0.0290,0.0000,0.0000,-0.0148,-0.0059,0.0000
0.1999,0.4203,1.0000,0.0337,-0.0245,-28.3068,-1.1640,0.0000,0.0002,0.0002,-0.0291,0.0000,0.0000,-0.0148,-0.0059,0.0000
0.2000,0.4954,1.0000,0.0421,-0.0237,-28.3488,-1.1741,0.0000,0.0021,0.0021,-0.0344,0.0000,0.0000,-0.0143,-0.0057,0.0000
0.1999,0.3487,1.0000,0.0422,-0.0237,-28.3946,-1.1856,0.0000,0.0042,0.0042,-0.0342,0.0000,0.0000,-0.0143,-0.0057,0.0000
0.2000,0.4599,1.0000,0.0460,-0.0237,-28.4375,-1.1957,0.0000,0.0012,0.0012,-0.0335,0.0000,0.0000,-0.0143,-0.0057,0.0000
0.2000,0.5186,1.0000,0.0534,-0.0237,-28.4821,-1.2054,0.0000,-0.0017,-0.0017,-0.0331,0.0000,0.0000,-0.0143,-0.0057,0.0000
0.1999,0.3853,1.0000,0.0519,-0.0237,-28.5283,-1.2169,0.0000,0.0002,0.0002,-0.0320,0.0000,0.0000,-0.0143,-0.0057,0.0000
0.2000,0.5334,1.0000,0.0530,-0.0272,-28.5761,-1.2303,0.0000,-0.0011,-0.0011,-0.0308,0.0000,0.0000,-0.0164,-0.0066,0.0000
0.1999,0.4399,1.0000,0.0614,-0.0000,-28.6195,-1.2422,0.0000,0.0045,0.0045,0.0014,0.0000,0.0000,-0.0000,-0.0000,0.0000
0.2000,0.4622,1.0000,0.0530,-0.0000,-28.6676,-1.2557,0.0000,0.0071,0.0071,0.0023,0.0000,0.0000,-0.0000,-0.0000,0.0000
0.2000,0.4571,1.0000,0.0446,-0.0000,-28.7123,-1.2674,0.0000,0.0089,0.0089,0.0038,0.0000,0.0000,-0.0000,-0.0000,0.0000
0.2000,0.4699,1.0000,0.0362,-0.0000,-28.7569,-1.2785,0.0000,0.0099,0.0099,0.0047,0.0000,0.0000,-0.0000,-0.0000,0.0000
0.2000,0.4924,1.0000,0.0279,-0.0000,-28.8060,-1.2900,0.0000,0.0105,0.0105,0.0061,0.0000,0.0000,-0.0000,-0.0000,0.0000
0.1999,0.4369,1.0000,0.0240,-0.0124,-28.8506,-1.3026,0.0000,0.0161,0.0161,-0.0716,0.0000,0.0000,-0.0075,-0.0030,0.0000
0.1999,0.5220,1.0000,0.0324,-0.0124,-28.8978,-1.3173,0.0000,0.0131,0.0131,-0.0710,0.0000,0.0000,-0.0075,-0.0030,0.0000
0.1999,0.5076,1.0000,0.0408,-0.0124,-28.9455,-1.3309,0.0000,0.0125,0.0125,-0.0705,0.0000,0.0000,-0.0075,-0.0030,0.0000
0.1999,0.4395,1.0000,0.0492,-0.0124,-28.9932,-1.3420,0.0000,0.0115,0.0115,-0.0691,0.0000,0.0000,-0.0075,-0.0030,0.0000
0.2000,0.4708,1.0000,0.0564,-0.0136,-29.0524,-1.3582,0.0000,0.0082,0.0082,-0.0689,0.0000,0.0000,-0.0082,-0.0033,0.0000
0.2000,0.5323,1.0000,0.0617,0.0000,-29.1014,-1.3704,0.0000,0.0029,0.0029,0.0017,0.0000,0.0000,0.0000,0.0000,0.0000
0.2000,0.4280,1.0000,0.0533,0.0000,-29.1500,-1.3826,0.0000,0.0035,0.0035,0.0029,0.0000,0.0000,0.0000,0.0000,0.0000
0.2000,0.5084,1.0000,0.0450,0.0000,-29.1985,-1.3957,0.0000,0.0054,0.0054,0.0041,0.0000,0.0000,0.0000,0.0000,0.0000
0.2000,0.5793,1.0000,0.0366,0.0000,-29.2471,-1.4101,0.0000,0.0085,0.0085,0.0051,0.0000,0.0000,0.0000,0.0000,0.0000
0.2000,0.5467,1.0000,0.0282,0.0000,-29.2980,-1.4267,0.0000,0.0134,0.0134,0.0075,0.0000,0.0000,0.0000,0.0000,0.0000
0.2000,0.4733,1.0000,0.0198,-0.0218,-29.3477,-1.4413,0.0000,0.0034,0.0034,0.0266,0.0000,0.0000,-0.0131,-0.0053,0.0000
0.2000,0.5581,1.0000,0.0115,-0.0218,-29.3975,-1.4537,0.0000,0.0061,0.0061,0.0274,0.0000,0.0000,-0.0131,-0.0053,0.0000
0.2000,0.5187,1.0000,0.0031,-0.0218,-29.4463,-1.4666,0.0000,0.0080,0.0080,0.0286,0.0000,0.0000,-0.0131,-0.0053,0.0000
0.2000,0.4694,1.0000,-0.0052,-0.0218,-29.4939,-1.4809,0.0000,0.0112,0.0112,0.0294,0.0000,0.0000,-0.0131,-0.0053,0.0000
0.2000,0.4519,1.0000,-0.0136,-0.0257,-29.5415,-1.4948,0.0000,0.0143,0.0143,0.0294,0.0000,0.0000,-0.0155,-0.0062,0.0000
0.2000,0.4999,1.0000,-0.0219,-0.0257,-29.5880,-1.5066,0.0000,0.0165,0.0165,0.0294,0.0000,0.0000,-0.0155,-0.0062,0.0000
0.2000,0.4763,1.0000,-0.0135,-0.0099,-29.6335,-1.5174,0.0000,0.0093,0.0093,-0.0589,0.0000,0.0000,-0.0060,-0.0024,0.0000
0.1999,0.4403,1.0000,-0.0052,-0.0099,-29.6796,-1.5304,0.0000,0.0087,0.0087,-0.0600,0.0000,0.0000,-0.0060,-0.0024,0.0000
0.2000,0.5019,1.0000,0.0032,-0.0099,-29.7255,-1.5450,0.0000,0.0067,0.0067,-0.0611,0.0000,0.0000,-0.0060,-0.0024,0.0000
0.1999,0.4209,1.0000,0.0116,-0.0099,-29.7710,-1.5545,0.0000,0.0045,0.0045,-0.0617,0.0000,0.0000,-0.0060,-0.0024,0.0000
0.2000,0.4531,1.0000,0.0191,-0.0108,-29.8168,-1.5623,0.0000,-0.0029,-0.0029,-0.0623,0.0000,0.0000,-0.0065,-0.0026,0.0000
0.1999,0.4126,1.0000,0.0228,-0.0156,-29.8626,-1.5702,0.0000,0.0003,0.0003,-0.0362,0.0000,0.0000,-0.0094,-0.0038,0.0000
0.2000,0.5270,1.0000,0.0312,-0.0156,-29.9075,-1.5812,0.0000,-0.0037,-0.0037,-0.0368,0.0000,0.0000,-0.0094,-0.0038,0.0000
0.2000,0.4886,1.0000,0.0384,-0.0156,-29.9420,-1.6152,0.0000,0.0203,0.0203,-0.0364,0.0000,0.0000,-0.0094,-0.0038,0.0000
0.1999,0.4293,1.0000,0.0379,-0.0156,-29.9861,-1.6300,0.0000,0.0235,0.0235,-0.0363,0.0000,0.0000,-0.0094,-0.0038,0.0000
0.2000,0.4595,1.0000,0.0374,-0.0176,-30.0404,-1.6419,0.0000,0.0196,0.0196,-0.0353,0.0000,0.0000,-0.0106,-0.0042,0.0000
0.2000,0.5458,1.0000,0.0412,-0.0176,-30.0909,-1.6566,0.0000,0.0185,0.0185,-0.0349,0.0000,0.0000,-0.0106,-0.0042,0.0000
0.2000,0.4834,1.0000,0.0496,-0.0000,-30.1419,-1.6724,0.0000,0.0055,0.0055,0.0011,0.0000,0.0000,-0.0000,-0.0000,0.0000
0.2000,0.5116,1.0000,0.0412,-0.0000,-30.1936,-1.6892,0.0000,0.0095,0.0095,0.0015,0.0000,0.0000,-0.0000,-0.0000,0.0000
0.2000,0.5342,1.0000,0.0328,-0.0000,-30.2444,-1.7054,0.0000,0.0131,0.0131,0.0021,0.0000,0.0000,-0.0000,-0.0000,0.0000
0.2000,0.4610,1.0000,0.0244,-0.0000,-30.2967,-1.7217,0.0000,0.0164,0.0164,0.0030,0.0000,0.0000,-0.0000,-0.0000,0.0000
0.2000,0.4740,1.0000,0.0160,-0.0000,-30.3505,-1.7391,0.0000,0.0207,0.0207,0.0043,0.0000,0.0000,-0.0000,-0.0000,0.0000
0.2000,0.5410,1.0000,0.0076,-0.0253,-30.4041,-1.7549,0.0000,0.0062,0.0062,0.0061,0.0000,0.0000,-0.0152,-0.0061,0.0000
0.2000,0.4952,1.0000,-0.0008,-0.0253,-30.4580,-1.7705,0.0000,0.0084,0.0084,0.0071,0.0000,0.0000,-0.0152,-0.0061,0.0000
0.2000,0.5854,1.0000,-0.0092,-0.0295,-30.5121,-1.7842,0.0000,0.0092,0.0092,0.0075,0.0000,0.0000,-0.0178,-0.0071,0.0000
0.2000,0.5174,1.0000,-0.0176,-0.0295,-30.5660,-1.7991,0.0000,0.0108,0.0108,0.0085,0.0000,0.0000,-0.0178,-0.0071,0.0000
0.2000,0.4729,1.0000,-0.0260,-0.0295,-30.6201,-1.8168,0.0000,0.0147,0.0147,0.0084,0.0000,0.0000,-0.0178,-0.0071,0.0000
0.1999,0.4918,1.0000,-0.0221,-0.0295,-30.5958,-1.7668,0.0000,-0.0282,-0.0282,0.0070,0.0000,0.0000,-0.0178,-0.0071,0.0000
0.2000,0.5689,1.0000,-0.0137,0.0000,-30.6454,-1.7789,0.0000,-0.0435,-0.0435,-0.0018,0.0000,0.0000,0.0000,0.0000,0.0000
0.2000,0.5986,1.0000,-0.0053,0.0000,-30.6942,-1.7901,0.0000,-0.0452,-0.0452,-0.0034,0.0000,0.0000,0.0000,0.0000,0.0000
0.2000,0.5322,1.0000,0.0031,0.0000,-30.7415,-1.8000,0.0000,-0.0476,-0.0476,-0.0046,0.0000,0.0000,0.0000,0.0000,0.0000
0.2000,0.5381,1.0000,0.0114,0.0000,-30.7896,-1.8099,0.0000,-0.0504,-0.0504,-0.0061,0.0000,0.0000,0.0000,0.0000,0.0000
0.2000,0.4916,1.0000,0.0198,0.0000,-30.8370,-1.8184,0.0000,-0.0538,-0.0538,-0.0063,0.0000,0.0000,0.0000,0.0000,0.0000
0.1999,0.5263,1.0000,0.0114,-0.0312,-30.8818,-1.8265,0.0000,-0.0059,-0.0059,-0.0039,0.0000,0.0000,-0.0188,-0.0075,0.0000
0.2000,0.5199,1.0000,0.0030,-0.0312,-30.9256,-1.8355,0.0000,-0.0081,-0.0081,-0.0046,0.0000,0.0000,-0.0188,-0.0075,0.0000
0.1999,0.5199,1.0000,-0.0054,-0.0312,-30.9654,-1.8437,0.0000,-0.0098,-0.0098,-0.0040,0.0000,0.0000,-0.0188,-0.0075,0.0000
0.2000,0.4580,1.0000,-0.0109,-0.0312,-31.0124,-1.8548,0.0000,-0.0102,-0.0102,-0.0032,0.0000,0.0000,-0.0188,-0.0075,0.0000
0.1999,0.5031,1.0000,0.0000,-0.0363,-31.0507,-1.8632,0.0000,-0.0117,-0.0117,-0.0040,0.0000,0.0000,-0.0219,-0.0087,0.0000
0.1999,0.4483,1.0000,0.0000,-0.0363,-31.0889,-1.8645,0.0000,-0.0198,-0.0198,-0.0043,0.0000,0.0000,-0.0219,-0.0087,0.0000
0.1999,0.4258,1.0000,0.0084,-0.0120,-31.1348,-1.8724,0.0000,0.0011,0.0011,-0.0632,0.0000,0.0000,-0.0073,-0.0029,0.0000
0.2000,0.4743,1.0000,0.0168,-0.0120,-31.1809,-1.8799,0.0000,-0.0073,-0.0073,-0.0635,0.0000,0.0000,-0.0073,-0.0029,0.0000
0.1999,0.5036,1.0000,0.0252,-0.0120,-31.2314,-1.8911,0.0000,-0.0129,-0.0129,-0.0639,0.0000,0.0000,-0.0073,-0.0029,0.0000
0.1999,0.5036,1.0000,0.0336,-0.0120,-31.2791,-1.9009,0.0000,-0.0182,-0.0182,-0.0649,0.0000,0.0000,-0.0073,-0.0029,0.0000
0.1999,0.4472,1.0000,0.0410,-0.0131,-31.3268,-1.9098,0.0000,-0.0222,-0.0222,-0.0645,0.0000,0.0000,-0.0079,-0.0032,0.0000
0.1999,0.4472,1.0000,0.0457,-0.0000,-31.3749,-1.9180,0.0000,-0.0061,-0.0061,0.0006,0.0000,0.0000,-0.0000,-0.0000,0.0000
0.2000,0.5315,1.0000,0.0373,-0.0000,-31.4261,-1.9295,0.0000,-0.0069,-0.0069,0.0015,0.0000,0.0000,-0.0000,-0.0000,0.0000
0.2000,0.5205,1.0000,0.0289,-0.0000,-31.4750,-1.9408,0.0000,-0.0076,-0.0076,0.0016,0.0000,0.0000,-0.0000,-0.0000,0.0000
0.2000,0.5331,1.0000,0.0205,-0.0000,-31.5251,-1.9531,0.0000,-0.0073,-0.0073,0.0027,0.0000,0.0000,-0.0000,-0.0000,0.0000
0.2000,0.5618,1.0000,0.0121,-0.0000,-31.6768,-2.0527,0.0000,0.0534,0.0534,0.0036,0.0000,0.0000,-0.0000,-0.0000,0.0000
0.2000,0.4917,1.0000,0.0037,-0.0000,-31.7280,-2.0644,0.0000,0.0526,0.0526,0.0044,0.0000,0.0000,-0.0000,-0.0000,0.0000
0.2000,0.5761,1.0000,0.0006,0.0000,-31.7806,-2.0751,0.0000,-0.0027,-0.0027,0.0021,0.0000,0.0000,0.0000,0.0000,0.0000
0.2000,0.5442,1.0000,-0.0002,0.0000,-31.8352,-2.0873,0.0000,-0.0042,-0.0042,0.0023,0.0000,0.0000,0.0000,0.0000,0.0000
0.2000,0.5543,1.0000,0.0000,0.0000,-31.8880,-2.0988,0.0000,-0.0058,-0.0058,0.0026,0.0000,0.0000,0.0000,0.0000,0.0000
0.2000,0.5382,1.0000,0.0032,-0.0000,-31.9388,-2.1071,0.0000,-0.0102,-0.0102,0.0019,0.0000,0.0000,-0.0000,-0.0000,0.0000
0.1999,0.4793,1.0000,0.0000,-0.0000,-31.9895,-2.1163,0.0000,-0.0135,-0.0135,0.0022,0.0000,0.0000,-0.0000,-0.0000,0.0000
0.2000,0.4867,1.0000,-0.0032,-0.0116,-31.9329,-2.0740,0.0000,-0.0170,-0.0170,-0.0522,0.0000,0.0000,-0.0070,-0.0028,0.0000
0.2000,0.5070,1.0000,0.0051,-0.0116,-31.9865,-2.0876,0.0000,-0.0201,-0.0201,-0.0515,0.0000,0.0000,-0.0070,-0.0028,0.0000
0.1999,0.5086,1.0000,0.0131,-0.0116,-32.0271,-2.0976,0.0000,-0.0229,-0.0229,-0.0531,0.0000,0.0000,-0.0070,-0.0028,0.0000
0.1999,0.4911,1.0000,0.0212,-0.0116,-32.0726,-2.1090,0.0000,-0.0249,-0.0249,-0.0534,0.0000,0.0000,-0.0070,-0.0028,0.0000
0.2001,0.5850,1.0000,0.0296,-0.0116,-32.1187,-2.1190,0.0000,-0.0314,-0.0314,-0.0530,0.0000,0.0000,-0.0070,-0.0028,0.0000
0.1999,0.5103,1.0000,0.0380,-0.0116,-32.1636,-2.1277,0.0000,-0.0343,-0.0343,-0.0535,0.0000,0.0000,-0.0070,-0.0028,0.0000
0.2000,0.4621,1.0000,0.0448,-0.0133,-32.2065,-2.1374,0.0000,0.0035,0.0035,-0.0390,0.0000,0.0000,-0.0080,-0.0032,0.0000
0.1999,0.4096,1.0000,0.0531,-0.0133,-32.2521,-2.1482,0.0000,0.0023,0.0023,-0.0382,0.0000,0.0000,-0.0080,-0.0032,0.0000
0.2000,0.4925,1.0000,0.0615,-0.0133,-32.2953,-2.1575,0.0000,-0.0023,-0.0023,-0.0377,0.0000,0.0000,-0.0080,-0.0032,0.0000
0.2000,0.4794,1.0000,0.0697,-0.0133,-32.3409,-2.1685,0.0000,-0.0041,-0.0041,-0.0367,0.0000,0.0000,-0.0080,-0.0032,0.0000
0.2000,0.4873,1.0000,0.0761,-0.0148,-32.3858,-2.1795,0.0000,-0.0059,-0.0059,-0.0359,0.0000,0.0000,-0.0089,-0.0036,0.0000
0.2000,0.4923,1.0000,0.0827,-0.0165,-32.4322,-2.1924,0.0000,0.0122,0.0122,-0.0643,0.0000,0.0000,-0.0100,-0.0040,0.0000
0.2000,0.4860,1.0000,0.0911,-0.0165,-32.4786,-2.2053,0.0000,0.0106,0.0106,-0.0629,0.0000,0.0000,-0.0100,-0.0040,0.0000
0.2000,0.5158,1.0000,0.0995,-0.0165,-32.5263,-2.2178,0.0000,0.0074,0.0074,-0.0610,0.0000,0.0000,-0.0100,-0.0040,0.0000
0.2000,0.5527,1.0000,0.1061,-0.0183,-32.5772,-2.2329,0.0000,0.0053,0.0053,-0.0594,0.0000,0.0000,-0.0110,-0.0044,0.0000
0.1998,0.4715,1.0000,0.1047,-0.0183,-32.6367,-2.2577,0.0000,0.0134,0.0134,-0.0577,0.0000,0.0000,-0.0110,-0.0044,0.0000
0.2000,0.5441,1.0000,0.1034,-0.0183,-32.6889,-2.2782,0.0000,0.0153,0.0153,-0.0556,0.0000,0.0000,-0.0110,-0.0044,0.0000
0.2000,0.5244,1.0000,0.1118,-0.0118,-32.7016,-2.2643,0.0000,0.0023,0.0023,-0.0643,0.0000,0.0000,-0.0071,-0.0028,0.0000
0.1999,0.4494,1.0000,0.1192,-0.0118,-32.7378,-2.2730,0.0000,0.0021,0.0021,-0.0618,0.0000,0.0000,-0.0071,-0.0028,0.0000
0.2000,0.4836,1.0000,0.1160,-0.0118,-32.7881,-2.2898,0.0000,0.0016,0.0016,-0.0593,0.0000,0.0000,-0.0071,-0.0028,0.0000
0.2000,0.5129,1.0000,0.1141,-0.0118,-32.8368,-2.3050,0.0000,0.0003,0.0003,-0.0568,0.0000,0.0000,-0.0071,-0.0028,0.0000
0.2000,0.4868,1.0000,0.1099,-0.0127,-32.8859,-2.3212,0.0000,0.0016,0.0016,-0.0533,0.0000,0.0000,-0.0077,-0.0031,0.0000
0.2000,0.5465,1.0000,0.1140,-0.0000,-32.9327,-2.3342,0.0000,0.0048,0.0048,0.0071,0.0000,0.0000,-0.0000,-0.0000,0.0000
0.2000,0.5465,1.0000,0.1056,-0.0000,-32.9789,-2.3459,0.0000,0.0050,0.0050,0.0107,0.0000,0.0000,-0.0000,-0.0000,0.0000
0.2000,0.5292,1.0000,0.0972,-0.0000,-33.0181,-2.3572,0.0000,0.0061,0.0061,0.0132,0.0000,0.0000,-0.0000,-0.0000,0.0000
0.2000,0.5292,1.0000,0.0888,0.0000,-33.0658,-2.3727,0.0000,0.0093,0.0093,0.0161,0.0000,0.0000,0.0000,0.0000,0.0000
0.2000,0.5130,1.0000,0.0804,0.0000,-33.1137,-2.3895,0.0000,0.0135,0.0135,0.0190,0.0000,0.0000,0.0000,0.0000,0.0000
0.2000,0.4818,1.0000,0.0720,-0.0222,-33.1615,-2.4075,0.0000,0.0170,0.0170,-0.0497,0.0000,0.0000,-0.0133,-0.0053,0.0000
0.2000,0.5049,1.0000,0.0777,-0.0222,-33.2083,-2.4234,0.0000,0.0166,0.0166,-0.0468,0.0000,0.0000,-0.0133,-0.0053,0.0000
0.2000,0.5595,1.0000,0.0811,-0.0222,-33.2540,-2.4382,0.0000,0.0148,0.0148,-0.0443,0.0000,0.0000,-0.0133,-0.0053,0.0000
0.2000,0.4877,1.0000,0.0800,-0.0222,-33.3001,-2.4523,0.0000,0.0148,0.0148,-0.0425,0.0000,0.0000,-0.0133,-0.0053,0.0000
0.1999,0.5341,1.0000,0.0742,-0.0249,-33.3452,-2.4661,0.0000,0.0124,0.0124,-0.0405,0.0000,0.0000,-0.0150,-0.0060,0.0000
0.1999,0.5231,1.0000,0.0700,-0.0249,-33.3895,-2.4806,0.0000,0.0122,0.0122,-0.0386,0.0000,0.0000,-0.0150,-0.0060,0.0000
0.1999,0.4431,1.0000,0.0784,0.0000,-33.4337,-2.4952,0.0000,0.0027,0.0027,0.0039,0.0000,0.0000,0.0000,0.0000,0.0000
0.2000,0.5333,1.0000,0.0701,0.0000,-33.4772,-2.5082,0.0000,0.0031,0.0031,0.0061,0.0000,0.0000,0.0000,0.0000,0.0000
0.2000,0.5071,1.0000,0.0619,0.0000,-33.5205,-2.5213,0.0000,0.0034,0.0034,0.0083,0.0000,0.0000,0.0000,0.0000,0.0000
0.2000,0.4814,1.0000,0.0535,0.0000,-33.5652,-2.5357,0.0000,0.0044,0.0044,0.0099,0.0000,0.0000,0.0000,0.0000,0.0000
0.1999,0.4211,1.0000,0.0451,0.0000,-33.6093,-2.5497,0.0000,0.0049,0.0049,0.0119,0.0000,0.0000,0.0000,0.0000,0.0000
0.2000,0.4638,1.0000,0.0367,0.0000,-33.6535,-2.5640,0.0000,0.0063,0.0063,0.0137,0.0000,0.0000,0.0000,0.0000,0.0000
0.2000,0.4343,1.0000,0.0283,0.0000,-33.6984,-2.5783,0.0000,0.0008,0.0008,0.0029,0.0000,0.0000,0.0000,0.0000,0.0000
0.2000,0.4297,1.0000,0.0199,0.0000,-33.7428,-2.5936,0.0000,0.0021,0.0021,0.0042,0.0000,0.0000,0.0000,0.0000,0.0000
0.2000,0.3651,1.0000,0.0115,0.0000,-33.7887,-2.6094,0.0000,0.0033,0.0033,0.0056,0.0000,0.0000,0.0000,0.0000,0.0000
0.2000,0.4736,1.0000,0.0031,0.0000,-33.8357,-2.6257,0.0000,0.0049,0.0049,0.0062,0.0000,0.0000,0.0000,0.0000,0.0000
0.2000,0.4386,1.0000,-0.0053,0.0000,-33.8825,-2.6404,0.0000,0.0048,0.0048,0.0070,0.0000,0.0000,0.0000,0.0000,0.0000
0.2000,0.4519,1.0000,-0.0137,-0.0148,-33.9289,-2.6557,0.0000,0.0006,0.0006,-0.0033,0.0000,0.0000,-0.0089,-0.0036,0.0000
0.1999,0.4766,1.0000,-0.0116,-0.0148,-33.9755,-2.6717,0.0000,0.0011,0.0011,-0.0033,0.0000,0.0000,-0.0089,-0.0036,0.0000
0.1999,0.4931,1.0000,-0.0104,-0.0148,-34.0224,-2.6878,0.0000,0.0016,0.0016,-0.0035,0.0000,0.0000,-0.0089,-0.0036,0.0000
0.1999,0.4822,1.0000,-0.0091,-0.0148,-34.0700,-2.7028,0.0000,0.0008,0.0008,-0.0040,0.0000,0.0000,-0.0089,-0.0036,0.0000
0.1999,0.5213,1.0000,0.0000,-0.0171,-34.1206,-2.7191,0.0000,-0.0000,-0.0000,-0.0047,0.0000,0.0000,-0.0103,-0.0041,0.0000
0.2000,0.4764,1.0000,0.0000,-0.0000,-34.1818,-2.7394,0.0000,-0.0005,-0.0005,-0.0016,0.0000,0.0000,-0.0000,-0.0000,0.0000
0.1999,0.4910,1.0000,0.0000,-0.0000,-34.2336,-2.7556,0.0000,-0.0011,-0.0011,-0.0014,0.0000,0.0000,-0.0000,-0.0000,0.0000
0.2000,0.5715,1.0000,0.0000,-0.0000,-34.2863,-2.7716,0.0000,-0.0026,-0.0026,-0.0024,0.0000,0.0000,-0.0000,-0.0000,0.0000
0.1999,0.5338,1.0000,0.0000,-0.0000,-34.3376,-2.7863,0.0000,-0.0048,-0.0048,-0.0031,0.0000,0.0000,-0.0000,-0.0000,0.0000
0.2000,0.4996,1.0000,0.0000,-0.0000,-34.3960,-2.7959,0.0000,-0.0138,-0.0138,-0.0032,0.0000,0.0000,-0.0000,-0.0000,0.0000
0.2000,0.5490,1.0000,0.0000,-0.0000,-34.4475,-2.8112,0.0000,-0.0156,-0.0156,-0.0042,0.0000,0.0000,-0.0000,-0.0000,0.0000
0.2000,0.5536,1.0000,0.0000,-0.0142,-34.4981,-2.8270,0.0000,-0.0014,-0.0014,-0.0082,0.0000,0.0000,-0.0086,-0.0034,0.0000
0.2000,0.4287,1.0000,0.0000,-0.0142,-34.5485,-2.8424,0.0000,-0.0023,-0.0023,-0.0090,0.0000,0.0000,-0.0086,-0.0034,0.0000
0.1999,0.5005,1.0000,0.0000,-0.0142,-34.5982,-2.8565,0.0000,-0.0050,-0.0050,-0.0092,0.0000,0.0000,-0.0086,-0.0034,0.0000
0.2000,0.3996,1.0000,0.0000,-0.0142,-34.6480,-2.8698,0.0000,-0.0076,-0.0076,-0.0096,0.0000,0.0000,-0.0086,-0.0034,0.0000
0.2000,0.4536,1.0000,0.0000,-0.0163,-34.6967,-2.8837,0.0000,-0.0101,-0.0101,-0.0101,0.0000,0.0000,-0.0098,-0.0039,0.0000
0.1999,0.5126,1.0000,0.0000,0.0000,-34.7452,-2.8981,0.0000,-0.0030,-0.0030,-0.0010,0.0000,0.0000,0.0000,0.0000,0.0000
0.1999,0.4846,1.0000,0.0000,0.0000,-34.7951,-2.9122,0.0000,-0.0050,-0.0050,-0.0015,0.0000,0.0000,0.0000,0.0000,0.0000
0.2000,0.4624,1.0000,0.0000,0.0000,-34.8453,-2.9264,0.0000,-0.0069,-0.0069,-0.0018,0.0000,0.0000,0.0000,0.0000,0.0000
0.2000,0.4344,1.0000,-0.0084,0.0000,-34.8505,-2.9795,0.0000,0.0426,0.0426,0.0004,0.0000,0.0000,0.0000,0.0000,0.0000
0.1999,0.4432,1.0000,-0.0167,0.0000,-34.9162,-3.0031,0.0000,0.0452,0.0452,0.0014,0.0000,0.0000,0.0000,0.0000,0.0000
0.2000,0.4598,1.0000,-0.0112,-0.0000,-34.9581,-3.0179,0.0000,0.0039,0.0039,0.0014,0.0000,0.0000,-0.0000,-0.0000,0.0000
0.1999,0.4906,1.0000,-0.0077,-0.0000,-35.0079,-3.0334,0.0000,0.0034,0.0034,0.0010,0.0000,0.0000,-0.0000,-0.0000,0.0000
0.2000,0.4405,1.0000,-0.0037,-0.0000,-35.0521,-3.0437,0.0000,-0.0006,-0.0006,0.0000,0.0000,0.0000,-0.0000,-0.0000,0.0000
0.2000,0.4417,1.0000,0.0039,-0.0000,-35.0980,-3.0513,0.0000,-0.0078,-0.0078,-0.0018,0.0000,0.0000,-0.0000,-0.0000,0.0000
0.2000,0.4821,1.0000,0.0000,-0.0000,-35.1481,-3.0606,0.0000,-0.0149,-0.0149,-0.0042,0.0000,0.0000,-0.0000,-0.0000,0.0000
0.2000,0.5592,1.0000,0.0000,0.0000,-35.2004,-3.0727,0.0000,-0.0117,-0.0117,-0.0032,0.0000,0.0000,0.0000,0.0000,0.0000
0.2000,0.5359,1.0000,0.0000,0.0000,-35.2556,-3.0855,0.0000,-0.0166,-0.0166,-0.0047,0.0000,0.0000,0.0000,0.0000,0.0000
0.2000,0.5680,1.0000,0.0000,0.0000,-35.3079,-3.0986,0.0000,-0.0204,-0.0204,-0.0055,0.0000,0.0000,0.0000,0.0000,0.0000
0.2000,0.5622,1.0000,0.0000,0.0000,-35.3616,-3.1110,0.0000,-0.0251,-0.0251,-0.0062,0.0000,0.0000,0.0000,0.0000,0.0000
0.2000,0.5608,1.0000,0.0000,0.0000,-35.4157,-3.1285,0.0000,-0.0250,-0.0250,-0.0068,0.0000,0.0000,0.0000,0.0000,0.0000
0.2000,0.5937,1.0000,0.0000,0.0000,-35.4709,-3.1451,0.0000,-0.0262,-0.0262,-0.0068,0.0000,0.0000,0.0000,0.0000,0.0000
0.2000,0.5697,1.0000,0.0000,0.0000,-35.5273,-3.1593,0.0000,-0.0039,-0.0039,-0.0001,0.0000,0.0000,0.0000,0.0000,0.0000
0.2000,0.5747,1.0000,0.0000,0.0000,-35.5831,-3.1739,0.0000,-0.0067,-0.0067,-0.0006,0.0000,0.0000,0.0000,0.0000,0.0000
0.2001,0.6124,1.0000,0.0000,0.0000,-35.6381,-3.1909,0.0000,-0.0071,-0.0071,-0.0011,0.0000,0.0000,0.0000,0.0000,0.0000
0.2001,0.6408,1.0000,0.0000,0.0000,-35.6925,-3.2078,0.0000,-0.0073,-0.0073,-0.0014,0.0000,0.0000,0.0000,0.0000,0.0000
0.2001,0.5899,1.0000,0.0000,0.0000,-35.7458,-3.2238,0.0000,-0.0079,-0.0079,-0.0018,0.0000,0.0000,0.0000,0.0000,0.0000
0.2001,0.6132,1.0000,0.0000,0.0000,-35.7978,-3.2393,0.0000,-0.0087,-0.0087,-0.0020,0.0000,0.0000,0.0000,0.0000,0.0000
0.2001,0.6025,1.0000,0.0000,-0.0000,-35.8486,-3.2545,0.0000,-0.0013,-0.0013,-0.0005,0.0000,0.0000,-0.0000,-0.0000,0.0000
0.2001,0.6001,1.0000,0.0000,-0.0000,-35.8968,-3.2611,0.0000,-0.0094,-0.0094,-0.0013,0.0000,0.0000,-0.0000,-0.0000,0.0000
0.2000,0.5069,1.0000,0.0000,-0.0000,-35.9450,-3.2716,0.0000,-0.0138,-0.0138,-0.0020,0.0000,0.0000,-0.0000,-0.0000,0.0000
0.2000,0.5525,1.0000,0.0000,0.0000,-35.9923,-3.2829,0.0000,-0.0171,-0.0171,-0.0021,0.0000,0.0000,0.0000,0.0000,0.0000
0.2000,0.5060,1.0000,0.0000,0.0000,-36.0400,-3.2944,0.0000,-0.0204,-0.0204,-0.0029,0.0000,0.0000,0.0000,0.0000,0.0000
0.2000,0.4481,1.0000,0.0000,-0.0258,-36.0864,-3.3058,0.0000,-0.0054,-0.0054,-0.0058,0.0000,0.0000,-0.0155,-0.0062,0.0000
0.2000,0.5530,1.0000,0.0000,-0.0258,-36.1314,-3.3175,0.0000,-0.0082,-0.0082,-0.0065,0.0000,0.0000,-0.0155,-0.0062,0.0000
0.2000,0.4443,1.0000,0.0000,-0.0258,-36.1722,-3.3256,0.0000,-0.0125,-0.0125,-0.0078,0.0000,0.0000,-0.0155,-0.0062,0.0000
0.1999,0.5322,1.0000,0.0000,-0.0258,-36.2149,-3.3343,0.0000,-0.0174,-0.0174,-0.0083,0.0000,0.0000,-0.0155,-0.0062,0.0000
0.2000,0.5478,1.0000,0.0000,-0.0296,-36.2557,-3.3366,0.0000,-0.0275,-0.0275,-0.0084,0.0000,0.0000,-0.0178,-0.0071,0.0000
0.1999,0.4810,1.0000,0.0000,-0.0000,-36.3002,-3.3502,0.0000,-0.0101,-0.0101,-0.0020,0.0000,0.0000,-0.0000,-0.0000,0.0000
0.2000,0.3802,1.0000,0.0000,-0.0000,-36.3469,-3.3595,0.0000,-0.0147,-0.0147,-0.0026,0.0000,0.0000,-0.0000,-0.0000,0.0000
0.2000,0.5206,1.0000,0.0000,-0.0000,-36.3956,-3.3776,0.0000,-0.0115,-0.0115,-0.0016,0.0000,0.0000,-0.0000,-0.0000,0.0000
0.2000,0.5378,1.0000,0.0000,-0.0000,-36.4441,-3.3887,0.0000,-0.0150,-0.0150,-0.0021,0.0000,0.0000,-0.0000,-0.0000,0.0000
0.2000,0.5944,1.0000,0.0000,-0.0000,-36.4913,-3.4041,0.0000,-0.0142,-0.0142,-0.0025,0.0000,0.0000,-0.0000,-0.0000,0.0000
0.2000,0.5247,1.0000,0.0000,-0.0000,-36.5393,-3.4202,0.0000,-0.0128,-0.0128,-0.0032,0.0000,0.0000,-0.0000,-0.0000,0.0000
0.2000,0.5295,1.0000,0.0000,-0.0167,-36.5888,-3.4324,0.0000,-0.0005,-0.0005,-0.0073,0.0000,0.0000,-0.0100,-0.0040,0.0000
0.1999,0.5361,1.0000,0.0000,-0.0167,-36.6402,-3.4493,0.0000,0.0007,0.0007,-0.0070,0.0000,0.0000,-0.0100,-0.0040,0.0000
0.1999,0.5329,1.0000,0.0000,-0.0167,-36.6901,-3.4638,0.0000,-0.0002,-0.0002,-0.0074,0.0000,0.0000,-0.0100,-0.0040,0.0000
0.2000,0.5713,1.0000,0.0000,-0.0191,-36.7396,-3.4799,0.0000,0.0006,0.0006,-0.0069,0.0000,0.0000,-0.0115,-0.0046,0.0000
0.2000,0.5593,1.0000,0.0000,-0.0191,-36.7903,-3.4896,0.0000,-0.0052,-0.0052,-0.0078,0.0000,0.0000,-0.0115,-0.0046,0.0000
0.2001,0.5991,1.0000,0.0000,-0.0191,-36.8403,-3.5010,0.0000,-0.0093,-0.0093,-0.0084,0.0000,0.0000,-0.0115,-0.0046,0.0000
0.2000,0.6015,1.0000,0.0084,-0.0087,-36.8886,-3.5152,0.0000,0.0016,0.0016,-0.0607,0.0000,0.0000,-0.0053,-0.0021,0.0000
0.2000,0.6015,1.0000,0.0167,-0.0087,-36.9368,-3.5303,0.0000,-0.0009,-0.0009,-0.0614,0.0000,0.0000,-0.0053,-0.0021,0.0000
0.2000,0.5766,1.0000,0.0251,-0.0087,-36.9847,-3.5499,0.0000,0.0021,0.0021,-0.0609,0.0000,0.0000,-0.0053,-0.0021,0.0000
0.2001,0.5830,1.0000,0.0331,-0.0093,-37.0320,-3.5602,0.0000,-0.0048,-0.0048,-0.0615,0.0000,0.0000,-0.0056,-0.0022,0.0000
0.1999,0.5116,1.0000,0.0415,-0.0093,-37.0780,-3.5709,0.0000,-0.0081,-0.0081,-0.0609,0.0000,0.0000,-0.0056,-0.0022,0.0000
0.2000,0.5284,1.0000,0.0499,-0.0069,-37.1243,-3.5793,0.0000,0.0029,0.0029,-0.0746,0.0000,0.0000,-0.0042,-0.0017,0.0000
0.1999,0.4899,1.0000,0.0580,-0.0069,-37.1711,-3.5913,0.0000,-0.0010,-0.0010,-0.0741,0.0000,0.0000,-0.0042,-0.0017,0.0000
0.1999,0.4245,1.0000,0.0664,-0.0069,-37.2151,-3.6013,0.0000,-0.0049,-0.0049,-0.0740,0.0000,0.0000,-0.0042,-0.0017,0.0000
0.2000,0.4533,1.0000,0.0748,-0.0069,-37.2580,-3.6217,0.0000,-0.0016,-0.0016,-0.0720,0.0000,0.0000,-0.0042,-0.0017,0.0000
0.2000,0.4755,1.0000,0.0831,-0.0070,-37.3016,-3.6376,0.0000,-0.0026,-0.0026,-0.0700,0.0000,0.0000,-0.0042,-0.0017,0.0000
0.2000,0.4701,1.0000,0.0817,0.0000,-37.3431,-3.6501,0.0000,0.0035,0.0035,0.0029,0.0000,0.0000,0.0000,0.0000,0.0000
0.1999,0.3477,1.0000,0.0733,0.0000,-37.3851,-3.6725,0.0000,0.0132,0.0132,0.0054,0.0000,0.0000,0.0000,0.0000,0.0000
0.2000,0.4615,1.0000,0.0651,0.0000,-37.4271,-3.6788,0.0000,0.0076,0.0076,0.0059,0.0000,0.0000,0.0000,0.0000,0.0000
0.2000,0.4602,1.0000,0.0567,0.0000,-37.4707,-3.6917,0.0000,0.0079,0.0079,0.0079,0.0000,0.0000,0.0000,0.0000,0.0000
0.2000,0.4788,1.0000,0.0483,0.0000,-37.5145,-3.7016,0.0000,0.0052,0.0052,0.0093,0.0000,0.0000,0.0000,0.0000,0.0000
0.2000,0.4644,1.0000,0.0399,0.0000,-37.5579,-3.7170,0.0000,0.0079,0.0079,0.0112,0.0000,0.0000,0.0000,0.0000,0.0000
0.2000,0.5112,1.0000,0.0315,0.0000,-37.6013,-3.7344,0.0000,0.0067,0.0067,0.0039,0.0000,0.0000,0.0000,0.0000,0.0000
0.2000,0.5085,1.0000,0.0231,0.0000,-37.6443,-3.7500,0.0000,0.0092,0.0092,0.0051,0.0000,0.0000,0.0000,0.0000,0.0000
0.2000,0.4643,1.0000,0.0147,0.0000,-37.6885,-3.7642,0.0000,0.0099,0.0099,0.0068,0.0000,0.0000,0.0000,0.0000,0.0000
0.2000,0.4595,1.0000,0.0063,0.0000,-37.7312,-3.7738,0.0000,0.0069,0.0069,0.0086,0.0000,0.0000,0.0000,0.0000,0.0000
0.2000,0.4942,1.0000,-0.0020,0.0000,-37.7682,-3.7844,0.0000,0.0063,0.0063,0.0088,0.0000,0.0000,0.0000,0.0000,0.0000
0.2000,0.4375,1.0000,0.0000,0.0000,-37.8085,-3.7965,0.0000,-0.0020,-0.0020,-0.0002,0.0000,0.0000,0.0000,0.0000,0.0000
0.2000,0.4181,1.0000,-0.0021,0.0000,-37.8484,-3.8162,0.0000,0.0048,0.0048,0.0003,0.0000,0.0000,0.0000,0.0000,0.0000
0.2000,0.4015,1.0000,-0.0040,0.0000,-37.8914,-3.8336,0.0000,0.0083,0.0083,-0.0004,0.0000,0.0000,0.0000,0.0000,0.0000
0.2000,0.4397,1.0000,-0.0044,0.0000,-37.9362,-3.8469,0.0000,0.0072,0.0072,-0.0006,0.0000,0.0000,0.0000,0.0000,0.0000
0.1999,0.4760,1.0000,0.0000,0.0000,-37.9818,-3.8577,0.0000,0.0037,0.0037,-0.0004,0.0000,0.0000,0.0000,0.0000,0.0000
0.2000,0.4651,1.0000,0.0000,-0.0070,-38.0260,-3.8676,0.0000,-0.0062,-0.0062,-0.0069,0.0000,0.0000,-0.0042,-0.0017,0.0000
0.2000,0.5160,1.0000,0.0000,-0.0070,-38.0703,-3.8840,0.0000,-0.0048,-0.0048,-0.0079,0.0000,0.0000,-0.0042,-0.0017,0.0000
0.2000,0.5724,1.0000,0.0000,-0.0070,-38.1141,-3.8988,0.0000,-0.0045,-0.0045,-0.0080,0.0000,0.0000,-0.0042,-0.0017,0.0000
0.2000,0.5227,1.0000,0.0000,-0.0070,-38.1587,-3.9120,0.0000,-0.0056,-0.0056,-0.0081,0.0000,0.0000,-0.0042,-0.0017,0.0000
0.2000,0.5479,1.0000,0.0000,-0.0079,-38.2032,-3.9250,0.0000,-0.0072,-0.0072,-0.0083,0.0000,0.0000,-0.0047,-0.0019,0.0000
0.2000,0.5111,1.0000,0.0000,-0.0079,-38.2485,-3.9391,0.0000,-0.0077,-0.0077,-0.0084,0.0000,0.0000,-0.0047,-0.0019,0.0000
0.2000,0.5255,1.0000,0.0084,-0.0054,-38.2923,-3.9540,0.0000,0.0102,0.0102,-0.0673,0.0000,0.0000,-0.0033,-0.0013,0.0000
0.2000,0.5268,1.0000,0.0168,-0.0054,-38.3357,-3.9680,0.0000,0.0073,0.0073,-0.0674,0.0000,0.0000,-0.0033,-0.0013,0.0000
0.1999,0.5043,1.0000,0.0248,-0.0054,-38.3779,-3.9785,0.0000,0.0023,0.0023,-0.0679,0.0000,0.0000,-0.0033,-0.0013,0.0000
0.2000,0.5596,1.0000,0.0332,-0.0053,-38.4207,-3.9891,0.0000,-0.0055,-0.0055,-0.0683,0.0000,0.0000,-0.0032,-0.0013,0.0000
0.1999,0.4384,1.0000,0.0415,-0.0054,-38.4623,-4.0020,0.0000,-0.0045,-0.0045,-0.0680,0.0000,0.0000,-0.0033,-0.0013,0.0000
0.2000,0.5196,1.0000,0.0365,-0.0187,-38.5035,-4.0163,0.0000,0.0151,0.0151,-0.0920,0.0000,0.0000,-0.0113,-0.0045,0.0000
0.1999,0.4367,1.0000,0.0449,-0.0187,-38.5545,-4.0311,0.0000,0.0130,0.0130,-0.0913,0.0000,0.0000,-0.0113,-0.0045,0.0000
0.1999,0.4927,1.0000,0.0529,-0.0187,-38.5981,-4.0443,0.0000,0.0058,0.0058,-0.0905,0.0000,0.0000,-0.0113,-0.0045,0.0000
0.1999,0.4382,1.0000,0.0613,-0.0187,-38.6432,-4.0574,0.0000,0.0032,0.0032,-0.0893,0.0000,0.0000,-0.0113,-0.0045,0.0000
0.2000,0.5391,1.0000,0.0682,-0.0206,-38.6994,-4.0642,0.0000,-0.0165,-0.0165,-0.0884,0.0000,0.0000,-0.0124,-0.0050,0.0000
0.2000,0.5585,1.0000,0.0766,-0.0206,-38.7465,-4.0771,0.0000,-0.0235,-0.0235,-0.0874,0.0000,0.0000,-0.0124,-0.0050,0.0000
0.2000,0.4818,1.0000,0.0761,-0.0128,-38.7887,-4.0863,0.0000,-0.0044,-0.0044,-0.0065,0.0000,0.0000,-0.0077,-0.0031,0.0000
0.1999,0.4425,1.0000,0.0677,-0.0128,-38.8439,-4.1050,0.0000,-0.0033,-0.0033,-0.0050,0.0000,0.0000,-0.0077,-0.0031,0.0000
0.2000,0.4632,1.0000,0.0593,-0.0128,-38.8827,-4.1170,0.0000,-0.0039,-0.0039,-0.0040,0.0000,0.0000,-0.0077,-0.0031,0.0000
0.2000,0.5232,1.0000,0.0509,-0.0145,-38.9297,-4.1306,0.0000,-0.0054,-0.0054,-0.0024,0.0000,0.0000,-0.0087,-0.0035,0.0000
0.1999,0.4339,1.0000,0.0426,-0.0145,-38.9810,-4.1511,0.0000,-0.0017,-0.0017,-0.0018,0.0000,0.0000,-0.0087,-0.0035,0.0000
0.2000,0.4677,1.0000,0.0371,-0.0116,-39.0281,-4.1683,0.0000,0.0036,0.0036,0.0156,0.0000,0.0000,-0.0070,-0.0028,0.0000
0.2000,0.5288,1.0000,0.0287,-0.0116,-39.0767,-4.1848,0.0000,0.0058,0.0058,0.0173,0.0000,0.0000,-0.0070,-0.0028,0.0000
0.2000,0.5312,1.0000,0.0203,-0.0116,-39.1177,-4.1967,0.0000,0.0055,0.0055,0.0193,0.0000,0.0000,-0.0070,-0.0028,0.0000
0.2000,0.4891,1.0000,0.0119,-0.0116,-39.1695,-4.2167,0.0000,0.0090,0.0090,0.0197,0.0000,0.0000,-0.0070,-0.0028,0.0000
0.2000,0.5395,1.0000,0.0035,-0.0133,-39.2182,-4.2325,0.0000,0.0106,0.0106,0.0218,0.0000,0.0000,-0.0080,-0.0032,0.0000
0.2000,0.5056,1.0000,-0.0049,-0.0133,-39.2687,-4.2471,0.0000,0.0093,0.0093,0.0224,0.0000,0.0000,-0.0080,-0.0032,0.0000
0.2000,0.5450,1.0000,0.0035,0.0000,-39.3187,-4.2619,0.0000,-0.0039,-0.0039,0.0008,0.0000,0.0000,0.0000,0.0000,0.0000
0.1999,0.5177,1.0000,0.0020,0.0000,-39.3666,-4.2773,0.0000,-0.0043,-0.0043,0.0015,0.0000,0.0000,0.0000,0.0000,0.0000
0.2000,0.5646,1.0000,0.0025,0.0000,-39.4138,-4.2919,0.0000,-0.0055,-0.0055,0.0012,0.0000,0.0000,0.0000,0.0000,0.0000
0.2000,0.5416,1.0000,0.0039,0.0000,-39.4606,-4.3053,0.0000,-0.0077,-0.0077,0.0011,0.0000,0.0000,0.0000,0.0000,0.0000
0.1999,0.5239,1.0000,0.0000,0.0000,-39.5052,-4.3186,0.0000,-0.0093,-0.0093,0.0007,0.0000,0.0000,0.0000,0.0000,0.0000
0.2000,0.5087,1.0000,0.0000,0.0000,-39.5355,-4.3172,0.0000,-0.0205,-0.0205,0.0001,0.0000,0.0000,0.0000,0.0000,0.0000
0.2000,0.5037,1.0000,-0.0084,-0.0127,-39.5758,-4.3285,0.0000,-0.0207,-0.0207,0.0419,0.0000,0.0000,-0.0077,-0.0031,0.0000
0.2000,0.4553,1.0000,-0.0168,-0.0127,-39.6184,-4.3403,0.0000,-0.0223,-0.0223,0.0418,0.0000,0.0000,-0.0077,-0.0031,0.0000
0.2000,0.4709,1.0000,-0.0252,-0.0127,-39.6588,-4.3515,0.0000,-0.0226,-0.0226,0.0411,0.0000,0.0000,-0.0077,-0.0031,0.0000
0.2000,0.4974,1.0000,-0.0336,-0.0127,-39.6986,-4.3634,0.0000,-0.0216,-0.0216,0.0413,0.0000,0.0000,-0.0077,-0.0031,0.0000
0.2000,0.3636,1.0000,-0.0420,-0.0127,-39.7371,-4.3740,0.0000,-0.0249,-0.0249,0.0411,0.0000,0.0000,-0.0077,-0.0031,0.0000
0.2000,0.4741,1.0000,-0.0336,-0.0000,-39.7772,-4.3847,0.0000,-0.0051,-0.0051,-0.0016,0.0000,0.0000,-0.0000,-0.0000,0.0000
0.2000,0.4651,1.0000,-0.0252,-0.0000,-39.8177,-4.3951,0.0000,-0.0084,-0.0084,-0.0026,0.0000,0.0000,-0.0000,-0.0000,0.0000
0.2000,0.4743,1.0000,-0.0168,-0.0000,-39.8587,-4.4065,0.0000,-0.0110,-0.0110,-0.0044,0.0000,0.0000,-0.0000,-0.0000,0.0000
0.2000,0.4184,1.0000,-0.0084,-0.0000,-39.9025,-4.4182,0.0000,-0.0139,-0.0139,-0.0053,0.0000,0.0000,-0.0000,-0.0000,0.0000
0.2000,0.4709,1.0000,-0.0000,-0.0000,-39.9476,-4.4273,0.0000,-0.0202,-0.0202,-0.0071,0.0000,0.0000,-0.0000,-0.0000,0.0000
0.2000,0.4997,1.0000,0.0084,0.0000,-39.9933,-4.4335,0.0000,-0.0146,-0.0146,-0.0029,0.0000,0.0000,0.0000,0.0000,0.0000
0.2000,0.5325,1.0000,0.0167,0.0000,-40.0393,-4.4429,0.0000,-0.0205,-0.0205,-0.0042,0.0000,0.0000,0.0000,0.0000,0.0000
0.2000,0.4805,1.0000,0.0251,0.0000,-40.0846,-4.4544,0.0000,-0.0238,-0.0238,-0.0053,0.0000,0.0000,0.0000,0.0000,0.0000
0.2000,0.5098,1.0000,0.0335,0.0000,-40.1305,-4.4676,0.0000,-0.0261,-0.0261,-0.0065,0.0000,0.0000,0.0000,0.0000,0.0000
0.2000,0.5712,1.0000,0.0262,0.0000,-40.1614,-4.5004,0.0000,-0.0048,-0.0048,-0.0068,0.0000,0.0000,0.0000,0.0000,0.0000
0.2000,0.4962,1.0000,0.0178,0.0000,-40.2064,-4.5116,0.0000,0.0185,0.0185,-0.0006,0.0000,0.0000,0.0000,0.0000,0.0000
0.2000,0.5181,1.0000,0.0094,0.0000,-40.2217,-4.5055,0.0000,0.0082,0.0082,-0.0001,0.0000,0.0000,0.0000,0.0000,0.0000
0.2000,0.5098,1.0000,0.0010,0.0000,-40.2853,-4.5282,0.0000,0.0105,0.0105,0.0008,0.0000,0.0000,0.0000,0.0000,0.0000
0.2000,0.4940,1.0000,-0.0074,0.0000,-40.3404,-4.5487,0.0000,0.0132,0.0132,0.0012,0.0000,0.0000,0.0000,0.0000,0.0000
0.1999,0.5200,1.0000,-0.0122,0.0000,-40.3893,-4.5628,0.0000,0.0120,0.0120,0.0025,0.0000,0.0000,0.0000,0.0000,0.0000
0.1999,0.5310,1.0000,0.0000,0.0000,-40.4386,-4.5753,0.0000,0.0090,0.0090,0.0031,0.0000,0.0000,0.0000,0.0000,0.0000
0.2000,0.5512,1.0000,0.0067,-0.0015,-40.4940,-4.5941,0.0000,0.0057,0.0057,-0.0668,0.0000,0.0000,-0.0009,-0.0004,0.0000
0.2000,0.5581,1.0000,0.0151,-0.0015,-40.5451,-4.6104,0.0000,0.0013,0.0013,-0.0673,0.0000,0.0000,-0.0009,-0.0004,0.0000
0.2000,0.5468,1.0000,0.0231,-0.0015,-40.5782,-4.6099,0.0000,-0.0114,-0.0114,-0.0686,0.0000,0.0000,-0.0009,-0.0004,0.0000
0.2000,0.5871,1.0000,0.0315,-0.0009,-40.6276,-4.6262,0.0000,-0.0164,-0.0164,-0.0697,0.0000,0.0000,-0.0005,-0.0002,0.0000
0.1999,0.5101,1.0000,0.0397,-0.0009,-40.6755,-4.6408,0.0000,-0.0179,-0.0179,-0.0692,0.0000,0.0000,-0.0005,-0.0002,0.0000
0.2000,0.5027,1.0000,0.0361,-0.0129,-40.7205,-4.6541,0.0000,0.0043,0.0043,-0.0397,0.0000,0.0000,-0.0078,-0.0031,0.0000
0.2000,0.5397,1.0000,0.0444,-0.0129,-40.7662,-4.6675,0.0000,0.0006,0.0006,-0.0387,0.0000,0.0000,-0.0078,-0.0031,0.0000
0.2000,0.4768,1.0000,0.0528,-0.0129,-40.8105,-4.6805,0.0000,-0.0013,-0.0013,-0.0386,0.0000,0.0000,-0.0078,-0.0031,0.0000
0.2000,0.5553,1.0000,0.0597,-0.0144,-40.8529,-4.6953,0.0000,-0.0031,-0.0031,-0.0371,0.0000,0.0000,-0.0087,-0.0035,0.0000
0.2000,0.5261,1.0000,0.0680,-0.0144,-40.8944,-4.7100,0.0000,-0.0031,-0.0031,-0.0370,0.0000,0.0000,-0.0087,-0.0035,0.0000
0.2000,0.4570,1.0000,0.0742,0.0000,-40.9359,-4.7241,0.0000,0.0021,0.0021,0.0019,0.0000,0.0000,0.0000,0.0000,0.0000
0.2000,0.4739,1.0000,0.0659,0.0000,-40.9773,-4.7365,0.0000,0.0013,0.0013,0.0031,0.0000,0.0000,0.0000,0.0000,0.0000
0.2000,0.4598,1.0000,0.0575,0.0000,-41.0187,-4.7502,0.0000,0.0017,0.0017,0.0043,0.0000,0.0000,0.0000,0.0000,0.0000
0.2000,0.5017,1.0000,0.0491,0.0000,-41.0596,-4.7652,0.0000,0.0037,0.0037,0.0058,0.0000,0.0000,0.0000,0.0000,0.0000
0.2000,0.4230,1.0000,0.0407,0.0000,-41.1004,-4.7807,0.0000,0.0057,0.0057,0.0064,0.0000,0.0000,0.0000,0.0000,0.0000
0.2000,0.4672,1.0000,0.0323,-0.0429,-41.1417,-4.7958,0.0000,-0.0086,-0.0086,0.0716,0.0000,0.0000,-0.0258,-0.0103,0.0000
0.2000,0.4877,1.0000,0.0239,-0.0429,-41.2271,-4.8297,0.0000,0.0041,0.0041,0.0732,0.0000,0.0000,-0.0258,-0.0103,0.0000
0.2000,0.5059,1.0000,0.0155,-0.0429,-41.2717,-4.8461,0.0000,0.0097,0.0097,0.0744,0.0000,0.0000,-0.0258,-0.0103,0.0000
0.2000,0.5176,1.0000,0.0071,-0.0509,-41.3159,-4.8616,0.0000,0.0143,0.0143,0.0753,0.0000,0.0000,-0.0307,-0.0123,0.0000
0.2000,0.5683,1.0000,-0.0013,-0.0509,-41.3600,-4.8779,0.0000,0.0212,0.0212,0.0760,0.0000,0.0000,-0.0307,-0.0123,0.0000
0.2000,0.5366,1.0000,0.0071,-0.0292,-41.4040,-4.8928,0.0000,-0.0121,-0.0121,0.1015,0.0000,0.0000,-0.0176,-0.0070,0.0000
0.2000,0.5120,1.0000,-0.0013,-0.0292,-41.4481,-4.9076,0.0000,-0.0088,-0.0088,0.1018,0.0000,0.0000,-0.0176,-0.0070,0.0000
0.1999,0.4270,1.0000,-0.0097,-0.0292,-41.4902,-4.9126,0.0000,-0.0177,-0.0177,0.1019,0.0000,0.0000,-0.0176,-0.0070,0.0000
0.1999,0.4270,1.0000,-0.0181,-0.0292,-41.5069,-4.9047,0.0000,-0.0291,-0.0291,0.1020,0.0000,0.0000,-0.0176,-0.0070,0.0000
0.2000,0.4848,1.0000,-0.0265,-0.0292,-41.5366,-4.9032,0.0000,-0.0346,-0.0346,0.1013,0.0000,0.0000,-0.0176,-0.0070,0.0000
0.2000,0.4622,1.0000,-0.0349,-0.0349,-41.5790,-4.9145,0.0000,-0.0342,-0.0342,0.1016,0.0000,0.0000,-0.0210,-0.0084,0.0000
0.2000,0.4928,1.0000,-0.0433,-0.0442,-41.6212,-4.9253,0.0000,-0.0090,-0.0090,0.0146,0.0000,0.0000,-0.0266,-0.0106,0.0000
0.2000,0.4865,1.0000,-0.0517,-0.0442,-41.6624,-4.9356,0.0000,-0.0122,-0.0122,0.0133,0.0000,0.0000,-0.0266,-0.0106,0.0000
0.2000,0.4175,1.0000,-0.0529,-0.0442,-41.7035,-4.9462,0.0000,-0.0155,-0.0155,0.0122,0.0000,0.0000,-0.0266,-0.0106,0.0000
0.2000,0.4421,1.0000,-0.0509,-0.0442,-41.7442,-4.9571,0.0000,-0.0180,-0.0180,0.0105,0.0000,0.0000,-0.0266,-0.0106,0.0000
0.1998,0.4664,1.0000,-0.0472,-0.0442,-41.7850,-4.9666,0.0000,-0.0217,-0.0217,0.0093,0.0000,0.0000,-0.0266,-0.0106,0.0000
0.2000,0.4063,1.0000,-0.0444,-0.0329,-41.8256,-4.9760,0.0000,-0.0129,-0.0129,0.0163,0.0000,0.0000,-0.0199,-0.0079,0.0000
0.1999,0.4217,1.0000,-0.0443,-0.0329,-41.8663,-4.9837,0.0000,-0.0182,-0.0182,0.0140,0.0000,0.0000,-0.0199,-0.0079,0.0000
0.1999,0.4774,1.0000,-0.0411,-0.0329,-41.9075,-4.9915,0.0000,-0.0230,-0.0230,0.0130,0.0000,0.0000,-0.0199,-0.0079,0.0000
0.2000,0.4127,1.0000,-0.0352,-0.0329,-41.9485,-4.9995,0.0000,-0.0287,-0.0287,0.0102,0.0000,0.0000,-0.0199,-0.0079,0.0000
0.2000,0.4529,1.0000,-0.0268,-0.0329,-41.9888,-5.0075,0.0000,-0.0335,-0.0335,0.0081,0.0000,0.0000,-0.0199,-0.0079,0.0000
0.2000,0.4720,1.0000,-0.0238,-0.0213,-42.0285,-5.0152,0.0000,-0.0356,-0.0356,0.1330,0.0000,0.0000,-0.0128,-0.0051,0.0000
0.2000,0.4946,1.0000,-0.0321,-0.0213,-42.0672,-5.0224,0.0000,-0.0343,-0.0343,0.1312,0.0000,0.0000,-0.0128,-0.0051,0.0000
0.1999,0.3714,1.0000,-0.0405,-0.0213,-42.1065,-5.0285,0.0000,-0.0436,-0.0436,0.1299,0.0000,0.0000,-0.0128,-0.0051,0.0000
0.2000,0.4795,1.0000,-0.0488,-0.0213,-42.1464,-5.0346,0.0000,-0.0381,-0.0381,0.1285,0.0000,0.0000,-0.0128,-0.0051,0.0000
0.1999,0.4326,1.0000,-0.0572,-0.0213,-42.1847,-5.0395,0.0000,-0.0434,-0.0434,0.1270,0.0000,0.0000,-0.0128,-0.0051,0.0000
0.2000,0.4684,1.0000,-0.0656,-0.0257,-42.2250,-5.0461,0.0000,-0.0421,-0.0421,0.1256,0.0000,0.0000,-0.0155,-0.0062,0.0000
0.1999,0.5010,1.0000,-0.0740,-0.0286,-42.2658,-5.0533,0.0000,-0.0282,-0.0282,0.0945,0.0000,0.0000,-0.0172,-0.0069,0.0000
0.1999,0.4465,1.0000,-0.0824,-0.0286,-42.3072,-5.0604,0.0000,-0.0330,-0.0330,0.0922,0.0000,0.0000,-0.0172,-0.0069,0.0000
0.1999,0.4290,1.0000,-0.0908,-0.0286,-42.3513,-5.0742,0.0000,-0.0299,-0.0299,0.0894,0.0000,0.0000,-0.0172,-0.0069,0.0000
0.1999,0.3700,1.0000,-0.0992,-0.0286,-42.3942,-5.0809,0.0000,-0.0353,-0.0353,0.0872,0.0000,0.0000,-0.0172,-0.0069,0.0000
0.1999,0.4408,1.0000,-0.1076,-0.0286,-42.4370,-5.0864,0.0000,-0.0363,-0.0363,0.0841,0.0000,0.0000,-0.0172,-0.0069,0.0000
0.2000,0.5006,1.0000,-0.1160,-0.0335,-42.4812,-5.0910,0.0000,-0.0391,-0.0391,0.0812,0.0000,0.0000,-0.0202,-0.0081,0.0000
0.1999,0.5039,1.0000,-0.1244,-0.0428,-42.5378,-5.0965,0.0000,-0.0357,-0.0357,0.0932,0.0000,0.0000,-0.0258,-0.0103,0.0000
0.1999,0.4843,1.0000,-0.1328,-0.0428,-42.5426,-5.1055,0.0000,-0.0293,-0.0293,0.0904,0.0000,0.0000,-0.0258,-0.0103,0.0000
0.2000,0.4903,1.0000,-0.1412,-0.0428,-42.5856,-5.1110,0.0000,-0.0328,-0.0328,0.0870,0.0000,0.0000,-0.0258,-0.0103,0.0000
0.2000,0.4904,1.0000,-0.1496,-0.0428,-42.6305,-5.1137,0.0000,-0.0396,-0.0396,0.0831,0.0000,0.0000,-0.0258,-0.0103,0.0000
0.2000,0.5149,1.0000,-0.1580,-0.0428,-42.6735,-5.1174,0.0000,-0.0442,-0.0442,0.0794,0.0000,0.0000,-0.0258,-0.0103,0.0000
0.1998,0.4694,1.0000,-0.1496,-0.0281,-42.7099,-5.1197,0.0000,-0.0281,-0.0281,0.0474,0.0000,0.0000,-0.0169,-0.0068,0.0000
0.2000,0.5057,1.0000,-0.1412,-0.0281,-42.7499,-5.1204,0.0000,-0.0362,-0.0362,0.0434,0.0000,0.0000,-0.0169,-0.0068,0.0000
0.2000,0.5440,1.0000,-0.1328,-0.0281,-42.8037,-5.1274,0.0000,-0.0415,-0.0415,0.0390,0.0000,0.0000,-0.0169,-0.0068,0.0000
0.2000,0.5424,1.0000,-0.1244,-0.0281,-42.8448,-5.1280,0.0000,-0.0513,-0.0513,0.0339,0.0000,0.0000,-0.0169,-0.0068,0.0000
0.2000,0.5027,1.0000,-0.1195,-0.0315,-42.9164,-5.1359,0.0000,-0.0612,-0.0612,0.0284,0.0000,0.0000,-0.0190,-0.0076,0.0000
0.1999,0.4365,1.0000,-0.1279,-0.0508,-42.9471,-5.1382,0.0000,-0.0170,-0.0170,-0.0121,0.0000,0.0000,-0.0306,-0.0122,0.0000
0.2000,0.5012,1.0000,-0.1195,-0.0508,-42.9869,-5.1377,0.0000,-0.0292,-0.0292,-0.0167,0.0000,0.0000,-0.0306,-0.0122,0.0000
0.2000,0.4695,1.0000,-0.1111,-0.0508,-43.0469,-5.2454,0.0000,0.0594,0.0594,-0.0195,0.0000,0.0000,-0.0306,-0.0122,0.0000
0.1999,0.4371,1.0000,-0.1114,-0.0594,-43.1463,-5.2839,0.0000,0.0709,0.0709,-0.0224,0.0000,0.0000,-0.0358,-0.0143,0.0000
0.2000,0.5670,1.0000,-0.1030,-0.0594,-43.1853,-5.2896,0.0000,0.0639,0.0639,-0.0262,0.0000,0.0000,-0.0358,-0.0143,0.0000
0.2000,0.4802,1.0000,-0.0946,-0.0594,-43.2322,-5.2982,0.0000,0.0607,0.0607,-0.0295,0.0000,0.0000,-0.0358,-0.0143,0.0000
0.2000,0.3670,1.0000,-0.0862,-0.0407,-43.2825,-5.3194,0.0000,0.0080,0.0080,-0.0175,0.0000,0.0000,-0.0246,-0.0098,0.0000
0.1999,0.4260,1.0000,-0.0780,-0.0407,-43.3268,-5.3257,0.0000,0.0022,0.0022,-0.0213,0.0000,0.0000,-0.0246,-0.0098,0.0000
0.2000,0.4950,1.0000,-0.0696,-0.0407,-43.3684,-5.3322,0.0000,-0.0029,-0.0029,-0.0242,0.0000,0.0000,-0.0246,-0.0098,0.0000
0.1999,0.3497,1.0000,-0.0612,-0.0407,-43.4041,-5.3352,0.0000,-0.0073,-0.0073,-0.0272,0.0000,0.0000,-0.0246,-0.0098,0.0000
0.2000,0.4892,1.0000,-0.0587,-0.0466,-43.4501,-5.3372,0.0000,-0.0191,-0.0191,-0.0302,0.0000,0.0000,-0.0281,-0.0112,0.0000
0.1999,0.3844,1.0000,-0.0503,-0.0466,-43.4975,-5.3348,0.0000,-0.0318,-0.0318,-0.0337,0.0000,0.0000,-0.0281,-0.0112,0.0000
0.2000,0.4657,1.0000,-0.0487,-0.0366,-43.5614,-5.3457,0.0000,-0.0345,-0.0345,0.1069,0.0000,0.0000,-0.0220,-0.0088,0.0000
0.1999,0.4990,1.0000,-0.0567,-0.0366,-43.6105,-5.3534,0.0000,-0.0305,-0.0305,0.1044,0.0000,0.0000,-0.0220,-0.0088,0.0000
0.2000,0.4672,1.0000,-0.0651,-0.0366,-43.6432,-5.3591,0.0000,-0.0300,-0.0300,0.1026,0.0000,0.0000,-0.0220,-0.0088,0.0000
0.1999,0.5049,1.0000,-0.0735,-0.0366,-43.6931,-5.3653,0.0000,-0.0275,-0.0275,0.0999,0.0000,0.0000,-0.0220,-0.0088,0.0000
0.2000,0.5130,1.0000,-0.0819,-0.0421,-43.7596,-5.3766,0.0000,-0.0230,-0.0230,0.0973,0.0000,0.0000,-0.0254,-0.0101,0.0000
0.2000,0.4719,1.0000,-0.0903,-0.1551,-43.7980,-5.3810,0.0000,-0.0168,-0.0168,0.0607,0.0000,0.0000,-0.0942,-0.0377,0.0000
0.2000,0.5425,1.0000,-0.0987,-0.1551,-43.8519,-5.3896,0.0000,-0.0139,-0.0139,0.0582,0.0000,0.0000,-0.0942,-0.0377,0.0000
0.2000,0.5375,1.0000,-0.1071,-0.1551,-43.9051,-5.3979,0.0000,-0.0136,-0.0136,0.0553,0.0000,0.0000,-0.0942,-0.0377,0.0000
0.2000,0.5074,1.0000,-0.1155,-0.1827,-43.9593,-5.4059,0.0000,-0.0146,-0.0146,0.0517,0.0000,0.0000,-0.1113,-0.0445,0.0000
0.2000,0.5334,1.0000,-0.1239,-0.1827,-44.0142,-5.4135,0.0000,-0.0144,-0.0144,0.0487,0.0000,0.0000,-0.1113,-0.0445,0.0000
0.2000,0.5038,1.0000,-0.1323,-0.1827,-44.0666,-5.4171,0.0000,-0.0194,-0.0194,0.0449,0.0000,0.0000,-0.1113,-0.0445,0.0000
0.2000,0.5647,1.0000,-0.1239,0.0504,-44.1219,-5.4251,0.0000,-0.0509,-0.0509,0.3843,0.0000,0.0000,0.0304,0.0122,0.0000
0.2000,0.5452,1.0000,-0.1323,0.0504,-44.1906,-5.4313,0.0000,-0.0355,-0.0355,0.3793,0.0000,0.0000,0.0304,0.0122,0.0000
0.2000,0.5503,1.0000,-0.1407,0.0504,-44.2276,-5.4349,0.0000,-0.0242,-0.0242,0.3761,0.0000,0.0000,0.0304,0.0122,0.0000
0.2000,0.5501,1.0000,-0.1445,0.0552,-44.2863,-5.4460,0.0000,-0.0020,-0.0020,0.3723,0.0000,0.0000,0.0333,0.0133,0.0000
0.2000,0.5449,1.0000,-0.1529,0.0552,-44.3391,-5.4502,0.0000,0.0111,0.0111,0.3680,0.0000,0.0000,0.0333,0.0133,0.0000
0.2000,0.5603,1.0000,-0.1613,-0.0503,-44.3966,-5.4562,0.0000,-0.0238,-0.0238,0.1175,0.0000,0.0000,-0.0303,-0.0121,0.0000
0.2000,0.5704,1.0000,-0.1696,-0.0503,-44.4501,-5.4601,0.0000,-0.0225,-0.0225,0.1130,0.0000,0.0000,-0.0303,-0.0121,0.0000
0.2000,0.5181,1.0000,-0.1780,-0.0503,-44.5011,-5.4633,0.0000,-0.0253,-0.0253,0.1084,0.0000,0.0000,-0.0303,-0.0121,0.0000
0.2000,0.5244,1.0000,-0.1864,-0.0600,-44.5536,-5.4676,0.0000,-0.0239,-0.0239,0.1031,0.0000,0.0000,-0.0362,-0.0145,0.0000
0.1999,0.3951,1.0000,-0.1947,-0.0600,-44.6049,-5.4713,0.0000,-0.0298,-0.0298,0.0979,0.0000,0.0000,-0.0362,-0.0145,0.0000
0.2000,0.4916,1.0000,-0.2031,-0.0600,-44.6542,-5.4734,0.0000,-0.0260,-0.0260,0.0928,0.0000,0.0000,-0.0362,-0.0145,0.0000
0.2000,0.4792,1.0000,-0.1947,-0.0000,-44.7044,-5.4739,0.0000,-0.0134,-0.0134,-0.0110,0.0000,0.0000,-0.0000,-0.0000,0.0000
0.2000,0.5269,1.0000,-0.1863,-0.0000,-44.7700,-5.4746,0.0000,-0.0238,-0.0238,-0.0186,0.0000,0.0000,-0.0000,-0.0000,0.0000
0.2000,0.3817,1.0000,-0.1780,-0.0000,-44.8208,-5.4752,0.0000,-0.0299,-0.0299,-0.0256,0.0000,0.0000,-0.0000,-0.0000,0.0000
0.2000,0.5001,1.0000,-0.1696,-0.0000,-44.8721,-5.4763,0.0000,-0.0391,-0.0391,-0.0329,0.0000,0.0000,-0.0000,-0.0000,0.0000
0.2000,0.5042,1.0000,-0.1612,-0.0000,-44.9248,-5.4752,0.0000,-0.0488,-0.0488,-0.0390,0.0000,0.0000,-0.0000,-0.0000,0.0000
0.2000,0.4883,1.0000,-0.1662,-0.0134,-44.9780,-5.4734,0.0000,-0.0208,-0.0208,0.0139,0.0000,0.0000,-0.0081,-0.0032,0.0000
0.2000,0.5689,1.0000,-0.1578,-0.0134,-45.0264,-5.4746,0.0000,-0.0244,-0.0244,0.0079,0.0000,0.0000,-0.0081,-0.0032,0.0000
0.2000,0.5629,1.0000,-0.1494,-0.0134,-45.0811,-5.4735,0.0000,-0.0313,-0.0313,0.0017,0.0000,0.0000,-0.0081,-0.0032,0.0000
0.2000,0.4689,1.0000,-0.1410,-0.0134,-45.1363,-5.4728,0.0000,-0.0374,-0.0374,-0.0033,0.0000,0.0000,-0.0081,-0.0032,0.0000
0.1999,0.4291,1.0000,-0.1338,-0.0156,-45.1941,-5.4716,0.0000,-0.0443,-0.0443,-0.0103,0.0000,0.0000,-0.0094,-0.0038,0.0000
0.1999,0.4191,1.0000,-0.1254,-0.0084,-45.2523,-5.4684,0.0000,-0.0247,-0.0247,0.0415,0.0000,0.0000,-0.0051,-0.0020,0.0000
0.2000,0.5035,1.0000,-0.1170,-0.0084,-45.3114,-5.4648,0.0000,-0.0289,-0.0289,0.0360,0.0000,0.0000,-0.0051,-0.0020,0.0000
0.2000,0.5401,1.0000,-0.1099,-0.0097,-45.3704,-5.4616,0.0000,-0.0340,-0.0340,0.0305,0.0000,0.0000,-0.0058,-0.0023,0.0000
0.2000,0.5743,1.0000,-0.1015,-0.0097,-45.4287,-5.4602,0.0000,-0.0372,-0.0372,0.0257,0.0000,0.0000,-0.0058,-0.0023,0.0000
0.2000,0.5144,1.0000,-0.0931,-0.0097,-45.4616,-5.4780,0.0000,-0.0217,-0.0217,0.0216,0.0000,0.0000,-0.0058,-0.0023,0.0000
0.2000,0.4980,1.0000,-0.0876,-0.0130,-45.5154,-5.4780,0.0000,0.0141,0.0141,-0.0203,0.0000,0.0000,-0.0078,-0.0031,0.0000
0.2000,0.5299,1.0000,-0.0792,-0.0130,-45.5965,-5.4549,0.0000,-0.0149,-0.0149,-0.0247,0.0000,0.0000,-0.0078,-0.0031,0.0000
0.2000,0.4699,1.0000,-0.0708,-0.0130,-45.6602,-5.4500,0.0000,-0.0234,-0.0234,-0.0285,0.0000,0.0000,-0.0078,-0.0031,0.0000
0.2000,0.4902,1.0000,-0.0641,-0.0147,-45.6872,-5.4560,0.0000,-0.0201,-0.0201,-0.0318,0.0000,0.0000,-0.0089,-0.0036,0.0000
0.2000,0.4666,1.0000,-0.0557,-0.0147,-45.7253,-5.4503,0.0000,-0.0282,-0.0282,-0.0351,0.0000,0.0000,-0.0089,-0.0036,0.0000
0.2000,0.5198,1.0000,-0.0473,-0.0147,-45.7037,-5.4148,0.0000,-0.0643,-0.0643,-0.0386,0.0000,0.0000,-0.0089,-0.0036,0.0000
0.2000,0.5177,1.0000,-0.0389,0.0000,-45.7678,-5.4223,0.0000,-0.0302,-0.0302,-0.0053,0.0000,0.0000,0.0000,0.0000,0.0000
0.1999,0.4463,1.0000,-0.0305,0.0000,-45.8131,-5.4122,0.0000,-0.0417,-0.0417,-0.0086,0.0000,0.0000,0.0000,0.0000,0.0000
0.2000,0.5325,1.0000,-0.0221,0.0000,-45.8617,-5.4145,0.0000,-0.0413,-0.0413,-0.0108,0.0000,0.0000,0.0000,0.0000,0.0000
0.1999,0.4442,1.0000,-0.0137,0.0000,-45.9136,-5.4168,0.0000,-0.0399,-0.0399,-0.0123,0.0000,0.0000,0.0000,0.0000,0.0000
0.2000,0.4740,1.0000,-0.0054,0.0000,-45.9641,-5.4152,0.0000,-0.0431,-0.0431,-0.0144,0.0000,0.0000,0.0000,0.0000,0.0000
0.2000,0.5042,1.0000,0.0030,0.0000,-46.0049,-5.3803,0.0000,-0.0802,-0.0802,-0.0189,0.0000,0.0000,0.0000,0.0000,0.0000
0.1999,0.4321,1.0000,0.0027,-0.0088,-46.0547,-5.3729,0.0000,-0.0458,-0.0458,0.0019,0.0000,0.0000,-0.0053,-0.0021,0.0000
0.2000,0.5397,1.0000,0.0111,-0.0088,-46.0925,-5.3551,0.0000,-0.0641,-0.0641,-0.0009,0.0000,0.0000,-0.0053,-0.0021,0.0000
0.2000,0.5602,1.0000,0.0195,-0.0088,-46.1399,-5.3498,0.0000,-0.0695,-0.0695,-0.0020,0.0000,0.0000,-0.0053,-0.0021,0.0000
0.2000,0.5030,1.0000,0.0279,-0.0088,-46.1867,-5.3514,0.0000,-0.0678,-0.0678,-0.0020,0.0000,0.0000,-0.0053,-0.0021,0.0000
0.2000,0.5092,1.0000,0.0353,-0.0100,-46.2347,-5.3554,0.0000,-0.0636,-0.0636,-0.0020,0.0000,0.0000,-0.0060,-0.0024,0.0000
0.2000,0.4927,1.0000,0.0437,0.0056,-46.2816,-5.3564,0.0000,0.0141,0.0141,-0.0520,0.0000,0.0000,0.0034,0.0013,0.0000
0.2000,0.5492,1.0000,0.0520,0.0056,-46.3299,-5.3619,0.0000,0.0160,0.0160,-0.0510,0.0000,0.0000,0.0034,0.0013,0.0000
0.2000,0.4691,1.0000,0.0604,0.0056,-46.3817,-5.3614,0.0000,0.0153,0.0153,-0.0505,0.0000,0.0000,0.0034,0.0013,0.0000
0.2000,0.5027,1.0000,0.0688,0.0056,-46.4343,-5.3658,0.0000,0.0166,0.0166,-0.0492,0.0000,0.0000,0.0034,0.0013,0.0000
0.2000,0.5380,1.0000,0.0772,0.0072,-46.4867,-5.3671,0.0000,0.0148,0.0148,-0.0482,0.0000,0.0000,0.0043,0.0017,0.0000
0.2000,0.5720,1.0000,0.0856,0.0072,-46.5393,-5.3692,0.0000,0.0142,0.0142,-0.0461,0.0000,0.0000,0.0043,0.0017,0.0000
0.2000,0.5660,1.0000,0.0772,0.0000,-46.5923,-5.3706,0.0000,0.0046,0.0046,0.0038,0.0000,0.0000,0.0000,0.0000,0.0000
0.2000,0.5634,1.0000,0.0688,0.0000,-46.6443,-5.3646,0.0000,-0.0011,-0.0011,0.0050,0.0000,0.0000,0.0000,0.0000,0.0000
0.2000,0.5704,1.0000,0.0604,0.0000,-46.6915,-5.3778,0.0000,0.0131,0.0131,0.0080,0.0000,0.0000,0.0000,0.0000,0.0000
0.2000,0.5369,1.0000,0.0521,0.0000,-46.7397,-5.3786,0.0000,0.0145,0.0145,0.0108,0.0000,0.0000,0.0000,0.0000,0.0000
0.2000,0.5895,1.0000,0.0437,0.0000,-46.7868,-5.3789,0.0000,0.0157,0.0157,0.0127,0.0000,0.0000,0.0000,0.0000,0.0000
0.2000,0.4763,1.0000,0.0354,0.0000,-46.8327,-5.3759,0.0000,0.0123,0.0123,0.0143,0.0000,0.0000,0.0000,0.0000,0.0000
0.2000,0.4543,1.0000,0.0270,0.0000,-46.8762,-5.3749,0.0000,-0.0043,-0.0043,0.0037,0.0000,0.0000,0.0000,0.0000,0.0000
0.2000,0.4068,1.0000,0.0186,0.0000,-46.9189,-5.3727,0.0000,-0.0067,-0.0067,0.0053,0.0000,0.0000,0.0000,0.0000,0.0000
0.2000,0.4704,1.0000,0.0102,0.0000,-46.9614,-5.3731,0.0000,-0.0066,-0.0066,0.0059,0.0000,0.0000,0.0000,0.0000,0.0000
0.2000,0.4704,1.0000,0.0018,0.0000,-47.0037,-5.3723,0.0000,-0.0076,-0.0076,0.0075,0.0000,0.0000,0.0000,0.0000,0.0000
0.2000,0.4805,1.0000,-0.0038,0.0000,-47.0466,-5.3724,0.0000,-0.0078,-0.0078,0.0079,0.0000,0.0000,0.0000,0.0000,0.0000
0.2000,0.4330,1.0000,-0.0068,0.0000,-47.0906,-5.3733,0.0000,-0.0075,-0.0075,0.0087,0.0000,0.0000,0.0000,0.0000,0.0000
0.1999,0.4467,1.0000,-0.0152,-0.0271,-47.1343,-5.3742,0.0000,-0.0058,-0.0058,0.0317,0.0000,0.0000,-0.0163,-0.0065,0.0000
0.2000,0.3967,1.0000,-0.0236,-0.0271,-47.1791,-5.3755,0.0000,-0.0047,-0.0047,0.0316,0.0000,0.0000,-0.0163,-0.0065,0.0000
0.2000,0.4752,1.0000,-0.0320,-0.0271,-47.2253,-5.3757,0.0000,-0.0029,-0.0029,0.0314,0.0000,0.0000,-0.0163,-0.0065,0.0000
0.2000,0.4215,1.0000,-0.0403,-0.0271,-47.2703,-5.3757,0.0000,-0.0033,-0.0033,0.0314,0.0000,0.0000,-0.0163,-0.0065,0.0000
0.2000,0.4298,1.0000,-0.0487,-0.0271,-47.3169,-5.3758,0.0000,-0.0031,-0.0031,0.0287,0.0000,0.0000,-0.0163,-0.0065,0.0000
0.2000,0.4804,1.0000,-0.0448,-0.0316,-47.3627,-5.3738,0.0000,0.0496,0.0496,-0.3302,0.0000,0.0000,-0.0190,-0.0076,0.0000
0.2000,0.4723,1.0000,-0.0364,-0.0316,-47.4079,-5.3733,0.0000,0.0346,0.0346,-0.3319,0.0000,0.0000,-0.0190,-0.0076,0.0000
0.2000,0.4570,1.0000,-0.0280,-0.0316,-47.4534,-5.3711,0.0000,0.0193,0.0193,-0.3334,0.0000,0.0000,-0.0190,-0.0076,0.0000
0.2000,0.5330,1.0000,-0.0196,-0.0316,-47.4992,-5.3685,0.0000,-0.0118,-0.0118,-0.3359,0.0000,0.0000,-0.0190,-0.0076,0.0000
0.2000,0.4297,1.0000,-0.0112,-0.0316,-47.5453,-5.3639,0.0000,-0.0152,-0.0152,-0.3371,0.0000,0.0000,-0.0190,-0.0076,0.0000
0.2000,0.5173,1.0000,-0.0054,-0.0341,-47.5918,-5.3590,0.0000,-0.0505,-0.0505,-0.3388,0.0000,0.0000,-0.0206,-0.0082,0.0000
0.2000,0.4739,1.0000,0.0030,-0.0196,-47.6386,-5.3547,0.0000,-0.0070,-0.0070,-0.0255,0.0000,0.0000,-0.0118,-0.0047,0.0000
0.2000,0.5141,1.0000,0.0114,-0.0196,-47.6865,-5.3515,0.0000,-0.0127,-0.0127,-0.0268,0.0000,0.0000,-0.0118,-0.0047,0.0000
0.2000,0.5563,1.0000,0.0197,-0.0196,-47.7346,-5.3472,0.0000,-0.0191,-0.0191,-0.0269,0.0000,0.0000,-0.0118,-0.0047,0.0000
0.2000,0.4839,1.0000,0.0281,-0.0196,-47.7826,-5.3432,0.0000,-0.0239,-0.0239,-0.0275,0.0000,0.0000,-0.0118,-0.0047,0.0000
0.1999,0.4487,1.0000,0.0339,-0.0223,-47.8308,-5.3408,0.0000,-0.0275,-0.0275,-0.0277,0.0000,0.0000,-0.0134,-0.0054,0.0000
0.2000,0.5127,1.0000,0.0423,-0.0223,-47.8776,-5.3401,0.0000,-0.0306,-0.0306,-0.0277,0.0000,0.0000,-0.0134,-0.0054,0.0000
0.2000,0.5300,1.0000,0.0339,-0.0284,-47.9233,-5.3442,0.0000,-0.0027,-0.0027,0.0389,0.0000,0.0000,-0.0171,-0.0068,0.0000
0.2000,0.5337,1.0000,0.0255,-0.0284,-47.9845,-5.3613,0.0000,0.0167,0.0167,0.0400,0.0000,0.0000,-0.0171,-0.0068,0.0000
0.2000,0.5019,1.0000,0.0172,-0.0284,-48.0349,-5.3646,0.0000,0.0213,0.0213,0.0407,0.0000,0.0000,-0.0171,-0.0068,0.0000
0.2000,0.5551,1.0000,0.0088,-0.0334,-48.0772,-5.3635,0.0000,0.0230,0.0230,0.0420,0.0000,0.0000,-0.0202,-0.0081,0.0000
0.2000,0.5095,1.0000,0.0004,-0.0334,-48.1241,-5.3680,0.0000,0.0283,0.0283,0.0426,0.0000,0.0000,-0.0202,-0.0081,0.0000
0.2000,0.5256,1.0000,0.0088,-0.0297,-48.1582,-5.3667,0.0000,0.0067,0.0067,-0.0271,0.0000,0.0000,-0.0179,-0.0072,0.0000
0.2000,0.5094,1.0000,0.0171,-0.0297,-48.1964,-5.3662,0.0000,0.0054,0.0054,-0.0258,0.0000,0.0000,-0.0179,-0.0072,0.0000
0.1999,0.4955,1.0000,0.0155,-0.0297,-48.2431,-5.3714,0.0000,0.0090,0.0090,-0.0261,0.0000,0.0000,-0.0179,-0.0072,0.0000
0.2000,0.4579,1.0000,0.0198,-0.0297,-48.2800,-5.3692,0.0000,0.0058,0.0058,-0.0274,0.0000,0.0000,-0.0179,-0.0072,0.0000
0.1999,0.4452,1.0000,0.0202,-0.0297,-48.3264,-5.3702,0.0000,0.0056,0.0056,-0.0263,0.0000,0.0000,-0.0179,-0.0072,0.0000
0.2000,0.4562,1.0000,0.0286,-0.0000,-48.3761,-5.3739,0.0000,0.0041,0.0041,0.0010,0.0000,0.0000,-0.0000,-0.0000,0.0000
0.1999,0.4357,1.0000,0.0202,-0.0000,-48.4232,-5.3765,0.0000,0.0063,0.0063,0.0010,0.0000,0.0000,-0.0000,-0.0000,0.0000
0.2000,0.5385,1.0000,0.0119,-0.0000,-48.4710,-5.3780,0.0000,0.0077,0.0077,0.0014,0.0000,0.0000,-0.0000,-0.0000,0.0000
0.2000,0.4391,1.0000,0.0035,-0.0000,-48.5165,-5.3779,0.0000,0.0072,0.0072,0.0018,0.0000,0.0000,-0.0000,-0.0000,0.0000
0.2000,0.4857,1.0000,0.0000,-0.0000,-48.5624,-5.3779,0.0000,0.0071,0.0071,0.0030,0.0000,0.0000,-0.0000,-0.0000,0.0000
0.2000,0.4780,1.0000,0.0000,-0.0000,-48.6077,-5.3782,0.0000,0.0070,0.0070,0.0027,0.0000,0.0000,-0.0000,-0.0000,0.0000
0.2000,0.5069,1.0000,0.0000,-0.0139,-48.6535,-5.3790,0.0000,0.0017,0.0017,-0.0100,0.0000,0.0000,-0.0084,-0.0033,0.0000
0.2000,0.4282,1.0000,0.0000,-0.0139,-48.6978,-5.3792,0.0000,0.0014,0.0014,-0.0099,0.0000,0.0000,-0.0084,-0.0033,0.0000
0.2000,0.4634,1.0000,0.0000,-0.0139,-48.7423,-5.3792,0.0000,0.0003,0.0003,-0.0098,0.0000,0.0000,-0.0084,-0.0033,0.0000
0.2000,0.5390,1.0000,0.0000,-0.0139,-48.7867,-5.3781,0.0000,-0.0024,-0.0024,-0.0105,0.0000,0.0000,-0.0084,-0.0033,0.0000
0.2000,0.4312,1.0000,0.0000,-0.0139,-48.8312,-5.3759,0.0000,-0.0050,-0.0050,-0.0109,0.0000,0.0000,-0.0084,-0.0033,0.0000
0.2000,0.5103,1.0000,0.0000,-0.0161,-48.8762,-5.3748,0.0000,-0.0074,-0.0074,-0.0108,0.0000,0.0000,-0.0097,-0.0039,0.0000
0.2000,0.5564,1.0000,-0.0084,-0.0474,-48.9210,-5.3750,0.0000,-0.0064,-0.0064,0.0331,0.0000,0.0000,-0.0285,-0.0114,0.0000
0.2000,0.4572,1.0000,-0.0168,-0.0474,-48.9660,-5.3760,0.0000,-0.0061,-0.0061,0.0327,0.0000,0.0000,-0.0285,-0.0114,0.0000
0.2000,0.5632,1.0000,-0.0252,-0.0474,-49.0116,-5.3759,0.0000,-0.0035,-0.0035,0.0323,0.0000,0.0000,-0.0285,-0.0114,0.0000
0.2000,0.4881,1.0000,-0.0336,-0.0474,-49.0569,-5.3747,0.0000,-0.0048,-0.0048,0.0321,0.0000,0.0000,-0.0285,-0.0114,0.0000
0.2000,0.5250,1.0000,-0.0420,-0.0539,-49.1031,-5.3735,0.0000,-0.0046,-0.0046,0.0312,0.0000,0.0000,-0.0325,-0.0130,0.0000
0.2000,0.5148,1.0000,-0.0504,-0.0680,-49.1482,-5.3724,0.0000,-0.0132,-0.0132,0.0613,0.0000,0.0000,-0.0410,-0.0164,0.0000
0.2000,0.4861,1.0000,-0.0588,-0.0680,-49.1951,-5.3716,0.0000,-0.0125,-0.0125,0.0602,0.0000,0.0000,-0.0410,-0.0164,0.0000
0.2000,0.5446,1.0000,-0.0672,-0.0797,-49.3317,-5.4482,0.0000,0.0728,0.0728,0.0588,0.0000,0.0000,-0.0481,-0.0193,0.0000
0.1999,0.5153,1.0000,-0.0755,-0.0797,-49.4632,-5.4458,0.0000,0.0766,0.0766,0.0584,0.0000,0.0000,-0.0481,-0.0193,0.0000
0.2000,0.4871,1.0000,-0.0839,-0.0797,-49.5054,-5.4388,0.0000,0.0707,0.0707,0.0563,0.0000,0.0000,-0.0481,-0.0193,0.0000
0.1998,0.4673,1.0000,-0.0755,-0.0580,-49.5410,-5.4321,0.0000,-0.0188,-0.0188,0.0149,0.0000,0.0000,-0.0350,-0.0140,0.0000
0.1998,0.4755,1.0000,-0.0711,-0.0580,-49.5724,-5.4327,0.0000,-0.0181,-0.0181,0.0128,0.0000,0.0000,-0.0350,-0.0140,0.0000
0.2000,0.4486,1.0000,-0.0676,-0.0580,-49.6175,-5.4349,0.0000,-0.0159,-0.0159,0.0103,0.0000,0.0000,-0.0350,-0.0140,0.0000
0.2000,0.5485,1.0000,-0.0609,-0.0580,-49.6702,-5.4334,0.0000,-0.0170,-0.0170,0.0068,0.0000,0.0000,-0.0350,-0.0140,0.0000
0.1999,0.4988,1.0000,-0.0647,-0.0680,-49.7160,-5.4287,0.0000,-0.0215,-0.0215,0.0053,0.0000,0.0000,-0.0410,-0.0164,0.0000
0.2000,0.4831,1.0000,-0.0574,-0.0680,-49.7619,-5.4274,0.0000,-0.0228,-0.0228,0.0021,0.0000,0.0000,-0.0410,-0.0164,0.0000
0.2000,0.4993,1.0000,-0.0490,-0.0164,-49.8070,-5.4238,0.0000,-0.0006,-0.0006,-0.0363,0.0000,0.0000,-0.0099,-0.0040,0.0000
0.2000,0.5229,1.0000,-0.0406,-0.0164,-49.8548,-5.4217,0.0000,-0.0044,-0.0044,-0.0380,0.0000,0.0000,-0.0099,-0.0040,0.0000
0.1999,0.4350,1.0000,-0.0322,-0.0164,-49.9040,-5.4189,0.0000,-0.0074,-0.0074,-0.0417,0.0000,0.0000,-0.0099,-0.0040,0.0000
0.1999,0.4392,1.0000,-0.0239,-0.0164,-49.9540,-5.4146,0.0000,-0.0131,-0.0131,-0.0437,0.0000,0.0000,-0.0099,-0.0040,0.0000
0.1999,0.4484,1.0000,-0.0180,-0.0189,-50.0037,-5.4103,0.0000,-0.0191,-0.0191,-0.0463,0.0000,0.0000,-0.0114,-0.0046,0.0000
0.2000,0.4928,1.0000,-0.0096,-0.0189,-50.0535,-5.4078,0.0000,-0.0241,-0.0241,-0.0478,0.0000,0.0000,-0.0114,-0.0046,0.0000
0.1999,0.4928,1.0000,-0.0180,-0.0495,-50.1048,-5.4056,0.0000,-0.0034,-0.0034,-0.0002,0.0000,0.0000,-0.0298,-0.0119,0.0000
0.2000,0.5247,1.0000,-0.0264,-0.0495,-50.1564,-5.4035,0.0000,-0.0044,-0.0044,-0.0018,0.0000,0.0000,-0.0298,-0.0119,0.0000
0.1999,0.5247,1.0000,-0.0337,-0.0495,-50.2083,-5.4009,0.0000,-0.0056,-0.0056,-0.0024,0.0000,0.0000,-0.0298,-0.0119,0.0000
0.2000,0.5422,1.0000,-0.0415,-0.0569,-50.2627,-5.3959,0.0000,-0.0091,-0.0091,-0.0033,0.0000,0.0000,-0.0343,-0.0137,0.0000
0.2000,0.5393,1.0000,0.0000,-0.0569,-50.3152,-5.3928,0.0000,-0.0109,-0.0109,-0.0042,0.0000,0.0000,-0.0343,-0.0137,0.0000
0.2000,0.5233,1.0000,0.0084,-0.0366,-50.3711,-5.3904,0.0000,-0.0255,-0.0255,0.1732,0.0000,0.0000,-0.0220,-0.0088,0.0000
0.2000,0.5197,1.0000,0.0000,-0.0366,-50.4270,-5.3883,0.0000,-0.0167,-0.0167,0.1716,0.0000,0.0000,-0.0220,-0.0088,0.0000
0.2000,0.5197,1.0000,-0.0084,-0.0366,-50.4585,-5.3948,0.0000,-0.0042,-0.0042,0.1699,0.0000,0.0000,-0.0220,-0.0088,0.0000
0.2000,0.5227,1.0000,-0.0168,-0.0429,-50.5027,-5.3861,0.0000,-0.0034,-0.0034,0.1692,0.0000,0.0000,-0.0259,-0.0103,0.0000
0.2000,0.5847,1.0000,-0.0252,-0.0429,-50.5578,-5.3805,0.0000,0.0074,0.0074,0.1681,0.0000,0.0000,-0.0259,-0.0103,0.0000
0.2000,0.5878,1.0000,-0.0336,-0.0576,-50.6126,-5.3749,0.0000,-0.0254,-0.0254,0.1922,0.0000,0.0000,-0.0347,-0.0139,0.0000
0.2000,0.5530,1.0000,-0.0420,-0.0576,-50.6653,-5.3711,0.0000,-0.0206,-0.0206,0.1911,0.0000,0.0000,-0.0347,-0.0139,0.0000
0.2000,0.4838,1.0000,-0.0504,-0.0576,-50.7163,-5.3661,0.0000,-0.0204,-0.0204,0.1903,0.0000,0.0000,-0.0347,-0.0139,0.0000
0.2000,0.5081,1.0000,-0.0588,-0.0688,-50.7651,-5.3623,0.0000,-0.0110,-0.0110,0.1881,0.0000,0.0000,-0.0415,-0.0166,0.0000
0.2000,0.5086,1.0000,-0.0672,-0.0688,-50.8100,-5.3568,0.0000,-0.0062,-0.0062,0.1868,0.0000,0.0000,-0.0415,-0.0166,0.0000
0.2000,0.4608,1.0000,-0.0588,-0.0400,-50.8560,-5.3510,0.0000,-0.0415,-0.0415,0.1872,0.0000,0.0000,-0.0241,-0.0096,0.0000
0.2000,0.4608,1.0000,-0.0672,-0.0400,-50.8907,-5.3431,0.0000,-0.0414,-0.0414,0.1855,0.0000,0.0000,-0.0241,-0.0096,0.0000
0.1999,0.4478,1.0000,-0.0756,-0.0400,-50.9341,-5.3378,0.0000,-0.0381,-0.0381,0.1835,0.0000,0.0000,-0.0241,-0.0096,0.0000
0.2000,0.5519,1.0000,-0.0839,-0.0400,-50.9322,-5.3123,0.0000,-0.0546,-0.0546,0.1804,0.0000,0.0000,-0.0241,-0.0096,0.0000
0.2000,0.5047,1.0000,-0.0923,-0.0400,-50.9725,-5.3045,0.0000,-0.0572,-0.0572,0.1794,0.0000,0.0000,-0.0241,-0.0096,0.0000
0.2000,0.4989,1.0000,-0.1007,-0.0532,-51.0210,-5.3251,0.0000,-0.0177,-0.0177,0.2091,0.0000,0.0000,-0.0321,-0.0128,0.0000
0.2000,0.5879,1.0000,-0.1091,-0.0532,-51.0684,-5.3239,0.0000,0.0022,0.0022,0.2066,0.0000,0.0000,-0.0321,-0.0128,0.0000
0.2000,0.5048,1.0000,-0.1175,-0.0532,-51.1099,-5.3151,0.0000,-0.0044,-0.0044,0.2038,0.0000,0.0000,-0.0321,-0.0128,0.0000
0.2000,0.5136,1.0000,-0.1259,-0.0532,-51.1518,-5.3065,0.0000,-0.0017,-0.0017,0.2003,0.0000,0.0000,-0.0321,-0.0128,0.0000
0.2000,0.5208,1.0000,-0.1343,-0.0638,-51.1949,-5.2971,0.0000,0.0005,0.0005,0.1968,0.0000,0.0000,-0.0385,-0.0154,0.0000
0.2000,0.5177,1.0000,-0.1426,-0.0638,-51.2377,-5.2871,0.0000,0.0008,0.0008,0.1924,0.0000,0.0000,-0.0385,-0.0154,0.0000
0.2000,0.5685,1.0000,-0.1510,-0.0839,-51.2825,-5.2772,0.0000,-0.0217,-0.0217,0.0382,0.0000,0.0000,-0.0507,-0.0203,0.0000
0.1999,0.4849,1.0000,-0.1426,-0.0839,-51.3258,-5.2660,0.0000,-0.0305,-0.0305,0.0339,0.0000,0.0000,-0.0507,-0.0203,0.0000
0.2000,0.5213,1.0000,-0.1342,-0.0839,-51.3683,-5.2546,0.0000,-0.0373,-0.0373,0.0294,0.0000,0.0000,-0.0507,-0.0203,0.0000
0.2000,0.5597,1.0000,-0.1401,-0.0981,-51.4122,-5.2441,0.0000,-0.0434,-0.0434,0.0246,0.0000,0.0000,-0.0593,-0.0237,0.0000
0.2000,0.4896,1.0000,-0.1317,-0.0981,-51.4548,-5.2308,0.0000,-0.0540,-0.0540,0.0186,0.0000,0.0000,-0.0593,-0.0237,0.0000
0.2000,0.5034,1.0000,-0.1233,-0.0588,-51.4984,-5.2174,0.0000,-0.0435,-0.0435,0.1316,0.0000,0.0000,-0.0355,-0.0142,0.0000
0.2000,0.5034,1.0000,-0.1316,-0.0588,-51.5432,-5.2066,0.0000,-0.0448,-0.0448,0.1271,0.0000,0.0000,-0.0355,-0.0142,0.0000
0.2000,0.5084,1.0000,-0.1400,-0.0588,-51.5895,-5.1957,0.0000,-0.0457,-0.0457,0.1215,0.0000,0.0000,-0.0355,-0.0142,0.0000
0.2000,0.6075,1.0000,-0.1484,-0.0694,-51.6350,-5.1814,0.0000,-0.0442,-0.0442,0.1173,0.0000,0.0000,-0.0419,-0.0167,0.0000
0.2000,0.4656,1.0000,-0.1568,-0.0694,-51.6895,-5.1866,0.0000,-0.0354,-0.0354,0.1146,0.0000,0.0000,-0.0419,-0.0167,0.0000
0.1999,0.5087,1.0000,-0.1652,-0.0694,-51.7339,-5.1734,0.0000,-0.0367,-0.0367,0.1099,0.0000,0.0000,-0.0419,-0.0167,0.0000
0.2000,0.5202,1.0000,-0.1641,-0.0767,-51.7772,-5.1605,0.0000,-0.0224,-0.0224,0.0181,0.0000,0.0000,-0.0463,-0.0185,0.0000
0.2000,0.5568,1.0000,-0.1559,-0.0767,-51.8212,-5.1481,0.0000,-0.0288,-0.0288,0.0142,0.0000,0.0000,-0.0463,-0.0185,0.0000
0.2000,0.5758,1.0000,-0.1476,-0.0767,-51.8966,-5.1674,0.0000,0.0002,0.0002,0.0096,0.0000,0.0000,-0.0463,-0.0185,0.0000
0.2000,0.5195,1.0000,-0.1517,-0.0894,-51.9414,-5.1610,0.0000,-0.0013,-0.0013,0.0040,0.0000,0.0000,-0.0540,-0.0216,0.0000
0.1999,0.3937,1.0000,-0.1433,-0.0894,-51.9965,-5.1561,0.0000,0.0009,0.0009,-0.0006,0.0000,0.0000,-0.0540,-0.0216,0.0000
0.2000,0.4047,1.0000,-0.1350,-0.0894,-52.0512,-5.1489,0.0000,0.0010,0.0010,-0.0048,0.0000,0.0000,-0.0540,-0.0216,0.0000
0.1999,0.4305,1.0000,-0.1266,-0.0775,-52.1037,-5.1409,0.0000,-0.0043,-0.0043,0.0120,0.0000,0.0000,-0.0468,-0.0187,0.0000
0.1999,0.4305,1.0000,-0.1182,-0.0775,-52.1595,-5.1359,0.0000,-0.0009,-0.0009,0.0067,0.0000,0.0000,-0.0468,-0.0187,0.0000
0.2000,0.4920,1.0000,-0.1098,-0.0775,-52.2021,-5.1237,0.0000,-0.0066,-0.0066,0.0026,0.0000,0.0000,-0.0468,-0.0187,0.0000
0.2000,0.4889,1.0000,-0.1014,-0.0775,-52.2455,-5.1114,0.0000,-0.0125,-0.0125,-0.0018,0.0000,0.0000,-0.0468,-0.0187,0.0000
0.2000,0.4889,1.0000,-0.1064,-0.0909,-52.2904,-5.0988,0.0000,-0.0184,-0.0184,-0.0061,0.0000,0.0000,-0.0549,-0.0220,0.0000
0.2000,0.4491,1.0000,-0.0980,-0.0909,-52.3366,-5.0865,0.0000,-0.0237,-0.0237,-0.0104,0.0000,0.0000,-0.0549,-0.0220,0.0000
0.2000,0.5373,1.0000,-0.0896,-0.0485,-52.3832,-5.0736,0.0000,-0.0115,-0.0115,-0.0041,0.0000,0.0000,-0.0293,-0.0117,0.0000
0.2000,0.5601,1.0000,-0.0812,-0.0485,-52.4307,-5.0618,0.0000,-0.0156,-0.0156,-0.0074,0.0000,0.0000,-0.0293,-0.0117,0.0000
0.2000,0.5239,1.0000,-0.0728,-0.0485,-52.4797,-5.0501,0.0000,-0.0194,-0.0194,-0.0119,0.0000,0.0000,-0.0293,-0.0117,0.0000
0.2000,0.5174,1.0000,-0.0717,-0.0559,-52.5290,-5.0373,0.0000,-0.0242,-0.0242,-0.0159,0.0000,0.0000,-0.0337,-0.0135,0.0000
0.2000,0.4744,1.0000,-0.0633,-0.0559,-52.5781,-5.0240,0.0000,-0.0290,-0.0290,-0.0194,0.0000,0.0000,-0.0337,-0.0135,0.0000
0.2000,0.5756,1.0000,-0.0717,-0.0723,-52.6263,-5.0109,0.0000,-0.0128,-0.0128,0.0269,0.0000,0.0000,-0.0436,-0.0174,0.0000
0.2000,0.5098,1.0000,-0.0801,-0.0723,-52.6738,-4.9981,0.0000,-0.0161,-0.0161,0.0241,0.0000,0.0000,-0.0436,-0.0174,0.0000
0.2000,0.5164,1.0000,-0.0885,-0.0723,-52.7340,-4.9868,0.0000,-0.0143,-0.0143,0.0208,0.0000,0.0000,-0.0436,-0.0174,0.0000
0.1999,0.5155,1.0000,-0.0969,-0.0842,-52.7823,-4.9712,0.0000,-0.0189,-0.0189,0.0193,0.0000,0.0000,-0.0508,-0.0203,0.0000
0.2000,0.5725,1.0000,-0.0999,-0.0842,-52.8404,-4.9596,0.0000,-0.0171,-0.0171,0.0167,0.0000,0.0000,-0.0508,-0.0203,0.0000
0.2001,0.5922,1.0000,-0.0915,-0.0640,-52.8901,-4.9458,0.0000,-0.0058,-0.0058,0.0128,0.0000,0.0000,-0.0386,-0.0155,0.0000
0.2001,0.6133,1.0000,-0.0856,-0.0640,-52.9435,-4.9316,0.0000,-0.0081,-0.0081,0.0106,0.0000,0.0000,-0.0386,-0.0155,0.0000
0.2000,0.5720,1.0000,-0.0864,-0.0733,-52.9907,-4.9167,0.0000,-0.0130,-0.0130,0.0074,0.0000,0.0000,-0.0442,-0.0177,0.0000
0.2000,0.6057,1.0000,-0.0780,-0.0733,-53.0381,-4.9020,0.0000,-0.0175,-0.0175,0.0040,0.0000,0.0000,-0.0442,-0.0177,0.0000
0.2000,0.5478,1.0000,-0.0696,-0.0733,-53.0829,-4.8884,0.0000,-0.0218,-0.0218,0.0003,0.0000,0.0000,-0.0442,-0.0177,0.0000
0.2000,0.4976,1.0000,-0.0612,-0.0733,-53.1239,-4.8748,0.0000,-0.0264,-0.0264,-0.0023,0.0000,0.0000,-0.0442,-0.0177,0.0000
0.2000,0.4776,1.0000,-0.0528,-0.0409,-53.1671,-4.8634,0.0000,-0.0057,-0.0057,-0.0113,0.0000,0.0000,-0.0247,-0.0099,0.0000
0.2000,0.5269,1.0000,-0.0445,-0.0409,-53.2056,-4.8480,0.0000,-0.0132,-0.0132,-0.0138,0.0000,0.0000,-0.0247,-0.0099,0.0000
0.2000,0.4082,1.0000,-0.0361,-0.0409,-53.2460,-4.8363,0.0000,-0.0153,-0.0153,-0.0158,0.0000,0.0000,-0.0247,-0.0099,0.0000
0.2000,0.4034,1.0000,-0.0277,-0.0409,-53.3155,-4.8180,0.0000,-0.0182,-0.0182,-0.0183,0.0000,0.0000,-0.0247,-0.0099,0.0000
0.2000,0.4877,1.0000,-0.0261,-0.0477,-53.3523,-4.7910,0.0000,-0.0379,-0.0379,-0.0209,0.0000,0.0000,-0.0288,-0.0115,0.0000
0.1999,0.4110,1.0000,-0.0177,-0.0477,-53.4154,-4.7746,0.0000,-0.0396,-0.0396,-0.0231,0.0000,0.0000,-0.0288,-0.0115,0.0000
0.1999,0.4311,1.0000,-0.0261,-0.0647,-53.4796,-4.7365,0.0000,-0.0242,-0.0242,-0.0012,0.0000,0.0000,-0.0390,-0.0156,0.0000
0.1999,0.4268,1.0000,-0.0258,-0.0647,-53.5040,-4.7189,0.0000,-0.0354,-0.0354,-0.0023,0.0000,0.0000,-0.0390,-0.0156,0.0000
0.2000,0.4672,1.0000,-0.0174,-0.0647,-53.5558,-4.6937,0.0000,-0.0478,-0.0478,-0.0049,0.0000,0.0000,-0.0390,-0.0156,0.0000
0.2000,0.4939,1.0000,-0.0186,-0.0743,-53.6019,-4.6740,0.0000,-0.0558,-0.0558,-0.0053,0.0000,0.0000,-0.0448,-0.0179,0.0000
0.2000,0.4816,1.0000,-0.0128,-0.0743,-53.6548,-4.6710,0.0000,-0.0460,-0.0460,-0.0069,0.0000,0.0000,-0.0448,-0.0179,0.0000
0.2000,0.5214,1.0000,-0.0044,-0.0000,-53.7042,-4.6602,0.0000,0.0115,0.0115,-0.0032,0.0000,0.0000,-0.0000,-0.0000,0.0000
0.2000,0.5469,1.0000,-0.0103,-0.0000,-53.7506,-4.6590,0.0000,0.0219,0.0219,-0.0029,0.0000,0.0000,-0.0000,-0.0000,0.0000
0.1999,0.4973,1.0000,-0.0110,-0.0000,-53.8036,-4.6478,0.0000,0.0241,0.0241,-0.0047,0.0000,0.0000,-0.0000,-0.0000,0.0000
0.1999,0.4914,1.0000,-0.0103,-0.0000,-53.8548,-4.6339,0.0000,0.0233,0.0233,-0.0054,0.0000,0.0000,-0.0000,-0.0000,0.0000
0.2000,0.6791,1.0000,-0.0101,-0.0000,-53.9061,-4.6185,0.0000,0.0207,0.0207,-0.0053,0.0000,0.0000,-0.0000,-0.0000,0.0000
0.1999,0.5375,1.0000,-0.0064,-0.0000,-53.9591,-4.6029,0.0000,0.0188,0.0188,-0.0069,0.0000,0.0000,-0.0000,-0.0000,0.0000
0.2000,0.5376,1.0000,-0.0148,-0.0917,-54.0099,-4.5896,0.0000,-0.0056,-0.0056,0.0260,0.0000,0.0000,-0.0554,-0.0222,0.0000
0.2000,0.5568,1.0000,-0.0232,-0.0917,-54.0616,-4.5748,0.0000,-0.0051,-0.0051,0.0252,0.0000,0.0000,-0.0554,-0.0222,0.0000
0.2000,0.5341,1.0000,-0.0316,-0.0917,-54.1142,-4.5609,0.0000,-0.0040,-0.0040,0.0247,0.0000,0.0000,-0.0554,-0.0222,0.0000
0.2000,0.5105,1.0000,-0.0400,-0.1073,-54.1659,-4.5501,0.0000,0.0001,0.0001,0.0250,0.0000,0.0000,-0.0649,-0.0259,0.0000
0.2000,0.5653,1.0000,-0.0484,-0.1073,-54.2191,-4.5349,0.0000,0.0010,0.0010,0.0241,0.0000,0.0000,-0.0649,-0.0259,0.0000
0.2000,0.6294,1.0000,-0.0568,-0.1073,-54.2697,-4.5202,0.0000,0.0015,0.0015,0.0227,0.0000,0.0000,-0.0649,-0.0259,0.0000
0.2000,0.5825,1.0000,-0.0484,-0.0738,-54.3207,-4.5064,0.0000,-0.0191,-0.0191,0.1625,0.0000,0.0000,-0.0445,-0.0178,0.0000
0.2000,0.5846,1.0000,-0.0568,-0.0738,-54.3690,-4.4937,0.0000,-0.0110,-0.0110,0.1605,0.0000,0.0000,-0.0445,-0.0178,0.0000
0.2000,0.5454,1.0000,-0.0652,-0.0738,-54.4176,-4.4791,0.0000,-0.0077,-0.0077,0.1585,0.0000,0.0000,-0.0445,-0.0178,0.0000
0.2000,0.5617,1.0000,-0.0736,-0.0869,-54.4651,-4.4647,0.0000,-0.0007,-0.0007,0.1550,0.0000,0.0000,-0.0525,-0.0210,0.0000
0.2000,0.5486,1.0000,-0.0820,-0.0869,-54.5060,-4.4454,0.0000,-0.0027,-0.0027,0.1534,0.0000,0.0000,-0.0525,-0.0210,0.0000
0.1999,0.4259,1.0000,-0.0904,-0.1015,-54.5418,-4.4208,0.0000,-0.0425,-0.0425,0.0938,0.0000,0.0000,-0.0613,-0.0245,0.0000
0.1999,0.4110,1.0000,-0.0987,-0.1015,-54.5825,-4.4052,0.0000,-0.0435,-0.0435,0.0911,0.0000,0.0000,-0.0613,-0.0245,0.0000
0.2000,0.5442,1.0000,-0.1071,-0.1015,-54.6213,-4.3895,0.0000,-0.0388,-0.0388,0.0883,0.0000,0.0000,-0.0613,-0.0245,0.0000
0.2000,0.4556,1.0000,-0.1155,-0.1015,-54.6598,-4.3735,0.0000,-0.0443,-0.0443,0.0853,0.0000,0.0000,-0.0613,-0.0245,0.0000
0.2000,0.4842,1.0000,-0.1239,-0.1182,-54.6983,-4.3567,0.0000,-0.0453,-0.0453,0.0826,0.0000,0.0000,-0.0715,-0.0286,0.0000
0.2000,0.4790,1.0000,-0.1155,-0.0802,-54.7481,-4.3716,0.0000,0.0094,0.0094,0.0690,0.0000,0.0000,-0.0484,-0.0194,0.0000
0.1999,0.5112,1.0000,-0.1239,-0.0802,-54.7898,-4.3569,0.0000,0.0107,0.0107,0.0656,0.0000,0.0000,-0.0484,-0.0194,0.0000
0.2000,0.5517,1.0000,-0.1323,-0.0802,-54.8337,-4.3390,0.0000,0.0098,0.0098,0.0622,0.0000,0.0000,-0.0484,-0.0194,0.0000
0.2000,0.4751,1.0000,-0.1407,-0.0802,-54.8809,-4.3273,0.0000,0.0119,0.0119,0.0571,0.0000,0.0000,-0.0484,-0.0194,0.0000
0.2000,0.5905,1.0000,-0.1491,-0.0947,-54.9255,-4.3073,0.0000,0.0113,0.0113,0.0540,0.0000,0.0000,-0.0572,-0.0229,0.0000
0.2000,0.4999,1.0000,-0.1574,-0.0947,-54.9737,-4.2898,0.0000,0.0082,0.0082,0.0491,0.0000,0.0000,-0.0572,-0.0229,0.0000
0.1999,0.4811,1.0000,-0.1490,-0.0594,-55.0224,-4.2718,0.0000,-0.0320,-0.0320,0.1511,0.0000,0.0000,-0.0358,-0.0143,0.0000
0.2000,0.5617,1.0000,-0.1574,-0.0594,-55.0694,-4.2509,0.0000,-0.0250,-0.0250,0.1455,0.0000,0.0000,-0.0358,-0.0143,0.0000
0.2000,0.4970,1.0000,-0.1658,-0.0594,-55.1166,-4.2279,0.0000,-0.0303,-0.0303,0.1402,0.0000,0.0000,-0.0358,-0.0143,0.0000
0.2000,0.6764,1.0000,-0.1742,-0.0693,-55.1614,-4.2049,0.0000,-0.0202,-0.0202,0.1337,0.0000,0.0000,-0.0418,-0.0167,0.0000
0.2000,0.5880,1.0000,-0.1826,-0.0693,-55.2080,-4.1809,0.0000,-0.0278,-0.0278,0.1296,0.0000,0.0000,-0.0418,-0.0167,0.0000
0.2000,0.5614,1.0000,-0.1908,-0.0693,-55.2694,-4.1686,0.0000,-0.0147,-0.0147,0.1231,0.0000,0.0000,-0.0418,-0.0167,0.0000
0.1999,0.4972,1.0000,-0.1824,-0.0410,-55.3168,-4.1443,0.0000,-0.0233,-0.0233,0.1475,0.0000,0.0000,-0.0247,-0.0099,0.0000
0.2000,0.6869,1.0000,-0.1908,-0.0476,-55.3640,-4.1177,0.0000,-0.0124,-0.0124,0.1411,0.0000,0.0000,-0.0287,-0.0115,0.0000
0.2000,0.5749,1.0000,-0.1991,-0.0476,-55.4130,-4.0916,0.0000,-0.0218,-0.0218,0.1343,0.0000,0.0000,-0.0287,-0.0115,0.0000
0.2000,0.5884,1.0000,-0.2074,-0.0476,-55.4625,-4.0657,0.0000,-0.0223,-0.0223,0.1265,0.0000,0.0000,-0.0287,-0.0115,0.0000
0.2000,0.5442,1.0000,-0.2158,-0.0476,-55.5067,-4.0397,0.0000,-0.0283,-0.0283,0.1209,0.0000,0.0000,-0.0287,-0.0115,0.0000
0.2000,0.6159,1.0000,-0.2197,-0.0602,-55.5567,-4.0127,0.0000,-0.0199,-0.0199,-0.0061,0.0000,0.0000,-0.0363,-0.0145,0.0000
0.2000,0.5156,1.0000,-0.2113,-0.0602,-55.6063,-3.9855,0.0000,-0.0285,-0.0285,-0.0139,0.0000,0.0000,-0.0363,-0.0145,0.0000
0.2000,0.6438,1.0000,-0.2116,-0.0691,-55.6492,-3.9592,0.0000,-0.0404,-0.0404,-0.0214,0.0000,0.0000,-0.0417,-0.0167,0.0000
0.2000,0.4985,1.0000,-0.2032,-0.0691,-55.6910,-3.9327,0.0000,-0.0500,-0.0500,-0.0294,0.0000,0.0000,-0.0417,-0.0167,0.0000
0.2000,0.5904,1.0000,-0.1948,-0.0691,-55.7324,-3.9063,0.0000,-0.0629,-0.0629,-0.0372,0.0000,0.0000,-0.0417,-0.0167,0.0000
0.2000,0.5147,1.0000,-0.1942,-0.0600,-55.7656,-3.8810,0.0000,-0.0427,-0.0427,0.1194,0.0000,0.0000,-0.0362,-0.0145,0.0000
0.2000,0.4959,1.0000,-0.2026,-0.0600,-55.8164,-3.8431,0.0000,-0.0523,-0.0523,0.1100,0.0000,0.0000,-0.0362,-0.0145,0.0000
0.2000,0.5500,1.0000,-0.2109,-0.0600,-55.8410,-3.8242,0.0000,-0.0539,-0.0539,0.1056,0.0000,0.0000,-0.0362,-0.0145,0.0000
0.2000,0.4920,1.0000,-0.2099,-0.0600,-55.8962,-3.7954,0.0000,-0.0549,-0.0549,0.0986,0.0000,0.0000,-0.0362,-0.0145,0.0000
0.2000,0.4681,1.0000,-0.2128,-0.0712,-55.9515,-3.7576,0.0000,-0.0620,-0.0620,0.0892,0.0000,0.0000,-0.0430,-0.0172,0.0000
0.2000,0.5347,1.0000,-0.2044,-0.0483,-55.9774,-3.7371,0.0000,-0.0344,-0.0344,0.0825,0.0000,0.0000,-0.0291,-0.0116,0.0000
0.2000,0.4809,1.0000,-0.1960,-0.0483,-56.0369,-3.6958,0.0000,-0.0439,-0.0439,0.0717,0.0000,0.0000,-0.0291,-0.0116,0.0000
0.2000,0.5576,1.0000,-0.1876,-0.0483,-56.0646,-3.6733,0.0000,-0.0474,-0.0474,0.0674,0.0000,0.0000,-0.0291,-0.0116,0.0000
0.2000,0.4976,1.0000,-0.1874,-0.0572,-56.1055,-3.6390,0.0000,-0.0600,-0.0600,0.0582,0.0000,0.0000,-0.0345,-0.0138,0.0000
0.2000,0.5737,1.0000,-0.1790,-0.0572,-56.1632,-3.6127,0.0000,-0.0531,-0.0531,0.0494,0.0000,0.0000,-0.0345,-0.0138,0.0000
0.2000,0.4618,1.0000,-0.1706,-0.0572,-56.2018,-3.5803,0.0000,-0.0655,-0.0655,0.0417,0.0000,0.0000,-0.0345,-0.0138,0.0000
0.2000,0.7124,1.0000,-0.1622,-0.0043,-56.2547,-3.5369,0.0000,-0.0282,-0.0282,-0.0765,0.0000,0.0000,-0.0026,-0.0010,0.0000
0.2000,0.5490,1.0000,-0.1538,-0.0043,-56.3101,-3.5018,0.0000,-0.0326,-0.0326,-0.0843,0.0000,0.0000,-0.0026,-0.0010,0.0000
0.2000,0.5882,1.0000,-0.1454,-0.0042,-56.3518,-3.4662,0.0000,-0.0510,-0.0510,-0.0908,0.0000,0.0000,-0.0025,-0.0010,0.0000
0.2000,0.6156,1.0000,-0.1370,-0.0042,-56.3817,-3.4335,0.0000,-0.0713,-0.0713,-0.0971,0.0000,0.0000,-0.0025,-0.0010,0.0000
0.2000,0.5226,1.0000,-0.1286,-0.0042,-56.4220,-3.4001,0.0000,-0.0816,-0.0816,-0.1026,0.0000,0.0000,-0.0025,-0.0010,0.0000
0.2000,0.5624,1.0000,-0.1351,-0.0193,-56.4557,-3.3658,0.0000,-0.0183,-0.0183,-0.0568,0.0000,0.0000,-0.0116,-0.0047,0.0000
0.2000,0.6400,1.0000,-0.1267,-0.0193,-56.4691,-3.3332,0.0000,-0.0448,-0.0448,-0.0620,0.0000,0.0000,-0.0116,-0.0047,0.0000
0.2000,0.5675,1.0000,-0.1183,-0.0193,-56.5060,-3.2998,0.0000,-0.0561,-0.0561,-0.0660,0.0000,0.0000,-0.0116,-0.0047,0.0000
0.2000,0.4969,1.0000,-0.1099,-0.0193,-56.5429,-3.2678,0.0000,-0.0660,-0.0660,-0.0707,0.0000,0.0000,-0.0116,-0.0047,0.0000
0.2000,0.4710,1.0000,-0.1015,-0.0193,-56.5804,-3.2459,0.0000,-0.0683,-0.0683,-0.0760,0.0000,0.0000,-0.0116,-0.0047,0.0000
0.2000,0.5683,1.0000,-0.0953,-0.0218,-56.6212,-3.2156,0.0000,-0.0809,-0.0809,-0.0800,0.0000,0.0000,-0.0131,-0.0053,0.0000
0.2000,0.5231,1.0000,-0.0869,-0.0072,-56.6460,-3.1838,0.0000,-0.0197,-0.0197,-0.0089,0.0000,0.0000,-0.0043,-0.0017,0.0000
0.1999,0.4402,1.0000,-0.0785,-0.0072,-56.7202,-3.1488,0.0000,-0.0106,-0.0106,-0.0131,0.0000,0.0000,-0.0043,-0.0017,0.0000
0.2000,0.5562,1.0000,-0.0701,-0.0072,-56.7578,-3.1179,0.0000,-0.0186,-0.0186,-0.0171,0.0000,0.0000,-0.0043,-0.0017,0.0000
0.2000,0.5036,1.0000,-0.0625,-0.0081,-56.7956,-3.0891,0.0000,-0.0235,-0.0235,-0.0212,0.0000,0.0000,-0.0049,-0.0020,0.0000
0.2000,0.4708,1.0000,-0.0541,-0.0081,-56.8327,-3.0607,0.0000,-0.0285,-0.0285,-0.0246,0.0000,0.0000,-0.0049,-0.0020,0.0000
0.2000,0.5410,1.0000,-0.0575,-0.0118,-56.9121,-3.0364,0.0000,0.0158,0.0158,0.0138,0.0000,0.0000,-0.0071,-0.0029,0.0000
0.2000,0.5452,1.0000,-0.0659,-0.0118,-56.9735,-3.0091,0.0000,0.0274,0.0274,0.0111,0.0000,0.0000,-0.0071,-0.0029,0.0000
0.1999,0.5185,1.0000,-0.0591,-0.0118,-57.0022,-2.9781,0.0000,0.0171,0.0171,0.0079,0.0000,0.0000,-0.0071,-0.0029,0.0000
0.2000,0.4916,1.0000,-0.0523,-0.0135,-57.0141,-2.9513,0.0000,0.0011,0.0011,0.0061,0.0000,0.0000,-0.0081,-0.0032,0.0000
0.2000,0.5725,1.0000,-0.0439,-0.0135,-57.0539,-2.9195,0.0000,-0.0031,-0.0031,0.0032,0.0000,0.0000,-0.0081,-0.0032,0.0000
0.2000,0.5812,1.0000,-0.0355,-0.0135,-57.0922,-2.8862,0.0000,-0.0100,-0.0100,-0.0004,0.0000,0.0000,-0.0081,-0.0032,0.0000
0.2000,0.5859,1.0000,-0.0271,0.0000,-57.1358,-2.8514,0.0000,-0.0123,-0.0123,-0.0070,0.0000,0.0000,0.0000,0.0000,0.0000
0.2000,0.5133,1.0000,-0.0187,0.0000,-57.1789,-2.8166,0.0000,-0.0171,-0.0171,-0.0094,0.0000,0.0000,0.0000,0.0000,0.0000
0.2000,0.6241,1.0000,-0.0103,0.0000,-57.2227,-2.7818,0.0000,-0.0226,-0.0226,-0.0120,0.0000,0.0000,0.0000,0.0000,0.0000
0.2000,0.5680,1.0000,-0.0019,0.0000,-57.2665,-2.7466,0.0000,-0.0271,-0.0271,-0.0136,0.0000,0.0000,0.0000,0.0000,0.0000
0.2001,0.6058,1.0000,0.0065,0.0000,-57.3090,-2.7122,0.0000,-0.0323,-0.0323,-0.0150,0.0000,0.0000,0.0000,0.0000,0.0000
0.2000,0.6058,1.0000,0.0149,0.0000,-57.3505,-2.6792,0.0000,-0.0364,-0.0364,-0.0156,0.0000,0.0000,0.0000,0.0000,0.0000
0.2001,0.5935,1.0000,0.0115,-0.0000,-57.3926,-2.6476,0.0000,-0.0052,-0.0052,-0.0014,0.0000,0.0000,-0.0000,-0.0000,0.0000
0.2000,0.6500,1.0000,0.0102,-0.0000,-57.4336,-2.6179,0.0000,-0.0058,-0.0058,-0.0014,0.0000,0.0000,-0.0000,-0.0000,0.0000
0.2001,0.6338,1.0000,0.0043,-0.0000,-57.4896,-2.5878,0.0000,0.0020,0.0020,-0.0007,0.0000,0.0000,-0.0000,-0.0000,0.0000
0.2000,0.5804,1.0000,0.0021,-0.0000,-57.5286,-2.5585,0.0000,0.0005,0.0005,-0.0005,0.0000,0.0000,-0.0000,-0.0000,0.0000
0.2000,0.5401,1.0000,0.0000,-0.0000,-57.5662,-2.5319,0.0000,0.0005,0.0005,-0.0002,0.0000,0.0000,-0.0000,-0.0000,0.0000
0.2000,0.5775,1.0000,0.0000,0.0000,-57.6032,-2.5068,0.0000,0.0006,0.0006,-0.0002,0.0000,0.0000,0.0000,0.0000,0.0000
0.1999,0.5103,1.0000,0.0000,0.0000,-57.6391,-2.4823,0.0000,0.0012,0.0012,-0.0003,0.0000,0.0000,0.0000,0.0000,0.0000
0.2000,0.4559,1.0000,0.0000,0.0000,-57.6750,-2.4581,0.0000,0.0020,0.0020,-0.0007,0.0000,0.0000,0.0000,0.0000,0.0000
0.1999,0.5310,1.0000,0.0000,0.0000,-57.7106,-2.4326,0.0000,0.0017,0.0017,-0.0005,0.0000,0.0000,0.0000,0.0000,0.0000
0.1999,0.4781,1.0000,0.0000,0.0000,-57.7473,-2.4070,0.0000,0.0017,0.0017,-0.0011,0.0000,0.0000,0.0000,0.0000,0.0000
0.1999,0.5099,1.0000,0.0000,0.0000,-57.7839,-2.3807,0.0000,-0.0004,-0.0004,-0.0006,0.0000,0.0000,0.0000,0.0000,0.0000
0.1998,0.4748,1.0000,0.0000,0.0000,-57.8201,-2.3559,0.0000,0.0002,0.0002,-0.0006,0.0000,0.0000,0.0000,0.0000,0.0000
0.1999,0.4821,1.0000,0.0000,0.0000,-57.8552,-2.3305,0.0000,-0.0003,-0.0003,-0.0008,0.0000,0.0000,0.0000,0.0000,0.0000
0.1998,0.4729,1.0000,0.0000,0.0000,-57.9330,-2.2686,0.0000,-0.0063,-0.0063,-0.0013,0.0000,0.0000,0.0000,0.0000,0.0000
0.1999,0.5014,1.0000,0.0000,0.0000,-57.9699,-2.2402,0.0000,-0.0082,-0.0082,-0.0014,0.0000,0.0000,0.0000,0.0000,0.0000
0.2000,0.4377,1.0000,0.0000,-0.0000,-58.0077,-2.2105,0.0000,-0.0044,-0.0044,-0.0004,0.0000,0.0000,-0.0000,-0.0000,0.0000
0.1999,0.4808,1.0000,0.0000,-0.0000,-58.0461,-2.1807,0.0000,-0.0065,-0.0065,-0.0002,0.0000,0.0000,-0.0000,-0.0000,0.0000
0.2001,0.5920,1.0000,0.0000,-0.0000,-58.0851,-2.1500,0.0000,-0.0091,-0.0091,-0.0002,0.0000,0.0000,-0.0000,-0.0000,0.0000
0.2000,0.5202,1.0000,0.0000,-0.0000,-58.1505,-2.0991,0.0000,-0.0131,-0.0131,-0.0008,0.0000,0.0000,-0.0000,-0.0000,0.0000
0.2000,0.4902,1.0000,0.0000,-0.0000,-58.2274,-2.0316,0.0000,-0.0242,-0.0242,-0.0026,0.0000,0.0000,-0.0000,-0.0000,0.0000
0.2000,0.4715,1.0000,0.0000,-0.0000,-58.2745,-1.9952,0.0000,-0.0267,-0.0267,-0.0024,0.0000,0.0000,-0.0000,-0.0000,0.0000
0.2000,0.5793,1.0000,0.0000,0.0000,-58.3098,-1.9666,0.0000,-0.0053,-0.0053,-0.0002,0.0000,0.0000,0.0000,0.0000,0.0000
0.2001,0.5873,1.0000,0.0000,0.0000,-58.3523,-1.9316,0.0000,-0.0092,-0.0092,0.0000,0.0000,0.0000,0.0000,0.0000,0.0000
0.2000,0.5238,1.0000,0.0000,0.0000,-58.3939,-1.8966,0.0000,-0.0136,-0.0136,0.0001,0.0000,0.0000,0.0000,0.0000,0.0000
0.2000,0.5767,1.0000,0.0000,0.0000,-58.4349,-1.8616,0.0000,-0.0184,-0.0184,-0.0002,0.0000,0.0000,0.0000,0.0000,0.0000
0.2000,0.5195,1.0000,0.0000,0.0000,-58.4752,-1.8230,0.0000,-0.0266,-0.0266,-0.0004,0.0000,0.0000,0.0000,0.0000,0.0000
0.2000,0.5183,1.0000,0.0000,0.0000,-58.5141,-1.7921,0.0000,-0.0293,-0.0293,-0.0004,0.0000,0.0000,0.0000,0.0000,0.0000
0.2000,0.5483,1.0000,0.0084,0.0031,-58.5572,-1.7756,0.0000,0.0174,0.0174,-0.0617,0.0000,0.0000,0.0019,0.0007,0.0000
0.2000,0.5647,1.0000,0.0166,0.0031,-58.5966,-1.7465,0.0000,0.0129,0.0129,-0.0619,0.0000,0.0000,0.0019,0.0007,0.0000
0.2000,0.5200,1.0000,0.0250,0.0031,-58.6334,-1.7143,0.0000,0.0063,0.0063,-0.0622,0.0000,0.0000,0.0019,0.0007,0.0000
0.2000,0.4951,1.0000,0.0333,0.0031,-58.6702,-1.6873,0.0000,0.0035,0.0035,-0.0623,0.0000,0.0000,0.0019,0.0007,0.0000
0.2000,0.4763,1.0000,0.0417,0.0046,-58.7109,-1.6562,0.0000,-0.0011,-0.0011,-0.0630,0.0000,0.0000,0.0028,0.0011,0.0000
0.1999,0.4838,1.0000,0.0333,-0.0181,-58.7437,-1.6266,0.0000,-0.0060,-0.0060,-0.0077,0.0000,0.0000,-0.0109,-0.0044,0.0000
0.1998,0.4682,1.0000,0.0250,-0.0181,-58.7813,-1.5947,0.0000,-0.0107,-0.0107,-0.0083,0.0000,0.0000,-0.0109,-0.0044,0.0000
0.1999,0.5380,1.0000,0.0172,-0.0181,-58.8257,-1.5629,0.0000,-0.0114,-0.0114,-0.0079,0.0000,0.0000,-0.0109,-0.0044,0.0000
0.2000,0.5404,1.0000,0.0145,-0.0208,-58.8646,-1.5261,0.0000,-0.0191,-0.0191,-0.0078,0.0000,0.0000,-0.0125,-0.0050,0.0000
0.1998,0.4667,1.0000,0.0152,-0.0208,-58.9030,-1.4917,0.0000,-0.0251,-0.0251,-0.0080,0.0000,0.0000,-0.0125,-0.0050,0.0000
0.1999,0.5331,1.0000,0.0161,-0.0208,-58.9451,-1.4656,0.0000,-0.0225,-0.0225,-0.0077,0.0000,0.0000,-0.0125,-0.0050,0.0000
0.1999,0.5301,1.0000,0.0171,-0.0117,-58.9867,-1.4392,0.0000,0.0079,0.0079,-0.0143,0.0000,0.0000,-0.0071,-0.0028,0.0000
0.1998,0.4746,1.0000,0.0116,-0.0117,-59.0276,-1.4140,0.0000,0.0108,0.0108,-0.0141,0.0000,0.0000,-0.0071,-0.0028,0.0000
0.2000,0.5684,1.0000,0.0075,-0.0117,-59.0694,-1.3879,0.0000,0.0126,0.0126,-0.0136,0.0000,0.0000,-0.0071,-0.0028,0.0000
0.2000,0.4200,1.0000,0.0040,-0.0117,-59.1116,-1.3620,0.0000,0.0162,0.0162,-0.0135,0.0000,0.0000,-0.0071,-0.0028,0.0000
0.1999,0.4791,1.0000,0.0002,-0.0133,-59.1539,-1.3342,0.0000,0.0170,0.0170,-0.0135,0.0000,0.0000,-0.0080,-0.0032,0.0000
0.1999,0.4988,1.0000,-0.0013,-0.0133,-59.1967,-1.3049,0.0000,0.0172,0.0172,-0.0133,0.0000,0.0000,-0.0080,-0.0032,0.0000
0.2000,0.5116,1.0000,-0.0097,-0.0250,-59.2415,-1.2764,0.0000,0.0009,0.0009,0.0194,0.0000,0.0000,-0.0150,-0.0060,0.0000
0.2000,0.5505,1.0000,-0.0181,-0.0250,-59.2876,-1.2472,0.0000,0.0054,0.0054,0.0198,0.0000,0.0000,-0.0150,-0.0060,0.0000
0.2000,0.5785,1.0000,-0.0265,-0.0288,-59.3329,-1.2179,0.0000,0.0090,0.0090,0.0196,0.0000,0.0000,-0.0174,-0.0069,0.0000
0.2000,0.5745,1.0000,-0.0349,-0.0288,-59.3781,-1.1869,0.0000,0.0108,0.0108,0.0193,0.0000,0.0000,-0.0174,-0.0069,0.0000
0.2000,0.5039,1.0000,-0.0433,-0.0288,-59.4234,-1.1555,0.0000,0.0117,0.0117,0.0190,0.0000,0.0000,-0.0174,-0.0069,0.0000
0.2000,0.5284,1.0000,-0.0349,-0.0234,-59.4625,-1.1059,0.0000,-0.0159,-0.0159,-0.0171,0.0000,0.0000,-0.0141,-0.0056,0.0000
0.2000,0.5469,1.0000,-0.0265,-0.0234,-59.5058,-1.0751,0.0000,-0.0171,-0.0171,-0.0178,0.0000,0.0000,-0.0141,-0.0056,0.0000
0.2000,0.5370,1.0000,-0.0181,-0.0234,-59.5459,-1.0472,0.0000,-0.0179,-0.0179,-0.0203,0.0000,0.0000,-0.0141,-0.0056,0.0000
0.2000,0.5169,1.0000,-0.0128,-0.0265,-59.5872,-1.0134,0.0000,-0.0227,-0.0227,-0.0221,0.0000,0.0000,-0.0159,-0.0064,0.0000
0.2000,0.4896,1.0000,-0.0044,-0.0265,-59.6266,-0.9835,0.0000,-0.0251,-0.0251,-0.0239,0.0000,0.0000,-0.0159,-0.0064,0.0000
0.1999,0.5296,1.0000,-0.0048,-0.0238,-59.6637,-0.9545,0.0000,-0.0027,-0.0027,-0.0071,0.0000,0.0000,-0.0144,-0.0057,0.0000
0.2000,0.3987,1.0000,-0.0054,-0.0238,-59.7002,-0.9266,0.0000,-0.0039,-0.0039,-0.0078,0.0000,0.0000,-0.0144,-0.0057,0.0000
0.2000,0.4531,1.0000,-0.0049,-0.0238,-59.7397,-0.8979,0.0000,-0.0047,-0.0047,-0.0082,0.0000,0.0000,-0.0144,-0.0057,0.0000
0.2000,0.3873,1.0000,-0.0046,-0.0238,-59.7769,-0.8702,0.0000,-0.0053,-0.0053,-0.0082,0.0000,0.0000,-0.0144,-0.0057,0.0000
0.2000,0.4317,1.0000,-0.0066,-0.0269,-59.8159,-0.8426,0.0000,-0.0055,-0.0055,-0.0088,0.0000,0.0000,-0.0162,-0.0065,0.0000
0.2000,0.4246,1.0000,-0.0061,-0.0269,-59.8563,-0.8147,0.0000,-0.0048,-0.0048,-0.0092,0.0000,0.0000,-0.0162,-0.0065,0.0000
0.2000,0.4957,1.0000,-0.0145,-0.0331,-59.8973,-0.7864,0.0000,-0.0018,-0.0018,0.0228,0.0000,0.0000,-0.0199,-0.0080,0.0000
0.2000,0.4432,1.0000,-0.0229,-0.0331,-59.9210,-0.7480,0.0000,-0.0186,-0.0186,0.0225,0.0000,0.0000,-0.0199,-0.0080,0.0000
0.2000,0.4487,1.0000,-0.0313,-0.0331,-59.9607,-0.7196,0.0000,-0.0172,-0.0172,0.0216,0.0000,0.0000,-0.0199,-0.0080,0.0000
0.2000,0.5232,1.0000,-0.0397,-0.0374,-60.0028,-0.6911,0.0000,-0.0137,-0.0137,0.0207,0.0000,0.0000,-0.0226,-0.0090,0.0000
0.2000,0.4578,1.0000,-0.0480,-0.0374,-60.0390,-0.6643,0.0000,-0.0139,-0.0139,0.0196,0.0000,0.0000,-0.0226,-0.0090,0.0000
0.2000,0.4306,1.0000,-0.0564,-0.0374,-60.0819,-0.6364,0.0000,-0.0107,-0.0107,0.0180,0.0000,0.0000,-0.0226,-0.0090,0.0000
0.2001,0.6058,1.0000,-0.0560,-0.0409,-60.1236,-0.6070,0.0000,0.0020,0.0020,0.0039,0.0000,0.0000,-0.0247,-0.0099,0.0000
0.1999,0.5097,1.0000,-0.0494,-0.0409,-60.1624,-0.5776,0.0000,0.0008,0.0008,0.0014,0.0000,0.0000,-0.0247,-0.0099,0.0000
0.2000,0.4424,1.0000,-0.0441,-0.0409,-60.2022,-0.5453,0.0000,-0.0018,-0.0018,-0.0003,0.0000,0.0000,-0.0247,-0.0099,0.0000
0.2000,0.4900,1.0000,-0.0359,-0.0409,-60.2411,-0.5130,0.0000,-0.0052,-0.0052,-0.0031,0.0000,0.0000,-0.0247,-0.0099,0.0000
0.2000,0.4822,1.0000,-0.0333,-0.0467,-60.2820,-0.4791,0.0000,-0.0086,-0.0086,-0.0061,0.0000,0.0000,-0.0282,-0.0113,0.0000
0.2000,0.4618,1.0000,-0.0377,-0.0428,-60.3239,-0.4455,0.0000,-0.0077,-0.0077,0.0088,0.0000,0.0000,-0.0258,-0.0103,0.0000
0.2000,0.5710,1.0000,-0.0434,-0.0428,-60.3679,-0.4106,0.0000,-0.0087,-0.0087,0.0063,0.0000,0.0000,-0.0258,-0.0103,0.0000
0.1999,0.5148,1.0000,-0.0429,-0.0428,-60.4129,-0.3767,0.0000,-0.0089,-0.0089,0.0039,0.0000,0.0000,-0.0258,-0.0103,0.0000
0.2000,0.5453,1.0000,-0.0413,-0.0485,-60.4438,-0.3425,0.0000,-0.0177,-0.0177,0.0018,0.0000,0.0000,-0.0292,-0.0117,0.0000
0.2001,0.6270,1.0000,-0.0329,-0.0485,-60.4855,-0.3071,0.0000,-0.0208,-0.0208,-0.0004,0.0000,0.0000,-0.0292,-0.0117,0.0000
0.1999,0.4926,1.0000,-0.0280,-0.0485,-60.5269,-0.2709,0.0000,-0.0246,-0.0246,-0.0018,0.0000,0.0000,-0.0292,-0.0117,0.0000
0.2000,0.4810,1.0000,-0.0285,-0.0398,-60.5690,-0.2356,0.0000,-0.0262,-0.0262,0.1288,0.0000,0.0000,-0.0240,-0.0096,0.0000
0.2000,0.5780,1.0000,-0.0369,-0.0398,-60.6108,-0.2044,0.0000,-0.0130,-0.0130,0.1265,0.0000,0.0000,-0.0240,-0.0096,0.0000
0.2000,0.5154,1.0000,-0.0453,-0.0398,-60.6525,-0.1737,0.0000,-0.0092,-0.0092,0.1255,0.0000,0.0000,-0.0240,-0.0096,0.0000
0.2000,0.4576,1.0000,-0.0537,-0.0398,-60.6926,-0.1430,0.0000,-0.0063,-0.0063,0.1239,0.0000,0.0000,-0.0240,-0.0096,0.0000
0.2000,0.4825,1.0000,-0.0621,-0.0465,-60.7301,-0.1112,0.0000,-0.0009,-0.0009,0.1223,0.0000,0.0000,-0.0280,-0.0112,0.0000
0.2000,0.5222,1.0000,-0.0705,-0.0465,-60.7663,-0.0790,0.0000,0.0041,0.0041,0.1205,0.0000,0.0000,-0.0280,-0.0112,0.0000
0.2000,0.4602,1.0000,-0.0621,-0.0286,-60.8029,-0.0477,0.0000,-0.0091,-0.0091,0.0162,0.0000,0.0000,-0.0172,-0.0069,0.0000
0.1999,0.4867,1.0000,-0.0540,-0.0286,-60.8401,-0.0165,0.0000,-0.0100,-0.0100,0.0136,0.0000,0.0000,-0.0172,-0.0069,0.0000
0.2000,0.4534,1.0000,-0.0471,-0.0286,-60.8779,0.0138,0.0000,-0.0104,-0.0104,0.0109,0.0000,0.0000,-0.0172,-0.0069,0.0000
0.2000,0.4853,1.0000,-0.0394,-0.0286,-60.9139,0.0454,0.0000,-0.0125,-0.0125,0.0080,0.0000,0.0000,-0.0172,-0.0069,0.0000
0.2000,0.5387,1.0000,-0.0361,-0.0337,-60.9492,0.0779,0.0000,-0.0159,-0.0159,0.0049,0.0000,0.0000,-0.0203,-0.0081,0.0000
0.2000,0.4439,1.0000,-0.0304,-0.0337,-60.9827,0.1107,0.0000,-0.0203,-0.0203,0.0042,0.0000,0.0000,-0.0203,-0.0081,0.0000
0.2000,0.5014,1.0000,-0.0388,-0.0354,-61.0170,0.1424,0.0000,-0.0135,-0.0135,0.0307,0.0000,0.0000,-0.0214,-0.0085,0.0000
0.2000,0.4608,1.0000,-0.0472,-0.0354,-61.0521,0.1738,0.0000,-0.0151,-0.0151,0.0294,0.0000,0.0000,-0.0214,-0.0085,0.0000
0.1999,0.4391,1.0000,-0.0555,-0.0354,-61.0870,0.2039,0.0000,-0.0155,-0.0155,0.0276,0.0000,0.0000,-0.0214,-0.0085,0.0000
0.2000,0.4242,1.0000,-0.0639,-0.0354,-61.1241,0.2331,0.0000,-0.0138,-0.0138,0.0258,0.0000,0.0000,-0.0214,-0.0085,0.0000
0.1999,0.5275,1.0000,-0.0723,-0.0403,-61.1594,0.2645,0.0000,-0.0133,-0.0133,0.0245,0.0000,0.0000,-0.0243,-0.0097,0.0000
0.1999,0.4105,1.0000,-0.0807,-0.0448,-61.1953,0.2977,0.0000,-0.0171,-0.0171,0.0559,0.0000,0.0000,-0.0270,-0.0108,0.0000
0.2000,0.5228,1.0000,-0.0891,-0.0448,-61.2312,0.3324,0.0000,-0.0155,-0.0155,0.0535,0.0000,0.0000,-0.0270,-0.0108,0.0000
0.2000,0.5251,1.0000,-0.0974,-0.0448,-61.2677,0.3677,0.0000,-0.0169,-0.0169,0.0513,0.0000,0.0000,-0.0270,-0.0108,0.0000
0.2000,0.5251,1.0000,-0.1058,-0.0507,-61.3049,0.4036,0.0000,-0.0188,-0.0188,0.0480,0.0000,0.0000,-0.0306,-0.0122,0.0000
0.2000,0.5230,1.0000,-0.1141,-0.0507,-61.3415,0.4408,0.0000,-0.0218,-0.0218,0.0447,0.0000,0.0000,-0.0306,-0.0122,0.0000
0.2000,0.5481,1.0000,-0.1177,-0.0507,-61.3787,0.4790,0.0000,-0.0249,-0.0249,0.0410,0.0000,0.0000,-0.0306,-0.0122,0.0000
0.2000,0.5539,1.0000,-0.1110,-0.0359,-61.4159,0.5189,0.0000,-0.0302,-0.0302,0.1411,0.0000,0.0000,-0.0217,-0.0087,0.0000
0.2000,0.5397,1.0000,-0.1194,-0.0359,-61.4437,0.5046,0.0000,-0.0017,-0.0017,0.1378,0.0000,0.0000,-0.0217,-0.0087,0.0000
0.1999,0.5104,1.0000,-0.1278,-0.0359,-61.4815,0.5429,0.0000,-0.0016,-0.0016,0.1334,0.0000,0.0000,-0.0217,-0.0087,0.0000
0.1999,0.5104,1.0000,-0.1362,-0.0359,-61.5178,0.5800,0.0000,0.0005,0.0005,0.1299,0.0000,0.0000,-0.0217,-0.0087,0.0000
0.2000,0.5754,1.0000,-0.1446,-0.0428,-61.5561,0.6173,0.0000,0.0079,0.0079,0.1257,0.0000,0.0000,-0.0258,-0.0103,0.0000
0.2000,0.6201,1.0000,-0.1362,0.0105,-61.5909,0.6545,0.0000,-0.0291,-0.0291,0.2207,0.0000,0.0000,0.0063,0.0025,0.0000
0.2000,0.6201,1.0000,-0.1446,0.0105,-61.6251,0.6919,0.0000,-0.0243,-0.0243,0.2161,0.0000,0.0000,0.0063,0.0025,0.0000
0.2000,0.5903,1.0000,-0.1511,0.0126,-61.6580,0.7297,0.0000,-0.0239,-0.0239,0.2116,0.0000,0.0000,0.0076,0.0030,0.0000
0.2000,0.5333,1.0000,-0.1595,0.0126,-61.6887,0.7665,0.0000,-0.0275,-0.0275,0.2066,0.0000,0.0000,0.0076,0.0030,0.0000
0.2000,0.5333,1.0000,-0.1679,0.0126,-61.7204,0.8037,0.0000,-0.0242,-0.0242,0.2029,0.0000,0.0000,0.0076,0.0030,0.0000
0.2000,0.4991,1.0000,-0.1761,0.0126,-61.7498,0.8390,0.0000,-0.0253,-0.0253,0.1981,0.0000,0.0000,0.0076,0.0030,0.0000
0.2000,0.5828,1.0000,-0.1845,-0.0547,-61.7816,0.8732,0.0000,-0.0108,-0.0108,-0.0220,0.0000,0.0000,-0.0330,-0.0132,0.0000
0.2000,0.4714,1.0000,-0.1761,-0.0547,-61.8116,0.9061,0.0000,-0.0150,-0.0150,-0.0277,0.0000,0.0000,-0.0330,-0.0132,0.0000
0.2000,0.5093,1.0000,-0.1677,-0.0547,-61.8406,0.9395,0.0000,-0.0223,-0.0223,-0.0335,0.0000,0.0000,-0.0330,-0.0132,0.0000
0.2000,0.5063,1.0000,-0.1593,-0.0547,-61.8674,0.9737,0.0000,-0.0311,-0.0311,-0.0396,0.0000,0.0000,-0.0330,-0.0132,0.0000
0.2000,0.5290,1.0000,-0.1582,-0.0623,-61.8932,1.0090,0.0000,-0.0418,-0.0418,-0.0456,0.0000,0.0000,-0.0376,-0.0150,0.0000
0.2000,0.4779,1.0000,-0.1537,-0.0492,-61.9186,1.0440,0.0000,-0.0317,-0.0317,0.0714,0.0000,0.0000,-0.0297,-0.0119,0.0000
0.2000,0.4779,1.0000,-0.1619,-0.0492,-61.9431,1.0795,0.0000,-0.0375,-0.0375,0.0664,0.0000,0.0000,-0.0297,-0.0119,0.0000
0.1999,0.4192,1.0000,-0.1600,-0.0492,-61.9678,1.1141,0.0000,-0.0442,-0.0442,0.0616,0.0000,0.0000,-0.0297,-0.0119,0.0000
0.2000,0.5600,1.0000,-0.1517,-0.0492,-61.9060,1.1250,0.0000,-0.0955,-0.0955,0.0557,0.0000,0.0000,-0.0297,-0.0119,0.0000
0.2000,0.4635,1.0000,-0.1433,-0.0492,-61.9522,1.1741,0.0000,-0.0961,-0.0961,0.0513,0.0000,0.0000,-0.0297,-0.0119,0.0000
0.2000,0.4635,1.0000,-0.1349,-0.0403,-61.9880,1.2179,0.0000,-0.0097,-0.0097,0.0050,0.0000,0.0000,-0.0243,-0.0097,0.0000
0.2000,0.5450,1.0000,-0.1265,-0.0403,-62.0311,1.2640,0.0000,-0.0107,-0.0107,0.0004,0.0000,0.0000,-0.0243,-0.0097,0.0000
0.2000,0.5652,1.0000,-0.1250,-0.0471,-62.0675,1.3057,0.0000,-0.0139,-0.0139,-0.0046,0.0000,0.0000,-0.0284,-0.0114,0.0000
0.2000,0.4839,1.0000,-0.1166,-0.0471,-62.0981,1.3447,0.0000,-0.0191,-0.0191,-0.0096,0.0000,0.0000,-0.0284,-0.0114,0.0000
0.2000,0.5133,1.0000,-0.1082,-0.0471,-62.0972,1.3217,0.0000,-0.0053,-0.0053,-0.0137,0.0000,0.0000,-0.0284,-0.0114,0.0000
0.2000,0.5862,1.0000,-0.0998,-0.0471,-62.1369,1.3640,0.0000,-0.0069,-0.0069,-0.0182,0.0000,0.0000,-0.0284,-0.0114,0.0000
0.2000,0.4568,1.0000,-0.1015,-0.0404,-62.1638,1.4022,0.0000,-0.0216,-0.0216,0.0794,0.0000,0.0000,-0.0244,-0.0097,0.0000
0.2000,0.6043,1.0000,-0.1099,-0.0404,-62.1906,1.4373,0.0000,-0.0166,-0.0166,0.0758,0.0000,0.0000,-0.0244,-0.0097,0.0000
0.2000,0.5468,1.0000,-0.1183,-0.0404,-62.2165,1.4721,0.0000,-0.0202,-0.0202,0.0722,0.0000,0.0000,-0.0244,-0.0097,0.0000
0.2000,0.5807,1.0000,-0.1267,-0.0475,-62.2418,1.5060,0.0000,-0.0204,-0.0204,0.0682,0.0000,0.0000,-0.0287,-0.0115,0.0000
0.2000,0.4913,1.0000,-0.1351,-0.0475,-62.2679,1.5387,0.0000,-0.0232,-0.0232,0.0647,0.0000,0.0000,-0.0287,-0.0115,0.0000
0.2000,0.5483,1.0000,-0.1435,-0.0475,-62.4573,1.6673,0.0000,0.0513,0.0513,0.0624,0.0000,0.0000,-0.0287,-0.0115,0.0000
0.1999,0.4321,1.0000,-0.1351,-0.0185,-62.4890,1.7030,0.0000,0.0581,0.0581,0.0030,0.0000,0.0000,-0.0111,-0.0044,0.0000
0.2000,0.4924,1.0000,-0.1284,-0.0209,-62.5165,1.7391,0.0000,0.0549,0.0549,-0.0008,0.0000,0.0000,-0.0126,-0.0050,0.0000
0.2000,0.5210,1.0000,-0.1200,-0.0209,-62.5465,1.7756,0.0000,0.0530,0.0530,-0.0055,0.0000,0.0000,-0.0126,-0.0050,0.0000
0.1999,0.4000,1.0000,-0.1116,-0.0209,-62.5757,1.8137,0.0000,0.0500,0.0500,-0.0100,0.0000,0.0000,-0.0126,-0.0050,0.0000
0.2000,0.4712,1.0000,-0.1032,-0.0209,-62.6033,1.8514,0.0000,0.0454,0.0454,-0.0138,0.0000,0.0000,-0.0126,-0.0050,0.0000
0.2000,0.5693,1.0000,-0.1105,-0.0367,-62.6317,1.8907,0.0000,-0.0093,-0.0093,-0.0018,0.0000,0.0000,-0.0221,-0.0088,0.0000
0.2000,0.4871,1.0000,-0.1023,-0.0367,-62.6616,1.9307,0.0000,-0.0123,-0.0123,-0.0053,0.0000,0.0000,-0.0221,-0.0088,0.0000
0.2000,0.4757,1.0000,-0.0942,-0.0367,-62.6917,1.9708,0.0000,-0.0154,-0.0154,-0.0096,0.0000,0.0000,-0.0221,-0.0088,0.0000
0.2000,0.4823,1.0000,-0.0858,-0.0367,-62.7222,2.0114,0.0000,-0.0186,-0.0186,-0.0137,0.0000,0.0000,-0.0221,-0.0088,0.0000
0.1999,0.5264,1.0000,-0.0776,-0.0367,-62.6033,1.9816,0.0000,-0.0932,-0.0932,-0.0185,0.0000,0.0000,-0.0221,-0.0088,0.0000
0.2000,0.5020,1.0000,-0.0692,-0.0367,-62.6560,2.0161,0.0000,-0.0748,-0.0748,-0.0212,0.0000,0.0000,-0.0221,-0.0088,0.0000
0.2000,0.4777,1.0000,-0.0755,-0.0513,-62.6843,2.0566,0.0000,0.0164,0.0164,-0.0142,0.0000,0.0000,-0.0310,-0.0124,0.0000
0.2000,0.5067,1.0000,-0.0671,-0.0513,-62.7046,2.0889,0.0000,0.0110,0.0110,-0.0177,0.0000,0.0000,-0.0310,-0.0124,0.0000
0.2000,0.4932,1.0000,-0.0587,-0.0513,-62.7222,2.1217,0.0000,0.0035,0.0035,-0.0214,0.0000,0.0000,-0.0310,-0.0124,0.0000
0.2000,0.5739,1.0000,-0.0583,-0.0593,-62.7504,2.1546,0.0000,0.0032,0.0032,-0.0244,0.0000,0.0000,-0.0358,-0.0143,0.0000
0.2001,0.5896,1.0000,-0.0501,-0.0593,-62.7726,2.1876,0.0000,-0.0014,-0.0014,-0.0281,0.0000,0.0000,-0.0358,-0.0143,0.0000
0.2000,0.6367,1.0000,-0.0417,-0.0593,-62.7968,2.2243,0.0000,-0.0069,-0.0069,-0.0308,0.0000,0.0000,-0.0358,-0.0143,0.0000
0.2000,0.5532,1.0000,-0.0333,-0.0152,-62.8183,2.2631,0.0000,-0.0124,-0.0124,0.0094,0.0000,0.0000,-0.0092,-0.0037,0.0000
0.2000,0.5109,1.0000,-0.0249,-0.0152,-62.8386,2.3013,0.0000,-0.0197,-0.0197,0.0060,0.0000,0.0000,-0.0092,-0.0037,0.0000
0.2000,0.6092,1.0000,-0.0165,-0.0152,-62.8626,2.3370,0.0000,-0.0217,-0.0217,0.0041,0.0000,0.0000,-0.0092,-0.0037,0.0000
0.2000,0.5847,1.0000,-0.0105,-0.0175,-62.8889,2.3724,0.0000,-0.0221,-0.0221,0.0020,0.0000,0.0000,-0.0105,-0.0042,0.0000
0.2000,0.5175,1.0000,-0.0021,-0.0175,-62.9135,2.4085,0.0000,-0.0241,-0.0241,0.0002,0.0000,0.0000,-0.0105,-0.0042,0.0000
0.2000,0.4835,1.0000,0.0033,-0.0207,-62.9363,2.4430,0.0000,0.0047,0.0047,-0.0543,0.0000,0.0000,-0.0124,-0.0050,0.0000
0.2000,0.5577,1.0000,0.0116,-0.0207,-63.0078,2.4907,0.0000,0.0277,0.0277,-0.0545,0.0000,0.0000,-0.0124,-0.0050,0.0000
0.2000,0.5248,1.0000,0.0200,-0.0207,-63.0230,2.5251,0.0000,0.0181,0.0181,-0.0562,0.0000,0.0000,-0.0124,-0.0050,0.0000
0.2000,0.5415,1.0000,0.0260,-0.0234,-63.0448,2.5618,0.0000,0.0114,0.0114,-0.0554,0.0000,0.0000,-0.0141,-0.0056,0.0000
0.2000,0.5222,1.0000,0.0344,-0.0234,-63.0667,2.5978,0.0000,0.0059,0.0059,-0.0563,0.0000,0.0000,-0.0141,-0.0056,0.0000
0.2000,0.5254,1.0000,0.0371,-0.0123,-63.0917,2.6380,0.0000,-0.0075,-0.0075,0.0009,0.0000,0.0000,-0.0074,-0.0030,0.0000
0.2000,0.5004,1.0000,0.0287,-0.0123,-63.1173,2.6731,0.0000,-0.0074,-0.0074,0.0010,0.0000,0.0000,-0.0074,-0.0030,0.0000
0.2000,0.5080,1.0000,0.0203,-0.0123,-63.1308,2.6986,0.0000,-0.0115,-0.0115,0.0012,0.0000,0.0000,-0.0074,-0.0030,0.0000
0.2000,0.4937,1.0000,0.0119,-0.0123,-63.1552,2.7331,0.0000,-0.0116,-0.0116,0.0031,0.0000,0.0000,-0.0074,-0.0030,0.0000
0.2000,0.4827,1.0000,0.0000,-0.0123,-63.1805,2.7654,0.0000,-0.0104,-0.0104,0.0027,0.0000,0.0000,-0.0074,-0.0030,0.0000
0.2000,0.5062,1.0000,0.0000,0.0000,-63.2061,2.7976,0.0000,0.0030,0.0030,0.0007,0.0000,0.0000,0.0000,0.0000,0.0000
0.1999,0.4786,1.0000,0.0000,0.0000,-63.2320,2.8296,0.0000,0.0049,0.0049,0.0004,0.0000,0.0000,0.0000,0.0000,0.0000
0.2000,0.5799,1.0000,0.0000,0.0000,-63.2575,2.8624,0.0000,0.0062,0.0062,0.0007,0.0000,0.0000,0.0000,0.0000,0.0000
0.1999,0.5184,1.0000,0.0000,0.0000,-63.2831,2.8957,0.0000,0.0069,0.0069,0.0003,0.0000,0.0000,0.0000,0.0000,0.0000
0.2000,0.5499,1.0000,0.0000,0.0000,-63.3087,2.9302,0.0000,0.0070,0.0070,-0.0001,0.0000,0.0000,0.0000,0.0000,0.0000
0.2001,0.6081,1.0000,0.0000,0.0000,-63.3336,2.9650,0.0000,0.0064,0.0064,-0.0007,0.0000,0.0000,0.0000,0.0000,0.0000
0.2000,0.5381,1.0000,0.0000,0.0000,-63.3583,2.9991,0.0000,-0.0009,-0.0009,-0.0003,0.0000,0.0000,0.0000,0.0000,0.0000
0.1999,0.5378,1.0000,0.0000,0.0000,-63.3828,3.0317,0.0000,-0.0006,-0.0006,-0.0008,0.0000,0.0000,0.0000,0.0000,0.0000
0.1999,0.4929,1.0000,0.0000,0.0000,-63.4067,3.0650,0.0000,-0.0009,-0.0009,-0.0007,0.0000,0.0000,0.0000,0.0000,0.0000
0.1999,0.4949,1.0000,0.0000,0.0000,-63.4300,3.0981,0.0000,-0.0018,-0.0018,-0.0009,0.0000,0.0000,0.0000,0.0000,0.0000
0.2000,0.4682,1.0000,0.0000,0.0000,-63.4448,3.1653,0.0000,-0.0301,-0.0301,-0.0029,0.0000,0.0000,0.0000,0.0000,0.0000
0.2000,0.5133,1.0000,0.0084,0.0000,-63.4705,3.2450,0.0000,-0.0564,-0.0564,-0.0023,0.0000,0.0000,0.0000,0.0000,0.0000
0.2000,0.4625,1.0000,0.0000,-0.0187,-63.4926,3.2827,0.0000,-0.0401,-0.0401,0.0664,0.0000,0.0000,-0.0113,-0.0045,0.0000
0.2000,0.4703,1.0000,-0.0084,-0.0187,-63.5387,3.3256,0.0000,-0.0236,-0.0236,0.0675,0.0000,0.0000,-0.0113,-0.0045,0.0000
0.2000,0.4661,1.0000,-0.0168,-0.0187,-63.5612,3.3640,0.0000,-0.0254,-0.0254,0.0668,0.0000,0.0000,-0.0113,-0.0045,0.0000
0.2000,0.5132,1.0000,-0.0252,-0.0214,-63.5941,3.3973,0.0000,-0.0136,-0.0136,0.0677,0.0000,0.0000,-0.0129,-0.0052,0.0000
0.2000,0.4718,1.0000,-0.0336,-0.0214,-63.6214,3.4402,0.0000,-0.0150,-0.0150,0.0671,0.0000,0.0000,-0.0129,-0.0052,0.0000
0.2000,0.5039,1.0000,-0.0420,-0.0384,-63.6502,3.4779,0.0000,-0.0006,-0.0006,-0.0134,0.0000,0.0000,-0.0231,-0.0092,0.0000
0.2000,0.5366,1.0000,-0.0336,-0.0384,-63.6749,3.5177,0.0000,-0.0053,-0.0053,-0.0145,0.0000,0.0000,-0.0231,-0.0092,0.0000
0.2000,0.4903,1.0000,-0.0252,-0.0384,-63.6980,3.5540,0.0000,-0.0085,-0.0085,-0.0157,0.0000,0.0000,-0.0231,-0.0092,0.0000
0.2000,0.5141,1.0000,-0.0168,-0.0384,-63.7210,3.5899,0.0000,-0.0124,-0.0124,-0.0174,0.0000,0.0000,-0.0231,-0.0092,0.0000
0.1999,0.4377,1.0000,-0.0084,-0.0384,-63.7433,3.6263,0.0000,-0.0161,-0.0161,-0.0194,0.0000,0.0000,-0.0231,-0.0092,0.0000
0.2000,0.4676,1.0000,-0.0063,-0.0447,-63.7670,3.6609,0.0000,-0.0185,-0.0185,-0.0206,0.0000,0.0000,-0.0269,-0.0108,0.0000
0.2000,0.4962,1.0000,0.0021,-0.0122,-63.7910,3.6963,0.0000,0.0089,0.0089,-0.0747,0.0000,0.0000,-0.0074,-0.0029,0.0000
0.2000,0.5066,1.0000,0.0105,-0.0122,-63.8117,3.7300,0.0000,0.0029,0.0029,-0.0743,0.0000,0.0000,-0.0074,-0.0029,0.0000
0.1999,0.4025,1.0000,0.0189,-0.0122,-63.8321,3.7677,0.0000,-0.0017,-0.0017,-0.0738,0.0000,0.0000,-0.0074,-0.0029,0.0000
0.1999,0.3854,1.0000,0.0272,-0.0122,-63.8542,3.8087,0.0000,-0.0105,-0.0105,-0.0744,0.0000,0.0000,-0.0074,-0.0029,0.0000
0.2000,0.5094,1.0000,0.0344,-0.0134,-63.8788,3.8483,0.0000,-0.0216,-0.0216,-0.0742,0.0000,0.0000,-0.0081,-0.0032,0.0000
0.1999,0.4363,1.0000,0.0427,-0.0134,-63.9065,3.8894,0.0000,-0.0239,-0.0239,-0.0741,0.0000,0.0000,-0.0081,-0.0032,0.0000
0.2000,0.5230,1.0000,0.0343,-0.0719,-63.9345,3.9310,0.0000,-0.0083,-0.0083,0.0414,0.0000,0.0000,-0.0434,-0.0174,0.0000
0.2000,0.5036,1.0000,0.0259,-0.0719,-63.9634,3.9729,0.0000,-0.0075,-0.0075,0.0419,0.0000,0.0000,-0.0434,-0.0174,0.0000
0.2000,0.5528,1.0000,0.0175,-0.0719,-63.9931,4.0164,0.0000,-0.0053,-0.0053,0.0426,0.0000,0.0000,-0.0434,-0.0174,0.0000
0.2000,0.6342,1.0000,0.0091,-0.0845,-64.0232,4.0597,0.0000,-0.0020,-0.0020,0.0434,0.0000,0.0000,-0.0510,-0.0204,0.0000
0.2000,0.5188,1.0000,0.0007,-0.0845,-64.0613,4.0856,0.0000,0.0135,0.0135,0.0448,0.0000,0.0000,-0.0510,-0.0204,0.0000
0.2000,0.4774,1.0000,0.0091,-0.0382,-64.0945,4.1266,0.0000,-0.0011,-0.0011,0.1216,0.0000,0.0000,-0.0230,-0.0092,0.0000
0.2000,0.5742,1.0000,0.0007,-0.0382,-64.1266,4.1682,0.0000,0.0131,0.0131,0.1223,0.0000,0.0000,-0.0230,-0.0092,0.0000
0.2000,0.6438,1.0000,-0.0077,-0.0448,-64.1583,4.2102,0.0000,0.0248,0.0248,0.1223,0.0000,0.0000,-0.0270,-0.0108,0.0000
0.2000,0.5186,1.0000,-0.0161,-0.0448,-64.1892,4.2539,0.0000,0.0229,0.0229,0.1216,0.0000,0.0000,-0.0270,-0.0108,0.0000
0.2000,0.5438,1.0000,-0.0245,-0.0448,-64.2195,4.2996,0.0000,0.0292,0.0292,0.1229,0.0000,0.0000,-0.0270,-0.0108,0.0000
0.2000,0.5698,1.0000,-0.0329,-0.0535,-64.2504,4.3429,0.0000,-0.0072,-0.0072,0.0458,0.0000,0.0000,-0.0323,-0.0129,0.0000
0.2000,0.6383,1.0000,-0.0412,-0.0535,-64.2816,4.3865,0.0000,-0.0038,-0.0038,0.0448,0.0000,0.0000,-0.0323,-0.0129,0.0000
0.2000,0.5479,1.0000,-0.0495,-0.0535,-64.3123,4.4289,0.0000,-0.0037,-0.0037,0.0439,0.0000,0.0000,-0.0323,-0.0129,0.0000
0.2000,0.5745,1.0000,-0.0579,-0.0616,-64.3417,4.4709,0.0000,-0.0021,-0.0021,0.0421,0.0000,0.0000,-0.0371,-0.0149,0.0000
0.2000,0.6129,1.0000,-0.0663,-0.0616,-64.3701,4.5134,0.0000,-0.0011,-0.0011,0.0411,0.0000,0.0000,-0.0371,-0.0149,0.0000
0.2000,0.5542,1.0000,-0.0743,-0.0616,-64.3980,4.5555,0.0000,-0.0028,-0.0028,0.0386,0.0000,0.0000,-0.0371,-0.0149,0.0000
0.2000,0.5635,1.0000,-0.0659,-0.0286,-64.4252,4.5968,0.0000,-0.0044,-0.0044,-0.0109,0.0000,0.0000,-0.0172,-0.0069,0.0000
0.2000,0.5086,1.0000,-0.0575,-0.0286,-64.4513,4.6373,0.0000,-0.0074,-0.0074,-0.0132,0.0000,0.0000,-0.0172,-0.0069,0.0000
0.2000,0.5119,1.0000,-0.0492,-0.0286,-64.4836,4.6690,0.0000,-0.0006,-0.0006,-0.0159,0.0000,0.0000,-0.0172,-0.0069,0.0000
0.2000,0.5056,1.0000,-0.0408,-0.0286,-64.5091,4.7091,0.0000,-0.0044,-0.0044,-0.0195,0.0000,0.0000,-0.0172,-0.0069,0.0000
0.2000,0.4386,1.0000,-0.0324,-0.0286,-64.5316,4.7344,0.0000,-0.0009,-0.0009,-0.0215,0.0000,0.0000,-0.0172,-0.0069,0.0000
0.2000,0.5596,1.0000,-0.0279,-0.0325,-64.5596,4.7705,0.0000,-0.0015,-0.0015,-0.0245,0.0000,0.0000,-0.0196,-0.0078,0.0000
0.2000,0.6666,1.0000,-0.0363,-0.0616,-64.5838,4.8165,0.0000,-0.0084,-0.0084,0.0374,0.0000,0.0000,-0.0371,-0.0149,0.0000
0.2000,0.4801,1.0000,-0.0447,-0.0616,-64.6085,4.8590,0.0000,-0.0142,-0.0142,0.0352,0.0000,0.0000,-0.0371,-0.0149,0.0000
0.2000,0.4641,1.0000,-0.0531,-0.0616,-64.6392,4.9153,0.0000,-0.0188,-0.0188,0.0348,0.0000,0.0000,-0.0371,-0.0149,0.0000
0.2001,0.5915,1.0000,-0.0615,-0.0725,-64.6658,4.9540,0.0000,-0.0151,-0.0151,0.0339,0.0000,0.0000,-0.0438,-0.0175,0.0000
0.2000,0.5158,1.0000,-0.0698,-0.0725,-64.6905,4.9904,0.0000,-0.0154,-0.0154,0.0321,0.0000,0.0000,-0.0438,-0.0175,0.0000
0.2000,0.3625,1.0000,-0.0782,-0.0725,-64.7156,5.0282,0.0000,-0.0173,-0.0173,0.0303,0.0000,0.0000,-0.0438,-0.0175,0.0000
0.2000,0.6182,1.0000,-0.0698,-0.0182,-64.7406,5.0659,0.0000,0.0035,0.0035,-0.0601,0.0000,0.0000,-0.0110,-0.0044,0.0000
0.2000,0.6182,1.0000,-0.0614,-0.0182,-64.7644,5.1055,0.0000,-0.0026,-0.0026,-0.0629,0.0000,0.0000,-0.0110,-0.0044,0.0000
0.2000,0.5055,1.0000,-0.0530,-0.0182,-64.7988,5.1643,0.0000,-0.0083,-0.0083,-0.0664,0.0000,0.0000,-0.0110,-0.0044,0.0000
0.2000,0.5170,1.0000,-0.0468,-0.0204,-64.8277,5.2132,0.0000,-0.0164,-0.0164,-0.0703,0.0000,0.0000,-0.0123,-0.0049,0.0000
0.2000,0.5800,1.0000,-0.0385,-0.0204,-64.8542,5.2606,0.0000,-0.0271,-0.0271,-0.0728,0.0000,0.0000,-0.0123,-0.0049,0.0000
0.2000,0.5829,1.0000,-0.0301,0.0000,-64.8783,5.3085,0.0000,-0.0118,-0.0118,-0.0057,0.0000,0.0000,0.0000,0.0000,0.0000
0.2000,0.5912,1.0000,-0.0217,0.0000,-64.9023,5.3546,0.0000,-0.0177,-0.0177,-0.0077,0.0000,0.0000,0.0000,0.0000,0.0000
0.2000,0.5912,1.0000,-0.0134,0.0000,-64.9286,5.3999,0.0000,-0.0215,-0.0215,-0.0104,0.0000,0.0000,0.0000,0.0000,0.0000
0.2000,0.5470,1.0000,-0.0050,0.0000,-64.9550,5.4452,0.0000,-0.0248,-0.0248,-0.0129,0.0000,0.0000,0.0000,0.0000,0.0000
0.2000,0.5500,1.0000,0.0034,0.0000,-64.9822,5.4905,0.0000,-0.0272,-0.0272,-0.0136,0.0000,0.0000,0.0000,0.0000,0.0000
0.2000,0.5717,1.0000,-0.0032,-0.0149,-65.0081,5.5347,0.0000,0.0005,0.0005,-0.0457,0.0000,0.0000,-0.0090,-0.0036,0.0000
0.2000,0.5717,1.0000,0.0052,-0.0149,-65.0348,5.5790,0.0000,-0.0034,-0.0034,-0.0464,0.0000,0.0000,-0.0090,-0.0036,0.0000
0.2000,0.5550,1.0000,0.0136,-0.0149,-65.0614,5.6231,0.0000,-0.0068,-0.0068,-0.0469,0.0000,0.0000,-0.0090,-0.0036,0.0000
0.2000,0.4942,1.0000,0.0204,-0.0165,-65.0874,5.6671,0.0000,-0.0092,-0.0092,-0.0465,0.0000,0.0000,-0.0100,-0.0040,0.0000
0.2000,0.5112,1.0000,0.0287,-0.0165,-65.1151,5.7109,0.0000,-0.0124,-0.0124,-0.0476,0.0000,0.0000,-0.0100,-0.0040,0.0000
0.2000,0.4945,1.0000,0.0371,-0.0165,-65.1410,5.7544,0.0000,-0.0159,-0.0159,-0.0478,0.0000,0.0000,-0.0100,-0.0040,0.0000
0.1999,0.5097,1.0000,0.0455,-0.0126,-65.1531,5.8195,0.0000,-0.0184,-0.0184,-0.0598,0.0000,0.0000,-0.0076,-0.0030,0.0000
0.1999,0.5092,1.0000,0.0538,-0.0126,-65.1755,5.8610,0.0000,-0.0244,-0.0244,-0.0598,0.0000,0.0000,-0.0076,-0.0030,0.0000
0.1999,0.4957,1.0000,0.0620,-0.0126,-65.2013,5.9047,0.0000,-0.0284,-0.0284,-0.0589,0.0000,0.0000,-0.0076,-0.0030,0.0000
0.1999,0.5267,1.0000,0.0693,-0.0140,-65.2251,5.9514,0.0000,-0.0371,-0.0371,-0.0582,0.0000,0.0000,-0.0084,-0.0034,0.0000
0.1999,0.5064,1.0000,0.0777,-0.0140,-65.2404,6.0267,0.0000,-0.0683,-0.0683,-0.0594,0.0000,0.0000,-0.0084,-0.0034,0.0000
0.2000,0.5063,1.0000,0.0693,-0.0209,-65.2614,6.0831,0.0000,-0.0408,-0.0408,0.0042,0.0000,0.0000,-0.0126,-0.0050,0.0000
0.2000,0.5223,1.0000,0.0609,-0.0209,-65.2857,6.1306,0.0000,-0.0451,-0.0451,0.0056,0.0000,0.0000,-0.0126,-0.0050,0.0000
0.2000,0.5474,1.0000,0.0525,-0.0242,-65.3103,6.1760,0.0000,-0.0480,-0.0480,0.0068,0.0000,0.0000,-0.0146,-0.0058,0.0000
0.2000,0.4936,1.0000,0.0441,-0.0242,-65.3378,6.2229,0.0000,-0.0492,-0.0492,0.0091,0.0000,0.0000,-0.0146,-0.0058,0.0000
0.2000,0.4776,1.0000,0.0357,-0.0242,-65.3714,6.2581,0.0000,-0.0388,-0.0388,0.0120,0.0000,0.0000,-0.0146,-0.0058,0.0000
0.2000,0.5476,1.0000,0.0441,-0.0173,-65.3998,6.3030,0.0000,0.0167,0.0167,-0.0506,0.0000,0.0000,-0.0104,-0.0042,0.0000
0.2000,0.5528,1.0000,0.0525,-0.0173,-65.4301,6.3471,0.0000,0.0161,0.0161,-0.0484,0.0000,0.0000,-0.0104,-0.0042,0.0000
0.2000,0.5349,1.0000,0.0609,-0.0173,-65.4631,6.3838,0.0000,0.0222,0.0222,-0.0473,0.0000,0.0000,-0.0104,-0.0042,0.0000
0.2000,0.6416,1.0000,0.0670,-0.0196,-65.4945,6.4237,0.0000,0.0224,0.0224,-0.0456,0.0000,0.0000,-0.0118,-0.0047,0.0000
0.2000,0.5673,1.0000,0.0713,-0.0196,-65.5231,6.4677,0.0000,0.0221,0.0221,-0.0441,0.0000,0.0000,-0.0118,-0.0047,0.0000
0.2000,0.5731,1.0000,0.0629,-0.0333,-65.5508,6.5086,0.0000,-0.0081,-0.0081,0.0894,0.0000,0.0000,-0.0201,-0.0080,0.0000
0.2000,0.5473,1.0000,0.0545,-0.0333,-65.5808,6.5462,0.0000,0.0000,0.0000,0.0914,0.0000,0.0000,-0.0201,-0.0080,0.0000
0.2000,0.5332,1.0000,0.0461,-0.0333,-65.6104,6.5895,0.0000,0.0055,0.0055,0.0930,0.0000,0.0000,-0.0201,-0.0080,0.0000
0.2000,0.5359,1.0000,0.0377,-0.0392,-65.6384,6.6312,0.0000,0.0111,0.0111,0.0950,0.0000,0.0000,-0.0236,-0.0094,0.0000
0.2000,0.5966,1.0000,0.0293,-0.0392,-65.6661,6.6728,0.0000,0.0195,0.0195,0.0973,0.0000,0.0000,-0.0236,-0.0094,0.0000
0.2000,0.5510,1.0000,0.0209,-0.0392,-65.6939,6.7149,0.0000,0.0221,0.0221,0.0978,0.0000,0.0000,-0.0236,-0.0094,0.0000
0.2000,0.4529,1.0000,0.0187,-0.0332,-65.7204,6.7542,0.0000,-0.0026,-0.0026,0.0199,0.0000,0.0000,-0.0200,-0.0080,0.0000
0.2000,0.6166,1.0000,0.0103,-0.0332,-65.7470,6.7943,0.0000,0.0000,0.0000,0.0208,0.0000,0.0000,-0.0200,-0.0080,0.0000
0.2000,0.5678,1.0000,0.0021,-0.0332,-65.7719,6.8340,0.0000,-0.0007,-0.0007,0.0216,0.0000,0.0000,-0.0200,-0.0080,0.0000
0.2000,0.5106,1.0000,-0.0063,-0.0332,-65.7979,6.8741,0.0000,-0.0009,-0.0009,0.0223,0.0000,0.0000,-0.0200,-0.0080,0.0000
0.2000,0.5162,1.0000,-0.0147,-0.0379,-65.8238,6.9159,0.0000,-0.0015,-0.0015,0.0228,0.0000,0.0000,-0.0228,-0.0091,0.0000
0.1999,0.4448,1.0000,-0.0231,-0.0398,-65.8499,6.9556,0.0000,-0.0160,-0.0160,0.0756,0.0000,0.0000,-0.0240,-0.0096,0.0000
0.1999,0.5301,1.0000,-0.0312,-0.0398,-65.8746,6.9956,0.0000,-0.0112,-0.0112,0.0751,0.0000,0.0000,-0.0240,-0.0096,0.0000
0.2000,0.5595,1.0000,-0.0395,-0.0398,-65.8978,7.0364,0.0000,-0.0102,-0.0102,0.0746,0.0000,0.0000,-0.0240,-0.0096,0.0000
0.2000,0.4861,1.0000,-0.0479,-0.0398,-65.9192,7.0778,0.0000,-0.0149,-0.0149,0.0745,0.0000,0.0000,-0.0240,-0.0096,0.0000
0.1999,0.4089,1.0000,-0.0563,-0.0398,-65.9420,7.1193,0.0000,-0.0188,-0.0188,0.0730,0.0000,0.0000,-0.0240,-0.0096,0.0000
0.1999,0.4010,1.0000,-0.0647,-0.0485,-65.9666,7.1613,0.0000,-0.0280,-0.0280,0.0960,0.0000,0.0000,-0.0292,-0.0117,0.0000
0.2000,0.4835,1.0000,-0.0731,-0.0485,-65.9908,7.2039,0.0000,-0.0234,-0.0234,0.0939,0.0000,0.0000,-0.0292,-0.0117,0.0000
0.2000,0.4617,1.0000,-0.0815,-0.0485,-66.0116,7.2462,0.0000,-0.0265,-0.0265,0.0923,0.0000,0.0000,-0.0292,-0.0117,0.0000
0.2000,0.5388,1.0000,-0.0899,-0.0576,-66.0337,7.2914,0.0000,-0.0255,-0.0255,0.0896,0.0000,0.0000,-0.0347,-0.0139,0.0000
0.2000,0.5602,1.0000,-0.0983,-0.0576,-66.0614,7.3283,0.0000,-0.0185,-0.0185,0.0864,0.0000,0.0000,-0.0347,-0.0139,0.0000
0.1999,0.5325,1.0000,-0.1018,-0.0528,-66.0848,7.3702,0.0000,-0.0149,-0.0149,0.0823,0.0000,0.0000,-0.0318,-0.0127,0.0000
0.2000,0.5403,1.0000,-0.1101,-0.0528,-66.1073,7.4143,0.0000,-0.0164,-0.0164,0.0794,0.0000,0.0000,-0.0318,-0.0127,0.0000
0.1999,0.4952,1.0000,-0.1185,-0.0528,-66.1323,7.4538,0.0000,-0.0158,-0.0158,0.0755,0.0000,0.0000,-0.0318,-0.0127,0.0000
0.1999,0.5110,1.0000,-0.1269,-0.0528,-66.1531,7.4990,0.0000,-0.0191,-0.0191,0.0724,0.0000,0.0000,-0.0318,-0.0127,0.0000
0.2000,0.5200,1.0000,-0.1353,-0.0619,-66.1736,7.5449,0.0000,-0.0233,-0.0233,0.0694,0.0000,0.0000,-0.0373,-0.0149,0.0000
0.2000,0.5248,1.0000,-0.1437,-0.0619,-66.1922,7.5876,0.0000,-0.0280,-0.0280,0.0653,0.0000,0.0000,-0.0373,-0.0149,0.0000
0.2000,0.6251,1.0000,-0.1353,-0.0394,-66.2326,7.6340,0.0000,-0.0062,-0.0062,0.0596,0.0000,0.0000,-0.0237,-0.0095,0.0000
0.2000,0.5588,1.0000,-0.1437,-0.0394,-66.2462,7.6582,0.0000,-0.0084,-0.0084,0.0570,0.0000,0.0000,-0.0237,-0.0095,0.0000
0.2000,0.5292,1.0000,-0.1521,-0.0394,-66.2624,7.6982,0.0000,-0.0153,-0.0153,0.0520,0.0000,0.0000,-0.0237,-0.0095,0.0000
0.1999,0.5181,1.0000,-0.1466,-0.0394,-66.2818,7.7584,0.0000,-0.0283,-0.0283,0.0472,0.0000,0.0000,-0.0237,-0.0095,0.0000
0.2000,0.4972,1.0000,-0.1445,-0.0457,-66.2989,7.8028,0.0000,-0.0355,-0.0355,0.0440,0.0000,0.0000,-0.0275,-0.0110,0.0000
0.2000,0.5463,1.0000,-0.1361,-0.0154,-66.3147,7.8451,0.0000,-0.0226,-0.0226,0.0207,0.0000,0.0000,-0.0093,-0.0037,0.0000
0.2000,0.5194,1.0000,-0.1277,-0.0154,-66.3316,7.8890,0.0000,-0.0312,-0.0312,0.0148,0.0000,0.0000,-0.0093,-0.0037,0.0000
0.2000,0.4785,1.0000,-0.1193,-0.0154,-66.3481,7.9328,0.0000,-0.0393,-0.0393,0.0116,0.0000,0.0000,-0.0093,-0.0037,0.0000
0.2000,0.4931,1.0000,-0.1109,-0.0154,-66.3649,7.9754,0.0000,-0.0469,-0.0469,0.0053,0.0000,0.0000,-0.0093,-0.0037,0.0000
0.2000,0.5536,1.0000,-0.1044,-0.0180,-66.3801,8.0192,0.0000,-0.0559,-0.0559,0.0018,0.0000,0.0000,-0.0109,-0.0043,0.0000
0.1999,0.4239,1.0000,-0.1041,-0.0263,-66.3943,8.0626,0.0000,-0.0202,-0.0202,-0.0044,0.0000,0.0000,-0.0159,-0.0063,0.0000
0.1999,0.4220,1.0000,-0.0957,-0.0263,-66.4076,8.1068,0.0000,-0.0309,-0.0309,-0.0080,0.0000,0.0000,-0.0159,-0.0063,0.0000
0.2000,0.5506,1.0000,-0.0873,-0.0263,-66.4213,8.1500,0.0000,-0.0417,-0.0417,-0.0114,0.0000,0.0000,-0.0159,-0.0063,0.0000
0.2000,0.5369,1.0000,-0.0789,-0.0263,-66.4351,8.1934,0.0000,-0.0519,-0.0519,-0.0154,0.0000,0.0000,-0.0159,-0.0063,0.0000
0.2000,0.5232,1.0000,-0.0747,-0.0305,-66.4486,8.2371,0.0000,-0.0627,-0.0627,-0.0198,0.0000,0.0000,-0.0184,-0.0074,0.0000
0.2000,0.5485,1.0000,-0.0663,0.0000,-66.4638,8.2831,0.0000,-0.0195,-0.0195,-0.0072,0.0000,0.0000,0.0000,0.0000,0.0000
0.2000,0.4852,1.0000,-0.0579,0.0000,-66.4799,8.3290,0.0000,-0.0279,-0.0279,-0.0106,0.0000,0.0000,0.0000,0.0000,0.0000
0.2000,0.5002,1.0000,-0.0495,0.0000,-66.4947,8.3751,0.0000,-0.0379,-0.0379,-0.0143,0.0000,0.0000,0.0000,0.0000,0.0000
0.2000,0.5352,1.0000,-0.0411,0.0000,-66.6637,8.5327,0.0000,0.0343,0.0343,-0.0176,0.0000,0.0000,0.0000,0.0000,0.0000
0.2000,0.5605,1.0000,-0.0327,0.0000,-66.6871,8.5854,0.0000,0.0286,0.0286,-0.0208,0.0000,0.0000,0.0000,0.0000,0.0000
0.2000,0.4804,1.0000,-0.0366,-0.0124,-66.7062,8.6413,0.0000,-0.0076,-0.0076,-0.0496,0.0000,0.0000,-0.0074,-0.0030,0.0000
0.2000,0.5491,1.0000,-0.0283,-0.0124,-66.7124,8.6339,0.0000,-0.0010,-0.0010,-0.0526,0.0000,0.0000,-0.0074,-0.0030,0.0000
0.2000,0.5474,1.0000,-0.0199,-0.0124,-66.7228,8.6508,0.0000,-0.0008,-0.0008,-0.0543,0.0000,0.0000,-0.0074,-0.0030,0.0000
0.2000,0.5386,1.0000,-0.0115,-0.0124,-66.7307,8.6907,0.0000,-0.0140,-0.0140,-0.0555,0.0000,0.0000,-0.0074,-0.0030,0.0000
0.2000,0.4840,1.0000,-0.0031,-0.0124,-66.7755,8.7556,0.0000,-0.0067,-0.0067,-0.0580,0.0000,0.0000,-0.0074,-0.0030,0.0000
0.2000,0.5279,1.0000,0.0038,-0.0139,-66.7981,8.8041,0.0000,-0.0130,-0.0130,-0.0594,0.0000,0.0000,-0.0084,-0.0034,0.0000
0.2000,0.6377,1.0000,0.0122,-0.0006,-66.8177,8.8500,0.0000,-0.0011,-0.0011,-0.0579,0.0000,0.0000,-0.0003,-0.0001,0.0000
0.2001,0.5836,1.0000,0.0204,-0.0006,-66.8436,8.9122,0.0000,-0.0084,-0.0084,-0.0592,0.0000,0.0000,-0.0003,-0.0001,0.0000
0.2000,0.5564,1.0000,0.0288,-0.0006,-66.8609,8.9491,0.0000,-0.0110,-0.0110,-0.0593,0.0000,0.0000,-0.0003,-0.0001,0.0000
0.2000,0.5539,1.0000,0.0372,0.0002,-66.8855,8.9967,0.0000,-0.0134,-0.0134,-0.0596,0.0000,0.0000,0.0001,0.0001,0.0000
0.2000,0.4918,1.0000,0.0455,0.0002,-66.9032,9.0378,0.0000,-0.0166,-0.0166,-0.0594,0.0000,0.0000,0.0001,0.0001,0.0000
0.2000,0.5483,1.0000,0.0539,0.0062,-66.9201,9.0784,0.0000,0.0100,0.0100,-0.1096,0.0000,0.0000,0.0037,0.0015,0.0000
0.2000,0.5308,1.0000,0.0621,0.0062,-66.9424,9.1322,0.0000,0.0007,0.0007,-0.1089,0.0000,0.0000,0.0037,0.0015,0.0000
0.1999,0.4780,1.0000,0.0700,0.0062,-66.9578,9.1627,0.0000,0.0000,0.0000,-0.1090,0.0000,0.0000,0.0037,0.0015,0.0000
0.1999,0.4306,1.0000,0.0784,0.0062,-66.9816,9.2084,0.0000,-0.0019,-0.0019,-0.1080,0.0000,0.0000,0.0037,0.0015,0.0000
0.2000,0.5796,1.0000,0.0868,0.0083,-67.0063,9.2538,0.0000,-0.0134,-0.0134,-0.1068,0.0000,0.0000,0.0050,0.0020,0.0000
0.2000,0.5685,1.0000,0.0861,-0.0008,-67.0304,9.2991,0.0000,0.0091,0.0091,-0.0451,0.0000,0.0000,-0.0005,-0.0002,0.0000
0.2000,0.5014,1.0000,0.0930,-0.0008,-67.0619,9.3585,0.0000,0.0096,0.0096,-0.0425,0.0000,0.0000,-0.0005,-0.0002,0.0000
0.2000,0.5142,1.0000,0.1013,-0.0008,-67.0462,9.3512,0.0000,-0.0004,-0.0004,-0.0411,0.0000,0.0000,-0.0005,-0.0002,0.0000
0.2000,0.5029,1.0000,0.1037,-0.0008,-67.0795,9.4081,0.0000,0.0017,0.0017,-0.0381,0.0000,0.0000,-0.0005,-0.0002,0.0000
0.1999,0.4294,1.0000,0.1009,-0.0008,-67.0901,9.4259,0.0000,0.0039,0.0039,-0.0370,0.0000,0.0000,-0.0005,-0.0002,0.0000
0.1998,0.4718,1.0000,0.0956,-0.0003,-67.1149,9.4628,0.0000,0.0075,0.0075,-0.0339,0.0000,0.0000,-0.0002,-0.0001,0.0000
0.1999,0.5013,1.0000,0.1040,0.0024,-67.1719,9.5139,0.0000,0.0501,0.0501,-0.1086,0.0000,0.0000,0.0014,0.0006,0.0000
0.1999,0.4916,1.0000,0.1122,0.0024,-67.1900,9.5389,0.0000,0.0523,0.0523,-0.1066,0.0000,0.0000,0.0014,0.0006,0.0000
0.2000,0.4625,1.0000,0.1206,0.0024,-67.2104,9.5714,0.0000,0.0534,0.0534,-0.1033,0.0000,0.0000,0.0014,0.0006,0.0000
0.2000,0.6767,1.0000,0.1290,0.0043,-67.2320,9.6204,0.0000,0.0334,0.0334,-0.1019,0.0000,0.0000,0.0026,0.0010,0.0000
0.2000,0.5472,1.0000,0.1374,0.0043,-67.2585,9.6610,0.0000,0.0403,0.0403,-0.0987,0.0000,0.0000,0.0026,0.0010,0.0000
0.2000,0.5389,1.0000,0.1458,0.0043,-67.2991,9.7135,0.0000,0.0460,0.0460,-0.0949,0.0000,0.0000,0.0026,0.0010,0.0000
0.2000,0.5119,1.0000,0.1374,-0.0107,-67.3197,9.7412,0.0000,0.0234,0.0234,-0.0353,0.0000,0.0000,-0.0064,-0.0026,0.0000
0.2000,0.5905,1.0000,0.1290,-0.0107,-67.3474,9.7819,0.0000,0.0263,0.0263,-0.0313,0.0000,0.0000,-0.0064,-0.0026,0.0000
0.2000,0.5706,1.0000,0.1206,-0.0117,-67.3811,9.8391,0.0000,0.0282,0.0282,-0.0253,0.0000,0.0000,-0.0070,-0.0028,0.0000
0.2000,0.4972,1.0000,0.1122,-0.0107,-67.3978,9.8688,0.0000,0.0292,0.0292,-0.0220,0.0000,0.0000,-0.0064,-0.0026,0.0000
0.1999,0.4432,1.0000,0.1038,-0.0117,-67.4257,9.9108,0.0000,0.0332,0.0332,-0.0184,0.0000,0.0000,-0.0070,-0.0028,0.0000
0.2000,0.5188,1.0000,0.0954,-0.0117,-67.4622,9.9639,0.0000,0.0381,0.0381,-0.0138,0.0000,0.0000,-0.0070,-0.0028,0.0000
0.2000,0.5220,1.0000,0.1038,-0.0043,-67.4777,9.9897,0.0000,0.0178,0.0178,-0.0600,0.0000,0.0000,-0.0026,-0.0010,0.0000
0.2000,0.4752,1.0000,0.1120,-0.0043,-67.5020,10.0294,0.0000,0.0183,0.0183,-0.0573,0.0000,0.0000,-0.0026,-0.0010,0.0000
0.2000,0.4752,1.0000,0.1150,-0.0043,-67.5258,10.0681,0.0000,0.0176,0.0176,-0.0542,0.0000,0.0000,-0.0026,-0.0010,0.0000
0.1999,0.4816,1.0000,0.1069,-0.0043,-67.5553,10.0888,0.0000,0.0312,0.0312,-0.0515,0.0000,0.0000,-0.0026,-0.0010,0.0000
0.2000,0.4816,1.0000,0.1153,-0.0043,-67.5588,10.1626,0.0000,-0.0064,-0.0064,-0.0513,0.0000,0.0000,-0.0026,-0.0010,0.0000
0.1998,0.4668,1.0000,0.1151,-0.0043,-67.5847,10.2016,0.0000,-0.0053,-0.0053,-0.0490,0.0000,0.0000,-0.0026,-0.0010,0.0000
0.2000,0.5358,1.0000,0.1067,-0.0253,-67.6052,10.2453,0.0000,-0.0012,-0.0012,0.0099,0.0000,0.0000,-0.0152,-0.0061,0.0000
0.2000,0.4772,1.0000,0.0983,-0.0253,-67.6380,10.2977,0.0000,0.0014,0.0014,0.0135,0.0000,0.0000,-0.0152,-0.0061,0.0000
0.2000,0.4689,1.0000,0.0899,-0.0253,-67.6543,10.3237,0.0000,0.0028,0.0028,0.0151,0.0000,0.0000,-0.0152,-0.0061,0.0000
0.2000,0.4796,1.0000,0.0815,-0.0253,-67.6794,10.3608,0.0000,0.0066,0.0066,0.0182,0.0000,0.0000,-0.0152,-0.0061,0.0000
0.2000,0.5017,1.0000,0.0731,-0.0293,-67.7121,10.4133,0.0000,0.0097,0.0097,0.0219,0.0000,0.0000,-0.0176,-0.0071,0.0000
0.2000,0.5372,1.0000,0.0815,-0.0031,-67.7289,10.4397,0.0000,0.0109,0.0109,-0.0526,0.0000,0.0000,-0.0019,-0.0007,0.0000
0.2000,0.4587,1.0000,0.0894,-0.0031,-67.7642,10.4936,0.0000,0.0122,0.0122,-0.0496,0.0000,0.0000,-0.0019,-0.0007,0.0000
0.2000,0.5348,1.0000,0.0978,-0.0031,-67.7905,10.5343,0.0000,0.0094,0.0094,-0.0475,0.0000,0.0000,-0.0019,-0.0007,0.0000
0.2000,0.5185,1.0000,0.1062,-0.0029,-67.8158,10.5757,0.0000,0.0079,0.0079,-0.0451,0.0000,0.0000,-0.0017,-0.0007,0.0000
0.2000,0.4900,1.0000,0.1084,-0.0029,-67.8335,10.6028,0.0000,0.0080,0.0080,-0.0440,0.0000,0.0000,-0.0017,-0.0007,0.0000
0.1999,0.5244,1.0000,0.1063,-0.0029,-67.8607,10.6448,0.0000,0.0063,0.0063,-0.0422,0.0000,0.0000,-0.0017,-0.0007,0.0000
0.2000,0.6118,1.0000,0.0985,-0.0140,-67.8980,10.7005,0.0000,0.0085,0.0085,-0.0439,0.0000,0.0000,-0.0084,-0.0034,0.0000
0.2000,0.5391,1.0000,0.0969,-0.0140,-67.9264,10.7424,0.0000,0.0101,0.0101,-0.0417,0.0000,0.0000,-0.0084,-0.0034,0.0000
0.2000,0.5998,1.0000,0.0925,-0.0153,-67.9538,10.7854,0.0000,0.0077,0.0077,-0.0388,0.0000,0.0000,-0.0092,-0.0037,0.0000
0.2000,0.5603,1.0000,0.0872,-0.0153,-67.9723,10.8128,0.0000,0.0086,0.0086,-0.0364,0.0000,0.0000,-0.0092,-0.0037,0.0000
0.2000,0.5504,1.0000,0.0831,-0.0153,-67.9958,10.8548,0.0000,0.0046,0.0046,-0.0343,0.0000,0.0000,-0.0092,-0.0037,0.0000
0.2000,0.5383,1.0000,0.0777,-0.0122,-68.0224,10.8966,0.0000,-0.0050,-0.0050,0.0320,0.0000,0.0000,-0.0073,-0.0029,0.0000
0.2000,0.6041,1.0000,0.0693,-0.0122,-68.0580,10.9506,0.0000,-0.0008,-0.0008,0.0345,0.0000,0.0000,-0.0073,-0.0029,0.0000
0.2000,0.5136,1.0000,0.0609,-0.0122,-68.0848,10.9918,0.0000,-0.0002,-0.0002,0.0370,0.0000,0.0000,-0.0073,-0.0029,0.0000
0.2000,0.5482,1.0000,0.0525,-0.0142,-68.1023,11.0193,0.0000,0.0017,0.0017,0.0392,0.0000,0.0000,-0.0085,-0.0034,0.0000
0.2000,0.4673,1.0000,0.0441,-0.0142,-68.1288,11.0598,0.0000,0.0022,0.0022,0.0406,0.0000,0.0000,-0.0085,-0.0034,0.0000
0.2000,0.5248,1.0000,0.0498,-0.0000,-68.1559,11.0998,0.0000,0.0013,0.0013,0.0038,0.0000,0.0000,-0.0000,-0.0000,0.0000
0.2000,0.4910,1.0000,0.0414,-0.0000,-68.1909,11.1523,0.0000,0.0018,0.0018,0.0054,0.0000,0.0000,-0.0000,-0.0000,0.0000
0.2000,0.5117,1.0000,0.0330,-0.0000,-68.2164,11.1916,0.0000,0.0019,0.0019,0.0067,0.0000,0.0000,-0.0000,-0.0000,0.0000
0.2000,0.4690,1.0000,0.0246,-0.0000,-68.2411,11.2299,0.0000,0.0015,0.0015,0.0082,0.0000,0.0000,-0.0000,-0.0000,0.0000
0.2000,0.4813,1.0000,0.0162,-0.0000,-68.2574,11.2538,0.0000,0.0022,0.0022,0.0093,0.0000,0.0000,-0.0000,-0.0000,0.0000
0.2000,0.5789,1.0000,0.0079,-0.0000,-68.2822,11.2915,0.0000,0.0027,0.0027,0.0099,0.0000,0.0000,-0.0000,-0.0000,0.0000
0.2000,0.5654,1.0000,-0.0005,-0.0255,-68.3147,11.3431,0.0000,-0.0045,-0.0045,0.0225,0.0000,0.0000,-0.0153,-0.0061,0.0000
0.2000,0.4262,1.0000,-0.0089,-0.0255,-68.3382,11.3815,0.0000,-0.0071,-0.0071,0.0225,0.0000,0.0000,-0.0153,-0.0061,0.0000
0.2000,0.4729,1.0000,-0.0173,-0.0255,-68.3614,11.4213,0.0000,-0.0085,-0.0085,0.0228,0.0000,0.0000,-0.0153,-0.0061,0.0000
0.2000,0.5322,1.0000,-0.0257,-0.0255,-68.3749,11.4459,0.0000,-0.0097,-0.0097,0.0234,0.0000,0.0000,-0.0153,-0.0061,0.0000
0.2000,0.4366,1.0000,-0.0341,-0.0255,-68.3973,11.4860,0.0000,-0.0138,-0.0138,0.0231,0.0000,0.0000,-0.0153,-0.0061,0.0000
0.2000,0.5263,1.0000,-0.0425,-0.0299,-68.4298,11.5416,0.0000,-0.0158,-0.0158,0.0219,0.0000,0.0000,-0.0180,-0.0072,0.0000
0.2000,0.5418,1.0000,-0.0341,-0.0003,-68.4528,11.5828,0.0000,-0.0026,-0.0026,-0.0575,0.0000,0.0000,-0.0002,-0.0001,0.0000
0.2000,0.5022,1.0000,-0.0257,-0.0003,-68.4751,11.6246,0.0000,-0.0093,-0.0093,-0.0587,0.0000,0.0000,-0.0002,-0.0001,0.0000
0.2000,0.5507,1.0000,-0.0173,-0.0003,-68.4961,11.6672,0.0000,-0.0203,-0.0203,-0.0604,0.0000,0.0000,-0.0002,-0.0001,0.0000
0.2000,0.5688,1.0000,-0.0089,0.0006,-68.5169,11.7103,0.0000,-0.0311,-0.0311,-0.0628,0.0000,0.0000,0.0003,0.0001,0.0000
0.1999,0.5351,1.0000,-0.0005,0.0006,-68.5226,11.7614,0.0000,-0.0570,-0.0570,-0.0649,0.0000,0.0000,0.0003,0.0001,0.0000
0.2000,0.5154,1.0000,0.0073,0.0000,-68.5361,11.7902,0.0000,-0.0290,-0.0290,-0.0026,0.0000,0.0000,0.0000,0.0000,0.0000
0.2000,0.6324,1.0000,-0.0011,0.0000,-68.5583,11.7453,0.0000,0.0138,0.0138,-0.0037,0.0000,0.0000,0.0000,0.0000,0.0000
0.1999,0.5069,1.0000,-0.0015,0.0000,-68.5758,11.7761,0.0000,0.0115,0.0115,-0.0042,0.0000,0.0000,0.0000,0.0000,0.0000
0.2000,0.5573,1.0000,-0.0007,0.0000,-68.6128,11.8383,0.0000,0.0078,0.0078,-0.0036,0.0000,0.0000,0.0000,0.0000,0.0000
0.1999,0.5081,1.0000,0.0018,0.0000,-68.6363,11.8823,0.0000,0.0031,0.0031,-0.0033,0.0000,0.0000,0.0000,0.0000,0.0000
0.2000,0.4548,1.0000,0.0000,-0.0000,-68.6435,11.9013,0.0000,-0.0093,-0.0093,-0.0004,0.0000,0.0000,-0.0000,-0.0000,0.0000
0.2000,0.5564,1.0000,0.0000,-0.0000,-68.6635,11.9372,0.0000,-0.0124,-0.0124,-0.0002,0.0000,0.0000,-0.0000,-0.0000,0.0000
0.1999,0.4954,1.0000,0.0000,-0.0000,-68.6928,11.9816,0.0000,-0.0124,-0.0124,0.0001,0.0000,0.0000,-0.0000,-0.0000,0.0000
0.2000,0.5225,1.0000,0.0000,-0.0000,-68.6968,12.0021,0.0000,-0.0205,-0.0205,-0.0005,0.0000,0.0000,-0.0000,-0.0000,0.0000
0.2000,0.5144,1.0000,0.0000,-0.0000,-68.7269,12.0513,0.0000,-0.0227,-0.0227,-0.0009,0.0000,0.0000,-0.0000,-0.0000,0.0000
0.2000,0.4668,1.0000,0.0000,0.0000,-68.7170,12.0614,0.0000,-0.0160,-0.0160,-0.0008,0.0000,0.0000,0.0000,0.0000,0.0000
0.2000,0.4857,1.0000,0.0000,0.0000,-68.7370,12.1024,0.0000,-0.0219,-0.0219,-0.0006,0.0000,0.0000,0.0000,0.0000,0.0000
0.2000,0.5206,1.0000,0.0000,0.0000,-68.7622,12.1371,0.0000,-0.0200,-0.0200,-0.0006,0.0000,0.0000,0.0000,0.0000,0.0000
0.2000,0.4446,1.0000,0.0000,0.0000,-68.7789,12.1671,0.0000,-0.0226,-0.0226,-0.0009,0.0000,0.0000,0.0000,0.0000,0.0000
0.2000,0.4644,1.0000,-0.0084,0.0000,-69.0449,12.3287,0.0000,0.1102,0.1102,-0.0008,0.0000,0.0000,0.0000,0.0000,0.0000
0.2000,0.4719,1.0000,-0.0168,0.0000,-69.0606,12.3482,0.0000,0.1125,0.1125,-0.0008,0.0000,0.0000,0.0000,0.0000,0.0000
0.2000,0.5271,1.0000,-0.0152,-0.0069,-69.0832,12.3800,0.0000,0.0121,0.0121,-0.0476,0.0000,0.0000,-0.0042,-0.0017,0.0000
0.2000,0.4949,1.0000,-0.0068,-0.0069,-69.1414,12.4124,0.0000,0.0412,0.0412,-0.0458,0.0000,0.0000,-0.0042,-0.0017,0.0000
0.2000,0.5055,1.0000,0.0016,-0.0069,-69.1597,12.4438,0.0000,0.0369,0.0369,-0.0468,0.0000,0.0000,-0.0042,-0.0017,0.0000
0.2000,0.4357,1.0000,0.0100,-0.0069,-69.1798,12.4824,0.0000,0.0318,0.0318,-0.0476,0.0000,0.0000,-0.0042,-0.0017,0.0000
0.2000,0.5040,1.0000,0.0182,-0.0070,-69.2017,12.5235,0.0000,0.0234,0.0234,-0.0485,0.0000,0.0000,-0.0042,-0.0017,0.0000
0.2000,0.4179,1.0000,0.0198,-0.0000,-69.2189,12.5615,0.0000,-0.0114,-0.0114,-0.0024,0.0000,0.0000,-0.0000,-0.0000,0.0000
0.2000,0.5673,1.0000,0.0182,-0.0000,-69.2432,12.6003,0.0000,-0.0126,-0.0126,-0.0021,0.0000,0.0000,-0.0000,-0.0000,0.0000
0.1999,0.5011,1.0000,0.0147,-0.0000,-69.2638,12.6273,0.0000,-0.0101,-0.0101,-0.0015,0.0000,0.0000,-0.0000,-0.0000,0.0000
0.2000,0.4945,1.0000,0.0064,-0.0000,-69.3356,12.6209,0.0000,0.0547,0.0547,0.0034,0.0000,0.0000,-0.0000,-0.0000,0.0000
0.2000,0.5148,1.0000,-0.0020,-0.0000,-69.3572,12.6436,0.0000,0.0603,0.0603,0.0039,0.0000,0.0000,-0.0000,-0.0000,0.0000
0.2000,0.5245,1.0000,-0.0104,0.0000,-69.4105,12.6790,0.0000,0.0857,0.0857,0.0056,0.0000,0.0000,0.0000,0.0000,0.0000
0.2000,0.6308,1.0000,-0.0188,-0.0285,-69.3180,12.8890,0.0000,-0.1718,-0.1718,0.0125,0.0000,0.0000,-0.0172,-0.0069,0.0000
0.2000,0.5085,1.0000,-0.0105,-0.0285,-69.3382,12.9870,0.0000,-0.2085,-0.2085,0.0103,0.0000,0.0000,-0.0172,-0.0069,0.0000
0.2000,0.5174,1.0000,-0.0022,-0.0285,-69.3245,13.0844,0.0000,-0.2731,-0.2731,0.0066,0.0000,0.0000,-0.0172,-0.0069,0.0000
0.2000,0.4973,1.0000,0.0060,-0.0285,-69.3297,13.1498,0.0000,-0.3046,-0.3046,0.0035,0.0000,0.0000,-0.0172,-0.0069,0.0000
0.2000,0.6753,1.0000,0.0144,-0.0285,-69.3593,13.1909,0.0000,-0.3014,-0.3014,0.0029,0.0000,0.0000,-0.0172,-0.0069,0.0000
0.1999,0.4953,1.0000,0.0228,-0.0000,-69.3704,13.2493,0.0000,-0.0200,-0.0200,-0.0031,0.0000,0.0000,-0.0000,-0.0000,0.0000
0.1999,0.5146,1.0000,0.0204,-0.0000,-69.3987,13.2845,0.0000,-0.0150,-0.0150,-0.0024,0.0000,0.0000,-0.0000,-0.0000,0.0000
0.2000,0.3992,1.0000,0.0189,-0.0000,-69.4221,13.3235,0.0000,-0.0160,-0.0160,-0.0022,0.0000,0.0000,-0.0000,-0.0000,0.0000
0.1999,0.5018,1.0000,0.0153,-0.0000,-69.4498,13.3566,0.0000,-0.0104,-0.0104,-0.0016,0.0000,0.0000,-0.0000,-0.0000,0.0000
0.2000,0.4389,1.0000,0.0090,-0.0000,-69.4792,13.3880,0.0000,-0.0022,-0.0022,-0.0004,0.0000,0.0000,-0.0000,-0.0000,0.0000
0.2000,0.4608,1.0000,0.0006,-0.0098,-69.5110,13.4190,0.0000,0.0196,0.0196,-0.0031,0.0000,0.0000,-0.0059,-0.0024,0.0000
0.2000,0.5495,1.0000,-0.0078,-0.0098,-69.5410,13.4572,0.0000,0.0243,0.0243,-0.0021,0.0000,0.0000,-0.0059,-0.0024,0.0000
0.2000,0.6002,1.0000,-0.0162,-0.0098,-69.5681,13.4922,0.0000,0.0280,0.0280,-0.0022,0.0000,0.0000,-0.0059,-0.0024,0.0000
0.2000,0.4936,1.0000,-0.0246,-0.0098,-69.5948,13.5290,0.0000,0.0308,0.0308,-0.0019,0.0000,0.0000,-0.0059,-0.0024,0.0000
0.2000,0.4584,1.0000,-0.0330,-0.0098,-69.6403,13.5415,0.0000,0.0627,0.0627,-0.0006,0.0000,0.0000,-0.0059,-0.0024,0.0000
0.2000,0.5799,1.0000,-0.0414,-0.0112,-69.6648,13.5837,0.0000,0.0601,0.0601,-0.0016,0.0000,0.0000,-0.0067,-0.0027,0.0000
0.2000,0.4752,1.0000,-0.0330,-0.0000,-69.6908,13.6265,0.0000,-0.0042,-0.0042,-0.0028,0.0000,0.0000,-0.0000,-0.0000,0.0000
0.2000,0.4517,1.0000,-0.0246,-0.0000,-69.6903,13.6898,0.0000,-0.0394,-0.0394,-0.0055,0.0000,0.0000,-0.0000,-0.0000,0.0000
0.2000,0.5746,1.0000,-0.0162,-0.0000,-69.6973,13.7452,0.0000,-0.0646,-0.0646,-0.0083,0.0000,0.0000,-0.0000,-0.0000,0.0000
0.2000,0.5361,1.0000,-0.0079,-0.0000,-69.7215,13.7864,0.0000,-0.0667,-0.0667,-0.0096,0.0000,0.0000,-0.0000,-0.0000,0.0000
0.2000,0.4869,1.0000,0.0005,-0.0000,-69.7566,13.8258,0.0000,-0.0585,-0.0585,-0.0107,0.0000,0.0000,-0.0000,-0.0000,0.0000
0.1999,0.4896,1.0000,-0.0013,-0.0000,-69.7830,13.8690,0.0000,0.0075,0.0075,-0.0019,0.0000,0.0000,-0.0000,-0.0000,0.0000
0.2000,0.6707,1.0000,0.0025,-0.0000,-69.8036,13.9141,0.0000,0.0005,0.0005,-0.0027,0.0000,0.0000,-0.0000,-0.0000,0.0000
0.2000,0.4675,1.0000,0.0103,-0.0000,-69.8224,13.9621,0.0000,-0.0092,-0.0092,-0.0041,0.0000,0.0000,-0.0000,-0.0000,0.0000
0.2000,0.4658,1.0000,0.0138,-0.0000,-69.8488,14.0076,0.0000,-0.0110,-0.0110,-0.0041,0.0000,0.0000,-0.0000,-0.0000,0.0000
0.2000,0.5749,1.0000,0.0222,-0.0000,-69.8642,14.0519,0.0000,-0.0220,-0.0220,-0.0048,0.0000,0.0000,-0.0000,-0.0000,0.0000
0.1999,0.4939,1.0000,0.0270,-0.0000,-69.8890,14.0947,0.0000,-0.0238,-0.0238,-0.0055,0.0000,0.0000,-0.0000,-0.0000,0.0000
0.2000,0.5761,1.0000,0.0186,-0.0207,-69.9143,14.1355,0.0000,0.0034,0.0034,-0.0486,0.0000,0.0000,-0.0125,-0.0050,0.0000
0.2000,0.4753,1.0000,0.0270,-0.0207,-69.9419,14.1799,0.0000,0.0035,0.0035,-0.0483,0.0000,0.0000,-0.0125,-0.0050,0.0000
0.2000,0.5458,1.0000,0.0353,-0.0207,-69.9681,14.2231,0.0000,-0.0011,-0.0011,-0.0476,0.0000,0.0000,-0.0125,-0.0050,0.0000
0.2000,0.5379,1.0000,0.0411,-0.0232,-69.9948,14.2639,0.0000,-0.0019,-0.0019,-0.0470,0.0000,0.0000,-0.0140,-0.0056,0.0000
0.2000,0.5366,1.0000,0.0495,-0.0232,-70.0183,14.3060,0.0000,-0.0063,-0.0063,-0.0465,0.0000,0.0000,-0.0140,-0.0056,0.0000
0.1999,0.3901,1.0000,0.0579,-0.0232,-70.0470,14.3461,0.0000,-0.0021,-0.0021,-0.0465,0.0000,0.0000,-0.0140,-0.0056,0.0000
0.2000,0.5192,1.0000,0.0663,0.0000,-70.0761,14.3844,0.0000,0.0080,0.0080,0.0017,0.0000,0.0000,0.0000,0.0000,0.0000
0.2000,0.5490,1.0000,0.0581,0.0000,-70.1030,14.4186,0.0000,0.0131,0.0131,0.0029,0.0000,0.0000,0.0000,0.0000,0.0000
0.2000,0.5490,1.0000,0.0498,0.0000,-70.1266,14.4539,0.0000,0.0150,0.0150,0.0050,0.0000,0.0000,0.0000,0.0000,0.0000
0.2000,0.2739,1.0000,0.0414,0.0000,-70.1513,14.4919,0.0000,0.0153,0.0153,0.0060,0.0000,0.0000,0.0000,0.0000,0.0000
0.2000,0.5129,1.0000,0.0330,0.0000,-70.1761,14.5280,0.0000,0.0184,0.0184,0.0082,0.0000,0.0000,0.0000,0.0000,0.0000
0.2000,0.5365,1.0000,0.0246,0.0000,-70.1994,14.5656,0.0000,0.0187,0.0187,0.0090,0.0000,0.0000,0.0000,0.0000,0.0000
0.2000,0.5728,1.0000,0.0162,-0.0000,-70.2264,14.5956,0.0000,0.0068,0.0068,0.0019,0.0000,0.0000,-0.0000,-0.0000,0.0000
0.2000,0.5016,1.0000,0.0078,-0.0000,-70.2524,14.6367,0.0000,0.0069,0.0069,0.0026,0.0000,0.0000,-0.0000,-0.0000,0.0000
0.2000,0.5016,1.0000,-0.0006,-0.0000,-70.2790,14.6758,0.0000,0.0086,0.0086,0.0038,0.0000,0.0000,-0.0000,-0.0000,0.0000
0.2000,0.4371,1.0000,-0.0089,-0.0000,-70.3040,14.7151,0.0000,0.0087,0.0087,0.0043,0.0000,0.0000,-0.0000,-0.0000,0.0000
0.2000,0.5587,1.0000,0.0000,-0.0000,-70.3307,14.7523,0.0000,0.0116,0.0116,0.0046,0.0000,0.0000,-0.0000,-0.0000,0.0000
0.2000,0.4949,1.0000,0.0000,-0.0000,-70.3371,14.8117,0.0000,-0.0245,-0.0245,-0.0008,0.0000,0.0000,-0.0000,-0.0000,0.0000
0.2000,0.4477,1.0000,0.0000,-0.0000,-70.3785,14.8370,0.0000,-0.0031,-0.0031,0.0001,0.0000,0.0000,-0.0000,-0.0000,0.0000
0.2000,0.4937,1.0000,0.0000,-0.0000,-70.3997,14.8838,0.0000,-0.0107,-0.0107,-0.0009,0.0000,0.0000,-0.0000,-0.0000,0.0000
0.2000,0.4605,1.0000,0.0000,-0.0000,-70.4285,14.9127,0.0000,-0.0022,-0.0022,-0.0011,0.0000,0.0000,-0.0000,-0.0000,0.0000
0.2000,0.5285,1.0000,0.0000,-0.0000,-70.4502,14.9782,0.0000,-0.0195,-0.0195,-0.0021,0.0000,0.0000,-0.0000,-0.0000,0.0000
0.2000,0.4834,1.0000,0.0000,-0.0000,-70.4752,15.0212,0.0000,-0.0195,-0.0195,-0.0015,0.0000,0.0000,-0.0000,-0.0000,0.0000
0.2000,0.4940,1.0000,0.0084,-0.0000,-70.4378,15.1603,0.0000,-0.1277,-0.1277,-0.0086,0.0000,0.0000,-0.0000,-0.0000,0.0000
0.2000,0.5755,1.0000,0.0167,-0.0000,-70.4426,15.2193,0.0000,-0.1564,-0.1564,-0.0107,0.0000,0.0000,-0.0000,-0.0000,0.0000
0.2000,0.5054,1.0000,0.0250,-0.0000,-70.4609,15.2616,0.0000,-0.1636,-0.1636,-0.0114,0.0000,0.0000,-0.0000,-0.0000,0.0000
0.1999,0.4101,1.0000,0.0334,-0.0000,-70.4906,15.3073,0.0000,-0.1627,-0.1627,-0.0114,0.0000,0.0000,-0.0000,-0.0000,0.0000
0.2000,0.8026,1.0000,0.0418,-0.0000,-70.5122,15.3574,0.0000,-0.1738,-0.1738,-0.0115,0.0000,0.0000,-0.0000,-0.0000,0.0000
0.2000,0.4932,1.0000,0.0334,0.0000,-70.5552,15.3805,0.0000,0.0166,0.0166,0.0018,0.0000,0.0000,0.0000,0.0000,0.0000
0.2000,0.5227,1.0000,0.0251,0.0000,-70.5823,15.4193,0.0000,0.0192,0.0192,0.0025,0.0000,0.0000,0.0000,0.0000,0.0000
0.2000,0.4490,1.0000,0.0167,0.0000,-70.6086,15.4604,0.0000,0.0200,0.0200,0.0038,0.0000,0.0000,0.0000,0.0000,0.0000
0.2000,0.4706,1.0000,0.0083,0.0000,-70.6368,15.4973,0.0000,0.0246,0.0246,0.0049,0.0000,0.0000,0.0000,0.0000,0.0000
0.2000,0.5040,1.0000,-0.0001,0.0000,-70.6598,15.5381,0.0000,0.0229,0.0229,0.0056,0.0000,0.0000,0.0000,0.0000,0.0000
0.2000,0.5727,1.0000,-0.0084,0.0000,-70.6873,15.5749,0.0000,0.0271,0.0271,0.0063,0.0000,0.0000,0.0000,0.0000,0.0000
0.1999,0.5106,1.0000,-0.0053,-0.0000,-70.7092,15.6139,0.0000,0.0015,0.0015,0.0009,0.0000,0.0000,-0.0000,-0.0000,0.0000
0.1999,0.4837,1.0000,-0.0010,-0.0000,-70.7275,15.6527,0.0000,-0.0039,-0.0039,0.0003,0.0000,0.0000,-0.0000,-0.0000,0.0000
0.1999,0.5109,1.0000,-0.0019,-0.0000,-70.7583,15.6899,0.0000,0.0022,0.0022,0.0003,0.0000,0.0000,-0.0000,-0.0000,0.0000
0.1998,0.4718,1.0000,-0.0004,-0.0000,-70.7800,15.7318,0.0000,-0.0018,-0.0018,0.0002,0.0000,0.0000,-0.0000,-0.0000,0.0000
0.1999,0.4805,1.0000,0.0000,-0.0000,-70.8042,15.7709,0.0000,-0.0025,-0.0025,-0.0010,0.0000,0.0000,-0.0000,-0.0000,0.0000
0.2000,0.5381,1.0000,0.0000,-0.0122,-70.8268,15.8124,0.0000,-0.0059,-0.0059,0.0142,0.0000,0.0000,-0.0073,-0.0029,0.0000
0.2000,0.5026,1.0000,0.0000,-0.0122,-70.8497,15.8526,0.0000,-0.0078,-0.0078,0.0136,0.0000,0.0000,-0.0073,-0.0029,0.0000
0.2000,0.4771,1.0000,0.0000,-0.0122,-70.8715,15.8942,0.0000,-0.0112,-0.0112,0.0129,0.0000,0.0000,-0.0073,-0.0029,0.0000
0.2000,0.5280,1.0000,0.0000,-0.0122,-70.8931,15.9363,0.0000,-0.0143,-0.0143,0.0132,0.0000,0.0000,-0.0073,-0.0029,0.0000
0.2000,0.5170,1.0000,0.0000,-0.0141,-70.9148,15.9788,0.0000,-0.0181,-0.0181,0.0126,0.0000,0.0000,-0.0085,-0.0034,0.0000
0.2000,0.5176,1.0000,0.0084,-0.0141,-70.9074,16.0496,0.0000,-0.0621,-0.0621,0.0100,0.0000,0.0000,-0.0085,-0.0034,0.0000
0.2000,0.5019,1.0000,0.0168,0.0000,-70.9308,16.0951,0.0000,-0.0493,-0.0493,-0.0040,0.0000,0.0000,0.0000,0.0000,0.0000
0.2000,0.5250,1.0000,0.0251,0.0000,-70.9557,16.1371,0.0000,-0.0507,-0.0507,-0.0044,0.0000,0.0000,0.0000,0.0000,0.0000
0.2000,0.4994,1.0000,0.0335,0.0000,-70.9860,16.1814,0.0000,-0.0485,-0.0485,-0.0043,0.0000,0.0000,0.0000,0.0000,0.0000
0.2000,0.5486,1.0000,0.0419,0.0000,-71.0259,16.2290,0.0000,-0.0401,-0.0401,-0.0042,0.0000,0.0000,0.0000,0.0000,0.0000
0.2000,0.7069,1.0000,0.0433,0.0000,-71.0613,16.2747,0.0000,-0.0345,-0.0345,-0.0033,0.0000,0.0000,0.0000,0.0000,0.0000
0.2000,0.4944,1.0000,0.0349,0.0000,-71.1276,16.3134,0.0000,0.0021,0.0021,-0.0008,0.0000,0.0000,0.0000,0.0000,0.0000
0.2000,0.5694,1.0000,0.0265,-0.0184,-71.1901,16.3553,0.0000,0.0667,0.0667,0.0213,0.0000,0.0000,-0.0111,-0.0044,0.0000
0.2000,0.5582,1.0000,0.0181,-0.0184,-71.2210,16.3999,0.0000,0.0705,0.0705,0.0224,0.0000,0.0000,-0.0111,-0.0044,0.0000
0.2000,0.5227,1.0000,0.0097,-0.0184,-71.2715,16.4160,0.0000,0.1056,0.1056,0.0247,0.0000,0.0000,-0.0111,-0.0044,0.0000
0.2000,0.5743,1.0000,0.0013,-0.0214,-71.3070,16.4601,0.0000,0.1145,0.1145,0.0262,0.0000,0.0000,-0.0129,-0.0051,0.0000
0.2000,0.4771,1.0000,-0.0071,-0.0214,-71.3446,16.4929,0.0000,0.1288,0.1288,0.0273,0.0000,0.0000,-0.0129,-0.0051,0.0000
0.1999,0.5333,1.0000,-0.0149,-0.0214,-71.3790,16.5302,0.0000,0.1400,0.1400,0.0279,0.0000,0.0000,-0.0129,-0.0051,0.0000
0.2000,0.5462,1.0000,-0.0065,-0.0182,-71.4086,16.5720,0.0000,0.0195,0.0195,-0.0631,0.0000,0.0000,-0.0110,-0.0044,0.0000
0.2000,0.5189,1.0000,0.0018,-0.0182,-71.4350,16.6205,0.0000,0.0130,0.0130,-0.0634,0.0000,0.0000,-0.0110,-0.0044,0.0000
0.2000,0.5458,1.0000,0.0102,-0.0182,-71.4634,16.6657,0.0000,0.0081,0.0081,-0.0645,0.0000,0.0000,-0.0110,-0.0044,0.0000
0.2000,0.5372,1.0000,0.0166,-0.0202,-71.4832,16.7250,0.0000,-0.0111,-0.0111,-0.0657,0.0000,0.0000,-0.0122,-0.0049,0.0000
0.1999,0.5093,1.0000,0.0250,-0.0202,-71.5107,16.7728,0.0000,-0.0164,-0.0164,-0.0667,0.0000,0.0000,-0.0122,-0.0049,0.0000
0.2000,0.5114,1.0000,0.0191,-0.0173,-71.5365,16.8190,0.0000,-0.0158,-0.0158,0.0749,0.0000,0.0000,-0.0104,-0.0042,0.0000
0.2000,0.4984,1.0000,0.0107,-0.0173,-71.5648,16.8610,0.0000,-0.0111,-0.0111,0.0751,0.0000,0.0000,-0.0104,-0.0042,0.0000
0.2000,0.5209,1.0000,0.0023,-0.0173,-71.5927,16.9012,0.0000,-0.0046,-0.0046,0.0754,0.0000,0.0000,-0.0104,-0.0042,0.0000
0.2000,0.4923,1.0000,-0.0061,-0.0198,-71.6204,16.9466,0.0000,-0.0023,-0.0023,0.0767,0.0000,0.0000,-0.0120,-0.0048,0.0000
0.2000,0.5129,1.0000,-0.0145,-0.0198,-71.6462,16.9903,0.0000,0.0008,0.0008,0.0769,0.0000,0.0000,-0.0120,-0.0048,0.0000
0.2000,0.5510,1.0000,-0.0229,-0.0198,-71.6742,17.0359,0.0000,0.0055,0.0055,0.0772,0.0000,0.0000,-0.0120,-0.0048,0.0000
0.2000,0.5442,1.0000,-0.0298,-0.0184,-71.7033,17.0828,0.0000,-0.0031,-0.0031,0.0123,0.0000,0.0000,-0.0111,-0.0044,0.0000
0.2000,0.4654,1.0000,-0.0347,-0.0184,-71.7268,17.1139,0.0000,-0.0003,-0.0003,0.0110,0.0000,0.0000,-0.0111,-0.0044,0.0000
0.1998,0.4726,1.0000,-0.0307,-0.0184,-71.7495,17.1728,0.0000,-0.0123,-0.0123,0.0099,0.0000,0.0000,-0.0111,-0.0044,0.0000
0.1999,0.5075,1.0000,-0.0282,-0.0213,-71.7744,17.2174,0.0000,-0.0149,-0.0149,0.0082,0.0000,0.0000,-0.0128,-0.0051,0.0000
0.2000,0.5598,1.0000,-0.0212,-0.0213,-71.8048,17.2736,0.0000,-0.0190,-0.0190,0.0063,0.0000,0.0000,-0.0128,-0.0051,0.0000
0.2000,0.5471,1.0000,-0.0128,-0.0213,-71.8292,17.3263,0.0000,-0.0267,-0.0267,0.0039,0.0000,0.0000,-0.0128,-0.0051,0.0000
0.2000,0.7596,1.0000,-0.0044,0.0000,-71.8561,17.3718,0.0000,-0.0102,-0.0102,-0.0038,0.0000,0.0000,0.0000,0.0000,0.0000
0.2000,0.6763,1.0000,0.0040,0.0000,-71.8802,17.4201,0.0000,-0.0159,-0.0159,-0.0052,0.0000,0.0000,0.0000,0.0000,0.0000
0.2000,0.3981,1.0000,0.0124,0.0000,-71.9093,17.4688,0.0000,-0.0170,-0.0170,-0.0075,0.0000,0.0000,0.0000,0.0000,0.0000
0.2000,0.6739,1.0000,0.0208,0.0000,-71.9359,17.5197,0.0000,-0.0226,-0.0226,-0.0077,0.0000,0.0000,0.0000,0.0000,0.0000
0.2000,0.4814,1.0000,0.0292,0.0000,-71.9643,17.5688,0.0000,-0.0241,-0.0241,-0.0084,0.0000,0.0000,0.0000,0.0000,0.0000
0.2000,0.4877,1.0000,0.0208,-0.0000,-71.9930,17.6135,0.0000,-0.0008,-0.0008,-0.0001,0.0000,0.0000,-0.0000,-0.0000,0.0000
0.2000,0.5025,1.0000,0.0125,-0.0000,-72.0257,17.6577,0.0000,0.0039,0.0039,0.0002,0.0000,0.0000,-0.0000,-0.0000,0.0000
0.2000,0.5644,1.0000,0.0041,-0.0000,-72.0550,17.6962,0.0000,0.0086,0.0086,0.0005,0.0000,0.0000,-0.0000,-0.0000,0.0000
0.2000,0.5850,1.0000,-0.0043,-0.0000,-72.0886,17.7427,0.0000,0.0132,0.0132,0.0020,0.0000,0.0000,-0.0000,-0.0000,0.0000
0.2001,0.6028,1.0000,0.0000,-0.0000,-72.1158,17.7845,0.0000,0.0143,0.0143,0.0019,0.0000,0.0000,-0.0000,-0.0000,0.0000
0.2000,0.5167,1.0000,0.0000,-0.0000,-72.1451,17.8266,0.0000,0.0172,0.0172,0.0024,0.0000,0.0000,-0.0000,-0.0000,0.0000
0.2000,0.5280,1.0000,0.0000,-0.0253,-72.1737,17.8694,0.0000,0.0019,0.0019,0.0206,0.0000,0.0000,-0.0152,-0.0061,0.0000
0.2000,0.4971,1.0000,0.0000,-0.0253,-72.1991,17.9103,0.0000,0.0024,0.0024,0.0199,0.0000,0.0000,-0.0152,-0.0061,0.0000
0.2000,0.5774,1.0000,0.0000,-0.0253,-72.2266,17.9543,0.0000,0.0041,0.0041,0.0188,0.0000,0.0000,-0.0152,-0.0061,0.0000
0.2000,0.6043,1.0000,0.0000,-0.0294,-72.2535,17.9976,0.0000,0.0055,0.0055,0.0194,0.0000,0.0000,-0.0177,-0.0071,0.0000
0.2000,0.5562,1.0000,0.0000,-0.0294,-72.2812,18.0415,0.0000,0.0063,0.0063,0.0187,0.0000,0.0000,-0.0177,-0.0071,0.0000
0.2000,0.5702,1.0000,0.0000,-0.0294,-72.3085,18.0857,0.0000,0.0072,0.0072,0.0182,0.0000,0.0000,-0.0177,-0.0071,0.0000
0.2000,0.4726,1.0000,0.0000,-0.0172,-72.3362,18.1297,0.0000,-0.0031,-0.0031,0.0191,0.0000,0.0000,-0.0104,-0.0041,0.0000
0.2000,0.5221,1.0000,0.0000,-0.0172,-72.3633,18.1733,0.0000,-0.0015,-0.0015,0.0191,0.0000,0.0000,-0.0104,-0.0041,0.0000
0.2000,0.4808,1.0000,0.0000,-0.0172,-72.3905,18.2181,0.0000,-0.0013,-0.0013,0.0188,0.0000,0.0000,-0.0104,-0.0041,0.0000
0.2000,0.5570,1.0000,0.0000,-0.0199,-72.4180,18.2627,0.0000,0.0002,0.0002,0.0186,0.0000,0.0000,-0.0120,-0.0048,0.0000
0.2000,0.5427,1.0000,0.0000,-0.0199,-72.4462,18.3083,0.0000,0.0011,0.0011,0.0184,0.0000,0.0000,-0.0120,-0.0048,0.0000
0.2000,0.5436,1.0000,0.0000,-0.0199,-72.4752,18.3540,0.0000,0.0027,0.0027,0.0178,0.0000,0.0000,-0.0120,-0.0048,0.0000
0.2000,0.4845,1.0000,0.0000,-0.0000,-72.5045,18.4002,0.0000,0.0012,0.0012,-0.0006,0.0000,0.0000,-0.0000,-0.0000,0.0000
0.1999,0.5348,1.0000,0.0000,-0.0000,-72.5333,18.4475,0.0000,0.0007,0.0007,-0.0010,0.0000,0.0000,-0.0000,-0.0000,0.0000
0.2000,0.5317,1.0000,0.0000,-0.0000,-72.5488,18.4444,0.0000,0.0157,0.0157,-0.0004,0.0000,0.0000,-0.0000,-0.0000,0.0000
0.2000,0.4934,1.0000,-0.0084,-0.0000,-72.6239,18.4585,0.0000,0.0730,0.0730,0.0028,0.0000,0.0000,-0.0000,-0.0000,0.0000
0.2000,0.4569,1.0000,-0.0168,-0.0000,-72.6574,18.4951,0.0000,0.0823,0.0823,0.0029,0.0000,0.0000,-0.0000,-0.0000,0.0000
0.2000,0.4630,1.0000,-0.0252,-0.0150,-72.6984,18.5296,0.0000,0.0224,0.0224,0.0223,0.0000,0.0000,-0.0090,-0.0036,0.0000
0.2000,0.5321,1.0000,-0.0335,-0.0150,-72.6997,18.5733,0.0000,0.0018,0.0018,0.0213,0.0000,0.0000,-0.0090,-0.0036,0.0000
0.2000,0.4293,1.0000,-0.0419,-0.0150,-72.7084,18.5872,0.0000,0.0012,0.0012,0.0215,0.0000,0.0000,-0.0090,-0.0036,0.0000
0.2000,0.5016,1.0000,-0.0503,-0.0150,-72.7499,18.6068,0.0000,0.0278,0.0278,0.0219,0.0000,0.0000,-0.0090,-0.0036,0.0000
0.2000,0.4688,1.0000,-0.0587,-0.0150,-72.7869,18.6392,0.0000,0.0427,0.0427,0.0214,0.0000,0.0000,-0.0090,-0.0036,0.0000
0.1999,0.4325,1.0000,-0.0671,-0.0209,-72.8121,18.6800,0.0000,0.0097,0.0097,0.0192,0.0000,0.0000,-0.0126,-0.0050,0.0000
0.2000,0.4787,1.0000,-0.0717,-0.0209,-72.8402,18.7166,0.0000,0.0152,0.0152,0.0174,0.0000,0.0000,-0.0126,-0.0050,0.0000
0.2000,0.5375,1.0000,-0.0800,-0.0209,-72.8894,18.7443,0.0000,0.0437,0.0437,0.0166,0.0000,0.0000,-0.0126,-0.0050,0.0000
0.1999,0.4399,1.0000,-0.0884,-0.0209,-72.9192,18.7708,0.0000,0.0548,0.0548,0.0152,0.0000,0.0000,-0.0126,-0.0050,0.0000
0.2000,0.5251,1.0000,-0.0968,-0.0242,-72.9443,18.8084,0.0000,0.0570,0.0570,0.0122,0.0000,0.0000,-0.0146,-0.0058,0.0000
0.2000,0.5265,1.0000,-0.1052,-0.0242,-72.9740,18.8418,0.0000,0.0651,0.0651,0.0103,0.0000,0.0000,-0.0146,-0.0058,0.0000
0.2000,0.5324,1.0000,-0.0968,0.0000,-72.9951,18.8814,0.0000,0.0044,0.0044,-0.0037,0.0000,0.0000,0.0000,0.0000,0.0000
0.2000,0.5324,1.0000,-0.0884,0.0000,-73.0173,18.9216,0.0000,0.0016,0.0016,-0.0071,0.0000,0.0000,0.0000,0.0000,0.0000
0.2000,0.4760,1.0000,-0.0800,0.0000,-73.0399,18.9629,0.0000,-0.0013,-0.0013,-0.0107,0.0000,0.0000,0.0000,0.0000,0.0000
0.1999,0.4486,1.0000,-0.0716,0.0000,-73.0613,19.0050,0.0000,-0.0054,-0.0054,-0.0137,0.0000,0.0000,0.0000,0.0000,0.0000
0.2000,0.4969,1.0000,-0.0632,0.0000,-73.0827,19.0482,0.0000,-0.0111,-0.0111,-0.0180,0.0000,0.0000,0.0000,0.0000,0.0000
0.2000,0.4670,1.0000,-0.0548,0.0000,-73.1039,19.0918,0.0000,-0.0159,-0.0159,-0.0204,0.0000,0.0000,0.0000,0.0000,0.0000
0.2000,0.5335,1.0000,-0.0464,0.0000,-73.1262,19.1353,0.0000,-0.0077,-0.0077,-0.0049,0.0000,0.0000,0.0000,0.0000,0.0000
0.2000,0.5032,1.0000,-0.0381,0.0000,-73.1479,19.1801,0.0000,-0.0123,-0.0123,-0.0082,0.0000,0.0000,0.0000,0.0000,0.0000
0.2000,0.5522,1.0000,-0.0297,0.0000,-73.1688,19.2261,0.0000,-0.0183,-0.0183,-0.0104,0.0000,0.0000,0.0000,0.0000,0.0000
0.2000,0.5049,1.0000,-0.0213,0.0000,-73.1917,19.2726,0.0000,-0.0223,-0.0223,-0.0128,0.0000,0.0000,0.0000,0.0000,0.0000
0.2000,0.5532,1.0000,-0.0129,0.0000,-73.2155,19.3187,0.0000,-0.0260,-0.0260,-0.0150,0.0000,0.0000,0.0000,0.0000,0.0000
0.2000,0.5602,1.0000,-0.0045,-0.0000,-73.2401,19.3654,0.0000,-0.0048,-0.0048,-0.0040,0.0000,0.0000,-0.0000,-0.0000,0.0000
0.2000,0.5935,1.0000,0.0039,-0.0000,-73.2645,19.4137,0.0000,-0.0080,-0.0080,-0.0055,0.0000,0.0000,-0.0000,-0.0000,0.0000
0.2000,0.6307,1.0000,0.0123,-0.0000,-73.2894,19.4628,0.0000,-0.0111,-0.0111,-0.0067,0.0000,0.0000,-0.0000,-0.0000,0.0000
0.2001,0.5914,1.0000,0.0207,-0.0000,-73.3150,19.5118,0.0000,-0.0131,-0.0131,-0.0074,0.0000,0.0000,-0.0000,-0.0000,0.0000
0.2000,0.5542,1.0000,0.0259,-0.0000,-73.3411,19.5595,0.0000,-0.0139,-0.0139,-0.0080,0.0000,0.0000,-0.0000,-0.0000,0.0000
0.2000,0.5578,1.0000,0.0343,-0.0000,-73.3469,19.6131,0.0000,-0.0355,-0.0355,-0.0084,0.0000,0.0000,-0.0000,-0.0000,0.0000
0.2000,0.5233,1.0000,0.0259,-0.0318,-73.3575,19.6728,0.0000,-0.0444,-0.0444,0.0242,0.0000,0.0000,-0.0192,-0.0077,0.0000
0.1999,0.5102,1.0000,0.0215,-0.0318,-73.3546,19.7478,0.0000,-0.0823,-0.0823,0.0230,0.0000,0.0000,-0.0192,-0.0077,0.0000
0.2000,0.5190,1.0000,0.0291,-0.0318,-73.3701,19.8016,0.0000,-0.0936,-0.0936,0.0224,0.0000,0.0000,-0.0192,-0.0077,0.0000
0.1999,0.5227,1.0000,0.0207,-0.0370,-73.4007,19.8404,0.0000,-0.0841,-0.0841,0.0238,0.0000,0.0000,-0.0223,-0.0089,0.0000
0.2000,0.5801,1.0000,0.0240,-0.0370,-73.4253,19.8844,0.0000,-0.0821,-0.0821,0.0239,0.0000,0.0000,-0.0223,-0.0089,0.0000
0.2000,0.5514,1.0000,0.0211,-0.0370,-73.4478,19.9290,0.0000,-0.0830,-0.0830,0.0247,0.0000,0.0000,-0.0223,-0.0089,0.0000
0.2000,0.5896,1.0000,0.0295,0.0000,-73.4708,19.9738,0.0000,-0.0032,-0.0032,0.0015,0.0000,0.0000,0.0000,0.0000,0.0000
0.2000,0.5096,1.0000,0.0211,0.0000,-73.4936,20.0168,0.0000,-0.0039,-0.0039,0.0026,0.0000,0.0000,0.0000,0.0000,0.0000
0.1999,0.4363,1.0000,0.0127,0.0000,-73.5177,20.0612,0.0000,-0.0046,-0.0046,0.0019,0.0000,0.0000,0.0000,0.0000,0.0000
0.2000,0.5077,1.0000,0.0046,0.0000,-73.5423,20.1043,0.0000,-0.0039,-0.0039,0.0023,0.0000,0.0000,0.0000,0.0000,0.0000
0.1999,0.5252,1.0000,0.0000,0.0000,-73.5676,20.1500,0.0000,-0.0036,-0.0036,0.0034,0.0000,0.0000,0.0000,0.0000,0.0000
0.1999,0.4882,1.0000,0.0000,0.0000,-73.5925,20.1956,0.0000,-0.0040,-0.0040,0.0038,0.0000,0.0000,0.0000,0.0000,0.0000
0.1999,0.5194,1.0000,0.0000,0.0000,-73.6183,20.2424,0.0000,-0.0008,-0.0008,0.0007,0.0000,0.0000,0.0000,0.0000,0.0000
0.2001,0.6010,1.0000,0.0000,0.0000,-73.6437,20.2896,0.0000,-0.0019,-0.0019,0.0000,0.0000,0.0000,0.0000,0.0000,0.0000
0.2001,0.6259,1.0000,0.0000,0.0000,-73.6688,20.3346,0.0000,-0.0020,-0.0020,-0.0005,0.0000,0.0000,0.0000,0.0000,0.0000
0.1999,0.4767,1.0000,0.0000,0.0000,-73.6934,20.3815,0.0000,-0.0034,-0.0034,0.0000,0.0000,0.0000,0.0000,0.0000,0.0000
0.2000,0.5625,1.0000,0.0000,0.0000,-73.7173,20.4285,0.0000,-0.0054,-0.0054,0.0001,0.0000,0.0000,0.0000,0.0000,0.0000
0.2000,0.6373,1.0000,0.0000,-0.0173,-73.7416,20.4767,0.0000,-0.0034,-0.0034,-0.0147,0.0000,0.0000,-0.0104,-0.0042,0.0000
0.2000,0.5486,1.0000,0.0000,-0.0173,-73.7669,20.5244,0.0000,-0.0048,-0.0048,-0.0148,0.0000,0.0000,-0.0104,-0.0042,0.0000
0.2000,0.5464,1.0000,0.0000,-0.0173,-73.7929,20.5721,0.0000,-0.0064,-0.0064,-0.0152,0.0000,0.0000,-0.0104,-0.0042,0.0000
0.2000,0.5750,1.0000,0.0000,-0.0194,-73.8179,20.6211,0.0000,-0.0096,-0.0096,-0.0154,0.0000,0.0000,-0.0117,-0.0047,0.0000
0.2000,0.6394,1.0000,0.0000,-0.0194,-73.8430,20.6717,0.0000,-0.0136,-0.0136,-0.0152,0.0000,0.0000,-0.0117,-0.0047,0.0000
0.2000,0.5224,1.0000,0.0000,-0.0194,-73.8683,20.7221,0.0000,-0.0163,-0.0163,-0.0158,0.0000,0.0000,-0.0117,-0.0047,0.0000
0.2000,0.5902,1.0000,-0.0038,-0.0149,-73.8975,20.7717,0.0000,-0.0074,-0.0074,0.0656,0.0000,0.0000,-0.0090,-0.0036,0.0000
0.2000,0.5453,1.0000,-0.0122,-0.0149,-73.9335,20.8041,0.0000,0.0097,0.0097,0.0653,0.0000,0.0000,-0.0090,-0.0036,0.0000
0.2000,0.5252,1.0000,-0.0206,-0.0149,-73.9590,20.8442,0.0000,0.0149,0.0149,0.0655,0.0000,0.0000,-0.0090,-0.0036,0.0000
0.2000,0.5405,1.0000,-0.0290,-0.0169,-73.9815,20.8825,0.0000,0.0194,0.0194,0.0656,0.0000,0.0000,-0.0102,-0.0041,0.0000
0.2000,0.6464,1.0000,-0.0374,-0.0169,-74.0101,20.9267,0.0000,0.0297,0.0297,0.0656,0.0000,0.0000,-0.0102,-0.0041,0.0000
0.2000,0.4660,1.0000,-0.0458,-0.0169,-74.0350,20.9792,0.0000,0.0234,0.0234,0.0643,0.0000,0.0000,-0.0102,-0.0041,0.0000
0.2000,0.4540,1.0000,-0.0377,-0.0173,-73.9876,21.0909,0.0000,-0.0928,-0.0928,-0.0663,0.0000,0.0000,-0.0104,-0.0042,0.0000
0.2000,0.4756,1.0000,-0.0293,-0.0173,-73.9748,21.1499,0.0000,-0.1368,-0.1368,-0.0695,0.0000,0.0000,-0.0104,-0.0042,0.0000
0.2000,0.5136,1.0000,-0.0211,-0.0173,-74.0142,21.1884,0.0000,-0.1257,-0.1257,-0.0701,0.0000,0.0000,-0.0104,-0.0042,0.0000
0.2000,0.4662,1.0000,-0.0147,-0.0192,-74.0327,21.2289,0.0000,-0.1310,-0.1310,-0.0730,0.0000,0.0000,-0.0116,-0.0046,0.0000
0.2000,0.4716,1.0000,-0.0063,-0.0192,-74.0600,21.2690,0.0000,-0.1300,-0.1300,-0.0740,0.0000,0.0000,-0.0116,-0.0046,0.0000
0.2000,0.4612,1.0000,0.0021,-0.0192,-74.0826,21.3197,0.0000,-0.1383,-0.1383,-0.0762,0.0000,0.0000,-0.0116,-0.0046,0.0000
0.1999,0.3816,1.0000,0.0105,-0.0177,-74.0995,21.3721,0.0000,-0.0034,-0.0034,-0.0606,0.0000,0.0000,-0.0107,-0.0043,0.0000
0.1999,0.4855,1.0000,0.0189,-0.0177,-74.1195,21.4217,0.0000,-0.0159,-0.0159,-0.0623,0.0000,0.0000,-0.0107,-0.0043,0.0000
0.1999,0.5110,1.0000,0.0273,-0.0177,-74.1425,21.4688,0.0000,-0.0219,-0.0219,-0.0624,0.0000,0.0000,-0.0107,-0.0043,0.0000
0.1999,0.5163,1.0000,0.0336,-0.0197,-74.1660,21.5167,0.0000,-0.0271,-0.0271,-0.0624,0.0000,0.0000,-0.0119,-0.0047,0.0000
0.1999,0.4401,1.0000,0.0419,-0.0197,-74.1906,21.5655,0.0000,-0.0294,-0.0294,-0.0626,0.0000,0.0000,-0.0119,-0.0047,0.0000
0.2000,0.5598,1.0000,0.0335,-0.0301,-74.2161,21.6135,0.0000,-0.0057,-0.0057,0.0430,0.0000,0.0000,-0.0181,-0.0072,0.0000
0.2000,0.6200,1.0000,0.0251,-0.0301,-74.2419,21.6622,0.0000,-0.0021,-0.0021,0.0435,0.0000,0.0000,-0.0181,-0.0072,0.0000
0.2000,0.5020,1.0000,0.0167,-0.0301,-74.2681,21.7115,0.0000,-0.0021,-0.0021,0.0445,0.0000,0.0000,-0.0181,-0.0072,0.0000
0.2000,0.5700,1.0000,0.0083,-0.0358,-74.3035,21.7723,0.0000,0.0054,0.0054,0.0458,0.0000,0.0000,-0.0215,-0.0086,0.0000
0.2000,0.5391,1.0000,-0.0001,-0.0358,-74.3328,21.8235,0.0000,0.0092,0.0092,0.0463,0.0000,0.0000,-0.0215,-0.0086,0.0000
0.2000,0.5574,1.0000,0.0083,-0.0000,-74.3631,21.8737,0.0000,0.0048,0.0048,0.0009,0.0000,0.0000,-0.0000,-0.0000,0.0000
0.2000,0.5364,1.0000,-0.0001,-0.0000,-74.3928,21.9243,0.0000,0.0071,0.0071,0.0011,0.0000,0.0000,-0.0000,-0.0000,0.0000
0.2000,0.5622,1.0000,-0.0055,-0.0000,-74.4216,21.9757,0.0000,0.0081,0.0081,0.0008,0.0000,0.0000,-0.0000,-0.0000,0.0000
0.1999,0.4953,1.0000,-0.0073,-0.0000,-74.4494,22.0279,0.0000,0.0080,0.0080,0.0010,0.0000,0.0000,-0.0000,-0.0000,0.0000
0.2000,0.5770,1.0000,0.0000,-0.0000,-74.4780,22.0775,0.0000,0.0099,0.0099,0.0013,0.0000,0.0000,-0.0000,-0.0000,0.0000
0.2001,0.6167,1.0000,0.0000,-0.0000,-74.5075,22.1274,0.0000,0.0119,0.0119,0.0000,0.0000,0.0000,-0.0000,-0.0000,0.0000
0.2000,0.5688,1.0000,-0.0084,-0.0227,-74.5364,22.1760,0.0000,0.0012,0.0012,0.0298,0.0000,0.0000,-0.0137,-0.0055,0.0000
0.2000,0.5772,1.0000,-0.0168,-0.0227,-74.5642,22.2238,0.0000,0.0046,0.0046,0.0288,0.0000,0.0000,-0.0137,-0.0055,0.0000
0.2000,0.4817,1.0000,-0.0252,-0.0227,-74.5913,22.2706,0.0000,0.0068,0.0068,0.0297,0.0000,0.0000,-0.0137,-0.0055,0.0000
0.2000,0.5811,1.0000,-0.0336,-0.0267,-74.6199,22.3162,0.0000,0.0132,0.0132,0.0288,0.0000,0.0000,-0.0161,-0.0064,0.0000
0.2000,0.5256,1.0000,-0.0420,-0.0267,-74.6485,22.3620,0.0000,0.0174,0.0174,0.0282,0.0000,0.0000,-0.0161,-0.0064,0.0000
0.2000,0.4994,1.0000,-0.0336,-0.0128,-74.6769,22.4070,0.0000,0.0158,0.0158,-0.0628,0.0000,0.0000,-0.0077,-0.0031,0.0000
0.2000,0.5231,1.0000,-0.0252,-0.0128,-74.7043,22.4520,0.0000,0.0143,0.0143,-0.0642,0.0000,0.0000,-0.0077,-0.0031,0.0000
0.2000,0.4699,1.0000,-0.0168,-0.0128,-74.7313,22.4975,0.0000,0.0147,0.0147,-0.0660,0.0000,0.0000,-0.0077,-0.0031,0.0000
0.1999,0.3269,1.0000,-0.0085,-0.0128,-74.7624,22.5431,0.0000,0.0216,0.0216,-0.0681,0.0000,0.0000,-0.0077,-0.0031,0.0000
0.2000,0.4943,1.0000,-0.0014,-0.0140,-74.7913,22.5884,0.0000,0.0163,0.0163,-0.0697,0.0000,0.0000,-0.0085,-0.0034,0.0000
0.2000,0.5377,1.0000,0.0045,0.0000,-74.8210,22.6364,0.0000,0.0076,0.0076,-0.0031,0.0000,0.0000,0.0000,0.0000,0.0000
0.1998,0.4682,1.0000,0.0007,0.0000,-74.8507,22.6839,0.0000,0.0117,0.0117,-0.0035,0.0000,0.0000,0.0000,0.0000,0.0000
0.1999,0.5380,1.0000,-0.0031,0.0000,-74.8804,22.7312,0.0000,0.0156,0.0156,-0.0042,0.0000,0.0000,0.0000,0.0000,0.0000
0.1999,0.5307,1.0000,-0.0059,0.0000,-74.9103,22.7791,0.0000,0.0196,0.0196,-0.0049,0.0000,0.0000,0.0000,0.0000,0.0000
0.2000,0.4378,1.0000,-0.0086,0.0000,-74.9419,22.8260,0.0000,0.0258,0.0258,-0.0053,0.0000,0.0000,0.0000,0.0000,0.0000
0.2000,0.4973,1.0000,-0.0002,-0.0000,-74.9193,22.8668,0.0000,-0.0328,-0.0328,-0.0012,0.0000,0.0000,-0.0000,-0.0000,0.0000
0.1999,0.4274,1.0000,0.0082,-0.0000,-74.9471,22.9148,0.0000,-0.0302,-0.0302,-0.0011,0.0000,0.0000,-0.0000,-0.0000,0.0000
0.2000,0.5418,1.0000,0.0166,-0.0000,-74.9748,22.9637,0.0000,-0.0285,-0.0285,-0.0020,0.0000,0.0000,-0.0000,-0.0000,0.0000
0.1999,0.4850,1.0000,0.0203,-0.0000,-75.0208,23.0407,0.0000,-0.0232,-0.0232,-0.0020,0.0000,0.0000,-0.0000,-0.0000,0.0000
0.1999,0.5305,1.0000,0.0212,-0.0000,-75.0528,23.0913,0.0000,-0.0184,-0.0184,-0.0025,0.0000,0.0000,-0.0000,-0.0000,0.0000
0.2001,0.6140,1.0000,0.0206,-0.0000,-75.1020,23.1696,0.0000,-0.0111,-0.0111,-0.0029,0.0000,0.0000,-0.0000,-0.0000,0.0000
0.2000,0.5199,1.0000,0.0122,-0.0106,-75.1353,23.2240,0.0000,0.0127,0.0127,-0.0045,0.0000,0.0000,-0.0064,-0.0026,0.0000
0.2000,0.5567,1.0000,0.0038,-0.0106,-75.1683,23.2780,0.0000,0.0170,0.0170,-0.0041,0.0000,0.0000,-0.0064,-0.0026,0.0000
0.2000,0.5482,1.0000,-0.0046,-0.0124,-75.2017,23.3330,0.0000,0.0211,0.0211,-0.0037,0.0000,0.0000,-0.0075,-0.0030,0.0000
0.2000,0.5856,1.0000,-0.0129,-0.0124,-75.2358,23.3865,0.0000,0.0266,0.0266,-0.0036,0.0000,0.0000,-0.0075,-0.0030,0.0000
0.2000,0.5226,1.0000,-0.0213,-0.0124,-75.2701,23.4396,0.0000,0.0326,0.0326,-0.0028,0.0000,0.0000,-0.0075,-0.0030,0.0000
0.2000,0.5591,1.0000,-0.0129,0.0000,-75.3039,23.4919,0.0000,0.0119,0.0119,0.0001,0.0000,0.0000,0.0000,0.0000,0.0000
0.1999,0.5314,1.0000,-0.0140,0.0000,-75.3362,23.5433,0.0000,0.0168,0.0168,-0.0002,0.0000,0.0000,0.0000,0.0000,0.0000
0.1999,0.5314,1.0000,-0.0161,0.0000,-75.3684,23.5944,0.0000,0.0216,0.0216,-0.0011,0.0000,0.0000,0.0000,0.0000,0.0000
0.2000,0.5452,1.0000,-0.0183,0.0000,-75.4004,23.6450,0.0000,0.0264,0.0264,-0.0024,0.0000,0.0000,0.0000,0.0000,0.0000
0.1999,0.5285,1.0000,-0.0215,0.0000,-75.4314,23.6940,0.0000,0.0313,0.0313,-0.0024,0.0000,0.0000,0.0000,0.0000,0.0000
0.2000,0.4801,1.0000,-0.0131,0.0000,-75.4637,23.7435,0.0000,0.0107,0.0107,-0.0019,0.0000,0.0000,0.0000,0.0000,0.0000
0.1999,0.4955,1.0000,-0.0119,0.0000,-75.4955,23.7920,0.0000,0.0167,0.0167,-0.0018,0.0000,0.0000,0.0000,0.0000,0.0000
0.2000,0.4500,1.0000,-0.0130,0.0000,-75.5277,23.8401,0.0000,0.0231,0.0231,-0.0029,0.0000,0.0000,0.0000,0.0000,0.0000
0.1999,0.4763,1.0000,-0.0150,0.0000,-75.5597,23.8889,0.0000,0.0289,0.0289,-0.0040,0.0000,0.0000,0.0000,0.0000,0.0000
0.1999,0.5001,1.0000,-0.0199,0.0000,-75.5949,23.9375,0.0000,0.0377,0.0377,-0.0046,0.0000,0.0000,0.0000,0.0000,0.0000
0.1999,0.5112,1.0000,-0.0151,-0.0000,-75.6305,23.9871,0.0000,0.0178,0.0178,-0.0024,0.0000,0.0000,-0.0000,-0.0000,0.0000
0.1999,0.4877,1.0000,-0.0158,-0.0000,-75.6655,24.0368,0.0000,0.0262,0.0262,-0.0032,0.0000,0.0000,-0.0000,-0.0000,0.0000
0.1999,0.5210,1.0000,-0.0206,-0.0000,-75.7009,24.0860,0.0000,0.0351,0.0351,-0.0038,0.0000,0.0000,-0.0000,-0.0000,0.0000
0.2000,0.4068,1.0000,-0.0229,-0.0000,-75.7335,24.1365,0.0000,0.0412,0.0412,-0.0046,0.0000,0.0000,-0.0000,-0.0000,0.0000
0.1999,0.5082,1.0000,-0.0277,-0.0000,-75.7675,24.1856,0.0000,0.0486,0.0486,-0.0061,0.0000,0.0000,-0.0000,-0.0000,0.0000
0.1999,0.4365,1.0000,-0.0193,-0.0001,-75.8055,24.2351,0.0000,0.0252,0.0252,-0.0394,0.0000,0.0000,-0.0000,-0.0000,0.0000
0.2000,0.5447,1.0000,-0.0109,-0.0001,-75.8410,24.2846,0.0000,0.0300,0.0300,-0.0403,0.0000,0.0000,-0.0000,-0.0000,0.0000
0.2000,0.5300,1.0000,-0.0025,0.0005,-75.8782,24.3354,0.0000,0.0378,0.0378,-0.0421,0.0000,0.0000,0.0003,0.0001,0.0000
0.2000,0.3702,1.0000,0.0053,-0.0001,-75.9137,24.3885,0.0000,0.0466,0.0466,-0.0425,0.0000,0.0000,-0.0000,-0.0000,0.0000
0.2000,0.6019,1.0000,0.0137,0.0005,-75.9526,24.4414,0.0000,0.0497,0.0497,-0.0442,0.0000,0.0000,0.0003,0.0001,0.0000
0.2000,0.4278,1.0000,0.0221,0.0005,-75.9946,24.4956,0.0000,0.0639,0.0639,-0.0450,0.0000,0.0000,0.0003,0.0001,0.0000
0.1999,0.4278,1.0000,0.0174,-0.0126,-76.0380,24.5497,0.0000,0.0403,0.0403,-0.0824,0.0000,0.0000,-0.0076,-0.0030,0.0000
0.1999,0.5312,1.0000,0.0257,-0.0126,-76.0518,24.5936,0.0000,0.0252,0.0252,-0.0830,0.0000,0.0000,-0.0076,-0.0030,0.0000
0.2000,0.5937,1.0000,0.0333,-0.0135,-76.0948,24.6478,0.0000,0.0315,0.0315,-0.0829,0.0000,0.0000,-0.0081,-0.0033,0.0000
0.1999,0.5121,1.0000,0.0417,-0.0135,-76.1365,24.7014,0.0000,0.0431,0.0431,-0.0827,0.0000,0.0000,-0.0081,-0.0033,0.0000
0.2000,0.5742,1.0000,0.0501,-0.0135,-76.1789,24.7552,0.0000,0.0492,0.0492,-0.0824,0.0000,0.0000,-0.0081,-0.0033,0.0000
0.2001,0.5937,1.0000,0.0538,-0.0179,-76.1902,24.7603,0.0000,0.0300,0.0300,-0.0607,0.0000,0.0000,-0.0108,-0.0043,0.0000
0.2000,0.5068,1.0000,0.0622,-0.0179,-76.1682,24.7728,0.0000,0.0075,0.0075,-0.0602,0.0000,0.0000,-0.0108,-0.0043,0.0000
0.2000,0.5682,1.0000,0.0706,-0.0179,-76.2068,24.8198,0.0000,0.0159,0.0159,-0.0596,0.0000,0.0000,-0.0108,-0.0043,0.0000
0.2000,0.4697,1.0000,0.0774,-0.0179,-76.2455,24.8655,0.0000,0.0301,0.0301,-0.0580,0.0000,0.0000,-0.0108,-0.0043,0.0000
0.2000,0.4713,1.0000,0.0767,-0.0179,-76.2841,24.9070,0.0000,0.0431,0.0431,-0.0572,0.0000,0.0000,-0.0108,-0.0043,0.0000
0.2000,0.6157,1.0000,0.0851,0.0000,-76.3220,24.9487,0.0000,0.0323,0.0323,0.0031,0.0000,0.0000,0.0000,0.0000,0.0000
0.1999,0.4371,1.0000,0.0767,0.0000,-76.3598,24.9904,0.0000,0.0475,0.0475,0.0042,0.0000,0.0000,0.0000,0.0000,0.0000
0.2000,0.4880,1.0000,0.0684,0.0000,-76.3983,25.0309,0.0000,0.0646,0.0646,0.0063,0.0000,0.0000,0.0000,0.0000,0.0000
0.1999,0.4403,1.0000,0.0600,0.0000,-76.4380,25.0723,0.0000,0.0819,0.0819,0.0080,0.0000,0.0000,0.0000,0.0000,0.0000
0.2000,0.4774,1.0000,0.0516,0.0000,-76.4782,25.1116,0.0000,0.1010,0.1010,0.0101,0.0000,0.0000,0.0000,0.0000,0.0000
0.1999,0.4268,1.0000,0.0432,0.0000,-76.5211,25.1510,0.0000,0.1218,0.1218,0.0111,0.0000,0.0000,0.0000,0.0000,0.0000
0.2000,0.5244,1.0000,0.0360,-0.0155,-76.5653,25.1894,0.0000,0.0510,0.0510,-0.0610,0.0000,0.0000,-0.0094,-0.0037,0.0000
0.1998,0.4745,1.0000,0.0368,-0.0155,-76.6088,25.2271,0.0000,0.0710,0.0710,-0.0595,0.0000,0.0000,-0.0094,-0.0037,0.0000
0.2000,0.4288,1.0000,0.0286,-0.0155,-76.6520,25.2651,0.0000,0.0902,0.0902,-0.0587,0.0000,0.0000,-0.0094,-0.0037,0.0000
0.2000,0.5070,1.0000,0.0202,-0.0172,-76.6962,25.3029,0.0000,0.1069,0.1069,-0.0578,0.0000,0.0000,-0.0104,-0.0041,0.0000
0.2000,0.3751,1.0000,0.0118,-0.0172,-76.7410,25.3383,0.0000,0.1313,0.1313,-0.0569,0.0000,0.0000,-0.0104,-0.0041,0.0000
0.2000,0.5207,1.0000,0.0034,-0.0172,-76.7862,25.3727,0.0000,0.1488,0.1488,-0.0560,0.0000,0.0000,-0.0104,-0.0041,0.0000
0.1999,0.5033,1.0000,-0.0050,-0.0194,-76.8323,25.4085,0.0000,0.0392,0.0392,0.0691,0.0000,0.0000,-0.0117,-0.0047,0.0000
0.2000,0.5180,1.0000,-0.0134,-0.0194,-76.8777,25.4425,0.0000,0.0680,0.0680,0.0702,0.0000,0.0000,-0.0117,-0.0047,0.0000
0.2000,0.5425,1.0000,-0.0218,-0.0194,-76.9254,25.4751,0.0000,0.0994,0.0994,0.0698,0.0000,0.0000,-0.0117,-0.0047,0.0000
0.1999,0.4374,1.0000,-0.0301,-0.0194,-76.9740,25.5057,0.0000,0.1280,0.1280,0.0694,0.0000,0.0000,-0.0117,-0.0047,0.0000
0.2000,0.4757,1.0000,-0.0385,-0.0221,-77.0235,25.5366,0.0000,0.1622,0.1622,0.0690,0.0000,0.0000,-0.0133,-0.0053,0.0000
0.2000,0.5200,1.0000,-0.0301,0.0000,-77.0731,25.5683,0.0000,0.0585,0.0585,-0.0015,0.0000,0.0000,0.0000,0.0000,0.0000
0.2000,0.5242,1.0000,-0.0384,0.0000,-77.1226,25.5979,0.0000,0.0884,0.0884,-0.0027,0.0000,0.0000,0.0000,0.0000,0.0000
0.1999,0.5194,1.0000,-0.0468,0.0000,-77.1730,25.6288,0.0000,0.1185,0.1185,-0.0038,0.0000,0.0000,0.0000,0.0000,0.0000
0.2000,0.5584,1.0000,-0.0552,0.0000,-77.2247,25.6567,0.0000,0.1507,0.1507,-0.0062,0.0000,0.0000,0.0000,0.0000,0.0000
0.2000,0.5618,1.0000,-0.0636,0.0000,-77.2762,25.6812,0.0000,0.1848,0.1848,-0.0070,0.0000,0.0000,0.0000,0.0000,0.0000
0.1999,0.5035,1.0000,-0.0720,0.0000,-77.3292,25.7031,0.0000,0.2211,0.2211,-0.0097,0.0000,0.0000,0.0000,0.0000,0.0000
0.2000,0.5801,1.0000,-0.0804,-0.0000,-77.3818,25.7230,0.0000,0.0738,0.0738,-0.0040,0.0000,0.0000,-0.0000,-0.0000,0.0000
0.2000,0.5793,1.0000,-0.0888,-0.0000,-77.4351,25.7382,0.0000,0.1136,0.1136,-0.0063,0.0000,0.0000,-0.0000,-0.0000,0.0000
0.2000,0.4542,1.0000,-0.0972,-0.0000,-77.4891,25.7515,0.0000,0.1554,0.1554,-0.0085,0.0000,0.0000,-0.0000,-0.0000,0.0000
0.2000,0.4829,1.0000,-0.1056,-0.0000,-77.5441,25.7644,0.0000,0.1978,0.1978,-0.0107,0.0000,0.0000,-0.0000,-0.0000,0.0000
0.2000,0.5384,1.0000,-0.1140,-0.0000,-77.5995,25.7765,0.0000,0.2405,0.2405,-0.0138,0.0000,0.0000,-0.0000,-0.0000,0.0000
0.1999,0.4375,1.0000,-0.1223,-0.0000,-77.6567,25.7862,0.0000,0.2870,0.2870,-0.0168,0.0000,0.0000,-0.0000,-0.0000,0.0000
0.2000,0.4419,1.0000,-0.1307,-0.0268,-77.7175,25.7941,0.0000,0.0958,0.0958,-0.0034,0.0000,0.0000,-0.0162,-0.0065,0.0000
0.2000,0.4991,1.0000,-0.1307,-0.0268,-77.7802,25.8006,0.0000,0.1482,0.1482,-0.0072,0.0000,0.0000,-0.0162,-0.0065,0.0000
0.2000,0.5357,1.0000,-0.1391,-0.0268,-77.8448,25.8062,0.0000,0.2024,0.2024,-0.0111,0.0000,0.0000,-0.0162,-0.0065,0.0000
0.2000,0.5035,1.0000,-0.1475,-0.0268,-77.9118,25.8100,0.0000,0.2599,0.2599,-0.0157,0.0000,0.0000,-0.0162,-0.0065,0.0000
0.2000,0.5176,1.0000,-0.1559,-0.0268,-77.9816,25.8131,0.0000,0.3198,0.3198,-0.0206,0.0000,0.0000,-0.0162,-0.0065,0.0000
0.2000,0.5835,1.0000,-0.1475,-0.0152,-78.0525,25.8159,0.0000,0.1199,0.1199,0.0063,0.0000,0.0000,-0.0092,-0.0037,0.0000
0.2000,0.5029,1.0000,-0.1391,-0.0152,-78.1253,25.8179,0.0000,0.1836,0.1836,0.0006,0.0000,0.0000,-0.0092,-0.0037,0.0000
0.2000,0.6385,1.0000,-0.1436,-0.0152,-78.1995,25.8188,0.0000,0.2494,0.2494,-0.0042,0.0000,0.0000,-0.0092,-0.0037,0.0000
0.2000,0.5142,1.0000,-0.1520,-0.0152,-78.2776,25.8176,0.0000,0.3196,0.3196,-0.0110,0.0000,0.0000,-0.0092,-0.0037,0.0000
0.2000,0.5097,1.0000,-0.1603,-0.0152,-78.3586,25.8133,0.0000,0.3940,0.3940,-0.0154,0.0000,0.0000,-0.0092,-0.0037,0.0000
0.2000,0.5452,1.0000,-0.1519,0.0000,-78.4418,25.8079,0.0000,0.1516,0.1516,-0.0096,0.0000,0.0000,0.0000,0.0000,0.0000
0.2000,0.5120,1.0000,-0.1435,0.0000,-78.5277,25.8001,0.0000,0.2321,0.2321,-0.0151,0.0000,0.0000,0.0000,0.0000,0.0000
0.2000,0.5472,1.0000,-0.1351,0.0000,-78.6203,25.7894,0.0000,0.3193,0.3193,-0.0208,0.0000,0.0000,0.0000,0.0000,0.0000
0.2000,0.6073,1.0000,-0.1425,0.0000,-78.7152,25.7796,0.0000,0.4075,0.4075,-0.0275,0.0000,0.0000,0.0000,0.0000,0.0000
0.2000,0.5826,1.0000,-0.1509,0.0000,-78.8146,25.7662,0.0000,0.5027,0.5027,-0.0324,0.0000,0.0000,0.0000,0.0000,0.0000
0.2000,0.5334,1.0000,-0.1593,0.0000,-78.9190,25.7500,0.0000,0.6041,0.6041,-0.0381,0.0000,0.0000,0.0000,0.0000,0.0000
0.2000,0.5843,1.0000,-0.1571,-0.0065,-79.0292,25.7300,0.0000,0.2156,0.2156,-0.0482,0.0000,0.0000,-0.0039,-0.0016,0.0000
0.2000,0.6000,1.0000,-0.1487,-0.0065,-79.1455,25.7079,0.0000,0.3289,0.3289,-0.0532,0.0000,0.0000,-0.0039,-0.0016,0.0000
0.2000,0.4992,1.0000,-0.1403,-0.0065,-79.2667,25.6832,0.0000,0.4510,0.4510,-0.0587,0.0000,0.0000,-0.0039,-0.0016,0.0000
0.2000,0.5868,1.0000,-0.1486,-0.0065,-79.3934,25.6542,0.0000,0.5743,0.5743,-0.0643,0.0000,0.0000,-0.0039,-0.0016,0.0000
0.2000,0.5815,1.0000,-0.1570,-0.0065,-79.5240,25.6226,0.0000,0.7051,0.7051,-0.0695,0.0000,0.0000,-0.0039,-0.0016,0.0000
0.2000,0.5487,1.0000,-0.1654,-0.0065,-79.6638,25.5877,0.0000,0.8468,0.8468,-0.0742,0.0000,0.0000,-0.0039,-0.0016,0.0000
0.2000,0.5745,1.0000,-0.1570,-0.0064,-79.8119,25.5481,0.0000,0.3032,0.3032,-0.0646,0.0000,0.0000,-0.0039,-0.0015,0.0000
0.2000,0.4969,1.0000,-0.1486,-0.0064,-79.9680,25.5076,0.0000,0.4638,0.4638,-0.0699,0.0000,0.0000,-0.0039,-0.0015,0.0000
0.2000,0.5803,1.0000,-0.1548,-0.0064,-80.1311,25.4676,0.0000,0.6252,0.6252,-0.0744,0.0000,0.0000,-0.0039,-0.0015,0.0000
0.2000,0.4902,1.0000,-0.1632,-0.0064,-80.3050,25.4260,0.0000,0.8033,0.8033,-0.0803,0.0000,0.0000,-0.0039,-0.0015,0.0000
0.2000,0.4841,1.0000,-0.1715,-0.0064,-80.4913,25.3842,0.0000,0.9900,0.9900,-0.0853,0.0000,0.0000,-0.0039,-0.0015,0.0000
0.2000,0.4976,1.0000,-0.1710,-0.0143,-80.6897,25.3395,0.0000,0.4179,0.4179,-0.1685,0.0000,0.0000,-0.0086,-0.0034,0.0000
0.2000,0.4425,1.0000,-0.1626,-0.0143,-80.9001,25.2995,0.0000,0.6263,0.6263,-0.1733,0.0000,0.0000,-0.0086,-0.0034,0.0000
0.2000,0.5418,1.0000,-0.1548,-0.0150,-81.1183,25.2616,0.0000,0.8269,0.8269,-0.1790,0.0000,0.0000,-0.0091,-0.0036,0.0000
0.2000,0.4927,1.0000,-0.1608,-0.0150,-81.3522,25.2276,0.0000,1.0000,1.0526,-0.1853,0.0000,0.0000,-0.0091,-0.0036,0.0000
0.1999,0.4401,1.0000,-0.1692,-0.0150,-81.6003,25.1983,0.0000,1.0000,1.2894,-0.1909,0.0000,0.0000,-0.0091,-0.0036,0.0000
0.2000,0.4522,1.0000,-0.1608,0.0016,-81.8623,25.1698,0.0000,0.5189,0.5189,-0.1265,0.0000,0.0000,0.0010,0.0004,0.0000
0.2000,0.5092,1.0000,-0.1524,0.0030,-82.1856,25.1478,0.0000,0.8183,0.8183,-0.1339,0.0000,0.0000,0.0018,0.0007,0.0000
0.2000,0.5261,1.0000,-0.1608,0.0030,-82.4369,25.1367,0.0000,1.0000,1.0507,-0.1373,0.0000,0.0000,0.0018,0.0007,0.0000
0.2000,0.5002,1.0000,-0.1692,0.0030,-82.7460,25.1307,0.0000,1.0000,1.3363,-0.1439,0.0000,0.0000,0.0018,0.0007,0.0000
0.2000,0.5945,1.0000,-0.1776,0.0030,-83.0798,25.1350,0.0000,1.0000,1.6318,-0.1493,0.0000,0.0000,0.0018,0.0007,0.0000
0.2000,0.5610,1.0000,-0.1692,0.0089,-83.4368,25.1426,0.0000,0.6593,0.6593,-0.0968,0.0000,0.0000,0.0054,0.0022,0.0000
0.2000,0.5137,1.0000,-0.1776,0.0089,-83.8694,25.1576,0.0000,1.0000,1.0597,-0.1047,0.0000,0.0000,0.0054,0.0022,0.0000
0.2000,0.4871,1.0000,-0.1860,0.0089,-84.2791,25.1924,0.0000,1.0000,1.4313,-0.1111,0.0000,0.0000,0.0054,0.0022,0.0000
0.2000,0.5731,1.0000,-0.1942,0.0089,-84.6507,25.2431,0.0000,1.0000,1.7561,-0.1145,0.0000,0.0000,0.0054,0.0022,0.0000
0.2000,0.5616,1.0000,-0.2026,0.0089,-85.1119,25.3084,0.0000,1.0000,2.1659,-0.1202,0.0000,0.0000,0.0054,0.0022,0.0000
0.2000,0.5875,1.0000,-0.2090,0.0110,-85.6038,25.3868,0.0000,1.0000,2.6063,-0.0851,0.0000,0.0000,0.0066,0.0027,0.0000
0.2000,0.4784,1.0000,-0.2006,0.0363,-86.2005,25.4920,0.0000,0.9883,0.9883,-0.1193,0.0000,0.0000,0.0219,0.0087,0.0000
0.2000,0.4464,1.0000,-0.2090,0.0363,-86.7682,25.6395,0.0000,1.0000,1.4749,-0.1261,0.0000,0.0000,0.0219,0.0087,0.0000
0.2000,0.4875,1.0000,-0.2112,0.0426,-87.2893,25.8126,0.0000,1.0000,1.9125,-0.0946,0.0000,0.0000,0.0257,0.0103,0.0000
0.2000,0.6025,1.0000,-0.2196,0.0426,-87.9366,26.0334,0.0000,1.0000,2.4564,-0.1022,0.0000,0.0000,0.0257,0.0103,0.0000
0.2000,0.5858,1.0000,-0.2112,0.0677,-88.6445,26.2752,0.0000,1.0000,3.0427,-0.1437,0.0000,0.0000,0.0408,0.0163,0.0000
0.2000,0.4727,1.0000,-0.2196,0.0000,-89.4967,26.4628,0.0000,1.0000,1.4428,0.0011,0.0000,0.0000,0.0000,0.0000,0.0000
0.1999,0.0794,1.0000,-0.2277,0.0000,-90.1853,26.6763,0.0000,1.0000,2.0747,0.0047,0.0000,0.0000,0.0000,0.0000,0.0000
0.2000,0.1795,1.0000,-0.2361,0.0000,-91.0078,26.8467,0.0000,1.0000,2.8469,0.0077,0.0000,0.0000,0.0000,0.0000,0.0000
0.2000,0.4175,1.0000,-0.2445,0.0000,-91.8774,27.0666,0.0000,1.0000,3.6559,0.0084,0.0000,0.0000,0.0000,0.0000,0.0000
0.2000,0.0947,1.0000,-0.2529,0.0000,-92.7868,27.2884,0.0000,1.0000,4.5011,0.0073,0.0000,0.0000,0.0000,0.0000,0.0000
0.2000,0.1646,1.0000,-0.2445,0.0276,-93.1614,27.2633,0.0000,1.0000,1.1951,-0.1497,0.0000,0.0000,0.0167,0.0067,0.0000
0.2000,0.1470,1.0000,-0.2529,0.0276,-94.1759,27.5258,0.0000,1.0000,2.0580,-0.1469,0.0000,0.0000,0.0167,0.0067,0.0000
0.2000,0.0554,1.0000,-0.2557,0.0331,-94.5822,27.4954,0.0000,1.0000,2.4595,-0.0788,0.0000,0.0000,0.0200,0.0080,0.0000
0.2000,0.1000,1.0000,-0.2641,0.0331,-94.9956,27.4703,0.0000,1.0000,2.8610,-0.0796,0.0000,0.0000,0.0200,0.0080,0.0000
0.2000,0.1103,1.0000,-0.2722,0.0331,-95.4136,27.4432,0.0000,1.0000,3.2690,-0.0793,0.0000,0.0000,0.0200,0.0080,0.0000
0.2000,0.0595,1.0000,-0.2638,0.0405,-95.9786,27.4055,0.0000,1.0000,1.0219,-0.2079,0.0000,0.0000,0.0244,0.0098,0.0000
0.2000,0.0001,1.0000,-0.2554,0.0405,-96.2660,27.3855,0.0000,1.0000,1.2987,-0.2081,0.0000,0.0000,0.0244,0.0098,0.0000
0.2000,0.0570,1.0000,-0.2470,0.0493,-96.7030,27.3567,0.0000,1.0000,1.7039,-0.2084,0.0000,0.0000,0.0297,0.0119,0.0000
0.1999,0.0001,1.0000,-0.2554,0.0493,-97.1458,27.3274,0.0000,1.0000,2.1263,-0.2088,0.0000,0.0000,0.0297,0.0119,0.0000
0.1999,0.0001,1.0000,-0.2638,0.0493,-97.5945,27.2974,0.0000,1.0000,2.5485,-0.2076,0.0000,0.0000,0.0297,0.0119,0.0000
0.2000,0.0001,1.0000,-0.2722,0.0493,-98.2026,27.2572,0.0000,1.0000,3.1205,-0.2082,0.0000,0.0000,0.0297,0.0119,0.0000
0.2000,0.0001,1.0000,-0.2672,0.0458,-98.6671,27.2270,0.0000,1.0000,1.1060,-0.1675,0.0000,0.0000,0.0276,0.0111,0.0000
0.2000,0.0001,1.0000,-0.2588,0.0458,-98.9789,27.2066,0.0000,1.0000,1.4034,-0.1673,0.0000,0.0000,0.0276,0.0111,0.0000
0.1999,0.0942,1.0000,-0.2577,0.0553,-99.4535,27.1758,0.0000,1.0000,1.8481,-0.1677,0.0000,0.0000,0.0333,0.0133,0.0000
0.2000,0.0539,1.0000,-0.2661,0.0553,-99.9331,27.1449,0.0000,1.0000,2.3087,-0.1675,0.0000,0.0000,0.0333,0.0133,0.0000
0.1999,0.0001,1.0000,-0.2745,0.0553,-100.5852,27.1014,0.0000,1.0000,2.9354,-0.1678,0.0000,0.0000,0.0333,0.0133,0.0000
0.2000,0.0656,1.0000,-0.2829,0.0553,-100.9146,27.0796,0.0000,1.0000,3.2442,-0.1675,0.0000,0.0000,0.0333,0.0133,0.0000
0.2000,0.0529,1.0000,-0.2883,0.0414,-101.4155,27.0471,0.0000,0.8779,0.8779,-0.2033,0.0000,0.0000,0.0249,0.0100,0.0000
0.2000,0.0521,1.0000,-0.2799,0.0414,-101.9230,27.0144,0.0000,1.0000,1.3560,-0.2037,0.0000,0.0000,0.0249,0.0100,0.0000
0.2000,0.0747,1.0000,-0.2715,0.0502,-102.4350,26.9811,0.0000,1.0000,1.8360,-0.2034,0.0000,0.0000,0.0303,0.0121,0.0000
0.2000,0.0001,1.0000,-0.2799,0.0502,-102.9548,26.9473,0.0000,1.0000,2.3332,-0.2036,0.0000,0.0000,0.0303,0.0121,0.0000
0.1999,0.0564,1.0000,-0.2883,0.0502,-103.4811,26.9139,0.0000,1.0000,2.8229,-0.2043,0.0000,0.0000,0.0303,0.0121,0.0000
0.2000,0.0624,1.0000,-0.2943,0.0357,-104.0133,26.8794,0.0000,1.0000,1.0870,-0.1645,0.0000,0.0000,0.0215,0.0086,0.0000
0.2000,0.0624,1.0000,-0.2859,0.0431,-104.7332,26.8331,0.0000,1.0000,1.7739,-0.1642,0.0000,0.0000,0.0260,0.0104,0.0000
0.2000,0.1438,1.0000,-0.2943,0.0431,-105.2818,26.7982,0.0000,1.0000,2.2907,-0.1650,0.0000,0.0000,0.0260,0.0104,0.0000
0.1999,0.0590,1.0000,-0.3024,0.0431,-105.8372,26.7642,0.0000,1.0000,2.8270,-0.1654,0.0000,0.0000,0.0260,0.0104,0.0000
0.2000,0.0001,1.0000,-0.3108,0.0431,-106.2101,26.7394,0.0000,1.0000,3.1880,-0.1648,0.0000,0.0000,0.0260,0.0104,0.0000
0.2000,0.0562,1.0000,-0.3191,0.0431,-106.7770,26.7032,0.0000,1.0000,3.7244,-0.1648,0.0000,0.0000,0.0260,0.0104,0.0000
0.2000,0.0562,1.0000,-0.3107,0.0443,-107.5425,26.6556,0.0000,1.0000,1.3490,-0.1802,0.0000,0.0000,0.0267,0.0107,0.0000
0.2000,0.0819,1.0000,-0.3023,0.0537,-108.1233,26.6199,0.0000,1.0000,1.8976,-0.1808,0.0000,0.0000,0.0324,0.0129,0.0000
0.2000,0.0001,1.0000,-0.3107,0.0537,-108.7102,26.5833,0.0000,1.0000,2.4620,-0.1805,0.0000,0.0000,0.0324,0.0129,0.0000
0.2000,0.1032,1.0000,-0.3191,0.0537,-109.1049,26.5584,0.0000,1.0000,2.8275,-0.1805,0.0000,0.0000,0.0324,0.0129,0.0000
0.1999,0.0823,1.0000,-0.3269,0.0537,-109.7047,26.5204,0.0000,1.0000,3.3987,-0.1801,0.0000,0.0000,0.0324,0.0129,0.0000
0.2000,0.0001,1.0000,-0.3353,0.0537,-110.3122,26.4822,0.0000,1.0000,3.9847,-0.1806,0.0000,0.0000,0.0324,0.0129,0.0000
0.2000,0.1232,1.0000,-0.3324,0.0482,-111.1316,26.4332,0.0000,1.0000,1.4306,-0.2095,0.0000,0.0000,0.0291,0.0116,0.0000
0.2000,0.0001,1.0000,-0.3241,0.0482,-111.7524,26.3966,0.0000,1.0000,2.0258,-0.2095,0.0000,0.0000,0.0291,0.0116,0.0000
0.2000,0.1022,1.0000,-0.3324,0.0482,-112.3807,26.3587,0.0000,1.0000,2.6049,-0.2095,0.0000,0.0000,0.0291,0.0116,0.0000
0.1999,0.0001,1.0000,-0.3408,0.0482,-113.0162,26.3199,0.0000,1.0000,3.2122,-0.2098,0.0000,0.0000,0.0291,0.0116,0.0000
0.1999,0.0001,1.0000,-0.3490,0.0482,-113.4438,26.2943,0.0000,1.0000,3.6154,-0.2102,0.0000,0.0000,0.0291,0.0116,0.0000
0.2000,0.0001,1.0000,-0.3488,0.0568,-114.0916,26.2561,0.0000,1.0000,4.2340,-0.1532,0.0000,0.0000,0.0342,0.0137,0.0000
0.2000,0.0774,1.0000,-0.3507,0.0464,-114.9640,26.2056,0.0000,1.0000,1.5227,-0.2003,0.0000,0.0000,0.0280,0.0112,0.0000
0.2000,0.0001,1.0000,-0.3424,0.0464,-115.6273,26.1674,0.0000,1.0000,2.1545,-0.2012,0.0000,0.0000,0.0280,0.0112,0.0000
0.2000,0.0001,1.0000,-0.3508,0.0464,-116.2968,26.1286,0.0000,1.0000,2.7845,-0.2014,0.0000,0.0000,0.0280,0.0112,0.0000
0.1999,0.0001,1.0000,-0.3589,0.0464,-116.9748,26.0892,0.0000,1.0000,3.4226,-0.2010,0.0000,0.0000,0.0280,0.0112,0.0000
0.2000,0.0001,1.0000,-0.3673,0.0464,-117.4313,26.0633,0.0000,1.0000,3.8560,-0.2015,0.0000,0.0000,0.0280,0.0112,0.0000
0.2000,0.0510,1.0000,-0.3757,0.0201,-118.1205,26.0241,0.0000,1.0000,1.1668,-0.1461,0.0000,0.0000,0.0121,0.0049,0.0000
0.2000,0.0546,1.0000,-0.3683,0.0258,-119.0497,25.9732,0.0000,1.0000,2.0558,-0.1474,0.0000,0.0000,0.0156,0.0062,0.0000
0.2000,0.0636,1.0000,-0.3767,0.0258,-119.7557,25.9346,0.0000,1.0000,2.7308,-0.1479,0.0000,0.0000,0.0156,0.0062,0.0000
0.1999,0.0722,1.0000,-0.3851,0.0258,-120.2282,25.9079,0.0000,1.0000,3.1828,-0.1471,0.0000,0.0000,0.0156,0.0062,0.0000
0.1999,0.0001,1.0000,-0.3932,0.0258,-120.9454,25.8697,0.0000,1.0000,3.8741,-0.1482,0.0000,0.0000,0.0156,0.0062,0.0000
0.2000,0.0001,1.0000,-0.4016,0.0258,-121.9150,25.8174,0.0000,1.0000,4.8090,-0.1482,0.0000,0.0000,0.0156,0.0062,0.0000
0.2000,0.0001,1.0000,-0.3946,0.0243,-122.4025,25.7904,0.0000,1.0000,1.4688,-0.1591,0.0000,0.0000,0.0146,0.0059,0.0000
0.1999,0.0657,1.0000,-0.3972,0.0301,-123.3885,25.7406,0.0000,1.0000,2.4027,-0.1590,0.0000,0.0000,0.0181,0.0073,0.0000
0.1999,0.0001,1.0000,-0.4056,0.0301,-124.1367,25.7015,0.0000,1.0000,3.1210,-0.1600,0.0000,0.0000,0.0181,0.0073,0.0000
0.1999,0.1200,1.0000,-0.4140,0.0301,-124.8912,25.6616,0.0000,1.0000,3.8315,-0.1592,0.0000,0.0000,0.0181,0.0073,0.0000
0.1999,0.0001,1.0000,-0.4224,0.0301,-125.6548,25.6222,0.0000,1.0000,4.5748,-0.1594,0.0000,0.0000,0.0181,0.0073,0.0000
0.2000,0.1201,1.0000,-0.4249,0.0359,-126.1654,25.5957,0.0000,1.0000,5.0645,-0.0955,0.0000,0.0000,0.0217,0.0087,0.0000
0.2000,0.0001,1.0000,-0.4322,0.0202,-127.2011,25.5453,0.0000,1.0000,1.5515,-0.1482,0.0000,0.0000,0.0121,0.0049,0.0000
0.1999,0.0001,1.0000,-0.4238,0.0258,-127.9855,25.5062,0.0000,1.0000,2.3011,-0.1490,0.0000,0.0000,0.0155,0.0062,0.0000
0.2000,0.0863,1.0000,-0.4322,0.0258,-128.7764,25.4671,0.0000,1.0000,3.0505,-0.1486,0.0000,0.0000,0.0155,0.0062,0.0000
0.2000,0.0529,1.0000,-0.4406,0.0258,-129.5755,25.4284,0.0000,1.0000,3.8163,-0.1489,0.0000,0.0000,0.0155,0.0062,0.0000
0.2000,0.0657,1.0000,-0.4490,0.0258,-130.1129,25.4021,0.0000,1.0000,4.3321,-0.1489,0.0000,0.0000,0.0155,0.0062,0.0000
0.2000,0.0001,1.0000,-0.4500,0.0148,-131.1953,25.3506,0.0000,1.0000,1.6208,-0.1318,0.0000,0.0000,0.0089,0.0036,0.0000
0.1999,0.0906,1.0000,-0.4500,0.0186,-132.0156,25.3119,0.0000,1.0000,2.4021,-0.1321,0.0000,0.0000,0.0112,0.0045,0.0000
0.2000,0.0001,1.0000,-0.4500,0.0186,-132.8448,25.2744,0.0000,1.0000,3.2033,-0.1327,0.0000,0.0000,0.0112,0.0045,0.0000
0.2000,0.0001,1.0000,-0.4500,0.0186,-133.6796,25.2358,0.0000,1.0000,4.0043,-0.1331,0.0000,0.0000,0.0112,0.0045,0.0000
0.2000,0.1014,1.0000,-0.4500,0.0186,-134.2428,25.2091,0.0000,1.0000,4.5419,-0.1323,0.0000,0.0000,0.0112,0.0045,0.0000
0.2000,0.0001,1.0000,-0.4500,0.0225,-135.0913,25.1711,0.0000,1.0000,5.3712,-0.0776,0.0000,0.0000,0.0135,0.0054,0.0000
0.2000,0.0659,1.0000,-0.4416,0.0398,-136.2350,25.1213,0.0000,1.0000,1.9628,-0.1863,0.0000,0.0000,0.0240,0.0096,0.0000
0.1999,0.0001,1.0000,-0.4500,0.0398,-137.1006,25.0835,0.0000,1.0000,2.7841,-0.1864,0.0000,0.0000,0.0240,0.0096,0.0000
0.2000,0.0001,1.0000,-0.4500,0.0398,-137.9741,25.0457,0.0000,1.0000,3.6073,-0.1863,0.0000,0.0000,0.0240,0.0096,0.0000
0.2000,0.0675,1.0000,-0.4500,0.0470,-138.5598,25.0200,0.0000,1.0000,4.1622,-0.1334,0.0000,0.0000,0.0283,0.0113,0.0000
0.2000,0.0001,1.0000,-0.4500,0.0470,-139.7443,24.9702,0.0000,1.0000,5.3012,-0.1336,0.0000,0.0000,0.0283,0.0113,0.0000
0.2000,0.0001,1.0000,-0.4500,0.0336,-140.3394,24.9453,0.0000,1.0000,1.7711,-0.1279,0.0000,0.0000,0.0202,0.0081,0.0000
0.1999,0.0001,1.0000,-0.4500,0.0336,-141.5427,24.8958,0.0000,1.0000,2.9253,-0.1278,0.0000,0.0000,0.0202,0.0081,0.0000
0.2000,0.0001,1.0000,-0.4500,0.0336,-142.4540,24.8583,0.0000,1.0000,3.7993,-0.1277,0.0000,0.0000,0.0202,0.0081,0.0000
0.2000,0.0687,1.0000,-0.4500,0.0394,-143.3727,24.8216,0.0000,1.0000,4.6802,-0.0973,0.0000,0.0000,0.0237,0.0095,0.0000
0.2000,0.0549,1.0000,-0.4500,0.0394,-144.2993,24.7849,0.0000,1.0000,5.5768,-0.0970,0.0000,0.0000,0.0237,0.0095,0.0000
0.2000,0.0001,1.0000,-0.4500,0.0394,-145.2334,24.7483,0.0000,1.0000,6.4826,-0.0973,0.0000,0.0000,0.0237,0.0095,0.0000
0.2000,0.0001,1.0000,-0.4487,0.0315,-146.1752,24.7121,0.0000,1.0000,1.8592,-0.1592,0.0000,0.0000,0.0190,0.0076,0.0000
0.1999,0.0001,1.0000,-0.4500,0.0315,-147.1247,24.6759,0.0000,1.0000,2.7599,-0.1594,0.0000,0.0000,0.0190,0.0076,0.0000
0.2000,0.0001,1.0000,-0.4500,0.0315,-148.0901,24.6396,0.0000,1.0000,3.6755,-0.1593,0.0000,0.0000,0.0190,0.0076,0.0000
0.2000,0.0001,1.0000,-0.4500,0.0373,-149.0455,24.6040,0.0000,1.0000,4.5916,-0.1110,0.0000,0.0000,0.0225,0.0090,0.0000
0.2000,0.0001,1.0000,-0.4500,0.0373,-150.0177,24.5687,0.0000,1.0000,5.5272,-0.1109,0.0000,0.0000,0.0225,0.0090,0.0000
0.2000,0.0001,1.0000,-0.4416,0.0685,-151.0054,24.5328,0.0000,1.0000,6.4758,-0.1476,0.0000,0.0000,0.0413,0.0165,0.0000
0.2000,0.0001,1.0000,-0.4332,0.0414,-151.9862,24.4979,0.0000,1.0000,1.9433,-0.1723,0.0000,0.0000,0.0249,0.0100,0.0000
0.1999,0.0001,1.0000,-0.4416,0.0414,-152.9821,24.4632,0.0000,1.0000,2.8826,-0.1723,0.0000,0.0000,0.0249,0.0100,0.0000
0.2000,0.0001,1.0000,-0.4500,0.0414,-153.9859,24.4283,0.0000,1.0000,3.8316,-0.1724,0.0000,0.0000,0.0249,0.0100,0.0000
0.2000,0.0001,1.0000,-0.4500,0.0489,-154.9978,24.3938,0.0000,1.0000,4.8026,-0.1143,0.0000,0.0000,0.0295,0.0118,0.0000
0.2000,0.0633,1.0000,-0.4500,0.0489,-156.0195,24.3600,0.0000,1.0000,5.7802,-0.1141,0.0000,0.0000,0.0295,0.0118,0.0000
0.2000,0.0001,1.0000,-0.4500,-0.0000,-157.0481,24.3257,0.0000,1.0000,6.7301,-0.3140,0.0000,0.0000,-0.0000,-0.0000,0.0000
0.2000,0.0001,1.0000,-0.4416,0.0302,-158.0832,24.2926,0.0000,1.0000,2.0374,-0.1267,0.0000,0.0000,0.0182,0.0073,0.0000
0.2000,0.0001,1.0000,-0.4500,0.0302,-159.1263,24.2596,0.0000,1.0000,3.0351,-0.1265,0.0000,0.0000,0.0182,0.0073,0.0000
0.2000,0.0975,1.0000,-0.4500,0.0302,-160.1786,24.2266,0.0000,1.0000,4.0359,-0.1268,0.0000,0.0000,0.0182,0.0073,0.0000
0.2000,0.0937,1.0000,-0.4500,0.0356,-161.2380,24.1931,0.0000,1.0000,5.0596,-0.0884,0.0000,0.0000,0.0214,0.0086,0.0000
0.2000,0.0937,1.0000,-0.4500,0.0356,-162.3055,24.1612,0.0000,1.0000,6.0912,-0.0883,0.0000,0.0000,0.0214,0.0086,0.0000
0.2000,0.0540,1.0000,-0.4416,0.0609,-163.3816,24.1286,0.0000,1.0000,7.1281,-0.1228,0.0000,0.0000,0.0367,0.0147,0.0000
0.2000,0.0573,1.0000,-0.4332,0.0312,-164.4654,24.0968,0.0000,1.0000,2.1127,-0.1770,0.0000,0.0000,0.0188,0.0075,0.0000
0.2000,0.0763,1.0000,-0.4416,0.0312,-165.5572,24.0654,0.0000,1.0000,3.1367,-0.1766,0.0000,0.0000,0.0188,0.0075,0.0000
0.2000,0.0763,1.0000,-0.4500,0.0312,-166.6576,24.0342,0.0000,1.0000,4.1842,-0.1769,0.0000,0.0000,0.0188,0.0075,0.0000
0.2000,0.0001,1.0000,-0.4500,0.0375,-167.7658,24.0032,0.0000,1.0000,5.2565,-0.0940,0.0000,0.0000,0.0226,0.0090,0.0000
0.2000,0.0001,1.0000,-0.4500,0.0375,-168.8830,23.9732,0.0000,1.0000,6.3335,-0.0937,0.0000,0.0000,0.0226,0.0090,0.0000
0.2000,0.0001,1.0000,-0.4416,0.0421,-170.0079,23.9427,0.0000,1.0000,2.1958,-0.1652,0.0000,0.0000,0.0254,0.0101,0.0000
0.2000,0.0001,1.0000,-0.4500,0.0421,-171.1404,23.9133,0.0000,1.0000,3.2631,-0.1649,0.0000,0.0000,0.0254,0.0101,0.0000
0.2000,0.0001,1.0000,-0.4500,0.0497,-172.2797,23.8844,0.0000,1.0000,4.3480,-0.1037,0.0000,0.0000,0.0300,0.0120,0.0000
