u_a,v_real,v_ref,u_delta,delta_d,px,py,theta1,cte,cte_real,epsi,vx,vy,kappa,beta,steer
0.2000,0.0001,0.0201,0.0043,-0.0046,32.7232,-6.7229,0.0000,0.1378,0.1378,-0.0778,0.0000,0.0000,-0.0028,-0.0011,-0.0000
0.2000,0.0001,0.0401,0.0126,-0.0046,32.7273,-6.7234,0.0000,0.1381,0.1381,-0.0777,0.0000,0.0000,-0.0028,-0.0011,-0.0000
0.2000,0.0001,0.0601,0.0207,-0.0046,32.7270,-6.7223,0.0000,0.1392,0.1392,-0.0775,0.0000,0.0000,-0.0028,-0.0011,-0.0000
0.2000,0.0001,0.0801,0.0281,-0.0046,32.7267,-6.7204,0.0000,0.1410,0.1410,-0.0783,0.0000,0.0000,-0.0028,-0.0011,-0.0000
0.2000,0.0001,0.1001,0.0358,-0.0046,32.7261,-6.7236,0.0000,0.1377,0.1377,-0.0781,0.0000,0.0000,-0.0028,-0.0011,0.0065
0.2000,0.0001,0.1201,0.0432,-0.0046,32.7288,-6.7197,0.0000,0.1421,0.1421,-0.0785,0.0000,0.0000,-0.0028,-0.0011,0.0167
0.2000,0.0001,0.1401,0.0516,-0.0046,32.7277,-6.7232,0.0000,0.1384,0.1384,-0.0779,0.0000,0.0000,-0.0028,-0.0011,0.0197
0.1999,0.0001,0.1601,0.0595,-0.0046,32.7301,-6.7256,0.0000,0.1366,0.1366,-0.0774,0.0000,0.0000,-0.0028,-0.0011,0.0323
0.1999,0.0001,0.1801,0.0605,-0.0046,32.7303,-6.7227,0.0000,0.1395,0.1395,-0.0776,0.0000,0.0000,-0.0028,-0.0011,0.0384
0.2000,0.0001,0.2001,0.0596,-0.0046,32.7295,-6.7218,0.0000,0.1402,0.1402,-0.0774,0.0000,0.0000,-0.0028,-0.0011,0.0482
0.2000,0.0001,0.2201,0.0567,-0.0046,32.7296,-6.7206,0.0000,0.1414,0.1414,-0.0764,0.0000,0.0000,-0.0028,-0.0011,0.0580
0.2000,0.0001,0.2401,0.0533,-0.0046,32.7192,-6.7200,0.0000,0.1397,0.1397,-0.0766,0.0000,0.0000,-0.0028,-0.0011,0.0674
0.2000,0.0001,0.2601,0.0500,-0.0046,32.7099,-6.7205,0.0000,0.1372,0.1372,-0.0769,0.0000,0.0000,-0.0028,-0.0011,0.0679
0.2000,0.1039,0.2801,0.0427,-0.0046,32.6966,-6.7150,0.0000,0.1357,0.1357,-0.0754,0.0000,0.0000,-0.0028,-0.0011,0.0674
0.2000,0.0925,0.3001,0.0375,-0.0046,32.6937,-6.7173,0.0000,0.1333,0.1333,-0.0753,0.0000,0.0000,-0.0028,-0.0011,0.0637
0.2000,0.1428,0.3201,0.0307,-0.0046,32.6863,-6.7145,0.0000,0.1325,0.1325,-0.0751,0.0000,0.0000,-0.0028,-0.0011,0.0567
0.2000,0.0001,0.3401,0.0281,-0.0046,32.6831,-6.7139,0.0000,0.1378,0.1378,-0.0762,0.0000,0.0000,-0.0028,-0.0011,0.0521
0.2000,0.0790,0.3601,0.0248,-0.0046,32.6822,-6.7141,0.0000,0.1345,0.1345,-0.0753,0.0000,0.0000,-0.0028,-0.0011,0.0455
0.2000,0.0001,0.3801,0.0225,-0.0046,32.6897,-6.7134,0.0000,0.1398,0.1398,-0.0762,0.0000,0.0000,-0.0028,-0.0011,0.0398
0.2000,0.0001,0.4001,0.0191,-0.0046,32.7077,-6.7172,0.0000,0.1400,0.1400,-0.0717,0.0000,0.0000,-0.0028,-0.0011,0.0337
0.2000,0.0753,0.4201,0.0166,-0.0046,32.7220,-6.7219,0.0000,0.1357,0.1357,-0.0744,0.0000,0.0000,-0.0028,-0.0011,0.0306
0.2000,0.1858,0.4401,0.0113,-0.0046,32.7416,-6.7260,0.0000,0.1322,0.1322,-0.0700,0.0000,0.0000,-0.0028,-0.0011,0.0279
0.2000,0.1504,0.4601,0.0092,-0.0046,32.7490,-6.7264,0.0000,0.1344,0.1344,-0.0733,0.0000,0.0000,-0.0028,-0.0011,0.0253
0.2000,0.2010,0.4801,0.0077,-0.0046,32.7678,-6.7311,0.0000,0.1321,0.1321,-0.0734,0.0000,0.0000,-0.0028,-0.0011,0.0224
0.2000,0.0713,0.5001,0.0081,-0.0046,32.7852,-6.7356,0.0000,0.1361,0.1361,-0.0750,0.0000,0.0000,-0.0028,-0.0011,0.0200
0.2000,0.1913,0.5201,0.0070,-0.0046,32.7932,-6.7328,0.0000,0.1362,0.1362,-0.0741,0.0000,0.0000,-0.0028,-0.0011,0.0155
0.2000,0.1787,0.5401,0.0072,-0.0046,32.8100,-6.7378,0.0000,0.1354,0.1354,-0.0747,0.0000,0.0000,-0.0028,-0.0011,0.0137
0.2000,0.0859,0.5601,0.0085,-0.0046,32.8252,-6.7444,0.0000,0.1358,0.1358,-0.0752,0.0000,0.0000,-0.0028,-0.0011,0.0124
0.2000,0.1736,0.5801,0.0085,-0.0046,32.8448,-6.7457,0.0000,0.1356,0.1356,-0.0737,0.0000,0.0000,-0.0028,-0.0011,0.0128
0.2000,0.1642,0.6001,0.0090,-0.0046,32.8622,-6.7498,0.0000,0.1357,0.1357,-0.0740,0.0000,0.0000,-0.0028,-0.0011,0.0122
0.2000,0.1959,0.6201,0.0092,-0.0046,32.8799,-6.7531,0.0000,0.1352,0.1352,-0.0733,0.0000,0.0000,-0.0028,-0.0011,0.0125
0.2000,0.1771,0.6401,0.0097,-0.0046,32.9010,-6.7602,0.0000,0.1336,0.1336,-0.0723,0.0000,0.0000,-0.0028,-0.0011,0.0133
0.2000,0.1785,0.6601,0.0093,-0.0046,32.9223,-6.7606,0.0000,0.1379,0.1379,-0.0721,0.0000,0.0000,-0.0028,-0.0011,0.0133
0.2000,0.2209,0.6801,0.0075,-0.0046,32.9563,-6.7740,0.0000,0.1312,0.1312,-0.0664,0.0000,0.0000,-0.0028,-0.0011,0.0137
0.2000,0.2121,0.7001,0.0075,-0.0046,32.9881,-6.7786,0.0000,0.1338,0.1338,-0.0691,0.0000,0.0000,-0.0028,-0.0011,0.0139
0.2000,0.3606,0.7201,-0.0009,-0.0173,33.0159,-6.7827,0.0000,0.1334,0.1334,-0.0363,0.0000,0.0000,-0.0104,-0.0042,0.0144
0.2000,0.3172,0.7401,-0.0093,-0.0173,33.0611,-6.7931,0.0000,0.1361,0.1361,-0.0320,0.0000,0.0000,-0.0104,-0.0042,0.0138
0.2000,0.2782,0.7601,-0.0176,-0.0173,33.1055,-6.8017,0.0000,0.1396,0.1396,-0.0318,0.0000,0.0000,-0.0104,-0.0042,0.0125
0.2000,0.4616,0.7801,-0.0260,-0.0173,33.1417,-6.8050,0.0000,0.1416,0.1416,-0.0354,0.0000,0.0000,-0.0104,-0.0042,0.0123
0.2000,0.4485,0.8001,-0.0344,-0.0173,33.1879,-6.8164,0.0000,0.1427,0.1427,-0.0339,0.0000,0.0000,-0.0104,-0.0042,0.0058
0.2000,0.3567,0.8201,-0.0428,-0.0173,33.2295,-6.8269,0.0000,0.1437,0.1437,-0.0383,0.0000,0.0000,-0.0104,-0.0042,-0.0002
0.1999,0.4722,0.8401,-0.0511,-0.0173,33.2733,-6.8343,0.0000,0.1449,0.1449,-0.0408,0.0000,0.0000,-0.0104,-0.0042,-0.0079
0.1999,0.4252,0.8601,-0.0595,-0.0173,33.3207,-6.8510,0.0000,0.1421,0.1421,-0.0385,0.0000,0.0000,-0.0104,-0.0042,-0.0160
0.1999,0.4402,0.8801,-0.0597,-0.0173,33.3617,-6.8640,0.0000,0.1382,0.1382,-0.0446,0.0000,0.0000,-0.0104,-0.0042,-0.0236
0.1999,0.4977,0.9001,-0.0579,-0.0173,33.4132,-6.8756,0.0000,0.1377,0.1377,-0.0492,0.0000,0.0000,-0.0104,-0.0042,-0.0316
0.1999,0.4276,0.9201,-0.0534,-0.0173,33.4695,-6.8968,0.0000,0.1330,0.1330,-0.0488,0.0000,0.0000,-0.0104,-0.0042,-0.0456
0.1999,0.5219,0.9401,-0.0456,-0.0173,33.5181,-6.9082,0.0000,0.1305,0.1305,-0.0559,0.0000,0.0000,-0.0104,-0.0042,-0.0551
0.1999,0.5969,0.9601,-0.0372,-0.0034,33.5719,-6.9189,0.0000,0.1311,0.1311,-0.0518,0.0000,0.0000,-0.0021,-0.0008,-0.0563
0.1999,0.4936,0.9801,-0.0320,-0.0034,33.6416,-6.9419,0.0000,0.1300,0.1300,-0.0483,0.0000,0.0000,-0.0021,-0.0008,-0.0546
0.1999,0.5423,1.0001,-0.0245,-0.0034,33.6952,-6.9558,0.0000,0.1281,0.1281,-0.0526,0.0000,0.0000,-0.0021,-0.0008,-0.0501
0.1999,0.7274,1.0201,-0.0168,-0.0034,33.7562,-6.9712,0.0000,0.1240,0.1240,-0.0542,0.0000,0.0000,-0.0021,-0.0008,-0.0391
0.1999,0.5489,1.0401,-0.0104,-0.0034,33.8153,-6.9896,0.0000,0.1256,0.1256,-0.0538,0.0000,0.0000,-0.0021,-0.0008,-0.0326
0.2000,0.6235,1.0601,-0.0053,-0.0034,33.8786,-7.0043,0.0000,0.1255,0.1255,-0.0547,0.0000,0.0000,-0.0021,-0.0008,-0.0252
0.2000,0.6139,1.0801,-0.0029,-0.0034,33.9427,-7.0188,0.0000,0.1282,0.1282,-0.0543,0.0000,0.0000,-0.0021,-0.0008,-0.0185
0.2000,0.6435,1.1001,-0.0004,-0.0034,34.0076,-7.0393,0.0000,0.1243,0.1243,-0.0539,0.0000,0.0000,-0.0021,-0.0008,-0.0125
0.2000,0.6505,1.1201,0.0014,-0.0034,34.0723,-7.0582,0.0000,0.1225,0.1225,-0.0531,0.0000,0.0000,-0.0021,-0.0008,-0.0050
0.2000,0.6752,1.1401,0.0098,0.0014,34.1474,-7.0711,0.0000,0.1304,0.1304,-0.0830,0.0000,0.0000,0.0008,0.0003,-0.0000
0.2000,0.6685,1.1601,0.0182,0.0014,34.2181,-7.0845,0.0000,0.1326,0.1326,-0.0850,0.0000,0.0000,0.0008,0.0003,0.0028
0.2000,0.7597,1.1801,0.0266,0.0014,34.2880,-7.1086,0.0000,0.1204,0.1204,-0.0856,0.0000,0.0000,0.0008,0.0003,0.0053
0.2000,0.7121,1.2001,0.0350,0.0014,34.3708,-7.1329,0.0000,0.1195,0.1195,-0.0795,0.0000,0.0000,0.0008,0.0003,0.0066
0.2000,0.7330,1.2201,0.0434,0.0014,34.4425,-7.1451,0.0000,0.1217,0.1217,-0.0816,0.0000,0.0000,0.0008,0.0003,0.0111
0.2000,0.8570,1.2401,0.0441,0.0014,34.5291,-7.1646,0.0000,0.1196,0.1196,-0.0741,0.0000,0.0000,0.0008,0.0003,0.0197
0.2000,0.7190,1.2601,0.0409,0.0014,34.6156,-7.1815,0.0000,0.1284,0.1284,-0.0714,0.0000,0.0000,0.0008,0.0003,0.0267
0.2000,0.8818,1.2801,0.0355,0.0014,34.7036,-7.2015,0.0000,0.1246,0.1246,-0.0649,0.0000,0.0000,0.0008,0.0003,0.0356
0.2000,0.8753,1.3001,0.0271,-0.0194,34.7965,-7.2275,0.0000,0.1257,0.1257,-0.0114,0.0000,0.0000,-0.0117,-0.0047,0.0438
0.1999,0.8963,1.3201,0.0187,-0.0194,34.8849,-7.2392,0.0000,0.1371,0.1371,-0.0131,0.0000,0.0000,-0.0117,-0.0047,0.0469
0.1999,0.9569,1.3401,0.0105,-0.0194,34.9953,-7.2768,0.0000,0.1354,0.1354,-0.0023,0.0000,0.0000,-0.0117,-0.0047,0.0439
0.2000,0.8815,1.3601,0.0021,-0.0194,35.0881,-7.2937,0.0000,0.1422,0.1422,-0.0084,0.0000,0.0000,-0.0117,-0.0047,0.0391
0.1999,1.1562,1.3801,-0.0063,-0.0194,35.1744,-7.3117,0.0000,0.1460,0.1460,-0.0088,0.0000,0.0000,-0.0117,-0.0047,0.0322
0.2000,0.9329,1.4001,-0.0147,-0.0194,35.2714,-7.3305,0.0000,0.1570,0.1570,-0.0081,0.0000,0.0000,-0.0117,-0.0047,0.0250
0.2000,0.8735,1.4201,-0.0230,-0.0194,35.3615,-7.3472,0.0000,0.1643,0.1643,-0.0124,0.0000,0.0000,-0.0117,-0.0047,0.0171
0.2000,0.9827,1.4401,-0.0146,0.0007,35.4608,-7.3747,0.0000,0.1594,0.1594,-0.0440,0.0000,0.0000,0.0004,0.0002,0.0098
0.1999,0.9069,1.4601,-0.0102,0.0007,35.5598,-7.4043,0.0000,0.1550,0.1550,-0.0484,0.0000,0.0000,0.0004,0.0002,0.0022
0.1999,1.0217,1.4801,-0.0032,0.0007,35.6574,-7.4316,0.0000,0.1482,0.1482,-0.0522,0.0000,0.0000,0.0004,0.0002,-0.0055
0.2000,1.0249,1.5001,-0.0033,0.0007,35.7620,-7.4501,0.0000,0.1579,0.1579,-0.0486,0.0000,0.0000,0.0004,0.0002,-0.0112
0.2000,1.0040,1.5201,-0.0007,0.0007,35.8662,-7.4736,0.0000,0.1590,0.1590,-0.0524,0.0000,0.0000,0.0004,0.0002,-0.0106
0.2000,1.0580,1.5401,0.0009,0.0007,35.9699,-7.4973,0.0000,0.1593,0.1593,-0.0526,0.0000,0.0000,0.0004,0.0002,-0.0045
0.2000,1.0580,1.5601,-0.0075,-0.0160,36.0764,-7.5270,0.0000,0.1563,0.1563,-0.0567,0.0000,0.0000,-0.0096,-0.0038,0.0006
0.2000,1.0542,1.5801,-0.0110,-0.0160,36.1912,-7.5565,0.0000,0.1579,0.1579,-0.0511,0.0000,0.0000,-0.0096,-0.0038,0.0026
0.2000,1.0960,1.6001,-0.0141,-0.0160,36.3102,-7.5837,0.0000,0.1597,0.1597,-0.0487,0.0000,0.0000,-0.0096,-0.0038,0.0052
0.2000,1.1766,1.6201,-0.0125,-0.0160,36.4250,-7.6142,0.0000,0.1531,0.1531,-0.0524,0.0000,0.0000,-0.0096,-0.0038,0.0069
0.2000,1.2107,1.6401,-0.0090,-0.0160,36.5375,-7.6467,0.0000,0.1459,0.1459,-0.0557,0.0000,0.0000,-0.0096,-0.0038,0.0023
0.2000,1.1765,1.6601,-0.0174,-0.0250,36.6626,-7.6695,0.0000,0.1560,0.1560,-0.0452,0.0000,0.0000,-0.0151,-0.0060,-0.0028
0.2000,1.1605,1.6801,-0.0203,-0.0250,36.7756,-7.6942,0.0000,0.1581,0.1581,-0.0496,0.0000,0.0000,-0.0151,-0.0060,-0.0060
0.2000,1.2638,1.7001,-0.0207,-0.0250,36.8964,-7.7207,0.0000,0.1589,0.1589,-0.0511,0.0000,0.0000,-0.0151,-0.0060,-0.0063
0.2000,1.1452,1.7201,-0.0229,-0.0250,37.0260,-7.7579,0.0000,0.1601,0.1601,-0.0469,0.0000,0.0000,-0.0151,-0.0060,-0.0044
0.2000,1.2261,1.7401,-0.0223,-0.0250,37.1441,-7.7782,0.0000,0.1644,0.1644,-0.0522,0.0000,0.0000,-0.0151,-0.0060,-0.0037
0.2000,1.3364,1.7601,-0.0307,-0.0261,37.2688,-7.7944,0.0000,0.1752,0.1752,-0.0400,0.0000,0.0000,-0.0157,-0.0063,-0.0114
0.2000,1.1853,1.7801,-0.0341,-0.0261,37.3931,-7.8221,0.0000,0.1829,0.1829,-0.0424,0.0000,0.0000,-0.0157,-0.0063,-0.0135
0.2000,1.2453,1.8001,-0.0334,-0.0261,37.5128,-7.8570,0.0000,0.1781,0.1781,-0.0449,0.0000,0.0000,-0.0157,-0.0063,-0.0144
0.2000,1.2613,1.8201,-0.0330,-0.0261,37.6382,-7.8878,0.0000,0.1800,0.1800,-0.0472,0.0000,0.0000,-0.0157,-0.0063,-0.0157
0.2000,1.2368,1.8401,-0.0321,-0.0261,37.7702,-7.9389,0.0000,0.1664,0.1664,-0.0472,0.0000,0.0000,-0.0157,-0.0063,-0.0180
0.2000,1.2798,1.8601,-0.0246,-0.0261,37.9027,-7.9666,0.0000,0.1686,0.1686,-0.0565,0.0000,0.0000,-0.0157,-0.0063,-0.0249
0.2000,1.4027,1.8801,-0.0261,-0.0240,38.0382,-8.0057,0.0000,0.1638,0.1638,-0.0412,0.0000,0.0000,-0.0144,-0.0058,-0.0259
0.2000,1.3397,1.9001,-0.0274,-0.0240,38.1803,-8.0501,0.0000,0.1631,0.1631,-0.0404,0.0000,0.0000,-0.0144,-0.0058,-0.0257
0.2000,1.3975,1.9201,-0.0292,-0.0240,38.3170,-8.0815,0.0000,0.1671,0.1671,-0.0457,0.0000,0.0000,-0.0144,-0.0058,-0.0248
0.2000,1.4763,1.9401,-0.0299,-0.0240,38.4610,-8.1191,0.0000,0.1683,0.1683,-0.0478,0.0000,0.0000,-0.0144,-0.0058,-0.0207
0.2000,1.3885,1.9601,-0.0237,-0.0208,38.6028,-8.1555,0.0000,0.1739,0.1739,-0.0521,0.0000,0.0000,-0.0125,-0.0050,-0.0186
0.2000,1.4741,1.9801,-0.0169,-0.0208,38.7401,-8.1965,0.0000,0.1684,0.1684,-0.0561,0.0000,0.0000,-0.0125,-0.0050,-0.0196
0.2000,1.4506,2.0001,-0.0115,-0.0208,38.8835,-8.2395,0.0000,0.1660,0.1660,-0.0592,0.0000,0.0000,-0.0125,-0.0050,-0.0208
0.2000,1.4199,2.0201,-0.0048,-0.0208,39.0266,-8.2853,0.0000,0.1605,0.1605,-0.0631,0.0000,0.0000,-0.0125,-0.0050,-0.0221
0.2000,1.4834,2.0401,0.0000,-0.0208,39.1708,-8.3279,0.0000,0.1565,0.1565,-0.0654,0.0000,0.0000,-0.0125,-0.0050,-0.0202
0.2000,1.4895,2.0601,0.0005,-0.0287,39.3238,-8.3769,0.0000,0.1466,0.1466,-0.0999,0.0000,0.0000,-0.0173,-0.0069,-0.0128
0.2000,1.4908,2.0801,0.0089,-0.0287,39.4823,-8.4271,0.0000,0.1404,0.1404,-0.0938,0.0000,0.0000,-0.0173,-0.0069,-0.0064
0.2000,1.5928,2.1001,0.0173,-0.0287,39.6325,-8.4756,0.0000,0.1250,0.1250,-0.0935,0.0000,0.0000,-0.0173,-0.0069,-0.0008
0.2000,1.6483,2.1201,0.0089,-0.0552,39.7936,-8.5182,0.0000,0.1222,0.1222,-0.0480,0.0000,0.0000,-0.0333,-0.0133,0.0045
0.2000,1.5651,2.1401,0.0005,-0.0552,39.9688,-8.5635,0.0000,0.1356,0.1356,-0.0424,0.0000,0.0000,-0.0333,-0.0133,0.0060
0.2000,1.6516,2.1601,-0.0079,-0.0552,40.1321,-8.5965,0.0000,0.1486,0.1486,-0.0423,0.0000,0.0000,-0.0333,-0.0133,0.0091
0.2000,1.7965,2.1801,-0.0163,-0.0552,40.2976,-8.6344,0.0000,0.1632,0.1632,-0.0329,0.0000,0.0000,-0.0333,-0.0133,0.0165
0.2000,1.6506,2.2001,-0.0247,-0.0552,40.4587,-8.6749,0.0000,0.1714,0.1714,-0.0356,0.0000,0.0000,-0.0333,-0.0133,0.0180
0.2000,1.6858,2.2201,-0.0220,-0.0441,40.6256,-8.7209,0.0000,0.1838,0.1838,0.0055,0.0000,0.0000,-0.0266,-0.0106,0.0105
0.2000,1.6465,2.2401,-0.0304,-0.0441,40.7813,-8.7790,0.0000,0.1744,0.1744,-0.0030,0.0000,0.0000,-0.0266,-0.0106,0.0038
0.2000,1.7176,2.2601,-0.0387,-0.0441,40.9551,-8.8408,0.0000,0.1711,0.1711,-0.0072,0.0000,0.0000,-0.0266,-0.0106,-0.0048
0.2000,1.6477,2.2801,-0.0471,-0.0441,41.1151,-8.8850,0.0000,0.1752,0.1752,-0.0175,0.0000,0.0000,-0.0266,-0.0106,-0.0129
0.2000,1.8283,2.2939,-0.0387,-0.0323,41.2802,-8.9359,0.0000,0.1689,0.1689,-0.0482,0.0000,0.0000,-0.0195,-0.0078,-0.0150
0.2000,1.6441,2.3139,-0.0316,-0.0323,41.4466,-8.9825,0.0000,0.1751,0.1751,-0.0536,0.0000,0.0000,-0.0195,-0.0078,-0.0183
0.2000,1.7124,2.3325,-0.0240,-0.0323,41.6144,-9.0273,0.0000,0.1745,0.1745,-0.0652,0.0000,0.0000,-0.0195,-0.0078,-0.0288
0.2000,1.7118,2.3493,-0.0324,-0.0528,41.7812,-9.0845,0.0000,0.1657,0.1657,-0.0220,0.0000,0.0000,-0.0318,-0.0127,-0.0354
0.2000,1.7190,2.3643,-0.0407,-0.0528,41.9566,-9.1455,0.0000,0.1681,0.1681,-0.0241,0.0000,0.0000,-0.0318,-0.0127,-0.0311
0.2000,1.7482,2.3777,-0.0491,-0.0528,42.1413,-9.2107,0.0000,0.1716,0.1716,-0.0241,0.0000,0.0000,-0.0318,-0.0127,-0.0279
0.2000,1.8404,2.3795,-0.0575,-0.0528,42.3242,-9.2774,0.0000,0.1715,0.1715,-0.0232,0.0000,0.0000,-0.0318,-0.0127,-0.0170
0.1134,1.9417,2.3527,-0.0491,-0.0356,42.4899,-9.3336,0.0000,0.1666,0.1666,-0.0401,0.0000,0.0000,-0.0214,-0.0086,-0.0235
0.2000,1.9296,2.3330,-0.0409,-0.0356,42.6535,-9.3932,0.0000,0.1591,0.1591,-0.0519,0.0000,0.0000,-0.0214,-0.0086,-0.0322
0.2000,1.7340,2.3497,-0.0409,-0.0356,42.8290,-9.4512,0.0000,0.1623,0.1623,-0.0627,0.0000,0.0000,-0.0214,-0.0086,-0.0427
0.2000,1.7246,2.3647,-0.0325,-0.0356,42.9771,-9.5225,0.0000,0.1401,0.1401,-0.0735,0.0000,0.0000,-0.0214,-0.0086,-0.0516
0.2000,1.8309,2.3696,-0.0350,-0.0450,43.1371,-9.5876,0.0000,0.1309,0.1309,-0.0488,0.0000,0.0000,-0.0272,-0.0109,-0.0388
0.1999,1.6313,2.3827,-0.0335,-0.0450,43.3052,-9.6435,0.0000,0.1432,0.1432,-0.0491,0.0000,0.0000,-0.0272,-0.0109,-0.0325
0.2000,1.7125,2.3944,-0.0290,-0.0450,43.4763,-9.7131,0.0000,0.1369,0.1369,-0.0540,0.0000,0.0000,-0.0272,-0.0109,-0.0324
0.2000,1.7542,2.4045,-0.0261,-0.0450,43.6498,-9.7806,0.0000,0.1349,0.1349,-0.0561,0.0000,0.0000,-0.0272,-0.0109,-0.0257
0.1999,1.8307,2.4055,-0.0293,-0.0399,43.8129,-9.8538,0.0000,0.1244,0.1244,-0.0337,0.0000,0.0000,-0.0241,-0.0096,-0.0267
0.2000,1.8443,2.4038,-0.0377,-0.0399,43.9717,-9.9360,0.0000,0.1097,0.1097,-0.0362,0.0000,0.0000,-0.0241,-0.0096,-0.0250
0.1999,1.7722,2.4120,-0.0331,-0.0399,44.1325,-10.0113,0.0000,0.1044,0.1044,-0.0367,0.0000,0.0000,-0.0241,-0.0096,-0.0208
0.2000,1.7743,2.4192,-0.0289,-0.0399,44.2952,-10.0820,0.0000,0.1012,0.1012,-0.0401,0.0000,0.0000,-0.0241,-0.0096,-0.0189
0.2000,1.7606,2.4266,-0.0205,-0.0337,44.4598,-10.1413,0.0000,0.1089,0.1089,-0.0471,0.0000,0.0000,-0.0203,-0.0081,-0.0220
0.2000,1.7582,2.4333,-0.0121,-0.0337,44.6137,-10.2120,0.0000,0.0985,0.0985,-0.0568,0.0000,0.0000,-0.0203,-0.0081,-0.0292
0.2000,1.7325,2.4400,-0.0050,-0.0337,44.7748,-10.2809,0.0000,0.0977,0.0977,-0.0584,0.0000,0.0000,-0.0203,-0.0081,-0.0250
0.1999,1.6796,2.4460,-0.0042,-0.0337,44.9356,-10.3539,0.0000,0.0969,0.0969,-0.0564,0.0000,0.0000,-0.0203,-0.0081,-0.0209
0.1999,1.7365,2.4514,-0.0126,-0.0431,45.1015,-10.4278,0.0000,0.0941,0.0941,-0.0369,0.0000,0.0000,-0.0260,-0.0104,-0.0127
0.1999,1.7502,2.4560,-0.0210,-0.0431,45.2676,-10.4962,0.0000,0.1017,0.1017,-0.0338,0.0000,0.0000,-0.0260,-0.0104,-0.0045
0.1999,1.7997,2.4563,-0.0294,-0.0431,45.4286,-10.5632,0.0000,0.1076,0.1076,-0.0312,0.0000,0.0000,-0.0260,-0.0104,0.0021
0.2000,1.7814,2.4585,-0.0340,-0.0431,45.5822,-10.6307,0.0000,0.1088,0.1088,-0.0332,0.0000,0.0000,-0.0260,-0.0104,0.0017
0.2000,1.7291,2.4627,-0.0415,-0.0421,45.7417,-10.6993,0.0000,0.1133,0.1133,0.0058,0.0000,0.0000,-0.0254,-0.0102,-0.0056
0.2000,1.6618,2.4664,-0.0499,-0.0421,45.8979,-10.7711,0.0000,0.1162,0.1162,-0.0016,0.0000,0.0000,-0.0254,-0.0102,-0.0141
0.2000,1.7215,2.4698,-0.0583,-0.0421,46.0600,-10.8438,0.0000,0.1200,0.1200,-0.0104,0.0000,0.0000,-0.0254,-0.0102,-0.0220
0.2000,1.7037,2.4728,-0.0667,-0.0421,46.2205,-10.9210,0.0000,0.1200,0.1200,-0.0169,0.0000,0.0000,-0.0254,-0.0102,-0.0265
0.1999,1.7604,2.4755,-0.0583,-0.0265,46.3758,-10.9980,0.0000,0.1158,0.1158,-0.0173,0.0000,0.0000,-0.0160,-0.0064,-0.0333
0.1999,1.7654,2.4780,-0.0499,-0.0265,46.5228,-11.0749,0.0000,0.1070,0.1070,-0.0311,0.0000,0.0000,-0.0160,-0.0064,-0.0456
0.2000,1.7181,2.4802,-0.0415,-0.0265,46.6808,-11.1515,0.0000,0.1046,0.1046,-0.0434,0.0000,0.0000,-0.0160,-0.0064,-0.0550
0.2000,1.6454,2.4822,-0.0331,-0.0265,46.8283,-11.2349,0.0000,0.0943,0.0943,-0.0521,0.0000,0.0000,-0.0160,-0.0064,-0.0621
0.2000,1.7395,2.4839,-0.0273,-0.0291,46.9735,-11.3231,0.0000,0.0788,0.0788,-0.0573,0.0000,0.0000,-0.0176,-0.0070,-0.0545
0.2000,1.6810,2.4855,-0.0189,-0.0291,47.1315,-11.4063,0.0000,0.0780,0.0780,-0.0553,0.0000,0.0000,-0.0176,-0.0070,-0.0414
0.2000,1.6849,2.4870,-0.0105,-0.0291,47.2901,-11.4818,0.0000,0.0826,0.0826,-0.0554,0.0000,0.0000,-0.0176,-0.0070,-0.0327
0.2000,1.7696,2.4883,-0.0021,-0.0291,47.4422,-11.5611,0.0000,0.0782,0.0782,-0.0571,0.0000,0.0000,-0.0176,-0.0070,-0.0258
0.1999,1.7405,2.4895,-0.0105,-0.0402,47.5896,-11.6361,0.0000,0.0804,0.0804,-0.0392,0.0000,0.0000,-0.0242,-0.0097,-0.0206
0.1999,1.7005,2.4905,-0.0189,-0.0402,47.7393,-11.7114,0.0000,0.0869,0.0869,-0.0376,0.0000,0.0000,-0.0242,-0.0097,-0.0148
0.2000,1.6383,2.4915,-0.0268,-0.0402,47.8915,-11.7912,0.0000,0.0930,0.0930,-0.0323,0.0000,0.0000,-0.0242,-0.0097,-0.0045
0.2000,1.6609,2.4923,-0.0352,-0.0402,48.0542,-11.8647,0.0000,0.1082,0.1082,-0.0279,0.0000,0.0000,-0.0242,-0.0097,0.0033
0.2000,1.7044,2.4931,-0.0284,-0.0393,48.2041,-11.9396,0.0000,0.1103,0.1103,-0.0440,0.0000,0.0000,-0.0237,-0.0095,-0.0031
0.2000,1.7697,2.4938,-0.0215,-0.0393,48.3601,-12.0139,0.0000,0.1118,0.1118,-0.0517,0.0000,0.0000,-0.0237,-0.0095,-0.0110
0.2000,1.6610,2.4944,-0.0132,-0.0393,48.5057,-12.0931,0.0000,0.1080,0.1080,-0.0594,0.0000,0.0000,-0.0237,-0.0095,-0.0190
0.2000,1.7122,2.4950,-0.0048,-0.0393,48.6480,-12.1872,0.0000,0.0881,0.0881,-0.0643,0.0000,0.0000,-0.0237,-0.0095,-0.0268
0.2000,1.6425,2.4955,0.0005,-0.0393,48.7970,-12.2667,0.0000,0.0873,0.0873,-0.0660,0.0000,0.0000,-0.0237,-0.0095,-0.0215
0.1999,1.6914,2.4959,-0.0079,-0.0539,48.9415,-12.3382,0.0000,0.0941,0.0941,-0.0355,0.0000,0.0000,-0.0325,-0.0130,-0.0147
0.1999,1.6728,2.4963,-0.0163,-0.0539,49.0880,-12.4251,0.0000,0.0952,0.0952,-0.0294,0.0000,0.0000,-0.0325,-0.0130,-0.0069
0.2000,1.5977,2.4967,-0.0247,-0.0539,49.2390,-12.5134,0.0000,0.0944,0.0944,-0.0276,0.0000,0.0000,-0.0325,-0.0130,0.0012
0.2000,1.6892,2.4970,-0.0331,-0.0539,49.3773,-12.5797,0.0000,0.1056,0.1056,-0.0246,0.0000,0.0000,-0.0325,-0.0130,0.0062
0.2000,1.7342,2.4973,-0.0354,-0.0479,49.5355,-12.6573,0.0000,0.1163,0.1163,0.0033,0.0000,0.0000,-0.0289,-0.0115,-0.0005
0.2000,1.5203,2.4976,-0.0438,-0.0479,49.6900,-12.7350,0.0000,0.1279,0.1279,-0.0028,0.0000,0.0000,-0.0289,-0.0115,-0.0082
0.2000,1.7451,2.4978,-0.0522,-0.0479,49.8462,-12.8162,0.0000,0.1362,0.1362,-0.0109,0.0000,0.0000,-0.0289,-0.0115,-0.0165
0.2000,1.7145,2.4980,-0.0606,-0.0479,49.9992,-12.9087,0.0000,0.1342,0.1342,-0.0176,0.0000,0.0000,-0.0289,-0.0115,-0.0248
0.2000,1.7438,2.4982,-0.0582,-0.0368,50.1497,-12.9997,0.0000,0.1318,0.1318,-0.0087,0.0000,0.0000,-0.0222,-0.0089,-0.0276
0.2000,1.7726,2.4984,-0.0553,-0.0368,50.3006,-13.0996,0.0000,0.1234,0.1234,-0.0177,0.0000,0.0000,-0.0222,-0.0089,-0.0349
0.1999,1.7433,2.4986,-0.0472,-0.0368,50.4566,-13.1886,0.0000,0.1242,0.1242,-0.0312,0.0000,0.0000,-0.0222,-0.0089,-0.0472
0.2000,1.7954,2.4987,-0.0388,-0.0368,50.5923,-13.2805,0.0000,0.1110,0.1110,-0.0439,0.0000,0.0000,-0.0222,-0.0089,-0.0561
0.2000,1.7779,2.4988,-0.0304,-0.0339,50.7344,-13.3726,0.0000,0.1060,0.1060,-0.0400,0.0000,0.0000,-0.0204,-0.0082,-0.0547
0.2000,1.6263,2.4990,-0.0254,-0.0339,50.8817,-13.4601,0.0000,0.1138,0.1138,-0.0409,0.0000,0.0000,-0.0204,-0.0082,-0.0524
0.2000,1.6783,2.4991,-0.0231,-0.0339,51.0267,-13.5455,0.0000,0.1184,0.1184,-0.0424,0.0000,0.0000,-0.0204,-0.0082,-0.0412
0.2000,1.6983,2.4992,-0.0217,-0.0339,51.1696,-13.6418,0.0000,0.1147,0.1147,-0.0425,0.0000,0.0000,-0.0204,-0.0082,-0.0333
0.2000,1.6668,2.4992,-0.0244,-0.0338,51.3189,-13.7345,0.0000,0.1199,0.1199,-0.0360,0.0000,0.0000,-0.0203,-0.0081,-0.0254
0.2000,1.7080,2.4993,-0.0258,-0.0338,51.4654,-13.8300,0.0000,0.1201,0.1201,-0.0358,0.0000,0.0000,-0.0203,-0.0081,-0.0191
0.2000,1.7418,2.4994,-0.0267,-0.0338,51.6120,-13.9220,0.0000,0.1221,0.1221,-0.0379,0.0000,0.0000,-0.0203,-0.0081,-0.0167
0.2000,1.7325,2.4994,-0.0311,-0.0338,51.7593,-14.0109,0.0000,0.1281,0.1281,-0.0397,0.0000,0.0000,-0.0203,-0.0081,-0.0148
0.2000,1.7157,2.4995,-0.0395,-0.0358,51.8965,-14.0997,0.0000,0.1291,0.1291,-0.0098,0.0000,0.0000,-0.0216,-0.0086,-0.0175
0.2000,1.7049,2.4996,-0.0479,-0.0358,52.0435,-14.1923,0.0000,0.1379,0.1379,-0.0124,0.0000,0.0000,-0.0216,-0.0086,-0.0184
0.2000,1.6188,2.4996,-0.0563,-0.0358,52.1900,-14.2842,0.0000,0.1474,0.1474,-0.0149,0.0000,0.0000,-0.0216,-0.0086,-0.0194
0.2000,1.7229,2.4996,-0.0564,-0.0358,52.3293,-14.3805,0.0000,0.1448,0.1448,-0.0221,0.0000,0.0000,-0.0216,-0.0086,-0.0219
0.2000,1.7129,2.4997,-0.0501,-0.0211,52.4702,-14.4825,0.0000,0.1405,0.1405,0.0118,0.0000,0.0000,-0.0127,-0.0051,-0.0298
0.2000,1.6790,2.4997,-0.0584,-0.0211,52.6023,-14.5837,0.0000,0.1349,0.1349,0.0007,0.0000,0.0000,-0.0127,-0.0051,-0.0373
0.1999,1.7241,2.4997,-0.0518,-0.0211,52.7415,-14.6901,0.0000,0.1297,0.1297,-0.0126,0.0000,0.0000,-0.0127,-0.0051,-0.0501
0.1999,1.6512,2.4998,-0.0442,-0.0211,52.8917,-14.8046,0.0000,0.1281,0.1281,-0.0188,0.0000,0.0000,-0.0127,-0.0051,-0.0532
0.2000,1.7373,2.4998,-0.0358,-0.0020,53.0290,-14.9043,0.0000,0.1268,0.1268,-0.0494,0.0000,0.0000,-0.0012,-0.0005,-0.0476
0.2000,1.8720,2.4971,-0.0274,-0.0020,53.1692,-15.0086,0.0000,0.1193,0.1193,-0.0580,0.0000,0.0000,-0.0012,-0.0005,-0.0521
0.1999,1.6818,2.4974,-0.0190,-0.0020,53.3011,-15.1109,0.0000,0.1162,0.1162,-0.0622,0.0000,0.0000,-0.0012,-0.0005,-0.0520
0.2000,1.6545,2.4977,-0.0106,-0.0020,53.4337,-15.2187,0.0000,0.1082,0.1082,-0.0614,0.0000,0.0000,-0.0012,-0.0005,-0.0391
0.2000,1.6545,2.4979,-0.0164,-0.0155,53.5779,-15.3186,0.0000,0.1157,0.1157,-0.0353,0.0000,0.0000,-0.0093,-0.0037,-0.0304
0.2000,1.6948,2.4981,-0.0234,-0.0155,53.7237,-15.4196,0.0000,0.1253,0.1253,-0.0347,0.0000,0.0000,-0.0093,-0.0037,-0.0228
0.2000,1.7380,2.4983,-0.0187,-0.0155,53.8656,-15.5286,0.0000,0.1274,0.1274,-0.0330,0.0000,0.0000,-0.0093,-0.0037,-0.0169
0.2000,1.7582,2.4985,-0.0271,-0.0155,53.9947,-15.6389,0.0000,0.1207,0.1207,-0.0303,0.0000,0.0000,-0.0093,-0.0037,-0.0065
0.2000,1.7734,2.4986,-0.0187,-0.0052,54.1216,-15.7438,0.0000,0.1141,0.1141,-0.0271,0.0000,0.0000,-0.0031,-0.0012,-0.0088
0.1999,1.6831,2.4988,-0.0106,-0.0052,54.2546,-15.8455,0.0000,0.1171,0.1171,-0.0301,0.0000,0.0000,-0.0031,-0.0012,-0.0114
0.2000,1.6325,2.4989,-0.0042,-0.0052,54.3892,-15.9479,0.0000,0.1186,0.1186,-0.0351,0.0000,0.0000,-0.0031,-0.0012,-0.0136
0.2000,1.6602,2.4990,0.0003,-0.0052,54.5240,-16.0620,0.0000,0.1123,0.1123,-0.0371,0.0000,0.0000,-0.0031,-0.0012,-0.0150
0.2000,1.6758,2.4991,0.0087,-0.0013,54.6621,-16.1656,0.0000,0.1159,0.1159,-0.0532,0.0000,0.0000,-0.0008,-0.0003,-0.0174
0.2000,1.7511,2.4992,0.0142,-0.0013,54.8025,-16.2713,0.0000,0.1178,0.1178,-0.0505,0.0000,0.0000,-0.0008,-0.0003,-0.0092
0.2000,1.7107,2.4993,0.0142,-0.0013,54.9436,-16.3730,0.0000,0.1266,0.1266,-0.0476,0.0000,0.0000,-0.0008,-0.0003,-0.0029
0.2000,1.7424,2.4993,0.0082,-0.0013,55.0845,-16.4736,0.0000,0.1384,0.1384,-0.0399,0.0000,0.0000,-0.0008,-0.0003,0.0033
0.2000,1.7241,2.4994,-0.0002,-0.0089,55.2251,-16.5732,0.0000,0.1483,0.1483,-0.0234,0.0000,0.0000,-0.0053,-0.0021,0.0079
0.2000,1.7187,2.4995,-0.0086,-0.0089,55.3695,-16.6772,0.0000,0.1605,0.1605,-0.0183,0.0000,0.0000,-0.0053,-0.0021,0.0157
0.2000,1.7083,2.4995,-0.0169,-0.0089,55.5051,-16.7819,0.0000,0.1651,0.1651,-0.0163,0.0000,0.0000,-0.0053,-0.0021,0.0181
0.2000,1.7648,2.4996,-0.0253,-0.0089,55.6341,-16.8824,0.0000,0.1670,0.1670,-0.0171,0.0000,0.0000,-0.0053,-0.0021,0.0149
0.2000,1.6990,2.4996,-0.0265,-0.0017,55.7695,-16.9869,0.0000,0.1700,0.1700,-0.0199,0.0000,0.0000,-0.0010,-0.0004,0.0101
0.2000,1.6211,2.4997,-0.0293,-0.0017,55.9076,-17.0872,0.0000,0.1766,0.1766,-0.0254,0.0000,0.0000,-0.0010,-0.0004,0.0020
0.2000,1.6957,2.4997,-0.0249,-0.0017,56.0474,-17.1963,0.0000,0.1743,0.1743,-0.0316,0.0000,0.0000,-0.0010,-0.0004,-0.0042
0.1999,1.6917,2.4997,-0.0171,-0.0017,56.1740,-17.3028,0.0000,0.1663,0.1663,-0.0392,0.0000,0.0000,-0.0010,-0.0004,-0.0142
0.1999,1.7578,2.4997,-0.0087,-0.0014,56.3176,-17.4099,0.0000,0.1671,0.1671,-0.0487,0.0000,0.0000,-0.0008,-0.0003,-0.0192
0.2000,1.6402,2.4998,-0.0025,-0.0014,56.4520,-17.5155,0.0000,0.1681,0.1681,-0.0526,0.0000,0.0000,-0.0008,-0.0003,-0.0216
0.2000,1.7753,2.4998,0.0034,-0.0014,56.5828,-17.6227,0.0000,0.1616,0.1616,-0.0538,0.0000,0.0000,-0.0008,-0.0003,-0.0190
0.2000,1.6938,2.4998,-0.0050,-0.0014,56.7165,-17.7291,0.0000,0.1648,0.1648,-0.0512,0.0000,0.0000,-0.0008,-0.0003,-0.0142
0.2000,1.6762,2.4998,-0.0134,-0.0014,56.8569,-17.8344,0.0000,0.1726,0.1726,-0.0469,0.0000,0.0000,-0.0008,-0.0003,-0.0064
0.2000,1.6947,2.4998,-0.0110,-0.0011,56.9938,-17.9347,0.0000,0.1806,0.1806,-0.0455,0.0000,0.0000,-0.0006,-0.0003,0.0004
0.2000,1.7400,2.4999,-0.0194,-0.0011,57.1347,-18.0406,0.0000,0.1860,0.1860,-0.0419,0.0000,0.0000,-0.0006,-0.0003,0.0070
0.2000,1.6818,2.4999,-0.0146,-0.0011,57.2688,-18.1435,0.0000,0.1900,0.1900,-0.0419,0.0000,0.0000,-0.0006,-0.0003,0.0085
0.2000,1.7480,2.4999,-0.0095,-0.0011,57.3981,-18.2450,0.0000,0.1873,0.1873,-0.0463,0.0000,0.0000,-0.0006,-0.0003,0.0013
0.2000,1.6760,2.4999,-0.0179,-0.0025,57.5318,-18.3505,0.0000,0.1911,0.1911,-0.0156,0.0000,0.0000,-0.0015,-0.0006,-0.0050
0.2000,1.6294,2.4999,-0.0262,-0.0025,57.6632,-18.4651,0.0000,0.1881,0.1881,-0.0181,0.0000,0.0000,-0.0015,-0.0006,-0.0068
0.2000,1.6886,2.4999,-0.0346,-0.0025,57.7910,-18.5771,0.0000,0.1827,0.1827,-0.0227,0.0000,0.0000,-0.0015,-0.0006,-0.0112
0.2000,1.7286,2.4999,-0.0378,-0.0025,57.9202,-18.6752,0.0000,0.1903,0.1903,-0.0227,0.0000,0.0000,-0.0015,-0.0006,-0.0050
0.1999,1.6845,2.4999,-0.0294,0.0160,58.0489,-18.7816,0.0000,0.1885,0.1885,-0.0526,0.0000,0.0000,0.0096,0.0039,-0.0061
0.2000,1.6076,2.4999,-0.0211,0.0160,58.1816,-18.8896,0.0000,0.1859,0.1859,-0.0596,0.0000,0.0000,0.0096,0.0039,-0.0139
0.2000,1.6547,2.4999,-0.0127,0.0160,58.3054,-19.0007,0.0000,0.1711,0.1711,-0.0685,0.0000,0.0000,0.0096,0.0039,-0.0244
0.2000,1.6956,2.5000,-0.0043,0.0160,58.4437,-19.1200,0.0000,0.1596,0.1596,-0.0755,0.0000,0.0000,0.0096,0.0039,-0.0297
0.2000,1.6497,2.5000,-0.0078,0.0041,58.5715,-19.2285,0.0000,0.1570,0.1570,-0.0668,0.0000,0.0000,0.0025,0.0010,-0.0247
0.1999,1.8100,2.4971,0.0006,0.0041,58.7023,-19.3400,0.0000,0.1477,0.1477,-0.0675,0.0000,0.0000,0.0025,0.0010,-0.0185
0.2000,1.6619,2.4974,0.0090,0.0041,58.8375,-19.4610,0.0000,0.1465,0.1465,-0.0624,0.0000,0.0000,0.0025,0.0010,-0.0072
0.2000,1.7034,2.4976,0.0171,0.0041,58.9591,-19.5647,0.0000,0.1434,0.1434,-0.0594,0.0000,0.0000,0.0025,0.0010,0.0012
0.2000,1.7990,2.4960,0.0255,0.0087,59.0719,-19.6828,0.0000,0.1200,0.1200,-0.0763,0.0000,0.0000,0.0052,0.0021,-0.0007
0.2000,1.5839,2.4964,0.0339,0.0087,59.1930,-19.7999,0.0000,0.1143,0.1143,-0.0717,0.0000,0.0000,0.0052,0.0021,0.0054
0.2000,1.6194,2.4967,0.0423,0.0087,59.3127,-19.9102,0.0000,0.1041,0.1041,-0.0661,0.0000,0.0000,0.0052,0.0021,0.0141
0.1999,1.6697,2.4971,0.0419,0.0087,59.4439,-20.0138,0.0000,0.1055,0.1055,-0.0616,0.0000,0.0000,0.0052,0.0021,0.0196
0.1999,1.6145,2.4974,0.0375,0.0087,59.5725,-20.1227,0.0000,0.1063,0.1063,-0.0546,0.0000,0.0000,0.0052,0.0021,0.0284
0.2000,1.6572,2.4976,0.0291,0.0001,59.7085,-20.2188,0.0000,0.1257,0.1257,-0.0294,0.0000,0.0000,0.0000,0.0000,0.0373
0.2000,1.6714,2.4979,0.0207,0.0001,59.8382,-20.3179,0.0000,0.1335,0.1335,-0.0238,0.0000,0.0000,0.0000,0.0000,0.0450
0.2000,1.6569,2.4981,0.0123,0.0001,59.9696,-20.4116,0.0000,0.1515,0.1515,-0.0156,0.0000,0.0000,0.0000,0.0000,0.0430
0.2000,1.6191,2.4983,0.0040,0.0001,60.1074,-20.5134,0.0000,0.1589,0.1589,-0.0185,0.0000,0.0000,0.0000,0.0000,0.0387
0.2000,1.6057,2.4984,0.0029,0.0074,60.2433,-20.6074,0.0000,0.1730,0.1730,-0.0309,0.0000,0.0000,0.0045,0.0018,0.0324
0.2000,1.6980,2.4986,-0.0053,0.0074,60.3698,-20.7105,0.0000,0.1673,0.1673,-0.0344,0.0000,0.0000,0.0045,0.0018,0.0246
0.2000,1.6418,2.4987,-0.0006,0.0074,60.5034,-20.8185,0.0000,0.1658,0.1658,-0.0376,0.0000,0.0000,0.0045,0.0018,0.0177
0.2000,1.6176,2.4989,-0.0031,0.0074,60.6447,-20.9177,0.0000,0.1779,0.1779,-0.0377,0.0000,0.0000,0.0045,0.0018,0.0095
0.2000,1.7038,2.4990,-0.0115,0.0034,60.7780,-21.0131,0.0000,0.1822,0.1822,-0.0405,0.0000,0.0000,0.0021,0.0008,0.0084
0.2000,1.7137,2.4991,-0.0057,0.0034,60.9073,-21.1209,0.0000,0.1757,0.1757,-0.0446,0.0000,0.0000,0.0021,0.0008,0.0019
0.2000,1.6241,2.4992,-0.0140,0.0034,61.0417,-21.2219,0.0000,0.1823,0.1823,-0.0435,0.0000,0.0000,0.0021,0.0008,0.0049
0.2000,1.6698,2.4993,-0.0082,0.0034,61.1748,-21.3172,0.0000,0.1875,0.1875,-0.0461,0.0000,0.0000,0.0021,0.0008,0.0028
0.2000,1.6660,2.4993,0.0002,0.0060,61.3070,-21.4243,0.0000,0.1818,0.1818,-0.0773,0.0000,0.0000,0.0036,0.0014,-0.0038
0.2000,1.6223,2.4994,0.0086,0.0060,61.4367,-21.5301,0.0000,0.1754,0.1754,-0.0775,0.0000,0.0000,0.0036,0.0014,0.0004
0.2000,1.6869,2.4995,0.0170,0.0060,61.5615,-21.6343,0.0000,0.1621,0.1621,-0.0817,0.0000,0.0000,0.0036,0.0014,-0.0061
0.2000,1.6589,2.4995,0.0254,0.0060,61.6881,-21.7405,0.0000,0.1549,0.1549,-0.0795,0.0000,0.0000,0.0036,0.0014,-0.0019
0.2000,1.6120,2.4996,0.0170,-0.0050,61.8191,-21.8519,0.0000,0.1488,0.1488,-0.0393,0.0000,0.0000,-0.0030,-0.0012,0.0053
0.2000,1.6387,2.4996,0.0086,-0.0050,61.9551,-21.9613,0.0000,0.1510,0.1510,-0.0342,0.0000,0.0000,-0.0030,-0.0012,0.0128
0.2000,1.7047,2.4996,0.0002,-0.0050,62.0937,-22.0573,0.0000,0.1709,0.1709,-0.0217,0.0000,0.0000,-0.0030,-0.0012,0.0202
0.2000,1.7313,2.4997,-0.0082,-0.0050,62.2284,-22.1585,0.0000,0.1765,0.1765,-0.0193,0.0000,0.0000,-0.0030,-0.0012,0.0280
0.2000,1.6766,2.4997,0.0002,0.0176,62.3683,-22.2397,0.0000,0.2042,0.2042,-0.0190,0.0000,0.0000,0.0106,0.0043,0.0220
0.2000,1.6695,2.4997,-0.0082,0.0176,62.5058,-22.3399,0.0000,0.2083,0.2083,-0.0260,0.0000,0.0000,0.0106,0.0043,0.0139
0.2000,1.6084,2.4998,-0.0165,0.0176,62.6411,-22.4414,0.0000,0.2118,0.2118,-0.0317,0.0000,0.0000,0.0106,0.0043,0.0066
0.1999,1.6860,2.4998,-0.0100,0.0176,62.7576,-22.5460,0.0000,0.1996,0.1996,-0.0363,0.0000,0.0000,0.0106,0.0043,-0.0008
0.2000,1.6756,2.4998,-0.0118,0.0176,62.8888,-22.6514,0.0000,0.2034,0.2034,-0.0306,0.0000,0.0000,0.0106,0.0043,0.0054
0.2000,1.5532,2.4998,-0.0034,0.0225,63.0235,-22.7546,0.0000,0.2040,0.2040,-0.0467,0.0000,0.0000,0.0136,0.0054,-0.0008
0.1999,1.6685,2.4998,0.0048,0.0225,63.1546,-22.8577,0.0000,0.1983,0.1983,-0.0527,0.0000,0.0000,0.0136,0.0054,-0.0080
0.2000,1.6816,2.4999,0.0114,0.0225,63.2830,-22.9666,0.0000,0.1914,0.1914,-0.0524,0.0000,0.0000,0.0136,0.0054,-0.0034
0.2000,1.6522,2.4999,0.0182,0.0225,63.4181,-23.0771,0.0000,0.1881,0.1881,-0.0541,0.0000,0.0000,0.0136,0.0054,-0.0051
0.1178,1.6702,2.4717,0.0121,0.0250,63.5561,-23.1867,0.0000,0.1895,0.1895,-0.0418,0.0000,0.0000,0.0151,0.0060,0.0010
0.1999,1.7297,2.4317,0.0037,0.0250,63.6860,-23.2942,0.0000,0.1886,0.1886,-0.0368,0.0000,0.0000,0.0151,0.0060,0.0090
0.2000,1.7480,2.3917,-0.0046,0.0250,63.8197,-23.4115,0.0000,0.1837,0.1837,-0.0319,0.0000,0.0000,0.0151,0.0060,0.0145
0.2000,1.6714,2.3739,-0.0046,0.0250,63.9601,-23.5126,0.0000,0.2001,0.2001,-0.0234,0.0000,0.0000,0.0151,0.0060,0.0219
0.1776,1.7639,2.3339,-0.0001,0.0379,64.1076,-23.6151,0.0000,0.2115,0.2115,-0.0222,0.0000,0.0000,0.0229,0.0091,0.0180
0.2000,1.7174,2.3054,-0.0085,0.0379,64.2415,-23.7247,0.0000,0.2083,0.2083,-0.0273,0.0000,0.0000,0.0229,0.0091,0.0118
0.1141,1.7815,2.2654,-0.0118,0.0379,64.3758,-23.8298,0.0000,0.2066,0.2066,-0.0333,0.0000,0.0000,0.0229,0.0091,0.0036
0.2000,1.7148,2.2448,-0.0053,0.0379,64.5052,-23.9395,0.0000,0.2033,0.2033,-0.0344,0.0000,0.0000,0.0229,0.0091,0.0023
0.2000,1.6905,2.2354,0.0031,0.0487,64.6351,-24.0424,0.0000,0.2048,0.2048,-0.0588,0.0000,0.0000,0.0293,0.0117,0.0055
0.2000,1.6817,2.2299,0.0114,0.0487,64.7676,-24.1307,0.0000,0.2135,0.2135,-0.0619,0.0000,0.0000,0.0293,0.0117,0.0012
0.2000,1.6445,2.2362,0.0198,0.0487,64.8956,-24.2329,0.0000,0.2085,0.2085,-0.0661,0.0000,0.0000,0.0293,0.0117,-0.0039
0.2000,1.5776,2.2522,0.0282,0.0487,65.0296,-24.3542,0.0000,0.1959,0.1959,-0.0645,0.0000,0.0000,0.0293,0.0117,0.0007
0.1999,1.6239,2.2597,0.0332,0.0453,65.1658,-24.4626,0.0000,0.1900,0.1900,-0.0903,0.0000,0.0000,0.0273,0.0109,0.0064
-0.0753,1.7921,2.2197,0.0416,0.0453,65.3099,-24.5613,0.0000,0.1945,0.1945,-0.0787,0.0000,0.0000,0.0273,0.0109,0.0135
0.2000,1.7258,2.1961,0.0488,0.0453,65.4486,-24.6653,0.0000,0.1948,0.1948,-0.0754,0.0000,0.0000,0.0273,0.0109,0.0208
0.2011,1.7368,2.1701,0.0404,0.0453,65.6019,-24.7668,0.0000,0.2101,0.2101,-0.0625,0.0000,0.0000,0.0273,0.0109,0.0309
0.2000,1.7178,2.1548,0.0403,0.0417,65.7400,-24.8771,0.0000,0.2023,0.2023,-0.0631,0.0000,0.0000,0.0251,0.0100,0.0357
-0.2000,1.8280,2.1148,0.0319,0.0417,65.9013,-24.9743,0.0000,0.2248,0.2248,-0.0474,0.0000,0.0000,0.0251,0.0100,0.0425
0.1472,1.7528,2.0895,0.0235,0.0417,66.0386,-25.0819,0.0000,0.2198,0.2198,-0.0450,0.0000,0.0000,0.0251,0.0100,0.0495
-0.2000,1.8755,2.0495,0.0319,0.0519,66.1800,-25.1935,0.0000,0.2076,0.2076,-0.0625,0.0000,0.0000,0.0313,0.0125,0.0455
0.2000,1.7295,2.0414,0.0235,0.0519,66.3333,-25.2877,0.0000,0.2288,0.2288,-0.0558,0.0000,0.0000,0.0313,0.0125,0.0434
-0.2000,1.7866,2.0063,0.0259,0.0519,66.4703,-25.3920,0.0000,0.2173,0.2173,-0.0575,0.0000,0.0000,0.0313,0.0125,0.0395
-0.2000,1.7906,1.9726,0.0175,0.0519,66.6265,-25.4825,0.0000,0.2359,0.2359,-0.0535,0.0000,0.0000,0.0313,0.0125,0.0319
0.2000,1.7075,1.9813,0.0259,0.0544,66.7739,-25.5875,0.0000,0.2335,0.2335,-0.0802,0.0000,0.0000,0.0328,0.0131,0.0334
-0.2000,1.7964,1.9469,0.0342,0.0544,66.9145,-25.6796,0.0000,0.2318,0.2318,-0.0766,0.0000,0.0000,0.0328,0.0131,0.0315
-0.2000,1.7934,1.9177,0.0376,0.0544,67.0521,-25.7782,0.0000,0.2276,0.2276,-0.0733,0.0000,0.0000,0.0328,0.0131,0.0294
0.2000,1.6677,1.9377,0.0428,0.0544,67.1852,-25.8755,0.0000,0.2220,0.2220,-0.0762,0.0000,0.0000,0.0328,0.0131,0.0263
0.2000,1.6793,1.9577,0.0419,0.0544,67.3247,-25.9773,0.0000,0.2166,0.2166,-0.0707,0.0000,0.0000,0.0328,0.0131,0.0251
0.2000,1.6356,1.9777,0.0344,0.0554,67.4611,-26.0632,0.0000,0.2252,0.2252,-0.0609,0.0000,0.0000,0.0334,0.0134,0.0337
0.2000,1.7131,1.9836,0.0260,0.0554,67.6044,-26.1489,0.0000,0.2371,0.2371,-0.0492,0.0000,0.0000,0.0334,0.0134,0.0402
0.2000,1.6007,2.0036,0.0176,0.0554,67.7418,-26.2400,0.0000,0.2384,0.2384,-0.0496,0.0000,0.0000,0.0334,0.0134,0.0438
0.2000,1.6595,2.0236,0.0092,0.0554,67.8810,-26.3154,0.0000,0.2556,0.2556,-0.0414,0.0000,0.0000,0.0334,0.0134,0.0450
0.1999,1.6343,2.0436,0.0176,0.0703,68.0102,-26.4085,0.0000,0.2450,0.2450,-0.0791,0.0000,0.0000,0.0424,0.0170,0.0419
0.1999,1.5745,2.0636,0.0259,0.0703,68.1479,-26.5029,0.0000,0.2367,0.2367,-0.0827,0.0000,0.0000,0.0424,0.0170,0.0344
0.2000,1.5790,2.0836,0.0343,0.0703,68.2849,-26.5949,0.0000,0.2270,0.2270,-0.0867,0.0000,0.0000,0.0424,0.0170,0.0240
0.1999,1.6559,2.0991,0.0427,0.0703,68.4291,-26.6770,0.0000,0.2319,0.2319,-0.0822,0.0000,0.0000,0.0424,0.0170,0.0191
0.1999,1.6360,2.1188,0.0488,0.0679,68.5716,-26.7564,0.0000,0.2410,0.2410,-0.1010,0.0000,0.0000,0.0409,0.0164,0.0172
0.1999,1.6490,2.1329,0.0572,0.0679,68.7078,-26.8486,0.0000,0.2287,0.2287,-0.0982,0.0000,0.0000,0.0409,0.0164,0.0242
0.2000,1.6309,2.1506,0.0653,0.0679,68.8508,-26.9313,0.0000,0.2379,0.2379,-0.0849,0.0000,0.0000,0.0409,0.0164,0.0324
0.2000,1.6309,2.1665,0.0720,0.0679,68.9866,-27.0231,0.0000,0.2269,0.2269,-0.0808,0.0000,0.0000,0.0409,0.0164,0.0421
0.2000,1.6253,2.1823,0.0636,0.0679,69.1313,-27.0971,0.0000,0.2439,0.2439,-0.0679,0.0000,0.0000,0.0409,0.0164,0.0488
0.2000,1.6253,2.1965,0.0720,0.0698,69.2675,-27.1887,0.0000,0.2308,0.2308,-0.0850,0.0000,0.0000,0.0421,0.0168,0.0554
0.2000,1.6191,2.2107,0.0775,0.0698,69.3977,-27.2876,0.0000,0.2120,0.2120,-0.0748,0.0000,0.0000,0.0421,0.0168,0.0685
0.2000,1.6275,2.2215,0.0691,0.0698,69.5577,-27.3598,0.0000,0.2384,0.2384,-0.0556,0.0000,0.0000,0.0421,0.0168,0.0766
0.2000,1.6202,2.2330,0.0608,0.0698,69.7060,-27.4417,0.0000,0.2377,0.2377,-0.0565,0.0000,0.0000,0.0421,0.0168,0.0722
-0.0969,1.7549,2.1949,0.0584,0.0722,69.8707,-27.5120,0.0000,0.2542,0.2542,-0.0825,0.0000,0.0000,0.0436,0.0174,0.0760
0.2000,1.6800,2.1915,0.0649,0.0722,70.0137,-27.5947,0.0000,0.2468,0.2468,-0.0813,0.0000,0.0000,0.0436,0.0174,0.0812
-0.0639,1.7899,2.1515,0.0565,0.0722,70.1611,-27.6710,0.0000,0.2477,0.2477,-0.0679,0.0000,0.0000,0.0436,0.0174,0.0816
-0.0639,1.6375,2.1655,0.0564,0.0722,70.2960,-27.7513,0.0000,0.2384,0.2384,-0.0752,0.0000,0.0000,0.0436,0.0174,0.0742
0.0835,1.6511,2.1743,0.0562,0.0636,70.4413,-27.8106,0.0000,0.2530,0.2530,-0.0933,0.0000,0.0000,0.0384,0.0153,0.0657
0.2000,1.5565,2.1943,0.0640,0.0636,70.6030,-27.8888,0.0000,0.2584,0.2584,-0.0877,0.0000,0.0000,0.0384,0.0153,0.0682
0.2000,1.5668,2.2130,0.0721,0.0636,70.7457,-27.9788,0.0000,0.2354,0.2354,-0.0870,0.0000,0.0000,0.0384,0.0153,0.0692
-0.1871,1.7845,2.1730,0.0799,0.0630,70.8859,-28.0623,0.0000,0.2092,0.2092,-0.1152,0.0000,0.0000,0.0380,0.0152,0.0637
0.2000,1.6728,2.1743,0.0727,0.0630,71.0546,-28.1136,0.0000,0.2470,0.2470,-0.1006,0.0000,0.0000,0.0380,0.0152,0.0634
0.2000,1.6182,2.1910,0.0807,0.0630,71.2075,-28.1874,0.0000,0.2408,0.2408,-0.1002,0.0000,0.0000,0.0380,0.0152,0.0665
-0.1670,1.7692,2.1510,0.0859,0.0630,71.3568,-28.2696,0.0000,0.2192,0.2192,-0.0905,0.0000,0.0000,0.0380,0.0152,0.0731
0.2000,1.6843,2.1504,0.0775,0.0630,71.5283,-28.3227,0.0000,0.2580,0.2580,-0.0689,0.0000,0.0000,0.0380,0.0152,0.0803
0.2000,1.6894,2.1482,0.0691,0.0598,71.6771,-28.4062,0.0000,0.2353,0.2353,-0.0824,0.0000,0.0000,0.0360,0.0144,0.0803
-0.2000,1.8036,2.1082,0.0607,0.0598,71.8461,-28.4554,0.0000,0.2637,0.2637,-0.0616,0.0000,0.0000,0.0360,0.0144,0.0817
0.2000,1.6918,2.1092,0.0523,0.0598,71.9915,-28.5365,0.0000,0.2469,0.2469,-0.0620,0.0000,0.0000,0.0360,0.0144,0.0871
0.0795,1.7656,2.0782,0.0439,0.0598,72.1448,-28.6226,0.0000,0.2237,0.2237,-0.0577,0.0000,0.0000,0.0360,0.0144,0.0876
0.0795,1.6505,2.0960,0.0439,0.0678,72.3193,-28.6682,0.0000,0.2597,0.2597,-0.0931,0.0000,0.0000,0.0409,0.0164,0.0814
-0.0872,1.7433,2.0770,0.0522,0.0678,72.4710,-28.7312,0.0000,0.2415,0.2415,-0.0972,0.0000,0.0000,0.0409,0.0164,0.0733
-0.2000,1.8131,2.0370,0.0597,0.0678,72.6464,-28.7823,0.0000,0.2553,0.2553,-0.0885,0.0000,0.0000,0.0409,0.0164,0.0655
0.2000,1.6281,2.0570,0.0663,0.0678,72.8217,-28.8409,0.0000,0.2659,0.2659,-0.0951,0.0000,0.0000,0.0409,0.0164,0.0505
-0.2000,1.8213,2.0170,0.0625,0.0556,72.9812,-28.9139,0.0000,0.2338,0.2338,-0.1161,0.0000,0.0000,0.0335,0.0134,0.0456
-0.2000,1.8361,1.9770,0.0682,0.0556,73.1479,-28.9698,0.0000,0.2434,0.2434,-0.1019,0.0000,0.0000,0.0335,0.0134,0.0458
0.2000,1.7391,1.9718,0.0724,0.0556,73.3142,-29.0460,0.0000,0.2283,0.2283,-0.0993,0.0000,0.0000,0.0335,0.0134,0.0531
0.1998,1.7531,1.9607,0.0808,0.0598,73.4816,-29.0949,0.0000,0.2445,0.2445,-0.1159,0.0000,0.0000,0.0361,0.0144,0.0675
-0.2000,1.8132,1.9207,0.0869,0.0598,73.6566,-29.1447,0.0000,0.2479,0.2479,-0.1060,0.0000,0.0000,0.0361,0.0144,0.0691
0.2000,1.7391,1.9211,0.0785,0.0598,73.8155,-29.2018,0.0000,0.2411,0.2411,-0.1060,0.0000,0.0000,0.0361,0.0144,0.0702
-0.2000,1.8088,1.8858,0.0701,0.0598,73.9881,-29.2412,0.0000,0.2641,0.2641,-0.0832,0.0000,0.0000,0.0361,0.0144,0.0758
0.2000,1.6755,1.9058,0.0617,0.0598,74.1405,-29.3008,0.0000,0.2543,0.2543,-0.0847,0.0000,0.0000,0.0361,0.0144,0.0793
0.0031,1.7735,1.8912,0.0533,0.0588,74.2910,-29.3425,0.0000,0.2652,0.2652,-0.0603,0.0000,0.0000,0.0355,0.0142,0.0888
0.2000,1.6230,1.9112,0.0449,0.0588,74.4628,-29.3928,0.0000,0.2744,0.2744,-0.0577,0.0000,0.0000,0.0355,0.0142,0.0879
0.2000,1.5576,1.9312,0.0366,0.0588,74.6138,-29.4435,0.0000,0.2680,0.2680,-0.0625,0.0000,0.0000,0.0355,0.0142,0.0806
-0.0479,1.7780,1.9118,0.0450,0.0770,74.7692,-29.4945,0.0000,0.2550,0.2550,-0.0794,0.0000,0.0000,0.0465,0.0186,0.0744
0.2000,1.5798,1.9318,0.0432,0.0770,74.9262,-29.5254,0.0000,0.2820,0.2820,-0.0769,0.0000,0.0000,0.0465,0.0186,0.0576
0.2000,1.6211,1.9518,0.0516,0.0770,75.0779,-29.5722,0.0000,0.2696,0.2696,-0.0837,0.0000,0.0000,0.0465,0.0186,0.0489
0.2000,1.6020,1.9718,0.0600,0.0770,75.2235,-29.6371,0.0000,0.2446,0.2446,-0.0862,0.0000,0.0000,0.0465,0.0186,0.0407
0.2000,1.5729,1.9918,0.0516,0.0770,75.4077,-29.6557,0.0000,0.2874,0.2874,-0.0701,0.0000,0.0000,0.0465,0.0186,0.0430
0.1999,1.5805,2.0118,0.0600,0.0863,75.5513,-29.7054,0.0000,0.2728,0.2728,-0.1177,0.0000,0.0000,0.0521,0.0208,0.0441
-0.2000,1.8558,1.9718,0.0684,0.0863,75.6892,-29.7586,0.0000,0.2424,0.2424,-0.1028,0.0000,0.0000,0.0521,0.0208,0.0514
0.1999,1.5067,1.9918,0.0768,0.0863,75.8265,-29.8170,0.0000,0.2346,0.2346,-0.1034,0.0000,0.0000,0.0521,0.0208,0.0623
0.2000,1.4647,2.0118,0.0852,0.0863,75.9682,-29.8573,0.0000,0.2346,0.2346,-0.0959,0.0000,0.0000,0.0521,0.0208,0.0538
0.2000,1.4789,2.0318,0.0912,0.0863,76.1270,-29.8908,0.0000,0.2410,0.2410,-0.0849,0.0000,0.0000,0.0521,0.0208,0.0641
0.2000,1.4663,2.0518,0.0933,0.0802,76.2713,-29.9377,0.0000,0.2272,0.2272,-0.0912,0.0000,0.0000,0.0484,0.0194,0.0710
0.2000,1.6123,2.0718,0.0849,0.0802,76.4272,-29.9684,0.0000,0.2362,0.2362,-0.0685,0.0000,0.0000,0.0484,0.0194,0.0787
0.2000,1.5052,2.0918,0.0767,0.0802,76.5829,-30.0014,0.0000,0.2439,0.2439,-0.0624,0.0000,0.0000,0.0484,0.0194,0.0886
0.2000,1.5869,2.1118,0.0683,0.0802,76.7315,-30.0298,0.0000,0.2543,0.2543,-0.0454,0.0000,0.0000,0.0484,0.0194,0.0940
0.2000,1.5802,2.1318,0.0767,0.0937,76.8774,-30.0738,0.0000,0.2389,0.2389,-0.0880,0.0000,0.0000,0.0566,0.0226,0.0951
0.2000,1.5075,2.1518,0.0837,0.0937,77.0418,-30.1009,0.0000,0.2526,0.2526,-0.0776,0.0000,0.0000,0.0566,0.0226,0.0878
0.2000,1.5114,2.1718,0.0921,0.0937,77.1939,-30.1474,0.0000,0.2282,0.2282,-0.0830,0.0000,0.0000,0.0566,0.0226,0.0804
0.2000,1.6634,2.1762,0.0837,0.0937,77.3494,-30.1898,0.0000,0.2156,0.2156,-0.0686,0.0000,0.0000,0.0566,0.0226,0.0733
0.2000,1.5769,2.1962,0.0919,0.0937,77.5091,-30.2338,0.0000,0.2015,0.2015,-0.0681,0.0000,0.0000,0.0566,0.0226,0.0807
0.2000,1.5999,2.2147,0.0965,0.0900,77.6722,-30.2622,0.0000,0.2067,0.2067,-0.0931,0.0000,0.0000,0.0544,0.0217,0.0873
0.2000,1.6420,2.2212,0.1033,0.0900,77.8465,-30.2797,0.0000,0.2148,0.2148,-0.0814,0.0000,0.0000,0.0544,0.0217,0.0940
0.1999,1.6517,2.2243,0.1110,0.0900,78.0142,-30.3285,0.0000,0.1902,0.1902,-0.0765,0.0000,0.0000,0.0544,0.0217,0.0891
0.0552,1.7425,2.1929,0.1033,0.0827,78.1749,-30.3781,0.0000,0.1589,0.1589,-0.0716,0.0000,0.0000,0.0499,0.0200,0.0975
0.2000,1.7305,2.1699,0.0950,0.0827,78.3517,-30.3931,0.0000,0.1847,0.1847,-0.0471,0.0000,0.0000,0.0499,0.0200,0.1024
0.2000,1.6667,2.1735,0.0950,0.0827,78.5182,-30.4290,0.0000,0.1706,0.1706,-0.0464,0.0000,0.0000,0.0499,0.0200,0.1071
-0.1206,1.7781,2.1335,0.0866,0.0827,78.6818,-30.4491,0.0000,0.1851,0.1851,-0.0202,0.0000,0.0000,0.0499,0.0200,0.1137
0.2000,1.6891,2.1330,0.0950,0.0960,78.8499,-30.4629,0.0000,0.1964,0.1964,-0.0896,0.0000,0.0000,0.0580,0.0232,0.1086
0.2000,1.6439,2.1471,0.1033,0.0960,79.0111,-30.4767,0.0000,0.1972,0.1972,-0.0856,0.0000,0.0000,0.0580,0.0232,0.1016
0.2000,1.6776,2.1494,0.0949,0.0960,79.1823,-30.4787,0.0000,0.2098,0.2098,-0.0740,0.0000,0.0000,0.0580,0.0232,0.1008
0.2000,1.6096,2.1694,0.1033,0.0960,79.3515,-30.5078,0.0000,0.1890,0.1890,-0.0795,0.0000,0.0000,0.0580,0.0232,0.0936
0.0945,1.7063,2.1588,0.0949,0.0754,79.5227,-30.5119,0.0000,0.2086,0.2086,-0.1210,0.0000,0.0000,0.0455,0.0182,0.1011
0.2000,1.7021,2.1509,0.1033,0.0754,79.6986,-30.5301,0.0000,0.1868,0.1868,-0.1174,0.0000,0.0000,0.0455,0.0182,0.1085
0.2000,1.7173,2.1378,0.1112,0.0754,79.8786,-30.5345,0.0000,0.1912,0.1912,-0.1007,0.0000,0.0000,0.0455,0.0182,0.1026
0.1997,1.7529,2.1101,0.1028,0.0754,80.0636,-30.5396,0.0000,0.1859,0.1859,-0.0899,0.0000,0.0000,0.0455,0.0182,0.1084
-0.1241,1.7985,2.0701,0.0944,0.0527,80.2396,-30.5434,0.0000,0.1863,0.1863,-0.0763,0.0000,0.0000,0.0318,0.0127,0.1029
-0.2000,1.8384,2.0301,0.0860,0.0527,80.4324,-30.5401,0.0000,0.1988,0.1988,-0.0555,0.0000,0.0000,0.0318,0.0127,0.1089
0.1718,1.7531,2.0132,0.0776,0.0527,80.6085,-30.5502,0.0000,0.1917,0.1917,-0.0499,0.0000,0.0000,0.0318,0.0127,0.1157
-0.2000,1.9217,1.9732,0.0860,0.0644,80.7941,-30.5412,0.0000,0.2047,0.2047,-0.1031,0.0000,0.0000,0.0388,0.0155,0.1105
0.2001,1.7501,1.9633,0.0944,0.0644,80.9729,-30.5495,0.0000,0.1906,0.1906,-0.1069,0.0000,0.0000,0.0388,0.0155,0.1030
-0.2000,1.8546,1.9233,0.1020,0.0644,81.1556,-30.5371,0.0000,0.1910,0.1910,-0.0926,0.0000,0.0000,0.0388,0.0155,0.0950
0.0057,1.7751,1.9062,0.1063,0.0644,81.3345,-30.5363,0.0000,0.1807,0.1807,-0.0932,0.0000,0.0000,0.0388,0.0155,0.0871
-0.2000,1.8264,1.8662,0.0979,0.0376,81.5199,-30.5108,0.0000,0.2011,0.2011,-0.0522,0.0000,0.0000,0.0227,0.0091,0.0925
0.0185,1.7749,1.8548,0.0895,0.0376,81.6909,-30.4880,0.0000,0.2241,0.2241,-0.0365,0.0000,0.0000,0.0227,0.0091,0.1018
-0.1999,1.8710,1.8148,0.0811,0.0376,81.8680,-30.4634,0.0000,0.2464,0.2464,-0.0165,0.0000,0.0000,0.0227,0.0091,0.1088
0.2000,1.7206,1.8339,0.0727,0.0376,82.0548,-30.4489,0.0000,0.2571,0.2571,-0.0089,0.0000,0.0000,0.0227,0.0091,0.1122
-0.0867,1.7829,1.8216,0.0811,0.0578,82.2396,-30.4353,0.0000,0.2633,0.2633,-0.0550,0.0000,0.0000,0.0348,0.0139,0.1080
-0.2001,1.8618,1.7816,0.0728,0.0578,82.4148,-30.4210,0.0000,0.2572,0.2572,-0.0485,0.0000,0.0000,0.0348,0.0139,0.0982
-0.2000,1.8410,1.7416,0.0645,0.0578,82.5912,-30.4054,0.0000,0.2563,0.2563,-0.0425,0.0000,0.0000,0.0348,0.0139,0.0924
0.1863,1.7454,1.7571,0.0561,0.0578,82.7577,-30.3739,0.0000,0.2742,0.2742,-0.0390,0.0000,0.0000,0.0348,0.0139,0.0819
0.0900,1.7594,1.7644,0.0477,0.0578,82.9184,-30.3521,0.0000,0.2821,0.2821,-0.0268,0.0000,0.0000,0.0348,0.0139,0.0884
0.2000,1.6884,1.7844,0.0393,0.0410,83.0675,-30.3306,0.0000,0.2883,0.2883,-0.0248,0.0000,0.0000,0.0247,0.0099,0.0818
0.1999,1.6118,1.8044,0.0309,0.0410,83.2284,-30.3118,0.0000,0.2907,0.2907,-0.0217,0.0000,0.0000,0.0247,0.0099,0.0762
0.1999,1.4959,1.8244,0.0225,0.0410,83.3695,-30.2894,0.0000,0.2967,0.2967,-0.0233,0.0000,0.0000,0.0247,0.0099,0.0688
0.2000,1.6089,1.8444,0.0141,0.0410,83.5217,-30.2657,0.0000,0.3007,0.3007,-0.0207,0.0000,0.0000,0.0247,0.0099,0.0558
0.1999,1.4182,1.8644,0.0057,0.0410,83.6627,-30.2368,0.0000,0.3118,0.3118,-0.0264,0.0000,0.0000,0.0247,0.0099,0.0450
0.2000,1.5296,1.8844,0.0083,0.0521,83.8115,-30.2095,0.0000,0.3171,0.3171,-0.0410,0.0000,0.0000,0.0314,0.0126,0.0367
0.2000,1.4286,1.9044,-0.0001,0.0521,83.9663,-30.1992,0.0000,0.3060,0.3060,-0.0431,0.0000,0.0000,0.0314,0.0126,0.0283
0.2000,1.5013,1.9244,-0.0084,0.0521,84.1043,-30.1868,0.0000,0.2939,0.2939,-0.0460,0.0000,0.0000,0.0314,0.0126,0.0220
0.2000,1.5382,1.9444,-0.0151,0.0521,84.2476,-30.1659,0.0000,0.2926,0.2926,-0.0458,0.0000,0.0000,0.0314,0.0126,0.0154
0.2000,1.3736,1.9644,-0.0134,0.0521,84.3952,-30.1487,0.0000,0.2908,0.2908,-0.0462,0.0000,0.0000,0.0314,0.0126,0.0148
0.1999,1.4363,1.9844,-0.0050,0.0559,84.5435,-30.1271,0.0000,0.2861,0.2861,-0.0612,0.0000,0.0000,0.0337,0.0135,0.0097
0.1999,1.4734,2.0044,0.0033,0.0559,84.6882,-30.1054,0.0000,0.2793,0.2793,-0.0664,0.0000,0.0000,0.0337,0.0135,0.0027
0.2000,1.4862,2.0244,0.0117,0.0559,84.8279,-30.0927,0.0000,0.2656,0.2656,-0.0713,0.0000,0.0000,0.0337,0.0135,-0.0053
0.2000,1.4496,2.0444,0.0201,0.0559,84.9698,-30.0771,0.0000,0.2585,0.2585,-0.0711,0.0000,0.0000,0.0337,0.0135,-0.0050
0.2000,1.3912,2.0644,0.0283,0.0559,85.1174,-30.0655,0.0000,0.2482,0.2482,-0.0690,0.0000,0.0000,0.0337,0.0135,-0.0016
0.2000,1.4160,2.0844,0.0367,0.0619,85.2686,-30.0493,0.0000,0.2354,0.2354,-0.1087,0.0000,0.0000,0.0373,0.0149,0.0060
0.1999,1.4672,2.1044,0.0451,0.0619,85.4255,-30.0324,0.0000,0.2186,0.2186,-0.1032,0.0000,0.0000,0.0373,0.0149,0.0143
0.2000,1.5079,2.1244,0.0534,0.0619,85.5870,-30.0121,0.0000,0.2053,0.2053,-0.0967,0.0000,0.0000,0.0373,0.0149,0.0235
0.2000,1.5647,2.1444,0.0618,0.0619,85.7418,-29.9956,0.0000,0.1917,0.1917,-0.0871,0.0000,0.0000,0.0373,0.0149,0.0313
0.2000,1.6141,2.1644,0.0606,0.0523,85.9106,-29.9736,0.0000,0.1779,0.1779,-0.1054,0.0000,0.0000,0.0315,0.0126,0.0394
0.2000,1.5436,2.1844,0.0690,0.0523,86.0773,-29.9447,0.0000,0.1763,0.1763,-0.0955,0.0000,0.0000,0.0315,0.0126,0.0474
0.2000,1.6887,2.2044,0.0774,0.0523,86.2531,-29.9197,0.0000,0.1591,0.1591,-0.0817,0.0000,0.0000,0.0315,0.0126,0.0574
0.2000,1.6796,2.2244,0.0776,0.0482,86.4257,-29.8921,0.0000,0.1530,0.1530,-0.0720,0.0000,0.0000,0.0290,0.0116,0.0678
0.1999,1.7616,2.2355,0.0732,0.0482,86.5963,-29.8585,0.0000,0.1481,0.1481,-0.0621,0.0000,0.0000,0.0290,0.0116,0.0694
0.1999,1.7334,2.2516,0.0648,0.0482,86.7589,-29.8270,0.0000,0.1484,0.1484,-0.0515,0.0000,0.0000,0.0290,0.0116,0.0744
0.2000,1.7265,2.2674,0.0564,0.0482,86.9263,-29.7913,0.0000,0.1515,0.1515,-0.0390,0.0000,0.0000,0.0290,0.0116,0.0825
0.2000,1.6447,2.2874,0.0480,0.0482,87.0966,-29.7586,0.0000,0.1505,0.1505,-0.0319,0.0000,0.0000,0.0290,0.0116,0.0849
0.1999,1.6991,2.3038,0.0531,0.0599,87.2641,-29.7217,0.0000,0.1503,0.1503,-0.0274,0.0000,0.0000,0.0361,0.0145,0.0812
0.2000,1.7210,2.3154,0.0447,0.0599,87.4392,-29.6868,0.0000,0.1452,0.1452,-0.0233,0.0000,0.0000,0.0361,0.0145,0.0746
0.2000,1.7022,2.3286,0.0363,0.0599,87.6253,-29.6551,0.0000,0.1344,0.1344,-0.0209,0.0000,0.0000,0.0361,0.0145,0.0672
-0.0951,1.8711,2.2923,0.0447,0.0725,87.8062,-29.6219,0.0000,0.1197,0.1197,-0.0517,0.0000,0.0000,0.0437,0.0175,0.0551
0.1111,1.8711,2.2597,0.0531,0.0725,87.9832,-29.5907,0.0000,0.1059,0.1059,-0.0454,0.0000,0.0000,0.0437,0.0175,0.0557
0.2000,1.8235,2.2490,0.0615,0.0725,88.1615,-29.5629,0.0000,0.0873,0.0873,-0.0439,0.0000,0.0000,0.0437,0.0175,0.0503
0.2000,1.7810,2.2527,0.0699,0.0725,88.3298,-29.5281,0.0000,0.0793,0.0793,-0.0407,0.0000,0.0000,0.0437,0.0175,0.0450
0.2000,1.7886,2.2538,0.0729,0.0670,88.4947,-29.4771,0.0000,0.0801,0.0801,-0.0886,0.0000,0.0000,0.0404,0.0162,0.0456
0.2001,1.7034,2.2730,0.0813,0.0670,88.6707,-29.4399,0.0000,0.0702,0.0702,-0.0770,0.0000,0.0000,0.0404,0.0162,0.0539
0.2000,1.7127,2.2890,0.0897,0.0670,88.8382,-29.3985,0.0000,0.0626,0.0626,-0.0635,0.0000,0.0000,0.0404,0.0162,0.0667
0.2000,1.7833,2.2880,0.0981,0.0670,89.0038,-29.3399,0.0000,0.0664,0.0664,-0.0550,0.0000,0.0000,0.0404,0.0162,0.0723
0.2000,1.7115,2.3026,0.0897,0.0522,89.1731,-29.2914,0.0000,0.0675,0.0675,-0.0562,0.0000,0.0000,0.0315,0.0126,0.0787
0.1999,1.7432,2.3101,0.0827,0.0522,89.3482,-29.2391,0.0000,0.0658,0.0658,-0.0434,0.0000,0.0000,0.0315,0.0126,0.0830
0.1999,1.7490,2.3156,0.0743,0.0522,89.5197,-29.1850,0.0000,0.0699,0.0699,-0.0277,0.0000,0.0000,0.0315,0.0126,0.0911
0.2000,1.8139,2.3025,0.0659,0.0522,89.6920,-29.1371,0.0000,0.0657,0.0657,-0.0125,0.0000,0.0000,0.0315,0.0126,0.0989
0.2000,1.7858,2.2995,0.0675,0.0539,89.8669,-29.0846,0.0000,0.0617,0.0617,-0.0307,0.0000,0.0000,0.0325,0.0130,0.1010
0.1999,1.7738,2.3001,0.0656,0.0539,90.0330,-29.0221,0.0000,0.0639,0.0639,-0.0282,0.0000,0.0000,0.0325,0.0130,0.0919
0.2000,1.8108,2.2896,0.0572,0.0539,90.2030,-28.9557,0.0000,0.0679,0.0679,-0.0235,0.0000,0.0000,0.0325,0.0130,0.0851
0.2000,1.7624,2.2940,0.0565,0.0539,90.3794,-28.9004,0.0000,0.0611,0.0611,-0.0197,0.0000,0.0000,0.0325,0.0130,0.0792
0.2000,1.8127,2.2836,0.0594,0.0484,90.5468,-28.8549,0.0000,0.0421,0.0421,-0.0422,0.0000,0.0000,0.0292,0.0117,0.0739
0.2000,1.8337,2.2668,0.0678,0.0484,90.7241,-28.7971,0.0000,0.0319,0.0319,-0.0347,0.0000,0.0000,0.0292,0.0117,0.0737
0.2000,1.7183,2.2825,0.0678,0.0484,90.8856,-28.7443,0.0000,0.0238,0.0238,-0.0332,0.0000,0.0000,0.0292,0.0117,0.0688
0.0191,1.8486,2.2602,0.0679,0.0400,91.0549,-28.6816,0.0000,0.0174,0.0174,-0.0569,0.0000,0.0000,0.0241,0.0096,0.0638
0.0191,1.6850,2.2802,0.0679,0.0400,91.2298,-28.6162,0.0000,0.0148,0.0148,-0.0516,0.0000,0.0000,0.0241,0.0096,0.0663
-0.0041,1.7910,2.2779,0.0754,0.0400,91.4015,-28.5529,0.0000,0.0049,0.0049,-0.0401,0.0000,0.0000,0.0241,0.0096,0.0707
-0.0112,1.8514,2.2549,0.0838,0.0400,91.5723,-28.4843,0.0000,0.0018,0.0018,-0.0298,0.0000,0.0000,0.0241,0.0096,0.0744
0.2004,1.8154,2.2474,0.0754,0.0292,91.7407,-28.4188,0.0000,-0.0031,-0.0031,-0.0247,0.0000,0.0000,0.0176,0.0070,0.0730
0.2000,1.8255,2.2372,0.0670,0.0292,91.9018,-28.3499,0.0000,-0.0020,-0.0020,-0.0177,0.0000,0.0000,0.0176,0.0070,0.0730
0.2001,1.7922,2.2389,0.0586,0.0292,92.0608,-28.2802,0.0000,0.0031,0.0031,-0.0085,0.0000,0.0000,0.0176,0.0070,0.0754
0.2000,1.7392,2.2535,0.0502,0.0292,92.2215,-28.2158,0.0000,0.0036,0.0036,0.0032,0.0000,0.0000,0.0176,0.0070,0.0850
0.2000,1.7230,2.2697,0.0419,0.0292,92.3828,-28.1412,0.0000,0.0112,0.0112,0.0125,0.0000,0.0000,0.0176,0.0070,0.0884
0.2000,1.7165,2.2854,0.0503,0.0319,92.5338,-28.0763,0.0000,0.0020,0.0020,-0.0447,0.0000,0.0000,0.0192,0.0077,0.0815
0.2000,1.7642,2.2898,0.0587,0.0319,92.6941,-28.0088,0.0000,-0.0123,-0.0123,-0.0429,0.0000,0.0000,0.0192,0.0077,0.0707
0.2000,1.6303,2.3098,0.0670,0.0319,92.8494,-27.9317,0.0000,-0.0128,-0.0128,-0.0461,0.0000,0.0000,0.0192,0.0077,0.0596
0.2000,1.7238,2.3203,0.0754,0.0319,93.0049,-27.8466,0.0000,-0.0138,-0.0138,-0.0480,0.0000,0.0000,0.0192,0.0077,0.0483
0.2000,1.7206,2.3302,0.0670,0.0038,93.1619,-27.7722,0.0000,-0.0193,-0.0193,-0.0641,0.0000,0.0000,0.0023,0.0009,0.0482
0.1999,1.7581,2.3316,0.0691,0.0038,93.3246,-27.7022,0.0000,-0.0301,-0.0301,-0.0492,0.0000,0.0000,0.0023,0.0009,0.0601
0.2000,1.7242,2.3398,0.0660,0.0038,93.4795,-27.6273,0.0000,-0.0322,-0.0322,-0.0378,0.0000,0.0000,0.0023,0.0009,0.0694
0.1995,1.7557,2.3408,0.0576,0.0038,93.6346,-27.5441,0.0000,-0.0284,-0.0284,-0.0254,0.0000,0.0000,0.0023,0.0009,0.0772
0.2000,1.7064,2.3509,0.0492,-0.0098,93.7930,-27.4601,0.0000,-0.0232,-0.0232,0.0059,0.0000,0.0000,-0.0059,-0.0024,0.0766
0.2000,1.7471,2.3527,0.0408,-0.0098,93.9541,-27.3783,0.0000,-0.0208,-0.0208,0.0135,0.0000,0.0000,-0.0059,-0.0024,0.0757
0.2000,1.7798,2.3463,0.0324,-0.0098,94.1182,-27.2978,0.0000,-0.0218,-0.0218,0.0191,0.0000,0.0000,-0.0059,-0.0024,0.0734
0.2000,1.7917,2.3372,0.0360,0.0022,94.2837,-27.2098,0.0000,-0.0197,-0.0197,-0.0010,0.0000,0.0000,0.0013,0.0005,0.0653
0.2000,1.8123,2.3226,0.0276,0.0022,94.4379,-27.1229,0.0000,-0.0176,-0.0176,-0.0017,0.0000,0.0000,0.0013,0.0005,0.0539
0.1999,1.8589,2.2921,0.0235,0.0022,94.5959,-27.0398,0.0000,-0.0211,-0.0211,-0.0018,0.0000,0.0000,0.0013,0.0005,0.0455
0.1999,1.7559,2.2978,0.0235,0.0022,94.7577,-26.9592,0.0000,-0.0288,-0.0288,-0.0044,0.0000,0.0000,0.0013,0.0005,0.0367
0.2000,1.7701,2.2995,0.0151,-0.0106,94.8946,-26.8679,0.0000,-0.0144,-0.0144,0.0184,0.0000,0.0000,-0.0064,-0.0025,0.0369
0.2000,1.7917,2.2950,0.0067,-0.0106,95.0499,-26.7859,0.0000,-0.0106,-0.0106,0.0234,0.0000,0.0000,-0.0064,-0.0025,0.0359
0.2000,1.6328,2.3150,0.0067,-0.0106,95.2096,-26.7017,0.0000,-0.0120,-0.0120,0.0210,0.0000,0.0000,-0.0064,-0.0025,0.0264
0.2000,1.7411,2.3217,-0.0017,-0.0106,95.3599,-26.6112,0.0000,0.0005,0.0005,0.0246,0.0000,0.0000,-0.0064,-0.0025,0.0262
0.2000,1.7899,2.3156,0.0066,-0.0027,95.5060,-26.5233,0.0000,0.0085,0.0085,-0.0121,0.0000,0.0000,-0.0016,-0.0007,0.0192
0.2000,1.7398,2.3224,0.0066,-0.0027,95.6544,-26.4408,0.0000,0.0069,0.0069,-0.0112,0.0000,0.0000,-0.0016,-0.0007,0.0182
0.1999,1.6907,2.3364,0.0097,-0.0027,95.8165,-26.3580,0.0000,-0.0033,-0.0033,-0.0140,0.0000,0.0000,-0.0016,-0.0007,0.0114
0.2000,1.6833,2.3498,0.0131,-0.0027,95.9726,-26.2808,0.0000,-0.0152,-0.0152,-0.0159,0.0000,0.0000,-0.0016,-0.0007,0.0052
0.1296,1.8054,2.3361,0.0047,-0.0201,96.1211,-26.1989,0.0000,-0.0164,-0.0164,0.0226,0.0000,0.0000,-0.0121,-0.0048,0.0105
0.2000,1.7259,2.3436,-0.0037,-0.0201,96.2786,-26.1129,0.0000,-0.0141,-0.0141,0.0246,0.0000,0.0000,-0.0121,-0.0048,0.0117
0.2000,1.6813,2.3565,-0.0121,-0.0201,96.4295,-26.0239,0.0000,-0.0052,-0.0052,0.0278,0.0000,0.0000,-0.0121,-0.0048,0.0146
0.2000,1.7791,2.3499,-0.0205,-0.0201,96.5758,-25.9296,0.0000,0.0120,0.0120,0.0308,0.0000,0.0000,-0.0121,-0.0048,0.0165
0.2000,1.7370,2.3539,-0.0138,-0.0050,96.7188,-25.8378,0.0000,0.0239,0.0239,0.0221,0.0000,0.0000,-0.0030,-0.0012,0.0093
0.2000,1.7265,2.3594,-0.0222,-0.0050,96.8600,-25.7511,0.0000,0.0304,0.0304,0.0174,0.0000,0.0000,-0.0030,-0.0012,0.0020
0.1999,1.6853,2.3703,-0.0230,-0.0050,97.0135,-25.6608,0.0000,0.0327,0.0327,0.0111,0.0000,0.0000,-0.0030,-0.0012,-0.0060
0.2000,1.6430,2.3830,-0.0157,-0.0050,97.1540,-25.5842,0.0000,0.0255,0.0255,0.0007,0.0000,0.0000,-0.0030,-0.0012,-0.0125
0.2000,1.7648,2.3775,-0.0102,-0.0050,97.3058,-25.5046,0.0000,0.0198,0.0198,-0.0024,0.0000,0.0000,-0.0030,-0.0012,-0.0083
0.2000,1.5878,2.3898,-0.0186,-0.0103,97.4567,-25.4215,0.0000,0.0214,0.0214,0.0089,0.0000,0.0000,-0.0062,-0.0025,-0.0151
0.1999,1.7000,2.3959,-0.0197,-0.0103,97.6136,-25.3477,0.0000,0.0138,0.0138,0.0076,0.0000,0.0000,-0.0062,-0.0025,-0.0157
0.1999,1.7076,2.4003,-0.0196,-0.0103,97.7739,-25.2719,0.0000,0.0066,0.0066,0.0092,0.0000,0.0000,-0.0062,-0.0025,-0.0103
0.1999,1.7192,2.4025,-0.0196,-0.0103,97.9175,-25.2024,0.0000,0.0013,0.0013,0.0104,0.0000,0.0000,-0.0062,-0.0025,-0.0045
0.2000,1.7584,2.3966,-0.0112,-0.0044,98.0633,-25.1144,0.0000,0.0028,0.0028,-0.0107,0.0000,0.0000,-0.0026,-0.0011,-0.0118
0.2000,1.5825,2.4069,-0.0028,-0.0044,98.2132,-25.0340,0.0000,0.0041,0.0041,-0.0095,0.0000,0.0000,-0.0026,-0.0011,-0.0128
0.1999,1.6873,2.4128,0.0026,-0.0044,98.3580,-24.9553,0.0000,0.0031,0.0031,-0.0111,0.0000,0.0000,-0.0026,-0.0011,-0.0129
0.2000,1.6861,2.4183,0.0059,-0.0044,98.5173,-24.8793,0.0000,-0.0065,-0.0065,-0.0121,0.0000,0.0000,-0.0026,-0.0011,-0.0123
0.2000,1.6342,2.4264,-0.0025,-0.0099,98.6809,-24.8094,0.0000,-0.0195,-0.0195,0.0153,0.0000,0.0000,-0.0060,-0.0024,-0.0042
0.2000,1.7503,2.4199,-0.0109,-0.0099,98.8358,-24.7317,0.0000,-0.0179,-0.0179,0.0192,0.0000,0.0000,-0.0060,-0.0024,0.0036
0.2000,1.7645,2.4108,-0.0193,-0.0099,98.9891,-24.6538,0.0000,-0.0171,-0.0171,0.0211,0.0000,0.0000,-0.0060,-0.0024,0.0077
0.1999,1.7179,2.4122,-0.0243,-0.0099,99.1440,-24.5738,0.0000,-0.0159,-0.0159,0.0225,0.0000,0.0000,-0.0060,-0.0024,0.0103
0.2000,1.7049,2.4153,-0.0159,0.0024,99.2953,-24.4909,0.0000,-0.0146,-0.0146,0.0013,0.0000,0.0000,0.0015,0.0006,0.0031
0.2000,1.7286,2.4144,-0.0075,0.0024,99.4373,-24.4144,0.0000,-0.0169,-0.0169,-0.0047,0.0000,0.0000,0.0015,0.0006,-0.0048
0.2000,1.7104,2.4165,0.0009,0.0024,99.5794,-24.3427,0.0000,-0.0230,-0.0230,-0.0099,0.0000,0.0000,0.0015,0.0006,-0.0122
0.2000,1.5989,2.4249,0.0093,0.0024,99.7363,-24.2760,0.0000,-0.0390,-0.0390,-0.0132,0.0000,0.0000,0.0015,0.0006,-0.0168
0.2000,1.5783,2.4324,0.0009,-0.0051,99.8994,-24.2014,0.0000,-0.0498,-0.0498,0.0104,0.0000,0.0000,-0.0031,-0.0012,-0.0097
0.1999,1.6909,2.4354,-0.0058,-0.0051,100.0477,-24.1167,0.0000,-0.0385,-0.0385,0.0138,0.0000,0.0000,-0.0031,-0.0012,-0.0022
0.2000,1.7786,2.4211,-0.0122,-0.0051,100.1873,-24.0391,0.0000,-0.0286,-0.0286,0.0186,0.0000,0.0000,-0.0031,-0.0012,0.0057
0.2001,1.6939,2.4248,-0.0165,-0.0051,100.3406,-23.9616,0.0000,-0.0270,-0.0270,0.0225,0.0000,0.0000,-0.0031,-0.0012,0.0132
0.2000,1.5836,2.4323,-0.0161,-0.0051,100.4982,-23.8855,0.0000,-0.0318,-0.0318,0.0199,0.0000,0.0000,-0.0031,-0.0012,0.0090
0.1999,1.7032,2.4337,-0.0103,0.0059,100.6545,-23.8089,0.0000,-0.0318,-0.0318,0.0285,0.0000,0.0000,0.0036,0.0014,0.0008
0.1999,1.7353,2.4296,-0.0109,0.0059,100.8054,-23.7275,0.0000,-0.0256,-0.0256,0.0250,0.0000,0.0000,0.0036,0.0014,-0.0052
0.2000,1.7250,2.4279,-0.0039,0.0059,100.9647,-23.6632,0.0000,-0.0434,-0.0434,0.0169,0.0000,0.0000,0.0036,0.0014,-0.0094
0.1999,1.7004,2.4301,0.0045,0.0128,101.1151,-23.5937,0.0000,-0.0473,-0.0473,-0.0428,0.0000,0.0000,0.0077,0.0031,-0.0094
0.1999,1.7061,2.4313,0.0129,0.0128,101.2676,-23.5148,0.0000,-0.0518,-0.0518,-0.0393,0.0000,0.0000,0.0077,0.0031,-0.0036
0.2000,1.6426,2.4379,0.0213,0.0128,101.4320,-23.4327,0.0000,-0.0601,-0.0601,-0.0401,0.0000,0.0000,0.0077,0.0031,-0.0042
0.2000,1.7024,2.4389,0.0297,0.0128,101.5848,-23.3509,0.0000,-0.0636,-0.0636,-0.0375,0.0000,0.0000,0.0077,0.0031,0.0008
0.1100,1.8218,2.4109,0.0213,-0.0175,101.7417,-23.2790,0.0000,-0.0728,-0.0728,0.0149,0.0000,0.0000,-0.0105,-0.0042,0.0092
0.1100,1.7181,2.4122,0.0129,-0.0175,101.8935,-23.2002,0.0000,-0.0684,-0.0684,0.0198,0.0000,0.0000,-0.0105,-0.0042,0.0165
0.2000,1.7113,2.4144,0.0045,-0.0175,102.0396,-23.1309,0.0000,-0.0682,-0.0682,0.0265,0.0000,0.0000,-0.0105,-0.0042,0.0241
0.2000,1.6957,2.4186,-0.0038,-0.0175,102.1916,-23.0523,0.0000,-0.0620,-0.0620,0.0335,0.0000,0.0000,-0.0105,-0.0042,0.0320
0.2000,1.6031,2.4267,-0.0122,-0.0175,102.3534,-22.9827,0.0000,-0.0735,-0.0735,0.0317,0.0000,0.0000,-0.0105,-0.0042,0.0255
0.2000,1.6967,2.4295,-0.0038,0.0058,102.5170,-22.8999,0.0000,-0.0686,-0.0686,0.0483,0.0000,0.0000,0.0035,0.0014,0.0180
0.2000,1.7446,2.4240,-0.0122,0.0058,102.6793,-22.8177,0.0000,-0.0651,-0.0651,0.0449,0.0000,0.0000,0.0035,0.0014,0.0108
0.2001,1.8182,2.3987,-0.0147,0.0058,102.8472,-22.7192,0.0000,-0.0531,-0.0531,0.0371,0.0000,0.0000,0.0035,0.0014,0.0051
0.2000,1.8041,2.3806,-0.0063,0.0192,103.0159,-22.6310,0.0000,-0.0519,-0.0519,0.0051,0.0000,0.0000,0.0115,0.0046,-0.0031
-0.0118,1.9292,2.3406,0.0021,0.0192,103.1807,-22.5460,0.0000,-0.0492,-0.0492,0.0085,0.0000,0.0000,0.0115,0.0046,0.0015
0.1139,1.8873,2.3006,0.0105,0.0192,103.3427,-22.4647,0.0000,-0.0523,-0.0523,0.0054,0.0000,0.0000,0.0115,0.0046,-0.0045
0.2000,1.8382,2.2804,0.0189,0.0192,103.5021,-22.3830,0.0000,-0.0537,-0.0537,0.0035,0.0000,0.0000,0.0115,0.0046,-0.0074
0.2000,1.7969,2.2763,0.0159,0.0078,103.6664,-22.3030,0.0000,-0.0580,-0.0580,-0.0065,0.0000,0.0000,0.0047,0.0019,-0.0020
0.2000,1.7761,2.2786,0.0243,0.0078,103.8273,-22.2177,0.0000,-0.0552,-0.0552,-0.0020,0.0000,0.0000,0.0047,0.0019,0.0030
0.2000,1.8122,2.2699,0.0205,0.0078,103.9794,-22.1315,0.0000,-0.0462,-0.0462,0.0046,0.0000,0.0000,0.0047,0.0019,0.0105
0.2000,1.8058,2.2641,0.0133,0.0078,104.1361,-22.0432,0.0000,-0.0372,-0.0372,0.0122,0.0000,0.0000,0.0047,0.0019,0.0204
0.2002,1.7338,2.2773,0.0049,0.0019,104.2956,-21.9538,0.0000,-0.0314,-0.0314,0.0108,0.0000,0.0000,0.0012,0.0005,0.0207
0.2000,1.7838,2.2773,-0.0033,0.0019,104.4478,-21.8732,0.0000,-0.0279,-0.0279,0.0170,0.0000,0.0000,0.0012,0.0005,0.0256
0.2000,1.8126,2.2686,-0.0060,0.0019,104.6070,-21.7928,0.0000,-0.0305,-0.0305,0.0184,0.0000,0.0000,0.0012,0.0005,0.0244
0.2000,1.7073,2.2858,-0.0060,0.0019,104.7703,-21.7037,0.0000,-0.0301,-0.0301,0.0161,0.0000,0.0000,0.0012,0.0005,0.0191
0.2000,1.7686,2.3058,-0.0042,0.0015,104.9250,-21.6115,0.0000,-0.0232,-0.0232,0.0103,0.0000,0.0000,0.0009,0.0004,0.0125
0.1999,1.8443,2.3230,-0.0015,0.0015,105.0845,-21.5308,0.0000,-0.0278,-0.0278,0.0081,0.0000,0.0000,0.0009,0.0004,0.0051
0.2000,1.7853,2.3407,0.0005,0.0015,105.2396,-21.4481,0.0000,-0.0291,-0.0291,0.0066,0.0000,0.0000,0.0009,0.0004,0.0011
0.1999,1.7725,2.3566,0.0023,0.0015,105.3977,-21.3674,0.0000,-0.0336,-0.0336,0.0057,0.0000,0.0000,0.0009,0.0004,-0.0000
0.2000,1.7427,2.3710,-0.0055,0.0021,105.5551,-21.2824,0.0000,-0.0302,-0.0302,0.0290,0.0000,0.0000,0.0013,0.0005,0.0023
0.2000,1.7595,2.3839,-0.0139,0.0021,105.7115,-21.1945,0.0000,-0.0221,-0.0221,0.0302,0.0000,0.0000,0.0013,0.0005,0.0042
0.2000,1.7737,2.3955,-0.0203,0.0021,105.8685,-21.1134,0.0000,-0.0204,-0.0204,0.0312,0.0000,0.0000,0.0013,0.0005,0.0063
0.2000,1.7783,2.4046,-0.0168,0.0140,106.0331,-21.0351,0.0000,-0.0247,-0.0247,0.0419,0.0000,0.0000,0.0084,0.0034,0.0078
0.1999,1.7528,2.4140,-0.0158,0.0140,106.1982,-20.9636,0.0000,-0.0356,-0.0356,0.0396,0.0000,0.0000,0.0084,0.0034,0.0028
0.1999,1.7831,2.4210,-0.0110,0.0140,106.3565,-20.8943,0.0000,-0.0460,-0.0460,0.0348,0.0000,0.0000,0.0084,0.0034,-0.0045
0.1999,1.7831,2.4273,-0.0063,0.0140,106.5160,-20.8114,0.0000,-0.0454,-0.0454,0.0299,0.0000,0.0000,0.0084,0.0034,-0.0116
0.2000,1.7137,2.4345,-0.0033,0.0140,106.6753,-20.7291,0.0000,-0.0457,-0.0457,0.0283,0.0000,0.0000,0.0084,0.0034,-0.0099
0.2000,1.7821,2.4395,0.0051,0.0208,106.8362,-20.6459,0.0000,-0.0472,-0.0472,0.0052,0.0000,0.0000,0.0125,0.0050,-0.0088
0.2000,1.7782,2.4443,0.0135,0.0208,107.0000,-20.5619,0.0000,-0.0492,-0.0492,0.0062,0.0000,0.0000,0.0125,0.0050,-0.0045
0.2000,1.7964,2.4471,0.0219,0.0208,107.1572,-20.4880,0.0000,-0.0561,-0.0561,0.0082,0.0000,0.0000,0.0125,0.0050,0.0002
0.1999,1.8254,2.4459,0.0187,0.0111,107.3203,-20.4105,0.0000,-0.0629,-0.0629,0.0039,0.0000,0.0000,0.0067,0.0027,0.0028
0.1999,1.7219,2.4513,0.0201,0.0111,107.4787,-20.3125,0.0000,-0.0531,-0.0531,0.0026,0.0000,0.0000,0.0067,0.0027,0.0069
0.1999,1.7905,2.4539,0.0136,0.0111,107.6296,-20.2240,0.0000,-0.0401,-0.0401,0.0112,0.0000,0.0000,0.0067,0.0027,0.0141
0.2000,1.8463,2.4486,0.0066,0.0111,107.7871,-20.1429,0.0000,-0.0377,-0.0377,0.0184,0.0000,0.0000,0.0067,0.0027,0.0215
0.2000,1.7350,2.4537,0.0136,0.0097,107.9416,-20.0511,0.0000,-0.0287,-0.0287,-0.0224,0.0000,0.0000,0.0059,0.0023,0.0235
0.2000,1.7563,2.4581,0.0220,0.0097,108.0827,-19.9676,0.0000,-0.0307,-0.0307,-0.0242,0.0000,0.0000,0.0059,0.0023,0.0237
0.1999,1.7822,2.4607,0.0304,0.0097,108.2293,-19.8784,0.0000,-0.0267,-0.0267,-0.0219,0.0000,0.0000,0.0059,0.0023,0.0229
0.2000,1.6258,2.4647,0.0388,0.0097,108.3888,-19.7957,0.0000,-0.0366,-0.0366,-0.0268,0.0000,0.0000,0.0059,0.0023,0.0149
0.1999,1.7018,2.4682,0.0304,-0.0123,108.5408,-19.7136,0.0000,-0.0405,-0.0405,0.0071,0.0000,0.0000,-0.0074,-0.0030,0.0131
0.2000,1.7813,2.4699,0.0220,-0.0123,108.6933,-19.6347,0.0000,-0.0396,-0.0396,0.0155,0.0000,0.0000,-0.0074,-0.0030,0.0214
0.2000,1.7131,2.4729,0.0136,-0.0123,108.8405,-19.5493,0.0000,-0.0304,-0.0304,0.0242,0.0000,0.0000,-0.0074,-0.0030,0.0296
0.2000,1.7019,2.4756,0.0052,-0.0123,108.9919,-19.4625,0.0000,-0.0229,-0.0229,0.0313,0.0000,0.0000,-0.0074,-0.0030,0.0355
0.2000,1.6877,2.4780,-0.0032,-0.0123,109.1438,-19.3771,0.0000,-0.0176,-0.0176,0.0373,0.0000,0.0000,-0.0074,-0.0030,0.0403
0.2000,1.7307,2.4802,0.0029,0.0021,109.2962,-19.2780,0.0000,-0.0011,-0.0011,0.0455,0.0000,0.0000,0.0013,0.0005,0.0328
0.2000,1.7271,2.4822,-0.0055,0.0021,109.4452,-19.1886,0.0000,0.0053,0.0053,0.0413,0.0000,0.0000,0.0013,0.0005,0.0224
0.2000,1.8029,2.4805,-0.0139,0.0021,109.6081,-19.1043,0.0000,0.0030,0.0030,0.0395,0.0000,0.0000,0.0013,0.0005,0.0161
0.2000,1.7240,2.4825,-0.0067,0.0051,109.7498,-19.0164,0.0000,0.0056,0.0056,0.0089,0.0000,0.0000,0.0031,0.0012,0.0074
0.1999,1.8183,2.4788,-0.0075,0.0051,109.8977,-18.9301,0.0000,0.0106,0.0106,0.0117,0.0000,0.0000,0.0031,0.0012,0.0062
0.1999,1.6521,2.4809,-0.0072,0.0051,110.0473,-18.8406,0.0000,0.0129,0.0129,0.0103,0.0000,0.0000,0.0031,0.0012,0.0049
0.2000,1.6980,2.4828,-0.0046,0.0051,110.1988,-18.7607,0.0000,0.0066,0.0066,0.0079,0.0000,0.0000,0.0031,0.0012,0.0003
0.2000,1.7288,2.4845,-0.0078,-0.0065,110.3450,-18.6746,0.0000,0.0042,0.0042,-0.0123,0.0000,0.0000,-0.0039,-0.0016,-0.0026
0.2000,1.6979,2.4861,-0.0003,-0.0065,110.4992,-18.5910,0.0000,-0.0002,-0.0002,-0.0102,0.0000,0.0000,-0.0039,-0.0016,-0.0006
0.2000,1.6818,2.4875,0.0022,-0.0065,110.6608,-18.5074,0.0000,-0.0094,-0.0094,-0.0097,0.0000,0.0000,-0.0039,-0.0016,-0.0004
0.2000,1.7397,2.4887,0.0022,-0.0065,110.8075,-18.4217,0.0000,-0.0091,-0.0091,-0.0082,0.0000,0.0000,-0.0039,-0.0016,0.0016
0.2000,1.8039,2.4863,-0.0062,-0.0144,110.9637,-18.3407,0.0000,-0.0167,-0.0167,0.0317,0.0000,0.0000,-0.0087,-0.0035,0.0007
0.2000,1.6845,2.4876,-0.0146,-0.0144,111.1169,-18.2623,0.0000,-0.0200,-0.0200,0.0340,0.0000,0.0000,-0.0087,-0.0035,0.0019
0.2000,1.7444,2.4888,-0.0230,-0.0144,111.2641,-18.1750,0.0000,-0.0090,-0.0090,0.0381,0.0000,0.0000,-0.0087,-0.0035,0.0076
0.2000,1.7060,2.4900,-0.0314,-0.0144,111.4191,-18.0859,0.0000,-0.0039,-0.0039,0.0385,0.0000,0.0000,-0.0087,-0.0035,0.0083
0.2000,1.6967,2.4910,-0.0398,-0.0144,111.5641,-18.0004,0.0000,0.0031,0.0031,0.0376,0.0000,0.0000,-0.0087,-0.0035,0.0044
0.1999,1.7730,2.4909,-0.0314,0.0052,111.7180,-17.9174,0.0000,0.0005,0.0005,0.0207,0.0000,0.0000,0.0031,0.0013,-0.0038
0.1999,1.6684,2.4918,-0.0230,0.0052,111.8804,-17.8416,0.0000,-0.0145,-0.0145,0.0164,0.0000,0.0000,0.0031,0.0013,-0.0110
0.1999,1.7340,2.4926,-0.0146,0.0052,112.0355,-17.7636,0.0000,-0.0245,-0.0245,0.0090,0.0000,0.0000,0.0031,0.0013,-0.0197
0.2000,1.7768,2.4922,-0.0128,-0.0014,112.1934,-17.6979,0.0000,-0.0541,-0.0541,-0.0065,0.0000,0.0000,-0.0008,-0.0003,-0.0298
0.2000,1.7223,2.4930,-0.0044,-0.0014,112.3434,-17.6239,0.0000,-0.0609,-0.0609,-0.0043,0.0000,0.0000,-0.0008,-0.0003,-0.0257
0.2000,1.7015,2.4937,0.0040,-0.0014,112.4939,-17.5409,0.0000,-0.0586,-0.0586,0.0004,0.0000,0.0000,-0.0008,-0.0003,-0.0165
0.2000,1.6597,2.4943,0.0124,-0.0014,112.6181,-17.4309,0.0000,-0.0348,-0.0348,-0.0125,0.0000,0.0000,-0.0008,-0.0003,-0.0074
0.2000,1.7040,2.4949,0.0124,-0.0014,112.7729,-17.3536,0.0000,-0.0379,-0.0379,-0.0074,0.0000,0.0000,-0.0008,-0.0003,-0.0055
0.2000,1.6273,2.4954,0.0159,-0.0024,112.9279,-17.2744,0.0000,-0.0397,-0.0397,-0.0142,0.0000,0.0000,-0.0015,-0.0006,0.0004
0.1999,1.7153,2.4958,0.0137,-0.0024,113.0759,-17.1935,0.0000,-0.0384,-0.0384,-0.0066,0.0000,0.0000,-0.0015,-0.0006,0.0090
0.1999,1.7251,2.4963,0.0093,-0.0024,113.2312,-17.1125,0.0000,-0.0407,-0.0407,0.0001,0.0000,0.0000,-0.0015,-0.0006,0.0172
0.2000,1.6728,2.4966,0.0049,-0.0024,113.3805,-17.0248,0.0000,-0.0356,-0.0356,0.0030,0.0000,0.0000,-0.0015,-0.0006,0.0182
0.2000,1.7359,2.4970,-0.0035,-0.0112,113.5371,-16.9376,0.0000,-0.0342,-0.0342,0.0079,0.0000,0.0000,-0.0068,-0.0027,0.0203
0.2000,1.7179,2.4973,-0.0096,-0.0112,113.6910,-16.8456,0.0000,-0.0286,-0.0286,0.0090,0.0000,0.0000,-0.0068,-0.0027,0.0185
0.2000,1.7764,2.4964,-0.0112,-0.0112,113.8405,-16.7596,0.0000,-0.0275,-0.0275,0.0074,0.0000,0.0000,-0.0068,-0.0027,0.0130
0.2000,1.7777,2.4955,-0.0105,-0.0112,113.9905,-16.6764,0.0000,-0.0298,-0.0298,0.0054,0.0000,0.0000,-0.0068,-0.0027,0.0091
0.2000,1.7105,2.4959,-0.0128,-0.0138,114.1387,-16.5971,0.0000,-0.0356,-0.0356,0.0068,0.0000,0.0000,-0.0083,-0.0033,0.0027
0.2000,1.7001,2.4963,-0.0113,-0.0138,114.2882,-16.5080,0.0000,-0.0326,-0.0326,0.0032,0.0000,0.0000,-0.0083,-0.0033,-0.0027
0.2000,1.6673,2.4967,-0.0088,-0.0138,114.4438,-16.4205,0.0000,-0.0344,-0.0344,0.0001,0.0000,0.0000,-0.0083,-0.0033,-0.0039
0.2000,1.7251,2.4970,-0.0073,-0.0138,114.5878,-16.3355,0.0000,-0.0318,-0.0318,-0.0017,0.0000,0.0000,-0.0083,-0.0033,-0.0037
0.2000,1.7699,2.4865,-0.0153,-0.0134,114.7402,-16.2519,0.0000,-0.0295,-0.0295,0.0310,0.0000,0.0000,-0.0081,-0.0032,-0.0047
0.1999,1.6579,2.4878,-0.0237,-0.0134,114.9010,-16.1762,0.0000,-0.0380,-0.0380,0.0308,0.0000,0.0000,-0.0081,-0.0032,-0.0036
0.1999,1.7234,2.4854,-0.0293,-0.0134,115.0583,-16.0948,0.0000,-0.0375,-0.0375,0.0301,0.0000,0.0000,-0.0081,-0.0032,-0.0012
0.1999,1.7623,2.4774,-0.0309,-0.0134,115.2110,-16.0141,0.0000,-0.0359,-0.0359,0.0290,0.0000,0.0000,-0.0081,-0.0032,-0.0004
0.1999,1.7565,2.4713,-0.0225,0.0025,115.3401,-15.9178,0.0000,-0.0245,-0.0245,-0.0037,0.0000,0.0000,0.0015,0.0006,-0.0074
0.2000,1.7124,2.4717,-0.0141,0.0025,115.4963,-15.8393,0.0000,-0.0293,-0.0293,-0.0067,0.0000,0.0000,0.0015,0.0006,-0.0162
0.2000,1.5892,2.4745,-0.0057,0.0025,115.6600,-15.7580,0.0000,-0.0408,-0.0408,-0.0157,0.0000,0.0000,0.0015,0.0006,-0.0219
0.2000,1.7327,2.4722,0.0027,0.0025,115.8136,-15.6799,0.0000,-0.0451,-0.0451,-0.0164,0.0000,0.0000,0.0015,0.0006,-0.0223
0.2000,1.8136,2.4539,0.0018,-0.0068,115.9728,-15.6022,0.0000,-0.0522,-0.0522,-0.0253,0.0000,0.0000,-0.0041,-0.0016,-0.0162
0.2000,1.7085,2.4564,0.0018,-0.0068,116.1209,-15.5159,0.0000,-0.0499,-0.0499,-0.0265,0.0000,0.0000,-0.0041,-0.0016,-0.0078
0.2000,1.7565,2.4523,0.0102,-0.0068,116.2782,-15.4389,0.0000,-0.0550,-0.0550,-0.0203,0.0000,0.0000,-0.0041,-0.0016,0.0001
0.1999,1.6983,2.4557,0.0163,-0.0068,116.4322,-15.3613,0.0000,-0.0569,-0.0569,-0.0141,0.0000,0.0000,-0.0041,-0.0016,0.0077
0.2000,1.7364,2.4549,0.0172,-0.0142,116.5955,-15.2840,0.0000,-0.0664,-0.0664,-0.0123,0.0000,0.0000,-0.0086,-0.0034,0.0079
0.1999,1.7092,2.4572,0.0159,-0.0142,116.7532,-15.2049,0.0000,-0.0717,-0.0717,-0.0110,0.0000,0.0000,-0.0086,-0.0034,0.0084
0.2000,1.7909,2.4461,0.0118,-0.0142,116.9109,-15.1185,0.0000,-0.0688,-0.0688,-0.0048,0.0000,0.0000,-0.0086,-0.0034,0.0161
0.1999,1.7491,2.4443,0.0078,-0.0142,117.0624,-15.0363,0.0000,-0.0664,-0.0664,0.0000,0.0000,0.0000,-0.0086,-0.0034,0.0212
0.2000,1.7829,2.4363,-0.0006,-0.0188,117.2145,-14.9530,0.0000,-0.0628,-0.0628,0.0177,0.0000,0.0000,-0.0113,-0.0045,0.0213
0.2000,1.7090,2.4405,-0.0090,-0.0188,117.3707,-14.8667,0.0000,-0.0596,-0.0596,0.0175,0.0000,0.0000,-0.0113,-0.0045,0.0199
0.2000,1.7200,2.4431,-0.0172,-0.0188,117.5286,-14.7758,0.0000,-0.0521,-0.0521,0.0176,0.0000,0.0000,-0.0113,-0.0045,0.0163
0.1999,1.7687,2.4382,-0.0204,-0.0188,117.6721,-14.6754,0.0000,-0.0345,-0.0345,0.0121,0.0000,0.0000,-0.0113,-0.0045,0.0132
0.2000,1.8068,2.4251,-0.0237,-0.0164,117.8189,-14.5858,0.0000,-0.0220,-0.0220,0.0171,0.0000,0.0000,-0.0099,-0.0040,0.0065
0.2000,1.7343,2.4276,-0.0243,-0.0164,117.9710,-14.5007,0.0000,-0.0186,-0.0186,0.0136,0.0000,0.0000,-0.0099,-0.0040,-0.0010
0.2000,1.7060,2.4329,-0.0220,-0.0164,118.1313,-14.4173,0.0000,-0.0208,-0.0208,0.0095,0.0000,0.0000,-0.0099,-0.0040,-0.0089
0.1999,1.7282,2.4354,-0.0200,-0.0164,118.2867,-14.3315,0.0000,-0.0179,-0.0179,0.0069,0.0000,0.0000,-0.0099,-0.0040,-0.0124
0.2000,1.7917,2.4263,-0.0247,-0.0186,118.4357,-14.2522,0.0000,-0.0175,-0.0175,0.0125,0.0000,0.0000,-0.0112,-0.0045,-0.0159
0.1999,1.7589,2.4248,-0.0167,-0.0186,118.5966,-14.1847,0.0000,-0.0393,-0.0393,0.0025,0.0000,0.0000,-0.0112,-0.0045,-0.0171
0.1999,1.6740,2.4321,-0.0160,-0.0186,118.7480,-14.1037,0.0000,-0.0343,-0.0343,0.0054,0.0000,0.0000,-0.0112,-0.0045,-0.0143
0.1999,1.7352,2.4338,-0.0156,-0.0186,118.8980,-14.0226,0.0000,-0.0311,-0.0311,0.0042,0.0000,0.0000,-0.0112,-0.0045,-0.0129
0.2000,1.7026,2.4387,-0.0175,-0.0195,119.0637,-13.9490,0.0000,-0.0462,-0.0462,0.0091,0.0000,0.0000,-0.0118,-0.0047,-0.0165
0.2000,1.6906,2.4440,-0.0196,-0.0195,119.2174,-13.8793,0.0000,-0.0497,-0.0497,0.0131,0.0000,0.0000,-0.0118,-0.0047,-0.0096
0.2000,1.7997,2.4321,-0.0192,-0.0195,119.3704,-13.8081,0.0000,-0.0529,-0.0529,0.0128,0.0000,0.0000,-0.0118,-0.0047,-0.0084
0.2001,1.6729,2.4387,-0.0187,-0.0195,119.5272,-13.7288,0.0000,-0.0525,-0.0525,0.0124,0.0000,0.0000,-0.0118,-0.0047,-0.0081
0.2000,1.6739,2.4447,-0.0103,-0.0194,119.6909,-13.6509,0.0000,-0.0619,-0.0619,-0.0008,0.0000,0.0000,-0.0117,-0.0047,-0.0096
0.1999,1.7420,2.4441,-0.0034,-0.0194,119.8526,-13.5809,0.0000,-0.0730,-0.0730,-0.0035,0.0000,0.0000,-0.0117,-0.0047,-0.0117
0.2000,1.7983,2.4326,0.0049,-0.0194,120.0064,-13.5035,0.0000,-0.0733,-0.0733,-0.0047,0.0000,0.0000,-0.0117,-0.0047,-0.0115
0.1999,1.7475,2.4324,0.0052,-0.0194,120.1625,-13.4236,0.0000,-0.0713,-0.0713,-0.0045,0.0000,0.0000,-0.0117,-0.0047,-0.0109
0.2000,1.7074,2.4364,-0.0032,-0.0292,120.3127,-13.3483,0.0000,-0.0688,-0.0688,-0.0027,0.0000,0.0000,-0.0176,-0.0070,-0.0037
0.1999,1.7385,2.4361,-0.0094,-0.0292,120.4674,-13.2724,0.0000,-0.0684,-0.0684,0.0013,0.0000,0.0000,-0.0176,-0.0070,0.0033
0.1999,1.6658,2.4425,-0.0145,-0.0292,120.6267,-13.1927,0.0000,-0.0671,-0.0671,0.0049,0.0000,0.0000,-0.0176,-0.0070,0.0104
0.1999,1.7086,2.4454,-0.0171,-0.0292,120.7806,-13.1235,0.0000,-0.0729,-0.0729,0.0064,0.0000,0.0000,-0.0176,-0.0070,0.0111
0.2000,1.7656,2.4394,-0.0255,-0.0386,120.9383,-13.0476,0.0000,-0.0765,-0.0765,0.0110,0.0000,0.0000,-0.0232,-0.0093,0.0061
0.1999,1.6731,2.4450,-0.0248,-0.0386,121.0961,-12.9736,0.0000,-0.0826,-0.0826,0.0060,0.0000,0.0000,-0.0232,-0.0093,-0.0012
0.2000,1.7359,2.4443,-0.0164,-0.0386,121.2518,-12.8943,0.0000,-0.0861,-0.0861,-0.0026,0.0000,0.0000,-0.0232,-0.0093,-0.0066
0.2000,1.7279,2.4447,-0.0080,-0.0386,121.4084,-12.8193,0.0000,-0.0893,-0.0893,-0.0049,0.0000,0.0000,-0.0232,-0.0093,-0.0094
0.2000,1.7322,2.4445,-0.0048,-0.0437,121.5656,-12.7452,0.0000,-0.1010,-0.1010,-0.0263,0.0000,0.0000,-0.0263,-0.0105,-0.0147
0.2000,1.7217,2.4458,0.0036,-0.0437,121.7283,-12.6719,0.0000,-0.1084,-0.1084,-0.0262,0.0000,0.0000,-0.0263,-0.0105,-0.0165
0.1999,1.7233,2.4467,0.0073,-0.0437,121.8821,-12.5963,0.0000,-0.1087,-0.1087,-0.0229,0.0000,0.0000,-0.0263,-0.0105,-0.0107
0.2000,1.7691,2.4398,0.0083,-0.0437,122.0384,-12.5295,0.0000,-0.1183,-0.1183,-0.0191,0.0000,0.0000,-0.0263,-0.0105,-0.0028
0.2000,1.6998,2.4438,-0.0001,-0.0577,122.1921,-12.4600,0.0000,-0.1198,-0.1198,0.0348,0.0000,0.0000,-0.0348,-0.0139,0.0020
0.2000,1.6846,2.4485,-0.0085,-0.0577,122.3534,-12.3925,0.0000,-0.1249,-0.1249,0.0348,0.0000,0.0000,-0.0348,-0.0139,0.0081
0.2000,1.6728,2.4532,-0.0169,-0.0577,122.5142,-12.3165,0.0000,-0.1175,-0.1175,0.0399,0.0000,0.0000,-0.0348,-0.0139,0.0128
0.2000,1.7348,2.4518,-0.0252,-0.0577,122.6666,-12.2387,0.0000,-0.1055,-0.1055,0.0417,0.0000,0.0000,-0.0348,-0.0139,0.0136
0.2000,1.7635,2.4456,-0.0180,-0.0420,122.8241,-12.1669,0.0000,-0.1012,-0.1012,0.0650,0.0000,0.0000,-0.0253,-0.0101,0.0087
0.2000,1.6963,2.4493,-0.0264,-0.0420,122.9751,-12.0971,0.0000,-0.0987,-0.0987,0.0603,0.0000,0.0000,-0.0253,-0.0101,0.0013
0.2000,1.7160,2.4507,-0.0348,-0.0420,123.1210,-12.0264,0.0000,-0.0923,-0.0923,0.0536,0.0000,0.0000,-0.0253,-0.0101,-0.0066
0.2000,1.6498,2.4556,-0.0432,-0.0420,123.2732,-11.9556,0.0000,-0.0900,-0.0900,0.0483,0.0000,0.0000,-0.0253,-0.0101,-0.0121
0.2000,1.6076,2.4601,-0.0476,-0.0386,123.4334,-11.8854,0.0000,-0.0971,-0.0971,0.0387,0.0000,0.0000,-0.0232,-0.0093,-0.0117
0.2000,1.6637,2.4640,-0.0489,-0.0386,123.5987,-11.8201,0.0000,-0.0988,-0.0988,0.0365,0.0000,0.0000,-0.0232,-0.0093,-0.0164
0.1999,1.7368,2.4612,-0.0405,-0.0386,123.7717,-11.7567,0.0000,-0.1132,-0.1132,0.0239,0.0000,0.0000,-0.0232,-0.0093,-0.0242
0.2000,1.7626,2.4542,-0.0321,-0.0386,123.9251,-11.6967,0.0000,-0.1187,-0.1187,0.0179,0.0000,0.0000,-0.0232,-0.0093,-0.0320
0.2000,1.6331,2.4588,-0.0380,-0.0463,124.1023,-11.6235,0.0000,-0.1313,-0.1313,0.0261,0.0000,0.0000,-0.0279,-0.0112,-0.0371
0.2000,1.6331,2.4629,-0.0296,-0.0463,124.2624,-11.5618,0.0000,-0.1311,-0.1311,0.0249,0.0000,0.0000,-0.0279,-0.0112,-0.0403
0.2000,1.7010,2.4645,-0.0346,-0.0463,124.4186,-11.4922,0.0000,-0.1211,-0.1211,0.0254,0.0000,0.0000,-0.0279,-0.0112,-0.0339
0.2000,1.7010,2.4659,-0.0366,-0.0463,124.5746,-11.4292,0.0000,-0.1196,-0.1196,0.0253,0.0000,0.0000,-0.0279,-0.0112,-0.0263
0.2000,1.6954,2.4676,-0.0434,-0.0448,124.7423,-11.3631,0.0000,-0.1242,-0.1242,0.0452,0.0000,0.0000,-0.0270,-0.0108,-0.0293
0.2000,1.6688,2.4706,-0.0516,-0.0448,124.9088,-11.3001,0.0000,-0.1200,-0.1200,0.0467,0.0000,0.0000,-0.0270,-0.0108,-0.0237
0.2000,1.7883,2.4571,-0.0432,-0.0448,125.0825,-11.2390,0.0000,-0.1258,-0.1258,0.0347,0.0000,0.0000,-0.0270,-0.0108,-0.0263
0.2000,1.7655,2.4499,-0.0348,-0.0448,125.2514,-11.1826,0.0000,-0.1298,-0.1298,0.0328,0.0000,0.0000,-0.0270,-0.0108,-0.0272
0.2000,1.8291,2.4271,-0.0271,-0.0388,125.4330,-11.1364,0.0000,-0.1534,-0.1534,0.0338,0.0000,0.0000,-0.0234,-0.0094,-0.0315
0.2000,1.7653,2.4230,-0.0187,-0.0388,125.6176,-11.0710,0.0000,-0.1576,-0.1576,0.0250,0.0000,0.0000,-0.0234,-0.0094,-0.0361
0.1144,1.8654,2.3903,-0.0103,-0.0388,125.7848,-11.0127,0.0000,-0.1530,-0.1530,0.0235,0.0000,0.0000,-0.0234,-0.0094,-0.0394
-0.0106,1.9430,2.3503,-0.0182,-0.0425,125.9553,-10.9572,0.0000,-0.1581,-0.1581,0.0280,0.0000,0.0000,-0.0256,-0.0102,-0.0318
-0.0106,1.7559,2.3557,-0.0182,-0.0425,126.1313,-10.8975,0.0000,-0.1553,-0.1553,0.0346,0.0000,0.0000,-0.0256,-0.0102,-0.0242
0.1350,1.7798,2.3557,-0.0263,-0.0425,126.2905,-10.8374,0.0000,-0.1438,-0.1438,0.0396,0.0000,0.0000,-0.0256,-0.0102,-0.0152
0.1566,1.8430,2.3378,-0.0315,-0.0425,126.4651,-10.7816,0.0000,-0.1466,-0.1466,0.0373,0.0000,0.0000,-0.0256,-0.0102,-0.0073
0.1566,1.6871,2.3529,-0.0315,-0.0425,126.6182,-10.7228,0.0000,-0.1390,-0.1390,0.0390,0.0000,0.0000,-0.0256,-0.0102,-0.0071
0.1062,1.8187,2.3430,-0.0399,-0.0481,126.7827,-10.6733,0.0000,-0.1385,-0.1385,0.0560,0.0000,0.0000,-0.0290,-0.0116,-0.0104
0.2000,1.6260,2.3587,-0.0483,-0.0481,126.9420,-10.6283,0.0000,-0.1482,-0.1482,0.0530,0.0000,0.0000,-0.0290,-0.0116,-0.0146
0.2000,1.7039,2.3704,-0.0454,-0.0481,127.0902,-10.5780,0.0000,-0.1516,-0.1516,0.0380,0.0000,0.0000,-0.0290,-0.0116,-0.0194
0.2000,1.6417,2.3834,-0.0370,-0.0481,127.2549,-10.5239,0.0000,-0.1502,-0.1502,0.0344,0.0000,0.0000,-0.0290,-0.0116,-0.0236
0.2000,1.5538,2.3950,-0.0295,-0.0491,127.4175,-10.4774,0.0000,-0.1558,-0.1558,0.0209,0.0000,0.0000,-0.0296,-0.0119,-0.0273
0.2000,1.7197,2.4015,-0.0211,-0.0491,127.5953,-10.4227,0.0000,-0.1674,-0.1674,0.0023,0.0000,0.0000,-0.0296,-0.0119,-0.0351
0.2000,1.6775,2.4107,-0.0127,-0.0491,127.7527,-10.3715,0.0000,-0.1660,-0.1660,0.0008,0.0000,0.0000,-0.0296,-0.0119,-0.0381
0.0605,1.8467,2.3860,-0.0043,-0.0491,127.9114,-10.3359,0.0000,-0.1795,-0.1795,-0.0004,0.0000,0.0000,-0.0296,-0.0119,-0.0328
0.0605,1.6415,2.3974,-0.0043,-0.0651,128.0809,-10.2883,0.0000,-0.1820,-0.1820,0.0477,0.0000,0.0000,-0.0393,-0.0157,-0.0251
0.2000,1.6134,2.4077,-0.0127,-0.0651,128.2454,-10.2309,0.0000,-0.1697,-0.1697,0.0478,0.0000,0.0000,-0.0393,-0.0157,-0.0204
0.2000,1.7459,2.4091,-0.0211,-0.0651,128.4078,-10.1618,0.0000,-0.1457,-0.1457,0.0440,0.0000,0.0000,-0.0393,-0.0157,-0.0096
0.2000,1.7274,2.4131,-0.0295,-0.0651,128.5748,-10.1145,0.0000,-0.1385,-0.1385,0.0508,0.0000,0.0000,-0.0393,-0.0157,-0.0015
0.2000,1.7467,2.4139,-0.0270,-0.0542,128.7495,-10.0648,0.0000,-0.1294,-0.1294,0.0823,0.0000,0.0000,-0.0327,-0.0131,0.0026
0.2000,1.7207,2.4183,-0.0354,-0.0542,128.9275,-10.0188,0.0000,-0.1267,-0.1267,0.0808,0.0000,0.0000,-0.0327,-0.0131,0.0023
0.2000,1.8006,2.4069,-0.0438,-0.0542,129.0920,-9.9663,0.0000,-0.1143,-0.1143,0.0726,0.0000,0.0000,-0.0327,-0.0131,-0.0072
0.2000,1.8229,2.3903,-0.0522,-0.0542,129.2657,-9.9203,0.0000,-0.1133,-0.1133,0.0639,0.0000,0.0000,-0.0327,-0.0131,-0.0156
0.2000,1.7123,2.3980,-0.0522,-0.0503,129.4357,-9.8738,0.0000,-0.1132,-0.1132,0.0646,0.0000,0.0000,-0.0303,-0.0121,-0.0201
0.2000,1.7816,2.3933,-0.0603,-0.0503,129.6035,-9.8334,0.0000,-0.1196,-0.1196,0.0505,0.0000,0.0000,-0.0303,-0.0121,-0.0229
0.1999,1.7490,2.3957,-0.0621,-0.0503,129.7715,-9.7890,0.0000,-0.1176,-0.1176,0.0443,0.0000,0.0000,-0.0303,-0.0121,-0.0301
0.1999,1.7147,2.4026,-0.0537,-0.0503,129.9329,-9.7528,0.0000,-0.1306,-0.1306,0.0272,0.0000,0.0000,-0.0303,-0.0121,-0.0414
0.2000,1.7235,2.4078,-0.0621,-0.0565,130.1008,-9.7117,0.0000,-0.1268,-0.1268,0.0628,0.0000,0.0000,-0.0341,-0.0136,-0.0483
0.2000,1.6445,2.4170,-0.0705,-0.0565,130.2694,-9.6737,0.0000,-0.1269,-0.1269,0.0565,0.0000,0.0000,-0.0341,-0.0136,-0.0522
0.1999,1.7140,2.4219,-0.0650,-0.0565,130.4350,-9.6395,0.0000,-0.1329,-0.1329,0.0393,0.0000,0.0000,-0.0341,-0.0136,-0.0580
0.2000,1.7150,2.4262,-0.0566,-0.0565,130.6141,-9.6047,0.0000,-0.1323,-0.1323,0.0378,0.0000,0.0000,-0.0341,-0.0136,-0.0537
0.2000,1.6811,2.4328,-0.0482,-0.0450,130.7837,-9.5718,0.0000,-0.1429,-0.1429,0.0245,0.0000,0.0000,-0.0271,-0.0108,-0.0568
0.1812,1.8094,2.4175,-0.0398,-0.0450,130.9542,-9.5420,0.0000,-0.1518,-0.1518,0.0087,0.0000,0.0000,-0.0271,-0.0108,-0.0656
0.2000,1.7178,2.4219,-0.0314,-0.0450,131.1334,-9.5131,0.0000,-0.1566,-0.1566,0.0095,0.0000,0.0000,-0.0271,-0.0108,-0.0622
0.2000,1.7186,2.4258,-0.0231,-0.0450,131.3199,-9.4868,0.0000,-0.1659,-0.1659,0.0083,0.0000,0.0000,-0.0271,-0.0108,-0.0543
0.2000,1.8011,2.4135,-0.0315,-0.0546,131.5003,-9.4548,0.0000,-0.1563,-0.1563,0.0672,0.0000,0.0000,-0.0330,-0.0132,-0.0398
0.1925,1.8689,2.3805,-0.0399,-0.0546,131.6826,-9.4229,0.0000,-0.1472,-0.1472,0.0648,0.0000,0.0000,-0.0330,-0.0132,-0.0316
0.1997,1.8175,2.3681,-0.0483,-0.0546,131.8655,-9.3953,0.0000,-0.1455,-0.1455,0.0638,0.0000,0.0000,-0.0330,-0.0132,-0.0263
0.2000,1.8362,2.3513,-0.0399,-0.0379,132.0327,-9.3623,0.0000,-0.1373,-0.1373,0.0564,0.0000,0.0000,-0.0229,-0.0091,-0.0169
0.2000,1.8353,2.3364,-0.0470,-0.0379,132.2123,-9.3323,0.0000,-0.1318,-0.1318,0.0519,0.0000,0.0000,-0.0229,-0.0091,-0.0226
0.2000,1.6903,2.3514,-0.0470,-0.0379,132.3911,-9.3092,0.0000,-0.1405,-0.1405,0.0430,0.0000,0.0000,-0.0229,-0.0091,-0.0319
0.1885,1.8057,2.3453,-0.0386,-0.0379,132.5558,-9.2856,0.0000,-0.1467,-0.1467,0.0264,0.0000,0.0000,-0.0229,-0.0091,-0.0389
0.2000,1.7884,2.3443,-0.0470,-0.0514,132.7330,-9.2619,0.0000,-0.1457,-0.1457,0.0677,0.0000,0.0000,-0.0310,-0.0124,-0.0329
0.2000,1.6530,2.3598,-0.0553,-0.0514,132.8997,-9.2381,0.0000,-0.1508,-0.1508,0.0542,0.0000,0.0000,-0.0310,-0.0124,-0.0385
0.2000,1.7726,2.3610,-0.0611,-0.0514,133.0739,-9.2162,0.0000,-0.1417,-0.1417,0.0502,0.0000,0.0000,-0.0310,-0.0124,-0.0384
0.1999,1.6726,2.3745,-0.0623,-0.0514,133.2580,-9.2024,0.0000,-0.1476,-0.1476,0.0500,0.0000,0.0000,-0.0310,-0.0124,-0.0314
-0.0364,1.7409,2.3444,-0.0539,-0.0405,133.4411,-9.1826,0.0000,-0.1484,-0.1484,0.0257,0.0000,0.0000,-0.0244,-0.0098,-0.0385
0.0647,1.8317,2.3044,-0.0455,-0.0405,133.6248,-9.1638,0.0000,-0.1578,-0.1578,0.0073,0.0000,0.0000,-0.0244,-0.0098,-0.0520
0.0620,1.8279,2.2644,-0.0371,-0.0405,133.7999,-9.1459,0.0000,-0.1700,-0.1700,-0.0096,0.0000,0.0000,-0.0244,-0.0098,-0.0579
-0.0293,1.8324,2.2244,-0.0287,-0.0405,133.9702,-9.1265,0.0000,-0.1706,-0.1706,-0.0143,0.0000,0.0000,-0.0244,-0.0098,-0.0582
0.2000,1.7479,2.2065,-0.0371,-0.0582,134.1463,-9.1173,0.0000,-0.1805,-0.1805,0.0131,0.0000,0.0000,-0.0351,-0.0140,-0.0505
0.2000,1.6994,2.2078,-0.0287,-0.0582,134.3191,-9.0946,0.0000,-0.1711,-0.1711,0.0146,0.0000,0.0000,-0.0351,-0.0140,-0.0374
0.2000,1.7513,2.1902,-0.0203,-0.0582,134.4939,-9.0764,0.0000,-0.1659,-0.1659,0.0135,0.0000,0.0000,-0.0351,-0.0140,-0.0290
0.2000,1.7269,2.1838,-0.0119,-0.0582,134.6647,-9.0661,0.0000,-0.1692,-0.1692,0.0123,0.0000,0.0000,-0.0351,-0.0140,-0.0225
0.2000,1.7428,2.1666,-0.0157,-0.0551,134.8398,-9.0471,0.0000,-0.1658,-0.1658,0.0281,0.0000,0.0000,-0.0332,-0.0133,-0.0286
0.2000,1.6969,2.1726,-0.0157,-0.0551,135.0095,-9.0317,0.0000,-0.1599,-0.1599,0.0273,0.0000,0.0000,-0.0332,-0.0133,-0.0223
0.1634,1.7464,2.1550,-0.0109,-0.0551,135.1781,-9.0229,0.0000,-0.1558,-0.1558,0.0307,0.0000,0.0000,-0.0332,-0.0133,-0.0129
0.1634,1.6888,2.1647,-0.0109,-0.0551,135.3579,-9.0024,0.0000,-0.1434,-0.1434,0.0324,0.0000,0.0000,-0.0332,-0.0133,-0.0061
0.1999,1.6740,2.1738,-0.0174,-0.0538,135.5324,-8.9847,0.0000,-0.1357,-0.1357,0.0233,0.0000,0.0000,-0.0325,-0.0130,-0.0088
-0.1805,1.7942,2.1339,-0.0239,-0.0538,135.6978,-8.9742,0.0000,-0.1321,-0.1321,0.0219,0.0000,0.0000,-0.0325,-0.0130,-0.0086
0.2000,1.7387,2.1234,-0.0309,-0.0538,135.8680,-8.9496,0.0000,-0.1155,-0.1155,0.0231,0.0000,0.0000,-0.0325,-0.0130,-0.0046
0.2000,1.6427,2.1434,-0.0309,-0.0538,136.0357,-8.9220,0.0000,-0.0982,-0.0982,0.0207,0.0000,0.0000,-0.0325,-0.0130,-0.0050
0.2000,1.7044,2.1449,-0.0393,-0.0692,136.2143,-8.9065,0.0000,-0.0943,-0.0943,0.0451,0.0000,0.0000,-0.0417,-0.0167,-0.0109
0.2000,1.6848,2.1527,-0.0477,-0.0692,136.3876,-8.8972,0.0000,-0.0938,-0.0938,0.0359,0.0000,0.0000,-0.0417,-0.0167,-0.0175
0.0284,1.7770,2.1234,-0.0523,-0.0692,136.5573,-8.8886,0.0000,-0.0919,-0.0919,0.0266,0.0000,0.0000,-0.0417,-0.0167,-0.0235
0.2000,1.7206,2.1210,-0.0580,-0.0692,136.7352,-8.8780,0.0000,-0.0901,-0.0901,0.0200,0.0000,0.0000,-0.0417,-0.0167,-0.0242
0.2000,1.6851,2.1311,-0.0496,-0.0692,136.9092,-8.8680,0.0000,-0.0906,-0.0906,0.0087,0.0000,0.0000,-0.0417,-0.0167,-0.0320
0.0732,1.7671,2.1086,-0.0546,-0.0664,137.0855,-8.8614,0.0000,-0.0864,-0.0864,0.0356,0.0000,0.0000,-0.0401,-0.0160,-0.0393
0.2000,1.7280,2.1048,-0.0592,-0.0664,137.2588,-8.8596,0.0000,-0.0897,-0.0897,0.0227,0.0000,0.0000,-0.0401,-0.0160,-0.0493
0.2000,1.7489,2.0930,-0.0508,-0.0664,137.4311,-8.8566,0.0000,-0.0904,-0.0904,0.0109,0.0000,0.0000,-0.0401,-0.0160,-0.0545
0.2000,1.7201,2.0938,-0.0520,-0.0593,137.6090,-8.8520,0.0000,-0.0859,-0.0859,0.0660,0.0000,0.0000,-0.0358,-0.0143,-0.0438
0.2000,1.7090,2.0987,-0.0604,-0.0593,137.7838,-8.8518,0.0000,-0.0807,-0.0807,0.0528,0.0000,0.0000,-0.0358,-0.0143,-0.0514
0.1732,1.7639,2.0808,-0.0680,-0.0593,137.9540,-8.8585,0.0000,-0.0796,-0.0796,0.0412,0.0000,0.0000,-0.0358,-0.0143,-0.0558
0.2000,1.7338,2.0776,-0.0722,-0.0593,138.1280,-8.8633,0.0000,-0.0764,-0.0764,0.0360,0.0000,0.0000,-0.0358,-0.0143,-0.0491
0.2001,1.6903,2.0904,-0.0638,-0.0416,138.3075,-8.8744,0.0000,-0.0816,-0.0816,0.0394,0.0000,0.0000,-0.0251,-0.0100,-0.0496
0.0827,1.7267,2.0714,-0.0554,-0.0416,138.4850,-8.8837,0.0000,-0.0826,-0.0826,0.0252,0.0000,0.0000,-0.0251,-0.0100,-0.0566
-0.2000,1.7856,2.0314,-0.0470,-0.0416,138.6588,-8.8968,0.0000,-0.0877,-0.0877,0.0107,0.0000,0.0000,-0.0251,-0.0100,-0.0642
-0.0293,1.7629,2.0006,-0.0386,-0.0416,138.8331,-8.9218,0.0000,-0.1045,-0.1045,-0.0005,0.0000,0.0000,-0.0251,-0.0100,-0.0685
0.2000,1.7297,1.9892,-0.0342,-0.0456,139.0078,-8.9325,0.0000,-0.1034,-0.1034,-0.0117,0.0000,0.0000,-0.0275,-0.0110,-0.0614
0.1914,1.7506,1.9689,-0.0258,-0.0456,139.1857,-8.9356,0.0000,-0.0951,-0.0951,-0.0156,0.0000,0.0000,-0.0275,-0.0110,-0.0533
0.1754,1.7349,1.9582,-0.0174,-0.0456,139.3606,-8.9351,0.0000,-0.0814,-0.0814,-0.0156,0.0000,0.0000,-0.0275,-0.0110,-0.0408
0.0506,1.7625,1.9349,-0.0091,-0.0456,139.5325,-8.9448,0.0000,-0.0791,-0.0791,-0.0184,0.0000,0.0000,-0.0275,-0.0110,-0.0335
0.1998,1.7325,1.9288,-0.0175,-0.0611,139.6929,-8.9543,0.0000,-0.0757,-0.0757,0.0146,0.0000,0.0000,-0.0369,-0.0148,-0.0275
0.2000,1.7053,1.9355,-0.0259,-0.0611,139.8596,-8.9582,0.0000,-0.0593,-0.0593,0.0156,0.0000,0.0000,-0.0369,-0.0148,-0.0213
0.2000,1.5927,1.9555,-0.0343,-0.0611,140.0242,-8.9762,0.0000,-0.0571,-0.0571,0.0185,0.0000,0.0000,-0.0369,-0.0148,-0.0133
0.2000,1.6530,1.9755,-0.0427,-0.0611,140.1993,-8.9866,0.0000,-0.0448,-0.0448,0.0200,0.0000,0.0000,-0.0369,-0.0148,-0.0053
0.2000,1.6409,1.9955,-0.0511,-0.0611,140.3703,-8.9988,0.0000,-0.0358,-0.0358,0.0184,0.0000,0.0000,-0.0369,-0.0148,-0.0091
0.0450,1.7396,1.9800,-0.0553,-0.0569,140.5453,-9.0022,0.0000,-0.0210,-0.0210,0.0218,0.0000,0.0000,-0.0343,-0.0137,-0.0170
0.2000,1.6993,1.9840,-0.0598,-0.0569,140.7223,-9.0139,0.0000,-0.0163,-0.0163,0.0104,0.0000,0.0000,-0.0343,-0.0137,-0.0249
0.2008,1.7333,1.9726,-0.0515,-0.0569,140.8973,-9.0327,0.0000,-0.0188,-0.0188,-0.0020,0.0000,0.0000,-0.0343,-0.0137,-0.0326
0.1144,1.7565,1.9509,-0.0507,-0.0626,141.0757,-9.0429,0.0000,-0.0132,-0.0132,-0.0027,0.0000,0.0000,-0.0378,-0.0151,-0.0428
0.2000,1.7454,1.9370,-0.0423,-0.0626,141.2474,-9.0506,0.0000,-0.0027,-0.0027,-0.0144,0.0000,0.0000,-0.0378,-0.0151,-0.0516
0.0036,1.7692,1.9122,-0.0339,-0.0626,141.4158,-9.0656,0.0000,0.0005,0.0005,-0.0247,0.0000,0.0000,-0.0378,-0.0151,-0.0564
0.2000,1.7012,1.9223,-0.0317,-0.0626,141.5787,-9.0951,0.0000,-0.0054,-0.0054,-0.0253,0.0000,0.0000,-0.0378,-0.0151,-0.0512
0.1999,1.6741,1.9419,-0.0265,-0.0626,141.7444,-9.1070,0.0000,0.0017,0.0017,-0.0324,0.0000,0.0000,-0.0378,-0.0151,-0.0482
0.1999,1.6426,1.9619,-0.0349,-0.0704,141.9076,-9.1146,0.0000,0.0221,0.0221,0.0205,0.0000,0.0000,-0.0425,-0.0170,-0.0380
0.1999,1.6432,1.9819,-0.0432,-0.0704,142.0710,-9.1244,0.0000,0.0442,0.0442,0.0204,0.0000,0.0000,-0.0425,-0.0170,-0.0293
0.2000,1.6176,2.0019,-0.0516,-0.0704,142.2402,-9.1466,0.0000,0.0533,0.0533,0.0170,0.0000,0.0000,-0.0425,-0.0170,-0.0254
0.2000,1.6203,2.0219,-0.0600,-0.0704,142.4020,-9.1724,0.0000,0.0573,0.0573,0.0128,0.0000,0.0000,-0.0425,-0.0170,-0.0224
0.2000,1.6908,2.0252,-0.0551,-0.0572,142.5591,-9.2101,0.0000,0.0516,0.0516,0.0205,0.0000,0.0000,-0.0345,-0.0138,-0.0237
0.2001,1.6245,2.0452,-0.0635,-0.0572,142.7263,-9.2310,0.0000,0.0569,0.0569,0.0065,0.0000,0.0000,-0.0345,-0.0138,-0.0336
0.2000,1.6023,2.0652,-0.0645,-0.0572,142.8885,-9.2562,0.0000,0.0585,0.0585,-0.0071,0.0000,0.0000,-0.0345,-0.0138,-0.0450
0.2000,1.6682,2.0727,-0.0562,-0.0572,143.0530,-9.2861,0.0000,0.0563,0.0563,-0.0206,0.0000,0.0000,-0.0345,-0.0138,-0.0548
0.1999,1.6261,2.0927,-0.0495,-0.0572,143.2171,-9.3122,0.0000,0.0600,0.0600,-0.0277,0.0000,0.0000,-0.0345,-0.0138,-0.0531
0.2000,1.6571,2.1013,-0.0579,-0.0626,143.3900,-9.3460,0.0000,0.0625,0.0625,-0.0061,0.0000,0.0000,-0.0377,-0.0151,-0.0587
0.2000,1.6455,2.1128,-0.0648,-0.0626,143.5485,-9.3848,0.0000,0.0609,0.0609,-0.0108,0.0000,0.0000,-0.0377,-0.0151,-0.0616
-0.0213,1.7465,2.0821,-0.0732,-0.0626,143.7122,-9.4162,0.0000,0.0640,0.0640,-0.0187,0.0000,0.0000,-0.0377,-0.0151,-0.0558
-0.0213,1.6174,2.1021,-0.0732,-0.0626,143.8764,-9.4507,0.0000,0.0680,0.0680,-0.0199,0.0000,0.0000,-0.0377,-0.0151,-0.0472
0.0747,1.6512,2.1117,-0.0716,-0.0588,144.0366,-9.4847,0.0000,0.0708,0.0708,-0.0041,0.0000,0.0000,-0.0355,-0.0142,-0.0531
0.1999,1.6218,2.1292,-0.0640,-0.0588,144.2000,-9.5255,0.0000,0.0674,0.0674,-0.0166,0.0000,0.0000,-0.0355,-0.0142,-0.0607
0.2000,1.6218,2.1449,-0.0557,-0.0588,144.3635,-9.5691,0.0000,0.0638,0.0638,-0.0265,0.0000,0.0000,-0.0355,-0.0142,-0.0680
0.2000,1.6700,2.1438,-0.0473,-0.0588,144.5267,-9.6045,0.0000,0.0647,0.0647,-0.0391,0.0000,0.0000,-0.0355,-0.0142,-0.0701
0.2000,1.6774,2.1401,-0.0483,-0.0569,144.6907,-9.6461,0.0000,0.0650,0.0650,-0.0277,0.0000,0.0000,-0.0343,-0.0137,-0.0688
0.1999,1.6538,2.1450,-0.0451,-0.0569,144.8544,-9.6899,0.0000,0.0661,0.0661,-0.0330,0.0000,0.0000,-0.0343,-0.0137,-0.0652
0.2000,1.6765,2.1415,-0.0399,-0.0569,145.0189,-9.7328,0.0000,0.0679,0.0679,-0.0380,0.0000,0.0000,-0.0343,-0.0137,-0.0598
0.2000,1.6786,2.1376,-0.0402,-0.0569,145.1864,-9.7686,0.0000,0.0796,0.0796,-0.0392,0.0000,0.0000,-0.0343,-0.0137,-0.0493
0.2000,1.6848,2.1316,-0.0486,-0.0588,145.3529,-9.8067,0.0000,0.0914,0.0914,-0.0163,0.0000,0.0000,-0.0354,-0.0142,-0.0406
0.2000,1.6958,2.1220,-0.0570,-0.0588,145.5204,-9.8578,0.0000,0.0921,0.0921,-0.0203,0.0000,0.0000,-0.0354,-0.0142,-0.0383
0.2000,1.6905,2.1154,-0.0654,-0.0588,145.6892,-9.9045,0.0000,0.0973,0.0973,-0.0241,0.0000,0.0000,-0.0354,-0.0142,-0.0345
0.1998,1.7361,2.0895,-0.0732,-0.0588,145.8538,-9.9578,0.0000,0.0936,0.0936,-0.0300,0.0000,0.0000,-0.0354,-0.0142,-0.0342
0.2004,1.7354,2.0666,-0.0816,-0.0607,146.0199,-10.0269,0.0000,0.0804,0.0804,-0.0027,0.0000,0.0000,-0.0366,-0.0146,-0.0373
0.2000,1.7143,2.0556,-0.0736,-0.0607,146.1878,-10.0832,0.0000,0.0746,0.0746,-0.0192,0.0000,0.0000,-0.0366,-0.0146,-0.0499
-0.2000,1.7853,2.0156,-0.0652,-0.0607,146.3555,-10.1389,0.0000,0.0690,0.0690,-0.0347,0.0000,0.0000,-0.0366,-0.0146,-0.0575
0.0883,1.7550,1.9904,-0.0568,-0.0607,146.5248,-10.2004,0.0000,0.0604,0.0604,-0.0484,0.0000,0.0000,-0.0366,-0.0146,-0.0664
0.1655,1.7517,1.9694,-0.0484,-0.0556,146.6973,-10.2688,0.0000,0.0514,0.0514,-0.0393,0.0000,0.0000,-0.0335,-0.0134,-0.0740
-0.1954,1.7857,1.9323,-0.0400,-0.0556,146.8711,-10.3160,0.0000,0.0621,0.0621,-0.0497,0.0000,0.0000,-0.0335,-0.0134,-0.0740
-0.2000,1.8402,1.8923,-0.0316,-0.0556,147.0440,-10.3758,0.0000,0.0629,0.0629,-0.0552,0.0000,0.0000,-0.0335,-0.0134,-0.0667
-0.2000,1.7807,1.8657,-0.0400,-0.0592,147.2067,-10.4435,0.0000,0.0581,0.0581,-0.0118,0.0000,0.0000,-0.0357,-0.0143,-0.0584
-0.2000,1.8120,1.8257,-0.0484,-0.0592,147.3727,-10.5090,0.0000,0.0623,0.0623,-0.0142,0.0000,0.0000,-0.0357,-0.0143,-0.0502
0.1130,1.7477,1.8231,-0.0568,-0.0592,147.5332,-10.5721,0.0000,0.0693,0.0693,-0.0114,0.0000,0.0000,-0.0357,-0.0143,-0.0372
0.0122,1.7686,1.8100,-0.0652,-0.0592,147.6968,-10.6328,0.0000,0.0770,0.0770,-0.0136,0.0000,0.0000,-0.0357,-0.0143,-0.0293
0.2001,1.7080,1.8274,-0.0664,-0.0592,147.8570,-10.6994,0.0000,0.0771,0.0771,-0.0189,0.0000,0.0000,-0.0357,-0.0143,-0.0291
0.1989,1.7289,1.8338,-0.0656,-0.0499,148.0169,-10.7713,0.0000,0.0707,0.0707,-0.0218,0.0000,0.0000,-0.0301,-0.0120,-0.0364
0.2000,1.7202,1.8434,-0.0572,-0.0499,148.1610,-10.8502,0.0000,0.0523,0.0523,-0.0326,0.0000,0.0000,-0.0301,-0.0120,-0.0490
0.1353,1.7386,1.8436,-0.0488,-0.0499,148.3123,-10.9114,0.0000,0.0512,0.0512,-0.0444,0.0000,0.0000,-0.0301,-0.0120,-0.0579
0.1999,1.6304,1.8636,-0.0404,-0.0499,148.4585,-10.9805,0.0000,0.0433,0.0433,-0.0538,0.0000,0.0000,-0.0301,-0.0120,-0.0632
0.1999,1.6160,1.8836,-0.0409,-0.0590,148.6081,-11.0523,0.0000,0.0338,0.0338,-0.0677,0.0000,0.0000,-0.0356,-0.0142,-0.0632
0.2000,1.6042,1.9036,-0.0325,-0.0590,148.7611,-11.1268,0.0000,0.0245,0.0245,-0.0723,0.0000,0.0000,-0.0356,-0.0142,-0.0607
0.2000,1.6455,1.9236,-0.0241,-0.0590,148.9112,-11.1936,0.0000,0.0204,0.0204,-0.0748,0.0000,0.0000,-0.0356,-0.0142,-0.0529
0.2000,1.6867,1.9383,-0.0157,-0.0590,149.0629,-11.2636,0.0000,0.0163,0.0163,-0.0730,0.0000,0.0000,-0.0356,-0.0142,-0.0390
0.1999,1.6281,1.9583,-0.0241,-0.0751,149.2116,-11.3335,0.0000,0.0141,0.0141,-0.0210,0.0000,0.0000,-0.0453,-0.0181,-0.0343
0.1999,1.6558,1.9783,-0.0325,-0.0751,149.3552,-11.4089,0.0000,0.0106,0.0106,-0.0228,0.0000,0.0000,-0.0453,-0.0181,-0.0311
0.2000,1.6284,1.9983,-0.0409,-0.0751,149.4884,-11.4791,0.0000,0.0133,0.0133,-0.0154,0.0000,0.0000,-0.0453,-0.0181,-0.0216
0.2000,1.6087,2.0183,-0.0493,-0.0751,149.6376,-11.5392,0.0000,0.0254,0.0254,-0.0172,0.0000,0.0000,-0.0453,-0.0181,-0.0144
0.2000,1.4928,2.0383,-0.0569,-0.0751,149.7826,-11.6027,0.0000,0.0326,0.0326,-0.0221,0.0000,0.0000,-0.0453,-0.0181,-0.0160
0.2000,1.5923,2.0583,-0.0485,-0.0604,149.9249,-11.6771,0.0000,0.0263,0.0263,-0.0217,0.0000,0.0000,-0.0364,-0.0146,-0.0236
0.2000,1.5678,2.0783,-0.0401,-0.0604,150.0745,-11.7509,0.0000,0.0249,0.0249,-0.0309,0.0000,0.0000,-0.0364,-0.0146,-0.0308
0.2000,1.5912,2.0983,-0.0317,-0.0604,150.2269,-11.8203,0.0000,0.0262,0.0262,-0.0440,0.0000,0.0000,-0.0364,-0.0146,-0.0435
0.2000,1.6534,2.1076,-0.0233,-0.0604,150.3841,-11.8977,0.0000,0.0228,0.0228,-0.0554,0.0000,0.0000,-0.0364,-0.0146,-0.0533
-0.0685,1.6579,2.0700,-0.0317,-0.0701,150.5408,-11.9813,0.0000,0.0229,0.0229,-0.0289,0.0000,0.0000,-0.0423,-0.0169,-0.0415
-0.2000,1.7358,2.0300,-0.0390,-0.0701,150.6927,-12.0593,0.0000,0.0260,0.0260,-0.0300,0.0000,0.0000,-0.0423,-0.0169,-0.0338
-0.2000,1.7608,1.9900,-0.0441,-0.0701,150.8500,-12.1277,0.0000,0.0405,0.0405,-0.0309,0.0000,0.0000,-0.0423,-0.0169,-0.0269
-0.1999,1.6923,1.9500,-0.0480,-0.0701,151.0058,-12.2050,0.0000,0.0481,0.0481,-0.0305,0.0000,0.0000,-0.0423,-0.0169,-0.0181
-0.2000,1.6980,1.9100,-0.0564,-0.0704,151.1561,-12.2921,0.0000,0.0501,0.0501,0.0323,0.0000,0.0000,-0.0425,-0.0170,-0.0265
-0.2000,1.7231,1.8700,-0.0647,-0.0704,151.3140,-12.3726,0.0000,0.0640,0.0640,0.0240,0.0000,0.0000,-0.0425,-0.0170,-0.0323
-0.2000,1.7223,1.8300,-0.0731,-0.0704,151.4659,-12.4700,0.0000,0.0589,0.0589,0.0147,0.0000,0.0000,-0.0425,-0.0170,-0.0379
-0.2000,1.7560,1.7900,-0.0815,-0.0704,151.6126,-12.5611,0.0000,0.0554,0.0554,0.0034,0.0000,0.0000,-0.0425,-0.0170,-0.0452
-0.2000,1.7903,1.7500,-0.0731,-0.0458,151.7723,-12.6442,0.0000,0.0609,0.0609,-0.0283,0.0000,0.0000,-0.0276,-0.0110,-0.0559
-0.2000,1.7122,1.7172,-0.0648,-0.0458,151.9288,-12.7259,0.0000,0.0671,0.0671,-0.0397,0.0000,0.0000,-0.0276,-0.0110,-0.0640
-0.2000,1.7829,1.6772,-0.0564,-0.0458,152.0837,-12.8147,0.0000,0.0629,0.0629,-0.0542,0.0000,0.0000,-0.0276,-0.0110,-0.0709
-0.2000,1.7475,1.6372,-0.0480,-0.0458,152.2278,-12.9066,0.0000,0.0527,0.0527,-0.0668,0.0000,0.0000,-0.0276,-0.0110,-0.0776
-0.2000,1.7679,1.5972,-0.0564,-0.0653,152.3687,-13.0026,0.0000,0.0520,0.0520,-0.0004,0.0000,0.0000,-0.0394,-0.0158,-0.0698
-0.0723,1.6952,1.5900,-0.0648,-0.0653,152.4987,-13.1158,0.0000,0.0358,0.0358,0.0014,0.0000,0.0000,-0.0394,-0.0158,-0.0614
-0.1689,1.6912,1.5858,-0.0731,-0.0653,152.6267,-13.2019,0.0000,0.0377,0.0377,-0.0017,0.0000,0.0000,-0.0394,-0.0158,-0.0535
-0.2006,1.7115,1.5699,-0.0772,-0.0653,152.7530,-13.2837,0.0000,0.0429,0.0429,-0.0035,0.0000,0.0000,-0.0394,-0.0158,-0.0439
0.2000,1.5296,1.5899,-0.0710,-0.0653,152.8760,-13.3692,0.0000,0.0396,0.0396,-0.0130,0.0000,0.0000,-0.0394,-0.0158,-0.0542
0.2000,1.4912,1.6099,-0.0626,-0.0389,152.9886,-13.4446,0.0000,0.0415,0.0415,-0.0107,0.0000,0.0000,-0.0235,-0.0094,-0.0625
0.2000,1.4847,1.6299,-0.0542,-0.0389,153.1067,-13.5212,0.0000,0.0431,0.0431,-0.0229,0.0000,0.0000,-0.0235,-0.0094,-0.0705
0.2000,1.3428,1.6499,-0.0458,-0.0389,153.2043,-13.5970,0.0000,0.0381,0.0381,-0.0269,0.0000,0.0000,-0.0235,-0.0094,-0.0733
0.2000,1.3944,1.6699,-0.0375,-0.0389,153.3106,-13.6819,0.0000,0.0305,0.0305,-0.0305,0.0000,0.0000,-0.0235,-0.0094,-0.0674
0.2000,1.2267,1.6899,-0.0291,-0.0389,153.4082,-13.7648,0.0000,0.0227,0.0227,-0.0295,0.0000,0.0000,-0.0235,-0.0094,-0.0607
0.2000,1.3494,1.7099,-0.0207,-0.0389,153.5040,-13.8455,0.0000,0.0118,0.0118,-0.0327,0.0000,0.0000,-0.0235,-0.0094,-0.0514
0.2000,1.2718,1.7299,-0.0291,-0.0409,153.5991,-13.9232,0.0000,0.0089,0.0089,-0.0055,0.0000,0.0000,-0.0247,-0.0099,-0.0379
0.2000,1.2431,1.7499,-0.0355,-0.0409,153.7086,-13.9985,0.0000,0.0154,0.0154,-0.0068,0.0000,0.0000,-0.0247,-0.0099,-0.0300
0.2000,1.2177,1.7699,-0.0384,-0.0409,153.8121,-14.0642,0.0000,0.0263,0.0263,-0.0076,0.0000,0.0000,-0.0247,-0.0099,-0.0223
0.2000,1.3166,1.7899,-0.0396,-0.0409,153.9154,-14.1462,0.0000,0.0248,0.0248,-0.0074,0.0000,0.0000,-0.0247,-0.0099,-0.0152
0.2000,1.2139,1.8099,-0.0379,-0.0409,154.0223,-14.2221,0.0000,0.0290,0.0290,-0.0125,0.0000,0.0000,-0.0247,-0.0099,-0.0228
0.2000,1.3078,1.8293,-0.0339,-0.0367,154.1312,-14.2924,0.0000,0.0373,0.0373,-0.0129,0.0000,0.0000,-0.0221,-0.0088,-0.0290
0.2000,1.2988,1.8467,-0.0310,-0.0367,154.2389,-14.3795,0.0000,0.0340,0.0340,-0.0168,0.0000,0.0000,-0.0221,-0.0088,-0.0320
0.2000,1.2837,1.8625,-0.0257,-0.0367,154.3492,-14.4678,0.0000,0.0311,0.0311,-0.0208,0.0000,0.0000,-0.0221,-0.0088,-0.0320
0.2000,1.3737,1.8766,-0.0228,-0.0367,154.4607,-14.5535,0.0000,0.0313,0.0313,-0.0231,0.0000,0.0000,-0.0221,-0.0088,-0.0303
0.1999,1.4008,1.8893,-0.0211,-0.0367,154.5695,-14.6360,0.0000,0.0326,0.0326,-0.0248,0.0000,0.0000,-0.0221,-0.0088,-0.0268
0.1999,1.3936,1.9008,-0.0214,-0.0382,154.6792,-14.7330,0.0000,0.0238,0.0238,-0.0231,0.0000,0.0000,-0.0230,-0.0092,-0.0240
0.1999,1.3535,1.9111,-0.0221,-0.0382,154.7920,-14.8167,0.0000,0.0287,0.0287,-0.0229,0.0000,0.0000,-0.0230,-0.0092,-0.0192
0.1999,1.4529,1.9203,-0.0215,-0.0382,154.9146,-14.9038,0.0000,0.0344,0.0344,-0.0255,0.0000,0.0000,-0.0230,-0.0092,-0.0163
0.2000,1.3914,1.9287,-0.0188,-0.0382,155.0336,-15.0058,0.0000,0.0281,0.0281,-0.0274,0.0000,0.0000,-0.0230,-0.0092,-0.0147
0.1999,1.4904,1.9362,-0.0272,-0.0409,155.1563,-15.1041,0.0000,0.0253,0.0253,0.0430,0.0000,0.0000,-0.0246,-0.0099,-0.0155
0.2000,1.5544,1.9429,-0.0356,-0.0409,155.2798,-15.1915,0.0000,0.0447,0.0447,0.0399,0.0000,0.0000,-0.0246,-0.0099,-0.0157
0.2000,1.5584,1.9490,-0.0440,-0.0409,155.4034,-15.2890,0.0000,0.0562,0.0562,0.0380,0.0000,0.0000,-0.0246,-0.0099,-0.0154
0.2000,1.4988,1.9544,-0.0524,-0.0409,155.5332,-15.3997,0.0000,0.0620,0.0620,0.0383,0.0000,0.0000,-0.0246,-0.0099,-0.0121
0.2000,1.5604,1.9593,-0.0608,-0.0409,155.6601,-15.4882,0.0000,0.0791,0.0791,0.0289,0.0000,0.0000,-0.0246,-0.0099,-0.0199
-0.2000,1.6915,1.9193,-0.0524,-0.0050,155.7829,-15.5833,0.0000,0.0898,0.0898,0.0168,0.0000,0.0000,-0.0030,-0.0012,-0.0279
0.2000,1.5316,1.9278,-0.0532,-0.0050,155.9059,-15.6858,0.0000,0.0899,0.0899,0.0077,0.0000,0.0000,-0.0030,-0.0012,-0.0354
0.2000,1.5389,1.9353,-0.0475,-0.0050,156.0329,-15.7939,0.0000,0.0895,0.0895,-0.0047,0.0000,0.0000,-0.0030,-0.0012,-0.0480
0.2000,1.5876,1.9422,-0.0392,-0.0050,156.1585,-15.9123,0.0000,0.0820,0.0820,-0.0147,0.0000,0.0000,-0.0030,-0.0012,-0.0571
0.1459,1.6531,1.9236,-0.0338,-0.0060,156.2749,-16.0181,0.0000,0.0765,0.0765,-0.0276,0.0000,0.0000,-0.0036,-0.0014,-0.0509
-0.2000,1.7121,1.8836,-0.0255,-0.0060,156.4063,-16.1175,0.0000,0.0847,0.0847,-0.0355,0.0000,0.0000,-0.0036,-0.0014,-0.0511
0.2000,1.5597,1.8956,-0.0172,-0.0060,156.5343,-16.2287,0.0000,0.0893,0.0893,-0.0333,0.0000,0.0000,-0.0036,-0.0014,-0.0408
0.2000,1.6307,1.8927,-0.0119,-0.0060,156.6572,-16.3270,0.0000,0.0976,0.0976,-0.0331,0.0000,0.0000,-0.0036,-0.0014,-0.0329
-0.0830,1.6803,1.8644,-0.0203,-0.0079,156.7848,-16.4397,0.0000,0.1013,0.1013,-0.0032,0.0000,0.0000,-0.0048,-0.0019,-0.0271
0.1999,1.5588,1.8783,-0.0286,-0.0079,156.9138,-16.5529,0.0000,0.1093,0.1093,-0.0012,0.0000,0.0000,-0.0048,-0.0019,-0.0200
-0.2000,1.6883,1.8470,-0.0370,-0.0079,157.0400,-16.6685,0.0000,0.1145,0.1145,0.0006,0.0000,0.0000,-0.0048,-0.0019,-0.0120
-0.2000,1.7009,1.8114,-0.0454,-0.0079,157.1607,-16.7808,0.0000,0.1166,0.1166,0.0006,0.0000,0.0000,-0.0048,-0.0019,-0.0064
-0.2000,1.6968,1.7817,-0.0370,0.0108,157.2854,-16.8922,0.0000,0.1186,0.1186,-0.0083,0.0000,0.0000,0.0065,0.0026,-0.0133
0.2000,1.6348,1.7883,-0.0335,0.0108,157.4118,-17.0042,0.0000,0.1204,0.1204,-0.0173,0.0000,0.0000,0.0065,0.0026,-0.0217
0.0966,1.6574,1.7829,-0.0261,0.0108,157.5408,-17.1208,0.0000,0.1196,0.1196,-0.0270,0.0000,0.0000,0.0065,0.0026,-0.0292
-0.0002,1.6729,1.7697,-0.0184,0.0108,157.6690,-17.2282,0.0000,0.1259,0.1259,-0.0355,0.0000,0.0000,0.0065,0.0026,-0.0370
-0.1999,1.7237,1.7297,-0.0100,0.0156,157.7813,-17.3449,0.0000,0.1169,0.1169,-0.0349,0.0000,0.0000,0.0094,0.0038,-0.0318
0.1374,1.6563,1.7306,-0.0086,0.0156,157.9014,-17.4610,0.0000,0.1161,0.1161,-0.0359,0.0000,0.0000,0.0094,0.0038,-0.0274
0.2000,1.6058,1.7506,-0.0057,0.0156,158.0306,-17.5585,0.0000,0.1362,0.1362,-0.0353,0.0000,0.0000,0.0094,0.0038,-0.0214
0.1636,1.6561,1.7497,-0.0141,0.0156,158.1472,-17.6600,0.0000,0.1427,0.1427,-0.0355,0.0000,0.0000,0.0094,0.0038,-0.0162
0.2000,1.6029,1.7697,-0.0173,0.0156,158.2577,-17.7619,0.0000,0.1484,0.1484,-0.0319,0.0000,0.0000,0.0094,0.0038,-0.0066
0.2000,1.5317,1.7897,-0.0179,0.0234,158.3618,-17.8633,0.0000,0.1509,0.1509,-0.0052,0.0000,0.0000,0.0141,0.0056,-0.0041
0.2000,1.4903,1.8097,-0.0263,0.0234,158.4688,-17.9630,0.0000,0.1577,0.1577,-0.0044,0.0000,0.0000,0.0141,0.0056,-0.0006
0.2000,1.4401,1.8290,-0.0347,0.0234,158.5755,-18.0671,0.0000,0.1586,0.1586,-0.0094,0.0000,0.0000,0.0141,0.0056,-0.0061
0.2000,1.4503,1.8465,-0.0431,0.0234,158.6842,-18.1651,0.0000,0.1659,0.1659,-0.0130,0.0000,0.0000,0.0141,0.0056,-0.0109
0.2000,1.4778,1.8622,-0.0460,0.0234,158.7886,-18.2588,0.0000,0.1729,0.1729,-0.0161,0.0000,0.0000,0.0141,0.0056,-0.0119
0.2000,1.4501,1.8763,-0.0376,0.0453,158.8964,-18.3621,0.0000,0.1731,0.1731,-0.0591,0.0000,0.0000,0.0273,0.0109,-0.0165
0.2000,1.3903,1.8891,-0.0292,0.0453,159.0053,-18.4694,0.0000,0.1684,0.1684,-0.0657,0.0000,0.0000,0.0273,0.0109,-0.0250
0.2000,1.4794,1.9005,-0.0208,0.0453,159.1149,-18.5881,0.0000,0.1496,0.1496,-0.0752,0.0000,0.0000,0.0273,0.0109,-0.0336
0.2000,1.5149,1.9108,-0.0124,0.0453,159.2132,-18.7044,0.0000,0.1274,0.1274,-0.0819,0.0000,0.0000,0.0273,0.0109,-0.0378
0.2000,1.6032,1.9188,-0.0126,0.0368,159.3147,-18.8062,0.0000,0.1179,0.1179,-0.0867,0.0000,0.0000,0.0222,0.0089,-0.0329
0.2000,1.5102,1.9272,-0.0042,0.0368,159.4130,-18.9081,0.0000,0.1147,0.1147,-0.0846,0.0000,0.0000,0.0222,0.0089,-0.0251
0.1999,1.4247,1.9349,0.0040,0.0368,159.5195,-19.0091,0.0000,0.1171,0.1171,-0.0839,0.0000,0.0000,0.0222,0.0089,-0.0194
0.1999,1.4035,1.9417,0.0124,0.0368,159.6293,-19.1146,0.0000,0.1165,0.1165,-0.0816,0.0000,0.0000,0.0222,0.0089,-0.0088
0.2000,1.5092,1.9479,0.0208,0.0368,159.7384,-19.2192,0.0000,0.1113,0.1113,-0.0810,0.0000,0.0000,0.0222,0.0089,-0.0069
0.2000,1.5092,1.9535,0.0292,0.0490,159.8442,-19.3276,0.0000,0.1057,0.1057,-0.0957,0.0000,0.0000,0.0295,0.0118,-0.0010
0.2000,1.4992,1.9585,0.0376,0.0490,159.9578,-19.4411,0.0000,0.1001,0.1001,-0.0925,0.0000,0.0000,0.0295,0.0118,0.0054
0.2000,1.5011,1.9630,0.0460,0.0490,160.0747,-19.5482,0.0000,0.1019,0.1019,-0.0874,0.0000,0.0000,0.0295,0.0118,0.0132
0.2000,1.5923,1.9671,0.0543,0.0490,160.1858,-19.6515,0.0000,0.0999,0.0999,-0.0805,0.0000,0.0000,0.0295,0.0118,0.0214
0.2000,1.5731,1.9707,0.0627,0.0490,160.3023,-19.7609,0.0000,0.1017,0.1017,-0.0741,0.0000,0.0000,0.0295,0.0118,0.0291
0.2000,1.5048,1.9740,0.0711,0.0536,160.4139,-19.8723,0.0000,0.0994,0.0994,-0.0787,0.0000,0.0000,0.0323,0.0129,0.0340
0.2000,1.5862,1.9770,0.0793,0.0536,160.5478,-19.9902,0.0000,0.1073,0.1073,-0.0631,0.0000,0.0000,0.0323,0.0129,0.0433
0.2000,1.5638,1.9796,0.0789,0.0536,160.6709,-20.0978,0.0000,0.1127,0.1127,-0.0577,0.0000,0.0000,0.0323,0.0129,0.0512
-0.2000,1.7740,1.9396,0.0873,0.0645,160.7882,-20.2079,0.0000,0.1091,0.1091,-0.0566,0.0000,0.0000,0.0389,0.0156,0.0631
0.2000,1.6228,1.9360,0.0789,0.0645,160.9254,-20.3226,0.0000,0.1287,0.1287,-0.0426,0.0000,0.0000,0.0389,0.0156,0.0720
0.2000,1.5960,1.9428,0.0705,0.0645,161.0476,-20.4253,0.0000,0.1349,0.1349,-0.0374,0.0000,0.0000,0.0389,0.0156,0.0793
-0.1999,1.7808,1.9028,0.0621,0.0645,161.1685,-20.5400,0.0000,0.1301,0.1301,-0.0254,0.0000,0.0000,0.0389,0.0156,0.0834
0.2000,1.5836,1.9128,0.0537,0.0645,161.3018,-20.6510,0.0000,0.1489,0.1489,-0.0138,0.0000,0.0000,0.0389,0.0156,0.0868
0.1398,1.6536,1.8969,0.0570,0.0762,161.4264,-20.7565,0.0000,0.1494,0.1494,-0.0322,0.0000,0.0000,0.0460,0.0184,0.0880
-0.2000,1.7276,1.8569,0.0486,0.0762,161.5489,-20.8622,0.0000,0.1474,0.1474,-0.0292,0.0000,0.0000,0.0460,0.0184,0.0808
0.2000,1.6192,1.8632,0.0402,0.0762,161.6906,-20.9703,0.0000,0.1625,0.1625,-0.0259,0.0000,0.0000,0.0460,0.0184,0.0732
0.2000,1.6056,1.8749,0.0318,0.0762,161.8160,-21.0788,0.0000,0.1596,0.1596,-0.0278,0.0000,0.0000,0.0460,0.0184,0.0638
-0.2000,1.7728,1.8349,0.0402,0.0838,161.9610,-21.1848,0.0000,0.1719,0.1719,-0.0424,0.0000,0.0000,0.0506,0.0202,0.0621
0.1923,1.6449,1.8311,0.0474,0.0838,162.0939,-21.2926,0.0000,0.1710,0.1710,-0.0468,0.0000,0.0000,0.0506,0.0202,0.0571
-0.2000,1.7875,1.7911,0.0548,0.0838,162.2248,-21.3969,0.0000,0.1665,0.1665,-0.0465,0.0000,0.0000,0.0506,0.0202,0.0482
-0.2000,1.6968,1.7635,0.0465,0.0838,162.3783,-21.5202,0.0000,0.1724,0.1724,-0.0423,0.0000,0.0000,0.0506,0.0202,0.0401
0.0696,1.6603,1.7590,0.0549,0.0923,162.5019,-21.6183,0.0000,0.1701,0.1701,-0.0602,0.0000,0.0000,0.0558,0.0223,0.0381
-0.2000,1.9552,1.7190,0.0630,0.0923,162.6328,-21.7215,0.0000,0.1640,0.1640,-0.0482,0.0000,0.0000,0.0558,0.0223,0.0460
0.2000,1.5649,1.7390,0.0592,0.0923,162.7719,-21.8279,0.0000,0.1808,0.1808,-0.0418,0.0000,0.0000,0.0558,0.0223,0.0528
0.1558,1.6536,1.7405,0.0508,0.0923,162.9082,-21.9285,0.0000,0.1836,0.1836,-0.0371,0.0000,0.0000,0.0558,0.0223,0.0526
-0.2000,1.7402,1.7005,0.0592,0.1068,163.0361,-22.0241,0.0000,0.1812,0.1812,-0.0676,0.0000,0.0000,0.0646,0.0258,0.0523
-0.0252,1.6809,1.6911,0.0676,0.1068,163.1661,-22.1173,0.0000,0.1870,0.1870,-0.0597,0.0000,0.0000,0.0646,0.0258,0.0606
0.2000,1.5841,1.7111,0.0665,0.1068,163.2992,-22.2019,0.0000,0.2057,0.2057,-0.0489,0.0000,0.0000,0.0646,0.0258,0.0669
0.2000,1.5884,1.7311,0.0587,0.1068,163.4263,-22.2927,0.0000,0.2046,0.2046,-0.0495,0.0000,0.0000,0.0646,0.0258,0.0602
0.2000,1.5705,1.7511,0.0671,0.1121,163.5635,-22.3873,0.0000,0.2081,0.2081,-0.0769,0.0000,0.0000,0.0678,0.0271,0.0534
0.1999,1.5498,1.7711,0.0754,0.1121,163.6869,-22.4668,0.0000,0.2198,0.2198,-0.0613,0.0000,0.0000,0.0678,0.0271,0.0686
0.1659,1.6537,1.7693,0.0683,0.1121,163.8096,-22.5532,0.0000,0.2146,0.2146,-0.0550,0.0000,0.0000,0.0678,0.0271,0.0720
0.2000,1.4612,1.7893,0.0616,0.1121,163.9463,-22.6379,0.0000,0.2311,0.2311,-0.0507,0.0000,0.0000,0.0678,0.0271,0.0695
0.2000,1.4890,1.8093,0.0532,0.1121,164.0639,-22.7179,0.0000,0.2327,0.2327,-0.0440,0.0000,0.0000,0.0678,0.0271,0.0697
0.2000,1.6002,1.8286,0.0616,0.1212,164.1888,-22.7975,0.0000,0.2278,0.2278,-0.1189,0.0000,0.0000,0.0734,0.0293,0.0770
0.1999,1.4129,1.8461,0.0700,0.1212,164.3106,-22.8706,0.0000,0.2387,0.2387,-0.1155,0.0000,0.0000,0.0734,0.0293,0.0758
0.2000,1.4695,1.8619,0.0784,0.1212,164.4317,-22.9495,0.0000,0.2243,0.2243,-0.1156,0.0000,0.0000,0.0734,0.0293,0.0685
0.2000,1.4128,1.8761,0.0868,0.1212,164.5537,-23.0230,0.0000,0.2223,0.2223,-0.1177,0.0000,0.0000,0.0734,0.0293,0.0583
0.1999,1.4337,1.8888,0.0951,0.1212,164.6782,-23.0979,0.0000,0.2235,0.2235,-0.1038,0.0000,0.0000,0.0734,0.0293,0.0657
0.1999,1.4141,1.9003,0.0867,0.1014,164.8056,-23.1682,0.0000,0.2269,0.2269,-0.1060,0.0000,0.0000,0.0613,0.0245,0.0739
0.2000,1.4465,1.9106,0.0951,0.1014,164.9204,-23.2342,0.0000,0.2284,0.2284,-0.0943,0.0000,0.0000,0.0613,0.0245,0.0767
0.2000,1.4451,1.9199,0.0940,0.1014,165.0407,-23.3006,0.0000,0.2346,0.2346,-0.0803,0.0000,0.0000,0.0613,0.0245,0.0897
0.2000,1.3180,1.9283,0.0969,0.1014,165.1603,-23.3714,0.0000,0.2360,0.2360,-0.0785,0.0000,0.0000,0.0613,0.0245,0.0974
0.2000,1.3673,1.9358,0.0885,0.1014,165.2895,-23.4430,0.0000,0.2384,0.2384,-0.0686,0.0000,0.0000,0.0613,0.0245,0.0911
0.1999,1.3795,1.9426,0.0969,0.1179,165.4164,-23.5188,0.0000,0.2321,0.2321,-0.1204,0.0000,0.0000,0.0713,0.0285,0.0962
0.1999,1.4700,1.9487,0.1053,0.1179,165.5386,-23.5926,0.0000,0.2155,0.2155,-0.1113,0.0000,0.0000,0.0713,0.0285,0.0970
0.1999,1.4675,1.9542,0.1137,0.1179,165.6850,-23.6674,0.0000,0.2228,0.2228,-0.0919,0.0000,0.0000,0.0713,0.0285,0.0992
0.2000,1.4169,1.9591,0.1219,0.1179,165.8303,-23.7401,0.0000,0.2229,0.2229,-0.0908,0.0000,0.0000,0.0713,0.0285,0.0927
-0.2000,1.6415,1.9191,0.1219,0.1094,165.9727,-23.7954,0.0000,0.2238,0.2238,-0.1352,0.0000,0.0000,0.0662,0.0265,0.0996
-0.2000,1.6138,1.8791,0.1303,0.1094,166.1124,-23.8593,0.0000,0.2264,0.2264,-0.1220,0.0000,0.0000,0.0662,0.0265,0.1077
-0.2000,1.5224,1.8391,0.1322,0.1094,166.2687,-23.9204,0.0000,0.2413,0.2413,-0.1106,0.0000,0.0000,0.0662,0.0265,0.1149
-0.2000,1.5298,1.7991,0.1238,0.1094,166.4234,-23.9874,0.0000,0.2442,0.2442,-0.0959,0.0000,0.0000,0.0662,0.0265,0.1216
-0.2000,1.6739,1.7591,0.1211,0.0983,166.5651,-24.0494,0.0000,0.2376,0.2376,-0.1142,0.0000,0.0000,0.0594,0.0238,0.1223
-0.2000,1.6794,1.7191,0.1180,0.0983,166.7134,-24.1036,0.0000,0.2466,0.2466,-0.0983,0.0000,0.0000,0.0594,0.0238,0.1296
-0.2000,1.5395,1.6791,0.1096,0.0983,166.8570,-24.1691,0.0000,0.2482,0.2482,-0.0916,0.0000,0.0000,0.0594,0.0238,0.1304
-0.2000,1.5761,1.6391,0.1013,0.0983,166.9971,-24.2287,0.0000,0.2439,0.2439,-0.0825,0.0000,0.0000,0.0594,0.0238,0.1233
-0.2000,1.5697,1.5991,0.0929,0.0983,167.1552,-24.2834,0.0000,0.2557,0.2557,-0.0691,0.0000,0.0000,0.0594,0.0238,0.1207
-0.2000,1.5155,1.5591,0.1013,0.0986,167.2982,-24.3481,0.0000,0.2396,0.2396,-0.1480,0.0000,0.0000,0.0596,0.0238,0.1181
-0.2000,1.6703,1.5191,0.1096,0.0986,167.4346,-24.4067,0.0000,0.2071,0.2071,-0.1428,0.0000,0.0000,0.0596,0.0238,0.1112
-0.2000,1.5577,1.4791,0.1180,0.0986,167.5840,-24.4506,0.0000,0.2215,0.2215,-0.1333,0.0000,0.0000,0.0596,0.0238,0.1040
-0.2000,1.4722,1.4391,0.1264,0.0986,167.7345,-24.4936,0.0000,0.2266,0.2266,-0.1331,0.0000,0.0000,0.0596,0.0238,0.0970
-0.2000,1.5593,1.3991,0.1180,0.0725,167.8783,-24.5288,0.0000,0.2282,0.2282,-0.1564,0.0000,0.0000,0.0438,0.0175,0.1047
-0.2000,1.5571,1.3592,0.1264,0.0725,168.0066,-24.5595,0.0000,0.2336,0.2336,-0.1444,0.0000,0.0000,0.0438,0.0175,0.1123
-0.2000,1.4758,1.3233,0.1333,0.0725,168.1344,-24.5923,0.0000,0.2431,0.2431,-0.1342,0.0000,0.0000,0.0438,0.0175,0.1196
-0.2000,1.3155,1.2910,0.1259,0.0725,168.2662,-24.6290,0.0000,0.2530,0.2530,-0.1286,0.0000,0.0000,0.0438,0.0175,0.1259
-0.1999,1.3166,1.2619,0.1175,0.0725,168.3805,-24.6647,0.0000,0.2475,0.2475,-0.1219,0.0000,0.0000,0.0438,0.0175,0.1204
-0.1999,1.3633,1.2357,0.1092,0.0725,168.4993,-24.6879,0.0000,0.2541,0.2541,-0.1090,0.0000,0.0000,0.0438,0.0175,0.1272
-0.2000,1.1914,1.2121,0.1008,0.0725,168.6152,-24.7262,0.0000,0.2572,0.2572,-0.1041,0.0000,0.0000,0.0438,0.0175,0.1327
-0.2000,1.2089,1.1909,0.0973,0.0646,168.7267,-24.7624,0.0000,0.2461,0.2461,-0.1333,0.0000,0.0000,0.0390,0.0156,0.1266
-0.2000,1.2133,1.1718,0.0911,0.0646,168.8307,-24.7869,0.0000,0.2434,0.2434,-0.1292,0.0000,0.0000,0.0390,0.0156,0.1194
-0.1850,1.1653,1.1546,0.0827,0.0646,168.9398,-24.8070,0.0000,0.2498,0.2498,-0.1261,0.0000,0.0000,0.0390,0.0156,0.1123
-0.0899,1.0637,1.1392,0.0744,0.0646,169.0473,-24.8172,0.0000,0.2681,0.2681,-0.1258,0.0000,0.0000,0.0390,0.0156,0.1049
-0.0964,1.1066,1.1252,0.0660,0.0646,169.1424,-24.8375,0.0000,0.2648,0.2648,-0.1207,0.0000,0.0000,0.0390,0.0156,0.1022
-0.0800,1.0784,1.1127,0.0576,0.0646,169.2343,-24.8591,0.0000,0.2637,0.2637,-0.1188,0.0000,0.0000,0.0390,0.0156,0.0966
0.1999,0.9675,1.1327,0.0537,0.0646,169.3119,-24.8793,0.0000,0.2660,0.2660,-0.1199,0.0000,0.0000,0.0390,0.0156,0.0890
0.2000,0.9383,1.1527,0.0558,0.0646,169.4025,-24.9017,0.0000,0.2632,0.2632,-0.1189,0.0000,0.0000,0.0390,0.0156,0.0813
0.2000,0.7966,1.1727,0.0638,0.0646,169.4909,-24.9266,0.0000,0.2636,0.2636,-0.1219,0.0000,0.0000,0.0390,0.0156,0.0741
0.0269,0.9280,1.1554,0.0661,0.0586,169.5721,-24.9456,0.0000,0.2488,0.2488,-0.1482,0.0000,0.0000,0.0353,0.0141,0.0658
0.2001,0.9103,1.1399,0.0745,0.0586,169.6484,-24.9638,0.0000,0.2446,0.2446,-0.1479,0.0000,0.0000,0.0353,0.0141,0.0559
0.2001,0.8283,1.1599,0.0745,0.0586,169.7232,-24.9844,0.0000,0.2428,0.2428,-0.1451,0.0000,0.0000,0.0353,0.0141,0.0625
0.2000,0.7794,1.1799,0.0829,0.0586,169.7960,-24.9992,0.0000,0.2443,0.2443,-0.1409,0.0000,0.0000,0.0353,0.0141,0.0696
0.2000,0.7701,1.1999,0.0913,0.0586,169.8837,-25.0206,0.0000,0.2370,0.2370,-0.1408,0.0000,0.0000,0.0353,0.0141,0.0723
0.2000,0.7379,1.2199,0.0997,0.0586,169.9517,-25.0290,0.0000,0.2439,0.2439,-0.1336,0.0000,0.0000,0.0353,0.0141,0.0796
0.2000,0.8955,1.2399,0.1049,0.0586,170.0235,-25.0418,0.0000,0.2338,0.2338,-0.1247,0.0000,0.0000,0.0353,0.0141,0.0801
0.2000,0.6852,1.2599,0.1105,0.0586,170.1031,-25.0618,0.0000,0.2398,0.2398,-0.1279,0.0000,0.0000,0.0353,0.0141,0.0872
0.2000,0.7268,1.2799,0.1116,0.0586,170.1865,-25.0838,0.0000,0.2296,0.2296,-0.1215,0.0000,0.0000,0.0353,0.0141,0.0948
-0.0797,0.8133,1.2519,0.1169,0.0555,170.2706,-25.1041,0.0000,0.2175,0.2175,-0.1329,0.0000,0.0000,0.0335,0.0134,0.1029
0.1483,0.8563,1.2267,0.1085,0.0555,170.3597,-25.1179,0.0000,0.2144,0.2144,-0.1268,0.0000,0.0000,0.0335,0.0134,0.1077
0.1998,0.8598,1.2040,0.1001,0.0555,170.4475,-25.1322,0.0000,0.2138,0.2138,-0.1204,0.0000,0.0000,0.0335,0.0134,0.1127
0.1994,0.8958,1.1836,0.0918,0.0555,170.5248,-25.1521,0.0000,0.2075,0.2075,-0.1068,0.0000,0.0000,0.0335,0.0134,0.1137
0.2005,0.8851,1.1653,0.0834,0.0555,170.6144,-25.1594,0.0000,0.2135,0.2135,-0.1043,0.0000,0.0000,0.0335,0.0134,0.1183
0.2005,0.7954,1.1853,0.0834,0.0555,170.7018,-25.1696,0.0000,0.2207,0.2207,-0.1053,0.0000,0.0000,0.0335,0.0134,0.1120
0.0151,0.8933,1.1668,0.0750,0.0555,170.7834,-25.1772,0.0000,0.2225,0.2225,-0.0944,0.0000,0.0000,0.0335,0.0134,0.1046
0.2000,0.8751,1.1501,0.0825,0.0546,170.8767,-25.1916,0.0000,0.2202,0.2202,-0.1306,0.0000,0.0000,0.0329,0.0132,0.0970
0.2000,0.8217,1.1351,0.0909,0.0546,170.9749,-25.2064,0.0000,0.2192,0.2192,-0.1311,0.0000,0.0000,0.0329,0.0132,0.0891
0.1549,0.9361,1.1216,0.0992,0.0546,171.0680,-25.2261,0.0000,0.2031,0.2031,-0.1242,0.0000,0.0000,0.0329,0.0132,0.0884
0.0786,0.9865,1.1094,0.1076,0.0546,171.1645,-25.2456,0.0000,0.1915,0.1915,-0.1203,0.0000,0.0000,0.0329,0.0132,0.0822
0.1437,0.9443,1.0985,0.0992,0.0546,171.2576,-25.2695,0.0000,0.1847,0.1847,-0.1092,0.0000,0.0000,0.0329,0.0132,0.0857
0.1749,0.9776,1.0886,0.0908,0.0546,171.3497,-25.2911,0.0000,0.1718,0.1718,-0.1041,0.0000,0.0000,0.0329,0.0132,0.0931
0.2001,0.9541,1.0798,0.0824,0.0546,171.4372,-25.3000,0.0000,0.1780,0.1780,-0.0922,0.0000,0.0000,0.0329,0.0132,0.1009
0.1377,0.9371,1.0718,0.0836,0.0474,171.5295,-25.3095,0.0000,0.1784,0.1784,-0.1102,0.0000,0.0000,0.0286,0.0114,0.1085
0.1999,0.8804,1.0646,0.0827,0.0474,171.6207,-25.3215,0.0000,0.1778,0.1778,-0.1094,0.0000,0.0000,0.0286,0.0114,0.1059
0.1454,0.9201,1.0581,0.0902,0.0474,171.7085,-25.3352,0.0000,0.1701,0.1701,-0.1062,0.0000,0.0000,0.0286,0.0114,0.0986
0.2000,0.9138,1.0523,0.0818,0.0474,171.7874,-25.3387,0.0000,0.1776,0.1776,-0.0972,0.0000,0.0000,0.0286,0.0114,0.0907
0.2000,0.8824,1.0471,0.0735,0.0474,171.8780,-25.3510,0.0000,0.1741,0.1741,-0.0975,0.0000,0.0000,0.0286,0.0114,0.0896
0.2000,0.7941,1.0424,0.0714,0.0474,171.9566,-25.3605,0.0000,0.1783,0.1783,-0.0915,0.0000,0.0000,0.0286,0.0114,0.0878
0.1999,0.9066,1.0381,0.0634,0.0474,172.0419,-25.3673,0.0000,0.1735,0.1735,-0.0864,0.0000,0.0000,0.0286,0.0114,0.0942
0.2000,0.7891,1.0343,0.0624,0.0474,172.1259,-25.3758,0.0000,0.1775,0.1775,-0.0878,0.0000,0.0000,0.0286,0.0114,0.0898
0.2003,0.8490,1.0309,0.0540,0.0474,172.2116,-25.3804,0.0000,0.1785,0.1785,-0.0833,0.0000,0.0000,0.0286,0.0114,0.0829
0.2001,0.8375,1.0278,0.0617,0.0468,172.2835,-25.3837,0.0000,0.1818,0.1818,-0.1238,0.0000,0.0000,0.0282,0.0113,0.0786
0.2000,0.8550,1.0250,0.0701,0.0468,172.3673,-25.3876,0.0000,0.1791,0.1791,-0.1242,0.0000,0.0000,0.0282,0.0113,0.0745
0.2000,0.7188,1.0225,0.0784,0.0468,172.4457,-25.3958,0.0000,0.1826,0.1826,-0.1253,0.0000,0.0000,0.0282,0.0113,0.0703
0.2000,0.8325,1.0203,0.0868,0.0468,172.5285,-25.4056,0.0000,0.1691,0.1691,-0.1220,0.0000,0.0000,0.0282,0.0113,0.0617
0.2000,0.7820,1.0182,0.0951,0.0468,172.6034,-25.4066,0.0000,0.1746,0.1746,-0.1192,0.0000,0.0000,0.0282,0.0113,0.0671
0.2000,0.7446,1.0164,0.1023,0.0468,172.6777,-25.4155,0.0000,0.1724,0.1724,-0.1131,0.0000,0.0000,0.0282,0.0113,0.0744
0.2000,0.7446,1.0148,0.0954,0.0468,172.7614,-25.4152,0.0000,0.1768,0.1768,-0.1079,0.0000,0.0000,0.0282,0.0113,0.0799
0.2003,0.8327,1.0133,0.0870,0.0468,172.8505,-25.4197,0.0000,0.1726,0.1726,-0.0990,0.0000,0.0000,0.0282,0.0113,0.0879
0.2001,0.8327,1.0120,0.0786,0.0324,172.9356,-25.4247,0.0000,0.1723,0.1723,-0.1052,0.0000,0.0000,0.0195,0.0078,0.0961
0.1999,0.8874,1.0108,0.0702,0.0324,173.0128,-25.4272,0.0000,0.1705,0.1705,-0.0973,0.0000,0.0000,0.0195,0.0078,0.1037
0.2003,0.8475,1.0097,0.0618,0.0324,173.0843,-25.4326,0.0000,0.1704,0.1704,-0.0938,0.0000,0.0000,0.0195,0.0078,0.1032
0.2000,0.7684,1.0087,0.0534,0.0324,173.1516,-25.4342,0.0000,0.1771,0.1771,-0.0878,0.0000,0.0000,0.0195,0.0078,0.0970
0.2000,0.7132,1.0079,0.0450,0.0324,173.2248,-25.4316,0.0000,0.1833,0.1833,-0.0906,0.0000,0.0000,0.0195,0.0078,0.0891
0.2000,0.6735,1.0071,0.0366,0.0324,173.2909,-25.4338,0.0000,0.1844,0.1844,-0.0916,0.0000,0.0000,0.0195,0.0078,0.0810
0.2000,0.7274,1.0064,0.0332,0.0324,173.3585,-25.4349,0.0000,0.1824,0.1824,-0.0900,0.0000,0.0000,0.0195,0.0078,0.0734
0.2000,0.6567,1.0057,0.0249,0.0324,173.4188,-25.4370,0.0000,0.1849,0.1849,-0.0911,0.0000,0.0000,0.0195,0.0078,0.0654
0.2000,0.6713,1.0052,0.0198,0.0324,173.4830,-25.4388,0.0000,0.1837,0.1837,-0.0916,0.0000,0.0000,0.0195,0.0078,0.0522
0.2000,0.5991,1.0046,0.0244,0.0324,173.5535,-25.4484,0.0000,0.1790,0.1790,-0.0921,0.0000,0.0000,0.0195,0.0078,0.0451
0.2000,0.6380,1.0042,0.0253,0.0324,173.6200,-25.4506,0.0000,0.1764,0.1764,-0.0915,0.0000,0.0000,0.0195,0.0078,0.0374
0.2000,0.7054,1.0038,0.0282,0.0324,173.6889,-25.4529,0.0000,0.1724,0.1724,-0.0907,0.0000,0.0000,0.0195,0.0078,0.0321
0.2000,0.6602,1.0034,0.0366,0.0348,173.7388,-25.4590,0.0000,0.1703,0.1703,-0.1016,0.0000,0.0000,0.0210,0.0084,0.0252
0.1999,0.6833,1.0030,0.0450,0.0348,173.8159,-25.4645,0.0000,0.1636,0.1636,-0.1020,0.0000,0.0000,0.0210,0.0084,0.0264
0.2000,0.4998,1.0027,0.0534,0.0348,173.8898,-25.4724,0.0000,0.1655,0.1655,-0.1026,0.0000,0.0000,0.0210,0.0084,0.0283
0.2000,0.7654,1.0025,0.0617,0.0348,173.9606,-25.4783,0.0000,0.1468,0.1468,-0.0990,0.0000,0.0000,0.0210,0.0084,0.0307
0.2000,0.7368,1.0022,0.0701,0.0348,174.0301,-25.4793,0.0000,0.1482,0.1482,-0.0963,0.0000,0.0000,0.0210,0.0084,0.0354
0.2000,0.7053,1.0020,0.0764,0.0348,174.1044,-25.4816,0.0000,0.1490,0.1490,-0.0921,0.0000,0.0000,0.0210,0.0084,0.0434
0.2000,0.6896,1.0018,0.0680,0.0348,174.1736,-25.4794,0.0000,0.1534,0.1534,-0.0874,0.0000,0.0000,0.0210,0.0084,0.0513
0.2000,0.7386,1.0016,0.0596,0.0348,174.2410,-25.4824,0.0000,0.1504,0.1504,-0.0800,0.0000,0.0000,0.0210,0.0084,0.0635
0.2000,0.6889,1.0015,0.0513,0.0348,174.3123,-25.4807,0.0000,0.1558,0.1558,-0.0758,0.0000,0.0000,0.0210,0.0084,0.0719
0.2000,0.6695,1.0013,0.0429,0.0348,174.3852,-25.4745,0.0000,0.1643,0.1643,-0.0712,0.0000,0.0000,0.0210,0.0084,0.0793
0.2000,0.7099,1.0012,0.0377,0.0382,174.4512,-25.4779,0.0000,0.1627,0.1627,-0.0406,0.0000,0.0000,0.0230,0.0092,0.0776
0.2000,0.7279,1.0011,0.0293,0.0382,174.5205,-25.4863,0.0000,0.1566,0.1566,-0.0390,0.0000,0.0000,0.0230,0.0092,0.0703
0.2000,0.6566,1.0010,0.0209,0.0382,174.5894,-25.4912,0.0000,0.1561,0.1561,-0.0383,0.0000,0.0000,0.0230,0.0092,0.0640
0.1999,0.6923,1.0009,0.0125,0.0382,174.6612,-25.4915,0.0000,0.1574,0.1574,-0.0380,0.0000,0.0000,0.0230,0.0092,0.0513
0.2000,0.6847,1.0008,0.0041,0.0382,174.7245,-25.4944,0.0000,0.1564,0.1564,-0.0393,0.0000,0.0000,0.0230,0.0092,0.0430
0.2000,0.7129,1.0007,-0.0043,0.0382,174.7984,-25.4971,0.0000,0.1554,0.1554,-0.0389,0.0000,0.0000,0.0230,0.0092,0.0377
0.2000,0.6284,1.0006,-0.0126,0.0382,174.8697,-25.4998,0.0000,0.1569,0.1569,-0.0393,0.0000,0.0000,0.0230,0.0092,0.0289
0.2000,0.7339,1.0006,-0.0210,0.0382,174.9381,-25.5011,0.0000,0.1557,0.1557,-0.0387,0.0000,0.0000,0.0230,0.0092,0.0226
0.2000,0.7071,1.0005,-0.0294,0.0382,175.0106,-25.5036,0.0000,0.1550,0.1550,-0.0420,0.0000,0.0000,0.0230,0.0092,0.0140
0.2000,0.6792,1.0005,-0.0363,0.0382,175.0803,-25.5035,0.0000,0.1570,0.1570,-0.0446,0.0000,0.0000,0.0230,0.0092,0.0074
0.2000,0.7185,1.0004,-0.0279,0.0644,175.1565,-25.5034,0.0000,0.1534,0.1534,-0.0994,0.0000,0.0000,0.0388,0.0155,0.0001
0.2000,0.6906,1.0004,-0.0195,0.0644,175.2306,-25.5110,0.0000,0.1445,0.1445,-0.1035,0.0000,0.0000,0.0388,0.0155,-0.0119
0.2000,0.7547,1.0003,-0.0111,0.0644,175.3084,-25.5153,0.0000,0.1340,0.1340,-0.1080,0.0000,0.0000,0.0388,0.0155,-0.0207
0.2000,0.7391,1.0003,-0.0027,0.0644,175.3735,-25.5228,0.0000,0.1249,0.1249,-0.1111,0.0000,0.0000,0.0388,0.0155,-0.0250
0.2000,0.7727,1.0003,0.0057,0.0644,175.4560,-25.5294,0.0000,0.1154,0.1154,-0.1091,0.0000,0.0000,0.0388,0.0155,-0.0224
0.2000,0.6500,1.0002,0.0141,0.0644,175.5302,-25.5379,0.0000,0.1119,0.1119,-0.1076,0.0000,0.0000,0.0388,0.0155,-0.0161
0.2000,0.8200,1.0002,0.0225,0.0644,175.5971,-25.5473,0.0000,0.0919,0.0919,-0.1072,0.0000,0.0000,0.0388,0.0155,-0.0063
0.2000,0.7408,1.0002,0.0309,0.0644,175.6687,-25.5461,0.0000,0.0956,0.0956,-0.1064,0.0000,0.0000,0.0388,0.0155,0.0015
0.2000,0.6708,1.0002,0.0393,0.0644,175.7409,-25.5509,0.0000,0.0932,0.0932,-0.1053,0.0000,0.0000,0.0388,0.0155,0.0051
0.2000,0.7096,1.0002,0.0376,0.0535,175.8110,-25.5526,0.0000,0.0879,0.0879,-0.1335,0.0000,0.0000,0.0322,0.0129,0.0171
0.2000,0.7166,1.0001,0.0460,0.0535,175.8837,-25.5551,0.0000,0.0819,0.0819,-0.1301,0.0000,0.0000,0.0322,0.0129,0.0239
0.2000,0.6963,1.0001,0.0544,0.0535,175.9481,-25.5555,0.0000,0.0802,0.0802,-0.1267,0.0000,0.0000,0.0322,0.0129,0.0337
0.2000,0.7215,1.0001,0.0628,0.0535,176.0187,-25.5566,0.0000,0.0748,0.0748,-0.1228,0.0000,0.0000,0.0322,0.0129,0.0410
0.2000,0.6389,1.0001,0.0712,0.0535,176.0956,-25.5617,0.0000,0.0715,0.0715,-0.1208,0.0000,0.0000,0.0322,0.0129,0.0399
0.2000,0.7007,1.0001,0.0796,0.0535,176.1622,-25.5629,0.0000,0.0642,0.0642,-0.1159,0.0000,0.0000,0.0322,0.0129,0.0491
0.2000,0.7647,1.0001,0.0880,0.0535,176.2315,-25.5574,0.0000,0.0638,0.0638,-0.1099,0.0000,0.0000,0.0322,0.0129,0.0561
0.2000,0.6610,1.0001,0.0963,0.0535,176.3014,-25.5578,0.0000,0.0670,0.0670,-0.1052,0.0000,0.0000,0.0322,0.0129,0.0706
0.1999,0.6917,1.0001,0.1046,0.0535,176.3663,-25.5559,0.0000,0.0654,0.0654,-0.0992,0.0000,0.0000,0.0322,0.0129,0.0769
0.1999,0.6950,1.0001,0.1130,0.0535,176.4417,-25.5552,0.0000,0.0634,0.0634,-0.0938,0.0000,0.0000,0.0322,0.0129,0.0843
0.2000,0.6459,1.0001,0.1214,0.0554,176.5146,-25.5515,0.0000,0.0672,0.0672,-0.0670,0.0000,0.0000,0.0334,0.0134,0.0922
0.2000,0.7490,1.0000,0.1150,0.0554,176.5876,-25.5498,0.0000,0.0657,0.0657,-0.0566,0.0000,0.0000,0.0334,0.0134,0.1004
0.2000,0.7260,1.0000,0.1066,0.0554,176.6597,-25.5510,0.0000,0.0652,0.0652,-0.0500,0.0000,0.0000,0.0334,0.0134,0.1080
0.2000,0.7269,1.0000,0.0982,0.0554,176.7441,-25.5494,0.0000,0.0668,0.0668,-0.0416,0.0000,0.0000,0.0334,0.0134,0.1151
0.2000,0.7165,1.0000,0.0898,0.0554,176.8193,-25.5465,0.0000,0.0701,0.0701,-0.0339,0.0000,0.0000,0.0334,0.0134,0.1217
0.2000,0.8393,1.0000,0.0814,0.0554,176.8945,-25.5409,0.0000,0.0738,0.0738,-0.0238,0.0000,0.0000,0.0334,0.0134,0.1175
0.2000,0.7490,1.0000,0.0730,0.0554,176.9689,-25.5365,0.0000,0.0789,0.0789,-0.0228,0.0000,0.0000,0.0334,0.0134,0.1105
0.2000,0.7515,1.0000,0.0646,0.0554,177.0401,-25.5298,0.0000,0.0848,0.0848,-0.0194,0.0000,0.0000,0.0334,0.0134,0.1032
0.2000,0.7417,1.0000,0.0563,0.0554,177.1209,-25.5246,0.0000,0.0891,0.0891,-0.0162,0.0000,0.0000,0.0334,0.0134,0.0954
0.2000,0.7121,1.0000,0.0647,0.0866,177.1943,-25.5130,0.0000,0.0989,0.0989,-0.0591,0.0000,0.0000,0.0523,0.0209,0.0871
0.2000,0.8051,1.0000,0.0731,0.0866,177.2678,-25.5057,0.0000,0.0988,0.0988,-0.0550,0.0000,0.0000,0.0523,0.0209,0.0801
0.2000,0.7401,1.0000,0.0808,0.0866,177.3379,-25.4980,0.0000,0.1037,0.1037,-0.0555,0.0000,0.0000,0.0523,0.0209,0.0731
0.2000,0.7345,1.0000,0.0874,0.0866,177.4165,-25.4993,0.0000,0.0979,0.0979,-0.0527,0.0000,0.0000,0.0523,0.0209,0.0650
0.2000,0.7006,1.0000,0.0867,0.0866,177.4935,-25.5012,0.0000,0.0928,0.0928,-0.0476,0.0000,0.0000,0.0523,0.0209,0.0718
0.2000,0.7791,1.0000,0.0834,0.0866,177.5663,-25.4971,0.0000,0.0912,0.0912,-0.0408,0.0000,0.0000,0.0523,0.0209,0.0781
0.2000,0.7633,1.0000,0.0752,0.0866,177.6306,-25.4964,0.0000,0.0892,0.0892,-0.0354,0.0000,0.0000,0.0523,0.0209,0.0855
0.2000,0.7245,1.0000,0.0668,0.0866,177.7004,-25.4892,0.0000,0.0935,0.0935,-0.0306,0.0000,0.0000,0.0523,0.0209,0.0921
0.2000,0.6370,1.0000,0.0584,0.0866,177.7715,-25.4904,0.0000,0.0899,0.0899,-0.0282,0.0000,0.0000,0.0523,0.0209,0.0917
0.2000,0.6977,1.0000,0.0531,0.0866,177.8521,-25.4922,0.0000,0.0825,0.0825,-0.0228,0.0000,0.0000,0.0523,0.0209,0.0887
0.2000,0.7048,1.0000,0.0615,0.0896,177.9247,-25.4810,0.0000,0.0877,0.0877,-0.0420,0.0000,0.0000,0.0541,0.0217,0.0811
0.2000,0.7985,1.0000,0.0695,0.0896,178.0108,-25.4747,0.0000,0.0850,0.0850,-0.0373,0.0000,0.0000,0.0541,0.0217,0.0738
0.2000,0.7296,1.0000,0.0730,0.0896,178.0932,-25.4690,0.0000,0.0851,0.0851,-0.0366,0.0000,0.0000,0.0541,0.0217,0.0663
0.1996,0.8569,1.0000,0.0646,0.0896,178.1658,-25.4652,0.0000,0.0807,0.0807,-0.0328,0.0000,0.0000,0.0541,0.0217,0.0564
0.1999,0.8195,1.0000,0.0667,0.0896,178.2448,-25.4629,0.0000,0.0782,0.0782,-0.0265,0.0000,0.0000,0.0541,0.0217,0.0672
0.2000,0.7213,1.0000,0.0609,0.0896,178.3190,-25.4623,0.0000,0.0745,0.0745,-0.0237,0.0000,0.0000,0.0541,0.0217,0.0731
0.2000,0.7832,1.0000,0.0525,0.0896,178.3954,-25.4539,0.0000,0.0763,0.0763,-0.0178,0.0000,0.0000,0.0541,0.0217,0.0782
0.2000,0.7355,1.0000,0.0441,0.0896,178.4730,-25.4403,0.0000,0.0843,0.0843,-0.0154,0.0000,0.0000,0.0541,0.0217,0.0722
0.2000,0.7631,1.0000,0.0525,0.1059,178.5535,-25.4335,0.0000,0.0845,0.0845,-0.0296,0.0000,0.0000,0.0640,0.0256,0.0730
0.2000,0.7842,1.0000,0.0550,0.1059,178.6366,-25.4248,0.0000,0.0839,0.0839,-0.0277,0.0000,0.0000,0.0640,0.0256,0.0681
0.2000,0.8007,1.0000,0.0597,0.1059,178.7095,-25.4114,0.0000,0.0884,0.0884,-0.0292,0.0000,0.0000,0.0640,0.0256,0.0578
0.1999,0.8295,1.0000,0.0516,0.1059,178.7860,-25.3957,0.0000,0.0959,0.0959,-0.0270,0.0000,0.0000,0.0640,0.0256,0.0490
0.2000,0.7356,1.0000,0.0452,0.1059,178.8722,-25.3891,0.0000,0.0950,0.0950,-0.0250,0.0000,0.0000,0.0640,0.0256,0.0495
0.2000,0.7763,1.0000,0.0368,0.1059,178.9538,-25.3732,0.0000,0.1027,0.1027,-0.0186,0.0000,0.0000,0.0640,0.0256,0.0555
0.1999,0.8577,1.0000,0.0284,0.1059,179.0312,-25.3637,0.0000,0.1045,0.1045,-0.0118,0.0000,0.0000,0.0640,0.0256,0.0626
0.1999,0.8270,1.0000,0.0214,0.1059,179.1074,-25.3607,0.0000,0.0988,0.0988,-0.0132,0.0000,0.0000,0.0640,0.0256,0.0557
0.2000,0.7733,1.0000,0.0160,0.1059,179.1998,-25.3510,0.0000,0.0996,0.0996,-0.0112,0.0000,0.0000,0.0640,0.0256,0.0502
0.2000,0.7566,1.0000,0.0244,0.1253,179.2943,-25.3383,0.0000,0.1006,0.1006,-0.0364,0.0000,0.0000,0.0759,0.0303,0.0429
0.1301,0.9217,1.0000,0.0327,0.1253,179.3641,-25.3294,0.0000,0.0960,0.0960,-0.0365,0.0000,0.0000,0.0759,0.0303,0.0355
0.0888,0.9454,1.0000,0.0411,0.1253,179.4355,-25.3168,0.0000,0.0979,0.0979,-0.0378,0.0000,0.0000,0.0759,0.0303,0.0263
0.2000,0.6979,1.0000,0.0495,0.1253,179.5203,-25.3106,0.0000,0.0977,0.0977,-0.0379,0.0000,0.0000,0.0759,0.0303,0.0200
0.2000,0.7189,1.0000,0.0579,0.1253,179.6113,-25.3015,0.0000,0.0947,0.0947,-0.0344,0.0000,0.0000,0.0759,0.0303,0.0219
0.1907,0.8432,1.0000,0.0655,0.1253,179.6886,-25.2896,0.0000,0.0953,0.0953,-0.0278,0.0000,0.0000,0.0759,0.0303,0.0325
0.1998,0.9063,1.0000,0.0571,0.1253,179.7660,-25.2814,0.0000,0.0934,0.0934,-0.0222,0.0000,0.0000,0.0759,0.0303,0.0401
0.2000,0.7765,1.0000,0.0509,0.1253,179.8486,-25.2716,0.0000,0.0946,0.0946,-0.0185,0.0000,0.0000,0.0759,0.0303,0.0463
0.2000,0.7719,1.0000,0.0593,0.1437,179.9295,-25.2578,0.0000,0.0985,0.0985,-0.0603,0.0000,0.0000,0.0871,0.0348,0.0613
0.2000,0.8246,1.0000,0.0677,0.1437,180.0061,-25.2296,0.0000,0.1110,0.1110,-0.0565,0.0000,0.0000,0.0871,0.0348,0.0679
0.2000,0.8149,1.0000,0.0761,0.1437,180.0627,-25.2127,0.0000,0.1171,0.1171,-0.0570,0.0000,0.0000,0.0871,0.0348,0.0660
0.2000,0.8108,1.0000,0.0845,0.1437,180.1417,-25.2049,0.0000,0.1122,0.1122,-0.0526,0.0000,0.0000,0.0871,0.0348,0.0559
0.2000,0.5860,1.0000,0.0928,0.1437,180.2249,-25.1965,0.0000,0.1122,0.1122,-0.0517,0.0000,0.0000,0.0871,0.0348,0.0620
0.2000,0.7875,1.0000,0.0993,0.1437,180.3059,-25.1851,0.0000,0.1055,0.1055,-0.0407,0.0000,0.0000,0.0871,0.0348,0.0705
0.2001,0.8288,1.0000,0.0911,0.1437,180.3805,-25.1718,0.0000,0.1060,0.1060,-0.0329,0.0000,0.0000,0.0871,0.0348,0.0783
0.2000,0.8113,1.0000,0.0839,0.1437,180.4588,-25.1547,0.0000,0.1109,0.1109,-0.0259,0.0000,0.0000,0.0871,0.0348,0.0860
0.2000,0.7524,1.0000,0.0755,0.1437,180.5408,-25.1370,0.0000,0.1155,0.1155,-0.0212,0.0000,0.0000,0.0871,0.0348,0.0937
0.2000,0.7978,1.0000,0.0839,0.1535,180.6205,-25.1203,0.0000,0.1171,0.1171,-0.0591,0.0000,0.0000,0.0932,0.0373,0.1004
0.2000,0.8331,1.0000,0.0923,0.1535,180.6976,-25.1023,0.0000,0.1160,0.1160,-0.0574,0.0000,0.0000,0.0932,0.0373,0.0961
0.2000,0.8089,1.0000,0.1006,0.1535,180.7681,-25.0919,0.0000,0.1114,0.1114,-0.0566,0.0000,0.0000,0.0932,0.0373,0.0899
0.2000,0.7860,1.0000,0.1089,0.1535,180.8517,-25.0752,0.0000,0.1111,0.1111,-0.0520,0.0000,0.0000,0.0932,0.0373,0.0831
0.2000,0.7065,1.0000,0.1148,0.1535,180.9447,-25.0552,0.0000,0.1129,0.1129,-0.0479,0.0000,0.0000,0.0932,0.0373,0.0870
0.2002,0.8472,1.0000,0.1066,0.1535,181.0212,-25.0437,0.0000,0.1054,0.1054,-0.0376,0.0000,0.0000,0.0932,0.0373,0.0944
0.1692,0.9442,1.0000,0.0982,0.1535,181.0997,-25.0295,0.0000,0.1019,0.1019,-0.0282,0.0000,0.0000,0.0932,0.0373,0.0996
0.2000,0.7671,1.0000,0.0898,0.1535,181.1810,-25.0085,0.0000,0.1087,0.1087,-0.0257,0.0000,0.0000,0.0932,0.0373,0.1089
0.2000,0.7916,1.0000,0.0814,0.1535,181.2566,-24.9900,0.0000,0.1109,0.1109,-0.0185,0.0000,0.0000,0.0932,0.0373,0.1159
0.2000,0.7725,1.0000,0.0898,0.1640,181.3185,-24.9680,0.0000,0.1166,0.1166,-0.0549,0.0000,0.0000,0.0997,0.0399,0.1135
0.2000,0.7725,1.0000,0.0982,0.1640,181.3946,-24.9514,0.0000,0.1148,0.1148,-0.0492,0.0000,0.0000,0.0997,0.0399,0.1056
0.2000,0.7740,1.0000,0.1066,0.1640,181.4790,-24.9290,0.0000,0.1142,0.1142,-0.0491,0.0000,0.0000,0.0997,0.0399,0.0976
0.2000,0.7740,1.0000,0.1150,0.1640,181.5462,-24.9139,0.0000,0.1119,0.1119,-0.0470,0.0000,0.0000,0.0997,0.0399,0.0890
0.2000,0.8661,1.0000,0.1066,0.1640,181.6214,-24.8871,0.0000,0.1184,0.1184,-0.0373,0.0000,0.0000,0.0997,0.0399,0.0925
0.2000,0.6838,1.0000,0.0982,0.1640,181.6999,-24.8663,0.0000,0.1232,0.1232,-0.0355,0.0000,0.0000,0.0997,0.0399,0.0994
0.2000,0.7956,1.0000,0.0899,0.1640,181.7667,-24.8439,0.0000,0.1265,0.1265,-0.0275,0.0000,0.0000,0.0997,0.0399,0.1069
0.2000,0.8077,1.0000,0.0815,0.1640,181.8413,-24.8192,0.0000,0.1331,0.1331,-0.0192,0.0000,0.0000,0.0997,0.0399,0.1113
0.2000,0.6999,1.0000,0.0731,0.1640,181.9262,-24.7957,0.0000,0.1363,0.1363,-0.0162,0.0000,0.0000,0.0997,0.0399,0.1164
0.2000,0.7826,1.0000,0.0815,0.1832,182.0001,-24.7770,0.0000,0.1285,0.1285,-0.1185,0.0000,0.0000,0.1116,0.0446,0.1096
0.1776,0.8755,1.0000,0.0899,0.1832,182.0757,-24.7585,0.0000,0.1135,0.1135,-0.1140,0.0000,0.0000,0.1116,0.0446,0.1004
0.2000,0.7560,1.0000,0.0983,0.1832,182.1523,-24.7394,0.0000,0.1108,0.1108,-0.1157,0.0000,0.0000,0.1116,0.0446,0.0925
0.2000,0.7722,1.0000,0.1067,0.1832,182.2295,-24.7202,0.0000,0.1007,0.1007,-0.1122,0.0000,0.0000,0.1116,0.0446,0.0843
0.2000,0.7837,1.0000,0.1151,0.1832,182.3128,-24.6968,0.0000,0.0927,0.0927,-0.1076,0.0000,0.0000,0.1116,0.0446,0.0836
0.2000,0.7884,1.0000,0.1235,0.1832,182.3988,-24.6716,0.0000,0.0862,0.0862,-0.1010,0.0000,0.0000,0.1116,0.0446,0.0913
0.2000,0.8595,1.0000,0.1319,0.1832,182.4791,-24.6530,0.0000,0.0727,0.0727,-0.0925,0.0000,0.0000,0.1116,0.0446,0.0972
0.1626,0.8897,1.0000,0.1403,0.1832,182.5543,-24.6258,0.0000,0.0718,0.0718,-0.0833,0.0000,0.0000,0.1116,0.0446,0.1071
0.2000,0.8164,1.0000,0.1332,0.1674,182.6351,-24.6008,0.0000,0.0683,0.0683,-0.1298,0.0000,0.0000,0.1018,0.0407,0.1134
0.2000,0.7952,1.0000,0.1416,0.1674,182.7130,-24.5802,0.0000,0.0587,0.0587,-0.1227,0.0000,0.0000,0.1018,0.0407,0.1216
0.2000,0.8400,1.0000,0.1500,0.1674,182.7831,-24.5551,0.0000,0.0526,0.0526,-0.1128,0.0000,0.0000,0.1018,0.0407,0.1290
0.2000,0.7995,1.0000,0.1584,0.1674,182.8508,-24.5346,0.0000,0.0480,0.0480,-0.1069,0.0000,0.0000,0.1018,0.0407,0.1349
0.2000,0.7402,1.0000,0.1667,0.1674,182.9291,-24.5102,0.0000,0.0436,0.0436,-0.1011,0.0000,0.0000,0.1018,0.0407,0.1374
0.2000,0.7021,1.0000,0.1751,0.1674,183.0089,-24.4776,0.0000,0.0447,0.0447,-0.0943,0.0000,0.0000,0.1018,0.0407,0.1371
0.2000,0.8149,1.0000,0.1835,0.1674,183.0834,-24.4457,0.0000,0.0413,0.0413,-0.0791,0.0000,0.0000,0.1018,0.0407,0.1457
0.2000,0.8589,1.0000,0.1919,0.1674,183.1624,-24.4145,0.0000,0.0392,0.0392,-0.0666,0.0000,0.0000,0.1018,0.0407,0.1521
0.2000,0.8083,1.0000,0.2002,0.1674,183.2395,-24.3840,0.0000,0.0409,0.0409,-0.0563,0.0000,0.0000,0.1018,0.0407,0.1640
0.1999,0.8455,1.0000,0.2086,0.1779,183.3143,-24.3567,0.0000,0.0290,0.0290,-0.1439,0.0000,0.0000,0.1083,0.0433,0.1741
0.2000,0.8260,1.0000,0.2170,0.1779,183.3975,-24.3278,0.0000,0.0175,0.0175,-0.1333,0.0000,0.0000,0.1083,0.0433,0.1815
0.2000,0.7912,1.0000,0.2254,0.1779,183.4730,-24.3011,0.0000,0.0093,0.0093,-0.1220,0.0000,0.0000,0.1083,0.0433,0.1916
0.1784,0.8747,1.0000,0.2338,0.1779,183.5513,-24.2689,0.0000,-0.0022,-0.0022,-0.1034,0.0000,0.0000,0.1083,0.0433,0.1998
0.2000,0.7946,1.0000,0.2422,0.1779,183.6252,-24.2361,0.0000,-0.0026,-0.0026,-0.0961,0.0000,0.0000,0.1083,0.0433,0.2058
0.2000,0.8418,1.0000,0.2506,0.1779,183.6710,-24.1905,0.0000,0.0157,0.0157,-0.0816,0.0000,0.0000,0.1083,0.0433,0.2135
0.2000,0.8052,1.0000,0.2590,0.1779,183.7331,-24.1490,0.0000,0.0271,0.0271,-0.0690,0.0000,0.0000,0.1083,0.0433,0.2211
0.2000,0.6607,1.0000,0.2673,0.1779,183.7991,-24.1032,0.0000,0.0427,0.0427,-0.0653,0.0000,0.0000,0.1083,0.0433,0.2290
0.2000,0.7554,1.0000,0.2589,0.1779,183.8686,-24.0595,0.0000,0.0473,0.0473,-0.0443,0.0000,0.0000,0.1083,0.0433,0.2361
0.2000,0.8099,1.0000,0.2523,0.1629,183.9395,-24.0142,0.0000,0.0492,0.0492,-0.0851,0.0000,0.0000,0.0990,0.0396,0.2432
0.2000,0.8252,1.0000,0.2556,0.1629,183.9983,-23.9781,0.0000,0.0516,0.0516,-0.0683,0.0000,0.0000,0.0990,0.0396,0.2556
0.1905,0.8434,1.0000,0.2486,0.1629,184.0632,-23.9460,0.0000,0.0469,0.0469,-0.0533,0.0000,0.0000,0.0990,0.0396,0.2620
0.2000,0.6931,1.0000,0.2402,0.1629,184.1543,-23.8606,0.0000,0.0759,0.0759,-0.0534,0.0000,0.0000,0.0990,0.0396,0.2577
0.2000,0.7196,1.0000,0.2318,0.1629,184.2387,-23.7837,0.0000,0.0964,0.0964,-0.0398,0.0000,0.0000,0.0990,0.0396,0.2548
0.0000,1.2579,1.0000,0.2306,0.1701,184.2779,-23.7181,0.0000,0.1244,0.1244,-0.0575,0.0000,0.0000,0.1035,0.0414,0.2547
-0.1619,1.1483,1.0000,0.2223,0.1701,184.3282,-23.7411,0.0000,0.0865,0.0865,-0.0538,0.0000,0.0000,0.1035,0.0414,0.2485
0.0379,0.7787,1.0000,0.2139,0.1629,184.3888,-23.6924,0.0000,0.1003,0.1003,-0.0040,0.0000,0.0000,0.0990,0.0396,0.2418
0.2000,0.4917,1.0000,0.2055,0.1629,184.4579,-23.6487,0.0000,0.1029,0.1029,-0.0144,0.0000,0.0000,0.0990,0.0396,0.2364
0.2000,0.7820,1.0000,0.2043,0.1701,184.5266,-23.5965,0.0000,0.1046,0.1046,-0.0512,0.0000,0.0000,0.1035,0.0414,0.2312
0.2000,0.8143,1.0000,0.1959,0.1701,184.5824,-23.5524,0.0000,0.1088,0.1088,-0.0394,0.0000,0.0000,0.1035,0.0414,0.2243
0.1902,0.8636,1.0000,0.1875,0.1701,184.6454,-23.5058,0.0000,0.1094,0.1094,-0.0295,0.0000,0.0000,0.1035,0.0414,0.2175
0.2000,0.7133,1.0000,0.1791,0.1701,184.7188,-23.4564,0.0000,0.1103,0.1103,-0.0282,0.0000,0.0000,0.1035,0.0414,0.2109
0.2000,0.7816,1.0000,0.1707,0.1701,184.7915,-23.4039,0.0000,0.1106,0.1106,-0.0138,0.0000,0.0000,0.1035,0.0414,0.2074
0.1728,0.8800,1.0000,0.1623,0.1701,184.8414,-23.3388,0.0000,0.1347,0.1347,-0.0002,0.0000,0.0000,0.1035,0.0414,0.2013
0.1695,0.8926,1.0000,0.1540,0.1701,184.9062,-23.2791,0.0000,0.1460,0.1460,0.0076,0.0000,0.0000,0.1035,0.0414,0.1913
0.1999,0.8282,1.0000,0.1475,0.1719,184.9700,-23.2212,0.0000,0.1544,0.1544,-0.0589,0.0000,0.0000,0.1046,0.0418,0.1832
0.1715,0.8812,1.0000,0.1391,0.1719,185.0313,-23.1600,0.0000,0.1612,0.1612,-0.0494,0.0000,0.0000,0.1046,0.0418,0.1751
0.1998,0.8609,1.0000,0.1307,0.1719,185.0899,-23.1052,0.0000,0.1666,0.1666,-0.0450,0.0000,0.0000,0.1046,0.0418,0.1645
0.2001,0.8666,1.0000,0.1223,0.1719,185.1501,-23.0485,0.0000,0.1710,0.1710,-0.0408,0.0000,0.0000,0.1046,0.0418,0.1538
0.2000,0.8012,1.0000,0.1139,0.1719,185.2170,-22.9910,0.0000,0.1735,0.1735,-0.0378,0.0000,0.0000,0.1046,0.0418,0.1474
0.1999,0.8242,1.0000,0.1055,0.1719,185.2760,-22.9375,0.0000,0.1758,0.1758,-0.0326,0.0000,0.0000,0.1046,0.0418,0.1411
0.1898,0.8782,1.0000,0.0971,0.1719,185.3312,-22.8791,0.0000,0.1842,0.1842,-0.0259,0.0000,0.0000,0.1046,0.0418,0.1333
0.2000,0.7925,1.0000,0.0887,0.1719,185.3918,-22.8186,0.0000,0.1921,0.1921,-0.0256,0.0000,0.0000,0.1046,0.0418,0.1258
0.2000,0.8019,1.0000,0.0803,0.1719,185.4584,-22.7670,0.0000,0.1876,0.1876,-0.0223,0.0000,0.0000,0.1046,0.0418,0.1183
0.2000,0.8527,1.0000,0.0871,0.1702,185.5195,-22.7089,0.0000,0.1823,0.1823,-0.1080,0.0000,0.0000,0.1035,0.0414,0.1104
0.1999,0.8357,1.0000,0.0955,0.1702,185.5896,-22.6495,0.0000,0.1735,0.1735,-0.1076,0.0000,0.0000,0.1035,0.0414,0.1027
0.2000,0.8371,1.0000,0.1039,0.1702,185.6607,-22.5924,0.0000,0.1623,0.1623,-0.1047,0.0000,0.0000,0.1035,0.0414,0.0944
0.1406,0.9113,1.0000,0.1122,0.1702,185.7246,-22.5422,0.0000,0.1482,0.1482,-0.0989,0.0000,0.0000,0.1035,0.0414,0.0880
0.1344,0.9046,1.0000,0.1206,0.1702,185.7818,-22.4880,0.0000,0.1463,0.1463,-0.0930,0.0000,0.0000,0.1035,0.0414,0.0935
0.2000,0.8061,1.0000,0.1290,0.1702,185.8480,-22.4289,0.0000,0.1455,0.1455,-0.0886,0.0000,0.0000,0.1035,0.0414,0.1016
0.2000,0.7825,1.0000,0.1374,0.1702,185.9058,-22.3756,0.0000,0.1433,0.1433,-0.0825,0.0000,0.0000,0.1035,0.0414,0.1077
0.1716,0.8811,1.0000,0.1304,0.1548,185.9647,-22.3229,0.0000,0.1352,0.1352,-0.1001,0.0000,0.0000,0.0940,0.0376,0.1165
0.2000,0.7811,1.0000,0.1388,0.1548,186.0196,-22.2730,0.0000,0.1351,0.1351,-0.0954,0.0000,0.0000,0.0940,0.0376,0.1230
0.2000,0.7846,1.0000,0.1472,0.1548,186.0793,-22.2129,0.0000,0.1322,0.1322,-0.0887,0.0000,0.0000,0.0940,0.0376,0.1305
0.2000,0.7366,1.0000,0.1556,0.1548,186.1388,-22.1579,0.0000,0.1290,0.1290,-0.0822,0.0000,0.0000,0.0940,0.0376,0.1373
0.2000,0.8418,1.0000,0.1640,0.1548,186.1915,-22.1092,0.0000,0.1206,0.1206,-0.0713,0.0000,0.0000,0.0940,0.0376,0.1323
0.2000,0.8048,1.0000,0.1640,0.1548,186.2476,-22.0440,0.0000,0.1264,0.1264,-0.0637,0.0000,0.0000,0.0940,0.0376,0.1388
0.2000,0.7125,1.0000,0.1556,0.1548,186.2968,-21.9763,0.0000,0.1405,0.1405,-0.0581,0.0000,0.0000,0.0940,0.0376,0.1471
0.2001,0.8581,1.0000,0.1472,0.1548,186.3538,-21.9080,0.0000,0.1429,0.1429,-0.0411,0.0000,0.0000,0.0940,0.0376,0.1564
0.2000,0.8380,1.0000,0.1388,0.1548,186.4025,-21.8488,0.0000,0.1497,0.1497,-0.0317,0.0000,0.0000,0.0940,0.0376,0.1684
0.1776,0.8870,1.0000,0.1472,0.1669,186.4555,-21.7950,0.0000,0.1424,0.1424,-0.1378,0.0000,0.0000,0.1015,0.0406,0.1695
0.2000,0.7654,1.0000,0.1556,0.1669,186.5092,-21.7322,0.0000,0.1445,0.1445,-0.1407,0.0000,0.0000,0.1015,0.0406,0.1581
0.2000,0.7495,1.0000,0.1640,0.1669,186.5661,-21.6642,0.0000,0.1403,0.1403,-0.1352,0.0000,0.0000,0.1015,0.0406,0.1506
0.2000,0.8221,1.0000,0.1724,0.1669,186.6249,-21.5941,0.0000,0.1302,0.1302,-0.1257,0.0000,0.0000,0.1015,0.0406,0.1427
0.1803,0.8844,1.0000,0.1808,0.1669,186.6743,-21.5325,0.0000,0.1248,0.1248,-0.1138,0.0000,0.0000,0.1015,0.0406,0.1448
0.1349,0.9108,1.0000,0.1892,0.1669,186.7221,-21.4676,0.0000,0.1255,0.1255,-0.1017,0.0000,0.0000,0.1015,0.0406,0.1545
0.2000,0.7877,1.0000,0.1976,0.1669,186.7689,-21.4046,0.0000,0.1332,0.1332,-0.0968,0.0000,0.0000,0.1015,0.0406,0.1635
0.2000,0.8052,1.0000,0.2059,0.1669,186.8131,-21.3457,0.0000,0.1338,0.1338,-0.0845,0.0000,0.0000,0.1015,0.0406,0.1740
0.2000,0.7834,1.0000,0.1975,0.1669,186.8593,-21.2819,0.0000,0.1370,0.1370,-0.0748,0.0000,0.0000,0.1015,0.0406,0.1823
0.2000,0.7352,1.0000,0.1891,0.1330,186.9007,-21.2215,0.0000,0.1420,0.1420,-0.1470,0.0000,0.0000,0.0806,0.0322,0.1918
0.2000,0.7871,1.0000,0.1975,0.1330,186.9480,-21.1477,0.0000,0.1384,0.1384,-0.1328,0.0000,0.0000,0.0806,0.0322,0.1993
0.2000,0.7345,1.0000,0.2059,0.1330,186.9928,-21.0806,0.0000,0.1401,0.1401,-0.1262,0.0000,0.0000,0.0806,0.0322,0.2057
0.1769,0.8761,1.0000,0.2143,0.1330,187.0348,-21.0136,0.0000,0.1325,0.1325,-0.1093,0.0000,0.0000,0.0806,0.0322,0.2023
0.2000,0.8053,1.0000,0.2201,0.1330,187.0750,-20.9473,0.0000,0.1380,0.1380,-0.1065,0.0000,0.0000,0.0806,0.0322,0.1973
0.2000,0.7920,1.0000,0.2139,0.1330,187.1211,-20.8825,0.0000,0.1346,0.1346,-0.0994,0.0000,0.0000,0.0806,0.0322,0.1968
0.2000,0.7755,1.0000,0.2055,0.1330,187.1604,-20.8181,0.0000,0.1385,0.1385,-0.0869,0.0000,0.0000,0.0806,0.0322,0.2053
0.2000,0.7916,1.0000,0.1971,0.1330,187.2003,-20.7563,0.0000,0.1390,0.1390,-0.0732,0.0000,0.0000,0.0806,0.0322,0.2121
0.2000,0.7569,1.0000,0.1887,0.1330,187.2382,-20.6894,0.0000,0.1451,0.1451,-0.0640,0.0000,0.0000,0.0806,0.0322,0.2189
0.2000,0.7354,1.0000,0.1803,0.1101,187.2739,-20.6230,0.0000,0.1503,0.1503,-0.1047,0.0000,0.0000,0.0666,0.0266,0.2169
0.2000,0.7705,1.0000,0.1719,0.1101,187.3121,-20.5592,0.0000,0.1474,0.1474,-0.0937,0.0000,0.0000,0.0666,0.0266,0.2104
0.2000,0.7568,1.0000,0.1635,0.1101,187.3501,-20.4936,0.0000,0.1472,0.1472,-0.0878,0.0000,0.0000,0.0666,0.0266,0.2043
0.2000,0.7432,1.0000,0.1551,0.1101,187.3940,-20.4297,0.0000,0.1412,0.1412,-0.0810,0.0000,0.0000,0.0666,0.0266,0.1972
0.2000,0.7571,1.0000,0.1467,0.1101,187.4313,-20.3628,0.0000,0.1409,0.1409,-0.0740,0.0000,0.0000,0.0666,0.0266,0.1884
0.2000,0.7698,1.0000,0.1384,0.1101,187.4739,-20.3039,0.0000,0.1323,0.1323,-0.0670,0.0000,0.0000,0.0666,0.0266,0.1815
0.2000,0.7641,1.0000,0.1300,0.1101,187.5117,-20.2337,0.0000,0.1337,0.1337,-0.0613,0.0000,0.0000,0.0666,0.0266,0.1733
0.2000,0.7204,1.0000,0.1216,0.1101,187.5435,-20.1707,0.0000,0.1379,0.1379,-0.0589,0.0000,0.0000,0.0666,0.0266,0.1616
0.2000,0.7953,1.0000,0.1132,0.1101,187.5691,-20.1040,0.0000,0.1461,0.1461,-0.0499,0.0000,0.0000,0.0666,0.0266,0.1523
0.2000,0.7041,1.0000,0.1049,0.1101,187.5947,-20.0407,0.0000,0.1563,0.1563,-0.0506,0.0000,0.0000,0.0666,0.0266,0.1443
0.2000,0.7170,1.0000,0.0986,0.0955,187.6310,-19.9858,0.0000,0.1465,0.1465,-0.1025,0.0000,0.0000,0.0577,0.0231,0.1361
0.2000,0.6824,1.0000,0.1070,0.0955,187.6715,-19.9330,0.0000,0.1341,0.1341,-0.1008,0.0000,0.0000,0.0577,0.0231,0.1292
0.2000,0.6519,1.0000,0.1154,0.0955,187.7075,-19.8767,0.0000,0.1266,0.1266,-0.1002,0.0000,0.0000,0.0577,0.0231,0.1219
0.2000,0.6577,1.0000,0.1238,0.0955,187.7383,-19.8197,0.0000,0.1225,0.1225,-0.0975,0.0000,0.0000,0.0577,0.0231,0.1144
0.2000,0.6626,1.0000,0.1322,0.0955,187.7649,-19.7528,0.0000,0.1267,0.1267,-0.0935,0.0000,0.0000,0.0577,0.0231,0.1078
0.2000,0.6436,1.0000,0.1398,0.0955,187.7959,-19.6901,0.0000,0.1267,0.1267,-0.0889,0.0000,0.0000,0.0577,0.0231,0.1079
0.2001,0.7182,1.0000,0.1416,0.0955,187.8289,-19.6250,0.0000,0.1218,0.1218,-0.0800,0.0000,0.0000,0.0577,0.0231,0.1149
0.2000,0.6962,1.0000,0.1371,0.0955,187.8715,-19.5583,0.0000,0.1137,0.1137,-0.0723,0.0000,0.0000,0.0577,0.0231,0.1223
0.2000,0.7249,1.0000,0.1287,0.0955,187.9150,-19.4896,0.0000,0.1039,0.1039,-0.0623,0.0000,0.0000,0.0577,0.0231,0.1298
0.2000,0.7837,1.0000,0.1203,0.0745,187.9460,-19.4299,0.0000,0.0956,0.0956,-0.1610,0.0000,0.0000,0.0449,0.0180,0.1377
0.2000,0.8052,1.0000,0.1287,0.0745,187.9733,-19.3682,0.0000,0.0894,0.0894,-0.1528,0.0000,0.0000,0.0449,0.0180,0.1429
0.2000,0.6692,1.0000,0.1371,0.0745,188.0058,-19.2979,0.0000,0.0920,0.0920,-0.1544,0.0000,0.0000,0.0449,0.0180,0.1402
0.2000,0.6725,1.0000,0.1455,0.0745,188.0410,-19.2284,0.0000,0.0812,0.0812,-0.1497,0.0000,0.0000,0.0449,0.0180,0.1358
0.2000,0.7737,1.0000,0.1539,0.0745,188.0661,-19.1602,0.0000,0.0727,0.0727,-0.1411,0.0000,0.0000,0.0449,0.0180,0.1267
0.2000,0.7737,1.0000,0.1623,0.0745,188.0961,-19.0893,0.0000,0.0680,0.0680,-0.1351,0.0000,0.0000,0.0449,0.0180,0.1294
0.2000,0.7257,1.0000,0.1706,0.0745,188.1224,-19.0170,0.0000,0.0713,0.0713,-0.1282,0.0000,0.0000,0.0449,0.0180,0.1340
0.2000,0.7656,1.0000,0.1790,0.0745,188.1482,-18.9474,0.0000,0.0687,0.0687,-0.1166,0.0000,0.0000,0.0449,0.0180,0.1453
0.2000,0.7687,1.0000,0.1874,0.0745,188.1722,-18.8753,0.0000,0.0709,0.0709,-0.1075,0.0000,0.0000,0.0449,0.0180,0.1504
0.2000,0.7406,1.0000,0.1790,0.0210,188.2005,-18.7994,0.0000,0.0710,0.0710,-0.1440,0.0000,0.0000,0.0127,0.0051,0.1593
0.2000,0.7597,1.0000,0.1874,0.0210,188.2285,-18.7262,0.0000,0.0656,0.0656,-0.1315,0.0000,0.0000,0.0127,0.0051,0.1723
0.2000,0.8074,1.0000,0.1866,0.0210,188.2451,-18.6627,0.0000,0.0666,0.0666,-0.1194,0.0000,0.0000,0.0127,0.0051,0.1793
0.2000,0.7811,1.0000,0.1808,0.0210,188.2719,-18.5959,0.0000,0.0633,0.0633,-0.1114,0.0000,0.0000,0.0127,0.0051,0.1853
0.2000,0.6587,1.0000,0.1761,0.0210,188.2919,-18.5254,0.0000,0.0725,0.0725,-0.1083,0.0000,0.0000,0.0127,0.0051,0.1909
0.2000,0.7160,1.0000,0.1677,0.0210,188.3118,-18.4614,0.0000,0.0701,0.0701,-0.0971,0.0000,0.0000,0.0127,0.0051,0.1862
0.2000,0.7344,1.0000,0.1594,0.0210,188.3352,-18.3895,0.0000,0.0687,0.0687,-0.0863,0.0000,0.0000,0.0127,0.0051,0.1922
0.2000,0.6712,1.0000,0.1510,0.0210,188.3445,-18.3208,0.0000,0.0834,0.0834,-0.0818,0.0000,0.0000,0.0127,0.0051,0.1905
0.2000,0.7538,1.0000,0.1427,0.0210,188.3578,-18.2460,0.0000,0.0899,0.0899,-0.0698,0.0000,0.0000,0.0127,0.0051,0.1848
0.2000,0.6998,1.0000,0.1344,0.0210,188.3743,-18.1740,0.0000,0.0973,0.0973,-0.0662,0.0000,0.0000,0.0127,0.0051,0.1779
0.2000,0.7625,1.0000,0.1260,-0.0052,188.3883,-18.0998,0.0000,0.1025,0.1025,-0.0740,0.0000,0.0000,-0.0031,-0.0012,0.1729
0.2000,0.7401,1.0000,0.1176,-0.0052,188.3967,-18.0362,0.0000,0.1125,0.1125,-0.0722,0.0000,0.0000,-0.0031,-0.0012,0.1601
0.2000,0.7549,1.0000,0.1092,-0.0052,188.4104,-17.9596,0.0000,0.1193,0.1193,-0.0680,0.0000,0.0000,-0.0031,-0.0012,0.1513
0.2000,0.6435,1.0000,0.1010,-0.0052,188.4204,-17.8798,0.0000,0.1345,0.1345,-0.0700,0.0000,0.0000,-0.0031,-0.0012,0.1405
0.2000,0.7763,1.0000,0.0928,-0.0052,188.4449,-17.8037,0.0000,0.1263,0.1263,-0.0618,0.0000,0.0000,-0.0031,-0.0012,0.1346
0.2000,0.8037,1.0000,0.0845,-0.0052,188.4590,-17.7280,0.0000,0.1318,0.1318,-0.0581,0.0000,0.0000,-0.0031,-0.0012,0.1275
0.2000,0.7935,1.0000,0.0761,-0.0052,188.4825,-17.6452,0.0000,0.1322,0.1322,-0.0532,0.0000,0.0000,-0.0031,-0.0012,0.1204
0.2000,0.7671,1.0000,0.0677,-0.0052,188.4954,-17.5602,0.0000,0.1427,0.1427,-0.0513,0.0000,0.0000,-0.0031,-0.0012,0.1142
0.2000,0.8562,1.0000,0.0593,-0.0185,188.5191,-17.4913,0.0000,0.1347,0.1347,-0.0500,0.0000,0.0000,-0.0111,-0.0045,0.1071
0.1999,0.8560,1.0000,0.0509,-0.0185,188.5493,-17.4243,0.0000,0.1227,0.1227,-0.0490,0.0000,0.0000,-0.0111,-0.0045,0.0981
0.2000,0.7229,1.0000,0.0425,-0.0185,188.5599,-17.3560,0.0000,0.1339,0.1339,-0.0502,0.0000,0.0000,-0.0111,-0.0045,0.0916
0.2000,0.7266,1.0000,0.0341,-0.0185,188.5828,-17.2762,0.0000,0.1318,0.1318,-0.0489,0.0000,0.0000,-0.0111,-0.0045,0.0835
0.2000,0.6889,1.0000,0.0257,-0.0185,188.5968,-17.2034,0.0000,0.1375,0.1375,-0.0495,0.0000,0.0000,-0.0111,-0.0045,0.0739
0.2000,0.8245,1.0000,0.0173,-0.0185,188.6152,-17.1142,0.0000,0.1387,0.1387,-0.0467,0.0000,0.0000,-0.0111,-0.0045,0.0660
0.2000,0.7365,1.0000,0.0089,-0.0185,188.6306,-17.0450,0.0000,0.1427,0.1427,-0.0499,0.0000,0.0000,-0.0111,-0.0045,0.0531
0.1510,0.9043,1.0000,0.0005,-0.0185,188.6548,-16.9763,0.0000,0.1324,0.1324,-0.0477,0.0000,0.0000,-0.0111,-0.0045,0.0445
0.2000,0.7031,1.0000,-0.0078,-0.0185,188.6665,-16.9015,0.0000,0.1444,0.1444,-0.0511,0.0000,0.0000,-0.0111,-0.0045,0.0351
0.2000,0.7217,1.0000,-0.0162,-0.0185,188.6811,-16.8236,0.0000,0.1486,0.1486,-0.0524,0.0000,0.0000,-0.0111,-0.0045,0.0276
0.2000,0.7516,1.0000,-0.0228,-0.0270,188.7037,-16.7358,0.0000,0.1456,0.1456,-0.0787,0.0000,0.0000,-0.0163,-0.0065,0.0193
0.2000,0.7867,1.0000,-0.0144,-0.0270,188.7315,-16.6638,0.0000,0.1322,0.1322,-0.0815,0.0000,0.0000,-0.0163,-0.0065,0.0115
0.1539,0.8982,1.0000,-0.0061,-0.0270,188.7454,-16.5827,0.0000,0.1317,0.1317,-0.0832,0.0000,0.0000,-0.0163,-0.0065,0.0030
0.2000,0.7660,1.0000,0.0022,-0.0270,188.7713,-16.5016,0.0000,0.1292,0.1292,-0.0861,0.0000,0.0000,-0.0163,-0.0065,-0.0046
0.2000,0.8154,1.0000,0.0106,-0.0270,188.7892,-16.4334,0.0000,0.1241,0.1241,-0.0886,0.0000,0.0000,-0.0163,-0.0065,-0.0126
0.2000,0.8446,1.0000,0.0190,-0.0270,188.8235,-16.3689,0.0000,0.1041,0.1041,-0.0870,0.0000,0.0000,-0.0163,-0.0065,-0.0080
0.2000,0.6993,1.0000,0.0274,-0.0270,188.8502,-16.3014,0.0000,0.0996,0.0996,-0.0850,0.0000,0.0000,-0.0163,-0.0065,0.0001
0.2000,0.7233,1.0000,0.0357,-0.0270,188.8869,-16.2418,0.0000,0.0761,0.0761,-0.0839,0.0000,0.0000,-0.0163,-0.0065,0.0074
0.2000,0.7194,1.0000,0.0441,-0.0270,188.9050,-16.1612,0.0000,0.0770,0.0770,-0.0816,0.0000,0.0000,-0.0163,-0.0065,0.0150
0.2000,0.6947,1.0000,0.0357,-0.0485,188.9248,-16.0853,0.0000,0.0758,0.0758,-0.0857,0.0000,0.0000,-0.0293,-0.0117,0.0222
0.1999,0.8192,1.0000,0.0441,-0.0485,188.9383,-16.0197,0.0000,0.0726,0.0726,-0.0813,0.0000,0.0000,-0.0293,-0.0117,0.0283
0.2000,0.7780,1.0000,0.0475,-0.0485,188.9624,-15.9491,0.0000,0.0684,0.0684,-0.0744,0.0000,0.0000,-0.0293,-0.0117,0.0385
0.2000,0.6653,1.0000,0.0450,-0.0485,188.9793,-15.8653,0.0000,0.0754,0.0754,-0.0709,0.0000,0.0000,-0.0293,-0.0117,0.0475
0.2000,0.7391,1.0000,0.0534,-0.0485,189.0149,-15.8018,0.0000,0.0515,0.0515,-0.0713,0.0000,0.0000,-0.0293,-0.0117,0.0409
0.2000,0.8496,1.0000,0.0618,-0.0485,189.0475,-15.7200,0.0000,0.0346,0.0346,-0.0661,0.0000,0.0000,-0.0293,-0.0117,0.0478
0.2000,0.7215,1.0000,0.0700,-0.0485,189.0621,-15.6316,0.0000,0.0444,0.0444,-0.0661,0.0000,0.0000,-0.0293,-0.0117,0.0502
0.2005,0.8722,1.0000,0.0739,-0.0485,189.0786,-15.5628,0.0000,0.0391,0.0391,-0.0619,0.0000,0.0000,-0.0293,-0.0117,0.0508
0.2002,0.8898,1.0200,0.0655,-0.0638,189.0980,-15.4905,0.0000,0.0372,0.0372,-0.0424,0.0000,0.0000,-0.0385,-0.0154,0.0631
0.1999,0.7014,1.0400,0.0571,-0.0638,189.1084,-15.4170,0.0000,0.0500,0.0500,-0.0397,0.0000,0.0000,-0.0385,-0.0154,0.0712
0.1999,0.7430,1.0600,0.0487,-0.0638,189.1306,-15.3359,0.0000,0.0468,0.0468,-0.0365,0.0000,0.0000,-0.0385,-0.0154,0.0766
0.1999,0.7401,1.0800,0.0403,-0.0638,189.1416,-15.2617,0.0000,0.0546,0.0546,-0.0323,0.0000,0.0000,-0.0385,-0.0154,0.0799
0.1999,0.8337,1.1000,0.0319,-0.0638,189.1618,-15.1810,0.0000,0.0535,0.0535,-0.0277,0.0000,0.0000,-0.0385,-0.0154,0.0727
0.1999,0.7464,1.1200,0.0236,-0.0638,189.1836,-15.1053,0.0000,0.0510,0.0510,-0.0303,0.0000,0.0000,-0.0385,-0.0154,0.0646
0.1999,0.8252,1.1400,0.0152,-0.0638,189.2054,-15.0369,0.0000,0.0448,0.0448,-0.0292,0.0000,0.0000,-0.0385,-0.0154,0.0513
0.2000,0.7811,1.1600,0.0068,-0.0638,189.2179,-14.9653,0.0000,0.0497,0.0497,-0.0307,0.0000,0.0000,-0.0385,-0.0154,0.0428
0.2000,0.7115,1.1800,-0.0016,-0.0638,189.2365,-14.8922,0.0000,0.0494,0.0494,-0.0325,0.0000,0.0000,-0.0385,-0.0154,0.0347
0.1999,0.7212,1.2000,-0.0100,-0.0638,189.2611,-14.8230,0.0000,0.0407,0.0407,-0.0348,0.0000,0.0000,-0.0385,-0.0154,0.0269
0.2000,0.7478,1.2200,-0.0184,-0.0695,189.2868,-14.7478,0.0000,0.0346,0.0346,0.0404,0.0000,0.0000,-0.0419,-0.0168,0.0192
0.1999,0.7286,1.2400,-0.0268,-0.0695,189.3125,-14.6664,0.0000,0.0347,0.0347,0.0405,0.0000,0.0000,-0.0419,-0.0168,0.0116
0.1999,0.7878,1.2600,-0.0352,-0.0695,189.3456,-14.5895,0.0000,0.0272,0.0272,0.0385,0.0000,0.0000,-0.0419,-0.0168,0.0042
0.1999,0.8459,1.2800,-0.0434,-0.0695,189.3737,-14.5077,0.0000,0.0251,0.0251,0.0348,0.0000,0.0000,-0.0419,-0.0168,-0.0033
0.1999,0.8305,1.3000,-0.0518,-0.0695,189.3990,-14.4148,0.0000,0.0278,0.0278,0.0313,0.0000,0.0000,-0.0419,-0.0168,-0.0113
0.2000,0.8582,1.3200,-0.0602,-0.0695,189.4285,-14.3154,0.0000,0.0276,0.0276,0.0240,0.0000,0.0000,-0.0419,-0.0168,-0.0194
0.2000,0.9542,1.3400,-0.0518,-0.0445,189.4297,-14.1413,0.0000,0.0768,0.0768,0.0244,0.0000,0.0000,-0.0268,-0.0107,-0.0272
0.1999,1.0285,1.3600,-0.0602,-0.0445,189.4560,-14.0409,0.0000,0.0835,0.0835,0.0213,0.0000,0.0000,-0.0268,-0.0107,-0.0349
0.0000,1.7170,1.3800,-0.0686,-0.0445,189.4699,-13.9955,0.0000,0.0836,0.0836,0.0026,0.0000,0.0000,-0.0268,-0.0107,-0.0480
0.2000,1.0297,1.4000,-0.0770,-0.0445,189.5140,-13.9103,0.0000,0.0652,0.0652,0.0101,0.0000,0.0000,-0.0268,-0.0107,-0.0556
0.2000,0.4703,1.4200,-0.0784,-0.0445,189.5571,-13.8293,0.0000,0.0445,0.0445,0.0160,0.0000,0.0000,-0.0268,-0.0107,-0.0494
0.1999,0.9512,1.4400,-0.0758,-0.0445,189.5865,-13.7303,0.0000,0.0484,0.0484,0.0034,0.0000,0.0000,-0.0268,-0.0107,-0.0567
0.1999,0.9151,1.4600,-0.0678,-0.0445,189.6223,-13.6279,0.0000,0.0437,0.0437,-0.0030,0.0000,0.0000,-0.0268,-0.0107,-0.0652
0.2000,1.0233,1.4800,-0.0691,-0.0507,189.6636,-13.5129,0.0000,0.0352,0.0352,-0.0013,0.0000,0.0000,-0.0306,-0.0122,-0.0727
0.2000,1.0764,1.5000,-0.0668,-0.0507,189.6832,-13.4121,0.0000,0.0483,0.0483,-0.0052,0.0000,0.0000,-0.0306,-0.0122,-0.0741
0.1999,1.2146,1.5200,-0.0584,-0.0507,189.7284,-13.3040,0.0000,0.0371,0.0371,-0.0139,0.0000,0.0000,-0.0306,-0.0122,-0.0715
0.2000,1.0170,1.5400,-0.0500,-0.0507,189.7777,-13.1948,0.0000,0.0251,0.0251,-0.0134,0.0000,0.0000,-0.0306,-0.0122,-0.0649
0.2000,1.1647,1.5600,-0.0416,-0.0507,189.8196,-13.0939,0.0000,0.0165,0.0165,-0.0182,0.0000,0.0000,-0.0306,-0.0122,-0.0651
0.2000,1.1913,1.5800,-0.0500,-0.0569,189.8670,-12.9827,0.0000,0.0038,0.0038,-0.0042,0.0000,0.0000,-0.0343,-0.0137,-0.0625
0.2000,1.0836,1.6000,-0.0562,-0.0569,189.8921,-12.8793,0.0000,0.0156,0.0156,-0.0025,0.0000,0.0000,-0.0343,-0.0137,-0.0553
0.2000,1.2015,1.6200,-0.0536,-0.0569,189.9385,-12.7565,0.0000,0.0114,0.0114,-0.0081,0.0000,0.0000,-0.0343,-0.0137,-0.0435
0.2000,1.0543,1.6400,-0.0504,-0.0569,189.9912,-12.6390,0.0000,0.0014,0.0014,-0.0085,0.0000,0.0000,-0.0343,-0.0137,-0.0341
0.2000,1.3024,1.6600,-0.0420,-0.0569,190.0327,-12.5385,0.0000,-0.0053,-0.0053,-0.0155,0.0000,0.0000,-0.0343,-0.0137,-0.0438
0.2000,1.2789,1.6800,-0.0336,-0.0569,190.0784,-12.4055,0.0000,-0.0063,-0.0063,-0.0244,0.0000,0.0000,-0.0343,-0.0137,-0.0525
0.2000,1.0781,1.7000,-0.0295,-0.0569,190.1290,-12.2948,0.0000,-0.0134,-0.0134,-0.0219,0.0000,0.0000,-0.0343,-0.0137,-0.0502
0.2000,1.3943,1.7200,-0.0236,-0.0594,190.1839,-12.1668,0.0000,-0.0292,-0.0292,-0.0354,0.0000,0.0000,-0.0358,-0.0143,-0.0481
0.2000,1.2073,1.7400,-0.0161,-0.0594,190.2187,-12.0377,0.0000,-0.0147,-0.0147,-0.0315,0.0000,0.0000,-0.0358,-0.0143,-0.0351
0.1999,1.3828,1.7600,-0.0129,-0.0594,190.2652,-11.9261,0.0000,-0.0219,-0.0219,-0.0308,0.0000,0.0000,-0.0358,-0.0143,-0.0271
0.1999,1.3239,1.7800,-0.0145,-0.0594,190.3065,-11.8004,0.0000,-0.0167,-0.0167,-0.0299,0.0000,0.0000,-0.0358,-0.0143,-0.0220
0.2000,1.1987,1.8000,-0.0229,-0.0752,190.3498,-11.6787,0.0000,-0.0132,-0.0132,0.0165,0.0000,0.0000,-0.0454,-0.0182,-0.0164
0.2000,1.3110,1.8200,-0.0313,-0.0752,190.4009,-11.5478,0.0000,-0.0090,-0.0090,0.0169,0.0000,0.0000,-0.0454,-0.0182,-0.0097
0.2000,1.2811,1.8400,-0.0396,-0.0752,190.4375,-11.4006,0.0000,0.0124,0.0124,0.0149,0.0000,0.0000,-0.0454,-0.0182,-0.0062
0.2000,1.3932,1.8600,-0.0480,-0.0752,190.4926,-11.2774,0.0000,0.0097,0.0097,0.0137,0.0000,0.0000,-0.0454,-0.0182,-0.0075
-0.2000,1.5010,1.8200,-0.0476,-0.0664,190.5431,-11.1557,0.0000,0.0090,0.0090,0.0223,0.0000,0.0000,-0.0401,-0.0160,-0.0149
0.2000,1.3383,1.8400,-0.0560,-0.0664,190.6101,-11.0313,0.0000,-0.0099,-0.0099,0.0133,0.0000,0.0000,-0.0401,-0.0160,-0.0219
0.2000,1.3064,1.8600,-0.0644,-0.0664,190.6718,-10.8786,0.0000,-0.0103,-0.0103,0.0051,0.0000,0.0000,-0.0401,-0.0160,-0.0284
-0.2000,1.4058,1.8200,-0.0560,-0.0664,190.7346,-10.7520,0.0000,-0.0193,-0.0193,-0.0008,0.0000,0.0000,-0.0401,-0.0160,-0.0363
-0.2000,1.6328,1.7800,-0.0476,-0.0664,190.7957,-10.6245,0.0000,-0.0313,-0.0313,-0.0123,0.0000,0.0000,-0.0401,-0.0160,-0.0391
-0.1883,1.4015,1.7400,-0.0560,-0.0728,190.8606,-10.4729,0.0000,-0.0349,-0.0349,0.0236,0.0000,0.0000,-0.0439,-0.0176,-0.0500
-0.2000,1.4040,1.7000,-0.0644,-0.0728,190.9178,-10.3145,0.0000,-0.0220,-0.0220,0.0137,0.0000,0.0000,-0.0439,-0.0176,-0.0587
-0.2000,1.6351,1.6600,-0.0722,-0.0728,190.9857,-10.1752,0.0000,-0.0213,-0.0213,0.0091,0.0000,0.0000,-0.0439,-0.0176,-0.0550
-0.2000,1.6681,1.6200,-0.0744,-0.0728,191.0504,-10.0344,0.0000,-0.0189,-0.0189,0.0087,0.0000,0.0000,-0.0439,-0.0176,-0.0455
-0.2000,1.5370,1.5800,-0.0660,-0.0632,191.1105,-9.8874,0.0000,-0.0169,-0.0169,0.0062,0.0000,0.0000,-0.0382,-0.0153,-0.0505
-0.2000,1.5360,1.5400,-0.0576,-0.0632,191.1841,-9.7491,0.0000,-0.0255,-0.0255,-0.0019,0.0000,0.0000,-0.0382,-0.0153,-0.0588
-0.2000,1.5731,1.5000,-0.0492,-0.0632,191.2592,-9.5942,0.0000,-0.0325,-0.0325,-0.0159,0.0000,0.0000,-0.0382,-0.0153,-0.0655
-0.2000,1.5554,1.4600,-0.0408,-0.0632,191.3339,-9.4582,0.0000,-0.0444,-0.0444,-0.0248,0.0000,0.0000,-0.0382,-0.0153,-0.0701
-0.2000,1.7075,1.4200,-0.0492,-0.0703,191.4057,-9.3240,0.0000,-0.0500,-0.0500,0.0234,0.0000,0.0000,-0.0424,-0.0170,-0.0647
-0.2000,1.5404,1.3800,-0.0576,-0.0703,191.4800,-9.1844,0.0000,-0.0492,-0.0492,0.0265,0.0000,0.0000,-0.0424,-0.0170,-0.0567
-0.2000,1.5102,1.3420,-0.0660,-0.0703,191.5487,-9.0519,0.0000,-0.0449,-0.0449,0.0276,0.0000,0.0000,-0.0424,-0.0170,-0.0469
-0.2000,1.5687,1.3078,-0.0744,-0.0703,191.6104,-8.9270,0.0000,-0.0369,-0.0369,0.0283,0.0000,0.0000,-0.0424,-0.0170,-0.0354
-0.1999,1.4800,1.2770,-0.0745,-0.0703,191.6754,-8.8068,0.0000,-0.0424,-0.0424,0.0188,0.0000,0.0000,-0.0424,-0.0170,-0.0390
-0.1999,1.3809,1.2493,-0.0661,-0.0703,191.7351,-8.6955,0.0000,-0.0465,-0.0465,0.0084,0.0000,0.0000,-0.0424,-0.0170,-0.0503
-0.1999,1.3558,1.2244,-0.0577,-0.0548,191.8076,-8.5729,0.0000,-0.0524,-0.0524,0.0143,0.0000,0.0000,-0.0331,-0.0132,-0.0601
-0.2000,1.2534,1.2019,-0.0493,-0.0548,191.8722,-8.4686,0.0000,-0.0626,-0.0626,0.0042,0.0000,0.0000,-0.0331,-0.0132,-0.0683
-0.2000,1.4129,1.1818,-0.0409,-0.0548,191.9313,-8.3569,0.0000,-0.0593,-0.0593,-0.0030,0.0000,0.0000,-0.0331,-0.0132,-0.0707
-0.2000,1.2528,1.1636,-0.0325,-0.0548,191.9858,-8.2528,0.0000,-0.0576,-0.0576,-0.0050,0.0000,0.0000,-0.0331,-0.0132,-0.0646
-0.2000,1.2528,1.1472,-0.0242,-0.0548,192.0478,-8.1610,0.0000,-0.0668,-0.0668,-0.0077,0.0000,0.0000,-0.0331,-0.0132,-0.0596
-0.1934,1.1649,1.1325,-0.0158,-0.0548,192.1033,-8.0523,0.0000,-0.0589,-0.0589,-0.0031,0.0000,0.0000,-0.0331,-0.0132,-0.0486
-0.1276,1.1003,1.1192,-0.0074,-0.0548,192.1489,-7.9536,0.0000,-0.0496,-0.0496,-0.0031,0.0000,0.0000,-0.0331,-0.0132,-0.0383
-0.2000,1.2092,1.1073,-0.0158,-0.0571,192.2003,-7.8641,0.0000,-0.0443,-0.0443,0.0696,0.0000,0.0000,-0.0344,-0.0138,-0.0275
-0.1105,1.0769,1.0966,-0.0242,-0.0571,192.2515,-7.7810,0.0000,-0.0439,-0.0439,0.0721,0.0000,0.0000,-0.0344,-0.0138,-0.0196
-0.0397,1.0236,1.0869,-0.0325,-0.0571,192.3034,-7.6980,0.0000,-0.0414,-0.0414,0.0740,0.0000,0.0000,-0.0344,-0.0138,-0.0116
0.1259,0.9678,1.0782,-0.0409,-0.0571,192.3525,-7.6169,0.0000,-0.0379,-0.0379,0.0748,0.0000,0.0000,-0.0344,-0.0138,-0.0079
0.0766,0.9704,1.0704,-0.0493,-0.0571,192.3788,-7.5405,0.0000,-0.0173,-0.0173,0.0733,0.0000,0.0000,-0.0344,-0.0138,-0.0026
0.1261,0.9398,1.0634,-0.0577,-0.0571,192.4294,-7.4632,0.0000,-0.0172,-0.0172,0.0701,0.0000,0.0000,-0.0344,-0.0138,-0.0104
0.1997,0.7989,1.0834,-0.0660,-0.0571,192.4674,-7.3889,0.0000,-0.0127,-0.0127,0.0661,0.0000,0.0000,-0.0344,-0.0138,-0.0185
0.1164,0.9155,1.0750,-0.0744,-0.0571,192.5063,-7.3187,0.0000,-0.0030,-0.0030,0.0602,0.0000,0.0000,-0.0344,-0.0138,-0.0265
0.1999,0.8277,1.0950,-0.0828,-0.0571,192.5374,-7.2638,0.0000,-0.0025,-0.0025,0.0544,0.0000,0.0000,-0.0344,-0.0138,-0.0341
0.1999,0.7950,1.1150,-0.0912,-0.0571,192.5789,-7.2056,0.0000,-0.0056,-0.0056,0.0506,0.0000,0.0000,-0.0344,-0.0138,-0.0465
0.2000,0.6256,1.1350,-0.0996,-0.0571,192.6141,-7.1463,0.0000,-0.0068,-0.0068,0.0475,0.0000,0.0000,-0.0344,-0.0138,-0.0555
0.2000,0.7088,1.1550,-0.0912,-0.0269,192.6600,-7.0826,0.0000,-0.0072,-0.0072,0.0381,0.0000,0.0000,-0.0162,-0.0065,-0.0639
0.1999,0.6839,1.1750,-0.0847,-0.0269,192.6927,-7.0265,0.0000,-0.0057,-0.0057,0.0301,0.0000,0.0000,-0.0162,-0.0065,-0.0741
0.1999,0.7794,1.1950,-0.0763,-0.0269,192.7274,-6.9700,0.0000,-0.0038,-0.0038,0.0204,0.0000,0.0000,-0.0162,-0.0065,-0.0824
0.1999,0.6436,1.2150,-0.0700,-0.0269,192.7713,-6.8906,0.0000,0.0026,0.0026,0.0219,0.0000,0.0000,-0.0162,-0.0065,-0.0876
0.1999,0.6583,1.2350,-0.0616,-0.0269,192.8179,-6.8335,0.0000,-0.0060,-0.0060,0.0137,0.0000,0.0000,-0.0162,-0.0065,-0.0934
-0.0350,0.8984,1.2115,-0.0532,-0.0269,192.8730,-6.7644,0.0000,-0.0115,-0.0115,0.0082,0.0000,0.0000,-0.0162,-0.0065,-0.0845
0.2000,0.7358,1.2315,-0.0448,-0.0269,192.9262,-6.6962,0.0000,-0.0185,-0.0185,0.0114,0.0000,0.0000,-0.0162,-0.0065,-0.0786
-0.0316,0.8768,1.2084,-0.0365,-0.0269,192.9839,-6.6310,0.0000,-0.0300,-0.0300,0.0064,0.0000,0.0000,-0.0162,-0.0065,-0.0705
0.1916,0.8592,1.1875,-0.0449,-0.0343,193.0310,-6.5534,0.0000,-0.0252,-0.0252,0.0361,0.0000,0.0000,-0.0207,-0.0083,-0.0644
0.2010,0.8658,1.1688,-0.0531,-0.0343,193.0836,-6.4729,0.0000,-0.0213,-0.0213,0.0344,0.0000,0.0000,-0.0207,-0.0083,-0.0562
0.1999,0.9003,1.1519,-0.0615,-0.0343,193.1340,-6.4058,0.0000,-0.0228,-0.0228,0.0330,0.0000,0.0000,-0.0207,-0.0083,-0.0493
0.1189,0.9529,1.1367,-0.0699,-0.0343,193.1848,-6.3234,0.0000,-0.0151,-0.0151,0.0330,0.0000,0.0000,-0.0207,-0.0083,-0.0369
0.2004,0.8331,1.1230,-0.0783,-0.0343,193.2406,-6.2397,0.0000,-0.0143,-0.0143,0.0322,0.0000,0.0000,-0.0207,-0.0083,-0.0296
0.1440,0.9601,1.1107,-0.0840,-0.0343,193.2916,-6.1566,0.0000,-0.0069,-0.0069,0.0252,0.0000,0.0000,-0.0207,-0.0083,-0.0380
0.0647,0.9976,1.0997,-0.0756,-0.0343,193.3602,-6.0841,0.0000,-0.0221,-0.0221,0.0175,0.0000,0.0000,-0.0207,-0.0083,-0.0492
0.0950,0.9663,1.0897,-0.0672,-0.0223,193.4239,-5.9906,0.0000,-0.0218,-0.0218,0.0141,0.0000,0.0000,-0.0135,-0.0054,-0.0599
0.0521,0.9923,1.0807,-0.0589,-0.0223,193.4786,-5.9130,0.0000,-0.0233,-0.0233,0.0054,0.0000,0.0000,-0.0135,-0.0054,-0.0680
-0.0905,1.1220,1.0727,-0.0505,-0.0223,193.5506,-5.8333,0.0000,-0.0373,-0.0373,-0.0047,0.0000,0.0000,-0.0135,-0.0054,-0.0767
0.1145,0.9420,1.0654,-0.0421,-0.0223,193.5930,-5.7616,0.0000,-0.0306,-0.0306,-0.0047,0.0000,0.0000,-0.0135,-0.0054,-0.0769
-0.0234,1.0684,1.0589,-0.0337,-0.0223,193.6470,-5.7020,0.0000,-0.0425,-0.0425,-0.0120,0.0000,0.0000,-0.0135,-0.0054,-0.0674
0.1828,0.8243,1.0530,-0.0254,-0.0223,193.6994,-5.6316,0.0000,-0.0418,-0.0418,-0.0058,0.0000,0.0000,-0.0135,-0.0054,-0.0596
0.2000,0.8028,1.0477,-0.0170,-0.0223,193.7540,-5.5655,0.0000,-0.0471,-0.0471,-0.0055,0.0000,0.0000,-0.0135,-0.0054,-0.0508
0.1935,0.8699,1.0429,-0.0086,-0.0223,193.8137,-5.5015,0.0000,-0.0579,-0.0579,-0.0059,0.0000,0.0000,-0.0135,-0.0054,-0.0382
0.2004,0.8511,1.0386,-0.0007,-0.0227,193.8662,-5.4336,0.0000,-0.0591,-0.0591,0.0167,0.0000,0.0000,-0.0137,-0.0055,-0.0295
0.1993,0.8694,1.0348,0.0077,-0.0227,193.9201,-5.3583,0.0000,-0.0561,-0.0561,0.0166,0.0000,0.0000,-0.0137,-0.0055,-0.0243
0.1994,0.8512,1.0313,0.0161,-0.0227,193.9762,-5.2946,0.0000,-0.0620,-0.0620,0.0179,0.0000,0.0000,-0.0137,-0.0055,-0.0162
0.1585,0.9182,1.0281,0.0209,-0.0227,194.0276,-5.2324,0.0000,-0.0638,-0.0638,0.0204,0.0000,0.0000,-0.0137,-0.0055,-0.0041
0.2000,0.8419,1.0253,0.0256,-0.0227,194.0807,-5.1712,0.0000,-0.0688,-0.0688,0.0231,0.0000,0.0000,-0.0137,-0.0055,0.0043
0.2000,0.8000,1.0228,0.0172,-0.0227,194.1108,-5.0885,0.0000,-0.0436,-0.0436,0.0219,0.0000,0.0000,-0.0137,-0.0055,0.0115
0.2000,0.8029,1.0205,0.0088,-0.0227,194.1561,-5.0426,0.0000,-0.0509,-0.0509,0.0245,0.0000,0.0000,-0.0137,-0.0055,0.0195
0.1871,0.8690,1.0185,0.0004,-0.0227,194.1962,-4.9770,0.0000,-0.0402,-0.0402,0.0297,0.0000,0.0000,-0.0137,-0.0055,0.0243
0.2000,0.6392,1.0166,-0.0079,-0.0227,194.2442,-4.9180,0.0000,-0.0452,-0.0452,0.0301,0.0000,0.0000,-0.0137,-0.0055,0.0282
0.2000,0.7635,1.0150,-0.0079,-0.0143,194.2964,-4.8538,0.0000,-0.0448,-0.0448,0.0610,0.0000,0.0000,-0.0086,-0.0034,0.0221
0.2000,0.7545,1.0135,-0.0163,-0.0143,194.3452,-4.7796,0.0000,-0.0365,-0.0365,0.0586,0.0000,0.0000,-0.0086,-0.0034,0.0135
0.2000,0.8197,1.0121,-0.0247,-0.0143,194.3842,-4.7114,0.0000,-0.0220,-0.0220,0.0572,0.0000,0.0000,-0.0086,-0.0034,0.0066
0.1899,0.8802,1.0109,-0.0331,-0.0143,194.4298,-4.6518,0.0000,-0.0184,-0.0184,0.0553,0.0000,0.0000,-0.0086,-0.0034,-0.0013
0.2000,0.7792,1.0098,-0.0415,-0.0143,194.4878,-4.5953,0.0000,-0.0310,-0.0310,0.0538,0.0000,0.0000,-0.0086,-0.0034,-0.0028
0.2000,0.7446,1.0088,-0.0498,-0.0143,194.5318,-4.5405,0.0000,-0.0323,-0.0323,0.0504,0.0000,0.0000,-0.0086,-0.0034,-0.0114
0.2000,0.8037,1.0080,-0.0582,-0.0143,194.5643,-4.4813,0.0000,-0.0207,-0.0207,0.0445,0.0000,0.0000,-0.0086,-0.0034,-0.0174
0.2000,0.6971,1.0072,-0.0666,-0.0143,194.6081,-4.4329,0.0000,-0.0265,-0.0265,0.0445,0.0000,0.0000,-0.0086,-0.0034,-0.0181
0.2000,0.6669,1.0064,-0.0697,-0.0143,194.6540,-4.3770,0.0000,-0.0287,-0.0287,0.0394,0.0000,0.0000,-0.0086,-0.0034,-0.0338
0.2000,0.6471,1.0058,-0.0659,-0.0143,194.6990,-4.3220,0.0000,-0.0302,-0.0302,0.0353,0.0000,0.0000,-0.0086,-0.0034,-0.0447
0.2000,0.7184,1.0052,-0.0575,0.0037,194.7417,-4.2708,0.0000,-0.0319,-0.0319,0.0148,0.0000,0.0000,0.0022,0.0009,-0.0554
0.2000,0.7045,1.0047,-0.0491,0.0037,194.7834,-4.2172,0.0000,-0.0326,-0.0326,0.0107,0.0000,0.0000,0.0022,0.0009,-0.0634
0.2000,0.6623,1.0042,-0.0407,0.0037,194.8273,-4.1581,0.0000,-0.0328,-0.0328,0.0042,0.0000,0.0000,0.0022,0.0009,-0.0655
0.2000,0.6738,1.0038,-0.0323,0.0037,194.8762,-4.1059,0.0000,-0.0389,-0.0389,0.0035,0.0000,0.0000,0.0022,0.0009,-0.0627
0.2000,0.7303,1.0034,-0.0239,0.0037,194.9217,-4.0465,0.0000,-0.0380,-0.0380,0.0022,0.0000,0.0000,0.0022,0.0009,-0.0555
0.2000,0.7102,1.0031,-0.0156,0.0037,194.9627,-3.9941,0.0000,-0.0381,-0.0381,0.0027,0.0000,0.0000,0.0022,0.0009,-0.0417
0.2000,0.7417,1.0028,-0.0073,0.0037,195.0028,-3.9360,0.0000,-0.0335,-0.0335,0.0026,0.0000,0.0000,0.0022,0.0009,-0.0345
0.2000,0.6599,1.0025,0.0011,0.0037,195.0521,-3.8823,0.0000,-0.0390,-0.0390,0.0039,0.0000,0.0000,0.0022,0.0009,-0.0268
0.2000,0.7000,1.0022,0.0095,0.0037,195.1042,-3.8233,0.0000,-0.0429,-0.0429,0.0052,0.0000,0.0000,0.0022,0.0009,-0.0169
0.2000,0.7223,1.0020,0.0179,0.0037,195.1483,-3.7571,0.0000,-0.0358,-0.0358,0.0073,0.0000,0.0000,0.0022,0.0009,-0.0083
0.2000,0.7811,1.0018,0.0095,0.0030,195.1945,-3.7059,0.0000,-0.0376,-0.0376,0.0338,0.0000,0.0000,0.0018,0.0007,-0.0008
0.2000,0.7888,1.0016,0.0011,0.0030,195.2320,-3.6492,0.0000,-0.0295,-0.0295,0.0356,0.0000,0.0000,0.0018,0.0007,0.0056
0.2000,0.6843,1.0015,-0.0073,0.0030,195.2759,-3.5887,0.0000,-0.0256,-0.0256,0.0382,0.0000,0.0000,0.0018,0.0007,0.0127
0.2000,0.6731,1.0013,-0.0157,0.0030,195.3138,-3.5376,0.0000,-0.0219,-0.0219,0.0395,0.0000,0.0000,0.0018,0.0007,0.0204
0.2000,0.7416,1.0012,-0.0240,0.0030,195.3568,-3.4865,0.0000,-0.0210,-0.0210,0.0386,0.0000,0.0000,0.0018,0.0007,0.0147
0.2000,0.6304,1.0011,-0.0324,0.0030,195.4044,-3.4323,0.0000,-0.0253,-0.0253,0.0366,0.0000,0.0000,0.0018,0.0007,0.0065
0.2000,0.6625,1.0010,-0.0408,0.0030,195.4477,-3.3795,0.0000,-0.0245,-0.0245,0.0347,0.0000,0.0000,0.0018,0.0007,-0.0004
0.2000,0.7154,1.0009,-0.0397,0.0030,195.4960,-3.3241,0.0000,-0.0259,-0.0259,0.0317,0.0000,0.0000,0.0018,0.0007,-0.0079
0.2000,0.6770,1.0008,-0.0351,0.0030,195.5442,-3.2647,0.0000,-0.0264,-0.0264,0.0280,0.0000,0.0000,0.0018,0.0007,-0.0160
0.2000,0.7296,1.0007,-0.0272,0.0030,195.5904,-3.2071,0.0000,-0.0254,-0.0254,0.0236,0.0000,0.0000,0.0018,0.0007,-0.0248
0.2000,0.7589,1.0006,-0.0188,0.0242,195.6337,-3.1521,0.0000,-0.0244,-0.0244,0.0156,0.0000,0.0000,0.0146,0.0058,-0.0318
0.2000,0.7313,1.0006,-0.0104,0.0242,195.6813,-3.0947,0.0000,-0.0253,-0.0253,0.0141,0.0000,0.0000,0.0146,0.0058,-0.0319
0.2000,0.6948,1.0005,-0.0020,0.0242,195.7308,-3.0449,0.0000,-0.0325,-0.0325,0.0134,0.0000,0.0000,0.0146,0.0058,-0.0280
0.2000,0.7386,1.0005,0.0064,0.0242,195.7777,-2.9843,0.0000,-0.0299,-0.0299,0.0133,0.0000,0.0000,0.0146,0.0058,-0.0212
0.2000,0.6982,1.0004,0.0095,0.0242,195.8163,-2.9197,0.0000,-0.0185,-0.0185,0.0148,0.0000,0.0000,0.0146,0.0058,-0.0137
0.2000,0.7595,1.0004,0.0011,0.0242,195.8585,-2.8511,0.0000,-0.0066,-0.0066,0.0159,0.0000,0.0000,0.0146,0.0058,-0.0071
0.2000,0.7458,1.0003,-0.0073,0.0242,195.9029,-2.7930,0.0000,-0.0033,-0.0033,0.0185,0.0000,0.0000,0.0146,0.0058,0.0030
0.2000,0.7986,1.0003,-0.0157,0.0242,195.9497,-2.7242,0.0000,0.0056,0.0056,0.0209,0.0000,0.0000,0.0146,0.0058,0.0088
0.2000,0.7244,1.0003,-0.0241,0.0242,195.9954,-2.6574,0.0000,0.0126,0.0126,0.0220,0.0000,0.0000,0.0146,0.0058,0.0136
0.2000,0.8252,1.0002,-0.0157,0.0333,196.0473,-2.5950,0.0000,0.0119,0.0119,0.0110,0.0000,0.0000,0.0200,0.0080,0.0090
0.2000,0.8033,1.0002,-0.0077,0.0333,196.0939,-2.5329,0.0000,0.0139,0.0139,0.0079,0.0000,0.0000,0.0200,0.0080,-0.0002
0.2000,0.8048,1.0002,0.0003,0.0333,196.1422,-2.4684,0.0000,0.0162,0.0162,0.0050,0.0000,0.0000,0.0200,0.0080,-0.0058
0.2000,0.7695,1.0002,0.0042,0.0333,196.1893,-2.4011,0.0000,0.0212,0.0212,0.0019,0.0000,0.0000,0.0200,0.0080,-0.0164
0.2000,0.7987,1.0002,0.0075,0.0333,196.2313,-2.3470,0.0000,0.0220,0.0220,0.0008,0.0000,0.0000,0.0200,0.0080,-0.0100
0.2000,0.8141,1.0001,0.0054,0.0333,196.2813,-2.2858,0.0000,0.0225,0.0225,0.0036,0.0000,0.0000,0.0200,0.0080,-0.0023
0.2000,0.6784,1.0001,-0.0018,0.0333,196.3282,-2.2258,0.0000,0.0244,0.0244,0.0066,0.0000,0.0000,0.0200,0.0080,0.0053
0.2000,0.7842,1.0001,-0.0063,0.0333,196.3786,-2.1711,0.0000,0.0205,0.0205,0.0082,0.0000,0.0000,0.0200,0.0080,0.0092
0.2000,0.7550,1.0001,-0.0107,0.0333,196.4264,-2.1127,0.0000,0.0203,0.0203,0.0089,0.0000,0.0000,0.0200,0.0080,0.0122
0.2000,0.7375,1.0001,-0.0073,0.0451,196.4678,-2.0454,0.0000,0.0311,0.0311,0.0160,0.0000,0.0000,0.0272,0.0109,0.0103
0.2000,0.7480,1.0001,-0.0157,0.0451,196.5090,-1.9867,0.0000,0.0364,0.0364,0.0146,0.0000,0.0000,0.0272,0.0109,0.0042
0.2000,0.7840,1.0001,-0.0241,0.0451,196.5502,-1.9301,0.0000,0.0403,0.0403,0.0128,0.0000,0.0000,0.0272,0.0109,0.0003
0.2000,0.7110,1.0001,-0.0325,0.0451,196.5946,-1.8744,0.0000,0.0406,0.0406,0.0116,0.0000,0.0000,0.0272,0.0109,-0.0041
0.2000,0.6939,1.0001,-0.0392,0.0451,196.6499,-1.8144,0.0000,0.0358,0.0358,0.0115,0.0000,0.0000,0.0272,0.0109,-0.0010
0.2000,0.7056,1.0001,-0.0322,0.0451,196.6985,-1.7566,0.0000,0.0330,0.0330,0.0053,0.0000,0.0000,0.0272,0.0109,-0.0062
0.2000,0.8099,1.0001,-0.0262,0.0451,196.7397,-1.7008,0.0000,0.0365,0.0365,0.0035,0.0000,0.0000,0.0272,0.0109,-0.0123
0.2000,0.7495,1.0000,-0.0178,0.0451,196.8027,-1.6385,0.0000,0.0264,0.0264,0.0002,0.0000,0.0000,0.0272,0.0109,-0.0209
0.2000,0.6877,1.0000,-0.0094,0.0451,196.8353,-1.5901,0.0000,0.0302,0.0302,-0.0057,0.0000,0.0000,0.0272,0.0109,-0.0300
0.1734,0.8794,1.0000,-0.0010,0.0728,196.8826,-1.5315,0.0000,0.0295,0.0295,-0.0133,0.0000,0.0000,0.0439,0.0176,-0.0282
0.2000,0.5768,1.0000,0.0073,0.0728,196.9357,-1.4679,0.0000,0.0305,0.0305,-0.0090,0.0000,0.0000,0.0439,0.0176,-0.0199
0.2000,0.7467,1.0000,0.0157,0.0728,196.9821,-1.4121,0.0000,0.0293,0.0293,-0.0081,0.0000,0.0000,0.0439,0.0176,-0.0130
0.2000,0.8220,1.0000,0.0241,0.0728,197.0232,-1.3497,0.0000,0.0368,0.0368,-0.0068,0.0000,0.0000,0.0439,0.0176,-0.0053
0.2000,0.7190,1.0000,0.0284,0.0728,197.0722,-1.2876,0.0000,0.0385,0.0385,-0.0057,0.0000,0.0000,0.0439,0.0176,0.0005
0.2000,0.7411,1.0000,0.0303,0.0728,197.1187,-1.2282,0.0000,0.0404,0.0404,-0.0029,0.0000,0.0000,0.0439,0.0176,0.0102
0.2000,0.7838,1.0000,0.0287,0.0728,197.1667,-1.1750,0.0000,0.0375,0.0375,0.0004,0.0000,0.0000,0.0439,0.0176,0.0175
0.2000,0.7482,1.0000,0.0221,0.0728,197.2165,-1.1132,0.0000,0.0384,0.0384,0.0022,0.0000,0.0000,0.0439,0.0176,0.0235
0.2000,0.7098,1.0000,0.0219,0.0728,197.2701,-1.0525,0.0000,0.0360,0.0360,0.0053,0.0000,0.0000,0.0439,0.0176,0.0307
0.2000,0.7873,1.0000,0.0303,0.1016,197.3156,-0.9894,0.0000,0.0418,0.0418,0.0089,0.0000,0.0000,0.0614,0.0246,0.0329
0.2000,0.8019,1.0000,0.0271,0.1016,197.3633,-0.9302,0.0000,0.0425,0.0425,0.0097,0.0000,0.0000,0.0614,0.0246,0.0317
0.2000,0.7725,1.0000,0.0214,0.1016,197.4105,-0.8686,0.0000,0.0447,0.0447,0.0096,0.0000,0.0000,0.0614,0.0246,0.0286
0.2000,0.7539,1.0000,0.0130,0.1016,197.4620,-0.8082,0.0000,0.0431,0.0431,0.0095,0.0000,0.0000,0.0614,0.0246,0.0252
0.2000,0.7695,1.0000,0.0048,0.1016,197.4986,-0.7489,0.0000,0.0531,0.0531,0.0128,0.0000,0.0000,0.0614,0.0246,0.0310
0.2000,0.7872,1.0000,-0.0003,0.1016,197.5454,-0.6836,0.0000,0.0583,0.0583,0.0134,0.0000,0.0000,0.0614,0.0246,0.0300
0.2000,0.7969,1.0000,-0.0021,0.1016,197.5907,-0.6243,0.0000,0.0612,0.0612,0.0142,0.0000,0.0000,0.0614,0.0246,0.0254
0.2000,0.7969,1.0000,0.0006,0.1016,197.6423,-0.5694,0.0000,0.0557,0.0557,0.0133,0.0000,0.0000,0.0614,0.0246,0.0190
0.2000,0.7404,1.0000,-0.0006,0.1016,197.6928,-0.4967,0.0000,0.0621,0.0621,0.0127,0.0000,0.0000,0.0614,0.0246,0.0145
0.2000,0.7464,1.0000,0.0078,0.1395,197.7325,-0.4332,0.0000,0.0712,0.0712,0.0095,0.0000,0.0000,0.0846,0.0338,0.0074
0.1745,0.8784,1.0000,0.0162,0.1395,197.7837,-0.3781,0.0000,0.0666,0.0666,0.0091,0.0000,0.0000,0.0846,0.0338,0.0042
0.2000,0.7422,1.0000,0.0246,0.1395,197.8396,-0.3250,0.0000,0.0563,0.0563,0.0098,0.0000,0.0000,0.0846,0.0338,0.0060
0.2000,0.7459,1.0000,0.0330,0.1395,197.8838,-0.2642,0.0000,0.0604,0.0604,0.0102,0.0000,0.0000,0.0846,0.0338,0.0051
0.2000,0.7643,1.0000,0.0381,0.1395,197.9311,-0.2077,0.0000,0.0596,0.0596,0.0115,0.0000,0.0000,0.0846,0.0338,0.0086
0.2000,0.7452,1.0000,0.0361,0.1395,197.9787,-0.1427,0.0000,0.0640,0.0640,0.0137,0.0000,0.0000,0.0846,0.0338,0.0159
0.2000,0.7302,1.0000,0.0332,0.1395,198.0296,-0.0805,0.0000,0.0645,0.0645,0.0169,0.0000,0.0000,0.0846,0.0338,0.0234
0.2000,0.7992,1.0000,0.0288,0.1395,198.0745,-0.0227,0.0000,0.0676,0.0676,0.0211,0.0000,0.0000,0.0846,0.0338,0.0314
0.2000,0.7969,1.0000,0.0267,0.1395,198.1254,0.0339,0.0000,0.0647,0.0647,0.0245,0.0000,0.0000,0.0846,0.0338,0.0389
0.2000,0.7256,1.0000,0.0243,0.1395,198.1701,0.1052,0.0000,0.0745,0.0745,0.0249,0.0000,0.0000,0.0846,0.0338,0.0395
0.2000,0.7537,1.0000,0.0327,0.1840,198.2170,0.1665,0.0000,0.0714,0.0714,-0.0433,0.0000,0.0000,0.1121,0.0448,0.0377
0.2000,0.8353,1.0000,0.0411,0.1840,198.2627,0.2376,0.0000,0.0735,0.0735,-0.0417,0.0000,0.0000,0.1121,0.0448,0.0330
0.2000,0.7656,1.0000,0.0495,0.1840,198.3120,0.3069,0.0000,0.0745,0.0745,-0.0423,0.0000,0.0000,0.1121,0.0448,0.0311
0.2000,0.8392,1.0000,0.0579,0.1840,198.3614,0.3706,0.0000,0.0697,0.0697,-0.0404,0.0000,0.0000,0.1121,0.0448,0.0279
0.2000,0.8428,1.0000,0.0663,0.1840,198.4105,0.4412,0.0000,0.0705,0.0705,-0.0385,0.0000,0.0000,0.1121,0.0448,0.0312
0.2000,0.8000,1.0000,0.0747,0.1840,198.4615,0.5052,0.0000,0.0675,0.0675,-0.0352,0.0000,0.0000,0.1121,0.0448,0.0366
0.2000,0.8527,1.0000,0.0831,0.1840,198.4999,0.5704,0.0000,0.0748,0.0748,-0.0280,0.0000,0.0000,0.1121,0.0448,0.0473
0.2000,0.8113,1.0000,0.0915,0.1840,198.5465,0.6378,0.0000,0.0774,0.0774,-0.0240,0.0000,0.0000,0.1121,0.0448,0.0543
0.2000,0.7521,1.0000,0.0999,0.1989,198.5933,0.7020,0.0000,0.0759,0.0759,-0.0688,0.0000,0.0000,0.1214,0.0485,0.0685
0.2000,0.8136,1.0000,0.1083,0.1989,198.6386,0.7627,0.0000,0.0697,0.0697,-0.0620,0.0000,0.0000,0.1214,0.0485,0.0759
0.2000,0.7877,1.0000,0.1167,0.1989,198.6783,0.8250,0.0000,0.0717,0.0717,-0.0573,0.0000,0.0000,0.1214,0.0485,0.0835
0.2000,0.7513,1.0000,0.1251,0.1989,198.7188,0.8862,0.0000,0.0729,0.0729,-0.0524,0.0000,0.0000,0.1214,0.0485,0.0911
0.2000,0.7339,1.0000,0.1335,0.1989,198.7638,0.9474,0.0000,0.0699,0.0699,-0.0466,0.0000,0.0000,0.1214,0.0485,0.0989
0.2000,0.7292,1.0000,0.1419,0.1989,198.8092,1.0137,0.0000,0.0686,0.0686,-0.0413,0.0000,0.0000,0.1214,0.0485,0.1067
0.2000,0.7533,1.0000,0.1503,0.1989,198.8533,1.0837,0.0000,0.0704,0.0704,-0.0332,0.0000,0.0000,0.1214,0.0485,0.1141
0.2000,0.7975,1.0000,0.1565,0.1989,198.8950,1.1505,0.0000,0.0725,0.0725,-0.0247,0.0000,0.0000,0.1214,0.0485,0.1197
0.2000,0.8224,1.0000,0.1649,0.2268,198.9307,1.2153,0.0000,0.0795,0.0795,-0.0536,0.0000,0.0000,0.1390,0.0555,0.1275
0.2000,0.7833,1.0000,0.1733,0.2268,198.9737,1.2806,0.0000,0.0782,0.0782,-0.0485,0.0000,0.0000,0.1390,0.0555,0.1347
0.2000,0.7370,1.0000,0.1817,0.2268,199.0077,1.3377,0.0000,0.0818,0.0818,-0.0399,0.0000,0.0000,0.1390,0.0555,0.1435
0.2000,0.7771,1.0000,0.1859,0.2268,199.0434,1.4013,0.0000,0.0852,0.0852,-0.0287,0.0000,0.0000,0.1390,0.0555,0.1518
0.2000,0.6623,1.0000,0.1775,0.2268,199.0853,1.4618,0.0000,0.0838,0.0838,-0.0245,0.0000,0.0000,0.1390,0.0555,0.1598
0.2000,0.7275,1.0000,0.1691,0.2268,199.1191,1.5307,0.0000,0.0918,0.0918,-0.0098,0.0000,0.0000,0.1390,0.0555,0.1718
0.2000,0.7294,1.0000,0.1607,0.2268,199.1489,1.6004,0.0000,0.1045,0.1045,0.0012,0.0000,0.0000,0.1390,0.0555,0.1793
0.2000,0.7672,1.0000,0.1523,0.2268,199.1793,1.6718,0.0000,0.1177,0.1177,0.0140,0.0000,0.0000,0.1390,0.0555,0.1863
0.2000,0.7609,1.0000,0.1439,0.2268,199.2137,1.7440,0.0000,0.1269,0.1269,0.0212,0.0000,0.0000,0.1390,0.0555,0.1832
0.2000,0.7776,1.0000,0.1355,0.2268,199.2470,1.8177,0.0000,0.1378,0.1378,0.0285,0.0000,0.0000,0.1390,0.0555,0.1780
0.2000,0.7977,1.0000,0.1439,0.2629,199.2777,1.8902,0.0000,0.1476,0.1476,-0.0103,0.0000,0.0000,0.1621,0.0648,0.1615
0.2000,0.8071,1.0000,0.1523,0.2629,199.3073,1.9565,0.0000,0.1538,0.1538,-0.0064,0.0000,0.0000,0.1621,0.0648,0.1518
0.2000,0.7861,1.0000,0.1582,0.2629,199.3440,2.0277,0.0000,0.1550,0.1550,-0.0060,0.0000,0.0000,0.1621,0.0648,0.1446
0.2000,0.7239,1.0000,0.1532,0.2629,199.3759,2.0932,0.0000,0.1600,0.1600,-0.0019,0.0000,0.0000,0.1621,0.0648,0.1355
0.2000,0.7945,1.0000,0.1448,0.2629,199.4082,2.1651,0.0000,0.1672,0.1672,0.0088,0.0000,0.0000,0.1621,0.0648,0.1420
0.2000,0.7273,1.0000,0.1364,0.2629,199.4318,2.2336,0.0000,0.1811,0.1811,0.0161,0.0000,0.0000,0.1621,0.0648,0.1498
0.2000,0.7844,1.0000,0.1280,0.2629,199.4599,2.3105,0.0000,0.1950,0.1950,0.0265,0.0000,0.0000,0.1621,0.0648,0.1560
0.2000,0.7266,1.0000,0.1196,0.2629,199.4819,2.3799,0.0000,0.2090,0.2090,0.0296,0.0000,0.0000,0.1621,0.0648,0.1516
0.2000,0.8173,1.0000,0.1112,0.2629,199.5057,2.4555,0.0000,0.2264,0.2264,0.0382,0.0000,0.0000,0.1621,0.0648,0.1439
0.2000,0.7279,1.0000,0.1196,0.2972,199.5341,2.5243,0.0000,0.2312,0.2312,-0.0703,0.0000,0.0000,0.1845,0.0737,0.1412
0.2000,0.7921,1.0000,0.1280,0.2972,199.5647,2.5904,0.0000,0.2261,0.2261,-0.0646,0.0000,0.0000,0.1845,0.0737,0.1300
0.2000,0.7406,1.0000,0.1364,0.2972,199.5946,2.6624,0.0000,0.2273,0.2273,-0.0641,0.0000,0.0000,0.1845,0.0737,0.1244
0.2000,0.7238,1.0000,0.1448,0.2972,199.6201,2.7299,0.0000,0.2305,0.2305,-0.0602,0.0000,0.0000,0.1845,0.0737,0.1171
0.2000,0.7742,1.0000,0.1532,0.2972,199.6529,2.8080,0.0000,0.2295,0.2295,-0.0506,0.0000,0.0000,0.1845,0.0737,0.1237
0.2000,0.7185,1.0000,0.1616,0.2972,199.6761,2.8882,0.0000,0.2408,0.2408,-0.0451,0.0000,0.0000,0.1845,0.0737,0.1312
0.2000,0.8421,1.0000,0.1700,0.2972,199.6896,2.9687,0.0000,0.2581,0.2581,-0.0313,0.0000,0.0000,0.1845,0.0737,0.1391
0.2000,0.8338,1.0000,0.1784,0.2972,199.7092,3.0410,0.0000,0.2697,0.2697,-0.0224,0.0000,0.0000,0.1845,0.0737,0.1472
0.2000,0.8187,1.0000,0.1868,0.3038,199.7316,3.1166,0.0000,0.2768,0.2768,-0.1646,0.0000,0.0000,0.1889,0.0754,0.1552
0.2000,0.7500,1.0000,0.1952,0.3038,199.7499,3.1899,0.0000,0.2844,0.2844,-0.1563,0.0000,0.0000,0.1889,0.0754,0.1680
0.2000,0.7877,1.0000,0.2036,0.3038,199.7701,3.2610,0.0000,0.2806,0.2806,-0.1450,0.0000,0.0000,0.1889,0.0754,0.1758
0.2000,0.7570,1.0000,0.2120,0.3038,199.7884,3.3283,0.0000,0.2835,0.2835,-0.1354,0.0000,0.0000,0.1889,0.0754,0.1835
0.2000,0.7389,1.0000,0.2204,0.3038,199.8070,3.4052,0.0000,0.2872,0.2872,-0.1248,0.0000,0.0000,0.1889,0.0754,0.1919
0.2000,0.6997,1.0000,0.2288,0.3038,199.8253,3.4730,0.0000,0.2903,0.2903,-0.1160,0.0000,0.0000,0.1889,0.0754,0.1994
0.2000,0.7928,1.0000,0.2372,0.3038,199.8476,3.5499,0.0000,0.2840,0.2840,-0.0992,0.0000,0.0000,0.1889,0.0754,0.2070
0.2000,0.7035,1.0000,0.2422,0.3038,199.8696,3.6207,0.0000,0.2865,0.2865,-0.0928,0.0000,0.0000,0.1889,0.0754,0.2143
0.2000,0.7996,1.0000,0.2338,0.3038,199.8870,3.7008,0.0000,0.2879,0.2879,-0.0728,0.0000,0.0000,0.1889,0.0754,0.2220
0.2000,0.7403,1.0000,0.2254,0.2853,199.9051,3.7773,0.0000,0.2922,0.2922,-0.1999,0.0000,0.0000,0.1767,0.0706,0.2295
0.2000,0.8226,1.0000,0.2338,0.2853,199.9180,3.8599,0.0000,0.2832,0.2832,-0.1807,0.0000,0.0000,0.1767,0.0706,0.2373
0.2000,0.7880,1.0000,0.2422,0.2853,199.9333,3.9382,0.0000,0.2820,0.2820,-0.1715,0.0000,0.0000,0.1767,0.0706,0.2428
0.2000,0.8405,1.0000,0.2506,0.2853,199.9441,4.0172,0.0000,0.2774,0.2774,-0.1590,0.0000,0.0000,0.1767,0.0706,0.2357
0.2000,0.7987,1.0000,0.2590,0.2853,199.9549,4.0983,0.0000,0.2805,0.2805,-0.1531,0.0000,0.0000,0.1767,0.0706,0.2293
0.2000,0.8009,1.0000,0.2673,0.2853,199.9627,4.1692,0.0000,0.2831,0.2831,-0.1410,0.0000,0.0000,0.1767,0.0706,0.2332
0.2000,0.8219,1.0000,0.2589,0.2853,199.9725,4.2483,0.0000,0.2838,0.2838,-0.1253,0.0000,0.0000,0.1767,0.0706,0.2408
0.2000,0.7187,1.0000,0.2506,0.2853,199.9817,4.3255,0.0000,0.2922,0.2922,-0.1198,0.0000,0.0000,0.1767,0.0706,0.2491
0.2000,0.8019,1.0000,0.2422,0.2676,199.9821,4.3972,0.0000,0.2971,0.2971,-0.2253,0.0000,0.0000,0.1652,0.0660,0.2572
0.2000,0.7807,1.0000,0.2506,0.2676,199.9979,4.4725,0.0000,0.2870,0.2870,-0.2082,0.0000,0.0000,0.1652,0.0660,0.2683
0.2000,0.7295,1.0000,0.2590,0.2676,200.0092,4.5550,0.0000,0.2806,0.2806,-0.2044,0.0000,0.0000,0.1652,0.0660,0.2619
0.2000,0.7690,1.0000,0.2674,0.2676,200.0049,4.6393,0.0000,0.2813,0.2813,-0.1917,0.0000,0.0000,0.1652,0.0660,0.2532
0.2000,0.8320,1.0000,0.2758,0.2676,200.0044,4.7183,0.0000,0.2768,0.2768,-0.1773,0.0000,0.0000,0.1652,0.0660,0.2450
0.1999,0.8536,1.0000,0.2842,0.2676,200.0017,4.7891,0.0000,0.2794,0.2794,-0.1634,0.0000,0.0000,0.1652,0.0660,0.2490
0.2000,0.7969,1.0000,0.2850,0.2676,199.9995,4.8602,0.0000,0.2884,0.2884,-0.1541,0.0000,0.0000,0.1652,0.0660,0.2542
0.2000,0.7171,1.0000,0.2766,0.2676,199.9941,4.9449,0.0000,0.3013,0.3013,-0.1446,0.0000,0.0000,0.1652,0.0660,0.2694
0.2000,0.7205,1.0000,0.2682,0.2676,199.9851,5.0179,0.0000,0.3119,0.3119,-0.1296,0.0000,0.0000,0.1652,0.0660,0.2774
0.2001,0.8573,1.0000,0.2598,0.2493,199.9837,5.0894,0.0000,0.2949,0.2949,-0.2571,0.0000,0.0000,0.1534,0.0613,0.2844
0.2000,0.7496,1.0000,0.2682,0.2493,199.9884,5.1803,0.0000,0.2908,0.2908,-0.2537,0.0000,0.0000,0.1534,0.0613,0.2885
0.2000,0.7233,1.0000,0.2766,0.2493,199.9856,5.2679,0.0000,0.2839,0.2839,-0.2445,0.0000,0.0000,0.1534,0.0613,0.2827
0.1428,0.9091,1.0000,0.2850,0.2493,199.9807,5.3418,0.0000,0.2572,0.2572,-0.2184,0.0000,0.0000,0.1534,0.0613,0.2752
0.1925,0.8812,1.0000,0.2934,0.2493,199.9775,5.4276,0.0000,0.2511,0.2511,-0.2117,0.0000,0.0000,0.1534,0.0613,0.2625
0.2000,0.7464,1.0000,0.3018,0.2493,199.9660,5.5041,0.0000,0.2671,0.2671,-0.2076,0.0000,0.0000,0.1534,0.0613,0.2687
0.2002,0.8611,1.0000,0.3102,0.2493,199.9565,5.5921,0.0000,0.2540,0.2540,-0.1812,0.0000,0.0000,0.1534,0.0613,0.2784
0.2000,0.7852,1.0000,0.3186,0.2493,199.9547,5.6903,0.0000,0.2495,0.2495,-0.1710,0.0000,0.0000,0.1534,0.0613,0.2861
0.1705,0.8924,1.0000,0.3102,0.2106,199.9564,5.7839,0.0000,0.2134,0.2134,-0.2522,0.0000,0.0000,0.1288,0.0515,0.2938
0.0638,0.9815,1.0000,0.3186,0.2106,199.9440,5.8665,0.0000,0.1985,0.1985,-0.2231,0.0000,0.0000,0.1288,0.0515,0.3024
0.1176,0.9328,1.0000,0.3270,0.2106,199.9257,5.9616,0.0000,0.2015,0.2015,-0.2065,0.0000,0.0000,0.1288,0.0515,0.3105
0.2001,0.8485,1.0000,0.3354,0.2106,199.8934,6.0533,0.0000,0.2214,0.2214,-0.1941,0.0000,0.0000,0.1288,0.0515,0.3181
0.0752,0.9810,1.0000,0.3319,0.2106,199.8521,6.1435,0.0000,0.2291,0.2291,-0.1647,0.0000,0.0000,0.1288,0.0515,0.3146
0.0271,0.9970,1.0000,0.3235,0.2106,199.8175,6.2309,0.0000,0.2426,0.2426,-0.1453,0.0000,0.0000,0.1288,0.0515,0.3183
-0.0074,1.0194,1.0000,0.3151,0.1872,199.7946,6.3206,0.0000,0.2326,0.2326,-0.2503,0.0000,0.0000,0.1141,0.0456,0.3254
0.0320,0.9606,1.0000,0.3235,0.1872,199.7652,6.4076,0.0000,0.2391,0.2391,-0.2354,0.0000,0.0000,0.1141,0.0456,0.3330
0.1312,0.9383,1.0000,0.3319,0.1872,199.7340,6.4946,0.0000,0.2416,0.2416,-0.2193,0.0000,0.0000,0.1141,0.0456,0.3321
0.1130,0.9359,1.0000,0.3403,0.1872,199.7033,6.5807,0.0000,0.2410,0.2410,-0.2035,0.0000,0.0000,0.1141,0.0456,0.3264
0.0885,0.9423,1.0000,0.3457,0.1872,199.6620,6.6628,0.0000,0.2509,0.2509,-0.1868,0.0000,0.0000,0.1141,0.0456,0.3193
0.1032,0.9289,1.0000,0.3373,0.1872,199.6233,6.7468,0.0000,0.2609,0.2609,-0.1676,0.0000,0.0000,0.1141,0.0456,0.3229
0.0853,0.9436,1.0000,0.3289,0.1872,199.5989,6.8429,0.0000,0.2511,0.2511,-0.1437,0.0000,0.0000,0.1141,0.0456,0.3296
0.0751,0.9474,1.0000,0.3205,0.1491,199.5633,6.9217,0.0000,0.2544,0.2544,-0.2302,0.0000,0.0000,0.0905,0.0362,0.3368
0.0299,0.9941,1.0000,0.3289,0.1491,199.5248,7.0085,0.0000,0.2464,0.2464,-0.2046,0.0000,0.0000,0.0905,0.0362,0.3420
0.1642,0.8861,1.0000,0.3373,0.1491,199.4816,7.0945,0.0000,0.2581,0.2581,-0.1973,0.0000,0.0000,0.0905,0.0362,0.3414
0.0799,0.9632,1.0000,0.3289,0.1491,199.4459,7.1755,0.0000,0.2474,0.2474,-0.1730,0.0000,0.0000,0.0905,0.0362,0.3313
0.0447,0.9799,1.0000,0.3205,0.1491,199.4033,7.2496,0.0000,0.2525,0.2525,-0.1547,0.0000,0.0000,0.0905,0.0362,0.3239
0.1984,0.8971,1.0000,0.3121,0.1491,199.3700,7.3263,0.0000,0.2571,0.2571,-0.1411,0.0000,0.0000,0.0905,0.0362,0.3273
0.1782,0.8746,1.0000,0.3037,0.1491,199.3337,7.4064,0.0000,0.2573,0.2573,-0.1212,0.0000,0.0000,0.0905,0.0362,0.3344
0.2000,0.8457,1.0000,0.2953,0.1491,199.2815,7.4827,0.0000,0.2718,0.2718,-0.1063,0.0000,0.0000,0.0905,0.0362,0.3308
0.1779,0.8879,1.0000,0.2869,0.1127,199.2249,7.5571,0.0000,0.2836,0.2836,-0.1459,0.0000,0.0000,0.0682,0.0273,0.3240
0.1011,0.9455,1.0000,0.2785,0.1127,199.1653,7.6372,0.0000,0.2886,0.2886,-0.1281,0.0000,0.0000,0.0682,0.0273,0.3166
0.0632,0.9644,1.0000,0.2701,0.1127,199.1056,7.7136,0.0000,0.2996,0.2996,-0.1125,0.0000,0.0000,0.0682,0.0273,0.3089
0.0067,1.0104,1.0000,0.2617,0.1127,199.0540,7.7885,0.0000,0.3037,0.3037,-0.0948,0.0000,0.0000,0.0682,0.0273,0.3016
0.0158,0.9855,1.0000,0.2533,0.1127,199.0005,7.8678,0.0000,0.3098,0.3098,-0.0850,0.0000,0.0000,0.0682,0.0273,0.2924
0.0852,0.9198,1.0000,0.2449,0.1127,198.9515,7.9411,0.0000,0.3173,0.3173,-0.0781,0.0000,0.0000,0.0682,0.0273,0.2845
0.0619,0.9635,1.0000,0.2365,0.0944,198.8983,8.0123,0.0000,0.3230,0.3230,-0.1901,0.0000,0.0000,0.0570,0.0228,0.2768
0.2002,0.8976,1.0000,0.2281,0.0944,198.8485,8.0787,0.0000,0.3264,0.3264,-0.1861,0.0000,0.0000,0.0570,0.0228,0.2650
0.1545,0.8976,1.0000,0.2197,0.0944,198.8277,8.1238,0.0000,0.3208,0.3208,-0.1659,0.0000,0.0000,0.0570,0.0228,0.2564
0.2000,0.8362,1.0000,0.2113,0.0944,198.7703,8.1914,0.0000,0.3256,0.3256,-0.1653,0.0000,0.0000,0.0570,0.0228,0.2473
0.2000,0.4990,1.0000,0.2029,0.0944,198.7051,8.2520,0.0000,0.3655,0.3655,-0.1805,0.0000,0.0000,0.0570,0.0228,0.2417
0.1645,0.8879,1.0000,0.1945,0.0944,198.6414,8.3286,0.0000,0.3335,0.3335,-0.1423,0.0000,0.0000,0.0570,0.0228,0.2338
0.1417,0.9008,1.0000,0.1862,0.0944,198.5795,8.3979,0.0000,0.3365,0.3365,-0.1316,0.0000,0.0000,0.0570,0.0228,0.2263
0.0380,0.9993,1.0000,0.1778,0.0944,198.5179,8.4688,0.0000,0.3333,0.3333,-0.1154,0.0000,0.0000,0.0570,0.0228,0.2189
0.1370,0.9339,1.0000,0.1694,0.0392,198.4697,8.5367,0.0000,0.3349,0.3349,-0.1215,0.0000,0.0000,0.0236,0.0095,0.2114
0.0930,0.9428,1.0000,0.1610,0.0392,198.4155,8.6010,0.0000,0.3332,0.3332,-0.1146,0.0000,0.0000,0.0236,0.0095,0.2033
0.1999,0.8350,1.0000,0.1526,0.0392,198.3624,8.6740,0.0000,0.3318,0.3318,-0.1132,0.0000,0.0000,0.0236,0.0095,0.1956
0.2000,0.8397,1.0000,0.1442,0.0392,198.2972,8.7421,0.0000,0.3357,0.3357,-0.1052,0.0000,0.0000,0.0236,0.0095,0.1885
0.1531,0.8990,1.0000,0.1358,0.0392,198.2290,8.8210,0.0000,0.3317,0.3317,-0.0952,0.0000,0.0000,0.0236,0.0095,0.1788
0.1033,0.9434,1.0000,0.1274,0.0392,198.1394,8.8798,0.0000,0.3611,0.3611,-0.0796,0.0000,0.0000,0.0236,0.0095,0.1704
-0.0160,1.0404,1.0000,0.1190,0.0392,198.0720,8.9353,0.0000,0.3700,0.3700,-0.0730,0.0000,0.0000,0.0236,0.0095,0.1596
-0.1660,1.0922,1.0000,0.1106,0.0347,198.0052,9.0123,0.0000,0.3651,0.3651,-0.0931,0.0000,0.0000,0.0209,0.0084,0.1504
0.0337,0.8727,1.0000,0.1022,0.0347,197.9395,9.0877,0.0000,0.3717,0.3717,-0.0987,0.0000,0.0000,0.0209,0.0084,0.1409
-0.0010,1.0134,1.0000,0.0939,0.0347,197.8740,9.1610,0.0000,0.3628,0.3628,-0.0873,0.0000,0.0000,0.0209,0.0084,0.1351
0.0041,0.9948,1.0000,0.0856,0.0347,197.7890,9.2293,0.0000,0.3804,0.3804,-0.0798,0.0000,0.0000,0.0209,0.0084,0.1269
0.0202,0.9784,1.0000,0.0772,0.0347,197.7081,9.3051,0.0000,0.3856,0.3856,-0.0802,0.0000,0.0000,0.0209,0.0084,0.1192
-0.0846,1.0947,1.0000,0.0688,0.0347,197.6371,9.3761,0.0000,0.3829,0.3829,-0.0741,0.0000,0.0000,0.0209,0.0084,0.1122
-0.1850,1.1006,1.0000,0.0604,0.0347,197.5680,9.4455,0.0000,0.3843,0.3843,-0.0718,0.0000,0.0000,0.0209,0.0084,0.1069
-0.0468,0.9986,1.0000,0.0520,0.0258,197.5017,9.5124,0.0000,0.3882,0.3882,-0.1071,0.0000,0.0000,0.0156,0.0062,0.0970
0.0087,0.9731,1.0000,0.0436,0.0258,197.4334,9.5857,0.0000,0.3846,0.3846,-0.1054,0.0000,0.0000,0.0156,0.0062,0.0890
0.0931,0.9362,1.0000,0.0352,0.0258,197.3655,9.6555,0.0000,0.3834,0.3834,-0.1049,0.0000,0.0000,0.0156,0.0062,0.0807
0.0308,0.9955,1.0000,0.0268,0.0258,197.2879,9.7200,0.0000,0.3903,0.3903,-0.0966,0.0000,0.0000,0.0156,0.0062,0.0730
0.0489,0.9679,1.0000,0.0184,0.0258,197.2160,9.7873,0.0000,0.3911,0.3911,-0.0999,0.0000,0.0000,0.0156,0.0062,0.0646
0.0083,1.0092,1.0000,0.0100,0.0258,197.1578,9.8485,0.0000,0.3859,0.3859,-0.0976,0.0000,0.0000,0.0156,0.0062,0.0529
0.0367,0.9766,1.0000,0.0016,0.0258,197.0976,9.9049,0.0000,0.3877,0.3877,-0.0989,0.0000,0.0000,0.0156,0.0062,0.0455
0.1610,0.8392,1.0000,-0.0068,0.0258,197.0178,9.9759,0.0000,0.3968,0.3968,-0.1033,0.0000,0.0000,0.0156,0.0062,0.0368
0.2000,0.8194,1.0000,-0.0152,0.0102,196.9613,10.0484,0.0000,0.3841,0.3841,-0.1151,0.0000,0.0000,0.0061,0.0024,0.0285
0.0002,1.0577,1.0000,-0.0236,0.0102,196.8976,10.1073,0.0000,0.3688,0.3688,-0.1167,0.0000,0.0000,0.0061,0.0024,0.0211
0.1164,0.9115,1.0000,-0.0320,0.0102,196.8277,10.1685,0.0000,0.3780,0.3780,-0.1221,0.0000,0.0000,0.0061,0.0024,0.0112
0.1999,0.8591,1.0000,-0.0404,0.0102,196.7648,10.2333,0.0000,0.3749,0.3749,-0.1255,0.0000,0.0000,0.0061,0.0024,0.0044
0.1411,0.9202,1.0000,-0.0365,0.0102,196.6983,10.3047,0.0000,0.3623,0.3623,-0.1285,0.0000,0.0000,0.0061,0.0024,-0.0023
0.1715,0.8946,1.0000,-0.0287,0.0102,196.6321,10.3888,0.0000,0.3452,0.3452,-0.1334,0.0000,0.0000,0.0061,0.0024,-0.0124
0.0814,0.9673,1.0000,-0.0204,0.0102,196.5646,10.4644,0.0000,0.3283,0.3283,-0.1388,0.0000,0.0000,0.0061,0.0024,-0.0215
-0.0463,1.0615,1.0000,-0.0182,0.0040,196.4957,10.5418,0.0000,0.3090,0.3090,-0.1505,0.0000,0.0000,0.0024,0.0010,-0.0274
-0.0202,1.0048,1.0000,-0.0098,0.0040,196.4287,10.6225,0.0000,0.2970,0.2970,-0.1525,0.0000,0.0000,0.0024,0.0010,-0.0277
-0.0305,1.0274,1.0000,-0.0014,0.0040,196.3592,10.6949,0.0000,0.2876,0.2876,-0.1527,0.0000,0.0000,0.0024,0.0010,-0.0212
-0.0449,1.0397,1.0000,0.0069,0.0040,196.2931,10.7668,0.0000,0.2777,0.2777,-0.1512,0.0000,0.0000,0.0024,0.0010,-0.0133
-0.0100,0.9941,1.0000,0.0153,0.0040,196.2364,10.8341,0.0000,0.2693,0.2693,-0.1502,0.0000,0.0000,0.0024,0.0010,-0.0099
0.0261,0.9683,1.0000,0.0237,0.0040,196.1868,10.8916,0.0000,0.2619,0.2619,-0.1488,0.0000,0.0000,0.0024,0.0010,-0.0020
0.1610,0.8723,1.0000,0.0309,0.0040,196.1275,10.9541,0.0000,0.2630,0.2630,-0.1459,0.0000,0.0000,0.0024,0.0010,0.0061
0.2000,0.7527,1.0000,0.0287,0.0040,196.0721,11.0203,0.0000,0.2604,0.2604,-0.1433,0.0000,0.0000,0.0024,0.0010,0.0142
0.2000,0.8546,1.0200,0.0330,-0.0000,196.0221,11.0776,0.0000,0.2443,0.2443,-0.1495,0.0000,0.0000,-0.0000,-0.0000,0.0215
0.2000,0.8559,1.0400,0.0414,-0.0000,195.9666,11.1334,0.0000,0.2394,0.2394,-0.1481,0.0000,0.0000,-0.0000,-0.0000,0.0297
0.2000,0.7542,1.0600,0.0479,-0.0000,195.9010,11.1795,0.0000,0.2580,0.2580,-0.1430,0.0000,0.0000,-0.0000,-0.0000,0.0338
0.2000,0.7803,1.0800,0.0449,-0.0000,195.8447,11.2218,0.0000,0.2632,0.2632,-0.1393,0.0000,0.0000,-0.0000,-0.0000,0.0347
0.2000,0.8014,1.1000,0.0421,-0.0000,195.7842,11.2743,0.0000,0.2627,0.2627,-0.1381,0.0000,0.0000,-0.0000,-0.0000,0.0390
0.2000,0.7020,1.1200,0.0445,-0.0000,195.7249,11.3370,0.0000,0.2624,0.2624,-0.1373,0.0000,0.0000,-0.0000,-0.0000,0.0458
0.2000,0.7936,1.1400,0.0511,-0.0000,195.6768,11.4060,0.0000,0.2377,0.2377,-0.1325,0.0000,0.0000,-0.0000,-0.0000,0.0508
0.2000,0.8565,1.1600,0.0585,-0.0000,195.6290,11.4702,0.0000,0.2180,0.2180,-0.1300,0.0000,0.0000,-0.0000,-0.0000,0.0482
0.2000,0.8328,1.1800,0.0637,-0.0000,195.5703,11.5254,0.0000,0.2180,0.2180,-0.1284,0.0000,0.0000,-0.0000,-0.0000,0.0464
0.2000,0.7928,1.2000,0.0553,-0.0059,195.5028,11.5765,0.0000,0.2299,0.2299,-0.1145,0.0000,0.0000,-0.0036,-0.0014,0.0488
0.2000,0.8006,1.2200,0.0471,-0.0059,195.4393,11.6406,0.0000,0.2245,0.2245,-0.1132,0.0000,0.0000,-0.0036,-0.0014,0.0550
0.2000,0.8466,1.2400,0.0387,-0.0059,195.3665,11.7031,0.0000,0.2275,0.2275,-0.1031,0.0000,0.0000,-0.0036,-0.0014,0.0665
0.2000,0.8939,1.2600,0.0309,-0.0059,195.3051,11.7626,0.0000,0.2218,0.2218,-0.1019,0.0000,0.0000,-0.0036,-0.0014,0.0698
0.2000,0.9568,1.2800,0.0299,-0.0059,195.2537,11.8226,0.0000,0.2081,0.2081,-0.1027,0.0000,0.0000,-0.0036,-0.0014,0.0596
0.2000,0.8475,1.3000,0.0340,-0.0059,195.1985,11.8833,0.0000,0.2058,0.2058,-0.1054,0.0000,0.0000,-0.0036,-0.0014,0.0494
0.2000,0.7836,1.3200,0.0350,-0.0059,195.1389,11.9354,0.0000,0.2112,0.2112,-0.1052,0.0000,0.0000,-0.0036,-0.0014,0.0412
0.2000,0.8138,1.3400,0.0351,-0.0059,195.0782,11.9900,0.0000,0.2104,0.2104,-0.1037,0.0000,0.0000,-0.0036,-0.0014,0.0338
0.2000,0.7863,1.3600,0.0310,-0.0059,195.0222,12.0407,0.0000,0.2141,0.2141,-0.0977,0.0000,0.0000,-0.0036,-0.0014,0.0336
0.2000,0.8111,1.3800,0.0345,-0.0031,194.9597,12.1012,0.0000,0.2095,0.2095,-0.1006,0.0000,0.0000,-0.0019,-0.0008,0.0372
0.2000,0.7538,1.4000,0.0345,-0.0031,194.8903,12.1674,0.0000,0.2098,0.2098,-0.0995,0.0000,0.0000,-0.0019,-0.0008,0.0378
0.2000,0.8616,1.4200,0.0345,-0.0031,194.8223,12.2376,0.0000,0.1986,0.1986,-0.0956,0.0000,0.0000,-0.0019,-0.0008,0.0374
0.2000,0.9521,1.4400,0.0349,-0.0031,194.7611,12.3183,0.0000,0.1778,0.1778,-0.0891,0.0000,0.0000,-0.0019,-0.0008,0.0347
0.2000,0.9694,1.4600,0.0326,-0.0031,194.6801,12.3874,0.0000,0.1806,0.1806,-0.0861,0.0000,0.0000,-0.0019,-0.0008,0.0375
0.2000,1.0016,1.4800,0.0327,-0.0031,194.6084,12.4557,0.0000,0.1758,0.1758,-0.0861,0.0000,0.0000,-0.0019,-0.0008,0.0376
0.2000,1.0565,1.5000,0.0300,-0.0062,194.5271,12.5258,0.0000,0.1759,0.1759,-0.0864,0.0000,0.0000,-0.0037,-0.0015,0.0377
0.2000,0.9827,1.5200,0.0216,-0.0062,194.4269,12.5945,0.0000,0.1985,0.1985,-0.0789,0.0000,0.0000,-0.0037,-0.0015,0.0379
0.1999,1.0651,1.5400,0.0159,-0.0062,194.3472,12.6629,0.0000,0.1963,0.1963,-0.0797,0.0000,0.0000,-0.0037,-0.0015,0.0360
0.2000,1.2139,1.5600,0.0144,-0.0062,194.2676,12.7423,0.0000,0.1844,0.1844,-0.0772,0.0000,0.0000,-0.0037,-0.0015,0.0358
0.2000,1.0404,1.5800,0.0125,-0.0062,194.1938,12.8261,0.0000,0.1783,0.1783,-0.0782,0.0000,0.0000,-0.0037,-0.0015,0.0334
0.2000,1.1147,1.6000,0.0089,-0.0094,194.1135,12.9029,0.0000,0.1714,0.1714,-0.0684,0.0000,0.0000,-0.0057,-0.0023,0.0263
0.2000,1.1073,1.6200,0.0067,-0.0094,194.0245,12.9911,0.0000,0.1692,0.1692,-0.0639,0.0000,0.0000,-0.0057,-0.0023,0.0203
0.2000,1.1022,1.6400,-0.0017,-0.0094,193.9034,13.0777,0.0000,0.1899,0.1899,-0.0582,0.0000,0.0000,-0.0057,-0.0023,0.0187
0.2000,1.2430,1.6600,-0.0059,-0.0094,193.8134,13.1537,0.0000,0.1868,0.1868,-0.0631,0.0000,0.0000,-0.0057,-0.0023,0.0170
0.2000,1.4824,1.6800,-0.0128,-0.0094,193.7360,13.2349,0.0000,0.1708,0.1708,-0.0630,0.0000,0.0000,-0.0057,-0.0023,0.0138
0.2000,1.1658,1.7000,-0.0048,-0.0094,193.6540,13.3242,0.0000,0.1693,0.1693,-0.0658,0.0000,0.0000,-0.0057,-0.0023,0.0120
0.2000,1.1122,1.7200,0.0036,-0.0044,193.5642,13.4094,0.0000,0.1665,0.1665,-0.0882,0.0000,0.0000,-0.0026,-0.0011,0.0054
0.2000,1.2017,1.7400,0.0120,-0.0044,193.4516,13.4905,0.0000,0.1776,0.1776,-0.0851,0.0000,0.0000,-0.0026,-0.0011,0.0015
0.2000,1.2276,1.7600,0.0204,-0.0044,193.3499,13.5916,0.0000,0.1660,0.1660,-0.0882,0.0000,0.0000,-0.0026,-0.0011,-0.0053
0.2000,1.3801,1.7800,0.0288,-0.0044,193.2587,13.6793,0.0000,0.1524,0.1524,-0.0884,0.0000,0.0000,-0.0026,-0.0011,0.0011
0.2000,1.4217,1.8000,0.0204,-0.0141,193.1432,13.7774,0.0000,0.1602,0.1602,-0.0499,0.0000,0.0000,-0.0085,-0.0034,0.0087
0.2000,1.2544,1.8200,0.0120,-0.0141,193.0200,13.8808,0.0000,0.1746,0.1746,-0.0448,0.0000,0.0000,-0.0085,-0.0034,0.0161
0.2000,1.5055,1.8400,0.0037,-0.0141,192.9222,13.9690,0.0000,0.1708,0.1708,-0.0418,0.0000,0.0000,-0.0085,-0.0034,0.0237
0.2000,1.5957,1.8600,-0.0047,-0.0141,192.8072,14.0642,0.0000,0.1847,0.1847,-0.0298,0.0000,0.0000,-0.0085,-0.0034,0.0313
0.2000,1.3053,1.8800,-0.0131,-0.0141,192.6943,14.1717,0.0000,0.1855,0.1855,-0.0360,0.0000,0.0000,-0.0085,-0.0034,0.0251
0.2000,1.4849,1.9000,-0.0081,-0.0007,192.5795,14.2825,0.0000,0.1794,0.1794,-0.0332,0.0000,0.0000,-0.0004,-0.0002,0.0198
0.2000,1.5446,1.9200,-0.0165,-0.0007,192.4696,14.3833,0.0000,0.1749,0.1749,-0.0409,0.0000,0.0000,-0.0004,-0.0002,0.0104
0.2000,1.5821,1.9400,-0.0249,-0.0007,192.3442,14.5025,0.0000,0.1716,0.1716,-0.0434,0.0000,0.0000,-0.0004,-0.0002,0.0026
0.2000,1.4784,1.9600,-0.0179,-0.0007,192.2323,14.6169,0.0000,0.1629,0.1629,-0.0497,0.0000,0.0000,-0.0004,-0.0002,-0.0047
0.2000,1.7147,1.9800,-0.0105,0.0005,192.1180,14.7175,0.0000,0.1622,0.1622,-0.0527,0.0000,0.0000,0.0003,0.0001,-0.0012
0.2000,1.5873,2.0000,-0.0042,0.0005,191.9948,14.8280,0.0000,0.1644,0.1644,-0.0577,0.0000,0.0000,0.0003,0.0001,-0.0063
0.2000,1.5110,2.0200,0.0031,0.0005,191.8631,14.9409,0.0000,0.1694,0.1694,-0.0630,0.0000,0.0000,0.0003,0.0001,-0.0124
0.2000,1.6396,2.0400,0.0103,0.0005,191.7301,15.0551,0.0000,0.1702,0.1702,-0.0645,0.0000,0.0000,0.0003,0.0001,-0.0117
0.2000,1.7183,2.0600,0.0019,-0.0028,191.6016,15.1732,0.0000,0.1718,0.1718,-0.0455,0.0000,0.0000,-0.0017,-0.0007,-0.0046
0.2000,1.7385,2.0800,-0.0065,-0.0028,191.4649,15.3016,0.0000,0.1743,0.1743,-0.0416,0.0000,0.0000,-0.0017,-0.0007,0.0015
0.2000,1.7295,2.1000,-0.0149,-0.0028,191.3278,15.4205,0.0000,0.1856,0.1856,-0.0363,0.0000,0.0000,-0.0017,-0.0007,0.0077
0.2000,1.8596,2.1200,-0.0157,0.0047,191.2027,15.5387,0.0000,0.1818,0.1818,-0.0467,0.0000,0.0000,0.0029,0.0011,0.0129
0.2000,1.8001,2.1400,-0.0170,0.0047,191.0630,15.6624,0.0000,0.1882,0.1882,-0.0469,0.0000,0.0000,0.0029,0.0011,0.0097
0.2000,1.7068,2.1600,-0.0093,0.0047,190.9294,15.7856,0.0000,0.1853,0.1853,-0.0554,0.0000,0.0000,0.0029,0.0011,0.0034
0.2000,1.8498,2.1800,-0.0016,0.0047,190.7998,15.9167,0.0000,0.1716,0.1716,-0.0587,0.0000,0.0000,0.0029,0.0011,-0.0026
0.2000,1.8012,2.2000,-0.0030,-0.0020,190.6594,16.0515,0.0000,0.1686,0.1686,-0.0558,0.0000,0.0000,-0.0012,-0.0005,-0.0079
0.2000,1.8274,2.2200,0.0042,-0.0020,190.5141,16.1998,0.0000,0.1590,0.1590,-0.0563,0.0000,0.0000,-0.0012,-0.0005,-0.0088
0.1703,1.9294,2.2170,-0.0042,-0.0020,190.3574,16.3359,0.0000,0.1663,0.1663,-0.0534,0.0000,0.0000,-0.0012,-0.0005,-0.0061
-0.2000,2.0590,2.1770,-0.0113,-0.0008,190.2216,16.4749,0.0000,0.1558,0.1558,-0.0387,0.0000,0.0000,-0.0005,-0.0002,0.0022
-0.2000,2.0587,2.1370,-0.0197,-0.0008,190.0691,16.6181,0.0000,0.1626,0.1626,-0.0341,0.0000,0.0000,-0.0005,-0.0002,0.0041
0.2000,1.9263,2.1434,-0.0281,-0.0008,189.9127,16.7577,0.0000,0.1738,0.1738,-0.0323,0.0000,0.0000,-0.0005,-0.0002,0.0075
-0.2000,2.0745,2.1034,-0.0197,0.0066,189.7752,16.8927,0.0000,0.1616,0.1616,-0.0705,0.0000,0.0000,0.0040,0.0016,0.0046
-0.1999,2.0791,2.0634,-0.0114,0.0066,189.6180,17.0343,0.0000,0.1583,0.1583,-0.0760,0.0000,0.0000,0.0040,0.0016,-0.0023
0.2001,1.9103,2.0821,-0.0030,0.0066,189.4773,17.1772,0.0000,0.1455,0.1455,-0.0857,0.0000,0.0000,0.0040,0.0016,-0.0096
-0.2001,2.0971,2.0421,-0.0102,-0.0089,189.3255,17.3421,0.0000,0.1131,0.1131,-0.1001,0.0000,0.0000,-0.0054,-0.0021,-0.0177
0.0311,1.9866,2.0351,-0.0018,-0.0089,189.1782,17.4848,0.0000,0.1083,0.1083,-0.0999,0.0000,0.0000,-0.0054,-0.0021,-0.0140
-0.1999,2.0334,2.0067,0.0066,-0.0089,189.0106,17.6270,0.0000,0.1169,0.1169,-0.0924,0.0000,0.0000,-0.0054,-0.0021,-0.0079
-0.2000,2.0334,1.9810,0.0150,-0.0089,188.8544,17.7775,0.0000,0.1057,0.1057,-0.0920,0.0000,0.0000,-0.0054,-0.0021,0.0013
-0.1999,2.1819,1.9410,0.0171,-0.0152,188.6948,17.9224,0.0000,0.1033,0.1033,-0.0660,0.0000,0.0000,-0.0091,-0.0037,-0.0009
-0.2000,2.1489,1.9010,0.0225,-0.0152,188.5434,18.0600,0.0000,0.1067,0.1067,-0.0662,0.0000,0.0000,-0.0091,-0.0037,0.0005
-0.2000,2.1383,1.8610,0.0191,-0.0152,188.3992,18.1996,0.0000,0.1080,0.1080,-0.0596,0.0000,0.0000,-0.0091,-0.0037,0.0086
-0.0810,2.0278,1.8529,0.0246,-0.0032,188.2626,18.3366,0.0000,0.1086,0.1086,-0.0573,0.0000,0.0000,-0.0019,-0.0008,0.0160
-0.0644,1.9903,1.8632,0.0164,-0.0032,188.1193,18.4768,0.0000,0.1086,0.1086,-0.0519,0.0000,0.0000,-0.0019,-0.0008,0.0212
0.1182,1.9186,1.8832,0.0081,-0.0032,187.9651,18.5889,0.0000,0.1434,0.1434,-0.0407,0.0000,0.0000,-0.0019,-0.0008,0.0244
-0.0981,1.9879,1.8915,-0.0003,-0.0032,187.8220,18.7075,0.0000,0.1542,0.1542,-0.0385,0.0000,0.0000,-0.0019,-0.0008,0.0243
0.2000,1.8999,1.9115,-0.0087,-0.0056,187.6860,18.8359,0.0000,0.1542,0.1542,-0.0386,0.0000,0.0000,-0.0034,-0.0014,0.0269
0.2000,1.8431,1.9315,-0.0171,-0.0056,187.5536,18.9557,0.0000,0.1618,0.1618,-0.0352,0.0000,0.0000,-0.0034,-0.0014,0.0247
0.2000,1.8546,1.9515,-0.0254,-0.0056,187.4280,19.0708,0.0000,0.1617,0.1617,-0.0381,0.0000,0.0000,-0.0034,-0.0014,0.0177
0.2000,1.7723,1.9715,-0.0213,-0.0056,187.3024,19.1883,0.0000,0.1578,0.1578,-0.0461,0.0000,0.0000,-0.0034,-0.0014,0.0103
0.2000,1.6890,1.9915,-0.0147,-0.0056,187.1927,19.2909,0.0000,0.1571,0.1571,-0.0508,0.0000,0.0000,-0.0034,-0.0014,0.0029
0.2000,1.7047,2.0115,-0.0123,-0.0071,187.0749,19.4013,0.0000,0.1503,0.1503,-0.0475,0.0000,0.0000,-0.0043,-0.0017,-0.0048
0.2000,1.4884,2.0315,-0.0043,-0.0071,186.9565,19.5148,0.0000,0.1512,0.1512,-0.0537,0.0000,0.0000,-0.0043,-0.0017,-0.0113
0.2000,1.5999,2.0515,0.0034,-0.0071,186.8317,19.6291,0.0000,0.1491,0.1491,-0.0579,0.0000,0.0000,-0.0043,-0.0017,-0.0142
0.2000,1.6255,2.0715,0.0073,-0.0071,186.7081,19.7413,0.0000,0.1514,0.1514,-0.0582,0.0000,0.0000,-0.0043,-0.0017,-0.0095
0.2000,1.6773,2.0915,0.0067,-0.0017,186.5829,19.8637,0.0000,0.1489,0.1489,-0.0444,0.0000,0.0000,-0.0010,-0.0004,-0.0048
0.2000,1.6544,2.1115,-0.0006,-0.0017,186.4604,19.9746,0.0000,0.1594,0.1594,-0.0393,0.0000,0.0000,-0.0010,-0.0004,-0.0031
0.2000,1.7357,2.1315,-0.0090,-0.0017,186.3418,20.0941,0.0000,0.1558,0.1558,-0.0362,0.0000,0.0000,-0.0010,-0.0004,0.0064
0.2000,1.6404,2.1515,-0.0173,-0.0017,186.2138,20.2098,0.0000,0.1656,0.1656,-0.0330,0.0000,0.0000,-0.0010,-0.0004,0.0125
0.2000,1.6682,2.1715,-0.0195,0.0044,186.0765,20.3290,0.0000,0.1766,0.1766,-0.0180,0.0000,0.0000,0.0027,0.0011,0.0132
0.2000,1.7114,2.1915,-0.0279,0.0044,185.9487,20.4474,0.0000,0.1818,0.1818,-0.0205,0.0000,0.0000,0.0027,0.0011,0.0093
0.2000,1.8032,2.2115,-0.0363,0.0044,185.8112,20.5753,0.0000,0.1844,0.1844,-0.0258,0.0000,0.0000,0.0027,0.0011,0.0031
0.2000,1.7270,2.2315,-0.0314,0.0044,185.6830,20.7072,0.0000,0.1797,0.1797,-0.0320,0.0000,0.0000,0.0027,0.0011,-0.0050
0.2000,1.8606,2.2460,-0.0230,0.0107,185.5502,20.8135,0.0000,0.1882,0.1882,-0.0811,0.0000,0.0000,0.0065,0.0026,-0.0105
0.2000,1.8231,2.2656,-0.0146,0.0107,185.4309,20.9287,0.0000,0.1778,0.1778,-0.0904,0.0000,0.0000,0.0065,0.0026,-0.0135
0.1999,1.6861,2.2856,-0.0062,0.0107,185.3021,21.0585,0.0000,0.1704,0.1704,-0.0978,0.0000,0.0000,0.0065,0.0026,-0.0217
0.1999,1.6423,2.3056,0.0022,0.0107,185.1691,21.1780,0.0000,0.1709,0.1709,-0.1029,0.0000,0.0000,0.0065,0.0026,-0.0257
0.1999,1.8129,2.3207,-0.0062,-0.0114,185.0438,21.3039,0.0000,0.1523,0.1523,-0.1081,0.0000,0.0000,-0.0069,-0.0027,-0.0199
0.2000,1.7708,2.3379,0.0022,-0.0114,184.9233,21.4386,0.0000,0.1361,0.1361,-0.1057,0.0000,0.0000,-0.0069,-0.0027,-0.0121
0.2000,1.7607,2.3538,0.0106,-0.0114,184.7929,21.5653,0.0000,0.1333,0.1333,-0.1005,0.0000,0.0000,-0.0069,-0.0027,-0.0038
0.2000,1.7923,2.3662,0.0190,-0.0114,184.6668,21.6964,0.0000,0.1230,0.1230,-0.0945,0.0000,0.0000,-0.0069,-0.0027,0.0049
0.1999,1.8022,2.3764,0.0138,-0.0132,184.5408,21.8226,0.0000,0.1195,0.1195,-0.0566,0.0000,0.0000,-0.0079,-0.0032,0.0066
0.1999,1.8037,2.3854,0.0119,-0.0132,184.4135,21.9436,0.0000,0.1227,0.1227,-0.0566,0.0000,0.0000,-0.0079,-0.0032,0.0045
0.2000,1.7690,2.3963,0.0083,-0.0132,184.2825,22.0820,0.0000,0.1206,0.1206,-0.0500,0.0000,0.0000,-0.0079,-0.0032,0.0116
0.2000,1.7418,2.4066,-0.0001,-0.0132,184.1354,22.2095,0.0000,0.1404,0.1404,-0.0391,0.0000,0.0000,-0.0079,-0.0032,0.0223
0.1999,1.8888,2.3970,0.0083,0.0045,184.0023,22.3393,0.0000,0.1332,0.1332,-0.0569,0.0000,0.0000,0.0027,0.0011,0.0225
0.2001,1.9337,2.3749,0.0159,0.0045,183.8657,22.4728,0.0000,0.1321,0.1321,-0.0544,0.0000,0.0000,0.0027,0.0011,0.0181
0.2001,1.8429,2.3785,0.0159,0.0045,183.7327,22.6013,0.0000,0.1297,0.1297,-0.0589,0.0000,0.0000,0.0027,0.0011,0.0146
0.2000,1.8955,2.3699,0.0137,-0.0024,183.6025,22.7226,0.0000,0.1316,0.1316,-0.0556,0.0000,0.0000,-0.0015,-0.0006,0.0084
0.2000,1.8332,2.3756,0.0137,-0.0024,183.4607,22.8477,0.0000,0.1396,0.1396,-0.0552,0.0000,0.0000,-0.0015,-0.0006,0.0132
0.1999,1.7660,2.3875,0.0054,-0.0024,183.2982,22.9707,0.0000,0.1721,0.1721,-0.0446,0.0000,0.0000,-0.0015,-0.0006,0.0205
0.2000,1.8738,2.3835,-0.0030,-0.0024,183.1607,23.0856,0.0000,0.1789,0.1789,-0.0461,0.0000,0.0000,-0.0015,-0.0006,0.0208
-0.2000,2.0261,2.3435,-0.0097,-0.0007,183.0305,23.2215,0.0000,0.1709,0.1709,-0.0277,0.0000,0.0000,-0.0004,-0.0002,0.0192
0.2000,1.7755,2.3582,-0.0181,-0.0007,182.8856,23.3718,0.0000,0.1738,0.1738,-0.0238,0.0000,0.0000,-0.0004,-0.0002,0.0186
0.2000,1.8661,2.3588,-0.0265,-0.0007,182.7406,23.5114,0.0000,0.1713,0.1713,-0.0290,0.0000,0.0000,-0.0004,-0.0002,0.0116
-0.2000,2.0708,2.3188,-0.0200,0.0076,182.5840,23.6390,0.0000,0.1869,0.1869,-0.0311,0.0000,0.0000,0.0046,0.0018,0.0040
-0.2000,1.9953,2.2803,-0.0261,0.0076,182.4122,23.7625,0.0000,0.2154,0.2154,-0.0378,0.0000,0.0000,0.0046,0.0018,-0.0014
-0.2000,2.0033,2.2420,-0.0193,0.0076,182.2699,23.8959,0.0000,0.2116,0.2116,-0.0481,0.0000,0.0000,0.0046,0.0018,-0.0087
-0.2000,2.0952,2.2020,-0.0109,0.0092,182.1332,24.0396,0.0000,0.1982,0.1982,-0.0679,0.0000,0.0000,0.0055,0.0022,-0.0132
0.2000,1.9317,2.2001,-0.0025,0.0092,182.0014,24.1936,0.0000,0.1784,0.1784,-0.0721,0.0000,0.0000,0.0055,0.0022,-0.0125
0.1219,1.9670,2.1855,0.0059,0.0092,181.8642,24.3415,0.0000,0.1606,0.1606,-0.0778,0.0000,0.0000,0.0055,0.0022,-0.0168
-0.2000,2.0106,2.1533,0.0143,0.0092,181.7283,24.4857,0.0000,0.1487,0.1487,-0.0762,0.0000,0.0000,0.0055,0.0022,-0.0116
-0.0236,1.9999,2.1293,0.0059,0.0033,181.5884,24.6203,0.0000,0.1530,0.1530,-0.0401,0.0000,0.0000,0.0020,0.0008,-0.0022
0.1997,1.9648,2.1226,-0.0025,0.0033,181.4426,24.7501,0.0000,0.1680,0.1680,-0.0363,0.0000,0.0000,0.0020,0.0008,0.0056
0.2000,1.9248,2.1308,-0.0109,0.0033,181.2893,24.8757,0.0000,0.1983,0.1983,-0.0258,0.0000,0.0000,0.0020,0.0008,0.0116
0.2000,1.9347,2.1350,-0.0193,0.0033,181.1362,25.0272,0.0000,0.2035,0.2035,-0.0212,0.0000,0.0000,0.0020,0.0008,0.0188
0.0886,1.9703,2.1255,-0.0109,0.0194,181.0010,25.1792,0.0000,0.1826,0.1826,-0.0603,0.0000,0.0000,0.0117,0.0047,0.0123
-0.1999,2.1359,2.0855,-0.0025,0.0194,180.8702,25.3220,0.0000,0.1614,0.1614,-0.0649,0.0000,0.0000,0.0117,0.0047,0.0046
-0.2001,2.0160,2.0608,0.0059,0.0194,180.7287,25.4751,0.0000,0.1457,0.1457,-0.0735,0.0000,0.0000,0.0117,0.0047,-0.0031
0.2000,1.9207,2.0765,0.0006,0.0057,180.5890,25.6131,0.0000,0.1402,0.1402,-0.1024,0.0000,0.0000,0.0034,0.0014,-0.0095
-0.2000,2.0662,2.0365,0.0089,0.0057,180.4529,25.7494,0.0000,0.1257,0.1257,-0.0980,0.0000,0.0000,0.0034,0.0014,-0.0020
0.2000,1.9473,2.0457,0.0173,0.0057,180.3069,25.8809,0.0000,0.1379,0.1379,-0.0903,0.0000,0.0000,0.0034,0.0014,0.0041
0.2000,1.9095,2.0657,0.0257,0.0057,180.1365,26.0244,0.0000,0.1528,0.1528,-0.0829,0.0000,0.0000,0.0034,0.0014,0.0116
0.2000,1.9499,2.0710,0.0173,-0.0055,179.9787,26.1737,0.0000,0.1544,0.1544,-0.0506,0.0000,0.0000,-0.0033,-0.0013,0.0081
-0.1999,2.2112,2.0310,0.0089,-0.0055,179.8390,26.3183,0.0000,0.1419,0.1419,-0.0471,0.0000,0.0000,-0.0033,-0.0013,0.0144
-0.2000,2.1541,1.9910,0.0173,0.0096,179.7022,26.4607,0.0000,0.1407,0.1407,-0.0840,0.0000,0.0000,0.0058,0.0023,0.0218
-0.0057,1.9942,1.9858,0.0246,0.0096,179.5599,26.5928,0.0000,0.1513,0.1513,-0.0744,0.0000,0.0000,0.0058,0.0023,0.0297
0.1602,1.9572,1.9964,0.0330,0.0096,179.4139,26.7313,0.0000,0.1434,0.1434,-0.0790,0.0000,0.0000,0.0058,0.0023,0.0236
0.2000,1.9280,2.0163,0.0398,0.0096,179.2562,26.8682,0.0000,0.1495,0.1495,-0.0782,0.0000,0.0000,0.0058,0.0023,0.0165
-0.0704,1.9952,2.0081,0.0314,-0.0120,179.0982,27.0068,0.0000,0.1581,0.1581,-0.0411,0.0000,0.0000,-0.0073,-0.0029,0.0230
-0.2001,2.0726,1.9681,0.0230,-0.0120,178.9579,27.1444,0.0000,0.1524,0.1524,-0.0381,0.0000,0.0000,-0.0073,-0.0029,0.0287
-0.2000,2.0878,1.9281,0.0146,-0.0120,178.7883,27.2720,0.0000,0.1894,0.1894,-0.0211,0.0000,0.0000,-0.0073,-0.0029,0.0370
0.1995,1.9477,1.9480,0.0062,-0.0120,178.6445,27.4152,0.0000,0.1847,0.1847,-0.0203,0.0000,0.0000,-0.0073,-0.0029,0.0439
-0.1997,2.1145,1.9080,0.0091,-0.0007,178.4993,27.5283,0.0000,0.2100,0.2100,0.0071,0.0000,0.0000,-0.0004,-0.0002,0.0369
-0.0514,2.0121,1.9028,0.0007,-0.0007,178.3655,27.6503,0.0000,0.2114,0.2114,-0.0001,0.0000,0.0000,-0.0004,-0.0002,0.0311
0.2000,1.8297,1.9228,-0.0077,-0.0007,178.2238,27.7783,0.0000,0.2169,0.2169,-0.0060,0.0000,0.0000,-0.0004,-0.0002,0.0230
0.2000,1.7949,1.9428,-0.0161,-0.0007,178.0895,27.9104,0.0000,0.2153,0.2153,-0.0092,0.0000,0.0000,-0.0004,-0.0002,0.0156
0.2000,1.8935,1.9628,-0.0144,0.0094,177.9534,28.0410,0.0000,0.2171,0.2171,-0.0316,0.0000,0.0000,0.0057,0.0023,0.0152
0.2000,1.8677,1.9828,-0.0228,0.0094,177.8207,28.1650,0.0000,0.2117,0.2117,-0.0381,0.0000,0.0000,0.0057,0.0023,0.0104
0.2000,1.8713,2.0028,-0.0278,0.0094,177.6802,28.2926,0.0000,0.2086,0.2086,-0.0453,0.0000,0.0000,0.0057,0.0023,0.0012
0.2000,1.7996,2.0228,-0.0243,0.0094,177.5423,28.4141,0.0000,0.2102,0.2102,-0.0520,0.0000,0.0000,0.0057,0.0023,-0.0066
0.2000,1.8812,2.0428,-0.0327,-0.0044,177.3979,28.5443,0.0000,0.2076,0.2076,-0.0566,0.0000,0.0000,-0.0027,-0.0011,-0.0059
0.1999,1.8214,2.0628,-0.0248,-0.0044,177.2510,28.6714,0.0000,0.2106,0.2106,-0.0628,0.0000,0.0000,-0.0027,-0.0011,-0.0113
0.2000,1.9276,2.0762,-0.0164,-0.0044,177.1073,28.8049,0.0000,0.2007,0.2007,-0.0706,0.0000,0.0000,-0.0027,-0.0011,-0.0177
0.2000,1.9247,2.0891,-0.0248,-0.0066,176.9689,28.9293,0.0000,0.2019,0.2019,-0.0447,0.0000,0.0000,-0.0040,-0.0016,-0.0163
0.2000,1.9435,2.0944,-0.0287,-0.0066,176.8349,29.0535,0.0000,0.2012,0.2012,-0.0509,0.0000,0.0000,-0.0040,-0.0016,-0.0209
0.2000,1.8438,2.1144,-0.0265,-0.0066,176.7095,29.1803,0.0000,0.1993,0.1993,-0.0506,0.0000,0.0000,-0.0040,-0.0016,-0.0185
0.2000,1.8105,2.1344,-0.0349,-0.0066,176.5784,29.3024,0.0000,0.2031,0.2031,-0.0493,0.0000,0.0000,-0.0040,-0.0016,-0.0107
0.1999,1.7684,2.1544,-0.0265,0.0082,176.4340,29.4284,0.0000,0.2083,0.2083,-0.1059,0.0000,0.0000,0.0049,0.0020,-0.0142
0.2000,1.7742,2.1744,-0.0183,0.0082,176.3013,29.5402,0.0000,0.2076,0.2076,-0.1117,0.0000,0.0000,0.0049,0.0020,-0.0189
0.2000,1.8986,2.1854,-0.0099,0.0082,176.1813,29.6785,0.0000,0.1716,0.1716,-0.1165,0.0000,0.0000,0.0049,0.0020,-0.0176
0.2000,1.7189,2.2054,-0.0015,0.0082,176.0485,29.8191,0.0000,0.1608,0.1608,-0.1207,0.0000,0.0000,0.0049,0.0020,-0.0229
0.1999,1.8161,2.2254,-0.0099,-0.0183,175.9231,29.9542,0.0000,0.1375,0.1375,-0.1032,0.0000,0.0000,-0.0110,-0.0044,-0.0184
0.1997,1.9176,2.2257,-0.0015,-0.0183,175.7944,30.0856,0.0000,0.1223,0.1223,-0.1007,0.0000,0.0000,-0.0110,-0.0044,-0.0101
0.2001,1.8275,2.2457,0.0069,-0.0183,175.6654,30.2109,0.0000,0.1223,0.1223,-0.0970,0.0000,0.0000,-0.0110,-0.0044,-0.0033
0.2000,1.8229,2.2654,0.0153,-0.0183,175.5367,30.3397,0.0000,0.1155,0.1155,-0.0927,0.0000,0.0000,-0.0110,-0.0044,0.0055
0.1999,1.7829,2.2854,0.0201,-0.0100,175.4052,30.4604,0.0000,0.1188,0.1188,-0.0595,0.0000,0.0000,-0.0060,-0.0024,0.0032
0.1999,1.8058,2.3033,0.0193,-0.0100,175.2819,30.5977,0.0000,0.1074,0.1074,-0.0574,0.0000,0.0000,-0.0060,-0.0024,0.0043
0.2000,1.7689,2.3223,0.0155,-0.0100,175.1499,30.7264,0.0000,0.1118,0.1118,-0.0523,0.0000,0.0000,-0.0060,-0.0024,0.0099
0.1999,1.8301,2.3333,0.0088,-0.0100,175.0221,30.8503,0.0000,0.1152,0.1152,-0.0454,0.0000,0.0000,-0.0060,-0.0024,0.0165
0.2000,1.8278,2.3435,0.0172,0.0072,174.8805,30.9656,0.0000,0.1337,0.1337,-0.0683,0.0000,0.0000,0.0043,0.0017,0.0237
0.2000,1.7664,2.3586,0.0256,0.0072,174.7548,31.0835,0.0000,0.1330,0.1330,-0.0691,0.0000,0.0000,0.0043,0.0017,0.0247
0.1999,1.8150,2.3681,0.0316,0.0072,174.6235,31.1937,0.0000,0.1424,0.1424,-0.0651,0.0000,0.0000,0.0043,0.0017,0.0225
0.2000,1.7082,2.3813,0.0357,0.0072,174.4967,31.3147,0.0000,0.1409,0.1409,-0.0682,0.0000,0.0000,0.0043,0.0017,0.0184
0.2000,1.7028,2.3932,0.0273,-0.0090,174.3705,31.4424,0.0000,0.1376,0.1376,-0.0348,0.0000,0.0000,-0.0054,-0.0022,0.0206
0.2000,1.7374,2.4039,0.0189,-0.0090,174.2377,31.5716,0.0000,0.1406,0.1406,-0.0287,0.0000,0.0000,-0.0054,-0.0022,0.0259
0.2000,1.7809,2.4122,0.0105,-0.0090,174.0916,31.6806,0.0000,0.1747,0.1747,-0.0129,0.0000,0.0000,-0.0054,-0.0022,0.0354
-0.0829,1.8371,2.3722,0.0021,-0.0090,173.9628,31.8060,0.0000,0.1745,0.1745,-0.0104,0.0000,0.0000,-0.0054,-0.0022,0.0399
0.2000,1.8168,2.3436,0.0094,0.0068,173.8075,31.9299,0.0000,0.1995,0.1995,-0.0027,0.0000,0.0000,0.0041,0.0016,0.0343
0.2000,1.7811,2.3304,0.0010,0.0068,173.6767,32.0475,0.0000,0.2031,0.2031,-0.0094,0.0000,0.0000,0.0041,0.0016,0.0265
-0.2000,1.9755,2.2904,-0.0074,0.0068,173.5532,32.1706,0.0000,0.1980,0.1980,-0.0126,0.0000,0.0000,0.0041,0.0016,0.0189
0.2000,1.7433,2.2934,-0.0158,0.0068,173.4222,32.2962,0.0000,0.2011,0.2011,-0.0152,0.0000,0.0000,0.0041,0.0016,0.0136
0.2000,1.7994,2.2791,-0.0212,0.0097,173.2858,32.4111,0.0000,0.2146,0.2146,-0.0255,0.0000,0.0000,0.0059,0.0023,0.0143
0.2000,1.7994,2.2662,-0.0296,0.0097,173.1467,32.5322,0.0000,0.2185,0.2185,-0.0312,0.0000,0.0000,0.0059,0.0023,0.0100
0.2001,1.7700,2.2642,-0.0250,0.0097,173.0124,32.6606,0.0000,0.2143,0.2143,-0.0368,0.0000,0.0000,0.0059,0.0023,0.0051
0.1999,1.8274,2.2423,-0.0334,0.0032,172.8800,32.7835,0.0000,0.2097,0.2097,-0.0403,0.0000,0.0000,0.0019,0.0008,-0.0048
0.1998,1.8418,2.2166,-0.0350,0.0032,172.7416,32.9159,0.0000,0.2047,0.2047,-0.0473,0.0000,0.0000,0.0019,0.0008,-0.0111
0.1998,1.7907,2.2130,-0.0350,0.0032,172.6163,33.0441,0.0000,0.1956,0.1956,-0.0543,0.0000,0.0000,0.0019,0.0008,-0.0184
-0.2000,1.8978,2.1730,-0.0266,0.0032,172.4893,33.1785,0.0000,0.1792,0.1792,-0.0596,0.0000,0.0000,0.0019,0.0008,-0.0192
0.2000,1.7770,2.1782,-0.0182,0.0064,172.3442,33.3075,0.0000,0.1873,0.1873,-0.0751,0.0000,0.0000,0.0038,0.0015,-0.0176
0.1778,1.8339,2.1622,-0.0098,0.0064,172.2185,33.4395,0.0000,0.1672,0.1672,-0.0852,0.0000,0.0000,0.0038,0.0015,-0.0253
-0.2000,1.9239,2.1222,-0.0014,0.0064,172.0946,33.5647,0.0000,0.1512,0.1512,-0.0916,0.0000,0.0000,0.0038,0.0015,-0.0270
0.2000,1.8074,2.1222,0.0070,0.0064,171.9627,33.7001,0.0000,0.1453,0.1453,-0.0923,0.0000,0.0000,0.0038,0.0015,-0.0248
0.2000,1.7454,2.1414,0.0081,-0.0009,171.8318,33.8355,0.0000,0.1406,0.1406,-0.0735,0.0000,0.0000,-0.0006,-0.0002,-0.0163
-0.2000,1.8740,2.1014,0.0165,-0.0009,171.7041,33.9669,0.0000,0.1312,0.1312,-0.0697,0.0000,0.0000,-0.0006,-0.0002,-0.0071
-0.2000,1.8673,2.0614,0.0243,-0.0009,171.5825,34.1038,0.0000,0.1210,0.1210,-0.0626,0.0000,0.0000,-0.0006,-0.0002,0.0025
0.0056,1.8159,2.0319,0.0159,-0.0009,171.4515,34.2333,0.0000,0.1224,0.1224,-0.0584,0.0000,0.0000,-0.0006,-0.0002,0.0074
-0.0162,1.8161,2.0051,0.0243,0.0072,171.3059,34.3608,0.0000,0.1323,0.1323,-0.0796,0.0000,0.0000,0.0044,0.0017,0.0141
-0.1999,1.8267,1.9756,0.0327,0.0072,171.1655,34.4889,0.0000,0.1350,0.1350,-0.0745,0.0000,0.0000,0.0044,0.0017,0.0161
-0.1999,1.9212,1.9356,0.0369,0.0072,171.0234,34.6267,0.0000,0.1293,0.1293,-0.0668,0.0000,0.0000,0.0044,0.0017,0.0239
-0.2000,1.8865,1.8956,0.0285,-0.0084,170.8917,34.7579,0.0000,0.1256,0.1256,-0.0353,0.0000,0.0000,-0.0051,-0.0020,0.0279
-0.2000,1.9635,1.8556,0.0201,-0.0084,170.7602,34.8885,0.0000,0.1226,0.1226,-0.0343,0.0000,0.0000,-0.0051,-0.0020,0.0231
-0.2000,1.8423,1.8325,0.0117,-0.0084,170.6314,35.0177,0.0000,0.1260,0.1260,-0.0270,0.0000,0.0000,-0.0051,-0.0020,0.0305
-0.2000,1.8383,1.8139,0.0033,-0.0084,170.4811,35.1393,0.0000,0.1531,0.1531,-0.0128,0.0000,0.0000,-0.0051,-0.0020,0.0390
-0.0205,1.8095,1.8123,0.0102,0.0069,170.3330,35.2578,0.0000,0.1701,0.1701,-0.0221,0.0000,0.0000,0.0041,0.0017,0.0400
-0.0205,1.9236,1.7723,0.0102,0.0069,170.1848,35.3772,0.0000,0.1828,0.1828,-0.0235,0.0000,0.0000,0.0041,0.0017,0.0317
-0.1958,1.8809,1.7348,0.0018,0.0069,170.0521,35.4959,0.0000,0.1837,0.1837,-0.0307,0.0000,0.0000,0.0041,0.0017,0.0221
-0.2000,1.8880,1.6965,-0.0066,0.0069,169.9203,35.6177,0.0000,0.1849,0.1849,-0.0321,0.0000,0.0000,0.0041,0.0017,0.0170
0.1826,1.7652,1.7165,-0.0150,0.0028,169.7976,35.7297,0.0000,0.1896,0.1896,-0.0506,0.0000,0.0000,0.0017,0.0007,0.0117
0.1520,1.7787,1.7365,-0.0234,0.0028,169.6700,35.8373,0.0000,0.1963,0.1963,-0.0478,0.0000,0.0000,0.0017,0.0007,0.0162
0.2000,1.6486,1.7565,-0.0318,0.0028,169.5484,35.9456,0.0000,0.1972,0.1972,-0.0533,0.0000,0.0000,0.0017,0.0007,0.0126
0.2000,1.6551,1.7765,-0.0243,0.0028,169.4294,36.0576,0.0000,0.1905,0.1905,-0.0590,0.0000,0.0000,0.0017,0.0007,0.0056
0.2000,1.6134,1.7965,-0.0194,0.0028,169.3016,36.1654,0.0000,0.1943,0.1943,-0.0643,0.0000,0.0000,0.0017,0.0007,-0.0003
0.2000,1.6206,1.8165,-0.0278,-0.0064,169.1769,36.2716,0.0000,0.1967,0.1967,-0.0546,0.0000,0.0000,-0.0038,-0.0015,-0.0091
0.2000,1.6562,1.8365,-0.0244,-0.0064,169.0750,36.3829,0.0000,0.1827,0.1827,-0.0586,0.0000,0.0000,-0.0038,-0.0015,-0.0175
0.2000,1.6218,1.8565,-0.0184,-0.0064,168.9563,36.4909,0.0000,0.1824,0.1824,-0.0630,0.0000,0.0000,-0.0038,-0.0015,-0.0190
0.2000,1.4961,1.8765,-0.0112,-0.0064,168.8498,36.5966,0.0000,0.1802,0.1802,-0.0631,0.0000,0.0000,-0.0038,-0.0015,-0.0123
0.2000,1.5906,1.8965,-0.0028,0.0031,168.7445,36.6995,0.0000,0.1717,0.1717,-0.0682,0.0000,0.0000,0.0019,0.0007,-0.0148
0.2000,1.4876,1.9165,0.0049,0.0031,168.6335,36.7984,0.0000,0.1775,0.1775,-0.0695,0.0000,0.0000,0.0019,0.0007,-0.0163
0.2000,1.4593,1.9365,0.0128,0.0031,168.5287,36.9025,0.0000,0.1740,0.1740,-0.0680,0.0000,0.0000,0.0019,0.0007,-0.0107
0.2000,1.4727,1.9565,0.0046,0.0031,168.4248,36.9988,0.0000,0.1772,0.1772,-0.0621,0.0000,0.0000,0.0019,0.0007,-0.0035
0.2000,1.4646,1.9765,0.0113,0.0031,168.3159,37.1087,0.0000,0.1714,0.1714,-0.0606,0.0000,0.0000,0.0019,0.0007,0.0035
0.2000,1.4052,1.9965,0.0071,0.0031,168.2054,37.2174,0.0000,0.1708,0.1708,-0.0570,0.0000,0.0000,0.0019,0.0007,0.0104
0.2000,1.5342,2.0165,-0.0006,0.0036,168.0987,37.3189,0.0000,0.1682,0.1682,-0.0490,0.0000,0.0000,0.0022,0.0009,0.0185
0.2000,1.5367,2.0365,-0.0090,0.0036,167.9853,37.4142,0.0000,0.1784,0.1784,-0.0477,0.0000,0.0000,0.0022,0.0009,0.0125
0.2000,1.4611,2.0565,-0.0116,0.0036,167.8583,37.5248,0.0000,0.1880,0.1880,-0.0450,0.0000,0.0000,0.0022,0.0009,0.0172
0.2000,1.4707,2.0765,-0.0120,0.0036,167.7271,37.6385,0.0000,0.1936,0.1936,-0.0471,0.0000,0.0000,0.0022,0.0009,0.0143
0.2000,1.6701,2.0965,-0.0154,0.0086,167.5960,37.7578,0.0000,0.1909,0.1909,-0.0470,0.0000,0.0000,0.0052,0.0021,0.0070
0.2000,1.7210,2.1038,-0.0238,0.0086,167.4586,37.8577,0.0000,0.2096,0.2096,-0.0509,0.0000,0.0000,0.0052,0.0021,-0.0002
0.2000,1.7570,2.0970,-0.0185,0.0086,167.3279,37.9814,0.0000,0.2059,0.2059,-0.0547,0.0000,0.0000,0.0052,0.0021,-0.0028
0.2000,1.6839,2.1157,-0.0185,0.0138,167.2042,38.1076,0.0000,0.1970,0.1970,-0.0719,0.0000,0.0000,0.0083,0.0033,-0.0034
0.0160,1.7840,2.0960,-0.0101,0.0138,167.0518,38.2478,0.0000,0.1915,0.1915,-0.0752,0.0000,0.0000,0.0083,0.0033,-0.0074
0.2000,1.7517,2.0921,-0.0017,0.0138,166.9156,38.3847,0.0000,0.1802,0.1802,-0.0816,0.0000,0.0000,0.0083,0.0033,-0.0139
-0.2000,2.0526,2.0521,0.0025,0.0097,166.7731,38.5292,0.0000,0.1599,0.1599,-0.0639,0.0000,0.0000,0.0059,0.0023,-0.0099
-0.2000,1.9140,2.0121,0.0109,0.0097,166.6492,38.6713,0.0000,0.1441,0.1441,-0.0663,0.0000,0.0000,0.0059,0.0023,-0.0088
-0.2000,2.0118,1.9721,0.0193,0.0097,166.5192,38.8046,0.0000,0.1368,0.1368,-0.0619,0.0000,0.0000,0.0059,0.0023,-0.0012
-0.2000,1.8703,1.9321,0.0109,0.0097,166.3616,38.9380,0.0000,0.1593,0.1593,-0.0536,0.0000,0.0000,0.0059,0.0023,0.0065
-0.2000,1.8465,1.8990,0.0193,0.0226,166.2071,39.0703,0.0000,0.1707,0.1707,-0.0777,0.0000,0.0000,0.0136,0.0055,0.0099
-0.2000,2.0489,1.8590,0.0277,0.0226,166.0636,39.2024,0.0000,0.1655,0.1655,-0.0701,0.0000,0.0000,0.0136,0.0055,0.0178
-0.2000,2.0183,1.8190,0.0296,0.0226,165.8935,39.3373,0.0000,0.1855,0.1855,-0.0633,0.0000,0.0000,0.0136,0.0055,0.0237
-0.2000,1.9346,1.7790,0.0212,0.0133,165.7530,39.4729,0.0000,0.1801,0.1801,-0.0624,0.0000,0.0000,0.0080,0.0032,0.0181
-0.2000,2.1555,1.7390,0.0128,0.0133,165.5939,39.6097,0.0000,0.1910,0.1910,-0.0480,0.0000,0.0000,0.0080,0.0032,0.0253
-0.2000,1.9352,1.6990,0.0044,0.0133,165.4562,39.7446,0.0000,0.1911,0.1911,-0.0456,0.0000,0.0000,0.0080,0.0032,0.0332
-0.2000,2.0856,1.6590,0.0017,0.0190,165.3160,39.8722,0.0000,0.1935,0.1935,-0.0381,0.0000,0.0000,0.0114,0.0046,0.0340
-0.2000,1.9108,1.6190,-0.0005,0.0190,165.1865,39.9960,0.0000,0.1905,0.1905,-0.0443,0.0000,0.0000,0.0114,0.0046,0.0263
-0.2000,1.8809,1.5968,-0.0037,0.0190,165.0416,40.1138,0.0000,0.2023,0.2023,-0.0460,0.0000,0.0000,0.0114,0.0046,0.0186
0.0221,1.7773,1.6168,-0.0121,0.0190,164.8960,40.2324,0.0000,0.2129,0.2129,-0.0512,0.0000,0.0000,0.0114,0.0046,0.0113
-0.2000,1.8528,1.6117,-0.0205,0.0190,164.7613,40.3577,0.0000,0.2090,0.2090,-0.0514,0.0000,0.0000,0.0114,0.0046,0.0095
-0.2000,1.8614,1.6020,-0.0150,0.0257,164.6304,40.4724,0.0000,0.2101,0.2101,-0.0609,0.0000,0.0000,0.0155,0.0062,0.0071
-0.1850,1.8245,1.6139,-0.0121,0.0257,164.4977,40.5903,0.0000,0.2104,0.2104,-0.0635,0.0000,0.0000,0.0155,0.0062,0.0042
0.0316,1.7245,1.6339,-0.0037,0.0257,164.3730,40.7034,0.0000,0.2089,0.2089,-0.0700,0.0000,0.0000,0.0155,0.0062,-0.0037
0.0490,1.7602,1.6539,0.0047,0.0257,164.2601,40.8159,0.0000,0.1965,0.1965,-0.0750,0.0000,0.0000,0.0155,0.0062,-0.0106
0.2000,1.6689,1.6739,0.0068,0.0266,164.1402,40.9119,0.0000,0.2095,0.2095,-0.0735,0.0000,0.0000,0.0160,0.0064,-0.0055
0.2000,1.5803,1.6939,0.0062,0.0266,164.0356,41.0101,0.0000,0.2113,0.2113,-0.0702,0.0000,0.0000,0.0160,0.0064,-0.0025
0.2000,1.5226,1.7139,0.0047,0.0266,163.9259,41.1143,0.0000,0.2081,0.2081,-0.0693,0.0000,0.0000,0.0160,0.0064,0.0049
0.2000,1.4230,1.7339,-0.0016,0.0266,163.8233,41.2042,0.0000,0.2162,0.2162,-0.0632,0.0000,0.0000,0.0160,0.0064,0.0124
0.2000,1.4992,1.7539,-0.0052,0.0266,163.7236,41.2983,0.0000,0.2120,0.2120,-0.0602,0.0000,0.0000,0.0160,0.0064,0.0136
0.2000,1.3543,1.7739,-0.0007,0.0266,163.6230,41.3926,0.0000,0.2116,0.2116,-0.0631,0.0000,0.0000,0.0160,0.0064,0.0132
0.1999,1.3593,1.7939,0.0077,0.0323,163.5202,41.4831,0.0000,0.2115,0.2115,-0.1045,0.0000,0.0000,0.0195,0.0078,0.0119
0.1999,1.3668,1.8139,0.0161,0.0323,163.4213,41.5629,0.0000,0.2131,0.2131,-0.1046,0.0000,0.0000,0.0195,0.0078,0.0066
0.1999,1.3576,1.8339,0.0245,0.0323,163.3296,41.6481,0.0000,0.2066,0.2066,-0.1045,0.0000,0.0000,0.0195,0.0078,0.0034
0.2000,1.2613,1.8539,0.0329,0.0323,163.2301,41.7439,0.0000,0.2003,0.2003,-0.1049,0.0000,0.0000,0.0195,0.0078,0.0072
0.2000,1.2414,1.8739,0.0412,0.0323,163.1278,41.8288,0.0000,0.2042,0.2042,-0.0984,0.0000,0.0000,0.0195,0.0078,0.0139
0.2000,1.3690,1.8939,0.0496,0.0323,163.0274,41.9143,0.0000,0.1967,0.1967,-0.0949,0.0000,0.0000,0.0195,0.0078,0.0213
0.2000,1.3205,1.9139,0.0453,0.0197,162.9219,42.0041,0.0000,0.1996,0.1996,-0.0925,0.0000,0.0000,0.0119,0.0047,0.0291
0.2000,1.3068,1.9339,0.0455,0.0197,162.7957,42.1058,0.0000,0.2065,0.2065,-0.0830,0.0000,0.0000,0.0119,0.0047,0.0373
0.2000,1.3754,1.9539,0.0445,0.0197,162.6875,42.2050,0.0000,0.1979,0.1979,-0.0770,0.0000,0.0000,0.0119,0.0047,0.0454
0.2000,1.6111,1.9739,0.0396,0.0197,162.5805,42.3062,0.0000,0.1830,0.1830,-0.0661,0.0000,0.0000,0.0119,0.0047,0.0535
0.2000,1.4560,1.9939,0.0355,0.0240,162.4391,42.4092,0.0000,0.2061,0.2061,-0.0424,0.0000,0.0000,0.0145,0.0058,0.0500
0.2000,1.4598,2.0139,0.0271,0.0240,162.3253,42.5023,0.0000,0.2083,0.2083,-0.0428,0.0000,0.0000,0.0145,0.0058,0.0502
0.2000,1.7425,2.0218,0.0187,0.0240,162.1944,42.6070,0.0000,0.2140,0.2140,-0.0312,0.0000,0.0000,0.0145,0.0058,0.0491
0.2000,1.4578,2.0418,0.0103,0.0240,162.0535,42.7046,0.0000,0.2378,0.2378,-0.0332,0.0000,0.0000,0.0145,0.0058,0.0446
0.2000,1.6663,2.0618,0.0187,0.0431,161.9110,42.8164,0.0000,0.2407,0.2407,-0.0475,0.0000,0.0000,0.0260,0.0104,0.0410
0.2000,1.7020,2.0787,0.0103,0.0431,161.7825,42.9315,0.0000,0.2302,0.2302,-0.0508,0.0000,0.0000,0.0260,0.0104,0.0343
0.0054,1.7980,2.0563,0.0019,0.0431,161.6318,43.0507,0.0000,0.2346,0.2346,-0.0474,0.0000,0.0000,0.0260,0.0104,0.0265
0.2000,1.7095,2.0714,0.0103,0.0433,161.5087,43.1561,0.0000,0.2292,0.2292,-0.0879,0.0000,0.0000,0.0261,0.0105,0.0188
-0.2000,1.9084,2.0314,0.0187,0.0433,161.3596,43.2727,0.0000,0.2256,0.2256,-0.0777,0.0000,0.0000,0.0261,0.0105,0.0225
0.2000,1.6065,2.0514,0.0271,0.0433,161.2118,43.3922,0.0000,0.2302,0.2302,-0.0828,0.0000,0.0000,0.0261,0.0105,0.0184
-0.2000,1.8786,2.0114,0.0352,0.0433,161.0515,43.5076,0.0000,0.2263,0.2263,-0.0811,0.0000,0.0000,0.0261,0.0105,0.0113
-0.2000,1.8852,1.9714,0.0268,0.0372,160.8985,43.6248,0.0000,0.2305,0.2305,-0.0539,0.0000,0.0000,0.0224,0.0090,0.0149
-0.2000,1.9606,1.9314,0.0184,0.0372,160.7384,43.7556,0.0000,0.2339,0.2339,-0.0439,0.0000,0.0000,0.0224,0.0090,0.0222
-0.2000,1.9109,1.8914,0.0100,0.0372,160.5809,43.8746,0.0000,0.2461,0.2461,-0.0364,0.0000,0.0000,0.0224,0.0090,0.0299
-0.2000,2.0507,1.8514,0.0184,0.0610,160.4234,44.0050,0.0000,0.2365,0.2365,-0.0887,0.0000,0.0000,0.0368,0.0147,0.0380
-0.2000,1.9596,1.8114,0.0268,0.0610,160.2656,44.1230,0.0000,0.2359,0.2359,-0.0900,0.0000,0.0000,0.0368,0.0147,0.0337
-0.2000,2.0275,1.7714,0.0352,0.0610,160.1123,44.2434,0.0000,0.2204,0.2204,-0.0935,0.0000,0.0000,0.0368,0.0147,0.0267
-0.2000,1.9551,1.7314,0.0268,0.0421,159.9533,44.3626,0.0000,0.2212,0.2212,-0.0639,0.0000,0.0000,0.0254,0.0101,0.0186
-0.2000,1.9325,1.6914,0.0250,0.0421,159.7930,44.4754,0.0000,0.2324,0.2324,-0.0581,0.0000,0.0000,0.0254,0.0101,0.0221
-0.2000,1.9727,1.6514,0.0166,0.0421,159.6297,44.5959,0.0000,0.2395,0.2395,-0.0486,0.0000,0.0000,0.0254,0.0101,0.0297
-0.2000,1.9454,1.6114,0.0082,0.0421,159.4897,44.7109,0.0000,0.2348,0.2348,-0.0436,0.0000,0.0000,0.0254,0.0101,0.0379
-0.2000,2.0141,1.5714,0.0166,0.0686,159.3376,44.8256,0.0000,0.2349,0.2349,-0.0715,0.0000,0.0000,0.0414,0.0166,0.0338
0.2001,1.7961,1.5914,0.0250,0.0686,159.1948,44.9222,0.0000,0.2470,0.2470,-0.0727,0.0000,0.0000,0.0414,0.0166,0.0305
-0.1999,1.8919,1.5650,0.0333,0.0686,159.0592,45.0292,0.0000,0.2303,0.2303,-0.0767,0.0000,0.0000,0.0414,0.0166,0.0243
0.0645,1.7109,1.5850,0.0359,0.0686,158.9387,45.1174,0.0000,0.2363,0.2363,-0.0771,0.0000,0.0000,0.0414,0.0166,0.0170
0.0470,1.7126,1.6050,0.0306,0.0686,158.8074,45.2029,0.0000,0.2434,0.2434,-0.0735,0.0000,0.0000,0.0414,0.0166,0.0206
0.2000,1.4817,1.6250,0.0222,0.0686,158.6875,45.2814,0.0000,0.2601,0.2601,-0.0680,0.0000,0.0000,0.0414,0.0166,0.0280
0.2000,1.5551,1.6450,0.0257,0.0639,158.5702,45.3697,0.0000,0.2503,0.2503,-0.1044,0.0000,0.0000,0.0385,0.0154,0.0360
0.1999,1.4229,1.6650,0.0339,0.0639,158.4490,45.4590,0.0000,0.2484,0.2484,-0.1024,0.0000,0.0000,0.0385,0.0154,0.0405
0.1999,1.4565,1.6850,0.0423,0.0639,158.3218,45.5460,0.0000,0.2406,0.2406,-0.1035,0.0000,0.0000,0.0385,0.0154,0.0366
0.1999,1.5284,1.7050,0.0507,0.0639,158.2079,45.6261,0.0000,0.2337,0.2337,-0.0997,0.0000,0.0000,0.0385,0.0154,0.0297
0.2000,1.5284,1.7250,0.0493,0.0541,158.0905,45.7049,0.0000,0.2302,0.2302,-0.0917,0.0000,0.0000,0.0326,0.0130,0.0308
0.2000,1.3826,1.7450,0.0502,0.0541,157.9787,45.7780,0.0000,0.2413,0.2413,-0.0839,0.0000,0.0000,0.0326,0.0130,0.0370
0.2000,1.4026,1.7650,0.0419,0.0541,157.8665,45.8566,0.0000,0.2395,0.2395,-0.0757,0.0000,0.0000,0.0326,0.0130,0.0450
0.2000,1.3272,1.7850,0.0335,0.0541,157.7558,45.9196,0.0000,0.2526,0.2526,-0.0700,0.0000,0.0000,0.0326,0.0130,0.0528
0.2000,1.3601,1.8050,0.0251,0.0541,157.6543,45.9942,0.0000,0.2464,0.2464,-0.0652,0.0000,0.0000,0.0326,0.0130,0.0537
0.2000,1.2655,1.8250,0.0232,0.0541,157.5563,46.0603,0.0000,0.2495,0.2495,-0.0625,0.0000,0.0000,0.0326,0.0130,0.0547
0.2000,1.2490,1.8450,0.0229,0.0541,157.4611,46.1279,0.0000,0.2459,0.2459,-0.0615,0.0000,0.0000,0.0326,0.0130,0.0507
0.1999,1.1743,1.8650,0.0313,0.0699,157.3526,46.1924,0.0000,0.2512,0.2512,-0.1311,0.0000,0.0000,0.0422,0.0169,0.0428
0.2000,1.1582,1.8850,0.0397,0.0699,157.2283,46.2708,0.0000,0.2422,0.2422,-0.1348,0.0000,0.0000,0.0422,0.0169,0.0345
0.2000,1.2526,1.9050,0.0481,0.0699,157.1060,46.3528,0.0000,0.2255,0.2255,-0.1307,0.0000,0.0000,0.0422,0.0169,0.0288
0.1999,1.4570,1.9250,0.0564,0.0699,156.9822,46.4437,0.0000,0.1951,0.1951,-0.1253,0.0000,0.0000,0.0422,0.0169,0.0280
0.1999,1.4621,1.9450,0.0480,0.0478,156.8413,46.5326,0.0000,0.1889,0.1889,-0.1133,0.0000,0.0000,0.0288,0.0115,0.0319
0.2000,1.5231,1.9650,0.0564,0.0478,156.7142,46.6129,0.0000,0.1790,0.1790,-0.1084,0.0000,0.0000,0.0288,0.0115,0.0400
0.2000,1.6530,1.9850,0.0648,0.0478,156.5860,46.6998,0.0000,0.1678,0.1678,-0.0936,0.0000,0.0000,0.0288,0.0115,0.0481
0.2000,1.4907,2.0050,0.0732,0.0478,156.4564,46.7858,0.0000,0.1689,0.1689,-0.0868,0.0000,0.0000,0.0288,0.0115,0.0563
0.2000,1.5379,2.0250,0.0816,0.0615,156.3150,46.8682,0.0000,0.1655,0.1655,-0.1249,0.0000,0.0000,0.0371,0.0148,0.0600
0.2000,1.5438,2.0450,0.0900,0.0615,156.1788,46.9519,0.0000,0.1561,0.1561,-0.1182,0.0000,0.0000,0.0371,0.0148,0.0593
0.2000,1.6252,2.0650,0.0984,0.0615,156.0307,47.0388,0.0000,0.1474,0.1474,-0.1048,0.0000,0.0000,0.0371,0.0148,0.0685
0.2000,1.5876,2.0850,0.1068,0.0615,155.8708,47.1232,0.0000,0.1532,0.1532,-0.0935,0.0000,0.0000,0.0371,0.0148,0.0763
0.1999,1.7055,2.0985,0.0984,0.0495,155.7158,47.1980,0.0000,0.1605,0.1605,-0.0856,0.0000,0.0000,0.0299,0.0119,0.0841
0.0235,1.7973,2.0744,0.0900,0.0495,155.5744,47.2676,0.0000,0.1597,0.1597,-0.0767,0.0000,0.0000,0.0299,0.0119,0.0919
0.2001,1.7159,2.0857,0.0816,0.0495,155.4001,47.3637,0.0000,0.1722,0.1722,-0.0536,0.0000,0.0000,0.0299,0.0119,0.0998
0.1999,1.5640,2.1057,0.0732,0.0495,155.2579,47.4393,0.0000,0.1719,0.1719,-0.0544,0.0000,0.0000,0.0299,0.0119,0.1075
-0.2000,1.9826,2.0657,0.0710,0.0547,155.0573,47.5209,0.0000,0.1812,0.1812,-0.0654,0.0000,0.0000,0.0330,0.0132,0.1078
0.1999,1.5966,2.0857,0.0723,0.0547,154.8910,47.5907,0.0000,0.1995,0.1995,-0.0761,0.0000,0.0000,0.0330,0.0132,0.1010
-0.2000,2.1653,2.0457,0.0639,0.0424,154.7089,47.6679,0.0000,0.1879,0.1879,-0.0561,0.0000,0.0000,0.0256,0.0102,0.0951
0.1997,1.7916,2.0295,0.0556,0.0424,154.5182,47.7520,0.0000,0.2033,0.2033,-0.0623,0.0000,0.0000,0.0256,0.0102,0.0870
-0.2000,1.9664,1.9895,0.0472,0.0424,154.3243,47.8417,0.0000,0.2023,0.2023,-0.0494,0.0000,0.0000,0.0256,0.0102,0.0801
-0.2000,2.0718,1.9495,0.0388,0.0424,154.1304,47.9117,0.0000,0.2168,0.2168,-0.0422,0.0000,0.0000,0.0256,0.0102,0.0793
-0.2000,2.1237,1.9095,0.0397,0.0518,153.9436,47.9897,0.0000,0.2211,0.2211,-0.0468,0.0000,0.0000,0.0312,0.0125,0.0763
-0.0590,2.0481,1.9036,0.0313,0.0518,153.7450,48.0684,0.0000,0.2344,0.2344,-0.0432,0.0000,0.0000,0.0312,0.0125,0.0691
-0.0619,2.0102,1.9151,0.0229,0.0518,153.5482,48.1465,0.0000,0.2391,0.2391,-0.0467,0.0000,0.0000,0.0312,0.0125,0.0592
-0.0619,2.1236,1.8751,0.0228,0.0572,153.3500,48.2230,0.0000,0.2366,0.2366,-0.0944,0.0000,0.0000,0.0345,0.0138,0.0481
-0.1641,2.1007,1.8449,0.0312,0.0572,153.1578,48.2903,0.0000,0.2432,0.2432,-0.0930,0.0000,0.0000,0.0345,0.0138,0.0436
-0.2000,2.1096,1.8126,0.0396,0.0572,152.9773,48.3503,0.0000,0.2446,0.2446,-0.0970,0.0000,0.0000,0.0345,0.0138,0.0400
0.0792,2.0222,1.8281,0.0327,0.0419,152.7876,48.4338,0.0000,0.2394,0.2394,-0.1070,0.0000,0.0000,0.0253,0.0101,0.0314
0.1453,1.8847,1.8481,0.0411,0.0419,152.6048,48.5191,0.0000,0.2293,0.2293,-0.1065,0.0000,0.0000,0.0253,0.0101,0.0274
-0.2000,2.0569,1.8440,0.0495,0.0419,152.4394,48.5853,0.0000,0.2194,0.2194,-0.0963,0.0000,0.0000,0.0253,0.0101,0.0334
-0.0316,2.0002,1.8640,0.0411,0.0419,152.2603,48.6514,0.0000,0.2255,0.2255,-0.0880,0.0000,0.0000,0.0253,0.0101,0.0405
0.1684,1.7687,1.8840,0.0491,0.0419,152.0738,48.7209,0.0000,0.2350,0.2350,-0.0880,0.0000,0.0000,0.0253,0.0101,0.0378
0.2000,1.8955,1.9040,0.0575,0.0440,151.8928,48.7815,0.0000,0.2317,0.2317,-0.1111,0.0000,0.0000,0.0265,0.0106,0.0434
0.1543,1.9752,1.9240,0.0620,0.0440,151.7202,48.8412,0.0000,0.2295,0.2295,-0.0996,0.0000,0.0000,0.0265,0.0106,0.0522
0.2000,1.8962,1.9440,0.0536,0.0440,151.5534,48.9031,0.0000,0.2304,0.2304,-0.0960,0.0000,0.0000,0.0265,0.0106,0.0457
0.2000,1.8137,1.9640,0.0452,0.0346,151.3827,48.9673,0.0000,0.2294,0.2294,-0.0892,0.0000,0.0000,0.0209,0.0083,0.0526
0.2000,1.7676,1.9840,0.0368,0.0346,151.2165,49.0203,0.0000,0.2390,0.2390,-0.0769,0.0000,0.0000,0.0209,0.0083,0.0648
0.2000,1.8096,2.0040,0.0285,0.0346,151.0510,49.0912,0.0000,0.2257,0.2257,-0.0675,0.0000,0.0000,0.0209,0.0083,0.0685
0.2000,1.7332,2.0240,0.0202,0.0346,150.8839,49.1561,0.0000,0.2182,0.2182,-0.0701,0.0000,0.0000,0.0209,0.0083,0.0555
0.1999,1.7854,2.0440,0.0286,0.0414,150.7113,49.1991,0.0000,0.2285,0.2285,-0.0970,0.0000,0.0000,0.0249,0.0100,0.0475
0.1999,1.7790,2.0640,0.0369,0.0414,150.5357,49.2529,0.0000,0.2262,0.2262,-0.0974,0.0000,0.0000,0.0249,0.0100,0.0394
0.2000,1.7667,2.0840,0.0453,0.0414,150.3584,49.3101,0.0000,0.2203,0.2203,-0.0990,0.0000,0.0000,0.0249,0.0100,0.0311
0.2000,1.8230,2.1040,0.0537,0.0414,150.1948,49.3615,0.0000,0.2152,0.2152,-0.0972,0.0000,0.0000,0.0249,0.0100,0.0244
0.2000,1.8494,2.1240,0.0547,0.0339,150.0199,49.4132,0.0000,0.2152,0.2152,-0.1102,0.0000,0.0000,0.0205,0.0082,0.0320
0.2000,1.7015,2.1440,0.0624,0.0339,149.8514,49.4587,0.0000,0.2274,0.2274,-0.1024,0.0000,0.0000,0.0205,0.0082,0.0404
0.2000,1.8107,2.1640,0.0630,0.0339,149.6893,49.5128,0.0000,0.2176,0.2176,-0.0904,0.0000,0.0000,0.0205,0.0082,0.0484
0.2000,1.7337,2.1840,0.0572,0.0339,149.5197,49.5656,0.0000,0.2192,0.2192,-0.0815,0.0000,0.0000,0.0205,0.0082,0.0557
0.2000,1.6959,2.2040,0.0488,0.0291,149.3370,49.6084,0.0000,0.2338,0.2338,-0.0812,0.0000,0.0000,0.0175,0.0070,0.0589
0.2000,1.7629,2.2240,0.0404,0.0291,149.1578,49.6615,0.0000,0.2287,0.2287,-0.0703,0.0000,0.0000,0.0175,0.0070,0.0680
0.2000,1.8668,2.2440,0.0320,0.0291,148.9866,49.7045,0.0000,0.2298,0.2298,-0.0621,0.0000,0.0000,0.0175,0.0070,0.0684
0.2000,1.8554,2.2640,0.0236,0.0291,148.8061,49.7557,0.0000,0.2289,0.2289,-0.0579,0.0000,0.0000,0.0175,0.0070,0.0640
0.2000,1.7536,2.2840,0.0309,0.0279,148.6093,49.7976,0.0000,0.2391,0.2391,-0.0877,0.0000,0.0000,0.0168,0.0067,0.0506
0.2000,1.8623,2.3040,0.0358,0.0279,148.4214,49.8300,0.0000,0.2421,0.2421,-0.0887,0.0000,0.0000,0.0168,0.0067,0.0422
0.2000,2.0008,2.3170,0.0417,0.0279,148.2378,49.8803,0.0000,0.2269,0.2269,-0.0879,0.0000,0.0000,0.0168,0.0067,0.0341
0.2000,1.8923,2.3353,0.0383,0.0177,148.0365,49.9137,0.0000,0.2460,0.2460,-0.0954,0.0000,0.0000,0.0106,0.0043,0.0272
0.2000,1.8887,2.3518,0.0353,0.0177,147.8602,49.9545,0.0000,0.2465,0.2465,-0.0884,0.0000,0.0000,0.0106,0.0043,0.0340
0.2000,2.0292,2.3549,0.0269,0.0177,147.6704,50.0110,0.0000,0.2302,0.2302,-0.0783,0.0000,0.0000,0.0106,0.0043,0.0391
0.2000,1.7948,2.3694,0.0185,0.0177,147.4679,50.0519,0.0000,0.2470,0.2470,-0.0722,0.0000,0.0000,0.0106,0.0043,0.0437
0.2000,1.9644,2.3803,0.0101,0.0160,147.2958,50.0913,0.0000,0.2364,0.2364,-0.0690,0.0000,0.0000,0.0097,0.0039,0.0406
0.2000,2.0521,2.3754,0.0017,0.0160,147.0816,50.1360,0.0000,0.2432,0.2432,-0.0592,0.0000,0.0000,0.0097,0.0039,0.0374
0.2000,1.7495,2.3879,0.0053,0.0160,146.8824,50.1853,0.0000,0.2437,0.2437,-0.0659,0.0000,0.0000,0.0097,0.0039,0.0298
-0.2000,2.1752,2.3479,0.0137,0.0207,146.7018,50.2256,0.0000,0.2209,0.2209,-0.0768,0.0000,0.0000,0.0125,0.0050,0.0225
0.2000,2.0342,2.3504,0.0215,0.0207,146.5110,50.2713,0.0000,0.2245,0.2245,-0.0746,0.0000,0.0000,0.0125,0.0050,0.0151
0.2000,1.8343,2.3653,0.0294,0.0207,146.3305,50.3183,0.0000,0.2148,0.2148,-0.0848,0.0000,0.0000,0.0125,0.0050,0.0077
0.2000,1.9478,2.3778,0.0340,0.0207,146.1324,50.3623,0.0000,0.2149,0.2149,-0.0747,0.0000,0.0000,0.0125,0.0050,0.0100
0.2000,1.8485,2.3900,0.0407,0.0193,145.9400,50.3947,0.0000,0.2242,0.2242,-0.0924,0.0000,0.0000,0.0116,0.0047,0.0170
0.2000,2.0153,2.3920,0.0323,0.0193,145.7396,50.4424,0.0000,0.2156,0.2156,-0.0786,0.0000,0.0000,0.0116,0.0047,0.0241
0.2000,1.9340,2.4024,0.0365,0.0193,145.5557,50.4852,0.0000,0.2074,0.2074,-0.0787,0.0000,0.0000,0.0116,0.0047,0.0315
0.2000,2.0449,2.3971,0.0281,0.0103,145.3575,50.5360,0.0000,0.2030,0.2030,-0.0642,0.0000,0.0000,0.0062,0.0025,0.0367
0.2000,1.8710,2.4074,0.0197,0.0103,145.1175,50.5715,0.0000,0.2200,0.2200,-0.0590,0.0000,0.0000,0.0062,0.0025,0.0429
0.2000,2.0314,2.4045,0.0114,0.0103,144.9400,50.5921,0.0000,0.2284,0.2284,-0.0561,0.0000,0.0000,0.0062,0.0025,0.0367
-0.2000,2.4072,2.3645,0.0030,0.0102,144.7464,50.6208,0.0000,0.2234,0.2234,-0.0637,0.0000,0.0000,0.0062,0.0025,0.0392
0.2000,1.7751,2.3781,0.0040,0.0102,144.5655,50.6526,0.0000,0.2434,0.2434,-0.0713,0.0000,0.0000,0.0062,0.0025,0.0317
0.2000,1.9411,2.3896,0.0110,0.0102,144.3808,50.6926,0.0000,0.2236,0.2236,-0.0756,0.0000,0.0000,0.0062,0.0025,0.0238
0.2000,1.8225,2.4007,0.0027,0.0102,144.1759,50.7239,0.0000,0.2345,0.2345,-0.0729,0.0000,0.0000,0.0062,0.0025,0.0164
0.2000,1.8737,2.4106,0.0039,0.0031,143.9875,50.7525,0.0000,0.2309,0.2309,-0.0857,0.0000,0.0000,0.0019,0.0007,0.0091
0.2000,2.0594,2.4009,0.0085,0.0031,143.7721,50.7735,0.0000,0.2402,0.2402,-0.0794,0.0000,0.0000,0.0019,0.0007,0.0092
0.2000,1.8888,2.4108,0.0141,0.0031,143.5898,50.8196,0.0000,0.2254,0.2254,-0.0818,0.0000,0.0000,0.0019,0.0007,0.0150
-0.2000,2.1498,2.3708,0.0057,-0.0022,143.3901,50.8600,0.0000,0.2091,0.2091,-0.0635,0.0000,0.0000,-0.0013,-0.0005,0.0089
0.2000,1.8642,2.3837,-0.0027,-0.0022,143.1826,50.8964,0.0000,0.2180,0.2180,-0.0629,0.0000,0.0000,-0.0013,-0.0005,0.0090
0.2000,2.0218,2.3851,-0.0111,-0.0022,142.9877,50.9234,0.0000,0.2177,0.2177,-0.0621,0.0000,0.0000,-0.0013,-0.0005,0.0132
0.2000,2.0884,2.3698,-0.0195,-0.0022,142.7988,50.9627,0.0000,0.2106,0.2106,-0.0580,0.0000,0.0000,-0.0013,-0.0005,0.0180
0.2000,1.9502,2.3817,-0.0195,0.0053,142.6123,50.9934,0.0000,0.2131,0.2131,-0.0826,0.0000,0.0000,0.0032,0.0013,0.0114
0.2000,1.9126,2.3935,-0.0111,0.0053,142.4166,51.0283,0.0000,0.2047,0.2047,-0.0888,0.0000,0.0000,0.0032,0.0013,0.0042
0.1999,1.8749,2.4042,-0.0028,0.0053,142.2024,51.0725,0.0000,0.1923,0.1923,-0.0925,0.0000,0.0000,0.0032,0.0013,-0.0035
0.1999,1.9702,2.4110,0.0056,0.0053,142.0025,51.1058,0.0000,0.1762,0.1762,-0.1030,0.0000,0.0000,0.0032,0.0013,-0.0120
-0.2000,2.1686,2.3710,0.0041,-0.0046,141.7996,51.1460,0.0000,0.1534,0.1534,-0.1074,0.0000,0.0000,-0.0028,-0.0011,-0.0125
0.2000,2.0076,2.3762,0.0124,-0.0046,141.5925,51.1848,0.0000,0.1543,0.1543,-0.1038,0.0000,0.0000,-0.0028,-0.0011,-0.0060
0.2000,2.0505,2.3721,0.0208,-0.0046,141.4011,51.2312,0.0000,0.1427,0.1427,-0.0923,0.0000,0.0000,-0.0028,-0.0011,0.0025
0.2000,2.0884,2.3581,0.0266,-0.0072,141.2058,51.2602,0.0000,0.1397,0.1397,-0.0884,0.0000,0.0000,-0.0043,-0.0017,0.0102
0.2000,1.9531,2.3710,0.0266,-0.0072,141.0093,51.2874,0.0000,0.1536,0.1536,-0.0826,0.0000,0.0000,-0.0043,-0.0017,0.0096
0.2000,1.9561,2.3823,0.0305,-0.0072,140.8126,51.3120,0.0000,0.1573,0.1573,-0.0815,0.0000,0.0000,-0.0043,-0.0017,0.0149
0.1999,1.9708,2.3913,0.0231,-0.0072,140.6113,51.3460,0.0000,0.1628,0.1628,-0.0685,0.0000,0.0000,-0.0043,-0.0017,0.0223
0.1999,1.9643,2.3999,0.0147,-0.0087,140.4121,51.3840,0.0000,0.1589,0.1589,-0.0535,0.0000,0.0000,-0.0052,-0.0021,0.0288
0.2000,2.0275,2.3986,0.0063,-0.0087,140.2237,51.4121,0.0000,0.1673,0.1673,-0.0443,0.0000,0.0000,-0.0052,-0.0021,0.0297
0.2000,2.0100,2.4006,-0.0021,-0.0087,140.0207,51.4446,0.0000,0.1756,0.1756,-0.0351,0.0000,0.0000,-0.0052,-0.0021,0.0333
0.2000,1.8921,2.4106,-0.0070,-0.0052,139.8225,51.4745,0.0000,0.1749,0.1749,-0.0448,0.0000,0.0000,-0.0031,-0.0013,0.0279
0.2000,2.0405,2.4054,-0.0154,-0.0052,139.6271,51.5120,0.0000,0.1628,0.1628,-0.0474,0.0000,0.0000,-0.0031,-0.0013,0.0210
0.2000,1.9864,2.4103,-0.0108,-0.0052,139.4224,51.5306,0.0000,0.1793,0.1793,-0.0477,0.0000,0.0000,-0.0031,-0.0013,0.0136
0.1999,1.9729,2.4162,-0.0064,-0.0090,139.2278,51.5554,0.0000,0.1781,0.1781,-0.0650,0.0000,0.0000,-0.0054,-0.0022,0.0061
0.2000,2.0407,2.4104,0.0019,-0.0090,139.0306,51.5822,0.0000,0.1729,0.1729,-0.0716,0.0000,0.0000,-0.0054,-0.0022,0.0004
0.2000,1.9434,2.4187,0.0100,-0.0090,138.8407,51.6175,0.0000,0.1648,0.1648,-0.0780,0.0000,0.0000,-0.0054,-0.0022,-0.0064
0.2000,1.9717,2.4239,0.0181,-0.0090,138.6485,51.6428,0.0000,0.1661,0.1661,-0.0779,0.0000,0.0000,-0.0054,-0.0022,-0.0042
0.2000,1.9149,2.4315,0.0097,-0.0173,138.4378,51.6819,0.0000,0.1676,0.1676,-0.0596,0.0000,0.0000,-0.0104,-0.0042,-0.0001
0.2000,1.9217,2.4383,0.0013,-0.0173,138.2459,51.7127,0.0000,0.1659,0.1659,-0.0588,0.0000,0.0000,-0.0104,-0.0042,0.0058
-0.0016,2.1257,2.4049,-0.0071,-0.0173,138.0509,51.7355,0.0000,0.1711,0.1711,-0.0530,0.0000,0.0000,-0.0104,-0.0042,0.0129
-0.0016,1.9262,2.4143,-0.0072,-0.0173,137.8581,51.7638,0.0000,0.1879,0.1879,-0.0417,0.0000,0.0000,-0.0104,-0.0042,0.0201
0.1810,1.9468,2.4219,-0.0156,-0.0184,137.6556,51.7810,0.0000,0.2021,0.2021,-0.0207,0.0000,0.0000,-0.0111,-0.0044,0.0163
0.2000,1.9350,2.4294,-0.0240,-0.0184,137.4673,51.8068,0.0000,0.2081,0.2081,-0.0258,0.0000,0.0000,-0.0111,-0.0044,0.0093
0.2000,1.8834,2.4364,-0.0324,-0.0184,137.2755,51.8416,0.0000,0.2066,0.2066,-0.0309,0.0000,0.0000,-0.0111,-0.0044,0.0019
0.2000,1.8834,2.4428,-0.0258,-0.0108,137.0793,51.8734,0.0000,0.2088,0.2088,-0.0481,0.0000,0.0000,-0.0065,-0.0026,-0.0002
0.1999,1.9327,2.4482,-0.0190,-0.0108,136.8905,51.8960,0.0000,0.2106,0.2106,-0.0564,0.0000,0.0000,-0.0065,-0.0026,-0.0063
0.1999,1.9701,2.4506,-0.0118,-0.0108,136.6970,51.9224,0.0000,0.2101,0.2101,-0.0638,0.0000,0.0000,-0.0065,-0.0026,-0.0125
0.2000,1.8833,2.4556,-0.0054,-0.0108,136.5052,51.9527,0.0000,0.2093,0.2093,-0.0718,0.0000,0.0000,-0.0065,-0.0026,-0.0206
0.2000,1.9347,2.4596,-0.0104,-0.0241,136.3043,51.9966,0.0000,0.1954,0.1954,-0.0920,0.0000,0.0000,-0.0145,-0.0058,-0.0209
0.2000,1.9245,2.4636,-0.0020,-0.0241,136.1095,52.0324,0.0000,0.1852,0.1852,-0.0942,0.0000,0.0000,-0.0145,-0.0058,-0.0146
0.2000,2.0389,2.4535,0.0064,-0.0241,135.9109,52.0824,0.0000,0.1653,0.1653,-0.0868,0.0000,0.0000,-0.0145,-0.0058,-0.0079
0.1999,1.9625,2.4561,-0.0020,-0.0404,135.7183,52.1113,0.0000,0.1660,0.1660,-0.0601,0.0000,0.0000,-0.0244,-0.0098,-0.0011
0.2000,2.0300,2.4486,-0.0104,-0.0404,135.5281,52.1488,0.0000,0.1591,0.1591,-0.0613,0.0000,0.0000,-0.0244,-0.0098,-0.0014
0.1999,1.9290,2.4536,-0.0188,-0.0404,135.3342,52.1778,0.0000,0.1741,0.1741,-0.0536,0.0000,0.0000,-0.0244,-0.0098,0.0006
0.2000,1.9221,2.4582,-0.0272,-0.0404,135.1491,52.2063,0.0000,0.1768,0.1768,-0.0533,0.0000,0.0000,-0.0244,-0.0098,0.0080
0.2000,1.9471,2.4614,-0.0282,-0.0330,134.9502,52.2331,0.0000,0.1838,0.1838,-0.0368,0.0000,0.0000,-0.0199,-0.0080,0.0081
0.2000,1.8553,2.4653,-0.0366,-0.0330,134.7605,52.2603,0.0000,0.1914,0.1914,-0.0434,0.0000,0.0000,-0.0199,-0.0080,0.0009
0.2000,1.9885,2.4639,-0.0390,-0.0330,134.5788,52.2953,0.0000,0.1832,0.1832,-0.0518,0.0000,0.0000,-0.0199,-0.0080,-0.0070
0.1999,1.8988,2.4675,-0.0313,-0.0330,134.3815,52.3283,0.0000,0.1848,0.1848,-0.0607,0.0000,0.0000,-0.0199,-0.0080,-0.0150
0.2000,1.8337,2.4707,-0.0229,-0.0296,134.1913,52.3670,0.0000,0.1782,0.1782,-0.0753,0.0000,0.0000,-0.0178,-0.0071,-0.0201
0.2000,1.9816,2.4697,-0.0145,-0.0296,134.0043,52.4160,0.0000,0.1524,0.1524,-0.0846,0.0000,0.0000,-0.0178,-0.0071,-0.0245
0.2000,1.9232,2.4726,-0.0061,-0.0296,133.8070,52.4602,0.0000,0.1462,0.1462,-0.0877,0.0000,0.0000,-0.0178,-0.0071,-0.0298
0.2000,1.9173,2.4753,-0.0081,-0.0401,133.6251,52.5051,0.0000,0.1311,0.1311,-0.0802,0.0000,0.0000,-0.0241,-0.0097,-0.0268
0.2000,2.0041,2.4707,0.0003,-0.0401,133.4496,52.5521,0.0000,0.1159,0.1159,-0.0792,0.0000,0.0000,-0.0241,-0.0097,-0.0195
0.1999,1.8574,2.4736,0.0023,-0.0401,133.2728,52.5908,0.0000,0.1194,0.1194,-0.0756,0.0000,0.0000,-0.0241,-0.0097,-0.0112
0.1999,1.8012,2.4762,-0.0030,-0.0401,133.0886,52.6262,0.0000,0.1288,0.1288,-0.0673,0.0000,0.0000,-0.0241,-0.0097,-0.0032
0.1999,1.7942,2.4786,-0.0114,-0.0413,132.9086,52.6671,0.0000,0.1222,0.1222,-0.0401,0.0000,0.0000,-0.0249,-0.0099,-0.0005
0.1999,1.8615,2.4808,-0.0198,-0.0413,132.7260,52.7034,0.0000,0.1309,0.1309,-0.0355,0.0000,0.0000,-0.0249,-0.0099,0.0019
0.1999,1.8277,2.4827,-0.0282,-0.0413,132.5384,52.7477,0.0000,0.1279,0.1279,-0.0375,0.0000,0.0000,-0.0249,-0.0099,0.0080
0.2000,1.8483,2.4844,-0.0301,-0.0413,132.3577,52.7911,0.0000,0.1224,0.1224,-0.0425,0.0000,0.0000,-0.0249,-0.0099,0.0055
0.2000,1.9104,2.4860,-0.0315,-0.0342,132.1652,52.8262,0.0000,0.1379,0.1379,-0.0057,0.0000,0.0000,-0.0206,-0.0082,-0.0015
0.2000,1.8419,2.4874,-0.0399,-0.0342,131.9831,52.8670,0.0000,0.1365,0.1365,-0.0181,0.0000,0.0000,-0.0206,-0.0082,-0.0060
0.2000,1.9427,2.4879,-0.0483,-0.0342,131.8127,52.9139,0.0000,0.1329,0.1329,-0.0231,0.0000,0.0000,-0.0206,-0.0082,-0.0144
0.1999,1.8478,2.4891,-0.0405,-0.0342,131.6291,52.9547,0.0000,0.1331,0.1331,-0.0352,0.0000,0.0000,-0.0206,-0.0082,-0.0212
0.2000,1.7528,2.4902,-0.0335,-0.0236,131.4623,53.0063,0.0000,0.1274,0.1274,-0.0292,0.0000,0.0000,-0.0142,-0.0057,-0.0232
0.1999,1.8619,2.4912,-0.0251,-0.0236,131.2914,53.0496,0.0000,0.1205,0.1205,-0.0422,0.0000,0.0000,-0.0142,-0.0057,-0.0285
0.2000,1.7316,2.4921,-0.0167,-0.0236,131.1303,53.0982,0.0000,0.1154,0.1154,-0.0492,0.0000,0.0000,-0.0142,-0.0057,-0.0384
0.2000,1.7463,2.4929,-0.0083,-0.0236,130.9454,53.1527,0.0000,0.1071,0.1071,-0.0549,0.0000,0.0000,-0.0142,-0.0057,-0.0344
0.2000,1.6680,2.4936,-0.0114,-0.0254,130.7713,53.2116,0.0000,0.1019,0.1019,-0.0389,0.0000,0.0000,-0.0153,-0.0061,-0.0276
0.2000,1.9107,2.4743,-0.0099,-0.0254,130.6025,53.2595,0.0000,0.0958,0.0958,-0.0420,0.0000,0.0000,-0.0153,-0.0061,-0.0199
0.2000,1.8223,2.4769,-0.0099,-0.0254,130.4288,53.3192,0.0000,0.0895,0.0895,-0.0390,0.0000,0.0000,-0.0153,-0.0061,-0.0110
0.2000,1.7386,2.4792,-0.0101,-0.0254,130.2593,53.3742,0.0000,0.0858,0.0858,-0.0376,0.0000,0.0000,-0.0153,-0.0061,-0.0047
0.1999,1.8213,2.4780,-0.0088,-0.0257,130.0843,53.4195,0.0000,0.0948,0.0948,-0.0431,0.0000,0.0000,-0.0155,-0.0062,-0.0035
0.2000,1.7667,2.4802,-0.0052,-0.0257,129.9075,53.4558,0.0000,0.1026,0.1026,-0.0500,0.0000,0.0000,-0.0155,-0.0062,-0.0027
0.2000,1.7947,2.4822,-0.0051,-0.0257,129.7244,53.5070,0.0000,0.1040,0.1040,-0.0480,0.0000,0.0000,-0.0155,-0.0062,-0.0031
0.2000,1.7861,2.4840,-0.0072,-0.0257,129.5358,53.5510,0.0000,0.1144,0.1144,-0.0463,0.0000,0.0000,-0.0155,-0.0062,-0.0026
0.2000,1.8852,2.4718,-0.0156,-0.0393,129.3620,53.5987,0.0000,0.1101,0.1101,-0.0397,0.0000,0.0000,-0.0237,-0.0095,-0.0008
0.2000,1.9215,2.4518,-0.0240,-0.0393,129.1742,53.6544,0.0000,0.1123,0.1123,-0.0356,0.0000,0.0000,-0.0237,-0.0095,0.0016
0.2000,1.7850,2.4561,-0.0240,-0.0393,128.9901,53.6990,0.0000,0.1196,0.1196,-0.0408,0.0000,0.0000,-0.0237,-0.0095,0.0011
0.1081,1.9426,2.4312,-0.0324,-0.0413,128.7982,53.7423,0.0000,0.1277,0.1277,-0.0309,0.0000,0.0000,-0.0249,-0.0100,-0.0006
0.2000,1.8756,2.4264,-0.0408,-0.0413,128.6075,53.7900,0.0000,0.1389,0.1389,-0.0339,0.0000,0.0000,-0.0249,-0.0100,-0.0086
0.2000,1.9490,2.4023,-0.0386,-0.0413,128.4211,53.8376,0.0000,0.1380,0.1380,-0.0460,0.0000,0.0000,-0.0249,-0.0100,-0.0162
0.1999,1.9497,2.3805,-0.0470,-0.0423,128.2258,53.9013,0.0000,0.1351,0.1351,-0.0188,0.0000,0.0000,-0.0255,-0.0102,-0.0167
0.2000,1.9051,2.3740,-0.0554,-0.0423,128.0342,53.9582,0.0000,0.1315,0.1315,-0.0334,0.0000,0.0000,-0.0255,-0.0102,-0.0248
-0.2000,2.0372,2.3340,-0.0471,-0.0423,127.8405,54.0185,0.0000,0.1260,0.1260,-0.0449,0.0000,0.0000,-0.0255,-0.0102,-0.0312
0.1425,1.9795,2.3082,-0.0410,-0.0423,127.6391,54.0874,0.0000,0.1237,0.1237,-0.0477,0.0000,0.0000,-0.0255,-0.0102,-0.0309
-0.1479,2.0101,2.2723,-0.0326,-0.0357,127.4465,54.1507,0.0000,0.1123,0.1123,-0.0547,0.0000,0.0000,-0.0215,-0.0086,-0.0388
-0.2000,2.1099,2.2323,-0.0242,-0.0357,127.2398,54.2244,0.0000,0.1010,0.1010,-0.0670,0.0000,0.0000,-0.0215,-0.0086,-0.0507
-0.0257,2.0081,2.2049,-0.0158,-0.0357,127.0366,54.3025,0.0000,0.0953,0.0953,-0.0644,0.0000,0.0000,-0.0215,-0.0086,-0.0381
-0.1999,2.1754,2.1649,-0.0186,-0.0382,126.8411,54.3687,0.0000,0.0901,0.0901,-0.0435,0.0000,0.0000,-0.0230,-0.0092,-0.0318
-0.2000,2.1585,2.1249,-0.0233,-0.0382,126.6390,54.4345,0.0000,0.1034,0.1034,-0.0389,0.0000,0.0000,-0.0230,-0.0092,-0.0243
-0.1999,2.0435,2.0916,-0.0309,-0.0382,126.4316,54.5038,0.0000,0.1154,0.1154,-0.0357,0.0000,0.0000,-0.0230,-0.0092,-0.0176
-0.2000,2.1073,2.0516,-0.0323,-0.0312,126.2337,54.5610,0.0000,0.1295,0.1295,-0.0121,0.0000,0.0000,-0.0188,-0.0075,-0.0092
-0.2000,2.1683,2.0116,-0.0407,-0.0312,126.0336,54.6454,0.0000,0.1272,0.1272,-0.0131,0.0000,0.0000,-0.0188,-0.0075,-0.0116
-0.1938,2.0383,1.9922,-0.0491,-0.0312,125.8275,54.7179,0.0000,0.1325,0.1325,-0.0210,0.0000,0.0000,-0.0188,-0.0075,-0.0161
-0.2000,2.1531,1.9522,-0.0407,-0.0240,125.6278,54.7875,0.0000,0.1307,0.1307,-0.0403,0.0000,0.0000,-0.0145,-0.0058,-0.0232
-0.2000,2.1638,1.9122,-0.0323,-0.0240,125.4352,54.8725,0.0000,0.1222,0.1222,-0.0428,0.0000,0.0000,-0.0145,-0.0058,-0.0248
-0.2000,2.0953,1.8722,-0.0239,-0.0240,125.2353,54.9446,0.0000,0.1216,0.1216,-0.0548,0.0000,0.0000,-0.0145,-0.0058,-0.0324
-0.2000,2.0872,1.8407,-0.0155,-0.0240,125.0456,55.0194,0.0000,0.1111,0.1111,-0.0694,0.0000,0.0000,-0.0145,-0.0058,-0.0395
-0.2000,2.1046,1.8019,-0.0154,-0.0323,124.8776,55.1022,0.0000,0.1022,0.1022,-0.0534,0.0000,0.0000,-0.0195,-0.0078,-0.0316
0.0929,2.0197,1.8123,-0.0104,-0.0323,124.6972,55.1721,0.0000,0.1037,0.1037,-0.0560,0.0000,0.0000,-0.0195,-0.0078,-0.0237
0.1576,1.8569,1.8323,-0.0188,-0.0323,124.5191,55.2498,0.0000,0.1044,0.1044,-0.0537,0.0000,0.0000,-0.0195,-0.0078,-0.0155
0.0760,1.9155,1.8523,-0.0272,-0.0323,124.3440,55.3158,0.0000,0.1143,0.1143,-0.0470,0.0000,0.0000,-0.0195,-0.0078,-0.0081
0.0998,1.9264,1.8723,-0.0356,-0.0331,124.1826,55.3848,0.0000,0.1137,0.1137,-0.0237,0.0000,0.0000,-0.0200,-0.0080,-0.0072
0.2000,1.8561,1.8923,-0.0440,-0.0331,124.0189,55.4503,0.0000,0.1193,0.1193,-0.0251,0.0000,0.0000,-0.0200,-0.0080,-0.0036
0.2000,1.7408,1.9123,-0.0478,-0.0331,123.8608,55.5187,0.0000,0.1184,0.1184,-0.0323,0.0000,0.0000,-0.0200,-0.0080,-0.0110
0.2000,1.7472,1.9323,-0.0417,-0.0331,123.7011,55.5789,0.0000,0.1230,0.1230,-0.0409,0.0000,0.0000,-0.0200,-0.0080,-0.0189
0.2000,1.7074,1.9523,-0.0333,-0.0331,123.5486,55.6536,0.0000,0.1087,0.1087,-0.0535,0.0000,0.0000,-0.0200,-0.0080,-0.0266
0.2000,1.6900,1.9723,-0.0249,-0.0268,123.3883,55.7297,0.0000,0.1037,0.1037,-0.0435,0.0000,0.0000,-0.0161,-0.0064,-0.0343
0.2000,1.6843,1.9923,-0.0165,-0.0268,123.2414,55.7987,0.0000,0.0983,0.0983,-0.0510,0.0000,0.0000,-0.0161,-0.0064,-0.0388
0.2000,1.7583,2.0123,-0.0084,-0.0268,123.1048,55.8583,0.0000,0.0999,0.0999,-0.0511,0.0000,0.0000,-0.0161,-0.0064,-0.0341
0.2000,1.6094,2.0323,-0.0017,-0.0268,122.9553,55.9273,0.0000,0.0994,0.0994,-0.0540,0.0000,0.0000,-0.0161,-0.0064,-0.0261
0.2000,1.4769,2.0523,-0.0055,-0.0268,122.8158,55.9850,0.0000,0.1122,0.1122,-0.0481,0.0000,0.0000,-0.0161,-0.0064,-0.0181
0.2000,1.6312,2.0723,-0.0054,-0.0239,122.6680,56.0451,0.0000,0.1147,0.1147,-0.0470,0.0000,0.0000,-0.0144,-0.0058,-0.0098
0.2000,1.4972,2.0923,-0.0138,-0.0239,122.5255,56.1084,0.0000,0.1256,0.1256,-0.0393,0.0000,0.0000,-0.0144,-0.0058,-0.0021
0.2000,1.5800,2.1123,-0.0133,-0.0239,122.3712,56.1855,0.0000,0.1173,0.1173,-0.0414,0.0000,0.0000,-0.0144,-0.0058,0.0043
0.2000,1.5473,2.1323,-0.0154,-0.0239,122.2182,56.2613,0.0000,0.1185,0.1185,-0.0373,0.0000,0.0000,-0.0144,-0.0058,0.0014
0.2000,1.7093,2.1523,-0.0238,-0.0276,122.0557,56.3275,0.0000,0.1229,0.1229,-0.0315,0.0000,0.0000,-0.0166,-0.0067,0.0013
0.2000,1.6943,2.1723,-0.0245,-0.0276,121.8976,56.4009,0.0000,0.1233,0.1233,-0.0364,0.0000,0.0000,-0.0166,-0.0067,-0.0047
0.2000,1.7369,2.1923,-0.0221,-0.0276,121.7391,56.4774,0.0000,0.1211,0.1211,-0.0391,0.0000,0.0000,-0.0166,-0.0067,-0.0059
0.2000,1.7281,2.2123,-0.0304,-0.0275,121.5796,56.5619,0.0000,0.1129,0.1129,-0.0192,0.0000,0.0000,-0.0166,-0.0066,-0.0080
0.2000,1.7449,2.2323,-0.0328,-0.0275,121.4130,56.6418,0.0000,0.1179,0.1179,-0.0216,0.0000,0.0000,-0.0166,-0.0066,-0.0155
0.2000,1.7892,2.2523,-0.0319,-0.0275,121.2476,56.7177,0.0000,0.1196,0.1196,-0.0292,0.0000,0.0000,-0.0166,-0.0066,-0.0171
0.2000,1.8329,2.2723,-0.0289,-0.0275,121.0940,56.7938,0.0000,0.1178,0.1178,-0.0330,0.0000,0.0000,-0.0166,-0.0066,-0.0146
0.2000,1.8024,2.2923,-0.0221,-0.0216,120.9150,56.8789,0.0000,0.1237,0.1237,-0.0325,0.0000,0.0000,-0.0130,-0.0052,-0.0217
0.2000,1.6990,2.3123,-0.0165,-0.0216,120.7490,56.9510,0.0000,0.1306,0.1306,-0.0415,0.0000,0.0000,-0.0130,-0.0052,-0.0248
0.0223,1.9641,2.2945,-0.0249,-0.0216,120.5881,57.0286,0.0000,0.1254,0.1254,-0.0485,0.0000,0.0000,-0.0130,-0.0052,-0.0242
0.1988,1.7915,2.3142,-0.0214,-0.0216,120.4036,57.1114,0.0000,0.1447,0.1447,-0.0429,0.0000,0.0000,-0.0130,-0.0052,-0.0214
0.2000,1.7696,2.3327,-0.0210,-0.0261,120.2304,57.1999,0.0000,0.1411,0.1411,-0.0446,0.0000,0.0000,-0.0157,-0.0063,-0.0158
-0.1830,2.0068,2.2958,-0.0225,-0.0261,120.0564,57.3002,0.0000,0.1299,0.1299,-0.0421,0.0000,0.0000,-0.0157,-0.0063,-0.0097
0.2000,1.9265,2.2919,-0.0170,-0.0261,119.8845,57.3838,0.0000,0.1303,0.1303,-0.0511,0.0000,0.0000,-0.0157,-0.0063,-0.0151
0.1772,1.9912,2.2657,-0.0254,-0.0317,119.7115,57.4673,0.0000,0.1346,0.1346,-0.0395,0.0000,0.0000,-0.0191,-0.0076,-0.0138
0.1772,1.8936,2.2735,-0.0310,-0.0317,119.5261,57.5616,0.0000,0.1428,0.1428,-0.0389,0.0000,0.0000,-0.0191,-0.0076,-0.0141
0.2000,1.9033,2.2781,-0.0394,-0.0317,119.3572,57.6476,0.0000,0.1419,0.1419,-0.0456,0.0000,0.0000,-0.0191,-0.0076,-0.0148
-0.2000,2.0629,2.2381,-0.0462,-0.0321,119.1776,57.7378,0.0000,0.1469,0.1469,-0.0373,0.0000,0.0000,-0.0193,-0.0077,-0.0102
0.2000,1.8769,2.2524,-0.0381,-0.0321,119.0050,57.8304,0.0000,0.1438,0.1438,-0.0479,0.0000,0.0000,-0.0193,-0.0077,-0.0158
0.0287,1.9927,2.2295,-0.0333,-0.0321,118.8313,57.9253,0.0000,0.1335,0.1335,-0.0590,0.0000,0.0000,-0.0193,-0.0077,-0.0220
0.2000,1.9410,2.2277,-0.0249,-0.0321,118.6598,58.0311,0.0000,0.1173,0.1173,-0.0692,0.0000,0.0000,-0.0193,-0.0077,-0.0289
0.2000,1.9613,2.2194,-0.0200,-0.0355,118.4681,58.1410,0.0000,0.1113,0.1113,-0.0596,0.0000,0.0000,-0.0214,-0.0086,-0.0359
0.1419,1.9976,2.1978,-0.0116,-0.0355,118.2920,58.2466,0.0000,0.0989,0.0989,-0.0664,0.0000,0.0000,-0.0214,-0.0086,-0.0320
-0.2000,2.1908,2.1578,-0.0032,-0.0355,118.1103,58.3502,0.0000,0.0950,0.0950,-0.0646,0.0000,0.0000,-0.0214,-0.0086,-0.0259
-0.2000,2.0347,2.1255,-0.0070,-0.0360,117.9319,58.4542,0.0000,0.0960,0.0960,-0.0522,0.0000,0.0000,-0.0217,-0.0087,-0.0194
-0.1999,2.0736,2.0855,-0.0078,-0.0360,117.7592,58.5652,0.0000,0.0873,0.0873,-0.0505,0.0000,0.0000,-0.0217,-0.0087,-0.0127
-0.2000,2.0470,2.0544,-0.0117,-0.0360,117.5788,58.6852,0.0000,0.0816,0.0816,-0.0436,0.0000,0.0000,-0.0217,-0.0087,-0.0063
-0.2000,2.0346,2.0326,-0.0201,-0.0383,117.4003,58.7881,0.0000,0.0843,0.0843,-0.0363,0.0000,0.0000,-0.0231,-0.0092,0.0013
-0.2001,2.1486,1.9926,-0.0270,-0.0383,117.2144,58.8856,0.0000,0.0954,0.0954,-0.0354,0.0000,0.0000,-0.0231,-0.0092,0.0002
-0.1935,2.0421,1.9732,-0.0256,-0.0383,117.0357,58.9815,0.0000,0.1012,0.1012,-0.0412,0.0000,0.0000,-0.0231,-0.0092,-0.0005
-0.0910,2.0089,1.9714,-0.0337,-0.0383,116.8453,59.0670,0.0000,0.1270,0.1270,-0.0417,0.0000,0.0000,-0.0231,-0.0092,-0.0037
-0.0858,2.0089,1.9697,-0.0421,-0.0438,116.6761,59.1760,0.0000,0.1107,0.1107,-0.0452,0.0000,0.0000,-0.0264,-0.0105,-0.0102
-0.0023,1.9957,1.9739,-0.0354,-0.0438,116.4948,59.2779,0.0000,0.1148,0.1148,-0.0513,0.0000,0.0000,-0.0264,-0.0105,-0.0173
0.0028,1.9957,1.9776,-0.0271,-0.0438,116.3229,59.3864,0.0000,0.1040,0.1040,-0.0595,0.0000,0.0000,-0.0264,-0.0105,-0.0179
-0.2000,2.0607,1.9502,-0.0355,-0.0476,116.1576,59.4909,0.0000,0.0930,0.0930,-0.0362,0.0000,0.0000,-0.0287,-0.0115,-0.0240
-0.0818,2.0146,1.9481,-0.0339,-0.0476,115.9902,59.6052,0.0000,0.0834,0.0834,-0.0454,0.0000,0.0000,-0.0287,-0.0115,-0.0315
0.2000,1.9377,1.9681,-0.0301,-0.0476,115.8225,59.7031,0.0000,0.0945,0.0945,-0.0461,0.0000,0.0000,-0.0287,-0.0115,-0.0320
-0.0796,2.0102,1.9662,-0.0384,-0.0476,115.6523,59.8004,0.0000,0.1000,0.1000,-0.0498,0.0000,0.0000,-0.0287,-0.0115,-0.0239
0.2000,1.9247,1.9862,-0.0357,-0.0394,115.4906,59.9069,0.0000,0.0979,0.0979,-0.0345,0.0000,0.0000,-0.0238,-0.0095,-0.0238
0.2000,1.9407,2.0062,-0.0356,-0.0394,115.3382,60.0224,0.0000,0.0880,0.0880,-0.0366,0.0000,0.0000,-0.0238,-0.0095,-0.0260
0.2000,1.9184,2.0262,-0.0277,-0.0394,115.1743,60.1329,0.0000,0.0834,0.0834,-0.0432,0.0000,0.0000,-0.0238,-0.0095,-0.0236
0.2000,1.8958,2.0462,-0.0193,-0.0394,115.0147,60.2381,0.0000,0.0818,0.0818,-0.0504,0.0000,0.0000,-0.0238,-0.0095,-0.0264
0.2000,1.9582,2.0571,-0.0185,-0.0347,114.8672,60.3476,0.0000,0.0726,0.0726,-0.0352,0.0000,0.0000,-0.0209,-0.0084,-0.0281
0.1999,1.8943,2.0771,-0.0173,-0.0347,114.7157,60.4540,0.0000,0.0722,0.0722,-0.0387,0.0000,0.0000,-0.0209,-0.0084,-0.0276
0.2000,1.8215,2.0971,-0.0154,-0.0347,114.5650,60.5604,0.0000,0.0730,0.0730,-0.0398,0.0000,0.0000,-0.0209,-0.0084,-0.0237
0.2000,1.8350,2.1171,-0.0146,-0.0347,114.4168,60.6708,0.0000,0.0691,0.0691,-0.0389,0.0000,0.0000,-0.0209,-0.0084,-0.0163
0.2000,1.8287,2.1371,-0.0172,-0.0302,114.2675,60.7780,0.0000,0.0698,0.0698,-0.0276,0.0000,0.0000,-0.0182,-0.0073,-0.0111
0.2000,1.8318,2.1571,-0.0191,-0.0302,114.1112,60.8896,0.0000,0.0718,0.0718,-0.0287,0.0000,0.0000,-0.0182,-0.0073,-0.0102
0.2000,1.8220,2.1771,-0.0185,-0.0302,113.9490,61.0110,0.0000,0.0689,0.0689,-0.0303,0.0000,0.0000,-0.0182,-0.0073,-0.0085
0.2000,1.9034,2.1913,-0.0101,-0.0298,113.7966,61.1218,0.0000,0.0659,0.0659,-0.0431,0.0000,0.0000,-0.0180,-0.0072,-0.0072
0.0196,2.0093,2.1675,-0.0028,-0.0298,113.6455,61.2249,0.0000,0.0659,0.0659,-0.0466,0.0000,0.0000,-0.0180,-0.0072,-0.0090
0.0196,1.8675,2.1875,-0.0028,-0.0298,113.4971,61.3267,0.0000,0.0708,0.0708,-0.0501,0.0000,0.0000,-0.0180,-0.0072,-0.0111
0.2000,1.8135,2.2075,0.0019,-0.0298,113.3514,61.4326,0.0000,0.0702,0.0702,-0.0517,0.0000,0.0000,-0.0180,-0.0072,-0.0112
0.2000,1.7829,2.2275,-0.0065,-0.0408,113.2032,61.5328,0.0000,0.0820,0.0820,0.0039,0.0000,0.0000,-0.0246,-0.0098,-0.0070
0.2000,1.7854,2.2475,-0.0149,-0.0408,113.0500,61.6398,0.0000,0.0930,0.0930,0.0044,0.0000,0.0000,-0.0246,-0.0098,0.0007
0.2000,1.7758,2.2675,-0.0233,-0.0408,112.9063,61.7545,0.0000,0.0943,0.0943,0.0059,0.0000,0.0000,-0.0246,-0.0098,0.0035
0.2000,1.8510,2.2835,-0.0317,-0.0408,112.7657,61.8616,0.0000,0.0988,0.0988,0.0068,0.0000,0.0000,-0.0246,-0.0098,0.0067
0.2000,1.8233,2.3017,-0.0233,-0.0194,112.6129,61.9587,0.0000,0.1169,0.1169,0.0229,0.0000,0.0000,-0.0117,-0.0047,0.0043
0.2000,1.7520,2.3215,-0.0316,-0.0194,112.4651,62.0531,0.0000,0.1351,0.1351,0.0170,0.0000,0.0000,-0.0117,-0.0047,-0.0029
0.2000,1.7940,2.3384,-0.0400,-0.0194,112.3304,62.1689,0.0000,0.1262,0.1262,0.0073,0.0000,0.0000,-0.0117,-0.0047,-0.0111
0.2000,1.7377,2.3545,-0.0483,-0.0194,112.1888,62.2750,0.0000,0.1308,0.1308,0.0006,0.0000,0.0000,-0.0117,-0.0047,-0.0174
0.2000,1.7619,2.3691,-0.0474,-0.0100,112.0380,62.3754,0.0000,0.1457,0.1457,-0.0107,0.0000,0.0000,-0.0060,-0.0024,-0.0224
0.2000,1.7539,2.3822,-0.0558,-0.0100,111.8866,62.4771,0.0000,0.1607,0.1607,-0.0131,0.0000,0.0000,-0.0060,-0.0024,-0.0184
0.1999,1.7945,2.3930,-0.0484,-0.0100,111.7379,62.5860,0.0000,0.1643,0.1643,-0.0234,0.0000,0.0000,-0.0060,-0.0024,-0.0258
0.1999,1.8058,2.4019,-0.0405,-0.0100,111.5923,62.6914,0.0000,0.1686,0.1686,-0.0331,0.0000,0.0000,-0.0060,-0.0024,-0.0319
0.1999,1.8261,2.4079,-0.0344,-0.0101,111.4481,62.8096,0.0000,0.1627,0.1627,-0.0271,0.0000,0.0000,-0.0061,-0.0024,-0.0383
0.1999,1.7798,2.4168,-0.0264,-0.0101,111.3109,62.9304,0.0000,0.1526,0.1526,-0.0384,0.0000,0.0000,-0.0061,-0.0024,-0.0478
0.1999,1.8483,2.4183,-0.0181,-0.0101,111.1754,63.0549,0.0000,0.1409,0.1409,-0.0429,0.0000,0.0000,-0.0061,-0.0024,-0.0447
0.2000,1.8126,2.4241,-0.0112,-0.0101,111.0402,63.1816,0.0000,0.1314,0.1314,-0.0419,0.0000,0.0000,-0.0061,-0.0024,-0.0346
0.2000,1.8253,2.4280,-0.0092,0.0003,110.9005,63.2964,0.0000,0.1368,0.1368,-0.0179,0.0000,0.0000,0.0002,0.0001,-0.0296
0.2000,1.8373,2.4300,-0.0176,0.0003,110.7653,63.4099,0.0000,0.1421,0.1421,-0.0172,0.0000,0.0000,0.0002,0.0001,-0.0241
0.2000,1.7924,2.4361,-0.0260,0.0003,110.6203,63.5278,0.0000,0.1529,0.1529,-0.0127,0.0000,0.0000,0.0002,0.0001,-0.0129
0.2000,1.7488,2.4425,-0.0344,0.0003,110.4796,63.6356,0.0000,0.1710,0.1710,-0.0063,0.0000,0.0000,0.0002,0.0001,-0.0063
0.2000,1.8537,2.4406,-0.0260,0.0144,110.3305,63.7543,0.0000,0.1731,0.1731,-0.0402,0.0000,0.0000,0.0087,0.0035,-0.0025
0.2000,1.7581,2.4465,-0.0176,0.0144,110.1859,63.8727,0.0000,0.1720,0.1720,-0.0491,0.0000,0.0000,0.0087,0.0035,-0.0100
0.2000,1.8877,2.4376,-0.0092,0.0144,110.0449,63.9975,0.0000,0.1577,0.1577,-0.0590,0.0000,0.0000,0.0087,0.0035,-0.0175
0.2000,1.8520,2.4410,-0.0133,0.0023,109.9078,64.1258,0.0000,0.1446,0.1446,-0.0372,0.0000,0.0000,0.0014,0.0006,-0.0246
0.1999,1.8671,2.4424,-0.0059,0.0023,109.7687,64.2534,0.0000,0.1420,0.1420,-0.0358,0.0000,0.0000,0.0014,0.0006,-0.0178
0.2000,1.8617,2.4443,-0.0143,0.0023,109.6250,64.3789,0.0000,0.1452,0.1452,-0.0330,0.0000,0.0000,0.0014,0.0006,-0.0099
0.1999,1.8712,2.4449,-0.0106,0.0023,109.4804,64.4978,0.0000,0.1532,0.1532,-0.0310,0.0000,0.0000,0.0014,0.0006,-0.0026
0.2000,1.8909,2.4424,-0.0022,0.0204,109.3269,64.6224,0.0000,0.1611,0.1611,-0.0344,0.0000,0.0000,0.0123,0.0049,-0.0051
0.1999,1.8556,2.4450,0.0007,0.0204,109.1792,64.7460,0.0000,0.1712,0.1712,-0.0295,0.0000,0.0000,0.0123,0.0049,0.0008
0.1911,1.9598,2.4268,0.0056,0.0204,109.0360,64.8590,0.0000,0.1756,0.1756,-0.0371,0.0000,0.0000,0.0123,0.0049,-0.0060
0.2000,1.9096,2.4226,0.0001,0.0204,108.8933,64.9782,0.0000,0.1832,0.1832,-0.0362,0.0000,0.0000,0.0123,0.0049,-0.0034
0.2000,1.8075,2.4303,-0.0023,0.0263,108.7519,65.0977,0.0000,0.1941,0.1941,-0.0164,0.0000,0.0000,0.0158,0.0063,0.0045
0.2000,1.8437,2.4352,-0.0107,0.0263,108.6170,65.2227,0.0000,0.1950,0.1950,-0.0141,0.0000,0.0000,0.0158,0.0063,0.0072
0.2000,1.8352,2.4403,-0.0191,0.0263,108.4693,65.3475,0.0000,0.2103,0.2103,-0.0058,0.0000,0.0000,0.0158,0.0063,0.0111
0.2000,1.8230,2.4456,-0.0275,0.0263,108.3226,65.4692,0.0000,0.2169,0.2169,-0.0114,0.0000,0.0000,0.0158,0.0063,0.0061
0.2002,1.9198,2.4375,-0.0191,0.0393,108.1765,65.5957,0.0000,0.2117,0.2117,-0.0491,0.0000,0.0000,0.0237,0.0095,0.0037
0.2000,1.8892,2.4360,-0.0108,0.0393,108.0364,65.7158,0.0000,0.2089,0.2089,-0.0556,0.0000,0.0000,0.0237,0.0095,-0.0032
0.2000,1.9152,2.4298,-0.0024,0.0393,107.8813,65.8407,0.0000,0.2118,0.2118,-0.0615,0.0000,0.0000,0.0237,0.0095,-0.0119
0.2000,1.8289,2.4359,-0.0042,0.0292,107.7311,65.9646,0.0000,0.2111,0.2111,-0.0859,0.0000,0.0000,0.0176,0.0070,-0.0194
0.1227,1.9741,2.4142,0.0042,0.0292,107.5922,66.0852,0.0000,0.2060,0.2060,-0.0798,0.0000,0.0000,0.0176,0.0070,-0.0113
0.2000,1.9287,2.4072,0.0126,0.0292,107.4505,66.2099,0.0000,0.2030,0.2030,-0.0774,0.0000,0.0000,0.0176,0.0070,-0.0030
0.2000,1.8240,2.4157,0.0210,0.0292,107.3170,66.3332,0.0000,0.2021,0.2021,-0.0712,0.0000,0.0000,0.0176,0.0070,0.0039
0.1999,1.8710,2.4192,0.0278,0.0276,107.1775,66.4543,0.0000,0.1888,0.1888,-0.1160,0.0000,0.0000,0.0166,0.0067,0.0033
0.1999,1.8022,2.4272,0.0362,0.0276,107.0395,66.5768,0.0000,0.1822,0.1822,-0.1114,0.0000,0.0000,0.0166,0.0067,0.0103
0.2000,1.8306,2.4334,0.0446,0.0276,106.9001,66.7032,0.0000,0.1693,0.1693,-0.1048,0.0000,0.0000,0.0166,0.0067,0.0180
0.2000,1.8294,2.4391,0.0529,0.0276,106.7349,66.8180,0.0000,0.1922,0.1922,-0.0883,0.0000,0.0000,0.0166,0.0067,0.0251
0.2000,1.8673,2.4407,0.0445,0.0110,106.5912,66.9332,0.0000,0.1891,0.1891,-0.0769,0.0000,0.0000,0.0066,0.0026,0.0319
0.0568,2.0049,2.4079,0.0362,0.0110,106.4420,67.0514,0.0000,0.1932,0.1932,-0.0623,0.0000,0.0000,0.0066,0.0026,0.0404
0.0568,1.8253,2.4164,0.0362,0.0110,106.3061,67.1665,0.0000,0.1949,0.1949,-0.0591,0.0000,0.0000,0.0066,0.0026,0.0483
0.1762,1.8908,2.4168,0.0366,0.0198,106.1522,67.2775,0.0000,0.2137,0.2137,-0.0256,0.0000,0.0000,0.0119,0.0048,0.0544
0.2000,1.7667,2.4251,0.0282,0.0198,105.9928,67.4021,0.0000,0.2199,0.2199,-0.0285,0.0000,0.0000,0.0119,0.0048,0.0475
0.2000,1.8884,2.4250,0.0198,0.0198,105.8436,67.5184,0.0000,0.2212,0.2212,-0.0293,0.0000,0.0000,0.0119,0.0048,0.0408
0.0841,2.0063,2.3933,0.0257,0.0340,105.6883,67.6235,0.0000,0.2481,0.2481,-0.0408,0.0000,0.0000,0.0205,0.0082,0.0396
0.0841,1.8764,2.3983,0.0257,0.0340,105.5297,67.7347,0.0000,0.2615,0.2615,-0.0401,0.0000,0.0000,0.0205,0.0082,0.0398
0.2000,1.8686,2.4038,0.0173,0.0340,105.3768,67.8522,0.0000,0.2595,0.2595,-0.0449,0.0000,0.0000,0.0205,0.0082,0.0325
0.2000,1.9213,2.3995,0.0089,0.0340,105.2145,67.9712,0.0000,0.2701,0.2701,-0.0394,0.0000,0.0000,0.0205,0.0082,0.0246
0.2000,1.9126,2.3975,0.0005,0.0275,105.0657,68.0889,0.0000,0.2670,0.2670,-0.0391,0.0000,0.0000,0.0166,0.0066,0.0290
0.1551,1.9997,2.3710,-0.0079,0.0275,104.9138,68.2120,0.0000,0.2673,0.2673,-0.0315,0.0000,0.0000,0.0166,0.0066,0.0292
0.1551,1.8800,2.3776,-0.0079,0.0275,104.7577,68.3246,0.0000,0.2760,0.2760,-0.0338,0.0000,0.0000,0.0166,0.0066,0.0222
0.2000,1.9400,2.3715,-0.0163,0.0275,104.5979,68.4491,0.0000,0.2698,0.2698,-0.0399,0.0000,0.0000,0.0166,0.0066,0.0149
0.2000,1.9095,2.3729,-0.0079,0.0343,104.4482,68.5712,0.0000,0.2563,0.2563,-0.0910,0.0000,0.0000,0.0206,0.0083,0.0091
0.0027,2.0084,2.3456,0.0003,0.0343,104.3012,68.6918,0.0000,0.2332,0.2332,-0.0975,0.0000,0.0000,0.0206,0.0083,0.0001
0.2000,1.9150,2.3485,0.0087,0.0343,104.1306,68.7943,0.0000,0.2537,0.2537,-0.0956,0.0000,0.0000,0.0206,0.0083,-0.0009
0.2000,1.8848,2.3567,0.0171,0.0343,103.9731,68.9005,0.0000,0.2552,0.2552,-0.1010,0.0000,0.0000,0.0206,0.0083,-0.0082
0.1775,1.9751,2.3426,0.0087,0.0172,103.8274,69.0217,0.0000,0.2414,0.2414,-0.0703,0.0000,0.0000,0.0104,0.0041,-0.0018
0.1775,1.8837,2.3515,0.0055,0.0172,103.6797,69.1404,0.0000,0.2404,0.2404,-0.0649,0.0000,0.0000,0.0104,0.0041,0.0059
0.2000,1.8790,2.3602,-0.0029,0.0172,103.5075,69.2384,0.0000,0.2758,0.2758,-0.0510,0.0000,0.0000,0.0104,0.0041,0.0133
0.1999,1.8786,2.3682,0.0055,0.0374,103.3529,69.3532,0.0000,0.2726,0.2726,-0.0912,0.0000,0.0000,0.0225,0.0090,0.0206
0.1726,1.9737,2.3534,0.0139,0.0374,103.1871,69.4685,0.0000,0.2688,0.2688,-0.0900,0.0000,0.0000,0.0225,0.0090,0.0146
0.2000,1.9082,2.3569,0.0222,0.0374,103.0296,69.5846,0.0000,0.2600,0.2600,-0.0959,0.0000,0.0000,0.0225,0.0090,0.0114
0.1249,2.0042,2.3328,0.0165,0.0233,102.8813,69.7111,0.0000,0.2322,0.2322,-0.1083,0.0000,0.0000,0.0140,0.0056,0.0046
0.2000,1.9386,2.3315,0.0249,0.0233,102.7243,69.8332,0.0000,0.2246,0.2246,-0.1035,0.0000,0.0000,0.0140,0.0056,0.0106
0.2000,1.9335,2.3316,0.0333,0.0233,102.5739,69.9376,0.0000,0.2266,0.2266,-0.0962,0.0000,0.0000,0.0140,0.0056,0.0179
0.2000,1.9723,2.3209,0.0250,0.0233,102.3949,70.0369,0.0000,0.2545,0.2545,-0.0807,0.0000,0.0000,0.0140,0.0056,0.0254
0.2000,1.8162,2.3384,0.0250,0.0251,102.2344,70.1531,0.0000,0.2504,0.2504,-0.0840,0.0000,0.0000,0.0151,0.0061,0.0214
-0.2000,2.0397,2.3020,0.0270,0.0251,102.0786,70.2699,0.0000,0.2347,0.2347,-0.0776,0.0000,0.0000,0.0151,0.0061,0.0262
0.2000,1.9638,2.2968,0.0187,0.0251,101.9211,70.3721,0.0000,0.2511,0.2511,-0.0651,0.0000,0.0000,0.0151,0.0061,0.0342
0.2000,1.9314,2.3009,0.0103,0.0251,101.7582,70.4747,0.0000,0.2613,0.2613,-0.0626,0.0000,0.0000,0.0151,0.0061,0.0314
0.2000,1.8666,2.3164,0.0187,0.0333,101.6020,70.5828,0.0000,0.2572,0.2572,-0.0835,0.0000,0.0000,0.0201,0.0080,0.0291
0.2000,1.9111,2.3230,0.0263,0.0333,101.4520,70.6978,0.0000,0.2435,0.2435,-0.0792,0.0000,0.0000,0.0201,0.0080,0.0308
0.2000,1.8820,2.3341,0.0179,0.0333,101.2790,70.7859,0.0000,0.2730,0.2730,-0.0712,0.0000,0.0000,0.0201,0.0080,0.0279
0.1999,1.8757,2.3451,0.0257,0.0333,101.1253,70.8898,0.0000,0.2634,0.2634,-0.0803,0.0000,0.0000,0.0201,0.0080,0.0186
0.2000,1.9348,2.3545,0.0236,0.0317,100.9549,71.0092,0.0000,0.2600,0.2600,-0.0732,0.0000,0.0000,0.0191,0.0076,0.0212
0.2000,1.8381,2.3691,0.0152,0.0317,100.7860,71.1218,0.0000,0.2658,0.2658,-0.0660,0.0000,0.0000,0.0191,0.0076,0.0283
-0.0141,2.0648,2.3423,0.0068,0.0317,100.6222,71.2398,0.0000,0.2464,0.2464,-0.0663,0.0000,0.0000,0.0191,0.0076,0.0259
0.2000,2.0133,2.3351,0.0152,0.0385,100.4627,71.3457,0.0000,0.2504,0.2504,-0.0742,0.0000,0.0000,0.0232,0.0093,0.0256
0.2000,2.0020,2.3318,0.0228,0.0385,100.3020,71.4442,0.0000,0.2517,0.2517,-0.0742,0.0000,0.0000,0.0232,0.0093,0.0279
0.2000,1.9008,2.3466,0.0264,0.0385,100.1512,71.5324,0.0000,0.2637,0.2637,-0.0725,0.0000,0.0000,0.0232,0.0093,0.0245
0.2000,1.8682,2.3617,0.0318,0.0385,100.0062,71.6365,0.0000,0.2537,0.2537,-0.0748,0.0000,0.0000,0.0232,0.0093,0.0158
0.2000,1.7350,2.3755,0.0402,0.0390,99.8342,71.7462,0.0000,0.2580,0.2580,-0.1005,0.0000,0.0000,0.0235,0.0094,0.0181
0.2000,1.7705,2.3880,0.0486,0.0390,99.6766,71.8511,0.0000,0.2457,0.2457,-0.0979,0.0000,0.0000,0.0235,0.0094,0.0241
0.2000,2.0233,2.3982,0.0455,0.0390,99.5196,71.9650,0.0000,0.2235,0.2235,-0.0850,0.0000,0.0000,0.0235,0.0094,0.0297
0.2000,1.8775,2.4084,0.0470,0.0321,99.3571,72.0649,0.0000,0.2266,0.2266,-0.0943,0.0000,0.0000,0.0194,0.0077,0.0347
0.2000,1.9234,2.4176,0.0386,0.0321,99.1986,72.1644,0.0000,0.2274,0.2274,-0.0805,0.0000,0.0000,0.0194,0.0077,0.0407
0.2000,1.8595,2.4258,0.0303,0.0321,99.0372,72.2605,0.0000,0.2348,0.2348,-0.0695,0.0000,0.0000,0.0194,0.0077,0.0494
0.2000,1.8595,2.4332,0.0219,0.0321,98.8672,72.3542,0.0000,0.2420,0.2420,-0.0646,0.0000,0.0000,0.0194,0.0077,0.0491
0.2000,1.8649,2.4399,0.0162,0.0349,98.6973,72.4447,0.0000,0.2517,0.2517,-0.0565,0.0000,0.0000,0.0210,0.0084,0.0501
0.2000,1.9275,2.4459,0.0144,0.0349,98.5327,72.5317,0.0000,0.2586,0.2586,-0.0546,0.0000,0.0000,0.0210,0.0084,0.0445
0.2000,1.9109,2.4513,0.0163,0.0349,98.3731,72.6315,0.0000,0.2503,0.2503,-0.0574,0.0000,0.0000,0.0210,0.0084,0.0410
0.2000,1.8487,2.4562,0.0179,0.0349,98.2044,72.7325,0.0000,0.2519,0.2519,-0.0565,0.0000,0.0000,0.0210,0.0084,0.0325
0.1999,1.8658,2.4606,0.0263,0.0436,98.0409,72.8216,0.0000,0.2471,0.2471,-0.0919,0.0000,0.0000,0.0263,0.0105,0.0230
0.2000,1.9512,2.4645,0.0347,0.0436,97.8711,72.9138,0.0000,0.2483,0.2483,-0.0858,0.0000,0.0000,0.0263,0.0105,0.0196
0.2000,1.8464,2.4681,0.0431,0.0436,97.7148,73.0151,0.0000,0.2362,0.2362,-0.0875,0.0000,0.0000,0.0263,0.0105,0.0199
0.1999,1.9185,2.4713,0.0453,0.0375,97.5538,73.1079,0.0000,0.2343,0.2343,-0.0945,0.0000,0.0000,0.0226,0.0090,0.0214
0.2000,1.8463,2.4741,0.0535,0.0375,97.3919,73.2001,0.0000,0.2307,0.2307,-0.0931,0.0000,0.0000,0.0226,0.0090,0.0249
0.2000,1.8455,2.4767,0.0451,0.0375,97.2275,73.2875,0.0000,0.2395,0.2395,-0.0791,0.0000,0.0000,0.0226,0.0090,0.0315
0.2000,1.8481,2.4790,0.0367,0.0375,97.0678,73.3732,0.0000,0.2391,0.2391,-0.0733,0.0000,0.0000,0.0226,0.0090,0.0411
0.2000,1.8506,2.4811,0.0375,0.0377,96.8986,73.4596,0.0000,0.2500,0.2500,-0.0780,0.0000,0.0000,0.0227,0.0091,0.0476
0.2000,1.7974,2.4830,0.0291,0.0377,96.7286,73.5470,0.0000,0.2563,0.2563,-0.0692,0.0000,0.0000,0.0227,0.0091,0.0508
0.2000,1.8889,2.4847,0.0207,0.0377,96.5651,73.6248,0.0000,0.2561,0.2561,-0.0660,0.0000,0.0000,0.0227,0.0091,0.0549
0.1999,1.8994,2.4863,0.0240,0.0377,96.3978,73.7006,0.0000,0.2682,0.2682,-0.0610,0.0000,0.0000,0.0227,0.0091,0.0471
0.1999,1.7949,2.4876,0.0299,0.0361,96.2326,73.7804,0.0000,0.2701,0.2701,-0.0782,0.0000,0.0000,0.0218,0.0087,0.0410
0.2000,1.8275,2.4889,0.0345,0.0361,96.0618,73.8664,0.0000,0.2656,0.2656,-0.0779,0.0000,0.0000,0.0218,0.0087,0.0367
0.2000,1.8188,2.4900,0.0261,0.0361,95.8957,73.9562,0.0000,0.2624,0.2624,-0.0734,0.0000,0.0000,0.0218,0.0087,0.0290
0.1999,1.8965,2.4910,0.0333,0.0361,95.7346,74.0474,0.0000,0.2460,0.2460,-0.0738,0.0000,0.0000,0.0218,0.0087,0.0271
0.2000,1.8747,2.4919,0.0376,0.0383,95.5591,74.1256,0.0000,0.2582,0.2582,-0.0782,0.0000,0.0000,0.0231,0.0092,0.0311
0.2000,1.8353,2.4927,0.0292,0.0383,95.3852,74.1974,0.0000,0.2715,0.2715,-0.0720,0.0000,0.0000,0.0231,0.0092,0.0363
0.2000,1.9101,2.4934,0.0208,0.0383,95.1981,74.2728,0.0000,0.2814,0.2814,-0.0681,0.0000,0.0000,0.0231,0.0092,0.0350
0.2000,1.8680,2.4941,0.0241,0.0375,95.0344,74.3434,0.0000,0.2907,0.2907,-0.0768,0.0000,0.0000,0.0226,0.0090,0.0315
0.2000,2.0023,2.4947,0.0277,0.0375,94.8681,74.4287,0.0000,0.2759,0.2759,-0.0722,0.0000,0.0000,0.0226,0.0090,0.0394
0.2000,1.7707,2.4945,0.0194,0.0375,94.6861,74.4966,0.0000,0.3029,0.3029,-0.0679,0.0000,0.0000,0.0226,0.0090,0.0369
0.1999,1.8533,2.4950,0.0248,0.0375,94.5210,74.5708,0.0000,0.2964,0.2964,-0.0721,0.0000,0.0000,0.0226,0.0090,0.0291
0.2000,1.9330,2.4946,0.0324,0.0382,94.3381,74.6452,0.0000,0.3036,0.3036,-0.0911,0.0000,0.0000,0.0230,0.0092,0.0275
0.2000,1.7938,2.4919,0.0363,0.0382,94.1578,74.7156,0.0000,0.3131,0.3131,-0.0918,0.0000,0.0000,0.0230,0.0092,0.0304
0.2000,1.9627,2.4899,0.0279,0.0382,93.9801,74.7899,0.0000,0.3110,0.3110,-0.0838,0.0000,0.0000,0.0230,0.0092,0.0288
0.2000,1.9188,2.4910,0.0287,0.0306,93.8047,74.8814,0.0000,0.2933,0.2933,-0.1112,0.0000,0.0000,0.0185,0.0074,0.0264
0.2000,1.9138,2.4919,0.0359,0.0306,93.6311,74.9681,0.0000,0.2851,0.2851,-0.0991,0.0000,0.0000,0.0185,0.0074,0.0299
0.2000,1.9611,2.4927,0.0378,0.0306,93.4520,75.0378,0.0000,0.2839,0.2839,-0.0937,0.0000,0.0000,0.0185,0.0074,0.0385
0.2000,1.9258,2.4934,0.0294,0.0306,93.2877,75.1049,0.0000,0.2889,0.2889,-0.0867,0.0000,0.0000,0.0185,0.0074,0.0373
0.2000,1.9055,2.4939,0.0210,0.0228,93.1089,75.1673,0.0000,0.3008,0.3008,-0.0668,0.0000,0.0000,0.0137,0.0055,0.0326
0.2000,1.7638,2.4915,0.0126,0.0228,92.9299,75.2385,0.0000,0.3119,0.3119,-0.0604,0.0000,0.0000,0.0137,0.0055,0.0372
0.2000,1.8815,2.4871,0.0042,0.0228,92.7426,75.3056,0.0000,0.3209,0.3209,-0.0526,0.0000,0.0000,0.0137,0.0055,0.0411
0.2000,1.9125,2.4811,-0.0041,0.0228,92.5660,75.3686,0.0000,0.3293,0.3293,-0.0518,0.0000,0.0000,0.0137,0.0055,0.0352
0.2000,1.9755,2.4770,0.0043,0.0352,92.3767,75.4379,0.0000,0.3239,0.3239,-0.0860,0.0000,0.0000,0.0212,0.0085,0.0293
0.2000,1.8609,2.4740,0.0127,0.0352,92.1971,75.5078,0.0000,0.3214,0.3214,-0.0941,0.0000,0.0000,0.0212,0.0085,0.0189
0.2000,1.9974,2.4763,0.0211,0.0352,92.0205,75.5850,0.0000,0.3010,0.3010,-0.0982,0.0000,0.0000,0.0212,0.0085,0.0112
0.2000,1.9097,2.4777,0.0197,0.0254,91.8396,75.6572,0.0000,0.3041,0.3041,-0.1189,0.0000,0.0000,0.0153,0.0061,0.0046
0.2000,1.9117,2.4799,0.0281,0.0254,91.6584,75.7358,0.0000,0.2878,0.2878,-0.1176,0.0000,0.0000,0.0153,0.0061,0.0098
0.2000,1.9340,2.4819,0.0347,0.0254,91.4870,75.7996,0.0000,0.2929,0.2929,-0.1033,0.0000,0.0000,0.0153,0.0061,0.0180
0.2000,1.9575,2.4837,0.0264,0.0254,91.3172,75.8554,0.0000,0.2968,0.2968,-0.0978,0.0000,0.0000,0.0153,0.0061,0.0248
0.2000,1.8188,2.4845,0.0258,0.0165,91.1382,75.9153,0.0000,0.3035,0.3035,-0.1106,0.0000,0.0000,0.0099,0.0040,0.0259
0.2000,1.7721,2.4851,0.0174,0.0165,90.9691,75.9832,0.0000,0.3037,0.3037,-0.0982,0.0000,0.0000,0.0099,0.0040,0.0335
0.2000,1.8714,2.4866,0.0190,0.0165,90.7825,76.0538,0.0000,0.2940,0.2940,-0.0920,0.0000,0.0000,0.0099,0.0040,0.0365
0.2000,1.8095,2.4880,0.0213,0.0165,90.6021,76.1245,0.0000,0.2890,0.2890,-0.0911,0.0000,0.0000,0.0099,0.0040,0.0301
0.2000,1.9796,2.4846,0.0251,0.0119,90.4148,76.2068,0.0000,0.2585,0.2585,-0.1111,0.0000,0.0000,0.0072,0.0029,0.0293
0.2000,1.9221,2.4860,0.0335,0.0119,90.2355,76.2795,0.0000,0.2452,0.2452,-0.1121,0.0000,0.0000,0.0072,0.0029,0.0227
0.2000,2.0288,2.4745,0.0419,0.0119,90.0490,76.3395,0.0000,0.2351,0.2351,-0.1118,0.0000,0.0000,0.0072,0.0029,0.0237
0.2000,1.9189,2.4769,0.0335,0.0009,89.8717,76.4003,0.0000,0.2423,0.2423,-0.0918,0.0000,0.0000,0.0006,0.0002,0.0256
0.2000,1.9423,2.4782,0.0251,0.0009,89.6946,76.4589,0.0000,0.2444,0.2444,-0.0845,0.0000,0.0000,0.0006,0.0002,0.0298
0.2000,1.8617,2.4804,0.0167,0.0009,89.5210,76.5209,0.0000,0.2470,0.2470,-0.0765,0.0000,0.0000,0.0006,0.0002,0.0379
0.2000,1.8512,2.4823,0.0083,0.0009,89.3462,76.5780,0.0000,0.2520,0.2520,-0.0679,0.0000,0.0000,0.0006,0.0002,0.0449
0.2000,1.8297,2.4841,0.0088,0.0074,89.1643,76.6402,0.0000,0.2443,0.2443,-0.0840,0.0000,0.0000,0.0045,0.0018,0.0371
0.2000,1.8249,2.4857,0.0104,0.0074,88.9869,76.6999,0.0000,0.2450,0.2450,-0.0799,0.0000,0.0000,0.0045,0.0018,0.0289
0.2000,1.9061,2.4871,0.0136,0.0074,88.8098,76.7476,0.0000,0.2470,0.2470,-0.0823,0.0000,0.0000,0.0045,0.0018,0.0210
0.2000,1.8589,2.4884,0.0198,0.0074,88.6230,76.7949,0.0000,0.2538,0.2538,-0.0891,0.0000,0.0000,0.0045,0.0018,0.0143
0.2000,1.8195,2.4896,0.0217,0.0029,88.4478,76.8563,0.0000,0.2525,0.2525,-0.0909,0.0000,0.0000,0.0018,0.0007,0.0148
0.2000,1.9082,2.4906,0.0133,0.0029,88.2752,76.9121,0.0000,0.2415,0.2415,-0.0928,0.0000,0.0000,0.0018,0.0007,0.0163
0.2000,1.8427,2.4916,0.0064,0.0029,88.1030,76.9751,0.0000,0.2411,0.2411,-0.0837,0.0000,0.0000,0.0018,0.0007,0.0191
0.2000,1.7979,2.4924,0.0089,0.0029,87.9239,77.0249,0.0000,0.2455,0.2455,-0.0831,0.0000,0.0000,0.0018,0.0007,0.0247
0.2000,1.8198,2.4932,0.0005,-0.0011,87.7492,77.0755,0.0000,0.2524,0.2524,-0.0779,0.0000,0.0000,-0.0006,-0.0003,0.0255
0.2000,1.8420,2.4938,0.0021,-0.0011,87.5765,77.1338,0.0000,0.2436,0.2436,-0.0802,0.0000,0.0000,-0.0006,-0.0003,0.0182
0.2000,1.8073,2.4945,0.0047,-0.0011,87.4019,77.1917,0.0000,0.2390,0.2390,-0.0814,0.0000,0.0000,-0.0006,-0.0003,0.0129
0.2000,1.8077,2.4950,0.0119,-0.0011,87.2244,77.2481,0.0000,0.2310,0.2310,-0.0851,0.0000,0.0000,-0.0006,-0.0003,0.0144
0.2000,1.8239,2.4955,0.0035,-0.0040,87.0551,77.3074,0.0000,0.2262,0.2262,-0.0718,0.0000,0.0000,-0.0024,-0.0010,0.0078
0.2000,1.8452,2.4960,-0.0049,-0.0040,86.8710,77.3688,0.0000,0.2178,0.2178,-0.0746,0.0000,0.0000,-0.0024,-0.0010,0.0085
0.2000,1.7799,2.4964,-0.0132,-0.0040,86.6898,77.4316,0.0000,0.2201,0.2201,-0.0662,0.0000,0.0000,-0.0024,-0.0010,0.0109
0.2000,1.9229,2.4965,-0.0048,0.0013,86.5261,77.4886,0.0000,0.2103,0.2103,-0.0787,0.0000,0.0000,0.0008,0.0003,0.0169
0.2000,1.9036,2.4969,0.0036,0.0013,86.3622,77.5452,0.0000,0.1998,0.1998,-0.0826,0.0000,0.0000,0.0008,0.0003,0.0106
0.2000,1.7188,2.4972,0.0120,0.0013,86.1833,77.5914,0.0000,0.2049,0.2049,-0.0937,0.0000,0.0000,0.0008,0.0003,0.0034
0.2000,1.7189,2.4975,0.0204,0.0013,86.0056,77.6394,0.0000,0.2102,0.2102,-0.0928,0.0000,0.0000,0.0008,0.0003,-0.0045
0.2000,1.8281,2.4977,0.0175,-0.0086,85.8371,77.6913,0.0000,0.2030,0.2030,-0.0865,0.0000,0.0000,-0.0052,-0.0021,0.0020
0.2000,1.8278,2.4980,0.0202,-0.0086,85.6567,77.7385,0.0000,0.2069,0.2069,-0.0856,0.0000,0.0000,-0.0052,-0.0021,0.0095
0.2000,1.7479,2.4982,0.0118,-0.0086,85.4752,77.7887,0.0000,0.2216,0.2216,-0.0736,0.0000,0.0000,-0.0052,-0.0021,0.0168
0.2000,1.8471,2.4983,0.0034,-0.0086,85.3012,77.8363,0.0000,0.2257,0.2257,-0.0656,0.0000,0.0000,-0.0052,-0.0021,0.0243
0.2000,1.8723,2.4985,-0.0050,-0.0089,85.1265,77.8898,0.0000,0.2265,0.2265,-0.0449,0.0000,0.0000,-0.0054,-0.0021,0.0224
0.2000,1.7898,2.4987,-0.0134,-0.0089,84.9553,77.9522,0.0000,0.2220,0.2220,-0.0420,0.0000,0.0000,-0.0054,-0.0021,0.0247
0.2000,1.8124,2.4988,-0.0218,-0.0089,84.7789,78.0053,0.0000,0.2183,0.2183,-0.0491,0.0000,0.0000,-0.0054,-0.0021,0.0179
0.2000,1.8069,2.4989,-0.0302,-0.0089,84.6120,78.0550,0.0000,0.2222,0.2222,-0.0492,0.0000,0.0000,-0.0054,-0.0021,0.0105
0.2000,1.8253,2.4990,-0.0218,0.0003,84.4300,78.1130,0.0000,0.2105,0.2105,-0.0725,0.0000,0.0000,0.0002,0.0001,0.0031
0.2000,1.7276,2.4991,-0.0134,0.0003,84.2602,78.1684,0.0000,0.2087,0.2087,-0.0753,0.0000,0.0000,0.0002,0.0001,-0.0046
0.2000,1.8931,2.4992,-0.0050,0.0003,84.0887,78.2140,0.0000,0.1988,0.1988,-0.0872,0.0000,0.0000,0.0002,0.0001,-0.0127
0.2000,1.7708,2.4993,0.0034,0.0003,83.9082,78.2703,0.0000,0.1957,0.1957,-0.0953,0.0000,0.0000,0.0002,0.0001,-0.0204
0.2000,1.7566,2.4994,0.0060,-0.0054,83.7370,78.3279,0.0000,0.1947,0.1947,-0.0800,0.0000,0.0000,-0.0033,-0.0013,-0.0145
0.2000,1.8727,2.4994,0.0131,-0.0054,83.5566,78.3823,0.0000,0.1894,0.1894,-0.0798,0.0000,0.0000,-0.0033,-0.0013,-0.0060
0.2000,1.7920,2.4995,0.0047,-0.0054,83.3756,78.4326,0.0000,0.2038,0.2038,-0.0709,0.0000,0.0000,-0.0033,-0.0013,0.0017
0.2000,1.8664,2.4995,0.0131,-0.0006,83.1964,78.4949,0.0000,0.1966,0.1966,-0.0755,0.0000,0.0000,-0.0003,-0.0001,0.0091
0.2000,1.8652,2.4996,0.0190,-0.0006,83.0185,78.5505,0.0000,0.1924,0.1924,-0.0763,0.0000,0.0000,-0.0003,-0.0001,0.0121
0.2000,1.8814,2.4996,0.0106,-0.0006,82.8395,78.6088,0.0000,0.1940,0.1940,-0.0670,0.0000,0.0000,-0.0003,-0.0001,0.0181
0.2000,1.8469,2.4997,0.0136,-0.0006,82.6499,78.6620,0.0000,0.1949,0.1949,-0.0724,0.0000,0.0000,-0.0003,-0.0001,0.0118
-0.0003,1.8679,2.4597,0.0052,-0.0055,82.4743,78.7208,0.0000,0.1962,0.1962,-0.0574,0.0000,0.0000,-0.0033,-0.0013,0.0177
0.1997,1.9517,2.4197,-0.0032,-0.0055,82.3078,78.7794,0.0000,0.1897,0.1897,-0.0513,0.0000,0.0000,-0.0033,-0.0013,0.0236
0.2003,1.8378,2.3797,-0.0115,-0.0055,82.1167,78.8295,0.0000,0.1971,0.1971,-0.0570,0.0000,0.0000,-0.0033,-0.0013,0.0172
0.2003,1.7506,2.3917,-0.0115,-0.0055,81.9316,78.8783,0.0000,0.2113,0.2113,-0.0514,0.0000,0.0000,-0.0033,-0.0013,0.0190
-0.1201,1.9580,2.3517,-0.0178,-0.0036,81.7559,78.9300,0.0000,0.2091,0.2091,-0.0345,0.0000,0.0000,-0.0022,-0.0009,0.0135
0.0141,1.9011,2.3117,-0.0262,-0.0036,81.5877,78.9833,0.0000,0.2078,0.2078,-0.0403,0.0000,0.0000,-0.0022,-0.0009,0.0063
0.0853,1.8158,2.2717,-0.0296,-0.0036,81.4167,79.0463,0.0000,0.1998,0.1998,-0.0452,0.0000,0.0000,-0.0022,-0.0009,-0.0011
0.1602,1.7492,2.2317,-0.0341,-0.0036,81.2361,79.0974,0.0000,0.2026,0.2026,-0.0524,0.0000,0.0000,-0.0022,-0.0009,-0.0033
-0.0049,1.8064,2.1917,-0.0257,0.0066,81.0692,79.1496,0.0000,0.1991,0.1991,-0.0658,0.0000,0.0000,0.0040,0.0016,-0.0082
-0.2001,1.8582,2.1517,-0.0173,0.0066,80.8943,79.2024,0.0000,0.1911,0.1911,-0.0766,0.0000,0.0000,0.0040,0.0016,-0.0146
-0.1281,1.7334,2.1117,-0.0090,0.0066,80.7201,79.2640,0.0000,0.1833,0.1833,-0.0843,0.0000,0.0000,0.0040,0.0016,-0.0204
-0.2000,1.8093,2.0717,-0.0006,0.0066,80.5402,79.3183,0.0000,0.1761,0.1761,-0.0925,0.0000,0.0000,0.0040,0.0016,-0.0250
-0.2000,1.8316,2.0317,0.0038,0.0026,80.3676,79.3834,0.0000,0.1672,0.1672,-0.0888,0.0000,0.0000,0.0016,0.0006,-0.0204
-0.2000,1.8604,1.9917,0.0121,0.0026,80.2067,79.4428,0.0000,0.1586,0.1586,-0.0849,0.0000,0.0000,0.0016,0.0006,-0.0113
-0.2000,1.8298,1.9517,0.0205,0.0026,80.0360,79.5146,0.0000,0.1403,0.1403,-0.0854,0.0000,0.0000,0.0016,0.0006,-0.0058
0.0751,1.6998,1.9242,0.0234,0.0026,79.8598,79.5836,0.0000,0.1377,0.1377,-0.0773,0.0000,0.0000,0.0016,0.0006,0.0017
-0.2000,1.8368,1.8842,0.0214,0.0021,79.6761,79.6446,0.0000,0.1365,0.1365,-0.0560,0.0000,0.0000,0.0013,0.0005,0.0088
-0.2000,1.8760,1.8442,0.0164,0.0021,79.5110,79.6957,0.0000,0.1422,0.1422,-0.0508,0.0000,0.0000,0.0013,0.0005,0.0121
-0.2000,1.9197,1.8042,0.0099,0.0021,79.3459,79.7561,0.0000,0.1400,0.1400,-0.0439,0.0000,0.0000,0.0013,0.0005,0.0192
-0.2000,1.7150,1.7642,0.0103,0.0110,79.1676,79.8042,0.0000,0.1584,0.1584,-0.0593,0.0000,0.0000,0.0066,0.0027,0.0271
-0.2000,1.7438,1.7242,0.0110,0.0110,78.9944,79.8519,0.0000,0.1649,0.1649,-0.0566,0.0000,0.0000,0.0066,0.0027,0.0267
-0.2000,1.8325,1.6842,0.0174,0.0110,78.8208,79.9061,0.0000,0.1583,0.1583,-0.0603,0.0000,0.0000,0.0066,0.0027,0.0229
-0.2000,1.8019,1.6442,0.0201,0.0110,78.6528,79.9688,0.0000,0.1523,0.1523,-0.0576,0.0000,0.0000,0.0066,0.0027,0.0182
-0.2000,1.8019,1.6042,0.0194,0.0020,78.4872,80.0217,0.0000,0.1509,0.1509,-0.0677,0.0000,0.0000,0.0012,0.0005,0.0161
-0.2000,1.7787,1.5642,0.0216,0.0020,78.3278,80.0746,0.0000,0.1484,0.1484,-0.0650,0.0000,0.0000,0.0012,0.0005,0.0164
-0.2000,1.7242,1.5242,0.0211,0.0020,78.1797,80.1246,0.0000,0.1461,0.1461,-0.0617,0.0000,0.0000,0.0012,0.0005,0.0201
-0.2000,1.6666,1.4984,0.0152,0.0020,78.0225,80.1693,0.0000,0.1517,0.1517,-0.0582,0.0000,0.0000,0.0012,0.0005,0.0243
0.1418,1.5497,1.5152,0.0068,0.0020,77.8926,80.2001,0.0000,0.1661,0.1661,-0.0540,0.0000,0.0000,0.0012,0.0005,0.0246
-0.1374,1.6216,1.5182,-0.0016,-0.0036,77.7508,80.2438,0.0000,0.1629,0.1629,-0.0449,0.0000,0.0000,-0.0022,-0.0009,0.0250
0.2000,1.3266,1.5382,-0.0100,-0.0036,77.6084,80.2670,0.0000,0.1898,0.1898,-0.0453,0.0000,0.0000,-0.0022,-0.0009,0.0261
0.2000,1.4709,1.5511,-0.0184,-0.0036,77.4806,80.2875,0.0000,0.2069,0.2069,-0.0409,0.0000,0.0000,-0.0022,-0.0009,0.0224
0.2000,1.4323,1.5627,-0.0268,-0.0036,77.3347,80.3184,0.0000,0.2173,0.2173,-0.0468,0.0000,0.0000,-0.0022,-0.0009,0.0170
0.2000,1.2877,1.5827,-0.0351,-0.0036,77.2067,80.3625,0.0000,0.2138,0.2138,-0.0516,0.0000,0.0000,-0.0022,-0.0009,0.0098
0.1999,1.4767,1.5911,-0.0435,-0.0036,77.0820,80.4042,0.0000,0.2030,0.2030,-0.0555,0.0000,0.0000,-0.0022,-0.0009,0.0022
0.2000,1.3420,1.5987,-0.0393,0.0023,76.9576,80.4378,0.0000,0.2079,0.2079,-0.0596,0.0000,0.0000,0.0014,0.0005,-0.0056
0.2000,1.3038,1.6055,-0.0310,0.0023,76.8468,80.4753,0.0000,0.2013,0.2013,-0.0673,0.0000,0.0000,0.0014,0.0005,-0.0138
0.2000,1.2763,1.6255,-0.0226,0.0023,76.7313,80.5145,0.0000,0.1951,0.1951,-0.0741,0.0000,0.0000,0.0014,0.0005,-0.0220
0.2000,1.1596,1.6455,-0.0142,0.0023,76.6148,80.5512,0.0000,0.1945,0.1945,-0.0810,0.0000,0.0000,0.0014,0.0005,-0.0298
0.2000,1.2083,1.6655,-0.0058,0.0023,76.5056,80.5986,0.0000,0.1777,0.1777,-0.0839,0.0000,0.0000,0.0014,0.0005,-0.0313
0.2000,1.2101,1.6855,0.0026,0.0023,76.3926,80.6292,0.0000,0.1824,0.1824,-0.0815,0.0000,0.0000,0.0014,0.0005,-0.0277
0.2000,1.1807,1.7055,0.0110,0.0023,76.2746,80.6731,0.0000,0.1725,0.1725,-0.0856,0.0000,0.0000,0.0014,0.0005,-0.0187
0.2000,1.1611,1.7255,0.0191,0.0041,76.1614,80.7069,0.0000,0.1788,0.1788,-0.0717,0.0000,0.0000,0.0025,0.0010,-0.0103
0.1413,1.2481,1.7196,0.0269,0.0041,76.0369,80.7497,0.0000,0.1685,0.1685,-0.0754,0.0000,0.0000,0.0025,0.0010,-0.0021
0.1999,1.1746,1.7396,0.0228,0.0041,75.9162,80.7924,0.0000,0.1693,0.1693,-0.0686,0.0000,0.0000,0.0025,0.0010,0.0053
0.1272,1.3047,1.7324,0.0148,0.0041,75.7920,80.8279,0.0000,0.1698,0.1698,-0.0637,0.0000,0.0000,0.0025,0.0010,0.0128
0.2000,1.2703,1.7258,0.0064,0.0041,75.6707,80.8689,0.0000,0.1710,0.1710,-0.0569,0.0000,0.0000,0.0025,0.0010,0.0196
0.2000,1.2816,1.7199,0.0028,0.0089,75.5475,80.9024,0.0000,0.1766,0.1766,-0.0586,0.0000,0.0000,0.0054,0.0022,0.0276
0.2000,1.2701,1.7146,-0.0056,0.0089,75.4041,80.9442,0.0000,0.1755,0.1755,-0.0629,0.0000,0.0000,0.0054,0.0022,0.0299
0.2000,1.2667,1.7098,-0.0096,0.0089,75.2744,80.9842,0.0000,0.1777,0.1777,-0.0591,0.0000,0.0000,0.0054,0.0022,0.0263
0.2000,1.4788,1.7055,-0.0039,0.0089,75.1429,81.0234,0.0000,0.1684,0.1684,-0.0636,0.0000,0.0000,0.0054,0.0022,0.0201
0.2000,1.3484,1.7017,-0.0021,0.0089,75.0079,81.0675,0.0000,0.1722,0.1722,-0.0621,0.0000,0.0000,0.0054,0.0022,0.0114
0.2000,1.3585,1.6982,0.0005,0.0088,74.8856,81.1048,0.0000,0.1704,0.1704,-0.0644,0.0000,0.0000,0.0053,0.0021,0.0068
0.2000,1.4099,1.6951,0.0021,0.0088,74.7515,81.1475,0.0000,0.1672,0.1672,-0.0651,0.0000,0.0000,0.0053,0.0021,0.0001
0.2000,1.2671,1.6922,0.0091,0.0088,74.6182,81.1916,0.0000,0.1638,0.1638,-0.0720,0.0000,0.0000,0.0053,0.0021,0.0011
0.2000,1.3964,1.6897,0.0096,0.0088,74.4931,81.2263,0.0000,0.1653,0.1653,-0.0667,0.0000,0.0000,0.0053,0.0021,0.0044
0.2000,1.3912,1.6874,0.0012,0.0088,74.3567,81.2682,0.0000,0.1626,0.1626,-0.0695,0.0000,0.0000,0.0053,0.0021,0.0072
0.2000,1.2890,1.6854,-0.0032,0.0128,74.2115,81.3123,0.0000,0.1714,0.1714,-0.0476,0.0000,0.0000,0.0077,0.0031,0.0087
0.2000,1.4135,1.6835,-0.0116,0.0128,74.0682,81.3506,0.0000,0.1737,0.1737,-0.0491,0.0000,0.0000,0.0077,0.0031,0.0127
0.2005,1.5074,1.6818,-0.0200,0.0128,73.9270,81.3971,0.0000,0.1744,0.1744,-0.0424,0.0000,0.0000,0.0077,0.0031,0.0156
0.2000,1.4689,1.6804,-0.0283,0.0128,73.7817,81.4388,0.0000,0.1791,0.1791,-0.0448,0.0000,0.0000,0.0077,0.0031,0.0089
0.2000,1.4748,1.6790,-0.0199,0.0253,73.6355,81.4849,0.0000,0.1729,0.1729,-0.0777,0.0000,0.0000,0.0152,0.0061,0.0050
0.2000,1.4988,1.6778,-0.0115,0.0253,73.4834,81.5333,0.0000,0.1644,0.1644,-0.0839,0.0000,0.0000,0.0152,0.0061,-0.0005
-0.2000,1.5188,1.6378,-0.0033,0.0253,73.3399,81.5806,0.0000,0.1537,0.1537,-0.0920,0.0000,0.0000,0.0152,0.0061,-0.0093
-0.2000,1.5814,1.5978,0.0051,0.0253,73.1956,81.6250,0.0000,0.1525,0.1525,-0.0896,0.0000,0.0000,0.0152,0.0061,-0.0191
0.1942,1.4971,1.6047,0.0135,0.0253,73.0536,81.6678,0.0000,0.1506,0.1506,-0.0936,0.0000,0.0000,0.0152,0.0061,-0.0129
-0.1999,1.4995,1.5647,0.0150,0.0185,72.9233,81.7237,0.0000,0.1370,0.1370,-0.0903,0.0000,0.0000,0.0111,0.0045,-0.0025
-0.2000,1.4685,1.5247,0.0234,0.0185,72.7800,81.7770,0.0000,0.1247,0.1247,-0.0911,0.0000,0.0000,0.0111,0.0045,0.0050
-0.2000,1.4057,1.4847,0.0318,0.0185,72.6344,81.8275,0.0000,0.1254,0.1254,-0.0806,0.0000,0.0000,0.0111,0.0045,0.0134
-0.2000,1.5153,1.4447,0.0402,0.0185,72.4971,81.8639,0.0000,0.1263,0.1263,-0.0752,0.0000,0.0000,0.0111,0.0045,0.0199
-0.2000,1.5299,1.4047,0.0425,0.0214,72.3635,81.9023,0.0000,0.1283,0.1283,-0.0591,0.0000,0.0000,0.0129,0.0052,0.0222
-0.2000,1.4096,1.3647,0.0365,0.0214,72.2411,81.9395,0.0000,0.1349,0.1349,-0.0539,0.0000,0.0000,0.0129,0.0052,0.0279
-0.1999,1.3787,1.3282,0.0281,0.0214,72.1111,81.9770,0.0000,0.1398,0.1398,-0.0487,0.0000,0.0000,0.0129,0.0052,0.0351
0.2001,1.2697,1.3482,0.0197,0.0214,71.9735,82.0074,0.0000,0.1567,0.1567,-0.0420,0.0000,0.0000,0.0129,0.0052,0.0450
-0.2000,1.3423,1.3134,0.0113,0.0214,71.8533,82.0459,0.0000,0.1559,0.1559,-0.0363,0.0000,0.0000,0.0129,0.0052,0.0462
-0.2000,1.4001,1.2821,0.0029,0.0214,71.7335,82.0757,0.0000,0.1615,0.1615,-0.0356,0.0000,0.0000,0.0129,0.0052,0.0405
0.2000,1.2522,1.3021,-0.0055,0.0214,71.6007,82.1079,0.0000,0.1683,0.1683,-0.0441,0.0000,0.0000,0.0129,0.0052,0.0323
-0.2000,1.2253,1.2719,0.0029,0.0338,71.4814,82.1433,0.0000,0.1685,0.1685,-0.0774,0.0000,0.0000,0.0204,0.0081,0.0261
-0.1999,1.3534,1.2447,0.0113,0.0338,71.3720,82.1817,0.0000,0.1541,0.1541,-0.0777,0.0000,0.0000,0.0204,0.0081,0.0185
-0.2000,1.2363,1.2202,0.0197,0.0338,71.2682,82.2092,0.0000,0.1591,0.1591,-0.0783,0.0000,0.0000,0.0204,0.0081,0.0111
0.2000,1.1485,1.2402,0.0281,0.0338,71.1564,82.2463,0.0000,0.1509,0.1509,-0.0869,0.0000,0.0000,0.0204,0.0081,0.0030
0.2000,1.0666,1.2602,0.0365,0.0338,71.0580,82.2772,0.0000,0.1527,0.1527,-0.0793,0.0000,0.0000,0.0204,0.0081,0.0101
0.2000,1.1674,1.2802,0.0402,0.0338,70.9550,82.3040,0.0000,0.1505,0.1505,-0.0747,0.0000,0.0000,0.0204,0.0081,0.0177
0.2000,1.0236,1.3002,0.0399,0.0338,70.8551,82.3267,0.0000,0.1607,0.1607,-0.0715,0.0000,0.0000,0.0204,0.0081,0.0236
0.2000,1.0558,1.3202,0.0315,0.0217,70.7682,82.3415,0.0000,0.1703,0.1703,-0.0448,0.0000,0.0000,0.0131,0.0052,0.0313
0.2000,1.0177,1.3402,0.0231,0.0217,70.6793,82.3603,0.0000,0.1793,0.1793,-0.0397,0.0000,0.0000,0.0131,0.0052,0.0416
0.2000,0.8760,1.3602,0.0148,0.0217,70.5915,82.3889,0.0000,0.1800,0.1800,-0.0379,0.0000,0.0000,0.0131,0.0052,0.0446
0.2000,0.9020,1.3802,0.0065,0.0217,70.4980,82.4123,0.0000,0.1809,0.1809,-0.0411,0.0000,0.0000,0.0131,0.0052,0.0439
0.2000,0.9154,1.4002,-0.0019,0.0217,70.4036,82.4337,0.0000,0.1884,0.1884,-0.0364,0.0000,0.0000,0.0131,0.0052,0.0357
0.1999,0.9545,1.4202,-0.0103,0.0217,70.3153,82.4626,0.0000,0.1838,0.1838,-0.0376,0.0000,0.0000,0.0131,0.0052,0.0276
0.1999,0.9637,1.4402,-0.0122,0.0217,70.2188,82.4800,0.0000,0.1907,0.1907,-0.0437,0.0000,0.0000,0.0131,0.0052,0.0216
0.2000,0.9216,1.4602,-0.0205,0.0217,70.1255,82.4986,0.0000,0.2007,0.2007,-0.0418,0.0000,0.0000,0.0131,0.0052,0.0128
0.2000,0.9680,1.4802,-0.0121,0.0384,70.0188,82.5208,0.0000,0.2018,0.2018,-0.0786,0.0000,0.0000,0.0231,0.0093,0.0051
0.1999,0.9472,1.4989,-0.0037,0.0384,69.9234,82.5515,0.0000,0.1949,0.1949,-0.0822,0.0000,0.0000,0.0231,0.0093,-0.0011
-0.1867,1.0774,1.4589,0.0047,0.0384,69.8265,82.5754,0.0000,0.1919,0.1919,-0.0794,0.0000,0.0000,0.0231,0.0093,-0.0041
-0.1867,0.9940,1.4789,0.0047,0.0384,69.7271,82.6080,0.0000,0.1851,0.1851,-0.0862,0.0000,0.0000,0.0231,0.0093,-0.0109
0.0013,0.9915,1.4977,0.0131,0.0384,69.6210,82.6391,0.0000,0.1809,0.1809,-0.0851,0.0000,0.0000,0.0231,0.0093,-0.0034
0.0013,1.0371,1.4577,0.0132,0.0384,69.5192,82.6640,0.0000,0.1834,0.1834,-0.0768,0.0000,0.0000,0.0231,0.0093,0.0035
-0.1989,1.0952,1.4177,0.0167,0.0335,69.4183,82.6949,0.0000,0.1736,0.1736,-0.0869,0.0000,0.0000,0.0202,0.0081,0.0108
-0.2000,1.0427,1.3777,0.0172,0.0335,69.3049,82.7194,0.0000,0.1839,0.1839,-0.0773,0.0000,0.0000,0.0202,0.0081,0.0116
-0.2000,1.0463,1.3399,0.0254,0.0335,69.1896,82.7506,0.0000,0.1780,0.1780,-0.0814,0.0000,0.0000,0.0202,0.0081,0.0185
-0.2000,1.1563,1.3059,0.0182,0.0335,69.0663,82.7767,0.0000,0.1827,0.1827,-0.0715,0.0000,0.0000,0.0202,0.0081,0.0193
-0.2000,1.1828,1.2753,0.0235,0.0335,68.9438,82.8136,0.0000,0.1716,0.1716,-0.0763,0.0000,0.0000,0.0202,0.0081,0.0223
-0.2000,1.2554,1.2478,0.0319,0.0384,68.8159,82.8326,0.0000,0.1855,0.1855,-0.0823,0.0000,0.0000,0.0232,0.0093,0.0229
-0.2000,1.2674,1.2230,0.0392,0.0384,68.7017,82.8674,0.0000,0.1742,0.1742,-0.0843,0.0000,0.0000,0.0232,0.0093,0.0300
-0.2000,1.2916,1.2007,0.0349,0.0384,68.5762,82.8866,0.0000,0.1857,0.1857,-0.0795,0.0000,0.0000,0.0232,0.0093,0.0242
-0.2000,1.1830,1.1806,0.0265,0.0384,68.4643,82.9174,0.0000,0.1837,0.1837,-0.0812,0.0000,0.0000,0.0232,0.0093,0.0287
-0.2000,1.2647,1.1626,0.0181,0.0384,68.3554,82.9474,0.0000,0.1815,0.1815,-0.0690,0.0000,0.0000,0.0232,0.0093,0.0363
-0.1748,1.1505,1.1463,0.0101,0.0384,68.2508,82.9640,0.0000,0.1919,0.1919,-0.0696,0.0000,0.0000,0.0232,0.0093,0.0434
-0.1427,1.1224,1.1317,0.0036,0.0403,68.1430,82.9862,0.0000,0.1984,0.1984,-0.0769,0.0000,0.0000,0.0243,0.0097,0.0400
-0.0442,1.0489,1.1185,0.0106,0.0403,68.0400,83.0120,0.0000,0.1956,0.1956,-0.0824,0.0000,0.0000,0.0243,0.0097,0.0324
-0.0803,1.0948,1.1067,0.0189,0.0403,67.9385,83.0424,0.0000,0.1848,0.1848,-0.0835,0.0000,0.0000,0.0243,0.0097,0.0267
-0.0480,1.0522,1.0960,0.0106,0.0403,67.8340,83.0670,0.0000,0.1869,0.1869,-0.0800,0.0000,0.0000,0.0243,0.0097,0.0194
-0.0443,1.0508,1.0864,0.0111,0.0403,67.7424,83.0829,0.0000,0.1902,0.1902,-0.0818,0.0000,0.0000,0.0243,0.0097,0.0111
-0.0585,1.0668,1.0778,0.0027,0.0403,67.6473,83.0971,0.0000,0.1966,0.1966,-0.0788,0.0000,0.0000,0.0243,0.0097,0.0165
0.1502,0.9220,1.0700,-0.0021,0.0403,67.5427,83.1294,0.0000,0.1937,0.1937,-0.0758,0.0000,0.0000,0.0243,0.0097,0.0237
0.1644,0.9550,1.0630,-0.0078,0.0403,67.4576,83.1400,0.0000,0.1997,0.1997,-0.0768,0.0000,0.0000,0.0243,0.0097,0.0177
-0.0252,1.0855,1.0567,0.0006,0.0482,67.3727,83.1590,0.0000,0.1896,0.1896,-0.1056,0.0000,0.0000,0.0290,0.0116,0.0175
0.1485,0.8507,1.0510,0.0090,0.0482,67.2727,83.1908,0.0000,0.1906,0.1906,-0.1038,0.0000,0.0000,0.0290,0.0116,0.0120
0.1999,0.8607,1.0459,0.0174,0.0482,67.1900,83.2068,0.0000,0.1891,0.1891,-0.1053,0.0000,0.0000,0.0290,0.0116,0.0072
0.0250,1.0409,1.0413,0.0258,0.0482,67.1080,83.2280,0.0000,0.1736,0.1736,-0.1062,0.0000,0.0000,0.0290,0.0116,0.0015
0.1999,0.8352,1.0372,0.0342,0.0482,67.0290,83.2408,0.0000,0.1867,0.1867,-0.1053,0.0000,0.0000,0.0290,0.0116,0.0040
0.1999,0.8392,1.0335,0.0426,0.0482,66.9411,83.2607,0.0000,0.1839,0.1839,-0.1017,0.0000,0.0000,0.0290,0.0116,0.0135
0.2000,0.7942,1.0301,0.0510,0.0482,66.8571,83.2829,0.0000,0.1787,0.1787,-0.1038,0.0000,0.0000,0.0290,0.0116,0.0211
0.1849,0.8941,1.0271,0.0593,0.0482,66.7842,83.3070,0.0000,0.1664,0.1664,-0.0952,0.0000,0.0000,0.0290,0.0116,0.0261
0.1993,0.8606,1.0244,0.0509,0.0482,66.7050,83.3167,0.0000,0.1743,0.1743,-0.0912,0.0000,0.0000,0.0290,0.0116,0.0341
0.2000,0.7613,1.0220,0.0529,0.0482,66.6345,83.3321,0.0000,0.1783,0.1783,-0.0869,0.0000,0.0000,0.0290,0.0116,0.0425
0.2000,0.7925,1.0198,0.0550,0.0465,66.5659,83.3488,0.0000,0.1742,0.1742,-0.0861,0.0000,0.0000,0.0280,0.0112,0.0507
0.2000,0.7171,1.0178,0.0466,0.0465,66.4807,83.3652,0.0000,0.1780,0.1780,-0.0815,0.0000,0.0000,0.0280,0.0112,0.0656
0.2000,0.7010,1.0160,0.0382,0.0465,66.4129,83.3794,0.0000,0.1775,0.1775,-0.0807,0.0000,0.0000,0.0280,0.0112,0.0588
0.2006,0.8611,1.0144,0.0298,0.0465,66.3372,83.3928,0.0000,0.1703,0.1703,-0.0808,0.0000,0.0000,0.0280,0.0112,0.0590
0.2000,0.6883,1.0130,0.0214,0.0465,66.2623,83.4044,0.0000,0.1819,0.1819,-0.0759,0.0000,0.0000,0.0280,0.0112,0.0636
0.2000,0.7603,1.0117,0.0175,0.0465,66.1922,83.4206,0.0000,0.1745,0.1745,-0.0785,0.0000,0.0000,0.0280,0.0112,0.0571
0.2000,0.7562,1.0105,0.0233,0.0465,66.1211,83.4354,0.0000,0.1726,0.1726,-0.0807,0.0000,0.0000,0.0280,0.0112,0.0475
0.2000,0.7130,1.0095,0.0202,0.0465,66.0557,83.4567,0.0000,0.1672,0.1672,-0.0764,0.0000,0.0000,0.0280,0.0112,0.0367
0.2000,0.7205,1.0085,0.0285,0.0465,65.9832,83.4725,0.0000,0.1627,0.1627,-0.0814,0.0000,0.0000,0.0280,0.0112,0.0312
0.2000,0.7354,1.0077,0.0369,0.0561,65.9164,83.4769,0.0000,0.1730,0.1730,-0.0838,0.0000,0.0000,0.0339,0.0135,0.0241
0.2000,0.7354,1.0069,0.0453,0.0561,65.8452,83.4884,0.0000,0.1714,0.1714,-0.0896,0.0000,0.0000,0.0339,0.0135,0.0271
0.2000,0.7354,1.0062,0.0537,0.0561,65.7767,83.5074,0.0000,0.1638,0.1638,-0.0909,0.0000,0.0000,0.0339,0.0135,0.0254
0.2000,0.7048,1.0056,0.0510,0.0561,65.7035,83.5206,0.0000,0.1673,0.1673,-0.0827,0.0000,0.0000,0.0339,0.0135,0.0289
0.2000,0.7048,1.0050,0.0522,0.0561,65.6277,83.5366,0.0000,0.1634,0.1634,-0.0846,0.0000,0.0000,0.0339,0.0135,0.0343
0.2000,0.7417,1.0045,0.0446,0.0561,65.5555,83.5582,0.0000,0.1561,0.1561,-0.0740,0.0000,0.0000,0.0339,0.0135,0.0448
0.2000,0.7668,1.0041,0.0469,0.0561,65.4912,83.5659,0.0000,0.1576,0.1576,-0.0749,0.0000,0.0000,0.0339,0.0135,0.0506
0.2000,0.7467,1.0037,0.0386,0.0561,65.4232,83.5737,0.0000,0.1662,0.1662,-0.0638,0.0000,0.0000,0.0339,0.0135,0.0558
0.2000,0.6407,1.0033,0.0302,0.0561,65.3546,83.5782,0.0000,0.1752,0.1752,-0.0704,0.0000,0.0000,0.0339,0.0135,0.0553
0.2000,0.6871,1.0030,0.0218,0.0561,65.2826,83.5965,0.0000,0.1677,0.1677,-0.0694,0.0000,0.0000,0.0339,0.0135,0.0538
0.2000,0.6785,1.0027,0.0134,0.0561,65.2168,83.6125,0.0000,0.1657,0.1657,-0.0632,0.0000,0.0000,0.0339,0.0135,0.0494
0.2000,0.7360,1.0024,0.0218,0.0650,65.1420,83.6189,0.0000,0.1694,0.1694,-0.0762,0.0000,0.0000,0.0392,0.0157,0.0484
0.2000,0.6732,1.0022,0.0301,0.0650,65.0700,83.6283,0.0000,0.1721,0.1721,-0.0822,0.0000,0.0000,0.0392,0.0157,0.0413
0.2000,0.7460,1.0019,0.0342,0.0650,64.9880,83.6381,0.0000,0.1735,0.1735,-0.0782,0.0000,0.0000,0.0392,0.0157,0.0305
0.2000,0.7178,1.0018,0.0353,0.0650,64.9240,83.6496,0.0000,0.1733,0.1733,-0.0783,0.0000,0.0000,0.0392,0.0157,0.0226
0.2001,0.8228,1.0016,0.0436,0.0650,64.8603,83.6636,0.0000,0.1634,0.1634,-0.0819,0.0000,0.0000,0.0392,0.0157,0.0224
0.2000,0.6452,1.0014,0.0352,0.0650,64.7931,83.6800,0.0000,0.1670,0.1670,-0.0751,0.0000,0.0000,0.0392,0.0157,0.0297
0.2000,0.6462,1.0013,0.0343,0.0650,64.7247,83.6885,0.0000,0.1684,0.1684,-0.0762,0.0000,0.0000,0.0392,0.0157,0.0369
0.2000,0.6870,1.0011,0.0259,0.0650,64.6538,83.7081,0.0000,0.1612,0.1612,-0.0671,0.0000,0.0000,0.0392,0.0157,0.0388
0.2000,0.6817,1.0010,0.0175,0.0650,64.5887,83.7025,0.0000,0.1786,0.1786,-0.0619,0.0000,0.0000,0.0392,0.0157,0.0432
0.2000,0.7292,1.0009,0.0159,0.0715,64.5162,83.7185,0.0000,0.1706,0.1706,-0.0628,0.0000,0.0000,0.0431,0.0172,0.0431
0.2000,0.6553,1.0008,0.0222,0.0715,64.4519,83.7354,0.0000,0.1660,0.1660,-0.0650,0.0000,0.0000,0.0431,0.0172,0.0387
0.2000,0.7365,1.0008,0.0138,0.0715,64.3818,83.7386,0.0000,0.1749,0.1749,-0.0547,0.0000,0.0000,0.0431,0.0172,0.0340
0.2000,0.6588,1.0007,0.0054,0.0715,64.3023,83.7524,0.0000,0.1750,0.1750,-0.0583,0.0000,0.0000,0.0431,0.0172,0.0275
0.2000,0.7066,1.0006,0.0138,0.0715,64.2342,83.7640,0.0000,0.1711,0.1711,-0.0634,0.0000,0.0000,0.0431,0.0172,0.0211
0.2000,0.7994,1.0005,0.0054,0.0715,64.1799,83.7677,0.0000,0.1755,0.1755,-0.0560,0.0000,0.0000,0.0431,0.0172,0.0240
0.2000,0.6842,1.0005,0.0056,0.0715,64.1108,83.7744,0.0000,0.1818,0.1818,-0.0600,0.0000,0.0000,0.0431,0.0172,0.0225
0.2000,0.5453,1.0004,-0.0026,0.0715,64.0159,83.7826,0.0000,0.1947,0.1947,-0.0542,0.0000,0.0000,0.0431,0.0172,0.0155
0.2000,0.6873,1.0004,0.0035,0.0715,63.9545,83.7970,0.0000,0.1843,0.1843,-0.0592,0.0000,0.0000,0.0431,0.0172,0.0152
0.1026,0.9499,1.0004,0.0119,0.0906,63.8842,83.8142,0.0000,0.1634,0.1634,-0.1391,0.0000,0.0000,0.0547,0.0219,0.0150
0.2000,0.6258,1.0003,0.0035,0.0715,63.8110,83.8261,0.0000,0.1794,0.1794,-0.0608,0.0000,0.0000,0.0431,0.0172,0.0118
0.2000,0.7178,1.0003,0.0119,0.0906,63.7233,83.8296,0.0000,0.1793,0.1793,-0.1327,0.0000,0.0000,0.0547,0.0219,0.0090
0.2000,0.7358,1.0003,0.0203,0.0906,63.6466,83.8460,0.0000,0.1653,0.1653,-0.1391,0.0000,0.0000,0.0547,0.0219,0.0065
0.1747,0.8782,1.0002,0.0287,0.0906,63.5779,83.8600,0.0000,0.1466,0.1466,-0.1385,0.0000,0.0000,0.0547,0.0219,0.0117
0.2000,0.7788,1.0002,0.0371,0.0906,63.4946,83.8627,0.0000,0.1609,0.1609,-0.1290,0.0000,0.0000,0.0547,0.0219,0.0134
0.2000,0.6953,1.0002,0.0455,0.0906,63.4223,83.8703,0.0000,0.1623,0.1623,-0.1347,0.0000,0.0000,0.0547,0.0219,0.0124
0.2001,0.8352,1.0002,0.0539,0.0906,63.3556,83.8808,0.0000,0.1477,0.1477,-0.1326,0.0000,0.0000,0.0547,0.0219,0.0203
0.2000,0.7191,1.0002,0.0623,0.0906,63.2799,83.8875,0.0000,0.1578,0.1578,-0.1232,0.0000,0.0000,0.0547,0.0219,0.0296
0.2000,0.6689,1.0001,0.0707,0.0906,63.2066,83.8935,0.0000,0.1603,0.1603,-0.1233,0.0000,0.0000,0.0547,0.0219,0.0384
0.2000,0.7595,1.0001,0.0623,0.0631,63.1334,83.8986,0.0000,0.1581,0.1581,-0.1190,0.0000,0.0000,0.0380,0.0152,0.0471
0.2000,0.7281,1.0001,0.0707,0.0631,63.0624,83.9080,0.0000,0.1554,0.1554,-0.1190,0.0000,0.0000,0.0380,0.0152,0.0549
0.2000,0.7339,1.0001,0.0791,0.0631,62.9890,83.9181,0.0000,0.1536,0.1536,-0.1077,0.0000,0.0000,0.0380,0.0152,0.0688
0.2000,0.7099,1.0001,0.0874,0.0631,62.9169,83.9242,0.0000,0.1535,0.1535,-0.1088,0.0000,0.0000,0.0380,0.0152,0.0713
0.2000,0.7383,1.0001,0.0958,0.0631,62.8377,83.9352,0.0000,0.1495,0.1495,-0.0999,0.0000,0.0000,0.0380,0.0152,0.0728
0.2000,0.7165,1.0001,0.1028,0.0631,62.7551,83.9455,0.0000,0.1479,0.1479,-0.0951,0.0000,0.0000,0.0380,0.0152,0.0754
0.2000,0.7955,1.0001,0.1112,0.0631,62.6811,83.9586,0.0000,0.1365,0.1365,-0.0916,0.0000,0.0000,0.0380,0.0152,0.0834
0.1999,0.8270,1.0001,0.1028,0.0631,62.6032,83.9650,0.0000,0.1380,0.1380,-0.0801,0.0000,0.0000,0.0380,0.0152,0.0919
0.2000,0.7454,1.0001,0.0944,0.0631,62.5286,83.9686,0.0000,0.1432,0.1432,-0.0808,0.0000,0.0000,0.0380,0.0152,0.0984
0.2000,0.7799,1.0000,0.1028,0.0756,62.4482,83.9753,0.0000,0.1433,0.1433,-0.0998,0.0000,0.0000,0.0456,0.0183,0.1064
0.2000,0.7402,1.0000,0.1111,0.0756,62.3764,83.9768,0.0000,0.1469,0.1469,-0.0993,0.0000,0.0000,0.0456,0.0183,0.1131
0.2000,0.8064,1.0000,0.1195,0.0756,62.3006,83.9810,0.0000,0.1432,0.1432,-0.0949,0.0000,0.0000,0.0456,0.0183,0.1089
0.2000,0.7123,1.0000,0.1119,0.0756,62.2227,83.9744,0.0000,0.1605,0.1605,-0.0899,0.0000,0.0000,0.0456,0.0183,0.1014
0.2000,0.7540,1.0000,0.1036,0.0756,62.1464,83.9761,0.0000,0.1606,0.1606,-0.0854,0.0000,0.0000,0.0456,0.0183,0.1082
0.2000,0.7882,1.0000,0.0953,0.0756,62.0649,83.9691,0.0000,0.1746,0.1746,-0.0696,0.0000,0.0000,0.0456,0.0183,0.1155
0.2000,0.7576,1.0000,0.0869,0.0756,61.9893,83.9745,0.0000,0.1732,0.1732,-0.0698,0.0000,0.0000,0.0456,0.0183,0.1218
0.2001,0.8279,1.0000,0.0785,0.0756,61.9105,83.9872,0.0000,0.1622,0.1622,-0.0651,0.0000,0.0000,0.0456,0.0183,0.1166
0.2000,0.7518,1.0000,0.0701,0.0756,61.8392,83.9883,0.0000,0.1676,0.1676,-0.0651,0.0000,0.0000,0.0456,0.0183,0.1092
0.2000,0.7912,1.0000,0.0763,0.0733,61.7622,83.9901,0.0000,0.1634,0.1634,-0.1500,0.0000,0.0000,0.0443,0.0177,0.1025
0.2000,0.7094,1.0000,0.0846,0.0733,61.6844,83.9926,0.0000,0.1640,0.1640,-0.1505,0.0000,0.0000,0.0443,0.0177,0.0973
0.2000,0.7657,1.0000,0.0930,0.0733,61.6143,83.9834,0.0000,0.1676,0.1676,-0.1443,0.0000,0.0000,0.0443,0.0177,0.0864
0.2000,0.7736,1.0000,0.1014,0.0733,61.5413,83.9686,0.0000,0.1790,0.1790,-0.1424,0.0000,0.0000,0.0443,0.0177,0.0782
0.2000,0.7101,1.0000,0.1098,0.0733,61.4620,83.9658,0.0000,0.1840,0.1840,-0.1383,0.0000,0.0000,0.0443,0.0177,0.0837
0.2000,0.7447,1.0000,0.1182,0.0733,61.3854,83.9688,0.0000,0.1756,0.1756,-0.1341,0.0000,0.0000,0.0443,0.0177,0.0917
0.2000,0.7896,1.0000,0.1266,0.0733,61.3096,83.9717,0.0000,0.1677,0.1677,-0.1272,0.0000,0.0000,0.0443,0.0177,0.0994
0.2000,0.7606,1.0000,0.1347,0.0733,61.2414,83.9656,0.0000,0.1761,0.1761,-0.1164,0.0000,0.0000,0.0443,0.0177,0.1068
0.2000,0.7537,1.0000,0.1264,0.0733,61.1581,83.9597,0.0000,0.1797,0.1797,-0.1116,0.0000,0.0000,0.0443,0.0177,0.1139
0.1999,0.6895,1.0000,0.1180,0.0733,61.0827,83.9556,0.0000,0.1871,0.1871,-0.1025,0.0000,0.0000,0.0443,0.0177,0.1210
0.2000,0.8309,1.0000,0.1096,0.0417,60.9987,83.9664,0.0000,0.1729,0.1729,-0.0535,0.0000,0.0000,0.0251,0.0101,0.1285
0.2000,0.7568,1.0000,0.1012,0.0417,60.9291,83.9594,0.0000,0.1857,0.1857,-0.0430,0.0000,0.0000,0.0251,0.0101,0.1347
0.2001,0.8390,1.0000,0.0928,0.0417,60.8566,83.9570,0.0000,0.1862,0.1862,-0.0384,0.0000,0.0000,0.0251,0.0101,0.1292
0.2000,0.7053,1.0000,0.0846,0.0417,60.7789,83.9582,0.0000,0.1881,0.1881,-0.0403,0.0000,0.0000,0.0251,0.0101,0.1218
0.2000,0.7210,1.0000,0.0762,0.0417,60.6985,83.9513,0.0000,0.1954,0.1954,-0.0353,0.0000,0.0000,0.0251,0.0101,0.1144
0.2000,0.7719,1.0000,0.0679,0.0417,60.6176,83.9481,0.0000,0.1984,0.1984,-0.0298,0.0000,0.0000,0.0251,0.0101,0.1076
0.2000,0.8044,1.0000,0.0595,0.0417,60.5422,83.9497,0.0000,0.1970,0.1970,-0.0250,0.0000,0.0000,0.0251,0.0101,0.1006
0.2000,0.8057,1.0000,0.0511,0.0417,60.4714,83.9400,0.0000,0.2084,0.2084,-0.0195,0.0000,0.0000,0.0251,0.0101,0.0910
0.2000,0.7479,1.0000,0.0595,0.0764,60.3924,83.9423,0.0000,0.2054,0.2054,-0.0488,0.0000,0.0000,0.0461,0.0185,0.0830
0.2000,0.7164,1.0000,0.0511,0.0764,60.3234,83.9431,0.0000,0.2031,0.2031,-0.0487,0.0000,0.0000,0.0461,0.0185,0.0751
0.2000,0.7840,1.0000,0.0427,0.0764,60.2490,83.9360,0.0000,0.2068,0.2068,-0.0444,0.0000,0.0000,0.0461,0.0185,0.0680
0.2000,0.6844,1.0000,0.0344,0.0764,60.1756,83.9343,0.0000,0.2084,0.2084,-0.0457,0.0000,0.0000,0.0461,0.0185,0.0564
0.2000,0.7440,1.0000,0.0260,0.0764,60.1086,83.9292,0.0000,0.2112,0.2112,-0.0385,0.0000,0.0000,0.0461,0.0185,0.0667
0.2000,0.7281,1.0000,0.0176,0.0764,60.0319,83.9264,0.0000,0.2116,0.2116,-0.0387,0.0000,0.0000,0.0461,0.0185,0.0555
0.2000,0.6681,1.0000,0.0092,0.0764,59.9483,83.9273,0.0000,0.2089,0.2089,-0.0393,0.0000,0.0000,0.0461,0.0185,0.0471
0.2000,0.7616,1.0000,0.0008,0.0764,59.8722,83.9206,0.0000,0.2112,0.2112,-0.0374,0.0000,0.0000,0.0461,0.0185,0.0389
0.1999,0.8293,1.0000,-0.0076,0.0764,59.7934,83.9120,0.0000,0.2154,0.2154,-0.0371,0.0000,0.0000,0.0461,0.0185,0.0307
0.2000,0.7587,1.0000,0.0008,0.0786,59.7177,83.9109,0.0000,0.2142,0.2142,-0.0940,0.0000,0.0000,0.0475,0.0190,0.0228
0.2000,0.7872,1.0000,0.0092,0.0786,59.6489,83.9139,0.0000,0.2031,0.2031,-0.0949,0.0000,0.0000,0.0475,0.0190,0.0153
0.2000,0.7507,1.0000,0.0176,0.0786,59.5746,83.9074,0.0000,0.2034,0.2034,-0.0978,0.0000,0.0000,0.0475,0.0190,0.0098
0.2000,0.6825,1.0000,0.0260,0.0786,59.5047,83.8992,0.0000,0.2078,0.2078,-0.1000,0.0000,0.0000,0.0475,0.0190,0.0004
0.2000,0.7382,1.0000,0.0344,0.0786,59.4289,83.8997,0.0000,0.1980,0.1980,-0.0971,0.0000,0.0000,0.0475,0.0190,0.0066
0.2000,0.6978,1.0000,0.0428,0.0786,59.3545,83.9019,0.0000,0.1914,0.1914,-0.0944,0.0000,0.0000,0.0475,0.0190,0.0118
0.2000,0.7516,1.0000,0.0512,0.0786,59.2818,83.8964,0.0000,0.1881,0.1881,-0.0915,0.0000,0.0000,0.0475,0.0190,0.0192
0.2000,0.7377,1.0000,0.0558,0.0786,59.2172,83.8943,0.0000,0.1859,0.1859,-0.0872,0.0000,0.0000,0.0475,0.0190,0.0269
0.2000,0.7236,1.0000,0.0486,0.0786,59.1450,83.8890,0.0000,0.1859,0.1859,-0.0831,0.0000,0.0000,0.0475,0.0190,0.0373
0.2000,0.6418,1.0000,0.0439,0.0786,59.0731,83.8904,0.0000,0.1821,0.1821,-0.0795,0.0000,0.0000,0.0475,0.0190,0.0453
0.2000,0.7181,1.0000,0.0407,0.0670,59.0114,83.8834,0.0000,0.1813,0.1813,-0.0918,0.0000,0.0000,0.0404,0.0162,0.0531
0.2000,0.7126,1.0000,0.0490,0.0670,58.9416,83.8805,0.0000,0.1779,0.1779,-0.0869,0.0000,0.0000,0.0404,0.0162,0.0634
0.2000,0.6174,1.0000,0.0476,0.0670,58.8765,83.8724,0.0000,0.1832,0.1832,-0.0881,0.0000,0.0000,0.0404,0.0162,0.0545
0.2000,0.6933,1.0000,0.0454,0.0670,58.8110,83.8647,0.0000,0.1807,0.1807,-0.0859,0.0000,0.0000,0.0404,0.0162,0.0471
0.2000,0.6515,1.0000,0.0370,0.0670,58.7433,83.8525,0.0000,0.1880,0.1880,-0.0833,0.0000,0.0000,0.0404,0.0162,0.0440
0.2000,0.6547,1.0000,0.0286,0.0670,58.6695,83.8476,0.0000,0.1858,0.1858,-0.0785,0.0000,0.0000,0.0404,0.0162,0.0499
0.2000,0.6851,1.0000,0.0313,0.0670,58.5976,83.8512,0.0000,0.1737,0.1737,-0.0755,0.0000,0.0000,0.0404,0.0162,0.0500
0.2000,0.7346,1.0000,0.0277,0.0670,58.5258,83.8441,0.0000,0.1717,0.1717,-0.0721,0.0000,0.0000,0.0404,0.0162,0.0488
0.2000,0.7129,1.0000,0.0262,0.0670,58.4535,83.8346,0.0000,0.1738,0.1738,-0.0727,0.0000,0.0000,0.0404,0.0162,0.0434
0.2000,0.7167,1.0000,0.0298,0.0670,58.3775,83.8362,0.0000,0.1643,0.1643,-0.0709,0.0000,0.0000,0.0404,0.0162,0.0370
0.2000,0.7237,1.0000,0.0382,0.0748,58.3044,83.8290,0.0000,0.1623,0.1623,-0.1342,0.0000,0.0000,0.0452,0.0181,0.0339
0.2000,0.7525,1.0000,0.0466,0.0748,58.2321,83.8217,0.0000,0.1555,0.1555,-0.1320,0.0000,0.0000,0.0452,0.0181,0.0312
0.2000,0.7212,1.0000,0.0550,0.0748,58.1617,83.8103,0.0000,0.1571,0.1571,-0.1304,0.0000,0.0000,0.0452,0.0181,0.0300
0.2000,0.7212,1.0000,0.0634,0.0748,58.0894,83.7986,0.0000,0.1564,0.1564,-0.1282,0.0000,0.0000,0.0452,0.0181,0.0327
0.2000,0.7212,1.0000,0.0718,0.0748,58.0171,83.7990,0.0000,0.1445,0.1445,-0.1238,0.0000,0.0000,0.0452,0.0181,0.0360
0.2000,0.7272,1.0000,0.0802,0.0748,57.9534,83.7912,0.0000,0.1417,0.1417,-0.1193,0.0000,0.0000,0.0452,0.0181,0.0468
0.2000,0.7160,1.0000,0.0886,0.0748,57.8812,83.7854,0.0000,0.1364,0.1364,-0.1154,0.0000,0.0000,0.0452,0.0181,0.0505
0.2000,0.6373,1.0000,0.0970,0.0748,57.8072,83.7808,0.0000,0.1343,0.1343,-0.1092,0.0000,0.0000,0.0452,0.0181,0.0654
0.2000,0.7191,1.0000,0.1053,0.0748,57.7414,83.7736,0.0000,0.1264,0.1264,-0.1034,0.0000,0.0000,0.0452,0.0181,0.0731
0.2000,0.7358,1.0000,0.1137,0.0748,57.6738,83.7682,0.0000,0.1207,0.1207,-0.0969,0.0000,0.0000,0.0452,0.0181,0.0799
0.2000,0.6561,1.0000,0.1221,0.0748,57.6029,83.7677,0.0000,0.1140,0.1140,-0.0932,0.0000,0.0000,0.0452,0.0181,0.0878
0.2000,0.6733,1.0000,0.1137,0.0580,57.5229,83.7677,0.0000,0.1059,0.1059,-0.0282,0.0000,0.0000,0.0350,0.0140,0.0955
0.2000,0.7020,1.0000,0.1053,0.0580,57.4522,83.7601,0.0000,0.1062,0.1062,-0.0214,0.0000,0.0000,0.0350,0.0140,0.1034
0.2000,0.7921,1.0000,0.0969,0.0580,57.3774,83.7578,0.0000,0.1016,0.1016,-0.0095,0.0000,0.0000,0.0350,0.0140,0.1107
0.2000,0.7059,1.0000,0.0886,0.0580,57.3135,83.7388,0.0000,0.1150,0.1150,-0.0066,0.0000,0.0000,0.0350,0.0140,0.1179
0.2000,0.7405,1.0000,0.0802,0.0580,57.2329,83.7333,0.0000,0.1130,0.1130,0.0016,0.0000,0.0000,0.0350,0.0140,0.1188
0.2000,0.8006,1.0000,0.0718,0.0580,57.1593,83.7096,0.0000,0.1284,0.1284,0.0050,0.0000,0.0000,0.0350,0.0140,0.1124
0.2000,0.8006,1.0000,0.0634,0.0580,57.0838,83.7049,0.0000,0.1256,0.1256,0.0086,0.0000,0.0000,0.0350,0.0140,0.1055
0.2000,0.7700,1.0000,0.0550,0.0580,57.0189,83.6837,0.0000,0.1391,0.1391,0.0081,0.0000,0.0000,0.0350,0.0140,0.0990
0.2000,0.7492,1.0000,0.0634,0.1019,56.9533,83.6659,0.0000,0.1500,0.1500,-0.0941,0.0000,0.0000,0.0616,0.0246,0.0917
0.2000,0.6790,1.0000,0.0718,0.1019,56.8841,83.6573,0.0000,0.1470,0.1470,-0.0940,0.0000,0.0000,0.0616,0.0246,0.0837
0.2000,0.6778,1.0000,0.0802,0.1019,56.8045,83.6522,0.0000,0.1355,0.1355,-0.0906,0.0000,0.0000,0.0616,0.0246,0.0758
0.2000,0.6917,1.0000,0.0886,0.1019,56.7262,83.6361,0.0000,0.1333,0.1333,-0.0901,0.0000,0.0000,0.0616,0.0246,0.0681
0.2000,0.7906,1.0000,0.0969,0.1019,56.6586,83.6274,0.0000,0.1244,0.1244,-0.0827,0.0000,0.0000,0.0616,0.0246,0.0676
0.2000,0.7929,1.0000,0.1053,0.1019,56.5969,83.6032,0.0000,0.1347,0.1347,-0.0799,0.0000,0.0000,0.0616,0.0246,0.0745
0.2000,0.6767,1.0000,0.1048,0.1019,56.5248,83.5838,0.0000,0.1436,0.1436,-0.0772,0.0000,0.0000,0.0616,0.0246,0.0821
0.2000,0.6580,1.0000,0.0964,0.1019,56.4424,83.5746,0.0000,0.1367,0.1367,-0.0711,0.0000,0.0000,0.0616,0.0246,0.0900
0.2000,0.7429,1.0000,0.0989,0.1019,56.3717,83.5675,0.0000,0.1268,0.1268,-0.0620,0.0000,0.0000,0.0616,0.0246,0.0978
0.2000,0.8215,1.0000,0.0905,0.0665,56.2999,83.5619,0.0000,0.1172,0.1172,-0.0325,0.0000,0.0000,0.0401,0.0161,0.1051
0.2000,0.7043,1.0000,0.0824,0.0665,56.2311,83.5384,0.0000,0.1291,0.1291,-0.0326,0.0000,0.0000,0.0401,0.0161,0.1088
0.2000,0.7124,1.0000,0.0740,0.0665,56.1595,83.5307,0.0000,0.1232,0.1232,-0.0280,0.0000,0.0000,0.0401,0.0161,0.1068
0.2000,0.7231,1.0000,0.0656,0.0665,56.0894,83.5190,0.0000,0.1223,0.1223,-0.0218,0.0000,0.0000,0.0401,0.0161,0.1023
0.2000,0.7140,1.0000,0.0572,0.0665,56.0270,83.4881,0.0000,0.1394,0.1394,-0.0229,0.0000,0.0000,0.0401,0.0161,0.1007
0.2000,0.7055,1.0000,0.0488,0.0665,55.9615,83.4748,0.0000,0.1407,0.1407,-0.0185,0.0000,0.0000,0.0401,0.0161,0.0951
0.1999,0.6896,1.0000,0.0404,0.0665,55.8911,83.4666,0.0000,0.1354,0.1354,-0.0171,0.0000,0.0000,0.0401,0.0161,0.0859
0.2000,0.6640,1.0000,0.0320,0.0665,55.8103,83.4548,0.0000,0.1321,0.1321,-0.0132,0.0000,0.0000,0.0401,0.0161,0.0781
0.2000,0.7022,1.0000,0.0236,0.0665,55.7400,83.4300,0.0000,0.1402,0.1402,-0.0167,0.0000,0.0000,0.0401,0.0161,0.0705
0.2000,0.8084,1.0000,0.0152,0.0665,55.6634,83.4223,0.0000,0.1339,0.1339,-0.0083,0.0000,0.0000,0.0401,0.0161,0.0653
0.2000,0.7377,1.0000,0.0236,0.0933,55.5786,83.4005,0.0000,0.1368,0.1368,-0.0551,0.0000,0.0000,0.0564,0.0225,0.0519
0.2000,0.7607,1.0000,0.0320,0.0933,55.4937,83.3897,0.0000,0.1270,0.1270,-0.0518,0.0000,0.0000,0.0564,0.0225,0.0433
0.2005,0.8676,1.0000,0.0404,0.0933,55.4132,83.3747,0.0000,0.1172,0.1172,-0.0557,0.0000,0.0000,0.0564,0.0225,0.0325
0.2000,0.8479,1.0000,0.0488,0.0933,55.3227,83.3544,0.0000,0.1154,0.1154,-0.0559,0.0000,0.0000,0.0564,0.0225,0.0245
0.2000,0.8111,1.0000,0.0572,0.0933,55.2450,83.3377,0.0000,0.1156,0.1156,-0.0508,0.0000,0.0000,0.0564,0.0225,0.0243
0.1524,0.9203,1.0000,0.0506,0.0933,55.1746,83.3246,0.0000,0.1098,0.1098,-0.0450,0.0000,0.0000,0.0564,0.0225,0.0317
0.2000,0.7894,1.0000,0.0440,0.0933,55.1026,83.2983,0.0000,0.1205,0.1205,-0.0451,0.0000,0.0000,0.0564,0.0225,0.0391
0.2000,0.7101,1.0000,0.0431,0.0933,55.0233,83.2848,0.0000,0.1180,0.1180,-0.0390,0.0000,0.0000,0.0564,0.0225,0.0451
0.2000,0.7599,1.0000,0.0347,0.0933,54.9563,83.2501,0.0000,0.1340,0.1340,-0.0371,0.0000,0.0000,0.0564,0.0225,0.0564
0.2000,0.7969,1.0000,0.0419,0.0910,54.8798,83.2327,0.0000,0.1284,0.1284,-0.1169,0.0000,0.0000,0.0550,0.0220,0.0587
0.2000,0.7466,1.0000,0.0503,0.0910,54.8015,83.2167,0.0000,0.1195,0.1195,-0.1212,0.0000,0.0000,0.0550,0.0220,0.0505
0.2000,0.7788,1.0000,0.0587,0.0910,54.7169,83.2010,0.0000,0.1065,0.1065,-0.1155,0.0000,0.0000,0.0550,0.0220,0.0467
0.2000,0.7926,1.0000,0.0671,0.0910,54.6329,83.1812,0.0000,0.0974,0.0974,-0.1133,0.0000,0.0000,0.0550,0.0220,0.0438
0.2000,0.8530,1.0000,0.0755,0.0910,54.5511,83.1553,0.0000,0.0906,0.0906,-0.1143,0.0000,0.0000,0.0550,0.0220,0.0427
0.1995,0.8560,1.0000,0.0839,0.0910,54.4694,83.1377,0.0000,0.0833,0.0833,-0.1054,0.0000,0.0000,0.0550,0.0220,0.0506
0.2000,0.8497,1.0000,0.0923,0.0910,54.3977,83.1102,0.0000,0.0861,0.0861,-0.1032,0.0000,0.0000,0.0550,0.0220,0.0621
0.1999,0.8293,1.0000,0.1007,0.0910,54.3225,83.0838,0.0000,0.0891,0.0891,-0.0975,0.0000,0.0000,0.0550,0.0220,0.0704
0.2000,0.7607,1.0000,0.0923,0.0650,54.2408,83.0635,0.0000,0.0880,0.0880,-0.0796,0.0000,0.0000,0.0392,0.0157,0.0799
0.2000,0.7930,1.0000,0.1006,0.0650,54.1667,83.0412,0.0000,0.0850,0.0850,-0.0748,0.0000,0.0000,0.0392,0.0157,0.0880
0.1999,0.8357,1.0000,0.1090,0.0650,54.0883,83.0159,0.0000,0.0848,0.0848,-0.0664,0.0000,0.0000,0.0392,0.0157,0.0959
0.2000,0.7681,1.0000,0.1106,0.0650,54.0064,83.0015,0.0000,0.0775,0.0775,-0.0587,0.0000,0.0000,0.0392,0.0157,0.1026
0.1999,0.8195,1.0000,0.1073,0.0650,53.9221,82.9725,0.0000,0.0771,0.0771,-0.0554,0.0000,0.0000,0.0392,0.0157,0.0995
0.2001,0.8228,1.0000,0.0989,0.0650,53.8385,82.9538,0.0000,0.0712,0.0712,-0.0466,0.0000,0.0000,0.0392,0.0157,0.1007
0.1740,0.8849,1.0000,0.0905,0.0650,53.7563,82.9327,0.0000,0.0670,0.0670,-0.0347,0.0000,0.0000,0.0392,0.0157,0.1130
0.2000,0.8487,1.0000,0.0821,0.0650,53.6849,82.8982,0.0000,0.0776,0.0776,-0.0347,0.0000,0.0000,0.0392,0.0157,0.1138
0.2000,0.8423,1.0000,0.0905,0.0881,53.6052,82.8794,0.0000,0.0712,0.0712,-0.0707,0.0000,0.0000,0.0532,0.0213,0.1120
0.2000,0.7866,1.0000,0.0989,0.0881,53.5310,82.8495,0.0000,0.0756,0.0756,-0.0701,0.0000,0.0000,0.0532,0.0213,0.1047
0.2000,0.8118,1.0000,0.1073,0.0881,53.4546,82.8155,0.0000,0.0801,0.0801,-0.0671,0.0000,0.0000,0.0532,0.0213,0.0957
0.2000,0.7953,1.0000,0.1157,0.0881,53.3707,82.7858,0.0000,0.0796,0.0796,-0.0647,0.0000,0.0000,0.0532,0.0213,0.0900
0.2001,0.8323,1.0000,0.1241,0.0881,53.2894,82.7594,0.0000,0.0761,0.0761,-0.0570,0.0000,0.0000,0.0532,0.0213,0.0964
0.1996,0.8846,1.0000,0.1157,0.0881,53.2081,82.7256,0.0000,0.0799,0.0799,-0.0476,0.0000,0.0000,0.0532,0.0213,0.1037
0.2001,0.8482,1.0000,0.1074,0.0881,53.1295,82.6903,0.0000,0.0884,0.0884,-0.0406,0.0000,0.0000,0.0532,0.0213,0.1099
0.1930,0.8764,1.0000,0.0990,0.0881,53.0490,82.6580,0.0000,0.0925,0.0925,-0.0304,0.0000,0.0000,0.0532,0.0213,0.1193
0.2001,0.8595,1.0200,0.1074,0.0900,52.9617,82.6388,0.0000,0.0829,0.0829,-0.0697,0.0000,0.0000,0.0543,0.0217,0.1256
0.2000,0.8626,1.0400,0.1158,0.0900,52.8831,82.6126,0.0000,0.0752,0.0752,-0.0694,0.0000,0.0000,0.0543,0.0217,0.1189
0.2000,0.8832,1.0600,0.1242,0.0900,52.8010,82.5852,0.0000,0.0695,0.0695,-0.0618,0.0000,0.0000,0.0543,0.0217,0.1116
0.2000,0.8213,1.0800,0.1326,0.0900,52.7224,82.5450,0.0000,0.0768,0.0768,-0.0630,0.0000,0.0000,0.0543,0.0217,0.1053
0.2000,0.8599,1.1000,0.1308,0.0900,52.6457,82.5125,0.0000,0.0767,0.0767,-0.0547,0.0000,0.0000,0.0543,0.0217,0.1122
0.2000,0.8762,1.1200,0.1224,0.0900,52.5575,82.4712,0.0000,0.0815,0.0815,-0.0453,0.0000,0.0000,0.0543,0.0217,0.1194
0.2000,0.8286,1.1400,0.1141,0.0900,52.4769,82.4397,0.0000,0.0832,0.0832,-0.0349,0.0000,0.0000,0.0543,0.0217,0.1265
0.2000,0.9698,1.1600,0.1058,0.0900,52.4007,82.4032,0.0000,0.0856,0.0856,-0.0237,0.0000,0.0000,0.0543,0.0217,0.1333
0.2000,0.8610,1.1800,0.1024,0.0850,52.3252,82.3753,0.0000,0.0853,0.0853,-0.0454,0.0000,0.0000,0.0513,0.0205,0.1320
0.2000,0.8392,1.2000,0.1034,0.0850,52.2515,82.3402,0.0000,0.0862,0.0862,-0.0459,0.0000,0.0000,0.0513,0.0205,0.1244
0.2000,0.7995,1.2200,0.1021,0.0850,52.1700,82.3102,0.0000,0.0820,0.0820,-0.0411,0.0000,0.0000,0.0513,0.0205,0.1167
0.2000,0.8099,1.2400,0.0999,0.0850,52.0880,82.2816,0.0000,0.0744,0.0744,-0.0361,0.0000,0.0000,0.0513,0.0205,0.1099
0.2000,0.8611,1.2600,0.0954,0.0850,52.0134,82.2328,0.0000,0.0852,0.0852,-0.0352,0.0000,0.0000,0.0513,0.0205,0.1072
0.2000,0.8605,1.2800,0.0889,0.0850,51.9364,82.1974,0.0000,0.0861,0.0861,-0.0301,0.0000,0.0000,0.0513,0.0205,0.1080
0.2000,0.8831,1.3000,0.0805,0.0850,51.8550,82.1653,0.0000,0.0836,0.0836,-0.0206,0.0000,0.0000,0.0513,0.0205,0.1065
0.2000,0.8420,1.3200,0.0764,0.0850,51.7832,82.1250,0.0000,0.0896,0.0896,-0.0220,0.0000,0.0000,0.0513,0.0205,0.1047
0.2000,0.8679,1.3400,0.0694,0.0850,51.7009,82.0973,0.0000,0.0820,0.0820,-0.0142,0.0000,0.0000,0.0513,0.0205,0.1007
0.2000,0.8168,1.3600,0.0771,0.0914,51.6197,82.0564,0.0000,0.0841,0.0841,-0.0197,0.0000,0.0000,0.0552,0.0221,0.0948
0.2000,0.8585,1.3800,0.0747,0.0914,51.5458,82.0120,0.0000,0.0926,0.0926,-0.0170,0.0000,0.0000,0.0552,0.0221,0.0875
0.2000,0.9021,1.4000,0.0663,0.0914,51.4555,81.9769,0.0000,0.0880,0.0880,-0.0090,0.0000,0.0000,0.0552,0.0221,0.0842
0.2000,0.8567,1.4200,0.0635,0.0914,51.3716,81.9433,0.0000,0.0844,0.0844,-0.0054,0.0000,0.0000,0.0552,0.0221,0.0785
0.1999,0.9601,1.4400,0.0557,0.0914,51.2831,81.9145,0.0000,0.0743,0.0743,0.0031,0.0000,0.0000,0.0552,0.0221,0.0839
0.1999,0.8957,1.4600,0.0566,0.0914,51.1949,81.8708,0.0000,0.0742,0.0742,-0.0014,0.0000,0.0000,0.0552,0.0221,0.0820
0.1999,0.9204,1.4800,0.0546,0.0914,51.1118,81.8428,0.0000,0.0664,0.0664,0.0052,0.0000,0.0000,0.0552,0.0221,0.0767
0.2000,0.9761,1.5000,0.0630,0.1099,51.0290,81.7938,0.0000,0.0702,0.0702,-0.0418,0.0000,0.0000,0.0664,0.0266,0.0720
0.2000,0.8657,1.5200,0.0713,0.1099,50.9470,81.7390,0.0000,0.0822,0.0822,-0.0437,0.0000,0.0000,0.0664,0.0266,0.0664
0.2000,0.9542,1.5400,0.0797,0.1099,50.8550,81.6871,0.0000,0.0841,0.0841,-0.0382,0.0000,0.0000,0.0664,0.0266,0.0654
0.2000,0.9797,1.5600,0.0881,0.1099,50.7549,81.6380,0.0000,0.0806,0.0806,-0.0348,0.0000,0.0000,0.0664,0.0266,0.0631
0.2000,1.0484,1.5800,0.0964,0.1099,50.6584,81.5952,0.0000,0.0763,0.0763,-0.0228,0.0000,0.0000,0.0664,0.0266,0.0700
0.2000,1.1064,1.6000,0.0996,0.1099,50.5633,81.5412,0.0000,0.0791,0.0791,-0.0186,0.0000,0.0000,0.0664,0.0266,0.0746
0.2000,1.0460,1.6200,0.1057,0.1076,50.4626,81.4805,0.0000,0.0839,0.0839,-0.0726,0.0000,0.0000,0.0651,0.0260,0.0848
0.2000,1.0850,1.6400,0.1141,0.1076,50.3596,81.4324,0.0000,0.0757,0.0757,-0.0577,0.0000,0.0000,0.0651,0.0260,0.0927
0.2000,1.1684,1.6600,0.1225,0.1076,50.2567,81.3767,0.0000,0.0684,0.0684,-0.0504,0.0000,0.0000,0.0651,0.0260,0.0988
0.2000,1.1265,1.6800,0.1300,0.1076,50.1456,81.3301,0.0000,0.0565,0.0565,-0.0397,0.0000,0.0000,0.0651,0.0260,0.1039
0.2000,1.1608,1.7000,0.1287,0.1076,50.0460,81.2678,0.0000,0.0577,0.0577,-0.0348,0.0000,0.0000,0.0651,0.0260,0.1092
0.2000,1.1920,1.7200,0.1264,0.0974,49.9349,81.2151,0.0000,0.0503,0.0503,-0.0430,0.0000,0.0000,0.0589,0.0235,0.1160
0.2000,1.1648,1.7400,0.1199,0.0974,49.8284,81.1395,0.0000,0.0610,0.0610,-0.0333,0.0000,0.0000,0.0589,0.0235,0.1235
0.2000,1.2178,1.7600,0.1115,0.0974,49.7177,81.0854,0.0000,0.0523,0.0523,-0.0172,0.0000,0.0000,0.0589,0.0235,0.1302
0.2000,1.3005,1.7800,0.1031,0.0974,49.6003,81.0094,0.0000,0.0549,0.0549,-0.0076,0.0000,0.0000,0.0589,0.0235,0.1297
0.2000,1.2192,1.8000,0.0947,0.0974,49.4838,80.9337,0.0000,0.0604,0.0604,-0.0015,0.0000,0.0000,0.0589,0.0235,0.1279
0.2000,1.3889,1.8200,0.1031,0.1038,49.3646,80.8675,0.0000,0.0502,0.0502,-0.0393,0.0000,0.0000,0.0628,0.0251,0.1233
0.2000,1.3808,1.8400,0.1115,0.1038,49.2438,80.7929,0.0000,0.0439,0.0439,-0.0337,0.0000,0.0000,0.0628,0.0251,0.1173
0.2000,1.3513,1.8600,0.1199,0.1038,49.1235,80.7142,0.0000,0.0408,0.0408,-0.0304,0.0000,0.0000,0.0628,0.0251,0.1094
0.2000,1.4090,1.8800,0.1179,0.1038,49.0039,80.6478,0.0000,0.0295,0.0295,-0.0203,0.0000,0.0000,0.0628,0.0251,0.1024
0.2000,1.4265,1.8988,0.1095,0.1038,48.8954,80.5738,0.0000,0.0329,0.0329,-0.0076,0.0000,0.0000,0.0628,0.0251,0.1060
0.2000,1.3542,1.9157,0.1101,0.0959,48.7684,80.4901,0.0000,0.0260,0.0260,-0.0517,0.0000,0.0000,0.0580,0.0232,0.1130
0.2000,1.3042,1.9309,0.1185,0.0959,48.6487,80.4132,0.0000,0.0196,0.0196,-0.0390,0.0000,0.0000,0.0580,0.0232,0.1198
0.1999,1.5091,1.9446,0.1159,0.0959,48.5327,80.3161,0.0000,0.0237,0.0237,-0.0236,0.0000,0.0000,0.0580,0.0232,0.1208
0.1999,1.4103,1.9569,0.1118,0.0959,48.4070,80.2341,0.0000,0.0168,0.0168,-0.0172,0.0000,0.0000,0.0580,0.0232,0.1152
0.1999,1.5038,1.9680,0.1104,0.0862,48.2816,80.1247,0.0000,0.0207,0.0207,-0.0870,0.0000,0.0000,0.0520,0.0208,0.1139
0.1999,1.4869,1.9779,0.1188,0.0862,48.1603,80.0326,0.0000,0.0135,0.0135,-0.0730,0.0000,0.0000,0.0520,0.0208,0.1191
0.1477,1.6551,1.9627,0.1272,0.0862,48.0315,79.9319,0.0000,-0.0016,-0.0016,-0.0577,0.0000,0.0000,0.0520,0.0208,0.1197
0.1477,1.5124,1.9732,0.1273,0.0862,47.9049,79.8342,0.0000,-0.0058,-0.0058,-0.0515,0.0000,0.0000,0.0520,0.0208,0.1179
0.2000,1.6224,1.9734,0.1189,0.0606,47.7839,79.7191,0.0000,-0.0031,-0.0031,-0.0499,0.0000,0.0000,0.0366,0.0146,0.1160
0.2000,1.5864,1.9829,0.1146,0.0606,47.6534,79.6017,0.0000,-0.0002,-0.0002,-0.0381,0.0000,0.0000,0.0366,0.0146,0.1186
0.1192,1.6608,1.9643,0.1062,0.0606,47.5319,79.4777,0.0000,0.0136,0.0136,-0.0190,0.0000,0.0000,0.0366,0.0146,0.1260
-0.2000,1.7286,1.9243,0.0978,0.0606,47.4039,79.3600,0.0000,0.0190,0.0190,-0.0013,0.0000,0.0000,0.0366,0.0146,0.1307
-0.2000,1.7286,1.8843,0.0956,0.0669,47.2834,79.2452,0.0000,0.0222,0.0222,-0.0182,0.0000,0.0000,0.0403,0.0161,0.1250
-0.2000,1.7286,1.8443,0.0872,0.0669,47.1536,79.1099,0.0000,0.0290,0.0290,-0.0120,0.0000,0.0000,0.0403,0.0161,0.1202
-0.2000,1.8630,1.8043,0.0788,0.0669,47.0288,78.9872,0.0000,0.0321,0.0321,0.0004,0.0000,0.0000,0.0403,0.0161,0.1145
-0.2000,1.8630,1.7643,0.0787,0.0650,46.8867,78.8605,0.0000,0.0236,0.0236,-0.0203,0.0000,0.0000,0.0392,0.0157,0.1091
-0.2000,1.7383,1.7243,0.0760,0.0650,46.7704,78.7357,0.0000,0.0306,0.0306,-0.0171,0.0000,0.0000,0.0392,0.0157,0.1040
-0.2000,1.8871,1.6843,0.0676,0.0650,46.6613,78.5958,0.0000,0.0477,0.0477,-0.0089,0.0000,0.0000,0.0392,0.0157,0.0993
-0.0226,1.6948,1.6776,0.0592,0.0650,46.5342,78.4659,0.0000,0.0492,0.0492,-0.0087,0.0000,0.0000,0.0392,0.0157,0.0915
-0.2000,1.7637,1.6376,0.0648,0.0622,46.4089,78.3374,0.0000,0.0488,0.0488,-0.0452,0.0000,0.0000,0.0375,0.0150,0.0873
-0.2000,1.8038,1.5976,0.0732,0.0622,46.2933,78.2072,0.0000,0.0484,0.0484,-0.0380,0.0000,0.0000,0.0375,0.0150,0.0851
-0.2000,1.7810,1.5576,0.0816,0.0622,46.1743,78.0621,0.0000,0.0516,0.0516,-0.0383,0.0000,0.0000,0.0375,0.0150,0.0805
-0.1433,1.7293,1.5433,0.0855,0.0622,46.0527,77.9402,0.0000,0.0435,0.0435,-0.0343,0.0000,0.0000,0.0375,0.0150,0.0728
-0.2000,1.8609,1.5033,0.0793,0.0476,45.9316,77.8296,0.0000,0.0235,0.0235,-0.0604,0.0000,0.0000,0.0287,0.0115,0.0721
0.0411,1.7077,1.5073,0.0877,0.0476,45.8226,77.7088,0.0000,0.0237,0.0237,-0.0534,0.0000,0.0000,0.0287,0.0115,0.0770
0.0639,1.6242,1.5273,0.0961,0.0476,45.7210,77.5900,0.0000,0.0258,0.0258,-0.0441,0.0000,0.0000,0.0287,0.0115,0.0847
0.1038,1.6133,1.5473,0.0884,0.0476,45.6260,77.4700,0.0000,0.0310,0.0310,-0.0343,0.0000,0.0000,0.0287,0.0115,0.0919
0.2000,1.5523,1.5673,0.0809,0.0476,45.5293,77.3468,0.0000,0.0349,0.0349,-0.0316,0.0000,0.0000,0.0287,0.0115,0.0891
0.2000,1.5205,1.5873,0.0725,0.0476,45.4466,77.2437,0.0000,0.0393,0.0393,-0.0238,0.0000,0.0000,0.0287,0.0115,0.0909
0.2000,1.5549,1.6073,0.0641,0.0367,45.3564,77.1350,0.0000,0.0406,0.0406,-0.0218,0.0000,0.0000,0.0221,0.0088,0.0982
0.2000,1.3125,1.6273,0.0557,0.0367,45.2652,77.0235,0.0000,0.0424,0.0424,-0.0226,0.0000,0.0000,0.0221,0.0088,0.0988
0.2000,1.4029,1.6473,0.0478,0.0367,45.1862,76.9192,0.0000,0.0431,0.0431,-0.0189,0.0000,0.0000,0.0221,0.0088,0.0919
0.2000,1.4285,1.6673,0.0396,0.0367,45.1061,76.8134,0.0000,0.0469,0.0469,-0.0139,0.0000,0.0000,0.0221,0.0088,0.0847
0.2000,1.2984,1.6873,0.0375,0.0367,45.0391,76.7071,0.0000,0.0594,0.0594,-0.0174,0.0000,0.0000,0.0221,0.0088,0.0774
0.2000,1.3190,1.7073,0.0358,0.0367,44.9559,76.6065,0.0000,0.0559,0.0559,-0.0151,0.0000,0.0000,0.0221,0.0088,0.0691
0.2000,1.2477,1.7273,0.0429,0.0354,44.8939,76.5116,0.0000,0.0626,0.0626,-0.0408,0.0000,0.0000,0.0213,0.0085,0.0576
0.2000,1.2942,1.7473,0.0513,0.0354,44.8195,76.4159,0.0000,0.0585,0.0585,-0.0403,0.0000,0.0000,0.0213,0.0085,0.0481
0.2000,1.1241,1.7673,0.0594,0.0354,44.7350,76.3193,0.0000,0.0526,0.0526,-0.0395,0.0000,0.0000,0.0213,0.0085,0.0425
0.2000,1.2028,1.7873,0.0586,0.0354,44.6598,76.2196,0.0000,0.0507,0.0507,-0.0353,0.0000,0.0000,0.0213,0.0085,0.0407
0.2000,1.2715,1.8073,0.0542,0.0354,44.5882,76.1180,0.0000,0.0539,0.0539,-0.0293,0.0000,0.0000,0.0213,0.0085,0.0439
0.2000,1.2394,1.8273,0.0478,0.0354,44.5122,76.0216,0.0000,0.0529,0.0529,-0.0227,0.0000,0.0000,0.0213,0.0085,0.0505
0.2000,1.2330,1.8473,0.0477,0.0285,44.4345,75.9257,0.0000,0.0484,0.0484,-0.0345,0.0000,0.0000,0.0171,0.0069,0.0622
0.2000,1.2178,1.8673,0.0460,0.0285,44.3564,75.8243,0.0000,0.0458,0.0458,-0.0281,0.0000,0.0000,0.0171,0.0069,0.0672
0.2000,1.2240,1.8873,0.0437,0.0285,44.2761,75.7162,0.0000,0.0437,0.0437,-0.0247,0.0000,0.0000,0.0171,0.0069,0.0640
0.2000,1.2693,1.9073,0.0423,0.0285,44.1990,75.6146,0.0000,0.0394,0.0394,-0.0232,0.0000,0.0000,0.0171,0.0069,0.0537
0.2000,1.3355,1.9273,0.0398,0.0285,44.1197,75.5049,0.0000,0.0380,0.0380,-0.0195,0.0000,0.0000,0.0171,0.0069,0.0512
0.2000,1.2652,1.9473,0.0431,0.0233,44.0466,75.3941,0.0000,0.0409,0.0409,-0.0677,0.0000,0.0000,0.0141,0.0056,0.0498
0.2000,1.3424,1.9673,0.0515,0.0233,43.9668,75.2891,0.0000,0.0290,0.0290,-0.0622,0.0000,0.0000,0.0141,0.0056,0.0482
0.2000,1.3171,1.9873,0.0599,0.0233,43.8854,75.1762,0.0000,0.0231,0.0231,-0.0587,0.0000,0.0000,0.0141,0.0056,0.0462
0.2000,1.3077,2.0073,0.0683,0.0233,43.8024,75.0644,0.0000,0.0146,0.0146,-0.0548,0.0000,0.0000,0.0141,0.0056,0.0452
0.2000,1.3804,2.0273,0.0726,0.0233,43.7213,74.9375,0.0000,0.0141,0.0141,-0.0488,0.0000,0.0000,0.0141,0.0056,0.0459
0.2000,1.3808,2.0473,0.0642,-0.0013,43.6363,74.8120,0.0000,0.0150,0.0150,-0.0237,0.0000,0.0000,-0.0008,-0.0003,0.0489
0.2000,1.4940,2.0673,0.0559,-0.0013,43.5555,74.6728,0.0000,0.0268,0.0268,-0.0125,0.0000,0.0000,-0.0008,-0.0003,0.0591
0.2000,1.5041,2.0873,0.0475,-0.0013,43.4693,74.5383,0.0000,0.0352,0.0352,0.0014,0.0000,0.0000,-0.0008,-0.0003,0.0731
0.2000,1.5984,2.1073,0.0473,0.0070,43.3780,74.3873,0.0000,0.0457,0.0457,0.0004,0.0000,0.0000,0.0042,0.0017,0.0773
0.2000,1.5857,2.1273,0.0389,0.0070,43.2882,74.2528,0.0000,0.0462,0.0462,0.0047,0.0000,0.0000,0.0042,0.0017,0.0717
0.2000,1.7514,2.1473,0.0305,0.0070,43.1889,74.1053,0.0000,0.0424,0.0424,0.0061,0.0000,0.0000,0.0042,0.0017,0.0593
0.2000,1.6036,2.1673,0.0221,0.0070,43.0904,73.9565,0.0000,0.0406,0.0406,0.0043,0.0000,0.0000,0.0042,0.0017,0.0499
0.2000,1.7632,2.1873,0.0137,0.0026,43.0020,73.8173,0.0000,0.0443,0.0443,-0.0023,0.0000,0.0000,0.0016,0.0006,0.0494
0.2000,1.7692,2.2073,0.0053,0.0026,42.9055,73.6574,0.0000,0.0475,0.0475,-0.0016,0.0000,0.0000,0.0016,0.0006,0.0424
0.2000,1.6358,2.2273,-0.0015,0.0026,42.8084,73.4986,0.0000,0.0476,0.0476,-0.0051,0.0000,0.0000,0.0016,0.0006,0.0340
0.1999,1.8520,2.2452,-0.0038,0.0026,42.7187,73.3479,0.0000,0.0499,0.0499,-0.0039,0.0000,0.0000,0.0016,0.0006,0.0271
0.2000,1.8465,2.2622,-0.0122,-0.0061,42.6136,73.1852,0.0000,0.0461,0.0461,0.0116,0.0000,0.0000,-0.0037,-0.0015,0.0175
0.2000,1.7391,2.2822,-0.0206,-0.0061,42.5111,73.0330,0.0000,0.0411,0.0411,0.0090,0.0000,0.0000,-0.0037,-0.0015,0.0097
0.1561,1.9207,2.2778,-0.0264,-0.0061,42.4086,72.8741,0.0000,0.0371,0.0371,0.0034,0.0000,0.0000,-0.0037,-0.0015,0.0036
0.2000,1.8193,2.2956,-0.0180,0.0044,42.3072,72.7212,0.0000,0.0324,0.0324,-0.0275,0.0000,0.0000,0.0026,0.0011,0.0014
0.2000,1.8744,2.3021,-0.0096,0.0044,42.1966,72.5637,0.0000,0.0111,0.0111,-0.0367,0.0000,0.0000,0.0026,0.0011,-0.0062
0.2000,1.8193,2.3175,-0.0012,0.0044,42.0953,72.4068,0.0000,0.0013,0.0013,-0.0435,0.0000,0.0000,0.0026,0.0011,-0.0132
0.1995,1.9097,2.3128,0.0071,0.0044,41.9909,72.2449,0.0000,-0.0098,-0.0098,-0.0483,0.0000,0.0000,0.0026,0.0011,-0.0189
0.2000,1.8514,2.3260,-0.0013,-0.0109,41.8849,72.0717,0.0000,-0.0074,-0.0074,-0.0130,0.0000,0.0000,-0.0066,-0.0026,-0.0127
0.2000,1.9099,2.3267,-0.0015,-0.0109,41.7761,71.9182,0.0000,-0.0116,-0.0116,-0.0066,0.0000,0.0000,-0.0066,-0.0026,-0.0046
-0.0637,2.0127,2.2929,-0.0040,-0.0109,41.6616,71.7589,0.0000,-0.0166,-0.0166,0.0011,0.0000,0.0000,-0.0066,-0.0026,0.0048
-0.0637,1.8657,2.3059,-0.0040,0.0063,41.5492,71.5961,0.0000,-0.0205,-0.0205,-0.0009,0.0000,0.0000,0.0038,0.0015,0.0112
-0.0625,1.9447,2.2990,0.0044,0.0063,41.4383,71.4284,0.0000,-0.0255,-0.0255,-0.0045,0.0000,0.0000,0.0038,0.0015,0.0046
0.0928,1.9608,2.2877,0.0128,0.0063,41.3368,71.2548,0.0000,-0.0166,-0.0166,-0.0035,0.0000,0.0000,0.0038,0.0015,0.0038
0.1893,1.9926,2.2660,0.0193,0.0063,41.2354,71.0857,0.0000,-0.0117,-0.0117,-0.0047,0.0000,0.0000,0.0038,0.0015,0.0019
0.1915,1.9950,2.2456,0.0253,0.0038,41.1324,70.9232,0.0000,-0.0191,-0.0191,-0.0515,0.0000,0.0000,0.0023,0.0009,0.0025
0.2000,1.9551,2.2414,0.0337,0.0038,41.0283,70.7560,0.0000,-0.0197,-0.0197,-0.0440,0.0000,0.0000,0.0023,0.0009,0.0099
0.2000,1.9072,2.2512,0.0421,0.0038,40.9213,70.5952,0.0000,-0.0281,-0.0281,-0.0386,0.0000,0.0000,0.0023,0.0009,0.0174
0.2000,1.9535,2.2471,0.0337,-0.0207,40.8209,70.4410,0.0000,-0.0331,-0.0331,0.0167,0.0000,0.0000,-0.0125,-0.0050,0.0222
0.2000,1.9144,2.2545,0.0253,-0.0207,40.7178,70.2701,0.0000,-0.0217,-0.0217,0.0250,0.0000,0.0000,-0.0125,-0.0050,0.0289
0.2000,1.8245,2.2745,0.0169,-0.0207,40.6139,70.1078,0.0000,-0.0167,-0.0167,0.0325,0.0000,0.0000,-0.0125,-0.0050,0.0353
0.0449,1.9797,2.2590,0.0086,-0.0207,40.5100,69.9457,0.0000,-0.0073,-0.0073,0.0434,0.0000,0.0000,-0.0125,-0.0050,0.0433
0.2000,1.9109,2.2661,0.0170,0.0024,40.4226,69.7699,0.0000,0.0146,0.0146,0.0483,0.0000,0.0000,0.0014,0.0006,0.0360
0.2000,1.9078,2.2733,0.0087,0.0024,40.3296,69.5985,0.0000,0.0314,0.0314,0.0478,0.0000,0.0000,0.0014,0.0006,0.0293
0.1999,1.9486,2.2684,0.0003,0.0024,40.2314,69.4277,0.0000,0.0426,0.0426,0.0455,0.0000,0.0000,0.0014,0.0006,0.0217
0.2000,1.9347,2.2683,-0.0081,0.0024,40.1291,69.2500,0.0000,0.0539,0.0539,0.0436,0.0000,0.0000,0.0014,0.0006,0.0138
0.2000,1.9536,2.2624,-0.0130,0.0059,40.0304,69.0736,0.0000,0.0654,0.0654,0.0201,0.0000,0.0000,0.0035,0.0014,0.0197
-0.2000,2.0332,2.2224,-0.0214,0.0059,39.9242,68.9022,0.0000,0.0637,0.0637,0.0176,0.0000,0.0000,0.0035,0.0014,0.0131
-0.2000,2.0038,2.1824,-0.0298,0.0059,39.8176,68.7301,0.0000,0.0586,0.0586,0.0119,0.0000,0.0000,0.0035,0.0014,0.0057
-0.2000,1.9998,2.1424,-0.0382,-0.0077,39.7162,68.5621,0.0000,0.0594,0.0594,0.0379,0.0000,0.0000,-0.0046,-0.0019,-0.0002
-0.2000,2.0067,2.1024,-0.0465,-0.0077,39.6177,68.3952,0.0000,0.0642,0.0642,0.0319,0.0000,0.0000,-0.0046,-0.0019,-0.0059
0.0855,1.9458,2.0892,-0.0549,-0.0077,39.5134,68.2310,0.0000,0.0604,0.0604,0.0243,0.0000,0.0000,-0.0046,-0.0019,-0.0133
0.1845,1.9219,2.0872,-0.0484,-0.0077,39.4079,68.0625,0.0000,0.0573,0.0573,0.0150,0.0000,0.0000,-0.0046,-0.0019,-0.0216
0.1486,1.9291,2.0825,-0.0400,0.0082,39.2992,67.9014,0.0000,0.0437,0.0437,-0.0123,0.0000,0.0000,0.0049,0.0020,-0.0294
-0.0973,1.9699,2.0604,-0.0316,0.0082,39.1907,67.7486,0.0000,0.0202,0.0202,-0.0281,0.0000,0.0000,0.0049,0.0020,-0.0372
0.1295,1.9293,2.0583,-0.0232,0.0082,39.0835,67.5911,0.0000,0.0048,0.0048,-0.0401,0.0000,0.0000,0.0049,0.0020,-0.0469
0.2000,1.8617,2.0783,-0.0233,-0.0003,38.9730,67.4266,0.0000,-0.0019,-0.0019,-0.0375,0.0000,0.0000,-0.0002,-0.0001,-0.0434
0.2000,1.8896,2.0891,-0.0149,-0.0003,38.8563,67.2687,0.0000,-0.0173,-0.0173,-0.0360,0.0000,0.0000,-0.0002,-0.0001,-0.0331
-0.0867,1.9654,2.0684,-0.0065,-0.0003,38.7464,67.1058,0.0000,-0.0251,-0.0251,-0.0354,0.0000,0.0000,-0.0002,-0.0001,-0.0252
0.0348,1.9483,2.0576,0.0019,-0.0003,38.6331,66.9417,0.0000,-0.0341,-0.0341,-0.0347,0.0000,0.0000,-0.0002,-0.0001,-0.0180
0.0325,1.9487,2.0476,0.0103,0.0011,38.5160,66.7818,0.0000,-0.0503,-0.0503,-0.0430,0.0000,0.0000,0.0006,0.0003,-0.0164
-0.1504,1.9775,2.0253,0.0187,0.0011,38.4056,66.6117,0.0000,-0.0536,-0.0536,-0.0401,0.0000,0.0000,0.0006,0.0003,-0.0089
-0.0710,1.9651,2.0112,0.0271,0.0011,38.2913,66.4453,0.0000,-0.0601,-0.0601,-0.0364,0.0000,0.0000,0.0006,0.0003,-0.0032
-0.2000,2.0104,1.9754,0.0312,-0.0032,38.1813,66.2772,0.0000,-0.0615,-0.0615,-0.0285,0.0000,0.0000,-0.0019,-0.0008,0.0044
-0.1999,2.0014,1.9482,0.0368,-0.0032,38.0737,66.1043,0.0000,-0.0546,-0.0546,-0.0203,0.0000,0.0000,-0.0019,-0.0008,0.0120
-0.2002,1.9924,1.9284,0.0319,-0.0032,37.9708,65.9389,0.0000,-0.0481,-0.0481,-0.0120,0.0000,0.0000,-0.0019,-0.0008,0.0213
-0.2000,2.0195,1.8959,0.0260,-0.0032,37.8632,65.7715,0.0000,-0.0443,-0.0443,-0.0034,0.0000,0.0000,-0.0019,-0.0008,0.0293
0.1238,1.9321,1.9091,0.0191,-0.0036,37.7541,65.6112,0.0000,-0.0437,-0.0437,0.0110,0.0000,0.0000,-0.0022,-0.0009,0.0331
-0.1296,1.9736,1.9026,0.0107,-0.0036,37.6544,65.4478,0.0000,-0.0339,-0.0339,0.0186,0.0000,0.0000,-0.0022,-0.0009,0.0381
0.1397,1.9221,1.9192,0.0023,-0.0036,37.5571,65.2925,0.0000,-0.0305,-0.0305,0.0194,0.0000,0.0000,-0.0022,-0.0009,0.0347
0.2000,1.8979,1.9392,-0.0061,-0.0036,37.4539,65.1244,0.0000,-0.0255,-0.0255,0.0197,0.0000,0.0000,-0.0022,-0.0009,0.0297
0.2000,1.8173,1.9592,-0.0068,-0.0003,37.3512,64.9602,0.0000,-0.0250,-0.0250,0.0153,0.0000,0.0000,-0.0002,-0.0001,0.0229
-0.0350,1.9561,1.9557,0.0016,-0.0003,37.2541,64.8036,0.0000,-0.0227,-0.0227,0.0131,0.0000,0.0000,-0.0002,-0.0001,0.0158
0.2001,1.9205,1.9676,0.0100,-0.0003,37.1579,64.6434,0.0000,-0.0207,-0.0207,0.0085,0.0000,0.0000,-0.0002,-0.0001,0.0101
0.1999,1.8263,1.9876,0.0066,-0.0003,37.0549,64.4904,0.0000,-0.0265,-0.0265,0.0060,0.0000,0.0000,-0.0002,-0.0001,0.0048
0.2000,1.8533,2.0076,0.0063,-0.0024,36.9510,64.3499,0.0000,-0.0396,-0.0396,0.0018,0.0000,0.0000,-0.0015,-0.0006,-0.0003
0.2000,1.8279,2.0276,0.0066,-0.0024,36.8497,64.1991,0.0000,-0.0440,-0.0440,0.0032,0.0000,0.0000,-0.0015,-0.0006,0.0026
0.2000,1.7326,2.0476,0.0039,-0.0024,36.7545,64.0503,0.0000,-0.0429,-0.0429,0.0074,0.0000,0.0000,-0.0015,-0.0006,0.0104
0.2000,1.8012,2.0676,0.0002,-0.0024,36.6621,63.8998,0.0000,-0.0381,-0.0381,0.0102,0.0000,0.0000,-0.0015,-0.0006,0.0118
0.2000,1.7515,2.0876,0.0047,-0.0063,36.5684,63.7498,0.0000,-0.0386,-0.0386,-0.0074,0.0000,0.0000,-0.0038,-0.0015,0.0112
0.2000,1.7514,2.1076,0.0081,-0.0063,36.4707,63.5889,0.0000,-0.0378,-0.0378,-0.0064,0.0000,0.0000,-0.0038,-0.0015,0.0113
0.2000,1.7535,2.1276,0.0095,-0.0063,36.3758,63.4442,0.0000,-0.0429,-0.0429,-0.0060,0.0000,0.0000,-0.0038,-0.0015,0.0095
0.2000,1.8668,2.1406,0.0011,-0.0208,36.2856,63.2957,0.0000,-0.0421,-0.0421,0.0105,0.0000,0.0000,-0.0125,-0.0050,0.0070
0.1999,1.7148,2.1606,-0.0072,-0.0208,36.1948,63.1480,0.0000,-0.0405,-0.0405,0.0111,0.0000,0.0000,-0.0125,-0.0050,0.0084
0.2000,1.7224,2.1806,-0.0156,-0.0208,36.1028,63.0054,0.0000,-0.0400,-0.0400,0.0147,0.0000,0.0000,-0.0125,-0.0050,0.0118
0.2000,1.7195,2.2006,-0.0240,-0.0208,36.0225,62.8570,0.0000,-0.0278,-0.0278,0.0164,0.0000,0.0000,-0.0125,-0.0050,0.0140
0.2000,1.6823,2.2206,-0.0285,-0.0208,35.9423,62.7100,0.0000,-0.0186,-0.0186,0.0144,0.0000,0.0000,-0.0125,-0.0050,0.0110
0.2000,1.6733,2.2406,-0.0325,-0.0177,35.8577,62.5643,0.0000,-0.0142,-0.0142,0.0218,0.0000,0.0000,-0.0106,-0.0043,0.0035
0.2000,1.6602,2.2606,-0.0293,-0.0177,35.7632,62.4167,0.0000,-0.0174,-0.0174,0.0148,0.0000,0.0000,-0.0106,-0.0043,-0.0047
0.2000,1.6698,2.2806,-0.0222,-0.0177,35.6710,62.2777,0.0000,-0.0235,-0.0235,0.0080,0.0000,0.0000,-0.0106,-0.0043,-0.0116
0.2000,1.7381,2.3006,-0.0138,-0.0177,35.5747,62.1277,0.0000,-0.0277,-0.0277,-0.0004,0.0000,0.0000,-0.0106,-0.0043,-0.0192
0.2000,1.7671,2.3167,-0.0054,-0.0134,35.4848,61.9846,0.0000,-0.0315,-0.0315,-0.0167,0.0000,0.0000,-0.0081,-0.0032,-0.0246
0.2000,1.7671,2.3312,0.0030,-0.0134,35.3863,61.8379,0.0000,-0.0378,-0.0378,-0.0183,0.0000,0.0000,-0.0081,-0.0032,-0.0229
0.2000,1.6753,2.3481,0.0071,-0.0134,35.2950,61.6965,0.0000,-0.0376,-0.0376,-0.0153,0.0000,0.0000,-0.0081,-0.0032,-0.0166
0.1999,1.7524,2.3610,0.0073,-0.0134,35.1991,61.5500,0.0000,-0.0392,-0.0392,-0.0122,0.0000,0.0000,-0.0081,-0.0032,-0.0093
0.2000,1.6692,2.3749,-0.0011,-0.0224,35.0984,61.4057,0.0000,-0.0437,-0.0437,0.0054,0.0000,0.0000,-0.0135,-0.0054,-0.0012
0.2000,1.7358,2.3863,-0.0095,-0.0224,35.0068,61.2589,0.0000,-0.0398,-0.0398,0.0065,0.0000,0.0000,-0.0135,-0.0054,0.0022
0.2000,1.7439,2.3961,-0.0178,-0.0224,34.9170,61.1207,0.0000,-0.0356,-0.0356,0.0125,0.0000,0.0000,-0.0135,-0.0054,0.0095
0.2000,1.7160,2.4063,-0.0245,-0.0224,34.8277,60.9822,0.0000,-0.0340,-0.0340,0.0141,0.0000,0.0000,-0.0135,-0.0054,0.0121
0.2000,1.6346,2.4156,-0.0303,-0.0197,34.7381,60.8395,0.0000,-0.0318,-0.0318,0.0232,0.0000,0.0000,-0.0119,-0.0048,0.0106
0.1999,1.6337,2.4241,-0.0300,-0.0197,34.6487,60.6933,0.0000,-0.0273,-0.0273,0.0182,0.0000,0.0000,-0.0119,-0.0048,0.0031
0.2000,1.6705,2.4317,-0.0239,-0.0197,34.5523,60.5543,0.0000,-0.0343,-0.0343,0.0104,0.0000,0.0000,-0.0119,-0.0048,-0.0065
0.2000,1.6986,2.4385,-0.0174,-0.0197,34.4591,60.4110,0.0000,-0.0362,-0.0362,0.0033,0.0000,0.0000,-0.0119,-0.0048,-0.0143
0.2000,1.6780,2.4447,-0.0091,-0.0199,34.3540,60.2774,0.0000,-0.0564,-0.0564,-0.0240,0.0000,0.0000,-0.0120,-0.0048,-0.0186
0.2000,1.6951,2.4502,-0.0007,-0.0199,34.2611,60.1333,0.0000,-0.0582,-0.0582,-0.0267,0.0000,0.0000,-0.0120,-0.0048,-0.0227
0.2000,1.6879,2.4552,0.0077,-0.0199,34.1713,59.9966,0.0000,-0.0603,-0.0603,-0.0268,0.0000,0.0000,-0.0120,-0.0048,-0.0211
0.2000,1.6997,2.4597,0.0159,-0.0199,34.0738,59.8562,0.0000,-0.0671,-0.0671,-0.0261,0.0000,0.0000,-0.0120,-0.0048,-0.0155
0.2000,1.6219,2.4637,0.0243,-0.0199,33.9720,59.7242,0.0000,-0.0791,-0.0791,-0.0225,0.0000,0.0000,-0.0120,-0.0048,-0.0083
0.1999,1.6948,2.4673,0.0159,-0.0369,33.8752,59.5850,0.0000,-0.0802,-0.0802,0.0047,0.0000,0.0000,-0.0222,-0.0089,-0.0010
0.2000,1.6535,2.4706,0.0075,-0.0369,33.7801,59.4421,0.0000,-0.0762,-0.0762,0.0099,0.0000,0.0000,-0.0222,-0.0089,0.0065
0.2000,1.6803,2.4735,-0.0009,-0.0369,33.6880,59.3010,0.0000,-0.0704,-0.0704,0.0153,0.0000,0.0000,-0.0222,-0.0089,0.0142
0.2000,1.7027,2.4762,-0.0093,-0.0369,33.5982,59.1648,0.0000,-0.0628,-0.0628,0.0238,0.0000,0.0000,-0.0222,-0.0089,0.0214
0.1999,1.6706,2.4786,-0.0134,-0.0326,33.5140,59.0222,0.0000,-0.0478,-0.0478,0.0514,0.0000,0.0000,-0.0197,-0.0079,0.0262
0.2000,1.6179,2.4807,-0.0217,-0.0326,33.4261,58.8729,0.0000,-0.0346,-0.0346,0.0485,0.0000,0.0000,-0.0197,-0.0079,0.0192
0.2000,1.6422,2.4826,-0.0301,-0.0326,33.3385,58.7323,0.0000,-0.0263,-0.0263,0.0437,0.0000,0.0000,-0.0197,-0.0079,0.0116
0.2000,1.7172,2.4841,-0.0385,-0.0326,33.2512,58.5901,0.0000,-0.0167,-0.0167,0.0380,0.0000,0.0000,-0.0197,-0.0079,0.0042
0.2000,1.6425,2.4857,-0.0413,-0.0269,33.1562,58.4559,0.0000,-0.0187,-0.0187,0.0622,0.0000,0.0000,-0.0162,-0.0065,-0.0046
0.2000,1.6536,2.4872,-0.0497,-0.0269,33.0544,58.3134,0.0000,-0.0160,-0.0160,0.0572,0.0000,0.0000,-0.0162,-0.0065,-0.0103
0.2000,1.6314,2.4884,-0.0581,-0.0269,32.9579,58.1726,0.0000,-0.0139,-0.0139,0.0481,0.0000,0.0000,-0.0162,-0.0065,-0.0183
0.1999,1.7358,2.4885,-0.0589,-0.0269,32.8509,58.0318,0.0000,-0.0170,-0.0170,0.0388,0.0000,0.0000,-0.0162,-0.0065,-0.0264
0.1999,1.6936,2.4897,-0.0505,-0.0170,32.7524,57.9027,0.0000,-0.0243,-0.0243,0.0298,0.0000,0.0000,-0.0102,-0.0041,-0.0318
0.1999,1.7547,2.4882,-0.0421,-0.0170,32.6556,57.7724,0.0000,-0.0322,-0.0322,0.0159,0.0000,0.0000,-0.0102,-0.0041,-0.0365
0.2000,1.6113,2.4894,-0.0337,-0.0170,32.5569,57.6346,0.0000,-0.0338,-0.0338,0.0081,0.0000,0.0000,-0.0102,-0.0041,-0.0480
0.2000,1.6126,2.4904,-0.0253,-0.0170,32.4446,57.5049,0.0000,-0.0540,-0.0540,-0.0051,0.0000,0.0000,-0.0102,-0.0041,-0.0551
0.1999,1.6808,2.4914,-0.0209,-0.0211,32.3390,57.3717,0.0000,-0.0622,-0.0622,-0.0492,0.0000,0.0000,-0.0127,-0.0051,-0.0522
0.2000,1.7061,2.4922,-0.0126,-0.0211,32.2354,57.2362,0.0000,-0.0704,-0.0704,-0.0458,0.0000,0.0000,-0.0127,-0.0051,-0.0377
0.2000,1.6856,2.4930,-0.0042,-0.0211,32.1262,57.1008,0.0000,-0.0836,-0.0836,-0.0457,0.0000,0.0000,-0.0127,-0.0051,-0.0316
0.2000,1.6905,2.4937,0.0042,-0.0211,32.0167,56.9579,0.0000,-0.0919,-0.0919,-0.0436,0.0000,0.0000,-0.0127,-0.0051,-0.0234
0.2000,1.7261,2.4938,-0.0042,-0.0498,31.9083,56.8157,0.0000,-0.0958,-0.0958,0.0029,0.0000,0.0000,-0.0300,-0.0120,-0.0156
0.2000,1.7851,2.4882,-0.0124,-0.0498,31.8080,56.6712,0.0000,-0.0875,-0.0875,0.0041,0.0000,0.0000,-0.0300,-0.0120,-0.0106
0.1999,1.7734,2.4847,-0.0208,-0.0498,31.6999,56.5250,0.0000,-0.0813,-0.0813,0.0107,0.0000,0.0000,-0.0300,-0.0120,0.0002
0.1999,1.7433,2.4847,-0.0290,-0.0498,31.5976,56.3763,0.0000,-0.0720,-0.0720,0.0126,0.0000,0.0000,-0.0300,-0.0120,0.0057
0.2000,1.8034,2.4770,-0.0206,-0.0366,31.4902,56.2191,0.0000,-0.0668,-0.0668,0.0035,0.0000,0.0000,-0.0220,-0.0088,0.0033
0.2000,1.7889,2.4725,-0.0122,-0.0366,31.3847,56.0733,0.0000,-0.0662,-0.0662,-0.0029,0.0000,0.0000,-0.0220,-0.0088,-0.0057
0.1692,1.8864,2.4449,-0.0043,-0.0366,31.2737,55.9351,0.0000,-0.0754,-0.0754,-0.0099,0.0000,0.0000,-0.0220,-0.0088,-0.0139
0.1692,1.7845,2.4443,-0.0043,-0.0366,31.1604,55.7955,0.0000,-0.0846,-0.0846,-0.0158,0.0000,0.0000,-0.0220,-0.0088,-0.0213
0.2000,1.7578,2.4470,-0.0127,-0.0454,31.0492,55.6575,0.0000,-0.0823,-0.0823,0.0270,0.0000,0.0000,-0.0274,-0.0109,-0.0126
0.2000,1.7834,2.4463,-0.0210,-0.0454,30.9381,55.5167,0.0000,-0.0771,-0.0771,0.0301,0.0000,0.0000,-0.0274,-0.0109,-0.0052
0.2000,1.7563,2.4490,-0.0294,-0.0454,30.8244,55.3742,0.0000,-0.0738,-0.0738,0.0330,0.0000,0.0000,-0.0274,-0.0109,0.0014
0.1999,1.7792,2.4487,-0.0255,-0.0330,30.7245,55.2357,0.0000,-0.0633,-0.0633,0.0702,0.0000,0.0000,-0.0199,-0.0079,0.0004
0.1999,1.8071,2.4439,-0.0338,-0.0330,30.6167,55.1087,0.0000,-0.0621,-0.0621,0.0647,0.0000,0.0000,-0.0199,-0.0079,-0.0047
0.2000,1.6930,2.4495,-0.0422,-0.0330,30.5009,54.9781,0.0000,-0.0711,-0.0711,0.0557,0.0000,0.0000,-0.0199,-0.0079,-0.0145
0.2000,1.6522,2.4546,-0.0506,-0.0330,30.3810,54.8536,0.0000,-0.0826,-0.0826,0.0499,0.0000,0.0000,-0.0199,-0.0079,-0.0216
0.2000,1.7323,2.4583,-0.0532,-0.0330,30.2551,54.7211,0.0000,-0.0901,-0.0901,0.0460,0.0000,0.0000,-0.0199,-0.0079,-0.0186
0.2000,1.7149,2.4623,-0.0448,-0.0199,30.1378,54.5873,0.0000,-0.0950,-0.0950,0.0366,0.0000,0.0000,-0.0120,-0.0048,-0.0264
0.2000,1.8143,2.4547,-0.0364,-0.0199,30.0164,54.4548,0.0000,-0.1023,-0.1023,0.0270,0.0000,0.0000,-0.0120,-0.0048,-0.0334
0.1999,1.7658,2.4556,-0.0280,-0.0199,29.9004,54.3137,0.0000,-0.1086,-0.1086,0.0098,0.0000,0.0000,-0.0120,-0.0048,-0.0461
0.2000,1.7822,2.4542,-0.0241,-0.0244,29.7775,54.1745,0.0000,-0.1113,-0.1113,0.0091,0.0000,0.0000,-0.0147,-0.0059,-0.0502
0.2000,1.8132,2.4477,-0.0158,-0.0244,29.6555,54.0417,0.0000,-0.1181,-0.1181,0.0065,0.0000,0.0000,-0.0147,-0.0059,-0.0388
0.2000,1.8416,2.4355,-0.0074,-0.0244,29.5338,53.9091,0.0000,-0.1178,-0.1178,0.0114,0.0000,0.0000,-0.0147,-0.0059,-0.0289
0.2000,1.7900,2.4350,-0.0007,-0.0244,29.4168,53.7807,0.0000,-0.1206,-0.1206,0.0128,0.0000,0.0000,-0.0147,-0.0059,-0.0207
0.1999,1.7843,2.4353,-0.0091,-0.0276,29.3030,53.6526,0.0000,-0.1193,-0.1193,0.0268,0.0000,0.0000,-0.0166,-0.0066,-0.0164
0.1999,1.7228,2.4414,-0.0173,-0.0276,29.1872,53.5121,0.0000,-0.1094,-0.1094,0.0299,0.0000,0.0000,-0.0166,-0.0066,-0.0099
0.2000,1.6994,2.4473,-0.0254,-0.0276,29.0711,53.3774,0.0000,-0.1023,-0.1023,0.0336,0.0000,0.0000,-0.0166,-0.0066,-0.0026
0.2000,1.8053,2.4429,-0.0334,-0.0276,28.9536,53.2440,0.0000,-0.0958,-0.0958,0.0365,0.0000,0.0000,-0.0166,-0.0066,0.0043
0.1999,1.7633,2.4452,-0.0250,-0.0257,28.8302,53.1124,0.0000,-0.1034,-0.1034,0.0085,0.0000,0.0000,-0.0155,-0.0062,-0.0032
0.2000,1.7621,2.4474,-0.0166,-0.0257,28.7111,52.9757,0.0000,-0.1068,-0.1068,0.0013,0.0000,0.0000,-0.0155,-0.0062,-0.0111
0.2000,1.7898,2.4457,-0.0082,-0.0257,28.5939,52.8463,0.0000,-0.1144,-0.1144,-0.0069,0.0000,0.0000,-0.0155,-0.0062,-0.0189
0.2000,1.7969,2.4431,0.0002,-0.0257,28.4833,52.7084,0.0000,-0.1148,-0.1148,-0.0182,0.0000,0.0000,-0.0155,-0.0062,-0.0251
0.2000,1.7316,2.4479,-0.0082,-0.0417,28.3577,52.5736,0.0000,-0.1145,-0.1145,0.0404,0.0000,0.0000,-0.0251,-0.0100,-0.0195
0.2000,1.7517,2.4509,-0.0166,-0.0417,28.2397,52.4511,0.0000,-0.1105,-0.1105,0.0448,0.0000,0.0000,-0.0251,-0.0100,-0.0108
0.2000,1.8264,2.4419,-0.0250,-0.0417,28.1232,52.3199,0.0000,-0.0979,-0.0979,0.0489,0.0000,0.0000,-0.0251,-0.0100,-0.0029
0.2000,1.6864,2.4477,-0.0334,-0.0417,28.0022,52.1884,0.0000,-0.0944,-0.0944,0.0523,0.0000,0.0000,-0.0251,-0.0100,0.0050
0.2000,1.7393,2.4517,-0.0250,-0.0197,27.8905,52.0566,0.0000,-0.0823,-0.0823,0.0721,0.0000,0.0000,-0.0119,-0.0047,-0.0011
0.2000,1.7717,2.4521,-0.0334,-0.0197,27.7659,51.9324,0.0000,-0.0832,-0.0832,0.0642,0.0000,0.0000,-0.0119,-0.0047,-0.0102
0.2000,1.7129,2.4568,-0.0417,-0.0197,27.6464,51.7936,0.0000,-0.0736,-0.0736,0.0563,0.0000,0.0000,-0.0119,-0.0047,-0.0180
0.1999,1.7457,2.4594,-0.0450,-0.0197,27.5222,51.6698,0.0000,-0.0753,-0.0753,0.0481,0.0000,0.0000,-0.0119,-0.0047,-0.0254
0.2000,1.8150,2.4520,-0.0366,-0.0095,27.4048,51.5420,0.0000,-0.0672,-0.0672,0.0319,0.0000,0.0000,-0.0057,-0.0023,-0.0191
0.1999,1.7400,2.4554,-0.0282,-0.0095,27.2778,51.4097,0.0000,-0.0735,-0.0735,0.0204,0.0000,0.0000,-0.0057,-0.0023,-0.0241
0.2000,1.7205,2.4596,-0.0198,-0.0095,27.1495,51.2838,0.0000,-0.0782,-0.0782,0.0150,0.0000,0.0000,-0.0057,-0.0023,-0.0313
0.2000,1.8196,2.4512,-0.0114,-0.0095,27.0287,51.1512,0.0000,-0.0776,-0.0776,0.0027,0.0000,0.0000,-0.0057,-0.0023,-0.0368
0.1999,1.7829,2.4502,-0.0198,-0.0183,26.8985,51.0260,0.0000,-0.0782,-0.0782,0.0237,0.0000,0.0000,-0.0110,-0.0044,-0.0302
0.2000,1.7785,2.4499,-0.0220,-0.0183,26.7719,50.9086,0.0000,-0.0809,-0.0809,0.0262,0.0000,0.0000,-0.0110,-0.0044,-0.0222
0.2000,1.7902,2.4479,-0.0259,-0.0183,26.6543,50.7867,0.0000,-0.0731,-0.0731,0.0296,0.0000,0.0000,-0.0110,-0.0044,-0.0141
0.1999,1.7132,2.4530,-0.0306,-0.0183,26.5357,50.6588,0.0000,-0.0641,-0.0641,0.0323,0.0000,0.0000,-0.0110,-0.0044,-0.0058
0.2000,1.6788,2.4577,-0.0313,-0.0105,26.4138,50.5424,0.0000,-0.0676,-0.0676,0.0473,0.0000,0.0000,-0.0063,-0.0025,-0.0104
0.1999,1.7292,2.4612,-0.0318,-0.0105,26.2851,50.4304,0.0000,-0.0748,-0.0748,0.0420,0.0000,0.0000,-0.0063,-0.0025,-0.0148
0.2000,1.6714,2.4651,-0.0289,-0.0105,26.1569,50.3068,0.0000,-0.0760,-0.0760,0.0367,0.0000,0.0000,-0.0063,-0.0025,-0.0183
0.2000,1.6934,2.4686,-0.0253,-0.0105,26.0331,50.1818,0.0000,-0.0715,-0.0715,0.0309,0.0000,0.0000,-0.0063,-0.0025,-0.0229
0.2000,1.7655,2.4681,-0.0169,-0.0012,25.9078,50.0602,0.0000,-0.0715,-0.0715,0.0052,0.0000,0.0000,-0.0008,-0.0003,-0.0253
0.2000,1.7454,2.4695,-0.0085,-0.0012,25.7803,49.9374,0.0000,-0.0745,-0.0745,0.0020,0.0000,0.0000,-0.0008,-0.0003,-0.0248
0.2000,1.7312,2.4718,-0.0001,-0.0012,25.6478,49.8162,0.0000,-0.0816,-0.0816,-0.0005,0.0000,0.0000,-0.0008,-0.0003,-0.0230
0.2000,1.7558,2.4720,0.0082,-0.0012,25.5189,49.7042,0.0000,-0.0910,-0.0910,-0.0007,0.0000,0.0000,-0.0008,-0.0003,-0.0192
0.2000,1.7810,2.4745,-0.0002,-0.0115,25.3893,49.5863,0.0000,-0.0929,-0.0929,0.0290,0.0000,0.0000,-0.0069,-0.0028,-0.0133
0.2000,1.6937,2.4770,-0.0086,-0.0115,25.2629,49.4627,0.0000,-0.0856,-0.0856,0.0345,0.0000,0.0000,-0.0069,-0.0028,-0.0031
0.2000,1.7369,2.4793,-0.0169,-0.0115,25.1365,49.3336,0.0000,-0.0721,-0.0721,0.0390,0.0000,0.0000,-0.0069,-0.0028,0.0045
0.2000,1.7526,2.4814,-0.0253,-0.0115,25.0106,49.2107,0.0000,-0.0633,-0.0633,0.0436,0.0000,0.0000,-0.0069,-0.0028,0.0120
0.1999,1.7918,2.4818,-0.0169,0.0027,24.8770,49.0955,0.0000,-0.0691,-0.0691,0.0330,0.0000,0.0000,0.0016,0.0007,0.0073
0.2000,1.7434,2.4836,-0.0107,0.0027,24.7496,48.9710,0.0000,-0.0684,-0.0684,0.0272,0.0000,0.0000,0.0016,0.0007,0.0004
0.2000,1.7497,2.4852,-0.0023,0.0027,24.6163,48.8479,0.0000,-0.0774,-0.0774,0.0145,0.0000,0.0000,0.0016,0.0007,-0.0082
0.2000,1.7660,2.4865,0.0061,0.0027,24.4803,48.7358,0.0000,-0.0884,-0.0884,0.0111,0.0000,0.0000,0.0016,0.0007,-0.0163
0.2000,1.8002,2.4857,0.0016,-0.0020,24.3674,48.6114,0.0000,-0.0760,-0.0760,0.0167,0.0000,0.0000,-0.0012,-0.0005,-0.0137
0.2000,1.7466,2.4872,-0.0019,-0.0020,24.2309,48.4983,0.0000,-0.0806,-0.0806,0.0229,0.0000,0.0000,-0.0012,-0.0005,-0.0078
0.2000,1.6651,2.4885,-0.0085,-0.0020,24.0997,48.3736,0.0000,-0.0740,-0.0740,0.0294,0.0000,0.0000,-0.0012,-0.0005,0.0013
0.2000,1.7569,2.4896,-0.0140,-0.0020,23.9748,48.2574,0.0000,-0.0681,-0.0681,0.0334,0.0000,0.0000,-0.0012,-0.0005,0.0062
0.2000,1.7941,2.4890,-0.0178,0.0026,23.8500,48.1370,0.0000,-0.0596,-0.0596,0.0500,0.0000,0.0000,0.0016,0.0006,0.0084
0.2000,1.6909,2.4901,-0.0249,0.0026,23.7198,48.0177,0.0000,-0.0599,-0.0599,0.0474,0.0000,0.0000,0.0016,0.0006,0.0047
0.1999,1.7195,2.4911,-0.0216,0.0026,23.5893,47.8868,0.0000,-0.0545,-0.0545,0.0374,0.0000,0.0000,0.0016,0.0006,-0.0010
0.1999,1.7516,2.4920,-0.0205,0.0026,23.4573,47.7691,0.0000,-0.0520,-0.0520,0.0373,0.0000,0.0000,0.0016,0.0006,-0.0046
0.1999,1.8321,2.4870,-0.0121,0.0111,23.3262,47.6537,0.0000,-0.0535,-0.0535,0.0228,0.0000,0.0000,0.0067,0.0027,-0.0089
0.1999,1.7523,2.4883,-0.0037,0.0111,23.1880,47.5367,0.0000,-0.0631,-0.0631,0.0181,0.0000,0.0000,0.0067,0.0027,-0.0142
0.2000,1.7326,2.4895,0.0047,0.0111,23.0548,47.4209,0.0000,-0.0689,-0.0689,0.0151,0.0000,0.0000,0.0067,0.0027,-0.0156
0.2000,1.7958,2.4888,0.0124,0.0111,22.9215,47.3072,0.0000,-0.0742,-0.0742,0.0142,0.0000,0.0000,0.0067,0.0027,-0.0136
0.2000,1.7499,2.4899,0.0156,0.0059,22.7909,47.1770,0.0000,-0.0714,-0.0714,-0.0061,0.0000,0.0000,0.0036,0.0014,-0.0104
0.2000,1.7375,2.4909,0.0175,0.0059,22.6507,47.0586,0.0000,-0.0755,-0.0755,0.0022,0.0000,0.0000,0.0036,0.0014,0.0003
-0.0102,1.8280,2.4509,0.0258,0.0059,22.5215,46.9371,0.0000,-0.0712,-0.0712,0.0073,0.0000,0.0000,0.0036,0.0014,0.0053
0.2001,1.8182,2.4155,0.0195,0.0059,22.3904,46.8202,0.0000,-0.0712,-0.0712,0.0136,0.0000,0.0000,0.0036,0.0014,0.0129
0.2001,1.7586,2.4031,0.0195,-0.0007,22.2539,46.7001,0.0000,-0.0731,-0.0731,0.0191,0.0000,0.0000,-0.0004,-0.0002,0.0192
0.2000,1.8023,2.3783,0.0111,-0.0007,22.1180,46.5765,0.0000,-0.0719,-0.0719,0.0232,0.0000,0.0000,-0.0004,-0.0002,0.0210
0.2000,1.8023,2.3559,0.0027,-0.0007,21.9865,46.4560,0.0000,-0.0690,-0.0690,0.0299,0.0000,0.0000,-0.0004,-0.0002,0.0271
0.2000,1.8203,2.3292,-0.0042,0.0008,21.8543,46.3284,0.0000,-0.0636,-0.0636,0.0403,0.0000,0.0000,0.0005,0.0002,0.0259
0.2001,1.7687,2.3226,-0.0126,0.0008,21.7305,46.1929,0.0000,-0.0514,-0.0514,0.0358,0.0000,0.0000,0.0005,0.0002,0.0233
0.2000,1.8217,2.2987,-0.0210,0.0008,21.6009,46.0686,0.0000,-0.0438,-0.0438,0.0380,0.0000,0.0000,0.0005,0.0002,0.0199
0.2000,1.8188,2.2783,-0.0220,0.0008,21.4716,45.9490,0.0000,-0.0439,-0.0439,0.0351,0.0000,0.0000,0.0005,0.0002,0.0125
0.2000,1.7805,2.2732,-0.0136,0.0043,21.3399,45.8181,0.0000,-0.0390,-0.0390,0.0195,0.0000,0.0000,0.0026,0.0010,0.0066
0.1999,1.7463,2.2782,-0.0052,0.0043,21.2077,45.7001,0.0000,-0.0466,-0.0466,0.0148,0.0000,0.0000,0.0026,0.0010,0.0010
0.0778,1.8412,2.2509,0.0032,0.0043,21.0667,45.5619,0.0000,-0.0515,-0.0515,0.0020,0.0000,0.0000,0.0026,0.0010,-0.0070
0.2001,1.7573,2.2553,0.0116,0.0043,20.9342,45.4368,0.0000,-0.0513,-0.0513,0.0000,0.0000,0.0000,0.0026,0.0010,-0.0144
-0.2000,1.9568,2.2153,0.0133,-0.0024,20.8022,45.3169,0.0000,-0.0548,-0.0548,-0.0032,0.0000,0.0000,-0.0014,-0.0006,-0.0134
0.2000,1.8070,2.2076,0.0171,-0.0024,20.6828,45.1914,0.0000,-0.0478,-0.0478,-0.0031,0.0000,0.0000,-0.0014,-0.0006,-0.0052
0.1999,1.7681,2.2132,0.0117,-0.0024,20.5452,45.0664,0.0000,-0.0455,-0.0455,0.0057,0.0000,0.0000,-0.0014,-0.0006,0.0023
0.1999,1.7161,2.2309,0.0033,-0.0024,20.4121,44.9427,0.0000,-0.0429,-0.0429,0.0124,0.0000,0.0000,-0.0014,-0.0006,0.0098
-0.1774,1.8425,2.1909,-0.0051,-0.0037,20.2812,44.8226,0.0000,-0.0377,-0.0377,0.0460,0.0000,0.0000,-0.0022,-0.0009,0.0166
-0.1396,1.8020,2.1509,-0.0135,-0.0037,20.1470,44.6886,0.0000,-0.0263,-0.0263,0.0485,0.0000,0.0000,-0.0022,-0.0009,0.0187
0.2002,1.7610,2.1643,-0.0219,-0.0037,20.0069,44.5642,0.0000,-0.0268,-0.0268,0.0499,0.0000,0.0000,-0.0022,-0.0009,0.0194
-0.2000,1.8810,2.1243,-0.0303,-0.0037,19.8739,44.4466,0.0000,-0.0270,-0.0270,0.0463,0.0000,0.0000,-0.0022,-0.0009,0.0126
-0.2000,1.8569,2.0843,-0.0219,0.0108,19.7311,44.3245,0.0000,-0.0361,-0.0361,0.0300,0.0000,0.0000,0.0065,0.0026,0.0053
-0.2000,1.7607,2.0443,-0.0135,0.0108,19.5867,44.2014,0.0000,-0.0481,-0.0481,0.0234,0.0000,0.0000,0.0065,0.0026,-0.0024
-0.2000,1.8622,2.0043,-0.0051,0.0108,19.4571,44.0736,0.0000,-0.0497,-0.0497,0.0117,0.0000,0.0000,0.0065,0.0026,-0.0078
-0.2000,1.8824,1.9643,-0.0021,0.0054,19.3252,43.9457,0.0000,-0.0517,-0.0517,-0.0036,0.0000,0.0000,0.0033,0.0013,-0.0163
-0.2000,1.8041,1.9243,0.0063,0.0054,19.1941,43.8249,0.0000,-0.0508,-0.0508,-0.0034,0.0000,0.0000,0.0033,0.0013,-0.0212
-0.2000,1.8212,1.8843,0.0147,0.0054,19.0591,43.7079,0.0000,-0.0543,-0.0543,0.0013,0.0000,0.0000,0.0033,0.0013,-0.0131
-0.2001,1.7678,1.8570,0.0183,0.0054,18.9340,43.5776,0.0000,-0.0456,-0.0456,0.0015,0.0000,0.0000,0.0033,0.0013,-0.0051
-0.2000,1.7716,1.8304,0.0201,0.0054,18.7901,43.4667,0.0000,-0.0561,-0.0561,0.0100,0.0000,0.0000,0.0033,0.0013,0.0024
-0.1999,1.7893,1.7962,0.0120,0.0051,18.6540,43.3550,0.0000,-0.0623,-0.0623,0.0203,0.0000,0.0000,0.0031,0.0012,0.0078
-0.2000,1.7989,1.7595,0.0041,0.0051,18.5222,43.2394,0.0000,-0.0612,-0.0612,0.0275,0.0000,0.0000,0.0031,0.0012,0.0151
0.0298,1.7453,1.7569,-0.0040,0.0051,18.4105,43.1116,0.0000,-0.0439,-0.0439,0.0280,0.0000,0.0000,0.0031,0.0012,0.0209
0.0588,1.7371,1.7588,-0.0124,0.0051,18.2878,42.9918,0.0000,-0.0337,-0.0337,0.0342,0.0000,0.0000,0.0031,0.0012,0.0233
0.2000,1.6826,1.7788,-0.0040,0.0094,18.1750,42.8673,0.0000,-0.0246,-0.0246,-0.0033,0.0000,0.0000,0.0057,0.0023,0.0215
0.2000,1.7006,1.7958,0.0044,0.0094,18.0441,42.7560,0.0000,-0.0354,-0.0354,-0.0033,0.0000,0.0000,0.0057,0.0023,0.0139
0.2000,1.6655,1.8158,0.0128,0.0094,17.9061,42.6474,0.0000,-0.0549,-0.0549,-0.0061,0.0000,0.0000,0.0057,0.0023,0.0062
0.2000,1.7014,1.8288,0.0212,0.0094,17.7856,42.5213,0.0000,-0.0560,-0.0560,-0.0158,0.0000,0.0000,0.0057,0.0023,-0.0019
0.0672,1.7410,1.8215,0.0130,-0.0072,17.6687,42.4057,0.0000,-0.0528,-0.0528,-0.0166,0.0000,0.0000,-0.0043,-0.0017,-0.0002
0.2000,1.7286,1.8212,0.0214,-0.0072,17.5496,42.2951,0.0000,-0.0528,-0.0528,-0.0087,0.0000,0.0000,-0.0043,-0.0017,0.0072
0.2000,1.6302,1.8412,0.0215,-0.0072,17.4421,42.1666,0.0000,-0.0362,-0.0362,-0.0061,0.0000,0.0000,-0.0043,-0.0017,0.0154
0.1999,1.6116,1.8612,0.0131,-0.0072,17.3283,42.0481,0.0000,-0.0278,-0.0278,0.0008,0.0000,0.0000,-0.0043,-0.0017,0.0220
0.1999,1.6600,1.8812,0.0047,-0.0093,17.2036,41.9401,0.0000,-0.0345,-0.0345,0.0526,0.0000,0.0000,-0.0056,-0.0022,0.0189
0.2000,1.6296,1.9012,-0.0036,-0.0093,17.0839,41.8311,0.0000,-0.0307,-0.0307,0.0581,0.0000,0.0000,-0.0056,-0.0022,0.0242
0.2000,1.6347,1.9212,-0.0120,-0.0093,16.9847,41.7178,0.0000,-0.0146,-0.0146,0.0560,0.0000,0.0000,-0.0056,-0.0022,0.0253
0.2000,1.6049,1.9412,-0.0204,-0.0093,16.8832,41.5932,0.0000,0.0078,0.0078,0.0520,0.0000,0.0000,-0.0056,-0.0022,0.0179
0.2000,1.4918,1.9612,-0.0288,-0.0093,16.7872,41.4865,0.0000,0.0190,0.0190,0.0487,0.0000,0.0000,-0.0056,-0.0022,0.0126
0.2000,1.5934,1.9812,-0.0204,0.0183,16.6781,41.3920,0.0000,0.0156,0.0156,0.0367,0.0000,0.0000,0.0110,0.0044,0.0033
0.1999,1.4227,2.0012,-0.0231,0.0183,16.5657,41.2871,0.0000,0.0145,0.0145,0.0350,0.0000,0.0000,0.0110,0.0044,-0.0051
0.1999,1.4323,2.0212,-0.0194,0.0183,16.4440,41.1861,0.0000,0.0056,0.0056,0.0307,0.0000,0.0000,0.0110,0.0044,-0.0132
0.1999,1.5230,2.0412,-0.0112,0.0183,16.3411,41.0827,0.0000,0.0074,0.0074,0.0200,0.0000,0.0000,0.0110,0.0044,-0.0192
0.1999,1.5686,2.0612,-0.0041,0.0183,16.2367,40.9934,0.0000,0.0006,0.0006,0.0172,0.0000,0.0000,0.0110,0.0044,-0.0142
0.2000,1.4467,2.0812,0.0043,0.0198,16.1193,40.8952,0.0000,-0.0053,-0.0053,0.0046,0.0000,0.0000,0.0119,0.0048,-0.0135
0.2000,1.3635,2.1012,0.0127,0.0198,16.0157,40.7953,0.0000,-0.0063,-0.0063,0.0016,0.0000,0.0000,0.0119,0.0048,-0.0114
0.2000,1.5167,2.1212,0.0144,0.0198,15.8958,40.6909,0.0000,-0.0094,-0.0094,0.0067,0.0000,0.0000,0.0119,0.0048,-0.0034
0.1999,1.4268,2.1395,0.0130,0.0198,15.7725,40.5772,0.0000,-0.0093,-0.0093,0.0109,0.0000,0.0000,0.0119,0.0048,0.0021
0.1999,1.5762,2.1559,0.0109,0.0184,15.6497,40.4628,0.0000,-0.0065,-0.0065,0.0101,0.0000,0.0000,0.0111,0.0044,0.0090
-0.1344,1.6628,2.1189,0.0025,0.0184,15.5258,40.3445,0.0000,-0.0031,-0.0031,0.0158,0.0000,0.0000,0.0111,0.0044,0.0171
0.0989,1.6636,2.0852,-0.0058,0.0184,15.4042,40.2253,0.0000,0.0008,0.0008,0.0179,0.0000,0.0000,0.0111,0.0044,0.0189
-0.1074,1.6982,2.0452,-0.0037,0.0184,15.2930,40.0950,0.0000,0.0162,0.0162,0.0148,0.0000,0.0000,0.0111,0.0044,0.0174
-0.2000,1.6890,2.0055,-0.0080,0.0225,15.1629,39.9748,0.0000,0.0174,0.0174,0.0348,0.0000,0.0000,0.0136,0.0054,0.0156
-0.2000,1.6970,1.9655,-0.0164,0.0225,15.0376,39.8578,0.0000,0.0183,0.0183,0.0323,0.0000,0.0000,0.0136,0.0054,0.0084
-0.2000,1.7562,1.9255,-0.0181,0.0225,14.9258,39.7308,0.0000,0.0308,0.0308,0.0235,0.0000,0.0000,0.0136,0.0054,0.0017
-0.2000,1.6989,1.8923,-0.0265,0.0225,14.7965,39.6096,0.0000,0.0336,0.0336,0.0259,0.0000,0.0000,0.0136,0.0054,0.0029
0.0367,1.6762,1.8747,-0.0181,0.0396,14.6598,39.4849,0.0000,0.0234,0.0234,-0.0252,0.0000,0.0000,0.0239,0.0096,-0.0007
-0.2000,1.7567,1.8347,-0.0100,0.0396,14.5241,39.3662,0.0000,0.0095,0.0095,-0.0278,0.0000,0.0000,0.0239,0.0096,-0.0082
-0.1999,1.8359,1.7947,-0.0016,0.0396,14.3918,39.2470,0.0000,-0.0035,-0.0035,-0.0310,0.0000,0.0000,0.0239,0.0096,-0.0102
-0.2000,1.7866,1.7547,0.0068,0.0396,14.2511,39.1147,0.0000,-0.0172,-0.0172,-0.0421,0.0000,0.0000,0.0239,0.0096,-0.0179
-0.2000,1.7664,1.7147,0.0020,0.0265,14.1185,38.9986,0.0000,-0.0247,-0.0247,-0.0285,0.0000,0.0000,0.0160,0.0064,-0.0115
-0.2000,1.9151,1.6747,0.0104,0.0265,13.9866,38.8835,0.0000,-0.0343,-0.0343,-0.0232,0.0000,0.0000,0.0160,0.0064,-0.0029
-0.2000,1.7470,1.6372,0.0188,0.0265,13.8646,38.7627,0.0000,-0.0292,-0.0292,-0.0175,0.0000,0.0000,0.0160,0.0064,0.0054
-0.2000,1.7358,1.6107,0.0271,0.0265,13.7373,38.6493,0.0000,-0.0354,-0.0354,-0.0132,0.0000,0.0000,0.0160,0.0064,0.0120
-0.1184,1.7020,1.6072,0.0355,0.0380,13.6134,38.5244,0.0000,-0.0324,-0.0324,-0.0056,0.0000,0.0000,0.0229,0.0091,0.0084
-0.1208,1.6907,1.6103,0.0439,0.0380,13.4924,38.4098,0.0000,-0.0318,-0.0318,-0.0013,0.0000,0.0000,0.0229,0.0091,0.0146
-0.1208,1.7439,1.5813,0.0439,0.0380,13.3712,38.2891,0.0000,-0.0254,-0.0254,0.0057,0.0000,0.0000,0.0229,0.0091,0.0225
0.1782,1.6525,1.6013,0.0356,0.0380,13.2512,38.1729,0.0000,-0.0208,-0.0208,0.0133,0.0000,0.0000,0.0229,0.0091,0.0311
-0.1876,1.6967,1.6018,0.0440,0.0531,13.1296,38.0496,0.0000,-0.0130,-0.0130,0.0025,0.0000,0.0000,0.0320,0.0128,0.0398
0.1122,1.6552,1.6218,0.0452,0.0531,13.0105,37.9353,0.0000,-0.0121,-0.0121,0.0098,0.0000,0.0000,0.0320,0.0128,0.0470
-0.2002,1.7186,1.6074,0.0434,0.0531,12.8955,37.8316,0.0000,-0.0172,-0.0172,0.0144,0.0000,0.0000,0.0320,0.0128,0.0468
0.1659,1.6366,1.6274,0.0457,0.0531,12.7935,37.7260,0.0000,-0.0161,-0.0161,0.0111,0.0000,0.0000,0.0320,0.0128,0.0395
0.2000,1.5346,1.6474,0.0400,0.0531,12.6903,37.6213,0.0000,-0.0123,-0.0123,0.0165,0.0000,0.0000,0.0320,0.0128,0.0464
0.1999,1.4554,1.6674,0.0484,0.0555,12.5814,37.5208,0.0000,-0.0148,-0.0148,-0.0011,0.0000,0.0000,0.0335,0.0134,0.0480
0.2000,1.4577,1.6874,0.0515,0.0555,12.4978,37.4075,0.0000,0.0036,0.0036,0.0004,0.0000,0.0000,0.0335,0.0134,0.0467
0.2000,1.4683,1.7074,0.0494,0.0555,12.4044,37.3082,0.0000,0.0063,0.0063,0.0043,0.0000,0.0000,0.0335,0.0134,0.0487
0.2000,1.3981,1.7274,0.0488,0.0555,12.3085,37.2185,0.0000,0.0007,0.0007,0.0058,0.0000,0.0000,0.0335,0.0134,0.0436
0.2000,1.3515,1.7474,0.0404,0.0555,12.2090,37.1145,0.0000,0.0056,0.0056,0.0154,0.0000,0.0000,0.0335,0.0134,0.0505
0.2000,1.3011,1.7674,0.0337,0.0555,12.1237,37.0203,0.0000,0.0092,0.0092,0.0172,0.0000,0.0000,0.0335,0.0134,0.0537
0.2000,1.4276,1.7874,0.0385,0.0574,12.0376,36.9299,0.0000,0.0112,0.0112,0.0114,0.0000,0.0000,0.0346,0.0138,0.0518
0.2000,1.2599,1.8074,0.0382,0.0574,11.9625,36.8317,0.0000,0.0234,0.0234,0.0113,0.0000,0.0000,0.0346,0.0138,0.0514
0.2000,1.2380,1.8274,0.0358,0.0574,11.8712,36.7381,0.0000,0.0232,0.0232,0.0151,0.0000,0.0000,0.0346,0.0138,0.0441
0.2000,1.2271,1.8474,0.0356,0.0574,11.7907,36.6538,0.0000,0.0217,0.0217,0.0148,0.0000,0.0000,0.0346,0.0138,0.0387
0.2000,1.2962,1.8674,0.0273,0.0574,11.7012,36.5641,0.0000,0.0209,0.0209,0.0214,0.0000,0.0000,0.0346,0.0138,0.0414
0.1999,1.1556,1.8873,0.0258,0.0574,11.6187,36.4728,0.0000,0.0228,0.0228,0.0230,0.0000,0.0000,0.0346,0.0138,0.0411
0.2000,1.2562,1.9053,0.0342,0.0668,11.5357,36.3701,0.0000,0.0300,0.0300,-0.0238,0.0000,0.0000,0.0403,0.0161,0.0388
0.2000,1.2198,1.9214,0.0426,0.0668,11.4528,36.2735,0.0000,0.0285,0.0285,-0.0245,0.0000,0.0000,0.0403,0.0161,0.0386
0.2000,1.3102,1.9360,0.0510,0.0668,11.3657,36.1737,0.0000,0.0273,0.0273,-0.0203,0.0000,0.0000,0.0403,0.0161,0.0333
0.2000,1.2621,1.9491,0.0594,0.0668,11.2689,36.0658,0.0000,0.0250,0.0250,-0.0180,0.0000,0.0000,0.0403,0.0161,0.0293
0.2000,1.3130,1.9608,0.0678,0.0668,11.1692,35.9505,0.0000,0.0251,0.0251,-0.0118,0.0000,0.0000,0.0403,0.0161,0.0343
0.2000,1.4381,1.9714,0.0634,0.0540,11.0681,35.8310,0.0000,0.0240,0.0240,-0.0232,0.0000,0.0000,0.0326,0.0130,0.0446
0.1999,1.5115,1.9810,0.0621,0.0540,10.9714,35.7141,0.0000,0.0258,0.0258,-0.0140,0.0000,0.0000,0.0326,0.0130,0.0503
0.1999,1.5522,1.9896,0.0537,0.0540,10.8659,35.5889,0.0000,0.0282,0.0282,-0.0013,0.0000,0.0000,0.0326,0.0130,0.0645
0.2000,1.5047,1.9973,0.0571,0.0576,10.7597,35.4651,0.0000,0.0284,0.0284,-0.0071,0.0000,0.0000,0.0348,0.0139,0.0728
0.1999,1.6242,1.9942,0.0488,0.0576,10.6610,35.3321,0.0000,0.0365,0.0365,0.0006,0.0000,0.0000,0.0348,0.0139,0.0697
0.2000,1.6175,1.9944,0.0405,0.0576,10.5675,35.1910,0.0000,0.0516,0.0516,0.0031,0.0000,0.0000,0.0348,0.0139,0.0675
0.2000,1.6440,1.9827,0.0321,0.0576,10.4658,35.0655,0.0000,0.0523,0.0523,0.0063,0.0000,0.0000,0.0348,0.0139,0.0584
0.1361,1.6799,1.9542,0.0328,0.0667,10.3638,34.9276,0.0000,0.0613,0.0613,-0.0032,0.0000,0.0000,0.0402,0.0161,0.0630
0.1361,1.6021,1.9646,0.0328,0.0667,10.2620,34.7936,0.0000,0.0618,0.0618,-0.0045,0.0000,0.0000,0.0402,0.0161,0.0545
-0.2001,1.7030,1.9251,0.0394,0.0667,10.1548,34.6535,0.0000,0.0613,0.0613,-0.0027,0.0000,0.0000,0.0402,0.0161,0.0472
0.1716,1.6688,1.9082,0.0368,0.0667,10.0463,34.5225,0.0000,0.0539,0.0539,-0.0045,0.0000,0.0000,0.0402,0.0161,0.0368
-0.2000,1.7495,1.8682,0.0451,0.0754,9.9328,34.3847,0.0000,0.0492,0.0492,0.0117,0.0000,0.0000,0.0455,0.0182,0.0352
0.0719,1.6864,1.8476,0.0367,0.0754,9.8197,34.2447,0.0000,0.0484,0.0484,0.0159,0.0000,0.0000,0.0455,0.0182,0.0348
-0.2000,1.7692,1.8076,0.0283,0.0754,9.7154,34.0949,0.0000,0.0627,0.0627,0.0237,0.0000,0.0000,0.0455,0.0182,0.0384
-0.2000,1.7843,1.7676,0.0199,0.0754,9.6048,33.9534,0.0000,0.0649,0.0649,0.0285,0.0000,0.0000,0.0455,0.0182,0.0396
-0.2000,1.8111,1.7276,0.0283,0.1008,9.5068,33.8144,0.0000,0.0684,0.0684,-0.0278,0.0000,0.0000,0.0609,0.0244,0.0419
-0.2000,1.7801,1.6876,0.0366,0.1008,9.4135,33.6784,0.0000,0.0707,0.0707,-0.0240,0.0000,0.0000,0.0609,0.0244,0.0429
0.0169,1.6877,1.6844,0.0450,0.1008,9.3161,33.5381,0.0000,0.0700,0.0700,-0.0260,0.0000,0.0000,0.0609,0.0244,0.0359
0.2000,1.6359,1.7044,0.0534,0.1008,9.2119,33.4113,0.0000,0.0565,0.0565,-0.0266,0.0000,0.0000,0.0609,0.0244,0.0277
-0.0826,1.6941,1.6960,0.0513,0.0905,9.1159,33.2763,0.0000,0.0530,0.0530,-0.0542,0.0000,0.0000,0.0547,0.0219,0.0265
0.2000,1.6262,1.7160,0.0597,0.0905,9.0233,33.1439,0.0000,0.0514,0.0514,-0.0472,0.0000,0.0000,0.0547,0.0219,0.0336
0.2000,1.6419,1.7331,0.0681,0.0905,8.9302,33.0049,0.0000,0.0528,0.0528,-0.0365,0.0000,0.0000,0.0547,0.0219,0.0421
0.2000,1.6025,1.7531,0.0765,0.0905,8.8405,32.8740,0.0000,0.0524,0.0524,-0.0285,0.0000,0.0000,0.0547,0.0219,0.0493
0.1999,1.5741,1.7731,0.0849,0.0905,8.7579,32.7396,0.0000,0.0591,0.0591,-0.0219,0.0000,0.0000,0.0547,0.0219,0.0525
0.1999,1.5741,1.7931,0.0933,0.0943,8.6795,32.6113,0.0000,0.0614,0.0614,-0.0707,0.0000,0.0000,0.0570,0.0228,0.0577
0.2000,1.5654,1.8131,0.1017,0.0943,8.5955,32.4845,0.0000,0.0560,0.0560,-0.0596,0.0000,0.0000,0.0570,0.0228,0.0684
0.2000,1.4924,1.8331,0.1101,0.0943,8.5129,32.3547,0.0000,0.0548,0.0548,-0.0508,0.0000,0.0000,0.0570,0.0228,0.0754
0.2000,1.5092,1.8531,0.1175,0.0943,8.4381,32.2302,0.0000,0.0557,0.0557,-0.0395,0.0000,0.0000,0.0570,0.0228,0.0834
0.2000,1.5265,1.8731,0.1091,0.0943,8.3672,32.1009,0.0000,0.0632,0.0632,-0.0273,0.0000,0.0000,0.0570,0.0228,0.0912
0.2000,1.4423,1.8925,0.1086,0.0853,8.2920,31.9737,0.0000,0.0645,0.0645,-0.0529,0.0000,0.0000,0.0515,0.0206,0.0972
0.1999,1.4659,1.9099,0.1073,0.0853,8.2315,31.8549,0.0000,0.0713,0.0713,-0.0399,0.0000,0.0000,0.0515,0.0206,0.1053
0.2000,1.4664,1.9256,0.0989,0.0853,8.1755,31.7258,0.0000,0.0874,0.0874,-0.0270,0.0000,0.0000,0.0515,0.0206,0.1145
0.2000,1.3266,1.9397,0.0905,0.0853,8.1075,31.6000,0.0000,0.0915,0.0915,-0.0226,0.0000,0.0000,0.0515,0.0206,0.1156
0.2000,1.4021,1.9524,0.0821,0.0853,8.0383,31.4758,0.0000,0.0905,0.0905,-0.0130,0.0000,0.0000,0.0515,0.0206,0.1118
0.2000,1.4200,1.9639,0.0777,0.0894,7.9730,31.3431,0.0000,0.0991,0.0991,0.0154,0.0000,0.0000,0.0540,0.0216,0.1109
0.2000,1.4118,1.9742,0.0693,0.0894,7.9105,31.2061,0.0000,0.1131,0.1131,0.0219,0.0000,0.0000,0.0540,0.0216,0.1092
0.2000,1.4699,1.9834,0.0609,0.0894,7.8368,31.0790,0.0000,0.1116,0.1116,0.0267,0.0000,0.0000,0.0540,0.0216,0.1020
0.2000,1.4963,1.9918,0.0525,0.0894,7.7585,30.9425,0.0000,0.1114,0.1114,0.0323,0.0000,0.0000,0.0540,0.0216,0.0954
0.2000,1.4566,1.9993,0.0441,0.0894,7.6878,30.8058,0.0000,0.1164,0.1164,0.0344,0.0000,0.0000,0.0540,0.0216,0.0859
0.1999,1.5605,2.0060,0.0525,0.1191,7.6168,30.6588,0.0000,0.1129,0.1129,-0.0332,0.0000,0.0000,0.0721,0.0288,0.0839
0.2000,1.5264,2.0121,0.0609,0.1191,7.5483,30.5151,0.0000,0.1111,0.1111,-0.0324,0.0000,0.0000,0.0721,0.0288,0.0760
0.2000,1.6206,2.0091,0.0693,0.1191,7.4768,30.3616,0.0000,0.1083,0.1083,-0.0285,0.0000,0.0000,0.0721,0.0288,0.0694
0.2000,1.5796,2.0149,0.0626,0.1040,7.4087,30.2121,0.0000,0.1066,0.1066,-0.0881,0.0000,0.0000,0.0629,0.0252,0.0544
-0.0480,1.6801,1.9830,0.0710,0.1040,7.3409,30.0555,0.0000,0.0966,0.0966,-0.0839,0.0000,0.0000,0.0629,0.0252,0.0484
0.2000,1.6302,1.9788,0.0794,0.1040,7.2641,29.9010,0.0000,0.0873,0.0873,-0.0740,0.0000,0.0000,0.0629,0.0252,0.0573
-0.2000,1.6937,1.9432,0.0878,0.1040,7.2138,29.7169,0.0000,0.1111,0.1111,-0.0592,0.0000,0.0000,0.0629,0.0252,0.0685
-0.2000,1.7108,1.9032,0.0876,0.0952,7.1358,29.5563,0.0000,0.0966,0.0966,-0.0942,0.0000,0.0000,0.0575,0.0230,0.0754
-0.2000,1.9003,1.8632,0.0958,0.0952,7.0585,29.3926,0.0000,0.0693,0.0693,-0.0857,0.0000,0.0000,0.0575,0.0230,0.0701
-0.2000,1.7699,1.8232,0.1042,0.0952,6.9849,29.2233,0.0000,0.0652,0.0652,-0.0765,0.0000,0.0000,0.0575,0.0230,0.0773
-0.2000,1.7948,1.7832,0.1084,0.0910,6.9181,29.0510,0.0000,0.0640,0.0640,-0.0909,0.0000,0.0000,0.0550,0.0220,0.0867
-0.2000,1.8316,1.7432,0.1168,0.0910,6.8480,28.8830,0.0000,0.0508,0.0508,-0.0777,0.0000,0.0000,0.0550,0.0220,0.0926
-0.2000,1.8357,1.7032,0.1252,0.0910,6.7831,28.7203,0.0000,0.0420,0.0420,-0.0672,0.0000,0.0000,0.0550,0.0220,0.0947
-0.2000,1.8055,1.6632,0.1252,0.0910,6.7417,28.5421,0.0000,0.0667,0.0667,-0.0499,0.0000,0.0000,0.0550,0.0220,0.1033
-0.1999,1.7384,1.6324,0.1179,0.0910,6.6813,28.3746,0.0000,0.0661,0.0661,-0.0389,0.0000,0.0000,0.0550,0.0220,0.1101
-0.2000,1.8270,1.5924,0.1263,0.0942,6.6246,28.2046,0.0000,0.0582,0.0582,-0.0735,0.0000,0.0000,0.0569,0.0228,0.1150
-0.2000,1.7675,1.5524,0.1346,0.0942,6.5698,28.0398,0.0000,0.0543,0.0543,-0.0620,0.0000,0.0000,0.0569,0.0228,0.1215
-0.2000,1.7806,1.5124,0.1279,0.0942,6.5323,27.8557,0.0000,0.0726,0.0726,-0.0445,0.0000,0.0000,0.0569,0.0228,0.1263
-0.0699,1.7245,1.5054,0.1256,0.0834,6.4886,27.6933,0.0000,0.0758,0.0758,-0.0611,0.0000,0.0000,0.0504,0.0202,0.1215
-0.1999,1.8750,1.4654,0.1172,0.0834,6.4383,27.5385,0.0000,0.0657,0.0657,-0.0413,0.0000,0.0000,0.0504,0.0202,0.1252
0.2001,1.6719,1.4854,0.1088,0.0834,6.3922,27.3960,0.0000,0.0627,0.0627,-0.0364,0.0000,0.0000,0.0504,0.0202,0.1331
0.0544,1.6157,1.5054,0.1004,0.0834,6.3629,27.2530,0.0000,0.0735,0.0735,-0.0274,0.0000,0.0000,0.0504,0.0202,0.1303
0.2000,1.4850,1.5254,0.0920,0.0834,6.3295,27.1077,0.0000,0.0788,0.0788,-0.0243,0.0000,0.0000,0.0504,0.0202,0.1270
0.2000,1.4550,1.5454,0.0836,0.0834,6.2978,26.9681,0.0000,0.0812,0.0812,-0.0202,0.0000,0.0000,0.0504,0.0202,0.1205
0.2000,1.4820,1.5654,0.0920,0.0884,6.2651,26.8407,0.0000,0.0763,0.0763,-0.0564,0.0000,0.0000,0.0534,0.0214,0.1134
0.2000,1.4216,1.5854,0.1004,0.0884,6.2368,26.7156,0.0000,0.0735,0.0735,-0.0553,0.0000,0.0000,0.0534,0.0214,0.1065
0.2000,1.3060,1.6054,0.1088,0.0884,6.2092,26.6014,0.0000,0.0710,0.0710,-0.0558,0.0000,0.0000,0.0534,0.0214,0.0992
0.2000,1.2731,1.6254,0.1172,0.0884,6.1851,26.4814,0.0000,0.0712,0.0712,-0.0519,0.0000,0.0000,0.0534,0.0214,0.0944
0.2000,1.1662,1.6454,0.1225,0.0884,6.1518,26.3571,0.0000,0.0644,0.0644,-0.0491,0.0000,0.0000,0.0534,0.0214,0.0960
0.2000,1.2158,1.6654,0.1141,0.0884,6.1279,26.2418,0.0000,0.0648,0.0648,-0.0349,0.0000,0.0000,0.0534,0.0214,0.1063
0.1999,1.2754,1.6854,0.1169,0.0829,6.1039,26.1202,0.0000,0.0638,0.0638,-0.1062,0.0000,0.0000,0.0501,0.0200,0.1123
0.1999,1.1699,1.7054,0.1253,0.0829,6.0834,25.9937,0.0000,0.0641,0.0641,-0.1000,0.0000,0.0000,0.0501,0.0200,0.1201
0.2000,1.2305,1.7254,0.1337,0.0829,6.0594,25.8755,0.0000,0.0513,0.0513,-0.0893,0.0000,0.0000,0.0501,0.0200,0.1235
0.2000,1.2740,1.7454,0.1421,0.0829,6.0536,25.7645,0.0000,0.0580,0.0580,-0.0804,0.0000,0.0000,0.0501,0.0200,0.1175
0.1999,1.1964,1.7654,0.1411,0.0829,6.0577,25.6441,0.0000,0.0812,0.0812,-0.0720,0.0000,0.0000,0.0501,0.0200,0.1197
0.1999,1.1110,1.7854,0.1364,0.0829,6.0419,25.5215,0.0000,0.0823,0.0823,-0.0668,0.0000,0.0000,0.0501,0.0200,0.1270
0.1999,1.2076,1.8054,0.1280,0.0829,6.0368,25.4048,0.0000,0.0910,0.0910,-0.0494,0.0000,0.0000,0.0501,0.0200,0.1324
0.2000,1.2276,1.8254,0.1196,0.0545,6.0205,25.2898,0.0000,0.0909,0.0909,-0.0213,0.0000,0.0000,0.0329,0.0132,0.1420
0.2000,1.1681,1.8454,0.1112,0.0545,6.0034,25.1739,0.0000,0.0910,0.0910,-0.0150,0.0000,0.0000,0.0329,0.0132,0.1411
0.2000,1.1530,1.8654,0.1029,0.0545,5.9867,25.0512,0.0000,0.0912,0.0912,-0.0079,0.0000,0.0000,0.0329,0.0132,0.1367
0.2000,1.1634,1.8854,0.0945,0.0545,5.9726,24.9301,0.0000,0.0929,0.0929,-0.0021,0.0000,0.0000,0.0329,0.0132,0.1289
0.2000,1.2291,1.9035,0.0862,0.0545,5.9566,24.8043,0.0000,0.0931,0.0931,0.0055,0.0000,0.0000,0.0329,0.0132,0.1215
0.1999,1.2106,1.9199,0.0946,0.0745,5.9556,24.6587,0.0000,0.1096,0.1096,-0.0596,0.0000,0.0000,0.0450,0.0180,0.1147
0.2000,1.2585,1.9345,0.0979,0.0745,5.9492,24.5081,0.0000,0.1083,0.1083,-0.0540,0.0000,0.0000,0.0450,0.0180,0.1084
0.1999,1.4540,1.9478,0.0935,0.0745,5.9423,24.3610,0.0000,0.1034,0.1034,-0.0439,0.0000,0.0000,0.0450,0.0180,0.1011
0.2000,1.4972,1.9597,0.0851,0.0745,5.9505,24.1802,0.0000,0.1212,0.1212,-0.0353,0.0000,0.0000,0.0450,0.0180,0.0941
0.1999,1.4622,1.9704,0.0767,0.0474,5.9313,24.0353,0.0000,0.1087,0.1087,-0.0395,0.0000,0.0000,0.0285,0.0114,0.1015
-0.1999,1.8031,1.9304,0.0683,0.0474,5.9150,23.8863,0.0000,0.0947,0.0947,-0.0213,0.0000,0.0000,0.0285,0.0114,0.1036
0.2000,1.4485,1.9440,0.0599,0.0474,5.9324,23.6949,0.0000,0.1289,0.1289,-0.0195,0.0000,0.0000,0.0285,0.0114,0.0997
0.2000,1.4859,1.9563,0.0515,0.0474,5.9264,23.5383,0.0000,0.1249,0.1249,-0.0193,0.0000,0.0000,0.0285,0.0114,0.0919
-0.2000,1.9197,1.9163,0.0562,0.0509,5.9333,23.3578,0.0000,0.1242,0.1242,-0.0441,0.0000,0.0000,0.0307,0.0123,0.0841
0.2001,1.5545,1.9314,0.0634,0.0509,5.9210,23.2033,0.0000,0.1170,0.1170,-0.0542,0.0000,0.0000,0.0307,0.0123,0.0758
-0.2000,1.7955,1.8914,0.0642,0.0509,5.9143,23.0317,0.0000,0.1030,0.1030,-0.0463,0.0000,0.0000,0.0307,0.0123,0.0683
0.2000,1.5372,1.9089,0.0721,0.0509,5.9037,22.8662,0.0000,0.0943,0.0943,-0.0536,0.0000,0.0000,0.0307,0.0123,0.0562
-0.2001,1.7027,1.8752,0.0651,0.0392,5.9133,22.6722,0.0000,0.1009,0.1009,-0.0555,0.0000,0.0000,0.0236,0.0095,0.0641
0.2000,1.6448,1.8750,0.0644,0.0392,5.9083,22.5061,0.0000,0.0928,0.0928,-0.0508,0.0000,0.0000,0.0236,0.0095,0.0701
-0.2000,1.9317,1.8350,0.0611,0.0392,5.9027,22.3332,0.0000,0.0767,0.0767,-0.0396,0.0000,0.0000,0.0236,0.0095,0.0701
0.2000,1.6478,1.8550,0.0527,0.0353,5.9137,22.1396,0.0000,0.0959,0.0959,-0.0263,0.0000,0.0000,0.0213,0.0085,0.0777
0.1835,1.7153,1.8585,0.0443,0.0353,5.9126,21.9707,0.0000,0.0872,0.0872,-0.0247,0.0000,0.0000,0.0213,0.0085,0.0727
-0.1999,1.9289,1.8185,0.0359,0.0353,5.9159,21.8031,0.0000,0.0851,0.0851,-0.0153,0.0000,0.0000,0.0213,0.0085,0.0718
0.2000,1.6744,1.8385,0.0275,0.0353,5.9421,21.6100,0.0000,0.1137,0.1137,-0.0109,0.0000,0.0000,0.0213,0.0085,0.0679
0.2000,1.6635,1.8585,0.0359,0.0413,5.9476,21.4344,0.0000,0.1096,0.1096,-0.0626,0.0000,0.0000,0.0249,0.0100,0.0610
-0.2000,1.9406,1.8185,0.0443,0.0413,5.9584,21.2715,0.0000,0.0968,0.0968,-0.0602,0.0000,0.0000,0.0249,0.0100,0.0505
-0.2000,1.7418,1.7785,0.0527,0.0413,5.9559,21.1138,0.0000,0.0864,0.0864,-0.0646,0.0000,0.0000,0.0249,0.0100,0.0400
0.2000,1.6196,1.7985,0.0611,0.0413,5.9521,20.9579,0.0000,0.0737,0.0737,-0.0650,0.0000,0.0000,0.0249,0.0100,0.0339
0.2000,1.5640,1.8185,0.0695,0.0413,5.9616,20.7983,0.0000,0.0734,0.0734,-0.0597,0.0000,0.0000,0.0249,0.0100,0.0383
0.2000,1.5452,1.8385,0.0611,0.0213,5.9914,20.6271,0.0000,0.0946,0.0946,-0.0575,0.0000,0.0000,0.0129,0.0051,0.0463
0.1999,1.5865,1.8585,0.0562,0.0213,5.9968,20.4695,0.0000,0.0848,0.0848,-0.0523,0.0000,0.0000,0.0129,0.0051,0.0517
-0.2000,1.7295,1.8185,0.0487,0.0213,5.9917,20.3136,0.0000,0.0666,0.0666,-0.0384,0.0000,0.0000,0.0129,0.0051,0.0647
0.2000,1.5640,1.8385,0.0403,0.0213,6.0044,20.1586,0.0000,0.0743,0.0743,-0.0293,0.0000,0.0000,0.0129,0.0051,0.0725
-0.2000,1.5454,1.7985,0.0387,0.0207,6.0173,19.9972,0.0000,0.0715,0.0715,-0.0371,0.0000,0.0000,0.0125,0.0050,0.0671
-0.2000,1.5443,1.7585,0.0336,0.0207,6.0361,19.8498,0.0000,0.0780,0.0780,-0.0326,0.0000,0.0000,0.0125,0.0050,0.0609
-0.2000,1.6056,1.7185,0.0325,0.0207,6.0513,19.7017,0.0000,0.0762,0.0762,-0.0328,0.0000,0.0000,0.0125,0.0050,0.0504
0.2000,1.4762,1.7385,0.0321,0.0207,6.0724,19.5467,0.0000,0.0816,0.0816,-0.0367,0.0000,0.0000,0.0125,0.0050,0.0427
0.2000,1.4773,1.7585,0.0326,0.0207,6.0852,19.3987,0.0000,0.0794,0.0794,-0.0345,0.0000,0.0000,0.0125,0.0050,0.0408
-0.2000,1.5521,1.7185,0.0300,0.0190,6.1284,19.2574,0.0000,0.1097,0.1097,-0.0450,0.0000,0.0000,0.0114,0.0046,0.0356
-0.2000,1.4732,1.6785,0.0330,0.0190,6.1410,19.1060,0.0000,0.1037,0.1037,-0.0467,0.0000,0.0000,0.0114,0.0046,0.0345
-0.2000,1.4757,1.6385,0.0340,0.0190,6.1509,18.9668,0.0000,0.0966,0.0966,-0.0447,0.0000,0.0000,0.0114,0.0046,0.0341
-0.2000,1.5062,1.5985,0.0345,0.0190,6.1615,18.8244,0.0000,0.0898,0.0898,-0.0416,0.0000,0.0000,0.0114,0.0046,0.0344
0.2000,1.3832,1.6185,0.0262,0.0190,6.1832,18.6874,0.0000,0.1011,0.1011,-0.0357,0.0000,0.0000,0.0114,0.0046,0.0323
-0.2000,1.4158,1.5785,0.0190,0.0121,6.2043,18.5452,0.0000,0.1035,0.1035,-0.0417,0.0000,0.0000,0.0073,0.0029,0.0348
-0.2000,1.3787,1.5385,0.0183,0.0121,6.2222,18.4020,0.0000,0.1035,0.1035,-0.0397,0.0000,0.0000,0.0073,0.0029,0.0358
-0.2000,1.4255,1.4985,0.0160,0.0121,6.2415,18.2665,0.0000,0.1044,0.1044,-0.0368,0.0000,0.0000,0.0073,0.0029,0.0363
-0.2000,1.4316,1.4585,0.0140,0.0121,6.2601,18.1256,0.0000,0.1044,0.1044,-0.0354,0.0000,0.0000,0.0073,0.0029,0.0333
-0.2000,1.3581,1.4185,0.0129,0.0121,6.2809,17.9893,0.0000,0.1079,0.1079,-0.0374,0.0000,0.0000,0.0073,0.0029,0.0234
-0.2000,1.4094,1.3785,0.0162,0.0094,6.2988,17.8605,0.0000,0.1075,0.1075,-0.0468,0.0000,0.0000,0.0057,0.0023,0.0215
-0.2000,1.3677,1.3407,0.0200,0.0094,6.3109,17.7324,0.0000,0.1020,0.1020,-0.0464,0.0000,0.0000,0.0057,0.0023,0.0198
-0.2000,1.2898,1.3066,0.0219,0.0094,6.3284,17.5994,0.0000,0.1012,0.1012,-0.0472,0.0000,0.0000,0.0057,0.0023,0.0175
-0.2000,1.2754,1.2760,0.0213,0.0094,6.3442,17.4741,0.0000,0.0992,0.0992,-0.0460,0.0000,0.0000,0.0057,0.0023,0.0166
-0.1999,1.3309,1.2484,0.0185,0.0094,6.3604,17.3407,0.0000,0.0959,0.0959,-0.0425,0.0000,0.0000,0.0057,0.0023,0.0182
-0.2000,1.2522,1.2235,0.0102,0.0094,6.3908,17.2236,0.0000,0.1134,0.1134,-0.0371,0.0000,0.0000,0.0057,0.0023,0.0216
-0.2000,1.3327,1.2012,0.0133,0.0041,6.4123,17.1028,0.0000,0.1146,0.1146,-0.0629,0.0000,0.0000,0.0025,0.0010,0.0243
-0.2000,1.2034,1.1811,0.0123,0.0041,6.4353,16.9796,0.0000,0.1200,0.1200,-0.0628,0.0000,0.0000,0.0025,0.0010,0.0242
-0.2000,1.2158,1.1629,0.0144,0.0041,6.4476,16.8592,0.0000,0.1108,0.1108,-0.0624,0.0000,0.0000,0.0025,0.0010,0.0221
-0.2000,1.2436,1.1467,0.0181,0.0041,6.4627,16.7554,0.0000,0.1087,0.1087,-0.0595,0.0000,0.0000,0.0025,0.0010,0.0171
-0.2000,1.1999,1.1320,0.0097,0.0041,6.4844,16.6513,0.0000,0.1139,0.1139,-0.0581,0.0000,0.0000,0.0025,0.0010,0.0160
0.2000,1.0405,1.1520,0.0179,0.0041,6.4926,16.5409,0.0000,0.1066,0.1066,-0.0598,0.0000,0.0000,0.0025,0.0010,0.0160
0.2000,1.0553,1.1720,0.0255,0.0041,6.5073,16.4344,0.0000,0.1021,0.1021,-0.0588,0.0000,0.0000,0.0025,0.0010,0.0171
0.2000,1.0981,1.1920,0.0308,0.0041,6.5177,16.3325,0.0000,0.0935,0.0935,-0.0572,0.0000,0.0000,0.0025,0.0010,0.0198
0.0079,1.0156,1.1728,0.0224,-0.0077,6.5351,16.2378,0.0000,0.0989,0.0989,-0.0296,0.0000,0.0000,-0.0047,-0.0019,0.0176
0.0479,1.0156,1.1555,0.0140,-0.0077,6.5487,16.1517,0.0000,0.1006,0.1006,-0.0267,0.0000,0.0000,-0.0047,-0.0019,0.0191
0.0479,0.9559,1.1755,0.0139,-0.0077,6.5584,16.0563,0.0000,0.0970,0.0970,-0.0253,0.0000,0.0000,-0.0047,-0.0019,0.0245
0.2000,0.8649,1.1955,0.0055,-0.0077,6.5645,15.9559,0.0000,0.0899,0.0899,-0.0230,0.0000,0.0000,-0.0047,-0.0019,0.0306
0.2000,0.9511,1.2155,-0.0029,-0.0077,6.5768,15.8620,0.0000,0.0871,0.0871,-0.0220,0.0000,0.0000,-0.0047,-0.0019,0.0288
0.2000,0.9962,1.2355,-0.0113,-0.0077,6.5971,15.7781,0.0000,0.0953,0.0953,-0.0200,0.0000,0.0000,-0.0047,-0.0019,0.0214
0.2000,0.9392,1.2555,-0.0196,-0.0077,6.6308,15.6922,0.0000,0.1161,0.1161,-0.0208,0.0000,0.0000,-0.0047,-0.0019,0.0176
0.2000,0.8586,1.2755,-0.0280,-0.0077,6.6486,15.6043,0.0000,0.1202,0.1202,-0.0237,0.0000,0.0000,-0.0047,-0.0019,0.0160
-0.0750,0.9152,1.2480,-0.0229,0.0058,6.6643,15.5184,0.0000,0.1218,0.1218,-0.0081,0.0000,0.0000,0.0035,0.0014,0.0090
0.2002,0.8883,1.2680,-0.0313,0.0058,6.6757,15.4354,0.0000,0.1213,0.1213,-0.0112,0.0000,0.0000,0.0035,0.0014,0.0014
0.2000,0.8652,1.2880,-0.0397,0.0058,6.6920,15.3597,0.0000,0.1271,0.1271,-0.0130,0.0000,0.0000,0.0035,0.0014,-0.0064
0.1999,0.8308,1.3080,-0.0425,0.0058,6.7111,15.2640,0.0000,0.1320,0.1320,-0.0176,0.0000,0.0000,0.0035,0.0014,-0.0173
0.1999,0.7680,1.3280,-0.0417,0.0058,6.7227,15.1840,0.0000,0.1321,0.1321,-0.0206,0.0000,0.0000,0.0035,0.0014,-0.0197
-0.1282,0.9670,1.2952,-0.0501,0.0058,6.7350,15.1070,0.0000,0.1308,0.1308,-0.0239,0.0000,0.0000,0.0035,0.0014,-0.0180
0.1998,0.8009,1.3152,-0.0538,0.0058,6.7449,15.0253,0.0000,0.1304,0.1304,-0.0271,0.0000,0.0000,0.0035,0.0014,-0.0259
0.1999,0.7729,1.3352,-0.0454,0.0058,6.7488,14.9414,0.0000,0.1218,0.1218,-0.0317,0.0000,0.0000,0.0035,0.0014,-0.0338
0.2000,0.8160,1.3552,-0.0370,0.0058,6.7570,14.8689,0.0000,0.1183,0.1183,-0.0356,0.0000,0.0000,0.0035,0.0014,-0.0351
-0.1562,0.8338,1.3196,-0.0286,0.0174,6.7560,14.7881,0.0000,0.1040,0.1040,-0.0669,0.0000,0.0000,0.0105,0.0042,-0.0361
0.1994,0.7239,1.3396,-0.0203,0.0174,6.7550,14.7032,0.0000,0.0914,0.0914,-0.0713,0.0000,0.0000,0.0105,0.0042,-0.0487
-0.1397,0.8029,1.3057,-0.0119,0.0174,6.7601,14.6252,0.0000,0.0803,0.0803,-0.0738,0.0000,0.0000,0.0105,0.0042,-0.0448
0.0942,0.8440,1.2751,-0.0035,0.0174,6.7667,14.5458,0.0000,0.0722,0.0722,-0.0738,0.0000,0.0000,0.0105,0.0042,-0.0345
0.0942,0.7753,1.2951,-0.0035,0.0174,6.7709,14.4633,0.0000,0.0660,0.0660,-0.0713,0.0000,0.0000,0.0105,0.0042,-0.0291
0.1999,0.7903,1.3151,0.0049,0.0174,6.7823,14.3799,0.0000,0.0627,0.0627,-0.0717,0.0000,0.0000,0.0105,0.0042,-0.0209
-0.1152,0.8185,1.2836,0.0133,0.0174,6.7925,14.2913,0.0000,0.0577,0.0577,-0.0701,0.0000,0.0000,0.0105,0.0042,-0.0103
0.1163,0.8344,1.2552,0.0217,0.0174,6.7970,14.1991,0.0000,0.0467,0.0467,-0.0695,0.0000,0.0000,0.0105,0.0042,-0.0048
0.1999,0.8840,1.2297,0.0177,0.0050,6.7998,14.1060,0.0000,0.0324,0.0324,-0.0899,0.0000,0.0000,0.0030,0.0012,0.0018
0.2000,0.9156,1.2067,0.0261,0.0050,6.8100,14.0084,0.0000,0.0234,0.0234,-0.0891,0.0000,0.0000,0.0030,0.0012,0.0029
0.2000,0.9231,1.1861,0.0345,0.0050,6.8244,13.9102,0.0000,0.0200,0.0200,-0.0862,0.0000,0.0000,0.0030,0.0012,0.0103
0.0976,0.9728,1.1675,0.0429,0.0050,6.8407,13.8165,0.0000,0.0178,0.0178,-0.0829,0.0000,0.0000,0.0030,0.0012,0.0181
0.0567,0.9847,1.1507,0.0512,0.0050,6.8587,13.7096,0.0000,0.0179,0.0179,-0.0770,0.0000,0.0000,0.0030,0.0012,0.0222
0.1991,0.9437,1.1356,0.0596,0.0050,6.8749,13.6104,0.0000,0.0177,0.0177,-0.0762,0.0000,0.0000,0.0030,0.0012,0.0237
0.0198,1.0763,1.1221,0.0578,-0.0051,6.8865,13.5191,0.0000,0.0095,0.0095,-0.0388,0.0000,0.0000,-0.0030,-0.0012,0.0309
0.0560,0.9969,1.1099,0.0495,-0.0051,6.9347,13.4143,0.0000,0.0490,0.0490,-0.0257,0.0000,0.0000,-0.0030,-0.0012,0.0419
0.1903,0.9127,1.0989,0.0411,-0.0051,6.9517,13.3195,0.0000,0.0522,0.0522,-0.0269,0.0000,0.0000,-0.0030,-0.0012,0.0466
0.0011,1.1613,1.0890,0.0327,-0.0051,6.9636,13.2170,0.0000,0.0469,0.0469,-0.0186,0.0000,0.0000,-0.0030,-0.0012,0.0585
0.1509,0.9542,1.0801,0.0243,-0.0051,6.9699,13.1282,0.0000,0.0433,0.0433,-0.0184,0.0000,0.0000,-0.0030,-0.0012,0.0637
0.0353,1.0232,1.0721,0.0160,-0.0051,6.9773,13.0374,0.0000,0.0367,0.0367,-0.0176,0.0000,0.0000,-0.0030,-0.0012,0.0544
0.2000,0.8821,1.0649,0.0076,-0.0051,6.9903,12.9470,0.0000,0.0375,0.0375,-0.0206,0.0000,0.0000,-0.0030,-0.0012,0.0444
0.1657,0.9033,1.0584,-0.0008,-0.0051,7.0414,12.8526,0.0000,0.0767,0.0767,-0.0144,0.0000,0.0000,-0.0030,-0.0012,0.0361
0.1998,0.9056,1.0526,0.0076,0.0152,7.0518,12.7560,0.0000,0.0707,0.0707,-0.0290,0.0000,0.0000,0.0092,0.0037,0.0283
0.0056,1.0796,1.0473,0.0063,0.0152,7.0538,12.6674,0.0000,0.0549,0.0549,-0.0306,0.0000,0.0000,0.0092,0.0037,0.0212
0.1129,0.9634,1.0426,0.0046,0.0152,7.0640,12.5748,0.0000,0.0510,0.0510,-0.0340,0.0000,0.0000,0.0092,0.0037,0.0134
0.1998,0.8792,1.0383,0.0090,0.0152,7.0809,12.4930,0.0000,0.0557,0.0557,-0.0360,0.0000,0.0000,0.0092,0.0037,0.0053
0.1422,0.9237,1.0345,0.0174,0.0152,7.0905,12.4069,0.0000,0.0508,0.0508,-0.0346,0.0000,0.0000,0.0092,0.0037,0.0095
0.1998,0.8290,1.0310,0.0210,0.0152,7.1045,12.3255,0.0000,0.0533,0.0533,-0.0343,0.0000,0.0000,0.0092,0.0037,0.0100
0.1998,0.8585,1.0279,0.0127,0.0152,7.1180,12.2410,0.0000,0.0527,0.0527,-0.0337,0.0000,0.0000,0.0092,0.0037,0.0093
0.2000,0.8190,1.0251,0.0211,0.0152,7.1236,12.1580,0.0000,0.0462,0.0462,-0.0318,0.0000,0.0000,0.0092,0.0037,0.0123
0.2003,0.8481,1.0226,0.0127,0.0152,7.1365,12.0876,0.0000,0.0489,0.0489,-0.0263,0.0000,0.0000,0.0092,0.0037,0.0203
0.2000,0.8252,1.0204,0.0209,0.0159,7.1475,12.0099,0.0000,0.0474,0.0474,-0.0264,0.0000,0.0000,0.0096,0.0038,0.0229
0.2000,0.7102,1.0183,0.0215,0.0159,7.1629,11.9328,0.0000,0.0517,0.0517,-0.0278,0.0000,0.0000,0.0096,0.0038,0.0166
0.2000,0.7781,1.0165,0.0176,0.0159,7.1767,11.8587,0.0000,0.0529,0.0529,-0.0254,0.0000,0.0000,0.0096,0.0038,0.0227
0.2000,0.7798,1.0148,0.0184,0.0159,7.1864,11.7892,0.0000,0.0513,0.0513,-0.0260,0.0000,0.0000,0.0096,0.0038,0.0167
0.2000,0.7473,1.0134,0.0101,0.0159,7.2032,11.7126,0.0000,0.0567,0.0567,-0.0235,0.0000,0.0000,0.0096,0.0038,0.0231
0.2000,0.6961,1.0120,0.0062,0.0159,7.2196,11.6416,0.0000,0.0623,0.0623,-0.0228,0.0000,0.0000,0.0096,0.0038,0.0233
0.2000,0.7775,1.0108,0.0019,0.0159,7.2280,11.5825,0.0000,0.0604,0.0604,-0.0221,0.0000,0.0000,0.0096,0.0038,0.0207
0.2000,0.7228,1.0097,-0.0024,0.0159,7.2411,11.5165,0.0000,0.0634,0.0634,-0.0218,0.0000,0.0000,0.0096,0.0038,0.0208
0.2000,0.5925,1.0088,-0.0108,0.0159,7.2554,11.4487,0.0000,0.0681,0.0681,-0.0232,0.0000,0.0000,0.0096,0.0038,0.0136
0.2000,0.6672,1.0079,-0.0162,0.0159,7.2698,11.3855,0.0000,0.0711,0.0711,-0.0235,0.0000,0.0000,0.0096,0.0038,0.0101
0.1999,0.6874,1.0071,-0.0096,0.0159,7.2760,11.3216,0.0000,0.0667,0.0667,-0.0236,0.0000,0.0000,0.0096,0.0038,0.0062
0.2000,0.6422,1.0064,-0.0104,0.0235,7.2828,11.2413,0.0000,0.0612,0.0612,-0.0082,0.0000,0.0000,0.0142,0.0057,0.0024
0.2000,0.6370,1.0058,-0.0188,0.0235,7.2965,11.1819,0.0000,0.0656,0.0656,-0.0105,0.0000,0.0000,0.0142,0.0057,-0.0052
0.2000,0.7989,1.0052,-0.0176,0.0235,7.3073,11.1123,0.0000,0.0649,0.0649,-0.0124,0.0000,0.0000,0.0142,0.0057,-0.0094
0.2000,0.6039,1.0047,-0.0260,0.0235,7.3149,11.0369,0.0000,0.0626,0.0626,-0.0114,0.0000,0.0000,0.0142,0.0057,-0.0041
0.2000,0.6980,1.0042,-0.0229,0.0235,7.3242,10.9706,0.0000,0.0612,0.0612,-0.0127,0.0000,0.0000,0.0142,0.0057,-0.0050
0.2000,0.7520,1.0038,-0.0258,0.0235,7.3370,10.9072,0.0000,0.0639,0.0639,-0.0148,0.0000,0.0000,0.0142,0.0057,-0.0119
0.2000,0.6637,1.0034,-0.0342,0.0235,7.3509,10.8340,0.0000,0.0672,0.0672,-0.0156,0.0000,0.0000,0.0142,0.0057,-0.0118
0.2000,0.6410,1.0031,-0.0334,0.0235,7.3574,10.7575,0.0000,0.0624,0.0624,-0.0171,0.0000,0.0000,0.0142,0.0057,-0.0186
0.2000,0.7382,1.0028,-0.0263,0.0235,7.3673,10.6904,0.0000,0.0613,0.0613,-0.0185,0.0000,0.0000,0.0142,0.0057,-0.0170
0.2000,0.7617,1.0025,-0.0179,0.0407,7.3790,10.6225,0.0000,0.0619,0.0619,-0.0770,0.0000,0.0000,0.0245,0.0098,-0.0195
0.2000,0.6719,1.0022,-0.0095,0.0407,7.3933,10.5532,0.0000,0.0646,0.0646,-0.0795,0.0000,0.0000,0.0245,0.0098,-0.0268
0.2000,0.6835,1.0020,-0.0011,0.0407,7.4031,10.4790,0.0000,0.0585,0.0585,-0.0803,0.0000,0.0000,0.0245,0.0098,-0.0261
0.2000,0.7007,1.0018,0.0073,0.0407,7.4222,10.4096,0.0000,0.0622,0.0622,-0.0807,0.0000,0.0000,0.0245,0.0098,-0.0201
0.2000,0.7418,1.0016,0.0156,0.0407,7.4419,10.3361,0.0000,0.0645,0.0645,-0.0814,0.0000,0.0000,0.0245,0.0098,-0.0126
0.2000,0.7128,1.0015,0.0240,0.0407,7.4469,10.2579,0.0000,0.0543,0.0543,-0.0818,0.0000,0.0000,0.0245,0.0098,-0.0038
0.2000,0.7535,1.0013,0.0324,0.0407,7.4501,10.2007,0.0000,0.0453,0.0453,-0.0783,0.0000,0.0000,0.0245,0.0098,0.0044
0.2000,0.7779,1.0012,0.0408,0.0407,7.4573,10.1458,0.0000,0.0410,0.0410,-0.0757,0.0000,0.0000,0.0245,0.0098,0.0119
0.2000,0.5672,1.0011,0.0492,0.0407,7.4678,10.0792,0.0000,0.0464,0.0464,-0.0740,0.0000,0.0000,0.0245,0.0098,0.0187
0.2000,0.5485,1.0010,0.0574,0.0407,7.4776,10.0140,0.0000,0.0440,0.0440,-0.0720,0.0000,0.0000,0.0245,0.0098,0.0264
0.2000,0.6697,1.0009,0.0657,0.0407,7.4891,9.9438,0.0000,0.0374,0.0374,-0.0687,0.0000,0.0000,0.0245,0.0098,0.0315
0.2000,0.6537,1.0008,0.0573,0.0228,7.5011,9.8733,0.0000,0.0367,0.0367,-0.0380,0.0000,0.0000,0.0137,0.0055,0.0417
0.2000,0.7052,1.0007,0.0549,0.0228,7.5177,9.8033,0.0000,0.0409,0.0409,-0.0336,0.0000,0.0000,0.0137,0.0055,0.0494
0.2000,0.7097,1.0006,0.0473,0.0228,7.5317,9.7308,0.0000,0.0431,0.0431,-0.0290,0.0000,0.0000,0.0137,0.0055,0.0608
0.2000,0.7142,1.0006,0.0422,0.0228,7.5381,9.6582,0.0000,0.0377,0.0377,-0.0252,0.0000,0.0000,0.0137,0.0055,0.0690
0.2000,0.7332,1.0005,0.0372,0.0228,7.5496,9.5853,0.0000,0.0367,0.0367,-0.0234,0.0000,0.0000,0.0137,0.0055,0.0646
0.2000,0.7219,1.0005,0.0360,0.0228,7.5591,9.5188,0.0000,0.0351,0.0351,-0.0231,0.0000,0.0000,0.0137,0.0055,0.0554
0.2000,0.7315,1.0004,0.0276,0.0228,7.5899,9.4329,0.0000,0.0529,0.0529,-0.0169,0.0000,0.0000,0.0137,0.0055,0.0486
0.2000,0.6667,1.0004,0.0192,0.0228,7.6046,9.3565,0.0000,0.0539,0.0539,-0.0202,0.0000,0.0000,0.0137,0.0055,0.0434
0.1997,0.9134,1.0003,0.0276,0.0466,7.6330,9.2699,0.0000,0.0651,0.0651,-0.0292,0.0000,0.0000,0.0281,0.0112,0.0389
0.2000,0.7710,1.0003,0.0360,0.0466,7.6408,9.2030,0.0000,0.0619,0.0619,-0.0318,0.0000,0.0000,0.0281,0.0112,0.0373
0.1486,0.9066,1.0003,0.0427,0.0466,7.6508,9.1322,0.0000,0.0566,0.0566,-0.0304,0.0000,0.0000,0.0281,0.0112,0.0300
0.2000,0.6681,1.0002,0.0423,0.0466,7.6678,9.0532,0.0000,0.0629,0.0629,-0.0308,0.0000,0.0000,0.0281,0.0112,0.0224
0.2000,0.7090,1.0002,0.0342,0.0466,7.6991,8.9771,0.0000,0.0792,0.0792,-0.0282,0.0000,0.0000,0.0281,0.0112,0.0285
0.2000,0.8026,1.0002,0.0289,0.0466,7.7145,8.9021,0.0000,0.0787,0.0787,-0.0268,0.0000,0.0000,0.0281,0.0112,0.0366
0.2000,0.8165,1.0002,0.0276,0.0466,7.7218,8.8194,0.0000,0.0709,0.0709,-0.0236,0.0000,0.0000,0.0281,0.0112,0.0432
0.2000,0.7593,1.0002,0.0250,0.0466,7.7270,8.7428,0.0000,0.0637,0.0637,-0.0204,0.0000,0.0000,0.0281,0.0112,0.0432
0.2000,0.8222,1.0001,0.0320,0.0466,7.7352,8.6348,0.0000,0.0512,0.0512,-0.0192,0.0000,0.0000,0.0281,0.0112,0.0362
0.2000,0.7595,1.0001,0.0404,0.0556,7.7339,8.5527,0.0000,0.0344,0.0344,-0.0094,0.0000,0.0000,0.0335,0.0134,0.0307
0.0001,1.0734,1.0001,0.0320,0.0556,7.7572,8.4976,0.0000,0.0464,0.0464,-0.0067,0.0000,0.0000,0.0335,0.0134,0.0292
0.2000,0.8154,1.0001,0.0236,0.0556,7.7736,8.4310,0.0000,0.0521,0.0521,-0.0085,0.0000,0.0000,0.0335,0.0134,0.0267
0.2000,0.5935,1.0001,0.0152,0.0556,7.7905,8.3713,0.0000,0.0610,0.0610,-0.0039,0.0000,0.0000,0.0335,0.0134,0.0320
0.2000,0.6803,1.0001,0.0068,0.0556,7.8101,8.3010,0.0000,0.0681,0.0681,-0.0012,0.0000,0.0000,0.0335,0.0134,0.0392
0.2000,0.6181,1.0001,-0.0015,0.0556,7.8256,8.2245,0.0000,0.0702,0.0702,-0.0010,0.0000,0.0000,0.0335,0.0134,0.0355
0.2000,0.7243,1.0001,-0.0099,0.0556,7.8425,8.1434,0.0000,0.0727,0.0727,0.0000,0.0000,0.0000,0.0335,0.0134,0.0288
0.2000,0.7742,1.0001,-0.0183,0.0556,7.8589,8.0615,0.0000,0.0741,0.0741,-0.0012,0.0000,0.0000,0.0335,0.0134,0.0203
0.2000,0.8218,1.0001,-0.0267,0.0556,7.8847,7.9801,0.0000,0.0847,0.0847,-0.0028,0.0000,0.0000,0.0335,0.0134,0.0129
0.2001,0.8280,1.0001,-0.0183,0.0768,7.9012,7.9022,0.0000,0.0863,0.0863,-0.0217,0.0000,0.0000,0.0464,0.0185,0.0055
0.2000,0.8466,1.0000,-0.0099,0.0768,7.9207,7.8166,0.0000,0.0878,0.0878,-0.0248,0.0000,0.0000,0.0464,0.0185,-0.0022
0.2000,0.7894,1.0000,-0.0015,0.0768,7.9337,7.7409,0.0000,0.0861,0.0861,-0.0272,0.0000,0.0000,0.0464,0.0185,-0.0093
0.1984,0.8695,1.0000,0.0069,0.0768,7.9391,7.6617,0.0000,0.0737,0.0737,-0.0316,0.0000,0.0000,0.0464,0.0185,-0.0181
0.2000,0.7621,1.0000,0.0152,0.0768,7.9435,7.5936,0.0000,0.0658,0.0658,-0.0327,0.0000,0.0000,0.0464,0.0185,-0.0151
0.2000,0.7876,1.0000,0.0234,0.0768,7.9553,7.5390,0.0000,0.0664,0.0664,-0.0319,0.0000,0.0000,0.0464,0.0185,-0.0071
0.2000,0.6777,1.0000,0.0298,0.0768,7.9692,7.4964,0.0000,0.0749,0.0749,-0.0269,0.0000,0.0000,0.0464,0.0185,-0.0014
0.2000,0.5537,1.0000,0.0333,0.0768,7.9785,7.4285,0.0000,0.0730,0.0730,-0.0252,0.0000,0.0000,0.0464,0.0185,0.0058
0.1999,0.4473,1.0000,0.0415,0.0768,7.9869,7.3632,0.0000,0.0700,0.0700,-0.0246,0.0000,0.0000,0.0464,0.0185,0.0159
0.2000,0.6529,1.0000,0.0434,0.0768,7.9942,7.2930,0.0000,0.0616,0.0616,-0.0212,0.0000,0.0000,0.0464,0.0185,0.0232
0.2000,0.6529,1.0000,0.0354,0.0768,8.0073,7.2270,0.0000,0.0623,0.0623,-0.0187,0.0000,0.0000,0.0464,0.0185,0.0298
0.2000,0.6671,1.0000,0.0352,0.0768,8.0176,7.1539,0.0000,0.0590,0.0590,-0.0158,0.0000,0.0000,0.0464,0.0185,0.0341
0.2000,0.6671,1.0000,0.0436,0.0890,8.0400,7.0878,0.0000,0.0657,0.0657,-0.0622,0.0000,0.0000,0.0537,0.0215,0.0404
0.2000,0.7314,1.0000,0.0520,0.0890,8.0555,7.0189,0.0000,0.0630,0.0630,-0.0589,0.0000,0.0000,0.0537,0.0215,0.0439
0.2000,0.6929,1.0000,0.0603,0.0890,8.0671,6.9458,0.0000,0.0582,0.0582,-0.0586,0.0000,0.0000,0.0537,0.0215,0.0388
0.2000,0.7014,1.0000,0.0687,0.0890,8.0815,6.8748,0.0000,0.0553,0.0553,-0.0573,0.0000,0.0000,0.0537,0.0215,0.0367
0.2000,0.7333,1.0000,0.0771,0.0890,8.0971,6.8080,0.0000,0.0546,0.0546,-0.0534,0.0000,0.0000,0.0537,0.0215,0.0421
0.2000,0.7189,1.0000,0.0855,0.0890,8.1086,6.7390,0.0000,0.0507,0.0507,-0.0496,0.0000,0.0000,0.0537,0.0215,0.0485
0.2000,0.6802,1.0000,0.0938,0.0890,8.1305,6.6706,0.0000,0.0575,0.0575,-0.0457,0.0000,0.0000,0.0537,0.0215,0.0604
0.2000,0.6932,1.0000,0.1017,0.0890,8.1507,6.6023,0.0000,0.0614,0.0614,-0.0417,0.0000,0.0000,0.0537,0.0215,0.0682
0.2000,0.7139,1.0000,0.1012,0.0890,8.1729,6.5382,0.0000,0.0682,0.0682,-0.0375,0.0000,0.0000,0.0537,0.0215,0.0754
0.2000,0.7072,1.0000,0.1096,0.0933,8.1888,6.4751,0.0000,0.0690,0.0690,-0.0616,0.0000,0.0000,0.0564,0.0226,0.0818
0.2000,0.6741,1.0000,0.1012,0.0933,8.2567,6.4076,0.0000,0.1225,0.1225,-0.0463,0.0000,0.0000,0.0564,0.0226,0.0887
0.2000,0.6461,1.0000,0.0928,0.0933,8.2654,6.3384,0.0000,0.1130,0.1130,-0.0463,0.0000,0.0000,0.0564,0.0226,0.0974
0.0852,0.9915,1.0000,0.0844,0.0933,8.2554,6.2544,0.0000,0.0777,0.0777,-0.0276,0.0000,0.0000,0.0564,0.0226,0.1028
0.2001,0.6915,1.0000,0.0927,0.0933,8.2616,6.1691,0.0000,0.0664,0.0664,-0.0344,0.0000,0.0000,0.0564,0.0226,0.1059
0.2000,0.8283,1.0000,0.0961,0.0933,8.2706,6.0981,0.0000,0.0548,0.0548,-0.0277,0.0000,0.0000,0.0564,0.0226,0.1085
0.2000,0.8475,1.0000,0.0877,0.0933,8.3071,6.0420,0.0000,0.0790,0.0790,-0.0179,0.0000,0.0000,0.0564,0.0226,0.1029
0.2000,0.7081,1.0000,0.0793,0.0933,8.3266,5.9794,0.0000,0.0828,0.0828,-0.0218,0.0000,0.0000,0.0564,0.0226,0.0957
0.1999,0.6839,1.0000,0.0712,0.0933,8.3393,5.9201,0.0000,0.0792,0.0792,-0.0236,0.0000,0.0000,0.0564,0.0226,0.0938
0.2000,0.6510,1.0000,0.0629,0.0933,8.3887,5.8728,0.0000,0.1172,0.1172,-0.0159,0.0000,0.0000,0.0564,0.0226,0.0990
0.2000,0.6019,1.0000,0.0545,0.0933,8.4009,5.8141,0.0000,0.1132,0.1132,-0.0186,0.0000,0.0000,0.0564,0.0226,0.0999
0.2000,0.6986,1.0000,0.0629,0.1080,8.4163,5.7535,0.0000,0.1082,0.1082,-0.0509,0.0000,0.0000,0.0653,0.0261,0.0915
0.2000,0.5953,1.0000,0.0713,0.1080,8.4304,5.6930,0.0000,0.1064,0.1064,-0.0536,0.0000,0.0000,0.0653,0.0261,0.0851
0.2000,0.6197,1.0000,0.0796,0.1080,8.4448,5.6327,0.0000,0.1013,0.1013,-0.0537,0.0000,0.0000,0.0653,0.0261,0.0771
0.2000,0.6162,1.0000,0.0880,0.1080,8.4544,5.5615,0.0000,0.0909,0.0909,-0.0491,0.0000,0.0000,0.0653,0.0261,0.0694
0.2000,0.6146,1.0000,0.0906,0.1080,8.4763,5.4995,0.0000,0.0934,0.0934,-0.0493,0.0000,0.0000,0.0653,0.0261,0.0653
0.2000,0.7100,1.0000,0.0894,0.1080,8.5054,5.4427,0.0000,0.1039,0.1039,-0.0404,0.0000,0.0000,0.0653,0.0261,0.0726
0.2000,0.6516,1.0000,0.0810,0.1080,8.5224,5.3762,0.0000,0.1020,0.1020,-0.0392,0.0000,0.0000,0.0653,0.0261,0.0822
0.2000,0.6398,1.0000,0.0726,0.1080,8.5281,5.3103,0.0000,0.0886,0.0886,-0.0366,0.0000,0.0000,0.0653,0.0261,0.0881
0.2000,0.6800,1.0000,0.0658,0.1080,8.5488,5.2513,0.0000,0.0913,0.0913,-0.0309,0.0000,0.0000,0.0653,0.0261,0.0954
0.2000,0.6548,1.0000,0.0574,0.1080,8.5606,5.1928,0.0000,0.0865,0.0865,-0.0280,0.0000,0.0000,0.0653,0.0261,0.0961
0.2000,0.6213,1.0000,0.0523,0.1080,8.5750,5.1301,0.0000,0.0827,0.0827,-0.0265,0.0000,0.0000,0.0653,0.0261,0.0938
0.2000,0.5913,1.0000,0.0607,0.1191,8.5931,5.0614,0.0000,0.0797,0.0797,-0.0451,0.0000,0.0000,0.0721,0.0288,0.0846
0.2000,0.6376,1.0000,0.0523,0.1191,8.6581,4.9766,0.0000,0.1166,0.1166,-0.0342,0.0000,0.0000,0.0721,0.0288,0.0748
0.2000,0.7043,1.0000,0.0559,0.1191,8.6809,4.9082,0.0000,0.1144,0.1144,-0.0360,0.0000,0.0000,0.0721,0.0288,0.0683
0.0001,1.0825,1.0000,0.0528,0.1191,8.6991,4.8381,0.0000,0.1028,0.1028,-0.0304,0.0000,0.0000,0.0721,0.0288,0.0588
0.2000,0.7138,1.0000,0.0571,0.1191,8.7235,4.7688,0.0000,0.1108,0.1108,-0.0341,0.0000,0.0000,0.0721,0.0288,0.0652
0.2000,0.7183,1.0000,0.0487,0.1191,8.7877,4.6797,0.0000,0.1464,0.1464,-0.0262,0.0000,0.0000,0.0721,0.0288,0.0564
0.2000,0.7292,1.0000,0.0403,0.1191,8.8057,4.6112,0.0000,0.1405,0.1405,-0.0277,0.0000,0.0000,0.0721,0.0288,0.0623
0.0000,1.1059,1.0000,0.0487,0.1444,8.8107,4.5508,0.0000,0.1140,0.1140,-0.0700,0.0000,0.0000,0.0876,0.0350,0.0555
0.2000,0.7030,1.0000,0.0571,0.1444,8.8260,4.4875,0.0000,0.1200,0.1200,-0.0753,0.0000,0.0000,0.0876,0.0350,0.0634
0.2000,0.5987,1.0000,0.0655,0.1444,8.8452,4.4233,0.0000,0.1185,0.1185,-0.0781,0.0000,0.0000,0.0876,0.0350,0.0516
0.2000,0.6449,1.0000,0.0739,0.1444,8.8674,4.3562,0.0000,0.1132,0.1132,-0.0772,0.0000,0.0000,0.0876,0.0350,0.0436
0.2000,0.6652,1.0000,0.0823,0.1444,8.8859,4.2850,0.0000,0.1048,0.1048,-0.0728,0.0000,0.0000,0.0876,0.0350,0.0501
0.2000,0.7004,1.0000,0.0907,0.1444,8.9118,4.2143,0.0000,0.1029,0.1029,-0.0674,0.0000,0.0000,0.0876,0.0350,0.0634
0.2000,0.7293,1.0000,0.0991,0.1444,8.9313,4.1449,0.0000,0.0963,0.0963,-0.0619,0.0000,0.0000,0.0876,0.0350,0.0702
0.2000,0.7474,1.0000,0.1075,0.1444,8.9496,4.0794,0.0000,0.0904,0.0904,-0.0566,0.0000,0.0000,0.0876,0.0350,0.0781
0.2000,0.7147,1.0000,0.1159,0.1444,8.9696,4.0207,0.0000,0.0899,0.0899,-0.0523,0.0000,0.0000,0.0876,0.0350,0.0860
0.2000,0.6735,1.0000,0.1240,0.1444,8.9920,3.9613,0.0000,0.0915,0.0915,-0.0486,0.0000,0.0000,0.0876,0.0350,0.0926
0.2000,0.6160,1.0000,0.1157,0.1444,9.0190,3.8912,0.0000,0.0940,0.0940,-0.0444,0.0000,0.0000,0.0876,0.0350,0.1030
0.2000,0.6303,1.0000,0.1073,0.1444,9.0456,3.8282,0.0000,0.0971,0.0971,-0.0381,0.0000,0.0000,0.0876,0.0350,0.1100
0.2000,0.7461,1.0000,0.1157,0.1581,9.0728,3.7628,0.0000,0.0973,0.0973,-0.0355,0.0000,0.0000,0.0960,0.0384,0.1171
0.2000,0.6803,1.0000,0.1110,0.1581,9.0958,3.6946,0.0000,0.0959,0.0959,-0.0330,0.0000,0.0000,0.0960,0.0384,0.1221
0.2000,0.7043,1.0000,0.1125,0.1581,9.1163,3.6311,0.0000,0.0923,0.0923,-0.0290,0.0000,0.0000,0.0960,0.0384,0.1155
0.2000,0.7135,1.0000,0.1041,0.1581,9.1701,3.5730,0.0000,0.1255,0.1255,-0.0152,0.0000,0.0000,0.0960,0.0384,0.1109
0.2000,0.6618,1.0000,0.0957,0.1581,9.2020,3.5034,0.0000,0.1294,0.1294,-0.0172,0.0000,0.0000,0.0960,0.0384,0.1172
0.2000,0.8165,1.0000,0.0873,0.1581,9.2260,3.4382,0.0000,0.1273,0.1273,-0.0095,0.0000,0.0000,0.0960,0.0384,0.1155
0.2000,0.7581,1.0000,0.0789,0.1581,9.2509,3.3747,0.0000,0.1284,0.1284,-0.0081,0.0000,0.0000,0.0960,0.0384,0.1161
0.2000,0.6892,1.0000,0.0706,0.1581,9.2745,3.3143,0.0000,0.1288,0.1288,-0.0089,0.0000,0.0000,0.0960,0.0384,0.1109
0.2000,0.6771,1.0000,0.0622,0.1581,9.3022,3.2559,0.0000,0.1338,0.1338,-0.0074,0.0000,0.0000,0.0960,0.0384,0.1034
0.2000,0.6437,1.0000,0.0706,0.1937,9.3290,3.1986,0.0000,0.1380,0.1380,-0.1205,0.0000,0.0000,0.1182,0.0472,0.0957
0.2000,0.6429,1.0000,0.0790,0.1937,9.3581,3.1461,0.0000,0.1393,0.1393,-0.1196,0.0000,0.0000,0.1182,0.0472,0.0873
0.2000,0.6281,1.0000,0.0874,0.1937,9.3950,3.0842,0.0000,0.1436,0.1436,-0.1195,0.0000,0.0000,0.1182,0.0472,0.0793
0.2000,0.5968,1.0000,0.0958,0.1937,9.4529,3.0149,0.0000,0.1671,0.1671,-0.1091,0.0000,0.0000,0.1182,0.0472,0.0725
0.2000,0.7170,1.0000,0.1042,0.1937,9.4774,2.9530,0.0000,0.1526,0.1526,-0.1063,0.0000,0.0000,0.1182,0.0472,0.0796
0.1350,0.9168,1.0000,0.1126,0.1937,9.4973,2.9005,0.0000,0.1353,0.1353,-0.0992,0.0000,0.0000,0.1182,0.0472,0.0876
0.2000,0.6606,1.0000,0.1210,0.1937,9.5159,2.8508,0.0000,0.1420,0.1420,-0.1029,0.0000,0.0000,0.1182,0.0472,0.0956
0.2000,0.5557,1.0000,0.1294,0.1937,9.5324,2.7957,0.0000,0.1367,0.1367,-0.1019,0.0000,0.0000,0.1182,0.0472,0.1038
0.2000,0.5269,1.0000,0.1378,0.1937,9.5507,2.7297,0.0000,0.1240,0.1240,-0.0983,0.0000,0.0000,0.1182,0.0472,0.1114
0.2000,0.5696,1.0000,0.1462,0.1937,9.5734,2.6588,0.0000,0.1096,0.1096,-0.0912,0.0000,0.0000,0.1182,0.0472,0.1182
0.2000,0.6769,1.0000,0.1546,0.1937,9.5951,2.5944,0.0000,0.0954,0.0954,-0.0807,0.0000,0.0000,0.1182,0.0472,0.1256
0.2000,0.7372,1.0000,0.1462,0.1767,9.6217,2.5271,0.0000,0.0895,0.0895,-0.0413,0.0000,0.0000,0.1076,0.0430,0.1332
0.2000,0.6730,1.0000,0.1439,0.1767,9.6542,2.4619,0.0000,0.0930,0.0930,-0.0361,0.0000,0.0000,0.1076,0.0430,0.1414
0.2000,0.7173,1.0000,0.1410,0.1767,9.6864,2.3903,0.0000,0.0916,0.0916,-0.0257,0.0000,0.0000,0.1076,0.0430,0.1495
0.2000,0.7247,1.0000,0.1326,0.1767,9.7188,2.3235,0.0000,0.0935,0.0935,-0.0163,0.0000,0.0000,0.1076,0.0430,0.1564
0.2000,0.7796,1.0000,0.1242,0.1767,9.7615,2.2670,0.0000,0.1124,0.1124,0.0020,0.0000,0.0000,0.1076,0.0430,0.1491
0.2000,0.7388,1.0000,0.1158,0.1767,9.7878,2.2140,0.0000,0.1127,0.1127,0.0016,0.0000,0.0000,0.1076,0.0430,0.1464
0.2000,0.7260,1.0000,0.1074,0.1767,9.8311,2.1638,0.0000,0.1316,0.1316,0.0084,0.0000,0.0000,0.1076,0.0430,0.1440
0.2000,0.5868,1.0000,0.0991,0.1767,9.8593,2.0994,0.0000,0.1286,0.1286,0.0054,0.0000,0.0000,0.1076,0.0430,0.1365
0.2000,0.6694,1.0000,0.0907,0.1767,9.8930,2.0353,0.0000,0.1314,0.1314,0.0113,0.0000,0.0000,0.1076,0.0430,0.1287
0.2000,0.6962,1.0000,0.0991,0.2291,9.9249,1.9730,0.0000,0.1328,0.1328,-0.0927,0.0000,0.0000,0.1405,0.0561,0.1214
0.2000,0.7193,1.0000,0.1075,0.2291,9.9548,1.9132,0.0000,0.1257,0.1257,-0.0889,0.0000,0.0000,0.1405,0.0561,0.1150
0.2000,0.6949,1.0000,0.1159,0.2291,9.9886,1.8515,0.0000,0.1229,0.1229,-0.0870,0.0000,0.0000,0.1405,0.0561,0.1079
0.2000,0.6635,1.0000,0.1243,0.2291,10.0250,1.7902,0.0000,0.1226,0.1226,-0.0856,0.0000,0.0000,0.1405,0.0561,0.1003
0.2000,0.6983,1.0000,0.1326,0.2291,10.0694,1.7251,0.0000,0.1259,0.1259,-0.0757,0.0000,0.0000,0.1405,0.0561,0.1064
0.2000,0.7084,1.0000,0.1410,0.2291,10.1042,1.6605,0.0000,0.1206,0.1206,-0.0721,0.0000,0.0000,0.1405,0.0561,0.1132
0.2000,0.7878,1.0000,0.1494,0.2291,10.1405,1.5992,0.0000,0.1169,0.1169,-0.0637,0.0000,0.0000,0.1405,0.0561,0.1198
0.2000,0.7270,1.0000,0.1578,0.2291,10.1813,1.5351,0.0000,0.1202,0.1202,-0.0601,0.0000,0.0000,0.1405,0.0561,0.1269
0.2000,0.7077,1.0000,0.1662,0.2291,10.2203,1.4779,0.0000,0.1246,0.1246,-0.0538,0.0000,0.0000,0.1405,0.0561,0.1348
0.2000,0.7561,1.0000,0.1578,0.2120,10.2784,1.4241,0.0000,0.1457,0.1457,-0.2273,0.0000,0.0000,0.1296,0.0518,0.1429
0.2000,0.6896,1.0000,0.1662,0.2120,10.3169,1.3776,0.0000,0.1497,0.1497,-0.2266,0.0000,0.0000,0.1296,0.0518,0.1510
0.2000,0.8094,1.0000,0.1746,0.2120,10.3623,1.3270,0.0000,0.1364,0.1364,-0.2146,0.0000,0.0000,0.1296,0.0518,0.1586
0.2000,0.6004,1.0000,0.1830,0.2120,10.4005,1.2800,0.0000,0.1577,0.1577,-0.2114,0.0000,0.0000,0.1296,0.0518,0.1717
0.2000,0.6791,1.0000,0.1914,0.2120,10.4430,1.2270,0.0000,0.1445,0.1445,-0.2053,0.0000,0.0000,0.1296,0.0518,0.1616
0.2000,0.6116,1.0000,0.1998,0.2120,10.4978,1.1734,0.0000,0.1582,0.1582,-0.1931,0.0000,0.0000,0.1296,0.0518,0.1715
0.2000,0.6770,1.0000,0.2082,0.2120,10.5457,1.1224,0.0000,0.1526,0.1526,-0.1847,0.0000,0.0000,0.1296,0.0518,0.1789
0.2000,0.7806,1.0000,0.2166,0.2120,10.5850,1.0735,0.0000,0.1403,0.1403,-0.1713,0.0000,0.0000,0.1296,0.0518,0.1875
0.2000,0.6969,1.0000,0.2250,0.2120,10.6231,1.0253,0.0000,0.1444,0.1444,-0.1673,0.0000,0.0000,0.1296,0.0518,0.1952
0.2000,0.6271,1.0000,0.2333,0.2120,10.6710,0.9726,0.0000,0.1528,0.1528,-0.1559,0.0000,0.0000,0.1296,0.0518,0.2022
0.2000,0.6138,1.0000,0.2417,0.2120,10.7177,0.9229,0.0000,0.1551,0.1551,-0.1492,0.0000,0.0000,0.1296,0.0518,0.2100
0.2000,0.7218,1.0000,0.2333,0.1472,10.7627,0.8591,0.0000,0.1370,0.1370,-0.1617,0.0000,0.0000,0.0893,0.0357,0.2175
0.2000,0.6817,1.0000,0.2417,0.1472,10.8024,0.8071,0.0000,0.1343,0.1343,-0.1536,0.0000,0.0000,0.0893,0.0357,0.2249
0.2000,0.7761,1.0000,0.2500,0.1472,10.8519,0.7691,0.0000,0.1407,0.1407,-0.1305,0.0000,0.0000,0.0893,0.0357,0.2324
0.2000,0.6539,1.0000,0.2584,0.1472,10.8991,0.7240,0.0000,0.1519,0.1519,-0.1322,0.0000,0.0000,0.0893,0.0357,0.2405
0.2000,0.6443,1.0000,0.2531,0.1472,10.9438,0.6831,0.0000,0.1588,0.1588,-0.1206,0.0000,0.0000,0.0893,0.0357,0.2368
0.2000,0.6538,1.0000,0.2448,0.1472,10.9899,0.6346,0.0000,0.1577,0.1577,-0.1135,0.0000,0.0000,0.0893,0.0357,0.2408
0.2001,0.6170,1.0000,0.2364,0.1472,11.0354,0.5808,0.0000,0.1561,0.1561,-0.1065,0.0000,0.0000,0.0893,0.0357,0.2486
0.2000,0.6680,1.0000,0.2280,0.1472,11.0931,0.5427,0.0000,0.1726,0.1726,-0.0841,0.0000,0.0000,0.0893,0.0357,0.2565
0.2000,0.7021,1.0000,0.2196,0.1472,11.1390,0.5013,0.0000,0.1756,0.1756,-0.0763,0.0000,0.0000,0.0893,0.0357,0.2545
0.2000,0.7176,1.0000,0.2112,0.1472,11.1831,0.4597,0.0000,0.1810,0.1810,-0.0625,0.0000,0.0000,0.0893,0.0357,0.2480
0.2001,0.6180,1.0000,0.2028,0.1472,11.2143,0.4166,0.0000,0.1782,0.1782,-0.0617,0.0000,0.0000,0.0893,0.0357,0.2399
0.2000,0.6151,1.0000,0.2044,0.1571,11.2667,0.3778,0.0000,0.1880,0.1880,-0.0891,0.0000,0.0000,0.0954,0.0382,0.2321
0.2000,0.5277,1.0000,0.1961,0.1571,11.3170,0.3384,0.0000,0.1988,0.1988,-0.0902,0.0000,0.0000,0.0954,0.0382,0.2247
0.2000,0.6522,1.0000,0.1878,0.1571,11.3681,0.2953,0.0000,0.1984,0.1984,-0.0764,0.0000,0.0000,0.0954,0.0382,0.2171
0.2000,0.6406,1.0000,0.1794,0.1571,11.4188,0.2515,0.0000,0.2036,0.2036,-0.0700,0.0000,0.0000,0.0954,0.0382,0.2096
0.2000,0.6728,1.0000,0.1710,0.1571,11.4654,0.2099,0.0000,0.2089,0.2089,-0.0520,0.0000,0.0000,0.0954,0.0382,0.2089
0.2000,0.6728,1.0000,0.1626,0.1571,11.5156,0.1773,0.0000,0.2207,0.2207,-0.0476,0.0000,0.0000,0.0954,0.0382,0.2031
0.2000,0.6011,1.0000,0.1542,0.1571,11.5718,0.1189,0.0000,0.2215,0.2215,-0.0402,0.0000,0.0000,0.0954,0.0382,0.1953
0.2000,0.6011,1.0000,0.1458,0.1571,11.6265,0.0730,0.0000,0.2260,0.2260,-0.0374,0.0000,0.0000,0.0954,0.0382,0.1873
0.2000,0.8077,1.0000,0.1374,0.1571,11.6858,0.0279,0.0000,0.2317,0.2317,-0.0220,0.0000,0.0000,0.0954,0.0382,0.1794
0.2000,0.7120,1.0000,0.1458,0.1662,11.7430,-0.0118,0.0000,0.2436,0.2436,-0.1863,0.0000,0.0000,0.1010,0.0404,0.1717
0.2000,0.7426,1.0000,0.1542,0.1662,11.8022,-0.0540,0.0000,0.2402,0.2402,-0.1804,0.0000,0.0000,0.1010,0.0404,0.1592
0.2000,0.6976,1.0000,0.1626,0.1662,11.8573,-0.0912,0.0000,0.2450,0.2450,-0.1792,0.0000,0.0000,0.1010,0.0404,0.1502
0.2000,0.7283,1.0000,0.1710,0.1662,11.9088,-0.1373,0.0000,0.2340,0.2340,-0.1731,0.0000,0.0000,0.1010,0.0404,0.1419
0.2000,0.6650,1.0000,0.1794,0.1662,11.9640,-0.1784,0.0000,0.2376,0.2376,-0.1693,0.0000,0.0000,0.1010,0.0404,0.1452
0.2000,0.6873,1.0000,0.1878,0.1662,12.0168,-0.2096,0.0000,0.2432,0.2432,-0.1545,0.0000,0.0000,0.1010,0.0404,0.1509
0.1999,0.6873,1.0000,0.1962,0.1662,12.0721,-0.2386,0.0000,0.2511,0.2511,-0.1483,0.0000,0.0000,0.1010,0.0404,0.1598
0.2000,0.6264,1.0000,0.1878,0.1662,12.1217,-0.2801,0.0000,0.2526,0.2526,-0.1363,0.0000,0.0000,0.1010,0.0404,0.1718
0.2000,0.6258,1.0000,0.1794,0.1662,12.2019,-0.3256,0.0000,0.2624,0.2624,-0.1231,0.0000,0.0000,0.1010,0.0404,0.1800
0.2000,0.6479,1.0000,0.1710,0.1662,12.2393,-0.3615,0.0000,0.2548,0.2548,-0.1114,0.0000,0.0000,0.1010,0.0404,0.1874
0.1285,0.9284,1.0000,0.1626,0.1041,12.3045,-0.3933,0.0000,0.2397,0.2397,-0.1843,0.0000,0.0000,0.0629,0.0252,0.1959
0.2000,0.5148,1.0000,0.1710,0.1662,12.3644,-0.4261,0.0000,0.2798,0.2798,-0.1082,0.0000,0.0000,0.1010,0.0404,0.1961
0.2000,0.7237,1.0000,0.1626,0.1041,12.4254,-0.4628,0.0000,0.2582,0.2582,-0.1860,0.0000,0.0000,0.0629,0.0252,0.1884
0.1999,0.6843,1.0000,0.1707,0.1041,12.4905,-0.5150,0.0000,0.2503,0.2503,-0.1770,0.0000,0.0000,0.0629,0.0252,0.1807
0.2000,0.7125,1.0000,0.1791,0.1041,12.5338,-0.5403,0.0000,0.2488,0.2488,-0.1675,0.0000,0.0000,0.0629,0.0252,0.1729
0.2000,0.8320,1.0000,0.1875,0.1041,12.5917,-0.5777,0.0000,0.2347,0.2347,-0.1575,0.0000,0.0000,0.0629,0.0252,0.1719
0.2000,0.5069,1.0000,0.1952,0.1041,12.6434,-0.6096,0.0000,0.2590,0.2590,-0.1685,0.0000,0.0000,0.0629,0.0252,0.1719
0.2000,0.6863,1.0000,0.1868,0.1041,12.7012,-0.6430,0.0000,0.2444,0.2444,-0.1519,0.0000,0.0000,0.0629,0.0252,0.1717
0.2000,0.6074,1.0000,0.1785,0.1041,12.7661,-0.6853,0.0000,0.2460,0.2460,-0.1466,0.0000,0.0000,0.0629,0.0252,0.1789
0.2000,0.6678,1.0000,0.1701,0.1041,12.8302,-0.7033,0.0000,0.2619,0.2619,-0.1238,0.0000,0.0000,0.0629,0.0252,0.1867
0.2000,0.7731,1.0000,0.1617,0.0692,12.8934,-0.7313,0.0000,0.2592,0.2592,-0.1663,0.0000,0.0000,0.0418,0.0167,0.1949
0.2000,0.6979,1.0000,0.1533,0.0692,12.9592,-0.7653,0.0000,0.2644,0.2644,-0.1645,0.0000,0.0000,0.0418,0.0167,0.1948
0.1999,0.6893,1.0000,0.1449,0.0692,13.0222,-0.7942,0.0000,0.2675,0.2675,-0.1594,0.0000,0.0000,0.0418,0.0167,0.1870
0.2000,0.7409,1.0000,0.1365,0.0692,13.0879,-0.8243,0.0000,0.2660,0.2660,-0.1510,0.0000,0.0000,0.0418,0.0167,0.1793
0.1999,0.6952,1.0000,0.1281,0.0692,13.1352,-0.8586,0.0000,0.2618,0.2618,-0.1434,0.0000,0.0000,0.0418,0.0167,0.1716
0.2000,0.7246,1.0000,0.1197,0.0692,13.1960,-0.8881,0.0000,0.2591,0.2591,-0.1418,0.0000,0.0000,0.0418,0.0167,0.1584
0.2000,0.5818,1.0000,0.1113,0.0692,13.2591,-0.9207,0.0000,0.2674,0.2674,-0.1454,0.0000,0.0000,0.0418,0.0167,0.1501
0.2000,0.6726,1.0000,0.1029,0.0692,13.3156,-0.9556,0.0000,0.2540,0.2540,-0.1392,0.0000,0.0000,0.0418,0.0167,0.1418
0.2000,0.7076,1.0000,0.0947,0.0692,13.3749,-0.9876,0.0000,0.2489,0.2489,-0.1343,0.0000,0.0000,0.0418,0.0167,0.1332
0.2000,0.6597,1.0000,0.0864,0.0692,13.4450,-1.0205,0.0000,0.2528,0.2528,-0.1332,0.0000,0.0000,0.0418,0.0167,0.1271
0.2000,0.6712,1.0000,0.0780,0.0515,13.5158,-1.0615,0.0000,0.2444,0.2444,-0.1769,0.0000,0.0000,0.0311,0.0124,0.1193
0.2000,0.7708,1.0000,0.0864,0.0515,13.5898,-1.1014,0.0000,0.2275,0.2275,-0.1718,0.0000,0.0000,0.0311,0.0124,0.1131
0.2000,0.8134,1.0000,0.0948,0.0515,13.6581,-1.1504,0.0000,0.2054,0.2054,-0.1683,0.0000,0.0000,0.0311,0.0124,0.1055
0.2000,0.8343,1.0000,0.1032,0.0515,13.6986,-1.2042,0.0000,0.1719,0.1719,-0.1617,0.0000,0.0000,0.0311,0.0124,0.0985
0.2000,0.8334,1.0000,0.1116,0.0515,13.7479,-1.2358,0.0000,0.1614,0.1614,-0.1622,0.0000,0.0000,0.0311,0.0124,0.0921
0.2000,0.6548,1.0000,0.1198,0.0515,13.8073,-1.2615,0.0000,0.1754,0.1754,-0.1650,0.0000,0.0000,0.0311,0.0124,0.0886
0.2000,0.5806,1.0000,0.1282,0.0515,13.8699,-1.2833,0.0000,0.1862,0.1862,-0.1613,0.0000,0.0000,0.0311,0.0124,0.0984
0.2001,0.6446,1.0000,0.1366,0.0515,13.9316,-1.3074,0.0000,0.1835,0.1835,-0.1541,0.0000,0.0000,0.0311,0.0124,0.1059
0.2000,0.6622,1.0000,0.1450,0.0515,14.0044,-1.3220,0.0000,0.1974,0.1974,-0.1485,0.0000,0.0000,0.0311,0.0124,0.1144
0.2000,0.6602,1.0000,0.1405,0.0515,14.0855,-1.3430,0.0000,0.2103,0.2103,-0.1425,0.0000,0.0000,0.0311,0.0124,0.1205
0.2000,0.7424,1.0000,0.1321,0.0318,14.1820,-1.3833,0.0000,0.2024,0.2024,-0.1747,0.0000,0.0000,0.0192,0.0077,0.1310
0.1998,0.8385,1.0000,0.1404,0.0318,14.2530,-1.4120,0.0000,0.1922,0.1922,-0.1660,0.0000,0.0000,0.0192,0.0077,0.1391
0.0064,1.0452,1.0000,0.1488,0.0318,14.3304,-1.4471,0.0000,0.1706,0.1706,-0.1513,0.0000,0.0000,0.0192,0.0077,0.1462
0.2000,0.7617,1.0000,0.1572,0.0318,14.3998,-1.4777,0.0000,0.1885,0.1885,-0.1601,0.0000,0.0000,0.0192,0.0077,0.1425
0.1999,0.8455,1.0000,0.1656,0.0318,14.4731,-1.5077,0.0000,0.1800,0.1800,-0.1522,0.0000,0.0000,0.0192,0.0077,0.1385
0.2000,0.7543,1.0000,0.1740,0.0318,14.5386,-1.5315,0.0000,0.1887,0.1887,-0.1486,0.0000,0.0000,0.0192,0.0077,0.1437
0.2000,0.7900,1.0000,0.1663,0.0318,14.6058,-1.5555,0.0000,0.1890,0.1890,-0.1379,0.0000,0.0000,0.0192,0.0077,0.1503
0.2000,0.6963,1.0000,0.1579,0.0318,14.6779,-1.5789,0.0000,0.2001,0.2001,-0.1331,0.0000,0.0000,0.0192,0.0077,0.1581
0.2000,0.7152,1.0000,0.1495,0.0104,14.7500,-1.6076,0.0000,0.1993,0.1993,-0.0981,0.0000,0.0000,0.0062,0.0025,0.1712
0.2000,0.7598,1.0000,0.1411,0.0104,14.8192,-1.6298,0.0000,0.2040,0.2040,-0.0863,0.0000,0.0000,0.0062,0.0025,0.1782
0.2000,0.7745,1.0000,0.1327,0.0104,14.8851,-1.6551,0.0000,0.2090,0.2090,-0.0707,0.0000,0.0000,0.0062,0.0025,0.1723
0.2000,0.7282,1.0000,0.1243,0.0104,14.9561,-1.6771,0.0000,0.2160,0.2160,-0.0725,0.0000,0.0000,0.0062,0.0025,0.1613
0.2000,0.7141,1.0000,0.1159,0.0104,15.0288,-1.7029,0.0000,0.2194,0.2194,-0.0703,0.0000,0.0000,0.0062,0.0025,0.1519
0.2000,0.7394,1.0000,0.1075,0.0104,15.1031,-1.7312,0.0000,0.2200,0.2200,-0.0655,0.0000,0.0000,0.0062,0.0025,0.1437
0.2000,0.7680,1.0000,0.0991,0.0104,15.1762,-1.7545,0.0000,0.2247,0.2247,-0.0612,0.0000,0.0000,0.0062,0.0025,0.1340
0.2000,0.7915,1.0000,0.0907,0.0104,15.2494,-1.7787,0.0000,0.2291,0.2291,-0.0567,0.0000,0.0000,0.0062,0.0025,0.1269
0.2000,0.7655,1.0000,0.0824,0.0104,15.3187,-1.8009,0.0000,0.2350,0.2350,-0.0545,0.0000,0.0000,0.0062,0.0025,0.1206
0.2000,0.7683,1.0200,0.0856,0.0220,15.3897,-1.8263,0.0000,0.2374,0.2374,-0.0735,0.0000,0.0000,0.0133,0.0053,0.1143
0.1999,0.7248,1.0400,0.0772,0.0220,15.4559,-1.8471,0.0000,0.2427,0.2427,-0.0725,0.0000,0.0000,0.0133,0.0053,0.1077
0.1999,0.7503,1.0580,0.0688,0.0220,15.5286,-1.8691,0.0000,0.2463,0.2463,-0.0697,0.0000,0.0000,0.0133,0.0053,0.1000
0.2000,0.6913,1.0742,0.0604,0.0220,15.5965,-1.8897,0.0000,0.2521,0.2521,-0.0705,0.0000,0.0000,0.0133,0.0053,0.0912
0.1999,0.7555,1.0888,0.0520,0.0220,15.6587,-1.9132,0.0000,0.2498,0.2498,-0.0646,0.0000,0.0000,0.0133,0.0053,0.0936
0.1999,0.7059,1.1020,0.0436,0.0220,15.7223,-1.9428,0.0000,0.2452,0.2452,-0.0653,0.0000,0.0000,0.0133,0.0053,0.0853
0.1999,0.6603,1.1138,0.0353,0.0220,15.7872,-1.9635,0.0000,0.2494,0.2494,-0.0652,0.0000,0.0000,0.0133,0.0053,0.0774
0.1999,0.6958,1.1244,0.0269,0.0220,15.8484,-1.9891,0.0000,0.2450,0.2450,-0.0637,0.0000,0.0000,0.0133,0.0053,0.0699
0.1999,0.6767,1.1340,0.0185,0.0220,15.9174,-2.0120,0.0000,0.2473,0.2473,-0.0645,0.0000,0.0000,0.0133,0.0053,0.0566
0.1999,0.6585,1.1426,0.0101,0.0220,15.9806,-2.0365,0.0000,0.2463,0.2463,-0.0638,0.0000,0.0000,0.0133,0.0053,0.0484
0.1999,0.7216,1.1504,0.0017,0.0220,16.0462,-2.0600,0.0000,0.2443,0.2443,-0.0631,0.0000,0.0000,0.0133,0.0053,0.0400
0.1999,0.6730,1.1704,-0.0067,0.0135,16.1140,-2.0879,0.0000,0.2415,0.2415,-0.0819,0.0000,0.0000,0.0081,0.0032,0.0335
0.1999,0.6915,1.1904,-0.0089,0.0135,16.1924,-2.1090,0.0000,0.2452,0.2452,-0.0832,0.0000,0.0000,0.0081,0.0032,0.0238
0.1999,0.7270,1.2104,-0.0089,0.0135,16.2623,-2.1334,0.0000,0.2424,0.2424,-0.0844,0.0000,0.0000,0.0081,0.0032,0.0164
0.1999,0.8049,1.2304,-0.0063,0.0135,16.3308,-2.1631,0.0000,0.2322,0.2322,-0.0856,0.0000,0.0000,0.0081,0.0032,0.0091
0.1999,0.7348,1.2504,-0.0011,0.0135,16.4056,-2.1915,0.0000,0.2315,0.2315,-0.0874,0.0000,0.0000,0.0081,0.0032,0.0022
0.1999,0.7397,1.2704,0.0054,0.0135,16.4779,-2.2192,0.0000,0.2275,0.2275,-0.0884,0.0000,0.0000,0.0081,0.0032,-0.0001
0.1999,0.7931,1.2904,0.0120,0.0135,16.5595,-2.2459,0.0000,0.2255,0.2255,-0.0885,0.0000,0.0000,0.0081,0.0032,-0.0003
0.1999,0.7675,1.3104,0.0161,0.0135,16.6346,-2.2715,0.0000,0.2260,0.2260,-0.0882,0.0000,0.0000,0.0081,0.0032,0.0018
0.2000,0.8520,1.3304,0.0169,0.0058,16.7190,-2.2950,0.0000,0.2246,0.2246,-0.1120,0.0000,0.0000,0.0035,0.0014,0.0059
0.2000,0.7864,1.3504,0.0253,0.0058,16.8000,-2.3229,0.0000,0.2260,0.2260,-0.1094,0.0000,0.0000,0.0035,0.0014,0.0110
0.2000,0.8679,1.3704,0.0337,0.0058,16.8867,-2.3519,0.0000,0.2198,0.2198,-0.1069,0.0000,0.0000,0.0035,0.0014,0.0164
0.2000,0.8502,1.3904,0.0302,0.0058,16.9669,-2.3933,0.0000,0.2074,0.2074,-0.0995,0.0000,0.0000,0.0035,0.0014,0.0220
0.2000,0.9067,1.4104,0.0360,0.0058,17.0703,-2.4275,0.0000,0.2032,0.2032,-0.0964,0.0000,0.0000,0.0035,0.0014,0.0227
0.2000,0.8934,1.4304,0.0354,0.0058,17.1729,-2.4545,0.0000,0.2094,0.2094,-0.0922,0.0000,0.0000,0.0035,0.0014,0.0300
0.2000,1.0812,1.4504,0.0270,-0.0056,17.2641,-2.4799,0.0000,0.2033,0.2033,-0.0855,0.0000,0.0000,-0.0033,-0.0013,0.0379
0.2000,1.0538,1.4704,0.0186,-0.0056,17.3664,-2.5158,0.0000,0.2032,0.2032,-0.0809,0.0000,0.0000,-0.0033,-0.0013,0.0354
0.2000,0.9374,1.4904,0.0152,-0.0056,17.4608,-2.5422,0.0000,0.2103,0.2103,-0.0818,0.0000,0.0000,-0.0033,-0.0013,0.0410
0.2000,1.0769,1.5104,0.0129,-0.0056,17.5499,-2.5708,0.0000,0.2041,0.2041,-0.0796,0.0000,0.0000,-0.0033,-0.0013,0.0403
0.2000,0.9708,1.5304,0.0111,-0.0056,17.6486,-2.5939,0.0000,0.2158,0.2158,-0.0811,0.0000,0.0000,-0.0033,-0.0013,0.0331
0.2000,0.9278,1.5504,0.0101,-0.0056,17.7397,-2.6165,0.0000,0.2230,0.2230,-0.0825,0.0000,0.0000,-0.0033,-0.0013,0.0252
0.2000,1.0070,1.5704,0.0067,-0.0056,17.8565,-2.6515,0.0000,0.2232,0.2232,-0.0777,0.0000,0.0000,-0.0033,-0.0013,0.0214
0.2000,0.9316,1.5904,0.0091,-0.0038,17.9661,-2.6764,0.0000,0.2339,0.2339,-0.0836,0.0000,0.0000,-0.0023,-0.0009,0.0196
-0.2000,1.2115,1.5504,0.0045,-0.0038,18.0721,-2.7114,0.0000,0.2194,0.2194,-0.0828,0.0000,0.0000,-0.0023,-0.0009,0.0175
0.2000,1.1131,1.5704,-0.0021,-0.0038,18.1839,-2.7421,0.0000,0.2268,0.2268,-0.0836,0.0000,0.0000,-0.0023,-0.0009,0.0169
0.2000,1.1074,1.5904,-0.0043,-0.0038,18.3018,-2.7865,0.0000,0.2224,0.2224,-0.0778,0.0000,0.0000,-0.0023,-0.0009,0.0139
0.2000,1.1496,1.6104,0.0011,-0.0038,18.4061,-2.8246,0.0000,0.2139,0.2139,-0.0789,0.0000,0.0000,-0.0023,-0.0009,0.0159
-0.2000,1.2500,1.5704,0.0095,-0.0023,18.5156,-2.8570,0.0000,0.2089,0.2089,-0.0966,0.0000,0.0000,-0.0014,-0.0006,0.0122
-0.0001,1.1009,1.5304,0.0054,-0.0023,18.6303,-2.8907,0.0000,0.2148,0.2148,-0.0991,0.0000,0.0000,-0.0014,-0.0006,0.0077
-0.0909,1.1314,1.4904,0.0136,-0.0023,18.7483,-2.9455,0.0000,0.1978,0.1978,-0.0915,0.0000,0.0000,-0.0014,-0.0006,0.0045
-0.2000,1.1853,1.4504,0.0214,-0.0023,18.8626,-2.9785,0.0000,0.1932,0.1932,-0.0946,0.0000,0.0000,-0.0014,-0.0006,0.0074
-0.2000,1.2881,1.4104,0.0279,-0.0023,18.9795,-3.0158,0.0000,0.1846,0.1846,-0.0934,0.0000,0.0000,-0.0014,-0.0006,0.0141
-0.2000,1.1778,1.3704,0.0230,-0.0023,19.1081,-3.0729,0.0000,0.1761,0.1761,-0.0845,0.0000,0.0000,-0.0014,-0.0006,0.0130
-0.2000,1.2161,1.3334,0.0146,-0.0058,19.2342,-3.1066,0.0000,0.1812,0.1812,-0.0293,0.0000,0.0000,-0.0035,-0.0014,0.0181
-0.2000,1.3933,1.3000,0.0062,-0.0058,19.3580,-3.1321,0.0000,0.1966,0.1966,-0.0255,0.0000,0.0000,-0.0035,-0.0014,0.0250
-0.2000,1.2920,1.2700,-0.0021,-0.0058,19.4704,-3.1646,0.0000,0.2061,0.2061,-0.0225,0.0000,0.0000,-0.0035,-0.0014,0.0319
-0.2000,1.2537,1.2430,-0.0105,-0.0058,19.5876,-3.1948,0.0000,0.2174,0.2174,-0.0228,0.0000,0.0000,-0.0035,-0.0014,0.0291
-0.2000,1.1606,1.2187,-0.0189,-0.0058,19.6973,-3.2240,0.0000,0.2269,0.2269,-0.0254,0.0000,0.0000,-0.0035,-0.0014,0.0229
-0.2000,1.2004,1.1968,-0.0273,-0.0058,19.8094,-3.2556,0.0000,0.2335,0.2335,-0.0270,0.0000,0.0000,-0.0035,-0.0014,0.0158
-0.1252,1.1255,1.1772,-0.0189,0.0272,19.9112,-3.2821,0.0000,0.2404,0.2404,-0.0579,0.0000,0.0000,0.0164,0.0065,0.0084
-0.1467,1.1554,1.1594,-0.0272,0.0272,20.0128,-3.3063,0.0000,0.2461,0.2461,-0.0616,0.0000,0.0000,0.0164,0.0065,0.0011
0.0505,1.0419,1.1435,-0.0356,0.0272,20.1121,-3.3403,0.0000,0.2459,0.2459,-0.0663,0.0000,0.0000,0.0164,0.0065,-0.0069
0.0055,1.0354,1.1291,-0.0429,0.0272,20.1939,-3.3694,0.0000,0.2441,0.2441,-0.0664,0.0000,0.0000,0.0164,0.0065,-0.0151
-0.0140,1.0399,1.1162,-0.0424,0.0272,20.2804,-3.4046,0.0000,0.2369,0.2369,-0.0658,0.0000,0.0000,0.0164,0.0065,-0.0117
0.1999,0.8615,1.1362,-0.0375,0.0272,20.3706,-3.4383,0.0000,0.2357,0.2357,-0.0715,0.0000,0.0000,0.0164,0.0065,-0.0156
0.0637,0.9534,1.1226,-0.0325,0.0272,20.4507,-3.4714,0.0000,0.2249,0.2249,-0.0741,0.0000,0.0000,0.0164,0.0065,-0.0234
0.1993,0.9534,1.1103,-0.0241,0.0272,20.5362,-3.4984,0.0000,0.2224,0.2224,-0.0815,0.0000,0.0000,0.0164,0.0065,-0.0307
0.1993,0.8595,1.1303,-0.0241,0.0272,20.6233,-3.5311,0.0000,0.2200,0.2200,-0.0847,0.0000,0.0000,0.0164,0.0065,-0.0323
-0.0738,0.8879,1.1031,-0.0325,0.0186,20.6949,-3.5684,0.0000,0.2091,0.2091,-0.0396,0.0000,0.0000,0.0112,0.0045,-0.0287
-0.0183,0.9219,1.0785,-0.0409,0.0186,20.7757,-3.5867,0.0000,0.2180,0.2180,-0.0421,0.0000,0.0000,0.0112,0.0045,-0.0234
-0.0183,0.7998,1.0985,-0.0409,0.0186,20.8578,-3.6091,0.0000,0.2272,0.2272,-0.0422,0.0000,0.0000,0.0112,0.0045,-0.0171
-0.0183,0.8188,1.0744,-0.0409,0.0186,20.9339,-3.6319,0.0000,0.2311,0.2311,-0.0441,0.0000,0.0000,0.0112,0.0045,-0.0150
0.1741,0.8419,1.0527,-0.0493,0.0186,20.9848,-3.6738,0.0000,0.2106,0.2106,-0.0409,0.0000,0.0000,0.0112,0.0045,-0.0185
0.1741,0.7867,1.0727,-0.0493,0.0186,21.0532,-3.6924,0.0000,0.2164,0.2164,-0.0453,0.0000,0.0000,0.0112,0.0045,-0.0263
0.1999,0.6481,1.0927,-0.0562,0.0186,21.1305,-3.7218,0.0000,0.2166,0.2166,-0.0512,0.0000,0.0000,0.0112,0.0045,-0.0304
0.1999,0.7007,1.1127,-0.0551,0.0186,21.2074,-3.7464,0.0000,0.2173,0.2173,-0.0562,0.0000,0.0000,0.0112,0.0045,-0.0305
-0.0545,0.8194,1.0871,-0.0541,0.0186,21.2667,-3.7673,0.0000,0.2150,0.2150,-0.0576,0.0000,0.0000,0.0112,0.0045,-0.0345
-0.2000,0.7989,1.0513,-0.0457,0.0448,21.3402,-3.7923,0.0000,0.2145,0.2145,-0.1215,0.0000,0.0000,0.0270,0.0108,-0.0390
0.2000,0.6237,1.0713,-0.0541,0.0186,21.3975,-3.8196,0.0000,0.2147,0.2147,-0.0633,0.0000,0.0000,0.0112,0.0045,-0.0455
-0.1421,0.7686,1.0371,-0.0457,0.0448,21.4668,-3.8475,0.0000,0.1978,0.1978,-0.1295,0.0000,0.0000,0.0270,0.0108,-0.0498
0.2001,0.6295,1.0571,-0.0373,0.0448,21.5378,-3.8749,0.0000,0.2006,0.2006,-0.1299,0.0000,0.0000,0.0270,0.0108,-0.0494
-0.1280,0.7396,1.0243,-0.0289,0.0448,21.6013,-3.9038,0.0000,0.1832,0.1832,-0.1337,0.0000,0.0000,0.0270,0.0108,-0.0414
0.0534,0.7546,0.9948,-0.0205,0.0448,21.6704,-3.9285,0.0000,0.1780,0.1780,-0.1361,0.0000,0.0000,0.0270,0.0108,-0.0418
0.0534,0.6916,1.0148,-0.0205,0.0448,21.7398,-3.9609,0.0000,0.1707,0.1707,-0.1378,0.0000,0.0000,0.0270,0.0108,-0.0414
0.0534,0.7272,0.9862,-0.0205,0.0448,21.8088,-3.9889,0.0000,0.1615,0.1615,-0.1378,0.0000,0.0000,0.0270,0.0108,-0.0324
0.0530,0.7597,0.9605,-0.0122,0.0448,21.8751,-4.0202,0.0000,0.1488,0.1488,-0.1370,0.0000,0.0000,0.0270,0.0108,-0.0248
0.1119,0.7376,0.9373,-0.0038,0.0448,21.9373,-4.0507,0.0000,0.1390,0.1390,-0.1367,0.0000,0.0000,0.0270,0.0108,-0.0164
0.1126,0.7276,0.9165,0.0046,0.0448,22.0010,-4.0819,0.0000,0.1284,0.1284,-0.1366,0.0000,0.0000,0.0270,0.0108,-0.0118
-0.0914,0.6866,0.8862,-0.0038,0.0214,22.0565,-4.1019,0.0000,0.1280,0.1280,-0.1348,0.0000,0.0000,0.0129,0.0052,-0.0117
-0.1000,0.7035,0.8590,0.0046,0.0214,22.1186,-4.1248,0.0000,0.1232,0.1232,-0.1345,0.0000,0.0000,0.0129,0.0052,-0.0081
0.2001,0.5846,0.8790,0.0130,0.0214,22.1782,-4.1460,0.0000,0.1291,0.1291,-0.1318,0.0000,0.0000,0.0129,0.0052,-0.0001
-0.0648,0.6560,0.8525,0.0214,0.0214,22.2379,-4.1689,0.0000,0.1200,0.1200,-0.1314,0.0000,0.0000,0.0129,0.0052,0.0073
0.0981,0.6273,0.8287,0.0298,0.0214,22.2846,-4.1906,0.0000,0.1168,0.1168,-0.1256,0.0000,0.0000,0.0129,0.0052,0.0079
0.1233,0.6339,0.8072,0.0382,0.0214,22.3456,-4.2118,0.0000,0.1134,0.1134,-0.1281,0.0000,0.0000,0.0129,0.0052,0.0078
0.1233,0.5106,0.8272,0.0382,0.0214,22.4055,-4.2337,0.0000,0.1182,0.1182,-0.1275,0.0000,0.0000,0.0129,0.0052,0.0133
-0.0899,0.6401,0.8059,0.0466,0.0214,22.4653,-4.2491,0.0000,0.1132,0.1132,-0.1252,0.0000,0.0000,0.0129,0.0052,0.0213
0.0942,0.6322,0.7868,0.0550,0.0214,22.5271,-4.2637,0.0000,0.1185,0.1185,-0.1231,0.0000,0.0000,0.0129,0.0052,0.0290
0.0488,0.6122,0.7695,0.0634,0.0214,22.5837,-4.2782,0.0000,0.1234,0.1234,-0.1201,0.0000,0.0000,0.0129,0.0052,0.0357
0.0221,0.6306,0.7540,0.0718,0.0214,22.6228,-4.3042,0.0000,0.1111,0.1111,-0.1124,0.0000,0.0000,0.0129,0.0052,0.0428
0.2001,0.5813,0.7740,0.0802,0.0214,22.6884,-4.3286,0.0000,0.1100,0.1100,-0.1124,0.0000,0.0000,0.0129,0.0052,0.0467
0.2000,0.4609,0.7940,0.0886,0.0214,22.7497,-4.3509,0.0000,0.1140,0.1140,-0.1118,0.0000,0.0000,0.0129,0.0052,0.0561
-0.2000,0.6944,0.7658,0.0970,0.0275,22.8075,-4.3692,0.0000,0.1005,0.1005,-0.1127,0.0000,0.0000,0.0166,0.0066,0.0678
-0.1831,0.6466,0.7404,0.1051,0.0275,22.8657,-4.3826,0.0000,0.1081,0.1081,-0.1098,0.0000,0.0000,0.0166,0.0066,0.0765
0.0273,0.6016,0.7175,0.1135,0.0275,22.9199,-4.3978,0.0000,0.1124,0.1124,-0.1071,0.0000,0.0000,0.0166,0.0066,0.0845
-0.0493,0.5949,0.6970,0.1204,0.0275,22.9687,-4.4139,0.0000,0.1122,0.1122,-0.1039,0.0000,0.0000,0.0166,0.0066,0.0918
0.0131,0.5593,0.6785,0.1256,0.0275,23.0209,-4.4294,0.0000,0.1152,0.1152,-0.1008,0.0000,0.0000,0.0166,0.0066,0.1004
0.0577,0.5110,0.6618,0.1240,0.0275,23.0697,-4.4481,0.0000,0.1144,0.1144,-0.0988,0.0000,0.0000,0.0166,0.0066,0.1082
0.0234,0.5415,0.6469,0.1221,0.0275,23.1157,-4.4700,0.0000,0.1063,0.1063,-0.0933,0.0000,0.0000,0.0166,0.0066,0.1155
0.0331,0.5186,0.6334,0.1139,0.0275,23.1603,-4.4860,0.0000,0.1058,0.1058,-0.0898,0.0000,0.0000,0.0166,0.0066,0.1212
0.0467,0.5051,0.6212,0.1055,0.0275,23.1930,-4.5079,0.0000,0.0970,0.0970,-0.0814,0.0000,0.0000,0.0166,0.0066,0.1253
0.2001,0.4711,0.6412,0.0993,0.0275,23.2340,-4.5161,0.0000,0.1024,0.1024,-0.0825,0.0000,0.0000,0.0166,0.0066,0.1240
0.2000,0.3847,0.6612,0.0963,0.0275,23.2637,-4.5335,0.0000,0.0990,0.0990,-0.0799,0.0000,0.0000,0.0166,0.0066,0.1214
0.2000,0.4140,0.6812,0.0960,0.0275,23.3031,-4.5457,0.0000,0.0971,0.0971,-0.0808,0.0000,0.0000,0.0166,0.0066,0.1161
0.2000,0.3386,0.7012,0.0935,0.0275,23.3484,-4.5523,0.0000,0.1071,0.1071,-0.0828,0.0000,0.0000,0.0166,0.0066,0.1109
0.2000,0.4089,0.7212,0.0888,0.0275,23.3746,-4.5674,0.0000,0.0985,0.0985,-0.0746,0.0000,0.0000,0.0166,0.0066,0.1057
0.2000,0.4551,0.7412,0.0883,0.0275,23.4101,-4.5821,0.0000,0.0927,0.0927,-0.0745,0.0000,0.0000,0.0166,0.0066,0.1029
0.2000,0.2974,0.7612,0.0871,0.0275,23.4573,-4.5902,0.0000,0.1045,0.1045,-0.0796,0.0000,0.0000,0.0166,0.0066,0.1025
0.2000,0.3803,0.7812,0.0801,0.0289,23.4895,-4.6046,0.0000,0.0970,0.0970,-0.0645,0.0000,0.0000,0.0174,0.0070,0.1005
-0.2000,0.4747,0.7453,0.0723,0.0289,23.5227,-4.6168,0.0000,0.0927,0.0927,-0.0605,0.0000,0.0000,0.0174,0.0070,0.0964
0.2001,0.3501,0.7653,0.0639,0.0289,23.5546,-4.6246,0.0000,0.0989,0.0989,-0.0623,0.0000,0.0000,0.0174,0.0070,0.0956
0.2000,0.3510,0.7853,0.0594,0.0289,23.5951,-4.6309,0.0000,0.1053,0.1053,-0.0606,0.0000,0.0000,0.0174,0.0070,0.0940
0.2000,0.3271,0.8053,0.0570,0.0289,23.6362,-4.6462,0.0000,0.1038,0.1038,-0.0601,0.0000,0.0000,0.0174,0.0070,0.0877
-0.1834,0.4082,0.7670,0.0486,0.0289,23.6805,-4.6585,0.0000,0.1035,0.1035,-0.0559,0.0000,0.0000,0.0174,0.0070,0.0804
0.0499,0.4353,0.7324,0.0402,0.0289,23.7310,-4.6692,0.0000,0.1079,0.1079,-0.0543,0.0000,0.0000,0.0174,0.0070,0.0730
-0.0261,0.4573,0.7014,0.0318,0.0289,23.7774,-4.6865,0.0000,0.1063,0.1063,-0.0469,0.0000,0.0000,0.0174,0.0070,0.0683
-0.0988,0.5135,0.6734,0.0234,0.0289,23.8298,-4.7002,0.0000,0.1073,0.1073,-0.0467,0.0000,0.0000,0.0174,0.0070,0.0662
-0.0023,0.4928,0.6483,0.0150,0.0289,23.8907,-4.7249,0.0000,0.1033,0.1033,-0.0441,0.0000,0.0000,0.0174,0.0070,0.0531
-0.0663,0.5365,0.6256,0.0067,0.0289,23.9413,-4.7428,0.0000,0.0996,0.0996,-0.0466,0.0000,0.0000,0.0174,0.0070,0.0445
-0.2000,0.6512,0.6053,0.0106,0.0289,23.9935,-4.7600,0.0000,0.0961,0.0961,-0.0462,0.0000,0.0000,0.0174,0.0070,0.0362
-0.1162,0.5316,0.5869,0.0022,0.0289,24.0437,-4.7754,0.0000,0.0990,0.0990,-0.0488,0.0000,0.0000,0.0174,0.0070,0.0280
-0.2000,0.5452,0.5625,0.0106,0.0384,24.0884,-4.7969,0.0000,0.0899,0.0899,-0.1163,0.0000,0.0000,0.0232,0.0093,0.0205
